collection_time_utc,collection_time_local,run_id,timestamp_utc,timestamp_local,value,unit,country,entsoe_area,variable,source,updated_at_utc
2026-09-26T15:02:30Z,2026-09-26T17:02:30+0200,4930e006-bdcc-4091-b396-06a555c6b5b0,2026-09-19T15:15:00Z,2026-09-19T17:15:00+0200,0.72,EUR/MWh,DK1,DK_1,day_ahead_price,value,2026-09-26T15:06:23Z
2026-09-26T15:02:30Z,2026-09-26T17:02:30+0200,4930e006-bdcc-4091-b396-06a555c6b5b0,2026-09-19T15:30:00Z,2026-09-19T17:30:00+0200,6.7,EUR/MWh,DK1,DK_1,day_ahead_price,value,2026-09-26T15:06:23Z
2026-09-26T15:02:30Z,2026-09-26T17:02:30+0200,4930e006-bdcc-4091-b396-06a555c6b5b0,2026-09-19T15:45:00Z,2026-09-19T17:45:00+0200,19.9,EUR/MWh,DK1,DK_1,day_ahead_price,value,2026-09-26T15:06:23Z
2026-09-26T15:02:30Z,2026-09-26T17:02:30+0200,4930e006-bdcc-4091-b396-06a555c6b5b0,2026-09-19T16:00:00Z,2026-09-19T18:00:00+0200,27.82,EUR/MWh,DK1,DK_1,day_ahead_price,value,2026-09-26T15:06:23Z
2026-09-26T15:02:30Z,2026-09-26T17:02:30+0200,4930e006-bdcc-4091-b396-06a555c6b5b0,2026-09-19T16:15:00Z,2026-09-19T18:15:00+0200,48.99,EUR/MWh,DK1,DK_1,day_ahead_price,value,2026-09-26T15:06:23Z
2026-09-26T15:02:30Z,2026-09-26T17:02:30+0200,4930e006-bdcc-4091-b396-06a555c6b5b0,2026-09-19T16:30:00Z,2026-09-19T18:30:00+0200,58.44,EUR/MWh,DK1,DK_1,day_ahead_price,value,2026-09-26T15:06:23Z
2026-09-26T15:02:30Z,2026-09-26T17:02:30+0200,4930e006-bdcc-4091-b396-06a555c6b5b0,2026-09-19T16:45:00Z,2026-09-19T18:45:00+0200,64.71,EUR/MWh,DK1,DK_1,day_ahead_price,value,2026-09-26T15:06:23Z
2026-09-26T15:02:30Z,2026-09-26T17:02:30+0200,4930e006-bdcc-4091-b396-06a555c6b5b0,2026-09-19T17:00:00Z,2026-09-19T19:00:00+0200,66.97,EUR/MWh,DK1,DK_1,day_ahead_price,value,2026-09-26T15:06:23Z
2026-09-26T15:02:30Z,2026-09-26T17:02:30+0200,4930e006-bdcc-4091-b396-06a555c6b5b0,2026-09-19T17:15:00Z,2026-09-19T19:15:00+0200,75.02,EUR/MWh,DK1,DK_1,day_ahead_price,value,2026-09-26T15:06:23Z
2026-09-26T15:02:30Z,2026-09-26T17:02:30+0200,4930e006-bdcc-4091-b396-06a555c6b5b0,2026-09-19T17:30:00Z,2026-09-19T19:30:00+0200,78.3,EUR/MWh,DK1,DK_1,day_ahead_price,value,2026-09-26T15:06:23Z
2026-09-26T15:02:30Z,2026-09-26T17:02:30+0200,4930e006-bdcc-4091-b396-06a555c6b5b0,2026-09-19T17:45:00Z,2026-09-19T19:45:00+0200,78.62,EUR/MWh,DK1,DK_1,day_ahead_price,value,2026-09-26T15:06:23Z
2026-09-26T15:02:30Z,2026-09-26T17:02:30+0200,4930e006-bdcc-4091-b396-06a555c6b5b0,2026-09-19T18:00:00Z,2026-09-19T20:00:00+0200,82.26,EUR/MWh,DK1,DK_1,day_ahead_price,value,2026-09-26T15:06:23Z
2026-09-26T15:02:30Z,2026-09-26T17:02:30+0200,4930e006-bdcc-4091-b396-06a555c6b5b0,2026-09-19T18:15:00Z,2026-09-19T20:15:00+0200,80.68,EUR/MWh,DK1,DK_1,day_ahead_price,value,2026-09-26T15:06:23Z
2026-09-26T15:02:30Z,2026-09-26T17:02:30+0200,4930e006-bdcc-4091-b396-06a555c6b5b0,2026-09-19T18:30:00Z,2026-09-19T20:30:00+0200,80.01,EUR/MWh,DK1,DK_1,day_ahead_price,value,2026-09-26T15:06:23Z
2026-09-26T15:02:30Z,2026-09-26T17:02:30+0200,4930e006-bdcc-4091-b396-06a555c6b5b0,2026-09-19T18:45:00Z,2026-09-19T20:45:00+0200,81.0,EUR/MWh,DK1,DK_1,day_ahead_price,value,2026-09-26T15:06:23Z
2026-09-26T15:02:30Z,2026-09-26T17:02:30+0200,4930e006-bdcc-4091-b396-06a555c6b5b0,2026-09-19T19:00:00Z,2026-09-19T21:00:00+0200,78.86,EUR/MWh,DK1,DK_1,day_ahead_price,value,2026-09-26T15:06:23Z
2026-09-26T15:02:30Z,2026-09-26T17:02:30+0200,4930e006-bdcc-4091-b396-06a555c6b5b0,2026-09-19T19:15:00Z,2026-09-19T21:15:00+0200,83.17,EUR/MWh,DK1,DK_1,day_ahead_price,value,2026-09-26T15:06:23Z
2026-09-26T15:02:30Z,2026-09-26T17:02:30+0200,4930e006-bdcc-4091-b396-06a555c6b5b0,2026-09-19T19:30:00Z,2026-09-19T21:30:00+0200,82.96,EUR/MWh,DK1,DK_1,day_ahead_price,value,2026-09-26T15:06:23Z
2026-09-26T15:02:30Z,2026-09-26T17:02:30+0200,4930e006-bdcc-4091-b396-06a555c6b5b0,2026-09-19T19:45:00Z,2026-09-19T21:45:00+0200,60.35,EUR/MWh,DK1,DK_1,day_ahead_price,value,2026-09-26T15:06:23Z
2026-09-26T15:02:30Z,2026-09-26T17:02:30+0200,4930e006-bdcc-4091-b396-06a555c6b5b0,2026-09-19T20:00:00Z,2026-09-19T22:00:00+0200,64.75,EUR/MWh,DK1,DK_1,day_ahead_price,value,2026-09-26T15:06:23Z
2026-09-26T15:02:30Z,2026-09-26T17:02:30+0200,4930e006-bdcc-4091-b396-06a555c6b5b0,2026-09-19T20:15:00Z,2026-09-19T22:15:00+0200,61.61,EUR/MWh,DK1,DK_1,day_ahead_price,value,2026-09-26T15:06:23Z
2026-09-26T15:02:30Z,2026-09-26T17:02:30+0200,4930e006-bdcc-4091-b396-06a555c6b5b0,2026-09-19T20:30:00Z,2026-09-19T22:30:00+0200,58.46,EUR/MWh,DK1,DK_1,day_ahead_price,value,2026-09-26T15:06:23Z
2026-09-26T15:02:30Z,2026-09-26T17:02:30+0200,4930e006-bdcc-4091-b396-06a555c6b5b0,2026-09-19T20:45:00Z,2026-09-19T22:45:00+0200,55.51,EUR/MWh,DK1,DK_1,day_ahead_price,value,2026-09-26T15:06:23Z
2026-09-26T15:02:30Z,2026-09-26T17:02:30+0200,4930e006-bdcc-4091-b396-06a555c6b5b0,2026-09-19T21:00:00Z,2026-09-19T23:00:00+0200,40.18,EUR/MWh,DK1,DK_1,day_ahead_price,value,2026-09-26T15:06:23Z
2026-09-26T15:02:30Z,2026-09-26T17:02:30+0200,4930e006-bdcc-4091-b396-06a555c6b5b0,2026-09-19T21:15:00Z,2026-09-19T23:15:00+0200,42.17,EUR/MWh,DK1,DK_1,day_ahead_price,value,2026-09-26T15:06:23Z
2026-09-26T15:02:30Z,2026-09-26T17:02:30+0200,4930e006-bdcc-4091-b396-06a555c6b5b0,2026-09-19T21:30:00Z,2026-09-19T23:30:00+0200,40.01,EUR/MWh,DK1,DK_1,day_ahead_price,value,2026-09-26T15:06:23Z
2026-09-26T15:02:30Z,2026-09-26T17:02:30+0200,4930e006-bdcc-4091-b396-06a555c6b5b0,2026-09-19T21:45:00Z,2026-09-19T23:45:00+0200,37.31,EUR/MWh,DK1,DK_1,day_ahead_price,value,2026-09-26T15:06:23Z
2026-09-26T15:02:30Z,2026-09-26T17:02:30+0200,4930e006-bdcc-4091-b396-06a555c6b5b0,2026-09-19T22:00:00Z,2026-09-20T00:00:00+0200,9.61,EUR/MWh,DK1,DK_1,day_ahead_price,value,2026-09-26T15:06:23Z
2026-09-26T15:02:30Z,2026-09-26T17:02:30+0200,4930e006-bdcc-4091-b396-06a555c6b5b0,2026-09-19T22:15:00Z,2026-09-20T00:15:00+0200,8.37,EUR/MWh,DK1,DK_1,day_ahead_price,value,2026-09-26T15:06:23Z
2026-09-26T15:02:30Z,2026-09-26T17:02:30+0200,4930e006-bdcc-4091-b396-06a555c6b5b0,2026-09-19T22:30:00Z,2026-09-20T00:30:00+0200,7.38,EUR/MWh,DK1,DK_1,day_ahead_price,value,2026-09-26T15:06:23Z
2026-09-26T15:02:30Z,2026-09-26T17:02:30+0200,4930e006-bdcc-4091-b396-06a555c6b5b0,2026-09-19T22:45:00Z,2026-09-20T00:45:00+0200,6.7,EUR/MWh,DK1,DK_1,day_ahead_price,value,2026-09-26T15:06:23Z
2026-09-26T15:02:30Z,2026-09-26T17:02:30+0200,4930e006-bdcc-4091-b396-06a555c6b5b0,2026-09-19T23:00:00Z,2026-09-20T01:00:00+0200,6.29,EUR/MWh,DK1,DK_1,day_ahead_price,value,2026-09-26T15:06:23Z
2026-09-26T15:02:30Z,2026-09-26T17:02:30+0200,4930e006-bdcc-4091-b396-06a555c6b5b0,2026-09-19T23:15:00Z,2026-09-20T01:15:00+0200,6.66,EUR/MWh,DK1,DK_1,day_ahead_price,value,2026-09-26T15:06:23Z
2026-09-26T15:02:30Z,2026-09-26T17:02:30+0200,4930e006-bdcc-4091-b396-06a555c6b5b0,2026-09-19T23:30:00Z,2026-09-20T01:30:00+0200,6.41,EUR/MWh,DK1,DK_1,day_ahead_price,value,2026-09-26T15:06:23Z
2026-09-26T15:02:30Z,2026-09-26T17:02:30+0200,4930e006-bdcc-4091-b396-06a555c6b5b0,2026-09-19T23:45:00Z,2026-09-20T01:45:00+0200,5.6,EUR/MWh,DK1,DK_1,day_ahead_price,value,2026-09-26T15:06:23Z
2026-09-26T15:02:30Z,2026-09-26T17:02:30+0200,4930e006-bdcc-4091-b396-06a555c6b5b0,2026-09-20T00:00:00Z,2026-09-20T02:00:00+0200,5.5,EUR/MWh,DK1,DK_1,day_ahead_price,value,2026-09-26T15:06:23Z
2026-09-26T15:02:30Z,2026-09-26T17:02:30+0200,4930e006-bdcc-4091-b396-06a555c6b5b0,2026-09-20T00:15:00Z,2026-09-20T02:15:00+0200,5.77,EUR/MWh,DK1,DK_1,day_ahead_price,value,2026-09-26T15:06:23Z
2026-09-26T15:02:30Z,2026-09-26T17:02:30+0200,4930e006-bdcc-4091-b396-06a555c6b5b0,2026-09-20T00:30:00Z,2026-09-20T02:30:00+0200,5.75,EUR/MWh,DK1,DK_1,day_ahead_price,value,2026-09-26T15:06:23Z
2026-09-26T15:02:30Z,2026-09-26T17:02:30+0200,4930e006-bdcc-4091-b396-06a555c6b5b0,2026-09-20T00:45:00Z,2026-09-20T02:45:00+0200,5.48,EUR/MWh,DK1,DK_1,day_ahead_price,value,2026-09-26T15:06:23Z
2026-09-26T15:02:30Z,2026-09-26T17:02:30+0200,4930e006-bdcc-4091-b396-06a555c6b5b0,2026-09-20T01:00:00Z,2026-09-20T03:00:00+0200,5.52,EUR/MWh,DK1,DK_1,day_ahead_price,value,2026-09-26T15:06:23Z
2026-09-26T15:02:30Z,2026-09-26T17:02:30+0200,4930e006-bdcc-4091-b396-06a555c6b5b0,2026-09-20T01:15:00Z,2026-09-20T03:15:00+0200,5.36,EUR/MWh,DK1,DK_1,day_ahead_price,value,2026-09-26T15:06:23Z
2026-09-26T15:02:30Z,2026-09-26T17:02:30+0200,4930e006-bdcc-4091-b396-06a555c6b5b0,2026-09-20T01:30:00Z,2026-09-20T03:30:00+0200,5.53,EUR/MWh,DK1,DK_1,day_ahead_price,value,2026-09-26T15:06:23Z
2026-09-26T15:02:30Z,2026-09-26T17:02:30+0200,4930e006-bdcc-4091-b396-06a555c6b5b0,2026-09-20T01:45:00Z,2026-09-20T03:45:00+0200,5.27,EUR/MWh,DK1,DK_1,day_ahead_price,value,2026-09-26T15:06:23Z
2026-09-26T15:02:30Z,2026-09-26T17:02:30+0200,4930e006-bdcc-4091-b396-06a555c6b5b0,2026-09-20T02:00:00Z,2026-09-20T04:00:00+0200,5.17,EUR/MWh,DK1,DK_1,day_ahead_price,value,2026-09-26T15:06:23Z
2026-09-26T15:02:30Z,2026-09-26T17:02:30+0200,4930e006-bdcc-4091-b396-06a555c6b5b0,2026-09-20T02:15:00Z,2026-09-20T04:15:00+0200,4.97,EUR/MWh,DK1,DK_1,day_ahead_price,value,2026-09-26T15:06:23Z
2026-09-26T15:02:30Z,2026-09-26T17:02:30+0200,4930e006-bdcc-4091-b396-06a555c6b5b0,2026-09-20T02:30:00Z,2026-09-20T04:30:00+0200,5.11,EUR/MWh,DK1,DK_1,day_ahead_price,value,2026-09-26T15:06:23Z
2026-09-26T15:02:30Z,2026-09-26T17:02:30+0200,4930e006-bdcc-4091-b396-06a555c6b5b0,2026-09-20T02:45:00Z,2026-09-20T04:45:00+0200,5.17,EUR/MWh,DK1,DK_1,day_ahead_price,value,2026-09-26T15:06:23Z
2026-09-26T15:02:30Z,2026-09-26T17:02:30+0200,4930e006-bdcc-4091-b396-06a555c6b5b0,2026-09-20T03:00:00Z,2026-09-20T05:00:00+0200,4.32,EUR/MWh,DK1,DK_1,day_ahead_price,value,2026-09-26T15:06:23Z
2026-09-26T15:02:30Z,2026-09-26T17:02:30+0200,4930e006-bdcc-4091-b396-06a555c6b5b0,2026-09-20T03:15:00Z,2026-09-20T05:15:00+0200,4.84,EUR/MWh,DK1,DK_1,day_ahead_price,value,2026-09-26T15:06:23Z
2026-09-26T15:02:30Z,2026-09-26T17:02:30+0200,4930e006-bdcc-4091-b396-06a555c6b5b0,2026-09-20T03:30:00Z,2026-09-20T05:30:00+0200,4.63,EUR/MWh,DK1,DK_1,day_ahead_price,value,2026-09-26T15:06:23Z
2026-09-26T15:02:30Z,2026-09-26T17:02:30+0200,4930e006-bdcc-4091-b396-06a555c6b5b0,2026-09-20T03:45:00Z,2026-09-20T05:45:00+0200,5.0,EUR/MWh,DK1,DK_1,day_ahead_price,value,2026-09-26T15:06:23Z
2026-09-26T15:02:30Z,2026-09-26T17:02:30+0200,4930e006-bdcc-4091-b396-06a555c6b5b0,2026-09-20T04:00:00Z,2026-09-20T06:00:00+0200,3.0,EUR/MWh,DK1,DK_1,day_ahead_price,value,2026-09-26T15:06:23Z
2026-09-26T15:02:30Z,2026-09-26T17:02:30+0200,4930e006-bdcc-4091-b396-06a555c6b5b0,2026-09-20T04:15:00Z,2026-09-20T06:15:00+0200,2.79,EUR/MWh,DK1,DK_1,day_ahead_price,value,2026-09-26T15:06:23Z
2026-09-26T15:02:30Z,2026-09-26T17:02:30+0200,4930e006-bdcc-4091-b396-06a555c6b5b0,2026-09-20T04:30:00Z,2026-09-20T06:30:00+0200,3.89,EUR/MWh,DK1,DK_1,day_ahead_price,value,2026-09-26T15:06:23Z
2026-09-26T15:02:30Z,2026-09-26T17:02:30+0200,4930e006-bdcc-4091-b396-06a555c6b5b0,2026-09-20T04:45:00Z,2026-09-20T06:45:00+0200,4.62,EUR/MWh,DK1,DK_1,day_ahead_price,value,2026-09-26T15:06:23Z
2026-09-26T15:02:30Z,2026-09-26T17:02:30+0200,4930e006-bdcc-4091-b396-06a555c6b5b0,2026-09-20T05:00:00Z,2026-09-20T07:00:00+0200,6.44,EUR/MWh,DK1,DK_1,day_ahead_price,value,2026-09-26T15:06:23Z
2026-09-26T15:02:30Z,2026-09-26T17:02:30+0200,4930e006-bdcc-4091-b396-06a555c6b5b0,2026-09-20T05:15:00Z,2026-09-20T07:15:00+0200,6.67,EUR/MWh,DK1,DK_1,day_ahead_price,value,2026-09-26T15:06:23Z
2026-09-26T15:02:30Z,2026-09-26T17:02:30+0200,4930e006-bdcc-4091-b396-06a555c6b5b0,2026-09-20T05:30:00Z,2026-09-20T07:30:00+0200,6.16,EUR/MWh,DK1,DK_1,day_ahead_price,value,2026-09-26T15:06:23Z
2026-09-26T15:02:30Z,2026-09-26T17:02:30+0200,4930e006-bdcc-4091-b396-06a555c6b5b0,2026-09-20T05:45:00Z,2026-09-20T07:45:00+0200,6.49,EUR/MWh,DK1,DK_1,day_ahead_price,value,2026-09-26T15:06:23Z
2026-09-26T15:02:30Z,2026-09-26T17:02:30+0200,4930e006-bdcc-4091-b396-06a555c6b5b0,2026-09-20T06:00:00Z,2026-09-20T08:00:00+0200,7.6,EUR/MWh,DK1,DK_1,day_ahead_price,value,2026-09-26T15:06:23Z
2026-09-26T15:02:30Z,2026-09-26T17:02:30+0200,4930e006-bdcc-4091-b396-06a555c6b5b0,2026-09-20T06:15:00Z,2026-09-20T08:15:00+0200,9.82,EUR/MWh,DK1,DK_1,day_ahead_price,value,2026-09-26T15:06:23Z
2026-09-26T15:02:30Z,2026-09-26T17:02:30+0200,4930e006-bdcc-4091-b396-06a555c6b5b0,2026-09-20T06:30:00Z,2026-09-20T08:30:00+0200,7.53,EUR/MWh,DK1,DK_1,day_ahead_price,value,2026-09-26T15:06:23Z
2026-09-26T15:02:30Z,2026-09-26T17:02:30+0200,4930e006-bdcc-4091-b396-06a555c6b5b0,2026-09-20T06:45:00Z,2026-09-20T08:45:00+0200,5.12,EUR/MWh,DK1,DK_1,day_ahead_price,value,2026-09-26T15:06:23Z
2026-09-26T15:02:30Z,2026-09-26T17:02:30+0200,4930e006-bdcc-4091-b396-06a555c6b5b0,2026-09-20T07:00:00Z,2026-09-20T09:00:00+0200,7.84,EUR/MWh,DK1,DK_1,day_ahead_price,value,2026-09-26T15:06:23Z
2026-09-26T15:02:30Z,2026-09-26T17:02:30+0200,4930e006-bdcc-4091-b396-06a555c6b5b0,2026-09-20T07:15:00Z,2026-09-20T09:15:00+0200,5.02,EUR/MWh,DK1,DK_1,day_ahead_price,value,2026-09-26T15:06:23Z
2026-09-26T15:02:30Z,2026-09-26T17:02:30+0200,4930e006-bdcc-4091-b396-06a555c6b5b0,2026-09-20T07:30:00Z,2026-09-20T09:30:00+0200,1.4,EUR/MWh,DK1,DK_1,day_ahead_price,value,2026-09-26T15:06:23Z
2026-09-26T15:02:30Z,2026-09-26T17:02:30+0200,4930e006-bdcc-4091-b396-06a555c6b5b0,2026-09-20T07:45:00Z,2026-09-20T09:45:00+0200,0.03,EUR/MWh,DK1,DK_1,day_ahead_price,value,2026-09-26T15:06:23Z
2026-09-26T15:02:30Z,2026-09-26T17:02:30+0200,4930e006-bdcc-4091-b396-06a555c6b5b0,2026-09-20T08:00:00Z,2026-09-20T10:00:00+0200,0.02,EUR/MWh,DK1,DK_1,day_ahead_price,value,2026-09-26T15:06:23Z
2026-09-26T15:02:30Z,2026-09-26T17:02:30+0200,4930e006-bdcc-4091-b396-06a555c6b5b0,2026-09-20T08:15:00Z,2026-09-20T10:15:00+0200,0.01,EUR/MWh,DK1,DK_1,day_ahead_price,value,2026-09-26T15:06:23Z
2026-09-26T15:02:30Z,2026-09-26T17:02:30+0200,4930e006-bdcc-4091-b396-06a555c6b5b0,2026-09-20T08:30:00Z,2026-09-20T10:30:00+0200,0.0,EUR/MWh,DK1,DK_1,day_ahead_price,value,2026-09-26T15:06:23Z
2026-09-26T15:02:30Z,2026-09-26T17:02:30+0200,4930e006-bdcc-4091-b396-06a555c6b5b0,2026-09-20T08:45:00Z,2026-09-20T10:45:00+0200,-0.03,EUR/MWh,DK1,DK_1,day_ahead_price,value,2026-09-26T15:06:23Z
2026-09-26T15:02:30Z,2026-09-26T17:02:30+0200,4930e006-bdcc-4091-b396-06a555c6b5b0,2026-09-20T09:00:00Z,2026-09-20T11:00:00+0200,-0.01,EUR/MWh,DK1,DK_1,day_ahead_price,value,2026-09-26T15:06:23Z
2026-09-26T15:02:30Z,2026-09-26T17:02:30+0200,4930e006-bdcc-4091-b396-06a555c6b5b0,2026-09-20T09:15:00Z,2026-09-20T11:15:00+0200,-0.06,EUR/MWh,DK1,DK_1,day_ahead_price,value,2026-09-26T15:06:23Z
2026-09-26T15:02:30Z,2026-09-26T17:02:30+0200,4930e006-bdcc-4091-b396-06a555c6b5b0,2026-09-20T09:30:00Z,2026-09-20T11:30:00+0200,-0.08,EUR/MWh,DK1,DK_1,day_ahead_price,value,2026-09-26T15:06:23Z
2026-09-26T15:02:30Z,2026-09-26T17:02:30+0200,4930e006-bdcc-4091-b396-06a555c6b5b0,2026-09-20T09:45:00Z,2026-09-20T11:45:00+0200,-0.13,EUR/MWh,DK1,DK_1,day_ahead_price,value,2026-09-26T15:06:23Z
2026-09-26T15:02:30Z,2026-09-26T17:02:30+0200,4930e006-bdcc-4091-b396-06a555c6b5b0,2026-09-20T10:00:00Z,2026-09-20T12:00:00+0200,-0.99,EUR/MWh,DK1,DK_1,day_ahead_price,value,2026-09-26T15:06:23Z
2026-09-26T15:02:30Z,2026-09-26T17:02:30+0200,4930e006-bdcc-4091-b396-06a555c6b5b0,2026-09-20T10:15:00Z,2026-09-20T12:15:00+0200,-1.0,EUR/MWh,DK1,DK_1,day_ahead_price,value,2026-09-26T15:06:23Z
2026-09-26T15:02:30Z,2026-09-26T17:02:30+0200,4930e006-bdcc-4091-b396-06a555c6b5b0,2026-09-20T10:30:00Z,2026-09-20T12:30:00+0200,-1.04,EUR/MWh,DK1,DK_1,day_ahead_price,value,2026-09-26T15:06:23Z
2026-09-26T15:02:30Z,2026-09-26T17:02:30+0200,4930e006-bdcc-4091-b396-06a555c6b5b0,2026-09-20T10:45:00Z,2026-09-20T12:45:00+0200,-1.55,EUR/MWh,DK1,DK_1,day_ahead_price,value,2026-09-26T15:06:23Z
2026-09-26T15:02:30Z,2026-09-26T17:02:30+0200,4930e006-bdcc-4091-b396-06a555c6b5b0,2026-09-20T11:00:00Z,2026-09-20T13:00:00+0200,-1.31,EUR/MWh,DK1,DK_1,day_ahead_price,value,2026-09-26T15:06:23Z
2026-09-26T15:02:30Z,2026-09-26T17:02:30+0200,4930e006-bdcc-4091-b396-06a555c6b5b0,2026-09-20T11:15:00Z,2026-09-20T13:15:00+0200,-1.33,EUR/MWh,DK1,DK_1,day_ahead_price,value,2026-09-26T15:06:23Z
2026-09-26T15:02:30Z,2026-09-26T17:02:30+0200,4930e006-bdcc-4091-b396-06a555c6b5b0,2026-09-20T11:30:00Z,2026-09-20T13:30:00+0200,-1.33,EUR/MWh,DK1,DK_1,day_ahead_price,value,2026-09-26T15:06:23Z
2026-09-26T15:02:30Z,2026-09-26T17:02:30+0200,4930e006-bdcc-4091-b396-06a555c6b5b0,2026-09-20T11:45:00Z,2026-09-20T13:45:00+0200,-1.15,EUR/MWh,DK1,DK_1,day_ahead_price,value,2026-09-26T15:06:23Z
2026-09-26T15:02:30Z,2026-09-26T17:02:30+0200,4930e006-bdcc-4091-b396-06a555c6b5b0,2026-09-20T12:00:00Z,2026-09-20T14:00:00+0200,-1.03,EUR/MWh,DK1,DK_1,day_ahead_price,value,2026-09-26T15:06:23Z
2026-09-26T15:02:30Z,2026-09-26T17:02:30+0200,4930e006-bdcc-4091-b396-06a555c6b5b0,2026-09-20T12:15:00Z,2026-09-20T14:15:00+0200,-0.91,EUR/MWh,DK1,DK_1,day_ahead_price,value,2026-09-26T15:06:23Z
2026-09-26T15:02:30Z,2026-09-26T17:02:30+0200,4930e006-bdcc-4091-b396-06a555c6b5b0,2026-09-20T12:30:00Z,2026-09-20T14:30:00+0200,-0.9,EUR/MWh,DK1,DK_1,day_ahead_price,value,2026-09-26T15:06:23Z
2026-09-26T15:02:30Z,2026-09-26T17:02:30+0200,4930e006-bdcc-4091-b396-06a555c6b5b0,2026-09-20T12:45:00Z,2026-09-20T14:45:00+0200,-0.87,EUR/MWh,DK1,DK_1,day_ahead_price,value,2026-09-26T15:06:23Z
2026-09-26T15:02:30Z,2026-09-26T17:02:30+0200,4930e006-bdcc-4091-b396-06a555c6b5b0,2026-09-20T13:00:00Z,2026-09-20T15:00:00+0200,-1.25,EUR/MWh,DK1,DK_1,day_ahead_price,value,2026-09-26T15:06:23Z
2026-09-26T15:02:30Z,2026-09-26T17:02:30+0200,4930e006-bdcc-4091-b396-06a555c6b5b0,2026-09-20T13:15:00Z,2026-09-20T15:15:00+0200,-0.81,EUR/MWh,DK1,DK_1,day_ahead_price,value,2026-09-26T15:06:23Z
2026-09-26T15:02:30Z,2026-09-26T17:02:30+0200,4930e006-bdcc-4091-b396-06a555c6b5b0,2026-09-20T13:30:00Z,2026-09-20T15:30:00+0200,-0.16,EUR/MWh,DK1,DK_1,day_ahead_price,value,2026-09-26T15:06:23Z
2026-09-26T15:02:30Z,2026-09-26T17:02:30+0200,4930e006-bdcc-4091-b396-06a555c6b5b0,2026-09-20T13:45:00Z,2026-09-20T15:45:00+0200,-0.06,EUR/MWh,DK1,DK_1,day_ahead_price,value,2026-09-26T15:06:23Z
2026-09-26T15:02:30Z,2026-09-26T17:02:30+0200,4930e006-bdcc-4091-b396-06a555c6b5b0,2026-09-20T14:00:00Z,2026-09-20T16:00:00+0200,-0.01,EUR/MWh,DK1,DK_1,day_ahead_price,value,2026-09-26T15:06:23Z
2026-09-26T15:02:30Z,2026-09-26T17:02:30+0200,4930e006-bdcc-4091-b396-06a555c6b5b0,2026-09-20T14:15:00Z,2026-09-20T16:15:00+0200,0.0,EUR/MWh,DK1,DK_1,day_ahead_price,value,2026-09-26T15:06:23Z
2026-09-26T15:02:30Z,2026-09-26T17:02:30+0200,4930e006-bdcc-4091-b396-06a555c6b5b0,2026-09-20T14:30:00Z,2026-09-20T16:30:00+0200,1.54,EUR/MWh,DK1,DK_1,day_ahead_price,value,2026-09-26T15:06:23Z
2026-09-26T15:02:30Z,2026-09-26T17:02:30+0200,4930e006-bdcc-4091-b396-06a555c6b5b0,2026-09-20T14:45:00Z,2026-09-20T16:45:00+0200,2.44,EUR/MWh,DK1,DK_1,day_ahead_price,value,2026-09-26T15:06:23Z
2026-09-26T15:02:30Z,2026-09-26T17:02:30+0200,4930e006-bdcc-4091-b396-06a555c6b5b0,2026-09-20T15:00:00Z,2026-09-20T17:00:00+0200,2.41,EUR/MWh,DK1,DK_1,day_ahead_price,value,2026-09-26T15:06:23Z
2026-09-26T15:02:30Z,2026-09-26T17:02:30+0200,4930e006-bdcc-4091-b396-06a555c6b5b0,2026-09-20T15:15:00Z,2026-09-20T17:15:00+0200,4.32,EUR/MWh,DK1,DK_1,day_ahead_price,value,2026-09-26T15:06:23Z
2026-09-26T15:02:30Z,2026-09-26T17:02:30+0200,4930e006-bdcc-4091-b396-06a555c6b5b0,2026-09-20T15:30:00Z,2026-09-20T17:30:00+0200,5.32,EUR/MWh,DK1,DK_1,day_ahead_price,value,2026-09-26T15:06:23Z
2026-09-26T15:02:30Z,2026-09-26T17:02:30+0200,4930e006-bdcc-4091-b396-06a555c6b5b0,2026-09-20T15:45:00Z,2026-09-20T17:45:00+0200,11.26,EUR/MWh,DK1,DK_1,day_ahead_price,value,2026-09-26T15:06:23Z
2026-09-26T15:02:30Z,2026-09-26T17:02:30+0200,4930e006-bdcc-4091-b396-06a555c6b5b0,2026-09-20T16:00:00Z,2026-09-20T18:00:00+0200,9.07,EUR/MWh,DK1,DK_1,day_ahead_price,value,2026-09-26T15:06:23Z
2026-09-26T15:02:30Z,2026-09-26T17:02:30+0200,4930e006-bdcc-4091-b396-06a555c6b5b0,2026-09-20T16:15:00Z,2026-09-20T18:15:00+0200,18.66,EUR/MWh,DK1,DK_1,day_ahead_price,value,2026-09-26T15:06:23Z
2026-09-26T15:02:30Z,2026-09-26T17:02:30+0200,4930e006-bdcc-4091-b396-06a555c6b5b0,2026-09-20T16:30:00Z,2026-09-20T18:30:00+0200,32.79,EUR/MWh,DK1,DK_1,day_ahead_price,value,2026-09-26T15:06:23Z
2026-09-26T15:02:30Z,2026-09-26T17:02:30+0200,4930e006-bdcc-4091-b396-06a555c6b5b0,2026-09-20T16:45:00Z,2026-09-20T18:45:00+0200,39.46,EUR/MWh,DK1,DK_1,day_ahead_price,value,2026-09-26T15:06:23Z
2026-09-26T15:02:30Z,2026-09-26T17:02:30+0200,4930e006-bdcc-4091-b396-06a555c6b5b0,2026-09-20T17:00:00Z,2026-09-20T19:00:00+0200,24.97,EUR/MWh,DK1,DK_1,day_ahead_price,value,2026-09-26T15:06:23Z
2026-09-26T15:02:30Z,2026-09-26T17:02:30+0200,4930e006-bdcc-4091-b396-06a555c6b5b0,2026-09-20T17:15:00Z,2026-09-20T19:15:00+0200,30.0,EUR/MWh,DK1,DK_1,day_ahead_price,value,2026-09-26T15:06:23Z
2026-09-26T15:02:30Z,2026-09-26T17:02:30+0200,4930e006-bdcc-4091-b396-06a555c6b5b0,2026-09-20T17:30:00Z,2026-09-20T19:30:00+0200,43.85,EUR/MWh,DK1,DK_1,day_ahead_price,value,2026-09-26T15:06:23Z
2026-09-26T15:02:30Z,2026-09-26T17:02:30+0200,4930e006-bdcc-4091-b396-06a555c6b5b0,2026-09-20T17:45:00Z,2026-09-20T19:45:00+0200,57.86,EUR/MWh,DK1,DK_1,day_ahead_price,value,2026-09-26T15:06:23Z
2026-09-26T15:02:30Z,2026-09-26T17:02:30+0200,4930e006-bdcc-4091-b396-06a555c6b5b0,2026-09-20T18:00:00Z,2026-09-20T20:00:00+0200,44.67,EUR/MWh,DK1,DK_1,day_ahead_price,value,2026-09-26T15:06:23Z
2026-09-26T15:02:30Z,2026-09-26T17:02:30+0200,4930e006-bdcc-4091-b396-06a555c6b5b0,2026-09-20T18:15:00Z,2026-09-20T20:15:00+0200,46.49,EUR/MWh,DK1,DK_1,day_ahead_price,value,2026-09-26T15:06:23Z
2026-09-26T15:02:30Z,2026-09-26T17:02:30+0200,4930e006-bdcc-4091-b396-06a555c6b5b0,2026-09-20T18:30:00Z,2026-09-20T20:30:00+0200,34.49,EUR/MWh,DK1,DK_1,day_ahead_price,value,2026-09-26T15:06:23Z
2026-09-26T15:02:30Z,2026-09-26T17:02:30+0200,4930e006-bdcc-4091-b396-06a555c6b5b0,2026-09-20T18:45:00Z,2026-09-20T20:45:00+0200,45.81,EUR/MWh,DK1,DK_1,day_ahead_price,value,2026-09-26T15:06:23Z
2026-09-26T15:02:30Z,2026-09-26T17:02:30+0200,4930e006-bdcc-4091-b396-06a555c6b5b0,2026-09-20T19:00:00Z,2026-09-20T21:00:00+0200,43.57,EUR/MWh,DK1,DK_1,day_ahead_price,value,2026-09-26T15:06:23Z
2026-09-26T15:02:30Z,2026-09-26T17:02:30+0200,4930e006-bdcc-4091-b396-06a555c6b5b0,2026-09-20T19:15:00Z,2026-09-20T21:15:00+0200,36.55,EUR/MWh,DK1,DK_1,day_ahead_price,value,2026-09-26T15:06:23Z
2026-09-26T15:02:30Z,2026-09-26T17:02:30+0200,4930e006-bdcc-4091-b396-06a555c6b5b0,2026-09-20T19:30:00Z,2026-09-20T21:30:00+0200,26.0,EUR/MWh,DK1,DK_1,day_ahead_price,value,2026-09-26T15:06:23Z
2026-09-26T15:02:30Z,2026-09-26T17:02:30+0200,4930e006-bdcc-4091-b396-06a555c6b5b0,2026-09-20T19:45:00Z,2026-09-20T21:45:00+0200,23.74,EUR/MWh,DK1,DK_1,day_ahead_price,value,2026-09-26T15:06:23Z
2026-09-26T15:02:30Z,2026-09-26T17:02:30+0200,4930e006-bdcc-4091-b396-06a555c6b5b0,2026-09-20T20:00:00Z,2026-09-20T22:00:00+0200,34.06,EUR/MWh,DK1,DK_1,day_ahead_price,value,2026-09-26T15:06:23Z
2026-09-26T15:02:30Z,2026-09-26T17:02:30+0200,4930e006-bdcc-4091-b396-06a555c6b5b0,2026-09-20T20:15:00Z,2026-09-20T22:15:00+0200,41.78,EUR/MWh,DK1,DK_1,day_ahead_price,value,2026-09-26T15:06:23Z
2026-09-26T15:02:30Z,2026-09-26T17:02:30+0200,4930e006-bdcc-4091-b396-06a555c6b5b0,2026-09-20T20:30:00Z,2026-09-20T22:30:00+0200,24.24,EUR/MWh,DK1,DK_1,day_ahead_price,value,2026-09-26T15:06:23Z
2026-09-26T15:02:30Z,2026-09-26T17:02:30+0200,4930e006-bdcc-4091-b396-06a555c6b5b0,2026-09-20T20:45:00Z,2026-09-20T22:45:00+0200,19.89,EUR/MWh,DK1,DK_1,day_ahead_price,value,2026-09-26T15:06:23Z
2026-09-26T15:02:30Z,2026-09-26T17:02:30+0200,4930e006-bdcc-4091-b396-06a555c6b5b0,2026-09-20T21:00:00Z,2026-09-20T23:00:00+0200,25.05,EUR/MWh,DK1,DK_1,day_ahead_price,value,2026-09-26T15:06:23Z
2026-09-26T15:02:30Z,2026-09-26T17:02:30+0200,4930e006-bdcc-4091-b396-06a555c6b5b0,2026-09-20T21:15:00Z,2026-09-20T23:15:00+0200,20.64,EUR/MWh,DK1,DK_1,day_ahead_price,value,2026-09-26T15:06:23Z
2026-09-26T15:02:30Z,2026-09-26T17:02:30+0200,4930e006-bdcc-4091-b396-06a555c6b5b0,2026-09-20T21:30:00Z,2026-09-20T23:30:00+0200,18.26,EUR/MWh,DK1,DK_1,day_ahead_price,value,2026-09-26T15:06:23Z
2026-09-26T15:02:30Z,2026-09-26T17:02:30+0200,4930e006-bdcc-4091-b396-06a555c6b5b0,2026-09-20T21:45:00Z,2026-09-20T23:45:00+0200,13.64,EUR/MWh,DK1,DK_1,day_ahead_price,value,2026-09-26T15:06:23Z
2026-09-26T15:02:30Z,2026-09-26T17:02:30+0200,4930e006-bdcc-4091-b396-06a555c6b5b0,2026-09-20T22:00:00Z,2026-09-21T00:00:00+0200,11.39,EUR/MWh,DK1,DK_1,day_ahead_price,value,2026-09-26T15:06:23Z
2026-09-26T15:02:30Z,2026-09-26T17:02:30+0200,4930e006-bdcc-4091-b396-06a555c6b5b0,2026-09-20T22:15:00Z,2026-09-21T00:15:00+0200,13.14,EUR/MWh,DK1,DK_1,day_ahead_price,value,2026-09-26T15:06:23Z
2026-09-26T15:02:30Z,2026-09-26T17:02:30+0200,4930e006-bdcc-4091-b396-06a555c6b5b0,2026-09-20T22:30:00Z,2026-09-21T00:30:00+0200,10.46,EUR/MWh,DK1,DK_1,day_ahead_price,value,2026-09-26T15:06:23Z
2026-09-26T15:02:30Z,2026-09-26T17:02:30+0200,4930e006-bdcc-4091-b396-06a555c6b5b0,2026-09-20T22:45:00Z,2026-09-21T00:45:00+0200,8.88,EUR/MWh,DK1,DK_1,day_ahead_price,value,2026-09-26T15:06:23Z
2026-09-26T15:02:30Z,2026-09-26T17:02:30+0200,4930e006-bdcc-4091-b396-06a555c6b5b0,2026-09-20T23:00:00Z,2026-09-21T01:00:00+0200,10.12,EUR/MWh,DK1,DK_1,day_ahead_price,value,2026-09-26T15:06:23Z
2026-09-26T15:02:30Z,2026-09-26T17:02:30+0200,4930e006-bdcc-4091-b396-06a555c6b5b0,2026-09-20T23:15:00Z,2026-09-21T01:15:00+0200,9.71,EUR/MWh,DK1,DK_1,day_ahead_price,value,2026-09-26T15:06:23Z
2026-09-26T15:02:30Z,2026-09-26T17:02:30+0200,4930e006-bdcc-4091-b396-06a555c6b5b0,2026-09-20T23:30:00Z,2026-09-21T01:30:00+0200,10.01,EUR/MWh,DK1,DK_1,day_ahead_price,value,2026-09-26T15:06:23Z
2026-09-26T15:02:30Z,2026-09-26T17:02:30+0200,4930e006-bdcc-4091-b396-06a555c6b5b0,2026-09-20T23:45:00Z,2026-09-21T01:45:00+0200,9.7,EUR/MWh,DK1,DK_1,day_ahead_price,value,2026-09-26T15:06:23Z
2026-09-26T15:02:30Z,2026-09-26T17:02:30+0200,4930e006-bdcc-4091-b396-06a555c6b5b0,2026-09-21T00:00:00Z,2026-09-21T02:00:00+0200,8.3,EUR/MWh,DK1,DK_1,day_ahead_price,value,2026-09-26T15:06:23Z
2026-09-26T15:02:30Z,2026-09-26T17:02:30+0200,4930e006-bdcc-4091-b396-06a555c6b5b0,2026-09-21T00:15:00Z,2026-09-21T02:15:00+0200,7.51,EUR/MWh,DK1,DK_1,day_ahead_price,value,2026-09-26T15:06:23Z
2026-09-26T15:02:30Z,2026-09-26T17:02:30+0200,4930e006-bdcc-4091-b396-06a555c6b5b0,2026-09-21T00:30:00Z,2026-09-21T02:30:00+0200,9.7,EUR/MWh,DK1,DK_1,day_ahead_price,value,2026-09-26T15:06:23Z
2026-09-26T15:02:30Z,2026-09-26T17:02:30+0200,4930e006-bdcc-4091-b396-06a555c6b5b0,2026-09-21T00:45:00Z,2026-09-21T02:45:00+0200,9.82,EUR/MWh,DK1,DK_1,day_ahead_price,value,2026-09-26T15:06:23Z
2026-09-26T15:02:30Z,2026-09-26T17:02:30+0200,4930e006-bdcc-4091-b396-06a555c6b5b0,2026-09-21T01:00:00Z,2026-09-21T03:00:00+0200,9.41,EUR/MWh,DK1,DK_1,day_ahead_price,value,2026-09-26T15:06:23Z
2026-09-26T15:02:30Z,2026-09-26T17:02:30+0200,4930e006-bdcc-4091-b396-06a555c6b5b0,2026-09-21T01:15:00Z,2026-09-21T03:15:00+0200,9.71,EUR/MWh,DK1,DK_1,day_ahead_price,value,2026-09-26T15:06:23Z
2026-09-26T15:02:30Z,2026-09-26T17:02:30+0200,4930e006-bdcc-4091-b396-06a555c6b5b0,2026-09-21T01:30:00Z,2026-09-21T03:30:00+0200,10.1,EUR/MWh,DK1,DK_1,day_ahead_price,value,2026-09-26T15:06:23Z
2026-09-26T15:02:30Z,2026-09-26T17:02:30+0200,4930e006-bdcc-4091-b396-06a555c6b5b0,2026-09-21T01:45:00Z,2026-09-21T03:45:00+0200,10.51,EUR/MWh,DK1,DK_1,day_ahead_price,value,2026-09-26T15:06:23Z
2026-09-26T15:02:30Z,2026-09-26T17:02:30+0200,4930e006-bdcc-4091-b396-06a555c6b5b0,2026-09-21T02:00:00Z,2026-09-21T04:00:00+0200,7.87,EUR/MWh,DK1,DK_1,day_ahead_price,value,2026-09-26T15:06:23Z
2026-09-26T15:02:30Z,2026-09-26T17:02:30+0200,4930e006-bdcc-4091-b396-06a555c6b5b0,2026-09-21T02:15:00Z,2026-09-21T04:15:00+0200,9.71,EUR/MWh,DK1,DK_1,day_ahead_price,value,2026-09-26T15:06:23Z
2026-09-26T15:02:30Z,2026-09-26T17:02:30+0200,4930e006-bdcc-4091-b396-06a555c6b5b0,2026-09-21T02:30:00Z,2026-09-21T04:30:00+0200,15.41,EUR/MWh,DK1,DK_1,day_ahead_price,value,2026-09-26T15:06:23Z
2026-09-26T15:02:30Z,2026-09-26T17:02:30+0200,4930e006-bdcc-4091-b396-06a555c6b5b0,2026-09-21T02:45:00Z,2026-09-21T04:45:00+0200,21.03,EUR/MWh,DK1,DK_1,day_ahead_price,value,2026-09-26T15:06:23Z
2026-09-26T15:02:30Z,2026-09-26T17:02:30+0200,4930e006-bdcc-4091-b396-06a555c6b5b0,2026-09-21T03:00:00Z,2026-09-21T05:00:00+0200,15.2,EUR/MWh,DK1,DK_1,day_ahead_price,value,2026-09-26T15:06:23Z
2026-09-26T15:02:30Z,2026-09-26T17:02:30+0200,4930e006-bdcc-4091-b396-06a555c6b5b0,2026-09-21T03:15:00Z,2026-09-21T05:15:00+0200,24.19,EUR/MWh,DK1,DK_1,day_ahead_price,value,2026-09-26T15:06:23Z
2026-09-26T15:02:30Z,2026-09-26T17:02:30+0200,4930e006-bdcc-4091-b396-06a555c6b5b0,2026-09-21T03:30:00Z,2026-09-21T05:30:00+0200,32.96,EUR/MWh,DK1,DK_1,day_ahead_price,value,2026-09-26T15:06:23Z
2026-09-26T15:02:30Z,2026-09-26T17:02:30+0200,4930e006-bdcc-4091-b396-06a555c6b5b0,2026-09-21T03:45:00Z,2026-09-21T05:45:00+0200,49.98,EUR/MWh,DK1,DK_1,day_ahead_price,value,2026-09-26T15:06:23Z
2026-09-26T15:02:30Z,2026-09-26T17:02:30+0200,4930e006-bdcc-4091-b396-06a555c6b5b0,2026-09-21T04:00:00Z,2026-09-21T06:00:00+0200,58.01,EUR/MWh,DK1,DK_1,day_ahead_price,value,2026-09-26T15:06:23Z
2026-09-26T15:02:30Z,2026-09-26T17:02:30+0200,4930e006-bdcc-4091-b396-06a555c6b5b0,2026-09-21T04:15:00Z,2026-09-21T06:15:00+0200,90.29,EUR/MWh,DK1,DK_1,day_ahead_price,value,2026-09-26T15:06:23Z
2026-09-26T15:02:30Z,2026-09-26T17:02:30+0200,4930e006-bdcc-4091-b396-06a555c6b5b0,2026-09-21T04:30:00Z,2026-09-21T06:30:00+0200,107.0,EUR/MWh,DK1,DK_1,day_ahead_price,value,2026-09-26T15:06:23Z
2026-09-26T15:02:30Z,2026-09-26T17:02:30+0200,4930e006-bdcc-4091-b396-06a555c6b5b0,2026-09-21T04:45:00Z,2026-09-21T06:45:00+0200,114.3,EUR/MWh,DK1,DK_1,day_ahead_price,value,2026-09-26T15:06:23Z
2026-09-26T15:02:30Z,2026-09-26T17:02:30+0200,4930e006-bdcc-4091-b396-06a555c6b5b0,2026-09-21T05:00:00Z,2026-09-21T07:00:00+0200,123.5,EUR/MWh,DK1,DK_1,day_ahead_price,value,2026-09-26T15:06:23Z
2026-09-26T15:02:30Z,2026-09-26T17:02:30+0200,4930e006-bdcc-4091-b396-06a555c6b5b0,2026-09-21T05:15:00Z,2026-09-21T07:15:00+0200,118.28,EUR/MWh,DK1,DK_1,day_ahead_price,value,2026-09-26T15:06:23Z
2026-09-26T15:02:30Z,2026-09-26T17:02:30+0200,4930e006-bdcc-4091-b396-06a555c6b5b0,2026-09-21T05:30:00Z,2026-09-21T07:30:00+0200,118.53,EUR/MWh,DK1,DK_1,day_ahead_price,value,2026-09-26T15:06:23Z
2026-09-26T15:02:30Z,2026-09-26T17:02:30+0200,4930e006-bdcc-4091-b396-06a555c6b5b0,2026-09-21T05:45:00Z,2026-09-21T07:45:00+0200,128.7,EUR/MWh,DK1,DK_1,day_ahead_price,value,2026-09-26T15:06:23Z
2026-09-26T15:02:30Z,2026-09-26T17:02:30+0200,4930e006-bdcc-4091-b396-06a555c6b5b0,2026-09-21T06:00:00Z,2026-09-21T08:00:00+0200,139.31,EUR/MWh,DK1,DK_1,day_ahead_price,value,2026-09-26T15:06:23Z
2026-09-26T15:02:30Z,2026-09-26T17:02:30+0200,4930e006-bdcc-4091-b396-06a555c6b5b0,2026-09-21T06:15:00Z,2026-09-21T08:15:00+0200,149.41,EUR/MWh,DK1,DK_1,day_ahead_price,value,2026-09-26T15:06:23Z
2026-09-26T15:02:30Z,2026-09-26T17:02:30+0200,4930e006-bdcc-4091-b396-06a555c6b5b0,2026-09-21T06:30:00Z,2026-09-21T08:30:00+0200,129.51,EUR/MWh,DK1,DK_1,day_ahead_price,value,2026-09-26T15:06:23Z
2026-09-26T15:02:30Z,2026-09-26T17:02:30+0200,4930e006-bdcc-4091-b396-06a555c6b5b0,2026-09-21T06:45:00Z,2026-09-21T08:45:00+0200,78.24,EUR/MWh,DK1,DK_1,day_ahead_price,value,2026-09-26T15:06:23Z
2026-09-26T15:02:30Z,2026-09-26T17:02:30+0200,4930e006-bdcc-4091-b396-06a555c6b5b0,2026-09-21T07:00:00Z,2026-09-21T09:00:00+0200,89.9,EUR/MWh,DK1,DK_1,day_ahead_price,value,2026-09-26T15:06:23Z
2026-09-26T15:02:30Z,2026-09-26T17:02:30+0200,4930e006-bdcc-4091-b396-06a555c6b5b0,2026-09-21T07:15:00Z,2026-09-21T09:15:00+0200,73.89,EUR/MWh,DK1,DK_1,day_ahead_price,value,2026-09-26T15:06:23Z
2026-09-26T15:02:30Z,2026-09-26T17:02:30+0200,4930e006-bdcc-4091-b396-06a555c6b5b0,2026-09-21T07:30:00Z,2026-09-21T09:30:00+0200,29.31,EUR/MWh,DK1,DK_1,day_ahead_price,value,2026-09-26T15:06:23Z
2026-09-26T15:02:30Z,2026-09-26T17:02:30+0200,4930e006-bdcc-4091-b396-06a555c6b5b0,2026-09-21T07:45:00Z,2026-09-21T09:45:00+0200,18.46,EUR/MWh,DK1,DK_1,day_ahead_price,value,2026-09-26T15:06:23Z
2026-09-26T15:02:30Z,2026-09-26T17:02:30+0200,4930e006-bdcc-4091-b396-06a555c6b5b0,2026-09-21T08:00:00Z,2026-09-21T10:00:00+0200,31.99,EUR/MWh,DK1,DK_1,day_ahead_price,value,2026-09-26T15:06:23Z
2026-09-26T15:02:30Z,2026-09-26T17:02:30+0200,4930e006-bdcc-4091-b396-06a555c6b5b0,2026-09-21T08:15:00Z,2026-09-21T10:15:00+0200,8.26,EUR/MWh,DK1,DK_1,day_ahead_price,value,2026-09-26T15:06:23Z
2026-09-26T15:02:30Z,2026-09-26T17:02:30+0200,4930e006-bdcc-4091-b396-06a555c6b5b0,2026-09-21T08:30:00Z,2026-09-21T10:30:00+0200,4.31,EUR/MWh,DK1,DK_1,day_ahead_price,value,2026-09-26T15:06:23Z
2026-09-26T15:02:30Z,2026-09-26T17:02:30+0200,4930e006-bdcc-4091-b396-06a555c6b5b0,2026-09-21T08:45:00Z,2026-09-21T10:45:00+0200,1.02,EUR/MWh,DK1,DK_1,day_ahead_price,value,2026-09-26T15:06:23Z
2026-09-26T15:02:30Z,2026-09-26T17:02:30+0200,4930e006-bdcc-4091-b396-06a555c6b5b0,2026-09-21T09:00:00Z,2026-09-21T11:00:00+0200,4.31,EUR/MWh,DK1,DK_1,day_ahead_price,value,2026-09-26T15:06:23Z
2026-09-26T15:02:30Z,2026-09-26T17:02:30+0200,4930e006-bdcc-4091-b396-06a555c6b5b0,2026-09-21T09:15:00Z,2026-09-21T11:15:00+0200,2.01,EUR/MWh,DK1,DK_1,day_ahead_price,value,2026-09-26T15:06:23Z
2026-09-26T15:02:30Z,2026-09-26T17:02:30+0200,4930e006-bdcc-4091-b396-06a555c6b5b0,2026-09-21T09:30:00Z,2026-09-21T11:30:00+0200,1.38,EUR/MWh,DK1,DK_1,day_ahead_price,value,2026-09-26T15:06:23Z
2026-09-26T15:02:30Z,2026-09-26T17:02:30+0200,4930e006-bdcc-4091-b396-06a555c6b5b0,2026-09-21T09:45:00Z,2026-09-21T11:45:00+0200,1.38,EUR/MWh,DK1,DK_1,day_ahead_price,value,2026-09-26T15:06:23Z
2026-09-26T15:02:30Z,2026-09-26T17:02:30+0200,4930e006-bdcc-4091-b396-06a555c6b5b0,2026-09-21T10:00:00Z,2026-09-21T12:00:00+0200,2.44,EUR/MWh,DK1,DK_1,day_ahead_price,value,2026-09-26T15:06:23Z
2026-09-26T15:02:30Z,2026-09-26T17:02:30+0200,4930e006-bdcc-4091-b396-06a555c6b5b0,2026-09-21T10:15:00Z,2026-09-21T12:15:00+0200,2.45,EUR/MWh,DK1,DK_1,day_ahead_price,value,2026-09-26T15:06:23Z
2026-09-26T15:02:30Z,2026-09-26T17:02:30+0200,4930e006-bdcc-4091-b396-06a555c6b5b0,2026-09-21T10:30:00Z,2026-09-21T12:30:00+0200,2.44,EUR/MWh,DK1,DK_1,day_ahead_price,value,2026-09-26T15:06:23Z
2026-09-26T15:02:30Z,2026-09-26T17:02:30+0200,4930e006-bdcc-4091-b396-06a555c6b5b0,2026-09-21T10:45:00Z,2026-09-21T12:45:00+0200,2.47,EUR/MWh,DK1,DK_1,day_ahead_price,value,2026-09-26T15:06:23Z
2026-09-26T15:02:30Z,2026-09-26T17:02:30+0200,4930e006-bdcc-4091-b396-06a555c6b5b0,2026-09-21T11:00:00Z,2026-09-21T13:00:00+0200,2.71,EUR/MWh,DK1,DK_1,day_ahead_price,value,2026-09-26T15:06:23Z
2026-09-26T15:02:30Z,2026-09-26T17:02:30+0200,4930e006-bdcc-4091-b396-06a555c6b5b0,2026-09-21T11:15:00Z,2026-09-21T13:15:00+0200,2.68,EUR/MWh,DK1,DK_1,day_ahead_price,value,2026-09-26T15:06:23Z
2026-09-26T15:02:30Z,2026-09-26T17:02:30+0200,4930e006-bdcc-4091-b396-06a555c6b5b0,2026-09-21T11:30:00Z,2026-09-21T13:30:00+0200,2.46,EUR/MWh,DK1,DK_1,day_ahead_price,value,2026-09-26T15:06:23Z
2026-09-26T15:02:30Z,2026-09-26T17:02:30+0200,4930e006-bdcc-4091-b396-06a555c6b5b0,2026-09-21T11:45:00Z,2026-09-21T13:45:00+0200,2.44,EUR/MWh,DK1,DK_1,day_ahead_price,value,2026-09-26T15:06:23Z
2026-09-26T15:02:30Z,2026-09-26T17:02:30+0200,4930e006-bdcc-4091-b396-06a555c6b5b0,2026-09-21T12:00:00Z,2026-09-21T14:00:00+0200,2.47,EUR/MWh,DK1,DK_1,day_ahead_price,value,2026-09-26T15:06:23Z
2026-09-26T15:02:30Z,2026-09-26T17:02:30+0200,4930e006-bdcc-4091-b396-06a555c6b5b0,2026-09-21T12:15:00Z,2026-09-21T14:15:00+0200,2.48,EUR/MWh,DK1,DK_1,day_ahead_price,value,2026-09-26T15:06:23Z
2026-09-26T15:02:30Z,2026-09-26T17:02:30+0200,4930e006-bdcc-4091-b396-06a555c6b5b0,2026-09-21T12:30:00Z,2026-09-21T14:30:00+0200,2.64,EUR/MWh,DK1,DK_1,day_ahead_price,value,2026-09-26T15:06:23Z
2026-09-26T15:02:30Z,2026-09-26T17:02:30+0200,4930e006-bdcc-4091-b396-06a555c6b5b0,2026-09-21T12:45:00Z,2026-09-21T14:45:00+0200,2.5,EUR/MWh,DK1,DK_1,day_ahead_price,value,2026-09-26T15:06:23Z
2026-09-26T15:02:30Z,2026-09-26T17:02:30+0200,4930e006-bdcc-4091-b396-06a555c6b5b0,2026-09-21T13:00:00Z,2026-09-21T15:00:00+0200,3.4,EUR/MWh,DK1,DK_1,day_ahead_price,value,2026-09-26T15:06:23Z
2026-09-26T15:02:30Z,2026-09-26T17:02:30+0200,4930e006-bdcc-4091-b396-06a555c6b5b0,2026-09-21T13:15:00Z,2026-09-21T15:15:00+0200,3.35,EUR/MWh,DK1,DK_1,day_ahead_price,value,2026-09-26T15:06:23Z
2026-09-26T15:02:30Z,2026-09-26T17:02:30+0200,4930e006-bdcc-4091-b396-06a555c6b5b0,2026-09-21T13:30:00Z,2026-09-21T15:30:00+0200,3.48,EUR/MWh,DK1,DK_1,day_ahead_price,value,2026-09-26T15:06:23Z
2026-09-26T15:02:30Z,2026-09-26T17:02:30+0200,4930e006-bdcc-4091-b396-06a555c6b5b0,2026-09-21T13:45:00Z,2026-09-21T15:45:00+0200,5.47,EUR/MWh,DK1,DK_1,day_ahead_price,value,2026-09-26T15:06:23Z
2026-09-26T15:02:30Z,2026-09-26T17:02:30+0200,4930e006-bdcc-4091-b396-06a555c6b5b0,2026-09-21T14:00:00Z,2026-09-21T16:00:00+0200,2.0,EUR/MWh,DK1,DK_1,day_ahead_price,value,2026-09-26T15:06:23Z
2026-09-26T15:02:30Z,2026-09-26T17:02:30+0200,4930e006-bdcc-4091-b396-06a555c6b5b0,2026-09-21T14:15:00Z,2026-09-21T16:15:00+0200,4.1,EUR/MWh,DK1,DK_1,day_ahead_price,value,2026-09-26T15:06:23Z
2026-09-26T15:02:30Z,2026-09-26T17:02:30+0200,4930e006-bdcc-4091-b396-06a555c6b5b0,2026-09-21T14:30:00Z,2026-09-21T16:30:00+0200,10.5,EUR/MWh,DK1,DK_1,day_ahead_price,value,2026-09-26T15:06:23Z
2026-09-26T15:02:30Z,2026-09-26T17:02:30+0200,4930e006-bdcc-4091-b396-06a555c6b5b0,2026-09-21T14:45:00Z,2026-09-21T16:45:00+0200,38.55,EUR/MWh,DK1,DK_1,day_ahead_price,value,2026-09-26T15:06:23Z
2026-09-26T15:02:30Z,2026-09-26T17:02:30+0200,4930e006-bdcc-4091-b396-06a555c6b5b0,2026-09-21T15:00:00Z,2026-09-21T17:00:00+0200,6.69,EUR/MWh,DK1,DK_1,day_ahead_price,value,2026-09-26T15:06:23Z
2026-09-26T15:02:30Z,2026-09-26T17:02:30+0200,4930e006-bdcc-4091-b396-06a555c6b5b0,2026-09-21T15:15:00Z,2026-09-21T17:15:00+0200,52.96,EUR/MWh,DK1,DK_1,day_ahead_price,value,2026-09-26T15:06:23Z
2026-09-26T15:02:30Z,2026-09-26T17:02:30+0200,4930e006-bdcc-4091-b396-06a555c6b5b0,2026-09-21T15:30:00Z,2026-09-21T17:30:00+0200,127.02,EUR/MWh,DK1,DK_1,day_ahead_price,value,2026-09-26T15:06:23Z
2026-09-26T15:02:30Z,2026-09-26T17:02:30+0200,4930e006-bdcc-4091-b396-06a555c6b5b0,2026-09-21T15:45:00Z,2026-09-21T17:45:00+0200,201.72,EUR/MWh,DK1,DK_1,day_ahead_price,value,2026-09-26T15:06:23Z
2026-09-26T15:02:30Z,2026-09-26T17:02:30+0200,4930e006-bdcc-4091-b396-06a555c6b5b0,2026-09-21T16:00:00Z,2026-09-21T18:00:00+0200,159.8,EUR/MWh,DK1,DK_1,day_ahead_price,value,2026-09-26T15:06:23Z
2026-09-26T15:02:30Z,2026-09-26T17:02:30+0200,4930e006-bdcc-4091-b396-06a555c6b5b0,2026-09-21T16:15:00Z,2026-09-21T18:15:00+0200,186.38,EUR/MWh,DK1,DK_1,day_ahead_price,value,2026-09-26T15:06:23Z
2026-09-26T15:02:30Z,2026-09-26T17:02:30+0200,4930e006-bdcc-4091-b396-06a555c6b5b0,2026-09-21T16:30:00Z,2026-09-21T18:30:00+0200,217.68,EUR/MWh,DK1,DK_1,day_ahead_price,value,2026-09-26T15:06:23Z
2026-09-26T15:02:30Z,2026-09-26T17:02:30+0200,4930e006-bdcc-4091-b396-06a555c6b5b0,2026-09-21T16:45:00Z,2026-09-21T18:45:00+0200,261.31,EUR/MWh,DK1,DK_1,day_ahead_price,value,2026-09-26T15:06:23Z
2026-09-26T15:02:30Z,2026-09-26T17:02:30+0200,4930e006-bdcc-4091-b396-06a555c6b5b0,2026-09-21T17:00:00Z,2026-09-21T19:00:00+0200,218.49,EUR/MWh,DK1,DK_1,day_ahead_price,value,2026-09-26T15:06:23Z
2026-09-26T15:02:30Z,2026-09-26T17:02:30+0200,4930e006-bdcc-4091-b396-06a555c6b5b0,2026-09-21T17:15:00Z,2026-09-21T19:15:00+0200,220.33,EUR/MWh,DK1,DK_1,day_ahead_price,value,2026-09-26T15:06:23Z
2026-09-26T15:02:30Z,2026-09-26T17:02:30+0200,4930e006-bdcc-4091-b396-06a555c6b5b0,2026-09-21T17:30:00Z,2026-09-21T19:30:00+0200,245.1,EUR/MWh,DK1,DK_1,day_ahead_price,value,2026-09-26T15:06:23Z
2026-09-26T15:02:30Z,2026-09-26T17:02:30+0200,4930e006-bdcc-4091-b396-06a555c6b5b0,2026-09-21T17:45:00Z,2026-09-21T19:45:00+0200,269.21,EUR/MWh,DK1,DK_1,day_ahead_price,value,2026-09-26T15:06:23Z
2026-09-26T15:02:30Z,2026-09-26T17:02:30+0200,4930e006-bdcc-4091-b396-06a555c6b5b0,2026-09-21T18:00:00Z,2026-09-21T20:00:00+0200,251.3,EUR/MWh,DK1,DK_1,day_ahead_price,value,2026-09-26T15:06:23Z
2026-09-26T15:02:30Z,2026-09-26T17:02:30+0200,4930e006-bdcc-4091-b396-06a555c6b5b0,2026-09-21T18:15:00Z,2026-09-21T20:15:00+0200,250.28,EUR/MWh,DK1,DK_1,day_ahead_price,value,2026-09-26T15:06:23Z
2026-09-26T15:02:30Z,2026-09-26T17:02:30+0200,4930e006-bdcc-4091-b396-06a555c6b5b0,2026-09-21T18:30:00Z,2026-09-21T20:30:00+0200,243.48,EUR/MWh,DK1,DK_1,day_ahead_price,value,2026-09-26T15:06:23Z
2026-09-26T15:02:30Z,2026-09-26T17:02:30+0200,4930e006-bdcc-4091-b396-06a555c6b5b0,2026-09-21T18:45:00Z,2026-09-21T20:45:00+0200,219.04,EUR/MWh,DK1,DK_1,day_ahead_price,value,2026-09-26T15:06:23Z
2026-09-26T15:02:30Z,2026-09-26T17:02:30+0200,4930e006-bdcc-4091-b396-06a555c6b5b0,2026-09-21T19:00:00Z,2026-09-21T21:00:00+0200,232.22,EUR/MWh,DK1,DK_1,day_ahead_price,value,2026-09-26T15:06:23Z
2026-09-26T15:02:30Z,2026-09-26T17:02:30+0200,4930e006-bdcc-4091-b396-06a555c6b5b0,2026-09-21T19:15:00Z,2026-09-21T21:15:00+0200,217.99,EUR/MWh,DK1,DK_1,day_ahead_price,value,2026-09-26T15:06:23Z
2026-09-26T15:02:30Z,2026-09-26T17:02:30+0200,4930e006-bdcc-4091-b396-06a555c6b5b0,2026-09-21T19:30:00Z,2026-09-21T21:30:00+0200,213.76,EUR/MWh,DK1,DK_1,day_ahead_price,value,2026-09-26T15:06:23Z
2026-09-26T15:02:30Z,2026-09-26T17:02:30+0200,4930e006-bdcc-4091-b396-06a555c6b5b0,2026-09-21T19:45:00Z,2026-09-21T21:45:00+0200,206.51,EUR/MWh,DK1,DK_1,day_ahead_price,value,2026-09-26T15:06:23Z
2026-09-26T15:02:30Z,2026-09-26T17:02:30+0200,4930e006-bdcc-4091-b396-06a555c6b5b0,2026-09-21T20:00:00Z,2026-09-21T22:00:00+0200,215.91,EUR/MWh,DK1,DK_1,day_ahead_price,value,2026-09-26T15:06:23Z
2026-09-26T15:02:30Z,2026-09-26T17:02:30+0200,4930e006-bdcc-4091-b396-06a555c6b5b0,2026-09-21T20:15:00Z,2026-09-21T22:15:00+0200,204.44,EUR/MWh,DK1,DK_1,day_ahead_price,value,2026-09-26T15:06:23Z
2026-09-26T15:02:30Z,2026-09-26T17:02:30+0200,4930e006-bdcc-4091-b396-06a555c6b5b0,2026-09-21T20:30:00Z,2026-09-21T22:30:00+0200,205.96,EUR/MWh,DK1,DK_1,day_ahead_price,value,2026-09-26T15:06:23Z
2026-09-26T15:02:30Z,2026-09-26T17:02:30+0200,4930e006-bdcc-4091-b396-06a555c6b5b0,2026-09-21T20:45:00Z,2026-09-21T22:45:00+0200,196.08,EUR/MWh,DK1,DK_1,day_ahead_price,value,2026-09-26T15:06:23Z
2026-09-26T15:02:30Z,2026-09-26T17:02:30+0200,4930e006-bdcc-4091-b396-06a555c6b5b0,2026-09-21T21:00:00Z,2026-09-21T23:00:00+0200,197.83,EUR/MWh,DK1,DK_1,day_ahead_price,value,2026-09-26T15:06:23Z
2026-09-26T15:02:30Z,2026-09-26T17:02:30+0200,4930e006-bdcc-4091-b396-06a555c6b5b0,2026-09-21T21:15:00Z,2026-09-21T23:15:00+0200,183.96,EUR/MWh,DK1,DK_1,day_ahead_price,value,2026-09-26T15:06:23Z
2026-09-26T15:02:30Z,2026-09-26T17:02:30+0200,4930e006-bdcc-4091-b396-06a555c6b5b0,2026-09-21T21:30:00Z,2026-09-21T23:30:00+0200,186.49,EUR/MWh,DK1,DK_1,day_ahead_price,value,2026-09-26T15:06:23Z
2026-09-26T15:02:30Z,2026-09-26T17:02:30+0200,4930e006-bdcc-4091-b396-06a555c6b5b0,2026-09-21T21:45:00Z,2026-09-21T23:45:00+0200,172.07,EUR/MWh,DK1,DK_1,day_ahead_price,value,2026-09-26T15:06:23Z
2026-09-26T15:02:30Z,2026-09-26T17:02:30+0200,4930e006-bdcc-4091-b396-06a555c6b5b0,2026-09-21T22:00:00Z,2026-09-22T00:00:00+0200,189.79,EUR/MWh,DK1,DK_1,day_ahead_price,value,2026-09-26T15:06:23Z
2026-09-26T15:02:30Z,2026-09-26T17:02:30+0200,4930e006-bdcc-4091-b396-06a555c6b5b0,2026-09-21T22:15:00Z,2026-09-22T00:15:00+0200,182.889999,EUR/MWh,DK1,DK_1,day_ahead_price,value,2026-09-26T15:06:23Z
2026-09-26T15:02:30Z,2026-09-26T17:02:30+0200,4930e006-bdcc-4091-b396-06a555c6b5b0,2026-09-21T22:30:00Z,2026-09-22T00:30:00+0200,176.490005,EUR/MWh,DK1,DK_1,day_ahead_price,value,2026-09-26T15:06:23Z
2026-09-26T15:02:30Z,2026-09-26T17:02:30+0200,4930e006-bdcc-4091-b396-06a555c6b5b0,2026-09-21T22:45:00Z,2026-09-22T00:45:00+0200,175.660004,EUR/MWh,DK1,DK_1,day_ahead_price,value,2026-09-26T15:06:23Z
2026-09-26T15:02:30Z,2026-09-26T17:02:30+0200,4930e006-bdcc-4091-b396-06a555c6b5b0,2026-09-21T23:00:00Z,2026-09-22T01:00:00+0200,177.130005,EUR/MWh,DK1,DK_1,day_ahead_price,value,2026-09-26T15:06:23Z
2026-09-26T15:02:30Z,2026-09-26T17:02:30+0200,4930e006-bdcc-4091-b396-06a555c6b5b0,2026-09-21T23:15:00Z,2026-09-22T01:15:00+0200,174.85,EUR/MWh,DK1,DK_1,day_ahead_price,value,2026-09-26T15:06:23Z
2026-09-26T15:02:30Z,2026-09-26T17:02:30+0200,4930e006-bdcc-4091-b396-06a555c6b5b0,2026-09-21T23:30:00Z,2026-09-22T01:30:00+0200,176.38,EUR/MWh,DK1,DK_1,day_ahead_price,value,2026-09-26T15:06:23Z
2026-09-26T15:02:30Z,2026-09-26T17:02:30+0200,4930e006-bdcc-4091-b396-06a555c6b5b0,2026-09-21T23:45:00Z,2026-09-22T01:45:00+0200,175.419998,EUR/MWh,DK1,DK_1,day_ahead_price,value,2026-09-26T15:06:23Z
2026-09-26T15:02:30Z,2026-09-26T17:02:30+0200,4930e006-bdcc-4091-b396-06a555c6b5b0,2026-09-22T00:00:00Z,2026-09-22T02:00:00+0200,175.710007,EUR/MWh,DK1,DK_1,day_ahead_price,value,2026-09-26T15:06:23Z
2026-09-26T15:02:30Z,2026-09-26T17:02:30+0200,4930e006-bdcc-4091-b396-06a555c6b5b0,2026-09-22T00:15:00Z,2026-09-22T02:15:00+0200,174.210007,EUR/MWh,DK1,DK_1,day_ahead_price,value,2026-09-26T15:06:23Z
2026-09-26T15:02:30Z,2026-09-26T17:02:30+0200,4930e006-bdcc-4091-b396-06a555c6b5b0,2026-09-22T00:30:00Z,2026-09-22T02:30:00+0200,172.2,EUR/MWh,DK1,DK_1,day_ahead_price,value,2026-09-26T15:06:23Z
2026-09-26T15:02:30Z,2026-09-26T17:02:30+0200,4930e006-bdcc-4091-b396-06a555c6b5b0,2026-09-22T00:45:00Z,2026-09-22T02:45:00+0200,171.309998,EUR/MWh,DK1,DK_1,day_ahead_price,value,2026-09-26T15:06:23Z
2026-09-26T15:02:30Z,2026-09-26T17:02:30+0200,4930e006-bdcc-4091-b396-06a555c6b5b0,2026-09-22T01:00:00Z,2026-09-22T03:00:00+0200,173.39,EUR/MWh,DK1,DK_1,day_ahead_price,value,2026-09-26T15:06:23Z
2026-09-26T15:02:30Z,2026-09-26T17:02:30+0200,4930e006-bdcc-4091-b396-06a555c6b5b0,2026-09-22T01:15:00Z,2026-09-22T03:15:00+0200,170.740005,EUR/MWh,DK1,DK_1,day_ahead_price,value,2026-09-26T15:06:23Z
2026-09-26T15:02:30Z,2026-09-26T17:02:30+0200,4930e006-bdcc-4091-b396-06a555c6b5b0,2026-09-22T01:30:00Z,2026-09-22T03:30:00+0200,170.28,EUR/MWh,DK1,DK_1,day_ahead_price,value,2026-09-26T15:06:23Z
2026-09-26T15:02:30Z,2026-09-26T17:02:30+0200,4930e006-bdcc-4091-b396-06a555c6b5b0,2026-09-22T01:45:00Z,2026-09-22T03:45:00+0200,171.270004,EUR/MWh,DK1,DK_1,day_ahead_price,value,2026-09-26T15:06:23Z
2026-09-26T15:02:30Z,2026-09-26T17:02:30+0200,4930e006-bdcc-4091-b396-06a555c6b5b0,2026-09-22T02:00:00Z,2026-09-22T04:00:00+0200,171.770004,EUR/MWh,DK1,DK_1,day_ahead_price,value,2026-09-26T15:06:23Z
2026-09-26T15:02:30Z,2026-09-26T17:02:30+0200,4930e006-bdcc-4091-b396-06a555c6b5b0,2026-09-22T02:15:00Z,2026-09-22T04:15:00+0200,171.45,EUR/MWh,DK1,DK_1,day_ahead_price,value,2026-09-26T15:06:23Z
2026-09-26T15:02:30Z,2026-09-26T17:02:30+0200,4930e006-bdcc-4091-b396-06a555c6b5b0,2026-09-22T02:30:00Z,2026-09-22T04:30:00+0200,173.380005,EUR/MWh,DK1,DK_1,day_ahead_price,value,2026-09-26T15:06:23Z
2026-09-26T15:02:30Z,2026-09-26T17:02:30+0200,4930e006-bdcc-4091-b396-06a555c6b5b0,2026-09-22T02:45:00Z,2026-09-22T04:45:00+0200,179.77,EUR/MWh,DK1,DK_1,day_ahead_price,value,2026-09-26T15:06:23Z
2026-09-26T15:02:30Z,2026-09-26T17:02:30+0200,4930e006-bdcc-4091-b396-06a555c6b5b0,2026-09-22T03:00:00Z,2026-09-22T05:00:00+0200,166.92,EUR/MWh,DK1,DK_1,day_ahead_price,value,2026-09-26T15:06:23Z
2026-09-26T15:02:30Z,2026-09-26T17:02:30+0200,4930e006-bdcc-4091-b396-06a555c6b5b0,2026-09-22T03:15:00Z,2026-09-22T05:15:00+0200,180.350006,EUR/MWh,DK1,DK_1,day_ahead_price,value,2026-09-26T15:06:23Z
2026-09-26T15:02:30Z,2026-09-26T17:02:30+0200,4930e006-bdcc-4091-b396-06a555c6b5b0,2026-09-22T03:30:00Z,2026-09-22T05:30:00+0200,193.07,EUR/MWh,DK1,DK_1,day_ahead_price,value,2026-09-26T15:06:23Z
2026-09-26T15:02:30Z,2026-09-26T17:02:30+0200,4930e006-bdcc-4091-b396-06a555c6b5b0,2026-09-22T03:45:00Z,2026-09-22T05:45:00+0200,223.21,EUR/MWh,DK1,DK_1,day_ahead_price,value,2026-09-26T15:06:23Z
2026-09-26T15:02:30Z,2026-09-26T17:02:30+0200,4930e006-bdcc-4091-b396-06a555c6b5b0,2026-09-22T04:00:00Z,2026-09-22T06:00:00+0200,198.08,EUR/MWh,DK1,DK_1,day_ahead_price,value,2026-09-26T15:06:23Z
2026-09-26T15:02:30Z,2026-09-26T17:02:30+0200,4930e006-bdcc-4091-b396-06a555c6b5b0,2026-09-22T04:15:00Z,2026-09-22T06:15:00+0200,224.800003,EUR/MWh,DK1,DK_1,day_ahead_price,value,2026-09-26T15:06:23Z
2026-09-26T15:02:30Z,2026-09-26T17:02:30+0200,4930e006-bdcc-4091-b396-06a555c6b5b0,2026-09-22T04:30:00Z,2026-09-22T06:30:00+0200,252.789993,EUR/MWh,DK1,DK_1,day_ahead_price,value,2026-09-26T15:06:23Z
2026-09-26T15:02:30Z,2026-09-26T17:02:30+0200,4930e006-bdcc-4091-b396-06a555c6b5b0,2026-09-22T04:45:00Z,2026-09-22T06:45:00+0200,278.029999,EUR/MWh,DK1,DK_1,day_ahead_price,value,2026-09-26T15:06:23Z
2026-09-26T15:02:30Z,2026-09-26T17:02:30+0200,4930e006-bdcc-4091-b396-06a555c6b5b0,2026-09-22T05:00:00Z,2026-09-22T07:00:00+0200,292.459991,EUR/MWh,DK1,DK_1,day_ahead_price,value,2026-09-26T15:06:23Z
2026-09-26T15:02:30Z,2026-09-26T17:02:30+0200,4930e006-bdcc-4091-b396-06a555c6b5b0,2026-09-22T05:15:00Z,2026-09-22T07:15:00+0200,305.04,EUR/MWh,DK1,DK_1,day_ahead_price,value,2026-09-26T15:06:23Z
2026-09-26T15:02:30Z,2026-09-26T17:02:30+0200,4930e006-bdcc-4091-b396-06a555c6b5b0,2026-09-22T05:30:00Z,2026-09-22T07:30:00+0200,295.670013,EUR/MWh,DK1,DK_1,day_ahead_price,value,2026-09-26T15:06:23Z
2026-09-26T15:02:30Z,2026-09-26T17:02:30+0200,4930e006-bdcc-4091-b396-06a555c6b5b0,2026-09-22T05:45:00Z,2026-09-22T07:45:00+0200,277.769989,EUR/MWh,DK1,DK_1,day_ahead_price,value,2026-09-26T15:06:23Z
2026-09-26T15:02:30Z,2026-09-26T17:02:30+0200,4930e006-bdcc-4091-b396-06a555c6b5b0,2026-09-22T06:00:00Z,2026-09-22T08:00:00+0200,282.29,EUR/MWh,DK1,DK_1,day_ahead_price,value,2026-09-26T15:06:23Z
2026-09-26T15:02:30Z,2026-09-26T17:02:30+0200,4930e006-bdcc-4091-b396-06a555c6b5b0,2026-09-22T06:15:00Z,2026-09-22T08:15:00+0200,268.059998,EUR/MWh,DK1,DK_1,day_ahead_price,value,2026-09-26T15:06:23Z
2026-09-26T15:02:30Z,2026-09-26T17:02:30+0200,4930e006-bdcc-4091-b396-06a555c6b5b0,2026-09-22T06:30:00Z,2026-09-22T08:30:00+0200,240.759995,EUR/MWh,DK1,DK_1,day_ahead_price,value,2026-09-26T15:06:23Z
2026-09-26T15:02:30Z,2026-09-26T17:02:30+0200,4930e006-bdcc-4091-b396-06a555c6b5b0,2026-09-22T06:45:00Z,2026-09-22T08:45:00+0200,204.98,EUR/MWh,DK1,DK_1,day_ahead_price,value,2026-09-26T15:06:23Z
2026-09-26T15:02:30Z,2026-09-26T17:02:30+0200,4930e006-bdcc-4091-b396-06a555c6b5b0,2026-09-22T07:00:00Z,2026-09-22T09:00:00+0200,247.25,EUR/MWh,DK1,DK_1,day_ahead_price,value,2026-09-26T15:06:23Z
2026-09-26T15:02:30Z,2026-09-26T17:02:30+0200,4930e006-bdcc-4091-b396-06a555c6b5b0,2026-09-22T07:15:00Z,2026-09-22T09:15:00+0200,217.559998,EUR/MWh,DK1,DK_1,day_ahead_price,value,2026-09-26T15:06:23Z
2026-09-26T15:02:30Z,2026-09-26T17:02:30+0200,4930e006-bdcc-4091-b396-06a555c6b5b0,2026-09-22T07:30:00Z,2026-09-22T09:30:00+0200,191.429993,EUR/MWh,DK1,DK_1,day_ahead_price,value,2026-09-26T15:06:23Z
2026-09-26T15:02:30Z,2026-09-26T17:02:30+0200,4930e006-bdcc-4091-b396-06a555c6b5b0,2026-09-22T07:45:00Z,2026-09-22T09:45:00+0200,166.18,EUR/MWh,DK1,DK_1,day_ahead_price,value,2026-09-26T15:06:23Z
2026-09-26T15:02:30Z,2026-09-26T17:02:30+0200,4930e006-bdcc-4091-b396-06a555c6b5b0,2026-09-22T08:00:00Z,2026-09-22T10:00:00+0200,185.199997,EUR/MWh,DK1,DK_1,day_ahead_price,value,2026-09-26T15:06:23Z
2026-09-26T15:02:30Z,2026-09-26T17:02:30+0200,4930e006-bdcc-4091-b396-06a555c6b5b0,2026-09-22T08:15:00Z,2026-09-22T10:15:00+0200,174.15,EUR/MWh,DK1,DK_1,day_ahead_price,value,2026-09-26T15:06:23Z
2026-09-26T15:02:30Z,2026-09-26T17:02:30+0200,4930e006-bdcc-4091-b396-06a555c6b5b0,2026-09-22T08:30:00Z,2026-09-22T10:30:00+0200,167.26,EUR/MWh,DK1,DK_1,day_ahead_price,value,2026-09-26T15:06:23Z
2026-09-26T15:02:30Z,2026-09-26T17:02:30+0200,4930e006-bdcc-4091-b396-06a555c6b5b0,2026-09-22T08:45:00Z,2026-09-22T10:45:00+0200,164.509995,EUR/MWh,DK1,DK_1,day_ahead_price,value,2026-09-26T15:06:23Z
2026-09-26T15:02:30Z,2026-09-26T17:02:30+0200,4930e006-bdcc-4091-b396-06a555c6b5b0,2026-09-22T09:00:00Z,2026-09-22T11:00:00+0200,163.54,EUR/MWh,DK1,DK_1,day_ahead_price,value,2026-09-26T15:06:23Z
2026-09-26T15:02:30Z,2026-09-26T17:02:30+0200,4930e006-bdcc-4091-b396-06a555c6b5b0,2026-09-22T09:15:00Z,2026-09-22T11:15:00+0200,151.100006,EUR/MWh,DK1,DK_1,day_ahead_price,value,2026-09-26T15:06:23Z
2026-09-26T15:02:30Z,2026-09-26T17:02:30+0200,4930e006-bdcc-4091-b396-06a555c6b5b0,2026-09-22T09:30:00Z,2026-09-22T11:30:00+0200,144.98,EUR/MWh,DK1,DK_1,day_ahead_price,value,2026-09-26T15:06:23Z
2026-09-26T15:02:30Z,2026-09-26T17:02:30+0200,4930e006-bdcc-4091-b396-06a555c6b5b0,2026-09-22T09:45:00Z,2026-09-22T11:45:00+0200,137.479996,EUR/MWh,DK1,DK_1,day_ahead_price,value,2026-09-26T15:06:23Z
2026-09-26T15:02:30Z,2026-09-26T17:02:30+0200,4930e006-bdcc-4091-b396-06a555c6b5b0,2026-09-22T10:00:00Z,2026-09-22T12:00:00+0200,129.660004,EUR/MWh,DK1,DK_1,day_ahead_price,value,2026-09-26T15:06:23Z
2026-09-26T15:02:30Z,2026-09-26T17:02:30+0200,4930e006-bdcc-4091-b396-06a555c6b5b0,2026-09-22T10:15:00Z,2026-09-22T12:15:00+0200,129.949997,EUR/MWh,DK1,DK_1,day_ahead_price,value,2026-09-26T15:06:23Z
2026-09-26T15:02:30Z,2026-09-26T17:02:30+0200,4930e006-bdcc-4091-b396-06a555c6b5b0,2026-09-22T10:30:00Z,2026-09-22T12:30:00+0200,124.650002,EUR/MWh,DK1,DK_1,day_ahead_price,value,2026-09-26T15:06:23Z
2026-09-26T15:02:30Z,2026-09-26T17:02:30+0200,4930e006-bdcc-4091-b396-06a555c6b5b0,2026-09-22T10:45:00Z,2026-09-22T12:45:00+0200,120.260002,EUR/MWh,DK1,DK_1,day_ahead_price,value,2026-09-26T15:06:23Z
2026-09-26T15:02:30Z,2026-09-26T17:02:30+0200,4930e006-bdcc-4091-b396-06a555c6b5b0,2026-09-22T11:00:00Z,2026-09-22T13:00:00+0200,123.89,EUR/MWh,DK1,DK_1,day_ahead_price,value,2026-09-26T15:06:23Z
2026-09-26T15:02:30Z,2026-09-26T17:02:30+0200,4930e006-bdcc-4091-b396-06a555c6b5b0,2026-09-22T11:15:00Z,2026-09-22T13:15:00+0200,121.57,EUR/MWh,DK1,DK_1,day_ahead_price,value,2026-09-26T15:06:23Z
2026-09-26T15:02:30Z,2026-09-26T17:02:30+0200,4930e006-bdcc-4091-b396-06a555c6b5b0,2026-09-22T11:30:00Z,2026-09-22T13:30:00+0200,120.29,EUR/MWh,DK1,DK_1,day_ahead_price,value,2026-09-26T15:06:23Z
2026-09-26T15:02:30Z,2026-09-26T17:02:30+0200,4930e006-bdcc-4091-b396-06a555c6b5b0,2026-09-22T11:45:00Z,2026-09-22T13:45:00+0200,118.04,EUR/MWh,DK1,DK_1,day_ahead_price,value,2026-09-26T15:06:23Z
2026-09-26T15:02:30Z,2026-09-26T17:02:30+0200,4930e006-bdcc-4091-b396-06a555c6b5b0,2026-09-22T12:00:00Z,2026-09-22T14:00:00+0200,122.410004,EUR/MWh,DK1,DK_1,day_ahead_price,value,2026-09-26T15:06:23Z
2026-09-26T15:02:30Z,2026-09-26T17:02:30+0200,4930e006-bdcc-4091-b396-06a555c6b5b0,2026-09-22T12:15:00Z,2026-09-22T14:15:00+0200,125.36,EUR/MWh,DK1,DK_1,day_ahead_price,value,2026-09-26T15:06:23Z
2026-09-26T15:02:30Z,2026-09-26T17:02:30+0200,4930e006-bdcc-4091-b396-06a555c6b5b0,2026-09-22T12:30:00Z,2026-09-22T14:30:00+0200,122.76,EUR/MWh,DK1,DK_1,day_ahead_price,value,2026-09-26T15:06:23Z
2026-09-26T15:02:30Z,2026-09-26T17:02:30+0200,4930e006-bdcc-4091-b396-06a555c6b5b0,2026-09-22T12:45:00Z,2026-09-22T14:45:00+0200,126.459999,EUR/MWh,DK1,DK_1,day_ahead_price,value,2026-09-26T15:06:23Z
2026-09-26T15:02:30Z,2026-09-26T17:02:30+0200,4930e006-bdcc-4091-b396-06a555c6b5b0,2026-09-22T13:00:00Z,2026-09-22T15:00:00+0200,127.34,EUR/MWh,DK1,DK_1,day_ahead_price,value,2026-09-26T15:06:23Z
2026-09-26T15:02:30Z,2026-09-26T17:02:30+0200,4930e006-bdcc-4091-b396-06a555c6b5b0,2026-09-22T13:15:00Z,2026-09-22T15:15:00+0200,130.229996,EUR/MWh,DK1,DK_1,day_ahead_price,value,2026-09-26T15:06:23Z
2026-09-26T15:02:30Z,2026-09-26T17:02:30+0200,4930e006-bdcc-4091-b396-06a555c6b5b0,2026-09-22T13:30:00Z,2026-09-22T15:30:00+0200,138.52,EUR/MWh,DK1,DK_1,day_ahead_price,value,2026-09-26T15:06:23Z
2026-09-26T15:02:30Z,2026-09-26T17:02:30+0200,4930e006-bdcc-4091-b396-06a555c6b5b0,2026-09-22T13:45:00Z,2026-09-22T15:45:00+0200,150.08,EUR/MWh,DK1,DK_1,day_ahead_price,value,2026-09-26T15:06:23Z
2026-09-26T15:02:30Z,2026-09-26T17:02:30+0200,4930e006-bdcc-4091-b396-06a555c6b5b0,2026-09-22T14:00:00Z,2026-09-22T16:00:00+0200,145.869995,EUR/MWh,DK1,DK_1,day_ahead_price,value,2026-09-26T15:06:23Z
2026-09-26T15:02:30Z,2026-09-26T17:02:30+0200,4930e006-bdcc-4091-b396-06a555c6b5b0,2026-09-22T14:15:00Z,2026-09-22T16:15:00+0200,159.25,EUR/MWh,DK1,DK_1,day_ahead_price,value,2026-09-26T15:06:23Z
2026-09-26T15:02:30Z,2026-09-26T17:02:30+0200,4930e006-bdcc-4091-b396-06a555c6b5b0,2026-09-22T14:30:00Z,2026-09-22T16:30:00+0200,184.009995,EUR/MWh,DK1,DK_1,day_ahead_price,value,2026-09-26T15:06:23Z
2026-09-26T15:02:30Z,2026-09-26T17:02:30+0200,4930e006-bdcc-4091-b396-06a555c6b5b0,2026-09-22T14:45:00Z,2026-09-22T16:45:00+0200,211.17,EUR/MWh,DK1,DK_1,day_ahead_price,value,2026-09-26T15:06:23Z
2026-09-26T15:02:30Z,2026-09-26T17:02:30+0200,4930e006-bdcc-4091-b396-06a555c6b5b0,2026-09-22T15:00:00Z,2026-09-22T17:00:00+0200,162.86,EUR/MWh,DK1,DK_1,day_ahead_price,value,2026-09-26T15:06:23Z
2026-09-26T15:02:30Z,2026-09-26T17:02:30+0200,4930e006-bdcc-4091-b396-06a555c6b5b0,2026-09-22T15:15:00Z,2026-09-22T17:15:00+0200,209.419998,EUR/MWh,DK1,DK_1,day_ahead_price,value,2026-09-26T15:06:23Z
2026-09-26T15:02:30Z,2026-09-26T17:02:30+0200,4930e006-bdcc-4091-b396-06a555c6b5b0,2026-09-22T15:30:00Z,2026-09-22T17:30:00+0200,240.01,EUR/MWh,DK1,DK_1,day_ahead_price,value,2026-09-26T15:06:23Z
2026-09-26T15:02:30Z,2026-09-26T17:02:30+0200,4930e006-bdcc-4091-b396-06a555c6b5b0,2026-09-22T15:45:00Z,2026-09-22T17:45:00+0200,286.549988,EUR/MWh,DK1,DK_1,day_ahead_price,value,2026-09-26T15:06:23Z
2026-09-26T15:02:30Z,2026-09-26T17:02:30+0200,4930e006-bdcc-4091-b396-06a555c6b5b0,2026-09-22T16:00:00Z,2026-09-22T18:00:00+0200,254.76,EUR/MWh,DK1,DK_1,day_ahead_price,value,2026-09-26T15:06:23Z
2026-09-26T15:02:30Z,2026-09-26T17:02:30+0200,4930e006-bdcc-4091-b396-06a555c6b5b0,2026-09-22T16:15:00Z,2026-09-22T18:15:00+0200,321.77,EUR/MWh,DK1,DK_1,day_ahead_price,value,2026-09-26T15:06:23Z
2026-09-26T15:02:30Z,2026-09-26T17:02:30+0200,4930e006-bdcc-4091-b396-06a555c6b5b0,2026-09-22T16:30:00Z,2026-09-22T18:30:00+0200,424.59,EUR/MWh,DK1,DK_1,day_ahead_price,value,2026-09-26T15:06:23Z
2026-09-26T15:02:30Z,2026-09-26T17:02:30+0200,4930e006-bdcc-4091-b396-06a555c6b5b0,2026-09-22T16:45:00Z,2026-09-22T18:45:00+0200,519.64,EUR/MWh,DK1,DK_1,day_ahead_price,value,2026-09-26T15:06:23Z
2026-09-26T15:02:30Z,2026-09-26T17:02:30+0200,4930e006-bdcc-4091-b396-06a555c6b5b0,2026-09-22T17:00:00Z,2026-09-22T19:00:00+0200,577.12,EUR/MWh,DK1,DK_1,day_ahead_price,value,2026-09-26T15:06:23Z
2026-09-26T15:02:30Z,2026-09-26T17:02:30+0200,4930e006-bdcc-4091-b396-06a555c6b5b0,2026-09-22T17:15:00Z,2026-09-22T19:15:00+0200,663.25,EUR/MWh,DK1,DK_1,day_ahead_price,value,2026-09-26T15:06:23Z
2026-09-26T15:02:30Z,2026-09-26T17:02:30+0200,4930e006-bdcc-4091-b396-06a555c6b5b0,2026-09-22T17:30:00Z,2026-09-22T19:30:00+0200,655.299988,EUR/MWh,DK1,DK_1,day_ahead_price,value,2026-09-26T15:06:23Z
2026-09-26T15:02:30Z,2026-09-26T17:02:30+0200,4930e006-bdcc-4091-b396-06a555c6b5b0,2026-09-22T17:45:00Z,2026-09-22T19:45:00+0200,542.94,EUR/MWh,DK1,DK_1,day_ahead_price,value,2026-09-26T15:06:23Z
2026-09-26T15:02:30Z,2026-09-26T17:02:30+0200,4930e006-bdcc-4091-b396-06a555c6b5b0,2026-09-22T18:00:00Z,2026-09-22T20:00:00+0200,553.85,EUR/MWh,DK1,DK_1,day_ahead_price,value,2026-09-26T15:06:23Z
2026-09-26T15:02:30Z,2026-09-26T17:02:30+0200,4930e006-bdcc-4091-b396-06a555c6b5b0,2026-09-22T18:15:00Z,2026-09-22T20:15:00+0200,448.549988,EUR/MWh,DK1,DK_1,day_ahead_price,value,2026-09-26T15:06:23Z
2026-09-26T15:02:30Z,2026-09-26T17:02:30+0200,4930e006-bdcc-4091-b396-06a555c6b5b0,2026-09-22T18:30:00Z,2026-09-22T20:30:00+0200,393.720001,EUR/MWh,DK1,DK_1,day_ahead_price,value,2026-09-26T15:06:23Z
2026-09-26T15:02:30Z,2026-09-26T17:02:30+0200,4930e006-bdcc-4091-b396-06a555c6b5b0,2026-09-22T18:45:00Z,2026-09-22T20:45:00+0200,360.940002,EUR/MWh,DK1,DK_1,day_ahead_price,value,2026-09-26T15:06:23Z
2026-09-26T15:02:30Z,2026-09-26T17:02:30+0200,4930e006-bdcc-4091-b396-06a555c6b5b0,2026-09-22T19:00:00Z,2026-09-22T21:00:00+0200,317.48999,EUR/MWh,DK1,DK_1,day_ahead_price,value,2026-09-26T15:06:23Z
2026-09-26T15:02:30Z,2026-09-26T17:02:30+0200,4930e006-bdcc-4091-b396-06a555c6b5b0,2026-09-22T19:15:00Z,2026-09-22T21:15:00+0200,294.5,EUR/MWh,DK1,DK_1,day_ahead_price,value,2026-09-26T15:06:23Z
2026-09-26T15:02:30Z,2026-09-26T17:02:30+0200,4930e006-bdcc-4091-b396-06a555c6b5b0,2026-09-22T19:30:00Z,2026-09-22T21:30:00+0200,293.36,EUR/MWh,DK1,DK_1,day_ahead_price,value,2026-09-26T15:06:23Z
2026-09-26T15:02:30Z,2026-09-26T17:02:30+0200,4930e006-bdcc-4091-b396-06a555c6b5b0,2026-09-22T19:45:00Z,2026-09-22T21:45:00+0200,257.4,EUR/MWh,DK1,DK_1,day_ahead_price,value,2026-09-26T15:06:23Z
2026-09-26T15:02:30Z,2026-09-26T17:02:30+0200,4930e006-bdcc-4091-b396-06a555c6b5b0,2026-09-22T20:00:00Z,2026-09-22T22:00:00+0200,258.980011,EUR/MWh,DK1,DK_1,day_ahead_price,value,2026-09-26T15:06:23Z
2026-09-26T15:02:30Z,2026-09-26T17:02:30+0200,4930e006-bdcc-4091-b396-06a555c6b5b0,2026-09-22T20:15:00Z,2026-09-22T22:15:00+0200,253.68,EUR/MWh,DK1,DK_1,day_ahead_price,value,2026-09-26T15:06:23Z
2026-09-26T15:02:30Z,2026-09-26T17:02:30+0200,4930e006-bdcc-4091-b396-06a555c6b5b0,2026-09-22T20:30:00Z,2026-09-22T22:30:00+0200,249.78,EUR/MWh,DK1,DK_1,day_ahead_price,value,2026-09-26T15:06:23Z
2026-09-26T15:02:30Z,2026-09-26T17:02:30+0200,4930e006-bdcc-4091-b396-06a555c6b5b0,2026-09-22T20:45:00Z,2026-09-22T22:45:00+0200,225.56,EUR/MWh,DK1,DK_1,day_ahead_price,value,2026-09-26T15:06:23Z
2026-09-26T15:02:30Z,2026-09-26T17:02:30+0200,4930e006-bdcc-4091-b396-06a555c6b5b0,2026-09-22T21:00:00Z,2026-09-22T23:00:00+0200,226.029999,EUR/MWh,DK1,DK_1,day_ahead_price,value,2026-09-26T15:06:23Z
2026-09-26T15:02:30Z,2026-09-26T17:02:30+0200,4930e006-bdcc-4091-b396-06a555c6b5b0,2026-09-22T21:15:00Z,2026-09-22T23:15:00+0200,214.54,EUR/MWh,DK1,DK_1,day_ahead_price,value,2026-09-26T15:06:23Z
2026-09-26T15:02:30Z,2026-09-26T17:02:30+0200,4930e006-bdcc-4091-b396-06a555c6b5b0,2026-09-22T21:30:00Z,2026-09-22T23:30:00+0200,210.210007,EUR/MWh,DK1,DK_1,day_ahead_price,value,2026-09-26T15:06:23Z
2026-09-26T15:02:30Z,2026-09-26T17:02:30+0200,4930e006-bdcc-4091-b396-06a555c6b5b0,2026-09-22T21:45:00Z,2026-09-22T23:45:00+0200,201.18,EUR/MWh,DK1,DK_1,day_ahead_price,value,2026-09-26T15:06:23Z
2026-09-26T15:02:30Z,2026-09-26T17:02:30+0200,4930e006-bdcc-4091-b396-06a555c6b5b0,2026-09-22T22:00:00Z,2026-09-23T00:00:00+0200,194.5,EUR/MWh,DK1,DK_1,day_ahead_price,value,2026-09-26T15:06:23Z
2026-09-26T15:02:30Z,2026-09-26T17:02:30+0200,4930e006-bdcc-4091-b396-06a555c6b5b0,2026-09-22T22:15:00Z,2026-09-23T00:15:00+0200,188.53,EUR/MWh,DK1,DK_1,day_ahead_price,value,2026-09-26T15:06:23Z
2026-09-26T15:02:30Z,2026-09-26T17:02:30+0200,4930e006-bdcc-4091-b396-06a555c6b5b0,2026-09-22T22:30:00Z,2026-09-23T00:30:00+0200,190.19,EUR/MWh,DK1,DK_1,day_ahead_price,value,2026-09-26T15:06:23Z
2026-09-26T15:02:30Z,2026-09-26T17:02:30+0200,4930e006-bdcc-4091-b396-06a555c6b5b0,2026-09-22T22:45:00Z,2026-09-23T00:45:00+0200,182.04,EUR/MWh,DK1,DK_1,day_ahead_price,value,2026-09-26T15:06:23Z
2026-09-26T15:02:30Z,2026-09-26T17:02:30+0200,4930e006-bdcc-4091-b396-06a555c6b5b0,2026-09-22T23:00:00Z,2026-09-23T01:00:00+0200,181.58,EUR/MWh,DK1,DK_1,day_ahead_price,value,2026-09-26T15:06:23Z
2026-09-26T15:02:30Z,2026-09-26T17:02:30+0200,4930e006-bdcc-4091-b396-06a555c6b5b0,2026-09-22T23:15:00Z,2026-09-23T01:15:00+0200,174.9,EUR/MWh,DK1,DK_1,day_ahead_price,value,2026-09-26T15:06:23Z
2026-09-26T15:02:30Z,2026-09-26T17:02:30+0200,4930e006-bdcc-4091-b396-06a555c6b5b0,2026-09-22T23:30:00Z,2026-09-23T01:30:00+0200,173.68,EUR/MWh,DK1,DK_1,day_ahead_price,value,2026-09-26T15:06:23Z
2026-09-26T15:02:30Z,2026-09-26T17:02:30+0200,4930e006-bdcc-4091-b396-06a555c6b5b0,2026-09-22T23:45:00Z,2026-09-23T01:45:00+0200,178.89,EUR/MWh,DK1,DK_1,day_ahead_price,value,2026-09-26T15:06:23Z
2026-09-26T15:02:30Z,2026-09-26T17:02:30+0200,4930e006-bdcc-4091-b396-06a555c6b5b0,2026-09-23T00:00:00Z,2026-09-23T02:00:00+0200,174.52,EUR/MWh,DK1,DK_1,day_ahead_price,value,2026-09-26T15:06:23Z
2026-09-26T15:02:30Z,2026-09-26T17:02:30+0200,4930e006-bdcc-4091-b396-06a555c6b5b0,2026-09-23T00:15:00Z,2026-09-23T02:15:00+0200,171.09,EUR/MWh,DK1,DK_1,day_ahead_price,value,2026-09-26T15:06:23Z
2026-09-26T15:02:30Z,2026-09-26T17:02:30+0200,4930e006-bdcc-4091-b396-06a555c6b5b0,2026-09-23T00:30:00Z,2026-09-23T02:30:00+0200,176.9,EUR/MWh,DK1,DK_1,day_ahead_price,value,2026-09-26T15:06:23Z
2026-09-26T15:02:30Z,2026-09-26T17:02:30+0200,4930e006-bdcc-4091-b396-06a555c6b5b0,2026-09-23T00:45:00Z,2026-09-23T02:45:00+0200,182.51,EUR/MWh,DK1,DK_1,day_ahead_price,value,2026-09-26T15:06:23Z
2026-09-26T15:02:30Z,2026-09-26T17:02:30+0200,4930e006-bdcc-4091-b396-06a555c6b5b0,2026-09-23T01:00:00Z,2026-09-23T03:00:00+0200,176.04,EUR/MWh,DK1,DK_1,day_ahead_price,value,2026-09-26T15:06:23Z
2026-09-26T15:02:30Z,2026-09-26T17:02:30+0200,4930e006-bdcc-4091-b396-06a555c6b5b0,2026-09-23T01:15:00Z,2026-09-23T03:15:00+0200,177.93,EUR/MWh,DK1,DK_1,day_ahead_price,value,2026-09-26T15:06:23Z
2026-09-26T15:02:30Z,2026-09-26T17:02:30+0200,4930e006-bdcc-4091-b396-06a555c6b5b0,2026-09-23T01:30:00Z,2026-09-23T03:30:00+0200,178.12,EUR/MWh,DK1,DK_1,day_ahead_price,value,2026-09-26T15:06:23Z
2026-09-26T15:02:30Z,2026-09-26T17:02:30+0200,4930e006-bdcc-4091-b396-06a555c6b5b0,2026-09-23T01:45:00Z,2026-09-23T03:45:00+0200,173.09,EUR/MWh,DK1,DK_1,day_ahead_price,value,2026-09-26T15:06:23Z
2026-09-26T15:02:30Z,2026-09-26T17:02:30+0200,4930e006-bdcc-4091-b396-06a555c6b5b0,2026-09-23T02:00:00Z,2026-09-23T04:00:00+0200,172.74,EUR/MWh,DK1,DK_1,day_ahead_price,value,2026-09-26T15:06:23Z
2026-09-26T15:02:30Z,2026-09-26T17:02:30+0200,4930e006-bdcc-4091-b396-06a555c6b5b0,2026-09-23T02:15:00Z,2026-09-23T04:15:00+0200,177.55,EUR/MWh,DK1,DK_1,day_ahead_price,value,2026-09-26T15:06:23Z
2026-09-26T15:02:30Z,2026-09-26T17:02:30+0200,4930e006-bdcc-4091-b396-06a555c6b5b0,2026-09-23T02:30:00Z,2026-09-23T04:30:00+0200,177.81,EUR/MWh,DK1,DK_1,day_ahead_price,value,2026-09-26T15:06:23Z
2026-09-26T15:02:30Z,2026-09-26T17:02:30+0200,4930e006-bdcc-4091-b396-06a555c6b5b0,2026-09-23T02:45:00Z,2026-09-23T04:45:00+0200,173.62,EUR/MWh,DK1,DK_1,day_ahead_price,value,2026-09-26T15:06:23Z
2026-09-26T15:02:30Z,2026-09-26T17:02:30+0200,4930e006-bdcc-4091-b396-06a555c6b5b0,2026-09-23T03:00:00Z,2026-09-23T05:00:00+0200,171.34,EUR/MWh,DK1,DK_1,day_ahead_price,value,2026-09-26T15:06:23Z
2026-09-26T15:02:30Z,2026-09-26T17:02:30+0200,4930e006-bdcc-4091-b396-06a555c6b5b0,2026-09-23T03:15:00Z,2026-09-23T05:15:00+0200,188.57,EUR/MWh,DK1,DK_1,day_ahead_price,value,2026-09-26T15:06:23Z
2026-09-26T15:02:30Z,2026-09-26T17:02:30+0200,4930e006-bdcc-4091-b396-06a555c6b5b0,2026-09-23T03:30:00Z,2026-09-23T05:30:00+0200,203.79,EUR/MWh,DK1,DK_1,day_ahead_price,value,2026-09-26T15:06:23Z
2026-09-26T15:02:30Z,2026-09-26T17:02:30+0200,4930e006-bdcc-4091-b396-06a555c6b5b0,2026-09-23T03:45:00Z,2026-09-23T05:45:00+0200,235.17,EUR/MWh,DK1,DK_1,day_ahead_price,value,2026-09-26T15:06:23Z
2026-09-26T15:02:30Z,2026-09-26T17:02:30+0200,4930e006-bdcc-4091-b396-06a555c6b5b0,2026-09-23T04:00:00Z,2026-09-23T06:00:00+0200,242.95,EUR/MWh,DK1,DK_1,day_ahead_price,value,2026-09-26T15:06:23Z
2026-09-26T15:02:30Z,2026-09-26T17:02:30+0200,4930e006-bdcc-4091-b396-06a555c6b5b0,2026-09-23T04:15:00Z,2026-09-23T06:15:00+0200,268.88,EUR/MWh,DK1,DK_1,day_ahead_price,value,2026-09-26T15:06:23Z
2026-09-26T15:02:30Z,2026-09-26T17:02:30+0200,4930e006-bdcc-4091-b396-06a555c6b5b0,2026-09-23T04:30:00Z,2026-09-23T06:30:00+0200,372.7,EUR/MWh,DK1,DK_1,day_ahead_price,value,2026-09-26T15:06:23Z
2026-09-26T15:02:30Z,2026-09-26T17:02:30+0200,4930e006-bdcc-4091-b396-06a555c6b5b0,2026-09-23T04:45:00Z,2026-09-23T06:45:00+0200,365.23,EUR/MWh,DK1,DK_1,day_ahead_price,value,2026-09-26T15:06:23Z
2026-09-26T15:02:30Z,2026-09-26T17:02:30+0200,4930e006-bdcc-4091-b396-06a555c6b5b0,2026-09-23T05:00:00Z,2026-09-23T07:00:00+0200,388.68,EUR/MWh,DK1,DK_1,day_ahead_price,value,2026-09-26T15:06:23Z
2026-09-26T15:02:30Z,2026-09-26T17:02:30+0200,4930e006-bdcc-4091-b396-06a555c6b5b0,2026-09-23T05:15:00Z,2026-09-23T07:15:00+0200,402.9,EUR/MWh,DK1,DK_1,day_ahead_price,value,2026-09-26T15:06:23Z
2026-09-26T15:02:30Z,2026-09-26T17:02:30+0200,4930e006-bdcc-4091-b396-06a555c6b5b0,2026-09-23T05:30:00Z,2026-09-23T07:30:00+0200,352.6,EUR/MWh,DK1,DK_1,day_ahead_price,value,2026-09-26T15:06:23Z
2026-09-26T15:02:30Z,2026-09-26T17:02:30+0200,4930e006-bdcc-4091-b396-06a555c6b5b0,2026-09-23T05:45:00Z,2026-09-23T07:45:00+0200,281.37,EUR/MWh,DK1,DK_1,day_ahead_price,value,2026-09-26T15:06:23Z
2026-09-26T15:02:30Z,2026-09-26T17:02:30+0200,4930e006-bdcc-4091-b396-06a555c6b5b0,2026-09-23T06:00:00Z,2026-09-23T08:00:00+0200,274.44,EUR/MWh,DK1,DK_1,day_ahead_price,value,2026-09-26T15:06:23Z
2026-09-26T15:02:30Z,2026-09-26T17:02:30+0200,4930e006-bdcc-4091-b396-06a555c6b5b0,2026-09-23T06:15:00Z,2026-09-23T08:15:00+0200,240.5,EUR/MWh,DK1,DK_1,day_ahead_price,value,2026-09-26T15:06:23Z
2026-09-26T15:02:30Z,2026-09-26T17:02:30+0200,4930e006-bdcc-4091-b396-06a555c6b5b0,2026-09-23T06:30:00Z,2026-09-23T08:30:00+0200,224.31,EUR/MWh,DK1,DK_1,day_ahead_price,value,2026-09-26T15:06:23Z
2026-09-26T15:02:30Z,2026-09-26T17:02:30+0200,4930e006-bdcc-4091-b396-06a555c6b5b0,2026-09-23T06:45:00Z,2026-09-23T08:45:00+0200,189.12,EUR/MWh,DK1,DK_1,day_ahead_price,value,2026-09-26T15:06:23Z
2026-09-26T15:02:30Z,2026-09-26T17:02:30+0200,4930e006-bdcc-4091-b396-06a555c6b5b0,2026-09-23T07:00:00Z,2026-09-23T09:00:00+0200,217.63,EUR/MWh,DK1,DK_1,day_ahead_price,value,2026-09-26T15:06:23Z
2026-09-26T15:02:30Z,2026-09-26T17:02:30+0200,4930e006-bdcc-4091-b396-06a555c6b5b0,2026-09-23T07:15:00Z,2026-09-23T09:15:00+0200,193.88,EUR/MWh,DK1,DK_1,day_ahead_price,value,2026-09-26T15:06:23Z
2026-09-26T15:02:30Z,2026-09-26T17:02:30+0200,4930e006-bdcc-4091-b396-06a555c6b5b0,2026-09-23T07:30:00Z,2026-09-23T09:30:00+0200,170.82,EUR/MWh,DK1,DK_1,day_ahead_price,value,2026-09-26T15:06:23Z
2026-09-26T15:02:30Z,2026-09-26T17:02:30+0200,4930e006-bdcc-4091-b396-06a555c6b5b0,2026-09-23T07:45:00Z,2026-09-23T09:45:00+0200,146.46,EUR/MWh,DK1,DK_1,day_ahead_price,value,2026-09-26T15:06:23Z
2026-09-26T15:02:30Z,2026-09-26T17:02:30+0200,4930e006-bdcc-4091-b396-06a555c6b5b0,2026-09-23T08:00:00Z,2026-09-23T10:00:00+0200,166.24,EUR/MWh,DK1,DK_1,day_ahead_price,value,2026-09-26T15:06:23Z
2026-09-26T15:02:30Z,2026-09-26T17:02:30+0200,4930e006-bdcc-4091-b396-06a555c6b5b0,2026-09-23T08:15:00Z,2026-09-23T10:15:00+0200,148.1,EUR/MWh,DK1,DK_1,day_ahead_price,value,2026-09-26T15:06:23Z
2026-09-26T15:02:30Z,2026-09-26T17:02:30+0200,4930e006-bdcc-4091-b396-06a555c6b5b0,2026-09-23T08:30:00Z,2026-09-23T10:30:00+0200,134.95,EUR/MWh,DK1,DK_1,day_ahead_price,value,2026-09-26T15:06:23Z
2026-09-26T15:02:30Z,2026-09-26T17:02:30+0200,4930e006-bdcc-4091-b396-06a555c6b5b0,2026-09-23T08:45:00Z,2026-09-23T10:45:00+0200,124.56,EUR/MWh,DK1,DK_1,day_ahead_price,value,2026-09-26T15:06:23Z
2026-09-26T15:02:30Z,2026-09-26T17:02:30+0200,4930e006-bdcc-4091-b396-06a555c6b5b0,2026-09-23T09:00:00Z,2026-09-23T11:00:00+0200,132.36,EUR/MWh,DK1,DK_1,day_ahead_price,value,2026-09-26T15:06:23Z
2026-09-26T15:02:30Z,2026-09-26T17:02:30+0200,4930e006-bdcc-4091-b396-06a555c6b5b0,2026-09-23T09:15:00Z,2026-09-23T11:15:00+0200,124.84,EUR/MWh,DK1,DK_1,day_ahead_price,value,2026-09-26T15:06:23Z
2026-09-26T15:02:30Z,2026-09-26T17:02:30+0200,4930e006-bdcc-4091-b396-06a555c6b5b0,2026-09-23T09:30:00Z,2026-09-23T11:30:00+0200,123.17,EUR/MWh,DK1,DK_1,day_ahead_price,value,2026-09-26T15:06:23Z
2026-09-26T15:02:30Z,2026-09-26T17:02:30+0200,4930e006-bdcc-4091-b396-06a555c6b5b0,2026-09-23T09:45:00Z,2026-09-23T11:45:00+0200,122.63,EUR/MWh,DK1,DK_1,day_ahead_price,value,2026-09-26T15:06:23Z
2026-09-26T15:02:30Z,2026-09-26T17:02:30+0200,4930e006-bdcc-4091-b396-06a555c6b5b0,2026-09-23T10:00:00Z,2026-09-23T12:00:00+0200,125.23,EUR/MWh,DK1,DK_1,day_ahead_price,value,2026-09-26T15:06:23Z
2026-09-26T15:02:30Z,2026-09-26T17:02:30+0200,4930e006-bdcc-4091-b396-06a555c6b5b0,2026-09-23T10:15:00Z,2026-09-23T12:15:00+0200,124.75,EUR/MWh,DK1,DK_1,day_ahead_price,value,2026-09-26T15:06:23Z
2026-09-26T15:02:30Z,2026-09-26T17:02:30+0200,4930e006-bdcc-4091-b396-06a555c6b5b0,2026-09-23T10:30:00Z,2026-09-23T12:30:00+0200,122.46,EUR/MWh,DK1,DK_1,day_ahead_price,value,2026-09-26T15:06:23Z
2026-09-26T15:02:30Z,2026-09-26T17:02:30+0200,4930e006-bdcc-4091-b396-06a555c6b5b0,2026-09-23T10:45:00Z,2026-09-23T12:45:00+0200,120.64,EUR/MWh,DK1,DK_1,day_ahead_price,value,2026-09-26T15:06:23Z
2026-09-26T15:02:30Z,2026-09-26T17:02:30+0200,4930e006-bdcc-4091-b396-06a555c6b5b0,2026-09-23T11:00:00Z,2026-09-23T13:00:00+0200,119.98,EUR/MWh,DK1,DK_1,day_ahead_price,value,2026-09-26T15:06:23Z
2026-09-26T15:02:30Z,2026-09-26T17:02:30+0200,4930e006-bdcc-4091-b396-06a555c6b5b0,2026-09-23T11:15:00Z,2026-09-23T13:15:00+0200,120.27,EUR/MWh,DK1,DK_1,day_ahead_price,value,2026-09-26T15:06:23Z
2026-09-26T15:02:30Z,2026-09-26T17:02:30+0200,4930e006-bdcc-4091-b396-06a555c6b5b0,2026-09-23T11:30:00Z,2026-09-23T13:30:00+0200,118.76,EUR/MWh,DK1,DK_1,day_ahead_price,value,2026-09-26T15:06:23Z
2026-09-26T15:02:30Z,2026-09-26T17:02:30+0200,4930e006-bdcc-4091-b396-06a555c6b5b0,2026-09-23T11:45:00Z,2026-09-23T13:45:00+0200,118.57,EUR/MWh,DK1,DK_1,day_ahead_price,value,2026-09-26T15:06:23Z
2026-09-26T15:02:30Z,2026-09-26T17:02:30+0200,4930e006-bdcc-4091-b396-06a555c6b5b0,2026-09-23T12:00:00Z,2026-09-23T14:00:00+0200,118.57,EUR/MWh,DK1,DK_1,day_ahead_price,value,2026-09-26T15:06:23Z
2026-09-26T15:02:30Z,2026-09-26T17:02:30+0200,4930e006-bdcc-4091-b396-06a555c6b5b0,2026-09-23T12:15:00Z,2026-09-23T14:15:00+0200,117.4,EUR/MWh,DK1,DK_1,day_ahead_price,value,2026-09-26T15:06:23Z
2026-09-26T15:02:30Z,2026-09-26T17:02:30+0200,4930e006-bdcc-4091-b396-06a555c6b5b0,2026-09-23T12:30:00Z,2026-09-23T14:30:00+0200,111.92,EUR/MWh,DK1,DK_1,day_ahead_price,value,2026-09-26T15:06:23Z
2026-09-26T15:02:30Z,2026-09-26T17:02:30+0200,4930e006-bdcc-4091-b396-06a555c6b5b0,2026-09-23T12:45:00Z,2026-09-23T14:45:00+0200,115.21,EUR/MWh,DK1,DK_1,day_ahead_price,value,2026-09-26T15:06:23Z
2026-09-26T15:02:30Z,2026-09-26T17:02:30+0200,4930e006-bdcc-4091-b396-06a555c6b5b0,2026-09-23T13:00:00Z,2026-09-23T15:00:00+0200,101.27,EUR/MWh,DK1,DK_1,day_ahead_price,value,2026-09-26T15:06:23Z
2026-09-26T15:02:30Z,2026-09-26T17:02:30+0200,4930e006-bdcc-4091-b396-06a555c6b5b0,2026-09-23T13:15:00Z,2026-09-23T15:15:00+0200,101.98,EUR/MWh,DK1,DK_1,day_ahead_price,value,2026-09-26T15:06:23Z
2026-09-26T15:02:30Z,2026-09-26T17:02:30+0200,4930e006-bdcc-4091-b396-06a555c6b5b0,2026-09-23T13:30:00Z,2026-09-23T15:30:00+0200,124.53,EUR/MWh,DK1,DK_1,day_ahead_price,value,2026-09-26T15:06:23Z
2026-09-26T15:02:30Z,2026-09-26T17:02:30+0200,4930e006-bdcc-4091-b396-06a555c6b5b0,2026-09-23T13:45:00Z,2026-09-23T15:45:00+0200,139.9,EUR/MWh,DK1,DK_1,day_ahead_price,value,2026-09-26T15:06:23Z
2026-09-26T15:02:30Z,2026-09-26T17:02:30+0200,4930e006-bdcc-4091-b396-06a555c6b5b0,2026-09-23T14:00:00Z,2026-09-23T16:00:00+0200,122.91,EUR/MWh,DK1,DK_1,day_ahead_price,value,2026-09-26T15:06:23Z
2026-09-26T15:02:30Z,2026-09-26T17:02:30+0200,4930e006-bdcc-4091-b396-06a555c6b5b0,2026-09-23T14:15:00Z,2026-09-23T16:15:00+0200,146.46,EUR/MWh,DK1,DK_1,day_ahead_price,value,2026-09-26T15:06:23Z
2026-09-26T15:02:30Z,2026-09-26T17:02:30+0200,4930e006-bdcc-4091-b396-06a555c6b5b0,2026-09-23T14:30:00Z,2026-09-23T16:30:00+0200,163.7,EUR/MWh,DK1,DK_1,day_ahead_price,value,2026-09-26T15:06:23Z
2026-09-26T15:02:30Z,2026-09-26T17:02:30+0200,4930e006-bdcc-4091-b396-06a555c6b5b0,2026-09-23T14:45:00Z,2026-09-23T16:45:00+0200,187.87,EUR/MWh,DK1,DK_1,day_ahead_price,value,2026-09-26T15:06:23Z
2026-09-26T15:02:30Z,2026-09-26T17:02:30+0200,4930e006-bdcc-4091-b396-06a555c6b5b0,2026-09-23T15:00:00Z,2026-09-23T17:00:00+0200,154.47,EUR/MWh,DK1,DK_1,day_ahead_price,value,2026-09-26T15:06:23Z
2026-09-26T15:02:30Z,2026-09-26T17:02:30+0200,4930e006-bdcc-4091-b396-06a555c6b5b0,2026-09-23T15:15:00Z,2026-09-23T17:15:00+0200,183.32,EUR/MWh,DK1,DK_1,day_ahead_price,value,2026-09-26T15:06:23Z
2026-09-26T15:02:30Z,2026-09-26T17:02:30+0200,4930e006-bdcc-4091-b396-06a555c6b5b0,2026-09-23T15:30:00Z,2026-09-23T17:30:00+0200,208.01,EUR/MWh,DK1,DK_1,day_ahead_price,value,2026-09-26T15:06:23Z
2026-09-26T15:02:30Z,2026-09-26T17:02:30+0200,4930e006-bdcc-4091-b396-06a555c6b5b0,2026-09-23T15:45:00Z,2026-09-23T17:45:00+0200,234.16,EUR/MWh,DK1,DK_1,day_ahead_price,value,2026-09-26T15:06:23Z
2026-09-26T15:02:30Z,2026-09-26T17:02:30+0200,4930e006-bdcc-4091-b396-06a555c6b5b0,2026-09-23T16:00:00Z,2026-09-23T18:00:00+0200,202.13,EUR/MWh,DK1,DK_1,day_ahead_price,value,2026-09-26T15:06:23Z
2026-09-26T15:02:30Z,2026-09-26T17:02:30+0200,4930e006-bdcc-4091-b396-06a555c6b5b0,2026-09-23T16:15:00Z,2026-09-23T18:15:00+0200,221.07,EUR/MWh,DK1,DK_1,day_ahead_price,value,2026-09-26T15:06:23Z
2026-09-26T15:02:30Z,2026-09-26T17:02:30+0200,4930e006-bdcc-4091-b396-06a555c6b5b0,2026-09-23T16:30:00Z,2026-09-23T18:30:00+0200,251.4,EUR/MWh,DK1,DK_1,day_ahead_price,value,2026-09-26T15:06:23Z
2026-09-26T15:02:30Z,2026-09-26T17:02:30+0200,4930e006-bdcc-4091-b396-06a555c6b5b0,2026-09-23T16:45:00Z,2026-09-23T18:45:00+0200,234.04,EUR/MWh,DK1,DK_1,day_ahead_price,value,2026-09-26T15:06:23Z
2026-09-26T15:02:30Z,2026-09-26T17:02:30+0200,4930e006-bdcc-4091-b396-06a555c6b5b0,2026-09-23T17:00:00Z,2026-09-23T19:00:00+0200,267.88,EUR/MWh,DK1,DK_1,day_ahead_price,value,2026-09-26T15:06:23Z
2026-09-26T15:02:30Z,2026-09-26T17:02:30+0200,4930e006-bdcc-4091-b396-06a555c6b5b0,2026-09-23T17:15:00Z,2026-09-23T19:15:00+0200,254.05,EUR/MWh,DK1,DK_1,day_ahead_price,value,2026-09-26T15:06:23Z
2026-09-26T15:02:30Z,2026-09-26T17:02:30+0200,4930e006-bdcc-4091-b396-06a555c6b5b0,2026-09-23T17:30:00Z,2026-09-23T19:30:00+0200,258.29,EUR/MWh,DK1,DK_1,day_ahead_price,value,2026-09-26T15:06:23Z
2026-09-26T15:02:30Z,2026-09-26T17:02:30+0200,4930e006-bdcc-4091-b396-06a555c6b5b0,2026-09-23T17:45:00Z,2026-09-23T19:45:00+0200,252.58,EUR/MWh,DK1,DK_1,day_ahead_price,value,2026-09-26T15:06:23Z
2026-09-26T15:02:30Z,2026-09-26T17:02:30+0200,4930e006-bdcc-4091-b396-06a555c6b5b0,2026-09-23T18:00:00Z,2026-09-23T20:00:00+0200,262.38,EUR/MWh,DK1,DK_1,day_ahead_price,value,2026-09-26T15:06:23Z
2026-09-26T15:02:30Z,2026-09-26T17:02:30+0200,4930e006-bdcc-4091-b396-06a555c6b5b0,2026-09-23T18:15:00Z,2026-09-23T20:15:00+0200,250.59,EUR/MWh,DK1,DK_1,day_ahead_price,value,2026-09-26T15:06:23Z
2026-09-26T15:02:30Z,2026-09-26T17:02:30+0200,4930e006-bdcc-4091-b396-06a555c6b5b0,2026-09-23T18:30:00Z,2026-09-23T20:30:00+0200,221.8,EUR/MWh,DK1,DK_1,day_ahead_price,value,2026-09-26T15:06:23Z
2026-09-26T15:02:30Z,2026-09-26T17:02:30+0200,4930e006-bdcc-4091-b396-06a555c6b5b0,2026-09-23T18:45:00Z,2026-09-23T20:45:00+0200,211.35,EUR/MWh,DK1,DK_1,day_ahead_price,value,2026-09-26T15:06:23Z
2026-09-26T15:02:30Z,2026-09-26T17:02:30+0200,4930e006-bdcc-4091-b396-06a555c6b5b0,2026-09-23T19:00:00Z,2026-09-23T21:00:00+0200,213.27,EUR/MWh,DK1,DK_1,day_ahead_price,value,2026-09-26T15:06:23Z
2026-09-26T15:02:30Z,2026-09-26T17:02:30+0200,4930e006-bdcc-4091-b396-06a555c6b5b0,2026-09-23T19:15:00Z,2026-09-23T21:15:00+0200,205.52,EUR/MWh,DK1,DK_1,day_ahead_price,value,2026-09-26T15:06:23Z
2026-09-26T15:02:30Z,2026-09-26T17:02:30+0200,4930e006-bdcc-4091-b396-06a555c6b5b0,2026-09-23T19:30:00Z,2026-09-23T21:30:00+0200,189.13,EUR/MWh,DK1,DK_1,day_ahead_price,value,2026-09-26T15:06:23Z
2026-09-26T15:02:30Z,2026-09-26T17:02:30+0200,4930e006-bdcc-4091-b396-06a555c6b5b0,2026-09-23T19:45:00Z,2026-09-23T21:45:00+0200,167.44,EUR/MWh,DK1,DK_1,day_ahead_price,value,2026-09-26T15:06:23Z
2026-09-26T15:02:30Z,2026-09-26T17:02:30+0200,4930e006-bdcc-4091-b396-06a555c6b5b0,2026-09-23T20:00:00Z,2026-09-23T22:00:00+0200,181.02,EUR/MWh,DK1,DK_1,day_ahead_price,value,2026-09-26T15:06:23Z
2026-09-26T15:02:30Z,2026-09-26T17:02:30+0200,4930e006-bdcc-4091-b396-06a555c6b5b0,2026-09-23T20:15:00Z,2026-09-23T22:15:00+0200,167.99,EUR/MWh,DK1,DK_1,day_ahead_price,value,2026-09-26T15:06:23Z
2026-09-26T15:02:30Z,2026-09-26T17:02:30+0200,4930e006-bdcc-4091-b396-06a555c6b5b0,2026-09-23T20:30:00Z,2026-09-23T22:30:00+0200,162.72,EUR/MWh,DK1,DK_1,day_ahead_price,value,2026-09-26T15:06:23Z
2026-09-26T15:02:30Z,2026-09-26T17:02:30+0200,4930e006-bdcc-4091-b396-06a555c6b5b0,2026-09-23T20:45:00Z,2026-09-23T22:45:00+0200,158.92,EUR/MWh,DK1,DK_1,day_ahead_price,value,2026-09-26T15:06:23Z
2026-09-26T15:02:30Z,2026-09-26T17:02:30+0200,4930e006-bdcc-4091-b396-06a555c6b5b0,2026-09-23T21:00:00Z,2026-09-23T23:00:00+0200,165.08,EUR/MWh,DK1,DK_1,day_ahead_price,value,2026-09-26T15:06:23Z
2026-09-26T15:02:30Z,2026-09-26T17:02:30+0200,4930e006-bdcc-4091-b396-06a555c6b5b0,2026-09-23T21:15:00Z,2026-09-23T23:15:00+0200,151.96,EUR/MWh,DK1,DK_1,day_ahead_price,value,2026-09-26T15:06:23Z
2026-09-26T15:02:30Z,2026-09-26T17:02:30+0200,4930e006-bdcc-4091-b396-06a555c6b5b0,2026-09-23T21:30:00Z,2026-09-23T23:30:00+0200,147.16,EUR/MWh,DK1,DK_1,day_ahead_price,value,2026-09-26T15:06:23Z
2026-09-26T15:02:30Z,2026-09-26T17:02:30+0200,4930e006-bdcc-4091-b396-06a555c6b5b0,2026-09-23T21:45:00Z,2026-09-23T23:45:00+0200,140.62,EUR/MWh,DK1,DK_1,day_ahead_price,value,2026-09-26T15:06:23Z
2026-09-26T15:02:30Z,2026-09-26T17:02:30+0200,4930e006-bdcc-4091-b396-06a555c6b5b0,2026-09-23T22:00:00Z,2026-09-24T00:00:00+0200,100.059998,EUR/MWh,DK1,DK_1,day_ahead_price,value,2026-09-26T15:06:23Z
2026-09-26T15:02:30Z,2026-09-26T17:02:30+0200,4930e006-bdcc-4091-b396-06a555c6b5b0,2026-09-23T22:15:00Z,2026-09-24T00:15:00+0200,124.26,EUR/MWh,DK1,DK_1,day_ahead_price,value,2026-09-26T15:06:23Z
2026-09-26T15:02:30Z,2026-09-26T17:02:30+0200,4930e006-bdcc-4091-b396-06a555c6b5b0,2026-09-23T22:30:00Z,2026-09-24T00:30:00+0200,116.870003,EUR/MWh,DK1,DK_1,day_ahead_price,value,2026-09-26T15:06:23Z
2026-09-26T15:02:30Z,2026-09-26T17:02:30+0200,4930e006-bdcc-4091-b396-06a555c6b5b0,2026-09-23T22:45:00Z,2026-09-24T00:45:00+0200,113.300003,EUR/MWh,DK1,DK_1,day_ahead_price,value,2026-09-26T15:06:23Z
2026-09-26T15:02:30Z,2026-09-26T17:02:30+0200,4930e006-bdcc-4091-b396-06a555c6b5b0,2026-09-23T23:00:00Z,2026-09-24T01:00:00+0200,102.21,EUR/MWh,DK1,DK_1,day_ahead_price,value,2026-09-26T15:06:23Z
2026-09-26T15:02:30Z,2026-09-26T17:02:30+0200,4930e006-bdcc-4091-b396-06a555c6b5b0,2026-09-23T23:15:00Z,2026-09-24T01:15:00+0200,100.15,EUR/MWh,DK1,DK_1,day_ahead_price,value,2026-09-26T15:06:23Z
2026-09-26T15:02:30Z,2026-09-26T17:02:30+0200,4930e006-bdcc-4091-b396-06a555c6b5b0,2026-09-23T23:30:00Z,2026-09-24T01:30:00+0200,101.9,EUR/MWh,DK1,DK_1,day_ahead_price,value,2026-09-26T15:06:23Z
2026-09-26T15:02:30Z,2026-09-26T17:02:30+0200,4930e006-bdcc-4091-b396-06a555c6b5b0,2026-09-23T23:45:00Z,2026-09-24T01:45:00+0200,102.28,EUR/MWh,DK1,DK_1,day_ahead_price,value,2026-09-26T15:06:23Z
2026-09-26T15:02:30Z,2026-09-26T17:02:30+0200,4930e006-bdcc-4091-b396-06a555c6b5b0,2026-09-24T00:00:00Z,2026-09-24T02:00:00+0200,108.21,EUR/MWh,DK1,DK_1,day_ahead_price,value,2026-09-26T15:06:23Z
2026-09-26T15:02:30Z,2026-09-26T17:02:30+0200,4930e006-bdcc-4091-b396-06a555c6b5b0,2026-09-24T00:15:00Z,2026-09-24T02:15:00+0200,106.639999,EUR/MWh,DK1,DK_1,day_ahead_price,value,2026-09-26T15:06:23Z
2026-09-26T15:02:30Z,2026-09-26T17:02:30+0200,4930e006-bdcc-4091-b396-06a555c6b5b0,2026-09-24T00:30:00Z,2026-09-24T02:30:00+0200,106.199997,EUR/MWh,DK1,DK_1,day_ahead_price,value,2026-09-26T15:06:23Z
2026-09-26T15:02:30Z,2026-09-26T17:02:30+0200,4930e006-bdcc-4091-b396-06a555c6b5b0,2026-09-24T00:45:00Z,2026-09-24T02:45:00+0200,103.68,EUR/MWh,DK1,DK_1,day_ahead_price,value,2026-09-26T15:06:23Z
2026-09-26T15:02:30Z,2026-09-26T17:02:30+0200,4930e006-bdcc-4091-b396-06a555c6b5b0,2026-09-24T01:00:00Z,2026-09-24T03:00:00+0200,97.379997,EUR/MWh,DK1,DK_1,day_ahead_price,value,2026-09-26T15:06:23Z
2026-09-26T15:02:30Z,2026-09-26T17:02:30+0200,4930e006-bdcc-4091-b396-06a555c6b5b0,2026-09-24T01:15:00Z,2026-09-24T03:15:00+0200,97.06,EUR/MWh,DK1,DK_1,day_ahead_price,value,2026-09-26T15:06:23Z
2026-09-26T15:02:30Z,2026-09-26T17:02:30+0200,4930e006-bdcc-4091-b396-06a555c6b5b0,2026-09-24T01:30:00Z,2026-09-24T03:30:00+0200,93.39,EUR/MWh,DK1,DK_1,day_ahead_price,value,2026-09-26T15:06:23Z
2026-09-26T15:02:30Z,2026-09-26T17:02:30+0200,4930e006-bdcc-4091-b396-06a555c6b5b0,2026-09-24T01:45:00Z,2026-09-24T03:45:00+0200,92.17,EUR/MWh,DK1,DK_1,day_ahead_price,value,2026-09-26T15:06:23Z
2026-09-26T15:02:30Z,2026-09-26T17:02:30+0200,4930e006-bdcc-4091-b396-06a555c6b5b0,2026-09-24T02:00:00Z,2026-09-24T04:00:00+0200,92.04,EUR/MWh,DK1,DK_1,day_ahead_price,value,2026-09-26T15:06:23Z
2026-09-26T15:02:30Z,2026-09-26T17:02:30+0200,4930e006-bdcc-4091-b396-06a555c6b5b0,2026-09-24T02:15:00Z,2026-09-24T04:15:00+0200,92.190002,EUR/MWh,DK1,DK_1,day_ahead_price,value,2026-09-26T15:06:23Z
2026-09-26T15:02:30Z,2026-09-26T17:02:30+0200,4930e006-bdcc-4091-b396-06a555c6b5b0,2026-09-24T02:30:00Z,2026-09-24T04:30:00+0200,90.959999,EUR/MWh,DK1,DK_1,day_ahead_price,value,2026-09-26T15:06:23Z
2026-09-26T15:02:30Z,2026-09-26T17:02:30+0200,4930e006-bdcc-4091-b396-06a555c6b5b0,2026-09-24T02:45:00Z,2026-09-24T04:45:00+0200,95.86,EUR/MWh,DK1,DK_1,day_ahead_price,value,2026-09-26T15:06:23Z
2026-09-26T15:02:30Z,2026-09-26T17:02:30+0200,4930e006-bdcc-4091-b396-06a555c6b5b0,2026-09-24T03:00:00Z,2026-09-24T05:00:00+0200,101.64,EUR/MWh,DK1,DK_1,day_ahead_price,value,2026-09-26T15:06:23Z
2026-09-26T15:02:30Z,2026-09-26T17:02:30+0200,4930e006-bdcc-4091-b396-06a555c6b5b0,2026-09-24T03:15:00Z,2026-09-24T05:15:00+0200,107.89,EUR/MWh,DK1,DK_1,day_ahead_price,value,2026-09-26T15:06:23Z
2026-09-26T15:02:30Z,2026-09-26T17:02:30+0200,4930e006-bdcc-4091-b396-06a555c6b5b0,2026-09-24T03:30:00Z,2026-09-24T05:30:00+0200,110.56,EUR/MWh,DK1,DK_1,day_ahead_price,value,2026-09-26T15:06:23Z
2026-09-26T15:02:30Z,2026-09-26T17:02:30+0200,4930e006-bdcc-4091-b396-06a555c6b5b0,2026-09-24T03:45:00Z,2026-09-24T05:45:00+0200,115.09,EUR/MWh,DK1,DK_1,day_ahead_price,value,2026-09-26T15:06:23Z
2026-09-26T15:02:30Z,2026-09-26T17:02:30+0200,4930e006-bdcc-4091-b396-06a555c6b5b0,2026-09-24T04:00:00Z,2026-09-24T06:00:00+0200,111.74,EUR/MWh,DK1,DK_1,day_ahead_price,value,2026-09-26T15:06:23Z
2026-09-26T15:02:30Z,2026-09-26T17:02:30+0200,4930e006-bdcc-4091-b396-06a555c6b5b0,2026-09-24T04:15:00Z,2026-09-24T06:15:00+0200,132.190002,EUR/MWh,DK1,DK_1,day_ahead_price,value,2026-09-26T15:06:23Z
2026-09-26T15:02:30Z,2026-09-26T17:02:30+0200,4930e006-bdcc-4091-b396-06a555c6b5b0,2026-09-24T04:30:00Z,2026-09-24T06:30:00+0200,144.97,EUR/MWh,DK1,DK_1,day_ahead_price,value,2026-09-26T15:06:23Z
2026-09-26T15:02:30Z,2026-09-26T17:02:30+0200,4930e006-bdcc-4091-b396-06a555c6b5b0,2026-09-24T04:45:00Z,2026-09-24T06:45:00+0200,158.729996,EUR/MWh,DK1,DK_1,day_ahead_price,value,2026-09-26T15:06:23Z
2026-09-26T15:02:30Z,2026-09-26T17:02:30+0200,4930e006-bdcc-4091-b396-06a555c6b5b0,2026-09-24T05:00:00Z,2026-09-24T07:00:00+0200,148.449997,EUR/MWh,DK1,DK_1,day_ahead_price,value,2026-09-26T15:06:23Z
2026-09-26T15:02:30Z,2026-09-26T17:02:30+0200,4930e006-bdcc-4091-b396-06a555c6b5b0,2026-09-24T05:15:00Z,2026-09-24T07:15:00+0200,152.059998,EUR/MWh,DK1,DK_1,day_ahead_price,value,2026-09-26T15:06:23Z
2026-09-26T15:02:30Z,2026-09-26T17:02:30+0200,4930e006-bdcc-4091-b396-06a555c6b5b0,2026-09-24T05:30:00Z,2026-09-24T07:30:00+0200,157.4,EUR/MWh,DK1,DK_1,day_ahead_price,value,2026-09-26T15:06:23Z
2026-09-26T15:02:30Z,2026-09-26T17:02:30+0200,4930e006-bdcc-4091-b396-06a555c6b5b0,2026-09-24T05:45:00Z,2026-09-24T07:45:00+0200,153.79,EUR/MWh,DK1,DK_1,day_ahead_price,value,2026-09-26T15:06:23Z
2026-09-26T15:02:30Z,2026-09-26T17:02:30+0200,4930e006-bdcc-4091-b396-06a555c6b5b0,2026-09-24T06:00:00Z,2026-09-24T08:00:00+0200,165.71,EUR/MWh,DK1,DK_1,day_ahead_price,value,2026-09-26T15:06:23Z
2026-09-26T15:02:30Z,2026-09-26T17:02:30+0200,4930e006-bdcc-4091-b396-06a555c6b5b0,2026-09-24T06:15:00Z,2026-09-24T08:15:00+0200,155.919998,EUR/MWh,DK1,DK_1,day_ahead_price,value,2026-09-26T15:06:23Z
2026-09-26T15:02:30Z,2026-09-26T17:02:30+0200,4930e006-bdcc-4091-b396-06a555c6b5b0,2026-09-24T06:30:00Z,2026-09-24T08:30:00+0200,158.199997,EUR/MWh,DK1,DK_1,day_ahead_price,value,2026-09-26T15:06:23Z
2026-09-26T15:02:30Z,2026-09-26T17:02:30+0200,4930e006-bdcc-4091-b396-06a555c6b5b0,2026-09-24T06:45:00Z,2026-09-24T08:45:00+0200,148.76,EUR/MWh,DK1,DK_1,day_ahead_price,value,2026-09-26T15:06:23Z
2026-09-26T15:02:30Z,2026-09-26T17:02:30+0200,4930e006-bdcc-4091-b396-06a555c6b5b0,2026-09-24T07:00:00Z,2026-09-24T09:00:00+0200,157.600006,EUR/MWh,DK1,DK_1,day_ahead_price,value,2026-09-26T15:06:23Z
2026-09-26T15:02:30Z,2026-09-26T17:02:30+0200,4930e006-bdcc-4091-b396-06a555c6b5b0,2026-09-24T07:15:00Z,2026-09-24T09:15:00+0200,153.51,EUR/MWh,DK1,DK_1,day_ahead_price,value,2026-09-26T15:06:23Z
2026-09-26T15:02:30Z,2026-09-26T17:02:30+0200,4930e006-bdcc-4091-b396-06a555c6b5b0,2026-09-24T07:30:00Z,2026-09-24T09:30:00+0200,138.1,EUR/MWh,DK1,DK_1,day_ahead_price,value,2026-09-26T15:06:23Z
2026-09-26T15:02:30Z,2026-09-26T17:02:30+0200,4930e006-bdcc-4091-b396-06a555c6b5b0,2026-09-24T07:45:00Z,2026-09-24T09:45:00+0200,129.789993,EUR/MWh,DK1,DK_1,day_ahead_price,value,2026-09-26T15:06:23Z
2026-09-26T15:02:30Z,2026-09-26T17:02:30+0200,4930e006-bdcc-4091-b396-06a555c6b5b0,2026-09-24T08:00:00Z,2026-09-24T10:00:00+0200,134.979996,EUR/MWh,DK1,DK_1,day_ahead_price,value,2026-09-26T15:06:23Z
2026-09-26T15:02:30Z,2026-09-26T17:02:30+0200,4930e006-bdcc-4091-b396-06a555c6b5b0,2026-09-24T08:15:00Z,2026-09-24T10:15:00+0200,125.48,EUR/MWh,DK1,DK_1,day_ahead_price,value,2026-09-26T15:06:23Z
2026-09-26T15:02:30Z,2026-09-26T17:02:30+0200,4930e006-bdcc-4091-b396-06a555c6b5b0,2026-09-24T08:30:00Z,2026-09-24T10:30:00+0200,125.82,EUR/MWh,DK1,DK_1,day_ahead_price,value,2026-09-26T15:06:23Z
2026-09-26T15:02:30Z,2026-09-26T17:02:30+0200,4930e006-bdcc-4091-b396-06a555c6b5b0,2026-09-24T08:45:00Z,2026-09-24T10:45:00+0200,115.31,EUR/MWh,DK1,DK_1,day_ahead_price,value,2026-09-26T15:06:23Z
2026-09-26T15:02:30Z,2026-09-26T17:02:30+0200,4930e006-bdcc-4091-b396-06a555c6b5b0,2026-09-24T09:00:00Z,2026-09-24T11:00:00+0200,119.779999,EUR/MWh,DK1,DK_1,day_ahead_price,value,2026-09-26T15:06:23Z
2026-09-26T15:02:30Z,2026-09-26T17:02:30+0200,4930e006-bdcc-4091-b396-06a555c6b5b0,2026-09-24T09:15:00Z,2026-09-24T11:15:00+0200,109.61,EUR/MWh,DK1,DK_1,day_ahead_price,value,2026-09-26T15:06:23Z
2026-09-26T15:02:30Z,2026-09-26T17:02:30+0200,4930e006-bdcc-4091-b396-06a555c6b5b0,2026-09-24T09:30:00Z,2026-09-24T11:30:00+0200,88.88,EUR/MWh,DK1,DK_1,day_ahead_price,value,2026-09-26T15:06:23Z
2026-09-26T15:02:30Z,2026-09-26T17:02:30+0200,4930e006-bdcc-4091-b396-06a555c6b5b0,2026-09-24T09:45:00Z,2026-09-24T11:45:00+0200,77.17,EUR/MWh,DK1,DK_1,day_ahead_price,value,2026-09-26T15:06:23Z
2026-09-26T15:02:30Z,2026-09-26T17:02:30+0200,4930e006-bdcc-4091-b396-06a555c6b5b0,2026-09-24T10:00:00Z,2026-09-24T12:00:00+0200,79.900002,EUR/MWh,DK1,DK_1,day_ahead_price,value,2026-09-26T15:06:23Z
2026-09-26T15:02:30Z,2026-09-26T17:02:30+0200,4930e006-bdcc-4091-b396-06a555c6b5b0,2026-09-24T10:15:00Z,2026-09-24T12:15:00+0200,82.09,EUR/MWh,DK1,DK_1,day_ahead_price,value,2026-09-26T15:06:23Z
2026-09-26T15:02:30Z,2026-09-26T17:02:30+0200,4930e006-bdcc-4091-b396-06a555c6b5b0,2026-09-24T10:30:00Z,2026-09-24T12:30:00+0200,70.81,EUR/MWh,DK1,DK_1,day_ahead_price,value,2026-09-26T15:06:23Z
2026-09-26T15:02:30Z,2026-09-26T17:02:30+0200,4930e006-bdcc-4091-b396-06a555c6b5b0,2026-09-24T10:45:00Z,2026-09-24T12:45:00+0200,71.18,EUR/MWh,DK1,DK_1,day_ahead_price,value,2026-09-26T15:06:23Z
2026-09-26T15:02:30Z,2026-09-26T17:02:30+0200,4930e006-bdcc-4091-b396-06a555c6b5b0,2026-09-24T11:00:00Z,2026-09-24T13:00:00+0200,63.18,EUR/MWh,DK1,DK_1,day_ahead_price,value,2026-09-26T15:06:23Z
2026-09-26T15:02:30Z,2026-09-26T17:02:30+0200,4930e006-bdcc-4091-b396-06a555c6b5b0,2026-09-24T11:15:00Z,2026-09-24T13:15:00+0200,75.44,EUR/MWh,DK1,DK_1,day_ahead_price,value,2026-09-26T15:06:23Z
2026-09-26T15:02:30Z,2026-09-26T17:02:30+0200,4930e006-bdcc-4091-b396-06a555c6b5b0,2026-09-24T11:30:00Z,2026-09-24T13:30:00+0200,68.23,EUR/MWh,DK1,DK_1,day_ahead_price,value,2026-09-26T15:06:23Z
2026-09-26T15:02:30Z,2026-09-26T17:02:30+0200,4930e006-bdcc-4091-b396-06a555c6b5b0,2026-09-24T11:45:00Z,2026-09-24T13:45:00+0200,86.95,EUR/MWh,DK1,DK_1,day_ahead_price,value,2026-09-26T15:06:23Z
2026-09-26T15:02:30Z,2026-09-26T17:02:30+0200,4930e006-bdcc-4091-b396-06a555c6b5b0,2026-09-24T12:00:00Z,2026-09-24T14:00:00+0200,69.11,EUR/MWh,DK1,DK_1,day_ahead_price,value,2026-09-26T15:06:23Z
2026-09-26T15:02:30Z,2026-09-26T17:02:30+0200,4930e006-bdcc-4091-b396-06a555c6b5b0,2026-09-24T12:15:00Z,2026-09-24T14:15:00+0200,66.16,EUR/MWh,DK1,DK_1,day_ahead_price,value,2026-09-26T15:06:23Z
2026-09-26T15:02:30Z,2026-09-26T17:02:30+0200,4930e006-bdcc-4091-b396-06a555c6b5b0,2026-09-24T12:30:00Z,2026-09-24T14:30:00+0200,118.6,EUR/MWh,DK1,DK_1,day_ahead_price,value,2026-09-26T15:06:23Z
2026-09-26T15:02:30Z,2026-09-26T17:02:30+0200,4930e006-bdcc-4091-b396-06a555c6b5b0,2026-09-24T12:45:00Z,2026-09-24T14:45:00+0200,123.05,EUR/MWh,DK1,DK_1,day_ahead_price,value,2026-09-26T15:06:23Z
2026-09-26T15:02:30Z,2026-09-26T17:02:30+0200,4930e006-bdcc-4091-b396-06a555c6b5b0,2026-09-24T13:00:00Z,2026-09-24T15:00:00+0200,85.51,EUR/MWh,DK1,DK_1,day_ahead_price,value,2026-09-26T15:06:23Z
2026-09-26T15:02:30Z,2026-09-26T17:02:30+0200,4930e006-bdcc-4091-b396-06a555c6b5b0,2026-09-24T13:15:00Z,2026-09-24T15:15:00+0200,108.15,EUR/MWh,DK1,DK_1,day_ahead_price,value,2026-09-26T15:06:23Z
2026-09-26T15:02:30Z,2026-09-26T17:02:30+0200,4930e006-bdcc-4091-b396-06a555c6b5b0,2026-09-24T13:30:00Z,2026-09-24T15:30:00+0200,109.4,EUR/MWh,DK1,DK_1,day_ahead_price,value,2026-09-26T15:06:23Z
2026-09-26T15:02:30Z,2026-09-26T17:02:30+0200,4930e006-bdcc-4091-b396-06a555c6b5b0,2026-09-24T13:45:00Z,2026-09-24T15:45:00+0200,117.46,EUR/MWh,DK1,DK_1,day_ahead_price,value,2026-09-26T15:06:23Z
2026-09-26T15:02:30Z,2026-09-26T17:02:30+0200,4930e006-bdcc-4091-b396-06a555c6b5b0,2026-09-24T14:00:00Z,2026-09-24T16:00:00+0200,91.43,EUR/MWh,DK1,DK_1,day_ahead_price,value,2026-09-26T15:06:23Z
2026-09-26T15:02:30Z,2026-09-26T17:02:30+0200,4930e006-bdcc-4091-b396-06a555c6b5b0,2026-09-24T14:15:00Z,2026-09-24T16:15:00+0200,109.74,EUR/MWh,DK1,DK_1,day_ahead_price,value,2026-09-26T15:06:23Z
2026-09-26T15:02:30Z,2026-09-26T17:02:30+0200,4930e006-bdcc-4091-b396-06a555c6b5b0,2026-09-24T14:30:00Z,2026-09-24T16:30:00+0200,132.199997,EUR/MWh,DK1,DK_1,day_ahead_price,value,2026-09-26T15:06:23Z
2026-09-26T15:02:30Z,2026-09-26T17:02:30+0200,4930e006-bdcc-4091-b396-06a555c6b5b0,2026-09-24T14:45:00Z,2026-09-24T16:45:00+0200,152.25,EUR/MWh,DK1,DK_1,day_ahead_price,value,2026-09-26T15:06:23Z
2026-09-26T15:02:30Z,2026-09-26T17:02:30+0200,4930e006-bdcc-4091-b396-06a555c6b5b0,2026-09-24T15:00:00Z,2026-09-24T17:00:00+0200,140.059998,EUR/MWh,DK1,DK_1,day_ahead_price,value,2026-09-26T15:06:23Z
2026-09-26T15:02:30Z,2026-09-26T17:02:30+0200,4930e006-bdcc-4091-b396-06a555c6b5b0,2026-09-24T15:15:00Z,2026-09-24T17:15:00+0200,169.32,EUR/MWh,DK1,DK_1,day_ahead_price,value,2026-09-26T15:06:23Z
2026-09-26T15:02:30Z,2026-09-26T17:02:30+0200,4930e006-bdcc-4091-b396-06a555c6b5b0,2026-09-24T15:30:00Z,2026-09-24T17:30:00+0200,191.04,EUR/MWh,DK1,DK_1,day_ahead_price,value,2026-09-26T15:06:23Z
2026-09-26T15:02:30Z,2026-09-26T17:02:30+0200,4930e006-bdcc-4091-b396-06a555c6b5b0,2026-09-24T15:45:00Z,2026-09-24T17:45:00+0200,209.809998,EUR/MWh,DK1,DK_1,day_ahead_price,value,2026-09-26T15:06:23Z
2026-09-26T15:02:30Z,2026-09-26T17:02:30+0200,4930e006-bdcc-4091-b396-06a555c6b5b0,2026-09-24T16:00:00Z,2026-09-24T18:00:00+0200,183.62,EUR/MWh,DK1,DK_1,day_ahead_price,value,2026-09-26T15:06:23Z
2026-09-26T15:02:30Z,2026-09-26T17:02:30+0200,4930e006-bdcc-4091-b396-06a555c6b5b0,2026-09-24T16:15:00Z,2026-09-24T18:15:00+0200,214.59,EUR/MWh,DK1,DK_1,day_ahead_price,value,2026-09-26T15:06:23Z
2026-09-26T15:02:30Z,2026-09-26T17:02:30+0200,4930e006-bdcc-4091-b396-06a555c6b5b0,2026-09-24T16:30:00Z,2026-09-24T18:30:00+0200,234.6,EUR/MWh,DK1,DK_1,day_ahead_price,value,2026-09-26T15:06:23Z
2026-09-26T15:02:30Z,2026-09-26T17:02:30+0200,4930e006-bdcc-4091-b396-06a555c6b5b0,2026-09-24T16:45:00Z,2026-09-24T18:45:00+0200,262.16,EUR/MWh,DK1,DK_1,day_ahead_price,value,2026-09-26T15:06:23Z
2026-09-26T15:02:30Z,2026-09-26T17:02:30+0200,4930e006-bdcc-4091-b396-06a555c6b5b0,2026-09-24T17:00:00Z,2026-09-24T19:00:00+0200,248.54,EUR/MWh,DK1,DK_1,day_ahead_price,value,2026-09-26T15:06:23Z
2026-09-26T15:02:30Z,2026-09-26T17:02:30+0200,4930e006-bdcc-4091-b396-06a555c6b5b0,2026-09-24T17:15:00Z,2026-09-24T19:15:00+0200,263.359985,EUR/MWh,DK1,DK_1,day_ahead_price,value,2026-09-26T15:06:23Z
2026-09-26T15:02:30Z,2026-09-26T17:02:30+0200,4930e006-bdcc-4091-b396-06a555c6b5b0,2026-09-24T17:30:00Z,2026-09-24T19:30:00+0200,267.690002,EUR/MWh,DK1,DK_1,day_ahead_price,value,2026-09-26T15:06:23Z
2026-09-26T15:02:30Z,2026-09-26T17:02:30+0200,4930e006-bdcc-4091-b396-06a555c6b5b0,2026-09-24T17:45:00Z,2026-09-24T19:45:00+0200,288.23,EUR/MWh,DK1,DK_1,day_ahead_price,value,2026-09-26T15:06:23Z
2026-09-26T15:02:30Z,2026-09-26T17:02:30+0200,4930e006-bdcc-4091-b396-06a555c6b5b0,2026-09-24T18:00:00Z,2026-09-24T20:00:00+0200,272.65,EUR/MWh,DK1,DK_1,day_ahead_price,value,2026-09-26T15:06:23Z
2026-09-26T15:02:30Z,2026-09-26T17:02:30+0200,4930e006-bdcc-4091-b396-06a555c6b5b0,2026-09-24T18:15:00Z,2026-09-24T20:15:00+0200,265.8,EUR/MWh,DK1,DK_1,day_ahead_price,value,2026-09-26T15:06:23Z
2026-09-26T15:02:30Z,2026-09-26T17:02:30+0200,4930e006-bdcc-4091-b396-06a555c6b5b0,2026-09-24T18:30:00Z,2026-09-24T20:30:00+0200,253.5,EUR/MWh,DK1,DK_1,day_ahead_price,value,2026-09-26T15:06:23Z
2026-09-26T15:02:30Z,2026-09-26T17:02:30+0200,4930e006-bdcc-4091-b396-06a555c6b5b0,2026-09-24T18:45:00Z,2026-09-24T20:45:00+0200,248.050003,EUR/MWh,DK1,DK_1,day_ahead_price,value,2026-09-26T15:06:23Z
2026-09-26T15:02:30Z,2026-09-26T17:02:30+0200,4930e006-bdcc-4091-b396-06a555c6b5b0,2026-09-24T19:00:00Z,2026-09-24T21:00:00+0200,240.29,EUR/MWh,DK1,DK_1,day_ahead_price,value,2026-09-26T15:06:23Z
2026-09-26T15:02:30Z,2026-09-26T17:02:30+0200,4930e006-bdcc-4091-b396-06a555c6b5b0,2026-09-24T19:15:00Z,2026-09-24T21:15:00+0200,229.81,EUR/MWh,DK1,DK_1,day_ahead_price,value,2026-09-26T15:06:23Z
2026-09-26T15:02:30Z,2026-09-26T17:02:30+0200,4930e006-bdcc-4091-b396-06a555c6b5b0,2026-09-24T19:30:00Z,2026-09-24T21:30:00+0200,223.23,EUR/MWh,DK1,DK_1,day_ahead_price,value,2026-09-26T15:06:23Z
2026-09-26T15:02:30Z,2026-09-26T17:02:30+0200,4930e006-bdcc-4091-b396-06a555c6b5b0,2026-09-24T19:45:00Z,2026-09-24T21:45:00+0200,209.46,EUR/MWh,DK1,DK_1,day_ahead_price,value,2026-09-26T15:06:23Z
2026-09-26T15:02:30Z,2026-09-26T17:02:30+0200,4930e006-bdcc-4091-b396-06a555c6b5b0,2026-09-24T20:00:00Z,2026-09-24T22:00:00+0200,220.76,EUR/MWh,DK1,DK_1,day_ahead_price,value,2026-09-26T15:06:23Z
2026-09-26T15:02:30Z,2026-09-26T17:02:30+0200,4930e006-bdcc-4091-b396-06a555c6b5b0,2026-09-24T20:15:00Z,2026-09-24T22:15:00+0200,204.259995,EUR/MWh,DK1,DK_1,day_ahead_price,value,2026-09-26T15:06:23Z
2026-09-26T15:02:30Z,2026-09-26T17:02:30+0200,4930e006-bdcc-4091-b396-06a555c6b5b0,2026-09-24T20:30:00Z,2026-09-24T22:30:00+0200,200.7,EUR/MWh,DK1,DK_1,day_ahead_price,value,2026-09-26T15:06:23Z
2026-09-26T15:02:30Z,2026-09-26T17:02:30+0200,4930e006-bdcc-4091-b396-06a555c6b5b0,2026-09-24T20:45:00Z,2026-09-24T22:45:00+0200,192.649994,EUR/MWh,DK1,DK_1,day_ahead_price,value,2026-09-26T15:06:23Z
2026-09-26T15:02:30Z,2026-09-26T17:02:30+0200,4930e006-bdcc-4091-b396-06a555c6b5b0,2026-09-24T21:00:00Z,2026-09-24T23:00:00+0200,196.67,EUR/MWh,DK1,DK_1,day_ahead_price,value,2026-09-26T15:06:23Z
2026-09-26T15:02:30Z,2026-09-26T17:02:30+0200,4930e006-bdcc-4091-b396-06a555c6b5b0,2026-09-24T21:15:00Z,2026-09-24T23:15:00+0200,188.050003,EUR/MWh,DK1,DK_1,day_ahead_price,value,2026-09-26T15:06:23Z
2026-09-26T15:02:30Z,2026-09-26T17:02:30+0200,4930e006-bdcc-4091-b396-06a555c6b5b0,2026-09-24T21:30:00Z,2026-09-24T23:30:00+0200,185.369995,EUR/MWh,DK1,DK_1,day_ahead_price,value,2026-09-26T15:06:23Z
2026-09-26T15:02:30Z,2026-09-26T17:02:30+0200,4930e006-bdcc-4091-b396-06a555c6b5b0,2026-09-24T21:45:00Z,2026-09-24T23:45:00+0200,180.949997,EUR/MWh,DK1,DK_1,day_ahead_price,value,2026-09-26T15:06:23Z
2026-09-26T15:02:30Z,2026-09-26T17:02:30+0200,4930e006-bdcc-4091-b396-06a555c6b5b0,2026-09-24T22:00:00Z,2026-09-25T00:00:00+0200,196.97,EUR/MWh,DK1,DK_1,day_ahead_price,value,2026-09-26T15:06:23Z
2026-09-26T15:02:30Z,2026-09-26T17:02:30+0200,4930e006-bdcc-4091-b396-06a555c6b5b0,2026-09-24T22:15:00Z,2026-09-25T00:15:00+0200,184.339996,EUR/MWh,DK1,DK_1,day_ahead_price,value,2026-09-26T15:06:23Z
2026-09-26T15:02:30Z,2026-09-26T17:02:30+0200,4930e006-bdcc-4091-b396-06a555c6b5b0,2026-09-24T22:30:00Z,2026-09-25T00:30:00+0200,175.72,EUR/MWh,DK1,DK_1,day_ahead_price,value,2026-09-26T15:06:23Z
2026-09-26T15:02:30Z,2026-09-26T17:02:30+0200,4930e006-bdcc-4091-b396-06a555c6b5b0,2026-09-24T22:45:00Z,2026-09-25T00:45:00+0200,170.56,EUR/MWh,DK1,DK_1,day_ahead_price,value,2026-09-26T15:06:23Z
2026-09-26T15:02:30Z,2026-09-26T17:02:30+0200,4930e006-bdcc-4091-b396-06a555c6b5b0,2026-09-24T23:00:00Z,2026-09-25T01:00:00+0200,175.1,EUR/MWh,DK1,DK_1,day_ahead_price,value,2026-09-26T15:06:23Z
2026-09-26T15:02:30Z,2026-09-26T17:02:30+0200,4930e006-bdcc-4091-b396-06a555c6b5b0,2026-09-24T23:15:00Z,2026-09-25T01:15:00+0200,171.830002,EUR/MWh,DK1,DK_1,day_ahead_price,value,2026-09-26T15:06:23Z
2026-09-26T15:02:30Z,2026-09-26T17:02:30+0200,4930e006-bdcc-4091-b396-06a555c6b5b0,2026-09-24T23:30:00Z,2026-09-25T01:30:00+0200,171.399994,EUR/MWh,DK1,DK_1,day_ahead_price,value,2026-09-26T15:06:23Z
2026-09-26T15:02:30Z,2026-09-26T17:02:30+0200,4930e006-bdcc-4091-b396-06a555c6b5b0,2026-09-24T23:45:00Z,2026-09-25T01:45:00+0200,170.160004,EUR/MWh,DK1,DK_1,day_ahead_price,value,2026-09-26T15:06:23Z
2026-09-26T15:02:30Z,2026-09-26T17:02:30+0200,4930e006-bdcc-4091-b396-06a555c6b5b0,2026-09-25T00:00:00Z,2026-09-25T02:00:00+0200,167.66,EUR/MWh,DK1,DK_1,day_ahead_price,value,2026-09-26T15:06:23Z
2026-09-26T15:02:30Z,2026-09-26T17:02:30+0200,4930e006-bdcc-4091-b396-06a555c6b5b0,2026-09-25T00:15:00Z,2026-09-25T02:15:00+0200,166.38,EUR/MWh,DK1,DK_1,day_ahead_price,value,2026-09-26T15:06:23Z
2026-09-26T15:02:30Z,2026-09-26T17:02:30+0200,4930e006-bdcc-4091-b396-06a555c6b5b0,2026-09-25T00:30:00Z,2026-09-25T02:30:00+0200,165.860001,EUR/MWh,DK1,DK_1,day_ahead_price,value,2026-09-26T15:06:23Z
2026-09-26T15:02:30Z,2026-09-26T17:02:30+0200,4930e006-bdcc-4091-b396-06a555c6b5b0,2026-09-25T00:45:00Z,2026-09-25T02:45:00+0200,162.1,EUR/MWh,DK1,DK_1,day_ahead_price,value,2026-09-26T15:06:23Z
2026-09-26T15:02:30Z,2026-09-26T17:02:30+0200,4930e006-bdcc-4091-b396-06a555c6b5b0,2026-09-25T01:00:00Z,2026-09-25T03:00:00+0200,164.35,EUR/MWh,DK1,DK_1,day_ahead_price,value,2026-09-26T15:06:23Z
2026-09-26T15:02:30Z,2026-09-26T17:02:30+0200,4930e006-bdcc-4091-b396-06a555c6b5b0,2026-09-25T01:15:00Z,2026-09-25T03:15:00+0200,165.23,EUR/MWh,DK1,DK_1,day_ahead_price,value,2026-09-26T15:06:23Z
2026-09-26T15:02:30Z,2026-09-26T17:02:30+0200,4930e006-bdcc-4091-b396-06a555c6b5b0,2026-09-25T01:30:00Z,2026-09-25T03:30:00+0200,169.22,EUR/MWh,DK1,DK_1,day_ahead_price,value,2026-09-26T15:06:23Z
2026-09-26T15:02:30Z,2026-09-26T17:02:30+0200,4930e006-bdcc-4091-b396-06a555c6b5b0,2026-09-25T01:45:00Z,2026-09-25T03:45:00+0200,169.679993,EUR/MWh,DK1,DK_1,day_ahead_price,value,2026-09-26T15:06:23Z
2026-09-26T15:02:30Z,2026-09-26T17:02:30+0200,4930e006-bdcc-4091-b396-06a555c6b5b0,2026-09-25T02:00:00Z,2026-09-25T04:00:00+0200,172.330002,EUR/MWh,DK1,DK_1,day_ahead_price,value,2026-09-26T15:06:23Z
2026-09-26T15:02:30Z,2026-09-26T17:02:30+0200,4930e006-bdcc-4091-b396-06a555c6b5b0,2026-09-25T02:15:00Z,2026-09-25T04:15:00+0200,171.210007,EUR/MWh,DK1,DK_1,day_ahead_price,value,2026-09-26T15:06:23Z
2026-09-26T15:02:30Z,2026-09-26T17:02:30+0200,4930e006-bdcc-4091-b396-06a555c6b5b0,2026-09-25T02:30:00Z,2026-09-25T04:30:00+0200,170.339996,EUR/MWh,DK1,DK_1,day_ahead_price,value,2026-09-26T15:06:23Z
2026-09-26T15:02:30Z,2026-09-26T17:02:30+0200,4930e006-bdcc-4091-b396-06a555c6b5b0,2026-09-25T02:45:00Z,2026-09-25T04:45:00+0200,166.56,EUR/MWh,DK1,DK_1,day_ahead_price,value,2026-09-26T15:06:23Z
2026-09-26T15:02:30Z,2026-09-26T17:02:30+0200,4930e006-bdcc-4091-b396-06a555c6b5b0,2026-09-25T03:00:00Z,2026-09-25T05:00:00+0200,169.34,EUR/MWh,DK1,DK_1,day_ahead_price,value,2026-09-26T15:06:23Z
2026-09-26T15:02:30Z,2026-09-26T17:02:30+0200,4930e006-bdcc-4091-b396-06a555c6b5b0,2026-09-25T03:15:00Z,2026-09-25T05:15:00+0200,170.57,EUR/MWh,DK1,DK_1,day_ahead_price,value,2026-09-26T15:06:23Z
2026-09-26T15:02:30Z,2026-09-26T17:02:30+0200,4930e006-bdcc-4091-b396-06a555c6b5b0,2026-09-25T03:30:00Z,2026-09-25T05:30:00+0200,194.649994,EUR/MWh,DK1,DK_1,day_ahead_price,value,2026-09-26T15:06:23Z
2026-09-26T15:02:30Z,2026-09-26T17:02:30+0200,4930e006-bdcc-4091-b396-06a555c6b5b0,2026-09-25T03:45:00Z,2026-09-25T05:45:00+0200,218.94,EUR/MWh,DK1,DK_1,day_ahead_price,value,2026-09-26T15:06:23Z
2026-09-26T15:02:30Z,2026-09-26T17:02:30+0200,4930e006-bdcc-4091-b396-06a555c6b5b0,2026-09-25T04:00:00Z,2026-09-25T06:00:00+0200,208.32,EUR/MWh,DK1,DK_1,day_ahead_price,value,2026-09-26T15:06:23Z
2026-09-26T15:02:30Z,2026-09-26T17:02:30+0200,4930e006-bdcc-4091-b396-06a555c6b5b0,2026-09-25T04:15:00Z,2026-09-25T06:15:00+0200,242.74,EUR/MWh,DK1,DK_1,day_ahead_price,value,2026-09-26T15:06:23Z
2026-09-26T15:02:30Z,2026-09-26T17:02:30+0200,4930e006-bdcc-4091-b396-06a555c6b5b0,2026-09-25T04:30:00Z,2026-09-25T06:30:00+0200,242.449997,EUR/MWh,DK1,DK_1,day_ahead_price,value,2026-09-26T15:06:23Z
2026-09-26T15:02:30Z,2026-09-26T17:02:30+0200,4930e006-bdcc-4091-b396-06a555c6b5b0,2026-09-25T04:45:00Z,2026-09-25T06:45:00+0200,272.579987,EUR/MWh,DK1,DK_1,day_ahead_price,value,2026-09-26T15:06:23Z
2026-09-26T15:02:30Z,2026-09-26T17:02:30+0200,4930e006-bdcc-4091-b396-06a555c6b5b0,2026-09-25T05:00:00Z,2026-09-25T07:00:00+0200,259.589996,EUR/MWh,DK1,DK_1,day_ahead_price,value,2026-09-26T15:06:23Z
2026-09-26T15:02:30Z,2026-09-26T17:02:30+0200,4930e006-bdcc-4091-b396-06a555c6b5b0,2026-09-25T05:15:00Z,2026-09-25T07:15:00+0200,274.81,EUR/MWh,DK1,DK_1,day_ahead_price,value,2026-09-26T15:06:23Z
2026-09-26T15:02:30Z,2026-09-26T17:02:30+0200,4930e006-bdcc-4091-b396-06a555c6b5b0,2026-09-25T05:30:00Z,2026-09-25T07:30:00+0200,282.33,EUR/MWh,DK1,DK_1,day_ahead_price,value,2026-09-26T15:06:23Z
2026-09-26T15:02:30Z,2026-09-26T17:02:30+0200,4930e006-bdcc-4091-b396-06a555c6b5b0,2026-09-25T05:45:00Z,2026-09-25T07:45:00+0200,255.73,EUR/MWh,DK1,DK_1,day_ahead_price,value,2026-09-26T15:06:23Z
2026-09-26T15:02:30Z,2026-09-26T17:02:30+0200,4930e006-bdcc-4091-b396-06a555c6b5b0,2026-09-25T06:00:00Z,2026-09-25T08:00:00+0200,298.970001,EUR/MWh,DK1,DK_1,day_ahead_price,value,2026-09-26T15:06:23Z
2026-09-26T15:02:30Z,2026-09-26T17:02:30+0200,4930e006-bdcc-4091-b396-06a555c6b5b0,2026-09-25T06:15:00Z,2026-09-25T08:15:00+0200,265.2,EUR/MWh,DK1,DK_1,day_ahead_price,value,2026-09-26T15:06:23Z
2026-09-26T15:02:30Z,2026-09-26T17:02:30+0200,4930e006-bdcc-4091-b396-06a555c6b5b0,2026-09-25T06:30:00Z,2026-09-25T08:30:00+0200,247.229996,EUR/MWh,DK1,DK_1,day_ahead_price,value,2026-09-26T15:06:23Z
2026-09-26T15:02:30Z,2026-09-26T17:02:30+0200,4930e006-bdcc-4091-b396-06a555c6b5b0,2026-09-25T06:45:00Z,2026-09-25T08:45:00+0200,204.59,EUR/MWh,DK1,DK_1,day_ahead_price,value,2026-09-26T15:06:23Z
2026-09-26T15:02:30Z,2026-09-26T17:02:30+0200,4930e006-bdcc-4091-b396-06a555c6b5b0,2026-09-25T07:00:00Z,2026-09-25T09:00:00+0200,234.490005,EUR/MWh,DK1,DK_1,day_ahead_price,value,2026-09-26T15:06:23Z
2026-09-26T15:02:30Z,2026-09-26T17:02:30+0200,4930e006-bdcc-4091-b396-06a555c6b5b0,2026-09-25T07:15:00Z,2026-09-25T09:15:00+0200,202.65,EUR/MWh,DK1,DK_1,day_ahead_price,value,2026-09-26T15:06:23Z
2026-09-26T15:02:30Z,2026-09-26T17:02:30+0200,4930e006-bdcc-4091-b396-06a555c6b5b0,2026-09-25T07:30:00Z,2026-09-25T09:30:00+0200,189.27,EUR/MWh,DK1,DK_1,day_ahead_price,value,2026-09-26T15:06:23Z
2026-09-26T15:02:30Z,2026-09-26T17:02:30+0200,4930e006-bdcc-4091-b396-06a555c6b5b0,2026-09-25T07:45:00Z,2026-09-25T09:45:00+0200,157.5,EUR/MWh,DK1,DK_1,day_ahead_price,value,2026-09-26T15:06:23Z
2026-09-26T15:02:30Z,2026-09-26T17:02:30+0200,4930e006-bdcc-4091-b396-06a555c6b5b0,2026-09-25T08:00:00Z,2026-09-25T10:00:00+0200,181.94,EUR/MWh,DK1,DK_1,day_ahead_price,value,2026-09-26T15:06:23Z
2026-09-26T15:02:30Z,2026-09-26T17:02:30+0200,4930e006-bdcc-4091-b396-06a555c6b5b0,2026-09-25T08:15:00Z,2026-09-25T10:15:00+0200,164.470001,EUR/MWh,DK1,DK_1,day_ahead_price,value,2026-09-26T15:06:23Z
2026-09-26T15:02:30Z,2026-09-26T17:02:30+0200,4930e006-bdcc-4091-b396-06a555c6b5b0,2026-09-25T08:30:00Z,2026-09-25T10:30:00+0200,148.49,EUR/MWh,DK1,DK_1,day_ahead_price,value,2026-09-26T15:06:23Z
2026-09-26T15:02:30Z,2026-09-26T17:02:30+0200,4930e006-bdcc-4091-b396-06a555c6b5b0,2026-09-25T08:45:00Z,2026-09-25T10:45:00+0200,136.960007,EUR/MWh,DK1,DK_1,day_ahead_price,value,2026-09-26T15:06:23Z
2026-09-26T15:02:30Z,2026-09-26T17:02:30+0200,4930e006-bdcc-4091-b396-06a555c6b5b0,2026-09-25T09:00:00Z,2026-09-25T11:00:00+0200,137.160004,EUR/MWh,DK1,DK_1,day_ahead_price,value,2026-09-26T15:06:23Z
2026-09-26T15:02:30Z,2026-09-26T17:02:30+0200,4930e006-bdcc-4091-b396-06a555c6b5b0,2026-09-25T09:15:00Z,2026-09-25T11:15:00+0200,122.94,EUR/MWh,DK1,DK_1,day_ahead_price,value,2026-09-26T15:06:23Z
2026-09-26T15:02:30Z,2026-09-26T17:02:30+0200,4930e006-bdcc-4091-b396-06a555c6b5b0,2026-09-25T09:30:00Z,2026-09-25T11:30:00+0200,101.040001,EUR/MWh,DK1,DK_1,day_ahead_price,value,2026-09-26T15:06:23Z
2026-09-26T15:02:30Z,2026-09-26T17:02:30+0200,4930e006-bdcc-4091-b396-06a555c6b5b0,2026-09-25T09:45:00Z,2026-09-25T11:45:00+0200,100.24,EUR/MWh,DK1,DK_1,day_ahead_price,value,2026-09-26T15:06:23Z
2026-09-26T15:02:30Z,2026-09-26T17:02:30+0200,4930e006-bdcc-4091-b396-06a555c6b5b0,2026-09-25T10:00:00Z,2026-09-25T12:00:00+0200,116.470001,EUR/MWh,DK1,DK_1,day_ahead_price,value,2026-09-26T15:06:23Z
2026-09-26T15:02:30Z,2026-09-26T17:02:30+0200,4930e006-bdcc-4091-b396-06a555c6b5b0,2026-09-25T10:15:00Z,2026-09-25T12:15:00+0200,103.09,EUR/MWh,DK1,DK_1,day_ahead_price,value,2026-09-26T15:06:23Z
2026-09-26T15:02:30Z,2026-09-26T17:02:30+0200,4930e006-bdcc-4091-b396-06a555c6b5b0,2026-09-25T10:30:00Z,2026-09-25T12:30:00+0200,96.35,EUR/MWh,DK1,DK_1,day_ahead_price,value,2026-09-26T15:06:23Z
2026-09-26T15:02:30Z,2026-09-26T17:02:30+0200,4930e006-bdcc-4091-b396-06a555c6b5b0,2026-09-25T10:45:00Z,2026-09-25T12:45:00+0200,88.349998,EUR/MWh,DK1,DK_1,day_ahead_price,value,2026-09-26T15:06:23Z
2026-09-26T15:02:30Z,2026-09-26T17:02:30+0200,4930e006-bdcc-4091-b396-06a555c6b5b0,2026-09-25T11:00:00Z,2026-09-25T13:00:00+0200,101.86,EUR/MWh,DK1,DK_1,day_ahead_price,value,2026-09-26T15:06:23Z
2026-09-26T15:02:30Z,2026-09-26T17:02:30+0200,4930e006-bdcc-4091-b396-06a555c6b5b0,2026-09-25T11:15:00Z,2026-09-25T13:15:00+0200,97.78,EUR/MWh,DK1,DK_1,day_ahead_price,value,2026-09-26T15:06:23Z
2026-09-26T15:02:30Z,2026-09-26T17:02:30+0200,4930e006-bdcc-4091-b396-06a555c6b5b0,2026-09-25T11:30:00Z,2026-09-25T13:30:00+0200,92.44,EUR/MWh,DK1,DK_1,day_ahead_price,value,2026-09-26T15:06:23Z
2026-09-26T15:02:30Z,2026-09-26T17:02:30+0200,4930e006-bdcc-4091-b396-06a555c6b5b0,2026-09-25T11:45:00Z,2026-09-25T13:45:00+0200,84.300003,EUR/MWh,DK1,DK_1,day_ahead_price,value,2026-09-26T15:06:23Z
2026-09-26T15:02:30Z,2026-09-26T17:02:30+0200,4930e006-bdcc-4091-b396-06a555c6b5b0,2026-09-25T12:00:00Z,2026-09-25T14:00:00+0200,79.88,EUR/MWh,DK1,DK_1,day_ahead_price,value,2026-09-26T15:06:23Z
2026-09-26T15:02:30Z,2026-09-26T17:02:30+0200,4930e006-bdcc-4091-b396-06a555c6b5b0,2026-09-25T12:15:00Z,2026-09-25T14:15:00+0200,87.63,EUR/MWh,DK1,DK_1,day_ahead_price,value,2026-09-26T15:06:23Z
2026-09-26T15:02:30Z,2026-09-26T17:02:30+0200,4930e006-bdcc-4091-b396-06a555c6b5b0,2026-09-25T12:30:00Z,2026-09-25T14:30:00+0200,83.449997,EUR/MWh,DK1,DK_1,day_ahead_price,value,2026-09-26T15:06:23Z
2026-09-26T15:02:30Z,2026-09-26T17:02:30+0200,4930e006-bdcc-4091-b396-06a555c6b5b0,2026-09-25T12:45:00Z,2026-09-25T14:45:00+0200,89.849998,EUR/MWh,DK1,DK_1,day_ahead_price,value,2026-09-26T15:06:23Z
2026-09-26T15:02:30Z,2026-09-26T17:02:30+0200,4930e006-bdcc-4091-b396-06a555c6b5b0,2026-09-25T13:00:00Z,2026-09-25T15:00:00+0200,75.55,EUR/MWh,DK1,DK_1,day_ahead_price,value,2026-09-26T15:06:23Z
2026-09-26T15:02:30Z,2026-09-26T17:02:30+0200,4930e006-bdcc-4091-b396-06a555c6b5b0,2026-09-25T13:15:00Z,2026-09-25T15:15:00+0200,76.88,EUR/MWh,DK1,DK_1,day_ahead_price,value,2026-09-26T15:06:23Z
2026-09-26T15:02:30Z,2026-09-26T17:02:30+0200,4930e006-bdcc-4091-b396-06a555c6b5b0,2026-09-25T13:30:00Z,2026-09-25T15:30:00+0200,108.199997,EUR/MWh,DK1,DK_1,day_ahead_price,value,2026-09-26T15:06:23Z
2026-09-26T15:02:30Z,2026-09-26T17:02:30+0200,4930e006-bdcc-4091-b396-06a555c6b5b0,2026-09-25T13:45:00Z,2026-09-25T15:45:00+0200,127.040001,EUR/MWh,DK1,DK_1,day_ahead_price,value,2026-09-26T15:06:23Z
2026-09-26T15:02:30Z,2026-09-26T17:02:30+0200,4930e006-bdcc-4091-b396-06a555c6b5b0,2026-09-25T14:00:00Z,2026-09-25T16:00:00+0200,119.739998,EUR/MWh,DK1,DK_1,day_ahead_price,value,2026-09-26T15:06:23Z
2026-09-26T15:02:30Z,2026-09-26T17:02:30+0200,4930e006-bdcc-4091-b396-06a555c6b5b0,2026-09-25T14:15:00Z,2026-09-25T16:15:00+0200,140.880005,EUR/MWh,DK1,DK_1,day_ahead_price,value,2026-09-26T15:06:23Z
2026-09-26T15:02:30Z,2026-09-26T17:02:30+0200,4930e006-bdcc-4091-b396-06a555c6b5b0,2026-09-25T14:30:00Z,2026-09-25T16:30:00+0200,162.44,EUR/MWh,DK1,DK_1,day_ahead_price,value,2026-09-26T15:06:23Z
2026-09-26T15:02:30Z,2026-09-26T17:02:30+0200,4930e006-bdcc-4091-b396-06a555c6b5b0,2026-09-25T14:45:00Z,2026-09-25T16:45:00+0200,188.740005,EUR/MWh,DK1,DK_1,day_ahead_price,value,2026-09-26T15:06:23Z
2026-09-26T15:02:30Z,2026-09-26T17:02:30+0200,4930e006-bdcc-4091-b396-06a555c6b5b0,2026-09-25T15:00:00Z,2026-09-25T17:00:00+0200,157.25,EUR/MWh,DK1,DK_1,day_ahead_price,value,2026-09-26T15:06:23Z
2026-09-26T15:02:30Z,2026-09-26T17:02:30+0200,4930e006-bdcc-4091-b396-06a555c6b5b0,2026-09-25T15:15:00Z,2026-09-25T17:15:00+0200,190.639999,EUR/MWh,DK1,DK_1,day_ahead_price,value,2026-09-26T15:06:23Z
2026-09-26T15:02:30Z,2026-09-26T17:02:30+0200,4930e006-bdcc-4091-b396-06a555c6b5b0,2026-09-25T15:30:00Z,2026-09-25T17:30:00+0200,202.25,EUR/MWh,DK1,DK_1,day_ahead_price,value,2026-09-26T15:06:23Z
2026-09-26T15:02:30Z,2026-09-26T17:02:30+0200,4930e006-bdcc-4091-b396-06a555c6b5b0,2026-09-25T15:45:00Z,2026-09-25T17:45:00+0200,238.5,EUR/MWh,DK1,DK_1,day_ahead_price,value,2026-09-26T15:06:23Z
2026-09-26T15:02:30Z,2026-09-26T17:02:30+0200,4930e006-bdcc-4091-b396-06a555c6b5b0,2026-09-25T16:00:00Z,2026-09-25T18:00:00+0200,200.800003,EUR/MWh,DK1,DK_1,day_ahead_price,value,2026-09-26T15:06:23Z
2026-09-26T15:02:30Z,2026-09-26T17:02:30+0200,4930e006-bdcc-4091-b396-06a555c6b5b0,2026-09-25T16:15:00Z,2026-09-25T18:15:00+0200,229.330002,EUR/MWh,DK1,DK_1,day_ahead_price,value,2026-09-26T15:06:23Z
2026-09-26T15:02:30Z,2026-09-26T17:02:30+0200,4930e006-bdcc-4091-b396-06a555c6b5b0,2026-09-25T16:30:00Z,2026-09-25T18:30:00+0200,248.070007,EUR/MWh,DK1,DK_1,day_ahead_price,value,2026-09-26T15:06:23Z
2026-09-26T15:02:30Z,2026-09-26T17:02:30+0200,4930e006-bdcc-4091-b396-06a555c6b5b0,2026-09-25T16:45:00Z,2026-09-25T18:45:00+0200,283.829987,EUR/MWh,DK1,DK_1,day_ahead_price,value,2026-09-26T15:06:23Z
2026-09-26T15:02:30Z,2026-09-26T17:02:30+0200,4930e006-bdcc-4091-b396-06a555c6b5b0,2026-09-25T17:00:00Z,2026-09-25T19:00:00+0200,292.350006,EUR/MWh,DK1,DK_1,day_ahead_price,value,2026-09-26T15:06:23Z
2026-09-26T15:02:30Z,2026-09-26T17:02:30+0200,4930e006-bdcc-4091-b396-06a555c6b5b0,2026-09-25T17:15:00Z,2026-09-25T19:15:00+0200,306.15,EUR/MWh,DK1,DK_1,day_ahead_price,value,2026-09-26T15:06:23Z
2026-09-26T15:02:30Z,2026-09-26T17:02:30+0200,4930e006-bdcc-4091-b396-06a555c6b5b0,2026-09-25T17:30:00Z,2026-09-25T19:30:00+0200,316.51,EUR/MWh,DK1,DK_1,day_ahead_price,value,2026-09-26T15:06:23Z
2026-09-26T15:02:30Z,2026-09-26T17:02:30+0200,4930e006-bdcc-4091-b396-06a555c6b5b0,2026-09-25T17:45:00Z,2026-09-25T19:45:00+0200,300.859985,EUR/MWh,DK1,DK_1,day_ahead_price,value,2026-09-26T15:06:23Z
2026-09-26T15:02:30Z,2026-09-26T17:02:30+0200,4930e006-bdcc-4091-b396-06a555c6b5b0,2026-09-25T18:00:00Z,2026-09-25T20:00:00+0200,270.0,EUR/MWh,DK1,DK_1,day_ahead_price,value,2026-09-26T15:06:23Z
2026-09-26T15:02:30Z,2026-09-26T17:02:30+0200,4930e006-bdcc-4091-b396-06a555c6b5b0,2026-09-25T18:15:00Z,2026-09-25T20:15:00+0200,255.0,EUR/MWh,DK1,DK_1,day_ahead_price,value,2026-09-26T15:06:23Z
2026-09-26T15:02:30Z,2026-09-26T17:02:30+0200,4930e006-bdcc-4091-b396-06a555c6b5b0,2026-09-25T18:30:00Z,2026-09-25T20:30:00+0200,246.85,EUR/MWh,DK1,DK_1,day_ahead_price,value,2026-09-26T15:06:23Z
2026-09-26T15:02:30Z,2026-09-26T17:02:30+0200,4930e006-bdcc-4091-b396-06a555c6b5b0,2026-09-25T18:45:00Z,2026-09-25T20:45:00+0200,236.57,EUR/MWh,DK1,DK_1,day_ahead_price,value,2026-09-26T15:06:23Z
2026-09-26T15:02:30Z,2026-09-26T17:02:30+0200,4930e006-bdcc-4091-b396-06a555c6b5b0,2026-09-25T19:00:00Z,2026-09-25T21:00:00+0200,244.100006,EUR/MWh,DK1,DK_1,day_ahead_price,value,2026-09-26T15:06:23Z
2026-09-26T15:02:30Z,2026-09-26T17:02:30+0200,4930e006-bdcc-4091-b396-06a555c6b5b0,2026-09-25T19:15:00Z,2026-09-25T21:15:00+0200,231.14,EUR/MWh,DK1,DK_1,day_ahead_price,value,2026-09-26T15:06:23Z
2026-09-26T15:02:30Z,2026-09-26T17:02:30+0200,4930e006-bdcc-4091-b396-06a555c6b5b0,2026-09-25T19:30:00Z,2026-09-25T21:30:00+0200,218.17,EUR/MWh,DK1,DK_1,day_ahead_price,value,2026-09-26T15:06:23Z
2026-09-26T15:02:30Z,2026-09-26T17:02:30+0200,4930e006-bdcc-4091-b396-06a555c6b5b0,2026-09-25T19:45:00Z,2026-09-25T21:45:00+0200,202.710007,EUR/MWh,DK1,DK_1,day_ahead_price,value,2026-09-26T15:06:23Z
2026-09-26T15:02:30Z,2026-09-26T17:02:30+0200,4930e006-bdcc-4091-b396-06a555c6b5b0,2026-09-25T20:00:00Z,2026-09-25T22:00:00+0200,219.86,EUR/MWh,DK1,DK_1,day_ahead_price,value,2026-09-26T15:06:23Z
2026-09-26T15:02:30Z,2026-09-26T17:02:30+0200,4930e006-bdcc-4091-b396-06a555c6b5b0,2026-09-25T20:15:00Z,2026-09-25T22:15:00+0200,208.38,EUR/MWh,DK1,DK_1,day_ahead_price,value,2026-09-26T15:06:23Z
2026-09-26T15:02:30Z,2026-09-26T17:02:30+0200,4930e006-bdcc-4091-b396-06a555c6b5b0,2026-09-25T20:30:00Z,2026-09-25T22:30:00+0200,201.88,EUR/MWh,DK1,DK_1,day_ahead_price,value,2026-09-26T15:06:23Z
2026-09-26T15:02:30Z,2026-09-26T17:02:30+0200,4930e006-bdcc-4091-b396-06a555c6b5b0,2026-09-25T20:45:00Z,2026-09-25T22:45:00+0200,194.429993,EUR/MWh,DK1,DK_1,day_ahead_price,value,2026-09-26T15:06:23Z
2026-09-26T15:02:30Z,2026-09-26T17:02:30+0200,4930e006-bdcc-4091-b396-06a555c6b5b0,2026-09-25T21:00:00Z,2026-09-25T23:00:00+0200,199.6,EUR/MWh,DK1,DK_1,day_ahead_price,value,2026-09-26T15:06:23Z
2026-09-26T15:02:30Z,2026-09-26T17:02:30+0200,4930e006-bdcc-4091-b396-06a555c6b5b0,2026-09-25T21:15:00Z,2026-09-25T23:15:00+0200,192.809998,EUR/MWh,DK1,DK_1,day_ahead_price,value,2026-09-26T15:06:23Z
2026-09-26T15:02:30Z,2026-09-26T17:02:30+0200,4930e006-bdcc-4091-b396-06a555c6b5b0,2026-09-25T21:30:00Z,2026-09-25T23:30:00+0200,180.57,EUR/MWh,DK1,DK_1,day_ahead_price,value,2026-09-26T15:06:23Z
2026-09-26T15:02:30Z,2026-09-26T17:02:30+0200,4930e006-bdcc-4091-b396-06a555c6b5b0,2026-09-25T21:45:00Z,2026-09-25T23:45:00+0200,169.220001,EUR/MWh,DK1,DK_1,day_ahead_price,value,2026-09-26T15:06:23Z
2026-09-26T15:02:30Z,2026-09-26T17:02:30+0200,4930e006-bdcc-4091-b396-06a555c6b5b0,2026-09-25T22:00:00Z,2026-09-26T00:00:00+0200,205.5,EUR/MWh,DK1,DK_1,day_ahead_price,value,2026-09-26T15:06:23Z
2026-09-26T15:02:30Z,2026-09-26T17:02:30+0200,4930e006-bdcc-4091-b396-06a555c6b5b0,2026-09-25T22:15:00Z,2026-09-26T00:15:00+0200,198.440002,EUR/MWh,DK1,DK_1,day_ahead_price,value,2026-09-26T15:06:23Z
2026-09-26T15:02:30Z,2026-09-26T17:02:30+0200,4930e006-bdcc-4091-b396-06a555c6b5b0,2026-09-25T22:30:00Z,2026-09-26T00:30:00+0200,194.47,EUR/MWh,DK1,DK_1,day_ahead_price,value,2026-09-26T15:06:23Z
2026-09-26T15:02:30Z,2026-09-26T17:02:30+0200,4930e006-bdcc-4091-b396-06a555c6b5b0,2026-09-25T22:45:00Z,2026-09-26T00:45:00+0200,185.369995,EUR/MWh,DK1,DK_1,day_ahead_price,value,2026-09-26T15:06:23Z
2026-09-26T15:02:30Z,2026-09-26T17:02:30+0200,4930e006-bdcc-4091-b396-06a555c6b5b0,2026-09-25T23:00:00Z,2026-09-26T01:00:00+0200,187.589996,EUR/MWh,DK1,DK_1,day_ahead_price,value,2026-09-26T15:06:23Z
2026-09-26T15:02:30Z,2026-09-26T17:02:30+0200,4930e006-bdcc-4091-b396-06a555c6b5b0,2026-09-25T23:15:00Z,2026-09-26T01:15:00+0200,184.17,EUR/MWh,DK1,DK_1,day_ahead_price,value,2026-09-26T15:06:23Z
2026-09-26T15:02:30Z,2026-09-26T17:02:30+0200,4930e006-bdcc-4091-b396-06a555c6b5b0,2026-09-25T23:30:00Z,2026-09-26T01:30:00+0200,182.600006,EUR/MWh,DK1,DK_1,day_ahead_price,value,2026-09-26T15:06:23Z
2026-09-26T15:02:30Z,2026-09-26T17:02:30+0200,4930e006-bdcc-4091-b396-06a555c6b5b0,2026-09-25T23:45:00Z,2026-09-26T01:45:00+0200,180.75,EUR/MWh,DK1,DK_1,day_ahead_price,value,2026-09-26T15:06:23Z
2026-09-26T15:02:30Z,2026-09-26T17:02:30+0200,4930e006-bdcc-4091-b396-06a555c6b5b0,2026-09-26T00:00:00Z,2026-09-26T02:00:00+0200,181.03,EUR/MWh,DK1,DK_1,day_ahead_price,value,2026-09-26T15:06:23Z
2026-09-26T15:02:30Z,2026-09-26T17:02:30+0200,4930e006-bdcc-4091-b396-06a555c6b5b0,2026-09-26T00:15:00Z,2026-09-26T02:15:00+0200,178.76,EUR/MWh,DK1,DK_1,day_ahead_price,value,2026-09-26T15:06:23Z
2026-09-26T15:02:30Z,2026-09-26T17:02:30+0200,4930e006-bdcc-4091-b396-06a555c6b5b0,2026-09-26T00:30:00Z,2026-09-26T02:30:00+0200,172.69,EUR/MWh,DK1,DK_1,day_ahead_price,value,2026-09-26T15:06:23Z
2026-09-26T15:02:30Z,2026-09-26T17:02:30+0200,4930e006-bdcc-4091-b396-06a555c6b5b0,2026-09-26T00:45:00Z,2026-09-26T02:45:00+0200,166.18,EUR/MWh,DK1,DK_1,day_ahead_price,value,2026-09-26T15:06:23Z
2026-09-26T15:02:30Z,2026-09-26T17:02:30+0200,4930e006-bdcc-4091-b396-06a555c6b5b0,2026-09-26T01:00:00Z,2026-09-26T03:00:00+0200,165.320007,EUR/MWh,DK1,DK_1,day_ahead_price,value,2026-09-26T15:06:23Z
2026-09-26T15:02:30Z,2026-09-26T17:02:30+0200,4930e006-bdcc-4091-b396-06a555c6b5b0,2026-09-26T01:15:00Z,2026-09-26T03:15:00+0200,162.7,EUR/MWh,DK1,DK_1,day_ahead_price,value,2026-09-26T15:06:23Z
2026-09-26T15:02:30Z,2026-09-26T17:02:30+0200,4930e006-bdcc-4091-b396-06a555c6b5b0,2026-09-26T01:30:00Z,2026-09-26T03:30:00+0200,162.05,EUR/MWh,DK1,DK_1,day_ahead_price,value,2026-09-26T15:06:23Z
2026-09-26T15:02:30Z,2026-09-26T17:02:30+0200,4930e006-bdcc-4091-b396-06a555c6b5b0,2026-09-26T01:45:00Z,2026-09-26T03:45:00+0200,162.009995,EUR/MWh,DK1,DK_1,day_ahead_price,value,2026-09-26T15:06:23Z
2026-09-26T15:02:30Z,2026-09-26T17:02:30+0200,4930e006-bdcc-4091-b396-06a555c6b5b0,2026-09-26T02:00:00Z,2026-09-26T04:00:00+0200,159.009995,EUR/MWh,DK1,DK_1,day_ahead_price,value,2026-09-26T15:06:23Z
2026-09-26T15:02:30Z,2026-09-26T17:02:30+0200,4930e006-bdcc-4091-b396-06a555c6b5b0,2026-09-26T02:15:00Z,2026-09-26T04:15:00+0200,159.779999,EUR/MWh,DK1,DK_1,day_ahead_price,value,2026-09-26T15:06:23Z
2026-09-26T15:02:30Z,2026-09-26T17:02:30+0200,4930e006-bdcc-4091-b396-06a555c6b5b0,2026-09-26T02:30:00Z,2026-09-26T04:30:00+0200,160.9,EUR/MWh,DK1,DK_1,day_ahead_price,value,2026-09-26T15:06:23Z
2026-09-26T15:02:30Z,2026-09-26T17:02:30+0200,4930e006-bdcc-4091-b396-06a555c6b5b0,2026-09-26T02:45:00Z,2026-09-26T04:45:00+0200,161.350006,EUR/MWh,DK1,DK_1,day_ahead_price,value,2026-09-26T15:06:23Z
2026-09-26T15:02:30Z,2026-09-26T17:02:30+0200,4930e006-bdcc-4091-b396-06a555c6b5b0,2026-09-26T03:00:00Z,2026-09-26T05:00:00+0200,158.649994,EUR/MWh,DK1,DK_1,day_ahead_price,value,2026-09-26T15:06:23Z
2026-09-26T15:02:30Z,2026-09-26T17:02:30+0200,4930e006-bdcc-4091-b396-06a555c6b5b0,2026-09-26T03:15:00Z,2026-09-26T05:15:00+0200,157.41,EUR/MWh,DK1,DK_1,day_ahead_price,value,2026-09-26T15:06:23Z
2026-09-26T15:02:30Z,2026-09-26T17:02:30+0200,4930e006-bdcc-4091-b396-06a555c6b5b0,2026-09-26T03:30:00Z,2026-09-26T05:30:00+0200,159.899994,EUR/MWh,DK1,DK_1,day_ahead_price,value,2026-09-26T15:06:23Z
2026-09-26T15:02:30Z,2026-09-26T17:02:30+0200,4930e006-bdcc-4091-b396-06a555c6b5b0,2026-09-26T03:45:00Z,2026-09-26T05:45:00+0200,164.02,EUR/MWh,DK1,DK_1,day_ahead_price,value,2026-09-26T15:06:23Z
2026-09-26T15:02:30Z,2026-09-26T17:02:30+0200,4930e006-bdcc-4091-b396-06a555c6b5b0,2026-09-26T04:00:00Z,2026-09-26T06:00:00+0200,167.08,EUR/MWh,DK1,DK_1,day_ahead_price,value,2026-09-26T15:06:23Z
2026-09-26T15:02:30Z,2026-09-26T17:02:30+0200,4930e006-bdcc-4091-b396-06a555c6b5b0,2026-09-26T04:15:00Z,2026-09-26T06:15:00+0200,176.279999,EUR/MWh,DK1,DK_1,day_ahead_price,value,2026-09-26T15:06:23Z
2026-09-26T15:02:30Z,2026-09-26T17:02:30+0200,4930e006-bdcc-4091-b396-06a555c6b5b0,2026-09-26T04:30:00Z,2026-09-26T06:30:00+0200,180.960007,EUR/MWh,DK1,DK_1,day_ahead_price,value,2026-09-26T15:06:23Z
2026-09-26T15:02:30Z,2026-09-26T17:02:30+0200,4930e006-bdcc-4091-b396-06a555c6b5b0,2026-09-26T04:45:00Z,2026-09-26T06:45:00+0200,188.449997,EUR/MWh,DK1,DK_1,day_ahead_price,value,2026-09-26T15:06:23Z
2026-09-26T15:02:30Z,2026-09-26T17:02:30+0200,4930e006-bdcc-4091-b396-06a555c6b5b0,2026-09-26T05:00:00Z,2026-09-26T07:00:00+0200,191.350006,EUR/MWh,DK1,DK_1,day_ahead_price,value,2026-09-26T15:06:23Z
2026-09-26T15:02:30Z,2026-09-26T17:02:30+0200,4930e006-bdcc-4091-b396-06a555c6b5b0,2026-09-26T05:15:00Z,2026-09-26T07:15:00+0200,193.669998,EUR/MWh,DK1,DK_1,day_ahead_price,value,2026-09-26T15:06:23Z
2026-09-26T15:02:30Z,2026-09-26T17:02:30+0200,4930e006-bdcc-4091-b396-06a555c6b5b0,2026-09-26T05:30:00Z,2026-09-26T07:30:00+0200,193.78,EUR/MWh,DK1,DK_1,day_ahead_price,value,2026-09-26T15:06:23Z
2026-09-26T15:02:30Z,2026-09-26T17:02:30+0200,4930e006-bdcc-4091-b396-06a555c6b5b0,2026-09-26T05:45:00Z,2026-09-26T07:45:00+0200,196.759995,EUR/MWh,DK1,DK_1,day_ahead_price,value,2026-09-26T15:06:23Z
2026-09-26T15:02:30Z,2026-09-26T17:02:30+0200,4930e006-bdcc-4091-b396-06a555c6b5b0,2026-09-26T06:00:00Z,2026-09-26T08:00:00+0200,210.78,EUR/MWh,DK1,DK_1,day_ahead_price,value,2026-09-26T15:06:23Z
2026-09-26T15:02:30Z,2026-09-26T17:02:30+0200,4930e006-bdcc-4091-b396-06a555c6b5b0,2026-09-26T06:15:00Z,2026-09-26T08:15:00+0200,203.0,EUR/MWh,DK1,DK_1,day_ahead_price,value,2026-09-26T15:06:23Z
2026-09-26T15:02:30Z,2026-09-26T17:02:30+0200,4930e006-bdcc-4091-b396-06a555c6b5b0,2026-09-26T06:30:00Z,2026-09-26T08:30:00+0200,187.34,EUR/MWh,DK1,DK_1,day_ahead_price,value,2026-09-26T15:06:23Z
2026-09-26T15:02:30Z,2026-09-26T17:02:30+0200,4930e006-bdcc-4091-b396-06a555c6b5b0,2026-09-26T06:45:00Z,2026-09-26T08:45:00+0200,166.399994,EUR/MWh,DK1,DK_1,day_ahead_price,value,2026-09-26T15:06:23Z
2026-09-26T15:02:30Z,2026-09-26T17:02:30+0200,4930e006-bdcc-4091-b396-06a555c6b5b0,2026-09-26T07:00:00Z,2026-09-26T09:00:00+0200,193.17,EUR/MWh,DK1,DK_1,day_ahead_price,value,2026-09-26T15:06:23Z
2026-09-26T15:02:30Z,2026-09-26T17:02:30+0200,4930e006-bdcc-4091-b396-06a555c6b5b0,2026-09-26T07:15:00Z,2026-09-26T09:15:00+0200,165.98,EUR/MWh,DK1,DK_1,day_ahead_price,value,2026-09-26T15:06:23Z
2026-09-26T15:02:30Z,2026-09-26T17:02:30+0200,4930e006-bdcc-4091-b396-06a555c6b5b0,2026-09-26T07:30:00Z,2026-09-26T09:30:00+0200,139.03,EUR/MWh,DK1,DK_1,day_ahead_price,value,2026-09-26T15:06:23Z
2026-09-26T15:02:30Z,2026-09-26T17:02:30+0200,4930e006-bdcc-4091-b396-06a555c6b5b0,2026-09-26T07:45:00Z,2026-09-26T09:45:00+0200,127.59,EUR/MWh,DK1,DK_1,day_ahead_price,value,2026-09-26T15:06:23Z
2026-09-26T15:02:30Z,2026-09-26T17:02:30+0200,4930e006-bdcc-4091-b396-06a555c6b5b0,2026-09-26T08:00:00Z,2026-09-26T10:00:00+0200,132.410004,EUR/MWh,DK1,DK_1,day_ahead_price,value,2026-09-26T15:06:23Z
2026-09-26T15:02:30Z,2026-09-26T17:02:30+0200,4930e006-bdcc-4091-b396-06a555c6b5b0,2026-09-26T08:15:00Z,2026-09-26T10:15:00+0200,120.56,EUR/MWh,DK1,DK_1,day_ahead_price,value,2026-09-26T15:06:23Z
2026-09-26T15:02:30Z,2026-09-26T17:02:30+0200,4930e006-bdcc-4091-b396-06a555c6b5b0,2026-09-26T08:30:00Z,2026-09-26T10:30:00+0200,104.989998,EUR/MWh,DK1,DK_1,day_ahead_price,value,2026-09-26T15:06:23Z
2026-09-26T15:02:30Z,2026-09-26T17:02:30+0200,4930e006-bdcc-4091-b396-06a555c6b5b0,2026-09-26T08:45:00Z,2026-09-26T10:45:00+0200,90.5,EUR/MWh,DK1,DK_1,day_ahead_price,value,2026-09-26T15:06:23Z
2026-09-26T15:02:30Z,2026-09-26T17:02:30+0200,4930e006-bdcc-4091-b396-06a555c6b5b0,2026-09-26T09:00:00Z,2026-09-26T11:00:00+0200,78.489998,EUR/MWh,DK1,DK_1,day_ahead_price,value,2026-09-26T15:06:23Z
2026-09-26T15:02:30Z,2026-09-26T17:02:30+0200,4930e006-bdcc-4091-b396-06a555c6b5b0,2026-09-26T09:15:00Z,2026-09-26T11:15:00+0200,59.27,EUR/MWh,DK1,DK_1,day_ahead_price,value,2026-09-26T15:06:23Z
2026-09-26T15:02:30Z,2026-09-26T17:02:30+0200,4930e006-bdcc-4091-b396-06a555c6b5b0,2026-09-26T09:30:00Z,2026-09-26T11:30:00+0200,46.32,EUR/MWh,DK1,DK_1,day_ahead_price,value,2026-09-26T15:06:23Z
2026-09-26T15:02:30Z,2026-09-26T17:02:30+0200,4930e006-bdcc-4091-b396-06a555c6b5b0,2026-09-26T09:45:00Z,2026-09-26T11:45:00+0200,31.68,EUR/MWh,DK1,DK_1,day_ahead_price,value,2026-09-26T15:06:23Z
2026-09-26T15:02:30Z,2026-09-26T17:02:30+0200,4930e006-bdcc-4091-b396-06a555c6b5b0,2026-09-26T10:00:00Z,2026-09-26T12:00:00+0200,23.790001,EUR/MWh,DK1,DK_1,day_ahead_price,value,2026-09-26T15:06:23Z
2026-09-26T15:02:30Z,2026-09-26T17:02:30+0200,4930e006-bdcc-4091-b396-06a555c6b5b0,2026-09-26T10:15:00Z,2026-09-26T12:15:00+0200,18.29,EUR/MWh,DK1,DK_1,day_ahead_price,value,2026-09-26T15:06:23Z
2026-09-26T15:02:30Z,2026-09-26T17:02:30+0200,4930e006-bdcc-4091-b396-06a555c6b5b0,2026-09-26T10:30:00Z,2026-09-26T12:30:00+0200,14.63,EUR/MWh,DK1,DK_1,day_ahead_price,value,2026-09-26T15:06:23Z
2026-09-26T15:02:30Z,2026-09-26T17:02:30+0200,4930e006-bdcc-4091-b396-06a555c6b5b0,2026-09-26T10:45:00Z,2026-09-26T12:45:00+0200,13.22,EUR/MWh,DK1,DK_1,day_ahead_price,value,2026-09-26T15:06:23Z
2026-09-26T15:02:30Z,2026-09-26T17:02:30+0200,4930e006-bdcc-4091-b396-06a555c6b5b0,2026-09-26T11:00:00Z,2026-09-26T13:00:00+0200,12.59,EUR/MWh,DK1,DK_1,day_ahead_price,value,2026-09-26T15:06:23Z
2026-09-26T15:02:30Z,2026-09-26T17:02:30+0200,4930e006-bdcc-4091-b396-06a555c6b5b0,2026-09-26T11:15:00Z,2026-09-26T13:15:00+0200,11.49,EUR/MWh,DK1,DK_1,day_ahead_price,value,2026-09-26T15:06:23Z
2026-09-26T15:02:30Z,2026-09-26T17:02:30+0200,4930e006-bdcc-4091-b396-06a555c6b5b0,2026-09-26T11:30:00Z,2026-09-26T13:30:00+0200,10.46,EUR/MWh,DK1,DK_1,day_ahead_price,value,2026-09-26T15:06:23Z
2026-09-26T15:02:30Z,2026-09-26T17:02:30+0200,4930e006-bdcc-4091-b396-06a555c6b5b0,2026-09-26T11:45:00Z,2026-09-26T13:45:00+0200,12.47,EUR/MWh,DK1,DK_1,day_ahead_price,value,2026-09-26T15:06:23Z
2026-09-26T15:02:30Z,2026-09-26T17:02:30+0200,4930e006-bdcc-4091-b396-06a555c6b5b0,2026-09-26T12:00:00Z,2026-09-26T14:00:00+0200,9.14,EUR/MWh,DK1,DK_1,day_ahead_price,value,2026-09-26T15:06:23Z
2026-09-26T15:02:30Z,2026-09-26T17:02:30+0200,4930e006-bdcc-4091-b396-06a555c6b5b0,2026-09-26T12:15:00Z,2026-09-26T14:15:00+0200,12.51,EUR/MWh,DK1,DK_1,day_ahead_price,value,2026-09-26T15:06:23Z
2026-09-26T15:02:30Z,2026-09-26T17:02:30+0200,4930e006-bdcc-4091-b396-06a555c6b5b0,2026-09-26T12:30:00Z,2026-09-26T14:30:00+0200,23.299999,EUR/MWh,DK1,DK_1,day_ahead_price,value,2026-09-26T15:06:23Z
2026-09-26T15:02:30Z,2026-09-26T17:02:30+0200,4930e006-bdcc-4091-b396-06a555c6b5b0,2026-09-26T12:45:00Z,2026-09-26T14:45:00+0200,29.29,EUR/MWh,DK1,DK_1,day_ahead_price,value,2026-09-26T15:06:23Z
2026-09-26T15:02:30Z,2026-09-26T17:02:30+0200,4930e006-bdcc-4091-b396-06a555c6b5b0,2026-09-26T13:00:00Z,2026-09-26T15:00:00+0200,23.0,EUR/MWh,DK1,DK_1,day_ahead_price,value,2026-09-26T15:06:23Z
2026-09-26T15:02:30Z,2026-09-26T17:02:30+0200,4930e006-bdcc-4091-b396-06a555c6b5b0,2026-09-26T13:15:00Z,2026-09-26T15:15:00+0200,40.0,EUR/MWh,DK1,DK_1,day_ahead_price,value,2026-09-26T15:06:23Z
2026-09-26T15:02:30Z,2026-09-26T17:02:30+0200,4930e006-bdcc-4091-b396-06a555c6b5b0,2026-09-26T13:30:00Z,2026-09-26T15:30:00+0200,61.61,EUR/MWh,DK1,DK_1,day_ahead_price,value,2026-09-26T15:06:23Z
2026-09-26T15:02:30Z,2026-09-26T17:02:30+0200,4930e006-bdcc-4091-b396-06a555c6b5b0,2026-09-26T13:45:00Z,2026-09-26T15:45:00+0200,85.05,EUR/MWh,DK1,DK_1,day_ahead_price,value,2026-09-26T15:06:23Z
2026-09-26T15:02:30Z,2026-09-26T17:02:30+0200,4930e006-bdcc-4091-b396-06a555c6b5b0,2026-09-26T14:00:00Z,2026-09-26T16:00:00+0200,91.080002,EUR/MWh,DK1,DK_1,day_ahead_price,value,2026-09-26T15:06:23Z
2026-09-26T15:02:30Z,2026-09-26T17:02:30+0200,4930e006-bdcc-4091-b396-06a555c6b5b0,2026-09-26T14:15:00Z,2026-09-26T16:15:00+0200,122.330002,EUR/MWh,DK1,DK_1,day_ahead_price,value,2026-09-26T15:06:23Z
2026-09-26T15:02:30Z,2026-09-26T17:02:30+0200,4930e006-bdcc-4091-b396-06a555c6b5b0,2026-09-26T14:30:00Z,2026-09-26T16:30:00+0200,134.6,EUR/MWh,DK1,DK_1,day_ahead_price,value,2026-09-26T15:06:23Z
2026-09-26T15:02:30Z,2026-09-26T17:02:30+0200,4930e006-bdcc-4091-b396-06a555c6b5b0,2026-09-26T14:45:00Z,2026-09-26T16:45:00+0200,160.100006,EUR/MWh,DK1,DK_1,day_ahead_price,value,2026-09-26T15:06:23Z
2026-09-26T15:02:30Z,2026-09-26T17:02:30+0200,4930e006-bdcc-4091-b396-06a555c6b5b0,2026-09-26T15:00:00Z,2026-09-26T17:00:00+0200,153.35,EUR/MWh,DK1,DK_1,day_ahead_price,value,2026-09-26T15:06:23Z
2026-09-26T15:02:30Z,2026-09-26T17:02:30+0200,4930e006-bdcc-4091-b396-06a555c6b5b0,2026-09-26T15:15:00Z,2026-09-26T17:15:00+0200,191.18,EUR/MWh,DK1,DK_1,day_ahead_price,value,2026-09-26T15:06:27Z
2026-09-26T15:02:30Z,2026-09-26T17:02:30+0200,4930e006-bdcc-4091-b396-06a555c6b5b0,2026-09-26T15:30:00Z,2026-09-26T17:30:00+0200,205.47,EUR/MWh,DK1,DK_1,day_ahead_price,value,2026-09-26T15:06:27Z
2026-09-26T15:02:30Z,2026-09-26T17:02:30+0200,4930e006-bdcc-4091-b396-06a555c6b5b0,2026-09-26T15:45:00Z,2026-09-26T17:45:00+0200,200.66,EUR/MWh,DK1,DK_1,day_ahead_price,value,2026-09-26T15:06:27Z
2026-09-26T15:02:30Z,2026-09-26T17:02:30+0200,4930e006-bdcc-4091-b396-06a555c6b5b0,2026-09-26T16:00:00Z,2026-09-26T18:00:00+0200,194.960007,EUR/MWh,DK1,DK_1,day_ahead_price,value,2026-09-26T15:06:27Z
2026-09-26T15:02:30Z,2026-09-26T17:02:30+0200,4930e006-bdcc-4091-b396-06a555c6b5b0,2026-09-26T16:15:00Z,2026-09-26T18:15:00+0200,206.240005,EUR/MWh,DK1,DK_1,day_ahead_price,value,2026-09-26T15:06:27Z
2026-09-26T15:02:30Z,2026-09-26T17:02:30+0200,4930e006-bdcc-4091-b396-06a555c6b5b0,2026-09-26T16:30:00Z,2026-09-26T18:30:00+0200,220.81,EUR/MWh,DK1,DK_1,day_ahead_price,value,2026-09-26T15:06:27Z
2026-09-26T15:02:30Z,2026-09-26T17:02:30+0200,4930e006-bdcc-4091-b396-06a555c6b5b0,2026-09-26T16:45:00Z,2026-09-26T18:45:00+0200,234.229996,EUR/MWh,DK1,DK_1,day_ahead_price,value,2026-09-26T15:06:27Z
2026-09-26T15:02:30Z,2026-09-26T17:02:30+0200,4930e006-bdcc-4091-b396-06a555c6b5b0,2026-09-26T17:00:00Z,2026-09-26T19:00:00+0200,222.0,EUR/MWh,DK1,DK_1,day_ahead_price,value,2026-09-26T15:06:27Z
2026-09-26T15:02:30Z,2026-09-26T17:02:30+0200,4930e006-bdcc-4091-b396-06a555c6b5b0,2026-09-26T17:15:00Z,2026-09-26T19:15:00+0200,230.46,EUR/MWh,DK1,DK_1,day_ahead_price,value,2026-09-26T15:06:27Z
2026-09-26T15:02:30Z,2026-09-26T17:02:30+0200,4930e006-bdcc-4091-b396-06a555c6b5b0,2026-09-26T17:30:00Z,2026-09-26T19:30:00+0200,243.610001,EUR/MWh,DK1,DK_1,day_ahead_price,value,2026-09-26T15:06:27Z
2026-09-26T15:02:30Z,2026-09-26T17:02:30+0200,4930e006-bdcc-4091-b396-06a555c6b5b0,2026-09-26T17:45:00Z,2026-09-26T19:45:00+0200,251.080002,EUR/MWh,DK1,DK_1,day_ahead_price,value,2026-09-26T15:06:27Z
2026-09-26T15:02:30Z,2026-09-26T17:02:30+0200,4930e006-bdcc-4091-b396-06a555c6b5b0,2026-09-26T18:00:00Z,2026-09-26T20:00:00+0200,238.97,EUR/MWh,DK1,DK_1,day_ahead_price,value,2026-09-26T15:06:27Z
2026-09-26T15:02:30Z,2026-09-26T17:02:30+0200,4930e006-bdcc-4091-b396-06a555c6b5b0,2026-09-26T18:15:00Z,2026-09-26T20:15:00+0200,232.0,EUR/MWh,DK1,DK_1,day_ahead_price,value,2026-09-26T15:06:27Z
2026-09-26T15:02:30Z,2026-09-26T17:02:30+0200,4930e006-bdcc-4091-b396-06a555c6b5b0,2026-09-26T18:30:00Z,2026-09-26T20:30:00+0200,222.48,EUR/MWh,DK1,DK_1,day_ahead_price,value,2026-09-26T15:06:27Z
2026-09-26T15:02:30Z,2026-09-26T17:02:30+0200,4930e006-bdcc-4091-b396-06a555c6b5b0,2026-09-26T18:45:00Z,2026-09-26T20:45:00+0200,211.990005,EUR/MWh,DK1,DK_1,day_ahead_price,value,2026-09-26T15:06:27Z
2026-09-26T15:02:30Z,2026-09-26T17:02:30+0200,4930e006-bdcc-4091-b396-06a555c6b5b0,2026-09-26T19:00:00Z,2026-09-26T21:00:00+0200,218.18,EUR/MWh,DK1,DK_1,day_ahead_price,value,2026-09-26T15:06:27Z
2026-09-26T15:02:30Z,2026-09-26T17:02:30+0200,4930e006-bdcc-4091-b396-06a555c6b5b0,2026-09-26T19:15:00Z,2026-09-26T21:15:00+0200,210.24,EUR/MWh,DK1,DK_1,day_ahead_price,value,2026-09-26T15:06:27Z
2026-09-26T15:02:30Z,2026-09-26T17:02:30+0200,4930e006-bdcc-4091-b396-06a555c6b5b0,2026-09-26T19:30:00Z,2026-09-26T21:30:00+0200,205.53,EUR/MWh,DK1,DK_1,day_ahead_price,value,2026-09-26T15:06:27Z
2026-09-26T15:02:30Z,2026-09-26T17:02:30+0200,4930e006-bdcc-4091-b396-06a555c6b5b0,2026-09-26T19:45:00Z,2026-09-26T21:45:00+0200,200.0,EUR/MWh,DK1,DK_1,day_ahead_price,value,2026-09-26T15:06:27Z
2026-09-26T15:02:30Z,2026-09-26T17:02:30+0200,4930e006-bdcc-4091-b396-06a555c6b5b0,2026-09-26T20:00:00Z,2026-09-26T22:00:00+0200,207.0,EUR/MWh,DK1,DK_1,day_ahead_price,value,2026-09-26T15:06:27Z
2026-09-26T15:02:30Z,2026-09-26T17:02:30+0200,4930e006-bdcc-4091-b396-06a555c6b5b0,2026-09-26T20:15:00Z,2026-09-26T22:15:00+0200,200.62,EUR/MWh,DK1,DK_1,day_ahead_price,value,2026-09-26T15:06:27Z
2026-09-26T15:02:30Z,2026-09-26T17:02:30+0200,4930e006-bdcc-4091-b396-06a555c6b5b0,2026-09-26T20:30:00Z,2026-09-26T22:30:00+0200,197.729996,EUR/MWh,DK1,DK_1,day_ahead_price,value,2026-09-26T15:06:27Z
2026-09-26T15:02:30Z,2026-09-26T17:02:30+0200,4930e006-bdcc-4091-b396-06a555c6b5b0,2026-09-26T20:45:00Z,2026-09-26T22:45:00+0200,191.889999,EUR/MWh,DK1,DK_1,day_ahead_price,value,2026-09-26T15:06:27Z
2026-09-26T15:02:30Z,2026-09-26T17:02:30+0200,4930e006-bdcc-4091-b396-06a555c6b5b0,2026-09-26T21:00:00Z,2026-09-26T23:00:00+0200,195.2,EUR/MWh,DK1,DK_1,day_ahead_price,value,2026-09-26T15:06:27Z
2026-09-26T15:02:30Z,2026-09-26T17:02:30+0200,4930e006-bdcc-4091-b396-06a555c6b5b0,2026-09-26T21:15:00Z,2026-09-26T23:15:00+0200,188.449997,EUR/MWh,DK1,DK_1,day_ahead_price,value,2026-09-26T15:06:27Z
2026-09-26T15:02:30Z,2026-09-26T17:02:30+0200,4930e006-bdcc-4091-b396-06a555c6b5b0,2026-09-26T21:30:00Z,2026-09-26T23:30:00+0200,182.550003,EUR/MWh,DK1,DK_1,day_ahead_price,value,2026-09-26T15:06:27Z
2026-09-26T15:02:30Z,2026-09-26T17:02:30+0200,4930e006-bdcc-4091-b396-06a555c6b5b0,2026-09-26T21:45:00Z,2026-09-26T23:45:00+0200,177.800003,EUR/MWh,DK1,DK_1,day_ahead_price,value,2026-09-26T15:06:27Z
2026-09-26T15:02:30Z,2026-09-26T17:02:30+0200,4930e006-bdcc-4091-b396-06a555c6b5b0,2026-09-26T22:00:00Z,2026-09-27T00:00:00+0200,192.07,EUR/MWh,DK1,DK_1,day_ahead_price,value,2026-09-26T15:06:27Z
2026-09-26T15:02:30Z,2026-09-26T17:02:30+0200,4930e006-bdcc-4091-b396-06a555c6b5b0,2026-09-26T22:15:00Z,2026-09-27T00:15:00+0200,185.62,EUR/MWh,DK1,DK_1,day_ahead_price,value,2026-09-26T15:06:27Z
2026-09-26T15:02:30Z,2026-09-26T17:02:30+0200,4930e006-bdcc-4091-b396-06a555c6b5b0,2026-09-26T22:30:00Z,2026-09-27T00:30:00+0200,182.48,EUR/MWh,DK1,DK_1,day_ahead_price,value,2026-09-26T15:06:27Z
2026-09-26T15:02:30Z,2026-09-26T17:02:30+0200,4930e006-bdcc-4091-b396-06a555c6b5b0,2026-09-26T22:45:00Z,2026-09-27T00:45:00+0200,171.97,EUR/MWh,DK1,DK_1,day_ahead_price,value,2026-09-26T15:06:27Z
2026-09-26T15:02:30Z,2026-09-26T17:02:30+0200,4930e006-bdcc-4091-b396-06a555c6b5b0,2026-09-26T23:00:00Z,2026-09-27T01:00:00+0200,180.4,EUR/MWh,DK1,DK_1,day_ahead_price,value,2026-09-26T15:06:27Z
2026-09-26T15:02:30Z,2026-09-26T17:02:30+0200,4930e006-bdcc-4091-b396-06a555c6b5b0,2026-09-26T23:15:00Z,2026-09-27T01:15:00+0200,178.0,EUR/MWh,DK1,DK_1,day_ahead_price,value,2026-09-26T15:06:27Z
2026-09-26T15:02:30Z,2026-09-26T17:02:30+0200,4930e006-bdcc-4091-b396-06a555c6b5b0,2026-09-26T23:30:00Z,2026-09-27T01:30:00+0200,176.62,EUR/MWh,DK1,DK_1,day_ahead_price,value,2026-09-26T15:06:27Z
2026-09-26T15:02:30Z,2026-09-26T17:02:30+0200,4930e006-bdcc-4091-b396-06a555c6b5b0,2026-09-26T23:45:00Z,2026-09-27T01:45:00+0200,178.0,EUR/MWh,DK1,DK_1,day_ahead_price,value,2026-09-26T15:06:27Z
2026-09-26T15:02:30Z,2026-09-26T17:02:30+0200,4930e006-bdcc-4091-b396-06a555c6b5b0,2026-09-27T00:00:00Z,2026-09-27T02:00:00+0200,176.0,EUR/MWh,DK1,DK_1,day_ahead_price,value,2026-09-26T15:06:27Z
2026-09-26T15:02:30Z,2026-09-26T17:02:30+0200,4930e006-bdcc-4091-b396-06a555c6b5b0,2026-09-27T00:15:00Z,2026-09-27T02:15:00+0200,171.31,EUR/MWh,DK1,DK_1,day_ahead_price,value,2026-09-26T15:06:27Z
2026-09-26T15:02:30Z,2026-09-26T17:02:30+0200,4930e006-bdcc-4091-b396-06a555c6b5b0,2026-09-27T00:30:00Z,2026-09-27T02:30:00+0200,169.97,EUR/MWh,DK1,DK_1,day_ahead_price,value,2026-09-26T15:06:27Z
2026-09-26T15:02:30Z,2026-09-26T17:02:30+0200,4930e006-bdcc-4091-b396-06a555c6b5b0,2026-09-27T00:45:00Z,2026-09-27T02:45:00+0200,168.08,EUR/MWh,DK1,DK_1,day_ahead_price,value,2026-09-26T15:06:27Z
2026-09-26T15:02:30Z,2026-09-26T17:02:30+0200,4930e006-bdcc-4091-b396-06a555c6b5b0,2026-09-27T01:00:00Z,2026-09-27T03:00:00+0200,168.16,EUR/MWh,DK1,DK_1,day_ahead_price,value,2026-09-26T15:06:27Z
2026-09-26T15:02:30Z,2026-09-26T17:02:30+0200,4930e006-bdcc-4091-b396-06a555c6b5b0,2026-09-27T01:15:00Z,2026-09-27T03:15:00+0200,166.78,EUR/MWh,DK1,DK_1,day_ahead_price,value,2026-09-26T15:06:27Z
2026-09-26T15:02:30Z,2026-09-26T17:02:30+0200,4930e006-bdcc-4091-b396-06a555c6b5b0,2026-09-27T01:30:00Z,2026-09-27T03:30:00+0200,165.4,EUR/MWh,DK1,DK_1,day_ahead_price,value,2026-09-26T15:06:27Z
2026-09-26T15:02:30Z,2026-09-26T17:02:30+0200,4930e006-bdcc-4091-b396-06a555c6b5b0,2026-09-27T01:45:00Z,2026-09-27T03:45:00+0200,165.39,EUR/MWh,DK1,DK_1,day_ahead_price,value,2026-09-26T15:06:27Z
2026-09-26T15:02:30Z,2026-09-26T17:02:30+0200,4930e006-bdcc-4091-b396-06a555c6b5b0,2026-09-27T02:00:00Z,2026-09-27T04:00:00+0200,165.0,EUR/MWh,DK1,DK_1,day_ahead_price,value,2026-09-26T15:06:27Z
2026-09-26T15:02:30Z,2026-09-26T17:02:30+0200,4930e006-bdcc-4091-b396-06a555c6b5b0,2026-09-27T02:15:00Z,2026-09-27T04:15:00+0200,160.83,EUR/MWh,DK1,DK_1,day_ahead_price,value,2026-09-26T15:06:27Z
2026-09-26T15:02:30Z,2026-09-26T17:02:30+0200,4930e006-bdcc-4091-b396-06a555c6b5b0,2026-09-27T02:30:00Z,2026-09-27T04:30:00+0200,160.44,EUR/MWh,DK1,DK_1,day_ahead_price,value,2026-09-26T15:06:27Z
2026-09-26T15:02:30Z,2026-09-26T17:02:30+0200,4930e006-bdcc-4091-b396-06a555c6b5b0,2026-09-27T02:45:00Z,2026-09-27T04:45:00+0200,160.0,EUR/MWh,DK1,DK_1,day_ahead_price,value,2026-09-26T15:06:27Z
2026-09-26T15:02:30Z,2026-09-26T17:02:30+0200,4930e006-bdcc-4091-b396-06a555c6b5b0,2026-09-27T03:00:00Z,2026-09-27T05:00:00+0200,160.44,EUR/MWh,DK1,DK_1,day_ahead_price,value,2026-09-26T15:06:27Z
2026-09-26T15:02:30Z,2026-09-26T17:02:30+0200,4930e006-bdcc-4091-b396-06a555c6b5b0,2026-09-27T03:15:00Z,2026-09-27T05:15:00+0200,158.08,EUR/MWh,DK1,DK_1,day_ahead_price,value,2026-09-26T15:06:27Z
2026-09-26T15:02:30Z,2026-09-26T17:02:30+0200,4930e006-bdcc-4091-b396-06a555c6b5b0,2026-09-27T03:30:00Z,2026-09-27T05:30:00+0200,159.4,EUR/MWh,DK1,DK_1,day_ahead_price,value,2026-09-26T15:06:27Z
2026-09-26T15:02:30Z,2026-09-26T17:02:30+0200,4930e006-bdcc-4091-b396-06a555c6b5b0,2026-09-27T03:45:00Z,2026-09-27T05:45:00+0200,156.76,EUR/MWh,DK1,DK_1,day_ahead_price,value,2026-09-26T15:06:27Z
2026-09-26T15:02:30Z,2026-09-26T17:02:30+0200,4930e006-bdcc-4091-b396-06a555c6b5b0,2026-09-27T04:00:00Z,2026-09-27T06:00:00+0200,155.95,EUR/MWh,DK1,DK_1,day_ahead_price,value,2026-09-26T15:06:27Z
2026-09-26T15:02:30Z,2026-09-26T17:02:30+0200,4930e006-bdcc-4091-b396-06a555c6b5b0,2026-09-27T04:15:00Z,2026-09-27T06:15:00+0200,155.79,EUR/MWh,DK1,DK_1,day_ahead_price,value,2026-09-26T15:06:27Z
2026-09-26T15:02:30Z,2026-09-26T17:02:30+0200,4930e006-bdcc-4091-b396-06a555c6b5b0,2026-09-27T04:30:00Z,2026-09-27T06:30:00+0200,162.15,EUR/MWh,DK1,DK_1,day_ahead_price,value,2026-09-26T15:06:27Z
2026-09-26T15:02:30Z,2026-09-26T17:02:30+0200,4930e006-bdcc-4091-b396-06a555c6b5b0,2026-09-27T04:45:00Z,2026-09-27T06:45:00+0200,162.52,EUR/MWh,DK1,DK_1,day_ahead_price,value,2026-09-26T15:06:27Z
2026-09-26T15:02:30Z,2026-09-26T17:02:30+0200,4930e006-bdcc-4091-b396-06a555c6b5b0,2026-09-27T05:00:00Z,2026-09-27T07:00:00+0200,164.38,EUR/MWh,DK1,DK_1,day_ahead_price,value,2026-09-26T15:06:27Z
2026-09-26T15:02:30Z,2026-09-26T17:02:30+0200,4930e006-bdcc-4091-b396-06a555c6b5b0,2026-09-27T05:15:00Z,2026-09-27T07:15:00+0200,157.06,EUR/MWh,DK1,DK_1,day_ahead_price,value,2026-09-26T15:06:27Z
2026-09-26T15:02:30Z,2026-09-26T17:02:30+0200,4930e006-bdcc-4091-b396-06a555c6b5b0,2026-09-27T05:30:00Z,2026-09-27T07:30:00+0200,146.27,EUR/MWh,DK1,DK_1,day_ahead_price,value,2026-09-26T15:06:27Z
2026-09-26T15:02:30Z,2026-09-26T17:02:30+0200,4930e006-bdcc-4091-b396-06a555c6b5b0,2026-09-27T05:45:00Z,2026-09-27T07:45:00+0200,134.63,EUR/MWh,DK1,DK_1,day_ahead_price,value,2026-09-26T15:06:27Z
2026-09-26T15:02:30Z,2026-09-26T17:02:30+0200,4930e006-bdcc-4091-b396-06a555c6b5b0,2026-09-27T06:00:00Z,2026-09-27T08:00:00+0200,160.43,EUR/MWh,DK1,DK_1,day_ahead_price,value,2026-09-26T15:06:27Z
2026-09-26T15:02:30Z,2026-09-26T17:02:30+0200,4930e006-bdcc-4091-b396-06a555c6b5b0,2026-09-27T06:15:00Z,2026-09-27T08:15:00+0200,143.86,EUR/MWh,DK1,DK_1,day_ahead_price,value,2026-09-26T15:06:27Z
2026-09-26T15:02:30Z,2026-09-26T17:02:30+0200,4930e006-bdcc-4091-b396-06a555c6b5b0,2026-09-27T06:30:00Z,2026-09-27T08:30:00+0200,119.48,EUR/MWh,DK1,DK_1,day_ahead_price,value,2026-09-26T15:06:27Z
2026-09-26T15:02:30Z,2026-09-26T17:02:30+0200,4930e006-bdcc-4091-b396-06a555c6b5b0,2026-09-27T06:45:00Z,2026-09-27T08:45:00+0200,87.68,EUR/MWh,DK1,DK_1,day_ahead_price,value,2026-09-26T15:06:27Z
2026-09-26T15:02:30Z,2026-09-26T17:02:30+0200,4930e006-bdcc-4091-b396-06a555c6b5b0,2026-09-27T07:00:00Z,2026-09-27T09:00:00+0200,100.6,EUR/MWh,DK1,DK_1,day_ahead_price,value,2026-09-26T15:06:27Z
2026-09-26T15:02:30Z,2026-09-26T17:02:30+0200,4930e006-bdcc-4091-b396-06a555c6b5b0,2026-09-27T07:15:00Z,2026-09-27T09:15:00+0200,74.88,EUR/MWh,DK1,DK_1,day_ahead_price,value,2026-09-26T15:06:27Z
2026-09-26T15:02:30Z,2026-09-26T17:02:30+0200,4930e006-bdcc-4091-b396-06a555c6b5b0,2026-09-27T07:30:00Z,2026-09-27T09:30:00+0200,30.61,EUR/MWh,DK1,DK_1,day_ahead_price,value,2026-09-26T15:06:27Z
2026-09-26T15:02:30Z,2026-09-26T17:02:30+0200,4930e006-bdcc-4091-b396-06a555c6b5b0,2026-09-27T07:45:00Z,2026-09-27T09:45:00+0200,18.32,EUR/MWh,DK1,DK_1,day_ahead_price,value,2026-09-26T15:06:27Z
2026-09-26T15:02:30Z,2026-09-26T17:02:30+0200,4930e006-bdcc-4091-b396-06a555c6b5b0,2026-09-27T08:00:00Z,2026-09-27T10:00:00+0200,37.66,EUR/MWh,DK1,DK_1,day_ahead_price,value,2026-09-26T15:06:27Z
2026-09-26T15:02:30Z,2026-09-26T17:02:30+0200,4930e006-bdcc-4091-b396-06a555c6b5b0,2026-09-27T08:15:00Z,2026-09-27T10:15:00+0200,16.94,EUR/MWh,DK1,DK_1,day_ahead_price,value,2026-09-26T15:06:27Z
2026-09-26T15:02:30Z,2026-09-26T17:02:30+0200,4930e006-bdcc-4091-b396-06a555c6b5b0,2026-09-27T08:30:00Z,2026-09-27T10:30:00+0200,4.79,EUR/MWh,DK1,DK_1,day_ahead_price,value,2026-09-26T15:06:27Z
2026-09-26T15:02:30Z,2026-09-26T17:02:30+0200,4930e006-bdcc-4091-b396-06a555c6b5b0,2026-09-27T08:45:00Z,2026-09-27T10:45:00+0200,1.63,EUR/MWh,DK1,DK_1,day_ahead_price,value,2026-09-26T15:06:27Z
2026-09-26T15:02:30Z,2026-09-26T17:02:30+0200,4930e006-bdcc-4091-b396-06a555c6b5b0,2026-09-27T09:00:00Z,2026-09-27T11:00:00+0200,2.1,EUR/MWh,DK1,DK_1,day_ahead_price,value,2026-09-26T15:06:27Z
2026-09-26T15:02:30Z,2026-09-26T17:02:30+0200,4930e006-bdcc-4091-b396-06a555c6b5b0,2026-09-27T09:15:00Z,2026-09-27T11:15:00+0200,1.54,EUR/MWh,DK1,DK_1,day_ahead_price,value,2026-09-26T15:06:27Z
2026-09-26T15:02:30Z,2026-09-26T17:02:30+0200,4930e006-bdcc-4091-b396-06a555c6b5b0,2026-09-27T09:30:00Z,2026-09-27T11:30:00+0200,1.34,EUR/MWh,DK1,DK_1,day_ahead_price,value,2026-09-26T15:06:27Z
2026-09-26T15:02:30Z,2026-09-26T17:02:30+0200,4930e006-bdcc-4091-b396-06a555c6b5b0,2026-09-27T09:45:00Z,2026-09-27T11:45:00+0200,1.33,EUR/MWh,DK1,DK_1,day_ahead_price,value,2026-09-26T15:06:27Z
2026-09-26T15:02:30Z,2026-09-26T17:02:30+0200,4930e006-bdcc-4091-b396-06a555c6b5b0,2026-09-27T10:00:00Z,2026-09-27T12:00:00+0200,2.0,EUR/MWh,DK1,DK_1,day_ahead_price,value,2026-09-26T15:06:27Z
2026-09-26T15:02:30Z,2026-09-26T17:02:30+0200,4930e006-bdcc-4091-b396-06a555c6b5b0,2026-09-27T10:15:00Z,2026-09-27T12:15:00+0200,1.99,EUR/MWh,DK1,DK_1,day_ahead_price,value,2026-09-26T15:06:27Z
2026-09-26T15:02:30Z,2026-09-26T17:02:30+0200,4930e006-bdcc-4091-b396-06a555c6b5b0,2026-09-27T10:30:00Z,2026-09-27T12:30:00+0200,1.54,EUR/MWh,DK1,DK_1,day_ahead_price,value,2026-09-26T15:06:27Z
2026-09-26T15:02:30Z,2026-09-26T17:02:30+0200,4930e006-bdcc-4091-b396-06a555c6b5b0,2026-09-27T10:45:00Z,2026-09-27T12:45:00+0200,1.36,EUR/MWh,DK1,DK_1,day_ahead_price,value,2026-09-26T15:06:27Z
2026-09-26T15:02:30Z,2026-09-26T17:02:30+0200,4930e006-bdcc-4091-b396-06a555c6b5b0,2026-09-27T11:00:00Z,2026-09-27T13:00:00+0200,1.34,EUR/MWh,DK1,DK_1,day_ahead_price,value,2026-09-26T15:06:27Z
2026-09-26T15:02:30Z,2026-09-26T17:02:30+0200,4930e006-bdcc-4091-b396-06a555c6b5b0,2026-09-27T11:15:00Z,2026-09-27T13:15:00+0200,1.33,EUR/MWh,DK1,DK_1,day_ahead_price,value,2026-09-26T15:06:27Z
2026-09-26T15:02:30Z,2026-09-26T17:02:30+0200,4930e006-bdcc-4091-b396-06a555c6b5b0,2026-09-27T11:30:00Z,2026-09-27T13:30:00+0200,0.8,EUR/MWh,DK1,DK_1,day_ahead_price,value,2026-09-26T15:06:27Z
2026-09-26T15:02:30Z,2026-09-26T17:02:30+0200,4930e006-bdcc-4091-b396-06a555c6b5b0,2026-09-27T11:45:00Z,2026-09-27T13:45:00+0200,0.5,EUR/MWh,DK1,DK_1,day_ahead_price,value,2026-09-26T15:06:27Z
2026-09-26T15:02:30Z,2026-09-26T17:02:30+0200,4930e006-bdcc-4091-b396-06a555c6b5b0,2026-09-27T12:00:00Z,2026-09-27T14:00:00+0200,0.05,EUR/MWh,DK1,DK_1,day_ahead_price,value,2026-09-26T15:06:27Z
2026-09-26T15:02:30Z,2026-09-26T17:02:30+0200,4930e006-bdcc-4091-b396-06a555c6b5b0,2026-09-27T12:15:00Z,2026-09-27T14:15:00+0200,0.09,EUR/MWh,DK1,DK_1,day_ahead_price,value,2026-09-26T15:06:27Z
2026-09-26T15:02:30Z,2026-09-26T17:02:30+0200,4930e006-bdcc-4091-b396-06a555c6b5b0,2026-09-27T12:30:00Z,2026-09-27T14:30:00+0200,0.01,EUR/MWh,DK1,DK_1,day_ahead_price,value,2026-09-26T15:06:27Z
2026-09-26T15:02:30Z,2026-09-26T17:02:30+0200,4930e006-bdcc-4091-b396-06a555c6b5b0,2026-09-27T12:45:00Z,2026-09-27T14:45:00+0200,0.0,EUR/MWh,DK1,DK_1,day_ahead_price,value,2026-09-26T15:06:27Z
2026-09-26T15:02:30Z,2026-09-26T17:02:30+0200,4930e006-bdcc-4091-b396-06a555c6b5b0,2026-09-27T13:00:00Z,2026-09-27T15:00:00+0200,0.0,EUR/MWh,DK1,DK_1,day_ahead_price,value,2026-09-26T15:06:27Z
2026-09-26T15:02:30Z,2026-09-26T17:02:30+0200,4930e006-bdcc-4091-b396-06a555c6b5b0,2026-09-27T13:15:00Z,2026-09-27T15:15:00+0200,0.0,EUR/MWh,DK1,DK_1,day_ahead_price,value,2026-09-26T15:06:27Z
2026-09-26T15:02:30Z,2026-09-26T17:02:30+0200,4930e006-bdcc-4091-b396-06a555c6b5b0,2026-09-27T13:30:00Z,2026-09-27T15:30:00+0200,0.0,EUR/MWh,DK1,DK_1,day_ahead_price,value,2026-09-26T15:06:27Z
2026-09-26T15:02:30Z,2026-09-26T17:02:30+0200,4930e006-bdcc-4091-b396-06a555c6b5b0,2026-09-27T13:45:00Z,2026-09-27T15:45:00+0200,0.0,EUR/MWh,DK1,DK_1,day_ahead_price,value,2026-09-26T15:06:27Z
2026-09-26T15:02:30Z,2026-09-26T17:02:30+0200,4930e006-bdcc-4091-b396-06a555c6b5b0,2026-09-27T14:00:00Z,2026-09-27T16:00:00+0200,0.02,EUR/MWh,DK1,DK_1,day_ahead_price,value,2026-09-26T15:06:27Z
2026-09-26T15:02:30Z,2026-09-26T17:02:30+0200,4930e006-bdcc-4091-b396-06a555c6b5b0,2026-09-27T14:15:00Z,2026-09-27T16:15:00+0200,0.18,EUR/MWh,DK1,DK_1,day_ahead_price,value,2026-09-26T15:06:27Z
2026-09-26T15:02:30Z,2026-09-26T17:02:30+0200,4930e006-bdcc-4091-b396-06a555c6b5b0,2026-09-27T14:30:00Z,2026-09-27T16:30:00+0200,7.01,EUR/MWh,DK1,DK_1,day_ahead_price,value,2026-09-26T15:06:27Z
2026-09-26T15:02:30Z,2026-09-26T17:02:30+0200,4930e006-bdcc-4091-b396-06a555c6b5b0,2026-09-27T14:45:00Z,2026-09-27T16:45:00+0200,45.25,EUR/MWh,DK1,DK_1,day_ahead_price,value,2026-09-26T15:06:27Z
2026-09-26T15:02:30Z,2026-09-26T17:02:30+0200,4930e006-bdcc-4091-b396-06a555c6b5b0,2026-09-27T15:00:00Z,2026-09-27T17:00:00+0200,41.25,EUR/MWh,DK1,DK_1,day_ahead_price,value,2026-09-26T15:06:27Z
2026-09-26T15:02:30Z,2026-09-26T17:02:30+0200,4930e006-bdcc-4091-b396-06a555c6b5b0,2026-09-27T15:15:00Z,2026-09-27T17:15:00+0200,92.45,EUR/MWh,DK1,DK_1,day_ahead_price,value,2026-09-26T15:06:27Z
2026-09-26T15:02:30Z,2026-09-26T17:02:30+0200,4930e006-bdcc-4091-b396-06a555c6b5b0,2026-09-27T15:30:00Z,2026-09-27T17:30:00+0200,139.68,EUR/MWh,DK1,DK_1,day_ahead_price,value,2026-09-26T15:06:27Z
2026-09-26T15:02:30Z,2026-09-26T17:02:30+0200,4930e006-bdcc-4091-b396-06a555c6b5b0,2026-09-27T15:45:00Z,2026-09-27T17:45:00+0200,175.39,EUR/MWh,DK1,DK_1,day_ahead_price,value,2026-09-26T15:06:27Z
2026-09-26T15:02:30Z,2026-09-26T17:02:30+0200,4930e006-bdcc-4091-b396-06a555c6b5b0,2026-09-27T16:00:00Z,2026-09-27T18:00:00+0200,168.79,EUR/MWh,DK1,DK_1,day_ahead_price,value,2026-09-26T15:06:27Z
2026-09-26T15:02:30Z,2026-09-26T17:02:30+0200,4930e006-bdcc-4091-b396-06a555c6b5b0,2026-09-27T16:15:00Z,2026-09-27T18:15:00+0200,179.94,EUR/MWh,DK1,DK_1,day_ahead_price,value,2026-09-26T15:06:27Z
2026-09-26T15:02:30Z,2026-09-26T17:02:30+0200,4930e006-bdcc-4091-b396-06a555c6b5b0,2026-09-27T16:30:00Z,2026-09-27T18:30:00+0200,161.84,EUR/MWh,DK1,DK_1,day_ahead_price,value,2026-09-26T15:06:27Z
2026-09-26T15:02:30Z,2026-09-26T17:02:30+0200,4930e006-bdcc-4091-b396-06a555c6b5b0,2026-09-27T16:45:00Z,2026-09-27T18:45:00+0200,159.11,EUR/MWh,DK1,DK_1,day_ahead_price,value,2026-09-26T15:06:27Z
2026-09-26T15:02:30Z,2026-09-26T17:02:30+0200,4930e006-bdcc-4091-b396-06a555c6b5b0,2026-09-27T17:00:00Z,2026-09-27T19:00:00+0200,161.46,EUR/MWh,DK1,DK_1,day_ahead_price,value,2026-09-26T15:06:27Z
2026-09-26T15:02:30Z,2026-09-26T17:02:30+0200,4930e006-bdcc-4091-b396-06a555c6b5b0,2026-09-27T17:15:00Z,2026-09-27T19:15:00+0200,161.18,EUR/MWh,DK1,DK_1,day_ahead_price,value,2026-09-26T15:06:27Z
2026-09-26T15:02:30Z,2026-09-26T17:02:30+0200,4930e006-bdcc-4091-b396-06a555c6b5b0,2026-09-27T17:30:00Z,2026-09-27T19:30:00+0200,160.42,EUR/MWh,DK1,DK_1,day_ahead_price,value,2026-09-26T15:06:27Z
2026-09-26T15:02:30Z,2026-09-26T17:02:30+0200,4930e006-bdcc-4091-b396-06a555c6b5b0,2026-09-27T17:45:00Z,2026-09-27T19:45:00+0200,164.88,EUR/MWh,DK1,DK_1,day_ahead_price,value,2026-09-26T15:06:27Z
2026-09-26T15:02:30Z,2026-09-26T17:02:30+0200,4930e006-bdcc-4091-b396-06a555c6b5b0,2026-09-27T18:00:00Z,2026-09-27T20:00:00+0200,149.5,EUR/MWh,DK1,DK_1,day_ahead_price,value,2026-09-26T15:06:27Z
2026-09-26T15:02:30Z,2026-09-26T17:02:30+0200,4930e006-bdcc-4091-b396-06a555c6b5b0,2026-09-27T18:15:00Z,2026-09-27T20:15:00+0200,151.89,EUR/MWh,DK1,DK_1,day_ahead_price,value,2026-09-26T15:06:27Z
2026-09-26T15:02:30Z,2026-09-26T17:02:30+0200,4930e006-bdcc-4091-b396-06a555c6b5b0,2026-09-27T18:30:00Z,2026-09-27T20:30:00+0200,151.22,EUR/MWh,DK1,DK_1,day_ahead_price,value,2026-09-26T15:06:27Z
2026-09-26T15:02:30Z,2026-09-26T17:02:30+0200,4930e006-bdcc-4091-b396-06a555c6b5b0,2026-09-27T18:45:00Z,2026-09-27T20:45:00+0200,147.39,EUR/MWh,DK1,DK_1,day_ahead_price,value,2026-09-26T15:06:27Z
2026-09-26T15:02:30Z,2026-09-26T17:02:30+0200,4930e006-bdcc-4091-b396-06a555c6b5b0,2026-09-27T19:00:00Z,2026-09-27T21:00:00+0200,143.33,EUR/MWh,DK1,DK_1,day_ahead_price,value,2026-09-26T15:06:27Z
2026-09-26T15:02:30Z,2026-09-26T17:02:30+0200,4930e006-bdcc-4091-b396-06a555c6b5b0,2026-09-27T19:15:00Z,2026-09-27T21:15:00+0200,140.15,EUR/MWh,DK1,DK_1,day_ahead_price,value,2026-09-26T15:06:27Z
2026-09-26T15:02:30Z,2026-09-26T17:02:30+0200,4930e006-bdcc-4091-b396-06a555c6b5b0,2026-09-27T19:30:00Z,2026-09-27T21:30:00+0200,138.34,EUR/MWh,DK1,DK_1,day_ahead_price,value,2026-09-26T15:06:27Z
2026-09-26T15:02:30Z,2026-09-26T17:02:30+0200,4930e006-bdcc-4091-b396-06a555c6b5b0,2026-09-27T19:45:00Z,2026-09-27T21:45:00+0200,137.95,EUR/MWh,DK1,DK_1,day_ahead_price,value,2026-09-26T15:06:27Z
2026-09-26T15:02:30Z,2026-09-26T17:02:30+0200,4930e006-bdcc-4091-b396-06a555c6b5b0,2026-09-27T20:00:00Z,2026-09-27T22:00:00+0200,138.27,EUR/MWh,DK1,DK_1,day_ahead_price,value,2026-09-26T15:06:27Z
2026-09-26T15:02:30Z,2026-09-26T17:02:30+0200,4930e006-bdcc-4091-b396-06a555c6b5b0,2026-09-27T20:15:00Z,2026-09-27T22:15:00+0200,136.28,EUR/MWh,DK1,DK_1,day_ahead_price,value,2026-09-26T15:06:27Z
2026-09-26T15:02:30Z,2026-09-26T17:02:30+0200,4930e006-bdcc-4091-b396-06a555c6b5b0,2026-09-27T20:30:00Z,2026-09-27T22:30:00+0200,136.2,EUR/MWh,DK1,DK_1,day_ahead_price,value,2026-09-26T15:06:27Z
2026-09-26T15:02:30Z,2026-09-26T17:02:30+0200,4930e006-bdcc-4091-b396-06a555c6b5b0,2026-09-27T20:45:00Z,2026-09-27T22:45:00+0200,134.41,EUR/MWh,DK1,DK_1,day_ahead_price,value,2026-09-26T15:06:27Z
2026-09-26T15:02:30Z,2026-09-26T17:02:30+0200,4930e006-bdcc-4091-b396-06a555c6b5b0,2026-09-27T21:00:00Z,2026-09-27T23:00:00+0200,136.99,EUR/MWh,DK1,DK_1,day_ahead_price,value,2026-09-26T15:06:27Z
2026-09-26T15:02:30Z,2026-09-26T17:02:30+0200,4930e006-bdcc-4091-b396-06a555c6b5b0,2026-09-27T21:15:00Z,2026-09-27T23:15:00+0200,135.93,EUR/MWh,DK1,DK_1,day_ahead_price,value,2026-09-26T15:06:27Z
2026-09-26T15:02:30Z,2026-09-26T17:02:30+0200,4930e006-bdcc-4091-b396-06a555c6b5b0,2026-09-27T21:30:00Z,2026-09-27T23:30:00+0200,135.0,EUR/MWh,DK1,DK_1,day_ahead_price,value,2026-09-26T15:06:27Z
2026-09-26T15:02:30Z,2026-09-26T17:02:30+0200,4930e006-bdcc-4091-b396-06a555c6b5b0,2026-09-27T21:45:00Z,2026-09-27T23:45:00+0200,134.69,EUR/MWh,DK1,DK_1,day_ahead_price,value,2026-09-26T15:06:27Z
