collection_time_utc,collection_time_local,run_id,timestamp_utc,timestamp_local,value,unit,country,entsoe_area,variable,source,updated_at_utc
2026-09-06T20:26:41Z,2026-09-06T22:26:41+0200,bbe7684a-8a79-4141-93a0-c6d703021e31,2026-08-30T20:30:00Z,2026-08-30T22:30:00+0200,42297.31739,MW,DE,DE_LU,actual_load,Actual Load,2026-09-06T20:26:49Z
2026-09-06T20:26:41Z,2026-09-06T22:26:41+0200,bbe7684a-8a79-4141-93a0-c6d703021e31,2026-08-30T20:45:00Z,2026-08-30T22:45:00+0200,42325.05829,MW,DE,DE_LU,actual_load,Actual Load,2026-09-06T20:26:49Z
2026-09-06T20:26:41Z,2026-09-06T22:26:41+0200,bbe7684a-8a79-4141-93a0-c6d703021e31,2026-08-30T21:00:00Z,2026-08-30T23:00:00+0200,41599.94559,MW,DE,DE_LU,actual_load,Actual Load,2026-09-06T20:26:49Z
2026-09-06T20:26:41Z,2026-09-06T22:26:41+0200,bbe7684a-8a79-4141-93a0-c6d703021e31,2026-08-30T21:15:00Z,2026-08-30T23:15:00+0200,41008.1339,MW,DE,DE_LU,actual_load,Actual Load,2026-09-06T20:26:49Z
2026-09-06T20:26:41Z,2026-09-06T22:26:41+0200,bbe7684a-8a79-4141-93a0-c6d703021e31,2026-08-30T21:30:00Z,2026-08-30T23:30:00+0200,40516.55547,MW,DE,DE_LU,actual_load,Actual Load,2026-09-06T20:26:49Z
2026-09-06T20:26:41Z,2026-09-06T22:26:41+0200,bbe7684a-8a79-4141-93a0-c6d703021e31,2026-08-30T21:45:00Z,2026-08-30T23:45:00+0200,40409.73377,MW,DE,DE_LU,actual_load,Actual Load,2026-09-06T20:26:49Z
2026-09-06T20:26:41Z,2026-09-06T22:26:41+0200,bbe7684a-8a79-4141-93a0-c6d703021e31,2026-08-30T22:00:00Z,2026-08-31T00:00:00+0200,39717.63387,MW,DE,DE_LU,actual_load,Actual Load,2026-09-06T20:26:49Z
2026-09-06T20:26:41Z,2026-09-06T22:26:41+0200,bbe7684a-8a79-4141-93a0-c6d703021e31,2026-08-30T22:15:00Z,2026-08-31T00:15:00+0200,39553.19908,MW,DE,DE_LU,actual_load,Actual Load,2026-09-06T20:26:49Z
2026-09-06T20:26:41Z,2026-09-06T22:26:41+0200,bbe7684a-8a79-4141-93a0-c6d703021e31,2026-08-30T22:30:00Z,2026-08-31T00:30:00+0200,39778.19418,MW,DE,DE_LU,actual_load,Actual Load,2026-09-06T20:26:49Z
2026-09-06T20:26:41Z,2026-09-06T22:26:41+0200,bbe7684a-8a79-4141-93a0-c6d703021e31,2026-08-30T22:45:00Z,2026-08-31T00:45:00+0200,39510.6395,MW,DE,DE_LU,actual_load,Actual Load,2026-09-06T20:26:49Z
2026-09-06T20:26:41Z,2026-09-06T22:26:41+0200,bbe7684a-8a79-4141-93a0-c6d703021e31,2026-08-30T23:00:00Z,2026-08-31T01:00:00+0200,38746.94757,MW,DE,DE_LU,actual_load,Actual Load,2026-09-06T20:26:49Z
2026-09-06T20:26:41Z,2026-09-06T22:26:41+0200,bbe7684a-8a79-4141-93a0-c6d703021e31,2026-08-30T23:15:00Z,2026-08-31T01:15:00+0200,38831.35231,MW,DE,DE_LU,actual_load,Actual Load,2026-09-06T20:26:49Z
2026-09-06T20:26:41Z,2026-09-06T22:26:41+0200,bbe7684a-8a79-4141-93a0-c6d703021e31,2026-08-30T23:30:00Z,2026-08-31T01:30:00+0200,38351.9163,MW,DE,DE_LU,actual_load,Actual Load,2026-09-06T20:26:49Z
2026-09-06T20:26:41Z,2026-09-06T22:26:41+0200,bbe7684a-8a79-4141-93a0-c6d703021e31,2026-08-30T23:45:00Z,2026-08-31T01:45:00+0200,38158.87494,MW,DE,DE_LU,actual_load,Actual Load,2026-09-06T20:26:49Z
2026-09-06T20:26:41Z,2026-09-06T22:26:41+0200,bbe7684a-8a79-4141-93a0-c6d703021e31,2026-08-31T00:00:00Z,2026-08-31T02:00:00+0200,37741.64709,MW,DE,DE_LU,actual_load,Actual Load,2026-09-06T20:26:49Z
2026-09-06T20:26:41Z,2026-09-06T22:26:41+0200,bbe7684a-8a79-4141-93a0-c6d703021e31,2026-08-31T00:15:00Z,2026-08-31T02:15:00+0200,38015.07368,MW,DE,DE_LU,actual_load,Actual Load,2026-09-06T20:26:49Z
2026-09-06T20:26:41Z,2026-09-06T22:26:41+0200,bbe7684a-8a79-4141-93a0-c6d703021e31,2026-08-31T00:30:00Z,2026-08-31T02:30:00+0200,38166.87309,MW,DE,DE_LU,actual_load,Actual Load,2026-09-06T20:26:49Z
2026-09-06T20:26:41Z,2026-09-06T22:26:41+0200,bbe7684a-8a79-4141-93a0-c6d703021e31,2026-08-31T00:45:00Z,2026-08-31T02:45:00+0200,38110.86218,MW,DE,DE_LU,actual_load,Actual Load,2026-09-06T20:26:49Z
2026-09-06T20:26:41Z,2026-09-06T22:26:41+0200,bbe7684a-8a79-4141-93a0-c6d703021e31,2026-08-31T01:00:00Z,2026-08-31T03:00:00+0200,38386.35177,MW,DE,DE_LU,actual_load,Actual Load,2026-09-06T20:26:49Z
2026-09-06T20:26:41Z,2026-09-06T22:26:41+0200,bbe7684a-8a79-4141-93a0-c6d703021e31,2026-08-31T01:15:00Z,2026-08-31T03:15:00+0200,39218.93985,MW,DE,DE_LU,actual_load,Actual Load,2026-09-06T20:26:49Z
2026-09-06T20:26:41Z,2026-09-06T22:26:41+0200,bbe7684a-8a79-4141-93a0-c6d703021e31,2026-08-31T01:30:00Z,2026-08-31T03:30:00+0200,39127.14368,MW,DE,DE_LU,actual_load,Actual Load,2026-09-06T20:26:49Z
2026-09-06T20:26:41Z,2026-09-06T22:26:41+0200,bbe7684a-8a79-4141-93a0-c6d703021e31,2026-08-31T01:45:00Z,2026-08-31T03:45:00+0200,39576.65619,MW,DE,DE_LU,actual_load,Actual Load,2026-09-06T20:26:49Z
2026-09-06T20:26:41Z,2026-09-06T22:26:41+0200,bbe7684a-8a79-4141-93a0-c6d703021e31,2026-08-31T02:00:00Z,2026-08-31T04:00:00+0200,39217.41443,MW,DE,DE_LU,actual_load,Actual Load,2026-09-06T20:26:49Z
2026-09-06T20:26:41Z,2026-09-06T22:26:41+0200,bbe7684a-8a79-4141-93a0-c6d703021e31,2026-08-31T02:15:00Z,2026-08-31T04:15:00+0200,39755.11812,MW,DE,DE_LU,actual_load,Actual Load,2026-09-06T20:26:49Z
2026-09-06T20:26:41Z,2026-09-06T22:26:41+0200,bbe7684a-8a79-4141-93a0-c6d703021e31,2026-08-31T02:30:00Z,2026-08-31T04:30:00+0200,39864.33736,MW,DE,DE_LU,actual_load,Actual Load,2026-09-06T20:26:49Z
2026-09-06T20:26:41Z,2026-09-06T22:26:41+0200,bbe7684a-8a79-4141-93a0-c6d703021e31,2026-08-31T02:45:00Z,2026-08-31T04:45:00+0200,40379.15093,MW,DE,DE_LU,actual_load,Actual Load,2026-09-06T20:26:49Z
2026-09-06T20:26:41Z,2026-09-06T22:26:41+0200,bbe7684a-8a79-4141-93a0-c6d703021e31,2026-08-31T03:00:00Z,2026-08-31T05:00:00+0200,41235.90224,MW,DE,DE_LU,actual_load,Actual Load,2026-09-06T20:26:49Z
2026-09-06T20:26:41Z,2026-09-06T22:26:41+0200,bbe7684a-8a79-4141-93a0-c6d703021e31,2026-08-31T03:15:00Z,2026-08-31T05:15:00+0200,42087.98913,MW,DE,DE_LU,actual_load,Actual Load,2026-09-06T20:26:49Z
2026-09-06T20:26:41Z,2026-09-06T22:26:41+0200,bbe7684a-8a79-4141-93a0-c6d703021e31,2026-08-31T03:30:00Z,2026-08-31T05:30:00+0200,43255.38802,MW,DE,DE_LU,actual_load,Actual Load,2026-09-06T20:26:49Z
2026-09-06T20:26:41Z,2026-09-06T22:26:41+0200,bbe7684a-8a79-4141-93a0-c6d703021e31,2026-08-31T03:45:00Z,2026-08-31T05:45:00+0200,45158.22776,MW,DE,DE_LU,actual_load,Actual Load,2026-09-06T20:26:49Z
2026-09-06T20:26:41Z,2026-09-06T22:26:41+0200,bbe7684a-8a79-4141-93a0-c6d703021e31,2026-08-31T04:00:00Z,2026-08-31T06:00:00+0200,47862.64483,MW,DE,DE_LU,actual_load,Actual Load,2026-09-06T20:26:49Z
2026-09-06T20:26:41Z,2026-09-06T22:26:41+0200,bbe7684a-8a79-4141-93a0-c6d703021e31,2026-08-31T04:15:00Z,2026-08-31T06:15:00+0200,49243.25596,MW,DE,DE_LU,actual_load,Actual Load,2026-09-06T20:26:49Z
2026-09-06T20:26:41Z,2026-09-06T22:26:41+0200,bbe7684a-8a79-4141-93a0-c6d703021e31,2026-08-31T04:30:00Z,2026-08-31T06:30:00+0200,50377.49698,MW,DE,DE_LU,actual_load,Actual Load,2026-09-06T20:26:49Z
2026-09-06T20:26:41Z,2026-09-06T22:26:41+0200,bbe7684a-8a79-4141-93a0-c6d703021e31,2026-08-31T04:45:00Z,2026-08-31T06:45:00+0200,51653.69228,MW,DE,DE_LU,actual_load,Actual Load,2026-09-06T20:26:49Z
2026-09-06T20:26:41Z,2026-09-06T22:26:41+0200,bbe7684a-8a79-4141-93a0-c6d703021e31,2026-08-31T05:00:00Z,2026-08-31T07:00:00+0200,53306.75582,MW,DE,DE_LU,actual_load,Actual Load,2026-09-06T20:26:49Z
2026-09-06T20:26:41Z,2026-09-06T22:26:41+0200,bbe7684a-8a79-4141-93a0-c6d703021e31,2026-08-31T05:15:00Z,2026-08-31T07:15:00+0200,54422.50848,MW,DE,DE_LU,actual_load,Actual Load,2026-09-06T20:26:49Z
2026-09-06T20:26:41Z,2026-09-06T22:26:41+0200,bbe7684a-8a79-4141-93a0-c6d703021e31,2026-08-31T05:30:00Z,2026-08-31T07:30:00+0200,56036.70817,MW,DE,DE_LU,actual_load,Actual Load,2026-09-06T20:26:49Z
2026-09-06T20:26:41Z,2026-09-06T22:26:41+0200,bbe7684a-8a79-4141-93a0-c6d703021e31,2026-08-31T05:45:00Z,2026-08-31T07:45:00+0200,57133.83908,MW,DE,DE_LU,actual_load,Actual Load,2026-09-06T20:26:49Z
2026-09-06T20:26:41Z,2026-09-06T22:26:41+0200,bbe7684a-8a79-4141-93a0-c6d703021e31,2026-08-31T06:00:00Z,2026-08-31T08:00:00+0200,57126.39951,MW,DE,DE_LU,actual_load,Actual Load,2026-09-06T20:26:49Z
2026-09-06T20:26:41Z,2026-09-06T22:26:41+0200,bbe7684a-8a79-4141-93a0-c6d703021e31,2026-08-31T06:15:00Z,2026-08-31T08:15:00+0200,58350.82316,MW,DE,DE_LU,actual_load,Actual Load,2026-09-06T20:26:49Z
2026-09-06T20:26:41Z,2026-09-06T22:26:41+0200,bbe7684a-8a79-4141-93a0-c6d703021e31,2026-08-31T06:30:00Z,2026-08-31T08:30:00+0200,60560.31666,MW,DE,DE_LU,actual_load,Actual Load,2026-09-06T20:26:49Z
2026-09-06T20:26:41Z,2026-09-06T22:26:41+0200,bbe7684a-8a79-4141-93a0-c6d703021e31,2026-08-31T06:45:00Z,2026-08-31T08:45:00+0200,59791.42421,MW,DE,DE_LU,actual_load,Actual Load,2026-09-06T20:26:49Z
2026-09-06T20:26:41Z,2026-09-06T22:26:41+0200,bbe7684a-8a79-4141-93a0-c6d703021e31,2026-08-31T07:00:00Z,2026-08-31T09:00:00+0200,58427.23639,MW,DE,DE_LU,actual_load,Actual Load,2026-09-06T20:26:49Z
2026-09-06T20:26:41Z,2026-09-06T22:26:41+0200,bbe7684a-8a79-4141-93a0-c6d703021e31,2026-08-31T07:15:00Z,2026-08-31T09:15:00+0200,58840.54125,MW,DE,DE_LU,actual_load,Actual Load,2026-09-06T20:26:49Z
2026-09-06T20:26:41Z,2026-09-06T22:26:41+0200,bbe7684a-8a79-4141-93a0-c6d703021e31,2026-08-31T07:30:00Z,2026-08-31T09:30:00+0200,59017.53158,MW,DE,DE_LU,actual_load,Actual Load,2026-09-06T20:26:49Z
2026-09-06T20:26:41Z,2026-09-06T22:26:41+0200,bbe7684a-8a79-4141-93a0-c6d703021e31,2026-08-31T07:45:00Z,2026-08-31T09:45:00+0200,59447.64306,MW,DE,DE_LU,actual_load,Actual Load,2026-09-06T20:26:49Z
2026-09-06T20:26:41Z,2026-09-06T22:26:41+0200,bbe7684a-8a79-4141-93a0-c6d703021e31,2026-08-31T08:00:00Z,2026-08-31T10:00:00+0200,59306.90054,MW,DE,DE_LU,actual_load,Actual Load,2026-09-06T20:26:49Z
2026-09-06T20:26:41Z,2026-09-06T22:26:41+0200,bbe7684a-8a79-4141-93a0-c6d703021e31,2026-08-31T08:15:00Z,2026-08-31T10:15:00+0200,58861.51509,MW,DE,DE_LU,actual_load,Actual Load,2026-09-06T20:26:49Z
2026-09-06T20:26:41Z,2026-09-06T22:26:41+0200,bbe7684a-8a79-4141-93a0-c6d703021e31,2026-08-31T08:30:00Z,2026-08-31T10:30:00+0200,58972.34808,MW,DE,DE_LU,actual_load,Actual Load,2026-09-06T20:26:49Z
2026-09-06T20:26:41Z,2026-09-06T22:26:41+0200,bbe7684a-8a79-4141-93a0-c6d703021e31,2026-08-31T08:45:00Z,2026-08-31T10:45:00+0200,59218.537,MW,DE,DE_LU,actual_load,Actual Load,2026-09-06T20:26:49Z
2026-09-06T20:26:41Z,2026-09-06T22:26:41+0200,bbe7684a-8a79-4141-93a0-c6d703021e31,2026-08-31T09:00:00Z,2026-08-31T11:00:00+0200,58996.69316,MW,DE,DE_LU,actual_load,Actual Load,2026-09-06T20:26:49Z
2026-09-06T20:26:41Z,2026-09-06T22:26:41+0200,bbe7684a-8a79-4141-93a0-c6d703021e31,2026-08-31T09:15:00Z,2026-08-31T11:15:00+0200,59876.52052,MW,DE,DE_LU,actual_load,Actual Load,2026-09-06T20:26:49Z
2026-09-06T20:26:41Z,2026-09-06T22:26:41+0200,bbe7684a-8a79-4141-93a0-c6d703021e31,2026-08-31T09:30:00Z,2026-08-31T11:30:00+0200,60231.02483,MW,DE,DE_LU,actual_load,Actual Load,2026-09-06T20:26:49Z
2026-09-06T20:26:41Z,2026-09-06T22:26:41+0200,bbe7684a-8a79-4141-93a0-c6d703021e31,2026-08-31T09:45:00Z,2026-08-31T11:45:00+0200,60726.84536,MW,DE,DE_LU,actual_load,Actual Load,2026-09-06T20:26:49Z
2026-09-06T20:26:41Z,2026-09-06T22:26:41+0200,bbe7684a-8a79-4141-93a0-c6d703021e31,2026-08-31T10:00:00Z,2026-08-31T12:00:00+0200,60053.02816,MW,DE,DE_LU,actual_load,Actual Load,2026-09-06T20:26:49Z
2026-09-06T20:26:41Z,2026-09-06T22:26:41+0200,bbe7684a-8a79-4141-93a0-c6d703021e31,2026-08-31T10:15:00Z,2026-08-31T12:15:00+0200,60452.92204,MW,DE,DE_LU,actual_load,Actual Load,2026-09-06T20:26:49Z
2026-09-06T20:26:41Z,2026-09-06T22:26:41+0200,bbe7684a-8a79-4141-93a0-c6d703021e31,2026-08-31T10:30:00Z,2026-08-31T12:30:00+0200,60680.52981,MW,DE,DE_LU,actual_load,Actual Load,2026-09-06T20:26:49Z
2026-09-06T20:26:41Z,2026-09-06T22:26:41+0200,bbe7684a-8a79-4141-93a0-c6d703021e31,2026-08-31T10:45:00Z,2026-08-31T12:45:00+0200,61088.21523,MW,DE,DE_LU,actual_load,Actual Load,2026-09-06T20:26:49Z
2026-09-06T20:26:41Z,2026-09-06T22:26:41+0200,bbe7684a-8a79-4141-93a0-c6d703021e31,2026-08-31T11:00:00Z,2026-08-31T13:00:00+0200,60136.70004,MW,DE,DE_LU,actual_load,Actual Load,2026-09-06T20:26:49Z
2026-09-06T20:26:41Z,2026-09-06T22:26:41+0200,bbe7684a-8a79-4141-93a0-c6d703021e31,2026-08-31T11:15:00Z,2026-08-31T13:15:00+0200,60064.86271,MW,DE,DE_LU,actual_load,Actual Load,2026-09-06T20:26:49Z
2026-09-06T20:26:41Z,2026-09-06T22:26:41+0200,bbe7684a-8a79-4141-93a0-c6d703021e31,2026-08-31T11:30:00Z,2026-08-31T13:30:00+0200,58616.46971,MW,DE,DE_LU,actual_load,Actual Load,2026-09-06T20:26:49Z
2026-09-06T20:26:41Z,2026-09-06T22:26:41+0200,bbe7684a-8a79-4141-93a0-c6d703021e31,2026-08-31T11:45:00Z,2026-08-31T13:45:00+0200,58416.10376,MW,DE,DE_LU,actual_load,Actual Load,2026-09-06T20:26:49Z
2026-09-06T20:26:41Z,2026-09-06T22:26:41+0200,bbe7684a-8a79-4141-93a0-c6d703021e31,2026-08-31T12:00:00Z,2026-08-31T14:00:00+0200,57632.47727,MW,DE,DE_LU,actual_load,Actual Load,2026-09-06T20:26:49Z
2026-09-06T20:26:41Z,2026-09-06T22:26:41+0200,bbe7684a-8a79-4141-93a0-c6d703021e31,2026-08-31T12:15:00Z,2026-08-31T14:15:00+0200,57327.01361,MW,DE,DE_LU,actual_load,Actual Load,2026-09-06T20:26:49Z
2026-09-06T20:26:41Z,2026-09-06T22:26:41+0200,bbe7684a-8a79-4141-93a0-c6d703021e31,2026-08-31T12:30:00Z,2026-08-31T14:30:00+0200,57559.40957,MW,DE,DE_LU,actual_load,Actual Load,2026-09-06T20:26:49Z
2026-09-06T20:26:41Z,2026-09-06T22:26:41+0200,bbe7684a-8a79-4141-93a0-c6d703021e31,2026-08-31T12:45:00Z,2026-08-31T14:45:00+0200,56542.58741,MW,DE,DE_LU,actual_load,Actual Load,2026-09-06T20:26:49Z
2026-09-06T20:26:41Z,2026-09-06T22:26:41+0200,bbe7684a-8a79-4141-93a0-c6d703021e31,2026-08-31T13:00:00Z,2026-08-31T15:00:00+0200,56780.65138,MW,DE,DE_LU,actual_load,Actual Load,2026-09-06T20:26:49Z
2026-09-06T20:26:41Z,2026-09-06T22:26:41+0200,bbe7684a-8a79-4141-93a0-c6d703021e31,2026-08-31T13:15:00Z,2026-08-31T15:15:00+0200,56771.60319,MW,DE,DE_LU,actual_load,Actual Load,2026-09-06T20:26:49Z
2026-09-06T20:26:41Z,2026-09-06T22:26:41+0200,bbe7684a-8a79-4141-93a0-c6d703021e31,2026-08-31T13:30:00Z,2026-08-31T15:30:00+0200,56093.45149,MW,DE,DE_LU,actual_load,Actual Load,2026-09-06T20:26:49Z
2026-09-06T20:26:41Z,2026-09-06T22:26:41+0200,bbe7684a-8a79-4141-93a0-c6d703021e31,2026-08-31T13:45:00Z,2026-08-31T15:45:00+0200,55950.87595,MW,DE,DE_LU,actual_load,Actual Load,2026-09-06T20:26:49Z
2026-09-06T20:26:41Z,2026-09-06T22:26:41+0200,bbe7684a-8a79-4141-93a0-c6d703021e31,2026-08-31T14:00:00Z,2026-08-31T16:00:00+0200,55491.9816,MW,DE,DE_LU,actual_load,Actual Load,2026-09-06T20:26:49Z
2026-09-06T20:26:41Z,2026-09-06T22:26:41+0200,bbe7684a-8a79-4141-93a0-c6d703021e31,2026-08-31T14:15:00Z,2026-08-31T16:15:00+0200,55408.18367,MW,DE,DE_LU,actual_load,Actual Load,2026-09-06T20:26:49Z
2026-09-06T20:26:41Z,2026-09-06T22:26:41+0200,bbe7684a-8a79-4141-93a0-c6d703021e31,2026-08-31T14:30:00Z,2026-08-31T16:30:00+0200,56402.36542,MW,DE,DE_LU,actual_load,Actual Load,2026-09-06T20:26:49Z
2026-09-06T20:26:41Z,2026-09-06T22:26:41+0200,bbe7684a-8a79-4141-93a0-c6d703021e31,2026-08-31T14:45:00Z,2026-08-31T16:45:00+0200,54683.242,MW,DE,DE_LU,actual_load,Actual Load,2026-09-06T20:26:49Z
2026-09-06T20:26:41Z,2026-09-06T22:26:41+0200,bbe7684a-8a79-4141-93a0-c6d703021e31,2026-08-31T15:00:00Z,2026-08-31T17:00:00+0200,54931.89648,MW,DE,DE_LU,actual_load,Actual Load,2026-09-06T20:26:49Z
2026-09-06T20:26:41Z,2026-09-06T22:26:41+0200,bbe7684a-8a79-4141-93a0-c6d703021e31,2026-08-31T15:15:00Z,2026-08-31T17:15:00+0200,54670.81248,MW,DE,DE_LU,actual_load,Actual Load,2026-09-06T20:26:49Z
2026-09-06T20:26:41Z,2026-09-06T22:26:41+0200,bbe7684a-8a79-4141-93a0-c6d703021e31,2026-08-31T15:30:00Z,2026-08-31T17:30:00+0200,54987.13827,MW,DE,DE_LU,actual_load,Actual Load,2026-09-06T20:26:49Z
2026-09-06T20:26:41Z,2026-09-06T22:26:41+0200,bbe7684a-8a79-4141-93a0-c6d703021e31,2026-08-31T15:45:00Z,2026-08-31T17:45:00+0200,55342.37927,MW,DE,DE_LU,actual_load,Actual Load,2026-09-06T20:26:49Z
2026-09-06T20:26:41Z,2026-09-06T22:26:41+0200,bbe7684a-8a79-4141-93a0-c6d703021e31,2026-08-31T16:00:00Z,2026-08-31T18:00:00+0200,55808.00568,MW,DE,DE_LU,actual_load,Actual Load,2026-09-06T20:26:49Z
2026-09-06T20:26:41Z,2026-09-06T22:26:41+0200,bbe7684a-8a79-4141-93a0-c6d703021e31,2026-08-31T16:15:00Z,2026-08-31T18:15:00+0200,55760.54403,MW,DE,DE_LU,actual_load,Actual Load,2026-09-06T20:26:49Z
2026-09-06T20:26:41Z,2026-09-06T22:26:41+0200,bbe7684a-8a79-4141-93a0-c6d703021e31,2026-08-31T16:30:00Z,2026-08-31T18:30:00+0200,55706.84515,MW,DE,DE_LU,actual_load,Actual Load,2026-09-06T20:26:49Z
2026-09-06T20:26:41Z,2026-09-06T22:26:41+0200,bbe7684a-8a79-4141-93a0-c6d703021e31,2026-08-31T16:45:00Z,2026-08-31T18:45:00+0200,56222.80818,MW,DE,DE_LU,actual_load,Actual Load,2026-09-06T20:26:49Z
2026-09-06T20:26:41Z,2026-09-06T22:26:41+0200,bbe7684a-8a79-4141-93a0-c6d703021e31,2026-08-31T17:00:00Z,2026-08-31T19:00:00+0200,56032.02384,MW,DE,DE_LU,actual_load,Actual Load,2026-09-06T20:26:49Z
2026-09-06T20:26:41Z,2026-09-06T22:26:41+0200,bbe7684a-8a79-4141-93a0-c6d703021e31,2026-08-31T17:15:00Z,2026-08-31T19:15:00+0200,54738.2939,MW,DE,DE_LU,actual_load,Actual Load,2026-09-06T20:26:49Z
2026-09-06T20:26:41Z,2026-09-06T22:26:41+0200,bbe7684a-8a79-4141-93a0-c6d703021e31,2026-08-31T17:30:00Z,2026-08-31T19:30:00+0200,54868.13127,MW,DE,DE_LU,actual_load,Actual Load,2026-09-06T20:26:49Z
2026-09-06T20:26:41Z,2026-09-06T22:26:41+0200,bbe7684a-8a79-4141-93a0-c6d703021e31,2026-08-31T17:45:00Z,2026-08-31T19:45:00+0200,53883.42197,MW,DE,DE_LU,actual_load,Actual Load,2026-09-06T20:26:49Z
2026-09-06T20:26:41Z,2026-09-06T22:26:41+0200,bbe7684a-8a79-4141-93a0-c6d703021e31,2026-08-31T18:00:00Z,2026-08-31T20:00:00+0200,52955.09467,MW,DE,DE_LU,actual_load,Actual Load,2026-09-06T20:26:49Z
2026-09-06T20:26:41Z,2026-09-06T22:26:41+0200,bbe7684a-8a79-4141-93a0-c6d703021e31,2026-08-31T18:15:00Z,2026-08-31T20:15:00+0200,52347.5799,MW,DE,DE_LU,actual_load,Actual Load,2026-09-06T20:26:49Z
2026-09-06T20:26:41Z,2026-09-06T22:26:41+0200,bbe7684a-8a79-4141-93a0-c6d703021e31,2026-08-31T18:30:00Z,2026-08-31T20:30:00+0200,51742.36945,MW,DE,DE_LU,actual_load,Actual Load,2026-09-06T20:26:49Z
2026-09-06T20:26:41Z,2026-09-06T22:26:41+0200,bbe7684a-8a79-4141-93a0-c6d703021e31,2026-08-31T18:45:00Z,2026-08-31T20:45:00+0200,50991.19526,MW,DE,DE_LU,actual_load,Actual Load,2026-09-06T20:26:49Z
2026-09-06T20:26:41Z,2026-09-06T22:26:41+0200,bbe7684a-8a79-4141-93a0-c6d703021e31,2026-08-31T19:00:00Z,2026-08-31T21:00:00+0200,50015.95416,MW,DE,DE_LU,actual_load,Actual Load,2026-09-06T20:26:49Z
2026-09-06T20:26:41Z,2026-09-06T22:26:41+0200,bbe7684a-8a79-4141-93a0-c6d703021e31,2026-08-31T19:15:00Z,2026-08-31T21:15:00+0200,48767.62228,MW,DE,DE_LU,actual_load,Actual Load,2026-09-06T20:26:49Z
2026-09-06T20:26:41Z,2026-09-06T22:26:41+0200,bbe7684a-8a79-4141-93a0-c6d703021e31,2026-08-31T19:30:00Z,2026-08-31T21:30:00+0200,47990.64454,MW,DE,DE_LU,actual_load,Actual Load,2026-09-06T20:26:49Z
2026-09-06T20:26:41Z,2026-09-06T22:26:41+0200,bbe7684a-8a79-4141-93a0-c6d703021e31,2026-08-31T19:45:00Z,2026-08-31T21:45:00+0200,47712.23931,MW,DE,DE_LU,actual_load,Actual Load,2026-09-06T20:26:49Z
2026-09-06T20:26:41Z,2026-09-06T22:26:41+0200,bbe7684a-8a79-4141-93a0-c6d703021e31,2026-08-31T20:00:00Z,2026-08-31T22:00:00+0200,46655.13637,MW,DE,DE_LU,actual_load,Actual Load,2026-09-06T20:26:49Z
2026-09-06T20:26:41Z,2026-09-06T22:26:41+0200,bbe7684a-8a79-4141-93a0-c6d703021e31,2026-08-31T20:15:00Z,2026-08-31T22:15:00+0200,45952.92367,MW,DE,DE_LU,actual_load,Actual Load,2026-09-06T20:26:49Z
2026-09-06T20:26:41Z,2026-09-06T22:26:41+0200,bbe7684a-8a79-4141-93a0-c6d703021e31,2026-08-31T20:30:00Z,2026-08-31T22:30:00+0200,45779.34296,MW,DE,DE_LU,actual_load,Actual Load,2026-09-06T20:26:49Z
2026-09-06T20:26:41Z,2026-09-06T22:26:41+0200,bbe7684a-8a79-4141-93a0-c6d703021e31,2026-08-31T20:45:00Z,2026-08-31T22:45:00+0200,44961.0305,MW,DE,DE_LU,actual_load,Actual Load,2026-09-06T20:26:49Z
2026-09-06T20:26:41Z,2026-09-06T22:26:41+0200,bbe7684a-8a79-4141-93a0-c6d703021e31,2026-08-31T21:00:00Z,2026-08-31T23:00:00+0200,44240.810569,MW,DE,DE_LU,actual_load,Actual Load,2026-09-06T20:26:49Z
2026-09-06T20:26:41Z,2026-09-06T22:26:41+0200,bbe7684a-8a79-4141-93a0-c6d703021e31,2026-08-31T21:15:00Z,2026-08-31T23:15:00+0200,43839.36915,MW,DE,DE_LU,actual_load,Actual Load,2026-09-06T20:26:49Z
2026-09-06T20:26:41Z,2026-09-06T22:26:41+0200,bbe7684a-8a79-4141-93a0-c6d703021e31,2026-08-31T21:30:00Z,2026-08-31T23:30:00+0200,43071.44669,MW,DE,DE_LU,actual_load,Actual Load,2026-09-06T20:26:49Z
2026-09-06T20:26:41Z,2026-09-06T22:26:41+0200,bbe7684a-8a79-4141-93a0-c6d703021e31,2026-08-31T21:45:00Z,2026-08-31T23:45:00+0200,43345.27894,MW,DE,DE_LU,actual_load,Actual Load,2026-09-06T20:26:49Z
2026-09-06T20:26:41Z,2026-09-06T22:26:41+0200,bbe7684a-8a79-4141-93a0-c6d703021e31,2026-08-31T22:00:00Z,2026-09-01T00:00:00+0200,41925.82958,MW,DE,DE_LU,actual_load,Actual Load,2026-09-06T20:26:49Z
2026-09-06T20:26:41Z,2026-09-06T22:26:41+0200,bbe7684a-8a79-4141-93a0-c6d703021e31,2026-08-31T22:15:00Z,2026-09-01T00:15:00+0200,41591.74777,MW,DE,DE_LU,actual_load,Actual Load,2026-09-06T20:26:49Z
2026-09-06T20:26:41Z,2026-09-06T22:26:41+0200,bbe7684a-8a79-4141-93a0-c6d703021e31,2026-08-31T22:30:00Z,2026-09-01T00:30:00+0200,41691.47497,MW,DE,DE_LU,actual_load,Actual Load,2026-09-06T20:26:49Z
2026-09-06T20:26:41Z,2026-09-06T22:26:41+0200,bbe7684a-8a79-4141-93a0-c6d703021e31,2026-08-31T22:45:00Z,2026-09-01T00:45:00+0200,42329.584259,MW,DE,DE_LU,actual_load,Actual Load,2026-09-06T20:26:49Z
2026-09-06T20:26:41Z,2026-09-06T22:26:41+0200,bbe7684a-8a79-4141-93a0-c6d703021e31,2026-08-31T23:00:00Z,2026-09-01T01:00:00+0200,41004.576109,MW,DE,DE_LU,actual_load,Actual Load,2026-09-06T20:26:49Z
2026-09-06T20:26:41Z,2026-09-06T22:26:41+0200,bbe7684a-8a79-4141-93a0-c6d703021e31,2026-08-31T23:15:00Z,2026-09-01T01:15:00+0200,40991.874279,MW,DE,DE_LU,actual_load,Actual Load,2026-09-06T20:26:49Z
2026-09-06T20:26:41Z,2026-09-06T22:26:41+0200,bbe7684a-8a79-4141-93a0-c6d703021e31,2026-08-31T23:30:00Z,2026-09-01T01:30:00+0200,40777.711289,MW,DE,DE_LU,actual_load,Actual Load,2026-09-06T20:26:49Z
2026-09-06T20:26:41Z,2026-09-06T22:26:41+0200,bbe7684a-8a79-4141-93a0-c6d703021e31,2026-08-31T23:45:00Z,2026-09-01T01:45:00+0200,40821.550059,MW,DE,DE_LU,actual_load,Actual Load,2026-09-06T20:26:49Z
2026-09-06T20:26:41Z,2026-09-06T22:26:41+0200,bbe7684a-8a79-4141-93a0-c6d703021e31,2026-09-01T00:00:00Z,2026-09-01T02:00:00+0200,41258.56643,MW,DE,DE_LU,actual_load,Actual Load,2026-09-06T20:26:49Z
2026-09-06T20:26:41Z,2026-09-06T22:26:41+0200,bbe7684a-8a79-4141-93a0-c6d703021e31,2026-09-01T00:15:00Z,2026-09-01T02:15:00+0200,41509.20401,MW,DE,DE_LU,actual_load,Actual Load,2026-09-06T20:26:49Z
2026-09-06T20:26:41Z,2026-09-06T22:26:41+0200,bbe7684a-8a79-4141-93a0-c6d703021e31,2026-09-01T00:30:00Z,2026-09-01T02:30:00+0200,41061.99821,MW,DE,DE_LU,actual_load,Actual Load,2026-09-06T20:26:49Z
2026-09-06T20:26:41Z,2026-09-06T22:26:41+0200,bbe7684a-8a79-4141-93a0-c6d703021e31,2026-09-01T00:45:00Z,2026-09-01T02:45:00+0200,41184.16908,MW,DE,DE_LU,actual_load,Actual Load,2026-09-06T20:26:49Z
2026-09-06T20:26:41Z,2026-09-06T22:26:41+0200,bbe7684a-8a79-4141-93a0-c6d703021e31,2026-09-01T01:00:00Z,2026-09-01T03:00:00+0200,41446.54216,MW,DE,DE_LU,actual_load,Actual Load,2026-09-06T20:26:49Z
2026-09-06T20:26:41Z,2026-09-06T22:26:41+0200,bbe7684a-8a79-4141-93a0-c6d703021e31,2026-09-01T01:15:00Z,2026-09-01T03:15:00+0200,40921.21697,MW,DE,DE_LU,actual_load,Actual Load,2026-09-06T20:26:49Z
2026-09-06T20:26:41Z,2026-09-06T22:26:41+0200,bbe7684a-8a79-4141-93a0-c6d703021e31,2026-09-01T01:30:00Z,2026-09-01T03:30:00+0200,40424.570529,MW,DE,DE_LU,actual_load,Actual Load,2026-09-06T20:26:49Z
2026-09-06T20:26:41Z,2026-09-06T22:26:41+0200,bbe7684a-8a79-4141-93a0-c6d703021e31,2026-09-01T01:45:00Z,2026-09-01T03:45:00+0200,40775.12093,MW,DE,DE_LU,actual_load,Actual Load,2026-09-06T20:26:49Z
2026-09-06T20:26:41Z,2026-09-06T22:26:41+0200,bbe7684a-8a79-4141-93a0-c6d703021e31,2026-09-01T02:00:00Z,2026-09-01T04:00:00+0200,41471.207389,MW,DE,DE_LU,actual_load,Actual Load,2026-09-06T20:26:49Z
2026-09-06T20:26:41Z,2026-09-06T22:26:41+0200,bbe7684a-8a79-4141-93a0-c6d703021e31,2026-09-01T02:15:00Z,2026-09-01T04:15:00+0200,41786.90265,MW,DE,DE_LU,actual_load,Actual Load,2026-09-06T20:26:49Z
2026-09-06T20:26:41Z,2026-09-06T22:26:41+0200,bbe7684a-8a79-4141-93a0-c6d703021e31,2026-09-01T02:30:00Z,2026-09-01T04:30:00+0200,41572.07849,MW,DE,DE_LU,actual_load,Actual Load,2026-09-06T20:26:49Z
2026-09-06T20:26:41Z,2026-09-06T22:26:41+0200,bbe7684a-8a79-4141-93a0-c6d703021e31,2026-09-01T02:45:00Z,2026-09-01T04:45:00+0200,41713.39595,MW,DE,DE_LU,actual_load,Actual Load,2026-09-06T20:26:49Z
2026-09-06T20:26:41Z,2026-09-06T22:26:41+0200,bbe7684a-8a79-4141-93a0-c6d703021e31,2026-09-01T03:00:00Z,2026-09-01T05:00:00+0200,42987.57555,MW,DE,DE_LU,actual_load,Actual Load,2026-09-06T20:26:49Z
2026-09-06T20:26:41Z,2026-09-06T22:26:41+0200,bbe7684a-8a79-4141-93a0-c6d703021e31,2026-09-01T03:15:00Z,2026-09-01T05:15:00+0200,43961.90941,MW,DE,DE_LU,actual_load,Actual Load,2026-09-06T20:26:49Z
2026-09-06T20:26:41Z,2026-09-06T22:26:41+0200,bbe7684a-8a79-4141-93a0-c6d703021e31,2026-09-01T03:30:00Z,2026-09-01T05:30:00+0200,44977.93497,MW,DE,DE_LU,actual_load,Actual Load,2026-09-06T20:26:49Z
2026-09-06T20:26:41Z,2026-09-06T22:26:41+0200,bbe7684a-8a79-4141-93a0-c6d703021e31,2026-09-01T03:45:00Z,2026-09-01T05:45:00+0200,46154.00878,MW,DE,DE_LU,actual_load,Actual Load,2026-09-06T20:26:49Z
2026-09-06T20:26:41Z,2026-09-06T22:26:41+0200,bbe7684a-8a79-4141-93a0-c6d703021e31,2026-09-01T04:00:00Z,2026-09-01T06:00:00+0200,48045.938879,MW,DE,DE_LU,actual_load,Actual Load,2026-09-06T20:26:49Z
2026-09-06T20:26:41Z,2026-09-06T22:26:41+0200,bbe7684a-8a79-4141-93a0-c6d703021e31,2026-09-01T04:15:00Z,2026-09-01T06:15:00+0200,49766.424799,MW,DE,DE_LU,actual_load,Actual Load,2026-09-06T20:26:49Z
2026-09-06T20:26:41Z,2026-09-06T22:26:41+0200,bbe7684a-8a79-4141-93a0-c6d703021e31,2026-09-01T04:30:00Z,2026-09-01T06:30:00+0200,50319.80954,MW,DE,DE_LU,actual_load,Actual Load,2026-09-06T20:26:49Z
2026-09-06T20:26:41Z,2026-09-06T22:26:41+0200,bbe7684a-8a79-4141-93a0-c6d703021e31,2026-09-01T04:45:00Z,2026-09-01T06:45:00+0200,51145.390959,MW,DE,DE_LU,actual_load,Actual Load,2026-09-06T20:26:49Z
2026-09-06T20:26:41Z,2026-09-06T22:26:41+0200,bbe7684a-8a79-4141-93a0-c6d703021e31,2026-09-01T05:00:00Z,2026-09-01T07:00:00+0200,52043.000529,MW,DE,DE_LU,actual_load,Actual Load,2026-09-06T20:26:49Z
2026-09-06T20:26:41Z,2026-09-06T22:26:41+0200,bbe7684a-8a79-4141-93a0-c6d703021e31,2026-09-01T05:15:00Z,2026-09-01T07:15:00+0200,52694.221029,MW,DE,DE_LU,actual_load,Actual Load,2026-09-06T20:26:49Z
2026-09-06T20:26:41Z,2026-09-06T22:26:41+0200,bbe7684a-8a79-4141-93a0-c6d703021e31,2026-09-01T05:30:00Z,2026-09-01T07:30:00+0200,53474.80513,MW,DE,DE_LU,actual_load,Actual Load,2026-09-06T20:26:49Z
2026-09-06T20:26:41Z,2026-09-06T22:26:41+0200,bbe7684a-8a79-4141-93a0-c6d703021e31,2026-09-01T05:45:00Z,2026-09-01T07:45:00+0200,54912.7834,MW,DE,DE_LU,actual_load,Actual Load,2026-09-06T20:26:49Z
2026-09-06T20:26:41Z,2026-09-06T22:26:41+0200,bbe7684a-8a79-4141-93a0-c6d703021e31,2026-09-01T06:00:00Z,2026-09-01T08:00:00+0200,55776.61068,MW,DE,DE_LU,actual_load,Actual Load,2026-09-06T20:26:49Z
2026-09-06T20:26:41Z,2026-09-06T22:26:41+0200,bbe7684a-8a79-4141-93a0-c6d703021e31,2026-09-01T06:15:00Z,2026-09-01T08:15:00+0200,56746.57785,MW,DE,DE_LU,actual_load,Actual Load,2026-09-06T20:26:49Z
2026-09-06T20:26:41Z,2026-09-06T22:26:41+0200,bbe7684a-8a79-4141-93a0-c6d703021e31,2026-09-01T06:30:00Z,2026-09-01T08:30:00+0200,58440.4805,MW,DE,DE_LU,actual_load,Actual Load,2026-09-06T20:26:49Z
2026-09-06T20:26:41Z,2026-09-06T22:26:41+0200,bbe7684a-8a79-4141-93a0-c6d703021e31,2026-09-01T06:45:00Z,2026-09-01T08:45:00+0200,59599.8018,MW,DE,DE_LU,actual_load,Actual Load,2026-09-06T20:26:49Z
2026-09-06T20:26:41Z,2026-09-06T22:26:41+0200,bbe7684a-8a79-4141-93a0-c6d703021e31,2026-09-01T07:00:00Z,2026-09-01T09:00:00+0200,59339.7716,MW,DE,DE_LU,actual_load,Actual Load,2026-09-06T20:26:49Z
2026-09-06T20:26:41Z,2026-09-06T22:26:41+0200,bbe7684a-8a79-4141-93a0-c6d703021e31,2026-09-01T07:15:00Z,2026-09-01T09:15:00+0200,59772.99584,MW,DE,DE_LU,actual_load,Actual Load,2026-09-06T20:26:49Z
2026-09-06T20:26:41Z,2026-09-06T22:26:41+0200,bbe7684a-8a79-4141-93a0-c6d703021e31,2026-09-01T07:30:00Z,2026-09-01T09:30:00+0200,59831.426739,MW,DE,DE_LU,actual_load,Actual Load,2026-09-06T20:26:49Z
2026-09-06T20:26:41Z,2026-09-06T22:26:41+0200,bbe7684a-8a79-4141-93a0-c6d703021e31,2026-09-01T07:45:00Z,2026-09-01T09:45:00+0200,59910.00156,MW,DE,DE_LU,actual_load,Actual Load,2026-09-06T20:26:49Z
2026-09-06T20:26:41Z,2026-09-06T22:26:41+0200,bbe7684a-8a79-4141-93a0-c6d703021e31,2026-09-01T08:00:00Z,2026-09-01T10:00:00+0200,59755.14685,MW,DE,DE_LU,actual_load,Actual Load,2026-09-06T20:26:49Z
2026-09-06T20:26:41Z,2026-09-06T22:26:41+0200,bbe7684a-8a79-4141-93a0-c6d703021e31,2026-09-01T08:15:00Z,2026-09-01T10:15:00+0200,59189.590199,MW,DE,DE_LU,actual_load,Actual Load,2026-09-06T20:26:49Z
2026-09-06T20:26:41Z,2026-09-06T22:26:41+0200,bbe7684a-8a79-4141-93a0-c6d703021e31,2026-09-01T08:30:00Z,2026-09-01T10:30:00+0200,59954.40175,MW,DE,DE_LU,actual_load,Actual Load,2026-09-06T20:26:49Z
2026-09-06T20:26:41Z,2026-09-06T22:26:41+0200,bbe7684a-8a79-4141-93a0-c6d703021e31,2026-09-01T08:45:00Z,2026-09-01T10:45:00+0200,60023.50334,MW,DE,DE_LU,actual_load,Actual Load,2026-09-06T20:26:49Z
2026-09-06T20:26:41Z,2026-09-06T22:26:41+0200,bbe7684a-8a79-4141-93a0-c6d703021e31,2026-09-01T09:00:00Z,2026-09-01T11:00:00+0200,59496.776809,MW,DE,DE_LU,actual_load,Actual Load,2026-09-06T20:26:49Z
2026-09-06T20:26:41Z,2026-09-06T22:26:41+0200,bbe7684a-8a79-4141-93a0-c6d703021e31,2026-09-01T09:15:00Z,2026-09-01T11:15:00+0200,59947.65524,MW,DE,DE_LU,actual_load,Actual Load,2026-09-06T20:26:49Z
2026-09-06T20:26:41Z,2026-09-06T22:26:41+0200,bbe7684a-8a79-4141-93a0-c6d703021e31,2026-09-01T09:30:00Z,2026-09-01T11:30:00+0200,59940.0932,MW,DE,DE_LU,actual_load,Actual Load,2026-09-06T20:26:49Z
2026-09-06T20:26:41Z,2026-09-06T22:26:41+0200,bbe7684a-8a79-4141-93a0-c6d703021e31,2026-09-01T09:45:00Z,2026-09-01T11:45:00+0200,60144.70841,MW,DE,DE_LU,actual_load,Actual Load,2026-09-06T20:26:49Z
2026-09-06T20:26:41Z,2026-09-06T22:26:41+0200,bbe7684a-8a79-4141-93a0-c6d703021e31,2026-09-01T10:00:00Z,2026-09-01T12:00:00+0200,59450.22675,MW,DE,DE_LU,actual_load,Actual Load,2026-09-06T20:26:49Z
2026-09-06T20:26:41Z,2026-09-06T22:26:41+0200,bbe7684a-8a79-4141-93a0-c6d703021e31,2026-09-01T10:15:00Z,2026-09-01T12:15:00+0200,59467.0313,MW,DE,DE_LU,actual_load,Actual Load,2026-09-06T20:26:49Z
2026-09-06T20:26:41Z,2026-09-06T22:26:41+0200,bbe7684a-8a79-4141-93a0-c6d703021e31,2026-09-01T10:30:00Z,2026-09-01T12:30:00+0200,59703.86678,MW,DE,DE_LU,actual_load,Actual Load,2026-09-06T20:26:49Z
2026-09-06T20:26:41Z,2026-09-06T22:26:41+0200,bbe7684a-8a79-4141-93a0-c6d703021e31,2026-09-01T10:45:00Z,2026-09-01T12:45:00+0200,59681.59485,MW,DE,DE_LU,actual_load,Actual Load,2026-09-06T20:26:49Z
2026-09-06T20:26:41Z,2026-09-06T22:26:41+0200,bbe7684a-8a79-4141-93a0-c6d703021e31,2026-09-01T11:00:00Z,2026-09-01T13:00:00+0200,59694.75959,MW,DE,DE_LU,actual_load,Actual Load,2026-09-06T20:26:49Z
2026-09-06T20:26:41Z,2026-09-06T22:26:41+0200,bbe7684a-8a79-4141-93a0-c6d703021e31,2026-09-01T11:15:00Z,2026-09-01T13:15:00+0200,59767.81167,MW,DE,DE_LU,actual_load,Actual Load,2026-09-06T20:26:49Z
2026-09-06T20:26:41Z,2026-09-06T22:26:41+0200,bbe7684a-8a79-4141-93a0-c6d703021e31,2026-09-01T11:30:00Z,2026-09-01T13:30:00+0200,59003.57955,MW,DE,DE_LU,actual_load,Actual Load,2026-09-06T20:26:49Z
2026-09-06T20:26:41Z,2026-09-06T22:26:41+0200,bbe7684a-8a79-4141-93a0-c6d703021e31,2026-09-01T11:45:00Z,2026-09-01T13:45:00+0200,58551.80742,MW,DE,DE_LU,actual_load,Actual Load,2026-09-06T20:26:49Z
2026-09-06T20:26:41Z,2026-09-06T22:26:41+0200,bbe7684a-8a79-4141-93a0-c6d703021e31,2026-09-01T12:00:00Z,2026-09-01T14:00:00+0200,58349.17909,MW,DE,DE_LU,actual_load,Actual Load,2026-09-06T20:26:49Z
2026-09-06T20:26:41Z,2026-09-06T22:26:41+0200,bbe7684a-8a79-4141-93a0-c6d703021e31,2026-09-01T12:15:00Z,2026-09-01T14:15:00+0200,58088.02609,MW,DE,DE_LU,actual_load,Actual Load,2026-09-06T20:26:49Z
2026-09-06T20:26:41Z,2026-09-06T22:26:41+0200,bbe7684a-8a79-4141-93a0-c6d703021e31,2026-09-01T12:30:00Z,2026-09-01T14:30:00+0200,57472.88503,MW,DE,DE_LU,actual_load,Actual Load,2026-09-06T20:26:49Z
2026-09-06T20:26:41Z,2026-09-06T22:26:41+0200,bbe7684a-8a79-4141-93a0-c6d703021e31,2026-09-01T12:45:00Z,2026-09-01T14:45:00+0200,56823.37641,MW,DE,DE_LU,actual_load,Actual Load,2026-09-06T20:26:49Z
2026-09-06T20:26:41Z,2026-09-06T22:26:41+0200,bbe7684a-8a79-4141-93a0-c6d703021e31,2026-09-01T13:00:00Z,2026-09-01T15:00:00+0200,56596.34706,MW,DE,DE_LU,actual_load,Actual Load,2026-09-06T20:26:49Z
2026-09-06T20:26:41Z,2026-09-06T22:26:41+0200,bbe7684a-8a79-4141-93a0-c6d703021e31,2026-09-01T13:15:00Z,2026-09-01T15:15:00+0200,56308.11148,MW,DE,DE_LU,actual_load,Actual Load,2026-09-06T20:26:49Z
2026-09-06T20:26:41Z,2026-09-06T22:26:41+0200,bbe7684a-8a79-4141-93a0-c6d703021e31,2026-09-01T13:30:00Z,2026-09-01T15:30:00+0200,56328.8781,MW,DE,DE_LU,actual_load,Actual Load,2026-09-06T20:26:49Z
2026-09-06T20:26:41Z,2026-09-06T22:26:41+0200,bbe7684a-8a79-4141-93a0-c6d703021e31,2026-09-01T13:45:00Z,2026-09-01T15:45:00+0200,56152.43947,MW,DE,DE_LU,actual_load,Actual Load,2026-09-06T20:26:49Z
2026-09-06T20:26:41Z,2026-09-06T22:26:41+0200,bbe7684a-8a79-4141-93a0-c6d703021e31,2026-09-01T14:00:00Z,2026-09-01T16:00:00+0200,55586.92161,MW,DE,DE_LU,actual_load,Actual Load,2026-09-06T20:26:49Z
2026-09-06T20:26:41Z,2026-09-06T22:26:41+0200,bbe7684a-8a79-4141-93a0-c6d703021e31,2026-09-01T14:15:00Z,2026-09-01T16:15:00+0200,56013.02546,MW,DE,DE_LU,actual_load,Actual Load,2026-09-06T20:26:49Z
2026-09-06T20:26:41Z,2026-09-06T22:26:41+0200,bbe7684a-8a79-4141-93a0-c6d703021e31,2026-09-01T14:30:00Z,2026-09-01T16:30:00+0200,55636.24209,MW,DE,DE_LU,actual_load,Actual Load,2026-09-06T20:26:49Z
2026-09-06T20:26:41Z,2026-09-06T22:26:41+0200,bbe7684a-8a79-4141-93a0-c6d703021e31,2026-09-01T14:45:00Z,2026-09-01T16:45:00+0200,55387.89516,MW,DE,DE_LU,actual_load,Actual Load,2026-09-06T20:26:49Z
2026-09-06T20:26:41Z,2026-09-06T22:26:41+0200,bbe7684a-8a79-4141-93a0-c6d703021e31,2026-09-01T15:00:00Z,2026-09-01T17:00:00+0200,56594.70692,MW,DE,DE_LU,actual_load,Actual Load,2026-09-06T20:26:49Z
2026-09-06T20:26:41Z,2026-09-06T22:26:41+0200,bbe7684a-8a79-4141-93a0-c6d703021e31,2026-09-01T15:15:00Z,2026-09-01T17:15:00+0200,56649.48662,MW,DE,DE_LU,actual_load,Actual Load,2026-09-06T20:26:49Z
2026-09-06T20:26:41Z,2026-09-06T22:26:41+0200,bbe7684a-8a79-4141-93a0-c6d703021e31,2026-09-01T15:30:00Z,2026-09-01T17:30:00+0200,56852.83675,MW,DE,DE_LU,actual_load,Actual Load,2026-09-06T20:26:49Z
2026-09-06T20:26:41Z,2026-09-06T22:26:41+0200,bbe7684a-8a79-4141-93a0-c6d703021e31,2026-09-01T15:45:00Z,2026-09-01T17:45:00+0200,57067.76206,MW,DE,DE_LU,actual_load,Actual Load,2026-09-06T20:26:49Z
2026-09-06T20:26:41Z,2026-09-06T22:26:41+0200,bbe7684a-8a79-4141-93a0-c6d703021e31,2026-09-01T16:00:00Z,2026-09-01T18:00:00+0200,57406.15147,MW,DE,DE_LU,actual_load,Actual Load,2026-09-06T20:26:49Z
2026-09-06T20:26:41Z,2026-09-06T22:26:41+0200,bbe7684a-8a79-4141-93a0-c6d703021e31,2026-09-01T16:15:00Z,2026-09-01T18:15:00+0200,57044.94062,MW,DE,DE_LU,actual_load,Actual Load,2026-09-06T20:26:49Z
2026-09-06T20:26:41Z,2026-09-06T22:26:41+0200,bbe7684a-8a79-4141-93a0-c6d703021e31,2026-09-01T16:30:00Z,2026-09-01T18:30:00+0200,56839.89058,MW,DE,DE_LU,actual_load,Actual Load,2026-09-06T20:26:49Z
2026-09-06T20:26:41Z,2026-09-06T22:26:41+0200,bbe7684a-8a79-4141-93a0-c6d703021e31,2026-09-01T16:45:00Z,2026-09-01T18:45:00+0200,56722.52311,MW,DE,DE_LU,actual_load,Actual Load,2026-09-06T20:26:49Z
2026-09-06T20:26:41Z,2026-09-06T22:26:41+0200,bbe7684a-8a79-4141-93a0-c6d703021e31,2026-09-01T17:00:00Z,2026-09-01T19:00:00+0200,57306.93947,MW,DE,DE_LU,actual_load,Actual Load,2026-09-06T20:26:49Z
2026-09-06T20:26:41Z,2026-09-06T22:26:41+0200,bbe7684a-8a79-4141-93a0-c6d703021e31,2026-09-01T17:15:00Z,2026-09-01T19:15:00+0200,57387.52143,MW,DE,DE_LU,actual_load,Actual Load,2026-09-06T20:26:49Z
2026-09-06T20:26:41Z,2026-09-06T22:26:41+0200,bbe7684a-8a79-4141-93a0-c6d703021e31,2026-09-01T17:30:00Z,2026-09-01T19:30:00+0200,56842.83272,MW,DE,DE_LU,actual_load,Actual Load,2026-09-06T20:26:49Z
2026-09-06T20:26:41Z,2026-09-06T22:26:41+0200,bbe7684a-8a79-4141-93a0-c6d703021e31,2026-09-01T17:45:00Z,2026-09-01T19:45:00+0200,55878.05518,MW,DE,DE_LU,actual_load,Actual Load,2026-09-06T20:26:49Z
2026-09-06T20:26:41Z,2026-09-06T22:26:41+0200,bbe7684a-8a79-4141-93a0-c6d703021e31,2026-09-01T18:00:00Z,2026-09-01T20:00:00+0200,57671.09504,MW,DE,DE_LU,actual_load,Actual Load,2026-09-06T20:26:49Z
2026-09-06T20:26:41Z,2026-09-06T22:26:41+0200,bbe7684a-8a79-4141-93a0-c6d703021e31,2026-09-01T18:15:00Z,2026-09-01T20:15:00+0200,56914.30426,MW,DE,DE_LU,actual_load,Actual Load,2026-09-06T20:26:49Z
2026-09-06T20:26:41Z,2026-09-06T22:26:41+0200,bbe7684a-8a79-4141-93a0-c6d703021e31,2026-09-01T18:30:00Z,2026-09-01T20:30:00+0200,55680.03894,MW,DE,DE_LU,actual_load,Actual Load,2026-09-06T20:26:49Z
2026-09-06T20:26:41Z,2026-09-06T22:26:41+0200,bbe7684a-8a79-4141-93a0-c6d703021e31,2026-09-01T18:45:00Z,2026-09-01T20:45:00+0200,55251.87563,MW,DE,DE_LU,actual_load,Actual Load,2026-09-06T20:26:49Z
2026-09-06T20:26:41Z,2026-09-06T22:26:41+0200,bbe7684a-8a79-4141-93a0-c6d703021e31,2026-09-01T19:00:00Z,2026-09-01T21:00:00+0200,54172.78461,MW,DE,DE_LU,actual_load,Actual Load,2026-09-06T20:26:49Z
2026-09-06T20:26:41Z,2026-09-06T22:26:41+0200,bbe7684a-8a79-4141-93a0-c6d703021e31,2026-09-01T19:15:00Z,2026-09-01T21:15:00+0200,53414.0983,MW,DE,DE_LU,actual_load,Actual Load,2026-09-06T20:26:49Z
2026-09-06T20:26:41Z,2026-09-06T22:26:41+0200,bbe7684a-8a79-4141-93a0-c6d703021e31,2026-09-01T19:30:00Z,2026-09-01T21:30:00+0200,53664.61416,MW,DE,DE_LU,actual_load,Actual Load,2026-09-06T20:26:49Z
2026-09-06T20:26:41Z,2026-09-06T22:26:41+0200,bbe7684a-8a79-4141-93a0-c6d703021e31,2026-09-01T19:45:00Z,2026-09-01T21:45:00+0200,53243.64864,MW,DE,DE_LU,actual_load,Actual Load,2026-09-06T20:26:49Z
2026-09-06T20:26:41Z,2026-09-06T22:26:41+0200,bbe7684a-8a79-4141-93a0-c6d703021e31,2026-09-01T20:00:00Z,2026-09-01T22:00:00+0200,50956.52515,MW,DE,DE_LU,actual_load,Actual Load,2026-09-06T20:26:49Z
2026-09-06T20:26:41Z,2026-09-06T22:26:41+0200,bbe7684a-8a79-4141-93a0-c6d703021e31,2026-09-01T20:15:00Z,2026-09-01T22:15:00+0200,51182.54255,MW,DE,DE_LU,actual_load,Actual Load,2026-09-06T20:26:49Z
2026-09-06T20:26:41Z,2026-09-06T22:26:41+0200,bbe7684a-8a79-4141-93a0-c6d703021e31,2026-09-01T20:30:00Z,2026-09-01T22:30:00+0200,50335.18232,MW,DE,DE_LU,actual_load,Actual Load,2026-09-06T20:26:49Z
2026-09-06T20:26:41Z,2026-09-06T22:26:41+0200,bbe7684a-8a79-4141-93a0-c6d703021e31,2026-09-01T20:45:00Z,2026-09-01T22:45:00+0200,49232.15059,MW,DE,DE_LU,actual_load,Actual Load,2026-09-06T20:26:49Z
2026-09-06T20:26:41Z,2026-09-06T22:26:41+0200,bbe7684a-8a79-4141-93a0-c6d703021e31,2026-09-01T21:00:00Z,2026-09-01T23:00:00+0200,48727.52302,MW,DE,DE_LU,actual_load,Actual Load,2026-09-06T20:26:49Z
2026-09-06T20:26:41Z,2026-09-06T22:26:41+0200,bbe7684a-8a79-4141-93a0-c6d703021e31,2026-09-01T21:15:00Z,2026-09-01T23:15:00+0200,48087.86581,MW,DE,DE_LU,actual_load,Actual Load,2026-09-06T20:26:49Z
2026-09-06T20:26:41Z,2026-09-06T22:26:41+0200,bbe7684a-8a79-4141-93a0-c6d703021e31,2026-09-01T21:30:00Z,2026-09-01T23:30:00+0200,47480.70902,MW,DE,DE_LU,actual_load,Actual Load,2026-09-06T20:26:49Z
2026-09-06T20:26:41Z,2026-09-06T22:26:41+0200,bbe7684a-8a79-4141-93a0-c6d703021e31,2026-09-01T21:45:00Z,2026-09-01T23:45:00+0200,46869.49052,MW,DE,DE_LU,actual_load,Actual Load,2026-09-06T20:26:49Z
2026-09-06T20:26:41Z,2026-09-06T22:26:41+0200,bbe7684a-8a79-4141-93a0-c6d703021e31,2026-09-01T22:00:00Z,2026-09-02T00:00:00+0200,45795.29456,MW,DE,DE_LU,actual_load,Actual Load,2026-09-06T20:26:49Z
2026-09-06T20:26:41Z,2026-09-06T22:26:41+0200,bbe7684a-8a79-4141-93a0-c6d703021e31,2026-09-01T22:15:00Z,2026-09-02T00:15:00+0200,45518.70394,MW,DE,DE_LU,actual_load,Actual Load,2026-09-06T20:26:49Z
2026-09-06T20:26:41Z,2026-09-06T22:26:41+0200,bbe7684a-8a79-4141-93a0-c6d703021e31,2026-09-01T22:30:00Z,2026-09-02T00:30:00+0200,45199.78685,MW,DE,DE_LU,actual_load,Actual Load,2026-09-06T20:26:49Z
2026-09-06T20:26:41Z,2026-09-06T22:26:41+0200,bbe7684a-8a79-4141-93a0-c6d703021e31,2026-09-01T22:45:00Z,2026-09-02T00:45:00+0200,45295.54434,MW,DE,DE_LU,actual_load,Actual Load,2026-09-06T20:26:49Z
2026-09-06T20:26:41Z,2026-09-06T22:26:41+0200,bbe7684a-8a79-4141-93a0-c6d703021e31,2026-09-01T23:00:00Z,2026-09-02T01:00:00+0200,44449.34599,MW,DE,DE_LU,actual_load,Actual Load,2026-09-06T20:26:49Z
2026-09-06T20:26:41Z,2026-09-06T22:26:41+0200,bbe7684a-8a79-4141-93a0-c6d703021e31,2026-09-01T23:15:00Z,2026-09-02T01:15:00+0200,44044.30692,MW,DE,DE_LU,actual_load,Actual Load,2026-09-06T20:26:49Z
2026-09-06T20:26:41Z,2026-09-06T22:26:41+0200,bbe7684a-8a79-4141-93a0-c6d703021e31,2026-09-01T23:30:00Z,2026-09-02T01:30:00+0200,44013.70928,MW,DE,DE_LU,actual_load,Actual Load,2026-09-06T20:26:49Z
2026-09-06T20:26:41Z,2026-09-06T22:26:41+0200,bbe7684a-8a79-4141-93a0-c6d703021e31,2026-09-01T23:45:00Z,2026-09-02T01:45:00+0200,44027.45052,MW,DE,DE_LU,actual_load,Actual Load,2026-09-06T20:26:49Z
2026-09-06T20:26:41Z,2026-09-06T22:26:41+0200,bbe7684a-8a79-4141-93a0-c6d703021e31,2026-09-02T00:00:00Z,2026-09-02T02:00:00+0200,43223.11108,MW,DE,DE_LU,actual_load,Actual Load,2026-09-06T20:26:49Z
2026-09-06T20:26:41Z,2026-09-06T22:26:41+0200,bbe7684a-8a79-4141-93a0-c6d703021e31,2026-09-02T00:15:00Z,2026-09-02T02:15:00+0200,43125.6584,MW,DE,DE_LU,actual_load,Actual Load,2026-09-06T20:26:49Z
2026-09-06T20:26:41Z,2026-09-06T22:26:41+0200,bbe7684a-8a79-4141-93a0-c6d703021e31,2026-09-02T00:30:00Z,2026-09-02T02:30:00+0200,43293.23274,MW,DE,DE_LU,actual_load,Actual Load,2026-09-06T20:26:49Z
2026-09-06T20:26:41Z,2026-09-06T22:26:41+0200,bbe7684a-8a79-4141-93a0-c6d703021e31,2026-09-02T00:45:00Z,2026-09-02T02:45:00+0200,43709.20409,MW,DE,DE_LU,actual_load,Actual Load,2026-09-06T20:26:49Z
2026-09-06T20:26:41Z,2026-09-06T22:26:41+0200,bbe7684a-8a79-4141-93a0-c6d703021e31,2026-09-02T01:00:00Z,2026-09-02T03:00:00+0200,43174.08493,MW,DE,DE_LU,actual_load,Actual Load,2026-09-06T20:26:49Z
2026-09-06T20:26:41Z,2026-09-06T22:26:41+0200,bbe7684a-8a79-4141-93a0-c6d703021e31,2026-09-02T01:15:00Z,2026-09-02T03:15:00+0200,43154.42077,MW,DE,DE_LU,actual_load,Actual Load,2026-09-06T20:26:49Z
2026-09-06T20:26:41Z,2026-09-06T22:26:41+0200,bbe7684a-8a79-4141-93a0-c6d703021e31,2026-09-02T01:30:00Z,2026-09-02T03:30:00+0200,43105.28082,MW,DE,DE_LU,actual_load,Actual Load,2026-09-06T20:26:49Z
2026-09-06T20:26:41Z,2026-09-06T22:26:41+0200,bbe7684a-8a79-4141-93a0-c6d703021e31,2026-09-02T01:45:00Z,2026-09-02T03:45:00+0200,43429.24585,MW,DE,DE_LU,actual_load,Actual Load,2026-09-06T20:26:49Z
2026-09-06T20:26:41Z,2026-09-06T22:26:41+0200,bbe7684a-8a79-4141-93a0-c6d703021e31,2026-09-02T02:00:00Z,2026-09-02T04:00:00+0200,44356.14697,MW,DE,DE_LU,actual_load,Actual Load,2026-09-06T20:26:49Z
2026-09-06T20:26:41Z,2026-09-06T22:26:41+0200,bbe7684a-8a79-4141-93a0-c6d703021e31,2026-09-02T02:15:00Z,2026-09-02T04:15:00+0200,44746.41694,MW,DE,DE_LU,actual_load,Actual Load,2026-09-06T20:26:49Z
2026-09-06T20:26:41Z,2026-09-06T22:26:41+0200,bbe7684a-8a79-4141-93a0-c6d703021e31,2026-09-02T02:30:00Z,2026-09-02T04:30:00+0200,44816.33183,MW,DE,DE_LU,actual_load,Actual Load,2026-09-06T20:26:49Z
2026-09-06T20:26:41Z,2026-09-06T22:26:41+0200,bbe7684a-8a79-4141-93a0-c6d703021e31,2026-09-02T02:45:00Z,2026-09-02T04:45:00+0200,45087.80054,MW,DE,DE_LU,actual_load,Actual Load,2026-09-06T20:26:49Z
2026-09-06T20:26:41Z,2026-09-06T22:26:41+0200,bbe7684a-8a79-4141-93a0-c6d703021e31,2026-09-02T03:00:00Z,2026-09-02T05:00:00+0200,46301.51899,MW,DE,DE_LU,actual_load,Actual Load,2026-09-06T20:26:49Z
2026-09-06T20:26:41Z,2026-09-06T22:26:41+0200,bbe7684a-8a79-4141-93a0-c6d703021e31,2026-09-02T03:15:00Z,2026-09-02T05:15:00+0200,47047.57286,MW,DE,DE_LU,actual_load,Actual Load,2026-09-06T20:26:49Z
2026-09-06T20:26:41Z,2026-09-06T22:26:41+0200,bbe7684a-8a79-4141-93a0-c6d703021e31,2026-09-02T03:30:00Z,2026-09-02T05:30:00+0200,47884.201,MW,DE,DE_LU,actual_load,Actual Load,2026-09-06T20:26:49Z
2026-09-06T20:26:41Z,2026-09-06T22:26:41+0200,bbe7684a-8a79-4141-93a0-c6d703021e31,2026-09-02T03:45:00Z,2026-09-02T05:45:00+0200,49161.03124,MW,DE,DE_LU,actual_load,Actual Load,2026-09-06T20:26:49Z
2026-09-06T20:26:41Z,2026-09-06T22:26:41+0200,bbe7684a-8a79-4141-93a0-c6d703021e31,2026-09-02T04:00:00Z,2026-09-02T06:00:00+0200,51972.67789,MW,DE,DE_LU,actual_load,Actual Load,2026-09-06T20:26:49Z
2026-09-06T20:26:41Z,2026-09-06T22:26:41+0200,bbe7684a-8a79-4141-93a0-c6d703021e31,2026-09-02T04:15:00Z,2026-09-02T06:15:00+0200,53083.82252,MW,DE,DE_LU,actual_load,Actual Load,2026-09-06T20:26:49Z
2026-09-06T20:26:41Z,2026-09-06T22:26:41+0200,bbe7684a-8a79-4141-93a0-c6d703021e31,2026-09-02T04:30:00Z,2026-09-02T06:30:00+0200,53727.34398,MW,DE,DE_LU,actual_load,Actual Load,2026-09-06T20:26:49Z
2026-09-06T20:26:41Z,2026-09-06T22:26:41+0200,bbe7684a-8a79-4141-93a0-c6d703021e31,2026-09-02T04:45:00Z,2026-09-02T06:45:00+0200,54758.91076,MW,DE,DE_LU,actual_load,Actual Load,2026-09-06T20:26:49Z
2026-09-06T20:26:41Z,2026-09-06T22:26:41+0200,bbe7684a-8a79-4141-93a0-c6d703021e31,2026-09-02T05:00:00Z,2026-09-02T07:00:00+0200,56235.43559,MW,DE,DE_LU,actual_load,Actual Load,2026-09-06T20:26:49Z
2026-09-06T20:26:41Z,2026-09-06T22:26:41+0200,bbe7684a-8a79-4141-93a0-c6d703021e31,2026-09-02T05:15:00Z,2026-09-02T07:15:00+0200,57302.51042,MW,DE,DE_LU,actual_load,Actual Load,2026-09-06T20:26:49Z
2026-09-06T20:26:41Z,2026-09-06T22:26:41+0200,bbe7684a-8a79-4141-93a0-c6d703021e31,2026-09-02T05:30:00Z,2026-09-02T07:30:00+0200,58286.10184,MW,DE,DE_LU,actual_load,Actual Load,2026-09-06T20:26:49Z
2026-09-06T20:26:41Z,2026-09-06T22:26:41+0200,bbe7684a-8a79-4141-93a0-c6d703021e31,2026-09-02T05:45:00Z,2026-09-02T07:45:00+0200,59387.71433,MW,DE,DE_LU,actual_load,Actual Load,2026-09-06T20:26:49Z
2026-09-06T20:26:41Z,2026-09-06T22:26:41+0200,bbe7684a-8a79-4141-93a0-c6d703021e31,2026-09-02T06:00:00Z,2026-09-02T08:00:00+0200,58887.18873,MW,DE,DE_LU,actual_load,Actual Load,2026-09-06T20:26:49Z
2026-09-06T20:26:41Z,2026-09-06T22:26:41+0200,bbe7684a-8a79-4141-93a0-c6d703021e31,2026-09-02T06:15:00Z,2026-09-02T08:15:00+0200,59883.50957,MW,DE,DE_LU,actual_load,Actual Load,2026-09-06T20:26:49Z
2026-09-06T20:26:41Z,2026-09-06T22:26:41+0200,bbe7684a-8a79-4141-93a0-c6d703021e31,2026-09-02T06:30:00Z,2026-09-02T08:30:00+0200,61688.36994,MW,DE,DE_LU,actual_load,Actual Load,2026-09-06T20:26:49Z
2026-09-06T20:26:41Z,2026-09-06T22:26:41+0200,bbe7684a-8a79-4141-93a0-c6d703021e31,2026-09-02T06:45:00Z,2026-09-02T08:45:00+0200,63160.85825,MW,DE,DE_LU,actual_load,Actual Load,2026-09-06T20:26:49Z
2026-09-06T20:26:41Z,2026-09-06T22:26:41+0200,bbe7684a-8a79-4141-93a0-c6d703021e31,2026-09-02T07:00:00Z,2026-09-02T09:00:00+0200,61550.2718,MW,DE,DE_LU,actual_load,Actual Load,2026-09-06T20:26:49Z
2026-09-06T20:26:41Z,2026-09-06T22:26:41+0200,bbe7684a-8a79-4141-93a0-c6d703021e31,2026-09-02T07:15:00Z,2026-09-02T09:15:00+0200,62049.04455,MW,DE,DE_LU,actual_load,Actual Load,2026-09-06T20:26:49Z
2026-09-06T20:26:41Z,2026-09-06T22:26:41+0200,bbe7684a-8a79-4141-93a0-c6d703021e31,2026-09-02T07:30:00Z,2026-09-02T09:30:00+0200,62534.8396,MW,DE,DE_LU,actual_load,Actual Load,2026-09-06T20:26:49Z
2026-09-06T20:26:41Z,2026-09-06T22:26:41+0200,bbe7684a-8a79-4141-93a0-c6d703021e31,2026-09-02T07:45:00Z,2026-09-02T09:45:00+0200,62856.33499,MW,DE,DE_LU,actual_load,Actual Load,2026-09-06T20:26:49Z
2026-09-06T20:26:41Z,2026-09-06T22:26:41+0200,bbe7684a-8a79-4141-93a0-c6d703021e31,2026-09-02T08:00:00Z,2026-09-02T10:00:00+0200,62628.53683,MW,DE,DE_LU,actual_load,Actual Load,2026-09-06T20:26:49Z
2026-09-06T20:26:41Z,2026-09-06T22:26:41+0200,bbe7684a-8a79-4141-93a0-c6d703021e31,2026-09-02T08:15:00Z,2026-09-02T10:15:00+0200,62670.98739,MW,DE,DE_LU,actual_load,Actual Load,2026-09-06T20:26:49Z
2026-09-06T20:26:41Z,2026-09-06T22:26:41+0200,bbe7684a-8a79-4141-93a0-c6d703021e31,2026-09-02T08:30:00Z,2026-09-02T10:30:00+0200,62627.68197,MW,DE,DE_LU,actual_load,Actual Load,2026-09-06T20:26:49Z
2026-09-06T20:26:41Z,2026-09-06T22:26:41+0200,bbe7684a-8a79-4141-93a0-c6d703021e31,2026-09-02T08:45:00Z,2026-09-02T10:45:00+0200,62221.07127,MW,DE,DE_LU,actual_load,Actual Load,2026-09-06T20:26:49Z
2026-09-06T20:26:41Z,2026-09-06T22:26:41+0200,bbe7684a-8a79-4141-93a0-c6d703021e31,2026-09-02T09:00:00Z,2026-09-02T11:00:00+0200,61423.27488,MW,DE,DE_LU,actual_load,Actual Load,2026-09-06T20:26:49Z
2026-09-06T20:26:41Z,2026-09-06T22:26:41+0200,bbe7684a-8a79-4141-93a0-c6d703021e31,2026-09-02T09:15:00Z,2026-09-02T11:15:00+0200,61296.26321,MW,DE,DE_LU,actual_load,Actual Load,2026-09-06T20:26:49Z
2026-09-06T20:26:41Z,2026-09-06T22:26:41+0200,bbe7684a-8a79-4141-93a0-c6d703021e31,2026-09-02T09:30:00Z,2026-09-02T11:30:00+0200,60856.71695,MW,DE,DE_LU,actual_load,Actual Load,2026-09-06T20:26:49Z
2026-09-06T20:26:41Z,2026-09-06T22:26:41+0200,bbe7684a-8a79-4141-93a0-c6d703021e31,2026-09-02T09:45:00Z,2026-09-02T11:45:00+0200,60125.18879,MW,DE,DE_LU,actual_load,Actual Load,2026-09-06T20:26:49Z
2026-09-06T20:26:41Z,2026-09-06T22:26:41+0200,bbe7684a-8a79-4141-93a0-c6d703021e31,2026-09-02T10:00:00Z,2026-09-02T12:00:00+0200,58840.7837,MW,DE,DE_LU,actual_load,Actual Load,2026-09-06T20:26:49Z
2026-09-06T20:26:41Z,2026-09-06T22:26:41+0200,bbe7684a-8a79-4141-93a0-c6d703021e31,2026-09-02T10:15:00Z,2026-09-02T12:15:00+0200,58085.19314,MW,DE,DE_LU,actual_load,Actual Load,2026-09-06T20:26:49Z
2026-09-06T20:26:41Z,2026-09-06T22:26:41+0200,bbe7684a-8a79-4141-93a0-c6d703021e31,2026-09-02T10:30:00Z,2026-09-02T12:30:00+0200,57990.82106,MW,DE,DE_LU,actual_load,Actual Load,2026-09-06T20:26:49Z
2026-09-06T20:26:41Z,2026-09-06T22:26:41+0200,bbe7684a-8a79-4141-93a0-c6d703021e31,2026-09-02T10:45:00Z,2026-09-02T12:45:00+0200,58743.00035,MW,DE,DE_LU,actual_load,Actual Load,2026-09-06T20:26:49Z
2026-09-06T20:26:41Z,2026-09-06T22:26:41+0200,bbe7684a-8a79-4141-93a0-c6d703021e31,2026-09-02T11:00:00Z,2026-09-02T13:00:00+0200,59474.10164,MW,DE,DE_LU,actual_load,Actual Load,2026-09-06T20:26:49Z
2026-09-06T20:26:41Z,2026-09-06T22:26:41+0200,bbe7684a-8a79-4141-93a0-c6d703021e31,2026-09-02T11:15:00Z,2026-09-02T13:15:00+0200,58836.0149,MW,DE,DE_LU,actual_load,Actual Load,2026-09-06T20:26:49Z
2026-09-06T20:26:41Z,2026-09-06T22:26:41+0200,bbe7684a-8a79-4141-93a0-c6d703021e31,2026-09-02T11:30:00Z,2026-09-02T13:30:00+0200,58703.11214,MW,DE,DE_LU,actual_load,Actual Load,2026-09-06T20:26:49Z
2026-09-06T20:26:41Z,2026-09-06T22:26:41+0200,bbe7684a-8a79-4141-93a0-c6d703021e31,2026-09-02T11:45:00Z,2026-09-02T13:45:00+0200,58347.31219,MW,DE,DE_LU,actual_load,Actual Load,2026-09-06T20:26:49Z
2026-09-06T20:26:41Z,2026-09-06T22:26:41+0200,bbe7684a-8a79-4141-93a0-c6d703021e31,2026-09-02T12:00:00Z,2026-09-02T14:00:00+0200,57965.02794,MW,DE,DE_LU,actual_load,Actual Load,2026-09-06T20:26:49Z
2026-09-06T20:26:41Z,2026-09-06T22:26:41+0200,bbe7684a-8a79-4141-93a0-c6d703021e31,2026-09-02T12:15:00Z,2026-09-02T14:15:00+0200,57169.66421,MW,DE,DE_LU,actual_load,Actual Load,2026-09-06T20:26:49Z
2026-09-06T20:26:41Z,2026-09-06T22:26:41+0200,bbe7684a-8a79-4141-93a0-c6d703021e31,2026-09-02T12:30:00Z,2026-09-02T14:30:00+0200,56864.74493,MW,DE,DE_LU,actual_load,Actual Load,2026-09-06T20:26:49Z
2026-09-06T20:26:41Z,2026-09-06T22:26:41+0200,bbe7684a-8a79-4141-93a0-c6d703021e31,2026-09-02T12:45:00Z,2026-09-02T14:45:00+0200,56778.25552,MW,DE,DE_LU,actual_load,Actual Load,2026-09-06T20:26:49Z
2026-09-06T20:26:41Z,2026-09-06T22:26:41+0200,bbe7684a-8a79-4141-93a0-c6d703021e31,2026-09-02T13:00:00Z,2026-09-02T15:00:00+0200,57493.66155,MW,DE,DE_LU,actual_load,Actual Load,2026-09-06T20:26:49Z
2026-09-06T20:26:41Z,2026-09-06T22:26:41+0200,bbe7684a-8a79-4141-93a0-c6d703021e31,2026-09-02T13:15:00Z,2026-09-02T15:15:00+0200,56654.74504,MW,DE,DE_LU,actual_load,Actual Load,2026-09-06T20:26:49Z
2026-09-06T20:26:41Z,2026-09-06T22:26:41+0200,bbe7684a-8a79-4141-93a0-c6d703021e31,2026-09-02T13:30:00Z,2026-09-02T15:30:00+0200,55988.6741,MW,DE,DE_LU,actual_load,Actual Load,2026-09-06T20:26:49Z
2026-09-06T20:26:41Z,2026-09-06T22:26:41+0200,bbe7684a-8a79-4141-93a0-c6d703021e31,2026-09-02T13:45:00Z,2026-09-02T15:45:00+0200,55950.30505,MW,DE,DE_LU,actual_load,Actual Load,2026-09-06T20:26:49Z
2026-09-06T20:26:41Z,2026-09-06T22:26:41+0200,bbe7684a-8a79-4141-93a0-c6d703021e31,2026-09-02T14:00:00Z,2026-09-02T16:00:00+0200,56456.34391,MW,DE,DE_LU,actual_load,Actual Load,2026-09-06T20:26:49Z
2026-09-06T20:26:41Z,2026-09-06T22:26:41+0200,bbe7684a-8a79-4141-93a0-c6d703021e31,2026-09-02T14:15:00Z,2026-09-02T16:15:00+0200,56154.76346,MW,DE,DE_LU,actual_load,Actual Load,2026-09-06T20:26:49Z
2026-09-06T20:26:41Z,2026-09-06T22:26:41+0200,bbe7684a-8a79-4141-93a0-c6d703021e31,2026-09-02T14:30:00Z,2026-09-02T16:30:00+0200,55811.94118,MW,DE,DE_LU,actual_load,Actual Load,2026-09-06T20:26:49Z
2026-09-06T20:26:41Z,2026-09-06T22:26:41+0200,bbe7684a-8a79-4141-93a0-c6d703021e31,2026-09-02T14:45:00Z,2026-09-02T16:45:00+0200,55685.38879,MW,DE,DE_LU,actual_load,Actual Load,2026-09-06T20:26:49Z
2026-09-06T20:26:41Z,2026-09-06T22:26:41+0200,bbe7684a-8a79-4141-93a0-c6d703021e31,2026-09-02T15:00:00Z,2026-09-02T17:00:00+0200,56865.93188,MW,DE,DE_LU,actual_load,Actual Load,2026-09-06T20:26:49Z
2026-09-06T20:26:41Z,2026-09-06T22:26:41+0200,bbe7684a-8a79-4141-93a0-c6d703021e31,2026-09-02T15:15:00Z,2026-09-02T17:15:00+0200,56883.08871,MW,DE,DE_LU,actual_load,Actual Load,2026-09-06T20:26:49Z
2026-09-06T20:26:41Z,2026-09-06T22:26:41+0200,bbe7684a-8a79-4141-93a0-c6d703021e31,2026-09-02T15:30:00Z,2026-09-02T17:30:00+0200,56924.48015,MW,DE,DE_LU,actual_load,Actual Load,2026-09-06T20:26:49Z
2026-09-06T20:26:41Z,2026-09-06T22:26:41+0200,bbe7684a-8a79-4141-93a0-c6d703021e31,2026-09-02T15:45:00Z,2026-09-02T17:45:00+0200,56757.4512,MW,DE,DE_LU,actual_load,Actual Load,2026-09-06T20:26:49Z
2026-09-06T20:26:41Z,2026-09-06T22:26:41+0200,bbe7684a-8a79-4141-93a0-c6d703021e31,2026-09-02T16:00:00Z,2026-09-02T18:00:00+0200,58107.71763,MW,DE,DE_LU,actual_load,Actual Load,2026-09-06T20:26:49Z
2026-09-06T20:26:41Z,2026-09-06T22:26:41+0200,bbe7684a-8a79-4141-93a0-c6d703021e31,2026-09-02T16:15:00Z,2026-09-02T18:15:00+0200,57693.30064,MW,DE,DE_LU,actual_load,Actual Load,2026-09-06T20:26:49Z
2026-09-06T20:26:41Z,2026-09-06T22:26:41+0200,bbe7684a-8a79-4141-93a0-c6d703021e31,2026-09-02T16:30:00Z,2026-09-02T18:30:00+0200,57765.13194,MW,DE,DE_LU,actual_load,Actual Load,2026-09-06T20:26:49Z
2026-09-06T20:26:41Z,2026-09-06T22:26:41+0200,bbe7684a-8a79-4141-93a0-c6d703021e31,2026-09-02T16:45:00Z,2026-09-02T18:45:00+0200,57253.861,MW,DE,DE_LU,actual_load,Actual Load,2026-09-06T20:26:49Z
2026-09-06T20:26:41Z,2026-09-06T22:26:41+0200,bbe7684a-8a79-4141-93a0-c6d703021e31,2026-09-02T17:00:00Z,2026-09-02T19:00:00+0200,57487.11096,MW,DE,DE_LU,actual_load,Actual Load,2026-09-06T20:26:49Z
2026-09-06T20:26:41Z,2026-09-06T22:26:41+0200,bbe7684a-8a79-4141-93a0-c6d703021e31,2026-09-02T17:15:00Z,2026-09-02T19:15:00+0200,56842.33079,MW,DE,DE_LU,actual_load,Actual Load,2026-09-06T20:26:49Z
2026-09-06T20:26:41Z,2026-09-06T22:26:41+0200,bbe7684a-8a79-4141-93a0-c6d703021e31,2026-09-02T17:30:00Z,2026-09-02T19:30:00+0200,55990.29773,MW,DE,DE_LU,actual_load,Actual Load,2026-09-06T20:26:49Z
2026-09-06T20:26:41Z,2026-09-06T22:26:41+0200,bbe7684a-8a79-4141-93a0-c6d703021e31,2026-09-02T17:45:00Z,2026-09-02T19:45:00+0200,55821.84931,MW,DE,DE_LU,actual_load,Actual Load,2026-09-06T20:26:49Z
2026-09-06T20:26:41Z,2026-09-06T22:26:41+0200,bbe7684a-8a79-4141-93a0-c6d703021e31,2026-09-02T18:00:00Z,2026-09-02T20:00:00+0200,55815.1217,MW,DE,DE_LU,actual_load,Actual Load,2026-09-06T20:26:49Z
2026-09-06T20:26:41Z,2026-09-06T22:26:41+0200,bbe7684a-8a79-4141-93a0-c6d703021e31,2026-09-02T18:15:00Z,2026-09-02T20:15:00+0200,56186.41798,MW,DE,DE_LU,actual_load,Actual Load,2026-09-06T20:26:49Z
2026-09-06T20:26:41Z,2026-09-06T22:26:41+0200,bbe7684a-8a79-4141-93a0-c6d703021e31,2026-09-02T18:30:00Z,2026-09-02T20:30:00+0200,55511.63742,MW,DE,DE_LU,actual_load,Actual Load,2026-09-06T20:26:49Z
2026-09-06T20:26:41Z,2026-09-06T22:26:41+0200,bbe7684a-8a79-4141-93a0-c6d703021e31,2026-09-02T18:45:00Z,2026-09-02T20:45:00+0200,54788.16781,MW,DE,DE_LU,actual_load,Actual Load,2026-09-06T20:26:49Z
2026-09-06T20:26:41Z,2026-09-06T22:26:41+0200,bbe7684a-8a79-4141-93a0-c6d703021e31,2026-09-02T19:00:00Z,2026-09-02T21:00:00+0200,54347.16145,MW,DE,DE_LU,actual_load,Actual Load,2026-09-06T20:26:49Z
2026-09-06T20:26:41Z,2026-09-06T22:26:41+0200,bbe7684a-8a79-4141-93a0-c6d703021e31,2026-09-02T19:15:00Z,2026-09-02T21:15:00+0200,53774.92218,MW,DE,DE_LU,actual_load,Actual Load,2026-09-06T20:26:49Z
2026-09-06T20:26:41Z,2026-09-06T22:26:41+0200,bbe7684a-8a79-4141-93a0-c6d703021e31,2026-09-02T19:30:00Z,2026-09-02T21:30:00+0200,52948.90561,MW,DE,DE_LU,actual_load,Actual Load,2026-09-06T20:26:49Z
2026-09-06T20:26:41Z,2026-09-06T22:26:41+0200,bbe7684a-8a79-4141-93a0-c6d703021e31,2026-09-02T19:45:00Z,2026-09-02T21:45:00+0200,52379.36778,MW,DE,DE_LU,actual_load,Actual Load,2026-09-06T20:26:49Z
2026-09-06T20:26:41Z,2026-09-06T22:26:41+0200,bbe7684a-8a79-4141-93a0-c6d703021e31,2026-09-02T20:00:00Z,2026-09-02T22:00:00+0200,50733.69621,MW,DE,DE_LU,actual_load,Actual Load,2026-09-06T20:26:49Z
2026-09-06T20:26:41Z,2026-09-06T22:26:41+0200,bbe7684a-8a79-4141-93a0-c6d703021e31,2026-09-02T20:15:00Z,2026-09-02T22:15:00+0200,50290.91236,MW,DE,DE_LU,actual_load,Actual Load,2026-09-06T20:26:49Z
2026-09-06T20:26:41Z,2026-09-06T22:26:41+0200,bbe7684a-8a79-4141-93a0-c6d703021e31,2026-09-02T20:30:00Z,2026-09-02T22:30:00+0200,49620.95277,MW,DE,DE_LU,actual_load,Actual Load,2026-09-06T20:26:49Z
2026-09-06T20:26:41Z,2026-09-06T22:26:41+0200,bbe7684a-8a79-4141-93a0-c6d703021e31,2026-09-02T20:45:00Z,2026-09-02T22:45:00+0200,48725.86316,MW,DE,DE_LU,actual_load,Actual Load,2026-09-06T20:26:49Z
2026-09-06T20:26:41Z,2026-09-06T22:26:41+0200,bbe7684a-8a79-4141-93a0-c6d703021e31,2026-09-02T21:00:00Z,2026-09-02T23:00:00+0200,47330.22797,MW,DE,DE_LU,actual_load,Actual Load,2026-09-06T20:26:49Z
2026-09-06T20:26:41Z,2026-09-06T22:26:41+0200,bbe7684a-8a79-4141-93a0-c6d703021e31,2026-09-02T21:15:00Z,2026-09-02T23:15:00+0200,46298.1041,MW,DE,DE_LU,actual_load,Actual Load,2026-09-06T20:26:49Z
2026-09-06T20:26:41Z,2026-09-06T22:26:41+0200,bbe7684a-8a79-4141-93a0-c6d703021e31,2026-09-02T21:30:00Z,2026-09-02T23:30:00+0200,45521.32301,MW,DE,DE_LU,actual_load,Actual Load,2026-09-06T20:26:49Z
2026-09-06T20:26:41Z,2026-09-06T22:26:41+0200,bbe7684a-8a79-4141-93a0-c6d703021e31,2026-09-02T21:45:00Z,2026-09-02T23:45:00+0200,45233.67663,MW,DE,DE_LU,actual_load,Actual Load,2026-09-06T20:26:49Z
2026-09-06T20:26:41Z,2026-09-06T22:26:41+0200,bbe7684a-8a79-4141-93a0-c6d703021e31,2026-09-02T22:00:00Z,2026-09-03T00:00:00+0200,44031.54829,MW,DE,DE_LU,actual_load,Actual Load,2026-09-06T20:26:49Z
2026-09-06T20:26:41Z,2026-09-06T22:26:41+0200,bbe7684a-8a79-4141-93a0-c6d703021e31,2026-09-02T22:15:00Z,2026-09-03T00:15:00+0200,44162.7844,MW,DE,DE_LU,actual_load,Actual Load,2026-09-06T20:26:49Z
2026-09-06T20:26:41Z,2026-09-06T22:26:41+0200,bbe7684a-8a79-4141-93a0-c6d703021e31,2026-09-02T22:30:00Z,2026-09-03T00:30:00+0200,44199.89533,MW,DE,DE_LU,actual_load,Actual Load,2026-09-06T20:26:49Z
2026-09-06T20:26:41Z,2026-09-06T22:26:41+0200,bbe7684a-8a79-4141-93a0-c6d703021e31,2026-09-02T22:45:00Z,2026-09-03T00:45:00+0200,43722.20806,MW,DE,DE_LU,actual_load,Actual Load,2026-09-06T20:26:49Z
2026-09-06T20:26:41Z,2026-09-06T22:26:41+0200,bbe7684a-8a79-4141-93a0-c6d703021e31,2026-09-02T23:00:00Z,2026-09-03T01:00:00+0200,43211.02023,MW,DE,DE_LU,actual_load,Actual Load,2026-09-06T20:26:49Z
2026-09-06T20:26:41Z,2026-09-06T22:26:41+0200,bbe7684a-8a79-4141-93a0-c6d703021e31,2026-09-02T23:15:00Z,2026-09-03T01:15:00+0200,42236.52985,MW,DE,DE_LU,actual_load,Actual Load,2026-09-06T20:26:49Z
2026-09-06T20:26:41Z,2026-09-06T22:26:41+0200,bbe7684a-8a79-4141-93a0-c6d703021e31,2026-09-02T23:30:00Z,2026-09-03T01:30:00+0200,41856.83733,MW,DE,DE_LU,actual_load,Actual Load,2026-09-06T20:26:49Z
2026-09-06T20:26:41Z,2026-09-06T22:26:41+0200,bbe7684a-8a79-4141-93a0-c6d703021e31,2026-09-02T23:45:00Z,2026-09-03T01:45:00+0200,41340.44742,MW,DE,DE_LU,actual_load,Actual Load,2026-09-06T20:26:49Z
2026-09-06T20:26:41Z,2026-09-06T22:26:41+0200,bbe7684a-8a79-4141-93a0-c6d703021e31,2026-09-03T00:00:00Z,2026-09-03T02:00:00+0200,39901.3469,MW,DE,DE_LU,actual_load,Actual Load,2026-09-06T20:26:49Z
2026-09-06T20:26:41Z,2026-09-06T22:26:41+0200,bbe7684a-8a79-4141-93a0-c6d703021e31,2026-09-03T00:15:00Z,2026-09-03T02:15:00+0200,40056.54239,MW,DE,DE_LU,actual_load,Actual Load,2026-09-06T20:26:49Z
2026-09-06T20:26:41Z,2026-09-06T22:26:41+0200,bbe7684a-8a79-4141-93a0-c6d703021e31,2026-09-03T00:30:00Z,2026-09-03T02:30:00+0200,40573.05137,MW,DE,DE_LU,actual_load,Actual Load,2026-09-06T20:26:49Z
2026-09-06T20:26:41Z,2026-09-06T22:26:41+0200,bbe7684a-8a79-4141-93a0-c6d703021e31,2026-09-03T00:45:00Z,2026-09-03T02:45:00+0200,40870.05063,MW,DE,DE_LU,actual_load,Actual Load,2026-09-06T20:26:49Z
2026-09-06T20:26:41Z,2026-09-06T22:26:41+0200,bbe7684a-8a79-4141-93a0-c6d703021e31,2026-09-03T01:00:00Z,2026-09-03T03:00:00+0200,40332.13122,MW,DE,DE_LU,actual_load,Actual Load,2026-09-06T20:26:49Z
2026-09-06T20:26:41Z,2026-09-06T22:26:41+0200,bbe7684a-8a79-4141-93a0-c6d703021e31,2026-09-03T01:15:00Z,2026-09-03T03:15:00+0200,40601.3097,MW,DE,DE_LU,actual_load,Actual Load,2026-09-06T20:26:49Z
2026-09-06T20:26:41Z,2026-09-06T22:26:41+0200,bbe7684a-8a79-4141-93a0-c6d703021e31,2026-09-03T01:30:00Z,2026-09-03T03:30:00+0200,40817.30369,MW,DE,DE_LU,actual_load,Actual Load,2026-09-06T20:26:49Z
2026-09-06T20:26:41Z,2026-09-06T22:26:41+0200,bbe7684a-8a79-4141-93a0-c6d703021e31,2026-09-03T01:45:00Z,2026-09-03T03:45:00+0200,41373.18971,MW,DE,DE_LU,actual_load,Actual Load,2026-09-06T20:26:49Z
2026-09-06T20:26:41Z,2026-09-06T22:26:41+0200,bbe7684a-8a79-4141-93a0-c6d703021e31,2026-09-03T02:00:00Z,2026-09-03T04:00:00+0200,41778.76405,MW,DE,DE_LU,actual_load,Actual Load,2026-09-06T20:26:49Z
2026-09-06T20:26:41Z,2026-09-06T22:26:41+0200,bbe7684a-8a79-4141-93a0-c6d703021e31,2026-09-03T02:15:00Z,2026-09-03T04:15:00+0200,42635.87234,MW,DE,DE_LU,actual_load,Actual Load,2026-09-06T20:26:49Z
2026-09-06T20:26:41Z,2026-09-06T22:26:41+0200,bbe7684a-8a79-4141-93a0-c6d703021e31,2026-09-03T02:30:00Z,2026-09-03T04:30:00+0200,43069.53015,MW,DE,DE_LU,actual_load,Actual Load,2026-09-06T20:26:49Z
2026-09-06T20:26:41Z,2026-09-06T22:26:41+0200,bbe7684a-8a79-4141-93a0-c6d703021e31,2026-09-03T02:45:00Z,2026-09-03T04:45:00+0200,43559.94533,MW,DE,DE_LU,actual_load,Actual Load,2026-09-06T20:26:49Z
2026-09-06T20:26:41Z,2026-09-06T22:26:41+0200,bbe7684a-8a79-4141-93a0-c6d703021e31,2026-09-03T03:00:00Z,2026-09-03T05:00:00+0200,44991.88905,MW,DE,DE_LU,actual_load,Actual Load,2026-09-06T20:26:49Z
2026-09-06T20:26:41Z,2026-09-06T22:26:41+0200,bbe7684a-8a79-4141-93a0-c6d703021e31,2026-09-03T03:15:00Z,2026-09-03T05:15:00+0200,45104.55128,MW,DE,DE_LU,actual_load,Actual Load,2026-09-06T20:26:49Z
2026-09-06T20:26:41Z,2026-09-06T22:26:41+0200,bbe7684a-8a79-4141-93a0-c6d703021e31,2026-09-03T03:30:00Z,2026-09-03T05:30:00+0200,45293.43903,MW,DE,DE_LU,actual_load,Actual Load,2026-09-06T20:26:49Z
2026-09-06T20:26:41Z,2026-09-06T22:26:41+0200,bbe7684a-8a79-4141-93a0-c6d703021e31,2026-09-03T03:45:00Z,2026-09-03T05:45:00+0200,46254.4277,MW,DE,DE_LU,actual_load,Actual Load,2026-09-06T20:26:49Z
2026-09-06T20:26:41Z,2026-09-06T22:26:41+0200,bbe7684a-8a79-4141-93a0-c6d703021e31,2026-09-03T04:00:00Z,2026-09-03T06:00:00+0200,48705.53675,MW,DE,DE_LU,actual_load,Actual Load,2026-09-06T20:26:49Z
2026-09-06T20:26:41Z,2026-09-06T22:26:41+0200,bbe7684a-8a79-4141-93a0-c6d703021e31,2026-09-03T04:15:00Z,2026-09-03T06:15:00+0200,50881.15969,MW,DE,DE_LU,actual_load,Actual Load,2026-09-06T20:26:49Z
2026-09-06T20:26:41Z,2026-09-06T22:26:41+0200,bbe7684a-8a79-4141-93a0-c6d703021e31,2026-09-03T04:30:00Z,2026-09-03T06:30:00+0200,52227.48771,MW,DE,DE_LU,actual_load,Actual Load,2026-09-06T20:26:49Z
2026-09-06T20:26:41Z,2026-09-06T22:26:41+0200,bbe7684a-8a79-4141-93a0-c6d703021e31,2026-09-03T04:45:00Z,2026-09-03T06:45:00+0200,53257.84372,MW,DE,DE_LU,actual_load,Actual Load,2026-09-06T20:26:49Z
2026-09-06T20:26:41Z,2026-09-06T22:26:41+0200,bbe7684a-8a79-4141-93a0-c6d703021e31,2026-09-03T05:00:00Z,2026-09-03T07:00:00+0200,53727.141,MW,DE,DE_LU,actual_load,Actual Load,2026-09-06T20:26:49Z
2026-09-06T20:26:41Z,2026-09-06T22:26:41+0200,bbe7684a-8a79-4141-93a0-c6d703021e31,2026-09-03T05:15:00Z,2026-09-03T07:15:00+0200,54708.65062,MW,DE,DE_LU,actual_load,Actual Load,2026-09-06T20:26:49Z
2026-09-06T20:26:41Z,2026-09-06T22:26:41+0200,bbe7684a-8a79-4141-93a0-c6d703021e31,2026-09-03T05:30:00Z,2026-09-03T07:30:00+0200,55709.49684,MW,DE,DE_LU,actual_load,Actual Load,2026-09-06T20:26:49Z
2026-09-06T20:26:41Z,2026-09-06T22:26:41+0200,bbe7684a-8a79-4141-93a0-c6d703021e31,2026-09-03T05:45:00Z,2026-09-03T07:45:00+0200,56439.71246,MW,DE,DE_LU,actual_load,Actual Load,2026-09-06T20:26:49Z
2026-09-06T20:26:41Z,2026-09-06T22:26:41+0200,bbe7684a-8a79-4141-93a0-c6d703021e31,2026-09-03T06:00:00Z,2026-09-03T08:00:00+0200,55692.66999,MW,DE,DE_LU,actual_load,Actual Load,2026-09-06T20:26:49Z
2026-09-06T20:26:41Z,2026-09-06T22:26:41+0200,bbe7684a-8a79-4141-93a0-c6d703021e31,2026-09-03T06:15:00Z,2026-09-03T08:15:00+0200,56937.35211,MW,DE,DE_LU,actual_load,Actual Load,2026-09-06T20:26:49Z
2026-09-06T20:26:41Z,2026-09-06T22:26:41+0200,bbe7684a-8a79-4141-93a0-c6d703021e31,2026-09-03T06:30:00Z,2026-09-03T08:30:00+0200,58019.40773,MW,DE,DE_LU,actual_load,Actual Load,2026-09-06T20:26:49Z
2026-09-06T20:26:41Z,2026-09-06T22:26:41+0200,bbe7684a-8a79-4141-93a0-c6d703021e31,2026-09-03T06:45:00Z,2026-09-03T08:45:00+0200,59164.80224,MW,DE,DE_LU,actual_load,Actual Load,2026-09-06T20:26:49Z
2026-09-06T20:26:41Z,2026-09-06T22:26:41+0200,bbe7684a-8a79-4141-93a0-c6d703021e31,2026-09-03T07:00:00Z,2026-09-03T09:00:00+0200,58420.60367,MW,DE,DE_LU,actual_load,Actual Load,2026-09-06T20:26:49Z
2026-09-06T20:26:41Z,2026-09-06T22:26:41+0200,bbe7684a-8a79-4141-93a0-c6d703021e31,2026-09-03T07:15:00Z,2026-09-03T09:15:00+0200,58800.14614,MW,DE,DE_LU,actual_load,Actual Load,2026-09-06T20:26:49Z
2026-09-06T20:26:41Z,2026-09-06T22:26:41+0200,bbe7684a-8a79-4141-93a0-c6d703021e31,2026-09-03T07:30:00Z,2026-09-03T09:30:00+0200,59308.64566,MW,DE,DE_LU,actual_load,Actual Load,2026-09-06T20:26:49Z
2026-09-06T20:26:41Z,2026-09-06T22:26:41+0200,bbe7684a-8a79-4141-93a0-c6d703021e31,2026-09-03T07:45:00Z,2026-09-03T09:45:00+0200,59740.42896,MW,DE,DE_LU,actual_load,Actual Load,2026-09-06T20:26:49Z
2026-09-06T20:26:41Z,2026-09-06T22:26:41+0200,bbe7684a-8a79-4141-93a0-c6d703021e31,2026-09-03T08:00:00Z,2026-09-03T10:00:00+0200,59488.08914,MW,DE,DE_LU,actual_load,Actual Load,2026-09-06T20:26:49Z
2026-09-06T20:26:41Z,2026-09-06T22:26:41+0200,bbe7684a-8a79-4141-93a0-c6d703021e31,2026-09-03T08:15:00Z,2026-09-03T10:15:00+0200,59802.05147,MW,DE,DE_LU,actual_load,Actual Load,2026-09-06T20:26:49Z
2026-09-06T20:26:41Z,2026-09-06T22:26:41+0200,bbe7684a-8a79-4141-93a0-c6d703021e31,2026-09-03T08:30:00Z,2026-09-03T10:30:00+0200,59773.86869,MW,DE,DE_LU,actual_load,Actual Load,2026-09-06T20:26:49Z
2026-09-06T20:26:41Z,2026-09-06T22:26:41+0200,bbe7684a-8a79-4141-93a0-c6d703021e31,2026-09-03T08:45:00Z,2026-09-03T10:45:00+0200,60557.04885,MW,DE,DE_LU,actual_load,Actual Load,2026-09-06T20:26:49Z
2026-09-06T20:26:41Z,2026-09-06T22:26:41+0200,bbe7684a-8a79-4141-93a0-c6d703021e31,2026-09-03T09:00:00Z,2026-09-03T11:00:00+0200,59846.67125,MW,DE,DE_LU,actual_load,Actual Load,2026-09-06T20:26:49Z
2026-09-06T20:26:41Z,2026-09-06T22:26:41+0200,bbe7684a-8a79-4141-93a0-c6d703021e31,2026-09-03T09:15:00Z,2026-09-03T11:15:00+0200,60553.96453,MW,DE,DE_LU,actual_load,Actual Load,2026-09-06T20:26:49Z
2026-09-06T20:26:41Z,2026-09-06T22:26:41+0200,bbe7684a-8a79-4141-93a0-c6d703021e31,2026-09-03T09:30:00Z,2026-09-03T11:30:00+0200,60913.10385,MW,DE,DE_LU,actual_load,Actual Load,2026-09-06T20:26:49Z
2026-09-06T20:26:41Z,2026-09-06T22:26:41+0200,bbe7684a-8a79-4141-93a0-c6d703021e31,2026-09-03T09:45:00Z,2026-09-03T11:45:00+0200,60377.44453,MW,DE,DE_LU,actual_load,Actual Load,2026-09-06T20:26:49Z
2026-09-06T20:26:41Z,2026-09-06T22:26:41+0200,bbe7684a-8a79-4141-93a0-c6d703021e31,2026-09-03T10:00:00Z,2026-09-03T12:00:00+0200,59706.93111,MW,DE,DE_LU,actual_load,Actual Load,2026-09-06T20:26:49Z
2026-09-06T20:26:41Z,2026-09-06T22:26:41+0200,bbe7684a-8a79-4141-93a0-c6d703021e31,2026-09-03T10:15:00Z,2026-09-03T12:15:00+0200,59638.12007,MW,DE,DE_LU,actual_load,Actual Load,2026-09-06T20:26:49Z
2026-09-06T20:26:41Z,2026-09-06T22:26:41+0200,bbe7684a-8a79-4141-93a0-c6d703021e31,2026-09-03T10:30:00Z,2026-09-03T12:30:00+0200,59592.27954,MW,DE,DE_LU,actual_load,Actual Load,2026-09-06T20:26:49Z
2026-09-06T20:26:41Z,2026-09-06T22:26:41+0200,bbe7684a-8a79-4141-93a0-c6d703021e31,2026-09-03T10:45:00Z,2026-09-03T12:45:00+0200,60694.09663,MW,DE,DE_LU,actual_load,Actual Load,2026-09-06T20:26:49Z
2026-09-06T20:26:41Z,2026-09-06T22:26:41+0200,bbe7684a-8a79-4141-93a0-c6d703021e31,2026-09-03T11:00:00Z,2026-09-03T13:00:00+0200,61111.27502,MW,DE,DE_LU,actual_load,Actual Load,2026-09-06T20:26:49Z
2026-09-06T20:26:41Z,2026-09-06T22:26:41+0200,bbe7684a-8a79-4141-93a0-c6d703021e31,2026-09-03T11:15:00Z,2026-09-03T13:15:00+0200,60933.29725,MW,DE,DE_LU,actual_load,Actual Load,2026-09-06T20:26:49Z
2026-09-06T20:26:41Z,2026-09-06T22:26:41+0200,bbe7684a-8a79-4141-93a0-c6d703021e31,2026-09-03T11:30:00Z,2026-09-03T13:30:00+0200,60732.27911,MW,DE,DE_LU,actual_load,Actual Load,2026-09-06T20:26:49Z
2026-09-06T20:26:41Z,2026-09-06T22:26:41+0200,bbe7684a-8a79-4141-93a0-c6d703021e31,2026-09-03T11:45:00Z,2026-09-03T13:45:00+0200,60547.51969,MW,DE,DE_LU,actual_load,Actual Load,2026-09-06T20:26:49Z
2026-09-06T20:26:41Z,2026-09-06T22:26:41+0200,bbe7684a-8a79-4141-93a0-c6d703021e31,2026-09-03T12:00:00Z,2026-09-03T14:00:00+0200,59555.89813,MW,DE,DE_LU,actual_load,Actual Load,2026-09-06T20:26:49Z
2026-09-06T20:26:41Z,2026-09-06T22:26:41+0200,bbe7684a-8a79-4141-93a0-c6d703021e31,2026-09-03T12:15:00Z,2026-09-03T14:15:00+0200,59739.75747,MW,DE,DE_LU,actual_load,Actual Load,2026-09-06T20:26:49Z
2026-09-06T20:26:41Z,2026-09-06T22:26:41+0200,bbe7684a-8a79-4141-93a0-c6d703021e31,2026-09-03T12:30:00Z,2026-09-03T14:30:00+0200,59621.56309,MW,DE,DE_LU,actual_load,Actual Load,2026-09-06T20:26:49Z
2026-09-06T20:26:41Z,2026-09-06T22:26:41+0200,bbe7684a-8a79-4141-93a0-c6d703021e31,2026-09-03T12:45:00Z,2026-09-03T14:45:00+0200,59346.62052,MW,DE,DE_LU,actual_load,Actual Load,2026-09-06T20:26:49Z
2026-09-06T20:26:41Z,2026-09-06T22:26:41+0200,bbe7684a-8a79-4141-93a0-c6d703021e31,2026-09-03T13:00:00Z,2026-09-03T15:00:00+0200,59732.78999,MW,DE,DE_LU,actual_load,Actual Load,2026-09-06T20:26:49Z
2026-09-06T20:26:41Z,2026-09-06T22:26:41+0200,bbe7684a-8a79-4141-93a0-c6d703021e31,2026-09-03T13:15:00Z,2026-09-03T15:15:00+0200,59627.2337,MW,DE,DE_LU,actual_load,Actual Load,2026-09-06T20:26:49Z
2026-09-06T20:26:41Z,2026-09-06T22:26:41+0200,bbe7684a-8a79-4141-93a0-c6d703021e31,2026-09-03T13:30:00Z,2026-09-03T15:30:00+0200,59217.6314,MW,DE,DE_LU,actual_load,Actual Load,2026-09-06T20:26:49Z
2026-09-06T20:26:41Z,2026-09-06T22:26:41+0200,bbe7684a-8a79-4141-93a0-c6d703021e31,2026-09-03T13:45:00Z,2026-09-03T15:45:00+0200,59133.18571,MW,DE,DE_LU,actual_load,Actual Load,2026-09-06T20:26:49Z
2026-09-06T20:26:41Z,2026-09-06T22:26:41+0200,bbe7684a-8a79-4141-93a0-c6d703021e31,2026-09-03T14:00:00Z,2026-09-03T16:00:00+0200,59695.05281,MW,DE,DE_LU,actual_load,Actual Load,2026-09-06T20:26:49Z
2026-09-06T20:26:41Z,2026-09-06T22:26:41+0200,bbe7684a-8a79-4141-93a0-c6d703021e31,2026-09-03T14:15:00Z,2026-09-03T16:15:00+0200,59577.56969,MW,DE,DE_LU,actual_load,Actual Load,2026-09-06T20:26:49Z
2026-09-06T20:26:41Z,2026-09-06T22:26:41+0200,bbe7684a-8a79-4141-93a0-c6d703021e31,2026-09-03T14:30:00Z,2026-09-03T16:30:00+0200,58743.28579,MW,DE,DE_LU,actual_load,Actual Load,2026-09-06T20:26:49Z
2026-09-06T20:26:41Z,2026-09-06T22:26:41+0200,bbe7684a-8a79-4141-93a0-c6d703021e31,2026-09-03T14:45:00Z,2026-09-03T16:45:00+0200,58034.49336,MW,DE,DE_LU,actual_load,Actual Load,2026-09-06T20:26:49Z
2026-09-06T20:26:41Z,2026-09-06T22:26:41+0200,bbe7684a-8a79-4141-93a0-c6d703021e31,2026-09-03T15:00:00Z,2026-09-03T17:00:00+0200,58098.12941,MW,DE,DE_LU,actual_load,Actual Load,2026-09-06T20:26:49Z
2026-09-06T20:26:41Z,2026-09-06T22:26:41+0200,bbe7684a-8a79-4141-93a0-c6d703021e31,2026-09-03T15:15:00Z,2026-09-03T17:15:00+0200,57998.64887,MW,DE,DE_LU,actual_load,Actual Load,2026-09-06T20:26:49Z
2026-09-06T20:26:41Z,2026-09-06T22:26:41+0200,bbe7684a-8a79-4141-93a0-c6d703021e31,2026-09-03T15:30:00Z,2026-09-03T17:30:00+0200,58439.45244,MW,DE,DE_LU,actual_load,Actual Load,2026-09-06T20:26:49Z
2026-09-06T20:26:41Z,2026-09-06T22:26:41+0200,bbe7684a-8a79-4141-93a0-c6d703021e31,2026-09-03T15:45:00Z,2026-09-03T17:45:00+0200,58384.15055,MW,DE,DE_LU,actual_load,Actual Load,2026-09-06T20:26:49Z
2026-09-06T20:26:41Z,2026-09-06T22:26:41+0200,bbe7684a-8a79-4141-93a0-c6d703021e31,2026-09-03T16:00:00Z,2026-09-03T18:00:00+0200,58335.0304,MW,DE,DE_LU,actual_load,Actual Load,2026-09-06T20:26:49Z
2026-09-06T20:26:41Z,2026-09-06T22:26:41+0200,bbe7684a-8a79-4141-93a0-c6d703021e31,2026-09-03T16:15:00Z,2026-09-03T18:15:00+0200,58134.17826,MW,DE,DE_LU,actual_load,Actual Load,2026-09-06T20:26:49Z
2026-09-06T20:26:41Z,2026-09-06T22:26:41+0200,bbe7684a-8a79-4141-93a0-c6d703021e31,2026-09-03T16:30:00Z,2026-09-03T18:30:00+0200,58505.5169,MW,DE,DE_LU,actual_load,Actual Load,2026-09-06T20:26:49Z
2026-09-06T20:26:41Z,2026-09-06T22:26:41+0200,bbe7684a-8a79-4141-93a0-c6d703021e31,2026-09-03T16:45:00Z,2026-09-03T18:45:00+0200,58481.21511,MW,DE,DE_LU,actual_load,Actual Load,2026-09-06T20:26:49Z
2026-09-06T20:26:41Z,2026-09-06T22:26:41+0200,bbe7684a-8a79-4141-93a0-c6d703021e31,2026-09-03T17:00:00Z,2026-09-03T19:00:00+0200,58852.4796,MW,DE,DE_LU,actual_load,Actual Load,2026-09-06T20:26:49Z
2026-09-06T20:26:41Z,2026-09-06T22:26:41+0200,bbe7684a-8a79-4141-93a0-c6d703021e31,2026-09-03T17:15:00Z,2026-09-03T19:15:00+0200,58737.55651,MW,DE,DE_LU,actual_load,Actual Load,2026-09-06T20:26:49Z
2026-09-06T20:26:41Z,2026-09-06T22:26:41+0200,bbe7684a-8a79-4141-93a0-c6d703021e31,2026-09-03T17:30:00Z,2026-09-03T19:30:00+0200,58479.12369,MW,DE,DE_LU,actual_load,Actual Load,2026-09-06T20:26:49Z
2026-09-06T20:26:41Z,2026-09-06T22:26:41+0200,bbe7684a-8a79-4141-93a0-c6d703021e31,2026-09-03T17:45:00Z,2026-09-03T19:45:00+0200,57689.78069,MW,DE,DE_LU,actual_load,Actual Load,2026-09-06T20:26:49Z
2026-09-06T20:26:41Z,2026-09-06T22:26:41+0200,bbe7684a-8a79-4141-93a0-c6d703021e31,2026-09-03T18:00:00Z,2026-09-03T20:00:00+0200,58016.43115,MW,DE,DE_LU,actual_load,Actual Load,2026-09-06T20:26:49Z
2026-09-06T20:26:41Z,2026-09-06T22:26:41+0200,bbe7684a-8a79-4141-93a0-c6d703021e31,2026-09-03T18:15:00Z,2026-09-03T20:15:00+0200,58225.3716,MW,DE,DE_LU,actual_load,Actual Load,2026-09-06T20:26:49Z
2026-09-06T20:26:41Z,2026-09-06T22:26:41+0200,bbe7684a-8a79-4141-93a0-c6d703021e31,2026-09-03T18:30:00Z,2026-09-03T20:30:00+0200,57901.12646,MW,DE,DE_LU,actual_load,Actual Load,2026-09-06T20:26:49Z
2026-09-06T20:26:41Z,2026-09-06T22:26:41+0200,bbe7684a-8a79-4141-93a0-c6d703021e31,2026-09-03T18:45:00Z,2026-09-03T20:45:00+0200,56777.0081,MW,DE,DE_LU,actual_load,Actual Load,2026-09-06T20:26:49Z
2026-09-06T20:26:41Z,2026-09-06T22:26:41+0200,bbe7684a-8a79-4141-93a0-c6d703021e31,2026-09-03T19:00:00Z,2026-09-03T21:00:00+0200,54764.17352,MW,DE,DE_LU,actual_load,Actual Load,2026-09-06T20:26:49Z
2026-09-06T20:26:41Z,2026-09-06T22:26:41+0200,bbe7684a-8a79-4141-93a0-c6d703021e31,2026-09-03T19:15:00Z,2026-09-03T21:15:00+0200,53975.25958,MW,DE,DE_LU,actual_load,Actual Load,2026-09-06T20:26:49Z
2026-09-06T20:26:41Z,2026-09-06T22:26:41+0200,bbe7684a-8a79-4141-93a0-c6d703021e31,2026-09-03T19:30:00Z,2026-09-03T21:30:00+0200,53256.8466,MW,DE,DE_LU,actual_load,Actual Load,2026-09-06T20:26:49Z
2026-09-06T20:26:41Z,2026-09-06T22:26:41+0200,bbe7684a-8a79-4141-93a0-c6d703021e31,2026-09-03T19:45:00Z,2026-09-03T21:45:00+0200,52243.89094,MW,DE,DE_LU,actual_load,Actual Load,2026-09-06T20:26:49Z
2026-09-06T20:26:41Z,2026-09-06T22:26:41+0200,bbe7684a-8a79-4141-93a0-c6d703021e31,2026-09-03T20:00:00Z,2026-09-03T22:00:00+0200,50990.99106,MW,DE,DE_LU,actual_load,Actual Load,2026-09-06T20:26:49Z
2026-09-06T20:26:41Z,2026-09-06T22:26:41+0200,bbe7684a-8a79-4141-93a0-c6d703021e31,2026-09-03T20:15:00Z,2026-09-03T22:15:00+0200,50397.6524,MW,DE,DE_LU,actual_load,Actual Load,2026-09-06T20:26:49Z
2026-09-06T20:26:41Z,2026-09-06T22:26:41+0200,bbe7684a-8a79-4141-93a0-c6d703021e31,2026-09-03T20:30:00Z,2026-09-03T22:30:00+0200,49339.49346,MW,DE,DE_LU,actual_load,Actual Load,2026-09-06T20:26:49Z
2026-09-06T20:26:41Z,2026-09-06T22:26:41+0200,bbe7684a-8a79-4141-93a0-c6d703021e31,2026-09-03T20:45:00Z,2026-09-03T22:45:00+0200,48575.74716,MW,DE,DE_LU,actual_load,Actual Load,2026-09-06T20:26:49Z
2026-09-06T20:26:41Z,2026-09-06T22:26:41+0200,bbe7684a-8a79-4141-93a0-c6d703021e31,2026-09-03T21:00:00Z,2026-09-03T23:00:00+0200,47950.68176,MW,DE,DE_LU,actual_load,Actual Load,2026-09-06T20:26:49Z
2026-09-06T20:26:41Z,2026-09-06T22:26:41+0200,bbe7684a-8a79-4141-93a0-c6d703021e31,2026-09-03T21:15:00Z,2026-09-03T23:15:00+0200,47970.69269,MW,DE,DE_LU,actual_load,Actual Load,2026-09-06T20:26:49Z
2026-09-06T20:26:41Z,2026-09-06T22:26:41+0200,bbe7684a-8a79-4141-93a0-c6d703021e31,2026-09-03T21:30:00Z,2026-09-03T23:30:00+0200,47919.48531,MW,DE,DE_LU,actual_load,Actual Load,2026-09-06T20:26:49Z
2026-09-06T20:26:41Z,2026-09-06T22:26:41+0200,bbe7684a-8a79-4141-93a0-c6d703021e31,2026-09-03T21:45:00Z,2026-09-03T23:45:00+0200,47418.59449,MW,DE,DE_LU,actual_load,Actual Load,2026-09-06T20:26:49Z
2026-09-06T20:26:41Z,2026-09-06T22:26:41+0200,bbe7684a-8a79-4141-93a0-c6d703021e31,2026-09-03T22:00:00Z,2026-09-04T00:00:00+0200,44468.77449,MW,DE,DE_LU,actual_load,Actual Load,2026-09-06T20:26:49Z
2026-09-06T20:26:41Z,2026-09-06T22:26:41+0200,bbe7684a-8a79-4141-93a0-c6d703021e31,2026-09-03T22:15:00Z,2026-09-04T00:15:00+0200,44999.06125,MW,DE,DE_LU,actual_load,Actual Load,2026-09-06T20:26:49Z
2026-09-06T20:26:41Z,2026-09-06T22:26:41+0200,bbe7684a-8a79-4141-93a0-c6d703021e31,2026-09-03T22:30:00Z,2026-09-04T00:30:00+0200,44737.56322,MW,DE,DE_LU,actual_load,Actual Load,2026-09-06T20:26:49Z
2026-09-06T20:26:41Z,2026-09-06T22:26:41+0200,bbe7684a-8a79-4141-93a0-c6d703021e31,2026-09-03T22:45:00Z,2026-09-04T00:45:00+0200,44178.82084,MW,DE,DE_LU,actual_load,Actual Load,2026-09-06T20:26:49Z
2026-09-06T20:26:41Z,2026-09-06T22:26:41+0200,bbe7684a-8a79-4141-93a0-c6d703021e31,2026-09-03T23:00:00Z,2026-09-04T01:00:00+0200,43326.2623,MW,DE,DE_LU,actual_load,Actual Load,2026-09-06T20:26:49Z
2026-09-06T20:26:41Z,2026-09-06T22:26:41+0200,bbe7684a-8a79-4141-93a0-c6d703021e31,2026-09-03T23:15:00Z,2026-09-04T01:15:00+0200,43381.07206,MW,DE,DE_LU,actual_load,Actual Load,2026-09-06T20:26:49Z
2026-09-06T20:26:41Z,2026-09-06T22:26:41+0200,bbe7684a-8a79-4141-93a0-c6d703021e31,2026-09-03T23:30:00Z,2026-09-04T01:30:00+0200,42829.73816,MW,DE,DE_LU,actual_load,Actual Load,2026-09-06T20:26:49Z
2026-09-06T20:26:41Z,2026-09-06T22:26:41+0200,bbe7684a-8a79-4141-93a0-c6d703021e31,2026-09-03T23:45:00Z,2026-09-04T01:45:00+0200,42290.22792,MW,DE,DE_LU,actual_load,Actual Load,2026-09-06T20:26:49Z
2026-09-06T20:26:41Z,2026-09-06T22:26:41+0200,bbe7684a-8a79-4141-93a0-c6d703021e31,2026-09-04T00:00:00Z,2026-09-04T02:00:00+0200,42105.5216,MW,DE,DE_LU,actual_load,Actual Load,2026-09-06T20:26:49Z
2026-09-06T20:26:41Z,2026-09-06T22:26:41+0200,bbe7684a-8a79-4141-93a0-c6d703021e31,2026-09-04T00:15:00Z,2026-09-04T02:15:00+0200,41631.98392,MW,DE,DE_LU,actual_load,Actual Load,2026-09-06T20:26:49Z
2026-09-06T20:26:41Z,2026-09-06T22:26:41+0200,bbe7684a-8a79-4141-93a0-c6d703021e31,2026-09-04T00:30:00Z,2026-09-04T02:30:00+0200,41397.33382,MW,DE,DE_LU,actual_load,Actual Load,2026-09-06T20:26:49Z
2026-09-06T20:26:41Z,2026-09-06T22:26:41+0200,bbe7684a-8a79-4141-93a0-c6d703021e31,2026-09-04T00:45:00Z,2026-09-04T02:45:00+0200,41846.36226,MW,DE,DE_LU,actual_load,Actual Load,2026-09-06T20:26:49Z
2026-09-06T20:26:41Z,2026-09-06T22:26:41+0200,bbe7684a-8a79-4141-93a0-c6d703021e31,2026-09-04T01:00:00Z,2026-09-04T03:00:00+0200,42066.88477,MW,DE,DE_LU,actual_load,Actual Load,2026-09-06T20:26:49Z
2026-09-06T20:26:41Z,2026-09-06T22:26:41+0200,bbe7684a-8a79-4141-93a0-c6d703021e31,2026-09-04T01:15:00Z,2026-09-04T03:15:00+0200,42669.70102,MW,DE,DE_LU,actual_load,Actual Load,2026-09-06T20:26:49Z
2026-09-06T20:26:41Z,2026-09-06T22:26:41+0200,bbe7684a-8a79-4141-93a0-c6d703021e31,2026-09-04T01:30:00Z,2026-09-04T03:30:00+0200,42763.27304,MW,DE,DE_LU,actual_load,Actual Load,2026-09-06T20:26:49Z
2026-09-06T20:26:41Z,2026-09-06T22:26:41+0200,bbe7684a-8a79-4141-93a0-c6d703021e31,2026-09-04T01:45:00Z,2026-09-04T03:45:00+0200,43134.65653,MW,DE,DE_LU,actual_load,Actual Load,2026-09-06T20:26:49Z
2026-09-06T20:26:41Z,2026-09-06T22:26:41+0200,bbe7684a-8a79-4141-93a0-c6d703021e31,2026-09-04T02:00:00Z,2026-09-04T04:00:00+0200,43940.05132,MW,DE,DE_LU,actual_load,Actual Load,2026-09-06T20:26:49Z
2026-09-06T20:26:41Z,2026-09-06T22:26:41+0200,bbe7684a-8a79-4141-93a0-c6d703021e31,2026-09-04T02:15:00Z,2026-09-04T04:15:00+0200,44197.02197,MW,DE,DE_LU,actual_load,Actual Load,2026-09-06T20:26:49Z
2026-09-06T20:26:41Z,2026-09-06T22:26:41+0200,bbe7684a-8a79-4141-93a0-c6d703021e31,2026-09-04T02:30:00Z,2026-09-04T04:30:00+0200,44751.45719,MW,DE,DE_LU,actual_load,Actual Load,2026-09-06T20:26:49Z
2026-09-06T20:26:41Z,2026-09-06T22:26:41+0200,bbe7684a-8a79-4141-93a0-c6d703021e31,2026-09-04T02:45:00Z,2026-09-04T04:45:00+0200,45155.94825,MW,DE,DE_LU,actual_load,Actual Load,2026-09-06T20:26:49Z
2026-09-06T20:26:41Z,2026-09-06T22:26:41+0200,bbe7684a-8a79-4141-93a0-c6d703021e31,2026-09-04T03:00:00Z,2026-09-04T05:00:00+0200,45630.91162,MW,DE,DE_LU,actual_load,Actual Load,2026-09-06T20:26:49Z
2026-09-06T20:26:41Z,2026-09-06T22:26:41+0200,bbe7684a-8a79-4141-93a0-c6d703021e31,2026-09-04T03:15:00Z,2026-09-04T05:15:00+0200,46348.67072,MW,DE,DE_LU,actual_load,Actual Load,2026-09-06T20:26:49Z
2026-09-06T20:26:41Z,2026-09-06T22:26:41+0200,bbe7684a-8a79-4141-93a0-c6d703021e31,2026-09-04T03:30:00Z,2026-09-04T05:30:00+0200,47426.03311,MW,DE,DE_LU,actual_load,Actual Load,2026-09-06T20:26:49Z
2026-09-06T20:26:41Z,2026-09-06T22:26:41+0200,bbe7684a-8a79-4141-93a0-c6d703021e31,2026-09-04T03:45:00Z,2026-09-04T05:45:00+0200,48567.07769,MW,DE,DE_LU,actual_load,Actual Load,2026-09-06T20:26:49Z
2026-09-06T20:26:41Z,2026-09-06T22:26:41+0200,bbe7684a-8a79-4141-93a0-c6d703021e31,2026-09-04T04:00:00Z,2026-09-04T06:00:00+0200,50180.13234,MW,DE,DE_LU,actual_load,Actual Load,2026-09-06T20:26:49Z
2026-09-06T20:26:41Z,2026-09-06T22:26:41+0200,bbe7684a-8a79-4141-93a0-c6d703021e31,2026-09-04T04:15:00Z,2026-09-04T06:15:00+0200,51833.78411,MW,DE,DE_LU,actual_load,Actual Load,2026-09-06T20:26:49Z
2026-09-06T20:26:41Z,2026-09-06T22:26:41+0200,bbe7684a-8a79-4141-93a0-c6d703021e31,2026-09-04T04:30:00Z,2026-09-04T06:30:00+0200,53161.4154,MW,DE,DE_LU,actual_load,Actual Load,2026-09-06T20:26:49Z
2026-09-06T20:26:41Z,2026-09-06T22:26:41+0200,bbe7684a-8a79-4141-93a0-c6d703021e31,2026-09-04T04:45:00Z,2026-09-04T06:45:00+0200,54636.63637,MW,DE,DE_LU,actual_load,Actual Load,2026-09-06T20:26:49Z
2026-09-06T20:26:41Z,2026-09-06T22:26:41+0200,bbe7684a-8a79-4141-93a0-c6d703021e31,2026-09-04T05:00:00Z,2026-09-04T07:00:00+0200,55903.4602,MW,DE,DE_LU,actual_load,Actual Load,2026-09-06T20:26:49Z
2026-09-06T20:26:41Z,2026-09-06T22:26:41+0200,bbe7684a-8a79-4141-93a0-c6d703021e31,2026-09-04T05:15:00Z,2026-09-04T07:15:00+0200,57323.16574,MW,DE,DE_LU,actual_load,Actual Load,2026-09-06T20:26:49Z
2026-09-06T20:26:41Z,2026-09-06T22:26:41+0200,bbe7684a-8a79-4141-93a0-c6d703021e31,2026-09-04T05:30:00Z,2026-09-04T07:30:00+0200,58318.2591,MW,DE,DE_LU,actual_load,Actual Load,2026-09-06T20:26:49Z
2026-09-06T20:26:41Z,2026-09-06T22:26:41+0200,bbe7684a-8a79-4141-93a0-c6d703021e31,2026-09-04T05:45:00Z,2026-09-04T07:45:00+0200,59010.90014,MW,DE,DE_LU,actual_load,Actual Load,2026-09-06T20:26:49Z
2026-09-06T20:26:41Z,2026-09-06T22:26:41+0200,bbe7684a-8a79-4141-93a0-c6d703021e31,2026-09-04T06:00:00Z,2026-09-04T08:00:00+0200,58687.7697,MW,DE,DE_LU,actual_load,Actual Load,2026-09-06T20:26:49Z
2026-09-06T20:26:41Z,2026-09-06T22:26:41+0200,bbe7684a-8a79-4141-93a0-c6d703021e31,2026-09-04T06:15:00Z,2026-09-04T08:15:00+0200,60142.7591,MW,DE,DE_LU,actual_load,Actual Load,2026-09-06T20:26:49Z
2026-09-06T20:26:41Z,2026-09-06T22:26:41+0200,bbe7684a-8a79-4141-93a0-c6d703021e31,2026-09-04T06:30:00Z,2026-09-04T08:30:00+0200,60842.24275,MW,DE,DE_LU,actual_load,Actual Load,2026-09-06T20:26:49Z
2026-09-06T20:26:41Z,2026-09-06T22:26:41+0200,bbe7684a-8a79-4141-93a0-c6d703021e31,2026-09-04T06:45:00Z,2026-09-04T08:45:00+0200,61586.25154,MW,DE,DE_LU,actual_load,Actual Load,2026-09-06T20:26:49Z
2026-09-06T20:26:41Z,2026-09-06T22:26:41+0200,bbe7684a-8a79-4141-93a0-c6d703021e31,2026-09-04T07:00:00Z,2026-09-04T09:00:00+0200,61139.57654,MW,DE,DE_LU,actual_load,Actual Load,2026-09-06T20:26:49Z
2026-09-06T20:26:41Z,2026-09-06T22:26:41+0200,bbe7684a-8a79-4141-93a0-c6d703021e31,2026-09-04T07:15:00Z,2026-09-04T09:15:00+0200,61508.35464,MW,DE,DE_LU,actual_load,Actual Load,2026-09-06T20:26:49Z
2026-09-06T20:26:41Z,2026-09-06T22:26:41+0200,bbe7684a-8a79-4141-93a0-c6d703021e31,2026-09-04T07:30:00Z,2026-09-04T09:30:00+0200,61928.19984,MW,DE,DE_LU,actual_load,Actual Load,2026-09-06T20:26:49Z
2026-09-06T20:26:41Z,2026-09-06T22:26:41+0200,bbe7684a-8a79-4141-93a0-c6d703021e31,2026-09-04T07:45:00Z,2026-09-04T09:45:00+0200,62067.04448,MW,DE,DE_LU,actual_load,Actual Load,2026-09-06T20:26:49Z
2026-09-06T20:26:41Z,2026-09-06T22:26:41+0200,bbe7684a-8a79-4141-93a0-c6d703021e31,2026-09-04T08:00:00Z,2026-09-04T10:00:00+0200,61596.62336,MW,DE,DE_LU,actual_load,Actual Load,2026-09-06T20:26:49Z
2026-09-06T20:26:41Z,2026-09-06T22:26:41+0200,bbe7684a-8a79-4141-93a0-c6d703021e31,2026-09-04T08:15:00Z,2026-09-04T10:15:00+0200,62479.39665,MW,DE,DE_LU,actual_load,Actual Load,2026-09-06T20:26:49Z
2026-09-06T20:26:41Z,2026-09-06T22:26:41+0200,bbe7684a-8a79-4141-93a0-c6d703021e31,2026-09-04T08:30:00Z,2026-09-04T10:30:00+0200,62693.59967,MW,DE,DE_LU,actual_load,Actual Load,2026-09-06T20:26:49Z
2026-09-06T20:26:41Z,2026-09-06T22:26:41+0200,bbe7684a-8a79-4141-93a0-c6d703021e31,2026-09-04T08:45:00Z,2026-09-04T10:45:00+0200,63348.37423,MW,DE,DE_LU,actual_load,Actual Load,2026-09-06T20:26:49Z
2026-09-06T20:26:41Z,2026-09-06T22:26:41+0200,bbe7684a-8a79-4141-93a0-c6d703021e31,2026-09-04T09:00:00Z,2026-09-04T11:00:00+0200,61643.65095,MW,DE,DE_LU,actual_load,Actual Load,2026-09-06T20:26:49Z
2026-09-06T20:26:41Z,2026-09-06T22:26:41+0200,bbe7684a-8a79-4141-93a0-c6d703021e31,2026-09-04T09:15:00Z,2026-09-04T11:15:00+0200,61528.38555,MW,DE,DE_LU,actual_load,Actual Load,2026-09-06T20:26:49Z
2026-09-06T20:26:41Z,2026-09-06T22:26:41+0200,bbe7684a-8a79-4141-93a0-c6d703021e31,2026-09-04T09:30:00Z,2026-09-04T11:30:00+0200,61712.50179,MW,DE,DE_LU,actual_load,Actual Load,2026-09-06T20:26:49Z
2026-09-06T20:26:41Z,2026-09-06T22:26:41+0200,bbe7684a-8a79-4141-93a0-c6d703021e31,2026-09-04T09:45:00Z,2026-09-04T11:45:00+0200,61412.21665,MW,DE,DE_LU,actual_load,Actual Load,2026-09-06T20:26:49Z
2026-09-06T20:26:41Z,2026-09-06T22:26:41+0200,bbe7684a-8a79-4141-93a0-c6d703021e31,2026-09-04T10:00:00Z,2026-09-04T12:00:00+0200,62294.10611,MW,DE,DE_LU,actual_load,Actual Load,2026-09-06T20:26:49Z
2026-09-06T20:26:41Z,2026-09-06T22:26:41+0200,bbe7684a-8a79-4141-93a0-c6d703021e31,2026-09-04T10:15:00Z,2026-09-04T12:15:00+0200,62370.63022,MW,DE,DE_LU,actual_load,Actual Load,2026-09-06T20:26:49Z
2026-09-06T20:26:41Z,2026-09-06T22:26:41+0200,bbe7684a-8a79-4141-93a0-c6d703021e31,2026-09-04T10:30:00Z,2026-09-04T12:30:00+0200,62022.52931,MW,DE,DE_LU,actual_load,Actual Load,2026-09-06T20:26:49Z
2026-09-06T20:26:41Z,2026-09-06T22:26:41+0200,bbe7684a-8a79-4141-93a0-c6d703021e31,2026-09-04T10:45:00Z,2026-09-04T12:45:00+0200,61704.64218,MW,DE,DE_LU,actual_load,Actual Load,2026-09-06T20:26:49Z
2026-09-06T20:26:41Z,2026-09-06T22:26:41+0200,bbe7684a-8a79-4141-93a0-c6d703021e31,2026-09-04T11:00:00Z,2026-09-04T13:00:00+0200,61564.93729,MW,DE,DE_LU,actual_load,Actual Load,2026-09-06T20:26:49Z
2026-09-06T20:26:41Z,2026-09-06T22:26:41+0200,bbe7684a-8a79-4141-93a0-c6d703021e31,2026-09-04T11:15:00Z,2026-09-04T13:15:00+0200,61983.97846,MW,DE,DE_LU,actual_load,Actual Load,2026-09-06T20:26:49Z
2026-09-06T20:26:41Z,2026-09-06T22:26:41+0200,bbe7684a-8a79-4141-93a0-c6d703021e31,2026-09-04T11:30:00Z,2026-09-04T13:30:00+0200,61142.17901,MW,DE,DE_LU,actual_load,Actual Load,2026-09-06T20:26:49Z
2026-09-06T20:26:41Z,2026-09-06T22:26:41+0200,bbe7684a-8a79-4141-93a0-c6d703021e31,2026-09-04T11:45:00Z,2026-09-04T13:45:00+0200,60855.7207,MW,DE,DE_LU,actual_load,Actual Load,2026-09-06T20:26:49Z
2026-09-06T20:26:41Z,2026-09-06T22:26:41+0200,bbe7684a-8a79-4141-93a0-c6d703021e31,2026-09-04T12:00:00Z,2026-09-04T14:00:00+0200,60548.34076,MW,DE,DE_LU,actual_load,Actual Load,2026-09-06T20:26:49Z
2026-09-06T20:26:41Z,2026-09-06T22:26:41+0200,bbe7684a-8a79-4141-93a0-c6d703021e31,2026-09-04T12:15:00Z,2026-09-04T14:15:00+0200,60330.03856,MW,DE,DE_LU,actual_load,Actual Load,2026-09-06T20:26:49Z
2026-09-06T20:26:41Z,2026-09-06T22:26:41+0200,bbe7684a-8a79-4141-93a0-c6d703021e31,2026-09-04T12:30:00Z,2026-09-04T14:30:00+0200,60349.21436,MW,DE,DE_LU,actual_load,Actual Load,2026-09-06T20:26:49Z
2026-09-06T20:26:41Z,2026-09-06T22:26:41+0200,bbe7684a-8a79-4141-93a0-c6d703021e31,2026-09-04T12:45:00Z,2026-09-04T14:45:00+0200,59860.03223,MW,DE,DE_LU,actual_load,Actual Load,2026-09-06T20:26:49Z
2026-09-06T20:26:41Z,2026-09-06T22:26:41+0200,bbe7684a-8a79-4141-93a0-c6d703021e31,2026-09-04T13:00:00Z,2026-09-04T15:00:00+0200,59328.96635,MW,DE,DE_LU,actual_load,Actual Load,2026-09-06T20:26:49Z
2026-09-06T20:26:41Z,2026-09-06T22:26:41+0200,bbe7684a-8a79-4141-93a0-c6d703021e31,2026-09-04T13:15:00Z,2026-09-04T15:15:00+0200,59031.10304,MW,DE,DE_LU,actual_load,Actual Load,2026-09-06T20:26:49Z
2026-09-06T20:26:41Z,2026-09-06T22:26:41+0200,bbe7684a-8a79-4141-93a0-c6d703021e31,2026-09-04T13:30:00Z,2026-09-04T15:30:00+0200,58402.46738,MW,DE,DE_LU,actual_load,Actual Load,2026-09-06T20:26:49Z
2026-09-06T20:26:41Z,2026-09-06T22:26:41+0200,bbe7684a-8a79-4141-93a0-c6d703021e31,2026-09-04T13:45:00Z,2026-09-04T15:45:00+0200,58327.47009,MW,DE,DE_LU,actual_load,Actual Load,2026-09-06T20:26:49Z
2026-09-06T20:26:41Z,2026-09-06T22:26:41+0200,bbe7684a-8a79-4141-93a0-c6d703021e31,2026-09-04T14:00:00Z,2026-09-04T16:00:00+0200,58750.95889,MW,DE,DE_LU,actual_load,Actual Load,2026-09-06T20:26:49Z
2026-09-06T20:26:41Z,2026-09-06T22:26:41+0200,bbe7684a-8a79-4141-93a0-c6d703021e31,2026-09-04T14:15:00Z,2026-09-04T16:15:00+0200,58158.21862,MW,DE,DE_LU,actual_load,Actual Load,2026-09-06T20:26:49Z
2026-09-06T20:26:41Z,2026-09-06T22:26:41+0200,bbe7684a-8a79-4141-93a0-c6d703021e31,2026-09-04T14:30:00Z,2026-09-04T16:30:00+0200,57775.73844,MW,DE,DE_LU,actual_load,Actual Load,2026-09-06T20:26:49Z
2026-09-06T20:26:41Z,2026-09-06T22:26:41+0200,bbe7684a-8a79-4141-93a0-c6d703021e31,2026-09-04T14:45:00Z,2026-09-04T16:45:00+0200,57379.22215,MW,DE,DE_LU,actual_load,Actual Load,2026-09-06T20:26:49Z
2026-09-06T20:26:41Z,2026-09-06T22:26:41+0200,bbe7684a-8a79-4141-93a0-c6d703021e31,2026-09-04T15:00:00Z,2026-09-04T17:00:00+0200,57014.67276,MW,DE,DE_LU,actual_load,Actual Load,2026-09-06T20:26:49Z
2026-09-06T20:26:41Z,2026-09-06T22:26:41+0200,bbe7684a-8a79-4141-93a0-c6d703021e31,2026-09-04T15:15:00Z,2026-09-04T17:15:00+0200,57362.96352,MW,DE,DE_LU,actual_load,Actual Load,2026-09-06T20:26:49Z
2026-09-06T20:26:41Z,2026-09-06T22:26:41+0200,bbe7684a-8a79-4141-93a0-c6d703021e31,2026-09-04T15:30:00Z,2026-09-04T17:30:00+0200,56892.13049,MW,DE,DE_LU,actual_load,Actual Load,2026-09-06T20:26:49Z
2026-09-06T20:26:41Z,2026-09-06T22:26:41+0200,bbe7684a-8a79-4141-93a0-c6d703021e31,2026-09-04T15:45:00Z,2026-09-04T17:45:00+0200,56567.18005,MW,DE,DE_LU,actual_load,Actual Load,2026-09-06T20:26:49Z
2026-09-06T20:26:41Z,2026-09-06T22:26:41+0200,bbe7684a-8a79-4141-93a0-c6d703021e31,2026-09-04T16:00:00Z,2026-09-04T18:00:00+0200,56659.63365,MW,DE,DE_LU,actual_load,Actual Load,2026-09-06T20:26:49Z
2026-09-06T20:26:41Z,2026-09-06T22:26:41+0200,bbe7684a-8a79-4141-93a0-c6d703021e31,2026-09-04T16:15:00Z,2026-09-04T18:15:00+0200,56157.14957,MW,DE,DE_LU,actual_load,Actual Load,2026-09-06T20:26:49Z
2026-09-06T20:26:41Z,2026-09-06T22:26:41+0200,bbe7684a-8a79-4141-93a0-c6d703021e31,2026-09-04T16:30:00Z,2026-09-04T18:30:00+0200,56024.67002,MW,DE,DE_LU,actual_load,Actual Load,2026-09-06T20:26:49Z
2026-09-06T20:26:41Z,2026-09-06T22:26:41+0200,bbe7684a-8a79-4141-93a0-c6d703021e31,2026-09-04T16:45:00Z,2026-09-04T18:45:00+0200,55962.99937,MW,DE,DE_LU,actual_load,Actual Load,2026-09-06T20:26:49Z
2026-09-06T20:26:41Z,2026-09-06T22:26:41+0200,bbe7684a-8a79-4141-93a0-c6d703021e31,2026-09-04T17:00:00Z,2026-09-04T19:00:00+0200,55348.52082,MW,DE,DE_LU,actual_load,Actual Load,2026-09-06T20:26:49Z
2026-09-06T20:26:41Z,2026-09-06T22:26:41+0200,bbe7684a-8a79-4141-93a0-c6d703021e31,2026-09-04T17:15:00Z,2026-09-04T19:15:00+0200,54043.95129,MW,DE,DE_LU,actual_load,Actual Load,2026-09-06T20:26:49Z
2026-09-06T20:26:41Z,2026-09-06T22:26:41+0200,bbe7684a-8a79-4141-93a0-c6d703021e31,2026-09-04T17:30:00Z,2026-09-04T19:30:00+0200,54539.68627,MW,DE,DE_LU,actual_load,Actual Load,2026-09-06T20:26:49Z
2026-09-06T20:26:41Z,2026-09-06T22:26:41+0200,bbe7684a-8a79-4141-93a0-c6d703021e31,2026-09-04T17:45:00Z,2026-09-04T19:45:00+0200,54569.66488,MW,DE,DE_LU,actual_load,Actual Load,2026-09-06T20:26:49Z
2026-09-06T20:26:41Z,2026-09-06T22:26:41+0200,bbe7684a-8a79-4141-93a0-c6d703021e31,2026-09-04T18:00:00Z,2026-09-04T20:00:00+0200,53502.51474,MW,DE,DE_LU,actual_load,Actual Load,2026-09-06T20:26:49Z
2026-09-06T20:26:41Z,2026-09-06T22:26:41+0200,bbe7684a-8a79-4141-93a0-c6d703021e31,2026-09-04T18:15:00Z,2026-09-04T20:15:00+0200,54196.92468,MW,DE,DE_LU,actual_load,Actual Load,2026-09-06T20:26:49Z
2026-09-06T20:26:41Z,2026-09-06T22:26:41+0200,bbe7684a-8a79-4141-93a0-c6d703021e31,2026-09-04T18:30:00Z,2026-09-04T20:30:00+0200,54084.13042,MW,DE,DE_LU,actual_load,Actual Load,2026-09-06T20:26:49Z
2026-09-06T20:26:41Z,2026-09-06T22:26:41+0200,bbe7684a-8a79-4141-93a0-c6d703021e31,2026-09-04T18:45:00Z,2026-09-04T20:45:00+0200,53062.33198,MW,DE,DE_LU,actual_load,Actual Load,2026-09-06T20:26:49Z
2026-09-06T20:26:41Z,2026-09-06T22:26:41+0200,bbe7684a-8a79-4141-93a0-c6d703021e31,2026-09-04T19:00:00Z,2026-09-04T21:00:00+0200,51833.80156,MW,DE,DE_LU,actual_load,Actual Load,2026-09-06T20:26:49Z
2026-09-06T20:26:41Z,2026-09-06T22:26:41+0200,bbe7684a-8a79-4141-93a0-c6d703021e31,2026-09-04T19:15:00Z,2026-09-04T21:15:00+0200,50890.81661,MW,DE,DE_LU,actual_load,Actual Load,2026-09-06T20:26:49Z
2026-09-06T20:26:41Z,2026-09-06T22:26:41+0200,bbe7684a-8a79-4141-93a0-c6d703021e31,2026-09-04T19:30:00Z,2026-09-04T21:30:00+0200,50215.51131,MW,DE,DE_LU,actual_load,Actual Load,2026-09-06T20:26:49Z
2026-09-06T20:26:41Z,2026-09-06T22:26:41+0200,bbe7684a-8a79-4141-93a0-c6d703021e31,2026-09-04T19:45:00Z,2026-09-04T21:45:00+0200,49707.01475,MW,DE,DE_LU,actual_load,Actual Load,2026-09-06T20:26:49Z
2026-09-06T20:26:41Z,2026-09-06T22:26:41+0200,bbe7684a-8a79-4141-93a0-c6d703021e31,2026-09-04T20:00:00Z,2026-09-04T22:00:00+0200,48621.25663,MW,DE,DE_LU,actual_load,Actual Load,2026-09-06T20:26:49Z
2026-09-06T20:26:41Z,2026-09-06T22:26:41+0200,bbe7684a-8a79-4141-93a0-c6d703021e31,2026-09-04T20:15:00Z,2026-09-04T22:15:00+0200,47767.6078,MW,DE,DE_LU,actual_load,Actual Load,2026-09-06T20:26:49Z
2026-09-06T20:26:41Z,2026-09-06T22:26:41+0200,bbe7684a-8a79-4141-93a0-c6d703021e31,2026-09-04T20:30:00Z,2026-09-04T22:30:00+0200,47545.68864,MW,DE,DE_LU,actual_load,Actual Load,2026-09-06T20:26:49Z
2026-09-06T20:26:41Z,2026-09-06T22:26:41+0200,bbe7684a-8a79-4141-93a0-c6d703021e31,2026-09-04T20:45:00Z,2026-09-04T22:45:00+0200,47018.29854,MW,DE,DE_LU,actual_load,Actual Load,2026-09-06T20:26:49Z
2026-09-06T20:26:41Z,2026-09-06T22:26:41+0200,bbe7684a-8a79-4141-93a0-c6d703021e31,2026-09-04T21:00:00Z,2026-09-04T23:00:00+0200,46156.93528,MW,DE,DE_LU,actual_load,Actual Load,2026-09-06T20:26:49Z
2026-09-06T20:26:41Z,2026-09-06T22:26:41+0200,bbe7684a-8a79-4141-93a0-c6d703021e31,2026-09-04T21:15:00Z,2026-09-04T23:15:00+0200,45306.45436,MW,DE,DE_LU,actual_load,Actual Load,2026-09-06T20:26:49Z
2026-09-06T20:26:41Z,2026-09-06T22:26:41+0200,bbe7684a-8a79-4141-93a0-c6d703021e31,2026-09-04T21:30:00Z,2026-09-04T23:30:00+0200,45676.49758,MW,DE,DE_LU,actual_load,Actual Load,2026-09-06T20:26:49Z
2026-09-06T20:26:41Z,2026-09-06T22:26:41+0200,bbe7684a-8a79-4141-93a0-c6d703021e31,2026-09-04T21:45:00Z,2026-09-04T23:45:00+0200,45601.23759,MW,DE,DE_LU,actual_load,Actual Load,2026-09-06T20:26:49Z
2026-09-06T20:26:41Z,2026-09-06T22:26:41+0200,bbe7684a-8a79-4141-93a0-c6d703021e31,2026-09-04T22:00:00Z,2026-09-05T00:00:00+0200,43085.40397,MW,DE,DE_LU,actual_load,Actual Load,2026-09-06T20:26:49Z
2026-09-06T20:26:41Z,2026-09-06T22:26:41+0200,bbe7684a-8a79-4141-93a0-c6d703021e31,2026-09-04T22:15:00Z,2026-09-05T00:15:00+0200,42451.33268,MW,DE,DE_LU,actual_load,Actual Load,2026-09-06T20:26:49Z
2026-09-06T20:26:41Z,2026-09-06T22:26:41+0200,bbe7684a-8a79-4141-93a0-c6d703021e31,2026-09-04T22:30:00Z,2026-09-05T00:30:00+0200,42605.57836,MW,DE,DE_LU,actual_load,Actual Load,2026-09-06T20:26:49Z
2026-09-06T20:26:41Z,2026-09-06T22:26:41+0200,bbe7684a-8a79-4141-93a0-c6d703021e31,2026-09-04T22:45:00Z,2026-09-05T00:45:00+0200,42615.95396,MW,DE,DE_LU,actual_load,Actual Load,2026-09-06T20:26:49Z
2026-09-06T20:26:41Z,2026-09-06T22:26:41+0200,bbe7684a-8a79-4141-93a0-c6d703021e31,2026-09-04T23:00:00Z,2026-09-05T01:00:00+0200,42439.64999,MW,DE,DE_LU,actual_load,Actual Load,2026-09-06T20:26:49Z
2026-09-06T20:26:41Z,2026-09-06T22:26:41+0200,bbe7684a-8a79-4141-93a0-c6d703021e31,2026-09-04T23:15:00Z,2026-09-05T01:15:00+0200,41830.03681,MW,DE,DE_LU,actual_load,Actual Load,2026-09-06T20:26:49Z
2026-09-06T20:26:41Z,2026-09-06T22:26:41+0200,bbe7684a-8a79-4141-93a0-c6d703021e31,2026-09-04T23:30:00Z,2026-09-05T01:30:00+0200,41629.13233,MW,DE,DE_LU,actual_load,Actual Load,2026-09-06T20:26:49Z
2026-09-06T20:26:41Z,2026-09-06T22:26:41+0200,bbe7684a-8a79-4141-93a0-c6d703021e31,2026-09-04T23:45:00Z,2026-09-05T01:45:00+0200,41081.94397,MW,DE,DE_LU,actual_load,Actual Load,2026-09-06T20:26:49Z
2026-09-06T20:26:41Z,2026-09-06T22:26:41+0200,bbe7684a-8a79-4141-93a0-c6d703021e31,2026-09-05T00:00:00Z,2026-09-05T02:00:00+0200,40831.98781,MW,DE,DE_LU,actual_load,Actual Load,2026-09-06T20:26:49Z
2026-09-06T20:26:41Z,2026-09-06T22:26:41+0200,bbe7684a-8a79-4141-93a0-c6d703021e31,2026-09-05T00:15:00Z,2026-09-05T02:15:00+0200,40949.74066,MW,DE,DE_LU,actual_load,Actual Load,2026-09-06T20:26:49Z
2026-09-06T20:26:41Z,2026-09-06T22:26:41+0200,bbe7684a-8a79-4141-93a0-c6d703021e31,2026-09-05T00:30:00Z,2026-09-05T02:30:00+0200,41125.52685,MW,DE,DE_LU,actual_load,Actual Load,2026-09-06T20:26:49Z
2026-09-06T20:26:41Z,2026-09-06T22:26:41+0200,bbe7684a-8a79-4141-93a0-c6d703021e31,2026-09-05T00:45:00Z,2026-09-05T02:45:00+0200,40716.62922,MW,DE,DE_LU,actual_load,Actual Load,2026-09-06T20:26:49Z
2026-09-06T20:26:41Z,2026-09-06T22:26:41+0200,bbe7684a-8a79-4141-93a0-c6d703021e31,2026-09-05T01:00:00Z,2026-09-05T03:00:00+0200,40825.77839,MW,DE,DE_LU,actual_load,Actual Load,2026-09-06T20:26:49Z
2026-09-06T20:26:41Z,2026-09-06T22:26:41+0200,bbe7684a-8a79-4141-93a0-c6d703021e31,2026-09-05T01:15:00Z,2026-09-05T03:15:00+0200,40877.25154,MW,DE,DE_LU,actual_load,Actual Load,2026-09-06T20:26:49Z
2026-09-06T20:26:41Z,2026-09-06T22:26:41+0200,bbe7684a-8a79-4141-93a0-c6d703021e31,2026-09-05T01:30:00Z,2026-09-05T03:30:00+0200,40756.97781,MW,DE,DE_LU,actual_load,Actual Load,2026-09-06T20:26:49Z
2026-09-06T20:26:41Z,2026-09-06T22:26:41+0200,bbe7684a-8a79-4141-93a0-c6d703021e31,2026-09-05T01:45:00Z,2026-09-05T03:45:00+0200,40960.77795,MW,DE,DE_LU,actual_load,Actual Load,2026-09-06T20:26:49Z
2026-09-06T20:26:41Z,2026-09-06T22:26:41+0200,bbe7684a-8a79-4141-93a0-c6d703021e31,2026-09-05T02:00:00Z,2026-09-05T04:00:00+0200,40345.60087,MW,DE,DE_LU,actual_load,Actual Load,2026-09-06T20:26:49Z
2026-09-06T20:26:41Z,2026-09-06T22:26:41+0200,bbe7684a-8a79-4141-93a0-c6d703021e31,2026-09-05T02:15:00Z,2026-09-05T04:15:00+0200,39849.29484,MW,DE,DE_LU,actual_load,Actual Load,2026-09-06T20:26:49Z
2026-09-06T20:26:41Z,2026-09-06T22:26:41+0200,bbe7684a-8a79-4141-93a0-c6d703021e31,2026-09-05T02:30:00Z,2026-09-05T04:30:00+0200,39594.09953,MW,DE,DE_LU,actual_load,Actual Load,2026-09-06T20:26:49Z
2026-09-06T20:26:41Z,2026-09-06T22:26:41+0200,bbe7684a-8a79-4141-93a0-c6d703021e31,2026-09-05T02:45:00Z,2026-09-05T04:45:00+0200,39843.37879,MW,DE,DE_LU,actual_load,Actual Load,2026-09-06T20:26:49Z
2026-09-06T20:26:41Z,2026-09-06T22:26:41+0200,bbe7684a-8a79-4141-93a0-c6d703021e31,2026-09-05T03:00:00Z,2026-09-05T05:00:00+0200,40122.82294,MW,DE,DE_LU,actual_load,Actual Load,2026-09-06T20:26:49Z
2026-09-06T20:26:41Z,2026-09-06T22:26:41+0200,bbe7684a-8a79-4141-93a0-c6d703021e31,2026-09-05T03:15:00Z,2026-09-05T05:15:00+0200,40507.88374,MW,DE,DE_LU,actual_load,Actual Load,2026-09-06T20:26:49Z
2026-09-06T20:26:41Z,2026-09-06T22:26:41+0200,bbe7684a-8a79-4141-93a0-c6d703021e31,2026-09-05T03:30:00Z,2026-09-05T05:30:00+0200,40768.43236,MW,DE,DE_LU,actual_load,Actual Load,2026-09-06T20:26:49Z
2026-09-06T20:26:41Z,2026-09-06T22:26:41+0200,bbe7684a-8a79-4141-93a0-c6d703021e31,2026-09-05T03:45:00Z,2026-09-05T05:45:00+0200,40616.17968,MW,DE,DE_LU,actual_load,Actual Load,2026-09-06T20:26:49Z
2026-09-06T20:26:41Z,2026-09-06T22:26:41+0200,bbe7684a-8a79-4141-93a0-c6d703021e31,2026-09-05T04:00:00Z,2026-09-05T06:00:00+0200,40811.27866,MW,DE,DE_LU,actual_load,Actual Load,2026-09-06T20:26:49Z
2026-09-06T20:26:41Z,2026-09-06T22:26:41+0200,bbe7684a-8a79-4141-93a0-c6d703021e31,2026-09-05T04:15:00Z,2026-09-05T06:15:00+0200,41529.32563,MW,DE,DE_LU,actual_load,Actual Load,2026-09-06T20:26:49Z
2026-09-06T20:26:41Z,2026-09-06T22:26:41+0200,bbe7684a-8a79-4141-93a0-c6d703021e31,2026-09-05T04:30:00Z,2026-09-05T06:30:00+0200,41967.339,MW,DE,DE_LU,actual_load,Actual Load,2026-09-06T20:26:49Z
2026-09-06T20:26:41Z,2026-09-06T22:26:41+0200,bbe7684a-8a79-4141-93a0-c6d703021e31,2026-09-05T04:45:00Z,2026-09-05T06:45:00+0200,42003.90764,MW,DE,DE_LU,actual_load,Actual Load,2026-09-06T20:26:49Z
2026-09-06T20:26:41Z,2026-09-06T22:26:41+0200,bbe7684a-8a79-4141-93a0-c6d703021e31,2026-09-05T05:00:00Z,2026-09-05T07:00:00+0200,42482.46018,MW,DE,DE_LU,actual_load,Actual Load,2026-09-06T20:26:49Z
2026-09-06T20:26:41Z,2026-09-06T22:26:41+0200,bbe7684a-8a79-4141-93a0-c6d703021e31,2026-09-05T05:15:00Z,2026-09-05T07:15:00+0200,42596.02279,MW,DE,DE_LU,actual_load,Actual Load,2026-09-06T20:26:49Z
2026-09-06T20:26:41Z,2026-09-06T22:26:41+0200,bbe7684a-8a79-4141-93a0-c6d703021e31,2026-09-05T05:30:00Z,2026-09-05T07:30:00+0200,44049.95079,MW,DE,DE_LU,actual_load,Actual Load,2026-09-06T20:26:49Z
2026-09-06T20:26:41Z,2026-09-06T22:26:41+0200,bbe7684a-8a79-4141-93a0-c6d703021e31,2026-09-05T05:45:00Z,2026-09-05T07:45:00+0200,45155.56814,MW,DE,DE_LU,actual_load,Actual Load,2026-09-06T20:26:49Z
2026-09-06T20:26:41Z,2026-09-06T22:26:41+0200,bbe7684a-8a79-4141-93a0-c6d703021e31,2026-09-05T06:00:00Z,2026-09-05T08:00:00+0200,45820.54879,MW,DE,DE_LU,actual_load,Actual Load,2026-09-06T20:26:49Z
2026-09-06T20:26:41Z,2026-09-06T22:26:41+0200,bbe7684a-8a79-4141-93a0-c6d703021e31,2026-09-05T06:15:00Z,2026-09-05T08:15:00+0200,47331.90435,MW,DE,DE_LU,actual_load,Actual Load,2026-09-06T20:26:49Z
2026-09-06T20:26:41Z,2026-09-06T22:26:41+0200,bbe7684a-8a79-4141-93a0-c6d703021e31,2026-09-05T06:30:00Z,2026-09-05T08:30:00+0200,48347.26289,MW,DE,DE_LU,actual_load,Actual Load,2026-09-06T20:26:49Z
2026-09-06T20:26:41Z,2026-09-06T22:26:41+0200,bbe7684a-8a79-4141-93a0-c6d703021e31,2026-09-05T06:45:00Z,2026-09-05T08:45:00+0200,49892.92441,MW,DE,DE_LU,actual_load,Actual Load,2026-09-06T20:26:49Z
2026-09-06T20:26:41Z,2026-09-06T22:26:41+0200,bbe7684a-8a79-4141-93a0-c6d703021e31,2026-09-05T07:00:00Z,2026-09-05T09:00:00+0200,49421.5974,MW,DE,DE_LU,actual_load,Actual Load,2026-09-06T20:26:49Z
2026-09-06T20:26:41Z,2026-09-06T22:26:41+0200,bbe7684a-8a79-4141-93a0-c6d703021e31,2026-09-05T07:15:00Z,2026-09-05T09:15:00+0200,50712.98387,MW,DE,DE_LU,actual_load,Actual Load,2026-09-06T20:26:49Z
2026-09-06T20:26:41Z,2026-09-06T22:26:41+0200,bbe7684a-8a79-4141-93a0-c6d703021e31,2026-09-05T07:30:00Z,2026-09-05T09:30:00+0200,51873.35403,MW,DE,DE_LU,actual_load,Actual Load,2026-09-06T20:26:49Z
2026-09-06T20:26:41Z,2026-09-06T22:26:41+0200,bbe7684a-8a79-4141-93a0-c6d703021e31,2026-09-05T07:45:00Z,2026-09-05T09:45:00+0200,52240.44005,MW,DE,DE_LU,actual_load,Actual Load,2026-09-06T20:26:49Z
2026-09-06T20:26:41Z,2026-09-06T22:26:41+0200,bbe7684a-8a79-4141-93a0-c6d703021e31,2026-09-05T08:00:00Z,2026-09-05T10:00:00+0200,52842.76728,MW,DE,DE_LU,actual_load,Actual Load,2026-09-06T20:26:49Z
2026-09-06T20:26:41Z,2026-09-06T22:26:41+0200,bbe7684a-8a79-4141-93a0-c6d703021e31,2026-09-05T08:15:00Z,2026-09-05T10:15:00+0200,52235.89732,MW,DE,DE_LU,actual_load,Actual Load,2026-09-06T20:26:49Z
2026-09-06T20:26:41Z,2026-09-06T22:26:41+0200,bbe7684a-8a79-4141-93a0-c6d703021e31,2026-09-05T08:30:00Z,2026-09-05T10:30:00+0200,53565.87303,MW,DE,DE_LU,actual_load,Actual Load,2026-09-06T20:26:49Z
2026-09-06T20:26:41Z,2026-09-06T22:26:41+0200,bbe7684a-8a79-4141-93a0-c6d703021e31,2026-09-05T08:45:00Z,2026-09-05T10:45:00+0200,53406.90573,MW,DE,DE_LU,actual_load,Actual Load,2026-09-06T20:26:49Z
2026-09-06T20:26:41Z,2026-09-06T22:26:41+0200,bbe7684a-8a79-4141-93a0-c6d703021e31,2026-09-05T09:00:00Z,2026-09-05T11:00:00+0200,52412.85088,MW,DE,DE_LU,actual_load,Actual Load,2026-09-06T20:26:49Z
2026-09-06T20:26:41Z,2026-09-06T22:26:41+0200,bbe7684a-8a79-4141-93a0-c6d703021e31,2026-09-05T09:15:00Z,2026-09-05T11:15:00+0200,52627.79747,MW,DE,DE_LU,actual_load,Actual Load,2026-09-06T20:26:49Z
2026-09-06T20:26:41Z,2026-09-06T22:26:41+0200,bbe7684a-8a79-4141-93a0-c6d703021e31,2026-09-05T09:30:00Z,2026-09-05T11:30:00+0200,52222.96299,MW,DE,DE_LU,actual_load,Actual Load,2026-09-06T20:26:49Z
2026-09-06T20:26:41Z,2026-09-06T22:26:41+0200,bbe7684a-8a79-4141-93a0-c6d703021e31,2026-09-05T09:45:00Z,2026-09-05T11:45:00+0200,51705.24428,MW,DE,DE_LU,actual_load,Actual Load,2026-09-06T20:26:49Z
2026-09-06T20:26:41Z,2026-09-06T22:26:41+0200,bbe7684a-8a79-4141-93a0-c6d703021e31,2026-09-05T10:00:00Z,2026-09-05T12:00:00+0200,51190.90089,MW,DE,DE_LU,actual_load,Actual Load,2026-09-06T20:26:49Z
2026-09-06T20:26:41Z,2026-09-06T22:26:41+0200,bbe7684a-8a79-4141-93a0-c6d703021e31,2026-09-05T10:15:00Z,2026-09-05T12:15:00+0200,50763.61878,MW,DE,DE_LU,actual_load,Actual Load,2026-09-06T20:26:49Z
2026-09-06T20:26:41Z,2026-09-06T22:26:41+0200,bbe7684a-8a79-4141-93a0-c6d703021e31,2026-09-05T10:30:00Z,2026-09-05T12:30:00+0200,50524.54946,MW,DE,DE_LU,actual_load,Actual Load,2026-09-06T20:26:49Z
2026-09-06T20:26:41Z,2026-09-06T22:26:41+0200,bbe7684a-8a79-4141-93a0-c6d703021e31,2026-09-05T10:45:00Z,2026-09-05T12:45:00+0200,50859.12517,MW,DE,DE_LU,actual_load,Actual Load,2026-09-06T20:26:49Z
2026-09-06T20:26:41Z,2026-09-06T22:26:41+0200,bbe7684a-8a79-4141-93a0-c6d703021e31,2026-09-05T11:00:00Z,2026-09-05T13:00:00+0200,51337.2203,MW,DE,DE_LU,actual_load,Actual Load,2026-09-06T20:26:49Z
2026-09-06T20:26:41Z,2026-09-06T22:26:41+0200,bbe7684a-8a79-4141-93a0-c6d703021e31,2026-09-05T11:15:00Z,2026-09-05T13:15:00+0200,50726.78075,MW,DE,DE_LU,actual_load,Actual Load,2026-09-06T20:26:49Z
2026-09-06T20:26:41Z,2026-09-06T22:26:41+0200,bbe7684a-8a79-4141-93a0-c6d703021e31,2026-09-05T11:30:00Z,2026-09-05T13:30:00+0200,49935.95748,MW,DE,DE_LU,actual_load,Actual Load,2026-09-06T20:26:49Z
2026-09-06T20:26:41Z,2026-09-06T22:26:41+0200,bbe7684a-8a79-4141-93a0-c6d703021e31,2026-09-05T11:45:00Z,2026-09-05T13:45:00+0200,49321.43437,MW,DE,DE_LU,actual_load,Actual Load,2026-09-06T20:26:49Z
2026-09-06T20:26:41Z,2026-09-06T22:26:41+0200,bbe7684a-8a79-4141-93a0-c6d703021e31,2026-09-05T12:00:00Z,2026-09-05T14:00:00+0200,49230.34957,MW,DE,DE_LU,actual_load,Actual Load,2026-09-06T20:26:49Z
2026-09-06T20:26:41Z,2026-09-06T22:26:41+0200,bbe7684a-8a79-4141-93a0-c6d703021e31,2026-09-05T12:15:00Z,2026-09-05T14:15:00+0200,48058.96589,MW,DE,DE_LU,actual_load,Actual Load,2026-09-06T20:26:49Z
2026-09-06T20:26:41Z,2026-09-06T22:26:41+0200,bbe7684a-8a79-4141-93a0-c6d703021e31,2026-09-05T12:30:00Z,2026-09-05T14:30:00+0200,47509.91256,MW,DE,DE_LU,actual_load,Actual Load,2026-09-06T20:26:49Z
2026-09-06T20:26:41Z,2026-09-06T22:26:41+0200,bbe7684a-8a79-4141-93a0-c6d703021e31,2026-09-05T12:45:00Z,2026-09-05T14:45:00+0200,47448.03725,MW,DE,DE_LU,actual_load,Actual Load,2026-09-06T20:26:49Z
2026-09-06T20:26:41Z,2026-09-06T22:26:41+0200,bbe7684a-8a79-4141-93a0-c6d703021e31,2026-09-05T13:00:00Z,2026-09-05T15:00:00+0200,48289.42402,MW,DE,DE_LU,actual_load,Actual Load,2026-09-06T20:26:49Z
2026-09-06T20:26:41Z,2026-09-06T22:26:41+0200,bbe7684a-8a79-4141-93a0-c6d703021e31,2026-09-05T13:15:00Z,2026-09-05T15:15:00+0200,47886.4012,MW,DE,DE_LU,actual_load,Actual Load,2026-09-06T20:26:49Z
2026-09-06T20:26:41Z,2026-09-06T22:26:41+0200,bbe7684a-8a79-4141-93a0-c6d703021e31,2026-09-05T13:30:00Z,2026-09-05T15:30:00+0200,47201.83231,MW,DE,DE_LU,actual_load,Actual Load,2026-09-06T20:26:49Z
2026-09-06T20:26:41Z,2026-09-06T22:26:41+0200,bbe7684a-8a79-4141-93a0-c6d703021e31,2026-09-05T13:45:00Z,2026-09-05T15:45:00+0200,46498.48972,MW,DE,DE_LU,actual_load,Actual Load,2026-09-06T20:26:49Z
2026-09-06T20:26:41Z,2026-09-06T22:26:41+0200,bbe7684a-8a79-4141-93a0-c6d703021e31,2026-09-05T14:00:00Z,2026-09-05T16:00:00+0200,47184.34585,MW,DE,DE_LU,actual_load,Actual Load,2026-09-06T20:26:49Z
2026-09-06T20:26:41Z,2026-09-06T22:26:41+0200,bbe7684a-8a79-4141-93a0-c6d703021e31,2026-09-05T14:15:00Z,2026-09-05T16:15:00+0200,47035.71266,MW,DE,DE_LU,actual_load,Actual Load,2026-09-06T20:26:49Z
2026-09-06T20:26:41Z,2026-09-06T22:26:41+0200,bbe7684a-8a79-4141-93a0-c6d703021e31,2026-09-05T14:30:00Z,2026-09-05T16:30:00+0200,47677.06243,MW,DE,DE_LU,actual_load,Actual Load,2026-09-06T20:26:49Z
2026-09-06T20:26:41Z,2026-09-06T22:26:41+0200,bbe7684a-8a79-4141-93a0-c6d703021e31,2026-09-05T14:45:00Z,2026-09-05T16:45:00+0200,47707.9058,MW,DE,DE_LU,actual_load,Actual Load,2026-09-06T20:26:49Z
2026-09-06T20:26:41Z,2026-09-06T22:26:41+0200,bbe7684a-8a79-4141-93a0-c6d703021e31,2026-09-05T15:00:00Z,2026-09-05T17:00:00+0200,48258.48881,MW,DE,DE_LU,actual_load,Actual Load,2026-09-06T20:26:49Z
2026-09-06T20:26:41Z,2026-09-06T22:26:41+0200,bbe7684a-8a79-4141-93a0-c6d703021e31,2026-09-05T15:15:00Z,2026-09-05T17:15:00+0200,47888.66017,MW,DE,DE_LU,actual_load,Actual Load,2026-09-06T20:26:49Z
2026-09-06T20:26:41Z,2026-09-06T22:26:41+0200,bbe7684a-8a79-4141-93a0-c6d703021e31,2026-09-05T15:30:00Z,2026-09-05T17:30:00+0200,48200.03502,MW,DE,DE_LU,actual_load,Actual Load,2026-09-06T20:26:49Z
2026-09-06T20:26:41Z,2026-09-06T22:26:41+0200,bbe7684a-8a79-4141-93a0-c6d703021e31,2026-09-05T15:45:00Z,2026-09-05T17:45:00+0200,47837.71854,MW,DE,DE_LU,actual_load,Actual Load,2026-09-06T20:26:49Z
2026-09-06T20:26:41Z,2026-09-06T22:26:41+0200,bbe7684a-8a79-4141-93a0-c6d703021e31,2026-09-05T16:00:00Z,2026-09-05T18:00:00+0200,48068.88162,MW,DE,DE_LU,actual_load,Actual Load,2026-09-06T20:26:49Z
2026-09-06T20:26:41Z,2026-09-06T22:26:41+0200,bbe7684a-8a79-4141-93a0-c6d703021e31,2026-09-05T16:15:00Z,2026-09-05T18:15:00+0200,48140.19069,MW,DE,DE_LU,actual_load,Actual Load,2026-09-06T20:26:49Z
2026-09-06T20:26:41Z,2026-09-06T22:26:41+0200,bbe7684a-8a79-4141-93a0-c6d703021e31,2026-09-05T16:30:00Z,2026-09-05T18:30:00+0200,48892.46663,MW,DE,DE_LU,actual_load,Actual Load,2026-09-06T20:26:49Z
2026-09-06T20:26:41Z,2026-09-06T22:26:41+0200,bbe7684a-8a79-4141-93a0-c6d703021e31,2026-09-05T16:45:00Z,2026-09-05T18:45:00+0200,48605.70691,MW,DE,DE_LU,actual_load,Actual Load,2026-09-06T20:26:49Z
2026-09-06T20:26:41Z,2026-09-06T22:26:41+0200,bbe7684a-8a79-4141-93a0-c6d703021e31,2026-09-05T17:00:00Z,2026-09-05T19:00:00+0200,48635.48632,MW,DE,DE_LU,actual_load,Actual Load,2026-09-06T20:26:49Z
2026-09-06T20:26:41Z,2026-09-06T22:26:41+0200,bbe7684a-8a79-4141-93a0-c6d703021e31,2026-09-05T17:15:00Z,2026-09-05T19:15:00+0200,47888.99152,MW,DE,DE_LU,actual_load,Actual Load,2026-09-06T20:26:49Z
2026-09-06T20:26:41Z,2026-09-06T22:26:41+0200,bbe7684a-8a79-4141-93a0-c6d703021e31,2026-09-05T17:30:00Z,2026-09-05T19:30:00+0200,47197.72425,MW,DE,DE_LU,actual_load,Actual Load,2026-09-06T20:26:49Z
2026-09-06T20:26:41Z,2026-09-06T22:26:41+0200,bbe7684a-8a79-4141-93a0-c6d703021e31,2026-09-05T17:45:00Z,2026-09-05T19:45:00+0200,47417.65931,MW,DE,DE_LU,actual_load,Actual Load,2026-09-06T20:26:49Z
2026-09-06T20:26:41Z,2026-09-06T22:26:41+0200,bbe7684a-8a79-4141-93a0-c6d703021e31,2026-09-05T18:00:00Z,2026-09-05T20:00:00+0200,47308.60543,MW,DE,DE_LU,actual_load,Actual Load,2026-09-06T20:26:49Z
2026-09-06T20:26:41Z,2026-09-06T22:26:41+0200,bbe7684a-8a79-4141-93a0-c6d703021e31,2026-09-05T18:15:00Z,2026-09-05T20:15:00+0200,47250.98897,MW,DE,DE_LU,actual_load,Actual Load,2026-09-06T20:26:49Z
2026-09-06T20:26:41Z,2026-09-06T22:26:41+0200,bbe7684a-8a79-4141-93a0-c6d703021e31,2026-09-05T18:30:00Z,2026-09-05T20:30:00+0200,47178.78113,MW,DE,DE_LU,actual_load,Actual Load,2026-09-06T20:26:49Z
2026-09-06T20:26:41Z,2026-09-06T22:26:41+0200,bbe7684a-8a79-4141-93a0-c6d703021e31,2026-09-05T18:45:00Z,2026-09-05T20:45:00+0200,47169.26386,MW,DE,DE_LU,actual_load,Actual Load,2026-09-06T20:26:49Z
2026-09-06T20:26:41Z,2026-09-06T22:26:41+0200,bbe7684a-8a79-4141-93a0-c6d703021e31,2026-09-05T19:00:00Z,2026-09-05T21:00:00+0200,46019.40143,MW,DE,DE_LU,actual_load,Actual Load,2026-09-06T20:26:49Z
2026-09-06T20:26:41Z,2026-09-06T22:26:41+0200,bbe7684a-8a79-4141-93a0-c6d703021e31,2026-09-05T19:15:00Z,2026-09-05T21:15:00+0200,45552.04188,MW,DE,DE_LU,actual_load,Actual Load,2026-09-06T20:26:49Z
2026-09-06T20:26:41Z,2026-09-06T22:26:41+0200,bbe7684a-8a79-4141-93a0-c6d703021e31,2026-09-05T19:30:00Z,2026-09-05T21:30:00+0200,45457.3931,MW,DE,DE_LU,actual_load,Actual Load,2026-09-06T20:26:49Z
2026-09-06T20:26:41Z,2026-09-06T22:26:41+0200,bbe7684a-8a79-4141-93a0-c6d703021e31,2026-09-05T19:45:00Z,2026-09-05T21:45:00+0200,45015.91916,MW,DE,DE_LU,actual_load,Actual Load,2026-09-06T20:26:49Z
2026-09-06T20:26:41Z,2026-09-06T22:26:41+0200,bbe7684a-8a79-4141-93a0-c6d703021e31,2026-09-05T20:00:00Z,2026-09-05T22:00:00+0200,43872.45154,MW,DE,DE_LU,actual_load,Actual Load,2026-09-06T20:26:49Z
2026-09-06T20:26:41Z,2026-09-06T22:26:41+0200,bbe7684a-8a79-4141-93a0-c6d703021e31,2026-09-05T20:15:00Z,2026-09-05T22:15:00+0200,43340.80636,MW,DE,DE_LU,actual_load,Actual Load,2026-09-06T20:26:49Z
2026-09-06T20:26:41Z,2026-09-06T22:26:41+0200,bbe7684a-8a79-4141-93a0-c6d703021e31,2026-09-05T20:30:00Z,2026-09-05T22:30:00+0200,43186.6503,MW,DE,DE_LU,actual_load,Actual Load,2026-09-06T20:26:49Z
2026-09-06T20:26:41Z,2026-09-06T22:26:41+0200,bbe7684a-8a79-4141-93a0-c6d703021e31,2026-09-05T20:45:00Z,2026-09-05T22:45:00+0200,42521.31493,MW,DE,DE_LU,actual_load,Actual Load,2026-09-06T20:26:49Z
2026-09-06T20:26:41Z,2026-09-06T22:26:41+0200,bbe7684a-8a79-4141-93a0-c6d703021e31,2026-09-05T21:00:00Z,2026-09-05T23:00:00+0200,41546.88645,MW,DE,DE_LU,actual_load,Actual Load,2026-09-06T20:26:49Z
2026-09-06T20:26:41Z,2026-09-06T22:26:41+0200,bbe7684a-8a79-4141-93a0-c6d703021e31,2026-09-05T21:15:00Z,2026-09-05T23:15:00+0200,41030.50413,MW,DE,DE_LU,actual_load,Actual Load,2026-09-06T20:26:49Z
2026-09-06T20:26:41Z,2026-09-06T22:26:41+0200,bbe7684a-8a79-4141-93a0-c6d703021e31,2026-09-05T21:30:00Z,2026-09-05T23:30:00+0200,40729.40782,MW,DE,DE_LU,actual_load,Actual Load,2026-09-06T20:26:49Z
2026-09-06T20:26:41Z,2026-09-06T22:26:41+0200,bbe7684a-8a79-4141-93a0-c6d703021e31,2026-09-05T21:45:00Z,2026-09-05T23:45:00+0200,40315.4207,MW,DE,DE_LU,actual_load,Actual Load,2026-09-06T20:26:49Z
2026-09-06T20:26:41Z,2026-09-06T22:26:41+0200,bbe7684a-8a79-4141-93a0-c6d703021e31,2026-09-05T22:00:00Z,2026-09-06T00:00:00+0200,39165.99349,MW,DE,DE_LU,actual_load,Actual Load,2026-09-06T20:26:49Z
2026-09-06T20:26:41Z,2026-09-06T22:26:41+0200,bbe7684a-8a79-4141-93a0-c6d703021e31,2026-09-05T22:15:00Z,2026-09-06T00:15:00+0200,38620.31411,MW,DE,DE_LU,actual_load,Actual Load,2026-09-06T20:26:49Z
2026-09-06T20:26:41Z,2026-09-06T22:26:41+0200,bbe7684a-8a79-4141-93a0-c6d703021e31,2026-09-05T22:30:00Z,2026-09-06T00:30:00+0200,38496.74986,MW,DE,DE_LU,actual_load,Actual Load,2026-09-06T20:26:49Z
2026-09-06T20:26:41Z,2026-09-06T22:26:41+0200,bbe7684a-8a79-4141-93a0-c6d703021e31,2026-09-05T22:45:00Z,2026-09-06T00:45:00+0200,37900.56435,MW,DE,DE_LU,actual_load,Actual Load,2026-09-06T20:26:49Z
2026-09-06T20:26:41Z,2026-09-06T22:26:41+0200,bbe7684a-8a79-4141-93a0-c6d703021e31,2026-09-05T23:00:00Z,2026-09-06T01:00:00+0200,37711.19647,MW,DE,DE_LU,actual_load,Actual Load,2026-09-06T20:26:49Z
2026-09-06T20:26:41Z,2026-09-06T22:26:41+0200,bbe7684a-8a79-4141-93a0-c6d703021e31,2026-09-05T23:15:00Z,2026-09-06T01:15:00+0200,37449.64519,MW,DE,DE_LU,actual_load,Actual Load,2026-09-06T20:26:49Z
2026-09-06T20:26:41Z,2026-09-06T22:26:41+0200,bbe7684a-8a79-4141-93a0-c6d703021e31,2026-09-05T23:30:00Z,2026-09-06T01:30:00+0200,37121.26784,MW,DE,DE_LU,actual_load,Actual Load,2026-09-06T20:26:49Z
2026-09-06T20:26:41Z,2026-09-06T22:26:41+0200,bbe7684a-8a79-4141-93a0-c6d703021e31,2026-09-05T23:45:00Z,2026-09-06T01:45:00+0200,36688.21032,MW,DE,DE_LU,actual_load,Actual Load,2026-09-06T20:26:49Z
2026-09-06T20:26:41Z,2026-09-06T22:26:41+0200,bbe7684a-8a79-4141-93a0-c6d703021e31,2026-09-06T00:00:00Z,2026-09-06T02:00:00+0200,36525.35025,MW,DE,DE_LU,actual_load,Actual Load,2026-09-06T20:26:49Z
2026-09-06T20:26:41Z,2026-09-06T22:26:41+0200,bbe7684a-8a79-4141-93a0-c6d703021e31,2026-09-06T00:15:00Z,2026-09-06T02:15:00+0200,36617.20755,MW,DE,DE_LU,actual_load,Actual Load,2026-09-06T20:26:49Z
2026-09-06T20:26:41Z,2026-09-06T22:26:41+0200,bbe7684a-8a79-4141-93a0-c6d703021e31,2026-09-06T00:30:00Z,2026-09-06T02:30:00+0200,36651.58154,MW,DE,DE_LU,actual_load,Actual Load,2026-09-06T20:26:49Z
2026-09-06T20:26:41Z,2026-09-06T22:26:41+0200,bbe7684a-8a79-4141-93a0-c6d703021e31,2026-09-06T00:45:00Z,2026-09-06T02:45:00+0200,36490.97765,MW,DE,DE_LU,actual_load,Actual Load,2026-09-06T20:26:49Z
2026-09-06T20:26:41Z,2026-09-06T22:26:41+0200,bbe7684a-8a79-4141-93a0-c6d703021e31,2026-09-06T01:00:00Z,2026-09-06T03:00:00+0200,35888.50729,MW,DE,DE_LU,actual_load,Actual Load,2026-09-06T20:26:49Z
2026-09-06T20:26:41Z,2026-09-06T22:26:41+0200,bbe7684a-8a79-4141-93a0-c6d703021e31,2026-09-06T01:15:00Z,2026-09-06T03:15:00+0200,36202.5738,MW,DE,DE_LU,actual_load,Actual Load,2026-09-06T20:26:49Z
2026-09-06T20:26:41Z,2026-09-06T22:26:41+0200,bbe7684a-8a79-4141-93a0-c6d703021e31,2026-09-06T01:30:00Z,2026-09-06T03:30:00+0200,36217.86806,MW,DE,DE_LU,actual_load,Actual Load,2026-09-06T20:26:49Z
2026-09-06T20:26:41Z,2026-09-06T22:26:41+0200,bbe7684a-8a79-4141-93a0-c6d703021e31,2026-09-06T01:45:00Z,2026-09-06T03:45:00+0200,36033.48373,MW,DE,DE_LU,actual_load,Actual Load,2026-09-06T20:26:49Z
2026-09-06T20:26:41Z,2026-09-06T22:26:41+0200,bbe7684a-8a79-4141-93a0-c6d703021e31,2026-09-06T02:00:00Z,2026-09-06T04:00:00+0200,36224.91968,MW,DE,DE_LU,actual_load,Actual Load,2026-09-06T20:26:49Z
2026-09-06T20:26:41Z,2026-09-06T22:26:41+0200,bbe7684a-8a79-4141-93a0-c6d703021e31,2026-09-06T02:15:00Z,2026-09-06T04:15:00+0200,36231.75427,MW,DE,DE_LU,actual_load,Actual Load,2026-09-06T20:26:49Z
2026-09-06T20:26:41Z,2026-09-06T22:26:41+0200,bbe7684a-8a79-4141-93a0-c6d703021e31,2026-09-06T02:30:00Z,2026-09-06T04:30:00+0200,36077.67153,MW,DE,DE_LU,actual_load,Actual Load,2026-09-06T20:26:49Z
2026-09-06T20:26:41Z,2026-09-06T22:26:41+0200,bbe7684a-8a79-4141-93a0-c6d703021e31,2026-09-06T02:45:00Z,2026-09-06T04:45:00+0200,36023.86602,MW,DE,DE_LU,actual_load,Actual Load,2026-09-06T20:26:49Z
2026-09-06T20:26:41Z,2026-09-06T22:26:41+0200,bbe7684a-8a79-4141-93a0-c6d703021e31,2026-09-06T03:00:00Z,2026-09-06T05:00:00+0200,36627.11854,MW,DE,DE_LU,actual_load,Actual Load,2026-09-06T20:26:49Z
2026-09-06T20:26:41Z,2026-09-06T22:26:41+0200,bbe7684a-8a79-4141-93a0-c6d703021e31,2026-09-06T03:15:00Z,2026-09-06T05:15:00+0200,37273.97922,MW,DE,DE_LU,actual_load,Actual Load,2026-09-06T20:26:49Z
2026-09-06T20:26:41Z,2026-09-06T22:26:41+0200,bbe7684a-8a79-4141-93a0-c6d703021e31,2026-09-06T03:30:00Z,2026-09-06T05:30:00+0200,37283.2703,MW,DE,DE_LU,actual_load,Actual Load,2026-09-06T20:26:49Z
2026-09-06T20:26:41Z,2026-09-06T22:26:41+0200,bbe7684a-8a79-4141-93a0-c6d703021e31,2026-09-06T03:45:00Z,2026-09-06T05:45:00+0200,37257.95053,MW,DE,DE_LU,actual_load,Actual Load,2026-09-06T20:26:49Z
2026-09-06T20:26:41Z,2026-09-06T22:26:41+0200,bbe7684a-8a79-4141-93a0-c6d703021e31,2026-09-06T04:00:00Z,2026-09-06T06:00:00+0200,37731.39628,MW,DE,DE_LU,actual_load,Actual Load,2026-09-06T20:26:49Z
2026-09-06T20:26:41Z,2026-09-06T22:26:41+0200,bbe7684a-8a79-4141-93a0-c6d703021e31,2026-09-06T04:15:00Z,2026-09-06T06:15:00+0200,37426.73914,MW,DE,DE_LU,actual_load,Actual Load,2026-09-06T20:26:49Z
2026-09-06T20:26:41Z,2026-09-06T22:26:41+0200,bbe7684a-8a79-4141-93a0-c6d703021e31,2026-09-06T04:30:00Z,2026-09-06T06:30:00+0200,37492.85493,MW,DE,DE_LU,actual_load,Actual Load,2026-09-06T20:26:49Z
2026-09-06T20:26:41Z,2026-09-06T22:26:41+0200,bbe7684a-8a79-4141-93a0-c6d703021e31,2026-09-06T04:45:00Z,2026-09-06T06:45:00+0200,37520.18923,MW,DE,DE_LU,actual_load,Actual Load,2026-09-06T20:26:49Z
2026-09-06T20:26:41Z,2026-09-06T22:26:41+0200,bbe7684a-8a79-4141-93a0-c6d703021e31,2026-09-06T05:00:00Z,2026-09-06T07:00:00+0200,37786.20344,MW,DE,DE_LU,actual_load,Actual Load,2026-09-06T20:26:49Z
2026-09-06T20:26:41Z,2026-09-06T22:26:41+0200,bbe7684a-8a79-4141-93a0-c6d703021e31,2026-09-06T05:15:00Z,2026-09-06T07:15:00+0200,38164.58151,MW,DE,DE_LU,actual_load,Actual Load,2026-09-06T20:26:49Z
2026-09-06T20:26:41Z,2026-09-06T22:26:41+0200,bbe7684a-8a79-4141-93a0-c6d703021e31,2026-09-06T05:30:00Z,2026-09-06T07:30:00+0200,39428.4765,MW,DE,DE_LU,actual_load,Actual Load,2026-09-06T20:26:49Z
2026-09-06T20:26:41Z,2026-09-06T22:26:41+0200,bbe7684a-8a79-4141-93a0-c6d703021e31,2026-09-06T05:45:00Z,2026-09-06T07:45:00+0200,40196.81168,MW,DE,DE_LU,actual_load,Actual Load,2026-09-06T20:26:49Z
2026-09-06T20:26:41Z,2026-09-06T22:26:41+0200,bbe7684a-8a79-4141-93a0-c6d703021e31,2026-09-06T06:00:00Z,2026-09-06T08:00:00+0200,40831.79251,MW,DE,DE_LU,actual_load,Actual Load,2026-09-06T20:26:49Z
2026-09-06T20:26:41Z,2026-09-06T22:26:41+0200,bbe7684a-8a79-4141-93a0-c6d703021e31,2026-09-06T06:15:00Z,2026-09-06T08:15:00+0200,42118.97796,MW,DE,DE_LU,actual_load,Actual Load,2026-09-06T20:26:49Z
2026-09-06T20:26:41Z,2026-09-06T22:26:41+0200,bbe7684a-8a79-4141-93a0-c6d703021e31,2026-09-06T06:30:00Z,2026-09-06T08:30:00+0200,43020.13706,MW,DE,DE_LU,actual_load,Actual Load,2026-09-06T20:26:49Z
2026-09-06T20:26:41Z,2026-09-06T22:26:41+0200,bbe7684a-8a79-4141-93a0-c6d703021e31,2026-09-06T06:45:00Z,2026-09-06T08:45:00+0200,43560.68185,MW,DE,DE_LU,actual_load,Actual Load,2026-09-06T20:26:49Z
2026-09-06T20:26:41Z,2026-09-06T22:26:41+0200,bbe7684a-8a79-4141-93a0-c6d703021e31,2026-09-06T07:00:00Z,2026-09-06T09:00:00+0200,43868.13776,MW,DE,DE_LU,actual_load,Actual Load,2026-09-06T20:26:49Z
2026-09-06T20:26:41Z,2026-09-06T22:26:41+0200,bbe7684a-8a79-4141-93a0-c6d703021e31,2026-09-06T07:15:00Z,2026-09-06T09:15:00+0200,44715.35666,MW,DE,DE_LU,actual_load,Actual Load,2026-09-06T20:26:49Z
2026-09-06T20:26:41Z,2026-09-06T22:26:41+0200,bbe7684a-8a79-4141-93a0-c6d703021e31,2026-09-06T07:30:00Z,2026-09-06T09:30:00+0200,45248.866,MW,DE,DE_LU,actual_load,Actual Load,2026-09-06T20:26:49Z
2026-09-06T20:26:41Z,2026-09-06T22:26:41+0200,bbe7684a-8a79-4141-93a0-c6d703021e31,2026-09-06T07:45:00Z,2026-09-06T09:45:00+0200,45151.98018,MW,DE,DE_LU,actual_load,Actual Load,2026-09-06T20:26:49Z
2026-09-06T20:26:41Z,2026-09-06T22:26:41+0200,bbe7684a-8a79-4141-93a0-c6d703021e31,2026-09-06T08:00:00Z,2026-09-06T10:00:00+0200,44525.60421,MW,DE,DE_LU,actual_load,Actual Load,2026-09-06T20:26:49Z
2026-09-06T20:26:41Z,2026-09-06T22:26:41+0200,bbe7684a-8a79-4141-93a0-c6d703021e31,2026-09-06T08:15:00Z,2026-09-06T10:15:00+0200,44611.15247,MW,DE,DE_LU,actual_load,Actual Load,2026-09-06T20:26:49Z
2026-09-06T20:26:41Z,2026-09-06T22:26:41+0200,bbe7684a-8a79-4141-93a0-c6d703021e31,2026-09-06T08:30:00Z,2026-09-06T10:30:00+0200,44827.14957,MW,DE,DE_LU,actual_load,Actual Load,2026-09-06T20:26:49Z
2026-09-06T20:26:41Z,2026-09-06T22:26:41+0200,bbe7684a-8a79-4141-93a0-c6d703021e31,2026-09-06T08:45:00Z,2026-09-06T10:45:00+0200,44815.89216,MW,DE,DE_LU,actual_load,Actual Load,2026-09-06T20:26:49Z
2026-09-06T20:26:41Z,2026-09-06T22:26:41+0200,bbe7684a-8a79-4141-93a0-c6d703021e31,2026-09-06T09:00:00Z,2026-09-06T11:00:00+0200,41538.40559,MW,DE,DE_LU,actual_load,Actual Load,2026-09-06T20:26:49Z
2026-09-06T20:26:41Z,2026-09-06T22:26:41+0200,bbe7684a-8a79-4141-93a0-c6d703021e31,2026-09-06T09:15:00Z,2026-09-06T11:15:00+0200,38496.04684,MW,DE,DE_LU,actual_load,Actual Load,2026-09-06T20:26:49Z
2026-09-06T20:26:41Z,2026-09-06T22:26:41+0200,bbe7684a-8a79-4141-93a0-c6d703021e31,2026-09-06T09:30:00Z,2026-09-06T11:30:00+0200,35180.80949,MW,DE,DE_LU,actual_load,Actual Load,2026-09-06T20:26:49Z
2026-09-06T20:26:41Z,2026-09-06T22:26:41+0200,bbe7684a-8a79-4141-93a0-c6d703021e31,2026-09-06T10:00:00Z,2026-09-06T12:00:00+0200,45130.11887,MW,DE,DE_LU,actual_load,Actual Load,2026-09-06T20:26:49Z
2026-09-06T20:26:41Z,2026-09-06T22:26:41+0200,bbe7684a-8a79-4141-93a0-c6d703021e31,2026-09-06T10:15:00Z,2026-09-06T12:15:00+0200,45095.72018,MW,DE,DE_LU,actual_load,Actual Load,2026-09-06T20:26:49Z
2026-09-06T20:26:41Z,2026-09-06T22:26:41+0200,bbe7684a-8a79-4141-93a0-c6d703021e31,2026-09-06T10:30:00Z,2026-09-06T12:30:00+0200,44816.97853,MW,DE,DE_LU,actual_load,Actual Load,2026-09-06T20:26:49Z
2026-09-06T20:26:41Z,2026-09-06T22:26:41+0200,bbe7684a-8a79-4141-93a0-c6d703021e31,2026-09-06T10:45:00Z,2026-09-06T12:45:00+0200,44900.52005,MW,DE,DE_LU,actual_load,Actual Load,2026-09-06T20:26:49Z
2026-09-06T20:26:41Z,2026-09-06T22:26:41+0200,bbe7684a-8a79-4141-93a0-c6d703021e31,2026-09-06T11:00:00Z,2026-09-06T13:00:00+0200,43761.2077,MW,DE,DE_LU,actual_load,Actual Load,2026-09-06T20:26:49Z
2026-09-06T20:26:41Z,2026-09-06T22:26:41+0200,bbe7684a-8a79-4141-93a0-c6d703021e31,2026-09-06T11:15:00Z,2026-09-06T13:15:00+0200,43700.44238,MW,DE,DE_LU,actual_load,Actual Load,2026-09-06T20:26:49Z
2026-09-06T20:26:41Z,2026-09-06T22:26:41+0200,bbe7684a-8a79-4141-93a0-c6d703021e31,2026-09-06T11:30:00Z,2026-09-06T13:30:00+0200,43310.76907,MW,DE,DE_LU,actual_load,Actual Load,2026-09-06T20:26:49Z
2026-09-06T20:26:41Z,2026-09-06T22:26:41+0200,bbe7684a-8a79-4141-93a0-c6d703021e31,2026-09-06T11:45:00Z,2026-09-06T13:45:00+0200,42803.86182,MW,DE,DE_LU,actual_load,Actual Load,2026-09-06T20:26:49Z
2026-09-06T20:26:41Z,2026-09-06T22:26:41+0200,bbe7684a-8a79-4141-93a0-c6d703021e31,2026-09-06T12:00:00Z,2026-09-06T14:00:00+0200,41920.54407,MW,DE,DE_LU,actual_load,Actual Load,2026-09-06T20:26:49Z
2026-09-06T20:26:41Z,2026-09-06T22:26:41+0200,bbe7684a-8a79-4141-93a0-c6d703021e31,2026-09-06T12:15:00Z,2026-09-06T14:15:00+0200,41460.40568,MW,DE,DE_LU,actual_load,Actual Load,2026-09-06T20:26:49Z
2026-09-06T20:26:41Z,2026-09-06T22:26:41+0200,bbe7684a-8a79-4141-93a0-c6d703021e31,2026-09-06T12:30:00Z,2026-09-06T14:30:00+0200,41654.38509,MW,DE,DE_LU,actual_load,Actual Load,2026-09-06T20:26:49Z
2026-09-06T20:26:41Z,2026-09-06T22:26:41+0200,bbe7684a-8a79-4141-93a0-c6d703021e31,2026-09-06T12:45:00Z,2026-09-06T14:45:00+0200,41804.5664,MW,DE,DE_LU,actual_load,Actual Load,2026-09-06T20:26:49Z
2026-09-06T20:26:41Z,2026-09-06T22:26:41+0200,bbe7684a-8a79-4141-93a0-c6d703021e31,2026-09-06T13:00:00Z,2026-09-06T15:00:00+0200,41240.18183,MW,DE,DE_LU,actual_load,Actual Load,2026-09-06T20:26:49Z
2026-09-06T20:26:41Z,2026-09-06T22:26:41+0200,bbe7684a-8a79-4141-93a0-c6d703021e31,2026-09-06T13:15:00Z,2026-09-06T15:15:00+0200,40676.7896,MW,DE,DE_LU,actual_load,Actual Load,2026-09-06T20:26:49Z
2026-09-06T20:26:41Z,2026-09-06T22:26:41+0200,bbe7684a-8a79-4141-93a0-c6d703021e31,2026-09-06T13:30:00Z,2026-09-06T15:30:00+0200,41136.64286,MW,DE,DE_LU,actual_load,Actual Load,2026-09-06T20:26:49Z
2026-09-06T20:26:41Z,2026-09-06T22:26:41+0200,bbe7684a-8a79-4141-93a0-c6d703021e31,2026-09-06T13:45:00Z,2026-09-06T15:45:00+0200,40586.74613,MW,DE,DE_LU,actual_load,Actual Load,2026-09-06T20:26:49Z
2026-09-06T20:26:41Z,2026-09-06T22:26:41+0200,bbe7684a-8a79-4141-93a0-c6d703021e31,2026-09-06T14:00:00Z,2026-09-06T16:00:00+0200,40612.50312,MW,DE,DE_LU,actual_load,Actual Load,2026-09-06T20:26:49Z
2026-09-06T20:26:41Z,2026-09-06T22:26:41+0200,bbe7684a-8a79-4141-93a0-c6d703021e31,2026-09-06T14:15:00Z,2026-09-06T16:15:00+0200,40378.16312,MW,DE,DE_LU,actual_load,Actual Load,2026-09-06T20:26:49Z
2026-09-06T20:26:41Z,2026-09-06T22:26:41+0200,bbe7684a-8a79-4141-93a0-c6d703021e31,2026-09-06T14:30:00Z,2026-09-06T16:30:00+0200,41124.82911,MW,DE,DE_LU,actual_load,Actual Load,2026-09-06T20:26:49Z
2026-09-06T20:26:41Z,2026-09-06T22:26:41+0200,bbe7684a-8a79-4141-93a0-c6d703021e31,2026-09-06T14:45:00Z,2026-09-06T16:45:00+0200,41712.08777,MW,DE,DE_LU,actual_load,Actual Load,2026-09-06T20:26:49Z
2026-09-06T20:26:41Z,2026-09-06T22:26:41+0200,bbe7684a-8a79-4141-93a0-c6d703021e31,2026-09-06T15:00:00Z,2026-09-06T17:00:00+0200,43006.81308,MW,DE,DE_LU,actual_load,Actual Load,2026-09-06T20:26:49Z
2026-09-06T20:26:41Z,2026-09-06T22:26:41+0200,bbe7684a-8a79-4141-93a0-c6d703021e31,2026-09-06T15:15:00Z,2026-09-06T17:15:00+0200,43297.05226,MW,DE,DE_LU,actual_load,Actual Load,2026-09-06T20:26:49Z
2026-09-06T20:26:41Z,2026-09-06T22:26:41+0200,bbe7684a-8a79-4141-93a0-c6d703021e31,2026-09-06T15:30:00Z,2026-09-06T17:30:00+0200,43942.77139,MW,DE,DE_LU,actual_load,Actual Load,2026-09-06T20:26:49Z
2026-09-06T20:26:41Z,2026-09-06T22:26:41+0200,bbe7684a-8a79-4141-93a0-c6d703021e31,2026-09-06T15:45:00Z,2026-09-06T17:45:00+0200,45114.88417,MW,DE,DE_LU,actual_load,Actual Load,2026-09-06T20:26:49Z
2026-09-06T20:26:41Z,2026-09-06T22:26:41+0200,bbe7684a-8a79-4141-93a0-c6d703021e31,2026-09-06T16:00:00Z,2026-09-06T18:00:00+0200,46210.24866,MW,DE,DE_LU,actual_load,Actual Load,2026-09-06T20:26:49Z
2026-09-06T20:26:41Z,2026-09-06T22:26:41+0200,bbe7684a-8a79-4141-93a0-c6d703021e31,2026-09-06T16:15:00Z,2026-09-06T18:15:00+0200,46365.21586,MW,DE,DE_LU,actual_load,Actual Load,2026-09-06T20:26:49Z
2026-09-06T20:26:41Z,2026-09-06T22:26:41+0200,bbe7684a-8a79-4141-93a0-c6d703021e31,2026-09-06T16:30:00Z,2026-09-06T18:30:00+0200,47217.20521,MW,DE,DE_LU,actual_load,Actual Load,2026-09-06T20:26:49Z
2026-09-06T20:26:41Z,2026-09-06T22:26:41+0200,bbe7684a-8a79-4141-93a0-c6d703021e31,2026-09-06T16:45:00Z,2026-09-06T18:45:00+0200,47334.96003,MW,DE,DE_LU,actual_load,Actual Load,2026-09-06T20:26:49Z
2026-09-06T20:26:41Z,2026-09-06T22:26:41+0200,bbe7684a-8a79-4141-93a0-c6d703021e31,2026-09-06T17:00:00Z,2026-09-06T19:00:00+0200,47904.82221,MW,DE,DE_LU,actual_load,Actual Load,2026-09-06T20:26:49Z
2026-09-06T20:26:41Z,2026-09-06T22:26:41+0200,bbe7684a-8a79-4141-93a0-c6d703021e31,2026-09-06T17:15:00Z,2026-09-06T19:15:00+0200,47158.74659,MW,DE,DE_LU,actual_load,Actual Load,2026-09-06T20:26:49Z
2026-09-06T20:26:41Z,2026-09-06T22:26:41+0200,bbe7684a-8a79-4141-93a0-c6d703021e31,2026-09-06T17:30:00Z,2026-09-06T19:30:00+0200,46551.37962,MW,DE,DE_LU,actual_load,Actual Load,2026-09-06T20:26:49Z
2026-09-06T20:26:41Z,2026-09-06T22:26:41+0200,bbe7684a-8a79-4141-93a0-c6d703021e31,2026-09-06T17:45:00Z,2026-09-06T19:45:00+0200,46790.2873,MW,DE,DE_LU,actual_load,Actual Load,2026-09-06T20:26:49Z
2026-09-06T20:26:41Z,2026-09-06T22:26:41+0200,bbe7684a-8a79-4141-93a0-c6d703021e31,2026-09-06T18:00:00Z,2026-09-06T20:00:00+0200,48055.30949,MW,DE,DE_LU,actual_load,Actual Load,2026-09-06T20:26:49Z
2026-09-06T20:26:41Z,2026-09-06T22:26:41+0200,bbe7684a-8a79-4141-93a0-c6d703021e31,2026-09-06T18:15:00Z,2026-09-06T20:15:00+0200,47663.37871,MW,DE,DE_LU,actual_load,Actual Load,2026-09-06T20:26:49Z
2026-09-06T20:26:41Z,2026-09-06T22:26:41+0200,bbe7684a-8a79-4141-93a0-c6d703021e31,2026-09-06T18:30:00Z,2026-09-06T20:30:00+0200,47698.91951,MW,DE,DE_LU,actual_load,Actual Load,2026-09-06T20:26:49Z
2026-09-06T20:26:41Z,2026-09-06T22:26:41+0200,bbe7684a-8a79-4141-93a0-c6d703021e31,2026-09-06T18:45:00Z,2026-09-06T20:45:00+0200,47081.65888,MW,DE,DE_LU,actual_load,Actual Load,2026-09-06T20:26:49Z
2026-09-06T20:26:41Z,2026-09-06T22:26:41+0200,bbe7684a-8a79-4141-93a0-c6d703021e31,2026-09-06T19:00:00Z,2026-09-06T21:00:00+0200,46759.01383,MW,DE,DE_LU,actual_load,Actual Load,2026-09-06T20:26:49Z
2026-09-06T20:26:41Z,2026-09-06T22:26:41+0200,bbe7684a-8a79-4141-93a0-c6d703021e31,2026-09-06T19:15:00Z,2026-09-06T21:15:00+0200,46183.27733,MW,DE,DE_LU,actual_load,Actual Load,2026-09-06T20:26:49Z
2026-09-06T20:26:41Z,2026-09-06T22:26:41+0200,bbe7684a-8a79-4141-93a0-c6d703021e31,2026-09-06T19:30:00Z,2026-09-06T21:30:00+0200,45740.77134,MW,DE,DE_LU,actual_load,Actual Load,2026-09-06T20:26:49Z
