collection_time_utc,collection_time_local,run_id,timestamp_utc,timestamp_local,value,unit,country,entsoe_area,variable,source,updated_at_utc
2026-09-18T19:30:52Z,2026-09-18T21:30:52+0200,c763b210-3d48-4a7a-82d3-58ff54bc29c8,2026-09-11T20:00:00Z,2026-09-11T22:00:00+0200,49905.10144,MW,DE,DE_LU,actual_load,Actual Load,2026-09-18T19:30:54Z
2026-09-18T19:30:52Z,2026-09-18T21:30:52+0200,c763b210-3d48-4a7a-82d3-58ff54bc29c8,2026-09-11T20:15:00Z,2026-09-11T22:15:00+0200,49294.12729,MW,DE,DE_LU,actual_load,Actual Load,2026-09-18T19:30:54Z
2026-09-18T19:30:52Z,2026-09-18T21:30:52+0200,c763b210-3d48-4a7a-82d3-58ff54bc29c8,2026-09-11T20:30:00Z,2026-09-11T22:30:00+0200,48297.79942,MW,DE,DE_LU,actual_load,Actual Load,2026-09-18T19:30:54Z
2026-09-18T19:30:52Z,2026-09-18T21:30:52+0200,c763b210-3d48-4a7a-82d3-58ff54bc29c8,2026-09-11T20:45:00Z,2026-09-11T22:45:00+0200,47467.33877,MW,DE,DE_LU,actual_load,Actual Load,2026-09-18T19:30:54Z
2026-09-18T19:30:52Z,2026-09-18T21:30:52+0200,c763b210-3d48-4a7a-82d3-58ff54bc29c8,2026-09-11T21:00:00Z,2026-09-11T23:00:00+0200,46871.3402,MW,DE,DE_LU,actual_load,Actual Load,2026-09-18T19:30:54Z
2026-09-18T19:30:52Z,2026-09-18T21:30:52+0200,c763b210-3d48-4a7a-82d3-58ff54bc29c8,2026-09-11T21:15:00Z,2026-09-11T23:15:00+0200,46259.05363,MW,DE,DE_LU,actual_load,Actual Load,2026-09-18T19:30:54Z
2026-09-18T19:30:52Z,2026-09-18T21:30:52+0200,c763b210-3d48-4a7a-82d3-58ff54bc29c8,2026-09-11T21:30:00Z,2026-09-11T23:30:00+0200,45842.79669,MW,DE,DE_LU,actual_load,Actual Load,2026-09-18T19:30:54Z
2026-09-18T19:30:52Z,2026-09-18T21:30:52+0200,c763b210-3d48-4a7a-82d3-58ff54bc29c8,2026-09-11T21:45:00Z,2026-09-11T23:45:00+0200,45264.44097,MW,DE,DE_LU,actual_load,Actual Load,2026-09-18T19:30:54Z
2026-09-18T19:30:52Z,2026-09-18T21:30:52+0200,c763b210-3d48-4a7a-82d3-58ff54bc29c8,2026-09-11T22:00:00Z,2026-09-12T00:00:00+0200,44092.75079,MW,DE,DE_LU,actual_load,Actual Load,2026-09-18T19:30:54Z
2026-09-18T19:30:52Z,2026-09-18T21:30:52+0200,c763b210-3d48-4a7a-82d3-58ff54bc29c8,2026-09-11T22:15:00Z,2026-09-12T00:15:00+0200,42964.20696,MW,DE,DE_LU,actual_load,Actual Load,2026-09-18T19:30:54Z
2026-09-18T19:30:52Z,2026-09-18T21:30:52+0200,c763b210-3d48-4a7a-82d3-58ff54bc29c8,2026-09-11T22:30:00Z,2026-09-12T00:30:00+0200,42958.01712,MW,DE,DE_LU,actual_load,Actual Load,2026-09-18T19:30:54Z
2026-09-18T19:30:52Z,2026-09-18T21:30:52+0200,c763b210-3d48-4a7a-82d3-58ff54bc29c8,2026-09-11T22:45:00Z,2026-09-12T00:45:00+0200,42470.01019,MW,DE,DE_LU,actual_load,Actual Load,2026-09-18T19:30:54Z
2026-09-18T19:30:52Z,2026-09-18T21:30:52+0200,c763b210-3d48-4a7a-82d3-58ff54bc29c8,2026-09-11T23:00:00Z,2026-09-12T01:00:00+0200,41734.62444,MW,DE,DE_LU,actual_load,Actual Load,2026-09-18T19:30:54Z
2026-09-18T19:30:52Z,2026-09-18T21:30:52+0200,c763b210-3d48-4a7a-82d3-58ff54bc29c8,2026-09-11T23:15:00Z,2026-09-12T01:15:00+0200,41551.27515,MW,DE,DE_LU,actual_load,Actual Load,2026-09-18T19:30:54Z
2026-09-18T19:30:52Z,2026-09-18T21:30:52+0200,c763b210-3d48-4a7a-82d3-58ff54bc29c8,2026-09-11T23:30:00Z,2026-09-12T01:30:00+0200,41457.49166,MW,DE,DE_LU,actual_load,Actual Load,2026-09-18T19:30:54Z
2026-09-18T19:30:52Z,2026-09-18T21:30:52+0200,c763b210-3d48-4a7a-82d3-58ff54bc29c8,2026-09-11T23:45:00Z,2026-09-12T01:45:00+0200,41271.11854,MW,DE,DE_LU,actual_load,Actual Load,2026-09-18T19:30:54Z
2026-09-18T19:30:52Z,2026-09-18T21:30:52+0200,c763b210-3d48-4a7a-82d3-58ff54bc29c8,2026-09-12T00:00:00Z,2026-09-12T02:00:00+0200,40755.81769,MW,DE,DE_LU,actual_load,Actual Load,2026-09-18T19:30:54Z
2026-09-18T19:30:52Z,2026-09-18T21:30:52+0200,c763b210-3d48-4a7a-82d3-58ff54bc29c8,2026-09-12T00:15:00Z,2026-09-12T02:15:00+0200,40703.62948,MW,DE,DE_LU,actual_load,Actual Load,2026-09-18T19:30:54Z
2026-09-18T19:30:52Z,2026-09-18T21:30:52+0200,c763b210-3d48-4a7a-82d3-58ff54bc29c8,2026-09-12T00:30:00Z,2026-09-12T02:30:00+0200,40477.0985,MW,DE,DE_LU,actual_load,Actual Load,2026-09-18T19:30:54Z
2026-09-18T19:30:52Z,2026-09-18T21:30:52+0200,c763b210-3d48-4a7a-82d3-58ff54bc29c8,2026-09-12T00:45:00Z,2026-09-12T02:45:00+0200,40081.92345,MW,DE,DE_LU,actual_load,Actual Load,2026-09-18T19:30:54Z
2026-09-18T19:30:52Z,2026-09-18T21:30:52+0200,c763b210-3d48-4a7a-82d3-58ff54bc29c8,2026-09-12T01:00:00Z,2026-09-12T03:00:00+0200,39855.40185,MW,DE,DE_LU,actual_load,Actual Load,2026-09-18T19:30:54Z
2026-09-18T19:30:52Z,2026-09-18T21:30:52+0200,c763b210-3d48-4a7a-82d3-58ff54bc29c8,2026-09-12T01:15:00Z,2026-09-12T03:15:00+0200,39693.66812,MW,DE,DE_LU,actual_load,Actual Load,2026-09-18T19:30:54Z
2026-09-18T19:30:52Z,2026-09-18T21:30:52+0200,c763b210-3d48-4a7a-82d3-58ff54bc29c8,2026-09-12T01:30:00Z,2026-09-12T03:30:00+0200,39655.24879,MW,DE,DE_LU,actual_load,Actual Load,2026-09-18T19:30:54Z
2026-09-18T19:30:52Z,2026-09-18T21:30:52+0200,c763b210-3d48-4a7a-82d3-58ff54bc29c8,2026-09-12T01:45:00Z,2026-09-12T03:45:00+0200,39615.14277,MW,DE,DE_LU,actual_load,Actual Load,2026-09-18T19:30:54Z
2026-09-18T19:30:52Z,2026-09-18T21:30:52+0200,c763b210-3d48-4a7a-82d3-58ff54bc29c8,2026-09-12T02:00:00Z,2026-09-12T04:00:00+0200,40208.95904,MW,DE,DE_LU,actual_load,Actual Load,2026-09-18T19:30:54Z
2026-09-18T19:30:52Z,2026-09-18T21:30:52+0200,c763b210-3d48-4a7a-82d3-58ff54bc29c8,2026-09-12T02:15:00Z,2026-09-12T04:15:00+0200,40370.03694,MW,DE,DE_LU,actual_load,Actual Load,2026-09-18T19:30:54Z
2026-09-18T19:30:52Z,2026-09-18T21:30:52+0200,c763b210-3d48-4a7a-82d3-58ff54bc29c8,2026-09-12T02:30:00Z,2026-09-12T04:30:00+0200,40304.32428,MW,DE,DE_LU,actual_load,Actual Load,2026-09-18T19:30:54Z
2026-09-18T19:30:52Z,2026-09-18T21:30:52+0200,c763b210-3d48-4a7a-82d3-58ff54bc29c8,2026-09-12T02:45:00Z,2026-09-12T04:45:00+0200,40633.00311,MW,DE,DE_LU,actual_load,Actual Load,2026-09-18T19:30:54Z
2026-09-18T19:30:52Z,2026-09-18T21:30:52+0200,c763b210-3d48-4a7a-82d3-58ff54bc29c8,2026-09-12T03:00:00Z,2026-09-12T05:00:00+0200,40606.93933,MW,DE,DE_LU,actual_load,Actual Load,2026-09-18T19:30:54Z
2026-09-18T19:30:52Z,2026-09-18T21:30:52+0200,c763b210-3d48-4a7a-82d3-58ff54bc29c8,2026-09-12T03:15:00Z,2026-09-12T05:15:00+0200,40842.97682,MW,DE,DE_LU,actual_load,Actual Load,2026-09-18T19:30:54Z
2026-09-18T19:30:52Z,2026-09-18T21:30:52+0200,c763b210-3d48-4a7a-82d3-58ff54bc29c8,2026-09-12T03:30:00Z,2026-09-12T05:30:00+0200,41071.47941,MW,DE,DE_LU,actual_load,Actual Load,2026-09-18T19:30:54Z
2026-09-18T19:30:52Z,2026-09-18T21:30:52+0200,c763b210-3d48-4a7a-82d3-58ff54bc29c8,2026-09-12T03:45:00Z,2026-09-12T05:45:00+0200,41870.98509,MW,DE,DE_LU,actual_load,Actual Load,2026-09-18T19:30:54Z
2026-09-18T19:30:52Z,2026-09-18T21:30:52+0200,c763b210-3d48-4a7a-82d3-58ff54bc29c8,2026-09-12T04:00:00Z,2026-09-12T06:00:00+0200,42635.85147,MW,DE,DE_LU,actual_load,Actual Load,2026-09-18T19:30:54Z
2026-09-18T19:30:52Z,2026-09-18T21:30:52+0200,c763b210-3d48-4a7a-82d3-58ff54bc29c8,2026-09-12T04:15:00Z,2026-09-12T06:15:00+0200,43078.79496,MW,DE,DE_LU,actual_load,Actual Load,2026-09-18T19:30:54Z
2026-09-18T19:30:52Z,2026-09-18T21:30:52+0200,c763b210-3d48-4a7a-82d3-58ff54bc29c8,2026-09-12T04:30:00Z,2026-09-12T06:30:00+0200,43389.2514,MW,DE,DE_LU,actual_load,Actual Load,2026-09-18T19:30:54Z
2026-09-18T19:30:52Z,2026-09-18T21:30:52+0200,c763b210-3d48-4a7a-82d3-58ff54bc29c8,2026-09-12T04:45:00Z,2026-09-12T06:45:00+0200,43469.39862,MW,DE,DE_LU,actual_load,Actual Load,2026-09-18T19:30:54Z
2026-09-18T19:30:52Z,2026-09-18T21:30:52+0200,c763b210-3d48-4a7a-82d3-58ff54bc29c8,2026-09-12T05:00:00Z,2026-09-12T07:00:00+0200,43788.85796,MW,DE,DE_LU,actual_load,Actual Load,2026-09-18T19:30:54Z
2026-09-18T19:30:52Z,2026-09-18T21:30:52+0200,c763b210-3d48-4a7a-82d3-58ff54bc29c8,2026-09-12T05:15:00Z,2026-09-12T07:15:00+0200,44602.0658,MW,DE,DE_LU,actual_load,Actual Load,2026-09-18T19:30:54Z
2026-09-18T19:30:52Z,2026-09-18T21:30:52+0200,c763b210-3d48-4a7a-82d3-58ff54bc29c8,2026-09-12T05:30:00Z,2026-09-12T07:30:00+0200,45315.78985,MW,DE,DE_LU,actual_load,Actual Load,2026-09-18T19:30:54Z
2026-09-18T19:30:52Z,2026-09-18T21:30:52+0200,c763b210-3d48-4a7a-82d3-58ff54bc29c8,2026-09-12T05:45:00Z,2026-09-12T07:45:00+0200,45938.90504,MW,DE,DE_LU,actual_load,Actual Load,2026-09-18T19:30:54Z
2026-09-18T19:30:52Z,2026-09-18T21:30:52+0200,c763b210-3d48-4a7a-82d3-58ff54bc29c8,2026-09-12T06:00:00Z,2026-09-12T08:00:00+0200,46864.51379,MW,DE,DE_LU,actual_load,Actual Load,2026-09-18T19:30:54Z
2026-09-18T19:30:52Z,2026-09-18T21:30:52+0200,c763b210-3d48-4a7a-82d3-58ff54bc29c8,2026-09-12T06:15:00Z,2026-09-12T08:15:00+0200,47978.56256,MW,DE,DE_LU,actual_load,Actual Load,2026-09-18T19:30:54Z
2026-09-18T19:30:52Z,2026-09-18T21:30:52+0200,c763b210-3d48-4a7a-82d3-58ff54bc29c8,2026-09-12T06:30:00Z,2026-09-12T08:30:00+0200,49277.86694,MW,DE,DE_LU,actual_load,Actual Load,2026-09-18T19:30:54Z
2026-09-18T19:30:52Z,2026-09-18T21:30:52+0200,c763b210-3d48-4a7a-82d3-58ff54bc29c8,2026-09-12T06:45:00Z,2026-09-12T08:45:00+0200,50510.37204,MW,DE,DE_LU,actual_load,Actual Load,2026-09-18T19:30:54Z
2026-09-18T19:30:52Z,2026-09-18T21:30:52+0200,c763b210-3d48-4a7a-82d3-58ff54bc29c8,2026-09-12T07:00:00Z,2026-09-12T09:00:00+0200,50699.4237,MW,DE,DE_LU,actual_load,Actual Load,2026-09-18T19:30:54Z
2026-09-18T19:30:52Z,2026-09-18T21:30:52+0200,c763b210-3d48-4a7a-82d3-58ff54bc29c8,2026-09-12T07:15:00Z,2026-09-12T09:15:00+0200,51748.6921,MW,DE,DE_LU,actual_load,Actual Load,2026-09-18T19:30:54Z
2026-09-18T19:30:52Z,2026-09-18T21:30:52+0200,c763b210-3d48-4a7a-82d3-58ff54bc29c8,2026-09-12T07:30:00Z,2026-09-12T09:30:00+0200,52483.60104,MW,DE,DE_LU,actual_load,Actual Load,2026-09-18T19:30:54Z
2026-09-18T19:30:52Z,2026-09-18T21:30:52+0200,c763b210-3d48-4a7a-82d3-58ff54bc29c8,2026-09-12T07:45:00Z,2026-09-12T09:45:00+0200,52663.13621,MW,DE,DE_LU,actual_load,Actual Load,2026-09-18T19:30:54Z
2026-09-18T19:30:52Z,2026-09-18T21:30:52+0200,c763b210-3d48-4a7a-82d3-58ff54bc29c8,2026-09-12T08:00:00Z,2026-09-12T10:00:00+0200,52971.61034,MW,DE,DE_LU,actual_load,Actual Load,2026-09-18T19:30:54Z
2026-09-18T19:30:52Z,2026-09-18T21:30:52+0200,c763b210-3d48-4a7a-82d3-58ff54bc29c8,2026-09-12T08:15:00Z,2026-09-12T10:15:00+0200,53445.63216,MW,DE,DE_LU,actual_load,Actual Load,2026-09-18T19:30:54Z
2026-09-18T19:30:52Z,2026-09-18T21:30:52+0200,c763b210-3d48-4a7a-82d3-58ff54bc29c8,2026-09-12T08:30:00Z,2026-09-12T10:30:00+0200,53138.41699,MW,DE,DE_LU,actual_load,Actual Load,2026-09-18T19:30:54Z
2026-09-18T19:30:52Z,2026-09-18T21:30:52+0200,c763b210-3d48-4a7a-82d3-58ff54bc29c8,2026-09-12T08:45:00Z,2026-09-12T10:45:00+0200,53492.44809,MW,DE,DE_LU,actual_load,Actual Load,2026-09-18T19:30:54Z
2026-09-18T19:30:52Z,2026-09-18T21:30:52+0200,c763b210-3d48-4a7a-82d3-58ff54bc29c8,2026-09-12T09:00:00Z,2026-09-12T11:00:00+0200,52914.70905,MW,DE,DE_LU,actual_load,Actual Load,2026-09-18T19:30:54Z
2026-09-18T19:30:52Z,2026-09-18T21:30:52+0200,c763b210-3d48-4a7a-82d3-58ff54bc29c8,2026-09-12T09:15:00Z,2026-09-12T11:15:00+0200,52203.65895,MW,DE,DE_LU,actual_load,Actual Load,2026-09-18T19:30:54Z
2026-09-18T19:30:52Z,2026-09-18T21:30:52+0200,c763b210-3d48-4a7a-82d3-58ff54bc29c8,2026-09-12T09:30:00Z,2026-09-12T11:30:00+0200,52143.83357,MW,DE,DE_LU,actual_load,Actual Load,2026-09-18T19:30:54Z
2026-09-18T19:30:52Z,2026-09-18T21:30:52+0200,c763b210-3d48-4a7a-82d3-58ff54bc29c8,2026-09-12T09:45:00Z,2026-09-12T11:45:00+0200,52164.4387,MW,DE,DE_LU,actual_load,Actual Load,2026-09-18T19:30:54Z
2026-09-18T19:30:52Z,2026-09-18T21:30:52+0200,c763b210-3d48-4a7a-82d3-58ff54bc29c8,2026-09-12T10:00:00Z,2026-09-12T12:00:00+0200,50787.62803,MW,DE,DE_LU,actual_load,Actual Load,2026-09-18T19:30:54Z
2026-09-18T19:30:52Z,2026-09-18T21:30:52+0200,c763b210-3d48-4a7a-82d3-58ff54bc29c8,2026-09-12T10:15:00Z,2026-09-12T12:15:00+0200,50266.50616,MW,DE,DE_LU,actual_load,Actual Load,2026-09-18T19:30:54Z
2026-09-18T19:30:52Z,2026-09-18T21:30:52+0200,c763b210-3d48-4a7a-82d3-58ff54bc29c8,2026-09-12T10:30:00Z,2026-09-12T12:30:00+0200,50049.32921,MW,DE,DE_LU,actual_load,Actual Load,2026-09-18T19:30:54Z
2026-09-18T19:30:52Z,2026-09-18T21:30:52+0200,c763b210-3d48-4a7a-82d3-58ff54bc29c8,2026-09-12T10:45:00Z,2026-09-12T12:45:00+0200,49978.79949,MW,DE,DE_LU,actual_load,Actual Load,2026-09-18T19:30:54Z
2026-09-18T19:30:52Z,2026-09-18T21:30:52+0200,c763b210-3d48-4a7a-82d3-58ff54bc29c8,2026-09-12T11:00:00Z,2026-09-12T13:00:00+0200,49084.20149,MW,DE,DE_LU,actual_load,Actual Load,2026-09-18T19:30:54Z
2026-09-18T19:30:52Z,2026-09-18T21:30:52+0200,c763b210-3d48-4a7a-82d3-58ff54bc29c8,2026-09-12T11:15:00Z,2026-09-12T13:15:00+0200,48767.4894,MW,DE,DE_LU,actual_load,Actual Load,2026-09-18T19:30:54Z
2026-09-18T19:30:52Z,2026-09-18T21:30:52+0200,c763b210-3d48-4a7a-82d3-58ff54bc29c8,2026-09-12T11:30:00Z,2026-09-12T13:30:00+0200,47976.67118,MW,DE,DE_LU,actual_load,Actual Load,2026-09-18T19:30:54Z
2026-09-18T19:30:52Z,2026-09-18T21:30:52+0200,c763b210-3d48-4a7a-82d3-58ff54bc29c8,2026-09-12T11:45:00Z,2026-09-12T13:45:00+0200,47551.11483,MW,DE,DE_LU,actual_load,Actual Load,2026-09-18T19:30:54Z
2026-09-18T19:30:52Z,2026-09-18T21:30:52+0200,c763b210-3d48-4a7a-82d3-58ff54bc29c8,2026-09-12T12:00:00Z,2026-09-12T14:00:00+0200,47308.05853,MW,DE,DE_LU,actual_load,Actual Load,2026-09-18T19:30:54Z
2026-09-18T19:30:52Z,2026-09-18T21:30:52+0200,c763b210-3d48-4a7a-82d3-58ff54bc29c8,2026-09-12T12:15:00Z,2026-09-12T14:15:00+0200,47168.84135,MW,DE,DE_LU,actual_load,Actual Load,2026-09-18T19:30:54Z
2026-09-18T19:30:52Z,2026-09-18T21:30:52+0200,c763b210-3d48-4a7a-82d3-58ff54bc29c8,2026-09-12T12:30:00Z,2026-09-12T14:30:00+0200,46732.86615,MW,DE,DE_LU,actual_load,Actual Load,2026-09-18T19:30:54Z
2026-09-18T19:30:52Z,2026-09-18T21:30:52+0200,c763b210-3d48-4a7a-82d3-58ff54bc29c8,2026-09-12T12:45:00Z,2026-09-12T14:45:00+0200,46852.86334,MW,DE,DE_LU,actual_load,Actual Load,2026-09-18T19:30:54Z
2026-09-18T19:30:52Z,2026-09-18T21:30:52+0200,c763b210-3d48-4a7a-82d3-58ff54bc29c8,2026-09-12T13:00:00Z,2026-09-12T15:00:00+0200,45392.73642,MW,DE,DE_LU,actual_load,Actual Load,2026-09-18T19:30:54Z
2026-09-18T19:30:52Z,2026-09-18T21:30:52+0200,c763b210-3d48-4a7a-82d3-58ff54bc29c8,2026-09-12T13:15:00Z,2026-09-12T15:15:00+0200,45367.66464,MW,DE,DE_LU,actual_load,Actual Load,2026-09-18T19:30:54Z
2026-09-18T19:30:52Z,2026-09-18T21:30:52+0200,c763b210-3d48-4a7a-82d3-58ff54bc29c8,2026-09-12T13:30:00Z,2026-09-12T15:30:00+0200,45503.25342,MW,DE,DE_LU,actual_load,Actual Load,2026-09-18T19:30:54Z
2026-09-18T19:30:52Z,2026-09-18T21:30:52+0200,c763b210-3d48-4a7a-82d3-58ff54bc29c8,2026-09-12T13:45:00Z,2026-09-12T15:45:00+0200,45957.22609,MW,DE,DE_LU,actual_load,Actual Load,2026-09-18T19:30:54Z
2026-09-18T19:30:52Z,2026-09-18T21:30:52+0200,c763b210-3d48-4a7a-82d3-58ff54bc29c8,2026-09-12T14:00:00Z,2026-09-12T16:00:00+0200,46800.02475,MW,DE,DE_LU,actual_load,Actual Load,2026-09-18T19:30:54Z
2026-09-18T19:30:52Z,2026-09-18T21:30:52+0200,c763b210-3d48-4a7a-82d3-58ff54bc29c8,2026-09-12T14:15:00Z,2026-09-12T16:15:00+0200,46224.5986,MW,DE,DE_LU,actual_load,Actual Load,2026-09-18T19:30:54Z
2026-09-18T19:30:52Z,2026-09-18T21:30:52+0200,c763b210-3d48-4a7a-82d3-58ff54bc29c8,2026-09-12T14:30:00Z,2026-09-12T16:30:00+0200,46842.20169,MW,DE,DE_LU,actual_load,Actual Load,2026-09-18T19:30:54Z
2026-09-18T19:30:52Z,2026-09-18T21:30:52+0200,c763b210-3d48-4a7a-82d3-58ff54bc29c8,2026-09-12T14:45:00Z,2026-09-12T16:45:00+0200,47266.62588,MW,DE,DE_LU,actual_load,Actual Load,2026-09-18T19:30:54Z
2026-09-18T19:30:52Z,2026-09-18T21:30:52+0200,c763b210-3d48-4a7a-82d3-58ff54bc29c8,2026-09-12T15:00:00Z,2026-09-12T17:00:00+0200,47553.0972,MW,DE,DE_LU,actual_load,Actual Load,2026-09-18T19:30:54Z
2026-09-18T19:30:52Z,2026-09-18T21:30:52+0200,c763b210-3d48-4a7a-82d3-58ff54bc29c8,2026-09-12T15:15:00Z,2026-09-12T17:15:00+0200,48151.62126,MW,DE,DE_LU,actual_load,Actual Load,2026-09-18T19:30:54Z
2026-09-18T19:30:52Z,2026-09-18T21:30:52+0200,c763b210-3d48-4a7a-82d3-58ff54bc29c8,2026-09-12T15:30:00Z,2026-09-12T17:30:00+0200,48863.10305,MW,DE,DE_LU,actual_load,Actual Load,2026-09-18T19:30:54Z
2026-09-18T19:30:52Z,2026-09-18T21:30:52+0200,c763b210-3d48-4a7a-82d3-58ff54bc29c8,2026-09-12T15:45:00Z,2026-09-12T17:45:00+0200,48766.61926,MW,DE,DE_LU,actual_load,Actual Load,2026-09-18T19:30:54Z
2026-09-18T19:30:52Z,2026-09-18T21:30:52+0200,c763b210-3d48-4a7a-82d3-58ff54bc29c8,2026-09-12T16:00:00Z,2026-09-12T18:00:00+0200,48443.79154,MW,DE,DE_LU,actual_load,Actual Load,2026-09-18T19:30:54Z
2026-09-18T19:30:52Z,2026-09-18T21:30:52+0200,c763b210-3d48-4a7a-82d3-58ff54bc29c8,2026-09-12T16:15:00Z,2026-09-12T18:15:00+0200,48850.59939,MW,DE,DE_LU,actual_load,Actual Load,2026-09-18T19:30:54Z
2026-09-18T19:30:52Z,2026-09-18T21:30:52+0200,c763b210-3d48-4a7a-82d3-58ff54bc29c8,2026-09-12T16:30:00Z,2026-09-12T18:30:00+0200,49029.1674,MW,DE,DE_LU,actual_load,Actual Load,2026-09-18T19:30:54Z
2026-09-18T19:30:52Z,2026-09-18T21:30:52+0200,c763b210-3d48-4a7a-82d3-58ff54bc29c8,2026-09-12T16:45:00Z,2026-09-12T18:45:00+0200,48515.99898,MW,DE,DE_LU,actual_load,Actual Load,2026-09-18T19:30:54Z
2026-09-18T19:30:52Z,2026-09-18T21:30:52+0200,c763b210-3d48-4a7a-82d3-58ff54bc29c8,2026-09-12T17:00:00Z,2026-09-12T19:00:00+0200,48719.97335,MW,DE,DE_LU,actual_load,Actual Load,2026-09-18T19:30:54Z
2026-09-18T19:30:52Z,2026-09-18T21:30:52+0200,c763b210-3d48-4a7a-82d3-58ff54bc29c8,2026-09-12T17:15:00Z,2026-09-12T19:15:00+0200,48593.61465,MW,DE,DE_LU,actual_load,Actual Load,2026-09-18T19:30:54Z
2026-09-18T19:30:52Z,2026-09-18T21:30:52+0200,c763b210-3d48-4a7a-82d3-58ff54bc29c8,2026-09-12T17:30:00Z,2026-09-12T19:30:00+0200,48583.23922,MW,DE,DE_LU,actual_load,Actual Load,2026-09-18T19:30:54Z
2026-09-18T19:30:52Z,2026-09-18T21:30:52+0200,c763b210-3d48-4a7a-82d3-58ff54bc29c8,2026-09-12T17:45:00Z,2026-09-12T19:45:00+0200,48297.80798,MW,DE,DE_LU,actual_load,Actual Load,2026-09-18T19:30:54Z
2026-09-18T19:30:52Z,2026-09-18T21:30:52+0200,c763b210-3d48-4a7a-82d3-58ff54bc29c8,2026-09-12T18:00:00Z,2026-09-12T20:00:00+0200,48719.12758,MW,DE,DE_LU,actual_load,Actual Load,2026-09-18T19:30:54Z
2026-09-18T19:30:52Z,2026-09-18T21:30:52+0200,c763b210-3d48-4a7a-82d3-58ff54bc29c8,2026-09-12T18:15:00Z,2026-09-12T20:15:00+0200,47999.34177,MW,DE,DE_LU,actual_load,Actual Load,2026-09-18T19:30:54Z
2026-09-18T19:30:52Z,2026-09-18T21:30:52+0200,c763b210-3d48-4a7a-82d3-58ff54bc29c8,2026-09-12T18:30:00Z,2026-09-12T20:30:00+0200,47442.30272,MW,DE,DE_LU,actual_load,Actual Load,2026-09-18T19:30:54Z
2026-09-18T19:30:52Z,2026-09-18T21:30:52+0200,c763b210-3d48-4a7a-82d3-58ff54bc29c8,2026-09-12T18:45:00Z,2026-09-12T20:45:00+0200,46961.31101,MW,DE,DE_LU,actual_load,Actual Load,2026-09-18T19:30:54Z
2026-09-18T19:30:52Z,2026-09-18T21:30:52+0200,c763b210-3d48-4a7a-82d3-58ff54bc29c8,2026-09-12T19:00:00Z,2026-09-12T21:00:00+0200,46423.98623,MW,DE,DE_LU,actual_load,Actual Load,2026-09-18T19:30:54Z
2026-09-18T19:30:52Z,2026-09-18T21:30:52+0200,c763b210-3d48-4a7a-82d3-58ff54bc29c8,2026-09-12T19:15:00Z,2026-09-12T21:15:00+0200,45870.58356,MW,DE,DE_LU,actual_load,Actual Load,2026-09-18T19:30:54Z
2026-09-18T19:30:52Z,2026-09-18T21:30:52+0200,c763b210-3d48-4a7a-82d3-58ff54bc29c8,2026-09-12T19:30:00Z,2026-09-12T21:30:00+0200,45541.86702,MW,DE,DE_LU,actual_load,Actual Load,2026-09-18T19:30:54Z
2026-09-18T19:30:52Z,2026-09-18T21:30:52+0200,c763b210-3d48-4a7a-82d3-58ff54bc29c8,2026-09-12T19:45:00Z,2026-09-12T21:45:00+0200,45178.34469,MW,DE,DE_LU,actual_load,Actual Load,2026-09-18T19:30:54Z
2026-09-18T19:30:52Z,2026-09-18T21:30:52+0200,c763b210-3d48-4a7a-82d3-58ff54bc29c8,2026-09-12T20:00:00Z,2026-09-12T22:00:00+0200,44363.0054,MW,DE,DE_LU,actual_load,Actual Load,2026-09-18T19:30:54Z
2026-09-18T19:30:52Z,2026-09-18T21:30:52+0200,c763b210-3d48-4a7a-82d3-58ff54bc29c8,2026-09-12T20:15:00Z,2026-09-12T22:15:00+0200,43984.62051,MW,DE,DE_LU,actual_load,Actual Load,2026-09-18T19:30:54Z
2026-09-18T19:30:52Z,2026-09-18T21:30:52+0200,c763b210-3d48-4a7a-82d3-58ff54bc29c8,2026-09-12T20:30:00Z,2026-09-12T22:30:00+0200,43045.07193,MW,DE,DE_LU,actual_load,Actual Load,2026-09-18T19:30:54Z
2026-09-18T19:30:52Z,2026-09-18T21:30:52+0200,c763b210-3d48-4a7a-82d3-58ff54bc29c8,2026-09-12T20:45:00Z,2026-09-12T22:45:00+0200,42804.13324,MW,DE,DE_LU,actual_load,Actual Load,2026-09-18T19:30:54Z
2026-09-18T19:30:52Z,2026-09-18T21:30:52+0200,c763b210-3d48-4a7a-82d3-58ff54bc29c8,2026-09-12T21:00:00Z,2026-09-12T23:00:00+0200,42377.37421,MW,DE,DE_LU,actual_load,Actual Load,2026-09-18T19:30:54Z
2026-09-18T19:30:52Z,2026-09-18T21:30:52+0200,c763b210-3d48-4a7a-82d3-58ff54bc29c8,2026-09-12T21:15:00Z,2026-09-12T23:15:00+0200,41759.01085,MW,DE,DE_LU,actual_load,Actual Load,2026-09-18T19:30:54Z
2026-09-18T19:30:52Z,2026-09-18T21:30:52+0200,c763b210-3d48-4a7a-82d3-58ff54bc29c8,2026-09-12T21:30:00Z,2026-09-12T23:30:00+0200,41133.12932,MW,DE,DE_LU,actual_load,Actual Load,2026-09-18T19:30:54Z
2026-09-18T19:30:52Z,2026-09-18T21:30:52+0200,c763b210-3d48-4a7a-82d3-58ff54bc29c8,2026-09-12T21:45:00Z,2026-09-12T23:45:00+0200,40388.21311,MW,DE,DE_LU,actual_load,Actual Load,2026-09-18T19:30:54Z
2026-09-18T19:30:52Z,2026-09-18T21:30:52+0200,c763b210-3d48-4a7a-82d3-58ff54bc29c8,2026-09-12T22:00:00Z,2026-09-13T00:00:00+0200,39261.56552,MW,DE,DE_LU,actual_load,Actual Load,2026-09-18T19:30:54Z
2026-09-18T19:30:52Z,2026-09-18T21:30:52+0200,c763b210-3d48-4a7a-82d3-58ff54bc29c8,2026-09-12T22:15:00Z,2026-09-13T00:15:00+0200,39172.35522,MW,DE,DE_LU,actual_load,Actual Load,2026-09-18T19:30:54Z
2026-09-18T19:30:52Z,2026-09-18T21:30:52+0200,c763b210-3d48-4a7a-82d3-58ff54bc29c8,2026-09-12T22:30:00Z,2026-09-13T00:30:00+0200,39217.88895,MW,DE,DE_LU,actual_load,Actual Load,2026-09-18T19:30:54Z
2026-09-18T19:30:52Z,2026-09-18T21:30:52+0200,c763b210-3d48-4a7a-82d3-58ff54bc29c8,2026-09-12T22:45:00Z,2026-09-13T00:45:00+0200,38614.34069,MW,DE,DE_LU,actual_load,Actual Load,2026-09-18T19:30:54Z
2026-09-18T19:30:52Z,2026-09-18T21:30:52+0200,c763b210-3d48-4a7a-82d3-58ff54bc29c8,2026-09-12T23:00:00Z,2026-09-13T01:00:00+0200,37700.44585,MW,DE,DE_LU,actual_load,Actual Load,2026-09-18T19:30:54Z
2026-09-18T19:30:52Z,2026-09-18T21:30:52+0200,c763b210-3d48-4a7a-82d3-58ff54bc29c8,2026-09-12T23:15:00Z,2026-09-13T01:15:00+0200,37310.2558,MW,DE,DE_LU,actual_load,Actual Load,2026-09-18T19:30:54Z
2026-09-18T19:30:52Z,2026-09-18T21:30:52+0200,c763b210-3d48-4a7a-82d3-58ff54bc29c8,2026-09-12T23:30:00Z,2026-09-13T01:30:00+0200,37063.76406,MW,DE,DE_LU,actual_load,Actual Load,2026-09-18T19:30:54Z
2026-09-18T19:30:52Z,2026-09-18T21:30:52+0200,c763b210-3d48-4a7a-82d3-58ff54bc29c8,2026-09-12T23:45:00Z,2026-09-13T01:45:00+0200,37067.17269,MW,DE,DE_LU,actual_load,Actual Load,2026-09-18T19:30:54Z
2026-09-18T19:30:52Z,2026-09-18T21:30:52+0200,c763b210-3d48-4a7a-82d3-58ff54bc29c8,2026-09-13T00:00:00Z,2026-09-13T02:00:00+0200,36756.69523,MW,DE,DE_LU,actual_load,Actual Load,2026-09-18T19:30:54Z
2026-09-18T19:30:52Z,2026-09-18T21:30:52+0200,c763b210-3d48-4a7a-82d3-58ff54bc29c8,2026-09-13T00:15:00Z,2026-09-13T02:15:00+0200,36740.36339,MW,DE,DE_LU,actual_load,Actual Load,2026-09-18T19:30:54Z
2026-09-18T19:30:52Z,2026-09-18T21:30:52+0200,c763b210-3d48-4a7a-82d3-58ff54bc29c8,2026-09-13T00:30:00Z,2026-09-13T02:30:00+0200,36849.77787,MW,DE,DE_LU,actual_load,Actual Load,2026-09-18T19:30:54Z
2026-09-18T19:30:52Z,2026-09-18T21:30:52+0200,c763b210-3d48-4a7a-82d3-58ff54bc29c8,2026-09-13T00:45:00Z,2026-09-13T02:45:00+0200,36913.41997,MW,DE,DE_LU,actual_load,Actual Load,2026-09-18T19:30:54Z
2026-09-18T19:30:52Z,2026-09-18T21:30:52+0200,c763b210-3d48-4a7a-82d3-58ff54bc29c8,2026-09-13T01:00:00Z,2026-09-13T03:00:00+0200,37087.9046,MW,DE,DE_LU,actual_load,Actual Load,2026-09-18T19:30:54Z
2026-09-18T19:30:52Z,2026-09-18T21:30:52+0200,c763b210-3d48-4a7a-82d3-58ff54bc29c8,2026-09-13T01:15:00Z,2026-09-13T03:15:00+0200,36806.45787,MW,DE,DE_LU,actual_load,Actual Load,2026-09-18T19:30:54Z
2026-09-18T19:30:52Z,2026-09-18T21:30:52+0200,c763b210-3d48-4a7a-82d3-58ff54bc29c8,2026-09-13T01:30:00Z,2026-09-13T03:30:00+0200,36638.0536,MW,DE,DE_LU,actual_load,Actual Load,2026-09-18T19:30:54Z
2026-09-18T19:30:52Z,2026-09-18T21:30:52+0200,c763b210-3d48-4a7a-82d3-58ff54bc29c8,2026-09-13T01:45:00Z,2026-09-13T03:45:00+0200,36542.63016,MW,DE,DE_LU,actual_load,Actual Load,2026-09-18T19:30:54Z
2026-09-18T19:30:52Z,2026-09-18T21:30:52+0200,c763b210-3d48-4a7a-82d3-58ff54bc29c8,2026-09-13T02:00:00Z,2026-09-13T04:00:00+0200,36480.87296,MW,DE,DE_LU,actual_load,Actual Load,2026-09-18T19:30:54Z
2026-09-18T19:30:52Z,2026-09-18T21:30:52+0200,c763b210-3d48-4a7a-82d3-58ff54bc29c8,2026-09-13T02:15:00Z,2026-09-13T04:15:00+0200,36125.05955,MW,DE,DE_LU,actual_load,Actual Load,2026-09-18T19:30:54Z
2026-09-18T19:30:52Z,2026-09-18T21:30:52+0200,c763b210-3d48-4a7a-82d3-58ff54bc29c8,2026-09-13T02:30:00Z,2026-09-13T04:30:00+0200,36220.39359,MW,DE,DE_LU,actual_load,Actual Load,2026-09-18T19:30:54Z
2026-09-18T19:30:52Z,2026-09-18T21:30:52+0200,c763b210-3d48-4a7a-82d3-58ff54bc29c8,2026-09-13T02:45:00Z,2026-09-13T04:45:00+0200,36497.02451,MW,DE,DE_LU,actual_load,Actual Load,2026-09-18T19:30:54Z
2026-09-18T19:30:52Z,2026-09-18T21:30:52+0200,c763b210-3d48-4a7a-82d3-58ff54bc29c8,2026-09-13T03:00:00Z,2026-09-13T05:00:00+0200,36661.83624,MW,DE,DE_LU,actual_load,Actual Load,2026-09-18T19:30:54Z
2026-09-18T19:30:52Z,2026-09-18T21:30:52+0200,c763b210-3d48-4a7a-82d3-58ff54bc29c8,2026-09-13T03:15:00Z,2026-09-13T05:15:00+0200,36642.03394,MW,DE,DE_LU,actual_load,Actual Load,2026-09-18T19:30:54Z
2026-09-18T19:30:52Z,2026-09-18T21:30:52+0200,c763b210-3d48-4a7a-82d3-58ff54bc29c8,2026-09-13T03:30:00Z,2026-09-13T05:30:00+0200,37177.0375,MW,DE,DE_LU,actual_load,Actual Load,2026-09-18T19:30:54Z
2026-09-18T19:30:52Z,2026-09-18T21:30:52+0200,c763b210-3d48-4a7a-82d3-58ff54bc29c8,2026-09-13T03:45:00Z,2026-09-13T05:45:00+0200,37466.14678,MW,DE,DE_LU,actual_load,Actual Load,2026-09-18T19:30:54Z
2026-09-18T19:30:52Z,2026-09-18T21:30:52+0200,c763b210-3d48-4a7a-82d3-58ff54bc29c8,2026-09-13T04:00:00Z,2026-09-13T06:00:00+0200,37946.54049,MW,DE,DE_LU,actual_load,Actual Load,2026-09-18T19:30:54Z
2026-09-18T19:30:52Z,2026-09-18T21:30:52+0200,c763b210-3d48-4a7a-82d3-58ff54bc29c8,2026-09-13T04:15:00Z,2026-09-13T06:15:00+0200,38006.61223,MW,DE,DE_LU,actual_load,Actual Load,2026-09-18T19:30:54Z
2026-09-18T19:30:52Z,2026-09-18T21:30:52+0200,c763b210-3d48-4a7a-82d3-58ff54bc29c8,2026-09-13T04:30:00Z,2026-09-13T06:30:00+0200,38243.26508,MW,DE,DE_LU,actual_load,Actual Load,2026-09-18T19:30:54Z
2026-09-18T19:30:52Z,2026-09-18T21:30:52+0200,c763b210-3d48-4a7a-82d3-58ff54bc29c8,2026-09-13T04:45:00Z,2026-09-13T06:45:00+0200,38451.95753,MW,DE,DE_LU,actual_load,Actual Load,2026-09-18T19:30:54Z
2026-09-18T19:30:52Z,2026-09-18T21:30:52+0200,c763b210-3d48-4a7a-82d3-58ff54bc29c8,2026-09-13T05:00:00Z,2026-09-13T07:00:00+0200,38501.54346,MW,DE,DE_LU,actual_load,Actual Load,2026-09-18T19:30:54Z
2026-09-18T19:30:52Z,2026-09-18T21:30:52+0200,c763b210-3d48-4a7a-82d3-58ff54bc29c8,2026-09-13T05:15:00Z,2026-09-13T07:15:00+0200,39358.27733,MW,DE,DE_LU,actual_load,Actual Load,2026-09-18T19:30:54Z
2026-09-18T19:30:52Z,2026-09-18T21:30:52+0200,c763b210-3d48-4a7a-82d3-58ff54bc29c8,2026-09-13T05:30:00Z,2026-09-13T07:30:00+0200,40218.6147,MW,DE,DE_LU,actual_load,Actual Load,2026-09-18T19:30:54Z
2026-09-18T19:30:52Z,2026-09-18T21:30:52+0200,c763b210-3d48-4a7a-82d3-58ff54bc29c8,2026-09-13T05:45:00Z,2026-09-13T07:45:00+0200,41097.95409,MW,DE,DE_LU,actual_load,Actual Load,2026-09-18T19:30:54Z
2026-09-18T19:30:52Z,2026-09-18T21:30:52+0200,c763b210-3d48-4a7a-82d3-58ff54bc29c8,2026-09-13T06:00:00Z,2026-09-13T08:00:00+0200,41561.4571,MW,DE,DE_LU,actual_load,Actual Load,2026-09-18T19:30:54Z
2026-09-18T19:30:52Z,2026-09-18T21:30:52+0200,c763b210-3d48-4a7a-82d3-58ff54bc29c8,2026-09-13T06:15:00Z,2026-09-13T08:15:00+0200,42642.11248,MW,DE,DE_LU,actual_load,Actual Load,2026-09-18T19:30:54Z
2026-09-18T19:30:52Z,2026-09-18T21:30:52+0200,c763b210-3d48-4a7a-82d3-58ff54bc29c8,2026-09-13T06:30:00Z,2026-09-13T08:30:00+0200,43381.68306,MW,DE,DE_LU,actual_load,Actual Load,2026-09-18T19:30:54Z
2026-09-18T19:30:52Z,2026-09-18T21:30:52+0200,c763b210-3d48-4a7a-82d3-58ff54bc29c8,2026-09-13T06:45:00Z,2026-09-13T08:45:00+0200,43611.22309,MW,DE,DE_LU,actual_load,Actual Load,2026-09-18T19:30:54Z
2026-09-18T19:30:52Z,2026-09-18T21:30:52+0200,c763b210-3d48-4a7a-82d3-58ff54bc29c8,2026-09-13T07:00:00Z,2026-09-13T09:00:00+0200,44845.85786,MW,DE,DE_LU,actual_load,Actual Load,2026-09-18T19:30:54Z
2026-09-18T19:30:52Z,2026-09-18T21:30:52+0200,c763b210-3d48-4a7a-82d3-58ff54bc29c8,2026-09-13T07:15:00Z,2026-09-13T09:15:00+0200,45432.34931,MW,DE,DE_LU,actual_load,Actual Load,2026-09-18T19:30:54Z
2026-09-18T19:30:52Z,2026-09-18T21:30:52+0200,c763b210-3d48-4a7a-82d3-58ff54bc29c8,2026-09-13T07:30:00Z,2026-09-13T09:30:00+0200,45920.81514,MW,DE,DE_LU,actual_load,Actual Load,2026-09-18T19:30:54Z
2026-09-18T19:30:52Z,2026-09-18T21:30:52+0200,c763b210-3d48-4a7a-82d3-58ff54bc29c8,2026-09-13T07:45:00Z,2026-09-13T09:45:00+0200,46935.23279,MW,DE,DE_LU,actual_load,Actual Load,2026-09-18T19:30:54Z
2026-09-18T19:30:52Z,2026-09-18T21:30:52+0200,c763b210-3d48-4a7a-82d3-58ff54bc29c8,2026-09-13T08:00:00Z,2026-09-13T10:00:00+0200,46900.49018,MW,DE,DE_LU,actual_load,Actual Load,2026-09-18T19:30:54Z
2026-09-18T19:30:52Z,2026-09-18T21:30:52+0200,c763b210-3d48-4a7a-82d3-58ff54bc29c8,2026-09-13T08:15:00Z,2026-09-13T10:15:00+0200,47635.312,MW,DE,DE_LU,actual_load,Actual Load,2026-09-18T19:30:54Z
2026-09-18T19:30:52Z,2026-09-18T21:30:52+0200,c763b210-3d48-4a7a-82d3-58ff54bc29c8,2026-09-13T08:30:00Z,2026-09-13T10:30:00+0200,48571.62797,MW,DE,DE_LU,actual_load,Actual Load,2026-09-18T19:30:54Z
2026-09-18T19:30:52Z,2026-09-18T21:30:52+0200,c763b210-3d48-4a7a-82d3-58ff54bc29c8,2026-09-13T08:45:00Z,2026-09-13T10:45:00+0200,49432.90103,MW,DE,DE_LU,actual_load,Actual Load,2026-09-18T19:30:54Z
2026-09-18T19:30:52Z,2026-09-18T21:30:52+0200,c763b210-3d48-4a7a-82d3-58ff54bc29c8,2026-09-13T09:00:00Z,2026-09-13T11:00:00+0200,49603.96683,MW,DE,DE_LU,actual_load,Actual Load,2026-09-18T19:30:54Z
2026-09-18T19:30:52Z,2026-09-18T21:30:52+0200,c763b210-3d48-4a7a-82d3-58ff54bc29c8,2026-09-13T09:15:00Z,2026-09-13T11:15:00+0200,50144.38692,MW,DE,DE_LU,actual_load,Actual Load,2026-09-18T19:30:54Z
2026-09-18T19:30:52Z,2026-09-18T21:30:52+0200,c763b210-3d48-4a7a-82d3-58ff54bc29c8,2026-09-13T09:30:00Z,2026-09-13T11:30:00+0200,50788.88932,MW,DE,DE_LU,actual_load,Actual Load,2026-09-18T19:30:54Z
2026-09-18T19:30:52Z,2026-09-18T21:30:52+0200,c763b210-3d48-4a7a-82d3-58ff54bc29c8,2026-09-13T09:45:00Z,2026-09-13T11:45:00+0200,50600.70084,MW,DE,DE_LU,actual_load,Actual Load,2026-09-18T19:30:54Z
2026-09-18T19:30:52Z,2026-09-18T21:30:52+0200,c763b210-3d48-4a7a-82d3-58ff54bc29c8,2026-09-13T10:00:00Z,2026-09-13T12:00:00+0200,50953.33043,MW,DE,DE_LU,actual_load,Actual Load,2026-09-18T19:30:54Z
2026-09-18T19:30:52Z,2026-09-18T21:30:52+0200,c763b210-3d48-4a7a-82d3-58ff54bc29c8,2026-09-13T10:15:00Z,2026-09-13T12:15:00+0200,50386.79465,MW,DE,DE_LU,actual_load,Actual Load,2026-09-18T19:30:54Z
2026-09-18T19:30:52Z,2026-09-18T21:30:52+0200,c763b210-3d48-4a7a-82d3-58ff54bc29c8,2026-09-13T10:30:00Z,2026-09-13T12:30:00+0200,49480.81493,MW,DE,DE_LU,actual_load,Actual Load,2026-09-18T19:30:54Z
2026-09-18T19:30:52Z,2026-09-18T21:30:52+0200,c763b210-3d48-4a7a-82d3-58ff54bc29c8,2026-09-13T10:45:00Z,2026-09-13T12:45:00+0200,49380.91836,MW,DE,DE_LU,actual_load,Actual Load,2026-09-18T19:30:54Z
2026-09-18T19:30:52Z,2026-09-18T21:30:52+0200,c763b210-3d48-4a7a-82d3-58ff54bc29c8,2026-09-13T11:00:00Z,2026-09-13T13:00:00+0200,48939.90835,MW,DE,DE_LU,actual_load,Actual Load,2026-09-18T19:30:54Z
2026-09-18T19:30:52Z,2026-09-18T21:30:52+0200,c763b210-3d48-4a7a-82d3-58ff54bc29c8,2026-09-13T11:15:00Z,2026-09-13T13:15:00+0200,48679.3743,MW,DE,DE_LU,actual_load,Actual Load,2026-09-18T19:30:54Z
2026-09-18T19:30:52Z,2026-09-18T21:30:52+0200,c763b210-3d48-4a7a-82d3-58ff54bc29c8,2026-09-13T11:30:00Z,2026-09-13T13:30:00+0200,48395.30877,MW,DE,DE_LU,actual_load,Actual Load,2026-09-18T19:30:54Z
2026-09-18T19:30:52Z,2026-09-18T21:30:52+0200,c763b210-3d48-4a7a-82d3-58ff54bc29c8,2026-09-13T11:45:00Z,2026-09-13T13:45:00+0200,47916.6577,MW,DE,DE_LU,actual_load,Actual Load,2026-09-18T19:30:54Z
2026-09-18T19:30:52Z,2026-09-18T21:30:52+0200,c763b210-3d48-4a7a-82d3-58ff54bc29c8,2026-09-13T12:00:00Z,2026-09-13T14:00:00+0200,47272.02031,MW,DE,DE_LU,actual_load,Actual Load,2026-09-18T19:30:54Z
2026-09-18T19:30:52Z,2026-09-18T21:30:52+0200,c763b210-3d48-4a7a-82d3-58ff54bc29c8,2026-09-13T12:15:00Z,2026-09-13T14:15:00+0200,47656.79184,MW,DE,DE_LU,actual_load,Actual Load,2026-09-18T19:30:54Z
2026-09-18T19:30:52Z,2026-09-18T21:30:52+0200,c763b210-3d48-4a7a-82d3-58ff54bc29c8,2026-09-13T12:30:00Z,2026-09-13T14:30:00+0200,47331.22449,MW,DE,DE_LU,actual_load,Actual Load,2026-09-18T19:30:54Z
2026-09-18T19:30:52Z,2026-09-18T21:30:52+0200,c763b210-3d48-4a7a-82d3-58ff54bc29c8,2026-09-13T12:45:00Z,2026-09-13T14:45:00+0200,47334.31911,MW,DE,DE_LU,actual_load,Actual Load,2026-09-18T19:30:54Z
2026-09-18T19:30:52Z,2026-09-18T21:30:52+0200,c763b210-3d48-4a7a-82d3-58ff54bc29c8,2026-09-13T13:00:00Z,2026-09-13T15:00:00+0200,47695.03301,MW,DE,DE_LU,actual_load,Actual Load,2026-09-18T19:30:54Z
2026-09-18T19:30:52Z,2026-09-18T21:30:52+0200,c763b210-3d48-4a7a-82d3-58ff54bc29c8,2026-09-13T13:15:00Z,2026-09-13T15:15:00+0200,47000.85539,MW,DE,DE_LU,actual_load,Actual Load,2026-09-18T19:30:54Z
2026-09-18T19:30:52Z,2026-09-18T21:30:52+0200,c763b210-3d48-4a7a-82d3-58ff54bc29c8,2026-09-13T13:30:00Z,2026-09-13T15:30:00+0200,46684.24177,MW,DE,DE_LU,actual_load,Actual Load,2026-09-18T19:30:54Z
2026-09-18T19:30:52Z,2026-09-18T21:30:52+0200,c763b210-3d48-4a7a-82d3-58ff54bc29c8,2026-09-13T13:45:00Z,2026-09-13T15:45:00+0200,46448.67372,MW,DE,DE_LU,actual_load,Actual Load,2026-09-18T19:30:54Z
2026-09-18T19:30:52Z,2026-09-18T21:30:52+0200,c763b210-3d48-4a7a-82d3-58ff54bc29c8,2026-09-13T14:00:00Z,2026-09-13T16:00:00+0200,47198.17813,MW,DE,DE_LU,actual_load,Actual Load,2026-09-18T19:30:54Z
2026-09-18T19:30:52Z,2026-09-18T21:30:52+0200,c763b210-3d48-4a7a-82d3-58ff54bc29c8,2026-09-13T14:15:00Z,2026-09-13T16:15:00+0200,47553.20981,MW,DE,DE_LU,actual_load,Actual Load,2026-09-18T19:30:54Z
2026-09-18T19:30:52Z,2026-09-18T21:30:52+0200,c763b210-3d48-4a7a-82d3-58ff54bc29c8,2026-09-13T14:30:00Z,2026-09-13T16:30:00+0200,47807.78476,MW,DE,DE_LU,actual_load,Actual Load,2026-09-18T19:30:54Z
2026-09-18T19:30:52Z,2026-09-18T21:30:52+0200,c763b210-3d48-4a7a-82d3-58ff54bc29c8,2026-09-13T14:45:00Z,2026-09-13T16:45:00+0200,47985.67785,MW,DE,DE_LU,actual_load,Actual Load,2026-09-18T19:30:54Z
2026-09-18T19:30:52Z,2026-09-18T21:30:52+0200,c763b210-3d48-4a7a-82d3-58ff54bc29c8,2026-09-13T15:00:00Z,2026-09-13T17:00:00+0200,48808.802,MW,DE,DE_LU,actual_load,Actual Load,2026-09-18T19:30:54Z
2026-09-18T19:30:52Z,2026-09-18T21:30:52+0200,c763b210-3d48-4a7a-82d3-58ff54bc29c8,2026-09-13T15:15:00Z,2026-09-13T17:15:00+0200,49613.29981,MW,DE,DE_LU,actual_load,Actual Load,2026-09-18T19:30:54Z
2026-09-18T19:30:52Z,2026-09-18T21:30:52+0200,c763b210-3d48-4a7a-82d3-58ff54bc29c8,2026-09-13T15:30:00Z,2026-09-13T17:30:00+0200,50063.61861,MW,DE,DE_LU,actual_load,Actual Load,2026-09-18T19:30:54Z
2026-09-18T19:30:52Z,2026-09-18T21:30:52+0200,c763b210-3d48-4a7a-82d3-58ff54bc29c8,2026-09-13T15:45:00Z,2026-09-13T17:45:00+0200,50482.23947,MW,DE,DE_LU,actual_load,Actual Load,2026-09-18T19:30:54Z
2026-09-18T19:30:52Z,2026-09-18T21:30:52+0200,c763b210-3d48-4a7a-82d3-58ff54bc29c8,2026-09-13T16:00:00Z,2026-09-13T18:00:00+0200,51612.16901,MW,DE,DE_LU,actual_load,Actual Load,2026-09-18T19:30:54Z
2026-09-18T19:30:52Z,2026-09-18T21:30:52+0200,c763b210-3d48-4a7a-82d3-58ff54bc29c8,2026-09-13T16:15:00Z,2026-09-13T18:15:00+0200,51101.02479,MW,DE,DE_LU,actual_load,Actual Load,2026-09-18T19:30:54Z
2026-09-18T19:30:52Z,2026-09-18T21:30:52+0200,c763b210-3d48-4a7a-82d3-58ff54bc29c8,2026-09-13T16:30:00Z,2026-09-13T18:30:00+0200,50803.03903,MW,DE,DE_LU,actual_load,Actual Load,2026-09-18T19:30:54Z
2026-09-18T19:30:52Z,2026-09-18T21:30:52+0200,c763b210-3d48-4a7a-82d3-58ff54bc29c8,2026-09-13T16:45:00Z,2026-09-13T18:45:00+0200,50867.13401,MW,DE,DE_LU,actual_load,Actual Load,2026-09-18T19:30:54Z
2026-09-18T19:30:52Z,2026-09-18T21:30:52+0200,c763b210-3d48-4a7a-82d3-58ff54bc29c8,2026-09-13T17:00:00Z,2026-09-13T19:00:00+0200,50761.79888,MW,DE,DE_LU,actual_load,Actual Load,2026-09-18T19:30:54Z
2026-09-18T19:30:52Z,2026-09-18T21:30:52+0200,c763b210-3d48-4a7a-82d3-58ff54bc29c8,2026-09-13T17:15:00Z,2026-09-13T19:15:00+0200,49883.19175,MW,DE,DE_LU,actual_load,Actual Load,2026-09-18T19:30:54Z
2026-09-18T19:30:52Z,2026-09-18T21:30:52+0200,c763b210-3d48-4a7a-82d3-58ff54bc29c8,2026-09-13T17:30:00Z,2026-09-13T19:30:00+0200,49338.87471,MW,DE,DE_LU,actual_load,Actual Load,2026-09-18T19:30:54Z
2026-09-18T19:30:52Z,2026-09-18T21:30:52+0200,c763b210-3d48-4a7a-82d3-58ff54bc29c8,2026-09-13T17:45:00Z,2026-09-13T19:45:00+0200,49918.75689,MW,DE,DE_LU,actual_load,Actual Load,2026-09-18T19:30:54Z
2026-09-18T19:30:52Z,2026-09-18T21:30:52+0200,c763b210-3d48-4a7a-82d3-58ff54bc29c8,2026-09-13T18:00:00Z,2026-09-13T20:00:00+0200,50309.13038,MW,DE,DE_LU,actual_load,Actual Load,2026-09-18T19:30:54Z
2026-09-18T19:30:52Z,2026-09-18T21:30:52+0200,c763b210-3d48-4a7a-82d3-58ff54bc29c8,2026-09-13T18:15:00Z,2026-09-13T20:15:00+0200,49209.12981,MW,DE,DE_LU,actual_load,Actual Load,2026-09-18T19:30:54Z
2026-09-18T19:30:52Z,2026-09-18T21:30:52+0200,c763b210-3d48-4a7a-82d3-58ff54bc29c8,2026-09-13T18:30:00Z,2026-09-13T20:30:00+0200,48447.56672,MW,DE,DE_LU,actual_load,Actual Load,2026-09-18T19:30:54Z
2026-09-18T19:30:52Z,2026-09-18T21:30:52+0200,c763b210-3d48-4a7a-82d3-58ff54bc29c8,2026-09-13T18:45:00Z,2026-09-13T20:45:00+0200,48502.22827,MW,DE,DE_LU,actual_load,Actual Load,2026-09-18T19:30:54Z
2026-09-18T19:30:52Z,2026-09-18T21:30:52+0200,c763b210-3d48-4a7a-82d3-58ff54bc29c8,2026-09-13T19:00:00Z,2026-09-13T21:00:00+0200,48033.09655,MW,DE,DE_LU,actual_load,Actual Load,2026-09-18T19:30:54Z
2026-09-18T19:30:52Z,2026-09-18T21:30:52+0200,c763b210-3d48-4a7a-82d3-58ff54bc29c8,2026-09-13T19:15:00Z,2026-09-13T21:15:00+0200,47587.29655,MW,DE,DE_LU,actual_load,Actual Load,2026-09-18T19:30:54Z
2026-09-18T19:30:52Z,2026-09-18T21:30:52+0200,c763b210-3d48-4a7a-82d3-58ff54bc29c8,2026-09-13T19:30:00Z,2026-09-13T21:30:00+0200,47684.06234,MW,DE,DE_LU,actual_load,Actual Load,2026-09-18T19:30:54Z
2026-09-18T19:30:52Z,2026-09-18T21:30:52+0200,c763b210-3d48-4a7a-82d3-58ff54bc29c8,2026-09-13T19:45:00Z,2026-09-13T21:45:00+0200,47451.02468,MW,DE,DE_LU,actual_load,Actual Load,2026-09-18T19:30:54Z
2026-09-18T19:30:52Z,2026-09-18T21:30:52+0200,c763b210-3d48-4a7a-82d3-58ff54bc29c8,2026-09-13T20:00:00Z,2026-09-13T22:00:00+0200,47160.71036,MW,DE,DE_LU,actual_load,Actual Load,2026-09-18T19:30:54Z
2026-09-18T19:30:52Z,2026-09-18T21:30:52+0200,c763b210-3d48-4a7a-82d3-58ff54bc29c8,2026-09-13T20:15:00Z,2026-09-13T22:15:00+0200,47088.78655,MW,DE,DE_LU,actual_load,Actual Load,2026-09-18T19:30:54Z
2026-09-18T19:30:52Z,2026-09-18T21:30:52+0200,c763b210-3d48-4a7a-82d3-58ff54bc29c8,2026-09-13T20:30:00Z,2026-09-13T22:30:00+0200,46599.5952,MW,DE,DE_LU,actual_load,Actual Load,2026-09-18T19:30:54Z
2026-09-18T19:30:52Z,2026-09-18T21:30:52+0200,c763b210-3d48-4a7a-82d3-58ff54bc29c8,2026-09-13T20:45:00Z,2026-09-13T22:45:00+0200,46155.07315,MW,DE,DE_LU,actual_load,Actual Load,2026-09-18T19:30:54Z
2026-09-18T19:30:52Z,2026-09-18T21:30:52+0200,c763b210-3d48-4a7a-82d3-58ff54bc29c8,2026-09-13T21:00:00Z,2026-09-13T23:00:00+0200,45357.48499,MW,DE,DE_LU,actual_load,Actual Load,2026-09-18T19:30:54Z
2026-09-18T19:30:52Z,2026-09-18T21:30:52+0200,c763b210-3d48-4a7a-82d3-58ff54bc29c8,2026-09-13T21:15:00Z,2026-09-13T23:15:00+0200,44734.6297,MW,DE,DE_LU,actual_load,Actual Load,2026-09-18T19:30:54Z
2026-09-18T19:30:52Z,2026-09-18T21:30:52+0200,c763b210-3d48-4a7a-82d3-58ff54bc29c8,2026-09-13T21:30:00Z,2026-09-13T23:30:00+0200,44409.01004,MW,DE,DE_LU,actual_load,Actual Load,2026-09-18T19:30:54Z
2026-09-18T19:30:52Z,2026-09-18T21:30:52+0200,c763b210-3d48-4a7a-82d3-58ff54bc29c8,2026-09-13T21:45:00Z,2026-09-13T23:45:00+0200,44111.13186,MW,DE,DE_LU,actual_load,Actual Load,2026-09-18T19:30:54Z
2026-09-18T19:30:52Z,2026-09-18T21:30:52+0200,c763b210-3d48-4a7a-82d3-58ff54bc29c8,2026-09-13T22:00:00Z,2026-09-14T00:00:00+0200,43680.31653,MW,DE,DE_LU,actual_load,Actual Load,2026-09-18T19:30:54Z
2026-09-18T19:30:52Z,2026-09-18T21:30:52+0200,c763b210-3d48-4a7a-82d3-58ff54bc29c8,2026-09-13T22:15:00Z,2026-09-14T00:15:00+0200,43427.15192,MW,DE,DE_LU,actual_load,Actual Load,2026-09-18T19:30:54Z
2026-09-18T19:30:52Z,2026-09-18T21:30:52+0200,c763b210-3d48-4a7a-82d3-58ff54bc29c8,2026-09-13T22:30:00Z,2026-09-14T00:30:00+0200,43103.87869,MW,DE,DE_LU,actual_load,Actual Load,2026-09-18T19:30:54Z
2026-09-18T19:30:52Z,2026-09-18T21:30:52+0200,c763b210-3d48-4a7a-82d3-58ff54bc29c8,2026-09-13T22:45:00Z,2026-09-14T00:45:00+0200,42588.97496,MW,DE,DE_LU,actual_load,Actual Load,2026-09-18T19:30:54Z
2026-09-18T19:30:52Z,2026-09-18T21:30:52+0200,c763b210-3d48-4a7a-82d3-58ff54bc29c8,2026-09-13T23:00:00Z,2026-09-14T01:00:00+0200,42332.87836,MW,DE,DE_LU,actual_load,Actual Load,2026-09-18T19:30:54Z
2026-09-18T19:30:52Z,2026-09-18T21:30:52+0200,c763b210-3d48-4a7a-82d3-58ff54bc29c8,2026-09-13T23:15:00Z,2026-09-14T01:15:00+0200,42465.7983,MW,DE,DE_LU,actual_load,Actual Load,2026-09-18T19:30:54Z
2026-09-18T19:30:52Z,2026-09-18T21:30:52+0200,c763b210-3d48-4a7a-82d3-58ff54bc29c8,2026-09-13T23:30:00Z,2026-09-14T01:30:00+0200,42037.70242,MW,DE,DE_LU,actual_load,Actual Load,2026-09-18T19:30:54Z
2026-09-18T19:30:52Z,2026-09-18T21:30:52+0200,c763b210-3d48-4a7a-82d3-58ff54bc29c8,2026-09-13T23:45:00Z,2026-09-14T01:45:00+0200,41970.39796,MW,DE,DE_LU,actual_load,Actual Load,2026-09-18T19:30:54Z
2026-09-18T19:30:52Z,2026-09-18T21:30:52+0200,c763b210-3d48-4a7a-82d3-58ff54bc29c8,2026-09-14T00:00:00Z,2026-09-14T02:00:00+0200,42238.09809,MW,DE,DE_LU,actual_load,Actual Load,2026-09-18T19:30:54Z
2026-09-18T19:30:52Z,2026-09-18T21:30:52+0200,c763b210-3d48-4a7a-82d3-58ff54bc29c8,2026-09-14T00:15:00Z,2026-09-14T02:15:00+0200,42049.06892,MW,DE,DE_LU,actual_load,Actual Load,2026-09-18T19:30:54Z
2026-09-18T19:30:52Z,2026-09-18T21:30:52+0200,c763b210-3d48-4a7a-82d3-58ff54bc29c8,2026-09-14T00:30:00Z,2026-09-14T02:30:00+0200,41640.43566,MW,DE,DE_LU,actual_load,Actual Load,2026-09-18T19:30:54Z
2026-09-18T19:30:52Z,2026-09-18T21:30:52+0200,c763b210-3d48-4a7a-82d3-58ff54bc29c8,2026-09-14T00:45:00Z,2026-09-14T02:45:00+0200,41566.67689,MW,DE,DE_LU,actual_load,Actual Load,2026-09-18T19:30:54Z
2026-09-18T19:30:52Z,2026-09-18T21:30:52+0200,c763b210-3d48-4a7a-82d3-58ff54bc29c8,2026-09-14T01:00:00Z,2026-09-14T03:00:00+0200,41594.71567,MW,DE,DE_LU,actual_load,Actual Load,2026-09-18T19:30:54Z
2026-09-18T19:30:52Z,2026-09-18T21:30:52+0200,c763b210-3d48-4a7a-82d3-58ff54bc29c8,2026-09-14T01:15:00Z,2026-09-14T03:15:00+0200,41565.21095,MW,DE,DE_LU,actual_load,Actual Load,2026-09-18T19:30:54Z
2026-09-18T19:30:52Z,2026-09-18T21:30:52+0200,c763b210-3d48-4a7a-82d3-58ff54bc29c8,2026-09-14T01:30:00Z,2026-09-14T03:30:00+0200,41358.38142,MW,DE,DE_LU,actual_load,Actual Load,2026-09-18T19:30:54Z
2026-09-18T19:30:52Z,2026-09-18T21:30:52+0200,c763b210-3d48-4a7a-82d3-58ff54bc29c8,2026-09-14T01:45:00Z,2026-09-14T03:45:00+0200,41213.96195,MW,DE,DE_LU,actual_load,Actual Load,2026-09-18T19:30:54Z
2026-09-18T19:30:52Z,2026-09-18T21:30:52+0200,c763b210-3d48-4a7a-82d3-58ff54bc29c8,2026-09-14T02:00:00Z,2026-09-14T04:00:00+0200,41916.94455,MW,DE,DE_LU,actual_load,Actual Load,2026-09-18T19:30:54Z
2026-09-18T19:30:52Z,2026-09-18T21:30:52+0200,c763b210-3d48-4a7a-82d3-58ff54bc29c8,2026-09-14T02:15:00Z,2026-09-14T04:15:00+0200,42582.64313,MW,DE,DE_LU,actual_load,Actual Load,2026-09-18T19:30:54Z
2026-09-18T19:30:52Z,2026-09-18T21:30:52+0200,c763b210-3d48-4a7a-82d3-58ff54bc29c8,2026-09-14T02:30:00Z,2026-09-14T04:30:00+0200,43051.6019,MW,DE,DE_LU,actual_load,Actual Load,2026-09-18T19:30:54Z
2026-09-18T19:30:52Z,2026-09-18T21:30:52+0200,c763b210-3d48-4a7a-82d3-58ff54bc29c8,2026-09-14T02:45:00Z,2026-09-14T04:45:00+0200,43642.32458,MW,DE,DE_LU,actual_load,Actual Load,2026-09-18T19:30:54Z
2026-09-18T19:30:52Z,2026-09-18T21:30:52+0200,c763b210-3d48-4a7a-82d3-58ff54bc29c8,2026-09-14T03:00:00Z,2026-09-14T05:00:00+0200,44804.14697,MW,DE,DE_LU,actual_load,Actual Load,2026-09-18T19:30:54Z
2026-09-18T19:30:52Z,2026-09-18T21:30:52+0200,c763b210-3d48-4a7a-82d3-58ff54bc29c8,2026-09-14T03:15:00Z,2026-09-14T05:15:00+0200,45667.26244,MW,DE,DE_LU,actual_load,Actual Load,2026-09-18T19:30:54Z
2026-09-18T19:30:52Z,2026-09-18T21:30:52+0200,c763b210-3d48-4a7a-82d3-58ff54bc29c8,2026-09-14T03:30:00Z,2026-09-14T05:30:00+0200,47418.10999,MW,DE,DE_LU,actual_load,Actual Load,2026-09-18T19:30:54Z
2026-09-18T19:30:52Z,2026-09-18T21:30:52+0200,c763b210-3d48-4a7a-82d3-58ff54bc29c8,2026-09-14T03:45:00Z,2026-09-14T05:45:00+0200,49000.98679,MW,DE,DE_LU,actual_load,Actual Load,2026-09-18T19:30:54Z
2026-09-18T19:30:52Z,2026-09-18T21:30:52+0200,c763b210-3d48-4a7a-82d3-58ff54bc29c8,2026-09-14T04:00:00Z,2026-09-14T06:00:00+0200,51851.26207,MW,DE,DE_LU,actual_load,Actual Load,2026-09-18T19:30:54Z
2026-09-18T19:30:52Z,2026-09-18T21:30:52+0200,c763b210-3d48-4a7a-82d3-58ff54bc29c8,2026-09-14T04:15:00Z,2026-09-14T06:15:00+0200,54148.61332,MW,DE,DE_LU,actual_load,Actual Load,2026-09-18T19:30:54Z
2026-09-18T19:30:52Z,2026-09-18T21:30:52+0200,c763b210-3d48-4a7a-82d3-58ff54bc29c8,2026-09-14T04:30:00Z,2026-09-14T06:30:00+0200,55459.75041,MW,DE,DE_LU,actual_load,Actual Load,2026-09-18T19:30:54Z
2026-09-18T19:30:52Z,2026-09-18T21:30:52+0200,c763b210-3d48-4a7a-82d3-58ff54bc29c8,2026-09-14T04:45:00Z,2026-09-14T06:45:00+0200,56171.85257,MW,DE,DE_LU,actual_load,Actual Load,2026-09-18T19:30:54Z
2026-09-18T19:30:52Z,2026-09-18T21:30:52+0200,c763b210-3d48-4a7a-82d3-58ff54bc29c8,2026-09-14T05:00:00Z,2026-09-14T07:00:00+0200,56810.61317,MW,DE,DE_LU,actual_load,Actual Load,2026-09-18T19:30:54Z
2026-09-18T19:30:52Z,2026-09-18T21:30:52+0200,c763b210-3d48-4a7a-82d3-58ff54bc29c8,2026-09-14T05:15:00Z,2026-09-14T07:15:00+0200,57624.94012,MW,DE,DE_LU,actual_load,Actual Load,2026-09-18T19:30:54Z
2026-09-18T19:30:52Z,2026-09-18T21:30:52+0200,c763b210-3d48-4a7a-82d3-58ff54bc29c8,2026-09-14T05:30:00Z,2026-09-14T07:30:00+0200,58183.46793,MW,DE,DE_LU,actual_load,Actual Load,2026-09-18T19:30:54Z
2026-09-18T19:30:52Z,2026-09-18T21:30:52+0200,c763b210-3d48-4a7a-82d3-58ff54bc29c8,2026-09-14T05:45:00Z,2026-09-14T07:45:00+0200,58798.19571,MW,DE,DE_LU,actual_load,Actual Load,2026-09-18T19:30:54Z
2026-09-18T19:30:52Z,2026-09-18T21:30:52+0200,c763b210-3d48-4a7a-82d3-58ff54bc29c8,2026-09-14T06:00:00Z,2026-09-14T08:00:00+0200,59488.2439,MW,DE,DE_LU,actual_load,Actual Load,2026-09-18T19:30:54Z
2026-09-18T19:30:52Z,2026-09-18T21:30:52+0200,c763b210-3d48-4a7a-82d3-58ff54bc29c8,2026-09-14T06:15:00Z,2026-09-14T08:15:00+0200,60797.67392,MW,DE,DE_LU,actual_load,Actual Load,2026-09-18T19:30:54Z
2026-09-18T19:30:52Z,2026-09-18T21:30:52+0200,c763b210-3d48-4a7a-82d3-58ff54bc29c8,2026-09-14T06:30:00Z,2026-09-14T08:30:00+0200,61843.95446,MW,DE,DE_LU,actual_load,Actual Load,2026-09-18T19:30:54Z
2026-09-18T19:30:52Z,2026-09-18T21:30:52+0200,c763b210-3d48-4a7a-82d3-58ff54bc29c8,2026-09-14T06:45:00Z,2026-09-14T08:45:00+0200,62068.53443,MW,DE,DE_LU,actual_load,Actual Load,2026-09-18T19:30:54Z
2026-09-18T19:30:52Z,2026-09-18T21:30:52+0200,c763b210-3d48-4a7a-82d3-58ff54bc29c8,2026-09-14T07:00:00Z,2026-09-14T09:00:00+0200,61814.52855,MW,DE,DE_LU,actual_load,Actual Load,2026-09-18T19:30:54Z
2026-09-18T19:30:52Z,2026-09-18T21:30:52+0200,c763b210-3d48-4a7a-82d3-58ff54bc29c8,2026-09-14T07:15:00Z,2026-09-14T09:15:00+0200,62653.999,MW,DE,DE_LU,actual_load,Actual Load,2026-09-18T19:30:54Z
2026-09-18T19:30:52Z,2026-09-18T21:30:52+0200,c763b210-3d48-4a7a-82d3-58ff54bc29c8,2026-09-14T07:30:00Z,2026-09-14T09:30:00+0200,63663.86478,MW,DE,DE_LU,actual_load,Actual Load,2026-09-18T19:30:54Z
2026-09-18T19:30:52Z,2026-09-18T21:30:52+0200,c763b210-3d48-4a7a-82d3-58ff54bc29c8,2026-09-14T07:45:00Z,2026-09-14T09:45:00+0200,64562.73496,MW,DE,DE_LU,actual_load,Actual Load,2026-09-18T19:30:54Z
2026-09-18T19:30:52Z,2026-09-18T21:30:52+0200,c763b210-3d48-4a7a-82d3-58ff54bc29c8,2026-09-14T08:00:00Z,2026-09-14T10:00:00+0200,64148.07908,MW,DE,DE_LU,actual_load,Actual Load,2026-09-18T19:30:54Z
2026-09-18T19:30:52Z,2026-09-18T21:30:52+0200,c763b210-3d48-4a7a-82d3-58ff54bc29c8,2026-09-14T08:15:00Z,2026-09-14T10:15:00+0200,64107.40338,MW,DE,DE_LU,actual_load,Actual Load,2026-09-18T19:30:54Z
2026-09-18T19:30:52Z,2026-09-18T21:30:52+0200,c763b210-3d48-4a7a-82d3-58ff54bc29c8,2026-09-14T08:30:00Z,2026-09-14T10:30:00+0200,64497.85063,MW,DE,DE_LU,actual_load,Actual Load,2026-09-18T19:30:54Z
2026-09-18T19:30:52Z,2026-09-18T21:30:52+0200,c763b210-3d48-4a7a-82d3-58ff54bc29c8,2026-09-14T08:45:00Z,2026-09-14T10:45:00+0200,64824.95859,MW,DE,DE_LU,actual_load,Actual Load,2026-09-18T19:30:54Z
2026-09-18T19:30:52Z,2026-09-18T21:30:52+0200,c763b210-3d48-4a7a-82d3-58ff54bc29c8,2026-09-14T09:00:00Z,2026-09-14T11:00:00+0200,64682.96004,MW,DE,DE_LU,actual_load,Actual Load,2026-09-18T19:30:54Z
2026-09-18T19:30:52Z,2026-09-18T21:30:52+0200,c763b210-3d48-4a7a-82d3-58ff54bc29c8,2026-09-14T09:15:00Z,2026-09-14T11:15:00+0200,64399.52217,MW,DE,DE_LU,actual_load,Actual Load,2026-09-18T19:30:54Z
2026-09-18T19:30:52Z,2026-09-18T21:30:52+0200,c763b210-3d48-4a7a-82d3-58ff54bc29c8,2026-09-14T09:30:00Z,2026-09-14T11:30:00+0200,63992.39084,MW,DE,DE_LU,actual_load,Actual Load,2026-09-18T19:30:54Z
2026-09-18T19:30:52Z,2026-09-18T21:30:52+0200,c763b210-3d48-4a7a-82d3-58ff54bc29c8,2026-09-14T09:45:00Z,2026-09-14T11:45:00+0200,63563.76979,MW,DE,DE_LU,actual_load,Actual Load,2026-09-18T19:30:54Z
2026-09-18T19:30:52Z,2026-09-18T21:30:52+0200,c763b210-3d48-4a7a-82d3-58ff54bc29c8,2026-09-14T10:00:00Z,2026-09-14T12:00:00+0200,62078.09578,MW,DE,DE_LU,actual_load,Actual Load,2026-09-18T19:30:54Z
2026-09-18T19:30:52Z,2026-09-18T21:30:52+0200,c763b210-3d48-4a7a-82d3-58ff54bc29c8,2026-09-14T10:15:00Z,2026-09-14T12:15:00+0200,61338.16849,MW,DE,DE_LU,actual_load,Actual Load,2026-09-18T19:30:54Z
2026-09-18T19:30:52Z,2026-09-18T21:30:52+0200,c763b210-3d48-4a7a-82d3-58ff54bc29c8,2026-09-14T10:30:00Z,2026-09-14T12:30:00+0200,60861.25587,MW,DE,DE_LU,actual_load,Actual Load,2026-09-18T19:30:54Z
2026-09-18T19:30:52Z,2026-09-18T21:30:52+0200,c763b210-3d48-4a7a-82d3-58ff54bc29c8,2026-09-14T10:45:00Z,2026-09-14T12:45:00+0200,61171.32016,MW,DE,DE_LU,actual_load,Actual Load,2026-09-18T19:30:54Z
2026-09-18T19:30:52Z,2026-09-18T21:30:52+0200,c763b210-3d48-4a7a-82d3-58ff54bc29c8,2026-09-14T11:00:00Z,2026-09-14T13:00:00+0200,60991.65333,MW,DE,DE_LU,actual_load,Actual Load,2026-09-18T19:30:54Z
2026-09-18T19:30:52Z,2026-09-18T21:30:52+0200,c763b210-3d48-4a7a-82d3-58ff54bc29c8,2026-09-14T11:15:00Z,2026-09-14T13:15:00+0200,60278.66448,MW,DE,DE_LU,actual_load,Actual Load,2026-09-18T19:30:54Z
2026-09-18T19:30:52Z,2026-09-18T21:30:52+0200,c763b210-3d48-4a7a-82d3-58ff54bc29c8,2026-09-14T11:30:00Z,2026-09-14T13:30:00+0200,59184.33134,MW,DE,DE_LU,actual_load,Actual Load,2026-09-18T19:30:54Z
2026-09-18T19:30:52Z,2026-09-18T21:30:52+0200,c763b210-3d48-4a7a-82d3-58ff54bc29c8,2026-09-14T11:45:00Z,2026-09-14T13:45:00+0200,59390.81902,MW,DE,DE_LU,actual_load,Actual Load,2026-09-18T19:30:54Z
2026-09-18T19:30:52Z,2026-09-18T21:30:52+0200,c763b210-3d48-4a7a-82d3-58ff54bc29c8,2026-09-14T12:00:00Z,2026-09-14T14:00:00+0200,59279.16877,MW,DE,DE_LU,actual_load,Actual Load,2026-09-18T19:30:54Z
2026-09-18T19:30:52Z,2026-09-18T21:30:52+0200,c763b210-3d48-4a7a-82d3-58ff54bc29c8,2026-09-14T12:15:00Z,2026-09-14T14:15:00+0200,59355.42843,MW,DE,DE_LU,actual_load,Actual Load,2026-09-18T19:30:54Z
2026-09-18T19:30:52Z,2026-09-18T21:30:52+0200,c763b210-3d48-4a7a-82d3-58ff54bc29c8,2026-09-14T12:30:00Z,2026-09-14T14:30:00+0200,59038.64841,MW,DE,DE_LU,actual_load,Actual Load,2026-09-18T19:30:54Z
2026-09-18T19:30:52Z,2026-09-18T21:30:52+0200,c763b210-3d48-4a7a-82d3-58ff54bc29c8,2026-09-14T12:45:00Z,2026-09-14T14:45:00+0200,58414.66469,MW,DE,DE_LU,actual_load,Actual Load,2026-09-18T19:30:54Z
2026-09-18T19:30:52Z,2026-09-18T21:30:52+0200,c763b210-3d48-4a7a-82d3-58ff54bc29c8,2026-09-14T13:00:00Z,2026-09-14T15:00:00+0200,58320.43011,MW,DE,DE_LU,actual_load,Actual Load,2026-09-18T19:30:54Z
2026-09-18T19:30:52Z,2026-09-18T21:30:52+0200,c763b210-3d48-4a7a-82d3-58ff54bc29c8,2026-09-14T13:15:00Z,2026-09-14T15:15:00+0200,58054.25742,MW,DE,DE_LU,actual_load,Actual Load,2026-09-18T19:30:54Z
2026-09-18T19:30:52Z,2026-09-18T21:30:52+0200,c763b210-3d48-4a7a-82d3-58ff54bc29c8,2026-09-14T13:30:00Z,2026-09-14T15:30:00+0200,57102.17835,MW,DE,DE_LU,actual_load,Actual Load,2026-09-18T19:30:54Z
2026-09-18T19:30:52Z,2026-09-18T21:30:52+0200,c763b210-3d48-4a7a-82d3-58ff54bc29c8,2026-09-14T13:45:00Z,2026-09-14T15:45:00+0200,57219.54961,MW,DE,DE_LU,actual_load,Actual Load,2026-09-18T19:30:54Z
2026-09-18T19:30:52Z,2026-09-18T21:30:52+0200,c763b210-3d48-4a7a-82d3-58ff54bc29c8,2026-09-14T14:00:00Z,2026-09-14T16:00:00+0200,58156.5204,MW,DE,DE_LU,actual_load,Actual Load,2026-09-18T19:30:54Z
2026-09-18T19:30:52Z,2026-09-18T21:30:52+0200,c763b210-3d48-4a7a-82d3-58ff54bc29c8,2026-09-14T14:15:00Z,2026-09-14T16:15:00+0200,57747.53935,MW,DE,DE_LU,actual_load,Actual Load,2026-09-18T19:30:54Z
2026-09-18T19:30:52Z,2026-09-18T21:30:52+0200,c763b210-3d48-4a7a-82d3-58ff54bc29c8,2026-09-14T14:30:00Z,2026-09-14T16:30:00+0200,57597.1077,MW,DE,DE_LU,actual_load,Actual Load,2026-09-18T19:30:54Z
2026-09-18T19:30:52Z,2026-09-18T21:30:52+0200,c763b210-3d48-4a7a-82d3-58ff54bc29c8,2026-09-14T14:45:00Z,2026-09-14T16:45:00+0200,58111.09184,MW,DE,DE_LU,actual_load,Actual Load,2026-09-18T19:30:54Z
2026-09-18T19:30:52Z,2026-09-18T21:30:52+0200,c763b210-3d48-4a7a-82d3-58ff54bc29c8,2026-09-14T15:00:00Z,2026-09-14T17:00:00+0200,58645.4683,MW,DE,DE_LU,actual_load,Actual Load,2026-09-18T19:30:54Z
2026-09-18T19:30:52Z,2026-09-18T21:30:52+0200,c763b210-3d48-4a7a-82d3-58ff54bc29c8,2026-09-14T15:15:00Z,2026-09-14T17:15:00+0200,59170.66818,MW,DE,DE_LU,actual_load,Actual Load,2026-09-18T19:30:54Z
2026-09-18T19:30:52Z,2026-09-18T21:30:52+0200,c763b210-3d48-4a7a-82d3-58ff54bc29c8,2026-09-14T15:30:00Z,2026-09-14T17:30:00+0200,59071.45876,MW,DE,DE_LU,actual_load,Actual Load,2026-09-18T19:30:54Z
2026-09-18T19:30:52Z,2026-09-18T21:30:52+0200,c763b210-3d48-4a7a-82d3-58ff54bc29c8,2026-09-14T15:45:00Z,2026-09-14T17:45:00+0200,59234.85058,MW,DE,DE_LU,actual_load,Actual Load,2026-09-18T19:30:54Z
2026-09-18T19:30:52Z,2026-09-18T21:30:52+0200,c763b210-3d48-4a7a-82d3-58ff54bc29c8,2026-09-14T16:00:00Z,2026-09-14T18:00:00+0200,59341.20114,MW,DE,DE_LU,actual_load,Actual Load,2026-09-18T19:30:54Z
2026-09-18T19:30:52Z,2026-09-18T21:30:52+0200,c763b210-3d48-4a7a-82d3-58ff54bc29c8,2026-09-14T16:15:00Z,2026-09-14T18:15:00+0200,59691.01717,MW,DE,DE_LU,actual_load,Actual Load,2026-09-18T19:30:54Z
2026-09-18T19:30:52Z,2026-09-18T21:30:52+0200,c763b210-3d48-4a7a-82d3-58ff54bc29c8,2026-09-14T16:30:00Z,2026-09-14T18:30:00+0200,59627.91364,MW,DE,DE_LU,actual_load,Actual Load,2026-09-18T19:30:54Z
2026-09-18T19:30:52Z,2026-09-18T21:30:52+0200,c763b210-3d48-4a7a-82d3-58ff54bc29c8,2026-09-14T16:45:00Z,2026-09-14T18:45:00+0200,59138.80637,MW,DE,DE_LU,actual_load,Actual Load,2026-09-18T19:30:54Z
2026-09-18T19:30:52Z,2026-09-18T21:30:52+0200,c763b210-3d48-4a7a-82d3-58ff54bc29c8,2026-09-14T17:00:00Z,2026-09-14T19:00:00+0200,59152.19136,MW,DE,DE_LU,actual_load,Actual Load,2026-09-18T19:30:54Z
2026-09-18T19:30:52Z,2026-09-18T21:30:52+0200,c763b210-3d48-4a7a-82d3-58ff54bc29c8,2026-09-14T17:15:00Z,2026-09-14T19:15:00+0200,58954.5896,MW,DE,DE_LU,actual_load,Actual Load,2026-09-18T19:30:54Z
2026-09-18T19:30:52Z,2026-09-18T21:30:52+0200,c763b210-3d48-4a7a-82d3-58ff54bc29c8,2026-09-14T17:30:00Z,2026-09-14T19:30:00+0200,59057.66549,MW,DE,DE_LU,actual_load,Actual Load,2026-09-18T19:30:54Z
2026-09-18T19:30:52Z,2026-09-18T21:30:52+0200,c763b210-3d48-4a7a-82d3-58ff54bc29c8,2026-09-14T17:45:00Z,2026-09-14T19:45:00+0200,58889.22498,MW,DE,DE_LU,actual_load,Actual Load,2026-09-18T19:30:54Z
2026-09-18T19:30:52Z,2026-09-18T21:30:52+0200,c763b210-3d48-4a7a-82d3-58ff54bc29c8,2026-09-14T18:00:00Z,2026-09-14T20:00:00+0200,58943.14221,MW,DE,DE_LU,actual_load,Actual Load,2026-09-18T19:30:54Z
2026-09-18T19:30:52Z,2026-09-18T21:30:52+0200,c763b210-3d48-4a7a-82d3-58ff54bc29c8,2026-09-14T18:15:00Z,2026-09-14T20:15:00+0200,58464.83392,MW,DE,DE_LU,actual_load,Actual Load,2026-09-18T19:30:54Z
2026-09-18T19:30:52Z,2026-09-18T21:30:52+0200,c763b210-3d48-4a7a-82d3-58ff54bc29c8,2026-09-14T18:30:00Z,2026-09-14T20:30:00+0200,57615.63647,MW,DE,DE_LU,actual_load,Actual Load,2026-09-18T19:30:54Z
2026-09-18T19:30:52Z,2026-09-18T21:30:52+0200,c763b210-3d48-4a7a-82d3-58ff54bc29c8,2026-09-14T18:45:00Z,2026-09-14T20:45:00+0200,57329.55213,MW,DE,DE_LU,actual_load,Actual Load,2026-09-18T19:30:54Z
2026-09-18T19:30:52Z,2026-09-18T21:30:52+0200,c763b210-3d48-4a7a-82d3-58ff54bc29c8,2026-09-14T19:00:00Z,2026-09-14T21:00:00+0200,56561.32186,MW,DE,DE_LU,actual_load,Actual Load,2026-09-18T19:30:54Z
2026-09-18T19:30:52Z,2026-09-18T21:30:52+0200,c763b210-3d48-4a7a-82d3-58ff54bc29c8,2026-09-14T19:15:00Z,2026-09-14T21:15:00+0200,55759.4389,MW,DE,DE_LU,actual_load,Actual Load,2026-09-18T19:30:54Z
2026-09-18T19:30:52Z,2026-09-18T21:30:52+0200,c763b210-3d48-4a7a-82d3-58ff54bc29c8,2026-09-14T19:30:00Z,2026-09-14T21:30:00+0200,55396.78752,MW,DE,DE_LU,actual_load,Actual Load,2026-09-18T19:30:54Z
2026-09-18T19:30:52Z,2026-09-18T21:30:52+0200,c763b210-3d48-4a7a-82d3-58ff54bc29c8,2026-09-14T19:45:00Z,2026-09-14T21:45:00+0200,54127.6697,MW,DE,DE_LU,actual_load,Actual Load,2026-09-18T19:30:54Z
2026-09-18T19:30:52Z,2026-09-18T21:30:52+0200,c763b210-3d48-4a7a-82d3-58ff54bc29c8,2026-09-14T20:00:00Z,2026-09-14T22:00:00+0200,53657.19472,MW,DE,DE_LU,actual_load,Actual Load,2026-09-18T19:30:54Z
2026-09-18T19:30:52Z,2026-09-18T21:30:52+0200,c763b210-3d48-4a7a-82d3-58ff54bc29c8,2026-09-14T20:15:00Z,2026-09-14T22:15:00+0200,52922.25389,MW,DE,DE_LU,actual_load,Actual Load,2026-09-18T19:30:54Z
2026-09-18T19:30:52Z,2026-09-18T21:30:52+0200,c763b210-3d48-4a7a-82d3-58ff54bc29c8,2026-09-14T20:30:00Z,2026-09-14T22:30:00+0200,51879.30145,MW,DE,DE_LU,actual_load,Actual Load,2026-09-18T19:30:54Z
2026-09-18T19:30:52Z,2026-09-18T21:30:52+0200,c763b210-3d48-4a7a-82d3-58ff54bc29c8,2026-09-14T20:45:00Z,2026-09-14T22:45:00+0200,51059.2862,MW,DE,DE_LU,actual_load,Actual Load,2026-09-18T19:30:54Z
2026-09-18T19:30:52Z,2026-09-18T21:30:52+0200,c763b210-3d48-4a7a-82d3-58ff54bc29c8,2026-09-14T21:00:00Z,2026-09-14T23:00:00+0200,49901.29316,MW,DE,DE_LU,actual_load,Actual Load,2026-09-18T19:30:54Z
2026-09-18T19:30:52Z,2026-09-18T21:30:52+0200,c763b210-3d48-4a7a-82d3-58ff54bc29c8,2026-09-14T21:15:00Z,2026-09-14T23:15:00+0200,49228.50183,MW,DE,DE_LU,actual_load,Actual Load,2026-09-18T19:30:54Z
2026-09-18T19:30:52Z,2026-09-18T21:30:52+0200,c763b210-3d48-4a7a-82d3-58ff54bc29c8,2026-09-14T21:30:00Z,2026-09-14T23:30:00+0200,48741.94092,MW,DE,DE_LU,actual_load,Actual Load,2026-09-18T19:30:54Z
2026-09-18T19:30:52Z,2026-09-18T21:30:52+0200,c763b210-3d48-4a7a-82d3-58ff54bc29c8,2026-09-14T21:45:00Z,2026-09-14T23:45:00+0200,48510.01262,MW,DE,DE_LU,actual_load,Actual Load,2026-09-18T19:30:54Z
2026-09-18T19:30:52Z,2026-09-18T21:30:52+0200,c763b210-3d48-4a7a-82d3-58ff54bc29c8,2026-09-14T22:00:00Z,2026-09-15T00:00:00+0200,48511.31303,MW,DE,DE_LU,actual_load,Actual Load,2026-09-18T19:30:54Z
2026-09-18T19:30:52Z,2026-09-18T21:30:52+0200,c763b210-3d48-4a7a-82d3-58ff54bc29c8,2026-09-14T22:15:00Z,2026-09-15T00:15:00+0200,47956.75098,MW,DE,DE_LU,actual_load,Actual Load,2026-09-18T19:30:54Z
2026-09-18T19:30:52Z,2026-09-18T21:30:52+0200,c763b210-3d48-4a7a-82d3-58ff54bc29c8,2026-09-14T22:30:00Z,2026-09-15T00:30:00+0200,47144.35541,MW,DE,DE_LU,actual_load,Actual Load,2026-09-18T19:30:54Z
2026-09-18T19:30:52Z,2026-09-18T21:30:52+0200,c763b210-3d48-4a7a-82d3-58ff54bc29c8,2026-09-14T22:45:00Z,2026-09-15T00:45:00+0200,46715.46757,MW,DE,DE_LU,actual_load,Actual Load,2026-09-18T19:30:54Z
2026-09-18T19:30:52Z,2026-09-18T21:30:52+0200,c763b210-3d48-4a7a-82d3-58ff54bc29c8,2026-09-14T23:00:00Z,2026-09-15T01:00:00+0200,45792.30359,MW,DE,DE_LU,actual_load,Actual Load,2026-09-18T19:30:54Z
2026-09-18T19:30:52Z,2026-09-18T21:30:52+0200,c763b210-3d48-4a7a-82d3-58ff54bc29c8,2026-09-14T23:15:00Z,2026-09-15T01:15:00+0200,45470.13607,MW,DE,DE_LU,actual_load,Actual Load,2026-09-18T19:30:54Z
2026-09-18T19:30:52Z,2026-09-18T21:30:52+0200,c763b210-3d48-4a7a-82d3-58ff54bc29c8,2026-09-14T23:30:00Z,2026-09-15T01:30:00+0200,45396.4452,MW,DE,DE_LU,actual_load,Actual Load,2026-09-18T19:30:54Z
2026-09-18T19:30:52Z,2026-09-18T21:30:52+0200,c763b210-3d48-4a7a-82d3-58ff54bc29c8,2026-09-14T23:45:00Z,2026-09-15T01:45:00+0200,45757.04605,MW,DE,DE_LU,actual_load,Actual Load,2026-09-18T19:30:54Z
2026-09-18T19:30:52Z,2026-09-18T21:30:52+0200,c763b210-3d48-4a7a-82d3-58ff54bc29c8,2026-09-15T00:00:00Z,2026-09-15T02:00:00+0200,44901.31684,MW,DE,DE_LU,actual_load,Actual Load,2026-09-18T19:30:54Z
2026-09-18T19:30:52Z,2026-09-18T21:30:52+0200,c763b210-3d48-4a7a-82d3-58ff54bc29c8,2026-09-15T00:15:00Z,2026-09-15T02:15:00+0200,44549.21896,MW,DE,DE_LU,actual_load,Actual Load,2026-09-18T19:30:54Z
2026-09-18T19:30:52Z,2026-09-18T21:30:52+0200,c763b210-3d48-4a7a-82d3-58ff54bc29c8,2026-09-15T00:30:00Z,2026-09-15T02:30:00+0200,44272.49703,MW,DE,DE_LU,actual_load,Actual Load,2026-09-18T19:30:54Z
2026-09-18T19:30:52Z,2026-09-18T21:30:52+0200,c763b210-3d48-4a7a-82d3-58ff54bc29c8,2026-09-15T00:45:00Z,2026-09-15T02:45:00+0200,44148.58518,MW,DE,DE_LU,actual_load,Actual Load,2026-09-18T19:30:54Z
2026-09-18T19:30:52Z,2026-09-18T21:30:52+0200,c763b210-3d48-4a7a-82d3-58ff54bc29c8,2026-09-15T01:00:00Z,2026-09-15T03:00:00+0200,44611.13627,MW,DE,DE_LU,actual_load,Actual Load,2026-09-18T19:30:54Z
2026-09-18T19:30:52Z,2026-09-18T21:30:52+0200,c763b210-3d48-4a7a-82d3-58ff54bc29c8,2026-09-15T01:15:00Z,2026-09-15T03:15:00+0200,44722.37878,MW,DE,DE_LU,actual_load,Actual Load,2026-09-18T19:30:54Z
2026-09-18T19:30:52Z,2026-09-18T21:30:52+0200,c763b210-3d48-4a7a-82d3-58ff54bc29c8,2026-09-15T01:30:00Z,2026-09-15T03:30:00+0200,44900.94749,MW,DE,DE_LU,actual_load,Actual Load,2026-09-18T19:30:54Z
2026-09-18T19:30:52Z,2026-09-18T21:30:52+0200,c763b210-3d48-4a7a-82d3-58ff54bc29c8,2026-09-15T01:45:00Z,2026-09-15T03:45:00+0200,45139.87121,MW,DE,DE_LU,actual_load,Actual Load,2026-09-18T19:30:54Z
2026-09-18T19:30:52Z,2026-09-18T21:30:52+0200,c763b210-3d48-4a7a-82d3-58ff54bc29c8,2026-09-15T02:00:00Z,2026-09-15T04:00:00+0200,45517.56427,MW,DE,DE_LU,actual_load,Actual Load,2026-09-18T19:30:54Z
2026-09-18T19:30:52Z,2026-09-18T21:30:52+0200,c763b210-3d48-4a7a-82d3-58ff54bc29c8,2026-09-15T02:15:00Z,2026-09-15T04:15:00+0200,44953.4173,MW,DE,DE_LU,actual_load,Actual Load,2026-09-18T19:30:54Z
2026-09-18T19:30:52Z,2026-09-18T21:30:52+0200,c763b210-3d48-4a7a-82d3-58ff54bc29c8,2026-09-15T02:30:00Z,2026-09-15T04:30:00+0200,45399.34373,MW,DE,DE_LU,actual_load,Actual Load,2026-09-18T19:30:54Z
2026-09-18T19:30:52Z,2026-09-18T21:30:52+0200,c763b210-3d48-4a7a-82d3-58ff54bc29c8,2026-09-15T02:45:00Z,2026-09-15T04:45:00+0200,46708.77507,MW,DE,DE_LU,actual_load,Actual Load,2026-09-18T19:30:54Z
2026-09-18T19:30:52Z,2026-09-18T21:30:52+0200,c763b210-3d48-4a7a-82d3-58ff54bc29c8,2026-09-15T03:00:00Z,2026-09-15T05:00:00+0200,48322.54527,MW,DE,DE_LU,actual_load,Actual Load,2026-09-18T19:30:54Z
2026-09-18T19:30:52Z,2026-09-18T21:30:52+0200,c763b210-3d48-4a7a-82d3-58ff54bc29c8,2026-09-15T03:15:00Z,2026-09-15T05:15:00+0200,48572.27184,MW,DE,DE_LU,actual_load,Actual Load,2026-09-18T19:30:54Z
2026-09-18T19:30:52Z,2026-09-18T21:30:52+0200,c763b210-3d48-4a7a-82d3-58ff54bc29c8,2026-09-15T03:30:00Z,2026-09-15T05:30:00+0200,49316.21833,MW,DE,DE_LU,actual_load,Actual Load,2026-09-18T19:30:54Z
2026-09-18T19:30:52Z,2026-09-18T21:30:52+0200,c763b210-3d48-4a7a-82d3-58ff54bc29c8,2026-09-15T03:45:00Z,2026-09-15T05:45:00+0200,50609.18434,MW,DE,DE_LU,actual_load,Actual Load,2026-09-18T19:30:54Z
2026-09-18T19:30:52Z,2026-09-18T21:30:52+0200,c763b210-3d48-4a7a-82d3-58ff54bc29c8,2026-09-15T04:00:00Z,2026-09-15T06:00:00+0200,53418.75761,MW,DE,DE_LU,actual_load,Actual Load,2026-09-18T19:30:54Z
2026-09-18T19:30:52Z,2026-09-18T21:30:52+0200,c763b210-3d48-4a7a-82d3-58ff54bc29c8,2026-09-15T04:15:00Z,2026-09-15T06:15:00+0200,55272.95884,MW,DE,DE_LU,actual_load,Actual Load,2026-09-18T19:30:54Z
2026-09-18T19:30:52Z,2026-09-18T21:30:52+0200,c763b210-3d48-4a7a-82d3-58ff54bc29c8,2026-09-15T04:30:00Z,2026-09-15T06:30:00+0200,56302.95202,MW,DE,DE_LU,actual_load,Actual Load,2026-09-18T19:30:54Z
2026-09-18T19:30:52Z,2026-09-18T21:30:52+0200,c763b210-3d48-4a7a-82d3-58ff54bc29c8,2026-09-15T04:45:00Z,2026-09-15T06:45:00+0200,56903.45746,MW,DE,DE_LU,actual_load,Actual Load,2026-09-18T19:30:54Z
2026-09-18T19:30:52Z,2026-09-18T21:30:52+0200,c763b210-3d48-4a7a-82d3-58ff54bc29c8,2026-09-15T05:00:00Z,2026-09-15T07:00:00+0200,57138.01321,MW,DE,DE_LU,actual_load,Actual Load,2026-09-18T19:30:54Z
2026-09-18T19:30:52Z,2026-09-18T21:30:52+0200,c763b210-3d48-4a7a-82d3-58ff54bc29c8,2026-09-15T05:15:00Z,2026-09-15T07:15:00+0200,57888.89928,MW,DE,DE_LU,actual_load,Actual Load,2026-09-18T19:30:54Z
2026-09-18T19:30:52Z,2026-09-18T21:30:52+0200,c763b210-3d48-4a7a-82d3-58ff54bc29c8,2026-09-15T05:30:00Z,2026-09-15T07:30:00+0200,58969.21542,MW,DE,DE_LU,actual_load,Actual Load,2026-09-18T19:30:54Z
2026-09-18T19:30:52Z,2026-09-18T21:30:52+0200,c763b210-3d48-4a7a-82d3-58ff54bc29c8,2026-09-15T05:45:00Z,2026-09-15T07:45:00+0200,59833.08307,MW,DE,DE_LU,actual_load,Actual Load,2026-09-18T19:30:54Z
2026-09-18T19:30:52Z,2026-09-18T21:30:52+0200,c763b210-3d48-4a7a-82d3-58ff54bc29c8,2026-09-15T06:00:00Z,2026-09-15T08:00:00+0200,60542.614919,MW,DE,DE_LU,actual_load,Actual Load,2026-09-18T19:30:54Z
2026-09-18T19:30:52Z,2026-09-18T21:30:52+0200,c763b210-3d48-4a7a-82d3-58ff54bc29c8,2026-09-15T06:15:00Z,2026-09-15T08:15:00+0200,62195.0173,MW,DE,DE_LU,actual_load,Actual Load,2026-09-18T19:30:54Z
2026-09-18T19:30:52Z,2026-09-18T21:30:52+0200,c763b210-3d48-4a7a-82d3-58ff54bc29c8,2026-09-15T06:30:00Z,2026-09-15T08:30:00+0200,63443.58012,MW,DE,DE_LU,actual_load,Actual Load,2026-09-18T19:30:54Z
2026-09-18T19:30:52Z,2026-09-18T21:30:52+0200,c763b210-3d48-4a7a-82d3-58ff54bc29c8,2026-09-15T06:45:00Z,2026-09-15T08:45:00+0200,64172.63379,MW,DE,DE_LU,actual_load,Actual Load,2026-09-18T19:30:54Z
2026-09-18T19:30:52Z,2026-09-18T21:30:52+0200,c763b210-3d48-4a7a-82d3-58ff54bc29c8,2026-09-15T07:00:00Z,2026-09-15T09:00:00+0200,62604.51181,MW,DE,DE_LU,actual_load,Actual Load,2026-09-18T19:30:54Z
2026-09-18T19:30:52Z,2026-09-18T21:30:52+0200,c763b210-3d48-4a7a-82d3-58ff54bc29c8,2026-09-15T07:15:00Z,2026-09-15T09:15:00+0200,63015.36914,MW,DE,DE_LU,actual_load,Actual Load,2026-09-18T19:30:54Z
2026-09-18T19:30:52Z,2026-09-18T21:30:52+0200,c763b210-3d48-4a7a-82d3-58ff54bc29c8,2026-09-15T07:30:00Z,2026-09-15T09:30:00+0200,63212.59299,MW,DE,DE_LU,actual_load,Actual Load,2026-09-18T19:30:54Z
2026-09-18T19:30:52Z,2026-09-18T21:30:52+0200,c763b210-3d48-4a7a-82d3-58ff54bc29c8,2026-09-15T07:45:00Z,2026-09-15T09:45:00+0200,63406.00447,MW,DE,DE_LU,actual_load,Actual Load,2026-09-18T19:30:54Z
2026-09-18T19:30:52Z,2026-09-18T21:30:52+0200,c763b210-3d48-4a7a-82d3-58ff54bc29c8,2026-09-15T08:00:00Z,2026-09-15T10:00:00+0200,62447.869999,MW,DE,DE_LU,actual_load,Actual Load,2026-09-18T19:30:54Z
2026-09-18T19:30:52Z,2026-09-18T21:30:52+0200,c763b210-3d48-4a7a-82d3-58ff54bc29c8,2026-09-15T08:15:00Z,2026-09-15T10:15:00+0200,62497.240119,MW,DE,DE_LU,actual_load,Actual Load,2026-09-18T19:30:54Z
2026-09-18T19:30:52Z,2026-09-18T21:30:52+0200,c763b210-3d48-4a7a-82d3-58ff54bc29c8,2026-09-15T08:30:00Z,2026-09-15T10:30:00+0200,62317.34912,MW,DE,DE_LU,actual_load,Actual Load,2026-09-18T19:30:54Z
2026-09-18T19:30:52Z,2026-09-18T21:30:52+0200,c763b210-3d48-4a7a-82d3-58ff54bc29c8,2026-09-15T08:45:00Z,2026-09-15T10:45:00+0200,61638.06628,MW,DE,DE_LU,actual_load,Actual Load,2026-09-18T19:30:54Z
2026-09-18T19:30:52Z,2026-09-18T21:30:52+0200,c763b210-3d48-4a7a-82d3-58ff54bc29c8,2026-09-15T09:00:00Z,2026-09-15T11:00:00+0200,61381.75189,MW,DE,DE_LU,actual_load,Actual Load,2026-09-18T19:30:54Z
2026-09-18T19:30:52Z,2026-09-18T21:30:52+0200,c763b210-3d48-4a7a-82d3-58ff54bc29c8,2026-09-15T09:15:00Z,2026-09-15T11:15:00+0200,61743.15399,MW,DE,DE_LU,actual_load,Actual Load,2026-09-18T19:30:54Z
2026-09-18T19:30:52Z,2026-09-18T21:30:52+0200,c763b210-3d48-4a7a-82d3-58ff54bc29c8,2026-09-15T09:30:00Z,2026-09-15T11:30:00+0200,61492.7165,MW,DE,DE_LU,actual_load,Actual Load,2026-09-18T19:30:54Z
2026-09-18T19:30:52Z,2026-09-18T21:30:52+0200,c763b210-3d48-4a7a-82d3-58ff54bc29c8,2026-09-15T09:45:00Z,2026-09-15T11:45:00+0200,61453.02706,MW,DE,DE_LU,actual_load,Actual Load,2026-09-18T19:30:54Z
2026-09-18T19:30:52Z,2026-09-18T21:30:52+0200,c763b210-3d48-4a7a-82d3-58ff54bc29c8,2026-09-15T10:00:00Z,2026-09-15T12:00:00+0200,61266.39293,MW,DE,DE_LU,actual_load,Actual Load,2026-09-18T19:30:54Z
2026-09-18T19:30:52Z,2026-09-18T21:30:52+0200,c763b210-3d48-4a7a-82d3-58ff54bc29c8,2026-09-15T10:15:00Z,2026-09-15T12:15:00+0200,61088.90797,MW,DE,DE_LU,actual_load,Actual Load,2026-09-18T19:30:54Z
2026-09-18T19:30:52Z,2026-09-18T21:30:52+0200,c763b210-3d48-4a7a-82d3-58ff54bc29c8,2026-09-15T10:30:00Z,2026-09-15T12:30:00+0200,60892.48785,MW,DE,DE_LU,actual_load,Actual Load,2026-09-18T19:30:54Z
2026-09-18T19:30:52Z,2026-09-18T21:30:52+0200,c763b210-3d48-4a7a-82d3-58ff54bc29c8,2026-09-15T10:45:00Z,2026-09-15T12:45:00+0200,61036.54739,MW,DE,DE_LU,actual_load,Actual Load,2026-09-18T19:30:54Z
2026-09-18T19:30:52Z,2026-09-18T21:30:52+0200,c763b210-3d48-4a7a-82d3-58ff54bc29c8,2026-09-15T11:00:00Z,2026-09-15T13:00:00+0200,60376.26816,MW,DE,DE_LU,actual_load,Actual Load,2026-09-18T19:30:54Z
2026-09-18T19:30:52Z,2026-09-18T21:30:52+0200,c763b210-3d48-4a7a-82d3-58ff54bc29c8,2026-09-15T11:15:00Z,2026-09-15T13:15:00+0200,60050.99492,MW,DE,DE_LU,actual_load,Actual Load,2026-09-18T19:30:54Z
2026-09-18T19:30:52Z,2026-09-18T21:30:52+0200,c763b210-3d48-4a7a-82d3-58ff54bc29c8,2026-09-15T11:30:00Z,2026-09-15T13:30:00+0200,59439.56194,MW,DE,DE_LU,actual_load,Actual Load,2026-09-18T19:30:54Z
2026-09-18T19:30:52Z,2026-09-18T21:30:52+0200,c763b210-3d48-4a7a-82d3-58ff54bc29c8,2026-09-15T11:45:00Z,2026-09-15T13:45:00+0200,59241.90856,MW,DE,DE_LU,actual_load,Actual Load,2026-09-18T19:30:54Z
2026-09-18T19:30:52Z,2026-09-18T21:30:52+0200,c763b210-3d48-4a7a-82d3-58ff54bc29c8,2026-09-15T12:00:00Z,2026-09-15T14:00:00+0200,58782.25902,MW,DE,DE_LU,actual_load,Actual Load,2026-09-18T19:30:54Z
2026-09-18T19:30:52Z,2026-09-18T21:30:52+0200,c763b210-3d48-4a7a-82d3-58ff54bc29c8,2026-09-15T12:15:00Z,2026-09-15T14:15:00+0200,58113.34095,MW,DE,DE_LU,actual_load,Actual Load,2026-09-18T19:30:54Z
2026-09-18T19:30:52Z,2026-09-18T21:30:52+0200,c763b210-3d48-4a7a-82d3-58ff54bc29c8,2026-09-15T12:30:00Z,2026-09-15T14:30:00+0200,57771.6261,MW,DE,DE_LU,actual_load,Actual Load,2026-09-18T19:30:54Z
2026-09-18T19:30:52Z,2026-09-18T21:30:52+0200,c763b210-3d48-4a7a-82d3-58ff54bc29c8,2026-09-15T12:45:00Z,2026-09-15T14:45:00+0200,57580.34273,MW,DE,DE_LU,actual_load,Actual Load,2026-09-18T19:30:54Z
2026-09-18T19:30:52Z,2026-09-18T21:30:52+0200,c763b210-3d48-4a7a-82d3-58ff54bc29c8,2026-09-15T13:00:00Z,2026-09-15T15:00:00+0200,58020.15199,MW,DE,DE_LU,actual_load,Actual Load,2026-09-18T19:30:54Z
2026-09-18T19:30:52Z,2026-09-18T21:30:52+0200,c763b210-3d48-4a7a-82d3-58ff54bc29c8,2026-09-15T13:15:00Z,2026-09-15T15:15:00+0200,58178.20138,MW,DE,DE_LU,actual_load,Actual Load,2026-09-18T19:30:54Z
2026-09-18T19:30:52Z,2026-09-18T21:30:52+0200,c763b210-3d48-4a7a-82d3-58ff54bc29c8,2026-09-15T13:30:00Z,2026-09-15T15:30:00+0200,57048.804109,MW,DE,DE_LU,actual_load,Actual Load,2026-09-18T19:30:54Z
2026-09-18T19:30:52Z,2026-09-18T21:30:52+0200,c763b210-3d48-4a7a-82d3-58ff54bc29c8,2026-09-15T13:45:00Z,2026-09-15T15:45:00+0200,56940.20909,MW,DE,DE_LU,actual_load,Actual Load,2026-09-18T19:30:54Z
2026-09-18T19:30:52Z,2026-09-18T21:30:52+0200,c763b210-3d48-4a7a-82d3-58ff54bc29c8,2026-09-15T14:00:00Z,2026-09-15T16:00:00+0200,57488.70623,MW,DE,DE_LU,actual_load,Actual Load,2026-09-18T19:30:54Z
2026-09-18T19:30:52Z,2026-09-18T21:30:52+0200,c763b210-3d48-4a7a-82d3-58ff54bc29c8,2026-09-15T14:15:00Z,2026-09-15T16:15:00+0200,57577.53637,MW,DE,DE_LU,actual_load,Actual Load,2026-09-18T19:30:54Z
2026-09-18T19:30:52Z,2026-09-18T21:30:52+0200,c763b210-3d48-4a7a-82d3-58ff54bc29c8,2026-09-15T14:30:00Z,2026-09-15T16:30:00+0200,57451.60738,MW,DE,DE_LU,actual_load,Actual Load,2026-09-18T19:30:54Z
2026-09-18T19:30:52Z,2026-09-18T21:30:52+0200,c763b210-3d48-4a7a-82d3-58ff54bc29c8,2026-09-15T14:45:00Z,2026-09-15T16:45:00+0200,57729.0478,MW,DE,DE_LU,actual_load,Actual Load,2026-09-18T19:30:54Z
2026-09-18T19:30:52Z,2026-09-18T21:30:52+0200,c763b210-3d48-4a7a-82d3-58ff54bc29c8,2026-09-15T15:00:00Z,2026-09-15T17:00:00+0200,59445.16818,MW,DE,DE_LU,actual_load,Actual Load,2026-09-18T19:30:54Z
2026-09-18T19:30:52Z,2026-09-18T21:30:52+0200,c763b210-3d48-4a7a-82d3-58ff54bc29c8,2026-09-15T15:15:00Z,2026-09-15T17:15:00+0200,59392.67753,MW,DE,DE_LU,actual_load,Actual Load,2026-09-18T19:30:54Z
2026-09-18T19:30:52Z,2026-09-18T21:30:52+0200,c763b210-3d48-4a7a-82d3-58ff54bc29c8,2026-09-15T15:30:00Z,2026-09-15T17:30:00+0200,59722.37804,MW,DE,DE_LU,actual_load,Actual Load,2026-09-18T19:30:54Z
2026-09-18T19:30:52Z,2026-09-18T21:30:52+0200,c763b210-3d48-4a7a-82d3-58ff54bc29c8,2026-09-15T15:45:00Z,2026-09-15T17:45:00+0200,59650.90979,MW,DE,DE_LU,actual_load,Actual Load,2026-09-18T19:30:54Z
2026-09-18T19:30:52Z,2026-09-18T21:30:52+0200,c763b210-3d48-4a7a-82d3-58ff54bc29c8,2026-09-15T16:00:00Z,2026-09-15T18:00:00+0200,61022.79179,MW,DE,DE_LU,actual_load,Actual Load,2026-09-18T19:30:54Z
2026-09-18T19:30:52Z,2026-09-18T21:30:52+0200,c763b210-3d48-4a7a-82d3-58ff54bc29c8,2026-09-15T16:15:00Z,2026-09-15T18:15:00+0200,61523.63584,MW,DE,DE_LU,actual_load,Actual Load,2026-09-18T19:30:54Z
2026-09-18T19:30:52Z,2026-09-18T21:30:52+0200,c763b210-3d48-4a7a-82d3-58ff54bc29c8,2026-09-15T16:30:00Z,2026-09-15T18:30:00+0200,62032.70587,MW,DE,DE_LU,actual_load,Actual Load,2026-09-18T19:30:54Z
2026-09-18T19:30:52Z,2026-09-18T21:30:52+0200,c763b210-3d48-4a7a-82d3-58ff54bc29c8,2026-09-15T16:45:00Z,2026-09-15T18:45:00+0200,61230.25211,MW,DE,DE_LU,actual_load,Actual Load,2026-09-18T19:30:54Z
2026-09-18T19:30:52Z,2026-09-18T21:30:52+0200,c763b210-3d48-4a7a-82d3-58ff54bc29c8,2026-09-15T17:00:00Z,2026-09-15T19:00:00+0200,61024.089859,MW,DE,DE_LU,actual_load,Actual Load,2026-09-18T19:30:54Z
2026-09-18T19:30:52Z,2026-09-18T21:30:52+0200,c763b210-3d48-4a7a-82d3-58ff54bc29c8,2026-09-15T17:15:00Z,2026-09-15T19:15:00+0200,60387.79421,MW,DE,DE_LU,actual_load,Actual Load,2026-09-18T19:30:54Z
2026-09-18T19:30:52Z,2026-09-18T21:30:52+0200,c763b210-3d48-4a7a-82d3-58ff54bc29c8,2026-09-15T17:30:00Z,2026-09-15T19:30:00+0200,60454.51503,MW,DE,DE_LU,actual_load,Actual Load,2026-09-18T19:30:54Z
2026-09-18T19:30:52Z,2026-09-18T21:30:52+0200,c763b210-3d48-4a7a-82d3-58ff54bc29c8,2026-09-15T17:45:00Z,2026-09-15T19:45:00+0200,60702.7468,MW,DE,DE_LU,actual_load,Actual Load,2026-09-18T19:30:54Z
2026-09-18T19:30:52Z,2026-09-18T21:30:52+0200,c763b210-3d48-4a7a-82d3-58ff54bc29c8,2026-09-15T18:00:00Z,2026-09-15T20:00:00+0200,60483.59581,MW,DE,DE_LU,actual_load,Actual Load,2026-09-18T19:30:54Z
2026-09-18T19:30:52Z,2026-09-18T21:30:52+0200,c763b210-3d48-4a7a-82d3-58ff54bc29c8,2026-09-15T18:15:00Z,2026-09-15T20:15:00+0200,60266.039259,MW,DE,DE_LU,actual_load,Actual Load,2026-09-18T19:30:54Z
2026-09-18T19:30:52Z,2026-09-18T21:30:52+0200,c763b210-3d48-4a7a-82d3-58ff54bc29c8,2026-09-15T18:30:00Z,2026-09-15T20:30:00+0200,60099.05909,MW,DE,DE_LU,actual_load,Actual Load,2026-09-18T19:30:54Z
2026-09-18T19:30:52Z,2026-09-18T21:30:52+0200,c763b210-3d48-4a7a-82d3-58ff54bc29c8,2026-09-15T18:45:00Z,2026-09-15T20:45:00+0200,59482.937209,MW,DE,DE_LU,actual_load,Actual Load,2026-09-18T19:30:54Z
2026-09-18T19:30:52Z,2026-09-18T21:30:52+0200,c763b210-3d48-4a7a-82d3-58ff54bc29c8,2026-09-15T19:00:00Z,2026-09-15T21:00:00+0200,58065.288219,MW,DE,DE_LU,actual_load,Actual Load,2026-09-18T19:30:54Z
2026-09-18T19:30:52Z,2026-09-18T21:30:52+0200,c763b210-3d48-4a7a-82d3-58ff54bc29c8,2026-09-15T19:15:00Z,2026-09-15T21:15:00+0200,57208.94613,MW,DE,DE_LU,actual_load,Actual Load,2026-09-18T19:30:54Z
2026-09-18T19:30:52Z,2026-09-18T21:30:52+0200,c763b210-3d48-4a7a-82d3-58ff54bc29c8,2026-09-15T19:30:00Z,2026-09-15T21:30:00+0200,56494.56588,MW,DE,DE_LU,actual_load,Actual Load,2026-09-18T19:30:54Z
2026-09-18T19:30:52Z,2026-09-18T21:30:52+0200,c763b210-3d48-4a7a-82d3-58ff54bc29c8,2026-09-15T19:45:00Z,2026-09-15T21:45:00+0200,55574.73014,MW,DE,DE_LU,actual_load,Actual Load,2026-09-18T19:30:54Z
2026-09-18T19:30:52Z,2026-09-18T21:30:52+0200,c763b210-3d48-4a7a-82d3-58ff54bc29c8,2026-09-15T20:00:00Z,2026-09-15T22:00:00+0200,54507.91394,MW,DE,DE_LU,actual_load,Actual Load,2026-09-18T19:30:54Z
2026-09-18T19:30:52Z,2026-09-18T21:30:52+0200,c763b210-3d48-4a7a-82d3-58ff54bc29c8,2026-09-15T20:15:00Z,2026-09-15T22:15:00+0200,53950.95411,MW,DE,DE_LU,actual_load,Actual Load,2026-09-18T19:30:54Z
2026-09-18T19:30:52Z,2026-09-18T21:30:52+0200,c763b210-3d48-4a7a-82d3-58ff54bc29c8,2026-09-15T20:30:00Z,2026-09-15T22:30:00+0200,53522.06801,MW,DE,DE_LU,actual_load,Actual Load,2026-09-18T19:30:54Z
2026-09-18T19:30:52Z,2026-09-18T21:30:52+0200,c763b210-3d48-4a7a-82d3-58ff54bc29c8,2026-09-15T20:45:00Z,2026-09-15T22:45:00+0200,52621.26969,MW,DE,DE_LU,actual_load,Actual Load,2026-09-18T19:30:54Z
2026-09-18T19:30:52Z,2026-09-18T21:30:52+0200,c763b210-3d48-4a7a-82d3-58ff54bc29c8,2026-09-15T21:00:00Z,2026-09-15T23:00:00+0200,51352.90372,MW,DE,DE_LU,actual_load,Actual Load,2026-09-18T19:30:54Z
2026-09-18T19:30:52Z,2026-09-18T21:30:52+0200,c763b210-3d48-4a7a-82d3-58ff54bc29c8,2026-09-15T21:15:00Z,2026-09-15T23:15:00+0200,50658.85089,MW,DE,DE_LU,actual_load,Actual Load,2026-09-18T19:30:54Z
2026-09-18T19:30:52Z,2026-09-18T21:30:52+0200,c763b210-3d48-4a7a-82d3-58ff54bc29c8,2026-09-15T21:30:00Z,2026-09-15T23:30:00+0200,50125.9737,MW,DE,DE_LU,actual_load,Actual Load,2026-09-18T19:30:54Z
2026-09-18T19:30:52Z,2026-09-18T21:30:52+0200,c763b210-3d48-4a7a-82d3-58ff54bc29c8,2026-09-15T21:45:00Z,2026-09-15T23:45:00+0200,49376.3003,MW,DE,DE_LU,actual_load,Actual Load,2026-09-18T19:30:54Z
2026-09-18T19:30:52Z,2026-09-18T21:30:52+0200,c763b210-3d48-4a7a-82d3-58ff54bc29c8,2026-09-15T22:00:00Z,2026-09-16T00:00:00+0200,48028.17291,MW,DE,DE_LU,actual_load,Actual Load,2026-09-18T19:30:54Z
2026-09-18T19:30:52Z,2026-09-18T21:30:52+0200,c763b210-3d48-4a7a-82d3-58ff54bc29c8,2026-09-15T22:15:00Z,2026-09-16T00:15:00+0200,47695.48437,MW,DE,DE_LU,actual_load,Actual Load,2026-09-18T19:30:54Z
2026-09-18T19:30:52Z,2026-09-18T21:30:52+0200,c763b210-3d48-4a7a-82d3-58ff54bc29c8,2026-09-15T22:30:00Z,2026-09-16T00:30:00+0200,47857.06736,MW,DE,DE_LU,actual_load,Actual Load,2026-09-18T19:30:54Z
2026-09-18T19:30:52Z,2026-09-18T21:30:52+0200,c763b210-3d48-4a7a-82d3-58ff54bc29c8,2026-09-15T22:45:00Z,2026-09-16T00:45:00+0200,47626.45505,MW,DE,DE_LU,actual_load,Actual Load,2026-09-18T19:30:54Z
2026-09-18T19:30:52Z,2026-09-18T21:30:52+0200,c763b210-3d48-4a7a-82d3-58ff54bc29c8,2026-09-15T23:00:00Z,2026-09-16T01:00:00+0200,46703.37434,MW,DE,DE_LU,actual_load,Actual Load,2026-09-18T19:30:54Z
2026-09-18T19:30:52Z,2026-09-18T21:30:52+0200,c763b210-3d48-4a7a-82d3-58ff54bc29c8,2026-09-15T23:15:00Z,2026-09-16T01:15:00+0200,46593.62699,MW,DE,DE_LU,actual_load,Actual Load,2026-09-18T19:30:54Z
2026-09-18T19:30:52Z,2026-09-18T21:30:52+0200,c763b210-3d48-4a7a-82d3-58ff54bc29c8,2026-09-15T23:30:00Z,2026-09-16T01:30:00+0200,45780.62848,MW,DE,DE_LU,actual_load,Actual Load,2026-09-18T19:30:54Z
2026-09-18T19:30:52Z,2026-09-18T21:30:52+0200,c763b210-3d48-4a7a-82d3-58ff54bc29c8,2026-09-15T23:45:00Z,2026-09-16T01:45:00+0200,45885.62437,MW,DE,DE_LU,actual_load,Actual Load,2026-09-18T19:30:54Z
2026-09-18T19:30:52Z,2026-09-18T21:30:52+0200,c763b210-3d48-4a7a-82d3-58ff54bc29c8,2026-09-16T00:00:00Z,2026-09-16T02:00:00+0200,45784.88591,MW,DE,DE_LU,actual_load,Actual Load,2026-09-18T19:30:54Z
2026-09-18T19:30:52Z,2026-09-18T21:30:52+0200,c763b210-3d48-4a7a-82d3-58ff54bc29c8,2026-09-16T00:15:00Z,2026-09-16T02:15:00+0200,45570.62342,MW,DE,DE_LU,actual_load,Actual Load,2026-09-18T19:30:54Z
2026-09-18T19:30:52Z,2026-09-18T21:30:52+0200,c763b210-3d48-4a7a-82d3-58ff54bc29c8,2026-09-16T00:30:00Z,2026-09-16T02:30:00+0200,45650.3552,MW,DE,DE_LU,actual_load,Actual Load,2026-09-18T19:30:54Z
2026-09-18T19:30:52Z,2026-09-18T21:30:52+0200,c763b210-3d48-4a7a-82d3-58ff54bc29c8,2026-09-16T00:45:00Z,2026-09-16T02:45:00+0200,45148.62215,MW,DE,DE_LU,actual_load,Actual Load,2026-09-18T19:30:54Z
2026-09-18T19:30:52Z,2026-09-18T21:30:52+0200,c763b210-3d48-4a7a-82d3-58ff54bc29c8,2026-09-16T01:00:00Z,2026-09-16T03:00:00+0200,44827.03837,MW,DE,DE_LU,actual_load,Actual Load,2026-09-18T19:30:54Z
2026-09-18T19:30:52Z,2026-09-18T21:30:52+0200,c763b210-3d48-4a7a-82d3-58ff54bc29c8,2026-09-16T01:15:00Z,2026-09-16T03:15:00+0200,44774.24241,MW,DE,DE_LU,actual_load,Actual Load,2026-09-18T19:30:54Z
2026-09-18T19:30:52Z,2026-09-18T21:30:52+0200,c763b210-3d48-4a7a-82d3-58ff54bc29c8,2026-09-16T01:30:00Z,2026-09-16T03:30:00+0200,44532.23784,MW,DE,DE_LU,actual_load,Actual Load,2026-09-18T19:30:54Z
2026-09-18T19:30:52Z,2026-09-18T21:30:52+0200,c763b210-3d48-4a7a-82d3-58ff54bc29c8,2026-09-16T01:45:00Z,2026-09-16T03:45:00+0200,44259.22074,MW,DE,DE_LU,actual_load,Actual Load,2026-09-18T19:30:54Z
2026-09-18T19:30:52Z,2026-09-18T21:30:52+0200,c763b210-3d48-4a7a-82d3-58ff54bc29c8,2026-09-16T02:00:00Z,2026-09-16T04:00:00+0200,45425.02395,MW,DE,DE_LU,actual_load,Actual Load,2026-09-18T19:30:54Z
2026-09-18T19:30:52Z,2026-09-18T21:30:52+0200,c763b210-3d48-4a7a-82d3-58ff54bc29c8,2026-09-16T02:15:00Z,2026-09-16T04:15:00+0200,45503.94796,MW,DE,DE_LU,actual_load,Actual Load,2026-09-18T19:30:54Z
2026-09-18T19:30:52Z,2026-09-18T21:30:52+0200,c763b210-3d48-4a7a-82d3-58ff54bc29c8,2026-09-16T02:30:00Z,2026-09-16T04:30:00+0200,45785.83444,MW,DE,DE_LU,actual_load,Actual Load,2026-09-18T19:30:54Z
2026-09-18T19:30:52Z,2026-09-18T21:30:52+0200,c763b210-3d48-4a7a-82d3-58ff54bc29c8,2026-09-16T02:45:00Z,2026-09-16T04:45:00+0200,45946.20204,MW,DE,DE_LU,actual_load,Actual Load,2026-09-18T19:30:54Z
2026-09-18T19:30:52Z,2026-09-18T21:30:52+0200,c763b210-3d48-4a7a-82d3-58ff54bc29c8,2026-09-16T03:00:00Z,2026-09-16T05:00:00+0200,46842.18045,MW,DE,DE_LU,actual_load,Actual Load,2026-09-18T19:30:54Z
2026-09-18T19:30:52Z,2026-09-18T21:30:52+0200,c763b210-3d48-4a7a-82d3-58ff54bc29c8,2026-09-16T03:15:00Z,2026-09-16T05:15:00+0200,47669.02048,MW,DE,DE_LU,actual_load,Actual Load,2026-09-18T19:30:54Z
2026-09-18T19:30:52Z,2026-09-18T21:30:52+0200,c763b210-3d48-4a7a-82d3-58ff54bc29c8,2026-09-16T03:30:00Z,2026-09-16T05:30:00+0200,49026.5094,MW,DE,DE_LU,actual_load,Actual Load,2026-09-18T19:30:54Z
2026-09-18T19:30:52Z,2026-09-18T21:30:52+0200,c763b210-3d48-4a7a-82d3-58ff54bc29c8,2026-09-16T03:45:00Z,2026-09-16T05:45:00+0200,50714.33107,MW,DE,DE_LU,actual_load,Actual Load,2026-09-18T19:30:54Z
2026-09-18T19:30:52Z,2026-09-18T21:30:52+0200,c763b210-3d48-4a7a-82d3-58ff54bc29c8,2026-09-16T04:00:00Z,2026-09-16T06:00:00+0200,53552.07833,MW,DE,DE_LU,actual_load,Actual Load,2026-09-18T19:30:54Z
2026-09-18T19:30:52Z,2026-09-18T21:30:52+0200,c763b210-3d48-4a7a-82d3-58ff54bc29c8,2026-09-16T04:15:00Z,2026-09-16T06:15:00+0200,55550.67686,MW,DE,DE_LU,actual_load,Actual Load,2026-09-18T19:30:54Z
2026-09-18T19:30:52Z,2026-09-18T21:30:52+0200,c763b210-3d48-4a7a-82d3-58ff54bc29c8,2026-09-16T04:30:00Z,2026-09-16T06:30:00+0200,56628.31852,MW,DE,DE_LU,actual_load,Actual Load,2026-09-18T19:30:54Z
2026-09-18T19:30:52Z,2026-09-18T21:30:52+0200,c763b210-3d48-4a7a-82d3-58ff54bc29c8,2026-09-16T04:45:00Z,2026-09-16T06:45:00+0200,56993.88267,MW,DE,DE_LU,actual_load,Actual Load,2026-09-18T19:30:54Z
2026-09-18T19:30:52Z,2026-09-18T21:30:52+0200,c763b210-3d48-4a7a-82d3-58ff54bc29c8,2026-09-16T05:00:00Z,2026-09-16T07:00:00+0200,58061.37002,MW,DE,DE_LU,actual_load,Actual Load,2026-09-18T19:30:54Z
2026-09-18T19:30:52Z,2026-09-18T21:30:52+0200,c763b210-3d48-4a7a-82d3-58ff54bc29c8,2026-09-16T05:15:00Z,2026-09-16T07:15:00+0200,58857.30151,MW,DE,DE_LU,actual_load,Actual Load,2026-09-18T19:30:54Z
2026-09-18T19:30:52Z,2026-09-18T21:30:52+0200,c763b210-3d48-4a7a-82d3-58ff54bc29c8,2026-09-16T05:30:00Z,2026-09-16T07:30:00+0200,59851.37548,MW,DE,DE_LU,actual_load,Actual Load,2026-09-18T19:30:54Z
2026-09-18T19:30:52Z,2026-09-18T21:30:52+0200,c763b210-3d48-4a7a-82d3-58ff54bc29c8,2026-09-16T05:45:00Z,2026-09-16T07:45:00+0200,60978.17186,MW,DE,DE_LU,actual_load,Actual Load,2026-09-18T19:30:54Z
2026-09-18T19:30:52Z,2026-09-18T21:30:52+0200,c763b210-3d48-4a7a-82d3-58ff54bc29c8,2026-09-16T06:00:00Z,2026-09-16T08:00:00+0200,61220.32717,MW,DE,DE_LU,actual_load,Actual Load,2026-09-18T19:30:54Z
2026-09-18T19:30:52Z,2026-09-18T21:30:52+0200,c763b210-3d48-4a7a-82d3-58ff54bc29c8,2026-09-16T06:15:00Z,2026-09-16T08:15:00+0200,62201.945,MW,DE,DE_LU,actual_load,Actual Load,2026-09-18T19:30:54Z
2026-09-18T19:30:52Z,2026-09-18T21:30:52+0200,c763b210-3d48-4a7a-82d3-58ff54bc29c8,2026-09-16T06:30:00Z,2026-09-16T08:30:00+0200,63089.51841,MW,DE,DE_LU,actual_load,Actual Load,2026-09-18T19:30:54Z
2026-09-18T19:30:52Z,2026-09-18T21:30:52+0200,c763b210-3d48-4a7a-82d3-58ff54bc29c8,2026-09-16T06:45:00Z,2026-09-16T08:45:00+0200,63992.18149,MW,DE,DE_LU,actual_load,Actual Load,2026-09-18T19:30:54Z
2026-09-18T19:30:52Z,2026-09-18T21:30:52+0200,c763b210-3d48-4a7a-82d3-58ff54bc29c8,2026-09-16T07:00:00Z,2026-09-16T09:00:00+0200,63497.99468,MW,DE,DE_LU,actual_load,Actual Load,2026-09-18T19:30:54Z
2026-09-18T19:30:52Z,2026-09-18T21:30:52+0200,c763b210-3d48-4a7a-82d3-58ff54bc29c8,2026-09-16T07:15:00Z,2026-09-16T09:15:00+0200,64339.40733,MW,DE,DE_LU,actual_load,Actual Load,2026-09-18T19:30:54Z
2026-09-18T19:30:52Z,2026-09-18T21:30:52+0200,c763b210-3d48-4a7a-82d3-58ff54bc29c8,2026-09-16T07:30:00Z,2026-09-16T09:30:00+0200,64753.02271,MW,DE,DE_LU,actual_load,Actual Load,2026-09-18T19:30:54Z
2026-09-18T19:30:52Z,2026-09-18T21:30:52+0200,c763b210-3d48-4a7a-82d3-58ff54bc29c8,2026-09-16T07:45:00Z,2026-09-16T09:45:00+0200,65377.62103,MW,DE,DE_LU,actual_load,Actual Load,2026-09-18T19:30:54Z
2026-09-18T19:30:52Z,2026-09-18T21:30:52+0200,c763b210-3d48-4a7a-82d3-58ff54bc29c8,2026-09-16T08:00:00Z,2026-09-16T10:00:00+0200,65327.13814,MW,DE,DE_LU,actual_load,Actual Load,2026-09-18T19:30:54Z
2026-09-18T19:30:52Z,2026-09-18T21:30:52+0200,c763b210-3d48-4a7a-82d3-58ff54bc29c8,2026-09-16T08:15:00Z,2026-09-16T10:15:00+0200,65453.58876,MW,DE,DE_LU,actual_load,Actual Load,2026-09-18T19:30:54Z
2026-09-18T19:30:52Z,2026-09-18T21:30:52+0200,c763b210-3d48-4a7a-82d3-58ff54bc29c8,2026-09-16T08:30:00Z,2026-09-16T10:30:00+0200,65315.20267,MW,DE,DE_LU,actual_load,Actual Load,2026-09-18T19:30:54Z
2026-09-18T19:30:52Z,2026-09-18T21:30:52+0200,c763b210-3d48-4a7a-82d3-58ff54bc29c8,2026-09-16T08:45:00Z,2026-09-16T10:45:00+0200,65395.79724,MW,DE,DE_LU,actual_load,Actual Load,2026-09-18T19:30:54Z
2026-09-18T19:30:52Z,2026-09-18T21:30:52+0200,c763b210-3d48-4a7a-82d3-58ff54bc29c8,2026-09-16T09:00:00Z,2026-09-16T11:00:00+0200,64574.96369,MW,DE,DE_LU,actual_load,Actual Load,2026-09-18T19:30:54Z
2026-09-18T19:30:52Z,2026-09-18T21:30:52+0200,c763b210-3d48-4a7a-82d3-58ff54bc29c8,2026-09-16T09:15:00Z,2026-09-16T11:15:00+0200,64830.99635,MW,DE,DE_LU,actual_load,Actual Load,2026-09-18T19:30:54Z
2026-09-18T19:30:52Z,2026-09-18T21:30:52+0200,c763b210-3d48-4a7a-82d3-58ff54bc29c8,2026-09-16T09:30:00Z,2026-09-16T11:30:00+0200,64793.86571,MW,DE,DE_LU,actual_load,Actual Load,2026-09-18T19:30:54Z
2026-09-18T19:30:52Z,2026-09-18T21:30:52+0200,c763b210-3d48-4a7a-82d3-58ff54bc29c8,2026-09-16T09:45:00Z,2026-09-16T11:45:00+0200,64572.67456,MW,DE,DE_LU,actual_load,Actual Load,2026-09-18T19:30:54Z
2026-09-18T19:30:52Z,2026-09-18T21:30:52+0200,c763b210-3d48-4a7a-82d3-58ff54bc29c8,2026-09-16T10:00:00Z,2026-09-16T12:00:00+0200,63460.83575,MW,DE,DE_LU,actual_load,Actual Load,2026-09-18T19:30:54Z
2026-09-18T19:30:52Z,2026-09-18T21:30:52+0200,c763b210-3d48-4a7a-82d3-58ff54bc29c8,2026-09-16T10:15:00Z,2026-09-16T12:15:00+0200,63573.31204,MW,DE,DE_LU,actual_load,Actual Load,2026-09-18T19:30:54Z
2026-09-18T19:30:52Z,2026-09-18T21:30:52+0200,c763b210-3d48-4a7a-82d3-58ff54bc29c8,2026-09-16T10:30:00Z,2026-09-16T12:30:00+0200,63834.55052,MW,DE,DE_LU,actual_load,Actual Load,2026-09-18T19:30:54Z
2026-09-18T19:30:52Z,2026-09-18T21:30:52+0200,c763b210-3d48-4a7a-82d3-58ff54bc29c8,2026-09-16T10:45:00Z,2026-09-16T12:45:00+0200,63133.43515,MW,DE,DE_LU,actual_load,Actual Load,2026-09-18T19:30:54Z
2026-09-18T19:30:52Z,2026-09-18T21:30:52+0200,c763b210-3d48-4a7a-82d3-58ff54bc29c8,2026-09-16T11:00:00Z,2026-09-16T13:00:00+0200,63805.18574,MW,DE,DE_LU,actual_load,Actual Load,2026-09-18T19:30:54Z
2026-09-18T19:30:52Z,2026-09-18T21:30:52+0200,c763b210-3d48-4a7a-82d3-58ff54bc29c8,2026-09-16T11:15:00Z,2026-09-16T13:15:00+0200,63003.01362,MW,DE,DE_LU,actual_load,Actual Load,2026-09-18T19:30:54Z
2026-09-18T19:30:52Z,2026-09-18T21:30:52+0200,c763b210-3d48-4a7a-82d3-58ff54bc29c8,2026-09-16T11:30:00Z,2026-09-16T13:30:00+0200,62906.79769,MW,DE,DE_LU,actual_load,Actual Load,2026-09-18T19:30:54Z
2026-09-18T19:30:52Z,2026-09-18T21:30:52+0200,c763b210-3d48-4a7a-82d3-58ff54bc29c8,2026-09-16T11:45:00Z,2026-09-16T13:45:00+0200,62365.62658,MW,DE,DE_LU,actual_load,Actual Load,2026-09-18T19:30:54Z
2026-09-18T19:30:52Z,2026-09-18T21:30:52+0200,c763b210-3d48-4a7a-82d3-58ff54bc29c8,2026-09-16T12:00:00Z,2026-09-16T14:00:00+0200,61851.83485,MW,DE,DE_LU,actual_load,Actual Load,2026-09-18T19:30:54Z
2026-09-18T19:30:52Z,2026-09-18T21:30:52+0200,c763b210-3d48-4a7a-82d3-58ff54bc29c8,2026-09-16T12:15:00Z,2026-09-16T14:15:00+0200,61135.77222,MW,DE,DE_LU,actual_load,Actual Load,2026-09-18T19:30:54Z
2026-09-18T19:30:52Z,2026-09-18T21:30:52+0200,c763b210-3d48-4a7a-82d3-58ff54bc29c8,2026-09-16T12:30:00Z,2026-09-16T14:30:00+0200,60613.8642,MW,DE,DE_LU,actual_load,Actual Load,2026-09-18T19:30:54Z
2026-09-18T19:30:52Z,2026-09-18T21:30:52+0200,c763b210-3d48-4a7a-82d3-58ff54bc29c8,2026-09-16T12:45:00Z,2026-09-16T14:45:00+0200,61003.89773,MW,DE,DE_LU,actual_load,Actual Load,2026-09-18T19:30:54Z
2026-09-18T19:30:52Z,2026-09-18T21:30:52+0200,c763b210-3d48-4a7a-82d3-58ff54bc29c8,2026-09-16T13:00:00Z,2026-09-16T15:00:00+0200,61301.0015,MW,DE,DE_LU,actual_load,Actual Load,2026-09-18T19:30:54Z
2026-09-18T19:30:52Z,2026-09-18T21:30:52+0200,c763b210-3d48-4a7a-82d3-58ff54bc29c8,2026-09-16T13:15:00Z,2026-09-16T15:15:00+0200,60591.78219,MW,DE,DE_LU,actual_load,Actual Load,2026-09-18T19:30:54Z
2026-09-18T19:30:52Z,2026-09-18T21:30:52+0200,c763b210-3d48-4a7a-82d3-58ff54bc29c8,2026-09-16T13:30:00Z,2026-09-16T15:30:00+0200,60809.81275,MW,DE,DE_LU,actual_load,Actual Load,2026-09-18T19:30:54Z
2026-09-18T19:30:52Z,2026-09-18T21:30:52+0200,c763b210-3d48-4a7a-82d3-58ff54bc29c8,2026-09-16T13:45:00Z,2026-09-16T15:45:00+0200,61039.37388,MW,DE,DE_LU,actual_load,Actual Load,2026-09-18T19:30:54Z
2026-09-18T19:30:52Z,2026-09-18T21:30:52+0200,c763b210-3d48-4a7a-82d3-58ff54bc29c8,2026-09-16T14:00:00Z,2026-09-16T16:00:00+0200,61525.74683,MW,DE,DE_LU,actual_load,Actual Load,2026-09-18T19:30:54Z
2026-09-18T19:30:52Z,2026-09-18T21:30:52+0200,c763b210-3d48-4a7a-82d3-58ff54bc29c8,2026-09-16T14:15:00Z,2026-09-16T16:15:00+0200,61220.19213,MW,DE,DE_LU,actual_load,Actual Load,2026-09-18T19:30:54Z
2026-09-18T19:30:52Z,2026-09-18T21:30:52+0200,c763b210-3d48-4a7a-82d3-58ff54bc29c8,2026-09-16T14:30:00Z,2026-09-16T16:30:00+0200,60773.28259,MW,DE,DE_LU,actual_load,Actual Load,2026-09-18T19:30:54Z
2026-09-18T19:30:52Z,2026-09-18T21:30:52+0200,c763b210-3d48-4a7a-82d3-58ff54bc29c8,2026-09-16T14:45:00Z,2026-09-16T16:45:00+0200,60918.69303,MW,DE,DE_LU,actual_load,Actual Load,2026-09-18T19:30:54Z
2026-09-18T19:30:52Z,2026-09-18T21:30:52+0200,c763b210-3d48-4a7a-82d3-58ff54bc29c8,2026-09-16T15:00:00Z,2026-09-16T17:00:00+0200,62366.71037,MW,DE,DE_LU,actual_load,Actual Load,2026-09-18T19:30:54Z
2026-09-18T19:30:52Z,2026-09-18T21:30:52+0200,c763b210-3d48-4a7a-82d3-58ff54bc29c8,2026-09-16T15:15:00Z,2026-09-16T17:15:00+0200,61949.28499,MW,DE,DE_LU,actual_load,Actual Load,2026-09-18T19:30:54Z
2026-09-18T19:30:52Z,2026-09-18T21:30:52+0200,c763b210-3d48-4a7a-82d3-58ff54bc29c8,2026-09-16T15:30:00Z,2026-09-16T17:30:00+0200,62042.72773,MW,DE,DE_LU,actual_load,Actual Load,2026-09-18T19:30:54Z
2026-09-18T19:30:52Z,2026-09-18T21:30:52+0200,c763b210-3d48-4a7a-82d3-58ff54bc29c8,2026-09-16T15:45:00Z,2026-09-16T17:45:00+0200,61398.54936,MW,DE,DE_LU,actual_load,Actual Load,2026-09-18T19:30:54Z
2026-09-18T19:30:52Z,2026-09-18T21:30:52+0200,c763b210-3d48-4a7a-82d3-58ff54bc29c8,2026-09-16T16:00:00Z,2026-09-16T18:00:00+0200,62036.84649,MW,DE,DE_LU,actual_load,Actual Load,2026-09-18T19:30:54Z
2026-09-18T19:30:52Z,2026-09-18T21:30:52+0200,c763b210-3d48-4a7a-82d3-58ff54bc29c8,2026-09-16T16:15:00Z,2026-09-16T18:15:00+0200,62144.32701,MW,DE,DE_LU,actual_load,Actual Load,2026-09-18T19:30:54Z
2026-09-18T19:30:52Z,2026-09-18T21:30:52+0200,c763b210-3d48-4a7a-82d3-58ff54bc29c8,2026-09-16T16:30:00Z,2026-09-16T18:30:00+0200,62087.89919,MW,DE,DE_LU,actual_load,Actual Load,2026-09-18T19:30:54Z
2026-09-18T19:30:52Z,2026-09-18T21:30:52+0200,c763b210-3d48-4a7a-82d3-58ff54bc29c8,2026-09-16T16:45:00Z,2026-09-16T18:45:00+0200,61134.6775,MW,DE,DE_LU,actual_load,Actual Load,2026-09-18T19:30:54Z
2026-09-18T19:30:52Z,2026-09-18T21:30:52+0200,c763b210-3d48-4a7a-82d3-58ff54bc29c8,2026-09-16T17:00:00Z,2026-09-16T19:00:00+0200,61435.44426,MW,DE,DE_LU,actual_load,Actual Load,2026-09-18T19:30:54Z
2026-09-18T19:30:52Z,2026-09-18T21:30:52+0200,c763b210-3d48-4a7a-82d3-58ff54bc29c8,2026-09-16T17:15:00Z,2026-09-16T19:15:00+0200,61003.61361,MW,DE,DE_LU,actual_load,Actual Load,2026-09-18T19:30:54Z
2026-09-18T19:30:52Z,2026-09-18T21:30:52+0200,c763b210-3d48-4a7a-82d3-58ff54bc29c8,2026-09-16T17:30:00Z,2026-09-16T19:30:00+0200,60594.69616,MW,DE,DE_LU,actual_load,Actual Load,2026-09-18T19:30:54Z
2026-09-18T19:30:52Z,2026-09-18T21:30:52+0200,c763b210-3d48-4a7a-82d3-58ff54bc29c8,2026-09-16T17:45:00Z,2026-09-16T19:45:00+0200,61332.038,MW,DE,DE_LU,actual_load,Actual Load,2026-09-18T19:30:54Z
2026-09-18T19:30:52Z,2026-09-18T21:30:52+0200,c763b210-3d48-4a7a-82d3-58ff54bc29c8,2026-09-16T18:00:00Z,2026-09-16T20:00:00+0200,60961.77095,MW,DE,DE_LU,actual_load,Actual Load,2026-09-18T19:30:54Z
2026-09-18T19:30:52Z,2026-09-18T21:30:52+0200,c763b210-3d48-4a7a-82d3-58ff54bc29c8,2026-09-16T18:15:00Z,2026-09-16T20:15:00+0200,59775.37849,MW,DE,DE_LU,actual_load,Actual Load,2026-09-18T19:30:54Z
2026-09-18T19:30:52Z,2026-09-18T21:30:52+0200,c763b210-3d48-4a7a-82d3-58ff54bc29c8,2026-09-16T18:30:00Z,2026-09-16T20:30:00+0200,58938.40231,MW,DE,DE_LU,actual_load,Actual Load,2026-09-18T19:30:54Z
2026-09-18T19:30:52Z,2026-09-18T21:30:52+0200,c763b210-3d48-4a7a-82d3-58ff54bc29c8,2026-09-16T18:45:00Z,2026-09-16T20:45:00+0200,58766.87027,MW,DE,DE_LU,actual_load,Actual Load,2026-09-18T19:30:54Z
2026-09-18T19:30:52Z,2026-09-18T21:30:52+0200,c763b210-3d48-4a7a-82d3-58ff54bc29c8,2026-09-16T19:00:00Z,2026-09-16T21:00:00+0200,57889.20628,MW,DE,DE_LU,actual_load,Actual Load,2026-09-18T19:30:54Z
2026-09-18T19:30:52Z,2026-09-18T21:30:52+0200,c763b210-3d48-4a7a-82d3-58ff54bc29c8,2026-09-16T19:15:00Z,2026-09-16T21:15:00+0200,56994.17346,MW,DE,DE_LU,actual_load,Actual Load,2026-09-18T19:30:54Z
2026-09-18T19:30:52Z,2026-09-18T21:30:52+0200,c763b210-3d48-4a7a-82d3-58ff54bc29c8,2026-09-16T19:30:00Z,2026-09-16T21:30:00+0200,55875.95306,MW,DE,DE_LU,actual_load,Actual Load,2026-09-18T19:30:54Z
2026-09-18T19:30:52Z,2026-09-18T21:30:52+0200,c763b210-3d48-4a7a-82d3-58ff54bc29c8,2026-09-16T19:45:00Z,2026-09-16T21:45:00+0200,54861.21453,MW,DE,DE_LU,actual_load,Actual Load,2026-09-18T19:30:54Z
2026-09-18T19:30:52Z,2026-09-18T21:30:52+0200,c763b210-3d48-4a7a-82d3-58ff54bc29c8,2026-09-16T20:00:00Z,2026-09-16T22:00:00+0200,54269.61501,MW,DE,DE_LU,actual_load,Actual Load,2026-09-18T19:30:54Z
2026-09-18T19:30:52Z,2026-09-18T21:30:52+0200,c763b210-3d48-4a7a-82d3-58ff54bc29c8,2026-09-16T20:15:00Z,2026-09-16T22:15:00+0200,53665.69868,MW,DE,DE_LU,actual_load,Actual Load,2026-09-18T19:30:54Z
2026-09-18T19:30:52Z,2026-09-18T21:30:52+0200,c763b210-3d48-4a7a-82d3-58ff54bc29c8,2026-09-16T20:30:00Z,2026-09-16T22:30:00+0200,52406.52493,MW,DE,DE_LU,actual_load,Actual Load,2026-09-18T19:30:54Z
2026-09-18T19:30:52Z,2026-09-18T21:30:52+0200,c763b210-3d48-4a7a-82d3-58ff54bc29c8,2026-09-16T20:45:00Z,2026-09-16T22:45:00+0200,51342.76576,MW,DE,DE_LU,actual_load,Actual Load,2026-09-18T19:30:54Z
2026-09-18T19:30:52Z,2026-09-18T21:30:52+0200,c763b210-3d48-4a7a-82d3-58ff54bc29c8,2026-09-16T21:00:00Z,2026-09-16T23:00:00+0200,49875.24593,MW,DE,DE_LU,actual_load,Actual Load,2026-09-18T19:30:54Z
2026-09-18T19:30:52Z,2026-09-18T21:30:52+0200,c763b210-3d48-4a7a-82d3-58ff54bc29c8,2026-09-16T21:15:00Z,2026-09-16T23:15:00+0200,49425.35323,MW,DE,DE_LU,actual_load,Actual Load,2026-09-18T19:30:54Z
2026-09-18T19:30:52Z,2026-09-18T21:30:52+0200,c763b210-3d48-4a7a-82d3-58ff54bc29c8,2026-09-16T21:30:00Z,2026-09-16T23:30:00+0200,49543.79953,MW,DE,DE_LU,actual_load,Actual Load,2026-09-18T19:30:54Z
2026-09-18T19:30:52Z,2026-09-18T21:30:52+0200,c763b210-3d48-4a7a-82d3-58ff54bc29c8,2026-09-16T21:45:00Z,2026-09-16T23:45:00+0200,48863.8809,MW,DE,DE_LU,actual_load,Actual Load,2026-09-18T19:30:54Z
2026-09-18T19:30:52Z,2026-09-18T21:30:52+0200,c763b210-3d48-4a7a-82d3-58ff54bc29c8,2026-09-16T22:00:00Z,2026-09-17T00:00:00+0200,48144.55305,MW,DE,DE_LU,actual_load,Actual Load,2026-09-18T19:30:54Z
2026-09-18T19:30:52Z,2026-09-18T21:30:52+0200,c763b210-3d48-4a7a-82d3-58ff54bc29c8,2026-09-16T22:15:00Z,2026-09-17T00:15:00+0200,47433.52261,MW,DE,DE_LU,actual_load,Actual Load,2026-09-18T19:30:54Z
2026-09-18T19:30:52Z,2026-09-18T21:30:52+0200,c763b210-3d48-4a7a-82d3-58ff54bc29c8,2026-09-16T22:30:00Z,2026-09-17T00:30:00+0200,46973.36284,MW,DE,DE_LU,actual_load,Actual Load,2026-09-18T19:30:54Z
2026-09-18T19:30:52Z,2026-09-18T21:30:52+0200,c763b210-3d48-4a7a-82d3-58ff54bc29c8,2026-09-16T22:45:00Z,2026-09-17T00:45:00+0200,46844.99508,MW,DE,DE_LU,actual_load,Actual Load,2026-09-18T19:30:54Z
2026-09-18T19:30:52Z,2026-09-18T21:30:52+0200,c763b210-3d48-4a7a-82d3-58ff54bc29c8,2026-09-16T23:00:00Z,2026-09-17T01:00:00+0200,46302.37094,MW,DE,DE_LU,actual_load,Actual Load,2026-09-18T19:30:54Z
2026-09-18T19:30:52Z,2026-09-18T21:30:52+0200,c763b210-3d48-4a7a-82d3-58ff54bc29c8,2026-09-16T23:15:00Z,2026-09-17T01:15:00+0200,39455.41266,MW,DE,DE_LU,actual_load,Actual Load,2026-09-18T19:30:54Z
2026-09-18T19:30:52Z,2026-09-18T21:30:52+0200,c763b210-3d48-4a7a-82d3-58ff54bc29c8,2026-09-16T23:30:00Z,2026-09-17T01:30:00+0200,45576.62109,MW,DE,DE_LU,actual_load,Actual Load,2026-09-18T19:30:54Z
2026-09-18T19:30:52Z,2026-09-18T21:30:52+0200,c763b210-3d48-4a7a-82d3-58ff54bc29c8,2026-09-16T23:45:00Z,2026-09-17T01:45:00+0200,46294.26803,MW,DE,DE_LU,actual_load,Actual Load,2026-09-18T19:30:54Z
2026-09-18T19:30:52Z,2026-09-18T21:30:52+0200,c763b210-3d48-4a7a-82d3-58ff54bc29c8,2026-09-17T00:00:00Z,2026-09-17T02:00:00+0200,46062.06761,MW,DE,DE_LU,actual_load,Actual Load,2026-09-18T19:30:54Z
2026-09-18T19:30:52Z,2026-09-18T21:30:52+0200,c763b210-3d48-4a7a-82d3-58ff54bc29c8,2026-09-17T00:15:00Z,2026-09-17T02:15:00+0200,45088.80288,MW,DE,DE_LU,actual_load,Actual Load,2026-09-18T19:30:54Z
2026-09-18T19:30:52Z,2026-09-18T21:30:52+0200,c763b210-3d48-4a7a-82d3-58ff54bc29c8,2026-09-17T00:30:00Z,2026-09-17T02:30:00+0200,44774.97802,MW,DE,DE_LU,actual_load,Actual Load,2026-09-18T19:30:54Z
2026-09-18T19:30:52Z,2026-09-18T21:30:52+0200,c763b210-3d48-4a7a-82d3-58ff54bc29c8,2026-09-17T00:45:00Z,2026-09-17T02:45:00+0200,44762.31606,MW,DE,DE_LU,actual_load,Actual Load,2026-09-18T19:30:54Z
2026-09-18T19:30:52Z,2026-09-18T21:30:52+0200,c763b210-3d48-4a7a-82d3-58ff54bc29c8,2026-09-17T01:00:00Z,2026-09-17T03:00:00+0200,44859.46494,MW,DE,DE_LU,actual_load,Actual Load,2026-09-18T19:30:54Z
2026-09-18T19:30:52Z,2026-09-18T21:30:52+0200,c763b210-3d48-4a7a-82d3-58ff54bc29c8,2026-09-17T01:15:00Z,2026-09-17T03:15:00+0200,44872.42075,MW,DE,DE_LU,actual_load,Actual Load,2026-09-18T19:30:54Z
2026-09-18T19:30:52Z,2026-09-18T21:30:52+0200,c763b210-3d48-4a7a-82d3-58ff54bc29c8,2026-09-17T01:30:00Z,2026-09-17T03:30:00+0200,45214.04086,MW,DE,DE_LU,actual_load,Actual Load,2026-09-18T19:30:54Z
2026-09-18T19:30:52Z,2026-09-18T21:30:52+0200,c763b210-3d48-4a7a-82d3-58ff54bc29c8,2026-09-17T01:45:00Z,2026-09-17T03:45:00+0200,45436.6701,MW,DE,DE_LU,actual_load,Actual Load,2026-09-18T19:30:54Z
2026-09-18T19:30:52Z,2026-09-18T21:30:52+0200,c763b210-3d48-4a7a-82d3-58ff54bc29c8,2026-09-17T02:00:00Z,2026-09-17T04:00:00+0200,45523.37068,MW,DE,DE_LU,actual_load,Actual Load,2026-09-18T19:30:54Z
2026-09-18T19:30:52Z,2026-09-18T21:30:52+0200,c763b210-3d48-4a7a-82d3-58ff54bc29c8,2026-09-17T02:15:00Z,2026-09-17T04:15:00+0200,45876.71299,MW,DE,DE_LU,actual_load,Actual Load,2026-09-18T19:30:54Z
2026-09-18T19:30:52Z,2026-09-18T21:30:52+0200,c763b210-3d48-4a7a-82d3-58ff54bc29c8,2026-09-17T02:30:00Z,2026-09-17T04:30:00+0200,46805.15156,MW,DE,DE_LU,actual_load,Actual Load,2026-09-18T19:30:54Z
2026-09-18T19:30:52Z,2026-09-18T21:30:52+0200,c763b210-3d48-4a7a-82d3-58ff54bc29c8,2026-09-17T02:45:00Z,2026-09-17T04:45:00+0200,47752.33328,MW,DE,DE_LU,actual_load,Actual Load,2026-09-18T19:30:54Z
2026-09-18T19:30:52Z,2026-09-18T21:30:52+0200,c763b210-3d48-4a7a-82d3-58ff54bc29c8,2026-09-17T03:00:00Z,2026-09-17T05:00:00+0200,48824.72894,MW,DE,DE_LU,actual_load,Actual Load,2026-09-18T19:30:54Z
2026-09-18T19:30:52Z,2026-09-18T21:30:52+0200,c763b210-3d48-4a7a-82d3-58ff54bc29c8,2026-09-17T03:15:00Z,2026-09-17T05:15:00+0200,49467.29981,MW,DE,DE_LU,actual_load,Actual Load,2026-09-18T19:30:54Z
2026-09-18T19:30:52Z,2026-09-18T21:30:52+0200,c763b210-3d48-4a7a-82d3-58ff54bc29c8,2026-09-17T03:30:00Z,2026-09-17T05:30:00+0200,50742.30269,MW,DE,DE_LU,actual_load,Actual Load,2026-09-18T19:30:54Z
2026-09-18T19:30:52Z,2026-09-18T21:30:52+0200,c763b210-3d48-4a7a-82d3-58ff54bc29c8,2026-09-17T03:45:00Z,2026-09-17T05:45:00+0200,51805.19864,MW,DE,DE_LU,actual_load,Actual Load,2026-09-18T19:30:54Z
2026-09-18T19:30:52Z,2026-09-18T21:30:52+0200,c763b210-3d48-4a7a-82d3-58ff54bc29c8,2026-09-17T04:00:00Z,2026-09-17T06:00:00+0200,54037.58141,MW,DE,DE_LU,actual_load,Actual Load,2026-09-18T19:30:54Z
2026-09-18T19:30:52Z,2026-09-18T21:30:52+0200,c763b210-3d48-4a7a-82d3-58ff54bc29c8,2026-09-17T04:15:00Z,2026-09-17T06:15:00+0200,55264.24706,MW,DE,DE_LU,actual_load,Actual Load,2026-09-18T19:30:54Z
2026-09-18T19:30:52Z,2026-09-18T21:30:52+0200,c763b210-3d48-4a7a-82d3-58ff54bc29c8,2026-09-17T04:30:00Z,2026-09-17T06:30:00+0200,56227.24763,MW,DE,DE_LU,actual_load,Actual Load,2026-09-18T19:30:54Z
2026-09-18T19:30:52Z,2026-09-18T21:30:52+0200,c763b210-3d48-4a7a-82d3-58ff54bc29c8,2026-09-17T04:45:00Z,2026-09-17T06:45:00+0200,57326.82026,MW,DE,DE_LU,actual_load,Actual Load,2026-09-18T19:30:54Z
2026-09-18T19:30:52Z,2026-09-18T21:30:52+0200,c763b210-3d48-4a7a-82d3-58ff54bc29c8,2026-09-17T05:00:00Z,2026-09-17T07:00:00+0200,58179.0907,MW,DE,DE_LU,actual_load,Actual Load,2026-09-18T19:30:54Z
2026-09-18T19:30:52Z,2026-09-18T21:30:52+0200,c763b210-3d48-4a7a-82d3-58ff54bc29c8,2026-09-17T05:15:00Z,2026-09-17T07:15:00+0200,58870.1612,MW,DE,DE_LU,actual_load,Actual Load,2026-09-18T19:30:54Z
2026-09-18T19:30:52Z,2026-09-18T21:30:52+0200,c763b210-3d48-4a7a-82d3-58ff54bc29c8,2026-09-17T05:30:00Z,2026-09-17T07:30:00+0200,59960.35874,MW,DE,DE_LU,actual_load,Actual Load,2026-09-18T19:30:54Z
2026-09-18T19:30:52Z,2026-09-18T21:30:52+0200,c763b210-3d48-4a7a-82d3-58ff54bc29c8,2026-09-17T05:45:00Z,2026-09-17T07:45:00+0200,60673.7618,MW,DE,DE_LU,actual_load,Actual Load,2026-09-18T19:30:54Z
2026-09-18T19:30:52Z,2026-09-18T21:30:52+0200,c763b210-3d48-4a7a-82d3-58ff54bc29c8,2026-09-17T06:00:00Z,2026-09-17T08:00:00+0200,61533.15281,MW,DE,DE_LU,actual_load,Actual Load,2026-09-18T19:30:54Z
2026-09-18T19:30:52Z,2026-09-18T21:30:52+0200,c763b210-3d48-4a7a-82d3-58ff54bc29c8,2026-09-17T06:15:00Z,2026-09-17T08:15:00+0200,62110.9096,MW,DE,DE_LU,actual_load,Actual Load,2026-09-18T19:30:54Z
2026-09-18T19:30:52Z,2026-09-18T21:30:52+0200,c763b210-3d48-4a7a-82d3-58ff54bc29c8,2026-09-17T06:30:00Z,2026-09-17T08:30:00+0200,63096.49931,MW,DE,DE_LU,actual_load,Actual Load,2026-09-18T19:30:54Z
2026-09-18T19:30:52Z,2026-09-18T21:30:52+0200,c763b210-3d48-4a7a-82d3-58ff54bc29c8,2026-09-17T06:45:00Z,2026-09-17T08:45:00+0200,63332.93193,MW,DE,DE_LU,actual_load,Actual Load,2026-09-18T19:30:54Z
2026-09-18T19:30:52Z,2026-09-18T21:30:52+0200,c763b210-3d48-4a7a-82d3-58ff54bc29c8,2026-09-17T07:00:00Z,2026-09-17T09:00:00+0200,62116.43174,MW,DE,DE_LU,actual_load,Actual Load,2026-09-18T19:30:54Z
2026-09-18T19:30:52Z,2026-09-18T21:30:52+0200,c763b210-3d48-4a7a-82d3-58ff54bc29c8,2026-09-17T07:15:00Z,2026-09-17T09:15:00+0200,62769.6115,MW,DE,DE_LU,actual_load,Actual Load,2026-09-18T19:30:54Z
2026-09-18T19:30:52Z,2026-09-18T21:30:52+0200,c763b210-3d48-4a7a-82d3-58ff54bc29c8,2026-09-17T07:30:00Z,2026-09-17T09:30:00+0200,62464.17838,MW,DE,DE_LU,actual_load,Actual Load,2026-09-18T19:30:54Z
2026-09-18T19:30:52Z,2026-09-18T21:30:52+0200,c763b210-3d48-4a7a-82d3-58ff54bc29c8,2026-09-17T07:45:00Z,2026-09-17T09:45:00+0200,62747.78589,MW,DE,DE_LU,actual_load,Actual Load,2026-09-18T19:30:54Z
2026-09-18T19:30:52Z,2026-09-18T21:30:52+0200,c763b210-3d48-4a7a-82d3-58ff54bc29c8,2026-09-17T08:00:00Z,2026-09-17T10:00:00+0200,62344.59874,MW,DE,DE_LU,actual_load,Actual Load,2026-09-18T19:30:54Z
2026-09-18T19:30:52Z,2026-09-18T21:30:52+0200,c763b210-3d48-4a7a-82d3-58ff54bc29c8,2026-09-17T08:15:00Z,2026-09-17T10:15:00+0200,62976.63177,MW,DE,DE_LU,actual_load,Actual Load,2026-09-18T19:30:54Z
2026-09-18T19:30:52Z,2026-09-18T21:30:52+0200,c763b210-3d48-4a7a-82d3-58ff54bc29c8,2026-09-17T08:30:00Z,2026-09-17T10:30:00+0200,63061.41275,MW,DE,DE_LU,actual_load,Actual Load,2026-09-18T19:30:54Z
2026-09-18T19:30:52Z,2026-09-18T21:30:52+0200,c763b210-3d48-4a7a-82d3-58ff54bc29c8,2026-09-17T08:45:00Z,2026-09-17T10:45:00+0200,62818.60254,MW,DE,DE_LU,actual_load,Actual Load,2026-09-18T19:30:54Z
2026-09-18T19:30:52Z,2026-09-18T21:30:52+0200,c763b210-3d48-4a7a-82d3-58ff54bc29c8,2026-09-17T09:00:00Z,2026-09-17T11:00:00+0200,61765.78505,MW,DE,DE_LU,actual_load,Actual Load,2026-09-18T19:30:54Z
2026-09-18T19:30:52Z,2026-09-18T21:30:52+0200,c763b210-3d48-4a7a-82d3-58ff54bc29c8,2026-09-17T09:15:00Z,2026-09-17T11:15:00+0200,62164.8205,MW,DE,DE_LU,actual_load,Actual Load,2026-09-18T19:30:54Z
2026-09-18T19:30:52Z,2026-09-18T21:30:52+0200,c763b210-3d48-4a7a-82d3-58ff54bc29c8,2026-09-17T09:30:00Z,2026-09-17T11:30:00+0200,62459.77675,MW,DE,DE_LU,actual_load,Actual Load,2026-09-18T19:30:54Z
2026-09-18T19:30:52Z,2026-09-18T21:30:52+0200,c763b210-3d48-4a7a-82d3-58ff54bc29c8,2026-09-17T09:45:00Z,2026-09-17T11:45:00+0200,62124.63066,MW,DE,DE_LU,actual_load,Actual Load,2026-09-18T19:30:54Z
2026-09-18T19:30:52Z,2026-09-18T21:30:52+0200,c763b210-3d48-4a7a-82d3-58ff54bc29c8,2026-09-17T10:00:00Z,2026-09-17T12:00:00+0200,61518.32608,MW,DE,DE_LU,actual_load,Actual Load,2026-09-18T19:30:54Z
2026-09-18T19:30:52Z,2026-09-18T21:30:52+0200,c763b210-3d48-4a7a-82d3-58ff54bc29c8,2026-09-17T10:15:00Z,2026-09-17T12:15:00+0200,61042.57097,MW,DE,DE_LU,actual_load,Actual Load,2026-09-18T19:30:54Z
2026-09-18T19:30:52Z,2026-09-18T21:30:52+0200,c763b210-3d48-4a7a-82d3-58ff54bc29c8,2026-09-17T10:30:00Z,2026-09-17T12:30:00+0200,61365.75272,MW,DE,DE_LU,actual_load,Actual Load,2026-09-18T19:30:54Z
2026-09-18T19:30:52Z,2026-09-18T21:30:52+0200,c763b210-3d48-4a7a-82d3-58ff54bc29c8,2026-09-17T10:45:00Z,2026-09-17T12:45:00+0200,61184.60112,MW,DE,DE_LU,actual_load,Actual Load,2026-09-18T19:30:54Z
2026-09-18T19:30:52Z,2026-09-18T21:30:52+0200,c763b210-3d48-4a7a-82d3-58ff54bc29c8,2026-09-17T11:00:00Z,2026-09-17T13:00:00+0200,61253.62878,MW,DE,DE_LU,actual_load,Actual Load,2026-09-18T19:30:54Z
2026-09-18T19:30:52Z,2026-09-18T21:30:52+0200,c763b210-3d48-4a7a-82d3-58ff54bc29c8,2026-09-17T11:15:00Z,2026-09-17T13:15:00+0200,60625.1541,MW,DE,DE_LU,actual_load,Actual Load,2026-09-18T19:30:54Z
2026-09-18T19:30:52Z,2026-09-18T21:30:52+0200,c763b210-3d48-4a7a-82d3-58ff54bc29c8,2026-09-17T11:30:00Z,2026-09-17T13:30:00+0200,59944.14857,MW,DE,DE_LU,actual_load,Actual Load,2026-09-18T19:30:54Z
2026-09-18T19:30:52Z,2026-09-18T21:30:52+0200,c763b210-3d48-4a7a-82d3-58ff54bc29c8,2026-09-17T11:45:00Z,2026-09-17T13:45:00+0200,58821.95401,MW,DE,DE_LU,actual_load,Actual Load,2026-09-18T19:30:54Z
2026-09-18T19:30:52Z,2026-09-18T21:30:52+0200,c763b210-3d48-4a7a-82d3-58ff54bc29c8,2026-09-17T12:00:00Z,2026-09-17T14:00:00+0200,58868.80709,MW,DE,DE_LU,actual_load,Actual Load,2026-09-18T19:30:54Z
2026-09-18T19:30:52Z,2026-09-18T21:30:52+0200,c763b210-3d48-4a7a-82d3-58ff54bc29c8,2026-09-17T12:15:00Z,2026-09-17T14:15:00+0200,58462.72283,MW,DE,DE_LU,actual_load,Actual Load,2026-09-18T19:30:54Z
2026-09-18T19:30:52Z,2026-09-18T21:30:52+0200,c763b210-3d48-4a7a-82d3-58ff54bc29c8,2026-09-17T12:30:00Z,2026-09-17T14:30:00+0200,57420.67475,MW,DE,DE_LU,actual_load,Actual Load,2026-09-18T19:30:54Z
2026-09-18T19:30:52Z,2026-09-18T21:30:52+0200,c763b210-3d48-4a7a-82d3-58ff54bc29c8,2026-09-17T12:45:00Z,2026-09-17T14:45:00+0200,57028.95415,MW,DE,DE_LU,actual_load,Actual Load,2026-09-18T19:30:54Z
2026-09-18T19:30:52Z,2026-09-18T21:30:52+0200,c763b210-3d48-4a7a-82d3-58ff54bc29c8,2026-09-17T13:00:00Z,2026-09-17T15:00:00+0200,57155.59577,MW,DE,DE_LU,actual_load,Actual Load,2026-09-18T19:30:54Z
2026-09-18T19:30:52Z,2026-09-18T21:30:52+0200,c763b210-3d48-4a7a-82d3-58ff54bc29c8,2026-09-17T13:15:00Z,2026-09-17T15:15:00+0200,57409.23448,MW,DE,DE_LU,actual_load,Actual Load,2026-09-18T19:30:54Z
2026-09-18T19:30:52Z,2026-09-18T21:30:52+0200,c763b210-3d48-4a7a-82d3-58ff54bc29c8,2026-09-17T13:30:00Z,2026-09-17T15:30:00+0200,57455.99632,MW,DE,DE_LU,actual_load,Actual Load,2026-09-18T19:30:54Z
2026-09-18T19:30:52Z,2026-09-18T21:30:52+0200,c763b210-3d48-4a7a-82d3-58ff54bc29c8,2026-09-17T13:45:00Z,2026-09-17T15:45:00+0200,57613.83005,MW,DE,DE_LU,actual_load,Actual Load,2026-09-18T19:30:54Z
2026-09-18T19:30:52Z,2026-09-18T21:30:52+0200,c763b210-3d48-4a7a-82d3-58ff54bc29c8,2026-09-17T14:00:00Z,2026-09-17T16:00:00+0200,58062.05586,MW,DE,DE_LU,actual_load,Actual Load,2026-09-18T19:30:54Z
2026-09-18T19:30:52Z,2026-09-18T21:30:52+0200,c763b210-3d48-4a7a-82d3-58ff54bc29c8,2026-09-17T14:15:00Z,2026-09-17T16:15:00+0200,58206.23059,MW,DE,DE_LU,actual_load,Actual Load,2026-09-18T19:30:54Z
2026-09-18T19:30:52Z,2026-09-18T21:30:52+0200,c763b210-3d48-4a7a-82d3-58ff54bc29c8,2026-09-17T14:30:00Z,2026-09-17T16:30:00+0200,57851.35111,MW,DE,DE_LU,actual_load,Actual Load,2026-09-18T19:30:54Z
2026-09-18T19:30:52Z,2026-09-18T21:30:52+0200,c763b210-3d48-4a7a-82d3-58ff54bc29c8,2026-09-17T14:45:00Z,2026-09-17T16:45:00+0200,57805.067,MW,DE,DE_LU,actual_load,Actual Load,2026-09-18T19:30:54Z
2026-09-18T19:30:52Z,2026-09-18T21:30:52+0200,c763b210-3d48-4a7a-82d3-58ff54bc29c8,2026-09-17T15:00:00Z,2026-09-17T17:00:00+0200,58450.02737,MW,DE,DE_LU,actual_load,Actual Load,2026-09-18T19:30:54Z
2026-09-18T19:30:52Z,2026-09-18T21:30:52+0200,c763b210-3d48-4a7a-82d3-58ff54bc29c8,2026-09-17T15:15:00Z,2026-09-17T17:15:00+0200,58501.29273,MW,DE,DE_LU,actual_load,Actual Load,2026-09-18T19:30:54Z
2026-09-18T19:30:52Z,2026-09-18T21:30:52+0200,c763b210-3d48-4a7a-82d3-58ff54bc29c8,2026-09-17T15:30:00Z,2026-09-17T17:30:00+0200,59019.86738,MW,DE,DE_LU,actual_load,Actual Load,2026-09-18T19:30:54Z
2026-09-18T19:30:52Z,2026-09-18T21:30:52+0200,c763b210-3d48-4a7a-82d3-58ff54bc29c8,2026-09-17T15:45:00Z,2026-09-17T17:45:00+0200,59666.18959,MW,DE,DE_LU,actual_load,Actual Load,2026-09-18T19:30:54Z
2026-09-18T19:30:52Z,2026-09-18T21:30:52+0200,c763b210-3d48-4a7a-82d3-58ff54bc29c8,2026-09-17T16:00:00Z,2026-09-17T18:00:00+0200,60332.4058,MW,DE,DE_LU,actual_load,Actual Load,2026-09-18T19:30:54Z
2026-09-18T19:30:52Z,2026-09-18T21:30:52+0200,c763b210-3d48-4a7a-82d3-58ff54bc29c8,2026-09-17T16:15:00Z,2026-09-17T18:15:00+0200,60194.60393,MW,DE,DE_LU,actual_load,Actual Load,2026-09-18T19:30:54Z
2026-09-18T19:30:52Z,2026-09-18T21:30:52+0200,c763b210-3d48-4a7a-82d3-58ff54bc29c8,2026-09-17T16:30:00Z,2026-09-17T18:30:00+0200,60330.47981,MW,DE,DE_LU,actual_load,Actual Load,2026-09-18T19:30:54Z
2026-09-18T19:30:52Z,2026-09-18T21:30:52+0200,c763b210-3d48-4a7a-82d3-58ff54bc29c8,2026-09-17T16:45:00Z,2026-09-17T18:45:00+0200,60801.56719,MW,DE,DE_LU,actual_load,Actual Load,2026-09-18T19:30:54Z
2026-09-18T19:30:52Z,2026-09-18T21:30:52+0200,c763b210-3d48-4a7a-82d3-58ff54bc29c8,2026-09-17T17:00:00Z,2026-09-17T19:00:00+0200,60954.29351,MW,DE,DE_LU,actual_load,Actual Load,2026-09-18T19:30:54Z
2026-09-18T19:30:52Z,2026-09-18T21:30:52+0200,c763b210-3d48-4a7a-82d3-58ff54bc29c8,2026-09-17T17:15:00Z,2026-09-17T19:15:00+0200,60394.9621,MW,DE,DE_LU,actual_load,Actual Load,2026-09-18T19:30:54Z
2026-09-18T19:30:52Z,2026-09-18T21:30:52+0200,c763b210-3d48-4a7a-82d3-58ff54bc29c8,2026-09-17T17:30:00Z,2026-09-17T19:30:00+0200,60567.6008,MW,DE,DE_LU,actual_load,Actual Load,2026-09-18T19:30:54Z
2026-09-18T19:30:52Z,2026-09-18T21:30:52+0200,c763b210-3d48-4a7a-82d3-58ff54bc29c8,2026-09-17T17:45:00Z,2026-09-17T19:45:00+0200,60549.20153,MW,DE,DE_LU,actual_load,Actual Load,2026-09-18T19:30:54Z
2026-09-18T19:30:52Z,2026-09-18T21:30:52+0200,c763b210-3d48-4a7a-82d3-58ff54bc29c8,2026-09-17T18:00:00Z,2026-09-17T20:00:00+0200,59603.12208,MW,DE,DE_LU,actual_load,Actual Load,2026-09-18T19:30:54Z
2026-09-18T19:30:52Z,2026-09-18T21:30:52+0200,c763b210-3d48-4a7a-82d3-58ff54bc29c8,2026-09-17T18:15:00Z,2026-09-17T20:15:00+0200,59102.62456,MW,DE,DE_LU,actual_load,Actual Load,2026-09-18T19:30:54Z
2026-09-18T19:30:52Z,2026-09-18T21:30:52+0200,c763b210-3d48-4a7a-82d3-58ff54bc29c8,2026-09-17T18:30:00Z,2026-09-17T20:30:00+0200,58562.15034,MW,DE,DE_LU,actual_load,Actual Load,2026-09-18T19:30:54Z
2026-09-18T19:30:52Z,2026-09-18T21:30:52+0200,c763b210-3d48-4a7a-82d3-58ff54bc29c8,2026-09-17T18:45:00Z,2026-09-17T20:45:00+0200,58148.95068,MW,DE,DE_LU,actual_load,Actual Load,2026-09-18T19:30:54Z
2026-09-18T19:30:52Z,2026-09-18T21:30:52+0200,c763b210-3d48-4a7a-82d3-58ff54bc29c8,2026-09-17T19:00:00Z,2026-09-17T21:00:00+0200,57227.71103,MW,DE,DE_LU,actual_load,Actual Load,2026-09-18T19:30:54Z
2026-09-18T19:30:52Z,2026-09-18T21:30:52+0200,c763b210-3d48-4a7a-82d3-58ff54bc29c8,2026-09-17T19:15:00Z,2026-09-17T21:15:00+0200,56611.83199,MW,DE,DE_LU,actual_load,Actual Load,2026-09-18T19:30:54Z
2026-09-18T19:30:52Z,2026-09-18T21:30:52+0200,c763b210-3d48-4a7a-82d3-58ff54bc29c8,2026-09-17T19:30:00Z,2026-09-17T21:30:00+0200,56492.99332,MW,DE,DE_LU,actual_load,Actual Load,2026-09-18T19:30:54Z
2026-09-18T19:30:52Z,2026-09-18T21:30:52+0200,c763b210-3d48-4a7a-82d3-58ff54bc29c8,2026-09-17T19:45:00Z,2026-09-17T21:45:00+0200,56357.30251,MW,DE,DE_LU,actual_load,Actual Load,2026-09-18T19:30:54Z
2026-09-18T19:30:52Z,2026-09-18T21:30:52+0200,c763b210-3d48-4a7a-82d3-58ff54bc29c8,2026-09-17T20:00:00Z,2026-09-17T22:00:00+0200,54703.34905,MW,DE,DE_LU,actual_load,Actual Load,2026-09-18T19:30:54Z
2026-09-18T19:30:52Z,2026-09-18T21:30:52+0200,c763b210-3d48-4a7a-82d3-58ff54bc29c8,2026-09-17T20:15:00Z,2026-09-17T22:15:00+0200,53810.37668,MW,DE,DE_LU,actual_load,Actual Load,2026-09-18T19:30:54Z
2026-09-18T19:30:52Z,2026-09-18T21:30:52+0200,c763b210-3d48-4a7a-82d3-58ff54bc29c8,2026-09-17T20:30:00Z,2026-09-17T22:30:00+0200,52471.29567,MW,DE,DE_LU,actual_load,Actual Load,2026-09-18T19:30:54Z
2026-09-18T19:30:52Z,2026-09-18T21:30:52+0200,c763b210-3d48-4a7a-82d3-58ff54bc29c8,2026-09-17T20:45:00Z,2026-09-17T22:45:00+0200,51412.41176,MW,DE,DE_LU,actual_load,Actual Load,2026-09-18T19:30:54Z
2026-09-18T19:30:52Z,2026-09-18T21:30:52+0200,c763b210-3d48-4a7a-82d3-58ff54bc29c8,2026-09-17T21:00:00Z,2026-09-17T23:00:00+0200,50530.19764,MW,DE,DE_LU,actual_load,Actual Load,2026-09-18T19:30:54Z
2026-09-18T19:30:52Z,2026-09-18T21:30:52+0200,c763b210-3d48-4a7a-82d3-58ff54bc29c8,2026-09-17T21:15:00Z,2026-09-17T23:15:00+0200,50606.81644,MW,DE,DE_LU,actual_load,Actual Load,2026-09-18T19:30:54Z
2026-09-18T19:30:52Z,2026-09-18T21:30:52+0200,c763b210-3d48-4a7a-82d3-58ff54bc29c8,2026-09-17T21:30:00Z,2026-09-17T23:30:00+0200,49593.12395,MW,DE,DE_LU,actual_load,Actual Load,2026-09-18T19:30:54Z
2026-09-18T19:30:52Z,2026-09-18T21:30:52+0200,c763b210-3d48-4a7a-82d3-58ff54bc29c8,2026-09-17T21:45:00Z,2026-09-17T23:45:00+0200,49210.35398,MW,DE,DE_LU,actual_load,Actual Load,2026-09-18T19:30:54Z
2026-09-18T19:30:52Z,2026-09-18T21:30:52+0200,c763b210-3d48-4a7a-82d3-58ff54bc29c8,2026-09-17T22:00:00Z,2026-09-18T00:00:00+0200,46735.607559,MW,DE,DE_LU,actual_load,Actual Load,2026-09-18T19:30:54Z
2026-09-18T19:30:52Z,2026-09-18T21:30:52+0200,c763b210-3d48-4a7a-82d3-58ff54bc29c8,2026-09-17T22:15:00Z,2026-09-18T00:15:00+0200,46067.18452,MW,DE,DE_LU,actual_load,Actual Load,2026-09-18T19:30:54Z
2026-09-18T19:30:52Z,2026-09-18T21:30:52+0200,c763b210-3d48-4a7a-82d3-58ff54bc29c8,2026-09-17T22:30:00Z,2026-09-18T00:30:00+0200,46052.86305,MW,DE,DE_LU,actual_load,Actual Load,2026-09-18T19:30:54Z
2026-09-18T19:30:52Z,2026-09-18T21:30:52+0200,c763b210-3d48-4a7a-82d3-58ff54bc29c8,2026-09-17T22:45:00Z,2026-09-18T00:45:00+0200,45415.68959,MW,DE,DE_LU,actual_load,Actual Load,2026-09-18T19:30:54Z
2026-09-18T19:30:52Z,2026-09-18T21:30:52+0200,c763b210-3d48-4a7a-82d3-58ff54bc29c8,2026-09-17T23:00:00Z,2026-09-18T01:00:00+0200,44652.31907,MW,DE,DE_LU,actual_load,Actual Load,2026-09-18T19:30:54Z
2026-09-18T19:30:52Z,2026-09-18T21:30:52+0200,c763b210-3d48-4a7a-82d3-58ff54bc29c8,2026-09-17T23:15:00Z,2026-09-18T01:15:00+0200,44588.95128,MW,DE,DE_LU,actual_load,Actual Load,2026-09-18T19:30:54Z
2026-09-18T19:30:52Z,2026-09-18T21:30:52+0200,c763b210-3d48-4a7a-82d3-58ff54bc29c8,2026-09-17T23:30:00Z,2026-09-18T01:30:00+0200,43853.98422,MW,DE,DE_LU,actual_load,Actual Load,2026-09-18T19:30:54Z
2026-09-18T19:30:52Z,2026-09-18T21:30:52+0200,c763b210-3d48-4a7a-82d3-58ff54bc29c8,2026-09-17T23:45:00Z,2026-09-18T01:45:00+0200,43721.05486,MW,DE,DE_LU,actual_load,Actual Load,2026-09-18T19:30:54Z
2026-09-18T19:30:52Z,2026-09-18T21:30:52+0200,c763b210-3d48-4a7a-82d3-58ff54bc29c8,2026-09-18T00:00:00Z,2026-09-18T02:00:00+0200,43225.77836,MW,DE,DE_LU,actual_load,Actual Load,2026-09-18T19:30:54Z
2026-09-18T19:30:52Z,2026-09-18T21:30:52+0200,c763b210-3d48-4a7a-82d3-58ff54bc29c8,2026-09-18T00:15:00Z,2026-09-18T02:15:00+0200,42939.49693,MW,DE,DE_LU,actual_load,Actual Load,2026-09-18T19:30:54Z
2026-09-18T19:30:52Z,2026-09-18T21:30:52+0200,c763b210-3d48-4a7a-82d3-58ff54bc29c8,2026-09-18T00:30:00Z,2026-09-18T02:30:00+0200,43261.43256,MW,DE,DE_LU,actual_load,Actual Load,2026-09-18T19:30:54Z
2026-09-18T19:30:52Z,2026-09-18T21:30:52+0200,c763b210-3d48-4a7a-82d3-58ff54bc29c8,2026-09-18T00:45:00Z,2026-09-18T02:45:00+0200,43506.16422,MW,DE,DE_LU,actual_load,Actual Load,2026-09-18T19:30:54Z
2026-09-18T19:30:52Z,2026-09-18T21:30:52+0200,c763b210-3d48-4a7a-82d3-58ff54bc29c8,2026-09-18T01:00:00Z,2026-09-18T03:00:00+0200,43557.51392,MW,DE,DE_LU,actual_load,Actual Load,2026-09-18T19:30:54Z
2026-09-18T19:30:52Z,2026-09-18T21:30:52+0200,c763b210-3d48-4a7a-82d3-58ff54bc29c8,2026-09-18T01:15:00Z,2026-09-18T03:15:00+0200,43840.09924,MW,DE,DE_LU,actual_load,Actual Load,2026-09-18T19:30:54Z
2026-09-18T19:30:52Z,2026-09-18T21:30:52+0200,c763b210-3d48-4a7a-82d3-58ff54bc29c8,2026-09-18T01:30:00Z,2026-09-18T03:30:00+0200,43801.86194,MW,DE,DE_LU,actual_load,Actual Load,2026-09-18T19:30:54Z
2026-09-18T19:30:52Z,2026-09-18T21:30:52+0200,c763b210-3d48-4a7a-82d3-58ff54bc29c8,2026-09-18T01:45:00Z,2026-09-18T03:45:00+0200,43665.01179,MW,DE,DE_LU,actual_load,Actual Load,2026-09-18T19:30:54Z
2026-09-18T19:30:52Z,2026-09-18T21:30:52+0200,c763b210-3d48-4a7a-82d3-58ff54bc29c8,2026-09-18T02:00:00Z,2026-09-18T04:00:00+0200,43824.14378,MW,DE,DE_LU,actual_load,Actual Load,2026-09-18T19:30:54Z
2026-09-18T19:30:52Z,2026-09-18T21:30:52+0200,c763b210-3d48-4a7a-82d3-58ff54bc29c8,2026-09-18T02:15:00Z,2026-09-18T04:15:00+0200,44035.74742,MW,DE,DE_LU,actual_load,Actual Load,2026-09-18T19:30:54Z
2026-09-18T19:30:52Z,2026-09-18T21:30:52+0200,c763b210-3d48-4a7a-82d3-58ff54bc29c8,2026-09-18T02:30:00Z,2026-09-18T04:30:00+0200,44439.66137,MW,DE,DE_LU,actual_load,Actual Load,2026-09-18T19:30:54Z
2026-09-18T19:30:52Z,2026-09-18T21:30:52+0200,c763b210-3d48-4a7a-82d3-58ff54bc29c8,2026-09-18T02:45:00Z,2026-09-18T04:45:00+0200,44892.98606,MW,DE,DE_LU,actual_load,Actual Load,2026-09-18T19:30:54Z
2026-09-18T19:30:52Z,2026-09-18T21:30:52+0200,c763b210-3d48-4a7a-82d3-58ff54bc29c8,2026-09-18T03:00:00Z,2026-09-18T05:00:00+0200,45581.40405,MW,DE,DE_LU,actual_load,Actual Load,2026-09-18T19:30:54Z
2026-09-18T19:30:52Z,2026-09-18T21:30:52+0200,c763b210-3d48-4a7a-82d3-58ff54bc29c8,2026-09-18T03:15:00Z,2026-09-18T05:15:00+0200,46794.9892,MW,DE,DE_LU,actual_load,Actual Load,2026-09-18T19:30:54Z
2026-09-18T19:30:52Z,2026-09-18T21:30:52+0200,c763b210-3d48-4a7a-82d3-58ff54bc29c8,2026-09-18T03:30:00Z,2026-09-18T05:30:00+0200,47859.055189,MW,DE,DE_LU,actual_load,Actual Load,2026-09-18T19:30:54Z
2026-09-18T19:30:52Z,2026-09-18T21:30:52+0200,c763b210-3d48-4a7a-82d3-58ff54bc29c8,2026-09-18T03:45:00Z,2026-09-18T05:45:00+0200,49175.5171,MW,DE,DE_LU,actual_load,Actual Load,2026-09-18T19:30:54Z
2026-09-18T19:30:52Z,2026-09-18T21:30:52+0200,c763b210-3d48-4a7a-82d3-58ff54bc29c8,2026-09-18T04:00:00Z,2026-09-18T06:00:00+0200,51762.32689,MW,DE,DE_LU,actual_load,Actual Load,2026-09-18T19:30:54Z
2026-09-18T19:30:52Z,2026-09-18T21:30:52+0200,c763b210-3d48-4a7a-82d3-58ff54bc29c8,2026-09-18T04:15:00Z,2026-09-18T06:15:00+0200,53818.58401,MW,DE,DE_LU,actual_load,Actual Load,2026-09-18T19:30:54Z
2026-09-18T19:30:52Z,2026-09-18T21:30:52+0200,c763b210-3d48-4a7a-82d3-58ff54bc29c8,2026-09-18T04:30:00Z,2026-09-18T06:30:00+0200,55618.73413,MW,DE,DE_LU,actual_load,Actual Load,2026-09-18T19:30:54Z
2026-09-18T19:30:52Z,2026-09-18T21:30:52+0200,c763b210-3d48-4a7a-82d3-58ff54bc29c8,2026-09-18T04:45:00Z,2026-09-18T06:45:00+0200,56827.77665,MW,DE,DE_LU,actual_load,Actual Load,2026-09-18T19:30:54Z
2026-09-18T19:30:52Z,2026-09-18T21:30:52+0200,c763b210-3d48-4a7a-82d3-58ff54bc29c8,2026-09-18T05:00:00Z,2026-09-18T07:00:00+0200,57080.97706,MW,DE,DE_LU,actual_load,Actual Load,2026-09-18T19:30:54Z
2026-09-18T19:30:52Z,2026-09-18T21:30:52+0200,c763b210-3d48-4a7a-82d3-58ff54bc29c8,2026-09-18T05:15:00Z,2026-09-18T07:15:00+0200,57656.7013,MW,DE,DE_LU,actual_load,Actual Load,2026-09-18T19:30:54Z
2026-09-18T19:30:52Z,2026-09-18T21:30:52+0200,c763b210-3d48-4a7a-82d3-58ff54bc29c8,2026-09-18T05:30:00Z,2026-09-18T07:30:00+0200,58608.72429,MW,DE,DE_LU,actual_load,Actual Load,2026-09-18T19:30:54Z
2026-09-18T19:30:52Z,2026-09-18T21:30:52+0200,c763b210-3d48-4a7a-82d3-58ff54bc29c8,2026-09-18T05:45:00Z,2026-09-18T07:45:00+0200,59043.80194,MW,DE,DE_LU,actual_load,Actual Load,2026-09-18T19:30:54Z
2026-09-18T19:30:52Z,2026-09-18T21:30:52+0200,c763b210-3d48-4a7a-82d3-58ff54bc29c8,2026-09-18T06:00:00Z,2026-09-18T08:00:00+0200,58535.0846,MW,DE,DE_LU,actual_load,Actual Load,2026-09-18T19:30:54Z
2026-09-18T19:30:52Z,2026-09-18T21:30:52+0200,c763b210-3d48-4a7a-82d3-58ff54bc29c8,2026-09-18T06:15:00Z,2026-09-18T08:15:00+0200,60090.5538,MW,DE,DE_LU,actual_load,Actual Load,2026-09-18T19:30:54Z
2026-09-18T19:30:52Z,2026-09-18T21:30:52+0200,c763b210-3d48-4a7a-82d3-58ff54bc29c8,2026-09-18T06:30:00Z,2026-09-18T08:30:00+0200,60650.99997,MW,DE,DE_LU,actual_load,Actual Load,2026-09-18T19:30:54Z
2026-09-18T19:30:52Z,2026-09-18T21:30:52+0200,c763b210-3d48-4a7a-82d3-58ff54bc29c8,2026-09-18T06:45:00Z,2026-09-18T08:45:00+0200,61470.86981,MW,DE,DE_LU,actual_load,Actual Load,2026-09-18T19:30:54Z
2026-09-18T19:30:52Z,2026-09-18T21:30:52+0200,c763b210-3d48-4a7a-82d3-58ff54bc29c8,2026-09-18T07:00:00Z,2026-09-18T09:00:00+0200,60685.93656,MW,DE,DE_LU,actual_load,Actual Load,2026-09-18T19:30:54Z
2026-09-18T19:30:52Z,2026-09-18T21:30:52+0200,c763b210-3d48-4a7a-82d3-58ff54bc29c8,2026-09-18T07:15:00Z,2026-09-18T09:15:00+0200,61123.19395,MW,DE,DE_LU,actual_load,Actual Load,2026-09-18T19:30:54Z
2026-09-18T19:30:52Z,2026-09-18T21:30:52+0200,c763b210-3d48-4a7a-82d3-58ff54bc29c8,2026-09-18T07:30:00Z,2026-09-18T09:30:00+0200,62232.09674,MW,DE,DE_LU,actual_load,Actual Load,2026-09-18T19:30:54Z
2026-09-18T19:30:52Z,2026-09-18T21:30:52+0200,c763b210-3d48-4a7a-82d3-58ff54bc29c8,2026-09-18T07:45:00Z,2026-09-18T09:45:00+0200,63117.31538,MW,DE,DE_LU,actual_load,Actual Load,2026-09-18T19:30:54Z
2026-09-18T19:30:52Z,2026-09-18T21:30:52+0200,c763b210-3d48-4a7a-82d3-58ff54bc29c8,2026-09-18T08:00:00Z,2026-09-18T10:00:00+0200,62647.272839,MW,DE,DE_LU,actual_load,Actual Load,2026-09-18T19:30:54Z
2026-09-18T19:30:52Z,2026-09-18T21:30:52+0200,c763b210-3d48-4a7a-82d3-58ff54bc29c8,2026-09-18T08:15:00Z,2026-09-18T10:15:00+0200,62625.56561,MW,DE,DE_LU,actual_load,Actual Load,2026-09-18T19:30:54Z
2026-09-18T19:30:52Z,2026-09-18T21:30:52+0200,c763b210-3d48-4a7a-82d3-58ff54bc29c8,2026-09-18T08:30:00Z,2026-09-18T10:30:00+0200,62401.9353,MW,DE,DE_LU,actual_load,Actual Load,2026-09-18T19:30:54Z
2026-09-18T19:30:52Z,2026-09-18T21:30:52+0200,c763b210-3d48-4a7a-82d3-58ff54bc29c8,2026-09-18T08:45:00Z,2026-09-18T10:45:00+0200,62428.74316,MW,DE,DE_LU,actual_load,Actual Load,2026-09-18T19:30:54Z
2026-09-18T19:30:52Z,2026-09-18T21:30:52+0200,c763b210-3d48-4a7a-82d3-58ff54bc29c8,2026-09-18T09:00:00Z,2026-09-18T11:00:00+0200,62175.777429,MW,DE,DE_LU,actual_load,Actual Load,2026-09-18T19:30:54Z
2026-09-18T19:30:52Z,2026-09-18T21:30:52+0200,c763b210-3d48-4a7a-82d3-58ff54bc29c8,2026-09-18T09:15:00Z,2026-09-18T11:15:00+0200,61704.5936,MW,DE,DE_LU,actual_load,Actual Load,2026-09-18T19:30:54Z
2026-09-18T19:30:52Z,2026-09-18T21:30:52+0200,c763b210-3d48-4a7a-82d3-58ff54bc29c8,2026-09-18T09:30:00Z,2026-09-18T11:30:00+0200,61280.71223,MW,DE,DE_LU,actual_load,Actual Load,2026-09-18T19:30:54Z
2026-09-18T19:30:52Z,2026-09-18T21:30:52+0200,c763b210-3d48-4a7a-82d3-58ff54bc29c8,2026-09-18T09:45:00Z,2026-09-18T11:45:00+0200,60630.291719,MW,DE,DE_LU,actual_load,Actual Load,2026-09-18T19:30:54Z
2026-09-18T19:30:52Z,2026-09-18T21:30:52+0200,c763b210-3d48-4a7a-82d3-58ff54bc29c8,2026-09-18T10:00:00Z,2026-09-18T12:00:00+0200,60448.80922,MW,DE,DE_LU,actual_load,Actual Load,2026-09-18T19:30:54Z
2026-09-18T19:30:52Z,2026-09-18T21:30:52+0200,c763b210-3d48-4a7a-82d3-58ff54bc29c8,2026-09-18T10:15:00Z,2026-09-18T12:15:00+0200,59529.32089,MW,DE,DE_LU,actual_load,Actual Load,2026-09-18T19:30:54Z
2026-09-18T19:30:52Z,2026-09-18T21:30:52+0200,c763b210-3d48-4a7a-82d3-58ff54bc29c8,2026-09-18T10:30:00Z,2026-09-18T12:30:00+0200,58659.92355,MW,DE,DE_LU,actual_load,Actual Load,2026-09-18T19:30:54Z
2026-09-18T19:30:52Z,2026-09-18T21:30:52+0200,c763b210-3d48-4a7a-82d3-58ff54bc29c8,2026-09-18T10:45:00Z,2026-09-18T12:45:00+0200,59402.14781,MW,DE,DE_LU,actual_load,Actual Load,2026-09-18T19:30:54Z
2026-09-18T19:30:52Z,2026-09-18T21:30:52+0200,c763b210-3d48-4a7a-82d3-58ff54bc29c8,2026-09-18T11:00:00Z,2026-09-18T13:00:00+0200,59323.26531,MW,DE,DE_LU,actual_load,Actual Load,2026-09-18T19:30:54Z
2026-09-18T19:30:52Z,2026-09-18T21:30:52+0200,c763b210-3d48-4a7a-82d3-58ff54bc29c8,2026-09-18T11:15:00Z,2026-09-18T13:15:00+0200,58981.76786,MW,DE,DE_LU,actual_load,Actual Load,2026-09-18T19:30:54Z
2026-09-18T19:30:52Z,2026-09-18T21:30:52+0200,c763b210-3d48-4a7a-82d3-58ff54bc29c8,2026-09-18T11:30:00Z,2026-09-18T13:30:00+0200,58715.01052,MW,DE,DE_LU,actual_load,Actual Load,2026-09-18T19:30:54Z
2026-09-18T19:30:52Z,2026-09-18T21:30:52+0200,c763b210-3d48-4a7a-82d3-58ff54bc29c8,2026-09-18T11:45:00Z,2026-09-18T13:45:00+0200,57924.80836,MW,DE,DE_LU,actual_load,Actual Load,2026-09-18T19:30:54Z
2026-09-18T19:30:52Z,2026-09-18T21:30:52+0200,c763b210-3d48-4a7a-82d3-58ff54bc29c8,2026-09-18T12:00:00Z,2026-09-18T14:00:00+0200,57716.91218,MW,DE,DE_LU,actual_load,Actual Load,2026-09-18T19:30:54Z
2026-09-18T19:30:52Z,2026-09-18T21:30:52+0200,c763b210-3d48-4a7a-82d3-58ff54bc29c8,2026-09-18T12:15:00Z,2026-09-18T14:15:00+0200,57619.30301,MW,DE,DE_LU,actual_load,Actual Load,2026-09-18T19:30:54Z
2026-09-18T19:30:52Z,2026-09-18T21:30:52+0200,c763b210-3d48-4a7a-82d3-58ff54bc29c8,2026-09-18T12:30:00Z,2026-09-18T14:30:00+0200,57703.01189,MW,DE,DE_LU,actual_load,Actual Load,2026-09-18T19:30:54Z
2026-09-18T19:30:52Z,2026-09-18T21:30:52+0200,c763b210-3d48-4a7a-82d3-58ff54bc29c8,2026-09-18T12:45:00Z,2026-09-18T14:45:00+0200,58154.1697,MW,DE,DE_LU,actual_load,Actual Load,2026-09-18T19:30:54Z
2026-09-18T19:30:52Z,2026-09-18T21:30:52+0200,c763b210-3d48-4a7a-82d3-58ff54bc29c8,2026-09-18T13:00:00Z,2026-09-18T15:00:00+0200,58036.080039,MW,DE,DE_LU,actual_load,Actual Load,2026-09-18T19:30:54Z
2026-09-18T19:30:52Z,2026-09-18T21:30:52+0200,c763b210-3d48-4a7a-82d3-58ff54bc29c8,2026-09-18T13:15:00Z,2026-09-18T15:15:00+0200,57802.68641,MW,DE,DE_LU,actual_load,Actual Load,2026-09-18T19:30:54Z
2026-09-18T19:30:52Z,2026-09-18T21:30:52+0200,c763b210-3d48-4a7a-82d3-58ff54bc29c8,2026-09-18T13:30:00Z,2026-09-18T15:30:00+0200,56886.61186,MW,DE,DE_LU,actual_load,Actual Load,2026-09-18T19:30:54Z
2026-09-18T19:30:52Z,2026-09-18T21:30:52+0200,c763b210-3d48-4a7a-82d3-58ff54bc29c8,2026-09-18T13:45:00Z,2026-09-18T15:45:00+0200,56235.58073,MW,DE,DE_LU,actual_load,Actual Load,2026-09-18T19:30:54Z
2026-09-18T19:30:52Z,2026-09-18T21:30:52+0200,c763b210-3d48-4a7a-82d3-58ff54bc29c8,2026-09-18T14:00:00Z,2026-09-18T16:00:00+0200,56765.01993,MW,DE,DE_LU,actual_load,Actual Load,2026-09-18T19:30:54Z
2026-09-18T19:30:52Z,2026-09-18T21:30:52+0200,c763b210-3d48-4a7a-82d3-58ff54bc29c8,2026-09-18T14:15:00Z,2026-09-18T16:15:00+0200,56034.24246,MW,DE,DE_LU,actual_load,Actual Load,2026-09-18T19:30:54Z
2026-09-18T19:30:52Z,2026-09-18T21:30:52+0200,c763b210-3d48-4a7a-82d3-58ff54bc29c8,2026-09-18T14:30:00Z,2026-09-18T16:30:00+0200,54972.8379,MW,DE,DE_LU,actual_load,Actual Load,2026-09-18T19:30:54Z
2026-09-18T19:30:52Z,2026-09-18T21:30:52+0200,c763b210-3d48-4a7a-82d3-58ff54bc29c8,2026-09-18T14:45:00Z,2026-09-18T16:45:00+0200,55114.57369,MW,DE,DE_LU,actual_load,Actual Load,2026-09-18T19:30:54Z
2026-09-18T19:30:52Z,2026-09-18T21:30:52+0200,c763b210-3d48-4a7a-82d3-58ff54bc29c8,2026-09-18T15:00:00Z,2026-09-18T17:00:00+0200,54935.03882,MW,DE,DE_LU,actual_load,Actual Load,2026-09-18T19:30:54Z
2026-09-18T19:30:52Z,2026-09-18T21:30:52+0200,c763b210-3d48-4a7a-82d3-58ff54bc29c8,2026-09-18T15:15:00Z,2026-09-18T17:15:00+0200,55338.21952,MW,DE,DE_LU,actual_load,Actual Load,2026-09-18T19:30:54Z
2026-09-18T19:30:52Z,2026-09-18T21:30:52+0200,c763b210-3d48-4a7a-82d3-58ff54bc29c8,2026-09-18T15:30:00Z,2026-09-18T17:30:00+0200,55827.40351,MW,DE,DE_LU,actual_load,Actual Load,2026-09-18T19:30:54Z
2026-09-18T19:30:52Z,2026-09-18T21:30:52+0200,c763b210-3d48-4a7a-82d3-58ff54bc29c8,2026-09-18T15:45:00Z,2026-09-18T17:45:00+0200,56425.0673,MW,DE,DE_LU,actual_load,Actual Load,2026-09-18T19:30:54Z
2026-09-18T19:30:52Z,2026-09-18T21:30:52+0200,c763b210-3d48-4a7a-82d3-58ff54bc29c8,2026-09-18T16:00:00Z,2026-09-18T18:00:00+0200,56703.11501,MW,DE,DE_LU,actual_load,Actual Load,2026-09-18T19:30:54Z
2026-09-18T19:30:52Z,2026-09-18T21:30:52+0200,c763b210-3d48-4a7a-82d3-58ff54bc29c8,2026-09-18T16:15:00Z,2026-09-18T18:15:00+0200,57021.13915,MW,DE,DE_LU,actual_load,Actual Load,2026-09-18T19:30:54Z
2026-09-18T19:30:52Z,2026-09-18T21:30:52+0200,c763b210-3d48-4a7a-82d3-58ff54bc29c8,2026-09-18T16:30:00Z,2026-09-18T18:30:00+0200,56927.71819,MW,DE,DE_LU,actual_load,Actual Load,2026-09-18T19:30:54Z
2026-09-18T19:30:52Z,2026-09-18T21:30:52+0200,c763b210-3d48-4a7a-82d3-58ff54bc29c8,2026-09-18T16:45:00Z,2026-09-18T18:45:00+0200,56283.93929,MW,DE,DE_LU,actual_load,Actual Load,2026-09-18T19:30:54Z
2026-09-18T19:30:52Z,2026-09-18T21:30:52+0200,c763b210-3d48-4a7a-82d3-58ff54bc29c8,2026-09-18T17:00:00Z,2026-09-18T19:00:00+0200,56188.35246,MW,DE,DE_LU,actual_load,Actual Load,2026-09-18T19:30:54Z
2026-09-18T19:30:52Z,2026-09-18T21:30:52+0200,c763b210-3d48-4a7a-82d3-58ff54bc29c8,2026-09-18T17:15:00Z,2026-09-18T19:15:00+0200,55254.40339,MW,DE,DE_LU,actual_load,Actual Load,2026-09-18T19:30:54Z
2026-09-18T19:30:52Z,2026-09-18T21:30:52+0200,c763b210-3d48-4a7a-82d3-58ff54bc29c8,2026-09-18T17:30:00Z,2026-09-18T19:30:00+0200,55549.62717,MW,DE,DE_LU,actual_load,Actual Load,2026-09-18T19:30:54Z
2026-09-18T19:30:52Z,2026-09-18T21:30:52+0200,c763b210-3d48-4a7a-82d3-58ff54bc29c8,2026-09-18T17:45:00Z,2026-09-18T19:45:00+0200,55991.493279,MW,DE,DE_LU,actual_load,Actual Load,2026-09-18T19:30:54Z
2026-09-18T19:30:52Z,2026-09-18T21:30:52+0200,c763b210-3d48-4a7a-82d3-58ff54bc29c8,2026-09-18T18:00:00Z,2026-09-18T20:00:00+0200,55499.74438,MW,DE,DE_LU,actual_load,Actual Load,2026-09-18T19:30:54Z
2026-09-18T19:30:52Z,2026-09-18T21:30:52+0200,c763b210-3d48-4a7a-82d3-58ff54bc29c8,2026-09-18T18:15:00Z,2026-09-18T20:15:00+0200,54799.66855,MW,DE,DE_LU,actual_load,Actual Load,2026-09-18T19:30:54Z
2026-09-18T19:30:52Z,2026-09-18T21:30:52+0200,c763b210-3d48-4a7a-82d3-58ff54bc29c8,2026-09-18T18:30:00Z,2026-09-18T20:30:00+0200,53998.92783,MW,DE,DE_LU,actual_load,Actual Load,2026-09-18T19:30:54Z
