collection_time_utc,collection_time_local,run_id,timestamp_utc,timestamp_local,value,unit,country,entsoe_area,variable,source,updated_at_utc
2026-09-11T07:17:07Z,2026-09-11T09:17:07+0200,3be851a8-a431-4c75-8fdc-307f16af93c6,2026-09-04T08:00:00Z,2026-09-04T10:00:00+0200,672.166666,MW,DK1,DK_1,forecast_offshore_wind_generation,Wind Offshore,2026-09-11T07:19:22Z
2026-09-11T07:17:07Z,2026-09-11T09:17:07+0200,3be851a8-a431-4c75-8fdc-307f16af93c6,2026-09-04T08:15:00Z,2026-09-04T10:15:00+0200,672.333333,MW,DK1,DK_1,forecast_offshore_wind_generation,Wind Offshore,2026-09-11T07:19:22Z
2026-09-11T07:17:07Z,2026-09-11T09:17:07+0200,3be851a8-a431-4c75-8fdc-307f16af93c6,2026-09-04T08:30:00Z,2026-09-04T10:30:00+0200,670.5,MW,DK1,DK_1,forecast_offshore_wind_generation,Wind Offshore,2026-09-11T07:19:22Z
2026-09-11T07:17:07Z,2026-09-11T09:17:07+0200,3be851a8-a431-4c75-8fdc-307f16af93c6,2026-09-04T08:45:00Z,2026-09-04T10:45:00+0200,668.333333,MW,DK1,DK_1,forecast_offshore_wind_generation,Wind Offshore,2026-09-11T07:19:22Z
2026-09-11T07:17:07Z,2026-09-11T09:17:07+0200,3be851a8-a431-4c75-8fdc-307f16af93c6,2026-09-04T09:00:00Z,2026-09-04T11:00:00+0200,664.833333,MW,DK1,DK_1,forecast_offshore_wind_generation,Wind Offshore,2026-09-11T07:19:22Z
2026-09-11T07:17:07Z,2026-09-11T09:17:07+0200,3be851a8-a431-4c75-8fdc-307f16af93c6,2026-09-04T09:15:00Z,2026-09-04T11:15:00+0200,648.666666,MW,DK1,DK_1,forecast_offshore_wind_generation,Wind Offshore,2026-09-11T07:19:22Z
2026-09-11T07:17:07Z,2026-09-11T09:17:07+0200,3be851a8-a431-4c75-8fdc-307f16af93c6,2026-09-04T09:30:00Z,2026-09-04T11:30:00+0200,616.833333,MW,DK1,DK_1,forecast_offshore_wind_generation,Wind Offshore,2026-09-11T07:19:22Z
2026-09-11T07:17:07Z,2026-09-11T09:17:07+0200,3be851a8-a431-4c75-8fdc-307f16af93c6,2026-09-04T09:45:00Z,2026-09-04T11:45:00+0200,579.5,MW,DK1,DK_1,forecast_offshore_wind_generation,Wind Offshore,2026-09-11T07:19:22Z
2026-09-11T07:17:07Z,2026-09-11T09:17:07+0200,3be851a8-a431-4c75-8fdc-307f16af93c6,2026-09-04T10:00:00Z,2026-09-04T12:00:00+0200,552.666666,MW,DK1,DK_1,forecast_offshore_wind_generation,Wind Offshore,2026-09-11T07:19:22Z
2026-09-11T07:17:07Z,2026-09-11T09:17:07+0200,3be851a8-a431-4c75-8fdc-307f16af93c6,2026-09-04T10:15:00Z,2026-09-04T12:15:00+0200,526.833333,MW,DK1,DK_1,forecast_offshore_wind_generation,Wind Offshore,2026-09-11T07:19:22Z
2026-09-11T07:17:07Z,2026-09-11T09:17:07+0200,3be851a8-a431-4c75-8fdc-307f16af93c6,2026-09-04T10:30:00Z,2026-09-04T12:30:00+0200,498.166666,MW,DK1,DK_1,forecast_offshore_wind_generation,Wind Offshore,2026-09-11T07:19:22Z
2026-09-11T07:17:07Z,2026-09-11T09:17:07+0200,3be851a8-a431-4c75-8fdc-307f16af93c6,2026-09-04T10:45:00Z,2026-09-04T12:45:00+0200,473.666666,MW,DK1,DK_1,forecast_offshore_wind_generation,Wind Offshore,2026-09-11T07:19:22Z
2026-09-11T07:17:07Z,2026-09-11T09:17:07+0200,3be851a8-a431-4c75-8fdc-307f16af93c6,2026-09-04T11:00:00Z,2026-09-04T13:00:00+0200,455.0,MW,DK1,DK_1,forecast_offshore_wind_generation,Wind Offshore,2026-09-11T07:19:22Z
2026-09-11T07:17:07Z,2026-09-11T09:17:07+0200,3be851a8-a431-4c75-8fdc-307f16af93c6,2026-09-04T11:15:00Z,2026-09-04T13:15:00+0200,436.333333,MW,DK1,DK_1,forecast_offshore_wind_generation,Wind Offshore,2026-09-11T07:19:22Z
2026-09-11T07:17:07Z,2026-09-11T09:17:07+0200,3be851a8-a431-4c75-8fdc-307f16af93c6,2026-09-04T11:30:00Z,2026-09-04T13:30:00+0200,417.833333,MW,DK1,DK_1,forecast_offshore_wind_generation,Wind Offshore,2026-09-11T07:19:22Z
2026-09-11T07:17:07Z,2026-09-11T09:17:07+0200,3be851a8-a431-4c75-8fdc-307f16af93c6,2026-09-04T11:45:00Z,2026-09-04T13:45:00+0200,407.333333,MW,DK1,DK_1,forecast_offshore_wind_generation,Wind Offshore,2026-09-11T07:19:22Z
2026-09-11T07:17:07Z,2026-09-11T09:17:07+0200,3be851a8-a431-4c75-8fdc-307f16af93c6,2026-09-04T12:00:00Z,2026-09-04T14:00:00+0200,409.666666,MW,DK1,DK_1,forecast_offshore_wind_generation,Wind Offshore,2026-09-11T07:19:22Z
2026-09-11T07:17:07Z,2026-09-11T09:17:07+0200,3be851a8-a431-4c75-8fdc-307f16af93c6,2026-09-04T12:15:00Z,2026-09-04T14:15:00+0200,429.5,MW,DK1,DK_1,forecast_offshore_wind_generation,Wind Offshore,2026-09-11T07:19:22Z
2026-09-11T07:17:07Z,2026-09-11T09:17:07+0200,3be851a8-a431-4c75-8fdc-307f16af93c6,2026-09-04T12:30:00Z,2026-09-04T14:30:00+0200,460.666666,MW,DK1,DK_1,forecast_offshore_wind_generation,Wind Offshore,2026-09-11T07:19:22Z
2026-09-11T07:17:07Z,2026-09-11T09:17:07+0200,3be851a8-a431-4c75-8fdc-307f16af93c6,2026-09-04T12:45:00Z,2026-09-04T14:45:00+0200,493.5,MW,DK1,DK_1,forecast_offshore_wind_generation,Wind Offshore,2026-09-11T07:19:22Z
2026-09-11T07:17:07Z,2026-09-11T09:17:07+0200,3be851a8-a431-4c75-8fdc-307f16af93c6,2026-09-04T13:00:00Z,2026-09-04T15:00:00+0200,523.166666,MW,DK1,DK_1,forecast_offshore_wind_generation,Wind Offshore,2026-09-11T07:19:22Z
2026-09-11T07:17:07Z,2026-09-11T09:17:07+0200,3be851a8-a431-4c75-8fdc-307f16af93c6,2026-09-04T13:15:00Z,2026-09-04T15:15:00+0200,554.166666,MW,DK1,DK_1,forecast_offshore_wind_generation,Wind Offshore,2026-09-11T07:19:22Z
2026-09-11T07:17:07Z,2026-09-11T09:17:07+0200,3be851a8-a431-4c75-8fdc-307f16af93c6,2026-09-04T13:30:00Z,2026-09-04T15:30:00+0200,588.5,MW,DK1,DK_1,forecast_offshore_wind_generation,Wind Offshore,2026-09-11T07:19:22Z
2026-09-11T07:17:07Z,2026-09-11T09:17:07+0200,3be851a8-a431-4c75-8fdc-307f16af93c6,2026-09-04T13:45:00Z,2026-09-04T15:45:00+0200,622.0,MW,DK1,DK_1,forecast_offshore_wind_generation,Wind Offshore,2026-09-11T07:19:22Z
2026-09-11T07:17:07Z,2026-09-11T09:17:07+0200,3be851a8-a431-4c75-8fdc-307f16af93c6,2026-09-04T14:00:00Z,2026-09-04T16:00:00+0200,648.333333,MW,DK1,DK_1,forecast_offshore_wind_generation,Wind Offshore,2026-09-11T07:19:22Z
2026-09-11T07:17:07Z,2026-09-11T09:17:07+0200,3be851a8-a431-4c75-8fdc-307f16af93c6,2026-09-04T14:15:00Z,2026-09-04T16:15:00+0200,676.833333,MW,DK1,DK_1,forecast_offshore_wind_generation,Wind Offshore,2026-09-11T07:19:22Z
2026-09-11T07:17:07Z,2026-09-11T09:17:07+0200,3be851a8-a431-4c75-8fdc-307f16af93c6,2026-09-04T14:30:00Z,2026-09-04T16:30:00+0200,692.333333,MW,DK1,DK_1,forecast_offshore_wind_generation,Wind Offshore,2026-09-11T07:19:22Z
2026-09-11T07:17:07Z,2026-09-11T09:17:07+0200,3be851a8-a431-4c75-8fdc-307f16af93c6,2026-09-04T14:45:00Z,2026-09-04T16:45:00+0200,700.833333,MW,DK1,DK_1,forecast_offshore_wind_generation,Wind Offshore,2026-09-11T07:19:22Z
2026-09-11T07:17:07Z,2026-09-11T09:17:07+0200,3be851a8-a431-4c75-8fdc-307f16af93c6,2026-09-04T15:00:00Z,2026-09-04T17:00:00+0200,707.0,MW,DK1,DK_1,forecast_offshore_wind_generation,Wind Offshore,2026-09-11T07:19:22Z
2026-09-11T07:17:07Z,2026-09-11T09:17:07+0200,3be851a8-a431-4c75-8fdc-307f16af93c6,2026-09-04T15:15:00Z,2026-09-04T17:15:00+0200,714.0,MW,DK1,DK_1,forecast_offshore_wind_generation,Wind Offshore,2026-09-11T07:19:22Z
2026-09-11T07:17:07Z,2026-09-11T09:17:07+0200,3be851a8-a431-4c75-8fdc-307f16af93c6,2026-09-04T15:30:00Z,2026-09-04T17:30:00+0200,721.166666,MW,DK1,DK_1,forecast_offshore_wind_generation,Wind Offshore,2026-09-11T07:19:22Z
2026-09-11T07:17:07Z,2026-09-11T09:17:07+0200,3be851a8-a431-4c75-8fdc-307f16af93c6,2026-09-04T15:45:00Z,2026-09-04T17:45:00+0200,728.0,MW,DK1,DK_1,forecast_offshore_wind_generation,Wind Offshore,2026-09-11T07:19:22Z
2026-09-11T07:17:07Z,2026-09-11T09:17:07+0200,3be851a8-a431-4c75-8fdc-307f16af93c6,2026-09-04T16:00:00Z,2026-09-04T18:00:00+0200,735.5,MW,DK1,DK_1,forecast_offshore_wind_generation,Wind Offshore,2026-09-11T07:19:22Z
2026-09-11T07:17:07Z,2026-09-11T09:17:07+0200,3be851a8-a431-4c75-8fdc-307f16af93c6,2026-09-04T16:15:00Z,2026-09-04T18:15:00+0200,745.166666,MW,DK1,DK_1,forecast_offshore_wind_generation,Wind Offshore,2026-09-11T07:19:22Z
2026-09-11T07:17:07Z,2026-09-11T09:17:07+0200,3be851a8-a431-4c75-8fdc-307f16af93c6,2026-09-04T16:30:00Z,2026-09-04T18:30:00+0200,757.833333,MW,DK1,DK_1,forecast_offshore_wind_generation,Wind Offshore,2026-09-11T07:19:22Z
2026-09-11T07:17:07Z,2026-09-11T09:17:07+0200,3be851a8-a431-4c75-8fdc-307f16af93c6,2026-09-04T16:45:00Z,2026-09-04T18:45:00+0200,770.0,MW,DK1,DK_1,forecast_offshore_wind_generation,Wind Offshore,2026-09-11T07:19:22Z
2026-09-11T07:17:07Z,2026-09-11T09:17:07+0200,3be851a8-a431-4c75-8fdc-307f16af93c6,2026-09-04T17:00:00Z,2026-09-04T19:00:00+0200,782.833333,MW,DK1,DK_1,forecast_offshore_wind_generation,Wind Offshore,2026-09-11T07:19:22Z
2026-09-11T07:17:07Z,2026-09-11T09:17:07+0200,3be851a8-a431-4c75-8fdc-307f16af93c6,2026-09-04T17:15:00Z,2026-09-04T19:15:00+0200,800.666666,MW,DK1,DK_1,forecast_offshore_wind_generation,Wind Offshore,2026-09-11T07:19:22Z
2026-09-11T07:17:07Z,2026-09-11T09:17:07+0200,3be851a8-a431-4c75-8fdc-307f16af93c6,2026-09-04T17:30:00Z,2026-09-04T19:30:00+0200,820.666666,MW,DK1,DK_1,forecast_offshore_wind_generation,Wind Offshore,2026-09-11T07:19:22Z
2026-09-11T07:17:07Z,2026-09-11T09:17:07+0200,3be851a8-a431-4c75-8fdc-307f16af93c6,2026-09-04T17:45:00Z,2026-09-04T19:45:00+0200,835.833333,MW,DK1,DK_1,forecast_offshore_wind_generation,Wind Offshore,2026-09-11T07:19:22Z
2026-09-11T07:17:07Z,2026-09-11T09:17:07+0200,3be851a8-a431-4c75-8fdc-307f16af93c6,2026-09-04T18:00:00Z,2026-09-04T20:00:00+0200,848.666666,MW,DK1,DK_1,forecast_offshore_wind_generation,Wind Offshore,2026-09-11T07:19:22Z
2026-09-11T07:17:07Z,2026-09-11T09:17:07+0200,3be851a8-a431-4c75-8fdc-307f16af93c6,2026-09-04T18:15:00Z,2026-09-04T20:15:00+0200,863.666666,MW,DK1,DK_1,forecast_offshore_wind_generation,Wind Offshore,2026-09-11T07:19:22Z
2026-09-11T07:17:07Z,2026-09-11T09:17:07+0200,3be851a8-a431-4c75-8fdc-307f16af93c6,2026-09-04T18:30:00Z,2026-09-04T20:30:00+0200,878.0,MW,DK1,DK_1,forecast_offshore_wind_generation,Wind Offshore,2026-09-11T07:19:22Z
2026-09-11T07:17:07Z,2026-09-11T09:17:07+0200,3be851a8-a431-4c75-8fdc-307f16af93c6,2026-09-04T18:45:00Z,2026-09-04T20:45:00+0200,888.833333,MW,DK1,DK_1,forecast_offshore_wind_generation,Wind Offshore,2026-09-11T07:19:22Z
2026-09-11T07:17:07Z,2026-09-11T09:17:07+0200,3be851a8-a431-4c75-8fdc-307f16af93c6,2026-09-04T19:00:00Z,2026-09-04T21:00:00+0200,895.0,MW,DK1,DK_1,forecast_offshore_wind_generation,Wind Offshore,2026-09-11T07:19:22Z
2026-09-11T07:17:07Z,2026-09-11T09:17:07+0200,3be851a8-a431-4c75-8fdc-307f16af93c6,2026-09-04T19:15:00Z,2026-09-04T21:15:00+0200,899.333333,MW,DK1,DK_1,forecast_offshore_wind_generation,Wind Offshore,2026-09-11T07:19:22Z
2026-09-11T07:17:07Z,2026-09-11T09:17:07+0200,3be851a8-a431-4c75-8fdc-307f16af93c6,2026-09-04T19:30:00Z,2026-09-04T21:30:00+0200,903.333333,MW,DK1,DK_1,forecast_offshore_wind_generation,Wind Offshore,2026-09-11T07:19:22Z
2026-09-11T07:17:07Z,2026-09-11T09:17:07+0200,3be851a8-a431-4c75-8fdc-307f16af93c6,2026-09-04T19:45:00Z,2026-09-04T21:45:00+0200,908.0,MW,DK1,DK_1,forecast_offshore_wind_generation,Wind Offshore,2026-09-11T07:19:22Z
2026-09-11T07:17:07Z,2026-09-11T09:17:07+0200,3be851a8-a431-4c75-8fdc-307f16af93c6,2026-09-04T20:00:00Z,2026-09-04T22:00:00+0200,915.333333,MW,DK1,DK_1,forecast_offshore_wind_generation,Wind Offshore,2026-09-11T07:19:22Z
2026-09-11T07:17:07Z,2026-09-11T09:17:07+0200,3be851a8-a431-4c75-8fdc-307f16af93c6,2026-09-04T20:15:00Z,2026-09-04T22:15:00+0200,927.5,MW,DK1,DK_1,forecast_offshore_wind_generation,Wind Offshore,2026-09-11T07:19:22Z
2026-09-11T07:17:07Z,2026-09-11T09:17:07+0200,3be851a8-a431-4c75-8fdc-307f16af93c6,2026-09-04T20:30:00Z,2026-09-04T22:30:00+0200,940.666666,MW,DK1,DK_1,forecast_offshore_wind_generation,Wind Offshore,2026-09-11T07:19:22Z
2026-09-11T07:17:07Z,2026-09-11T09:17:07+0200,3be851a8-a431-4c75-8fdc-307f16af93c6,2026-09-04T20:45:00Z,2026-09-04T22:45:00+0200,948.833333,MW,DK1,DK_1,forecast_offshore_wind_generation,Wind Offshore,2026-09-11T07:19:22Z
2026-09-11T07:17:07Z,2026-09-11T09:17:07+0200,3be851a8-a431-4c75-8fdc-307f16af93c6,2026-09-04T21:00:00Z,2026-09-04T23:00:00+0200,951.5,MW,DK1,DK_1,forecast_offshore_wind_generation,Wind Offshore,2026-09-11T07:19:22Z
2026-09-11T07:17:07Z,2026-09-11T09:17:07+0200,3be851a8-a431-4c75-8fdc-307f16af93c6,2026-09-04T21:15:00Z,2026-09-04T23:15:00+0200,951.833333,MW,DK1,DK_1,forecast_offshore_wind_generation,Wind Offshore,2026-09-11T07:19:22Z
2026-09-11T07:17:07Z,2026-09-11T09:17:07+0200,3be851a8-a431-4c75-8fdc-307f16af93c6,2026-09-04T21:30:00Z,2026-09-04T23:30:00+0200,951.0,MW,DK1,DK_1,forecast_offshore_wind_generation,Wind Offshore,2026-09-11T07:19:22Z
2026-09-11T07:17:07Z,2026-09-11T09:17:07+0200,3be851a8-a431-4c75-8fdc-307f16af93c6,2026-09-04T21:45:00Z,2026-09-04T23:45:00+0200,950.833333,MW,DK1,DK_1,forecast_offshore_wind_generation,Wind Offshore,2026-09-11T07:19:22Z
2026-09-11T07:17:07Z,2026-09-11T09:17:07+0200,3be851a8-a431-4c75-8fdc-307f16af93c6,2026-09-04T22:00:00Z,2026-09-05T00:00:00+0200,974.0,MW,DK1,DK_1,forecast_offshore_wind_generation,Wind Offshore,2026-09-11T07:19:22Z
2026-09-11T07:17:07Z,2026-09-11T09:17:07+0200,3be851a8-a431-4c75-8fdc-307f16af93c6,2026-09-04T22:15:00Z,2026-09-05T00:15:00+0200,974.5,MW,DK1,DK_1,forecast_offshore_wind_generation,Wind Offshore,2026-09-11T07:19:22Z
2026-09-11T07:17:07Z,2026-09-11T09:17:07+0200,3be851a8-a431-4c75-8fdc-307f16af93c6,2026-09-04T22:30:00Z,2026-09-05T00:30:00+0200,974.666666,MW,DK1,DK_1,forecast_offshore_wind_generation,Wind Offshore,2026-09-11T07:19:22Z
2026-09-11T07:17:07Z,2026-09-11T09:17:07+0200,3be851a8-a431-4c75-8fdc-307f16af93c6,2026-09-04T22:45:00Z,2026-09-05T00:45:00+0200,975.0,MW,DK1,DK_1,forecast_offshore_wind_generation,Wind Offshore,2026-09-11T07:19:22Z
2026-09-11T07:17:07Z,2026-09-11T09:17:07+0200,3be851a8-a431-4c75-8fdc-307f16af93c6,2026-09-04T23:00:00Z,2026-09-05T01:00:00+0200,974.5,MW,DK1,DK_1,forecast_offshore_wind_generation,Wind Offshore,2026-09-11T07:19:22Z
2026-09-11T07:17:07Z,2026-09-11T09:17:07+0200,3be851a8-a431-4c75-8fdc-307f16af93c6,2026-09-04T23:15:00Z,2026-09-05T01:15:00+0200,973.5,MW,DK1,DK_1,forecast_offshore_wind_generation,Wind Offshore,2026-09-11T07:19:22Z
2026-09-11T07:17:07Z,2026-09-11T09:17:07+0200,3be851a8-a431-4c75-8fdc-307f16af93c6,2026-09-04T23:30:00Z,2026-09-05T01:30:00+0200,972.5,MW,DK1,DK_1,forecast_offshore_wind_generation,Wind Offshore,2026-09-11T07:19:22Z
2026-09-11T07:17:07Z,2026-09-11T09:17:07+0200,3be851a8-a431-4c75-8fdc-307f16af93c6,2026-09-04T23:45:00Z,2026-09-05T01:45:00+0200,972.0,MW,DK1,DK_1,forecast_offshore_wind_generation,Wind Offshore,2026-09-11T07:19:22Z
2026-09-11T07:17:07Z,2026-09-11T09:17:07+0200,3be851a8-a431-4c75-8fdc-307f16af93c6,2026-09-05T00:00:00Z,2026-09-05T02:00:00+0200,972.5,MW,DK1,DK_1,forecast_offshore_wind_generation,Wind Offshore,2026-09-11T07:19:22Z
2026-09-11T07:17:07Z,2026-09-11T09:17:07+0200,3be851a8-a431-4c75-8fdc-307f16af93c6,2026-09-05T00:15:00Z,2026-09-05T02:15:00+0200,973.5,MW,DK1,DK_1,forecast_offshore_wind_generation,Wind Offshore,2026-09-11T07:19:22Z
2026-09-11T07:17:07Z,2026-09-11T09:17:07+0200,3be851a8-a431-4c75-8fdc-307f16af93c6,2026-09-05T00:30:00Z,2026-09-05T02:30:00+0200,975.0,MW,DK1,DK_1,forecast_offshore_wind_generation,Wind Offshore,2026-09-11T07:19:22Z
2026-09-11T07:17:07Z,2026-09-11T09:17:07+0200,3be851a8-a431-4c75-8fdc-307f16af93c6,2026-09-05T00:45:00Z,2026-09-05T02:45:00+0200,976.5,MW,DK1,DK_1,forecast_offshore_wind_generation,Wind Offshore,2026-09-11T07:19:22Z
2026-09-11T07:17:07Z,2026-09-11T09:17:07+0200,3be851a8-a431-4c75-8fdc-307f16af93c6,2026-09-05T01:00:00Z,2026-09-05T03:00:00+0200,977.5,MW,DK1,DK_1,forecast_offshore_wind_generation,Wind Offshore,2026-09-11T07:19:22Z
2026-09-11T07:17:07Z,2026-09-11T09:17:07+0200,3be851a8-a431-4c75-8fdc-307f16af93c6,2026-09-05T01:15:00Z,2026-09-05T03:15:00+0200,979.333333,MW,DK1,DK_1,forecast_offshore_wind_generation,Wind Offshore,2026-09-11T07:19:22Z
2026-09-11T07:17:07Z,2026-09-11T09:17:07+0200,3be851a8-a431-4c75-8fdc-307f16af93c6,2026-09-05T01:30:00Z,2026-09-05T03:30:00+0200,980.5,MW,DK1,DK_1,forecast_offshore_wind_generation,Wind Offshore,2026-09-11T07:19:22Z
2026-09-11T07:17:07Z,2026-09-11T09:17:07+0200,3be851a8-a431-4c75-8fdc-307f16af93c6,2026-09-05T01:45:00Z,2026-09-05T03:45:00+0200,980.833333,MW,DK1,DK_1,forecast_offshore_wind_generation,Wind Offshore,2026-09-11T07:19:22Z
2026-09-11T07:17:07Z,2026-09-11T09:17:07+0200,3be851a8-a431-4c75-8fdc-307f16af93c6,2026-09-05T02:00:00Z,2026-09-05T04:00:00+0200,979.833333,MW,DK1,DK_1,forecast_offshore_wind_generation,Wind Offshore,2026-09-11T07:19:22Z
2026-09-11T07:17:07Z,2026-09-11T09:17:07+0200,3be851a8-a431-4c75-8fdc-307f16af93c6,2026-09-05T02:15:00Z,2026-09-05T04:15:00+0200,977.666666,MW,DK1,DK_1,forecast_offshore_wind_generation,Wind Offshore,2026-09-11T07:19:22Z
2026-09-11T07:17:07Z,2026-09-11T09:17:07+0200,3be851a8-a431-4c75-8fdc-307f16af93c6,2026-09-05T02:30:00Z,2026-09-05T04:30:00+0200,975.5,MW,DK1,DK_1,forecast_offshore_wind_generation,Wind Offshore,2026-09-11T07:19:22Z
2026-09-11T07:17:07Z,2026-09-11T09:17:07+0200,3be851a8-a431-4c75-8fdc-307f16af93c6,2026-09-05T02:45:00Z,2026-09-05T04:45:00+0200,973.333333,MW,DK1,DK_1,forecast_offshore_wind_generation,Wind Offshore,2026-09-11T07:19:22Z
2026-09-11T07:17:07Z,2026-09-11T09:17:07+0200,3be851a8-a431-4c75-8fdc-307f16af93c6,2026-09-05T03:00:00Z,2026-09-05T05:00:00+0200,971.5,MW,DK1,DK_1,forecast_offshore_wind_generation,Wind Offshore,2026-09-11T07:19:22Z
2026-09-11T07:17:07Z,2026-09-11T09:17:07+0200,3be851a8-a431-4c75-8fdc-307f16af93c6,2026-09-05T03:15:00Z,2026-09-05T05:15:00+0200,970.5,MW,DK1,DK_1,forecast_offshore_wind_generation,Wind Offshore,2026-09-11T07:19:22Z
2026-09-11T07:17:07Z,2026-09-11T09:17:07+0200,3be851a8-a431-4c75-8fdc-307f16af93c6,2026-09-05T03:30:00Z,2026-09-05T05:30:00+0200,969.0,MW,DK1,DK_1,forecast_offshore_wind_generation,Wind Offshore,2026-09-11T07:19:22Z
2026-09-11T07:17:07Z,2026-09-11T09:17:07+0200,3be851a8-a431-4c75-8fdc-307f16af93c6,2026-09-05T03:45:00Z,2026-09-05T05:45:00+0200,967.333333,MW,DK1,DK_1,forecast_offshore_wind_generation,Wind Offshore,2026-09-11T07:19:22Z
2026-09-11T07:17:07Z,2026-09-11T09:17:07+0200,3be851a8-a431-4c75-8fdc-307f16af93c6,2026-09-05T04:00:00Z,2026-09-05T06:00:00+0200,964.0,MW,DK1,DK_1,forecast_offshore_wind_generation,Wind Offshore,2026-09-11T07:19:22Z
2026-09-11T07:17:07Z,2026-09-11T09:17:07+0200,3be851a8-a431-4c75-8fdc-307f16af93c6,2026-09-05T04:15:00Z,2026-09-05T06:15:00+0200,959.5,MW,DK1,DK_1,forecast_offshore_wind_generation,Wind Offshore,2026-09-11T07:19:22Z
2026-09-11T07:17:07Z,2026-09-11T09:17:07+0200,3be851a8-a431-4c75-8fdc-307f16af93c6,2026-09-05T04:30:00Z,2026-09-05T06:30:00+0200,954.166666,MW,DK1,DK_1,forecast_offshore_wind_generation,Wind Offshore,2026-09-11T07:19:22Z
2026-09-11T07:17:07Z,2026-09-11T09:17:07+0200,3be851a8-a431-4c75-8fdc-307f16af93c6,2026-09-05T04:45:00Z,2026-09-05T06:45:00+0200,949.166666,MW,DK1,DK_1,forecast_offshore_wind_generation,Wind Offshore,2026-09-11T07:19:22Z
2026-09-11T07:17:07Z,2026-09-11T09:17:07+0200,3be851a8-a431-4c75-8fdc-307f16af93c6,2026-09-05T05:00:00Z,2026-09-05T07:00:00+0200,947.666666,MW,DK1,DK_1,forecast_offshore_wind_generation,Wind Offshore,2026-09-11T07:19:22Z
2026-09-11T07:17:07Z,2026-09-11T09:17:07+0200,3be851a8-a431-4c75-8fdc-307f16af93c6,2026-09-05T05:15:00Z,2026-09-05T07:15:00+0200,951.833333,MW,DK1,DK_1,forecast_offshore_wind_generation,Wind Offshore,2026-09-11T07:19:22Z
2026-09-11T07:17:07Z,2026-09-11T09:17:07+0200,3be851a8-a431-4c75-8fdc-307f16af93c6,2026-09-05T05:30:00Z,2026-09-05T07:30:00+0200,955.833333,MW,DK1,DK_1,forecast_offshore_wind_generation,Wind Offshore,2026-09-11T07:19:22Z
2026-09-11T07:17:07Z,2026-09-11T09:17:07+0200,3be851a8-a431-4c75-8fdc-307f16af93c6,2026-09-05T05:45:00Z,2026-09-05T07:45:00+0200,957.833333,MW,DK1,DK_1,forecast_offshore_wind_generation,Wind Offshore,2026-09-11T07:19:22Z
2026-09-11T07:17:07Z,2026-09-11T09:17:07+0200,3be851a8-a431-4c75-8fdc-307f16af93c6,2026-09-05T06:00:00Z,2026-09-05T08:00:00+0200,958.0,MW,DK1,DK_1,forecast_offshore_wind_generation,Wind Offshore,2026-09-11T07:19:22Z
2026-09-11T07:17:07Z,2026-09-11T09:17:07+0200,3be851a8-a431-4c75-8fdc-307f16af93c6,2026-09-05T06:15:00Z,2026-09-05T08:15:00+0200,958.5,MW,DK1,DK_1,forecast_offshore_wind_generation,Wind Offshore,2026-09-11T07:19:22Z
2026-09-11T07:17:07Z,2026-09-11T09:17:07+0200,3be851a8-a431-4c75-8fdc-307f16af93c6,2026-09-05T06:30:00Z,2026-09-05T08:30:00+0200,960.0,MW,DK1,DK_1,forecast_offshore_wind_generation,Wind Offshore,2026-09-11T07:19:22Z
2026-09-11T07:17:07Z,2026-09-11T09:17:07+0200,3be851a8-a431-4c75-8fdc-307f16af93c6,2026-09-05T06:45:00Z,2026-09-05T08:45:00+0200,961.5,MW,DK1,DK_1,forecast_offshore_wind_generation,Wind Offshore,2026-09-11T07:19:22Z
2026-09-11T07:17:07Z,2026-09-11T09:17:07+0200,3be851a8-a431-4c75-8fdc-307f16af93c6,2026-09-05T07:00:00Z,2026-09-05T09:00:00+0200,962.833333,MW,DK1,DK_1,forecast_offshore_wind_generation,Wind Offshore,2026-09-11T07:19:22Z
2026-09-11T07:17:07Z,2026-09-11T09:17:07+0200,3be851a8-a431-4c75-8fdc-307f16af93c6,2026-09-05T07:15:00Z,2026-09-05T09:15:00+0200,964.0,MW,DK1,DK_1,forecast_offshore_wind_generation,Wind Offshore,2026-09-11T07:19:22Z
2026-09-11T07:17:07Z,2026-09-11T09:17:07+0200,3be851a8-a431-4c75-8fdc-307f16af93c6,2026-09-05T07:30:00Z,2026-09-05T09:30:00+0200,965.0,MW,DK1,DK_1,forecast_offshore_wind_generation,Wind Offshore,2026-09-11T07:19:22Z
2026-09-11T07:17:07Z,2026-09-11T09:17:07+0200,3be851a8-a431-4c75-8fdc-307f16af93c6,2026-09-05T07:45:00Z,2026-09-05T09:45:00+0200,965.166666,MW,DK1,DK_1,forecast_offshore_wind_generation,Wind Offshore,2026-09-11T07:19:22Z
2026-09-11T07:17:07Z,2026-09-11T09:17:07+0200,3be851a8-a431-4c75-8fdc-307f16af93c6,2026-09-05T08:00:00Z,2026-09-05T10:00:00+0200,966.0,MW,DK1,DK_1,forecast_offshore_wind_generation,Wind Offshore,2026-09-11T07:19:22Z
2026-09-11T07:17:07Z,2026-09-11T09:17:07+0200,3be851a8-a431-4c75-8fdc-307f16af93c6,2026-09-05T08:15:00Z,2026-09-05T10:15:00+0200,966.5,MW,DK1,DK_1,forecast_offshore_wind_generation,Wind Offshore,2026-09-11T07:19:22Z
2026-09-11T07:17:07Z,2026-09-11T09:17:07+0200,3be851a8-a431-4c75-8fdc-307f16af93c6,2026-09-05T08:30:00Z,2026-09-05T10:30:00+0200,968.0,MW,DK1,DK_1,forecast_offshore_wind_generation,Wind Offshore,2026-09-11T07:19:22Z
2026-09-11T07:17:07Z,2026-09-11T09:17:07+0200,3be851a8-a431-4c75-8fdc-307f16af93c6,2026-09-05T08:45:00Z,2026-09-05T10:45:00+0200,970.0,MW,DK1,DK_1,forecast_offshore_wind_generation,Wind Offshore,2026-09-11T07:19:22Z
2026-09-11T07:17:07Z,2026-09-11T09:17:07+0200,3be851a8-a431-4c75-8fdc-307f16af93c6,2026-09-05T09:00:00Z,2026-09-05T11:00:00+0200,971.166666,MW,DK1,DK_1,forecast_offshore_wind_generation,Wind Offshore,2026-09-11T07:19:22Z
2026-09-11T07:17:07Z,2026-09-11T09:17:07+0200,3be851a8-a431-4c75-8fdc-307f16af93c6,2026-09-05T09:15:00Z,2026-09-05T11:15:00+0200,972.0,MW,DK1,DK_1,forecast_offshore_wind_generation,Wind Offshore,2026-09-11T07:19:22Z
2026-09-11T07:17:07Z,2026-09-11T09:17:07+0200,3be851a8-a431-4c75-8fdc-307f16af93c6,2026-09-05T09:30:00Z,2026-09-05T11:30:00+0200,972.0,MW,DK1,DK_1,forecast_offshore_wind_generation,Wind Offshore,2026-09-11T07:19:22Z
2026-09-11T07:17:07Z,2026-09-11T09:17:07+0200,3be851a8-a431-4c75-8fdc-307f16af93c6,2026-09-05T09:45:00Z,2026-09-05T11:45:00+0200,972.0,MW,DK1,DK_1,forecast_offshore_wind_generation,Wind Offshore,2026-09-11T07:19:22Z
2026-09-11T07:17:07Z,2026-09-11T09:17:07+0200,3be851a8-a431-4c75-8fdc-307f16af93c6,2026-09-05T10:00:00Z,2026-09-05T12:00:00+0200,972.666666,MW,DK1,DK_1,forecast_offshore_wind_generation,Wind Offshore,2026-09-11T07:19:22Z
2026-09-11T07:17:07Z,2026-09-11T09:17:07+0200,3be851a8-a431-4c75-8fdc-307f16af93c6,2026-09-05T10:15:00Z,2026-09-05T12:15:00+0200,974.833333,MW,DK1,DK_1,forecast_offshore_wind_generation,Wind Offshore,2026-09-11T07:19:22Z
2026-09-11T07:17:07Z,2026-09-11T09:17:07+0200,3be851a8-a431-4c75-8fdc-307f16af93c6,2026-09-05T10:30:00Z,2026-09-05T12:30:00+0200,978.5,MW,DK1,DK_1,forecast_offshore_wind_generation,Wind Offshore,2026-09-11T07:19:22Z
2026-09-11T07:17:07Z,2026-09-11T09:17:07+0200,3be851a8-a431-4c75-8fdc-307f16af93c6,2026-09-05T10:45:00Z,2026-09-05T12:45:00+0200,981.5,MW,DK1,DK_1,forecast_offshore_wind_generation,Wind Offshore,2026-09-11T07:19:22Z
2026-09-11T07:17:07Z,2026-09-11T09:17:07+0200,3be851a8-a431-4c75-8fdc-307f16af93c6,2026-09-05T11:00:00Z,2026-09-05T13:00:00+0200,984.666666,MW,DK1,DK_1,forecast_offshore_wind_generation,Wind Offshore,2026-09-11T07:19:22Z
2026-09-11T07:17:07Z,2026-09-11T09:17:07+0200,3be851a8-a431-4c75-8fdc-307f16af93c6,2026-09-05T11:15:00Z,2026-09-05T13:15:00+0200,989.833333,MW,DK1,DK_1,forecast_offshore_wind_generation,Wind Offshore,2026-09-11T07:19:22Z
2026-09-11T07:17:07Z,2026-09-11T09:17:07+0200,3be851a8-a431-4c75-8fdc-307f16af93c6,2026-09-05T11:30:00Z,2026-09-05T13:30:00+0200,994.0,MW,DK1,DK_1,forecast_offshore_wind_generation,Wind Offshore,2026-09-11T07:19:22Z
2026-09-11T07:17:07Z,2026-09-11T09:17:07+0200,3be851a8-a431-4c75-8fdc-307f16af93c6,2026-09-05T11:45:00Z,2026-09-05T13:45:00+0200,997.5,MW,DK1,DK_1,forecast_offshore_wind_generation,Wind Offshore,2026-09-11T07:19:22Z
2026-09-11T07:17:07Z,2026-09-11T09:17:07+0200,3be851a8-a431-4c75-8fdc-307f16af93c6,2026-09-05T12:00:00Z,2026-09-05T14:00:00+0200,999.5,MW,DK1,DK_1,forecast_offshore_wind_generation,Wind Offshore,2026-09-11T07:19:22Z
2026-09-11T07:17:07Z,2026-09-11T09:17:07+0200,3be851a8-a431-4c75-8fdc-307f16af93c6,2026-09-05T12:15:00Z,2026-09-05T14:15:00+0200,1000.5,MW,DK1,DK_1,forecast_offshore_wind_generation,Wind Offshore,2026-09-11T07:19:22Z
2026-09-11T07:17:07Z,2026-09-11T09:17:07+0200,3be851a8-a431-4c75-8fdc-307f16af93c6,2026-09-05T12:30:00Z,2026-09-05T14:30:00+0200,1001.0,MW,DK1,DK_1,forecast_offshore_wind_generation,Wind Offshore,2026-09-11T07:19:22Z
2026-09-11T07:17:07Z,2026-09-11T09:17:07+0200,3be851a8-a431-4c75-8fdc-307f16af93c6,2026-09-05T12:45:00Z,2026-09-05T14:45:00+0200,1001.166666,MW,DK1,DK_1,forecast_offshore_wind_generation,Wind Offshore,2026-09-11T07:19:22Z
2026-09-11T07:17:07Z,2026-09-11T09:17:07+0200,3be851a8-a431-4c75-8fdc-307f16af93c6,2026-09-05T13:00:00Z,2026-09-05T15:00:00+0200,1002.666666,MW,DK1,DK_1,forecast_offshore_wind_generation,Wind Offshore,2026-09-11T07:19:22Z
2026-09-11T07:17:07Z,2026-09-11T09:17:07+0200,3be851a8-a431-4c75-8fdc-307f16af93c6,2026-09-05T13:15:00Z,2026-09-05T15:15:00+0200,1005.0,MW,DK1,DK_1,forecast_offshore_wind_generation,Wind Offshore,2026-09-11T07:19:22Z
2026-09-11T07:17:07Z,2026-09-11T09:17:07+0200,3be851a8-a431-4c75-8fdc-307f16af93c6,2026-09-05T13:30:00Z,2026-09-05T15:30:00+0200,1006.166666,MW,DK1,DK_1,forecast_offshore_wind_generation,Wind Offshore,2026-09-11T07:19:22Z
2026-09-11T07:17:07Z,2026-09-11T09:17:07+0200,3be851a8-a431-4c75-8fdc-307f16af93c6,2026-09-05T13:45:00Z,2026-09-05T15:45:00+0200,1007.0,MW,DK1,DK_1,forecast_offshore_wind_generation,Wind Offshore,2026-09-11T07:19:22Z
2026-09-11T07:17:07Z,2026-09-11T09:17:07+0200,3be851a8-a431-4c75-8fdc-307f16af93c6,2026-09-05T14:00:00Z,2026-09-05T16:00:00+0200,1007.0,MW,DK1,DK_1,forecast_offshore_wind_generation,Wind Offshore,2026-09-11T07:19:22Z
2026-09-11T07:17:07Z,2026-09-11T09:17:07+0200,3be851a8-a431-4c75-8fdc-307f16af93c6,2026-09-05T14:15:00Z,2026-09-05T16:15:00+0200,1007.5,MW,DK1,DK_1,forecast_offshore_wind_generation,Wind Offshore,2026-09-11T07:19:22Z
2026-09-11T07:17:07Z,2026-09-11T09:17:07+0200,3be851a8-a431-4c75-8fdc-307f16af93c6,2026-09-05T14:30:00Z,2026-09-05T16:30:00+0200,1008.0,MW,DK1,DK_1,forecast_offshore_wind_generation,Wind Offshore,2026-09-11T07:19:22Z
2026-09-11T07:17:07Z,2026-09-11T09:17:07+0200,3be851a8-a431-4c75-8fdc-307f16af93c6,2026-09-05T14:45:00Z,2026-09-05T16:45:00+0200,1008.0,MW,DK1,DK_1,forecast_offshore_wind_generation,Wind Offshore,2026-09-11T07:19:22Z
2026-09-11T07:17:07Z,2026-09-11T09:17:07+0200,3be851a8-a431-4c75-8fdc-307f16af93c6,2026-09-05T15:00:00Z,2026-09-05T17:00:00+0200,1008.833333,MW,DK1,DK_1,forecast_offshore_wind_generation,Wind Offshore,2026-09-11T07:19:22Z
2026-09-11T07:17:07Z,2026-09-11T09:17:07+0200,3be851a8-a431-4c75-8fdc-307f16af93c6,2026-09-05T15:15:00Z,2026-09-05T17:15:00+0200,1009.0,MW,DK1,DK_1,forecast_offshore_wind_generation,Wind Offshore,2026-09-11T07:19:22Z
2026-09-11T07:17:07Z,2026-09-11T09:17:07+0200,3be851a8-a431-4c75-8fdc-307f16af93c6,2026-09-05T15:30:00Z,2026-09-05T17:30:00+0200,1009.0,MW,DK1,DK_1,forecast_offshore_wind_generation,Wind Offshore,2026-09-11T07:19:22Z
2026-09-11T07:17:07Z,2026-09-11T09:17:07+0200,3be851a8-a431-4c75-8fdc-307f16af93c6,2026-09-05T15:45:00Z,2026-09-05T17:45:00+0200,1009.0,MW,DK1,DK_1,forecast_offshore_wind_generation,Wind Offshore,2026-09-11T07:19:22Z
2026-09-11T07:17:07Z,2026-09-11T09:17:07+0200,3be851a8-a431-4c75-8fdc-307f16af93c6,2026-09-05T16:00:00Z,2026-09-05T18:00:00+0200,1009.0,MW,DK1,DK_1,forecast_offshore_wind_generation,Wind Offshore,2026-09-11T07:19:22Z
2026-09-11T07:17:07Z,2026-09-11T09:17:07+0200,3be851a8-a431-4c75-8fdc-307f16af93c6,2026-09-05T16:15:00Z,2026-09-05T18:15:00+0200,1008.833333,MW,DK1,DK_1,forecast_offshore_wind_generation,Wind Offshore,2026-09-11T07:19:22Z
2026-09-11T07:17:07Z,2026-09-11T09:17:07+0200,3be851a8-a431-4c75-8fdc-307f16af93c6,2026-09-05T16:30:00Z,2026-09-05T18:30:00+0200,1008.0,MW,DK1,DK_1,forecast_offshore_wind_generation,Wind Offshore,2026-09-11T07:19:22Z
2026-09-11T07:17:07Z,2026-09-11T09:17:07+0200,3be851a8-a431-4c75-8fdc-307f16af93c6,2026-09-05T16:45:00Z,2026-09-05T18:45:00+0200,1008.0,MW,DK1,DK_1,forecast_offshore_wind_generation,Wind Offshore,2026-09-11T07:19:22Z
2026-09-11T07:17:07Z,2026-09-11T09:17:07+0200,3be851a8-a431-4c75-8fdc-307f16af93c6,2026-09-05T17:00:00Z,2026-09-05T19:00:00+0200,1007.5,MW,DK1,DK_1,forecast_offshore_wind_generation,Wind Offshore,2026-09-11T07:19:22Z
2026-09-11T07:17:07Z,2026-09-11T09:17:07+0200,3be851a8-a431-4c75-8fdc-307f16af93c6,2026-09-05T17:15:00Z,2026-09-05T19:15:00+0200,1007.0,MW,DK1,DK_1,forecast_offshore_wind_generation,Wind Offshore,2026-09-11T07:19:22Z
2026-09-11T07:17:07Z,2026-09-11T09:17:07+0200,3be851a8-a431-4c75-8fdc-307f16af93c6,2026-09-05T17:30:00Z,2026-09-05T19:30:00+0200,1007.0,MW,DK1,DK_1,forecast_offshore_wind_generation,Wind Offshore,2026-09-11T07:19:22Z
2026-09-11T07:17:07Z,2026-09-11T09:17:07+0200,3be851a8-a431-4c75-8fdc-307f16af93c6,2026-09-05T17:45:00Z,2026-09-05T19:45:00+0200,1006.166666,MW,DK1,DK_1,forecast_offshore_wind_generation,Wind Offshore,2026-09-11T07:19:22Z
2026-09-11T07:17:07Z,2026-09-11T09:17:07+0200,3be851a8-a431-4c75-8fdc-307f16af93c6,2026-09-05T18:00:00Z,2026-09-05T20:00:00+0200,1006.166666,MW,DK1,DK_1,forecast_offshore_wind_generation,Wind Offshore,2026-09-11T07:19:22Z
2026-09-11T07:17:07Z,2026-09-11T09:17:07+0200,3be851a8-a431-4c75-8fdc-307f16af93c6,2026-09-05T18:15:00Z,2026-09-05T20:15:00+0200,1007.0,MW,DK1,DK_1,forecast_offshore_wind_generation,Wind Offshore,2026-09-11T07:19:22Z
2026-09-11T07:17:07Z,2026-09-11T09:17:07+0200,3be851a8-a431-4c75-8fdc-307f16af93c6,2026-09-05T18:30:00Z,2026-09-05T20:30:00+0200,1007.5,MW,DK1,DK_1,forecast_offshore_wind_generation,Wind Offshore,2026-09-11T07:19:22Z
2026-09-11T07:17:07Z,2026-09-11T09:17:07+0200,3be851a8-a431-4c75-8fdc-307f16af93c6,2026-09-05T18:45:00Z,2026-09-05T20:45:00+0200,1008.0,MW,DK1,DK_1,forecast_offshore_wind_generation,Wind Offshore,2026-09-11T07:19:22Z
2026-09-11T07:17:07Z,2026-09-11T09:17:07+0200,3be851a8-a431-4c75-8fdc-307f16af93c6,2026-09-05T19:00:00Z,2026-09-05T21:00:00+0200,1008.0,MW,DK1,DK_1,forecast_offshore_wind_generation,Wind Offshore,2026-09-11T07:19:22Z
2026-09-11T07:17:07Z,2026-09-11T09:17:07+0200,3be851a8-a431-4c75-8fdc-307f16af93c6,2026-09-05T19:15:00Z,2026-09-05T21:15:00+0200,1008.0,MW,DK1,DK_1,forecast_offshore_wind_generation,Wind Offshore,2026-09-11T07:19:22Z
2026-09-11T07:17:07Z,2026-09-11T09:17:07+0200,3be851a8-a431-4c75-8fdc-307f16af93c6,2026-09-05T19:30:00Z,2026-09-05T21:30:00+0200,1008.5,MW,DK1,DK_1,forecast_offshore_wind_generation,Wind Offshore,2026-09-11T07:19:22Z
2026-09-11T07:17:07Z,2026-09-11T09:17:07+0200,3be851a8-a431-4c75-8fdc-307f16af93c6,2026-09-05T19:45:00Z,2026-09-05T21:45:00+0200,1008.833333,MW,DK1,DK_1,forecast_offshore_wind_generation,Wind Offshore,2026-09-11T07:19:22Z
2026-09-11T07:17:07Z,2026-09-11T09:17:07+0200,3be851a8-a431-4c75-8fdc-307f16af93c6,2026-09-05T20:00:00Z,2026-09-05T22:00:00+0200,1008.0,MW,DK1,DK_1,forecast_offshore_wind_generation,Wind Offshore,2026-09-11T07:19:22Z
2026-09-11T07:17:07Z,2026-09-11T09:17:07+0200,3be851a8-a431-4c75-8fdc-307f16af93c6,2026-09-05T20:15:00Z,2026-09-05T22:15:00+0200,1008.0,MW,DK1,DK_1,forecast_offshore_wind_generation,Wind Offshore,2026-09-11T07:19:22Z
2026-09-11T07:17:07Z,2026-09-11T09:17:07+0200,3be851a8-a431-4c75-8fdc-307f16af93c6,2026-09-05T20:30:00Z,2026-09-05T22:30:00+0200,1008.0,MW,DK1,DK_1,forecast_offshore_wind_generation,Wind Offshore,2026-09-11T07:19:22Z
2026-09-11T07:17:07Z,2026-09-11T09:17:07+0200,3be851a8-a431-4c75-8fdc-307f16af93c6,2026-09-05T20:45:00Z,2026-09-05T22:45:00+0200,1008.0,MW,DK1,DK_1,forecast_offshore_wind_generation,Wind Offshore,2026-09-11T07:19:22Z
2026-09-11T07:17:07Z,2026-09-11T09:17:07+0200,3be851a8-a431-4c75-8fdc-307f16af93c6,2026-09-05T21:00:00Z,2026-09-05T23:00:00+0200,1008.166666,MW,DK1,DK_1,forecast_offshore_wind_generation,Wind Offshore,2026-09-11T07:19:22Z
2026-09-11T07:17:07Z,2026-09-11T09:17:07+0200,3be851a8-a431-4c75-8fdc-307f16af93c6,2026-09-05T21:15:00Z,2026-09-05T23:15:00+0200,1008.166666,MW,DK1,DK_1,forecast_offshore_wind_generation,Wind Offshore,2026-09-11T07:19:22Z
2026-09-11T07:17:07Z,2026-09-11T09:17:07+0200,3be851a8-a431-4c75-8fdc-307f16af93c6,2026-09-05T21:30:00Z,2026-09-05T23:30:00+0200,1008.0,MW,DK1,DK_1,forecast_offshore_wind_generation,Wind Offshore,2026-09-11T07:19:22Z
2026-09-11T07:17:07Z,2026-09-11T09:17:07+0200,3be851a8-a431-4c75-8fdc-307f16af93c6,2026-09-05T21:45:00Z,2026-09-05T23:45:00+0200,1007.166666,MW,DK1,DK_1,forecast_offshore_wind_generation,Wind Offshore,2026-09-11T07:19:22Z
2026-09-11T07:17:07Z,2026-09-11T09:17:07+0200,3be851a8-a431-4c75-8fdc-307f16af93c6,2026-09-05T22:00:00Z,2026-09-06T00:00:00+0200,1012.5,MW,DK1,DK_1,forecast_offshore_wind_generation,Wind Offshore,2026-09-11T07:19:22Z
2026-09-11T07:17:07Z,2026-09-11T09:17:07+0200,3be851a8-a431-4c75-8fdc-307f16af93c6,2026-09-05T22:15:00Z,2026-09-06T00:15:00+0200,1011.5,MW,DK1,DK_1,forecast_offshore_wind_generation,Wind Offshore,2026-09-11T07:19:22Z
2026-09-11T07:17:07Z,2026-09-11T09:17:07+0200,3be851a8-a431-4c75-8fdc-307f16af93c6,2026-09-05T22:30:00Z,2026-09-06T00:30:00+0200,1010.0,MW,DK1,DK_1,forecast_offshore_wind_generation,Wind Offshore,2026-09-11T07:19:22Z
2026-09-11T07:17:07Z,2026-09-11T09:17:07+0200,3be851a8-a431-4c75-8fdc-307f16af93c6,2026-09-05T22:45:00Z,2026-09-06T00:45:00+0200,1008.833333,MW,DK1,DK_1,forecast_offshore_wind_generation,Wind Offshore,2026-09-11T07:19:22Z
2026-09-11T07:17:07Z,2026-09-11T09:17:07+0200,3be851a8-a431-4c75-8fdc-307f16af93c6,2026-09-05T23:00:00Z,2026-09-06T01:00:00+0200,1007.5,MW,DK1,DK_1,forecast_offshore_wind_generation,Wind Offshore,2026-09-11T07:19:22Z
2026-09-11T07:17:07Z,2026-09-11T09:17:07+0200,3be851a8-a431-4c75-8fdc-307f16af93c6,2026-09-05T23:15:00Z,2026-09-06T01:15:00+0200,1005.666666,MW,DK1,DK_1,forecast_offshore_wind_generation,Wind Offshore,2026-09-11T07:19:22Z
2026-09-11T07:17:07Z,2026-09-11T09:17:07+0200,3be851a8-a431-4c75-8fdc-307f16af93c6,2026-09-05T23:30:00Z,2026-09-06T01:30:00+0200,1003.5,MW,DK1,DK_1,forecast_offshore_wind_generation,Wind Offshore,2026-09-11T07:19:22Z
2026-09-11T07:17:07Z,2026-09-11T09:17:07+0200,3be851a8-a431-4c75-8fdc-307f16af93c6,2026-09-05T23:45:00Z,2026-09-06T01:45:00+0200,1001.0,MW,DK1,DK_1,forecast_offshore_wind_generation,Wind Offshore,2026-09-11T07:19:22Z
2026-09-11T07:17:07Z,2026-09-11T09:17:07+0200,3be851a8-a431-4c75-8fdc-307f16af93c6,2026-09-06T00:00:00Z,2026-09-06T02:00:00+0200,999.5,MW,DK1,DK_1,forecast_offshore_wind_generation,Wind Offshore,2026-09-11T07:19:22Z
2026-09-11T07:17:07Z,2026-09-11T09:17:07+0200,3be851a8-a431-4c75-8fdc-307f16af93c6,2026-09-06T00:15:00Z,2026-09-06T02:15:00+0200,998.166666,MW,DK1,DK_1,forecast_offshore_wind_generation,Wind Offshore,2026-09-11T07:19:22Z
2026-09-11T07:17:07Z,2026-09-11T09:17:07+0200,3be851a8-a431-4c75-8fdc-307f16af93c6,2026-09-06T00:30:00Z,2026-09-06T02:30:00+0200,997.0,MW,DK1,DK_1,forecast_offshore_wind_generation,Wind Offshore,2026-09-11T07:19:22Z
2026-09-11T07:17:07Z,2026-09-11T09:17:07+0200,3be851a8-a431-4c75-8fdc-307f16af93c6,2026-09-06T00:45:00Z,2026-09-06T02:45:00+0200,994.5,MW,DK1,DK_1,forecast_offshore_wind_generation,Wind Offshore,2026-09-11T07:19:22Z
2026-09-11T07:17:07Z,2026-09-11T09:17:07+0200,3be851a8-a431-4c75-8fdc-307f16af93c6,2026-09-06T01:00:00Z,2026-09-06T03:00:00+0200,993.0,MW,DK1,DK_1,forecast_offshore_wind_generation,Wind Offshore,2026-09-11T07:19:22Z
2026-09-11T07:17:07Z,2026-09-11T09:17:07+0200,3be851a8-a431-4c75-8fdc-307f16af93c6,2026-09-06T01:15:00Z,2026-09-06T03:15:00+0200,993.0,MW,DK1,DK_1,forecast_offshore_wind_generation,Wind Offshore,2026-09-11T07:19:22Z
2026-09-11T07:17:07Z,2026-09-11T09:17:07+0200,3be851a8-a431-4c75-8fdc-307f16af93c6,2026-09-06T01:30:00Z,2026-09-06T03:30:00+0200,992.166666,MW,DK1,DK_1,forecast_offshore_wind_generation,Wind Offshore,2026-09-11T07:19:22Z
2026-09-11T07:17:07Z,2026-09-11T09:17:07+0200,3be851a8-a431-4c75-8fdc-307f16af93c6,2026-09-06T01:45:00Z,2026-09-06T03:45:00+0200,990.5,MW,DK1,DK_1,forecast_offshore_wind_generation,Wind Offshore,2026-09-11T07:19:22Z
2026-09-11T07:17:07Z,2026-09-11T09:17:07+0200,3be851a8-a431-4c75-8fdc-307f16af93c6,2026-09-06T02:00:00Z,2026-09-06T04:00:00+0200,986.833333,MW,DK1,DK_1,forecast_offshore_wind_generation,Wind Offshore,2026-09-11T07:19:22Z
2026-09-11T07:17:07Z,2026-09-11T09:17:07+0200,3be851a8-a431-4c75-8fdc-307f16af93c6,2026-09-06T02:15:00Z,2026-09-06T04:15:00+0200,980.333333,MW,DK1,DK_1,forecast_offshore_wind_generation,Wind Offshore,2026-09-11T07:19:22Z
2026-09-11T07:17:07Z,2026-09-11T09:17:07+0200,3be851a8-a431-4c75-8fdc-307f16af93c6,2026-09-06T02:30:00Z,2026-09-06T04:30:00+0200,970.833333,MW,DK1,DK_1,forecast_offshore_wind_generation,Wind Offshore,2026-09-11T07:19:22Z
2026-09-11T07:17:07Z,2026-09-11T09:17:07+0200,3be851a8-a431-4c75-8fdc-307f16af93c6,2026-09-06T02:45:00Z,2026-09-06T04:45:00+0200,959.5,MW,DK1,DK_1,forecast_offshore_wind_generation,Wind Offshore,2026-09-11T07:19:22Z
2026-09-11T07:17:07Z,2026-09-11T09:17:07+0200,3be851a8-a431-4c75-8fdc-307f16af93c6,2026-09-06T03:00:00Z,2026-09-06T05:00:00+0200,949.5,MW,DK1,DK_1,forecast_offshore_wind_generation,Wind Offshore,2026-09-11T07:19:22Z
2026-09-11T07:17:07Z,2026-09-11T09:17:07+0200,3be851a8-a431-4c75-8fdc-307f16af93c6,2026-09-06T03:15:00Z,2026-09-06T05:15:00+0200,940.333333,MW,DK1,DK_1,forecast_offshore_wind_generation,Wind Offshore,2026-09-11T07:19:22Z
2026-09-11T07:17:07Z,2026-09-11T09:17:07+0200,3be851a8-a431-4c75-8fdc-307f16af93c6,2026-09-06T03:30:00Z,2026-09-06T05:30:00+0200,930.5,MW,DK1,DK_1,forecast_offshore_wind_generation,Wind Offshore,2026-09-11T07:19:22Z
2026-09-11T07:17:07Z,2026-09-11T09:17:07+0200,3be851a8-a431-4c75-8fdc-307f16af93c6,2026-09-06T03:45:00Z,2026-09-06T05:45:00+0200,921.0,MW,DK1,DK_1,forecast_offshore_wind_generation,Wind Offshore,2026-09-11T07:19:22Z
2026-09-11T07:17:07Z,2026-09-11T09:17:07+0200,3be851a8-a431-4c75-8fdc-307f16af93c6,2026-09-06T04:00:00Z,2026-09-06T06:00:00+0200,910.0,MW,DK1,DK_1,forecast_offshore_wind_generation,Wind Offshore,2026-09-11T07:19:22Z
2026-09-11T07:17:07Z,2026-09-11T09:17:07+0200,3be851a8-a431-4c75-8fdc-307f16af93c6,2026-09-06T04:15:00Z,2026-09-06T06:15:00+0200,897.833333,MW,DK1,DK_1,forecast_offshore_wind_generation,Wind Offshore,2026-09-11T07:19:22Z
2026-09-11T07:17:07Z,2026-09-11T09:17:07+0200,3be851a8-a431-4c75-8fdc-307f16af93c6,2026-09-06T04:30:00Z,2026-09-06T06:30:00+0200,883.333333,MW,DK1,DK_1,forecast_offshore_wind_generation,Wind Offshore,2026-09-11T07:19:22Z
2026-09-11T07:17:07Z,2026-09-11T09:17:07+0200,3be851a8-a431-4c75-8fdc-307f16af93c6,2026-09-06T04:45:00Z,2026-09-06T06:45:00+0200,868.5,MW,DK1,DK_1,forecast_offshore_wind_generation,Wind Offshore,2026-09-11T07:19:22Z
2026-09-11T07:17:07Z,2026-09-11T09:17:07+0200,3be851a8-a431-4c75-8fdc-307f16af93c6,2026-09-06T05:00:00Z,2026-09-06T07:00:00+0200,853.0,MW,DK1,DK_1,forecast_offshore_wind_generation,Wind Offshore,2026-09-11T07:19:22Z
2026-09-11T07:17:07Z,2026-09-11T09:17:07+0200,3be851a8-a431-4c75-8fdc-307f16af93c6,2026-09-06T05:15:00Z,2026-09-06T07:15:00+0200,834.0,MW,DK1,DK_1,forecast_offshore_wind_generation,Wind Offshore,2026-09-11T07:19:22Z
2026-09-11T07:17:07Z,2026-09-11T09:17:07+0200,3be851a8-a431-4c75-8fdc-307f16af93c6,2026-09-06T05:30:00Z,2026-09-06T07:30:00+0200,813.833333,MW,DK1,DK_1,forecast_offshore_wind_generation,Wind Offshore,2026-09-11T07:19:22Z
2026-09-11T07:17:07Z,2026-09-11T09:17:07+0200,3be851a8-a431-4c75-8fdc-307f16af93c6,2026-09-06T05:45:00Z,2026-09-06T07:45:00+0200,792.333333,MW,DK1,DK_1,forecast_offshore_wind_generation,Wind Offshore,2026-09-11T07:19:22Z
2026-09-11T07:17:07Z,2026-09-11T09:17:07+0200,3be851a8-a431-4c75-8fdc-307f16af93c6,2026-09-06T06:00:00Z,2026-09-06T08:00:00+0200,769.833333,MW,DK1,DK_1,forecast_offshore_wind_generation,Wind Offshore,2026-09-11T07:19:22Z
2026-09-11T07:17:07Z,2026-09-11T09:17:07+0200,3be851a8-a431-4c75-8fdc-307f16af93c6,2026-09-06T06:15:00Z,2026-09-06T08:15:00+0200,745.5,MW,DK1,DK_1,forecast_offshore_wind_generation,Wind Offshore,2026-09-11T07:19:22Z
2026-09-11T07:17:07Z,2026-09-11T09:17:07+0200,3be851a8-a431-4c75-8fdc-307f16af93c6,2026-09-06T06:30:00Z,2026-09-06T08:30:00+0200,720.166666,MW,DK1,DK_1,forecast_offshore_wind_generation,Wind Offshore,2026-09-11T07:19:22Z
2026-09-11T07:17:07Z,2026-09-11T09:17:07+0200,3be851a8-a431-4c75-8fdc-307f16af93c6,2026-09-06T06:45:00Z,2026-09-06T08:45:00+0200,697.166666,MW,DK1,DK_1,forecast_offshore_wind_generation,Wind Offshore,2026-09-11T07:19:22Z
2026-09-11T07:17:07Z,2026-09-11T09:17:07+0200,3be851a8-a431-4c75-8fdc-307f16af93c6,2026-09-06T07:00:00Z,2026-09-06T09:00:00+0200,678.833333,MW,DK1,DK_1,forecast_offshore_wind_generation,Wind Offshore,2026-09-11T07:19:22Z
2026-09-11T07:17:07Z,2026-09-11T09:17:07+0200,3be851a8-a431-4c75-8fdc-307f16af93c6,2026-09-06T07:15:00Z,2026-09-06T09:15:00+0200,662.5,MW,DK1,DK_1,forecast_offshore_wind_generation,Wind Offshore,2026-09-11T07:19:22Z
2026-09-11T07:17:07Z,2026-09-11T09:17:07+0200,3be851a8-a431-4c75-8fdc-307f16af93c6,2026-09-06T07:30:00Z,2026-09-06T09:30:00+0200,648.0,MW,DK1,DK_1,forecast_offshore_wind_generation,Wind Offshore,2026-09-11T07:19:22Z
2026-09-11T07:17:07Z,2026-09-11T09:17:07+0200,3be851a8-a431-4c75-8fdc-307f16af93c6,2026-09-06T07:45:00Z,2026-09-06T09:45:00+0200,635.0,MW,DK1,DK_1,forecast_offshore_wind_generation,Wind Offshore,2026-09-11T07:19:22Z
2026-09-11T07:17:07Z,2026-09-11T09:17:07+0200,3be851a8-a431-4c75-8fdc-307f16af93c6,2026-09-06T08:00:00Z,2026-09-06T10:00:00+0200,624.5,MW,DK1,DK_1,forecast_offshore_wind_generation,Wind Offshore,2026-09-11T07:19:22Z
2026-09-11T07:17:07Z,2026-09-11T09:17:07+0200,3be851a8-a431-4c75-8fdc-307f16af93c6,2026-09-06T08:15:00Z,2026-09-06T10:15:00+0200,616.166666,MW,DK1,DK_1,forecast_offshore_wind_generation,Wind Offshore,2026-09-11T07:19:22Z
2026-09-11T07:17:07Z,2026-09-11T09:17:07+0200,3be851a8-a431-4c75-8fdc-307f16af93c6,2026-09-06T08:30:00Z,2026-09-06T10:30:00+0200,611.5,MW,DK1,DK_1,forecast_offshore_wind_generation,Wind Offshore,2026-09-11T07:19:22Z
2026-09-11T07:17:07Z,2026-09-11T09:17:07+0200,3be851a8-a431-4c75-8fdc-307f16af93c6,2026-09-06T08:45:00Z,2026-09-06T10:45:00+0200,607.0,MW,DK1,DK_1,forecast_offshore_wind_generation,Wind Offshore,2026-09-11T07:19:22Z
2026-09-11T07:17:07Z,2026-09-11T09:17:07+0200,3be851a8-a431-4c75-8fdc-307f16af93c6,2026-09-06T09:00:00Z,2026-09-06T11:00:00+0200,599.5,MW,DK1,DK_1,forecast_offshore_wind_generation,Wind Offshore,2026-09-11T07:19:22Z
2026-09-11T07:17:07Z,2026-09-11T09:17:07+0200,3be851a8-a431-4c75-8fdc-307f16af93c6,2026-09-06T09:15:00Z,2026-09-06T11:15:00+0200,590.333333,MW,DK1,DK_1,forecast_offshore_wind_generation,Wind Offshore,2026-09-11T07:19:22Z
2026-09-11T07:17:07Z,2026-09-11T09:17:07+0200,3be851a8-a431-4c75-8fdc-307f16af93c6,2026-09-06T09:30:00Z,2026-09-06T11:30:00+0200,579.833333,MW,DK1,DK_1,forecast_offshore_wind_generation,Wind Offshore,2026-09-11T07:19:22Z
2026-09-11T07:17:07Z,2026-09-11T09:17:07+0200,3be851a8-a431-4c75-8fdc-307f16af93c6,2026-09-06T09:45:00Z,2026-09-06T11:45:00+0200,568.0,MW,DK1,DK_1,forecast_offshore_wind_generation,Wind Offshore,2026-09-11T07:19:22Z
2026-09-11T07:17:07Z,2026-09-11T09:17:07+0200,3be851a8-a431-4c75-8fdc-307f16af93c6,2026-09-06T10:00:00Z,2026-09-06T12:00:00+0200,556.0,MW,DK1,DK_1,forecast_offshore_wind_generation,Wind Offshore,2026-09-11T07:19:22Z
2026-09-11T07:17:07Z,2026-09-11T09:17:07+0200,3be851a8-a431-4c75-8fdc-307f16af93c6,2026-09-06T10:15:00Z,2026-09-06T12:15:00+0200,544.5,MW,DK1,DK_1,forecast_offshore_wind_generation,Wind Offshore,2026-09-11T07:19:22Z
2026-09-11T07:17:07Z,2026-09-11T09:17:07+0200,3be851a8-a431-4c75-8fdc-307f16af93c6,2026-09-06T10:30:00Z,2026-09-06T12:30:00+0200,533.166666,MW,DK1,DK_1,forecast_offshore_wind_generation,Wind Offshore,2026-09-11T07:19:22Z
2026-09-11T07:17:07Z,2026-09-11T09:17:07+0200,3be851a8-a431-4c75-8fdc-307f16af93c6,2026-09-06T10:45:00Z,2026-09-06T12:45:00+0200,523.5,MW,DK1,DK_1,forecast_offshore_wind_generation,Wind Offshore,2026-09-11T07:19:22Z
2026-09-11T07:17:07Z,2026-09-11T09:17:07+0200,3be851a8-a431-4c75-8fdc-307f16af93c6,2026-09-06T11:00:00Z,2026-09-06T13:00:00+0200,514.5,MW,DK1,DK_1,forecast_offshore_wind_generation,Wind Offshore,2026-09-11T07:19:22Z
2026-09-11T07:17:07Z,2026-09-11T09:17:07+0200,3be851a8-a431-4c75-8fdc-307f16af93c6,2026-09-06T11:15:00Z,2026-09-06T13:15:00+0200,504.666666,MW,DK1,DK_1,forecast_offshore_wind_generation,Wind Offshore,2026-09-11T07:19:22Z
2026-09-11T07:17:07Z,2026-09-11T09:17:07+0200,3be851a8-a431-4c75-8fdc-307f16af93c6,2026-09-06T11:30:00Z,2026-09-06T13:30:00+0200,495.666666,MW,DK1,DK_1,forecast_offshore_wind_generation,Wind Offshore,2026-09-11T07:19:22Z
2026-09-11T07:17:07Z,2026-09-11T09:17:07+0200,3be851a8-a431-4c75-8fdc-307f16af93c6,2026-09-06T11:45:00Z,2026-09-06T13:45:00+0200,489.166666,MW,DK1,DK_1,forecast_offshore_wind_generation,Wind Offshore,2026-09-11T07:19:22Z
2026-09-11T07:17:07Z,2026-09-11T09:17:07+0200,3be851a8-a431-4c75-8fdc-307f16af93c6,2026-09-06T12:00:00Z,2026-09-06T14:00:00+0200,486.0,MW,DK1,DK_1,forecast_offshore_wind_generation,Wind Offshore,2026-09-11T07:19:22Z
2026-09-11T07:17:07Z,2026-09-11T09:17:07+0200,3be851a8-a431-4c75-8fdc-307f16af93c6,2026-09-06T12:15:00Z,2026-09-06T14:15:00+0200,483.666666,MW,DK1,DK_1,forecast_offshore_wind_generation,Wind Offshore,2026-09-11T07:19:22Z
2026-09-11T07:17:07Z,2026-09-11T09:17:07+0200,3be851a8-a431-4c75-8fdc-307f16af93c6,2026-09-06T12:30:00Z,2026-09-06T14:30:00+0200,482.166666,MW,DK1,DK_1,forecast_offshore_wind_generation,Wind Offshore,2026-09-11T07:19:22Z
2026-09-11T07:17:07Z,2026-09-11T09:17:07+0200,3be851a8-a431-4c75-8fdc-307f16af93c6,2026-09-06T12:45:00Z,2026-09-06T14:45:00+0200,482.166666,MW,DK1,DK_1,forecast_offshore_wind_generation,Wind Offshore,2026-09-11T07:19:22Z
2026-09-11T07:17:07Z,2026-09-11T09:17:07+0200,3be851a8-a431-4c75-8fdc-307f16af93c6,2026-09-06T13:00:00Z,2026-09-06T15:00:00+0200,487.0,MW,DK1,DK_1,forecast_offshore_wind_generation,Wind Offshore,2026-09-11T07:19:22Z
2026-09-11T07:17:07Z,2026-09-11T09:17:07+0200,3be851a8-a431-4c75-8fdc-307f16af93c6,2026-09-06T13:15:00Z,2026-09-06T15:15:00+0200,501.166666,MW,DK1,DK_1,forecast_offshore_wind_generation,Wind Offshore,2026-09-11T07:19:22Z
2026-09-11T07:17:07Z,2026-09-11T09:17:07+0200,3be851a8-a431-4c75-8fdc-307f16af93c6,2026-09-06T13:30:00Z,2026-09-06T15:30:00+0200,519.5,MW,DK1,DK_1,forecast_offshore_wind_generation,Wind Offshore,2026-09-11T07:19:22Z
2026-09-11T07:17:07Z,2026-09-11T09:17:07+0200,3be851a8-a431-4c75-8fdc-307f16af93c6,2026-09-06T13:45:00Z,2026-09-06T15:45:00+0200,535.666666,MW,DK1,DK_1,forecast_offshore_wind_generation,Wind Offshore,2026-09-11T07:19:22Z
2026-09-11T07:17:07Z,2026-09-11T09:17:07+0200,3be851a8-a431-4c75-8fdc-307f16af93c6,2026-09-06T14:00:00Z,2026-09-06T16:00:00+0200,545.0,MW,DK1,DK_1,forecast_offshore_wind_generation,Wind Offshore,2026-09-11T07:19:22Z
2026-09-11T07:17:07Z,2026-09-11T09:17:07+0200,3be851a8-a431-4c75-8fdc-307f16af93c6,2026-09-06T14:15:00Z,2026-09-06T16:15:00+0200,553.333333,MW,DK1,DK_1,forecast_offshore_wind_generation,Wind Offshore,2026-09-11T07:19:22Z
2026-09-11T07:17:07Z,2026-09-11T09:17:07+0200,3be851a8-a431-4c75-8fdc-307f16af93c6,2026-09-06T14:30:00Z,2026-09-06T16:30:00+0200,561.333333,MW,DK1,DK_1,forecast_offshore_wind_generation,Wind Offshore,2026-09-11T07:19:22Z
2026-09-11T07:17:07Z,2026-09-11T09:17:07+0200,3be851a8-a431-4c75-8fdc-307f16af93c6,2026-09-06T14:45:00Z,2026-09-06T16:45:00+0200,568.0,MW,DK1,DK_1,forecast_offshore_wind_generation,Wind Offshore,2026-09-11T07:19:22Z
2026-09-11T07:17:07Z,2026-09-11T09:17:07+0200,3be851a8-a431-4c75-8fdc-307f16af93c6,2026-09-06T15:00:00Z,2026-09-06T17:00:00+0200,573.333333,MW,DK1,DK_1,forecast_offshore_wind_generation,Wind Offshore,2026-09-11T07:19:22Z
2026-09-11T07:17:07Z,2026-09-11T09:17:07+0200,3be851a8-a431-4c75-8fdc-307f16af93c6,2026-09-06T15:15:00Z,2026-09-06T17:15:00+0200,576.5,MW,DK1,DK_1,forecast_offshore_wind_generation,Wind Offshore,2026-09-11T07:19:22Z
2026-09-11T07:17:07Z,2026-09-11T09:17:07+0200,3be851a8-a431-4c75-8fdc-307f16af93c6,2026-09-06T15:30:00Z,2026-09-06T17:30:00+0200,578.0,MW,DK1,DK_1,forecast_offshore_wind_generation,Wind Offshore,2026-09-11T07:19:22Z
2026-09-11T07:17:07Z,2026-09-11T09:17:07+0200,3be851a8-a431-4c75-8fdc-307f16af93c6,2026-09-06T15:45:00Z,2026-09-06T17:45:00+0200,578.0,MW,DK1,DK_1,forecast_offshore_wind_generation,Wind Offshore,2026-09-11T07:19:22Z
2026-09-11T07:17:07Z,2026-09-11T09:17:07+0200,3be851a8-a431-4c75-8fdc-307f16af93c6,2026-09-06T16:00:00Z,2026-09-06T18:00:00+0200,578.0,MW,DK1,DK_1,forecast_offshore_wind_generation,Wind Offshore,2026-09-11T07:19:22Z
2026-09-11T07:17:07Z,2026-09-11T09:17:07+0200,3be851a8-a431-4c75-8fdc-307f16af93c6,2026-09-06T16:15:00Z,2026-09-06T18:15:00+0200,577.333333,MW,DK1,DK_1,forecast_offshore_wind_generation,Wind Offshore,2026-09-11T07:19:22Z
2026-09-11T07:17:07Z,2026-09-11T09:17:07+0200,3be851a8-a431-4c75-8fdc-307f16af93c6,2026-09-06T16:30:00Z,2026-09-06T18:30:00+0200,575.0,MW,DK1,DK_1,forecast_offshore_wind_generation,Wind Offshore,2026-09-11T07:19:22Z
2026-09-11T07:17:07Z,2026-09-11T09:17:07+0200,3be851a8-a431-4c75-8fdc-307f16af93c6,2026-09-06T16:45:00Z,2026-09-06T18:45:00+0200,572.5,MW,DK1,DK_1,forecast_offshore_wind_generation,Wind Offshore,2026-09-11T07:19:22Z
2026-09-11T07:17:07Z,2026-09-11T09:17:07+0200,3be851a8-a431-4c75-8fdc-307f16af93c6,2026-09-06T17:00:00Z,2026-09-06T19:00:00+0200,569.333333,MW,DK1,DK_1,forecast_offshore_wind_generation,Wind Offshore,2026-09-11T07:19:22Z
2026-09-11T07:17:07Z,2026-09-11T09:17:07+0200,3be851a8-a431-4c75-8fdc-307f16af93c6,2026-09-06T17:15:00Z,2026-09-06T19:15:00+0200,564.5,MW,DK1,DK_1,forecast_offshore_wind_generation,Wind Offshore,2026-09-11T07:19:22Z
2026-09-11T07:17:07Z,2026-09-11T09:17:07+0200,3be851a8-a431-4c75-8fdc-307f16af93c6,2026-09-06T17:30:00Z,2026-09-06T19:30:00+0200,559.0,MW,DK1,DK_1,forecast_offshore_wind_generation,Wind Offshore,2026-09-11T07:19:22Z
2026-09-11T07:17:07Z,2026-09-11T09:17:07+0200,3be851a8-a431-4c75-8fdc-307f16af93c6,2026-09-06T17:45:00Z,2026-09-06T19:45:00+0200,554.5,MW,DK1,DK_1,forecast_offshore_wind_generation,Wind Offshore,2026-09-11T07:19:22Z
2026-09-11T07:17:07Z,2026-09-11T09:17:07+0200,3be851a8-a431-4c75-8fdc-307f16af93c6,2026-09-06T18:00:00Z,2026-09-06T20:00:00+0200,552.0,MW,DK1,DK_1,forecast_offshore_wind_generation,Wind Offshore,2026-09-11T07:19:22Z
2026-09-11T07:17:07Z,2026-09-11T09:17:07+0200,3be851a8-a431-4c75-8fdc-307f16af93c6,2026-09-06T18:15:00Z,2026-09-06T20:15:00+0200,550.0,MW,DK1,DK_1,forecast_offshore_wind_generation,Wind Offshore,2026-09-11T07:19:22Z
2026-09-11T07:17:07Z,2026-09-11T09:17:07+0200,3be851a8-a431-4c75-8fdc-307f16af93c6,2026-09-06T18:30:00Z,2026-09-06T20:30:00+0200,547.5,MW,DK1,DK_1,forecast_offshore_wind_generation,Wind Offshore,2026-09-11T07:19:22Z
2026-09-11T07:17:07Z,2026-09-11T09:17:07+0200,3be851a8-a431-4c75-8fdc-307f16af93c6,2026-09-06T18:45:00Z,2026-09-06T20:45:00+0200,545.833333,MW,DK1,DK_1,forecast_offshore_wind_generation,Wind Offshore,2026-09-11T07:19:22Z
2026-09-11T07:17:07Z,2026-09-11T09:17:07+0200,3be851a8-a431-4c75-8fdc-307f16af93c6,2026-09-06T19:00:00Z,2026-09-06T21:00:00+0200,544.166666,MW,DK1,DK_1,forecast_offshore_wind_generation,Wind Offshore,2026-09-11T07:19:22Z
2026-09-11T07:17:07Z,2026-09-11T09:17:07+0200,3be851a8-a431-4c75-8fdc-307f16af93c6,2026-09-06T19:15:00Z,2026-09-06T21:15:00+0200,539.833333,MW,DK1,DK_1,forecast_offshore_wind_generation,Wind Offshore,2026-09-11T07:19:22Z
2026-09-11T07:17:07Z,2026-09-11T09:17:07+0200,3be851a8-a431-4c75-8fdc-307f16af93c6,2026-09-06T19:30:00Z,2026-09-06T21:30:00+0200,534.833333,MW,DK1,DK_1,forecast_offshore_wind_generation,Wind Offshore,2026-09-11T07:19:22Z
2026-09-11T07:17:07Z,2026-09-11T09:17:07+0200,3be851a8-a431-4c75-8fdc-307f16af93c6,2026-09-06T19:45:00Z,2026-09-06T21:45:00+0200,533.333333,MW,DK1,DK_1,forecast_offshore_wind_generation,Wind Offshore,2026-09-11T07:19:22Z
2026-09-11T07:17:07Z,2026-09-11T09:17:07+0200,3be851a8-a431-4c75-8fdc-307f16af93c6,2026-09-06T20:00:00Z,2026-09-06T22:00:00+0200,537.5,MW,DK1,DK_1,forecast_offshore_wind_generation,Wind Offshore,2026-09-11T07:19:22Z
2026-09-11T07:17:07Z,2026-09-11T09:17:07+0200,3be851a8-a431-4c75-8fdc-307f16af93c6,2026-09-06T20:15:00Z,2026-09-06T22:15:00+0200,546.166666,MW,DK1,DK_1,forecast_offshore_wind_generation,Wind Offshore,2026-09-11T07:19:22Z
2026-09-11T07:17:07Z,2026-09-11T09:17:07+0200,3be851a8-a431-4c75-8fdc-307f16af93c6,2026-09-06T20:30:00Z,2026-09-06T22:30:00+0200,558.0,MW,DK1,DK_1,forecast_offshore_wind_generation,Wind Offshore,2026-09-11T07:19:22Z
2026-09-11T07:17:07Z,2026-09-11T09:17:07+0200,3be851a8-a431-4c75-8fdc-307f16af93c6,2026-09-06T20:45:00Z,2026-09-06T22:45:00+0200,569.166666,MW,DK1,DK_1,forecast_offshore_wind_generation,Wind Offshore,2026-09-11T07:19:22Z
2026-09-11T07:17:07Z,2026-09-11T09:17:07+0200,3be851a8-a431-4c75-8fdc-307f16af93c6,2026-09-06T21:00:00Z,2026-09-06T23:00:00+0200,579.0,MW,DK1,DK_1,forecast_offshore_wind_generation,Wind Offshore,2026-09-11T07:19:22Z
2026-09-11T07:17:07Z,2026-09-11T09:17:07+0200,3be851a8-a431-4c75-8fdc-307f16af93c6,2026-09-06T21:15:00Z,2026-09-06T23:15:00+0200,593.0,MW,DK1,DK_1,forecast_offshore_wind_generation,Wind Offshore,2026-09-11T07:19:22Z
2026-09-11T07:17:07Z,2026-09-11T09:17:07+0200,3be851a8-a431-4c75-8fdc-307f16af93c6,2026-09-06T21:30:00Z,2026-09-06T23:30:00+0200,610.0,MW,DK1,DK_1,forecast_offshore_wind_generation,Wind Offshore,2026-09-11T07:19:22Z
2026-09-11T07:17:07Z,2026-09-11T09:17:07+0200,3be851a8-a431-4c75-8fdc-307f16af93c6,2026-09-06T21:45:00Z,2026-09-06T23:45:00+0200,626.5,MW,DK1,DK_1,forecast_offshore_wind_generation,Wind Offshore,2026-09-11T07:19:22Z
2026-09-11T07:17:07Z,2026-09-11T09:17:07+0200,3be851a8-a431-4c75-8fdc-307f16af93c6,2026-09-06T22:00:00Z,2026-09-07T00:00:00+0200,692.833333,MW,DK1,DK_1,forecast_offshore_wind_generation,Wind Offshore,2026-09-11T07:19:22Z
2026-09-11T07:17:07Z,2026-09-11T09:17:07+0200,3be851a8-a431-4c75-8fdc-307f16af93c6,2026-09-06T22:15:00Z,2026-09-07T00:15:00+0200,699.5,MW,DK1,DK_1,forecast_offshore_wind_generation,Wind Offshore,2026-09-11T07:19:22Z
2026-09-11T07:17:07Z,2026-09-11T09:17:07+0200,3be851a8-a431-4c75-8fdc-307f16af93c6,2026-09-06T22:30:00Z,2026-09-07T00:30:00+0200,706.5,MW,DK1,DK_1,forecast_offshore_wind_generation,Wind Offshore,2026-09-11T07:19:22Z
2026-09-11T07:17:07Z,2026-09-11T09:17:07+0200,3be851a8-a431-4c75-8fdc-307f16af93c6,2026-09-06T22:45:00Z,2026-09-07T00:45:00+0200,713.166666,MW,DK1,DK_1,forecast_offshore_wind_generation,Wind Offshore,2026-09-11T07:19:22Z
2026-09-11T07:17:07Z,2026-09-11T09:17:07+0200,3be851a8-a431-4c75-8fdc-307f16af93c6,2026-09-06T23:00:00Z,2026-09-07T01:00:00+0200,724.666666,MW,DK1,DK_1,forecast_offshore_wind_generation,Wind Offshore,2026-09-11T07:19:22Z
2026-09-11T07:17:07Z,2026-09-11T09:17:07+0200,3be851a8-a431-4c75-8fdc-307f16af93c6,2026-09-06T23:15:00Z,2026-09-07T01:15:00+0200,742.833333,MW,DK1,DK_1,forecast_offshore_wind_generation,Wind Offshore,2026-09-11T07:19:22Z
2026-09-11T07:17:07Z,2026-09-11T09:17:07+0200,3be851a8-a431-4c75-8fdc-307f16af93c6,2026-09-06T23:30:00Z,2026-09-07T01:30:00+0200,760.833333,MW,DK1,DK_1,forecast_offshore_wind_generation,Wind Offshore,2026-09-11T07:19:22Z
2026-09-11T07:17:07Z,2026-09-11T09:17:07+0200,3be851a8-a431-4c75-8fdc-307f16af93c6,2026-09-06T23:45:00Z,2026-09-07T01:45:00+0200,774.666666,MW,DK1,DK_1,forecast_offshore_wind_generation,Wind Offshore,2026-09-11T07:19:22Z
2026-09-11T07:17:07Z,2026-09-11T09:17:07+0200,3be851a8-a431-4c75-8fdc-307f16af93c6,2026-09-07T00:00:00Z,2026-09-07T02:00:00+0200,781.333333,MW,DK1,DK_1,forecast_offshore_wind_generation,Wind Offshore,2026-09-11T07:19:22Z
2026-09-11T07:17:07Z,2026-09-11T09:17:07+0200,3be851a8-a431-4c75-8fdc-307f16af93c6,2026-09-07T00:15:00Z,2026-09-07T02:15:00+0200,783.833333,MW,DK1,DK_1,forecast_offshore_wind_generation,Wind Offshore,2026-09-11T07:19:22Z
2026-09-11T07:17:07Z,2026-09-11T09:17:07+0200,3be851a8-a431-4c75-8fdc-307f16af93c6,2026-09-07T00:30:00Z,2026-09-07T02:30:00+0200,784.0,MW,DK1,DK_1,forecast_offshore_wind_generation,Wind Offshore,2026-09-11T07:19:22Z
2026-09-11T07:17:07Z,2026-09-11T09:17:07+0200,3be851a8-a431-4c75-8fdc-307f16af93c6,2026-09-07T00:45:00Z,2026-09-07T02:45:00+0200,783.0,MW,DK1,DK_1,forecast_offshore_wind_generation,Wind Offshore,2026-09-11T07:19:22Z
2026-09-11T07:17:07Z,2026-09-11T09:17:07+0200,3be851a8-a431-4c75-8fdc-307f16af93c6,2026-09-07T01:00:00Z,2026-09-07T03:00:00+0200,779.333333,MW,DK1,DK_1,forecast_offshore_wind_generation,Wind Offshore,2026-09-11T07:19:22Z
2026-09-11T07:17:07Z,2026-09-11T09:17:07+0200,3be851a8-a431-4c75-8fdc-307f16af93c6,2026-09-07T01:15:00Z,2026-09-07T03:15:00+0200,770.833333,MW,DK1,DK_1,forecast_offshore_wind_generation,Wind Offshore,2026-09-11T07:19:22Z
2026-09-11T07:17:07Z,2026-09-11T09:17:07+0200,3be851a8-a431-4c75-8fdc-307f16af93c6,2026-09-07T01:30:00Z,2026-09-07T03:30:00+0200,759.833333,MW,DK1,DK_1,forecast_offshore_wind_generation,Wind Offshore,2026-09-11T07:19:22Z
2026-09-11T07:17:07Z,2026-09-11T09:17:07+0200,3be851a8-a431-4c75-8fdc-307f16af93c6,2026-09-07T01:45:00Z,2026-09-07T03:45:00+0200,749.666666,MW,DK1,DK_1,forecast_offshore_wind_generation,Wind Offshore,2026-09-11T07:19:22Z
2026-09-11T07:17:07Z,2026-09-11T09:17:07+0200,3be851a8-a431-4c75-8fdc-307f16af93c6,2026-09-07T02:00:00Z,2026-09-07T04:00:00+0200,742.833333,MW,DK1,DK_1,forecast_offshore_wind_generation,Wind Offshore,2026-09-11T07:19:22Z
2026-09-11T07:17:07Z,2026-09-11T09:17:07+0200,3be851a8-a431-4c75-8fdc-307f16af93c6,2026-09-07T02:15:00Z,2026-09-07T04:15:00+0200,736.0,MW,DK1,DK_1,forecast_offshore_wind_generation,Wind Offshore,2026-09-11T07:19:22Z
2026-09-11T07:17:07Z,2026-09-11T09:17:07+0200,3be851a8-a431-4c75-8fdc-307f16af93c6,2026-09-07T02:30:00Z,2026-09-07T04:30:00+0200,730.5,MW,DK1,DK_1,forecast_offshore_wind_generation,Wind Offshore,2026-09-11T07:19:22Z
2026-09-11T07:17:07Z,2026-09-11T09:17:07+0200,3be851a8-a431-4c75-8fdc-307f16af93c6,2026-09-07T02:45:00Z,2026-09-07T04:45:00+0200,727.833333,MW,DK1,DK_1,forecast_offshore_wind_generation,Wind Offshore,2026-09-11T07:19:22Z
2026-09-11T07:17:07Z,2026-09-11T09:17:07+0200,3be851a8-a431-4c75-8fdc-307f16af93c6,2026-09-07T03:00:00Z,2026-09-07T05:00:00+0200,727.666666,MW,DK1,DK_1,forecast_offshore_wind_generation,Wind Offshore,2026-09-11T07:19:22Z
2026-09-11T07:17:07Z,2026-09-11T09:17:07+0200,3be851a8-a431-4c75-8fdc-307f16af93c6,2026-09-07T03:15:00Z,2026-09-07T05:15:00+0200,730.5,MW,DK1,DK_1,forecast_offshore_wind_generation,Wind Offshore,2026-09-11T07:19:22Z
2026-09-11T07:17:07Z,2026-09-11T09:17:07+0200,3be851a8-a431-4c75-8fdc-307f16af93c6,2026-09-07T03:30:00Z,2026-09-07T05:30:00+0200,734.5,MW,DK1,DK_1,forecast_offshore_wind_generation,Wind Offshore,2026-09-11T07:19:22Z
2026-09-11T07:17:07Z,2026-09-11T09:17:07+0200,3be851a8-a431-4c75-8fdc-307f16af93c6,2026-09-07T03:45:00Z,2026-09-07T05:45:00+0200,739.5,MW,DK1,DK_1,forecast_offshore_wind_generation,Wind Offshore,2026-09-11T07:19:22Z
2026-09-11T07:17:07Z,2026-09-11T09:17:07+0200,3be851a8-a431-4c75-8fdc-307f16af93c6,2026-09-07T04:00:00Z,2026-09-07T06:00:00+0200,744.0,MW,DK1,DK_1,forecast_offshore_wind_generation,Wind Offshore,2026-09-11T07:19:22Z
2026-09-11T07:17:07Z,2026-09-11T09:17:07+0200,3be851a8-a431-4c75-8fdc-307f16af93c6,2026-09-07T04:15:00Z,2026-09-07T06:15:00+0200,748.333333,MW,DK1,DK_1,forecast_offshore_wind_generation,Wind Offshore,2026-09-11T07:19:22Z
2026-09-11T07:17:07Z,2026-09-11T09:17:07+0200,3be851a8-a431-4c75-8fdc-307f16af93c6,2026-09-07T04:30:00Z,2026-09-07T06:30:00+0200,752.333333,MW,DK1,DK_1,forecast_offshore_wind_generation,Wind Offshore,2026-09-11T07:19:22Z
2026-09-11T07:17:07Z,2026-09-11T09:17:07+0200,3be851a8-a431-4c75-8fdc-307f16af93c6,2026-09-07T04:45:00Z,2026-09-07T06:45:00+0200,755.333333,MW,DK1,DK_1,forecast_offshore_wind_generation,Wind Offshore,2026-09-11T07:19:22Z
2026-09-11T07:17:07Z,2026-09-11T09:17:07+0200,3be851a8-a431-4c75-8fdc-307f16af93c6,2026-09-07T05:00:00Z,2026-09-07T07:00:00+0200,757.0,MW,DK1,DK_1,forecast_offshore_wind_generation,Wind Offshore,2026-09-11T07:19:22Z
2026-09-11T07:17:07Z,2026-09-11T09:17:07+0200,3be851a8-a431-4c75-8fdc-307f16af93c6,2026-09-07T05:15:00Z,2026-09-07T07:15:00+0200,758.5,MW,DK1,DK_1,forecast_offshore_wind_generation,Wind Offshore,2026-09-11T07:19:22Z
2026-09-11T07:17:07Z,2026-09-11T09:17:07+0200,3be851a8-a431-4c75-8fdc-307f16af93c6,2026-09-07T05:30:00Z,2026-09-07T07:30:00+0200,758.0,MW,DK1,DK_1,forecast_offshore_wind_generation,Wind Offshore,2026-09-11T07:19:22Z
2026-09-11T07:17:07Z,2026-09-11T09:17:07+0200,3be851a8-a431-4c75-8fdc-307f16af93c6,2026-09-07T05:45:00Z,2026-09-07T07:45:00+0200,755.5,MW,DK1,DK_1,forecast_offshore_wind_generation,Wind Offshore,2026-09-11T07:19:22Z
2026-09-11T07:17:07Z,2026-09-11T09:17:07+0200,3be851a8-a431-4c75-8fdc-307f16af93c6,2026-09-07T06:00:00Z,2026-09-07T08:00:00+0200,751.5,MW,DK1,DK_1,forecast_offshore_wind_generation,Wind Offshore,2026-09-11T07:19:22Z
2026-09-11T07:17:07Z,2026-09-11T09:17:07+0200,3be851a8-a431-4c75-8fdc-307f16af93c6,2026-09-07T06:15:00Z,2026-09-07T08:15:00+0200,746.0,MW,DK1,DK_1,forecast_offshore_wind_generation,Wind Offshore,2026-09-11T07:19:22Z
2026-09-11T07:17:07Z,2026-09-11T09:17:07+0200,3be851a8-a431-4c75-8fdc-307f16af93c6,2026-09-07T06:30:00Z,2026-09-07T08:30:00+0200,740.5,MW,DK1,DK_1,forecast_offshore_wind_generation,Wind Offshore,2026-09-11T07:19:22Z
2026-09-11T07:17:07Z,2026-09-11T09:17:07+0200,3be851a8-a431-4c75-8fdc-307f16af93c6,2026-09-07T06:45:00Z,2026-09-07T08:45:00+0200,737.166666,MW,DK1,DK_1,forecast_offshore_wind_generation,Wind Offshore,2026-09-11T07:19:22Z
2026-09-11T07:17:07Z,2026-09-11T09:17:07+0200,3be851a8-a431-4c75-8fdc-307f16af93c6,2026-09-07T07:00:00Z,2026-09-07T09:00:00+0200,737.833333,MW,DK1,DK_1,forecast_offshore_wind_generation,Wind Offshore,2026-09-11T07:19:22Z
2026-09-11T07:17:07Z,2026-09-11T09:17:07+0200,3be851a8-a431-4c75-8fdc-307f16af93c6,2026-09-07T07:15:00Z,2026-09-07T09:15:00+0200,742.166666,MW,DK1,DK_1,forecast_offshore_wind_generation,Wind Offshore,2026-09-11T07:19:22Z
2026-09-11T07:17:07Z,2026-09-11T09:17:07+0200,3be851a8-a431-4c75-8fdc-307f16af93c6,2026-09-07T07:30:00Z,2026-09-07T09:30:00+0200,748.0,MW,DK1,DK_1,forecast_offshore_wind_generation,Wind Offshore,2026-09-11T07:19:22Z
2026-09-11T07:17:07Z,2026-09-11T09:17:07+0200,3be851a8-a431-4c75-8fdc-307f16af93c6,2026-09-07T07:45:00Z,2026-09-07T09:45:00+0200,752.833333,MW,DK1,DK_1,forecast_offshore_wind_generation,Wind Offshore,2026-09-11T07:19:22Z
2026-09-11T07:17:07Z,2026-09-11T09:17:07+0200,3be851a8-a431-4c75-8fdc-307f16af93c6,2026-09-07T08:00:00Z,2026-09-07T10:00:00+0200,753.833333,MW,DK1,DK_1,forecast_offshore_wind_generation,Wind Offshore,2026-09-11T07:19:22Z
2026-09-11T07:17:07Z,2026-09-11T09:17:07+0200,3be851a8-a431-4c75-8fdc-307f16af93c6,2026-09-07T08:15:00Z,2026-09-07T10:15:00+0200,751.0,MW,DK1,DK_1,forecast_offshore_wind_generation,Wind Offshore,2026-09-11T07:19:22Z
2026-09-11T07:17:07Z,2026-09-11T09:17:07+0200,3be851a8-a431-4c75-8fdc-307f16af93c6,2026-09-07T08:30:00Z,2026-09-07T10:30:00+0200,745.5,MW,DK1,DK_1,forecast_offshore_wind_generation,Wind Offshore,2026-09-11T07:19:22Z
2026-09-11T07:17:07Z,2026-09-11T09:17:07+0200,3be851a8-a431-4c75-8fdc-307f16af93c6,2026-09-07T08:45:00Z,2026-09-07T10:45:00+0200,739.5,MW,DK1,DK_1,forecast_offshore_wind_generation,Wind Offshore,2026-09-11T07:19:22Z
2026-09-11T07:17:07Z,2026-09-11T09:17:07+0200,3be851a8-a431-4c75-8fdc-307f16af93c6,2026-09-07T09:00:00Z,2026-09-07T11:00:00+0200,734.0,MW,DK1,DK_1,forecast_offshore_wind_generation,Wind Offshore,2026-09-11T07:19:22Z
2026-09-11T07:17:07Z,2026-09-11T09:17:07+0200,3be851a8-a431-4c75-8fdc-307f16af93c6,2026-09-07T09:15:00Z,2026-09-07T11:15:00+0200,727.5,MW,DK1,DK_1,forecast_offshore_wind_generation,Wind Offshore,2026-09-11T07:19:22Z
2026-09-11T07:17:07Z,2026-09-11T09:17:07+0200,3be851a8-a431-4c75-8fdc-307f16af93c6,2026-09-07T09:30:00Z,2026-09-07T11:30:00+0200,720.333333,MW,DK1,DK_1,forecast_offshore_wind_generation,Wind Offshore,2026-09-11T07:19:22Z
2026-09-11T07:17:07Z,2026-09-11T09:17:07+0200,3be851a8-a431-4c75-8fdc-307f16af93c6,2026-09-07T09:45:00Z,2026-09-07T11:45:00+0200,715.833333,MW,DK1,DK_1,forecast_offshore_wind_generation,Wind Offshore,2026-09-11T07:19:22Z
2026-09-11T07:17:07Z,2026-09-11T09:17:07+0200,3be851a8-a431-4c75-8fdc-307f16af93c6,2026-09-07T10:00:00Z,2026-09-07T12:00:00+0200,715.0,MW,DK1,DK_1,forecast_offshore_wind_generation,Wind Offshore,2026-09-11T07:19:22Z
2026-09-11T07:17:07Z,2026-09-11T09:17:07+0200,3be851a8-a431-4c75-8fdc-307f16af93c6,2026-09-07T10:15:00Z,2026-09-07T12:15:00+0200,715.5,MW,DK1,DK_1,forecast_offshore_wind_generation,Wind Offshore,2026-09-11T07:19:22Z
2026-09-11T07:17:07Z,2026-09-11T09:17:07+0200,3be851a8-a431-4c75-8fdc-307f16af93c6,2026-09-07T10:30:00Z,2026-09-07T12:30:00+0200,717.5,MW,DK1,DK_1,forecast_offshore_wind_generation,Wind Offshore,2026-09-11T07:19:22Z
2026-09-11T07:17:07Z,2026-09-11T09:17:07+0200,3be851a8-a431-4c75-8fdc-307f16af93c6,2026-09-07T10:45:00Z,2026-09-07T12:45:00+0200,721.333333,MW,DK1,DK_1,forecast_offshore_wind_generation,Wind Offshore,2026-09-11T07:19:22Z
2026-09-11T07:17:07Z,2026-09-11T09:17:07+0200,3be851a8-a431-4c75-8fdc-307f16af93c6,2026-09-07T11:00:00Z,2026-09-07T13:00:00+0200,726.833333,MW,DK1,DK_1,forecast_offshore_wind_generation,Wind Offshore,2026-09-11T07:19:22Z
2026-09-11T07:17:07Z,2026-09-11T09:17:07+0200,3be851a8-a431-4c75-8fdc-307f16af93c6,2026-09-07T11:15:00Z,2026-09-07T13:15:00+0200,738.666666,MW,DK1,DK_1,forecast_offshore_wind_generation,Wind Offshore,2026-09-11T07:19:22Z
2026-09-11T07:17:07Z,2026-09-11T09:17:07+0200,3be851a8-a431-4c75-8fdc-307f16af93c6,2026-09-07T11:30:00Z,2026-09-07T13:30:00+0200,752.333333,MW,DK1,DK_1,forecast_offshore_wind_generation,Wind Offshore,2026-09-11T07:19:22Z
2026-09-11T07:17:07Z,2026-09-11T09:17:07+0200,3be851a8-a431-4c75-8fdc-307f16af93c6,2026-09-07T11:45:00Z,2026-09-07T13:45:00+0200,760.666666,MW,DK1,DK_1,forecast_offshore_wind_generation,Wind Offshore,2026-09-11T07:19:22Z
2026-09-11T07:17:07Z,2026-09-11T09:17:07+0200,3be851a8-a431-4c75-8fdc-307f16af93c6,2026-09-07T12:00:00Z,2026-09-07T14:00:00+0200,760.666666,MW,DK1,DK_1,forecast_offshore_wind_generation,Wind Offshore,2026-09-11T07:19:22Z
2026-09-11T07:17:07Z,2026-09-11T09:17:07+0200,3be851a8-a431-4c75-8fdc-307f16af93c6,2026-09-07T12:15:00Z,2026-09-07T14:15:00+0200,751.833333,MW,DK1,DK_1,forecast_offshore_wind_generation,Wind Offshore,2026-09-11T07:19:22Z
2026-09-11T07:17:07Z,2026-09-11T09:17:07+0200,3be851a8-a431-4c75-8fdc-307f16af93c6,2026-09-07T12:30:00Z,2026-09-07T14:30:00+0200,738.333333,MW,DK1,DK_1,forecast_offshore_wind_generation,Wind Offshore,2026-09-11T07:19:22Z
2026-09-11T07:17:07Z,2026-09-11T09:17:07+0200,3be851a8-a431-4c75-8fdc-307f16af93c6,2026-09-07T12:45:00Z,2026-09-07T14:45:00+0200,725.166666,MW,DK1,DK_1,forecast_offshore_wind_generation,Wind Offshore,2026-09-11T07:19:22Z
2026-09-11T07:17:07Z,2026-09-11T09:17:07+0200,3be851a8-a431-4c75-8fdc-307f16af93c6,2026-09-07T13:00:00Z,2026-09-07T15:00:00+0200,715.333333,MW,DK1,DK_1,forecast_offshore_wind_generation,Wind Offshore,2026-09-11T07:19:22Z
2026-09-11T07:17:07Z,2026-09-11T09:17:07+0200,3be851a8-a431-4c75-8fdc-307f16af93c6,2026-09-07T13:15:00Z,2026-09-07T15:15:00+0200,704.833333,MW,DK1,DK_1,forecast_offshore_wind_generation,Wind Offshore,2026-09-11T07:19:22Z
2026-09-11T07:17:07Z,2026-09-11T09:17:07+0200,3be851a8-a431-4c75-8fdc-307f16af93c6,2026-09-07T13:30:00Z,2026-09-07T15:30:00+0200,693.166666,MW,DK1,DK_1,forecast_offshore_wind_generation,Wind Offshore,2026-09-11T07:19:22Z
2026-09-11T07:17:07Z,2026-09-11T09:17:07+0200,3be851a8-a431-4c75-8fdc-307f16af93c6,2026-09-07T13:45:00Z,2026-09-07T15:45:00+0200,684.166666,MW,DK1,DK_1,forecast_offshore_wind_generation,Wind Offshore,2026-09-11T07:19:22Z
2026-09-11T07:17:07Z,2026-09-11T09:17:07+0200,3be851a8-a431-4c75-8fdc-307f16af93c6,2026-09-07T14:00:00Z,2026-09-07T16:00:00+0200,679.5,MW,DK1,DK_1,forecast_offshore_wind_generation,Wind Offshore,2026-09-11T07:19:22Z
2026-09-11T07:17:07Z,2026-09-11T09:17:07+0200,3be851a8-a431-4c75-8fdc-307f16af93c6,2026-09-07T14:15:00Z,2026-09-07T16:15:00+0200,677.0,MW,DK1,DK_1,forecast_offshore_wind_generation,Wind Offshore,2026-09-11T07:19:22Z
2026-09-11T07:17:07Z,2026-09-11T09:17:07+0200,3be851a8-a431-4c75-8fdc-307f16af93c6,2026-09-07T14:30:00Z,2026-09-07T16:30:00+0200,675.0,MW,DK1,DK_1,forecast_offshore_wind_generation,Wind Offshore,2026-09-11T07:19:22Z
2026-09-11T07:17:07Z,2026-09-11T09:17:07+0200,3be851a8-a431-4c75-8fdc-307f16af93c6,2026-09-07T14:45:00Z,2026-09-07T16:45:00+0200,672.5,MW,DK1,DK_1,forecast_offshore_wind_generation,Wind Offshore,2026-09-11T07:19:22Z
2026-09-11T07:17:07Z,2026-09-11T09:17:07+0200,3be851a8-a431-4c75-8fdc-307f16af93c6,2026-09-07T15:00:00Z,2026-09-07T17:00:00+0200,668.666666,MW,DK1,DK_1,forecast_offshore_wind_generation,Wind Offshore,2026-09-11T07:19:22Z
2026-09-11T07:17:07Z,2026-09-11T09:17:07+0200,3be851a8-a431-4c75-8fdc-307f16af93c6,2026-09-07T15:15:00Z,2026-09-07T17:15:00+0200,664.0,MW,DK1,DK_1,forecast_offshore_wind_generation,Wind Offshore,2026-09-11T07:19:22Z
2026-09-11T07:17:07Z,2026-09-11T09:17:07+0200,3be851a8-a431-4c75-8fdc-307f16af93c6,2026-09-07T15:30:00Z,2026-09-07T17:30:00+0200,658.0,MW,DK1,DK_1,forecast_offshore_wind_generation,Wind Offshore,2026-09-11T07:19:22Z
2026-09-11T07:17:07Z,2026-09-11T09:17:07+0200,3be851a8-a431-4c75-8fdc-307f16af93c6,2026-09-07T15:45:00Z,2026-09-07T17:45:00+0200,651.0,MW,DK1,DK_1,forecast_offshore_wind_generation,Wind Offshore,2026-09-11T07:19:22Z
2026-09-11T07:17:07Z,2026-09-11T09:17:07+0200,3be851a8-a431-4c75-8fdc-307f16af93c6,2026-09-07T16:00:00Z,2026-09-07T18:00:00+0200,642.166666,MW,DK1,DK_1,forecast_offshore_wind_generation,Wind Offshore,2026-09-11T07:19:22Z
2026-09-11T07:17:07Z,2026-09-11T09:17:07+0200,3be851a8-a431-4c75-8fdc-307f16af93c6,2026-09-07T16:15:00Z,2026-09-07T18:15:00+0200,629.5,MW,DK1,DK_1,forecast_offshore_wind_generation,Wind Offshore,2026-09-11T07:19:22Z
2026-09-11T07:17:07Z,2026-09-11T09:17:07+0200,3be851a8-a431-4c75-8fdc-307f16af93c6,2026-09-07T16:30:00Z,2026-09-07T18:30:00+0200,616.666666,MW,DK1,DK_1,forecast_offshore_wind_generation,Wind Offshore,2026-09-11T07:19:22Z
2026-09-11T07:17:07Z,2026-09-11T09:17:07+0200,3be851a8-a431-4c75-8fdc-307f16af93c6,2026-09-07T16:45:00Z,2026-09-07T18:45:00+0200,605.666666,MW,DK1,DK_1,forecast_offshore_wind_generation,Wind Offshore,2026-09-11T07:19:22Z
2026-09-11T07:17:07Z,2026-09-11T09:17:07+0200,3be851a8-a431-4c75-8fdc-307f16af93c6,2026-09-07T17:00:00Z,2026-09-07T19:00:00+0200,598.0,MW,DK1,DK_1,forecast_offshore_wind_generation,Wind Offshore,2026-09-11T07:19:22Z
2026-09-11T07:17:07Z,2026-09-11T09:17:07+0200,3be851a8-a431-4c75-8fdc-307f16af93c6,2026-09-07T17:15:00Z,2026-09-07T19:15:00+0200,592.666666,MW,DK1,DK_1,forecast_offshore_wind_generation,Wind Offshore,2026-09-11T07:19:22Z
2026-09-11T07:17:07Z,2026-09-11T09:17:07+0200,3be851a8-a431-4c75-8fdc-307f16af93c6,2026-09-07T17:30:00Z,2026-09-07T19:30:00+0200,589.5,MW,DK1,DK_1,forecast_offshore_wind_generation,Wind Offshore,2026-09-11T07:19:22Z
2026-09-11T07:17:07Z,2026-09-11T09:17:07+0200,3be851a8-a431-4c75-8fdc-307f16af93c6,2026-09-07T17:45:00Z,2026-09-07T19:45:00+0200,587.0,MW,DK1,DK_1,forecast_offshore_wind_generation,Wind Offshore,2026-09-11T07:19:22Z
2026-09-11T07:17:07Z,2026-09-11T09:17:07+0200,3be851a8-a431-4c75-8fdc-307f16af93c6,2026-09-07T18:00:00Z,2026-09-07T20:00:00+0200,583.0,MW,DK1,DK_1,forecast_offshore_wind_generation,Wind Offshore,2026-09-11T07:19:22Z
2026-09-11T07:17:07Z,2026-09-11T09:17:07+0200,3be851a8-a431-4c75-8fdc-307f16af93c6,2026-09-07T18:15:00Z,2026-09-07T20:15:00+0200,574.833333,MW,DK1,DK_1,forecast_offshore_wind_generation,Wind Offshore,2026-09-11T07:19:22Z
2026-09-11T07:17:07Z,2026-09-11T09:17:07+0200,3be851a8-a431-4c75-8fdc-307f16af93c6,2026-09-07T18:30:00Z,2026-09-07T20:30:00+0200,563.0,MW,DK1,DK_1,forecast_offshore_wind_generation,Wind Offshore,2026-09-11T07:19:22Z
2026-09-11T07:17:07Z,2026-09-11T09:17:07+0200,3be851a8-a431-4c75-8fdc-307f16af93c6,2026-09-07T18:45:00Z,2026-09-07T20:45:00+0200,552.166666,MW,DK1,DK_1,forecast_offshore_wind_generation,Wind Offshore,2026-09-11T07:19:22Z
2026-09-11T07:17:07Z,2026-09-11T09:17:07+0200,3be851a8-a431-4c75-8fdc-307f16af93c6,2026-09-07T19:00:00Z,2026-09-07T21:00:00+0200,545.166666,MW,DK1,DK_1,forecast_offshore_wind_generation,Wind Offshore,2026-09-11T07:19:22Z
2026-09-11T07:17:07Z,2026-09-11T09:17:07+0200,3be851a8-a431-4c75-8fdc-307f16af93c6,2026-09-07T19:15:00Z,2026-09-07T21:15:00+0200,542.166666,MW,DK1,DK_1,forecast_offshore_wind_generation,Wind Offshore,2026-09-11T07:19:22Z
2026-09-11T07:17:07Z,2026-09-11T09:17:07+0200,3be851a8-a431-4c75-8fdc-307f16af93c6,2026-09-07T19:30:00Z,2026-09-07T21:30:00+0200,541.833333,MW,DK1,DK_1,forecast_offshore_wind_generation,Wind Offshore,2026-09-11T07:19:22Z
2026-09-11T07:17:07Z,2026-09-11T09:17:07+0200,3be851a8-a431-4c75-8fdc-307f16af93c6,2026-09-07T19:45:00Z,2026-09-07T21:45:00+0200,540.333333,MW,DK1,DK_1,forecast_offshore_wind_generation,Wind Offshore,2026-09-11T07:19:22Z
2026-09-11T07:17:07Z,2026-09-11T09:17:07+0200,3be851a8-a431-4c75-8fdc-307f16af93c6,2026-09-07T20:00:00Z,2026-09-07T22:00:00+0200,536.5,MW,DK1,DK_1,forecast_offshore_wind_generation,Wind Offshore,2026-09-11T07:19:22Z
2026-09-11T07:17:07Z,2026-09-11T09:17:07+0200,3be851a8-a431-4c75-8fdc-307f16af93c6,2026-09-07T20:15:00Z,2026-09-07T22:15:00+0200,530.833333,MW,DK1,DK_1,forecast_offshore_wind_generation,Wind Offshore,2026-09-11T07:19:22Z
2026-09-11T07:17:07Z,2026-09-11T09:17:07+0200,3be851a8-a431-4c75-8fdc-307f16af93c6,2026-09-07T20:30:00Z,2026-09-07T22:30:00+0200,523.833333,MW,DK1,DK_1,forecast_offshore_wind_generation,Wind Offshore,2026-09-11T07:19:22Z
2026-09-11T07:17:07Z,2026-09-11T09:17:07+0200,3be851a8-a431-4c75-8fdc-307f16af93c6,2026-09-07T20:45:00Z,2026-09-07T22:45:00+0200,517.0,MW,DK1,DK_1,forecast_offshore_wind_generation,Wind Offshore,2026-09-11T07:19:22Z
2026-09-11T07:17:07Z,2026-09-11T09:17:07+0200,3be851a8-a431-4c75-8fdc-307f16af93c6,2026-09-07T21:00:00Z,2026-09-07T23:00:00+0200,511.0,MW,DK1,DK_1,forecast_offshore_wind_generation,Wind Offshore,2026-09-11T07:19:22Z
2026-09-11T07:17:07Z,2026-09-11T09:17:07+0200,3be851a8-a431-4c75-8fdc-307f16af93c6,2026-09-07T21:15:00Z,2026-09-07T23:15:00+0200,505.0,MW,DK1,DK_1,forecast_offshore_wind_generation,Wind Offshore,2026-09-11T07:19:22Z
2026-09-11T07:17:07Z,2026-09-11T09:17:07+0200,3be851a8-a431-4c75-8fdc-307f16af93c6,2026-09-07T21:30:00Z,2026-09-07T23:30:00+0200,499.166666,MW,DK1,DK_1,forecast_offshore_wind_generation,Wind Offshore,2026-09-11T07:19:22Z
2026-09-11T07:17:07Z,2026-09-11T09:17:07+0200,3be851a8-a431-4c75-8fdc-307f16af93c6,2026-09-07T21:45:00Z,2026-09-07T23:45:00+0200,494.0,MW,DK1,DK_1,forecast_offshore_wind_generation,Wind Offshore,2026-09-11T07:19:22Z
2026-09-11T07:17:07Z,2026-09-11T09:17:07+0200,3be851a8-a431-4c75-8fdc-307f16af93c6,2026-09-07T22:00:00Z,2026-09-08T00:00:00+0200,482.166666,MW,DK1,DK_1,forecast_offshore_wind_generation,Wind Offshore,2026-09-11T07:19:22Z
2026-09-11T07:17:07Z,2026-09-11T09:17:07+0200,3be851a8-a431-4c75-8fdc-307f16af93c6,2026-09-07T22:15:00Z,2026-09-08T00:15:00+0200,483.166666,MW,DK1,DK_1,forecast_offshore_wind_generation,Wind Offshore,2026-09-11T07:19:22Z
2026-09-11T07:17:07Z,2026-09-11T09:17:07+0200,3be851a8-a431-4c75-8fdc-307f16af93c6,2026-09-07T22:30:00Z,2026-09-08T00:30:00+0200,486.333333,MW,DK1,DK_1,forecast_offshore_wind_generation,Wind Offshore,2026-09-11T07:19:22Z
2026-09-11T07:17:07Z,2026-09-11T09:17:07+0200,3be851a8-a431-4c75-8fdc-307f16af93c6,2026-09-07T22:45:00Z,2026-09-08T00:45:00+0200,487.5,MW,DK1,DK_1,forecast_offshore_wind_generation,Wind Offshore,2026-09-11T07:19:22Z
2026-09-11T07:17:07Z,2026-09-11T09:17:07+0200,3be851a8-a431-4c75-8fdc-307f16af93c6,2026-09-07T23:00:00Z,2026-09-08T01:00:00+0200,482.666666,MW,DK1,DK_1,forecast_offshore_wind_generation,Wind Offshore,2026-09-11T07:19:22Z
2026-09-11T07:17:07Z,2026-09-11T09:17:07+0200,3be851a8-a431-4c75-8fdc-307f16af93c6,2026-09-07T23:15:00Z,2026-09-08T01:15:00+0200,471.833333,MW,DK1,DK_1,forecast_offshore_wind_generation,Wind Offshore,2026-09-11T07:19:22Z
2026-09-11T07:17:07Z,2026-09-11T09:17:07+0200,3be851a8-a431-4c75-8fdc-307f16af93c6,2026-09-07T23:30:00Z,2026-09-08T01:30:00+0200,457.166666,MW,DK1,DK_1,forecast_offshore_wind_generation,Wind Offshore,2026-09-11T07:19:22Z
2026-09-11T07:17:07Z,2026-09-11T09:17:07+0200,3be851a8-a431-4c75-8fdc-307f16af93c6,2026-09-07T23:45:00Z,2026-09-08T01:45:00+0200,443.833333,MW,DK1,DK_1,forecast_offshore_wind_generation,Wind Offshore,2026-09-11T07:19:22Z
2026-09-11T07:17:07Z,2026-09-11T09:17:07+0200,3be851a8-a431-4c75-8fdc-307f16af93c6,2026-09-08T00:00:00Z,2026-09-08T02:00:00+0200,435.5,MW,DK1,DK_1,forecast_offshore_wind_generation,Wind Offshore,2026-09-11T07:19:22Z
2026-09-11T07:17:07Z,2026-09-11T09:17:07+0200,3be851a8-a431-4c75-8fdc-307f16af93c6,2026-09-08T00:15:00Z,2026-09-08T02:15:00+0200,428.166666,MW,DK1,DK_1,forecast_offshore_wind_generation,Wind Offshore,2026-09-11T07:19:22Z
2026-09-11T07:17:07Z,2026-09-11T09:17:07+0200,3be851a8-a431-4c75-8fdc-307f16af93c6,2026-09-08T00:30:00Z,2026-09-08T02:30:00+0200,421.166666,MW,DK1,DK_1,forecast_offshore_wind_generation,Wind Offshore,2026-09-11T07:19:22Z
2026-09-11T07:17:07Z,2026-09-11T09:17:07+0200,3be851a8-a431-4c75-8fdc-307f16af93c6,2026-09-08T00:45:00Z,2026-09-08T02:45:00+0200,416.5,MW,DK1,DK_1,forecast_offshore_wind_generation,Wind Offshore,2026-09-11T07:19:22Z
2026-09-11T07:17:07Z,2026-09-11T09:17:07+0200,3be851a8-a431-4c75-8fdc-307f16af93c6,2026-09-08T01:00:00Z,2026-09-08T03:00:00+0200,417.5,MW,DK1,DK_1,forecast_offshore_wind_generation,Wind Offshore,2026-09-11T07:19:22Z
2026-09-11T07:17:07Z,2026-09-11T09:17:07+0200,3be851a8-a431-4c75-8fdc-307f16af93c6,2026-09-08T01:15:00Z,2026-09-08T03:15:00+0200,430.166666,MW,DK1,DK_1,forecast_offshore_wind_generation,Wind Offshore,2026-09-11T07:19:22Z
2026-09-11T07:17:07Z,2026-09-11T09:17:07+0200,3be851a8-a431-4c75-8fdc-307f16af93c6,2026-09-08T01:30:00Z,2026-09-08T03:30:00+0200,449.5,MW,DK1,DK_1,forecast_offshore_wind_generation,Wind Offshore,2026-09-11T07:19:22Z
2026-09-11T07:17:07Z,2026-09-11T09:17:07+0200,3be851a8-a431-4c75-8fdc-307f16af93c6,2026-09-08T01:45:00Z,2026-09-08T03:45:00+0200,468.0,MW,DK1,DK_1,forecast_offshore_wind_generation,Wind Offshore,2026-09-11T07:19:22Z
2026-09-11T07:17:07Z,2026-09-11T09:17:07+0200,3be851a8-a431-4c75-8fdc-307f16af93c6,2026-09-08T02:00:00Z,2026-09-08T04:00:00+0200,476.833333,MW,DK1,DK_1,forecast_offshore_wind_generation,Wind Offshore,2026-09-11T07:19:22Z
2026-09-11T07:17:07Z,2026-09-11T09:17:07+0200,3be851a8-a431-4c75-8fdc-307f16af93c6,2026-09-08T02:15:00Z,2026-09-08T04:15:00+0200,481.166666,MW,DK1,DK_1,forecast_offshore_wind_generation,Wind Offshore,2026-09-11T07:19:22Z
2026-09-11T07:17:07Z,2026-09-11T09:17:07+0200,3be851a8-a431-4c75-8fdc-307f16af93c6,2026-09-08T02:30:00Z,2026-09-08T04:30:00+0200,482.666666,MW,DK1,DK_1,forecast_offshore_wind_generation,Wind Offshore,2026-09-11T07:19:22Z
2026-09-11T07:17:07Z,2026-09-11T09:17:07+0200,3be851a8-a431-4c75-8fdc-307f16af93c6,2026-09-08T02:45:00Z,2026-09-08T04:45:00+0200,484.5,MW,DK1,DK_1,forecast_offshore_wind_generation,Wind Offshore,2026-09-11T07:19:22Z
2026-09-11T07:17:07Z,2026-09-11T09:17:07+0200,3be851a8-a431-4c75-8fdc-307f16af93c6,2026-09-08T03:00:00Z,2026-09-08T05:00:00+0200,485.5,MW,DK1,DK_1,forecast_offshore_wind_generation,Wind Offshore,2026-09-11T07:19:22Z
2026-09-11T07:17:07Z,2026-09-11T09:17:07+0200,3be851a8-a431-4c75-8fdc-307f16af93c6,2026-09-08T03:15:00Z,2026-09-08T05:15:00+0200,485.833333,MW,DK1,DK_1,forecast_offshore_wind_generation,Wind Offshore,2026-09-11T07:19:22Z
2026-09-11T07:17:07Z,2026-09-11T09:17:07+0200,3be851a8-a431-4c75-8fdc-307f16af93c6,2026-09-08T03:30:00Z,2026-09-08T05:30:00+0200,484.333333,MW,DK1,DK_1,forecast_offshore_wind_generation,Wind Offshore,2026-09-11T07:19:22Z
2026-09-11T07:17:07Z,2026-09-11T09:17:07+0200,3be851a8-a431-4c75-8fdc-307f16af93c6,2026-09-08T03:45:00Z,2026-09-08T05:45:00+0200,480.0,MW,DK1,DK_1,forecast_offshore_wind_generation,Wind Offshore,2026-09-11T07:19:22Z
2026-09-11T07:17:07Z,2026-09-11T09:17:07+0200,3be851a8-a431-4c75-8fdc-307f16af93c6,2026-09-08T04:00:00Z,2026-09-08T06:00:00+0200,472.333333,MW,DK1,DK_1,forecast_offshore_wind_generation,Wind Offshore,2026-09-11T07:19:22Z
2026-09-11T07:17:07Z,2026-09-11T09:17:07+0200,3be851a8-a431-4c75-8fdc-307f16af93c6,2026-09-08T04:15:00Z,2026-09-08T06:15:00+0200,461.833333,MW,DK1,DK_1,forecast_offshore_wind_generation,Wind Offshore,2026-09-11T07:19:22Z
2026-09-11T07:17:07Z,2026-09-11T09:17:07+0200,3be851a8-a431-4c75-8fdc-307f16af93c6,2026-09-08T04:30:00Z,2026-09-08T06:30:00+0200,450.833333,MW,DK1,DK_1,forecast_offshore_wind_generation,Wind Offshore,2026-09-11T07:19:22Z
2026-09-11T07:17:07Z,2026-09-11T09:17:07+0200,3be851a8-a431-4c75-8fdc-307f16af93c6,2026-09-08T04:45:00Z,2026-09-08T06:45:00+0200,439.833333,MW,DK1,DK_1,forecast_offshore_wind_generation,Wind Offshore,2026-09-11T07:19:22Z
2026-09-11T07:17:07Z,2026-09-11T09:17:07+0200,3be851a8-a431-4c75-8fdc-307f16af93c6,2026-09-08T05:00:00Z,2026-09-08T07:00:00+0200,434.166666,MW,DK1,DK_1,forecast_offshore_wind_generation,Wind Offshore,2026-09-11T07:19:22Z
2026-09-11T07:17:07Z,2026-09-11T09:17:07+0200,3be851a8-a431-4c75-8fdc-307f16af93c6,2026-09-08T05:15:00Z,2026-09-08T07:15:00+0200,433.5,MW,DK1,DK_1,forecast_offshore_wind_generation,Wind Offshore,2026-09-11T07:19:22Z
2026-09-11T07:17:07Z,2026-09-11T09:17:07+0200,3be851a8-a431-4c75-8fdc-307f16af93c6,2026-09-08T05:30:00Z,2026-09-08T07:30:00+0200,435.5,MW,DK1,DK_1,forecast_offshore_wind_generation,Wind Offshore,2026-09-11T07:19:22Z
2026-09-11T07:17:07Z,2026-09-11T09:17:07+0200,3be851a8-a431-4c75-8fdc-307f16af93c6,2026-09-08T05:45:00Z,2026-09-08T07:45:00+0200,438.5,MW,DK1,DK_1,forecast_offshore_wind_generation,Wind Offshore,2026-09-11T07:19:22Z
2026-09-11T07:17:07Z,2026-09-11T09:17:07+0200,3be851a8-a431-4c75-8fdc-307f16af93c6,2026-09-08T06:00:00Z,2026-09-08T08:00:00+0200,442.166666,MW,DK1,DK_1,forecast_offshore_wind_generation,Wind Offshore,2026-09-11T07:19:22Z
2026-09-11T07:17:07Z,2026-09-11T09:17:07+0200,3be851a8-a431-4c75-8fdc-307f16af93c6,2026-09-08T06:15:00Z,2026-09-08T08:15:00+0200,448.666666,MW,DK1,DK_1,forecast_offshore_wind_generation,Wind Offshore,2026-09-11T07:19:22Z
2026-09-11T07:17:07Z,2026-09-11T09:17:07+0200,3be851a8-a431-4c75-8fdc-307f16af93c6,2026-09-08T06:30:00Z,2026-09-08T08:30:00+0200,457.666666,MW,DK1,DK_1,forecast_offshore_wind_generation,Wind Offshore,2026-09-11T07:19:22Z
2026-09-11T07:17:07Z,2026-09-11T09:17:07+0200,3be851a8-a431-4c75-8fdc-307f16af93c6,2026-09-08T06:45:00Z,2026-09-08T08:45:00+0200,470.5,MW,DK1,DK_1,forecast_offshore_wind_generation,Wind Offshore,2026-09-11T07:19:22Z
2026-09-11T07:17:07Z,2026-09-11T09:17:07+0200,3be851a8-a431-4c75-8fdc-307f16af93c6,2026-09-08T07:00:00Z,2026-09-08T09:00:00+0200,490.166666,MW,DK1,DK_1,forecast_offshore_wind_generation,Wind Offshore,2026-09-11T07:19:22Z
2026-09-11T07:17:07Z,2026-09-11T09:17:07+0200,3be851a8-a431-4c75-8fdc-307f16af93c6,2026-09-08T07:15:00Z,2026-09-08T09:15:00+0200,529.5,MW,DK1,DK_1,forecast_offshore_wind_generation,Wind Offshore,2026-09-11T07:19:22Z
2026-09-11T07:17:07Z,2026-09-11T09:17:07+0200,3be851a8-a431-4c75-8fdc-307f16af93c6,2026-09-08T07:30:00Z,2026-09-08T09:30:00+0200,578.0,MW,DK1,DK_1,forecast_offshore_wind_generation,Wind Offshore,2026-09-11T07:19:22Z
2026-09-11T07:17:07Z,2026-09-11T09:17:07+0200,3be851a8-a431-4c75-8fdc-307f16af93c6,2026-09-08T07:45:00Z,2026-09-08T09:45:00+0200,613.666666,MW,DK1,DK_1,forecast_offshore_wind_generation,Wind Offshore,2026-09-11T07:19:22Z
2026-09-11T07:17:07Z,2026-09-11T09:17:07+0200,3be851a8-a431-4c75-8fdc-307f16af93c6,2026-09-08T08:00:00Z,2026-09-08T10:00:00+0200,638.333333,MW,DK1,DK_1,forecast_offshore_wind_generation,Wind Offshore,2026-09-11T07:19:22Z
2026-09-11T07:17:07Z,2026-09-11T09:17:07+0200,3be851a8-a431-4c75-8fdc-307f16af93c6,2026-09-08T08:15:00Z,2026-09-08T10:15:00+0200,648.833333,MW,DK1,DK_1,forecast_offshore_wind_generation,Wind Offshore,2026-09-11T07:19:22Z
2026-09-11T07:17:07Z,2026-09-11T09:17:07+0200,3be851a8-a431-4c75-8fdc-307f16af93c6,2026-09-08T08:30:00Z,2026-09-08T10:30:00+0200,651.666666,MW,DK1,DK_1,forecast_offshore_wind_generation,Wind Offshore,2026-09-11T07:19:22Z
2026-09-11T07:17:07Z,2026-09-11T09:17:07+0200,3be851a8-a431-4c75-8fdc-307f16af93c6,2026-09-08T08:45:00Z,2026-09-08T10:45:00+0200,662.833333,MW,DK1,DK_1,forecast_offshore_wind_generation,Wind Offshore,2026-09-11T07:19:22Z
2026-09-11T07:17:07Z,2026-09-11T09:17:07+0200,3be851a8-a431-4c75-8fdc-307f16af93c6,2026-09-08T09:00:00Z,2026-09-08T11:00:00+0200,671.0,MW,DK1,DK_1,forecast_offshore_wind_generation,Wind Offshore,2026-09-11T07:19:22Z
2026-09-11T07:17:07Z,2026-09-11T09:17:07+0200,3be851a8-a431-4c75-8fdc-307f16af93c6,2026-09-08T09:15:00Z,2026-09-08T11:15:00+0200,677.0,MW,DK1,DK_1,forecast_offshore_wind_generation,Wind Offshore,2026-09-11T07:19:22Z
2026-09-11T07:17:07Z,2026-09-11T09:17:07+0200,3be851a8-a431-4c75-8fdc-307f16af93c6,2026-09-08T09:30:00Z,2026-09-08T11:30:00+0200,680.5,MW,DK1,DK_1,forecast_offshore_wind_generation,Wind Offshore,2026-09-11T07:19:22Z
2026-09-11T07:17:07Z,2026-09-11T09:17:07+0200,3be851a8-a431-4c75-8fdc-307f16af93c6,2026-09-08T09:45:00Z,2026-09-08T11:45:00+0200,681.666666,MW,DK1,DK_1,forecast_offshore_wind_generation,Wind Offshore,2026-09-11T07:19:22Z
2026-09-11T07:17:07Z,2026-09-11T09:17:07+0200,3be851a8-a431-4c75-8fdc-307f16af93c6,2026-09-08T10:00:00Z,2026-09-08T12:00:00+0200,686.166666,MW,DK1,DK_1,forecast_offshore_wind_generation,Wind Offshore,2026-09-11T07:19:22Z
2026-09-11T07:17:07Z,2026-09-11T09:17:07+0200,3be851a8-a431-4c75-8fdc-307f16af93c6,2026-09-08T10:15:00Z,2026-09-08T12:15:00+0200,696.0,MW,DK1,DK_1,forecast_offshore_wind_generation,Wind Offshore,2026-09-11T07:19:22Z
2026-09-11T07:17:07Z,2026-09-11T09:17:07+0200,3be851a8-a431-4c75-8fdc-307f16af93c6,2026-09-08T10:30:00Z,2026-09-08T12:30:00+0200,713.0,MW,DK1,DK_1,forecast_offshore_wind_generation,Wind Offshore,2026-09-11T07:19:22Z
2026-09-11T07:17:07Z,2026-09-11T09:17:07+0200,3be851a8-a431-4c75-8fdc-307f16af93c6,2026-09-08T10:45:00Z,2026-09-08T12:45:00+0200,729.833333,MW,DK1,DK_1,forecast_offshore_wind_generation,Wind Offshore,2026-09-11T07:19:22Z
2026-09-11T07:17:07Z,2026-09-11T09:17:07+0200,3be851a8-a431-4c75-8fdc-307f16af93c6,2026-09-08T11:00:00Z,2026-09-08T13:00:00+0200,742.833333,MW,DK1,DK_1,forecast_offshore_wind_generation,Wind Offshore,2026-09-11T07:19:22Z
2026-09-11T07:17:07Z,2026-09-11T09:17:07+0200,3be851a8-a431-4c75-8fdc-307f16af93c6,2026-09-08T11:15:00Z,2026-09-08T13:15:00+0200,752.833333,MW,DK1,DK_1,forecast_offshore_wind_generation,Wind Offshore,2026-09-11T07:19:22Z
2026-09-11T07:17:07Z,2026-09-11T09:17:07+0200,3be851a8-a431-4c75-8fdc-307f16af93c6,2026-09-08T11:30:00Z,2026-09-08T13:30:00+0200,760.0,MW,DK1,DK_1,forecast_offshore_wind_generation,Wind Offshore,2026-09-11T07:19:22Z
2026-09-11T07:17:07Z,2026-09-11T09:17:07+0200,3be851a8-a431-4c75-8fdc-307f16af93c6,2026-09-08T11:45:00Z,2026-09-08T13:45:00+0200,765.833333,MW,DK1,DK_1,forecast_offshore_wind_generation,Wind Offshore,2026-09-11T07:19:22Z
2026-09-11T07:17:07Z,2026-09-11T09:17:07+0200,3be851a8-a431-4c75-8fdc-307f16af93c6,2026-09-08T12:00:00Z,2026-09-08T14:00:00+0200,769.5,MW,DK1,DK_1,forecast_offshore_wind_generation,Wind Offshore,2026-09-11T07:19:22Z
2026-09-11T07:17:07Z,2026-09-11T09:17:07+0200,3be851a8-a431-4c75-8fdc-307f16af93c6,2026-09-08T12:15:00Z,2026-09-08T14:15:00+0200,771.833333,MW,DK1,DK_1,forecast_offshore_wind_generation,Wind Offshore,2026-09-11T07:19:22Z
2026-09-11T07:17:07Z,2026-09-11T09:17:07+0200,3be851a8-a431-4c75-8fdc-307f16af93c6,2026-09-08T12:30:00Z,2026-09-08T14:30:00+0200,771.0,MW,DK1,DK_1,forecast_offshore_wind_generation,Wind Offshore,2026-09-11T07:19:22Z
2026-09-11T07:17:07Z,2026-09-11T09:17:07+0200,3be851a8-a431-4c75-8fdc-307f16af93c6,2026-09-08T12:45:00Z,2026-09-08T14:45:00+0200,768.5,MW,DK1,DK_1,forecast_offshore_wind_generation,Wind Offshore,2026-09-11T07:19:22Z
2026-09-11T07:17:07Z,2026-09-11T09:17:07+0200,3be851a8-a431-4c75-8fdc-307f16af93c6,2026-09-08T13:00:00Z,2026-09-08T15:00:00+0200,764.833333,MW,DK1,DK_1,forecast_offshore_wind_generation,Wind Offshore,2026-09-11T07:19:22Z
2026-09-11T07:17:07Z,2026-09-11T09:17:07+0200,3be851a8-a431-4c75-8fdc-307f16af93c6,2026-09-08T13:15:00Z,2026-09-08T15:15:00+0200,759.0,MW,DK1,DK_1,forecast_offshore_wind_generation,Wind Offshore,2026-09-11T07:19:22Z
2026-09-11T07:17:07Z,2026-09-11T09:17:07+0200,3be851a8-a431-4c75-8fdc-307f16af93c6,2026-09-08T13:30:00Z,2026-09-08T15:30:00+0200,752.0,MW,DK1,DK_1,forecast_offshore_wind_generation,Wind Offshore,2026-09-11T07:19:22Z
2026-09-11T07:17:07Z,2026-09-11T09:17:07+0200,3be851a8-a431-4c75-8fdc-307f16af93c6,2026-09-08T13:45:00Z,2026-09-08T15:45:00+0200,744.166666,MW,DK1,DK_1,forecast_offshore_wind_generation,Wind Offshore,2026-09-11T07:19:22Z
2026-09-11T07:17:07Z,2026-09-11T09:17:07+0200,3be851a8-a431-4c75-8fdc-307f16af93c6,2026-09-08T14:00:00Z,2026-09-08T16:00:00+0200,732.666666,MW,DK1,DK_1,forecast_offshore_wind_generation,Wind Offshore,2026-09-11T07:19:22Z
2026-09-11T07:17:07Z,2026-09-11T09:17:07+0200,3be851a8-a431-4c75-8fdc-307f16af93c6,2026-09-08T14:15:00Z,2026-09-08T16:15:00+0200,704.166666,MW,DK1,DK_1,forecast_offshore_wind_generation,Wind Offshore,2026-09-11T07:19:22Z
2026-09-11T07:17:07Z,2026-09-11T09:17:07+0200,3be851a8-a431-4c75-8fdc-307f16af93c6,2026-09-08T14:30:00Z,2026-09-08T16:30:00+0200,668.166666,MW,DK1,DK_1,forecast_offshore_wind_generation,Wind Offshore,2026-09-11T07:19:22Z
2026-09-11T07:17:07Z,2026-09-11T09:17:07+0200,3be851a8-a431-4c75-8fdc-307f16af93c6,2026-09-08T14:45:00Z,2026-09-08T16:45:00+0200,639.333333,MW,DK1,DK_1,forecast_offshore_wind_generation,Wind Offshore,2026-09-11T07:19:22Z
2026-09-11T07:17:07Z,2026-09-11T09:17:07+0200,3be851a8-a431-4c75-8fdc-307f16af93c6,2026-09-08T15:00:00Z,2026-09-08T17:00:00+0200,626.5,MW,DK1,DK_1,forecast_offshore_wind_generation,Wind Offshore,2026-09-11T07:19:22Z
2026-09-11T07:17:07Z,2026-09-11T09:17:07+0200,3be851a8-a431-4c75-8fdc-307f16af93c6,2026-09-08T15:15:00Z,2026-09-08T17:15:00+0200,618.333333,MW,DK1,DK_1,forecast_offshore_wind_generation,Wind Offshore,2026-09-11T07:19:22Z
2026-09-11T07:17:07Z,2026-09-11T09:17:07+0200,3be851a8-a431-4c75-8fdc-307f16af93c6,2026-09-08T15:30:00Z,2026-09-08T17:30:00+0200,610.5,MW,DK1,DK_1,forecast_offshore_wind_generation,Wind Offshore,2026-09-11T07:19:22Z
2026-09-11T07:17:07Z,2026-09-11T09:17:07+0200,3be851a8-a431-4c75-8fdc-307f16af93c6,2026-09-08T15:45:00Z,2026-09-08T17:45:00+0200,606.166666,MW,DK1,DK_1,forecast_offshore_wind_generation,Wind Offshore,2026-09-11T07:19:22Z
2026-09-11T07:17:07Z,2026-09-11T09:17:07+0200,3be851a8-a431-4c75-8fdc-307f16af93c6,2026-09-08T16:00:00Z,2026-09-08T18:00:00+0200,608.166666,MW,DK1,DK_1,forecast_offshore_wind_generation,Wind Offshore,2026-09-11T07:19:22Z
2026-09-11T07:17:07Z,2026-09-11T09:17:07+0200,3be851a8-a431-4c75-8fdc-307f16af93c6,2026-09-08T16:15:00Z,2026-09-08T18:15:00+0200,615.666666,MW,DK1,DK_1,forecast_offshore_wind_generation,Wind Offshore,2026-09-11T07:19:22Z
2026-09-11T07:17:07Z,2026-09-11T09:17:07+0200,3be851a8-a431-4c75-8fdc-307f16af93c6,2026-09-08T16:30:00Z,2026-09-08T18:30:00+0200,627.0,MW,DK1,DK_1,forecast_offshore_wind_generation,Wind Offshore,2026-09-11T07:19:22Z
2026-09-11T07:17:07Z,2026-09-11T09:17:07+0200,3be851a8-a431-4c75-8fdc-307f16af93c6,2026-09-08T16:45:00Z,2026-09-08T18:45:00+0200,637.5,MW,DK1,DK_1,forecast_offshore_wind_generation,Wind Offshore,2026-09-11T07:19:22Z
2026-09-11T07:17:07Z,2026-09-11T09:17:07+0200,3be851a8-a431-4c75-8fdc-307f16af93c6,2026-09-08T17:00:00Z,2026-09-08T19:00:00+0200,645.833333,MW,DK1,DK_1,forecast_offshore_wind_generation,Wind Offshore,2026-09-11T07:19:22Z
2026-09-11T07:17:07Z,2026-09-11T09:17:07+0200,3be851a8-a431-4c75-8fdc-307f16af93c6,2026-09-08T17:15:00Z,2026-09-08T19:15:00+0200,656.0,MW,DK1,DK_1,forecast_offshore_wind_generation,Wind Offshore,2026-09-11T07:19:22Z
2026-09-11T07:17:07Z,2026-09-11T09:17:07+0200,3be851a8-a431-4c75-8fdc-307f16af93c6,2026-09-08T17:30:00Z,2026-09-08T19:30:00+0200,665.833333,MW,DK1,DK_1,forecast_offshore_wind_generation,Wind Offshore,2026-09-11T07:19:22Z
2026-09-11T07:17:07Z,2026-09-11T09:17:07+0200,3be851a8-a431-4c75-8fdc-307f16af93c6,2026-09-08T17:45:00Z,2026-09-08T19:45:00+0200,672.833333,MW,DK1,DK_1,forecast_offshore_wind_generation,Wind Offshore,2026-09-11T07:19:22Z
2026-09-11T07:17:07Z,2026-09-11T09:17:07+0200,3be851a8-a431-4c75-8fdc-307f16af93c6,2026-09-08T18:00:00Z,2026-09-08T20:00:00+0200,676.5,MW,DK1,DK_1,forecast_offshore_wind_generation,Wind Offshore,2026-09-11T07:19:22Z
2026-09-11T07:17:07Z,2026-09-11T09:17:07+0200,3be851a8-a431-4c75-8fdc-307f16af93c6,2026-09-08T18:15:00Z,2026-09-08T20:15:00+0200,678.666666,MW,DK1,DK_1,forecast_offshore_wind_generation,Wind Offshore,2026-09-11T07:19:22Z
2026-09-11T07:17:07Z,2026-09-11T09:17:07+0200,3be851a8-a431-4c75-8fdc-307f16af93c6,2026-09-08T18:30:00Z,2026-09-08T20:30:00+0200,680.5,MW,DK1,DK_1,forecast_offshore_wind_generation,Wind Offshore,2026-09-11T07:19:22Z
2026-09-11T07:17:07Z,2026-09-11T09:17:07+0200,3be851a8-a431-4c75-8fdc-307f16af93c6,2026-09-08T18:45:00Z,2026-09-08T20:45:00+0200,679.833333,MW,DK1,DK_1,forecast_offshore_wind_generation,Wind Offshore,2026-09-11T07:19:22Z
2026-09-11T07:17:07Z,2026-09-11T09:17:07+0200,3be851a8-a431-4c75-8fdc-307f16af93c6,2026-09-08T19:00:00Z,2026-09-08T21:00:00+0200,675.666666,MW,DK1,DK_1,forecast_offshore_wind_generation,Wind Offshore,2026-09-11T07:19:22Z
2026-09-11T07:17:07Z,2026-09-11T09:17:07+0200,3be851a8-a431-4c75-8fdc-307f16af93c6,2026-09-08T19:15:00Z,2026-09-08T21:15:00+0200,667.0,MW,DK1,DK_1,forecast_offshore_wind_generation,Wind Offshore,2026-09-11T07:19:22Z
2026-09-11T07:17:07Z,2026-09-11T09:17:07+0200,3be851a8-a431-4c75-8fdc-307f16af93c6,2026-09-08T19:30:00Z,2026-09-08T21:30:00+0200,656.0,MW,DK1,DK_1,forecast_offshore_wind_generation,Wind Offshore,2026-09-11T07:19:22Z
2026-09-11T07:17:07Z,2026-09-11T09:17:07+0200,3be851a8-a431-4c75-8fdc-307f16af93c6,2026-09-08T19:45:00Z,2026-09-08T21:45:00+0200,644.166666,MW,DK1,DK_1,forecast_offshore_wind_generation,Wind Offshore,2026-09-11T07:19:22Z
2026-09-11T07:17:07Z,2026-09-11T09:17:07+0200,3be851a8-a431-4c75-8fdc-307f16af93c6,2026-09-08T20:00:00Z,2026-09-08T22:00:00+0200,634.333333,MW,DK1,DK_1,forecast_offshore_wind_generation,Wind Offshore,2026-09-11T07:19:22Z
2026-09-11T07:17:07Z,2026-09-11T09:17:07+0200,3be851a8-a431-4c75-8fdc-307f16af93c6,2026-09-08T20:15:00Z,2026-09-08T22:15:00+0200,623.0,MW,DK1,DK_1,forecast_offshore_wind_generation,Wind Offshore,2026-09-11T07:19:22Z
2026-09-11T07:17:07Z,2026-09-11T09:17:07+0200,3be851a8-a431-4c75-8fdc-307f16af93c6,2026-09-08T20:30:00Z,2026-09-08T22:30:00+0200,610.166666,MW,DK1,DK_1,forecast_offshore_wind_generation,Wind Offshore,2026-09-11T07:19:22Z
2026-09-11T07:17:07Z,2026-09-11T09:17:07+0200,3be851a8-a431-4c75-8fdc-307f16af93c6,2026-09-08T20:45:00Z,2026-09-08T22:45:00+0200,598.166666,MW,DK1,DK_1,forecast_offshore_wind_generation,Wind Offshore,2026-09-11T07:19:22Z
2026-09-11T07:17:07Z,2026-09-11T09:17:07+0200,3be851a8-a431-4c75-8fdc-307f16af93c6,2026-09-08T21:00:00Z,2026-09-08T23:00:00+0200,589.333333,MW,DK1,DK_1,forecast_offshore_wind_generation,Wind Offshore,2026-09-11T07:19:22Z
2026-09-11T07:17:07Z,2026-09-11T09:17:07+0200,3be851a8-a431-4c75-8fdc-307f16af93c6,2026-09-08T21:15:00Z,2026-09-08T23:15:00+0200,580.333333,MW,DK1,DK_1,forecast_offshore_wind_generation,Wind Offshore,2026-09-11T07:19:22Z
2026-09-11T07:17:07Z,2026-09-11T09:17:07+0200,3be851a8-a431-4c75-8fdc-307f16af93c6,2026-09-08T21:30:00Z,2026-09-08T23:30:00+0200,571.5,MW,DK1,DK_1,forecast_offshore_wind_generation,Wind Offshore,2026-09-11T07:19:22Z
2026-09-11T07:17:07Z,2026-09-11T09:17:07+0200,3be851a8-a431-4c75-8fdc-307f16af93c6,2026-09-08T21:45:00Z,2026-09-08T23:45:00+0200,564.666666,MW,DK1,DK_1,forecast_offshore_wind_generation,Wind Offshore,2026-09-11T07:19:22Z
2026-09-11T07:17:07Z,2026-09-11T09:17:07+0200,3be851a8-a431-4c75-8fdc-307f16af93c6,2026-09-08T22:00:00Z,2026-09-09T00:00:00+0200,271.666666,MW,DK1,DK_1,forecast_offshore_wind_generation,Wind Offshore,2026-09-11T07:19:22Z
2026-09-11T07:17:07Z,2026-09-11T09:17:07+0200,3be851a8-a431-4c75-8fdc-307f16af93c6,2026-09-08T22:15:00Z,2026-09-09T00:15:00+0200,268.666666,MW,DK1,DK_1,forecast_offshore_wind_generation,Wind Offshore,2026-09-11T07:19:22Z
2026-09-11T07:17:07Z,2026-09-11T09:17:07+0200,3be851a8-a431-4c75-8fdc-307f16af93c6,2026-09-08T22:30:00Z,2026-09-09T00:30:00+0200,267.5,MW,DK1,DK_1,forecast_offshore_wind_generation,Wind Offshore,2026-09-11T07:19:22Z
2026-09-11T07:17:07Z,2026-09-11T09:17:07+0200,3be851a8-a431-4c75-8fdc-307f16af93c6,2026-09-08T22:45:00Z,2026-09-09T00:45:00+0200,266.0,MW,DK1,DK_1,forecast_offshore_wind_generation,Wind Offshore,2026-09-11T07:19:22Z
2026-09-11T07:17:07Z,2026-09-11T09:17:07+0200,3be851a8-a431-4c75-8fdc-307f16af93c6,2026-09-08T23:00:00Z,2026-09-09T01:00:00+0200,263.5,MW,DK1,DK_1,forecast_offshore_wind_generation,Wind Offshore,2026-09-11T07:19:22Z
2026-09-11T07:17:07Z,2026-09-11T09:17:07+0200,3be851a8-a431-4c75-8fdc-307f16af93c6,2026-09-08T23:15:00Z,2026-09-09T01:15:00+0200,260.0,MW,DK1,DK_1,forecast_offshore_wind_generation,Wind Offshore,2026-09-11T07:19:22Z
2026-09-11T07:17:07Z,2026-09-11T09:17:07+0200,3be851a8-a431-4c75-8fdc-307f16af93c6,2026-09-08T23:30:00Z,2026-09-09T01:30:00+0200,255.666666,MW,DK1,DK_1,forecast_offshore_wind_generation,Wind Offshore,2026-09-11T07:19:22Z
2026-09-11T07:17:07Z,2026-09-11T09:17:07+0200,3be851a8-a431-4c75-8fdc-307f16af93c6,2026-09-08T23:45:00Z,2026-09-09T01:45:00+0200,253.5,MW,DK1,DK_1,forecast_offshore_wind_generation,Wind Offshore,2026-09-11T07:19:22Z
2026-09-11T07:17:07Z,2026-09-11T09:17:07+0200,3be851a8-a431-4c75-8fdc-307f16af93c6,2026-09-09T00:00:00Z,2026-09-09T02:00:00+0200,252.833333,MW,DK1,DK_1,forecast_offshore_wind_generation,Wind Offshore,2026-09-11T07:19:22Z
2026-09-11T07:17:07Z,2026-09-11T09:17:07+0200,3be851a8-a431-4c75-8fdc-307f16af93c6,2026-09-09T00:15:00Z,2026-09-09T02:15:00+0200,252.0,MW,DK1,DK_1,forecast_offshore_wind_generation,Wind Offshore,2026-09-11T07:19:22Z
2026-09-11T07:17:07Z,2026-09-11T09:17:07+0200,3be851a8-a431-4c75-8fdc-307f16af93c6,2026-09-09T00:30:00Z,2026-09-09T02:30:00+0200,252.0,MW,DK1,DK_1,forecast_offshore_wind_generation,Wind Offshore,2026-09-11T07:19:22Z
2026-09-11T07:17:07Z,2026-09-11T09:17:07+0200,3be851a8-a431-4c75-8fdc-307f16af93c6,2026-09-09T00:45:00Z,2026-09-09T02:45:00+0200,252.666666,MW,DK1,DK_1,forecast_offshore_wind_generation,Wind Offshore,2026-09-11T07:19:22Z
2026-09-11T07:17:07Z,2026-09-11T09:17:07+0200,3be851a8-a431-4c75-8fdc-307f16af93c6,2026-09-09T01:00:00Z,2026-09-09T03:00:00+0200,255.833333,MW,DK1,DK_1,forecast_offshore_wind_generation,Wind Offshore,2026-09-11T07:19:22Z
2026-09-11T07:17:07Z,2026-09-11T09:17:07+0200,3be851a8-a431-4c75-8fdc-307f16af93c6,2026-09-09T01:15:00Z,2026-09-09T03:15:00+0200,264.0,MW,DK1,DK_1,forecast_offshore_wind_generation,Wind Offshore,2026-09-11T07:19:22Z
2026-09-11T07:17:07Z,2026-09-11T09:17:07+0200,3be851a8-a431-4c75-8fdc-307f16af93c6,2026-09-09T01:30:00Z,2026-09-09T03:30:00+0200,273.666666,MW,DK1,DK_1,forecast_offshore_wind_generation,Wind Offshore,2026-09-11T07:19:22Z
2026-09-11T07:17:07Z,2026-09-11T09:17:07+0200,3be851a8-a431-4c75-8fdc-307f16af93c6,2026-09-09T01:45:00Z,2026-09-09T03:45:00+0200,284.0,MW,DK1,DK_1,forecast_offshore_wind_generation,Wind Offshore,2026-09-11T07:19:22Z
2026-09-11T07:17:07Z,2026-09-11T09:17:07+0200,3be851a8-a431-4c75-8fdc-307f16af93c6,2026-09-09T02:00:00Z,2026-09-09T04:00:00+0200,293.166666,MW,DK1,DK_1,forecast_offshore_wind_generation,Wind Offshore,2026-09-11T07:19:22Z
2026-09-11T07:17:07Z,2026-09-11T09:17:07+0200,3be851a8-a431-4c75-8fdc-307f16af93c6,2026-09-09T02:15:00Z,2026-09-09T04:15:00+0200,303.0,MW,DK1,DK_1,forecast_offshore_wind_generation,Wind Offshore,2026-09-11T07:19:22Z
2026-09-11T07:17:07Z,2026-09-11T09:17:07+0200,3be851a8-a431-4c75-8fdc-307f16af93c6,2026-09-09T02:30:00Z,2026-09-09T04:30:00+0200,312.333333,MW,DK1,DK_1,forecast_offshore_wind_generation,Wind Offshore,2026-09-11T07:19:22Z
2026-09-11T07:17:07Z,2026-09-11T09:17:07+0200,3be851a8-a431-4c75-8fdc-307f16af93c6,2026-09-09T02:45:00Z,2026-09-09T04:45:00+0200,320.0,MW,DK1,DK_1,forecast_offshore_wind_generation,Wind Offshore,2026-09-11T07:19:22Z
2026-09-11T07:17:07Z,2026-09-11T09:17:07+0200,3be851a8-a431-4c75-8fdc-307f16af93c6,2026-09-09T03:00:00Z,2026-09-09T05:00:00+0200,327.0,MW,DK1,DK_1,forecast_offshore_wind_generation,Wind Offshore,2026-09-11T07:19:22Z
2026-09-11T07:17:07Z,2026-09-11T09:17:07+0200,3be851a8-a431-4c75-8fdc-307f16af93c6,2026-09-09T03:15:00Z,2026-09-09T05:15:00+0200,333.0,MW,DK1,DK_1,forecast_offshore_wind_generation,Wind Offshore,2026-09-11T07:19:22Z
2026-09-11T07:17:07Z,2026-09-11T09:17:07+0200,3be851a8-a431-4c75-8fdc-307f16af93c6,2026-09-09T03:30:00Z,2026-09-09T05:30:00+0200,338.166666,MW,DK1,DK_1,forecast_offshore_wind_generation,Wind Offshore,2026-09-11T07:19:22Z
2026-09-11T07:17:07Z,2026-09-11T09:17:07+0200,3be851a8-a431-4c75-8fdc-307f16af93c6,2026-09-09T03:45:00Z,2026-09-09T05:45:00+0200,337.333333,MW,DK1,DK_1,forecast_offshore_wind_generation,Wind Offshore,2026-09-11T07:19:22Z
2026-09-11T07:17:07Z,2026-09-11T09:17:07+0200,3be851a8-a431-4c75-8fdc-307f16af93c6,2026-09-09T04:00:00Z,2026-09-09T06:00:00+0200,329.0,MW,DK1,DK_1,forecast_offshore_wind_generation,Wind Offshore,2026-09-11T07:19:22Z
2026-09-11T07:17:07Z,2026-09-11T09:17:07+0200,3be851a8-a431-4c75-8fdc-307f16af93c6,2026-09-09T04:15:00Z,2026-09-09T06:15:00+0200,315.5,MW,DK1,DK_1,forecast_offshore_wind_generation,Wind Offshore,2026-09-11T07:19:22Z
2026-09-11T07:17:07Z,2026-09-11T09:17:07+0200,3be851a8-a431-4c75-8fdc-307f16af93c6,2026-09-09T04:30:00Z,2026-09-09T06:30:00+0200,301.166666,MW,DK1,DK_1,forecast_offshore_wind_generation,Wind Offshore,2026-09-11T07:19:22Z
2026-09-11T07:17:07Z,2026-09-11T09:17:07+0200,3be851a8-a431-4c75-8fdc-307f16af93c6,2026-09-09T04:45:00Z,2026-09-09T06:45:00+0200,288.0,MW,DK1,DK_1,forecast_offshore_wind_generation,Wind Offshore,2026-09-11T07:19:22Z
2026-09-11T07:17:07Z,2026-09-11T09:17:07+0200,3be851a8-a431-4c75-8fdc-307f16af93c6,2026-09-09T05:00:00Z,2026-09-09T07:00:00+0200,285.333333,MW,DK1,DK_1,forecast_offshore_wind_generation,Wind Offshore,2026-09-11T07:19:22Z
2026-09-11T07:17:07Z,2026-09-11T09:17:07+0200,3be851a8-a431-4c75-8fdc-307f16af93c6,2026-09-09T05:15:00Z,2026-09-09T07:15:00+0200,295.0,MW,DK1,DK_1,forecast_offshore_wind_generation,Wind Offshore,2026-09-11T07:19:22Z
2026-09-11T07:17:07Z,2026-09-11T09:17:07+0200,3be851a8-a431-4c75-8fdc-307f16af93c6,2026-09-09T05:30:00Z,2026-09-09T07:30:00+0200,307.0,MW,DK1,DK_1,forecast_offshore_wind_generation,Wind Offshore,2026-09-11T07:19:22Z
2026-09-11T07:17:07Z,2026-09-11T09:17:07+0200,3be851a8-a431-4c75-8fdc-307f16af93c6,2026-09-09T05:45:00Z,2026-09-09T07:45:00+0200,316.833333,MW,DK1,DK_1,forecast_offshore_wind_generation,Wind Offshore,2026-09-11T07:19:22Z
2026-09-11T07:17:07Z,2026-09-11T09:17:07+0200,3be851a8-a431-4c75-8fdc-307f16af93c6,2026-09-09T06:00:00Z,2026-09-09T08:00:00+0200,322.333333,MW,DK1,DK_1,forecast_offshore_wind_generation,Wind Offshore,2026-09-11T07:19:22Z
2026-09-11T07:17:07Z,2026-09-11T09:17:07+0200,3be851a8-a431-4c75-8fdc-307f16af93c6,2026-09-09T06:15:00Z,2026-09-09T08:15:00+0200,326.333333,MW,DK1,DK_1,forecast_offshore_wind_generation,Wind Offshore,2026-09-11T07:19:22Z
2026-09-11T07:17:07Z,2026-09-11T09:17:07+0200,3be851a8-a431-4c75-8fdc-307f16af93c6,2026-09-09T06:30:00Z,2026-09-09T08:30:00+0200,328.0,MW,DK1,DK_1,forecast_offshore_wind_generation,Wind Offshore,2026-09-11T07:19:22Z
2026-09-11T07:17:07Z,2026-09-11T09:17:07+0200,3be851a8-a431-4c75-8fdc-307f16af93c6,2026-09-09T06:45:00Z,2026-09-09T08:45:00+0200,326.333333,MW,DK1,DK_1,forecast_offshore_wind_generation,Wind Offshore,2026-09-11T07:19:22Z
2026-09-11T07:17:07Z,2026-09-11T09:17:07+0200,3be851a8-a431-4c75-8fdc-307f16af93c6,2026-09-09T07:00:00Z,2026-09-09T09:00:00+0200,319.5,MW,DK1,DK_1,forecast_offshore_wind_generation,Wind Offshore,2026-09-11T07:19:22Z
2026-09-11T07:17:07Z,2026-09-11T09:17:07+0200,3be851a8-a431-4c75-8fdc-307f16af93c6,2026-09-09T07:15:00Z,2026-09-09T09:15:00+0200,309.5,MW,DK1,DK_1,forecast_offshore_wind_generation,Wind Offshore,2026-09-11T07:19:22Z
2026-09-11T07:17:07Z,2026-09-11T09:17:07+0200,3be851a8-a431-4c75-8fdc-307f16af93c6,2026-09-09T07:30:00Z,2026-09-09T09:30:00+0200,299.0,MW,DK1,DK_1,forecast_offshore_wind_generation,Wind Offshore,2026-09-11T07:19:22Z
2026-09-11T07:17:07Z,2026-09-11T09:17:07+0200,3be851a8-a431-4c75-8fdc-307f16af93c6,2026-09-09T07:45:00Z,2026-09-09T09:45:00+0200,288.833333,MW,DK1,DK_1,forecast_offshore_wind_generation,Wind Offshore,2026-09-11T07:19:22Z
2026-09-11T07:17:07Z,2026-09-11T09:17:07+0200,3be851a8-a431-4c75-8fdc-307f16af93c6,2026-09-09T08:00:00Z,2026-09-09T10:00:00+0200,281.0,MW,DK1,DK_1,forecast_offshore_wind_generation,Wind Offshore,2026-09-11T07:19:22Z
2026-09-11T07:17:07Z,2026-09-11T09:17:07+0200,3be851a8-a431-4c75-8fdc-307f16af93c6,2026-09-09T08:15:00Z,2026-09-09T10:15:00+0200,274.166666,MW,DK1,DK_1,forecast_offshore_wind_generation,Wind Offshore,2026-09-11T07:19:22Z
2026-09-11T07:17:07Z,2026-09-11T09:17:07+0200,3be851a8-a431-4c75-8fdc-307f16af93c6,2026-09-09T08:30:00Z,2026-09-09T10:30:00+0200,270.5,MW,DK1,DK_1,forecast_offshore_wind_generation,Wind Offshore,2026-09-11T07:19:22Z
2026-09-11T07:17:07Z,2026-09-11T09:17:07+0200,3be851a8-a431-4c75-8fdc-307f16af93c6,2026-09-09T08:45:00Z,2026-09-09T10:45:00+0200,267.5,MW,DK1,DK_1,forecast_offshore_wind_generation,Wind Offshore,2026-09-11T07:19:22Z
2026-09-11T07:17:07Z,2026-09-11T09:17:07+0200,3be851a8-a431-4c75-8fdc-307f16af93c6,2026-09-09T09:00:00Z,2026-09-09T11:00:00+0200,264.5,MW,DK1,DK_1,forecast_offshore_wind_generation,Wind Offshore,2026-09-11T07:19:22Z
2026-09-11T07:17:07Z,2026-09-11T09:17:07+0200,3be851a8-a431-4c75-8fdc-307f16af93c6,2026-09-09T09:15:00Z,2026-09-09T11:15:00+0200,261.5,MW,DK1,DK_1,forecast_offshore_wind_generation,Wind Offshore,2026-09-11T07:19:22Z
2026-09-11T07:17:07Z,2026-09-11T09:17:07+0200,3be851a8-a431-4c75-8fdc-307f16af93c6,2026-09-09T09:30:00Z,2026-09-09T11:30:00+0200,259.666666,MW,DK1,DK_1,forecast_offshore_wind_generation,Wind Offshore,2026-09-11T07:19:22Z
2026-09-11T07:17:07Z,2026-09-11T09:17:07+0200,3be851a8-a431-4c75-8fdc-307f16af93c6,2026-09-09T09:45:00Z,2026-09-09T11:45:00+0200,261.666666,MW,DK1,DK_1,forecast_offshore_wind_generation,Wind Offshore,2026-09-11T07:19:22Z
2026-09-11T07:17:07Z,2026-09-11T09:17:07+0200,3be851a8-a431-4c75-8fdc-307f16af93c6,2026-09-09T10:00:00Z,2026-09-09T12:00:00+0200,270.333333,MW,DK1,DK_1,forecast_offshore_wind_generation,Wind Offshore,2026-09-11T07:19:22Z
2026-09-11T07:17:07Z,2026-09-11T09:17:07+0200,3be851a8-a431-4c75-8fdc-307f16af93c6,2026-09-09T10:15:00Z,2026-09-09T12:15:00+0200,289.166666,MW,DK1,DK_1,forecast_offshore_wind_generation,Wind Offshore,2026-09-11T07:19:22Z
2026-09-11T07:17:07Z,2026-09-11T09:17:07+0200,3be851a8-a431-4c75-8fdc-307f16af93c6,2026-09-09T10:30:00Z,2026-09-09T12:30:00+0200,313.833333,MW,DK1,DK_1,forecast_offshore_wind_generation,Wind Offshore,2026-09-11T07:19:22Z
2026-09-11T07:17:07Z,2026-09-11T09:17:07+0200,3be851a8-a431-4c75-8fdc-307f16af93c6,2026-09-09T10:45:00Z,2026-09-09T12:45:00+0200,335.666666,MW,DK1,DK_1,forecast_offshore_wind_generation,Wind Offshore,2026-09-11T07:19:22Z
2026-09-11T07:17:07Z,2026-09-11T09:17:07+0200,3be851a8-a431-4c75-8fdc-307f16af93c6,2026-09-09T11:00:00Z,2026-09-09T13:00:00+0200,352.666666,MW,DK1,DK_1,forecast_offshore_wind_generation,Wind Offshore,2026-09-11T07:19:22Z
2026-09-11T07:17:07Z,2026-09-11T09:17:07+0200,3be851a8-a431-4c75-8fdc-307f16af93c6,2026-09-09T11:15:00Z,2026-09-09T13:15:00+0200,371.5,MW,DK1,DK_1,forecast_offshore_wind_generation,Wind Offshore,2026-09-11T07:19:22Z
2026-09-11T07:17:07Z,2026-09-11T09:17:07+0200,3be851a8-a431-4c75-8fdc-307f16af93c6,2026-09-09T11:30:00Z,2026-09-09T13:30:00+0200,390.0,MW,DK1,DK_1,forecast_offshore_wind_generation,Wind Offshore,2026-09-11T07:19:22Z
2026-09-11T07:17:07Z,2026-09-11T09:17:07+0200,3be851a8-a431-4c75-8fdc-307f16af93c6,2026-09-09T11:45:00Z,2026-09-09T13:45:00+0200,409.0,MW,DK1,DK_1,forecast_offshore_wind_generation,Wind Offshore,2026-09-11T07:19:22Z
2026-09-11T07:17:07Z,2026-09-11T09:17:07+0200,3be851a8-a431-4c75-8fdc-307f16af93c6,2026-09-09T12:00:00Z,2026-09-09T14:00:00+0200,430.333333,MW,DK1,DK_1,forecast_offshore_wind_generation,Wind Offshore,2026-09-11T07:19:22Z
2026-09-11T07:17:07Z,2026-09-11T09:17:07+0200,3be851a8-a431-4c75-8fdc-307f16af93c6,2026-09-09T12:15:00Z,2026-09-09T14:15:00+0200,457.166666,MW,DK1,DK_1,forecast_offshore_wind_generation,Wind Offshore,2026-09-11T07:19:22Z
2026-09-11T07:17:07Z,2026-09-11T09:17:07+0200,3be851a8-a431-4c75-8fdc-307f16af93c6,2026-09-09T12:30:00Z,2026-09-09T14:30:00+0200,487.5,MW,DK1,DK_1,forecast_offshore_wind_generation,Wind Offshore,2026-09-11T07:19:22Z
2026-09-11T07:17:07Z,2026-09-11T09:17:07+0200,3be851a8-a431-4c75-8fdc-307f16af93c6,2026-09-09T12:45:00Z,2026-09-09T14:45:00+0200,516.5,MW,DK1,DK_1,forecast_offshore_wind_generation,Wind Offshore,2026-09-11T07:19:22Z
2026-09-11T07:17:07Z,2026-09-11T09:17:07+0200,3be851a8-a431-4c75-8fdc-307f16af93c6,2026-09-09T13:00:00Z,2026-09-09T15:00:00+0200,544.0,MW,DK1,DK_1,forecast_offshore_wind_generation,Wind Offshore,2026-09-11T07:19:22Z
2026-09-11T07:17:07Z,2026-09-11T09:17:07+0200,3be851a8-a431-4c75-8fdc-307f16af93c6,2026-09-09T13:15:00Z,2026-09-09T15:15:00+0200,573.0,MW,DK1,DK_1,forecast_offshore_wind_generation,Wind Offshore,2026-09-11T07:19:22Z
2026-09-11T07:17:07Z,2026-09-11T09:17:07+0200,3be851a8-a431-4c75-8fdc-307f16af93c6,2026-09-09T13:30:00Z,2026-09-09T15:30:00+0200,603.333333,MW,DK1,DK_1,forecast_offshore_wind_generation,Wind Offshore,2026-09-11T07:19:22Z
2026-09-11T07:17:07Z,2026-09-11T09:17:07+0200,3be851a8-a431-4c75-8fdc-307f16af93c6,2026-09-09T13:45:00Z,2026-09-09T15:45:00+0200,630.833333,MW,DK1,DK_1,forecast_offshore_wind_generation,Wind Offshore,2026-09-11T07:19:22Z
2026-09-11T07:17:07Z,2026-09-11T09:17:07+0200,3be851a8-a431-4c75-8fdc-307f16af93c6,2026-09-09T14:00:00Z,2026-09-09T16:00:00+0200,654.166666,MW,DK1,DK_1,forecast_offshore_wind_generation,Wind Offshore,2026-09-11T07:19:22Z
2026-09-11T07:17:07Z,2026-09-11T09:17:07+0200,3be851a8-a431-4c75-8fdc-307f16af93c6,2026-09-09T14:15:00Z,2026-09-09T16:15:00+0200,678.0,MW,DK1,DK_1,forecast_offshore_wind_generation,Wind Offshore,2026-09-11T07:19:22Z
2026-09-11T07:17:07Z,2026-09-11T09:17:07+0200,3be851a8-a431-4c75-8fdc-307f16af93c6,2026-09-09T14:30:00Z,2026-09-09T16:30:00+0200,700.333333,MW,DK1,DK_1,forecast_offshore_wind_generation,Wind Offshore,2026-09-11T07:19:22Z
2026-09-11T07:17:07Z,2026-09-11T09:17:07+0200,3be851a8-a431-4c75-8fdc-307f16af93c6,2026-09-09T14:45:00Z,2026-09-09T16:45:00+0200,718.666666,MW,DK1,DK_1,forecast_offshore_wind_generation,Wind Offshore,2026-09-11T07:19:22Z
2026-09-11T07:17:07Z,2026-09-11T09:17:07+0200,3be851a8-a431-4c75-8fdc-307f16af93c6,2026-09-09T15:00:00Z,2026-09-09T17:00:00+0200,732.666666,MW,DK1,DK_1,forecast_offshore_wind_generation,Wind Offshore,2026-09-11T07:19:22Z
2026-09-11T07:17:07Z,2026-09-11T09:17:07+0200,3be851a8-a431-4c75-8fdc-307f16af93c6,2026-09-09T15:15:00Z,2026-09-09T17:15:00+0200,747.5,MW,DK1,DK_1,forecast_offshore_wind_generation,Wind Offshore,2026-09-11T07:19:22Z
2026-09-11T07:17:07Z,2026-09-11T09:17:07+0200,3be851a8-a431-4c75-8fdc-307f16af93c6,2026-09-09T15:30:00Z,2026-09-09T17:30:00+0200,762.5,MW,DK1,DK_1,forecast_offshore_wind_generation,Wind Offshore,2026-09-11T07:19:22Z
2026-09-11T07:17:07Z,2026-09-11T09:17:07+0200,3be851a8-a431-4c75-8fdc-307f16af93c6,2026-09-09T15:45:00Z,2026-09-09T17:45:00+0200,776.833333,MW,DK1,DK_1,forecast_offshore_wind_generation,Wind Offshore,2026-09-11T07:19:22Z
2026-09-11T07:17:07Z,2026-09-11T09:17:07+0200,3be851a8-a431-4c75-8fdc-307f16af93c6,2026-09-09T16:00:00Z,2026-09-09T18:00:00+0200,788.333333,MW,DK1,DK_1,forecast_offshore_wind_generation,Wind Offshore,2026-09-11T07:19:22Z
2026-09-11T07:17:07Z,2026-09-11T09:17:07+0200,3be851a8-a431-4c75-8fdc-307f16af93c6,2026-09-09T16:15:00Z,2026-09-09T18:15:00+0200,801.166666,MW,DK1,DK_1,forecast_offshore_wind_generation,Wind Offshore,2026-09-11T07:19:22Z
2026-09-11T07:17:07Z,2026-09-11T09:17:07+0200,3be851a8-a431-4c75-8fdc-307f16af93c6,2026-09-09T16:30:00Z,2026-09-09T18:30:00+0200,815.333333,MW,DK1,DK_1,forecast_offshore_wind_generation,Wind Offshore,2026-09-11T07:19:22Z
2026-09-11T07:17:07Z,2026-09-11T09:17:07+0200,3be851a8-a431-4c75-8fdc-307f16af93c6,2026-09-09T16:45:00Z,2026-09-09T18:45:00+0200,828.666666,MW,DK1,DK_1,forecast_offshore_wind_generation,Wind Offshore,2026-09-11T07:19:22Z
2026-09-11T07:17:07Z,2026-09-11T09:17:07+0200,3be851a8-a431-4c75-8fdc-307f16af93c6,2026-09-09T17:00:00Z,2026-09-09T19:00:00+0200,839.5,MW,DK1,DK_1,forecast_offshore_wind_generation,Wind Offshore,2026-09-11T07:19:22Z
2026-09-11T07:17:07Z,2026-09-11T09:17:07+0200,3be851a8-a431-4c75-8fdc-307f16af93c6,2026-09-09T17:15:00Z,2026-09-09T19:15:00+0200,851.5,MW,DK1,DK_1,forecast_offshore_wind_generation,Wind Offshore,2026-09-11T07:19:22Z
2026-09-11T07:17:07Z,2026-09-11T09:17:07+0200,3be851a8-a431-4c75-8fdc-307f16af93c6,2026-09-09T17:30:00Z,2026-09-09T19:30:00+0200,862.833333,MW,DK1,DK_1,forecast_offshore_wind_generation,Wind Offshore,2026-09-11T07:19:22Z
2026-09-11T07:17:07Z,2026-09-11T09:17:07+0200,3be851a8-a431-4c75-8fdc-307f16af93c6,2026-09-09T17:45:00Z,2026-09-09T19:45:00+0200,870.666666,MW,DK1,DK_1,forecast_offshore_wind_generation,Wind Offshore,2026-09-11T07:19:22Z
2026-09-11T07:17:07Z,2026-09-11T09:17:07+0200,3be851a8-a431-4c75-8fdc-307f16af93c6,2026-09-09T18:00:00Z,2026-09-09T20:00:00+0200,873.833333,MW,DK1,DK_1,forecast_offshore_wind_generation,Wind Offshore,2026-09-11T07:19:22Z
2026-09-11T07:17:07Z,2026-09-11T09:17:07+0200,3be851a8-a431-4c75-8fdc-307f16af93c6,2026-09-09T18:15:00Z,2026-09-09T20:15:00+0200,874.333333,MW,DK1,DK_1,forecast_offshore_wind_generation,Wind Offshore,2026-09-11T07:19:22Z
2026-09-11T07:17:07Z,2026-09-11T09:17:07+0200,3be851a8-a431-4c75-8fdc-307f16af93c6,2026-09-09T18:30:00Z,2026-09-09T20:30:00+0200,873.833333,MW,DK1,DK_1,forecast_offshore_wind_generation,Wind Offshore,2026-09-11T07:19:22Z
2026-09-11T07:17:07Z,2026-09-11T09:17:07+0200,3be851a8-a431-4c75-8fdc-307f16af93c6,2026-09-09T18:45:00Z,2026-09-09T20:45:00+0200,873.0,MW,DK1,DK_1,forecast_offshore_wind_generation,Wind Offshore,2026-09-11T07:19:22Z
2026-09-11T07:17:07Z,2026-09-11T09:17:07+0200,3be851a8-a431-4c75-8fdc-307f16af93c6,2026-09-09T19:00:00Z,2026-09-09T21:00:00+0200,873.0,MW,DK1,DK_1,forecast_offshore_wind_generation,Wind Offshore,2026-09-11T07:19:22Z
2026-09-11T07:17:07Z,2026-09-11T09:17:07+0200,3be851a8-a431-4c75-8fdc-307f16af93c6,2026-09-09T19:15:00Z,2026-09-09T21:15:00+0200,872.5,MW,DK1,DK_1,forecast_offshore_wind_generation,Wind Offshore,2026-09-11T07:19:22Z
2026-09-11T07:17:07Z,2026-09-11T09:17:07+0200,3be851a8-a431-4c75-8fdc-307f16af93c6,2026-09-09T19:30:00Z,2026-09-09T21:30:00+0200,872.0,MW,DK1,DK_1,forecast_offshore_wind_generation,Wind Offshore,2026-09-11T07:19:22Z
2026-09-11T07:17:07Z,2026-09-11T09:17:07+0200,3be851a8-a431-4c75-8fdc-307f16af93c6,2026-09-09T19:45:00Z,2026-09-09T21:45:00+0200,871.166666,MW,DK1,DK_1,forecast_offshore_wind_generation,Wind Offshore,2026-09-11T07:19:22Z
2026-09-11T07:17:07Z,2026-09-11T09:17:07+0200,3be851a8-a431-4c75-8fdc-307f16af93c6,2026-09-09T20:00:00Z,2026-09-09T22:00:00+0200,871.166666,MW,DK1,DK_1,forecast_offshore_wind_generation,Wind Offshore,2026-09-11T07:19:22Z
2026-09-11T07:17:07Z,2026-09-11T09:17:07+0200,3be851a8-a431-4c75-8fdc-307f16af93c6,2026-09-09T20:15:00Z,2026-09-09T22:15:00+0200,872.0,MW,DK1,DK_1,forecast_offshore_wind_generation,Wind Offshore,2026-09-11T07:19:22Z
2026-09-11T07:17:07Z,2026-09-11T09:17:07+0200,3be851a8-a431-4c75-8fdc-307f16af93c6,2026-09-09T20:30:00Z,2026-09-09T22:30:00+0200,872.833333,MW,DK1,DK_1,forecast_offshore_wind_generation,Wind Offshore,2026-09-11T07:19:22Z
2026-09-11T07:17:07Z,2026-09-11T09:17:07+0200,3be851a8-a431-4c75-8fdc-307f16af93c6,2026-09-09T20:45:00Z,2026-09-09T22:45:00+0200,873.0,MW,DK1,DK_1,forecast_offshore_wind_generation,Wind Offshore,2026-09-11T07:19:22Z
2026-09-11T07:17:07Z,2026-09-11T09:17:07+0200,3be851a8-a431-4c75-8fdc-307f16af93c6,2026-09-09T21:00:00Z,2026-09-09T23:00:00+0200,871.333333,MW,DK1,DK_1,forecast_offshore_wind_generation,Wind Offshore,2026-09-11T07:19:22Z
2026-09-11T07:17:07Z,2026-09-11T09:17:07+0200,3be851a8-a431-4c75-8fdc-307f16af93c6,2026-09-09T21:15:00Z,2026-09-09T23:15:00+0200,865.166666,MW,DK1,DK_1,forecast_offshore_wind_generation,Wind Offshore,2026-09-11T07:19:22Z
2026-09-11T07:17:07Z,2026-09-11T09:17:07+0200,3be851a8-a431-4c75-8fdc-307f16af93c6,2026-09-09T21:30:00Z,2026-09-09T23:30:00+0200,855.5,MW,DK1,DK_1,forecast_offshore_wind_generation,Wind Offshore,2026-09-11T07:19:22Z
2026-09-11T07:17:07Z,2026-09-11T09:17:07+0200,3be851a8-a431-4c75-8fdc-307f16af93c6,2026-09-09T21:45:00Z,2026-09-09T23:45:00+0200,846.5,MW,DK1,DK_1,forecast_offshore_wind_generation,Wind Offshore,2026-09-11T07:19:22Z
2026-09-11T07:17:07Z,2026-09-11T09:17:07+0200,3be851a8-a431-4c75-8fdc-307f16af93c6,2026-09-09T22:00:00Z,2026-09-10T00:00:00+0200,921.833333,MW,DK1,DK_1,forecast_offshore_wind_generation,Wind Offshore,2026-09-11T07:19:22Z
2026-09-11T07:17:07Z,2026-09-11T09:17:07+0200,3be851a8-a431-4c75-8fdc-307f16af93c6,2026-09-09T22:15:00Z,2026-09-10T00:15:00+0200,914.166666,MW,DK1,DK_1,forecast_offshore_wind_generation,Wind Offshore,2026-09-11T07:19:22Z
2026-09-11T07:17:07Z,2026-09-11T09:17:07+0200,3be851a8-a431-4c75-8fdc-307f16af93c6,2026-09-09T22:30:00Z,2026-09-10T00:30:00+0200,904.5,MW,DK1,DK_1,forecast_offshore_wind_generation,Wind Offshore,2026-09-11T07:19:22Z
2026-09-11T07:17:07Z,2026-09-11T09:17:07+0200,3be851a8-a431-4c75-8fdc-307f16af93c6,2026-09-09T22:45:00Z,2026-09-10T00:45:00+0200,895.666666,MW,DK1,DK_1,forecast_offshore_wind_generation,Wind Offshore,2026-09-11T07:19:22Z
2026-09-11T07:17:07Z,2026-09-11T09:17:07+0200,3be851a8-a431-4c75-8fdc-307f16af93c6,2026-09-09T23:00:00Z,2026-09-10T01:00:00+0200,888.0,MW,DK1,DK_1,forecast_offshore_wind_generation,Wind Offshore,2026-09-11T07:19:22Z
2026-09-11T07:17:07Z,2026-09-11T09:17:07+0200,3be851a8-a431-4c75-8fdc-307f16af93c6,2026-09-09T23:15:00Z,2026-09-10T01:15:00+0200,879.5,MW,DK1,DK_1,forecast_offshore_wind_generation,Wind Offshore,2026-09-11T07:19:22Z
2026-09-11T07:17:07Z,2026-09-11T09:17:07+0200,3be851a8-a431-4c75-8fdc-307f16af93c6,2026-09-09T23:30:00Z,2026-09-10T01:30:00+0200,872.0,MW,DK1,DK_1,forecast_offshore_wind_generation,Wind Offshore,2026-09-11T07:19:22Z
2026-09-11T07:17:07Z,2026-09-11T09:17:07+0200,3be851a8-a431-4c75-8fdc-307f16af93c6,2026-09-09T23:45:00Z,2026-09-10T01:45:00+0200,866.166666,MW,DK1,DK_1,forecast_offshore_wind_generation,Wind Offshore,2026-09-11T07:19:22Z
2026-09-11T07:17:07Z,2026-09-11T09:17:07+0200,3be851a8-a431-4c75-8fdc-307f16af93c6,2026-09-10T00:00:00Z,2026-09-10T02:00:00+0200,863.0,MW,DK1,DK_1,forecast_offshore_wind_generation,Wind Offshore,2026-09-11T07:19:22Z
2026-09-11T07:17:07Z,2026-09-11T09:17:07+0200,3be851a8-a431-4c75-8fdc-307f16af93c6,2026-09-10T00:15:00Z,2026-09-10T02:15:00+0200,862.5,MW,DK1,DK_1,forecast_offshore_wind_generation,Wind Offshore,2026-09-11T07:19:22Z
2026-09-11T07:17:07Z,2026-09-11T09:17:07+0200,3be851a8-a431-4c75-8fdc-307f16af93c6,2026-09-10T00:30:00Z,2026-09-10T02:30:00+0200,862.833333,MW,DK1,DK_1,forecast_offshore_wind_generation,Wind Offshore,2026-09-11T07:19:22Z
2026-09-11T07:17:07Z,2026-09-11T09:17:07+0200,3be851a8-a431-4c75-8fdc-307f16af93c6,2026-09-10T00:45:00Z,2026-09-10T02:45:00+0200,860.333333,MW,DK1,DK_1,forecast_offshore_wind_generation,Wind Offshore,2026-09-11T07:19:22Z
2026-09-11T07:17:07Z,2026-09-11T09:17:07+0200,3be851a8-a431-4c75-8fdc-307f16af93c6,2026-09-10T01:00:00Z,2026-09-10T03:00:00+0200,854.166666,MW,DK1,DK_1,forecast_offshore_wind_generation,Wind Offshore,2026-09-11T07:19:22Z
2026-09-11T07:17:07Z,2026-09-11T09:17:07+0200,3be851a8-a431-4c75-8fdc-307f16af93c6,2026-09-10T01:15:00Z,2026-09-10T03:15:00+0200,842.5,MW,DK1,DK_1,forecast_offshore_wind_generation,Wind Offshore,2026-09-11T07:19:22Z
2026-09-11T07:17:07Z,2026-09-11T09:17:07+0200,3be851a8-a431-4c75-8fdc-307f16af93c6,2026-09-10T01:30:00Z,2026-09-10T03:30:00+0200,828.666666,MW,DK1,DK_1,forecast_offshore_wind_generation,Wind Offshore,2026-09-11T07:19:22Z
2026-09-11T07:17:07Z,2026-09-11T09:17:07+0200,3be851a8-a431-4c75-8fdc-307f16af93c6,2026-09-10T01:45:00Z,2026-09-10T03:45:00+0200,815.833333,MW,DK1,DK_1,forecast_offshore_wind_generation,Wind Offshore,2026-09-11T07:19:22Z
2026-09-11T07:17:07Z,2026-09-11T09:17:07+0200,3be851a8-a431-4c75-8fdc-307f16af93c6,2026-09-10T02:00:00Z,2026-09-10T04:00:00+0200,806.5,MW,DK1,DK_1,forecast_offshore_wind_generation,Wind Offshore,2026-09-11T07:19:22Z
2026-09-11T07:17:07Z,2026-09-11T09:17:07+0200,3be851a8-a431-4c75-8fdc-307f16af93c6,2026-09-10T02:15:00Z,2026-09-10T04:15:00+0200,797.5,MW,DK1,DK_1,forecast_offshore_wind_generation,Wind Offshore,2026-09-11T07:19:22Z
2026-09-11T07:17:07Z,2026-09-11T09:17:07+0200,3be851a8-a431-4c75-8fdc-307f16af93c6,2026-09-10T02:30:00Z,2026-09-10T04:30:00+0200,789.0,MW,DK1,DK_1,forecast_offshore_wind_generation,Wind Offshore,2026-09-11T07:19:22Z
2026-09-11T07:17:07Z,2026-09-11T09:17:07+0200,3be851a8-a431-4c75-8fdc-307f16af93c6,2026-09-10T02:45:00Z,2026-09-10T04:45:00+0200,782.833333,MW,DK1,DK_1,forecast_offshore_wind_generation,Wind Offshore,2026-09-11T07:19:22Z
2026-09-11T07:17:07Z,2026-09-11T09:17:07+0200,3be851a8-a431-4c75-8fdc-307f16af93c6,2026-09-10T03:00:00Z,2026-09-10T05:00:00+0200,778.5,MW,DK1,DK_1,forecast_offshore_wind_generation,Wind Offshore,2026-09-11T07:19:22Z
2026-09-11T07:17:07Z,2026-09-11T09:17:07+0200,3be851a8-a431-4c75-8fdc-307f16af93c6,2026-09-10T03:15:00Z,2026-09-10T05:15:00+0200,776.0,MW,DK1,DK_1,forecast_offshore_wind_generation,Wind Offshore,2026-09-11T07:19:22Z
2026-09-11T07:17:07Z,2026-09-11T09:17:07+0200,3be851a8-a431-4c75-8fdc-307f16af93c6,2026-09-10T03:30:00Z,2026-09-10T05:30:00+0200,774.333333,MW,DK1,DK_1,forecast_offshore_wind_generation,Wind Offshore,2026-09-11T07:19:22Z
2026-09-11T07:17:07Z,2026-09-11T09:17:07+0200,3be851a8-a431-4c75-8fdc-307f16af93c6,2026-09-10T03:45:00Z,2026-09-10T05:45:00+0200,772.333333,MW,DK1,DK_1,forecast_offshore_wind_generation,Wind Offshore,2026-09-11T07:19:22Z
2026-09-11T07:17:07Z,2026-09-11T09:17:07+0200,3be851a8-a431-4c75-8fdc-307f16af93c6,2026-09-10T04:00:00Z,2026-09-10T06:00:00+0200,770.166666,MW,DK1,DK_1,forecast_offshore_wind_generation,Wind Offshore,2026-09-11T07:19:22Z
2026-09-11T07:17:07Z,2026-09-11T09:17:07+0200,3be851a8-a431-4c75-8fdc-307f16af93c6,2026-09-10T04:15:00Z,2026-09-10T06:15:00+0200,766.5,MW,DK1,DK_1,forecast_offshore_wind_generation,Wind Offshore,2026-09-11T07:19:22Z
2026-09-11T07:17:07Z,2026-09-11T09:17:07+0200,3be851a8-a431-4c75-8fdc-307f16af93c6,2026-09-10T04:30:00Z,2026-09-10T06:30:00+0200,762.166666,MW,DK1,DK_1,forecast_offshore_wind_generation,Wind Offshore,2026-09-11T07:19:22Z
2026-09-11T07:17:07Z,2026-09-11T09:17:07+0200,3be851a8-a431-4c75-8fdc-307f16af93c6,2026-09-10T04:45:00Z,2026-09-10T06:45:00+0200,758.0,MW,DK1,DK_1,forecast_offshore_wind_generation,Wind Offshore,2026-09-11T07:19:22Z
2026-09-11T07:17:07Z,2026-09-11T09:17:07+0200,3be851a8-a431-4c75-8fdc-307f16af93c6,2026-09-10T05:00:00Z,2026-09-10T07:00:00+0200,752.166666,MW,DK1,DK_1,forecast_offshore_wind_generation,Wind Offshore,2026-09-11T07:19:22Z
2026-09-11T07:17:07Z,2026-09-11T09:17:07+0200,3be851a8-a431-4c75-8fdc-307f16af93c6,2026-09-10T05:15:00Z,2026-09-10T07:15:00+0200,742.0,MW,DK1,DK_1,forecast_offshore_wind_generation,Wind Offshore,2026-09-11T07:19:22Z
2026-09-11T07:17:07Z,2026-09-11T09:17:07+0200,3be851a8-a431-4c75-8fdc-307f16af93c6,2026-09-10T05:30:00Z,2026-09-10T07:30:00+0200,731.0,MW,DK1,DK_1,forecast_offshore_wind_generation,Wind Offshore,2026-09-11T07:19:22Z
2026-09-11T07:17:07Z,2026-09-11T09:17:07+0200,3be851a8-a431-4c75-8fdc-307f16af93c6,2026-09-10T05:45:00Z,2026-09-10T07:45:00+0200,719.0,MW,DK1,DK_1,forecast_offshore_wind_generation,Wind Offshore,2026-09-11T07:19:22Z
2026-09-11T07:17:07Z,2026-09-11T09:17:07+0200,3be851a8-a431-4c75-8fdc-307f16af93c6,2026-09-10T06:00:00Z,2026-09-10T08:00:00+0200,706.666666,MW,DK1,DK_1,forecast_offshore_wind_generation,Wind Offshore,2026-09-11T07:19:22Z
2026-09-11T07:17:07Z,2026-09-11T09:17:07+0200,3be851a8-a431-4c75-8fdc-307f16af93c6,2026-09-10T06:15:00Z,2026-09-10T08:15:00+0200,690.833333,MW,DK1,DK_1,forecast_offshore_wind_generation,Wind Offshore,2026-09-11T07:19:22Z
2026-09-11T07:17:07Z,2026-09-11T09:17:07+0200,3be851a8-a431-4c75-8fdc-307f16af93c6,2026-09-10T06:30:00Z,2026-09-10T08:30:00+0200,672.166666,MW,DK1,DK_1,forecast_offshore_wind_generation,Wind Offshore,2026-09-11T07:19:22Z
2026-09-11T07:17:07Z,2026-09-11T09:17:07+0200,3be851a8-a431-4c75-8fdc-307f16af93c6,2026-09-10T06:45:00Z,2026-09-10T08:45:00+0200,653.166666,MW,DK1,DK_1,forecast_offshore_wind_generation,Wind Offshore,2026-09-11T07:19:22Z
2026-09-11T07:17:07Z,2026-09-11T09:17:07+0200,3be851a8-a431-4c75-8fdc-307f16af93c6,2026-09-10T07:00:00Z,2026-09-10T09:00:00+0200,634.833333,MW,DK1,DK_1,forecast_offshore_wind_generation,Wind Offshore,2026-09-11T07:19:22Z
2026-09-11T07:17:07Z,2026-09-11T09:17:07+0200,3be851a8-a431-4c75-8fdc-307f16af93c6,2026-09-10T07:15:00Z,2026-09-10T09:15:00+0200,613.0,MW,DK1,DK_1,forecast_offshore_wind_generation,Wind Offshore,2026-09-11T07:19:22Z
2026-09-11T07:17:07Z,2026-09-11T09:17:07+0200,3be851a8-a431-4c75-8fdc-307f16af93c6,2026-09-10T07:30:00Z,2026-09-10T09:30:00+0200,589.0,MW,DK1,DK_1,forecast_offshore_wind_generation,Wind Offshore,2026-09-11T07:19:22Z
2026-09-11T07:17:07Z,2026-09-11T09:17:07+0200,3be851a8-a431-4c75-8fdc-307f16af93c6,2026-09-10T07:45:00Z,2026-09-10T09:45:00+0200,565.166666,MW,DK1,DK_1,forecast_offshore_wind_generation,Wind Offshore,2026-09-11T07:19:22Z
2026-09-11T07:17:07Z,2026-09-11T09:17:07+0200,3be851a8-a431-4c75-8fdc-307f16af93c6,2026-09-10T08:00:00Z,2026-09-10T10:00:00+0200,541.833333,MW,DK1,DK_1,forecast_offshore_wind_generation,Wind Offshore,2026-09-11T07:19:22Z
2026-09-11T07:17:07Z,2026-09-11T09:17:07+0200,3be851a8-a431-4c75-8fdc-307f16af93c6,2026-09-10T08:15:00Z,2026-09-10T10:15:00+0200,515.666666,MW,DK1,DK_1,forecast_offshore_wind_generation,Wind Offshore,2026-09-11T07:19:22Z
2026-09-11T07:17:07Z,2026-09-11T09:17:07+0200,3be851a8-a431-4c75-8fdc-307f16af93c6,2026-09-10T08:30:00Z,2026-09-10T10:30:00+0200,490.333333,MW,DK1,DK_1,forecast_offshore_wind_generation,Wind Offshore,2026-09-11T07:19:22Z
2026-09-11T07:17:07Z,2026-09-11T09:17:07+0200,3be851a8-a431-4c75-8fdc-307f16af93c6,2026-09-10T08:45:00Z,2026-09-10T10:45:00+0200,470.5,MW,DK1,DK_1,forecast_offshore_wind_generation,Wind Offshore,2026-09-11T07:19:22Z
2026-09-11T07:17:07Z,2026-09-11T09:17:07+0200,3be851a8-a431-4c75-8fdc-307f16af93c6,2026-09-10T09:00:00Z,2026-09-10T11:00:00+0200,459.666666,MW,DK1,DK_1,forecast_offshore_wind_generation,Wind Offshore,2026-09-11T07:19:22Z
2026-09-11T07:17:07Z,2026-09-11T09:17:07+0200,3be851a8-a431-4c75-8fdc-307f16af93c6,2026-09-10T09:15:00Z,2026-09-10T11:15:00+0200,452.166666,MW,DK1,DK_1,forecast_offshore_wind_generation,Wind Offshore,2026-09-11T07:19:22Z
2026-09-11T07:17:07Z,2026-09-11T09:17:07+0200,3be851a8-a431-4c75-8fdc-307f16af93c6,2026-09-10T09:30:00Z,2026-09-10T11:30:00+0200,446.0,MW,DK1,DK_1,forecast_offshore_wind_generation,Wind Offshore,2026-09-11T07:19:22Z
2026-09-11T07:17:07Z,2026-09-11T09:17:07+0200,3be851a8-a431-4c75-8fdc-307f16af93c6,2026-09-10T09:45:00Z,2026-09-10T11:45:00+0200,440.666666,MW,DK1,DK_1,forecast_offshore_wind_generation,Wind Offshore,2026-09-11T07:19:22Z
2026-09-11T07:17:07Z,2026-09-11T09:17:07+0200,3be851a8-a431-4c75-8fdc-307f16af93c6,2026-09-10T10:00:00Z,2026-09-10T12:00:00+0200,436.166666,MW,DK1,DK_1,forecast_offshore_wind_generation,Wind Offshore,2026-09-11T07:19:22Z
2026-09-11T07:17:07Z,2026-09-11T09:17:07+0200,3be851a8-a431-4c75-8fdc-307f16af93c6,2026-09-10T10:15:00Z,2026-09-10T12:15:00+0200,431.0,MW,DK1,DK_1,forecast_offshore_wind_generation,Wind Offshore,2026-09-11T07:19:22Z
2026-09-11T07:17:07Z,2026-09-11T09:17:07+0200,3be851a8-a431-4c75-8fdc-307f16af93c6,2026-09-10T10:30:00Z,2026-09-10T12:30:00+0200,425.0,MW,DK1,DK_1,forecast_offshore_wind_generation,Wind Offshore,2026-09-11T07:19:22Z
2026-09-11T07:17:07Z,2026-09-11T09:17:07+0200,3be851a8-a431-4c75-8fdc-307f16af93c6,2026-09-10T10:45:00Z,2026-09-10T12:45:00+0200,420.0,MW,DK1,DK_1,forecast_offshore_wind_generation,Wind Offshore,2026-09-11T07:19:22Z
2026-09-11T07:17:07Z,2026-09-11T09:17:07+0200,3be851a8-a431-4c75-8fdc-307f16af93c6,2026-09-10T11:00:00Z,2026-09-10T13:00:00+0200,415.666666,MW,DK1,DK_1,forecast_offshore_wind_generation,Wind Offshore,2026-09-11T07:19:22Z
2026-09-11T07:17:07Z,2026-09-11T09:17:07+0200,3be851a8-a431-4c75-8fdc-307f16af93c6,2026-09-10T11:15:00Z,2026-09-10T13:15:00+0200,411.5,MW,DK1,DK_1,forecast_offshore_wind_generation,Wind Offshore,2026-09-11T07:19:22Z
2026-09-11T07:17:07Z,2026-09-11T09:17:07+0200,3be851a8-a431-4c75-8fdc-307f16af93c6,2026-09-10T11:30:00Z,2026-09-10T13:30:00+0200,406.833333,MW,DK1,DK_1,forecast_offshore_wind_generation,Wind Offshore,2026-09-11T07:19:22Z
2026-09-11T07:17:07Z,2026-09-11T09:17:07+0200,3be851a8-a431-4c75-8fdc-307f16af93c6,2026-09-10T11:45:00Z,2026-09-10T13:45:00+0200,401.833333,MW,DK1,DK_1,forecast_offshore_wind_generation,Wind Offshore,2026-09-11T07:19:22Z
2026-09-11T07:17:07Z,2026-09-11T09:17:07+0200,3be851a8-a431-4c75-8fdc-307f16af93c6,2026-09-10T12:00:00Z,2026-09-10T14:00:00+0200,393.833333,MW,DK1,DK_1,forecast_offshore_wind_generation,Wind Offshore,2026-09-11T07:19:22Z
2026-09-11T07:17:07Z,2026-09-11T09:17:07+0200,3be851a8-a431-4c75-8fdc-307f16af93c6,2026-09-10T12:15:00Z,2026-09-10T14:15:00+0200,381.0,MW,DK1,DK_1,forecast_offshore_wind_generation,Wind Offshore,2026-09-11T07:19:22Z
2026-09-11T07:17:07Z,2026-09-11T09:17:07+0200,3be851a8-a431-4c75-8fdc-307f16af93c6,2026-09-10T12:30:00Z,2026-09-10T14:30:00+0200,366.666666,MW,DK1,DK_1,forecast_offshore_wind_generation,Wind Offshore,2026-09-11T07:19:22Z
2026-09-11T07:17:07Z,2026-09-11T09:17:07+0200,3be851a8-a431-4c75-8fdc-307f16af93c6,2026-09-10T12:45:00Z,2026-09-10T14:45:00+0200,354.666666,MW,DK1,DK_1,forecast_offshore_wind_generation,Wind Offshore,2026-09-11T07:19:22Z
2026-09-11T07:17:07Z,2026-09-11T09:17:07+0200,3be851a8-a431-4c75-8fdc-307f16af93c6,2026-09-10T13:00:00Z,2026-09-10T15:00:00+0200,346.5,MW,DK1,DK_1,forecast_offshore_wind_generation,Wind Offshore,2026-09-11T07:19:22Z
2026-09-11T07:17:07Z,2026-09-11T09:17:07+0200,3be851a8-a431-4c75-8fdc-307f16af93c6,2026-09-10T13:15:00Z,2026-09-10T15:15:00+0200,339.166666,MW,DK1,DK_1,forecast_offshore_wind_generation,Wind Offshore,2026-09-11T07:19:22Z
2026-09-11T07:17:07Z,2026-09-11T09:17:07+0200,3be851a8-a431-4c75-8fdc-307f16af93c6,2026-09-10T13:30:00Z,2026-09-10T15:30:00+0200,333.0,MW,DK1,DK_1,forecast_offshore_wind_generation,Wind Offshore,2026-09-11T07:19:22Z
2026-09-11T07:17:07Z,2026-09-11T09:17:07+0200,3be851a8-a431-4c75-8fdc-307f16af93c6,2026-09-10T13:45:00Z,2026-09-10T15:45:00+0200,328.5,MW,DK1,DK_1,forecast_offshore_wind_generation,Wind Offshore,2026-09-11T07:19:22Z
2026-09-11T07:17:07Z,2026-09-11T09:17:07+0200,3be851a8-a431-4c75-8fdc-307f16af93c6,2026-09-10T14:00:00Z,2026-09-10T16:00:00+0200,327.166666,MW,DK1,DK_1,forecast_offshore_wind_generation,Wind Offshore,2026-09-11T07:19:22Z
2026-09-11T07:17:07Z,2026-09-11T09:17:07+0200,3be851a8-a431-4c75-8fdc-307f16af93c6,2026-09-10T14:15:00Z,2026-09-10T16:15:00+0200,329.5,MW,DK1,DK_1,forecast_offshore_wind_generation,Wind Offshore,2026-09-11T07:19:22Z
2026-09-11T07:17:07Z,2026-09-11T09:17:07+0200,3be851a8-a431-4c75-8fdc-307f16af93c6,2026-09-10T14:30:00Z,2026-09-10T16:30:00+0200,332.333333,MW,DK1,DK_1,forecast_offshore_wind_generation,Wind Offshore,2026-09-11T07:19:22Z
2026-09-11T07:17:07Z,2026-09-11T09:17:07+0200,3be851a8-a431-4c75-8fdc-307f16af93c6,2026-09-10T14:45:00Z,2026-09-10T16:45:00+0200,333.833333,MW,DK1,DK_1,forecast_offshore_wind_generation,Wind Offshore,2026-09-11T07:19:22Z
2026-09-11T07:17:07Z,2026-09-11T09:17:07+0200,3be851a8-a431-4c75-8fdc-307f16af93c6,2026-09-10T15:00:00Z,2026-09-10T17:00:00+0200,333.5,MW,DK1,DK_1,forecast_offshore_wind_generation,Wind Offshore,2026-09-11T07:19:22Z
2026-09-11T07:17:07Z,2026-09-11T09:17:07+0200,3be851a8-a431-4c75-8fdc-307f16af93c6,2026-09-10T15:15:00Z,2026-09-10T17:15:00+0200,332.833333,MW,DK1,DK_1,forecast_offshore_wind_generation,Wind Offshore,2026-09-11T07:19:22Z
2026-09-11T07:17:07Z,2026-09-11T09:17:07+0200,3be851a8-a431-4c75-8fdc-307f16af93c6,2026-09-10T15:30:00Z,2026-09-10T17:30:00+0200,332.0,MW,DK1,DK_1,forecast_offshore_wind_generation,Wind Offshore,2026-09-11T07:19:22Z
2026-09-11T07:17:07Z,2026-09-11T09:17:07+0200,3be851a8-a431-4c75-8fdc-307f16af93c6,2026-09-10T15:45:00Z,2026-09-10T17:45:00+0200,332.0,MW,DK1,DK_1,forecast_offshore_wind_generation,Wind Offshore,2026-09-11T07:19:22Z
2026-09-11T07:17:07Z,2026-09-11T09:17:07+0200,3be851a8-a431-4c75-8fdc-307f16af93c6,2026-09-10T16:00:00Z,2026-09-10T18:00:00+0200,332.166666,MW,DK1,DK_1,forecast_offshore_wind_generation,Wind Offshore,2026-09-11T07:19:22Z
2026-09-11T07:17:07Z,2026-09-11T09:17:07+0200,3be851a8-a431-4c75-8fdc-307f16af93c6,2026-09-10T16:15:00Z,2026-09-10T18:15:00+0200,334.333333,MW,DK1,DK_1,forecast_offshore_wind_generation,Wind Offshore,2026-09-11T07:19:22Z
2026-09-11T07:17:07Z,2026-09-11T09:17:07+0200,3be851a8-a431-4c75-8fdc-307f16af93c6,2026-09-10T16:30:00Z,2026-09-10T18:30:00+0200,336.5,MW,DK1,DK_1,forecast_offshore_wind_generation,Wind Offshore,2026-09-11T07:19:22Z
2026-09-11T07:17:07Z,2026-09-11T09:17:07+0200,3be851a8-a431-4c75-8fdc-307f16af93c6,2026-09-10T16:45:00Z,2026-09-10T18:45:00+0200,339.0,MW,DK1,DK_1,forecast_offshore_wind_generation,Wind Offshore,2026-09-11T07:19:22Z
2026-09-11T07:17:07Z,2026-09-11T09:17:07+0200,3be851a8-a431-4c75-8fdc-307f16af93c6,2026-09-10T17:00:00Z,2026-09-10T19:00:00+0200,341.0,MW,DK1,DK_1,forecast_offshore_wind_generation,Wind Offshore,2026-09-11T07:19:22Z
2026-09-11T07:17:07Z,2026-09-11T09:17:07+0200,3be851a8-a431-4c75-8fdc-307f16af93c6,2026-09-10T17:15:00Z,2026-09-10T19:15:00+0200,343.5,MW,DK1,DK_1,forecast_offshore_wind_generation,Wind Offshore,2026-09-11T07:19:22Z
2026-09-11T07:17:07Z,2026-09-11T09:17:07+0200,3be851a8-a431-4c75-8fdc-307f16af93c6,2026-09-10T17:30:00Z,2026-09-10T19:30:00+0200,346.5,MW,DK1,DK_1,forecast_offshore_wind_generation,Wind Offshore,2026-09-11T07:19:22Z
2026-09-11T07:17:07Z,2026-09-11T09:17:07+0200,3be851a8-a431-4c75-8fdc-307f16af93c6,2026-09-10T17:45:00Z,2026-09-10T19:45:00+0200,350.5,MW,DK1,DK_1,forecast_offshore_wind_generation,Wind Offshore,2026-09-11T07:19:22Z
2026-09-11T07:17:07Z,2026-09-11T09:17:07+0200,3be851a8-a431-4c75-8fdc-307f16af93c6,2026-09-10T18:00:00Z,2026-09-10T20:00:00+0200,355.833333,MW,DK1,DK_1,forecast_offshore_wind_generation,Wind Offshore,2026-09-11T07:19:22Z
2026-09-11T07:17:07Z,2026-09-11T09:17:07+0200,3be851a8-a431-4c75-8fdc-307f16af93c6,2026-09-10T18:15:00Z,2026-09-10T20:15:00+0200,365.0,MW,DK1,DK_1,forecast_offshore_wind_generation,Wind Offshore,2026-09-11T07:19:22Z
2026-09-11T07:17:07Z,2026-09-11T09:17:07+0200,3be851a8-a431-4c75-8fdc-307f16af93c6,2026-09-10T18:30:00Z,2026-09-10T20:30:00+0200,375.833333,MW,DK1,DK_1,forecast_offshore_wind_generation,Wind Offshore,2026-09-11T07:19:22Z
2026-09-11T07:17:07Z,2026-09-11T09:17:07+0200,3be851a8-a431-4c75-8fdc-307f16af93c6,2026-09-10T18:45:00Z,2026-09-10T20:45:00+0200,386.166666,MW,DK1,DK_1,forecast_offshore_wind_generation,Wind Offshore,2026-09-11T07:19:22Z
2026-09-11T07:17:07Z,2026-09-11T09:17:07+0200,3be851a8-a431-4c75-8fdc-307f16af93c6,2026-09-10T19:00:00Z,2026-09-10T21:00:00+0200,393.666666,MW,DK1,DK_1,forecast_offshore_wind_generation,Wind Offshore,2026-09-11T07:19:22Z
2026-09-11T07:17:07Z,2026-09-11T09:17:07+0200,3be851a8-a431-4c75-8fdc-307f16af93c6,2026-09-10T19:15:00Z,2026-09-10T21:15:00+0200,401.666666,MW,DK1,DK_1,forecast_offshore_wind_generation,Wind Offshore,2026-09-11T07:19:22Z
2026-09-11T07:17:07Z,2026-09-11T09:17:07+0200,3be851a8-a431-4c75-8fdc-307f16af93c6,2026-09-10T19:30:00Z,2026-09-10T21:30:00+0200,409.833333,MW,DK1,DK_1,forecast_offshore_wind_generation,Wind Offshore,2026-09-11T07:19:22Z
2026-09-11T07:17:07Z,2026-09-11T09:17:07+0200,3be851a8-a431-4c75-8fdc-307f16af93c6,2026-09-10T19:45:00Z,2026-09-10T21:45:00+0200,417.0,MW,DK1,DK_1,forecast_offshore_wind_generation,Wind Offshore,2026-09-11T07:19:22Z
2026-09-11T07:17:07Z,2026-09-11T09:17:07+0200,3be851a8-a431-4c75-8fdc-307f16af93c6,2026-09-10T20:00:00Z,2026-09-10T22:00:00+0200,424.666666,MW,DK1,DK_1,forecast_offshore_wind_generation,Wind Offshore,2026-09-11T07:19:22Z
2026-09-11T07:17:07Z,2026-09-11T09:17:07+0200,3be851a8-a431-4c75-8fdc-307f16af93c6,2026-09-10T20:15:00Z,2026-09-10T22:15:00+0200,433.5,MW,DK1,DK_1,forecast_offshore_wind_generation,Wind Offshore,2026-09-11T07:19:22Z
2026-09-11T07:17:07Z,2026-09-11T09:17:07+0200,3be851a8-a431-4c75-8fdc-307f16af93c6,2026-09-10T20:30:00Z,2026-09-10T22:30:00+0200,443.333333,MW,DK1,DK_1,forecast_offshore_wind_generation,Wind Offshore,2026-09-11T07:19:22Z
2026-09-11T07:17:07Z,2026-09-11T09:17:07+0200,3be851a8-a431-4c75-8fdc-307f16af93c6,2026-09-10T20:45:00Z,2026-09-10T22:45:00+0200,452.833333,MW,DK1,DK_1,forecast_offshore_wind_generation,Wind Offshore,2026-09-11T07:19:22Z
2026-09-11T07:17:07Z,2026-09-11T09:17:07+0200,3be851a8-a431-4c75-8fdc-307f16af93c6,2026-09-10T21:00:00Z,2026-09-10T23:00:00+0200,462.333333,MW,DK1,DK_1,forecast_offshore_wind_generation,Wind Offshore,2026-09-11T07:19:22Z
2026-09-11T07:17:07Z,2026-09-11T09:17:07+0200,3be851a8-a431-4c75-8fdc-307f16af93c6,2026-09-10T21:15:00Z,2026-09-10T23:15:00+0200,477.166666,MW,DK1,DK_1,forecast_offshore_wind_generation,Wind Offshore,2026-09-11T07:19:22Z
2026-09-11T07:17:07Z,2026-09-11T09:17:07+0200,3be851a8-a431-4c75-8fdc-307f16af93c6,2026-09-10T21:30:00Z,2026-09-10T23:30:00+0200,496.333333,MW,DK1,DK_1,forecast_offshore_wind_generation,Wind Offshore,2026-09-11T07:19:22Z
2026-09-11T07:17:07Z,2026-09-11T09:17:07+0200,3be851a8-a431-4c75-8fdc-307f16af93c6,2026-09-10T21:45:00Z,2026-09-10T23:45:00+0200,515.0,MW,DK1,DK_1,forecast_offshore_wind_generation,Wind Offshore,2026-09-11T07:19:22Z
2026-09-11T07:17:07Z,2026-09-11T09:17:07+0200,3be851a8-a431-4c75-8fdc-307f16af93c6,2026-09-10T22:00:00Z,2026-09-11T00:00:00+0200,579.333333,MW,DK1,DK_1,forecast_offshore_wind_generation,Wind Offshore,2026-09-11T07:19:22Z
2026-09-11T07:17:07Z,2026-09-11T09:17:07+0200,3be851a8-a431-4c75-8fdc-307f16af93c6,2026-09-10T22:15:00Z,2026-09-11T00:15:00+0200,593.333333,MW,DK1,DK_1,forecast_offshore_wind_generation,Wind Offshore,2026-09-11T07:19:22Z
2026-09-11T07:17:07Z,2026-09-11T09:17:07+0200,3be851a8-a431-4c75-8fdc-307f16af93c6,2026-09-10T22:30:00Z,2026-09-11T00:30:00+0200,606.0,MW,DK1,DK_1,forecast_offshore_wind_generation,Wind Offshore,2026-09-11T07:19:22Z
2026-09-11T07:17:07Z,2026-09-11T09:17:07+0200,3be851a8-a431-4c75-8fdc-307f16af93c6,2026-09-10T22:45:00Z,2026-09-11T00:45:00+0200,618.833333,MW,DK1,DK_1,forecast_offshore_wind_generation,Wind Offshore,2026-09-11T07:19:22Z
2026-09-11T07:17:07Z,2026-09-11T09:17:07+0200,3be851a8-a431-4c75-8fdc-307f16af93c6,2026-09-10T23:00:00Z,2026-09-11T01:00:00+0200,631.0,MW,DK1,DK_1,forecast_offshore_wind_generation,Wind Offshore,2026-09-11T07:19:22Z
2026-09-11T07:17:07Z,2026-09-11T09:17:07+0200,3be851a8-a431-4c75-8fdc-307f16af93c6,2026-09-10T23:15:00Z,2026-09-11T01:15:00+0200,643.833333,MW,DK1,DK_1,forecast_offshore_wind_generation,Wind Offshore,2026-09-11T07:19:22Z
2026-09-11T07:17:07Z,2026-09-11T09:17:07+0200,3be851a8-a431-4c75-8fdc-307f16af93c6,2026-09-10T23:30:00Z,2026-09-11T01:30:00+0200,656.166666,MW,DK1,DK_1,forecast_offshore_wind_generation,Wind Offshore,2026-09-11T07:19:22Z
2026-09-11T07:17:07Z,2026-09-11T09:17:07+0200,3be851a8-a431-4c75-8fdc-307f16af93c6,2026-09-10T23:45:00Z,2026-09-11T01:45:00+0200,664.5,MW,DK1,DK_1,forecast_offshore_wind_generation,Wind Offshore,2026-09-11T07:19:22Z
2026-09-11T07:17:07Z,2026-09-11T09:17:07+0200,3be851a8-a431-4c75-8fdc-307f16af93c6,2026-09-11T00:00:00Z,2026-09-11T02:00:00+0200,673.166666,MW,DK1,DK_1,forecast_offshore_wind_generation,Wind Offshore,2026-09-11T07:19:22Z
2026-09-11T07:17:07Z,2026-09-11T09:17:07+0200,3be851a8-a431-4c75-8fdc-307f16af93c6,2026-09-11T00:15:00Z,2026-09-11T02:15:00+0200,686.166666,MW,DK1,DK_1,forecast_offshore_wind_generation,Wind Offshore,2026-09-11T07:19:22Z
2026-09-11T07:17:07Z,2026-09-11T09:17:07+0200,3be851a8-a431-4c75-8fdc-307f16af93c6,2026-09-11T00:30:00Z,2026-09-11T02:30:00+0200,700.833333,MW,DK1,DK_1,forecast_offshore_wind_generation,Wind Offshore,2026-09-11T07:19:22Z
2026-09-11T07:17:07Z,2026-09-11T09:17:07+0200,3be851a8-a431-4c75-8fdc-307f16af93c6,2026-09-11T00:45:00Z,2026-09-11T02:45:00+0200,712.166666,MW,DK1,DK_1,forecast_offshore_wind_generation,Wind Offshore,2026-09-11T07:19:22Z
2026-09-11T07:17:07Z,2026-09-11T09:17:07+0200,3be851a8-a431-4c75-8fdc-307f16af93c6,2026-09-11T01:00:00Z,2026-09-11T03:00:00+0200,719.833333,MW,DK1,DK_1,forecast_offshore_wind_generation,Wind Offshore,2026-09-11T07:19:22Z
2026-09-11T07:17:07Z,2026-09-11T09:17:07+0200,3be851a8-a431-4c75-8fdc-307f16af93c6,2026-09-11T01:15:00Z,2026-09-11T03:15:00+0200,727.333333,MW,DK1,DK_1,forecast_offshore_wind_generation,Wind Offshore,2026-09-11T07:19:22Z
2026-09-11T07:17:07Z,2026-09-11T09:17:07+0200,3be851a8-a431-4c75-8fdc-307f16af93c6,2026-09-11T01:30:00Z,2026-09-11T03:30:00+0200,733.166666,MW,DK1,DK_1,forecast_offshore_wind_generation,Wind Offshore,2026-09-11T07:19:22Z
2026-09-11T07:17:07Z,2026-09-11T09:17:07+0200,3be851a8-a431-4c75-8fdc-307f16af93c6,2026-09-11T01:45:00Z,2026-09-11T03:45:00+0200,738.333333,MW,DK1,DK_1,forecast_offshore_wind_generation,Wind Offshore,2026-09-11T07:19:22Z
2026-09-11T07:17:07Z,2026-09-11T09:17:07+0200,3be851a8-a431-4c75-8fdc-307f16af93c6,2026-09-11T02:00:00Z,2026-09-11T04:00:00+0200,742.166666,MW,DK1,DK_1,forecast_offshore_wind_generation,Wind Offshore,2026-09-11T07:19:22Z
2026-09-11T07:17:07Z,2026-09-11T09:17:07+0200,3be851a8-a431-4c75-8fdc-307f16af93c6,2026-09-11T02:15:00Z,2026-09-11T04:15:00+0200,747.5,MW,DK1,DK_1,forecast_offshore_wind_generation,Wind Offshore,2026-09-11T07:19:22Z
2026-09-11T07:17:07Z,2026-09-11T09:17:07+0200,3be851a8-a431-4c75-8fdc-307f16af93c6,2026-09-11T02:30:00Z,2026-09-11T04:30:00+0200,753.0,MW,DK1,DK_1,forecast_offshore_wind_generation,Wind Offshore,2026-09-11T07:19:22Z
2026-09-11T07:17:07Z,2026-09-11T09:17:07+0200,3be851a8-a431-4c75-8fdc-307f16af93c6,2026-09-11T02:45:00Z,2026-09-11T04:45:00+0200,759.833333,MW,DK1,DK_1,forecast_offshore_wind_generation,Wind Offshore,2026-09-11T07:19:22Z
2026-09-11T07:17:07Z,2026-09-11T09:17:07+0200,3be851a8-a431-4c75-8fdc-307f16af93c6,2026-09-11T03:00:00Z,2026-09-11T05:00:00+0200,766.5,MW,DK1,DK_1,forecast_offshore_wind_generation,Wind Offshore,2026-09-11T07:19:22Z
2026-09-11T07:17:07Z,2026-09-11T09:17:07+0200,3be851a8-a431-4c75-8fdc-307f16af93c6,2026-09-11T03:15:00Z,2026-09-11T05:15:00+0200,774.333333,MW,DK1,DK_1,forecast_offshore_wind_generation,Wind Offshore,2026-09-11T07:19:22Z
2026-09-11T07:17:07Z,2026-09-11T09:17:07+0200,3be851a8-a431-4c75-8fdc-307f16af93c6,2026-09-11T03:30:00Z,2026-09-11T05:30:00+0200,782.0,MW,DK1,DK_1,forecast_offshore_wind_generation,Wind Offshore,2026-09-11T07:19:22Z
2026-09-11T07:17:07Z,2026-09-11T09:17:07+0200,3be851a8-a431-4c75-8fdc-307f16af93c6,2026-09-11T03:45:00Z,2026-09-11T05:45:00+0200,788.833333,MW,DK1,DK_1,forecast_offshore_wind_generation,Wind Offshore,2026-09-11T07:19:22Z
2026-09-11T07:17:07Z,2026-09-11T09:17:07+0200,3be851a8-a431-4c75-8fdc-307f16af93c6,2026-09-11T04:00:00Z,2026-09-11T06:00:00+0200,793.333333,MW,DK1,DK_1,forecast_offshore_wind_generation,Wind Offshore,2026-09-11T07:19:22Z
2026-09-11T07:17:07Z,2026-09-11T09:17:07+0200,3be851a8-a431-4c75-8fdc-307f16af93c6,2026-09-11T04:15:00Z,2026-09-11T06:15:00+0200,796.333333,MW,DK1,DK_1,forecast_offshore_wind_generation,Wind Offshore,2026-09-11T07:19:22Z
2026-09-11T07:17:07Z,2026-09-11T09:17:07+0200,3be851a8-a431-4c75-8fdc-307f16af93c6,2026-09-11T04:30:00Z,2026-09-11T06:30:00+0200,798.333333,MW,DK1,DK_1,forecast_offshore_wind_generation,Wind Offshore,2026-09-11T07:19:22Z
2026-09-11T07:17:07Z,2026-09-11T09:17:07+0200,3be851a8-a431-4c75-8fdc-307f16af93c6,2026-09-11T04:45:00Z,2026-09-11T06:45:00+0200,799.833333,MW,DK1,DK_1,forecast_offshore_wind_generation,Wind Offshore,2026-09-11T07:19:22Z
2026-09-11T07:17:07Z,2026-09-11T09:17:07+0200,3be851a8-a431-4c75-8fdc-307f16af93c6,2026-09-11T05:00:00Z,2026-09-11T07:00:00+0200,802.0,MW,DK1,DK_1,forecast_offshore_wind_generation,Wind Offshore,2026-09-11T07:19:22Z
2026-09-11T07:17:07Z,2026-09-11T09:17:07+0200,3be851a8-a431-4c75-8fdc-307f16af93c6,2026-09-11T05:15:00Z,2026-09-11T07:15:00+0200,806.166666,MW,DK1,DK_1,forecast_offshore_wind_generation,Wind Offshore,2026-09-11T07:19:22Z
2026-09-11T07:17:07Z,2026-09-11T09:17:07+0200,3be851a8-a431-4c75-8fdc-307f16af93c6,2026-09-11T05:30:00Z,2026-09-11T07:30:00+0200,812.0,MW,DK1,DK_1,forecast_offshore_wind_generation,Wind Offshore,2026-09-11T07:19:22Z
2026-09-11T07:17:07Z,2026-09-11T09:17:07+0200,3be851a8-a431-4c75-8fdc-307f16af93c6,2026-09-11T05:45:00Z,2026-09-11T07:45:00+0200,817.5,MW,DK1,DK_1,forecast_offshore_wind_generation,Wind Offshore,2026-09-11T07:19:22Z
2026-09-11T07:17:07Z,2026-09-11T09:17:07+0200,3be851a8-a431-4c75-8fdc-307f16af93c6,2026-09-11T06:00:00Z,2026-09-11T08:00:00+0200,823.5,MW,DK1,DK_1,forecast_offshore_wind_generation,Wind Offshore,2026-09-11T07:19:22Z
2026-09-11T07:17:07Z,2026-09-11T09:17:07+0200,3be851a8-a431-4c75-8fdc-307f16af93c6,2026-09-11T06:15:00Z,2026-09-11T08:15:00+0200,831.0,MW,DK1,DK_1,forecast_offshore_wind_generation,Wind Offshore,2026-09-11T07:19:22Z
2026-09-11T07:17:07Z,2026-09-11T09:17:07+0200,3be851a8-a431-4c75-8fdc-307f16af93c6,2026-09-11T06:30:00Z,2026-09-11T08:30:00+0200,839.0,MW,DK1,DK_1,forecast_offshore_wind_generation,Wind Offshore,2026-09-11T07:19:22Z
2026-09-11T07:17:07Z,2026-09-11T09:17:07+0200,3be851a8-a431-4c75-8fdc-307f16af93c6,2026-09-11T06:45:00Z,2026-09-11T08:45:00+0200,846.0,MW,DK1,DK_1,forecast_offshore_wind_generation,Wind Offshore,2026-09-11T07:19:22Z
2026-09-11T07:17:07Z,2026-09-11T09:17:07+0200,3be851a8-a431-4c75-8fdc-307f16af93c6,2026-09-11T07:00:00Z,2026-09-11T09:00:00+0200,851.5,MW,DK1,DK_1,forecast_offshore_wind_generation,Wind Offshore,2026-09-11T07:19:22Z
2026-09-11T07:17:07Z,2026-09-11T09:17:07+0200,3be851a8-a431-4c75-8fdc-307f16af93c6,2026-09-11T07:15:00Z,2026-09-11T09:15:00+0200,856.0,MW,DK1,DK_1,forecast_offshore_wind_generation,Wind Offshore,2026-09-11T07:19:22Z
2026-09-11T07:17:07Z,2026-09-11T09:17:07+0200,3be851a8-a431-4c75-8fdc-307f16af93c6,2026-09-11T07:30:00Z,2026-09-11T09:30:00+0200,860.0,MW,DK1,DK_1,forecast_offshore_wind_generation,Wind Offshore,2026-09-11T07:19:22Z
2026-09-11T07:17:07Z,2026-09-11T09:17:07+0200,3be851a8-a431-4c75-8fdc-307f16af93c6,2026-09-11T08:00:00Z,2026-09-11T10:00:00+0200,866.0,MW,DK1,DK_1,forecast_offshore_wind_generation,Wind Offshore,2026-09-11T07:19:34Z
2026-09-11T07:17:07Z,2026-09-11T09:17:07+0200,3be851a8-a431-4c75-8fdc-307f16af93c6,2026-09-11T08:15:00Z,2026-09-11T10:15:00+0200,868.0,MW,DK1,DK_1,forecast_offshore_wind_generation,Wind Offshore,2026-09-11T07:19:34Z
2026-09-11T07:17:07Z,2026-09-11T09:17:07+0200,3be851a8-a431-4c75-8fdc-307f16af93c6,2026-09-11T08:30:00Z,2026-09-11T10:30:00+0200,869.5,MW,DK1,DK_1,forecast_offshore_wind_generation,Wind Offshore,2026-09-11T07:19:34Z
2026-09-11T07:17:07Z,2026-09-11T09:17:07+0200,3be851a8-a431-4c75-8fdc-307f16af93c6,2026-09-11T08:45:00Z,2026-09-11T10:45:00+0200,869.833333,MW,DK1,DK_1,forecast_offshore_wind_generation,Wind Offshore,2026-09-11T07:19:34Z
2026-09-11T07:17:07Z,2026-09-11T09:17:07+0200,3be851a8-a431-4c75-8fdc-307f16af93c6,2026-09-11T09:00:00Z,2026-09-11T11:00:00+0200,866.833333,MW,DK1,DK_1,forecast_offshore_wind_generation,Wind Offshore,2026-09-11T07:19:34Z
2026-09-11T07:17:07Z,2026-09-11T09:17:07+0200,3be851a8-a431-4c75-8fdc-307f16af93c6,2026-09-11T09:15:00Z,2026-09-11T11:15:00+0200,860.166666,MW,DK1,DK_1,forecast_offshore_wind_generation,Wind Offshore,2026-09-11T07:19:34Z
2026-09-11T07:17:07Z,2026-09-11T09:17:07+0200,3be851a8-a431-4c75-8fdc-307f16af93c6,2026-09-11T09:30:00Z,2026-09-11T11:30:00+0200,848.833333,MW,DK1,DK_1,forecast_offshore_wind_generation,Wind Offshore,2026-09-11T07:19:34Z
2026-09-11T07:17:07Z,2026-09-11T09:17:07+0200,3be851a8-a431-4c75-8fdc-307f16af93c6,2026-09-11T09:45:00Z,2026-09-11T11:45:00+0200,834.0,MW,DK1,DK_1,forecast_offshore_wind_generation,Wind Offshore,2026-09-11T07:19:34Z
2026-09-11T07:17:07Z,2026-09-11T09:17:07+0200,3be851a8-a431-4c75-8fdc-307f16af93c6,2026-09-11T10:00:00Z,2026-09-11T12:00:00+0200,817.5,MW,DK1,DK_1,forecast_offshore_wind_generation,Wind Offshore,2026-09-11T07:19:34Z
2026-09-11T07:17:07Z,2026-09-11T09:17:07+0200,3be851a8-a431-4c75-8fdc-307f16af93c6,2026-09-11T10:15:00Z,2026-09-11T12:15:00+0200,797.333333,MW,DK1,DK_1,forecast_offshore_wind_generation,Wind Offshore,2026-09-11T07:19:34Z
2026-09-11T07:17:07Z,2026-09-11T09:17:07+0200,3be851a8-a431-4c75-8fdc-307f16af93c6,2026-09-11T10:30:00Z,2026-09-11T12:30:00+0200,766.5,MW,DK1,DK_1,forecast_offshore_wind_generation,Wind Offshore,2026-09-11T07:19:34Z
2026-09-11T07:17:07Z,2026-09-11T09:17:07+0200,3be851a8-a431-4c75-8fdc-307f16af93c6,2026-09-11T10:45:00Z,2026-09-11T12:45:00+0200,732.333333,MW,DK1,DK_1,forecast_offshore_wind_generation,Wind Offshore,2026-09-11T07:19:34Z
2026-09-11T07:17:07Z,2026-09-11T09:17:07+0200,3be851a8-a431-4c75-8fdc-307f16af93c6,2026-09-11T11:00:00Z,2026-09-11T13:00:00+0200,700.0,MW,DK1,DK_1,forecast_offshore_wind_generation,Wind Offshore,2026-09-11T07:19:34Z
2026-09-11T07:17:07Z,2026-09-11T09:17:07+0200,3be851a8-a431-4c75-8fdc-307f16af93c6,2026-09-11T11:15:00Z,2026-09-11T13:15:00+0200,661.0,MW,DK1,DK_1,forecast_offshore_wind_generation,Wind Offshore,2026-09-11T07:19:34Z
2026-09-11T07:17:07Z,2026-09-11T09:17:07+0200,3be851a8-a431-4c75-8fdc-307f16af93c6,2026-09-11T11:30:00Z,2026-09-11T13:30:00+0200,617.833333,MW,DK1,DK_1,forecast_offshore_wind_generation,Wind Offshore,2026-09-11T07:19:34Z
2026-09-11T07:17:07Z,2026-09-11T09:17:07+0200,3be851a8-a431-4c75-8fdc-307f16af93c6,2026-09-11T11:45:00Z,2026-09-11T13:45:00+0200,580.5,MW,DK1,DK_1,forecast_offshore_wind_generation,Wind Offshore,2026-09-11T07:19:34Z
2026-09-11T07:17:07Z,2026-09-11T09:17:07+0200,3be851a8-a431-4c75-8fdc-307f16af93c6,2026-09-11T12:00:00Z,2026-09-11T14:00:00+0200,554.666666,MW,DK1,DK_1,forecast_offshore_wind_generation,Wind Offshore,2026-09-11T07:19:34Z
2026-09-11T07:17:07Z,2026-09-11T09:17:07+0200,3be851a8-a431-4c75-8fdc-307f16af93c6,2026-09-11T12:15:00Z,2026-09-11T14:15:00+0200,534.5,MW,DK1,DK_1,forecast_offshore_wind_generation,Wind Offshore,2026-09-11T07:19:34Z
2026-09-11T07:17:07Z,2026-09-11T09:17:07+0200,3be851a8-a431-4c75-8fdc-307f16af93c6,2026-09-11T12:30:00Z,2026-09-11T14:30:00+0200,516.166666,MW,DK1,DK_1,forecast_offshore_wind_generation,Wind Offshore,2026-09-11T07:19:34Z
2026-09-11T07:17:07Z,2026-09-11T09:17:07+0200,3be851a8-a431-4c75-8fdc-307f16af93c6,2026-09-11T12:45:00Z,2026-09-11T14:45:00+0200,500.833333,MW,DK1,DK_1,forecast_offshore_wind_generation,Wind Offshore,2026-09-11T07:19:34Z
2026-09-11T07:17:07Z,2026-09-11T09:17:07+0200,3be851a8-a431-4c75-8fdc-307f16af93c6,2026-09-11T13:00:00Z,2026-09-11T15:00:00+0200,489.166666,MW,DK1,DK_1,forecast_offshore_wind_generation,Wind Offshore,2026-09-11T07:19:34Z
2026-09-11T07:17:07Z,2026-09-11T09:17:07+0200,3be851a8-a431-4c75-8fdc-307f16af93c6,2026-09-11T13:15:00Z,2026-09-11T15:15:00+0200,480.0,MW,DK1,DK_1,forecast_offshore_wind_generation,Wind Offshore,2026-09-11T07:19:34Z
2026-09-11T07:17:07Z,2026-09-11T09:17:07+0200,3be851a8-a431-4c75-8fdc-307f16af93c6,2026-09-11T13:30:00Z,2026-09-11T15:30:00+0200,472.0,MW,DK1,DK_1,forecast_offshore_wind_generation,Wind Offshore,2026-09-11T07:19:34Z
2026-09-11T07:17:07Z,2026-09-11T09:17:07+0200,3be851a8-a431-4c75-8fdc-307f16af93c6,2026-09-11T13:45:00Z,2026-09-11T15:45:00+0200,465.0,MW,DK1,DK_1,forecast_offshore_wind_generation,Wind Offshore,2026-09-11T07:19:34Z
2026-09-11T07:17:07Z,2026-09-11T09:17:07+0200,3be851a8-a431-4c75-8fdc-307f16af93c6,2026-09-11T14:00:00Z,2026-09-11T16:00:00+0200,458.833333,MW,DK1,DK_1,forecast_offshore_wind_generation,Wind Offshore,2026-09-11T07:19:34Z
2026-09-11T07:17:07Z,2026-09-11T09:17:07+0200,3be851a8-a431-4c75-8fdc-307f16af93c6,2026-09-11T14:15:00Z,2026-09-11T16:15:00+0200,451.0,MW,DK1,DK_1,forecast_offshore_wind_generation,Wind Offshore,2026-09-11T07:19:34Z
2026-09-11T07:17:07Z,2026-09-11T09:17:07+0200,3be851a8-a431-4c75-8fdc-307f16af93c6,2026-09-11T14:30:00Z,2026-09-11T16:30:00+0200,443.5,MW,DK1,DK_1,forecast_offshore_wind_generation,Wind Offshore,2026-09-11T07:19:34Z
2026-09-11T07:17:07Z,2026-09-11T09:17:07+0200,3be851a8-a431-4c75-8fdc-307f16af93c6,2026-09-11T14:45:00Z,2026-09-11T16:45:00+0200,437.5,MW,DK1,DK_1,forecast_offshore_wind_generation,Wind Offshore,2026-09-11T07:19:34Z
2026-09-11T07:17:07Z,2026-09-11T09:17:07+0200,3be851a8-a431-4c75-8fdc-307f16af93c6,2026-09-11T15:00:00Z,2026-09-11T17:00:00+0200,434.5,MW,DK1,DK_1,forecast_offshore_wind_generation,Wind Offshore,2026-09-11T07:19:34Z
2026-09-11T07:17:07Z,2026-09-11T09:17:07+0200,3be851a8-a431-4c75-8fdc-307f16af93c6,2026-09-11T15:15:00Z,2026-09-11T17:15:00+0200,434.166666,MW,DK1,DK_1,forecast_offshore_wind_generation,Wind Offshore,2026-09-11T07:19:34Z
2026-09-11T07:17:07Z,2026-09-11T09:17:07+0200,3be851a8-a431-4c75-8fdc-307f16af93c6,2026-09-11T15:30:00Z,2026-09-11T17:30:00+0200,435.166666,MW,DK1,DK_1,forecast_offshore_wind_generation,Wind Offshore,2026-09-11T07:19:34Z
2026-09-11T07:17:07Z,2026-09-11T09:17:07+0200,3be851a8-a431-4c75-8fdc-307f16af93c6,2026-09-11T15:45:00Z,2026-09-11T17:45:00+0200,435.833333,MW,DK1,DK_1,forecast_offshore_wind_generation,Wind Offshore,2026-09-11T07:19:34Z
2026-09-11T07:17:07Z,2026-09-11T09:17:07+0200,3be851a8-a431-4c75-8fdc-307f16af93c6,2026-09-11T16:00:00Z,2026-09-11T18:00:00+0200,433.0,MW,DK1,DK_1,forecast_offshore_wind_generation,Wind Offshore,2026-09-11T07:19:34Z
2026-09-11T07:17:07Z,2026-09-11T09:17:07+0200,3be851a8-a431-4c75-8fdc-307f16af93c6,2026-09-11T16:15:00Z,2026-09-11T18:15:00+0200,428.5,MW,DK1,DK_1,forecast_offshore_wind_generation,Wind Offshore,2026-09-11T07:19:34Z
2026-09-11T07:17:07Z,2026-09-11T09:17:07+0200,3be851a8-a431-4c75-8fdc-307f16af93c6,2026-09-11T16:30:00Z,2026-09-11T18:30:00+0200,423.5,MW,DK1,DK_1,forecast_offshore_wind_generation,Wind Offshore,2026-09-11T07:19:34Z
2026-09-11T07:17:07Z,2026-09-11T09:17:07+0200,3be851a8-a431-4c75-8fdc-307f16af93c6,2026-09-11T16:45:00Z,2026-09-11T18:45:00+0200,420.0,MW,DK1,DK_1,forecast_offshore_wind_generation,Wind Offshore,2026-09-11T07:19:34Z
2026-09-11T07:17:07Z,2026-09-11T09:17:07+0200,3be851a8-a431-4c75-8fdc-307f16af93c6,2026-09-11T17:00:00Z,2026-09-11T19:00:00+0200,420.0,MW,DK1,DK_1,forecast_offshore_wind_generation,Wind Offshore,2026-09-11T07:19:34Z
2026-09-11T07:17:07Z,2026-09-11T09:17:07+0200,3be851a8-a431-4c75-8fdc-307f16af93c6,2026-09-11T17:15:00Z,2026-09-11T19:15:00+0200,423.166666,MW,DK1,DK_1,forecast_offshore_wind_generation,Wind Offshore,2026-09-11T07:19:34Z
2026-09-11T07:17:07Z,2026-09-11T09:17:07+0200,3be851a8-a431-4c75-8fdc-307f16af93c6,2026-09-11T17:30:00Z,2026-09-11T19:30:00+0200,428.0,MW,DK1,DK_1,forecast_offshore_wind_generation,Wind Offshore,2026-09-11T07:19:34Z
2026-09-11T07:17:07Z,2026-09-11T09:17:07+0200,3be851a8-a431-4c75-8fdc-307f16af93c6,2026-09-11T17:45:00Z,2026-09-11T19:45:00+0200,432.166666,MW,DK1,DK_1,forecast_offshore_wind_generation,Wind Offshore,2026-09-11T07:19:34Z
2026-09-11T07:17:07Z,2026-09-11T09:17:07+0200,3be851a8-a431-4c75-8fdc-307f16af93c6,2026-09-11T18:00:00Z,2026-09-11T20:00:00+0200,432.333333,MW,DK1,DK_1,forecast_offshore_wind_generation,Wind Offshore,2026-09-11T07:19:34Z
2026-09-11T07:17:07Z,2026-09-11T09:17:07+0200,3be851a8-a431-4c75-8fdc-307f16af93c6,2026-09-11T18:15:00Z,2026-09-11T20:15:00+0200,426.5,MW,DK1,DK_1,forecast_offshore_wind_generation,Wind Offshore,2026-09-11T07:19:34Z
2026-09-11T07:17:07Z,2026-09-11T09:17:07+0200,3be851a8-a431-4c75-8fdc-307f16af93c6,2026-09-11T18:30:00Z,2026-09-11T20:30:00+0200,416.166666,MW,DK1,DK_1,forecast_offshore_wind_generation,Wind Offshore,2026-09-11T07:19:34Z
2026-09-11T07:17:07Z,2026-09-11T09:17:07+0200,3be851a8-a431-4c75-8fdc-307f16af93c6,2026-09-11T18:45:00Z,2026-09-11T20:45:00+0200,405.666666,MW,DK1,DK_1,forecast_offshore_wind_generation,Wind Offshore,2026-09-11T07:19:34Z
2026-09-11T07:17:07Z,2026-09-11T09:17:07+0200,3be851a8-a431-4c75-8fdc-307f16af93c6,2026-09-11T19:00:00Z,2026-09-11T21:00:00+0200,396.333333,MW,DK1,DK_1,forecast_offshore_wind_generation,Wind Offshore,2026-09-11T07:19:34Z
2026-09-11T07:17:07Z,2026-09-11T09:17:07+0200,3be851a8-a431-4c75-8fdc-307f16af93c6,2026-09-11T19:15:00Z,2026-09-11T21:15:00+0200,384.5,MW,DK1,DK_1,forecast_offshore_wind_generation,Wind Offshore,2026-09-11T07:19:34Z
2026-09-11T07:17:07Z,2026-09-11T09:17:07+0200,3be851a8-a431-4c75-8fdc-307f16af93c6,2026-09-11T19:30:00Z,2026-09-11T21:30:00+0200,372.5,MW,DK1,DK_1,forecast_offshore_wind_generation,Wind Offshore,2026-09-11T07:19:34Z
2026-09-11T07:17:07Z,2026-09-11T09:17:07+0200,3be851a8-a431-4c75-8fdc-307f16af93c6,2026-09-11T19:45:00Z,2026-09-11T21:45:00+0200,361.833333,MW,DK1,DK_1,forecast_offshore_wind_generation,Wind Offshore,2026-09-11T07:19:34Z
2026-09-11T07:17:07Z,2026-09-11T09:17:07+0200,3be851a8-a431-4c75-8fdc-307f16af93c6,2026-09-11T20:00:00Z,2026-09-11T22:00:00+0200,355.666666,MW,DK1,DK_1,forecast_offshore_wind_generation,Wind Offshore,2026-09-11T07:19:34Z
2026-09-11T07:17:07Z,2026-09-11T09:17:07+0200,3be851a8-a431-4c75-8fdc-307f16af93c6,2026-09-11T20:15:00Z,2026-09-11T22:15:00+0200,353.0,MW,DK1,DK_1,forecast_offshore_wind_generation,Wind Offshore,2026-09-11T07:19:34Z
2026-09-11T07:17:07Z,2026-09-11T09:17:07+0200,3be851a8-a431-4c75-8fdc-307f16af93c6,2026-09-11T20:30:00Z,2026-09-11T22:30:00+0200,351.5,MW,DK1,DK_1,forecast_offshore_wind_generation,Wind Offshore,2026-09-11T07:19:34Z
2026-09-11T07:17:07Z,2026-09-11T09:17:07+0200,3be851a8-a431-4c75-8fdc-307f16af93c6,2026-09-11T20:45:00Z,2026-09-11T22:45:00+0200,349.5,MW,DK1,DK_1,forecast_offshore_wind_generation,Wind Offshore,2026-09-11T07:19:34Z
2026-09-11T07:17:07Z,2026-09-11T09:17:07+0200,3be851a8-a431-4c75-8fdc-307f16af93c6,2026-09-11T21:00:00Z,2026-09-11T23:00:00+0200,345.5,MW,DK1,DK_1,forecast_offshore_wind_generation,Wind Offshore,2026-09-11T07:19:34Z
2026-09-11T07:17:07Z,2026-09-11T09:17:07+0200,3be851a8-a431-4c75-8fdc-307f16af93c6,2026-09-11T21:15:00Z,2026-09-11T23:15:00+0200,341.333333,MW,DK1,DK_1,forecast_offshore_wind_generation,Wind Offshore,2026-09-11T07:19:34Z
2026-09-11T07:17:07Z,2026-09-11T09:17:07+0200,3be851a8-a431-4c75-8fdc-307f16af93c6,2026-09-11T21:30:00Z,2026-09-11T23:30:00+0200,336.0,MW,DK1,DK_1,forecast_offshore_wind_generation,Wind Offshore,2026-09-11T07:19:34Z
2026-09-11T07:17:07Z,2026-09-11T09:17:07+0200,3be851a8-a431-4c75-8fdc-307f16af93c6,2026-09-11T21:45:00Z,2026-09-11T23:45:00+0200,329.333333,MW,DK1,DK_1,forecast_offshore_wind_generation,Wind Offshore,2026-09-11T07:19:34Z
