collection_time_utc,collection_time_local,run_id,timestamp_utc,timestamp_local,value,unit,country,entsoe_area,variable,source,updated_at_utc
2026-09-06T21:22:29Z,2026-09-06T23:22:29+0200,2db8738e-a56d-43e2-b7bc-ed1f775845d2,2026-08-30T22:00:00Z,2026-08-31T00:00:00+0200,0.799559,MW,DK1,DK_1,actual_solar_generation,Solar,2026-09-06T21:23:11Z
2026-09-06T21:22:29Z,2026-09-06T23:22:29+0200,2db8738e-a56d-43e2-b7bc-ed1f775845d2,2026-08-30T22:15:00Z,2026-08-31T00:15:00+0200,0.47162,MW,DK1,DK_1,actual_solar_generation,Solar,2026-09-06T21:23:11Z
2026-09-06T21:22:29Z,2026-09-06T23:22:29+0200,2db8738e-a56d-43e2-b7bc-ed1f775845d2,2026-08-30T22:30:00Z,2026-08-31T00:30:00+0200,0.413197,MW,DK1,DK_1,actual_solar_generation,Solar,2026-09-06T21:23:11Z
2026-09-06T21:22:29Z,2026-09-06T23:22:29+0200,2db8738e-a56d-43e2-b7bc-ed1f775845d2,2026-08-30T22:45:00Z,2026-08-31T00:45:00+0200,0.533538,MW,DK1,DK_1,actual_solar_generation,Solar,2026-09-06T21:23:11Z
2026-09-06T21:22:29Z,2026-09-06T23:22:29+0200,2db8738e-a56d-43e2-b7bc-ed1f775845d2,2026-08-30T23:00:00Z,2026-08-31T01:00:00+0200,0.552385,MW,DK1,DK_1,actual_solar_generation,Solar,2026-09-06T21:23:11Z
2026-09-06T21:22:29Z,2026-09-06T23:22:29+0200,2db8738e-a56d-43e2-b7bc-ed1f775845d2,2026-08-30T23:15:00Z,2026-08-31T01:15:00+0200,0.562052,MW,DK1,DK_1,actual_solar_generation,Solar,2026-09-06T21:23:11Z
2026-09-06T21:22:29Z,2026-09-06T23:22:29+0200,2db8738e-a56d-43e2-b7bc-ed1f775845d2,2026-08-30T23:30:00Z,2026-08-31T01:30:00+0200,0.537274,MW,DK1,DK_1,actual_solar_generation,Solar,2026-09-06T21:23:11Z
2026-09-06T21:22:29Z,2026-09-06T23:22:29+0200,2db8738e-a56d-43e2-b7bc-ed1f775845d2,2026-08-30T23:45:00Z,2026-08-31T01:45:00+0200,0.416246,MW,DK1,DK_1,actual_solar_generation,Solar,2026-09-06T21:23:11Z
2026-09-06T21:22:29Z,2026-09-06T23:22:29+0200,2db8738e-a56d-43e2-b7bc-ed1f775845d2,2026-08-31T00:00:00Z,2026-08-31T02:00:00+0200,0.481736,MW,DK1,DK_1,actual_solar_generation,Solar,2026-09-06T21:23:11Z
2026-09-06T21:22:29Z,2026-09-06T23:22:29+0200,2db8738e-a56d-43e2-b7bc-ed1f775845d2,2026-08-31T00:15:00Z,2026-08-31T02:15:00+0200,0.512249,MW,DK1,DK_1,actual_solar_generation,Solar,2026-09-06T21:23:11Z
2026-09-06T21:22:29Z,2026-09-06T23:22:29+0200,2db8738e-a56d-43e2-b7bc-ed1f775845d2,2026-08-31T00:30:00Z,2026-08-31T02:30:00+0200,0.518975,MW,DK1,DK_1,actual_solar_generation,Solar,2026-09-06T21:23:11Z
2026-09-06T21:22:29Z,2026-09-06T23:22:29+0200,2db8738e-a56d-43e2-b7bc-ed1f775845d2,2026-08-31T00:45:00Z,2026-08-31T02:45:00+0200,0.543359,MW,DK1,DK_1,actual_solar_generation,Solar,2026-09-06T21:23:11Z
2026-09-06T21:22:29Z,2026-09-06T23:22:29+0200,2db8738e-a56d-43e2-b7bc-ed1f775845d2,2026-08-31T01:00:00Z,2026-08-31T03:00:00+0200,0.546714,MW,DK1,DK_1,actual_solar_generation,Solar,2026-09-06T21:23:11Z
2026-09-06T21:22:29Z,2026-09-06T23:22:29+0200,2db8738e-a56d-43e2-b7bc-ed1f775845d2,2026-08-31T01:15:00Z,2026-08-31T03:15:00+0200,0.575081,MW,DK1,DK_1,actual_solar_generation,Solar,2026-09-06T21:23:11Z
2026-09-06T21:22:29Z,2026-09-06T23:22:29+0200,2db8738e-a56d-43e2-b7bc-ed1f775845d2,2026-08-31T01:30:00Z,2026-08-31T03:30:00+0200,0.536232,MW,DK1,DK_1,actual_solar_generation,Solar,2026-09-06T21:23:11Z
2026-09-06T21:22:29Z,2026-09-06T23:22:29+0200,2db8738e-a56d-43e2-b7bc-ed1f775845d2,2026-08-31T01:45:00Z,2026-08-31T03:45:00+0200,0.531658,MW,DK1,DK_1,actual_solar_generation,Solar,2026-09-06T21:23:11Z
2026-09-06T21:22:29Z,2026-09-06T23:22:29+0200,2db8738e-a56d-43e2-b7bc-ed1f775845d2,2026-08-31T02:00:00Z,2026-08-31T04:00:00+0200,0.534876,MW,DK1,DK_1,actual_solar_generation,Solar,2026-09-06T21:23:11Z
2026-09-06T21:22:29Z,2026-09-06T23:22:29+0200,2db8738e-a56d-43e2-b7bc-ed1f775845d2,2026-08-31T02:15:00Z,2026-08-31T04:15:00+0200,0.515755,MW,DK1,DK_1,actual_solar_generation,Solar,2026-09-06T21:23:11Z
2026-09-06T21:22:29Z,2026-09-06T23:22:29+0200,2db8738e-a56d-43e2-b7bc-ed1f775845d2,2026-08-31T02:30:00Z,2026-08-31T04:30:00+0200,0.538834,MW,DK1,DK_1,actual_solar_generation,Solar,2026-09-06T21:23:11Z
2026-09-06T21:22:29Z,2026-09-06T23:22:29+0200,2db8738e-a56d-43e2-b7bc-ed1f775845d2,2026-08-31T02:45:00Z,2026-08-31T04:45:00+0200,0.522257,MW,DK1,DK_1,actual_solar_generation,Solar,2026-09-06T21:23:11Z
2026-09-06T21:22:29Z,2026-09-06T23:22:29+0200,2db8738e-a56d-43e2-b7bc-ed1f775845d2,2026-08-31T03:00:00Z,2026-08-31T05:00:00+0200,0.438599,MW,DK1,DK_1,actual_solar_generation,Solar,2026-09-06T21:23:11Z
2026-09-06T21:22:29Z,2026-09-06T23:22:29+0200,2db8738e-a56d-43e2-b7bc-ed1f775845d2,2026-08-31T03:15:00Z,2026-08-31T05:15:00+0200,0.503274,MW,DK1,DK_1,actual_solar_generation,Solar,2026-09-06T21:23:11Z
2026-09-06T21:22:29Z,2026-09-06T23:22:29+0200,2db8738e-a56d-43e2-b7bc-ed1f775845d2,2026-08-31T03:30:00Z,2026-08-31T05:30:00+0200,0.530392,MW,DK1,DK_1,actual_solar_generation,Solar,2026-09-06T21:23:11Z
2026-09-06T21:22:29Z,2026-09-06T23:22:29+0200,2db8738e-a56d-43e2-b7bc-ed1f775845d2,2026-08-31T03:45:00Z,2026-08-31T05:45:00+0200,0.933397,MW,DK1,DK_1,actual_solar_generation,Solar,2026-09-06T21:23:11Z
2026-09-06T21:22:29Z,2026-09-06T23:22:29+0200,2db8738e-a56d-43e2-b7bc-ed1f775845d2,2026-08-31T04:00:00Z,2026-08-31T06:00:00+0200,11.5513,MW,DK1,DK_1,actual_solar_generation,Solar,2026-09-06T21:23:11Z
2026-09-06T21:22:29Z,2026-09-06T23:22:29+0200,2db8738e-a56d-43e2-b7bc-ed1f775845d2,2026-08-31T04:15:00Z,2026-08-31T06:15:00+0200,19.4054,MW,DK1,DK_1,actual_solar_generation,Solar,2026-09-06T21:23:11Z
2026-09-06T21:22:29Z,2026-09-06T23:22:29+0200,2db8738e-a56d-43e2-b7bc-ed1f775845d2,2026-08-31T04:30:00Z,2026-08-31T06:30:00+0200,21.8454,MW,DK1,DK_1,actual_solar_generation,Solar,2026-09-06T21:23:11Z
2026-09-06T21:22:29Z,2026-09-06T23:22:29+0200,2db8738e-a56d-43e2-b7bc-ed1f775845d2,2026-08-31T04:45:00Z,2026-08-31T06:45:00+0200,41.7649,MW,DK1,DK_1,actual_solar_generation,Solar,2026-09-06T21:23:11Z
2026-09-06T21:22:29Z,2026-09-06T23:22:29+0200,2db8738e-a56d-43e2-b7bc-ed1f775845d2,2026-08-31T05:00:00Z,2026-08-31T07:00:00+0200,81.531,MW,DK1,DK_1,actual_solar_generation,Solar,2026-09-06T21:23:11Z
2026-09-06T21:22:29Z,2026-09-06T23:22:29+0200,2db8738e-a56d-43e2-b7bc-ed1f775845d2,2026-08-31T05:15:00Z,2026-08-31T07:15:00+0200,126.583,MW,DK1,DK_1,actual_solar_generation,Solar,2026-09-06T21:23:11Z
2026-09-06T21:22:29Z,2026-09-06T23:22:29+0200,2db8738e-a56d-43e2-b7bc-ed1f775845d2,2026-08-31T05:30:00Z,2026-08-31T07:30:00+0200,165.37,MW,DK1,DK_1,actual_solar_generation,Solar,2026-09-06T21:23:11Z
2026-09-06T21:22:29Z,2026-09-06T23:22:29+0200,2db8738e-a56d-43e2-b7bc-ed1f775845d2,2026-08-31T05:45:00Z,2026-08-31T07:45:00+0200,214.594,MW,DK1,DK_1,actual_solar_generation,Solar,2026-09-06T21:23:11Z
2026-09-06T21:22:29Z,2026-09-06T23:22:29+0200,2db8738e-a56d-43e2-b7bc-ed1f775845d2,2026-08-31T06:00:00Z,2026-08-31T08:00:00+0200,329.479,MW,DK1,DK_1,actual_solar_generation,Solar,2026-09-06T21:23:11Z
2026-09-06T21:22:29Z,2026-09-06T23:22:29+0200,2db8738e-a56d-43e2-b7bc-ed1f775845d2,2026-08-31T06:15:00Z,2026-08-31T08:15:00+0200,426.298,MW,DK1,DK_1,actual_solar_generation,Solar,2026-09-06T21:23:11Z
2026-09-06T21:22:29Z,2026-09-06T23:22:29+0200,2db8738e-a56d-43e2-b7bc-ed1f775845d2,2026-08-31T06:30:00Z,2026-08-31T08:30:00+0200,461.482,MW,DK1,DK_1,actual_solar_generation,Solar,2026-09-06T21:23:11Z
2026-09-06T21:22:29Z,2026-09-06T23:22:29+0200,2db8738e-a56d-43e2-b7bc-ed1f775845d2,2026-08-31T06:45:00Z,2026-08-31T08:45:00+0200,474.683,MW,DK1,DK_1,actual_solar_generation,Solar,2026-09-06T21:23:11Z
2026-09-06T21:22:29Z,2026-09-06T23:22:29+0200,2db8738e-a56d-43e2-b7bc-ed1f775845d2,2026-08-31T07:00:00Z,2026-08-31T09:00:00+0200,552.332,MW,DK1,DK_1,actual_solar_generation,Solar,2026-09-06T21:23:11Z
2026-09-06T21:22:29Z,2026-09-06T23:22:29+0200,2db8738e-a56d-43e2-b7bc-ed1f775845d2,2026-08-31T07:15:00Z,2026-08-31T09:15:00+0200,621.876,MW,DK1,DK_1,actual_solar_generation,Solar,2026-09-06T21:23:11Z
2026-09-06T21:22:29Z,2026-09-06T23:22:29+0200,2db8738e-a56d-43e2-b7bc-ed1f775845d2,2026-08-31T07:30:00Z,2026-08-31T09:30:00+0200,586.069,MW,DK1,DK_1,actual_solar_generation,Solar,2026-09-06T21:23:11Z
2026-09-06T21:22:29Z,2026-09-06T23:22:29+0200,2db8738e-a56d-43e2-b7bc-ed1f775845d2,2026-08-31T07:45:00Z,2026-08-31T09:45:00+0200,502.531,MW,DK1,DK_1,actual_solar_generation,Solar,2026-09-06T21:23:11Z
2026-09-06T21:22:29Z,2026-09-06T23:22:29+0200,2db8738e-a56d-43e2-b7bc-ed1f775845d2,2026-08-31T08:00:00Z,2026-08-31T10:00:00+0200,527.976,MW,DK1,DK_1,actual_solar_generation,Solar,2026-09-06T21:23:11Z
2026-09-06T21:22:29Z,2026-09-06T23:22:29+0200,2db8738e-a56d-43e2-b7bc-ed1f775845d2,2026-08-31T08:15:00Z,2026-08-31T10:15:00+0200,481.672,MW,DK1,DK_1,actual_solar_generation,Solar,2026-09-06T21:23:11Z
2026-09-06T21:22:29Z,2026-09-06T23:22:29+0200,2db8738e-a56d-43e2-b7bc-ed1f775845d2,2026-08-31T08:30:00Z,2026-08-31T10:30:00+0200,540.769,MW,DK1,DK_1,actual_solar_generation,Solar,2026-09-06T21:23:11Z
2026-09-06T21:22:29Z,2026-09-06T23:22:29+0200,2db8738e-a56d-43e2-b7bc-ed1f775845d2,2026-08-31T08:45:00Z,2026-08-31T10:45:00+0200,656.078,MW,DK1,DK_1,actual_solar_generation,Solar,2026-09-06T21:23:11Z
2026-09-06T21:22:29Z,2026-09-06T23:22:29+0200,2db8738e-a56d-43e2-b7bc-ed1f775845d2,2026-08-31T09:00:00Z,2026-08-31T11:00:00+0200,664.727,MW,DK1,DK_1,actual_solar_generation,Solar,2026-09-06T21:23:11Z
2026-09-06T21:22:29Z,2026-09-06T23:22:29+0200,2db8738e-a56d-43e2-b7bc-ed1f775845d2,2026-08-31T09:15:00Z,2026-08-31T11:15:00+0200,634.643,MW,DK1,DK_1,actual_solar_generation,Solar,2026-09-06T21:23:11Z
2026-09-06T21:22:29Z,2026-09-06T23:22:29+0200,2db8738e-a56d-43e2-b7bc-ed1f775845d2,2026-08-31T09:30:00Z,2026-08-31T11:30:00+0200,903.009,MW,DK1,DK_1,actual_solar_generation,Solar,2026-09-06T21:23:11Z
2026-09-06T21:22:29Z,2026-09-06T23:22:29+0200,2db8738e-a56d-43e2-b7bc-ed1f775845d2,2026-08-31T09:45:00Z,2026-08-31T11:45:00+0200,903.821,MW,DK1,DK_1,actual_solar_generation,Solar,2026-09-06T21:23:11Z
2026-09-06T21:22:29Z,2026-09-06T23:22:29+0200,2db8738e-a56d-43e2-b7bc-ed1f775845d2,2026-08-31T10:00:00Z,2026-08-31T12:00:00+0200,829.849,MW,DK1,DK_1,actual_solar_generation,Solar,2026-09-06T21:23:11Z
2026-09-06T21:22:29Z,2026-09-06T23:22:29+0200,2db8738e-a56d-43e2-b7bc-ed1f775845d2,2026-08-31T10:15:00Z,2026-08-31T12:15:00+0200,1014.49,MW,DK1,DK_1,actual_solar_generation,Solar,2026-09-06T21:23:11Z
2026-09-06T21:22:29Z,2026-09-06T23:22:29+0200,2db8738e-a56d-43e2-b7bc-ed1f775845d2,2026-08-31T10:30:00Z,2026-08-31T12:30:00+0200,1113.38,MW,DK1,DK_1,actual_solar_generation,Solar,2026-09-06T21:23:11Z
2026-09-06T21:22:29Z,2026-09-06T23:22:29+0200,2db8738e-a56d-43e2-b7bc-ed1f775845d2,2026-08-31T10:45:00Z,2026-08-31T12:45:00+0200,956.409,MW,DK1,DK_1,actual_solar_generation,Solar,2026-09-06T21:23:11Z
2026-09-06T21:22:29Z,2026-09-06T23:22:29+0200,2db8738e-a56d-43e2-b7bc-ed1f775845d2,2026-08-31T11:00:00Z,2026-08-31T13:00:00+0200,900.514,MW,DK1,DK_1,actual_solar_generation,Solar,2026-09-06T21:23:11Z
2026-09-06T21:22:29Z,2026-09-06T23:22:29+0200,2db8738e-a56d-43e2-b7bc-ed1f775845d2,2026-08-31T11:15:00Z,2026-08-31T13:15:00+0200,968.883,MW,DK1,DK_1,actual_solar_generation,Solar,2026-09-06T21:23:11Z
2026-09-06T21:22:29Z,2026-09-06T23:22:29+0200,2db8738e-a56d-43e2-b7bc-ed1f775845d2,2026-08-31T11:30:00Z,2026-08-31T13:30:00+0200,938.354,MW,DK1,DK_1,actual_solar_generation,Solar,2026-09-06T21:23:11Z
2026-09-06T21:22:29Z,2026-09-06T23:22:29+0200,2db8738e-a56d-43e2-b7bc-ed1f775845d2,2026-08-31T11:45:00Z,2026-08-31T13:45:00+0200,999.831,MW,DK1,DK_1,actual_solar_generation,Solar,2026-09-06T21:23:11Z
2026-09-06T21:22:29Z,2026-09-06T23:22:29+0200,2db8738e-a56d-43e2-b7bc-ed1f775845d2,2026-08-31T12:00:00Z,2026-08-31T14:00:00+0200,1384.33,MW,DK1,DK_1,actual_solar_generation,Solar,2026-09-06T21:23:11Z
2026-09-06T21:22:29Z,2026-09-06T23:22:29+0200,2db8738e-a56d-43e2-b7bc-ed1f775845d2,2026-08-31T12:15:00Z,2026-08-31T14:15:00+0200,1276.05,MW,DK1,DK_1,actual_solar_generation,Solar,2026-09-06T21:23:11Z
2026-09-06T21:22:29Z,2026-09-06T23:22:29+0200,2db8738e-a56d-43e2-b7bc-ed1f775845d2,2026-08-31T12:30:00Z,2026-08-31T14:30:00+0200,1221.58,MW,DK1,DK_1,actual_solar_generation,Solar,2026-09-06T21:23:11Z
2026-09-06T21:22:29Z,2026-09-06T23:22:29+0200,2db8738e-a56d-43e2-b7bc-ed1f775845d2,2026-08-31T12:45:00Z,2026-08-31T14:45:00+0200,1072.05,MW,DK1,DK_1,actual_solar_generation,Solar,2026-09-06T21:23:11Z
2026-09-06T21:22:29Z,2026-09-06T23:22:29+0200,2db8738e-a56d-43e2-b7bc-ed1f775845d2,2026-08-31T13:00:00Z,2026-08-31T15:00:00+0200,1149.22,MW,DK1,DK_1,actual_solar_generation,Solar,2026-09-06T21:23:11Z
2026-09-06T21:22:29Z,2026-09-06T23:22:29+0200,2db8738e-a56d-43e2-b7bc-ed1f775845d2,2026-08-31T13:15:00Z,2026-08-31T15:15:00+0200,1035.91,MW,DK1,DK_1,actual_solar_generation,Solar,2026-09-06T21:23:11Z
2026-09-06T21:22:29Z,2026-09-06T23:22:29+0200,2db8738e-a56d-43e2-b7bc-ed1f775845d2,2026-08-31T13:30:00Z,2026-08-31T15:30:00+0200,923.998,MW,DK1,DK_1,actual_solar_generation,Solar,2026-09-06T21:23:11Z
2026-09-06T21:22:29Z,2026-09-06T23:22:29+0200,2db8738e-a56d-43e2-b7bc-ed1f775845d2,2026-08-31T13:45:00Z,2026-08-31T15:45:00+0200,995.903,MW,DK1,DK_1,actual_solar_generation,Solar,2026-09-06T21:23:11Z
2026-09-06T21:22:29Z,2026-09-06T23:22:29+0200,2db8738e-a56d-43e2-b7bc-ed1f775845d2,2026-08-31T14:00:00Z,2026-08-31T16:00:00+0200,935.613,MW,DK1,DK_1,actual_solar_generation,Solar,2026-09-06T21:23:11Z
2026-09-06T21:22:29Z,2026-09-06T23:22:29+0200,2db8738e-a56d-43e2-b7bc-ed1f775845d2,2026-08-31T14:15:00Z,2026-08-31T16:15:00+0200,924.658,MW,DK1,DK_1,actual_solar_generation,Solar,2026-09-06T21:23:11Z
2026-09-06T21:22:29Z,2026-09-06T23:22:29+0200,2db8738e-a56d-43e2-b7bc-ed1f775845d2,2026-08-31T14:30:00Z,2026-08-31T16:30:00+0200,934.393,MW,DK1,DK_1,actual_solar_generation,Solar,2026-09-06T21:23:11Z
2026-09-06T21:22:29Z,2026-09-06T23:22:29+0200,2db8738e-a56d-43e2-b7bc-ed1f775845d2,2026-08-31T14:45:00Z,2026-08-31T16:45:00+0200,1264.76,MW,DK1,DK_1,actual_solar_generation,Solar,2026-09-06T21:23:11Z
2026-09-06T21:22:29Z,2026-09-06T23:22:29+0200,2db8738e-a56d-43e2-b7bc-ed1f775845d2,2026-08-31T15:00:00Z,2026-08-31T17:00:00+0200,1087.91,MW,DK1,DK_1,actual_solar_generation,Solar,2026-09-06T21:23:11Z
2026-09-06T21:22:29Z,2026-09-06T23:22:29+0200,2db8738e-a56d-43e2-b7bc-ed1f775845d2,2026-08-31T15:15:00Z,2026-08-31T17:15:00+0200,1009.5,MW,DK1,DK_1,actual_solar_generation,Solar,2026-09-06T21:23:11Z
2026-09-06T21:22:29Z,2026-09-06T23:22:29+0200,2db8738e-a56d-43e2-b7bc-ed1f775845d2,2026-08-31T15:30:00Z,2026-08-31T17:30:00+0200,977.287,MW,DK1,DK_1,actual_solar_generation,Solar,2026-09-06T21:23:11Z
2026-09-06T21:22:29Z,2026-09-06T23:22:29+0200,2db8738e-a56d-43e2-b7bc-ed1f775845d2,2026-08-31T15:45:00Z,2026-08-31T17:45:00+0200,846.563,MW,DK1,DK_1,actual_solar_generation,Solar,2026-09-06T21:23:11Z
2026-09-06T21:22:29Z,2026-09-06T23:22:29+0200,2db8738e-a56d-43e2-b7bc-ed1f775845d2,2026-08-31T16:00:00Z,2026-08-31T18:00:00+0200,699.375,MW,DK1,DK_1,actual_solar_generation,Solar,2026-09-06T21:23:11Z
2026-09-06T21:22:29Z,2026-09-06T23:22:29+0200,2db8738e-a56d-43e2-b7bc-ed1f775845d2,2026-08-31T16:15:00Z,2026-08-31T18:15:00+0200,573.937,MW,DK1,DK_1,actual_solar_generation,Solar,2026-09-06T21:23:11Z
2026-09-06T21:22:29Z,2026-09-06T23:22:29+0200,2db8738e-a56d-43e2-b7bc-ed1f775845d2,2026-08-31T16:30:00Z,2026-08-31T18:30:00+0200,473.172,MW,DK1,DK_1,actual_solar_generation,Solar,2026-09-06T21:23:11Z
2026-09-06T21:22:29Z,2026-09-06T23:22:29+0200,2db8738e-a56d-43e2-b7bc-ed1f775845d2,2026-08-31T16:45:00Z,2026-08-31T18:45:00+0200,378.596,MW,DK1,DK_1,actual_solar_generation,Solar,2026-09-06T21:23:11Z
2026-09-06T21:22:29Z,2026-09-06T23:22:29+0200,2db8738e-a56d-43e2-b7bc-ed1f775845d2,2026-08-31T17:00:00Z,2026-08-31T19:00:00+0200,373.413,MW,DK1,DK_1,actual_solar_generation,Solar,2026-09-06T21:23:11Z
2026-09-06T21:22:29Z,2026-09-06T23:22:29+0200,2db8738e-a56d-43e2-b7bc-ed1f775845d2,2026-08-31T17:15:00Z,2026-08-31T19:15:00+0200,259.524,MW,DK1,DK_1,actual_solar_generation,Solar,2026-09-06T21:23:11Z
2026-09-06T21:22:29Z,2026-09-06T23:22:29+0200,2db8738e-a56d-43e2-b7bc-ed1f775845d2,2026-08-31T17:30:00Z,2026-08-31T19:30:00+0200,178.666,MW,DK1,DK_1,actual_solar_generation,Solar,2026-09-06T21:23:11Z
2026-09-06T21:22:29Z,2026-09-06T23:22:29+0200,2db8738e-a56d-43e2-b7bc-ed1f775845d2,2026-08-31T17:45:00Z,2026-08-31T19:45:00+0200,93.3018,MW,DK1,DK_1,actual_solar_generation,Solar,2026-09-06T21:23:11Z
2026-09-06T21:22:29Z,2026-09-06T23:22:29+0200,2db8738e-a56d-43e2-b7bc-ed1f775845d2,2026-08-31T18:00:00Z,2026-08-31T20:00:00+0200,70.0819,MW,DK1,DK_1,actual_solar_generation,Solar,2026-09-06T21:23:11Z
2026-09-06T21:22:29Z,2026-09-06T23:22:29+0200,2db8738e-a56d-43e2-b7bc-ed1f775845d2,2026-08-31T18:15:00Z,2026-08-31T20:15:00+0200,45.8038,MW,DK1,DK_1,actual_solar_generation,Solar,2026-09-06T21:23:11Z
2026-09-06T21:22:29Z,2026-09-06T23:22:29+0200,2db8738e-a56d-43e2-b7bc-ed1f775845d2,2026-08-31T18:30:00Z,2026-08-31T20:30:00+0200,76.4873,MW,DK1,DK_1,actual_solar_generation,Solar,2026-09-06T21:23:11Z
2026-09-06T21:22:29Z,2026-09-06T23:22:29+0200,2db8738e-a56d-43e2-b7bc-ed1f775845d2,2026-08-31T18:45:00Z,2026-08-31T20:45:00+0200,36.3744,MW,DK1,DK_1,actual_solar_generation,Solar,2026-09-06T21:23:11Z
2026-09-06T21:22:29Z,2026-09-06T23:22:29+0200,2db8738e-a56d-43e2-b7bc-ed1f775845d2,2026-08-31T19:00:00Z,2026-08-31T21:00:00+0200,57.0286,MW,DK1,DK_1,actual_solar_generation,Solar,2026-09-06T21:23:11Z
2026-09-06T21:22:29Z,2026-09-06T23:22:29+0200,2db8738e-a56d-43e2-b7bc-ed1f775845d2,2026-08-31T19:15:00Z,2026-08-31T21:15:00+0200,77.3669,MW,DK1,DK_1,actual_solar_generation,Solar,2026-09-06T21:23:11Z
2026-09-06T21:22:29Z,2026-09-06T23:22:29+0200,2db8738e-a56d-43e2-b7bc-ed1f775845d2,2026-08-31T19:30:00Z,2026-08-31T21:30:00+0200,53.6806,MW,DK1,DK_1,actual_solar_generation,Solar,2026-09-06T21:23:11Z
2026-09-06T21:22:29Z,2026-09-06T23:22:29+0200,2db8738e-a56d-43e2-b7bc-ed1f775845d2,2026-08-31T19:45:00Z,2026-08-31T21:45:00+0200,50.3773,MW,DK1,DK_1,actual_solar_generation,Solar,2026-09-06T21:23:11Z
2026-09-06T21:22:29Z,2026-09-06T23:22:29+0200,2db8738e-a56d-43e2-b7bc-ed1f775845d2,2026-08-31T20:00:00Z,2026-08-31T22:00:00+0200,21.0055,MW,DK1,DK_1,actual_solar_generation,Solar,2026-09-06T21:23:11Z
2026-09-06T21:22:29Z,2026-09-06T23:22:29+0200,2db8738e-a56d-43e2-b7bc-ed1f775845d2,2026-08-31T20:15:00Z,2026-08-31T22:15:00+0200,0.718857,MW,DK1,DK_1,actual_solar_generation,Solar,2026-09-06T21:23:11Z
2026-09-06T21:22:29Z,2026-09-06T23:22:29+0200,2db8738e-a56d-43e2-b7bc-ed1f775845d2,2026-08-31T20:30:00Z,2026-08-31T22:30:00+0200,0.742044,MW,DK1,DK_1,actual_solar_generation,Solar,2026-09-06T21:23:11Z
2026-09-06T21:22:29Z,2026-09-06T23:22:29+0200,2db8738e-a56d-43e2-b7bc-ed1f775845d2,2026-08-31T20:45:00Z,2026-08-31T22:45:00+0200,0.653077,MW,DK1,DK_1,actual_solar_generation,Solar,2026-09-06T21:23:11Z
2026-09-06T21:22:29Z,2026-09-06T23:22:29+0200,2db8738e-a56d-43e2-b7bc-ed1f775845d2,2026-08-31T21:00:00Z,2026-08-31T23:00:00+0200,0.649064,MW,DK1,DK_1,actual_solar_generation,Solar,2026-09-06T21:23:11Z
2026-09-06T21:22:29Z,2026-09-06T23:22:29+0200,2db8738e-a56d-43e2-b7bc-ed1f775845d2,2026-08-31T21:15:00Z,2026-08-31T23:15:00+0200,0.59875,MW,DK1,DK_1,actual_solar_generation,Solar,2026-09-06T21:23:11Z
2026-09-06T21:22:29Z,2026-09-06T23:22:29+0200,2db8738e-a56d-43e2-b7bc-ed1f775845d2,2026-08-31T21:30:00Z,2026-08-31T23:30:00+0200,0.455457,MW,DK1,DK_1,actual_solar_generation,Solar,2026-09-06T21:23:11Z
2026-09-06T21:22:29Z,2026-09-06T23:22:29+0200,2db8738e-a56d-43e2-b7bc-ed1f775845d2,2026-08-31T21:45:00Z,2026-08-31T23:45:00+0200,0.393462,MW,DK1,DK_1,actual_solar_generation,Solar,2026-09-06T21:23:11Z
2026-09-06T21:22:29Z,2026-09-06T23:22:29+0200,2db8738e-a56d-43e2-b7bc-ed1f775845d2,2026-08-31T22:00:00Z,2026-09-01T00:00:00+0200,0.443983,MW,DK1,DK_1,actual_solar_generation,Solar,2026-09-06T21:23:11Z
2026-09-06T21:22:29Z,2026-09-06T23:22:29+0200,2db8738e-a56d-43e2-b7bc-ed1f775845d2,2026-08-31T22:15:00Z,2026-09-01T00:15:00+0200,0.534716,MW,DK1,DK_1,actual_solar_generation,Solar,2026-09-06T21:23:11Z
2026-09-06T21:22:29Z,2026-09-06T23:22:29+0200,2db8738e-a56d-43e2-b7bc-ed1f775845d2,2026-08-31T22:30:00Z,2026-09-01T00:30:00+0200,0.483704,MW,DK1,DK_1,actual_solar_generation,Solar,2026-09-06T21:23:11Z
2026-09-06T21:22:29Z,2026-09-06T23:22:29+0200,2db8738e-a56d-43e2-b7bc-ed1f775845d2,2026-08-31T22:45:00Z,2026-09-01T00:45:00+0200,0.501269,MW,DK1,DK_1,actual_solar_generation,Solar,2026-09-06T21:23:11Z
2026-09-06T21:22:29Z,2026-09-06T23:22:29+0200,2db8738e-a56d-43e2-b7bc-ed1f775845d2,2026-08-31T23:00:00Z,2026-09-01T01:00:00+0200,0.51609,MW,DK1,DK_1,actual_solar_generation,Solar,2026-09-06T21:23:11Z
2026-09-06T21:22:29Z,2026-09-06T23:22:29+0200,2db8738e-a56d-43e2-b7bc-ed1f775845d2,2026-08-31T23:15:00Z,2026-09-01T01:15:00+0200,0.538316,MW,DK1,DK_1,actual_solar_generation,Solar,2026-09-06T21:23:11Z
2026-09-06T21:22:29Z,2026-09-06T23:22:29+0200,2db8738e-a56d-43e2-b7bc-ed1f775845d2,2026-08-31T23:30:00Z,2026-09-01T01:30:00+0200,0.542417,MW,DK1,DK_1,actual_solar_generation,Solar,2026-09-06T21:23:11Z
2026-09-06T21:22:29Z,2026-09-06T23:22:29+0200,2db8738e-a56d-43e2-b7bc-ed1f775845d2,2026-08-31T23:45:00Z,2026-09-01T01:45:00+0200,0.476234,MW,DK1,DK_1,actual_solar_generation,Solar,2026-09-06T21:23:11Z
2026-09-06T21:22:29Z,2026-09-06T23:22:29+0200,2db8738e-a56d-43e2-b7bc-ed1f775845d2,2026-09-01T00:00:00Z,2026-09-01T02:00:00+0200,0.454546,MW,DK1,DK_1,actual_solar_generation,Solar,2026-09-06T21:23:11Z
2026-09-06T21:22:29Z,2026-09-06T23:22:29+0200,2db8738e-a56d-43e2-b7bc-ed1f775845d2,2026-09-01T00:15:00Z,2026-09-01T02:15:00+0200,0.641464,MW,DK1,DK_1,actual_solar_generation,Solar,2026-09-06T21:23:11Z
2026-09-06T21:22:29Z,2026-09-06T23:22:29+0200,2db8738e-a56d-43e2-b7bc-ed1f775845d2,2026-09-01T00:30:00Z,2026-09-01T02:30:00+0200,0.59287,MW,DK1,DK_1,actual_solar_generation,Solar,2026-09-06T21:23:11Z
2026-09-06T21:22:29Z,2026-09-06T23:22:29+0200,2db8738e-a56d-43e2-b7bc-ed1f775845d2,2026-09-01T00:45:00Z,2026-09-01T02:45:00+0200,0.616182,MW,DK1,DK_1,actual_solar_generation,Solar,2026-09-06T21:23:11Z
2026-09-06T21:22:29Z,2026-09-06T23:22:29+0200,2db8738e-a56d-43e2-b7bc-ed1f775845d2,2026-09-01T01:00:00Z,2026-09-01T03:00:00+0200,0.622356,MW,DK1,DK_1,actual_solar_generation,Solar,2026-09-06T21:23:11Z
2026-09-06T21:22:29Z,2026-09-06T23:22:29+0200,2db8738e-a56d-43e2-b7bc-ed1f775845d2,2026-09-01T01:15:00Z,2026-09-01T03:15:00+0200,0.562952,MW,DK1,DK_1,actual_solar_generation,Solar,2026-09-06T21:23:11Z
2026-09-06T21:22:29Z,2026-09-06T23:22:29+0200,2db8738e-a56d-43e2-b7bc-ed1f775845d2,2026-09-01T01:30:00Z,2026-09-01T03:30:00+0200,0.518723,MW,DK1,DK_1,actual_solar_generation,Solar,2026-09-06T21:23:11Z
2026-09-06T21:22:29Z,2026-09-06T23:22:29+0200,2db8738e-a56d-43e2-b7bc-ed1f775845d2,2026-09-01T01:45:00Z,2026-09-01T03:45:00+0200,0.633976,MW,DK1,DK_1,actual_solar_generation,Solar,2026-09-06T21:23:11Z
2026-09-06T21:22:29Z,2026-09-06T23:22:29+0200,2db8738e-a56d-43e2-b7bc-ed1f775845d2,2026-09-01T02:00:00Z,2026-09-01T04:00:00+0200,0.578025,MW,DK1,DK_1,actual_solar_generation,Solar,2026-09-06T21:23:11Z
2026-09-06T21:22:29Z,2026-09-06T23:22:29+0200,2db8738e-a56d-43e2-b7bc-ed1f775845d2,2026-09-01T02:15:00Z,2026-09-01T04:15:00+0200,0.588104,MW,DK1,DK_1,actual_solar_generation,Solar,2026-09-06T21:23:11Z
2026-09-06T21:22:29Z,2026-09-06T23:22:29+0200,2db8738e-a56d-43e2-b7bc-ed1f775845d2,2026-09-01T02:30:00Z,2026-09-01T04:30:00+0200,0.817687,MW,DK1,DK_1,actual_solar_generation,Solar,2026-09-06T21:23:11Z
2026-09-06T21:22:29Z,2026-09-06T23:22:29+0200,2db8738e-a56d-43e2-b7bc-ed1f775845d2,2026-09-01T02:45:00Z,2026-09-01T04:45:00+0200,0.617076,MW,DK1,DK_1,actual_solar_generation,Solar,2026-09-06T21:23:11Z
2026-09-06T21:22:29Z,2026-09-06T23:22:29+0200,2db8738e-a56d-43e2-b7bc-ed1f775845d2,2026-09-01T03:00:00Z,2026-09-01T05:00:00+0200,0.584783,MW,DK1,DK_1,actual_solar_generation,Solar,2026-09-06T21:23:11Z
2026-09-06T21:22:29Z,2026-09-06T23:22:29+0200,2db8738e-a56d-43e2-b7bc-ed1f775845d2,2026-09-01T03:15:00Z,2026-09-01T05:15:00+0200,0.549886,MW,DK1,DK_1,actual_solar_generation,Solar,2026-09-06T21:23:11Z
2026-09-06T21:22:29Z,2026-09-06T23:22:29+0200,2db8738e-a56d-43e2-b7bc-ed1f775845d2,2026-09-01T03:30:00Z,2026-09-01T05:30:00+0200,0.429545,MW,DK1,DK_1,actual_solar_generation,Solar,2026-09-06T21:23:11Z
2026-09-06T21:22:29Z,2026-09-06T23:22:29+0200,2db8738e-a56d-43e2-b7bc-ed1f775845d2,2026-09-01T03:45:00Z,2026-09-01T05:45:00+0200,0.467875,MW,DK1,DK_1,actual_solar_generation,Solar,2026-09-06T21:23:11Z
2026-09-06T21:22:29Z,2026-09-06T23:22:29+0200,2db8738e-a56d-43e2-b7bc-ed1f775845d2,2026-09-01T04:00:00Z,2026-09-01T06:00:00+0200,4.09861,MW,DK1,DK_1,actual_solar_generation,Solar,2026-09-06T21:23:11Z
2026-09-06T21:22:29Z,2026-09-06T23:22:29+0200,2db8738e-a56d-43e2-b7bc-ed1f775845d2,2026-09-01T04:15:00Z,2026-09-01T06:15:00+0200,5.67684,MW,DK1,DK_1,actual_solar_generation,Solar,2026-09-06T21:23:11Z
2026-09-06T21:22:29Z,2026-09-06T23:22:29+0200,2db8738e-a56d-43e2-b7bc-ed1f775845d2,2026-09-01T04:30:00Z,2026-09-01T06:30:00+0200,27.0168,MW,DK1,DK_1,actual_solar_generation,Solar,2026-09-06T21:23:11Z
2026-09-06T21:22:29Z,2026-09-06T23:22:29+0200,2db8738e-a56d-43e2-b7bc-ed1f775845d2,2026-09-01T04:45:00Z,2026-09-01T06:45:00+0200,59.9339,MW,DK1,DK_1,actual_solar_generation,Solar,2026-09-06T21:23:11Z
2026-09-06T21:22:29Z,2026-09-06T23:22:29+0200,2db8738e-a56d-43e2-b7bc-ed1f775845d2,2026-09-01T05:00:00Z,2026-09-01T07:00:00+0200,82.0469,MW,DK1,DK_1,actual_solar_generation,Solar,2026-09-06T21:23:11Z
2026-09-06T21:22:29Z,2026-09-06T23:22:29+0200,2db8738e-a56d-43e2-b7bc-ed1f775845d2,2026-09-01T05:15:00Z,2026-09-01T07:15:00+0200,153.948,MW,DK1,DK_1,actual_solar_generation,Solar,2026-09-06T21:23:11Z
2026-09-06T21:22:29Z,2026-09-06T23:22:29+0200,2db8738e-a56d-43e2-b7bc-ed1f775845d2,2026-09-01T05:30:00Z,2026-09-01T07:30:00+0200,222.016,MW,DK1,DK_1,actual_solar_generation,Solar,2026-09-06T21:23:11Z
2026-09-06T21:22:29Z,2026-09-06T23:22:29+0200,2db8738e-a56d-43e2-b7bc-ed1f775845d2,2026-09-01T05:45:00Z,2026-09-01T07:45:00+0200,355.455,MW,DK1,DK_1,actual_solar_generation,Solar,2026-09-06T21:23:11Z
2026-09-06T21:22:29Z,2026-09-06T23:22:29+0200,2db8738e-a56d-43e2-b7bc-ed1f775845d2,2026-09-01T06:00:00Z,2026-09-01T08:00:00+0200,489.604,MW,DK1,DK_1,actual_solar_generation,Solar,2026-09-06T21:23:11Z
2026-09-06T21:22:29Z,2026-09-06T23:22:29+0200,2db8738e-a56d-43e2-b7bc-ed1f775845d2,2026-09-01T06:15:00Z,2026-09-01T08:15:00+0200,633.897,MW,DK1,DK_1,actual_solar_generation,Solar,2026-09-06T21:23:11Z
2026-09-06T21:22:29Z,2026-09-06T23:22:29+0200,2db8738e-a56d-43e2-b7bc-ed1f775845d2,2026-09-01T06:30:00Z,2026-09-01T08:30:00+0200,824.272,MW,DK1,DK_1,actual_solar_generation,Solar,2026-09-06T21:23:11Z
2026-09-06T21:22:29Z,2026-09-06T23:22:29+0200,2db8738e-a56d-43e2-b7bc-ed1f775845d2,2026-09-01T06:45:00Z,2026-09-01T08:45:00+0200,1044.69,MW,DK1,DK_1,actual_solar_generation,Solar,2026-09-06T21:23:11Z
2026-09-06T21:22:29Z,2026-09-06T23:22:29+0200,2db8738e-a56d-43e2-b7bc-ed1f775845d2,2026-09-01T07:00:00Z,2026-09-01T09:00:00+0200,1122.55,MW,DK1,DK_1,actual_solar_generation,Solar,2026-09-06T21:23:11Z
2026-09-06T21:22:29Z,2026-09-06T23:22:29+0200,2db8738e-a56d-43e2-b7bc-ed1f775845d2,2026-09-01T07:15:00Z,2026-09-01T09:15:00+0200,1185.38,MW,DK1,DK_1,actual_solar_generation,Solar,2026-09-06T21:23:11Z
2026-09-06T21:22:29Z,2026-09-06T23:22:29+0200,2db8738e-a56d-43e2-b7bc-ed1f775845d2,2026-09-01T07:30:00Z,2026-09-01T09:30:00+0200,1207.95,MW,DK1,DK_1,actual_solar_generation,Solar,2026-09-06T21:23:11Z
2026-09-06T21:22:29Z,2026-09-06T23:22:29+0200,2db8738e-a56d-43e2-b7bc-ed1f775845d2,2026-09-01T07:45:00Z,2026-09-01T09:45:00+0200,1408.03,MW,DK1,DK_1,actual_solar_generation,Solar,2026-09-06T21:23:11Z
2026-09-06T21:22:29Z,2026-09-06T23:22:29+0200,2db8738e-a56d-43e2-b7bc-ed1f775845d2,2026-09-01T08:00:00Z,2026-09-01T10:00:00+0200,1522.82,MW,DK1,DK_1,actual_solar_generation,Solar,2026-09-06T21:23:11Z
2026-09-06T21:22:29Z,2026-09-06T23:22:29+0200,2db8738e-a56d-43e2-b7bc-ed1f775845d2,2026-09-01T08:15:00Z,2026-09-01T10:15:00+0200,1478.94,MW,DK1,DK_1,actual_solar_generation,Solar,2026-09-06T21:23:11Z
2026-09-06T21:22:29Z,2026-09-06T23:22:29+0200,2db8738e-a56d-43e2-b7bc-ed1f775845d2,2026-09-01T08:30:00Z,2026-09-01T10:30:00+0200,1397.12,MW,DK1,DK_1,actual_solar_generation,Solar,2026-09-06T21:23:11Z
2026-09-06T21:22:29Z,2026-09-06T23:22:29+0200,2db8738e-a56d-43e2-b7bc-ed1f775845d2,2026-09-01T08:45:00Z,2026-09-01T10:45:00+0200,1542.76,MW,DK1,DK_1,actual_solar_generation,Solar,2026-09-06T21:23:11Z
2026-09-06T21:22:29Z,2026-09-06T23:22:29+0200,2db8738e-a56d-43e2-b7bc-ed1f775845d2,2026-09-01T09:00:00Z,2026-09-01T11:00:00+0200,1656.19,MW,DK1,DK_1,actual_solar_generation,Solar,2026-09-06T21:23:11Z
2026-09-06T21:22:29Z,2026-09-06T23:22:29+0200,2db8738e-a56d-43e2-b7bc-ed1f775845d2,2026-09-01T09:15:00Z,2026-09-01T11:15:00+0200,1621.5,MW,DK1,DK_1,actual_solar_generation,Solar,2026-09-06T21:23:11Z
2026-09-06T21:22:29Z,2026-09-06T23:22:29+0200,2db8738e-a56d-43e2-b7bc-ed1f775845d2,2026-09-01T09:30:00Z,2026-09-01T11:30:00+0200,1398.96,MW,DK1,DK_1,actual_solar_generation,Solar,2026-09-06T21:23:11Z
2026-09-06T21:22:29Z,2026-09-06T23:22:29+0200,2db8738e-a56d-43e2-b7bc-ed1f775845d2,2026-09-01T09:45:00Z,2026-09-01T11:45:00+0200,1717.53,MW,DK1,DK_1,actual_solar_generation,Solar,2026-09-06T21:23:11Z
2026-09-06T21:22:29Z,2026-09-06T23:22:29+0200,2db8738e-a56d-43e2-b7bc-ed1f775845d2,2026-09-01T10:00:00Z,2026-09-01T12:00:00+0200,1603.09,MW,DK1,DK_1,actual_solar_generation,Solar,2026-09-06T21:23:11Z
2026-09-06T21:22:29Z,2026-09-06T23:22:29+0200,2db8738e-a56d-43e2-b7bc-ed1f775845d2,2026-09-01T10:15:00Z,2026-09-01T12:15:00+0200,1668.33,MW,DK1,DK_1,actual_solar_generation,Solar,2026-09-06T21:23:11Z
2026-09-06T21:22:29Z,2026-09-06T23:22:29+0200,2db8738e-a56d-43e2-b7bc-ed1f775845d2,2026-09-01T10:30:00Z,2026-09-01T12:30:00+0200,1678.82,MW,DK1,DK_1,actual_solar_generation,Solar,2026-09-06T21:23:11Z
2026-09-06T21:22:29Z,2026-09-06T23:22:29+0200,2db8738e-a56d-43e2-b7bc-ed1f775845d2,2026-09-01T10:45:00Z,2026-09-01T12:45:00+0200,1637.07,MW,DK1,DK_1,actual_solar_generation,Solar,2026-09-06T21:23:11Z
2026-09-06T21:22:29Z,2026-09-06T23:22:29+0200,2db8738e-a56d-43e2-b7bc-ed1f775845d2,2026-09-01T11:00:00Z,2026-09-01T13:00:00+0200,1633.47,MW,DK1,DK_1,actual_solar_generation,Solar,2026-09-06T21:23:11Z
2026-09-06T21:22:29Z,2026-09-06T23:22:29+0200,2db8738e-a56d-43e2-b7bc-ed1f775845d2,2026-09-01T11:15:00Z,2026-09-01T13:15:00+0200,1671.17,MW,DK1,DK_1,actual_solar_generation,Solar,2026-09-06T21:23:11Z
2026-09-06T21:22:29Z,2026-09-06T23:22:29+0200,2db8738e-a56d-43e2-b7bc-ed1f775845d2,2026-09-01T11:30:00Z,2026-09-01T13:30:00+0200,1505.39,MW,DK1,DK_1,actual_solar_generation,Solar,2026-09-06T21:23:11Z
2026-09-06T21:22:29Z,2026-09-06T23:22:29+0200,2db8738e-a56d-43e2-b7bc-ed1f775845d2,2026-09-01T11:45:00Z,2026-09-01T13:45:00+0200,1578.9,MW,DK1,DK_1,actual_solar_generation,Solar,2026-09-06T21:23:11Z
2026-09-06T21:22:29Z,2026-09-06T23:22:29+0200,2db8738e-a56d-43e2-b7bc-ed1f775845d2,2026-09-01T12:00:00Z,2026-09-01T14:00:00+0200,1685.95,MW,DK1,DK_1,actual_solar_generation,Solar,2026-09-06T21:23:11Z
2026-09-06T21:22:29Z,2026-09-06T23:22:29+0200,2db8738e-a56d-43e2-b7bc-ed1f775845d2,2026-09-01T12:15:00Z,2026-09-01T14:15:00+0200,1642.65,MW,DK1,DK_1,actual_solar_generation,Solar,2026-09-06T21:23:11Z
2026-09-06T21:22:29Z,2026-09-06T23:22:29+0200,2db8738e-a56d-43e2-b7bc-ed1f775845d2,2026-09-01T12:30:00Z,2026-09-01T14:30:00+0200,1620.76,MW,DK1,DK_1,actual_solar_generation,Solar,2026-09-06T21:23:11Z
2026-09-06T21:22:29Z,2026-09-06T23:22:29+0200,2db8738e-a56d-43e2-b7bc-ed1f775845d2,2026-09-01T12:45:00Z,2026-09-01T14:45:00+0200,1579.11,MW,DK1,DK_1,actual_solar_generation,Solar,2026-09-06T21:23:11Z
2026-09-06T21:22:29Z,2026-09-06T23:22:29+0200,2db8738e-a56d-43e2-b7bc-ed1f775845d2,2026-09-01T13:00:00Z,2026-09-01T15:00:00+0200,1369.99,MW,DK1,DK_1,actual_solar_generation,Solar,2026-09-06T21:23:11Z
2026-09-06T21:22:29Z,2026-09-06T23:22:29+0200,2db8738e-a56d-43e2-b7bc-ed1f775845d2,2026-09-01T13:15:00Z,2026-09-01T15:15:00+0200,1274.01,MW,DK1,DK_1,actual_solar_generation,Solar,2026-09-06T21:23:11Z
2026-09-06T21:22:29Z,2026-09-06T23:22:29+0200,2db8738e-a56d-43e2-b7bc-ed1f775845d2,2026-09-01T13:30:00Z,2026-09-01T15:30:00+0200,1468.68,MW,DK1,DK_1,actual_solar_generation,Solar,2026-09-06T21:23:11Z
2026-09-06T21:22:29Z,2026-09-06T23:22:29+0200,2db8738e-a56d-43e2-b7bc-ed1f775845d2,2026-09-01T13:45:00Z,2026-09-01T15:45:00+0200,1811.02,MW,DK1,DK_1,actual_solar_generation,Solar,2026-09-06T21:23:11Z
2026-09-06T21:22:29Z,2026-09-06T23:22:29+0200,2db8738e-a56d-43e2-b7bc-ed1f775845d2,2026-09-01T14:00:00Z,2026-09-01T16:00:00+0200,1676.47,MW,DK1,DK_1,actual_solar_generation,Solar,2026-09-06T21:23:11Z
2026-09-06T21:22:29Z,2026-09-06T23:22:29+0200,2db8738e-a56d-43e2-b7bc-ed1f775845d2,2026-09-01T14:15:00Z,2026-09-01T16:15:00+0200,1395.98,MW,DK1,DK_1,actual_solar_generation,Solar,2026-09-06T21:23:11Z
2026-09-06T21:22:29Z,2026-09-06T23:22:29+0200,2db8738e-a56d-43e2-b7bc-ed1f775845d2,2026-09-01T14:30:00Z,2026-09-01T16:30:00+0200,1477.79,MW,DK1,DK_1,actual_solar_generation,Solar,2026-09-06T21:23:11Z
2026-09-06T21:22:29Z,2026-09-06T23:22:29+0200,2db8738e-a56d-43e2-b7bc-ed1f775845d2,2026-09-01T14:45:00Z,2026-09-01T16:45:00+0200,1118.44,MW,DK1,DK_1,actual_solar_generation,Solar,2026-09-06T21:23:11Z
2026-09-06T21:22:29Z,2026-09-06T23:22:29+0200,2db8738e-a56d-43e2-b7bc-ed1f775845d2,2026-09-01T15:00:00Z,2026-09-01T17:00:00+0200,1067.84,MW,DK1,DK_1,actual_solar_generation,Solar,2026-09-06T21:23:11Z
2026-09-06T21:22:29Z,2026-09-06T23:22:29+0200,2db8738e-a56d-43e2-b7bc-ed1f775845d2,2026-09-01T15:15:00Z,2026-09-01T17:15:00+0200,890.494,MW,DK1,DK_1,actual_solar_generation,Solar,2026-09-06T21:23:11Z
2026-09-06T21:22:29Z,2026-09-06T23:22:29+0200,2db8738e-a56d-43e2-b7bc-ed1f775845d2,2026-09-01T15:30:00Z,2026-09-01T17:30:00+0200,940.498,MW,DK1,DK_1,actual_solar_generation,Solar,2026-09-06T21:23:11Z
2026-09-06T21:22:29Z,2026-09-06T23:22:29+0200,2db8738e-a56d-43e2-b7bc-ed1f775845d2,2026-09-01T15:45:00Z,2026-09-01T17:45:00+0200,728.632,MW,DK1,DK_1,actual_solar_generation,Solar,2026-09-06T21:23:11Z
2026-09-06T21:22:29Z,2026-09-06T23:22:29+0200,2db8738e-a56d-43e2-b7bc-ed1f775845d2,2026-09-01T16:00:00Z,2026-09-01T18:00:00+0200,702.918,MW,DK1,DK_1,actual_solar_generation,Solar,2026-09-06T21:23:11Z
2026-09-06T21:22:29Z,2026-09-06T23:22:29+0200,2db8738e-a56d-43e2-b7bc-ed1f775845d2,2026-09-01T16:15:00Z,2026-09-01T18:15:00+0200,542.397,MW,DK1,DK_1,actual_solar_generation,Solar,2026-09-06T21:23:11Z
2026-09-06T21:22:29Z,2026-09-06T23:22:29+0200,2db8738e-a56d-43e2-b7bc-ed1f775845d2,2026-09-01T16:30:00Z,2026-09-01T18:30:00+0200,423.081,MW,DK1,DK_1,actual_solar_generation,Solar,2026-09-06T21:23:11Z
2026-09-06T21:22:29Z,2026-09-06T23:22:29+0200,2db8738e-a56d-43e2-b7bc-ed1f775845d2,2026-09-01T16:45:00Z,2026-09-01T18:45:00+0200,396.495,MW,DK1,DK_1,actual_solar_generation,Solar,2026-09-06T21:23:11Z
2026-09-06T21:22:29Z,2026-09-06T23:22:29+0200,2db8738e-a56d-43e2-b7bc-ed1f775845d2,2026-09-01T17:00:00Z,2026-09-01T19:00:00+0200,300.544,MW,DK1,DK_1,actual_solar_generation,Solar,2026-09-06T21:23:11Z
2026-09-06T21:22:29Z,2026-09-06T23:22:29+0200,2db8738e-a56d-43e2-b7bc-ed1f775845d2,2026-09-01T17:15:00Z,2026-09-01T19:15:00+0200,245.98,MW,DK1,DK_1,actual_solar_generation,Solar,2026-09-06T21:23:11Z
2026-09-06T21:22:29Z,2026-09-06T23:22:29+0200,2db8738e-a56d-43e2-b7bc-ed1f775845d2,2026-09-01T17:30:00Z,2026-09-01T19:30:00+0200,131.645,MW,DK1,DK_1,actual_solar_generation,Solar,2026-09-06T21:23:11Z
2026-09-06T21:22:29Z,2026-09-06T23:22:29+0200,2db8738e-a56d-43e2-b7bc-ed1f775845d2,2026-09-01T17:45:00Z,2026-09-01T19:45:00+0200,84.3204,MW,DK1,DK_1,actual_solar_generation,Solar,2026-09-06T21:23:11Z
2026-09-06T21:22:29Z,2026-09-06T23:22:29+0200,2db8738e-a56d-43e2-b7bc-ed1f775845d2,2026-09-01T18:00:00Z,2026-09-01T20:00:00+0200,47.3028,MW,DK1,DK_1,actual_solar_generation,Solar,2026-09-06T21:23:11Z
2026-09-06T21:22:29Z,2026-09-06T23:22:29+0200,2db8738e-a56d-43e2-b7bc-ed1f775845d2,2026-09-01T18:15:00Z,2026-09-01T20:15:00+0200,56.0582,MW,DK1,DK_1,actual_solar_generation,Solar,2026-09-06T21:23:11Z
2026-09-06T21:22:29Z,2026-09-06T23:22:29+0200,2db8738e-a56d-43e2-b7bc-ed1f775845d2,2026-09-01T18:30:00Z,2026-09-01T20:30:00+0200,44.4024,MW,DK1,DK_1,actual_solar_generation,Solar,2026-09-06T21:23:11Z
2026-09-06T21:22:29Z,2026-09-06T23:22:29+0200,2db8738e-a56d-43e2-b7bc-ed1f775845d2,2026-09-01T18:45:00Z,2026-09-01T20:45:00+0200,35.6427,MW,DK1,DK_1,actual_solar_generation,Solar,2026-09-06T21:23:11Z
2026-09-06T21:22:29Z,2026-09-06T23:22:29+0200,2db8738e-a56d-43e2-b7bc-ed1f775845d2,2026-09-01T19:00:00Z,2026-09-01T21:00:00+0200,71.6851,MW,DK1,DK_1,actual_solar_generation,Solar,2026-09-06T21:23:11Z
2026-09-06T21:22:29Z,2026-09-06T23:22:29+0200,2db8738e-a56d-43e2-b7bc-ed1f775845d2,2026-09-01T19:15:00Z,2026-09-01T21:15:00+0200,79.5999,MW,DK1,DK_1,actual_solar_generation,Solar,2026-09-06T21:23:11Z
2026-09-06T21:22:29Z,2026-09-06T23:22:29+0200,2db8738e-a56d-43e2-b7bc-ed1f775845d2,2026-09-01T19:30:00Z,2026-09-01T21:30:00+0200,78.6247,MW,DK1,DK_1,actual_solar_generation,Solar,2026-09-06T21:23:11Z
2026-09-06T21:22:29Z,2026-09-06T23:22:29+0200,2db8738e-a56d-43e2-b7bc-ed1f775845d2,2026-09-01T19:45:00Z,2026-09-01T21:45:00+0200,61.7943,MW,DK1,DK_1,actual_solar_generation,Solar,2026-09-06T21:23:11Z
2026-09-06T21:22:29Z,2026-09-06T23:22:29+0200,2db8738e-a56d-43e2-b7bc-ed1f775845d2,2026-09-01T20:00:00Z,2026-09-01T22:00:00+0200,59.9753,MW,DK1,DK_1,actual_solar_generation,Solar,2026-09-06T21:23:11Z
2026-09-06T21:22:29Z,2026-09-06T23:22:29+0200,2db8738e-a56d-43e2-b7bc-ed1f775845d2,2026-09-01T20:15:00Z,2026-09-01T22:15:00+0200,56.6421,MW,DK1,DK_1,actual_solar_generation,Solar,2026-09-06T21:23:11Z
2026-09-06T21:22:29Z,2026-09-06T23:22:29+0200,2db8738e-a56d-43e2-b7bc-ed1f775845d2,2026-09-01T20:30:00Z,2026-09-01T22:30:00+0200,56.9953,MW,DK1,DK_1,actual_solar_generation,Solar,2026-09-06T21:23:11Z
2026-09-06T21:22:29Z,2026-09-06T23:22:29+0200,2db8738e-a56d-43e2-b7bc-ed1f775845d2,2026-09-01T20:45:00Z,2026-09-01T22:45:00+0200,54.9873,MW,DK1,DK_1,actual_solar_generation,Solar,2026-09-06T21:23:11Z
2026-09-06T21:22:29Z,2026-09-06T23:22:29+0200,2db8738e-a56d-43e2-b7bc-ed1f775845d2,2026-09-01T21:00:00Z,2026-09-01T23:00:00+0200,12.4928,MW,DK1,DK_1,actual_solar_generation,Solar,2026-09-06T21:23:11Z
2026-09-06T21:22:29Z,2026-09-06T23:22:29+0200,2db8738e-a56d-43e2-b7bc-ed1f775845d2,2026-09-01T21:15:00Z,2026-09-01T23:15:00+0200,4.52744,MW,DK1,DK_1,actual_solar_generation,Solar,2026-09-06T21:23:11Z
2026-09-06T21:22:29Z,2026-09-06T23:22:29+0200,2db8738e-a56d-43e2-b7bc-ed1f775845d2,2026-09-01T21:30:00Z,2026-09-01T23:30:00+0200,2.18382,MW,DK1,DK_1,actual_solar_generation,Solar,2026-09-06T21:23:11Z
2026-09-06T21:22:29Z,2026-09-06T23:22:29+0200,2db8738e-a56d-43e2-b7bc-ed1f775845d2,2026-09-01T21:45:00Z,2026-09-01T23:45:00+0200,2.06967,MW,DK1,DK_1,actual_solar_generation,Solar,2026-09-06T21:23:11Z
2026-09-06T21:22:29Z,2026-09-06T23:22:29+0200,2db8738e-a56d-43e2-b7bc-ed1f775845d2,2026-09-01T22:00:00Z,2026-09-02T00:00:00+0200,1.73765,MW,DK1,DK_1,actual_solar_generation,Solar,2026-09-06T21:23:11Z
2026-09-06T21:22:29Z,2026-09-06T23:22:29+0200,2db8738e-a56d-43e2-b7bc-ed1f775845d2,2026-09-01T22:15:00Z,2026-09-02T00:15:00+0200,1.39903,MW,DK1,DK_1,actual_solar_generation,Solar,2026-09-06T21:23:11Z
2026-09-06T21:22:29Z,2026-09-06T23:22:29+0200,2db8738e-a56d-43e2-b7bc-ed1f775845d2,2026-09-01T22:30:00Z,2026-09-02T00:30:00+0200,3.13755,MW,DK1,DK_1,actual_solar_generation,Solar,2026-09-06T21:23:11Z
2026-09-06T21:22:29Z,2026-09-06T23:22:29+0200,2db8738e-a56d-43e2-b7bc-ed1f775845d2,2026-09-01T22:45:00Z,2026-09-02T00:45:00+0200,3.22559,MW,DK1,DK_1,actual_solar_generation,Solar,2026-09-06T21:23:11Z
2026-09-06T21:22:29Z,2026-09-06T23:22:29+0200,2db8738e-a56d-43e2-b7bc-ed1f775845d2,2026-09-01T23:00:00Z,2026-09-02T01:00:00+0200,3.92929,MW,DK1,DK_1,actual_solar_generation,Solar,2026-09-06T21:23:11Z
2026-09-06T21:22:29Z,2026-09-06T23:22:29+0200,2db8738e-a56d-43e2-b7bc-ed1f775845d2,2026-09-01T23:15:00Z,2026-09-02T01:15:00+0200,4.91584,MW,DK1,DK_1,actual_solar_generation,Solar,2026-09-06T21:23:11Z
2026-09-06T21:22:29Z,2026-09-06T23:22:29+0200,2db8738e-a56d-43e2-b7bc-ed1f775845d2,2026-09-01T23:30:00Z,2026-09-02T01:30:00+0200,4.50467,MW,DK1,DK_1,actual_solar_generation,Solar,2026-09-06T21:23:11Z
2026-09-06T21:22:29Z,2026-09-06T23:22:29+0200,2db8738e-a56d-43e2-b7bc-ed1f775845d2,2026-09-01T23:45:00Z,2026-09-02T01:45:00+0200,5.03962,MW,DK1,DK_1,actual_solar_generation,Solar,2026-09-06T21:23:11Z
2026-09-06T21:22:29Z,2026-09-06T23:22:29+0200,2db8738e-a56d-43e2-b7bc-ed1f775845d2,2026-09-02T00:00:00Z,2026-09-02T02:00:00+0200,3.83014,MW,DK1,DK_1,actual_solar_generation,Solar,2026-09-06T21:23:11Z
2026-09-06T21:22:29Z,2026-09-06T23:22:29+0200,2db8738e-a56d-43e2-b7bc-ed1f775845d2,2026-09-02T00:15:00Z,2026-09-02T02:15:00+0200,5.31453,MW,DK1,DK_1,actual_solar_generation,Solar,2026-09-06T21:23:11Z
2026-09-06T21:22:29Z,2026-09-06T23:22:29+0200,2db8738e-a56d-43e2-b7bc-ed1f775845d2,2026-09-02T00:30:00Z,2026-09-02T02:30:00+0200,5.11526,MW,DK1,DK_1,actual_solar_generation,Solar,2026-09-06T21:23:11Z
2026-09-06T21:22:29Z,2026-09-06T23:22:29+0200,2db8738e-a56d-43e2-b7bc-ed1f775845d2,2026-09-02T00:45:00Z,2026-09-02T02:45:00+0200,3.90753,MW,DK1,DK_1,actual_solar_generation,Solar,2026-09-06T21:23:11Z
2026-09-06T21:22:29Z,2026-09-06T23:22:29+0200,2db8738e-a56d-43e2-b7bc-ed1f775845d2,2026-09-02T01:00:00Z,2026-09-02T03:00:00+0200,4.64939,MW,DK1,DK_1,actual_solar_generation,Solar,2026-09-06T21:23:11Z
2026-09-06T21:22:29Z,2026-09-06T23:22:29+0200,2db8738e-a56d-43e2-b7bc-ed1f775845d2,2026-09-02T01:15:00Z,2026-09-02T03:15:00+0200,4.50572,MW,DK1,DK_1,actual_solar_generation,Solar,2026-09-06T21:23:11Z
2026-09-06T21:22:29Z,2026-09-06T23:22:29+0200,2db8738e-a56d-43e2-b7bc-ed1f775845d2,2026-09-02T01:30:00Z,2026-09-02T03:30:00+0200,4.44674,MW,DK1,DK_1,actual_solar_generation,Solar,2026-09-06T21:23:11Z
2026-09-06T21:22:29Z,2026-09-06T23:22:29+0200,2db8738e-a56d-43e2-b7bc-ed1f775845d2,2026-09-02T01:45:00Z,2026-09-02T03:45:00+0200,5.14029,MW,DK1,DK_1,actual_solar_generation,Solar,2026-09-06T21:23:11Z
2026-09-06T21:22:29Z,2026-09-06T23:22:29+0200,2db8738e-a56d-43e2-b7bc-ed1f775845d2,2026-09-02T02:00:00Z,2026-09-02T04:00:00+0200,5.63837,MW,DK1,DK_1,actual_solar_generation,Solar,2026-09-06T21:23:11Z
2026-09-06T21:22:29Z,2026-09-06T23:22:29+0200,2db8738e-a56d-43e2-b7bc-ed1f775845d2,2026-09-02T02:15:00Z,2026-09-02T04:15:00+0200,5.15498,MW,DK1,DK_1,actual_solar_generation,Solar,2026-09-06T21:23:11Z
2026-09-06T21:22:29Z,2026-09-06T23:22:29+0200,2db8738e-a56d-43e2-b7bc-ed1f775845d2,2026-09-02T02:30:00Z,2026-09-02T04:30:00+0200,4.29287,MW,DK1,DK_1,actual_solar_generation,Solar,2026-09-06T21:23:11Z
2026-09-06T21:22:29Z,2026-09-06T23:22:29+0200,2db8738e-a56d-43e2-b7bc-ed1f775845d2,2026-09-02T02:45:00Z,2026-09-02T04:45:00+0200,3.23201,MW,DK1,DK_1,actual_solar_generation,Solar,2026-09-06T21:23:11Z
2026-09-06T21:22:29Z,2026-09-06T23:22:29+0200,2db8738e-a56d-43e2-b7bc-ed1f775845d2,2026-09-02T03:00:00Z,2026-09-02T05:00:00+0200,3.89216,MW,DK1,DK_1,actual_solar_generation,Solar,2026-09-06T21:23:11Z
2026-09-06T21:22:29Z,2026-09-06T23:22:29+0200,2db8738e-a56d-43e2-b7bc-ed1f775845d2,2026-09-02T03:15:00Z,2026-09-02T05:15:00+0200,4.06735,MW,DK1,DK_1,actual_solar_generation,Solar,2026-09-06T21:23:11Z
2026-09-06T21:22:29Z,2026-09-06T23:22:29+0200,2db8738e-a56d-43e2-b7bc-ed1f775845d2,2026-09-02T03:30:00Z,2026-09-02T05:30:00+0200,3.23359,MW,DK1,DK_1,actual_solar_generation,Solar,2026-09-06T21:23:11Z
2026-09-06T21:22:29Z,2026-09-06T23:22:29+0200,2db8738e-a56d-43e2-b7bc-ed1f775845d2,2026-09-02T03:45:00Z,2026-09-02T05:45:00+0200,2.15992,MW,DK1,DK_1,actual_solar_generation,Solar,2026-09-06T21:23:11Z
2026-09-06T21:22:29Z,2026-09-06T23:22:29+0200,2db8738e-a56d-43e2-b7bc-ed1f775845d2,2026-09-02T04:00:00Z,2026-09-02T06:00:00+0200,6.76316,MW,DK1,DK_1,actual_solar_generation,Solar,2026-09-06T21:23:11Z
2026-09-06T21:22:29Z,2026-09-06T23:22:29+0200,2db8738e-a56d-43e2-b7bc-ed1f775845d2,2026-09-02T04:15:00Z,2026-09-02T06:15:00+0200,8.64995,MW,DK1,DK_1,actual_solar_generation,Solar,2026-09-06T21:23:11Z
2026-09-06T21:22:29Z,2026-09-06T23:22:29+0200,2db8738e-a56d-43e2-b7bc-ed1f775845d2,2026-09-02T04:30:00Z,2026-09-02T06:30:00+0200,14.8669,MW,DK1,DK_1,actual_solar_generation,Solar,2026-09-06T21:23:11Z
2026-09-06T21:22:29Z,2026-09-06T23:22:29+0200,2db8738e-a56d-43e2-b7bc-ed1f775845d2,2026-09-02T04:45:00Z,2026-09-02T06:45:00+0200,32.3062,MW,DK1,DK_1,actual_solar_generation,Solar,2026-09-06T21:23:11Z
2026-09-06T21:22:29Z,2026-09-06T23:22:29+0200,2db8738e-a56d-43e2-b7bc-ed1f775845d2,2026-09-02T05:00:00Z,2026-09-02T07:00:00+0200,55.4316,MW,DK1,DK_1,actual_solar_generation,Solar,2026-09-06T21:23:11Z
2026-09-06T21:22:29Z,2026-09-06T23:22:29+0200,2db8738e-a56d-43e2-b7bc-ed1f775845d2,2026-09-02T05:15:00Z,2026-09-02T07:15:00+0200,90.1544,MW,DK1,DK_1,actual_solar_generation,Solar,2026-09-06T21:23:11Z
2026-09-06T21:22:29Z,2026-09-06T23:22:29+0200,2db8738e-a56d-43e2-b7bc-ed1f775845d2,2026-09-02T05:30:00Z,2026-09-02T07:30:00+0200,141.386,MW,DK1,DK_1,actual_solar_generation,Solar,2026-09-06T21:23:11Z
2026-09-06T21:22:29Z,2026-09-06T23:22:29+0200,2db8738e-a56d-43e2-b7bc-ed1f775845d2,2026-09-02T05:45:00Z,2026-09-02T07:45:00+0200,216.628,MW,DK1,DK_1,actual_solar_generation,Solar,2026-09-06T21:23:11Z
2026-09-06T21:22:29Z,2026-09-06T23:22:29+0200,2db8738e-a56d-43e2-b7bc-ed1f775845d2,2026-09-02T06:00:00Z,2026-09-02T08:00:00+0200,300.551,MW,DK1,DK_1,actual_solar_generation,Solar,2026-09-06T21:23:11Z
2026-09-06T21:22:29Z,2026-09-06T23:22:29+0200,2db8738e-a56d-43e2-b7bc-ed1f775845d2,2026-09-02T06:15:00Z,2026-09-02T08:15:00+0200,380.877,MW,DK1,DK_1,actual_solar_generation,Solar,2026-09-06T21:23:11Z
2026-09-06T21:22:29Z,2026-09-06T23:22:29+0200,2db8738e-a56d-43e2-b7bc-ed1f775845d2,2026-09-02T06:30:00Z,2026-09-02T08:30:00+0200,402.368,MW,DK1,DK_1,actual_solar_generation,Solar,2026-09-06T21:23:11Z
2026-09-06T21:22:29Z,2026-09-06T23:22:29+0200,2db8738e-a56d-43e2-b7bc-ed1f775845d2,2026-09-02T06:45:00Z,2026-09-02T08:45:00+0200,548.041,MW,DK1,DK_1,actual_solar_generation,Solar,2026-09-06T21:23:11Z
2026-09-06T21:22:29Z,2026-09-06T23:22:29+0200,2db8738e-a56d-43e2-b7bc-ed1f775845d2,2026-09-02T07:00:00Z,2026-09-02T09:00:00+0200,716.684,MW,DK1,DK_1,actual_solar_generation,Solar,2026-09-06T21:23:11Z
2026-09-06T21:22:29Z,2026-09-06T23:22:29+0200,2db8738e-a56d-43e2-b7bc-ed1f775845d2,2026-09-02T07:15:00Z,2026-09-02T09:15:00+0200,789.793,MW,DK1,DK_1,actual_solar_generation,Solar,2026-09-06T21:23:11Z
2026-09-06T21:22:29Z,2026-09-06T23:22:29+0200,2db8738e-a56d-43e2-b7bc-ed1f775845d2,2026-09-02T07:30:00Z,2026-09-02T09:30:00+0200,767.4,MW,DK1,DK_1,actual_solar_generation,Solar,2026-09-06T21:23:11Z
2026-09-06T21:22:29Z,2026-09-06T23:22:29+0200,2db8738e-a56d-43e2-b7bc-ed1f775845d2,2026-09-02T07:45:00Z,2026-09-02T09:45:00+0200,905.011,MW,DK1,DK_1,actual_solar_generation,Solar,2026-09-06T21:23:11Z
2026-09-06T21:22:29Z,2026-09-06T23:22:29+0200,2db8738e-a56d-43e2-b7bc-ed1f775845d2,2026-09-02T08:00:00Z,2026-09-02T10:00:00+0200,825.564,MW,DK1,DK_1,actual_solar_generation,Solar,2026-09-06T21:23:11Z
2026-09-06T21:22:29Z,2026-09-06T23:22:29+0200,2db8738e-a56d-43e2-b7bc-ed1f775845d2,2026-09-02T08:15:00Z,2026-09-02T10:15:00+0200,760.285,MW,DK1,DK_1,actual_solar_generation,Solar,2026-09-06T21:23:11Z
2026-09-06T21:22:29Z,2026-09-06T23:22:29+0200,2db8738e-a56d-43e2-b7bc-ed1f775845d2,2026-09-02T08:30:00Z,2026-09-02T10:30:00+0200,964.257,MW,DK1,DK_1,actual_solar_generation,Solar,2026-09-06T21:23:11Z
2026-09-06T21:22:29Z,2026-09-06T23:22:29+0200,2db8738e-a56d-43e2-b7bc-ed1f775845d2,2026-09-02T08:45:00Z,2026-09-02T10:45:00+0200,844.694,MW,DK1,DK_1,actual_solar_generation,Solar,2026-09-06T21:23:11Z
2026-09-06T21:22:29Z,2026-09-06T23:22:29+0200,2db8738e-a56d-43e2-b7bc-ed1f775845d2,2026-09-02T09:00:00Z,2026-09-02T11:00:00+0200,812.467,MW,DK1,DK_1,actual_solar_generation,Solar,2026-09-06T21:23:11Z
2026-09-06T21:22:29Z,2026-09-06T23:22:29+0200,2db8738e-a56d-43e2-b7bc-ed1f775845d2,2026-09-02T09:15:00Z,2026-09-02T11:15:00+0200,592.197,MW,DK1,DK_1,actual_solar_generation,Solar,2026-09-06T21:23:11Z
2026-09-06T21:22:29Z,2026-09-06T23:22:29+0200,2db8738e-a56d-43e2-b7bc-ed1f775845d2,2026-09-02T09:30:00Z,2026-09-02T11:30:00+0200,715.762,MW,DK1,DK_1,actual_solar_generation,Solar,2026-09-06T21:23:11Z
2026-09-06T21:22:29Z,2026-09-06T23:22:29+0200,2db8738e-a56d-43e2-b7bc-ed1f775845d2,2026-09-02T09:45:00Z,2026-09-02T11:45:00+0200,834.765,MW,DK1,DK_1,actual_solar_generation,Solar,2026-09-06T21:23:11Z
2026-09-06T21:22:29Z,2026-09-06T23:22:29+0200,2db8738e-a56d-43e2-b7bc-ed1f775845d2,2026-09-02T10:00:00Z,2026-09-02T12:00:00+0200,852.614,MW,DK1,DK_1,actual_solar_generation,Solar,2026-09-06T21:23:11Z
2026-09-06T21:22:29Z,2026-09-06T23:22:29+0200,2db8738e-a56d-43e2-b7bc-ed1f775845d2,2026-09-02T10:15:00Z,2026-09-02T12:15:00+0200,832.961,MW,DK1,DK_1,actual_solar_generation,Solar,2026-09-06T21:23:11Z
2026-09-06T21:22:29Z,2026-09-06T23:22:29+0200,2db8738e-a56d-43e2-b7bc-ed1f775845d2,2026-09-02T10:30:00Z,2026-09-02T12:30:00+0200,983.007,MW,DK1,DK_1,actual_solar_generation,Solar,2026-09-06T21:23:11Z
2026-09-06T21:22:29Z,2026-09-06T23:22:29+0200,2db8738e-a56d-43e2-b7bc-ed1f775845d2,2026-09-02T10:45:00Z,2026-09-02T12:45:00+0200,966.387,MW,DK1,DK_1,actual_solar_generation,Solar,2026-09-06T21:23:11Z
2026-09-06T21:22:29Z,2026-09-06T23:22:29+0200,2db8738e-a56d-43e2-b7bc-ed1f775845d2,2026-09-02T11:00:00Z,2026-09-02T13:00:00+0200,1217.45,MW,DK1,DK_1,actual_solar_generation,Solar,2026-09-06T21:23:11Z
2026-09-06T21:22:29Z,2026-09-06T23:22:29+0200,2db8738e-a56d-43e2-b7bc-ed1f775845d2,2026-09-02T11:15:00Z,2026-09-02T13:15:00+0200,1280.17,MW,DK1,DK_1,actual_solar_generation,Solar,2026-09-06T21:23:11Z
2026-09-06T21:22:29Z,2026-09-06T23:22:29+0200,2db8738e-a56d-43e2-b7bc-ed1f775845d2,2026-09-02T11:30:00Z,2026-09-02T13:30:00+0200,1200.68,MW,DK1,DK_1,actual_solar_generation,Solar,2026-09-06T21:23:11Z
2026-09-06T21:22:29Z,2026-09-06T23:22:29+0200,2db8738e-a56d-43e2-b7bc-ed1f775845d2,2026-09-02T11:45:00Z,2026-09-02T13:45:00+0200,1284.76,MW,DK1,DK_1,actual_solar_generation,Solar,2026-09-06T21:23:11Z
2026-09-06T21:22:29Z,2026-09-06T23:22:29+0200,2db8738e-a56d-43e2-b7bc-ed1f775845d2,2026-09-02T12:00:00Z,2026-09-02T14:00:00+0200,1334.47,MW,DK1,DK_1,actual_solar_generation,Solar,2026-09-06T21:23:11Z
2026-09-06T21:22:29Z,2026-09-06T23:22:29+0200,2db8738e-a56d-43e2-b7bc-ed1f775845d2,2026-09-02T12:15:00Z,2026-09-02T14:15:00+0200,1266.48,MW,DK1,DK_1,actual_solar_generation,Solar,2026-09-06T21:23:11Z
2026-09-06T21:22:29Z,2026-09-06T23:22:29+0200,2db8738e-a56d-43e2-b7bc-ed1f775845d2,2026-09-02T12:30:00Z,2026-09-02T14:30:00+0200,1416.81,MW,DK1,DK_1,actual_solar_generation,Solar,2026-09-06T21:23:11Z
2026-09-06T21:22:29Z,2026-09-06T23:22:29+0200,2db8738e-a56d-43e2-b7bc-ed1f775845d2,2026-09-02T12:45:00Z,2026-09-02T14:45:00+0200,1427.2,MW,DK1,DK_1,actual_solar_generation,Solar,2026-09-06T21:23:11Z
2026-09-06T21:22:29Z,2026-09-06T23:22:29+0200,2db8738e-a56d-43e2-b7bc-ed1f775845d2,2026-09-02T13:00:00Z,2026-09-02T15:00:00+0200,1469.06,MW,DK1,DK_1,actual_solar_generation,Solar,2026-09-06T21:23:11Z
2026-09-06T21:22:29Z,2026-09-06T23:22:29+0200,2db8738e-a56d-43e2-b7bc-ed1f775845d2,2026-09-02T13:15:00Z,2026-09-02T15:15:00+0200,1355.84,MW,DK1,DK_1,actual_solar_generation,Solar,2026-09-06T21:23:11Z
2026-09-06T21:22:29Z,2026-09-06T23:22:29+0200,2db8738e-a56d-43e2-b7bc-ed1f775845d2,2026-09-02T13:30:00Z,2026-09-02T15:30:00+0200,1289.97,MW,DK1,DK_1,actual_solar_generation,Solar,2026-09-06T21:23:11Z
2026-09-06T21:22:29Z,2026-09-06T23:22:29+0200,2db8738e-a56d-43e2-b7bc-ed1f775845d2,2026-09-02T13:45:00Z,2026-09-02T15:45:00+0200,1461.24,MW,DK1,DK_1,actual_solar_generation,Solar,2026-09-06T21:23:11Z
2026-09-06T21:22:29Z,2026-09-06T23:22:29+0200,2db8738e-a56d-43e2-b7bc-ed1f775845d2,2026-09-02T14:00:00Z,2026-09-02T16:00:00+0200,1947.7,MW,DK1,DK_1,actual_solar_generation,Solar,2026-09-06T21:23:11Z
2026-09-06T21:22:29Z,2026-09-06T23:22:29+0200,2db8738e-a56d-43e2-b7bc-ed1f775845d2,2026-09-02T14:15:00Z,2026-09-02T16:15:00+0200,1788.83,MW,DK1,DK_1,actual_solar_generation,Solar,2026-09-06T21:23:11Z
2026-09-06T21:22:29Z,2026-09-06T23:22:29+0200,2db8738e-a56d-43e2-b7bc-ed1f775845d2,2026-09-02T14:30:00Z,2026-09-02T16:30:00+0200,1354.38,MW,DK1,DK_1,actual_solar_generation,Solar,2026-09-06T21:23:11Z
2026-09-06T21:22:29Z,2026-09-06T23:22:29+0200,2db8738e-a56d-43e2-b7bc-ed1f775845d2,2026-09-02T14:45:00Z,2026-09-02T16:45:00+0200,1342.56,MW,DK1,DK_1,actual_solar_generation,Solar,2026-09-06T21:23:11Z
2026-09-06T21:22:29Z,2026-09-06T23:22:29+0200,2db8738e-a56d-43e2-b7bc-ed1f775845d2,2026-09-02T15:00:00Z,2026-09-02T17:00:00+0200,1422.55,MW,DK1,DK_1,actual_solar_generation,Solar,2026-09-06T21:23:11Z
2026-09-06T21:22:29Z,2026-09-06T23:22:29+0200,2db8738e-a56d-43e2-b7bc-ed1f775845d2,2026-09-02T15:15:00Z,2026-09-02T17:15:00+0200,1170.25,MW,DK1,DK_1,actual_solar_generation,Solar,2026-09-06T21:23:11Z
2026-09-06T21:22:29Z,2026-09-06T23:22:29+0200,2db8738e-a56d-43e2-b7bc-ed1f775845d2,2026-09-02T15:30:00Z,2026-09-02T17:30:00+0200,1058.96,MW,DK1,DK_1,actual_solar_generation,Solar,2026-09-06T21:23:11Z
2026-09-06T21:22:29Z,2026-09-06T23:22:29+0200,2db8738e-a56d-43e2-b7bc-ed1f775845d2,2026-09-02T15:45:00Z,2026-09-02T17:45:00+0200,882.536,MW,DK1,DK_1,actual_solar_generation,Solar,2026-09-06T21:23:11Z
2026-09-06T21:22:29Z,2026-09-06T23:22:29+0200,2db8738e-a56d-43e2-b7bc-ed1f775845d2,2026-09-02T16:00:00Z,2026-09-02T18:00:00+0200,758.57,MW,DK1,DK_1,actual_solar_generation,Solar,2026-09-06T21:23:11Z
2026-09-06T21:22:29Z,2026-09-06T23:22:29+0200,2db8738e-a56d-43e2-b7bc-ed1f775845d2,2026-09-02T16:15:00Z,2026-09-02T18:15:00+0200,612.687,MW,DK1,DK_1,actual_solar_generation,Solar,2026-09-06T21:23:11Z
2026-09-06T21:22:29Z,2026-09-06T23:22:29+0200,2db8738e-a56d-43e2-b7bc-ed1f775845d2,2026-09-02T16:30:00Z,2026-09-02T18:30:00+0200,450.054,MW,DK1,DK_1,actual_solar_generation,Solar,2026-09-06T21:23:11Z
2026-09-06T21:22:29Z,2026-09-06T23:22:29+0200,2db8738e-a56d-43e2-b7bc-ed1f775845d2,2026-09-02T16:45:00Z,2026-09-02T18:45:00+0200,310.49,MW,DK1,DK_1,actual_solar_generation,Solar,2026-09-06T21:23:11Z
2026-09-06T21:22:29Z,2026-09-06T23:22:29+0200,2db8738e-a56d-43e2-b7bc-ed1f775845d2,2026-09-02T17:00:00Z,2026-09-02T19:00:00+0200,250.189,MW,DK1,DK_1,actual_solar_generation,Solar,2026-09-06T21:23:11Z
2026-09-06T21:22:29Z,2026-09-06T23:22:29+0200,2db8738e-a56d-43e2-b7bc-ed1f775845d2,2026-09-02T17:15:00Z,2026-09-02T19:15:00+0200,200.853,MW,DK1,DK_1,actual_solar_generation,Solar,2026-09-06T21:23:11Z
2026-09-06T21:22:29Z,2026-09-06T23:22:29+0200,2db8738e-a56d-43e2-b7bc-ed1f775845d2,2026-09-02T17:30:00Z,2026-09-02T19:30:00+0200,148.695,MW,DK1,DK_1,actual_solar_generation,Solar,2026-09-06T21:23:11Z
2026-09-06T21:22:29Z,2026-09-06T23:22:29+0200,2db8738e-a56d-43e2-b7bc-ed1f775845d2,2026-09-02T17:45:00Z,2026-09-02T19:45:00+0200,120.213,MW,DK1,DK_1,actual_solar_generation,Solar,2026-09-06T21:23:11Z
2026-09-06T21:22:29Z,2026-09-06T23:22:29+0200,2db8738e-a56d-43e2-b7bc-ed1f775845d2,2026-09-02T18:00:00Z,2026-09-02T20:00:00+0200,98.9168,MW,DK1,DK_1,actual_solar_generation,Solar,2026-09-06T21:23:11Z
2026-09-06T21:22:29Z,2026-09-06T23:22:29+0200,2db8738e-a56d-43e2-b7bc-ed1f775845d2,2026-09-02T18:15:00Z,2026-09-02T20:15:00+0200,86.7611,MW,DK1,DK_1,actual_solar_generation,Solar,2026-09-06T21:23:11Z
2026-09-06T21:22:29Z,2026-09-06T23:22:29+0200,2db8738e-a56d-43e2-b7bc-ed1f775845d2,2026-09-02T18:30:00Z,2026-09-02T20:30:00+0200,84.1556,MW,DK1,DK_1,actual_solar_generation,Solar,2026-09-06T21:23:11Z
2026-09-06T21:22:29Z,2026-09-06T23:22:29+0200,2db8738e-a56d-43e2-b7bc-ed1f775845d2,2026-09-02T18:45:00Z,2026-09-02T20:45:00+0200,79.9309,MW,DK1,DK_1,actual_solar_generation,Solar,2026-09-06T21:23:11Z
2026-09-06T21:22:29Z,2026-09-06T23:22:29+0200,2db8738e-a56d-43e2-b7bc-ed1f775845d2,2026-09-02T19:00:00Z,2026-09-02T21:00:00+0200,19.3712,MW,DK1,DK_1,actual_solar_generation,Solar,2026-09-06T21:23:11Z
2026-09-06T21:22:29Z,2026-09-06T23:22:29+0200,2db8738e-a56d-43e2-b7bc-ed1f775845d2,2026-09-02T19:15:00Z,2026-09-02T21:15:00+0200,5.32081,MW,DK1,DK_1,actual_solar_generation,Solar,2026-09-06T21:23:11Z
2026-09-06T21:22:29Z,2026-09-06T23:22:29+0200,2db8738e-a56d-43e2-b7bc-ed1f775845d2,2026-09-02T19:30:00Z,2026-09-02T21:30:00+0200,6.46133,MW,DK1,DK_1,actual_solar_generation,Solar,2026-09-06T21:23:11Z
2026-09-06T21:22:29Z,2026-09-06T23:22:29+0200,2db8738e-a56d-43e2-b7bc-ed1f775845d2,2026-09-02T19:45:00Z,2026-09-02T21:45:00+0200,3.38618,MW,DK1,DK_1,actual_solar_generation,Solar,2026-09-06T21:23:11Z
2026-09-06T21:22:29Z,2026-09-06T23:22:29+0200,2db8738e-a56d-43e2-b7bc-ed1f775845d2,2026-09-02T20:00:00Z,2026-09-02T22:00:00+0200,3.11089,MW,DK1,DK_1,actual_solar_generation,Solar,2026-09-06T21:23:11Z
2026-09-06T21:22:29Z,2026-09-06T23:22:29+0200,2db8738e-a56d-43e2-b7bc-ed1f775845d2,2026-09-02T20:15:00Z,2026-09-02T22:15:00+0200,3.05395,MW,DK1,DK_1,actual_solar_generation,Solar,2026-09-06T21:23:11Z
2026-09-06T21:22:29Z,2026-09-06T23:22:29+0200,2db8738e-a56d-43e2-b7bc-ed1f775845d2,2026-09-02T20:30:00Z,2026-09-02T22:30:00+0200,0.715403,MW,DK1,DK_1,actual_solar_generation,Solar,2026-09-06T21:23:11Z
2026-09-06T21:22:29Z,2026-09-06T23:22:29+0200,2db8738e-a56d-43e2-b7bc-ed1f775845d2,2026-09-02T20:45:00Z,2026-09-02T22:45:00+0200,0.618313,MW,DK1,DK_1,actual_solar_generation,Solar,2026-09-06T21:23:11Z
2026-09-06T21:22:29Z,2026-09-06T23:22:29+0200,2db8738e-a56d-43e2-b7bc-ed1f775845d2,2026-09-02T21:00:00Z,2026-09-02T23:00:00+0200,2.8268,MW,DK1,DK_1,actual_solar_generation,Solar,2026-09-06T21:23:11Z
2026-09-06T21:22:29Z,2026-09-06T23:22:29+0200,2db8738e-a56d-43e2-b7bc-ed1f775845d2,2026-09-02T21:15:00Z,2026-09-02T23:15:00+0200,2.55711,MW,DK1,DK_1,actual_solar_generation,Solar,2026-09-06T21:23:11Z
2026-09-06T21:22:29Z,2026-09-06T23:22:29+0200,2db8738e-a56d-43e2-b7bc-ed1f775845d2,2026-09-02T21:30:00Z,2026-09-02T23:30:00+0200,1.91862,MW,DK1,DK_1,actual_solar_generation,Solar,2026-09-06T21:23:11Z
2026-09-06T21:22:29Z,2026-09-06T23:22:29+0200,2db8738e-a56d-43e2-b7bc-ed1f775845d2,2026-09-02T21:45:00Z,2026-09-02T23:45:00+0200,0.52753,MW,DK1,DK_1,actual_solar_generation,Solar,2026-09-06T21:23:11Z
2026-09-06T21:22:29Z,2026-09-06T23:22:29+0200,2db8738e-a56d-43e2-b7bc-ed1f775845d2,2026-09-02T22:00:00Z,2026-09-03T00:00:00+0200,0.495656,MW,DK1,DK_1,actual_solar_generation,Solar,2026-09-06T21:23:11Z
2026-09-06T21:22:29Z,2026-09-06T23:22:29+0200,2db8738e-a56d-43e2-b7bc-ed1f775845d2,2026-09-02T22:15:00Z,2026-09-03T00:15:00+0200,0.443745,MW,DK1,DK_1,actual_solar_generation,Solar,2026-09-06T21:23:11Z
2026-09-06T21:22:29Z,2026-09-06T23:22:29+0200,2db8738e-a56d-43e2-b7bc-ed1f775845d2,2026-09-02T22:30:00Z,2026-09-03T00:30:00+0200,0.42668,MW,DK1,DK_1,actual_solar_generation,Solar,2026-09-06T21:23:11Z
2026-09-06T21:22:29Z,2026-09-06T23:22:29+0200,2db8738e-a56d-43e2-b7bc-ed1f775845d2,2026-09-02T22:45:00Z,2026-09-03T00:45:00+0200,0.4506,MW,DK1,DK_1,actual_solar_generation,Solar,2026-09-06T21:23:11Z
2026-09-06T21:22:29Z,2026-09-06T23:22:29+0200,2db8738e-a56d-43e2-b7bc-ed1f775845d2,2026-09-02T23:00:00Z,2026-09-03T01:00:00+0200,0.487331,MW,DK1,DK_1,actual_solar_generation,Solar,2026-09-06T21:23:11Z
2026-09-06T21:22:29Z,2026-09-06T23:22:29+0200,2db8738e-a56d-43e2-b7bc-ed1f775845d2,2026-09-02T23:15:00Z,2026-09-03T01:15:00+0200,0.499488,MW,DK1,DK_1,actual_solar_generation,Solar,2026-09-06T21:23:11Z
2026-09-06T21:22:29Z,2026-09-06T23:22:29+0200,2db8738e-a56d-43e2-b7bc-ed1f775845d2,2026-09-02T23:30:00Z,2026-09-03T01:30:00+0200,0.483009,MW,DK1,DK_1,actual_solar_generation,Solar,2026-09-06T21:23:11Z
2026-09-06T21:22:29Z,2026-09-06T23:22:29+0200,2db8738e-a56d-43e2-b7bc-ed1f775845d2,2026-09-02T23:45:00Z,2026-09-03T01:45:00+0200,0.471427,MW,DK1,DK_1,actual_solar_generation,Solar,2026-09-06T21:23:11Z
2026-09-06T21:22:29Z,2026-09-06T23:22:29+0200,2db8738e-a56d-43e2-b7bc-ed1f775845d2,2026-09-03T00:00:00Z,2026-09-03T02:00:00+0200,0.487291,MW,DK1,DK_1,actual_solar_generation,Solar,2026-09-06T21:23:11Z
2026-09-06T21:22:29Z,2026-09-06T23:22:29+0200,2db8738e-a56d-43e2-b7bc-ed1f775845d2,2026-09-03T00:15:00Z,2026-09-03T02:15:00+0200,0.461433,MW,DK1,DK_1,actual_solar_generation,Solar,2026-09-06T21:23:11Z
2026-09-06T21:22:29Z,2026-09-06T23:22:29+0200,2db8738e-a56d-43e2-b7bc-ed1f775845d2,2026-09-03T00:30:00Z,2026-09-03T02:30:00+0200,0.478129,MW,DK1,DK_1,actual_solar_generation,Solar,2026-09-06T21:23:11Z
2026-09-06T21:22:29Z,2026-09-06T23:22:29+0200,2db8738e-a56d-43e2-b7bc-ed1f775845d2,2026-09-03T00:45:00Z,2026-09-03T02:45:00+0200,0.515516,MW,DK1,DK_1,actual_solar_generation,Solar,2026-09-06T21:23:11Z
2026-09-06T21:22:29Z,2026-09-06T23:22:29+0200,2db8738e-a56d-43e2-b7bc-ed1f775845d2,2026-09-03T01:00:00Z,2026-09-03T03:00:00+0200,0.517962,MW,DK1,DK_1,actual_solar_generation,Solar,2026-09-06T21:23:11Z
2026-09-06T21:22:29Z,2026-09-06T23:22:29+0200,2db8738e-a56d-43e2-b7bc-ed1f775845d2,2026-09-03T01:15:00Z,2026-09-03T03:15:00+0200,0.515367,MW,DK1,DK_1,actual_solar_generation,Solar,2026-09-06T21:23:11Z
2026-09-06T21:22:29Z,2026-09-06T23:22:29+0200,2db8738e-a56d-43e2-b7bc-ed1f775845d2,2026-09-03T01:30:00Z,2026-09-03T03:30:00+0200,0.543589,MW,DK1,DK_1,actual_solar_generation,Solar,2026-09-06T21:23:11Z
2026-09-06T21:22:29Z,2026-09-06T23:22:29+0200,2db8738e-a56d-43e2-b7bc-ed1f775845d2,2026-09-03T01:45:00Z,2026-09-03T03:45:00+0200,0.560954,MW,DK1,DK_1,actual_solar_generation,Solar,2026-09-06T21:23:11Z
2026-09-06T21:22:29Z,2026-09-06T23:22:29+0200,2db8738e-a56d-43e2-b7bc-ed1f775845d2,2026-09-03T02:00:00Z,2026-09-03T04:00:00+0200,0.718524,MW,DK1,DK_1,actual_solar_generation,Solar,2026-09-06T21:23:11Z
2026-09-06T21:22:29Z,2026-09-06T23:22:29+0200,2db8738e-a56d-43e2-b7bc-ed1f775845d2,2026-09-03T02:15:00Z,2026-09-03T04:15:00+0200,2.71499,MW,DK1,DK_1,actual_solar_generation,Solar,2026-09-06T21:23:11Z
2026-09-06T21:22:29Z,2026-09-06T23:22:29+0200,2db8738e-a56d-43e2-b7bc-ed1f775845d2,2026-09-03T02:30:00Z,2026-09-03T04:30:00+0200,2.857,MW,DK1,DK_1,actual_solar_generation,Solar,2026-09-06T21:23:11Z
2026-09-06T21:22:29Z,2026-09-06T23:22:29+0200,2db8738e-a56d-43e2-b7bc-ed1f775845d2,2026-09-03T02:45:00Z,2026-09-03T04:45:00+0200,0.66606,MW,DK1,DK_1,actual_solar_generation,Solar,2026-09-06T21:23:11Z
2026-09-06T21:22:29Z,2026-09-06T23:22:29+0200,2db8738e-a56d-43e2-b7bc-ed1f775845d2,2026-09-03T03:00:00Z,2026-09-03T05:00:00+0200,2.78741,MW,DK1,DK_1,actual_solar_generation,Solar,2026-09-06T21:23:11Z
2026-09-06T21:22:29Z,2026-09-06T23:22:29+0200,2db8738e-a56d-43e2-b7bc-ed1f775845d2,2026-09-03T03:15:00Z,2026-09-03T05:15:00+0200,2.99754,MW,DK1,DK_1,actual_solar_generation,Solar,2026-09-06T21:23:11Z
2026-09-06T21:22:29Z,2026-09-06T23:22:29+0200,2db8738e-a56d-43e2-b7bc-ed1f775845d2,2026-09-03T03:30:00Z,2026-09-03T05:30:00+0200,2.73102,MW,DK1,DK_1,actual_solar_generation,Solar,2026-09-06T21:23:11Z
2026-09-06T21:22:29Z,2026-09-06T23:22:29+0200,2db8738e-a56d-43e2-b7bc-ed1f775845d2,2026-09-03T03:45:00Z,2026-09-03T05:45:00+0200,0.670771,MW,DK1,DK_1,actual_solar_generation,Solar,2026-09-06T21:23:11Z
2026-09-06T21:22:29Z,2026-09-06T23:22:29+0200,2db8738e-a56d-43e2-b7bc-ed1f775845d2,2026-09-03T04:00:00Z,2026-09-03T06:00:00+0200,3.89183,MW,DK1,DK_1,actual_solar_generation,Solar,2026-09-06T21:23:11Z
2026-09-06T21:22:29Z,2026-09-06T23:22:29+0200,2db8738e-a56d-43e2-b7bc-ed1f775845d2,2026-09-03T04:15:00Z,2026-09-03T06:15:00+0200,5.79192,MW,DK1,DK_1,actual_solar_generation,Solar,2026-09-06T21:23:11Z
2026-09-06T21:22:29Z,2026-09-06T23:22:29+0200,2db8738e-a56d-43e2-b7bc-ed1f775845d2,2026-09-03T04:30:00Z,2026-09-03T06:30:00+0200,8.52264,MW,DK1,DK_1,actual_solar_generation,Solar,2026-09-06T21:23:11Z
2026-09-06T21:22:29Z,2026-09-06T23:22:29+0200,2db8738e-a56d-43e2-b7bc-ed1f775845d2,2026-09-03T04:45:00Z,2026-09-03T06:45:00+0200,16.5539,MW,DK1,DK_1,actual_solar_generation,Solar,2026-09-06T21:23:11Z
2026-09-06T21:22:29Z,2026-09-06T23:22:29+0200,2db8738e-a56d-43e2-b7bc-ed1f775845d2,2026-09-03T05:00:00Z,2026-09-03T07:00:00+0200,26.4973,MW,DK1,DK_1,actual_solar_generation,Solar,2026-09-06T21:23:11Z
2026-09-06T21:22:29Z,2026-09-06T23:22:29+0200,2db8738e-a56d-43e2-b7bc-ed1f775845d2,2026-09-03T05:15:00Z,2026-09-03T07:15:00+0200,39.8304,MW,DK1,DK_1,actual_solar_generation,Solar,2026-09-06T21:23:11Z
2026-09-06T21:22:29Z,2026-09-06T23:22:29+0200,2db8738e-a56d-43e2-b7bc-ed1f775845d2,2026-09-03T05:30:00Z,2026-09-03T07:30:00+0200,77.8862,MW,DK1,DK_1,actual_solar_generation,Solar,2026-09-06T21:23:11Z
2026-09-06T21:22:29Z,2026-09-06T23:22:29+0200,2db8738e-a56d-43e2-b7bc-ed1f775845d2,2026-09-03T05:45:00Z,2026-09-03T07:45:00+0200,118.408,MW,DK1,DK_1,actual_solar_generation,Solar,2026-09-06T21:23:11Z
2026-09-06T21:22:29Z,2026-09-06T23:22:29+0200,2db8738e-a56d-43e2-b7bc-ed1f775845d2,2026-09-03T06:00:00Z,2026-09-03T08:00:00+0200,138.338,MW,DK1,DK_1,actual_solar_generation,Solar,2026-09-06T21:23:11Z
2026-09-06T21:22:29Z,2026-09-06T23:22:29+0200,2db8738e-a56d-43e2-b7bc-ed1f775845d2,2026-09-03T06:15:00Z,2026-09-03T08:15:00+0200,224.584,MW,DK1,DK_1,actual_solar_generation,Solar,2026-09-06T21:23:11Z
2026-09-06T21:22:29Z,2026-09-06T23:22:29+0200,2db8738e-a56d-43e2-b7bc-ed1f775845d2,2026-09-03T06:30:00Z,2026-09-03T08:30:00+0200,237.23,MW,DK1,DK_1,actual_solar_generation,Solar,2026-09-06T21:23:11Z
2026-09-06T21:22:29Z,2026-09-06T23:22:29+0200,2db8738e-a56d-43e2-b7bc-ed1f775845d2,2026-09-03T06:45:00Z,2026-09-03T08:45:00+0200,261.169,MW,DK1,DK_1,actual_solar_generation,Solar,2026-09-06T21:23:11Z
2026-09-06T21:22:29Z,2026-09-06T23:22:29+0200,2db8738e-a56d-43e2-b7bc-ed1f775845d2,2026-09-03T07:00:00Z,2026-09-03T09:00:00+0200,254.878,MW,DK1,DK_1,actual_solar_generation,Solar,2026-09-06T21:23:11Z
2026-09-06T21:22:29Z,2026-09-06T23:22:29+0200,2db8738e-a56d-43e2-b7bc-ed1f775845d2,2026-09-03T07:15:00Z,2026-09-03T09:15:00+0200,276.443,MW,DK1,DK_1,actual_solar_generation,Solar,2026-09-06T21:23:11Z
2026-09-06T21:22:29Z,2026-09-06T23:22:29+0200,2db8738e-a56d-43e2-b7bc-ed1f775845d2,2026-09-03T07:30:00Z,2026-09-03T09:30:00+0200,319.708,MW,DK1,DK_1,actual_solar_generation,Solar,2026-09-06T21:23:11Z
2026-09-06T21:22:29Z,2026-09-06T23:22:29+0200,2db8738e-a56d-43e2-b7bc-ed1f775845d2,2026-09-03T07:45:00Z,2026-09-03T09:45:00+0200,417.06,MW,DK1,DK_1,actual_solar_generation,Solar,2026-09-06T21:23:11Z
2026-09-06T21:22:29Z,2026-09-06T23:22:29+0200,2db8738e-a56d-43e2-b7bc-ed1f775845d2,2026-09-03T08:00:00Z,2026-09-03T10:00:00+0200,496.478,MW,DK1,DK_1,actual_solar_generation,Solar,2026-09-06T21:23:11Z
2026-09-06T21:22:29Z,2026-09-06T23:22:29+0200,2db8738e-a56d-43e2-b7bc-ed1f775845d2,2026-09-03T08:15:00Z,2026-09-03T10:15:00+0200,551.177,MW,DK1,DK_1,actual_solar_generation,Solar,2026-09-06T21:23:11Z
2026-09-06T21:22:29Z,2026-09-06T23:22:29+0200,2db8738e-a56d-43e2-b7bc-ed1f775845d2,2026-09-03T08:30:00Z,2026-09-03T10:30:00+0200,599.155,MW,DK1,DK_1,actual_solar_generation,Solar,2026-09-06T21:23:11Z
2026-09-06T21:22:29Z,2026-09-06T23:22:29+0200,2db8738e-a56d-43e2-b7bc-ed1f775845d2,2026-09-03T08:45:00Z,2026-09-03T10:45:00+0200,637.354,MW,DK1,DK_1,actual_solar_generation,Solar,2026-09-06T21:23:11Z
2026-09-06T21:22:29Z,2026-09-06T23:22:29+0200,2db8738e-a56d-43e2-b7bc-ed1f775845d2,2026-09-03T09:00:00Z,2026-09-03T11:00:00+0200,608.528,MW,DK1,DK_1,actual_solar_generation,Solar,2026-09-06T21:23:11Z
2026-09-06T21:22:29Z,2026-09-06T23:22:29+0200,2db8738e-a56d-43e2-b7bc-ed1f775845d2,2026-09-03T09:15:00Z,2026-09-03T11:15:00+0200,519.184,MW,DK1,DK_1,actual_solar_generation,Solar,2026-09-06T21:23:11Z
2026-09-06T21:22:29Z,2026-09-06T23:22:29+0200,2db8738e-a56d-43e2-b7bc-ed1f775845d2,2026-09-03T09:30:00Z,2026-09-03T11:30:00+0200,609.79,MW,DK1,DK_1,actual_solar_generation,Solar,2026-09-06T21:23:11Z
2026-09-06T21:22:29Z,2026-09-06T23:22:29+0200,2db8738e-a56d-43e2-b7bc-ed1f775845d2,2026-09-03T09:45:00Z,2026-09-03T11:45:00+0200,725.054,MW,DK1,DK_1,actual_solar_generation,Solar,2026-09-06T21:23:11Z
2026-09-06T21:22:29Z,2026-09-06T23:22:29+0200,2db8738e-a56d-43e2-b7bc-ed1f775845d2,2026-09-03T10:00:00Z,2026-09-03T12:00:00+0200,601.122,MW,DK1,DK_1,actual_solar_generation,Solar,2026-09-06T21:23:11Z
2026-09-06T21:22:29Z,2026-09-06T23:22:29+0200,2db8738e-a56d-43e2-b7bc-ed1f775845d2,2026-09-03T10:15:00Z,2026-09-03T12:15:00+0200,457.022,MW,DK1,DK_1,actual_solar_generation,Solar,2026-09-06T21:23:11Z
2026-09-06T21:22:29Z,2026-09-06T23:22:29+0200,2db8738e-a56d-43e2-b7bc-ed1f775845d2,2026-09-03T10:30:00Z,2026-09-03T12:30:00+0200,558.737,MW,DK1,DK_1,actual_solar_generation,Solar,2026-09-06T21:23:11Z
2026-09-06T21:22:29Z,2026-09-06T23:22:29+0200,2db8738e-a56d-43e2-b7bc-ed1f775845d2,2026-09-03T10:45:00Z,2026-09-03T12:45:00+0200,817.171,MW,DK1,DK_1,actual_solar_generation,Solar,2026-09-06T21:23:11Z
2026-09-06T21:22:29Z,2026-09-06T23:22:29+0200,2db8738e-a56d-43e2-b7bc-ed1f775845d2,2026-09-03T11:00:00Z,2026-09-03T13:00:00+0200,860.681,MW,DK1,DK_1,actual_solar_generation,Solar,2026-09-06T21:23:11Z
2026-09-06T21:22:29Z,2026-09-06T23:22:29+0200,2db8738e-a56d-43e2-b7bc-ed1f775845d2,2026-09-03T11:15:00Z,2026-09-03T13:15:00+0200,876.362,MW,DK1,DK_1,actual_solar_generation,Solar,2026-09-06T21:23:11Z
2026-09-06T21:22:29Z,2026-09-06T23:22:29+0200,2db8738e-a56d-43e2-b7bc-ed1f775845d2,2026-09-03T11:30:00Z,2026-09-03T13:30:00+0200,1170.7,MW,DK1,DK_1,actual_solar_generation,Solar,2026-09-06T21:23:11Z
2026-09-06T21:22:29Z,2026-09-06T23:22:29+0200,2db8738e-a56d-43e2-b7bc-ed1f775845d2,2026-09-03T11:45:00Z,2026-09-03T13:45:00+0200,794.268,MW,DK1,DK_1,actual_solar_generation,Solar,2026-09-06T21:23:11Z
2026-09-06T21:22:29Z,2026-09-06T23:22:29+0200,2db8738e-a56d-43e2-b7bc-ed1f775845d2,2026-09-03T12:00:00Z,2026-09-03T14:00:00+0200,843.744,MW,DK1,DK_1,actual_solar_generation,Solar,2026-09-06T21:23:11Z
2026-09-06T21:22:29Z,2026-09-06T23:22:29+0200,2db8738e-a56d-43e2-b7bc-ed1f775845d2,2026-09-03T12:15:00Z,2026-09-03T14:15:00+0200,972.022,MW,DK1,DK_1,actual_solar_generation,Solar,2026-09-06T21:23:11Z
2026-09-06T21:22:29Z,2026-09-06T23:22:29+0200,2db8738e-a56d-43e2-b7bc-ed1f775845d2,2026-09-03T12:30:00Z,2026-09-03T14:30:00+0200,1057.99,MW,DK1,DK_1,actual_solar_generation,Solar,2026-09-06T21:23:11Z
2026-09-06T21:22:29Z,2026-09-06T23:22:29+0200,2db8738e-a56d-43e2-b7bc-ed1f775845d2,2026-09-03T12:45:00Z,2026-09-03T14:45:00+0200,1086.03,MW,DK1,DK_1,actual_solar_generation,Solar,2026-09-06T21:23:11Z
2026-09-06T21:22:29Z,2026-09-06T23:22:29+0200,2db8738e-a56d-43e2-b7bc-ed1f775845d2,2026-09-03T13:00:00Z,2026-09-03T15:00:00+0200,927.299,MW,DK1,DK_1,actual_solar_generation,Solar,2026-09-06T21:23:11Z
2026-09-06T21:22:29Z,2026-09-06T23:22:29+0200,2db8738e-a56d-43e2-b7bc-ed1f775845d2,2026-09-03T13:15:00Z,2026-09-03T15:15:00+0200,879.222,MW,DK1,DK_1,actual_solar_generation,Solar,2026-09-06T21:23:11Z
2026-09-06T21:22:29Z,2026-09-06T23:22:29+0200,2db8738e-a56d-43e2-b7bc-ed1f775845d2,2026-09-03T13:30:00Z,2026-09-03T15:30:00+0200,931.808,MW,DK1,DK_1,actual_solar_generation,Solar,2026-09-06T21:23:11Z
2026-09-06T21:22:29Z,2026-09-06T23:22:29+0200,2db8738e-a56d-43e2-b7bc-ed1f775845d2,2026-09-03T13:45:00Z,2026-09-03T15:45:00+0200,867.861,MW,DK1,DK_1,actual_solar_generation,Solar,2026-09-06T21:23:11Z
2026-09-06T21:22:29Z,2026-09-06T23:22:29+0200,2db8738e-a56d-43e2-b7bc-ed1f775845d2,2026-09-03T14:00:00Z,2026-09-03T16:00:00+0200,831.46,MW,DK1,DK_1,actual_solar_generation,Solar,2026-09-06T21:23:11Z
2026-09-06T21:22:29Z,2026-09-06T23:22:29+0200,2db8738e-a56d-43e2-b7bc-ed1f775845d2,2026-09-03T14:15:00Z,2026-09-03T16:15:00+0200,805.348,MW,DK1,DK_1,actual_solar_generation,Solar,2026-09-06T21:23:11Z
2026-09-06T21:22:29Z,2026-09-06T23:22:29+0200,2db8738e-a56d-43e2-b7bc-ed1f775845d2,2026-09-03T14:30:00Z,2026-09-03T16:30:00+0200,690.77,MW,DK1,DK_1,actual_solar_generation,Solar,2026-09-06T21:23:11Z
2026-09-06T21:22:29Z,2026-09-06T23:22:29+0200,2db8738e-a56d-43e2-b7bc-ed1f775845d2,2026-09-03T14:45:00Z,2026-09-03T16:45:00+0200,537.81,MW,DK1,DK_1,actual_solar_generation,Solar,2026-09-06T21:23:11Z
2026-09-06T21:22:29Z,2026-09-06T23:22:29+0200,2db8738e-a56d-43e2-b7bc-ed1f775845d2,2026-09-03T15:00:00Z,2026-09-03T17:00:00+0200,520.217,MW,DK1,DK_1,actual_solar_generation,Solar,2026-09-06T21:23:11Z
2026-09-06T21:22:29Z,2026-09-06T23:22:29+0200,2db8738e-a56d-43e2-b7bc-ed1f775845d2,2026-09-03T15:15:00Z,2026-09-03T17:15:00+0200,422.033,MW,DK1,DK_1,actual_solar_generation,Solar,2026-09-06T21:23:11Z
2026-09-06T21:22:29Z,2026-09-06T23:22:29+0200,2db8738e-a56d-43e2-b7bc-ed1f775845d2,2026-09-03T15:30:00Z,2026-09-03T17:30:00+0200,480.501,MW,DK1,DK_1,actual_solar_generation,Solar,2026-09-06T21:23:11Z
2026-09-06T21:22:29Z,2026-09-06T23:22:29+0200,2db8738e-a56d-43e2-b7bc-ed1f775845d2,2026-09-03T15:45:00Z,2026-09-03T17:45:00+0200,337.702,MW,DK1,DK_1,actual_solar_generation,Solar,2026-09-06T21:23:11Z
2026-09-06T21:22:29Z,2026-09-06T23:22:29+0200,2db8738e-a56d-43e2-b7bc-ed1f775845d2,2026-09-03T16:00:00Z,2026-09-03T18:00:00+0200,221.606,MW,DK1,DK_1,actual_solar_generation,Solar,2026-09-06T21:23:11Z
2026-09-06T21:22:29Z,2026-09-06T23:22:29+0200,2db8738e-a56d-43e2-b7bc-ed1f775845d2,2026-09-03T16:15:00Z,2026-09-03T18:15:00+0200,206.606,MW,DK1,DK_1,actual_solar_generation,Solar,2026-09-06T21:23:11Z
2026-09-06T21:22:29Z,2026-09-06T23:22:29+0200,2db8738e-a56d-43e2-b7bc-ed1f775845d2,2026-09-03T16:30:00Z,2026-09-03T18:30:00+0200,187.268,MW,DK1,DK_1,actual_solar_generation,Solar,2026-09-06T21:23:11Z
2026-09-06T21:22:29Z,2026-09-06T23:22:29+0200,2db8738e-a56d-43e2-b7bc-ed1f775845d2,2026-09-03T16:45:00Z,2026-09-03T18:45:00+0200,160.429,MW,DK1,DK_1,actual_solar_generation,Solar,2026-09-06T21:23:11Z
2026-09-06T21:22:29Z,2026-09-06T23:22:29+0200,2db8738e-a56d-43e2-b7bc-ed1f775845d2,2026-09-03T17:00:00Z,2026-09-03T19:00:00+0200,124.381,MW,DK1,DK_1,actual_solar_generation,Solar,2026-09-06T21:23:11Z
2026-09-06T21:22:29Z,2026-09-06T23:22:29+0200,2db8738e-a56d-43e2-b7bc-ed1f775845d2,2026-09-03T17:15:00Z,2026-09-03T19:15:00+0200,100.113,MW,DK1,DK_1,actual_solar_generation,Solar,2026-09-06T21:23:11Z
2026-09-06T21:22:29Z,2026-09-06T23:22:29+0200,2db8738e-a56d-43e2-b7bc-ed1f775845d2,2026-09-03T17:30:00Z,2026-09-03T19:30:00+0200,73.3865,MW,DK1,DK_1,actual_solar_generation,Solar,2026-09-06T21:23:11Z
2026-09-06T21:22:29Z,2026-09-06T23:22:29+0200,2db8738e-a56d-43e2-b7bc-ed1f775845d2,2026-09-03T17:45:00Z,2026-09-03T19:45:00+0200,53.3299,MW,DK1,DK_1,actual_solar_generation,Solar,2026-09-06T21:23:11Z
2026-09-06T21:22:29Z,2026-09-06T23:22:29+0200,2db8738e-a56d-43e2-b7bc-ed1f775845d2,2026-09-03T18:00:00Z,2026-09-03T20:00:00+0200,69.8384,MW,DK1,DK_1,actual_solar_generation,Solar,2026-09-06T21:23:11Z
2026-09-06T21:22:29Z,2026-09-06T23:22:29+0200,2db8738e-a56d-43e2-b7bc-ed1f775845d2,2026-09-03T18:15:00Z,2026-09-03T20:15:00+0200,72.56,MW,DK1,DK_1,actual_solar_generation,Solar,2026-09-06T21:23:11Z
2026-09-06T21:22:29Z,2026-09-06T23:22:29+0200,2db8738e-a56d-43e2-b7bc-ed1f775845d2,2026-09-03T18:30:00Z,2026-09-03T20:30:00+0200,71.4928,MW,DK1,DK_1,actual_solar_generation,Solar,2026-09-06T21:23:11Z
2026-09-06T21:22:29Z,2026-09-06T23:22:29+0200,2db8738e-a56d-43e2-b7bc-ed1f775845d2,2026-09-03T18:45:00Z,2026-09-03T20:45:00+0200,68.6647,MW,DK1,DK_1,actual_solar_generation,Solar,2026-09-06T21:23:11Z
2026-09-06T21:22:29Z,2026-09-06T23:22:29+0200,2db8738e-a56d-43e2-b7bc-ed1f775845d2,2026-09-03T19:00:00Z,2026-09-03T21:00:00+0200,63.6907,MW,DK1,DK_1,actual_solar_generation,Solar,2026-09-06T21:23:11Z
2026-09-06T21:22:29Z,2026-09-06T23:22:29+0200,2db8738e-a56d-43e2-b7bc-ed1f775845d2,2026-09-03T19:15:00Z,2026-09-03T21:15:00+0200,55.9822,MW,DK1,DK_1,actual_solar_generation,Solar,2026-09-06T21:23:11Z
2026-09-06T21:22:29Z,2026-09-06T23:22:29+0200,2db8738e-a56d-43e2-b7bc-ed1f775845d2,2026-09-03T19:30:00Z,2026-09-03T21:30:00+0200,56.7113,MW,DK1,DK_1,actual_solar_generation,Solar,2026-09-06T21:23:11Z
2026-09-06T21:22:29Z,2026-09-06T23:22:29+0200,2db8738e-a56d-43e2-b7bc-ed1f775845d2,2026-09-03T19:45:00Z,2026-09-03T21:45:00+0200,56.6026,MW,DK1,DK_1,actual_solar_generation,Solar,2026-09-06T21:23:11Z
2026-09-06T21:22:29Z,2026-09-06T23:22:29+0200,2db8738e-a56d-43e2-b7bc-ed1f775845d2,2026-09-03T20:00:00Z,2026-09-03T22:00:00+0200,18.1461,MW,DK1,DK_1,actual_solar_generation,Solar,2026-09-06T21:23:11Z
2026-09-06T21:22:29Z,2026-09-06T23:22:29+0200,2db8738e-a56d-43e2-b7bc-ed1f775845d2,2026-09-03T20:15:00Z,2026-09-03T22:15:00+0200,10.546,MW,DK1,DK_1,actual_solar_generation,Solar,2026-09-06T21:23:11Z
2026-09-06T21:22:29Z,2026-09-06T23:22:29+0200,2db8738e-a56d-43e2-b7bc-ed1f775845d2,2026-09-03T20:30:00Z,2026-09-03T22:30:00+0200,11.7597,MW,DK1,DK_1,actual_solar_generation,Solar,2026-09-06T21:23:11Z
2026-09-06T21:22:29Z,2026-09-06T23:22:29+0200,2db8738e-a56d-43e2-b7bc-ed1f775845d2,2026-09-03T20:45:00Z,2026-09-03T22:45:00+0200,10.4743,MW,DK1,DK_1,actual_solar_generation,Solar,2026-09-06T21:23:11Z
2026-09-06T21:22:29Z,2026-09-06T23:22:29+0200,2db8738e-a56d-43e2-b7bc-ed1f775845d2,2026-09-03T21:00:00Z,2026-09-03T23:00:00+0200,10.2646,MW,DK1,DK_1,actual_solar_generation,Solar,2026-09-06T21:23:11Z
2026-09-06T21:22:29Z,2026-09-06T23:22:29+0200,2db8738e-a56d-43e2-b7bc-ed1f775845d2,2026-09-03T21:15:00Z,2026-09-03T23:15:00+0200,7.74902,MW,DK1,DK_1,actual_solar_generation,Solar,2026-09-06T21:23:11Z
2026-09-06T21:22:29Z,2026-09-06T23:22:29+0200,2db8738e-a56d-43e2-b7bc-ed1f775845d2,2026-09-03T21:30:00Z,2026-09-03T23:30:00+0200,7.00929,MW,DK1,DK_1,actual_solar_generation,Solar,2026-09-06T21:23:11Z
2026-09-06T21:22:29Z,2026-09-06T23:22:29+0200,2db8738e-a56d-43e2-b7bc-ed1f775845d2,2026-09-03T21:45:00Z,2026-09-03T23:45:00+0200,8.19454,MW,DK1,DK_1,actual_solar_generation,Solar,2026-09-06T21:23:11Z
2026-09-06T21:22:29Z,2026-09-06T23:22:29+0200,2db8738e-a56d-43e2-b7bc-ed1f775845d2,2026-09-03T22:00:00Z,2026-09-04T00:00:00+0200,9.57582,MW,DK1,DK_1,actual_solar_generation,Solar,2026-09-06T21:23:11Z
2026-09-06T21:22:29Z,2026-09-06T23:22:29+0200,2db8738e-a56d-43e2-b7bc-ed1f775845d2,2026-09-03T22:15:00Z,2026-09-04T00:15:00+0200,8.55591,MW,DK1,DK_1,actual_solar_generation,Solar,2026-09-06T21:23:11Z
2026-09-06T21:22:29Z,2026-09-06T23:22:29+0200,2db8738e-a56d-43e2-b7bc-ed1f775845d2,2026-09-03T22:30:00Z,2026-09-04T00:30:00+0200,8.86598,MW,DK1,DK_1,actual_solar_generation,Solar,2026-09-06T21:23:11Z
2026-09-06T21:22:29Z,2026-09-06T23:22:29+0200,2db8738e-a56d-43e2-b7bc-ed1f775845d2,2026-09-03T22:45:00Z,2026-09-04T00:45:00+0200,8.13327,MW,DK1,DK_1,actual_solar_generation,Solar,2026-09-06T21:23:11Z
2026-09-06T21:22:29Z,2026-09-06T23:22:29+0200,2db8738e-a56d-43e2-b7bc-ed1f775845d2,2026-09-03T23:00:00Z,2026-09-04T01:00:00+0200,7.33488,MW,DK1,DK_1,actual_solar_generation,Solar,2026-09-06T21:23:11Z
2026-09-06T21:22:29Z,2026-09-06T23:22:29+0200,2db8738e-a56d-43e2-b7bc-ed1f775845d2,2026-09-03T23:15:00Z,2026-09-04T01:15:00+0200,7.77206,MW,DK1,DK_1,actual_solar_generation,Solar,2026-09-06T21:23:11Z
2026-09-06T21:22:29Z,2026-09-06T23:22:29+0200,2db8738e-a56d-43e2-b7bc-ed1f775845d2,2026-09-03T23:30:00Z,2026-09-04T01:30:00+0200,7.61154,MW,DK1,DK_1,actual_solar_generation,Solar,2026-09-06T21:23:11Z
2026-09-06T21:22:29Z,2026-09-06T23:22:29+0200,2db8738e-a56d-43e2-b7bc-ed1f775845d2,2026-09-03T23:45:00Z,2026-09-04T01:45:00+0200,6.28376,MW,DK1,DK_1,actual_solar_generation,Solar,2026-09-06T21:23:11Z
2026-09-06T21:22:29Z,2026-09-06T23:22:29+0200,2db8738e-a56d-43e2-b7bc-ed1f775845d2,2026-09-04T00:00:00Z,2026-09-04T02:00:00+0200,5.34253,MW,DK1,DK_1,actual_solar_generation,Solar,2026-09-06T21:23:11Z
2026-09-06T21:22:29Z,2026-09-06T23:22:29+0200,2db8738e-a56d-43e2-b7bc-ed1f775845d2,2026-09-04T00:15:00Z,2026-09-04T02:15:00+0200,5.88704,MW,DK1,DK_1,actual_solar_generation,Solar,2026-09-06T21:23:11Z
2026-09-06T21:22:29Z,2026-09-06T23:22:29+0200,2db8738e-a56d-43e2-b7bc-ed1f775845d2,2026-09-04T00:30:00Z,2026-09-04T02:30:00+0200,4.95939,MW,DK1,DK_1,actual_solar_generation,Solar,2026-09-06T21:23:11Z
2026-09-06T21:22:29Z,2026-09-06T23:22:29+0200,2db8738e-a56d-43e2-b7bc-ed1f775845d2,2026-09-04T00:45:00Z,2026-09-04T02:45:00+0200,4.14925,MW,DK1,DK_1,actual_solar_generation,Solar,2026-09-06T21:23:11Z
2026-09-06T21:22:29Z,2026-09-06T23:22:29+0200,2db8738e-a56d-43e2-b7bc-ed1f775845d2,2026-09-04T01:00:00Z,2026-09-04T03:00:00+0200,4.4523,MW,DK1,DK_1,actual_solar_generation,Solar,2026-09-06T21:23:11Z
2026-09-06T21:22:29Z,2026-09-06T23:22:29+0200,2db8738e-a56d-43e2-b7bc-ed1f775845d2,2026-09-04T01:15:00Z,2026-09-04T03:15:00+0200,3.67172,MW,DK1,DK_1,actual_solar_generation,Solar,2026-09-06T21:23:11Z
2026-09-06T21:22:29Z,2026-09-06T23:22:29+0200,2db8738e-a56d-43e2-b7bc-ed1f775845d2,2026-09-04T01:30:00Z,2026-09-04T03:30:00+0200,3.33769,MW,DK1,DK_1,actual_solar_generation,Solar,2026-09-06T21:23:11Z
2026-09-06T21:22:29Z,2026-09-06T23:22:29+0200,2db8738e-a56d-43e2-b7bc-ed1f775845d2,2026-09-04T01:45:00Z,2026-09-04T03:45:00+0200,3.16647,MW,DK1,DK_1,actual_solar_generation,Solar,2026-09-06T21:23:11Z
2026-09-06T21:22:29Z,2026-09-06T23:22:29+0200,2db8738e-a56d-43e2-b7bc-ed1f775845d2,2026-09-04T02:00:00Z,2026-09-04T04:00:00+0200,3.09209,MW,DK1,DK_1,actual_solar_generation,Solar,2026-09-06T21:23:11Z
2026-09-06T21:22:29Z,2026-09-06T23:22:29+0200,2db8738e-a56d-43e2-b7bc-ed1f775845d2,2026-09-04T02:15:00Z,2026-09-04T04:15:00+0200,2.8043,MW,DK1,DK_1,actual_solar_generation,Solar,2026-09-06T21:23:11Z
2026-09-06T21:22:29Z,2026-09-06T23:22:29+0200,2db8738e-a56d-43e2-b7bc-ed1f775845d2,2026-09-04T02:30:00Z,2026-09-04T04:30:00+0200,3.01679,MW,DK1,DK_1,actual_solar_generation,Solar,2026-09-06T21:23:11Z
2026-09-06T21:22:29Z,2026-09-06T23:22:29+0200,2db8738e-a56d-43e2-b7bc-ed1f775845d2,2026-09-04T02:45:00Z,2026-09-04T04:45:00+0200,3.61121,MW,DK1,DK_1,actual_solar_generation,Solar,2026-09-06T21:23:11Z
2026-09-06T21:22:29Z,2026-09-06T23:22:29+0200,2db8738e-a56d-43e2-b7bc-ed1f775845d2,2026-09-04T03:00:00Z,2026-09-04T05:00:00+0200,3.58698,MW,DK1,DK_1,actual_solar_generation,Solar,2026-09-06T21:23:11Z
2026-09-06T21:22:29Z,2026-09-06T23:22:29+0200,2db8738e-a56d-43e2-b7bc-ed1f775845d2,2026-09-04T03:15:00Z,2026-09-04T05:15:00+0200,6.31194,MW,DK1,DK_1,actual_solar_generation,Solar,2026-09-06T21:23:11Z
2026-09-06T21:22:29Z,2026-09-06T23:22:29+0200,2db8738e-a56d-43e2-b7bc-ed1f775845d2,2026-09-04T03:30:00Z,2026-09-04T05:30:00+0200,3.29957,MW,DK1,DK_1,actual_solar_generation,Solar,2026-09-06T21:23:11Z
2026-09-06T21:22:29Z,2026-09-06T23:22:29+0200,2db8738e-a56d-43e2-b7bc-ed1f775845d2,2026-09-04T03:45:00Z,2026-09-04T05:45:00+0200,18.0452,MW,DK1,DK_1,actual_solar_generation,Solar,2026-09-06T21:23:11Z
2026-09-06T21:22:29Z,2026-09-06T23:22:29+0200,2db8738e-a56d-43e2-b7bc-ed1f775845d2,2026-09-04T04:00:00Z,2026-09-04T06:00:00+0200,3.77658,MW,DK1,DK_1,actual_solar_generation,Solar,2026-09-06T21:23:11Z
2026-09-06T21:22:29Z,2026-09-06T23:22:29+0200,2db8738e-a56d-43e2-b7bc-ed1f775845d2,2026-09-04T04:15:00Z,2026-09-04T06:15:00+0200,5.92655,MW,DK1,DK_1,actual_solar_generation,Solar,2026-09-06T21:23:11Z
2026-09-06T21:22:29Z,2026-09-06T23:22:29+0200,2db8738e-a56d-43e2-b7bc-ed1f775845d2,2026-09-04T04:30:00Z,2026-09-04T06:30:00+0200,8.19965,MW,DK1,DK_1,actual_solar_generation,Solar,2026-09-06T21:23:11Z
2026-09-06T21:22:29Z,2026-09-06T23:22:29+0200,2db8738e-a56d-43e2-b7bc-ed1f775845d2,2026-09-04T04:45:00Z,2026-09-04T06:45:00+0200,15.5586,MW,DK1,DK_1,actual_solar_generation,Solar,2026-09-06T21:23:11Z
2026-09-06T21:22:29Z,2026-09-06T23:22:29+0200,2db8738e-a56d-43e2-b7bc-ed1f775845d2,2026-09-04T05:00:00Z,2026-09-04T07:00:00+0200,49.515,MW,DK1,DK_1,actual_solar_generation,Solar,2026-09-06T21:23:11Z
2026-09-06T21:22:29Z,2026-09-06T23:22:29+0200,2db8738e-a56d-43e2-b7bc-ed1f775845d2,2026-09-04T05:15:00Z,2026-09-04T07:15:00+0200,70.6596,MW,DK1,DK_1,actual_solar_generation,Solar,2026-09-06T21:23:11Z
2026-09-06T21:22:29Z,2026-09-06T23:22:29+0200,2db8738e-a56d-43e2-b7bc-ed1f775845d2,2026-09-04T05:30:00Z,2026-09-04T07:30:00+0200,98.9869,MW,DK1,DK_1,actual_solar_generation,Solar,2026-09-06T21:23:11Z
2026-09-06T21:22:29Z,2026-09-06T23:22:29+0200,2db8738e-a56d-43e2-b7bc-ed1f775845d2,2026-09-04T05:45:00Z,2026-09-04T07:45:00+0200,123.074,MW,DK1,DK_1,actual_solar_generation,Solar,2026-09-06T21:23:11Z
2026-09-06T21:22:29Z,2026-09-06T23:22:29+0200,2db8738e-a56d-43e2-b7bc-ed1f775845d2,2026-09-04T06:00:00Z,2026-09-04T08:00:00+0200,169.594,MW,DK1,DK_1,actual_solar_generation,Solar,2026-09-06T21:23:11Z
2026-09-06T21:22:29Z,2026-09-06T23:22:29+0200,2db8738e-a56d-43e2-b7bc-ed1f775845d2,2026-09-04T06:15:00Z,2026-09-04T08:15:00+0200,204.36,MW,DK1,DK_1,actual_solar_generation,Solar,2026-09-06T21:23:11Z
2026-09-06T21:22:29Z,2026-09-06T23:22:29+0200,2db8738e-a56d-43e2-b7bc-ed1f775845d2,2026-09-04T06:30:00Z,2026-09-04T08:30:00+0200,257.841,MW,DK1,DK_1,actual_solar_generation,Solar,2026-09-06T21:23:11Z
2026-09-06T21:22:29Z,2026-09-06T23:22:29+0200,2db8738e-a56d-43e2-b7bc-ed1f775845d2,2026-09-04T06:45:00Z,2026-09-04T08:45:00+0200,261.087,MW,DK1,DK_1,actual_solar_generation,Solar,2026-09-06T21:23:11Z
2026-09-06T21:22:29Z,2026-09-06T23:22:29+0200,2db8738e-a56d-43e2-b7bc-ed1f775845d2,2026-09-04T07:00:00Z,2026-09-04T09:00:00+0200,327.717,MW,DK1,DK_1,actual_solar_generation,Solar,2026-09-06T21:23:11Z
2026-09-06T21:22:29Z,2026-09-06T23:22:29+0200,2db8738e-a56d-43e2-b7bc-ed1f775845d2,2026-09-04T07:15:00Z,2026-09-04T09:15:00+0200,336.835,MW,DK1,DK_1,actual_solar_generation,Solar,2026-09-06T21:23:11Z
2026-09-06T21:22:29Z,2026-09-06T23:22:29+0200,2db8738e-a56d-43e2-b7bc-ed1f775845d2,2026-09-04T07:30:00Z,2026-09-04T09:30:00+0200,338.001,MW,DK1,DK_1,actual_solar_generation,Solar,2026-09-06T21:23:11Z
2026-09-06T21:22:29Z,2026-09-06T23:22:29+0200,2db8738e-a56d-43e2-b7bc-ed1f775845d2,2026-09-04T07:45:00Z,2026-09-04T09:45:00+0200,364.445,MW,DK1,DK_1,actual_solar_generation,Solar,2026-09-06T21:23:11Z
2026-09-06T21:22:29Z,2026-09-06T23:22:29+0200,2db8738e-a56d-43e2-b7bc-ed1f775845d2,2026-09-04T08:00:00Z,2026-09-04T10:00:00+0200,420.215,MW,DK1,DK_1,actual_solar_generation,Solar,2026-09-06T21:23:11Z
2026-09-06T21:22:29Z,2026-09-06T23:22:29+0200,2db8738e-a56d-43e2-b7bc-ed1f775845d2,2026-09-04T08:15:00Z,2026-09-04T10:15:00+0200,383.509,MW,DK1,DK_1,actual_solar_generation,Solar,2026-09-06T21:23:11Z
2026-09-06T21:22:29Z,2026-09-06T23:22:29+0200,2db8738e-a56d-43e2-b7bc-ed1f775845d2,2026-09-04T08:30:00Z,2026-09-04T10:30:00+0200,372.85,MW,DK1,DK_1,actual_solar_generation,Solar,2026-09-06T21:23:11Z
2026-09-06T21:22:29Z,2026-09-06T23:22:29+0200,2db8738e-a56d-43e2-b7bc-ed1f775845d2,2026-09-04T08:45:00Z,2026-09-04T10:45:00+0200,361.946,MW,DK1,DK_1,actual_solar_generation,Solar,2026-09-06T21:23:11Z
2026-09-06T21:22:29Z,2026-09-06T23:22:29+0200,2db8738e-a56d-43e2-b7bc-ed1f775845d2,2026-09-04T09:00:00Z,2026-09-04T11:00:00+0200,294.405,MW,DK1,DK_1,actual_solar_generation,Solar,2026-09-06T21:23:11Z
2026-09-06T21:22:29Z,2026-09-06T23:22:29+0200,2db8738e-a56d-43e2-b7bc-ed1f775845d2,2026-09-04T09:15:00Z,2026-09-04T11:15:00+0200,272.442,MW,DK1,DK_1,actual_solar_generation,Solar,2026-09-06T21:23:11Z
2026-09-06T21:22:29Z,2026-09-06T23:22:29+0200,2db8738e-a56d-43e2-b7bc-ed1f775845d2,2026-09-04T09:30:00Z,2026-09-04T11:30:00+0200,287.93,MW,DK1,DK_1,actual_solar_generation,Solar,2026-09-06T21:23:11Z
2026-09-06T21:22:29Z,2026-09-06T23:22:29+0200,2db8738e-a56d-43e2-b7bc-ed1f775845d2,2026-09-04T09:45:00Z,2026-09-04T11:45:00+0200,299.433,MW,DK1,DK_1,actual_solar_generation,Solar,2026-09-06T21:23:11Z
2026-09-06T21:22:29Z,2026-09-06T23:22:29+0200,2db8738e-a56d-43e2-b7bc-ed1f775845d2,2026-09-04T10:00:00Z,2026-09-04T12:00:00+0200,328.032,MW,DK1,DK_1,actual_solar_generation,Solar,2026-09-06T21:23:11Z
2026-09-06T21:22:29Z,2026-09-06T23:22:29+0200,2db8738e-a56d-43e2-b7bc-ed1f775845d2,2026-09-04T10:15:00Z,2026-09-04T12:15:00+0200,360.28,MW,DK1,DK_1,actual_solar_generation,Solar,2026-09-06T21:23:11Z
2026-09-06T21:22:29Z,2026-09-06T23:22:29+0200,2db8738e-a56d-43e2-b7bc-ed1f775845d2,2026-09-04T10:30:00Z,2026-09-04T12:30:00+0200,413.545,MW,DK1,DK_1,actual_solar_generation,Solar,2026-09-06T21:23:11Z
2026-09-06T21:22:29Z,2026-09-06T23:22:29+0200,2db8738e-a56d-43e2-b7bc-ed1f775845d2,2026-09-04T10:45:00Z,2026-09-04T12:45:00+0200,534.85,MW,DK1,DK_1,actual_solar_generation,Solar,2026-09-06T21:23:11Z
2026-09-06T21:22:29Z,2026-09-06T23:22:29+0200,2db8738e-a56d-43e2-b7bc-ed1f775845d2,2026-09-04T11:00:00Z,2026-09-04T13:00:00+0200,512.613,MW,DK1,DK_1,actual_solar_generation,Solar,2026-09-06T21:23:11Z
2026-09-06T21:22:29Z,2026-09-06T23:22:29+0200,2db8738e-a56d-43e2-b7bc-ed1f775845d2,2026-09-04T11:15:00Z,2026-09-04T13:15:00+0200,688.123,MW,DK1,DK_1,actual_solar_generation,Solar,2026-09-06T21:23:11Z
2026-09-06T21:22:29Z,2026-09-06T23:22:29+0200,2db8738e-a56d-43e2-b7bc-ed1f775845d2,2026-09-04T11:30:00Z,2026-09-04T13:30:00+0200,772.167,MW,DK1,DK_1,actual_solar_generation,Solar,2026-09-06T21:23:11Z
2026-09-06T21:22:29Z,2026-09-06T23:22:29+0200,2db8738e-a56d-43e2-b7bc-ed1f775845d2,2026-09-04T11:45:00Z,2026-09-04T13:45:00+0200,801.222,MW,DK1,DK_1,actual_solar_generation,Solar,2026-09-06T21:23:11Z
2026-09-06T21:22:29Z,2026-09-06T23:22:29+0200,2db8738e-a56d-43e2-b7bc-ed1f775845d2,2026-09-04T12:00:00Z,2026-09-04T14:00:00+0200,1006.91,MW,DK1,DK_1,actual_solar_generation,Solar,2026-09-06T21:23:11Z
2026-09-06T21:22:29Z,2026-09-06T23:22:29+0200,2db8738e-a56d-43e2-b7bc-ed1f775845d2,2026-09-04T12:15:00Z,2026-09-04T14:15:00+0200,1108.85,MW,DK1,DK_1,actual_solar_generation,Solar,2026-09-06T21:23:11Z
2026-09-06T21:22:29Z,2026-09-06T23:22:29+0200,2db8738e-a56d-43e2-b7bc-ed1f775845d2,2026-09-04T12:30:00Z,2026-09-04T14:30:00+0200,1058.17,MW,DK1,DK_1,actual_solar_generation,Solar,2026-09-06T21:23:11Z
2026-09-06T21:22:29Z,2026-09-06T23:22:29+0200,2db8738e-a56d-43e2-b7bc-ed1f775845d2,2026-09-04T12:45:00Z,2026-09-04T14:45:00+0200,1161.62,MW,DK1,DK_1,actual_solar_generation,Solar,2026-09-06T21:23:11Z
2026-09-06T21:22:29Z,2026-09-06T23:22:29+0200,2db8738e-a56d-43e2-b7bc-ed1f775845d2,2026-09-04T13:00:00Z,2026-09-04T15:00:00+0200,1042.28,MW,DK1,DK_1,actual_solar_generation,Solar,2026-09-06T21:23:11Z
2026-09-06T21:22:29Z,2026-09-06T23:22:29+0200,2db8738e-a56d-43e2-b7bc-ed1f775845d2,2026-09-04T13:15:00Z,2026-09-04T15:15:00+0200,1058.75,MW,DK1,DK_1,actual_solar_generation,Solar,2026-09-06T21:23:11Z
2026-09-06T21:22:29Z,2026-09-06T23:22:29+0200,2db8738e-a56d-43e2-b7bc-ed1f775845d2,2026-09-04T13:30:00Z,2026-09-04T15:30:00+0200,1015.44,MW,DK1,DK_1,actual_solar_generation,Solar,2026-09-06T21:23:11Z
2026-09-06T21:22:29Z,2026-09-06T23:22:29+0200,2db8738e-a56d-43e2-b7bc-ed1f775845d2,2026-09-04T13:45:00Z,2026-09-04T15:45:00+0200,859.682,MW,DK1,DK_1,actual_solar_generation,Solar,2026-09-06T21:23:11Z
2026-09-06T21:22:29Z,2026-09-06T23:22:29+0200,2db8738e-a56d-43e2-b7bc-ed1f775845d2,2026-09-04T14:00:00Z,2026-09-04T16:00:00+0200,667.474,MW,DK1,DK_1,actual_solar_generation,Solar,2026-09-06T21:23:11Z
2026-09-06T21:22:29Z,2026-09-06T23:22:29+0200,2db8738e-a56d-43e2-b7bc-ed1f775845d2,2026-09-04T14:15:00Z,2026-09-04T16:15:00+0200,593.924,MW,DK1,DK_1,actual_solar_generation,Solar,2026-09-06T21:23:11Z
2026-09-06T21:22:29Z,2026-09-06T23:22:29+0200,2db8738e-a56d-43e2-b7bc-ed1f775845d2,2026-09-04T14:30:00Z,2026-09-04T16:30:00+0200,519.283,MW,DK1,DK_1,actual_solar_generation,Solar,2026-09-06T21:23:11Z
2026-09-06T21:22:29Z,2026-09-06T23:22:29+0200,2db8738e-a56d-43e2-b7bc-ed1f775845d2,2026-09-04T14:45:00Z,2026-09-04T16:45:00+0200,521.024,MW,DK1,DK_1,actual_solar_generation,Solar,2026-09-06T21:23:11Z
2026-09-06T21:22:29Z,2026-09-06T23:22:29+0200,2db8738e-a56d-43e2-b7bc-ed1f775845d2,2026-09-04T15:00:00Z,2026-09-04T17:00:00+0200,496.91,MW,DK1,DK_1,actual_solar_generation,Solar,2026-09-06T21:23:11Z
2026-09-06T21:22:29Z,2026-09-06T23:22:29+0200,2db8738e-a56d-43e2-b7bc-ed1f775845d2,2026-09-04T15:15:00Z,2026-09-04T17:15:00+0200,451.846,MW,DK1,DK_1,actual_solar_generation,Solar,2026-09-06T21:23:11Z
2026-09-06T21:22:29Z,2026-09-06T23:22:29+0200,2db8738e-a56d-43e2-b7bc-ed1f775845d2,2026-09-04T15:30:00Z,2026-09-04T17:30:00+0200,352.329,MW,DK1,DK_1,actual_solar_generation,Solar,2026-09-06T21:23:11Z
2026-09-06T21:22:29Z,2026-09-06T23:22:29+0200,2db8738e-a56d-43e2-b7bc-ed1f775845d2,2026-09-04T15:45:00Z,2026-09-04T17:45:00+0200,362.921,MW,DK1,DK_1,actual_solar_generation,Solar,2026-09-06T21:23:11Z
2026-09-06T21:22:29Z,2026-09-06T23:22:29+0200,2db8738e-a56d-43e2-b7bc-ed1f775845d2,2026-09-04T16:00:00Z,2026-09-04T18:00:00+0200,433.392,MW,DK1,DK_1,actual_solar_generation,Solar,2026-09-06T21:23:11Z
2026-09-06T21:22:29Z,2026-09-06T23:22:29+0200,2db8738e-a56d-43e2-b7bc-ed1f775845d2,2026-09-04T16:15:00Z,2026-09-04T18:15:00+0200,446.206,MW,DK1,DK_1,actual_solar_generation,Solar,2026-09-06T21:23:11Z
2026-09-06T21:22:29Z,2026-09-06T23:22:29+0200,2db8738e-a56d-43e2-b7bc-ed1f775845d2,2026-09-04T16:30:00Z,2026-09-04T18:30:00+0200,376.755,MW,DK1,DK_1,actual_solar_generation,Solar,2026-09-06T21:23:11Z
2026-09-06T21:22:29Z,2026-09-06T23:22:29+0200,2db8738e-a56d-43e2-b7bc-ed1f775845d2,2026-09-04T16:45:00Z,2026-09-04T18:45:00+0200,302.05,MW,DK1,DK_1,actual_solar_generation,Solar,2026-09-06T21:23:11Z
2026-09-06T21:22:29Z,2026-09-06T23:22:29+0200,2db8738e-a56d-43e2-b7bc-ed1f775845d2,2026-09-04T17:00:00Z,2026-09-04T19:00:00+0200,282.695,MW,DK1,DK_1,actual_solar_generation,Solar,2026-09-06T21:23:11Z
2026-09-06T21:22:29Z,2026-09-06T23:22:29+0200,2db8738e-a56d-43e2-b7bc-ed1f775845d2,2026-09-04T17:15:00Z,2026-09-04T19:15:00+0200,203.85,MW,DK1,DK_1,actual_solar_generation,Solar,2026-09-06T21:23:11Z
2026-09-06T21:22:29Z,2026-09-06T23:22:29+0200,2db8738e-a56d-43e2-b7bc-ed1f775845d2,2026-09-04T17:30:00Z,2026-09-04T19:30:00+0200,148.647,MW,DK1,DK_1,actual_solar_generation,Solar,2026-09-06T21:23:11Z
2026-09-06T21:22:29Z,2026-09-06T23:22:29+0200,2db8738e-a56d-43e2-b7bc-ed1f775845d2,2026-09-04T17:45:00Z,2026-09-04T19:45:00+0200,122.54,MW,DK1,DK_1,actual_solar_generation,Solar,2026-09-06T21:23:11Z
2026-09-06T21:22:29Z,2026-09-06T23:22:29+0200,2db8738e-a56d-43e2-b7bc-ed1f775845d2,2026-09-04T18:00:00Z,2026-09-04T20:00:00+0200,104.275,MW,DK1,DK_1,actual_solar_generation,Solar,2026-09-06T21:23:11Z
2026-09-06T21:22:29Z,2026-09-06T23:22:29+0200,2db8738e-a56d-43e2-b7bc-ed1f775845d2,2026-09-04T18:15:00Z,2026-09-04T20:15:00+0200,95.4495,MW,DK1,DK_1,actual_solar_generation,Solar,2026-09-06T21:23:11Z
2026-09-06T21:22:29Z,2026-09-06T23:22:29+0200,2db8738e-a56d-43e2-b7bc-ed1f775845d2,2026-09-04T18:30:00Z,2026-09-04T20:30:00+0200,93.798,MW,DK1,DK_1,actual_solar_generation,Solar,2026-09-06T21:23:11Z
2026-09-06T21:22:29Z,2026-09-06T23:22:29+0200,2db8738e-a56d-43e2-b7bc-ed1f775845d2,2026-09-04T18:45:00Z,2026-09-04T20:45:00+0200,89.6418,MW,DK1,DK_1,actual_solar_generation,Solar,2026-09-06T21:23:11Z
2026-09-06T21:22:29Z,2026-09-06T23:22:29+0200,2db8738e-a56d-43e2-b7bc-ed1f775845d2,2026-09-04T19:00:00Z,2026-09-04T21:00:00+0200,49.6785,MW,DK1,DK_1,actual_solar_generation,Solar,2026-09-06T21:23:11Z
2026-09-06T21:22:29Z,2026-09-06T23:22:29+0200,2db8738e-a56d-43e2-b7bc-ed1f775845d2,2026-09-04T19:15:00Z,2026-09-04T21:15:00+0200,35.3409,MW,DK1,DK_1,actual_solar_generation,Solar,2026-09-06T21:23:11Z
2026-09-06T21:22:29Z,2026-09-06T23:22:29+0200,2db8738e-a56d-43e2-b7bc-ed1f775845d2,2026-09-04T19:30:00Z,2026-09-04T21:30:00+0200,18.8864,MW,DK1,DK_1,actual_solar_generation,Solar,2026-09-06T21:23:11Z
2026-09-06T21:22:29Z,2026-09-06T23:22:29+0200,2db8738e-a56d-43e2-b7bc-ed1f775845d2,2026-09-04T19:45:00Z,2026-09-04T21:45:00+0200,15.9612,MW,DK1,DK_1,actual_solar_generation,Solar,2026-09-06T21:23:11Z
2026-09-06T21:22:29Z,2026-09-06T23:22:29+0200,2db8738e-a56d-43e2-b7bc-ed1f775845d2,2026-09-04T20:00:00Z,2026-09-04T22:00:00+0200,8.52631,MW,DK1,DK_1,actual_solar_generation,Solar,2026-09-06T21:23:11Z
2026-09-06T21:22:29Z,2026-09-06T23:22:29+0200,2db8738e-a56d-43e2-b7bc-ed1f775845d2,2026-09-04T20:15:00Z,2026-09-04T22:15:00+0200,7.89407,MW,DK1,DK_1,actual_solar_generation,Solar,2026-09-06T21:23:11Z
2026-09-06T21:22:29Z,2026-09-06T23:22:29+0200,2db8738e-a56d-43e2-b7bc-ed1f775845d2,2026-09-04T20:30:00Z,2026-09-04T22:30:00+0200,7.78599,MW,DK1,DK_1,actual_solar_generation,Solar,2026-09-06T21:23:11Z
2026-09-06T21:22:29Z,2026-09-06T23:22:29+0200,2db8738e-a56d-43e2-b7bc-ed1f775845d2,2026-09-04T20:45:00Z,2026-09-04T22:45:00+0200,8.348,MW,DK1,DK_1,actual_solar_generation,Solar,2026-09-06T21:23:11Z
2026-09-06T21:22:29Z,2026-09-06T23:22:29+0200,2db8738e-a56d-43e2-b7bc-ed1f775845d2,2026-09-04T21:00:00Z,2026-09-04T23:00:00+0200,9.53494,MW,DK1,DK_1,actual_solar_generation,Solar,2026-09-06T21:23:11Z
2026-09-06T21:22:29Z,2026-09-06T23:22:29+0200,2db8738e-a56d-43e2-b7bc-ed1f775845d2,2026-09-04T21:15:00Z,2026-09-04T23:15:00+0200,10.5179,MW,DK1,DK_1,actual_solar_generation,Solar,2026-09-06T21:23:11Z
2026-09-06T21:22:29Z,2026-09-06T23:22:29+0200,2db8738e-a56d-43e2-b7bc-ed1f775845d2,2026-09-04T21:30:00Z,2026-09-04T23:30:00+0200,11.0233,MW,DK1,DK_1,actual_solar_generation,Solar,2026-09-06T21:23:11Z
2026-09-06T21:22:29Z,2026-09-06T23:22:29+0200,2db8738e-a56d-43e2-b7bc-ed1f775845d2,2026-09-04T21:45:00Z,2026-09-04T23:45:00+0200,10.7977,MW,DK1,DK_1,actual_solar_generation,Solar,2026-09-06T21:23:11Z
2026-09-06T21:22:29Z,2026-09-06T23:22:29+0200,2db8738e-a56d-43e2-b7bc-ed1f775845d2,2026-09-04T22:00:00Z,2026-09-05T00:00:00+0200,8.51722,MW,DK1,DK_1,actual_solar_generation,Solar,2026-09-06T21:23:11Z
2026-09-06T21:22:29Z,2026-09-06T23:22:29+0200,2db8738e-a56d-43e2-b7bc-ed1f775845d2,2026-09-04T22:15:00Z,2026-09-05T00:15:00+0200,8.58976,MW,DK1,DK_1,actual_solar_generation,Solar,2026-09-06T21:23:11Z
2026-09-06T21:22:29Z,2026-09-06T23:22:29+0200,2db8738e-a56d-43e2-b7bc-ed1f775845d2,2026-09-04T22:30:00Z,2026-09-05T00:30:00+0200,8.48498,MW,DK1,DK_1,actual_solar_generation,Solar,2026-09-06T21:23:11Z
2026-09-06T21:22:29Z,2026-09-06T23:22:29+0200,2db8738e-a56d-43e2-b7bc-ed1f775845d2,2026-09-04T22:45:00Z,2026-09-05T00:45:00+0200,8.58394,MW,DK1,DK_1,actual_solar_generation,Solar,2026-09-06T21:23:11Z
2026-09-06T21:22:29Z,2026-09-06T23:22:29+0200,2db8738e-a56d-43e2-b7bc-ed1f775845d2,2026-09-04T23:00:00Z,2026-09-05T01:00:00+0200,9.12526,MW,DK1,DK_1,actual_solar_generation,Solar,2026-09-06T21:23:11Z
2026-09-06T21:22:29Z,2026-09-06T23:22:29+0200,2db8738e-a56d-43e2-b7bc-ed1f775845d2,2026-09-04T23:15:00Z,2026-09-05T01:15:00+0200,9.93889,MW,DK1,DK_1,actual_solar_generation,Solar,2026-09-06T21:23:11Z
2026-09-06T21:22:29Z,2026-09-06T23:22:29+0200,2db8738e-a56d-43e2-b7bc-ed1f775845d2,2026-09-04T23:30:00Z,2026-09-05T01:30:00+0200,9.42108,MW,DK1,DK_1,actual_solar_generation,Solar,2026-09-06T21:23:11Z
2026-09-06T21:22:29Z,2026-09-06T23:22:29+0200,2db8738e-a56d-43e2-b7bc-ed1f775845d2,2026-09-04T23:45:00Z,2026-09-05T01:45:00+0200,9.97691,MW,DK1,DK_1,actual_solar_generation,Solar,2026-09-06T21:23:11Z
2026-09-06T21:22:29Z,2026-09-06T23:22:29+0200,2db8738e-a56d-43e2-b7bc-ed1f775845d2,2026-09-05T00:00:00Z,2026-09-05T02:00:00+0200,11.9005,MW,DK1,DK_1,actual_solar_generation,Solar,2026-09-06T21:23:11Z
2026-09-06T21:22:29Z,2026-09-06T23:22:29+0200,2db8738e-a56d-43e2-b7bc-ed1f775845d2,2026-09-05T00:15:00Z,2026-09-05T02:15:00+0200,11.5574,MW,DK1,DK_1,actual_solar_generation,Solar,2026-09-06T21:23:11Z
2026-09-06T21:22:29Z,2026-09-06T23:22:29+0200,2db8738e-a56d-43e2-b7bc-ed1f775845d2,2026-09-05T00:30:00Z,2026-09-05T02:30:00+0200,10.873,MW,DK1,DK_1,actual_solar_generation,Solar,2026-09-06T21:23:11Z
2026-09-06T21:22:29Z,2026-09-06T23:22:29+0200,2db8738e-a56d-43e2-b7bc-ed1f775845d2,2026-09-05T00:45:00Z,2026-09-05T02:45:00+0200,8.98463,MW,DK1,DK_1,actual_solar_generation,Solar,2026-09-06T21:23:11Z
2026-09-06T21:22:29Z,2026-09-06T23:22:29+0200,2db8738e-a56d-43e2-b7bc-ed1f775845d2,2026-09-05T01:00:00Z,2026-09-05T03:00:00+0200,8.74702,MW,DK1,DK_1,actual_solar_generation,Solar,2026-09-06T21:23:11Z
2026-09-06T21:22:29Z,2026-09-06T23:22:29+0200,2db8738e-a56d-43e2-b7bc-ed1f775845d2,2026-09-05T01:15:00Z,2026-09-05T03:15:00+0200,8.38609,MW,DK1,DK_1,actual_solar_generation,Solar,2026-09-06T21:23:11Z
2026-09-06T21:22:29Z,2026-09-06T23:22:29+0200,2db8738e-a56d-43e2-b7bc-ed1f775845d2,2026-09-05T01:30:00Z,2026-09-05T03:30:00+0200,8.16291,MW,DK1,DK_1,actual_solar_generation,Solar,2026-09-06T21:23:11Z
2026-09-06T21:22:29Z,2026-09-06T23:22:29+0200,2db8738e-a56d-43e2-b7bc-ed1f775845d2,2026-09-05T01:45:00Z,2026-09-05T03:45:00+0200,8.5214,MW,DK1,DK_1,actual_solar_generation,Solar,2026-09-06T21:23:11Z
2026-09-06T21:22:29Z,2026-09-06T23:22:29+0200,2db8738e-a56d-43e2-b7bc-ed1f775845d2,2026-09-05T02:00:00Z,2026-09-05T04:00:00+0200,8.34605,MW,DK1,DK_1,actual_solar_generation,Solar,2026-09-06T21:23:11Z
2026-09-06T21:22:29Z,2026-09-06T23:22:29+0200,2db8738e-a56d-43e2-b7bc-ed1f775845d2,2026-09-05T02:15:00Z,2026-09-05T04:15:00+0200,8.12929,MW,DK1,DK_1,actual_solar_generation,Solar,2026-09-06T21:23:11Z
2026-09-06T21:22:29Z,2026-09-06T23:22:29+0200,2db8738e-a56d-43e2-b7bc-ed1f775845d2,2026-09-05T02:30:00Z,2026-09-05T04:30:00+0200,8.21127,MW,DK1,DK_1,actual_solar_generation,Solar,2026-09-06T21:23:11Z
2026-09-06T21:22:29Z,2026-09-06T23:22:29+0200,2db8738e-a56d-43e2-b7bc-ed1f775845d2,2026-09-05T02:45:00Z,2026-09-05T04:45:00+0200,8.00068,MW,DK1,DK_1,actual_solar_generation,Solar,2026-09-06T21:23:11Z
2026-09-06T21:22:29Z,2026-09-06T23:22:29+0200,2db8738e-a56d-43e2-b7bc-ed1f775845d2,2026-09-05T03:00:00Z,2026-09-05T05:00:00+0200,8.10831,MW,DK1,DK_1,actual_solar_generation,Solar,2026-09-06T21:23:11Z
2026-09-06T21:22:29Z,2026-09-06T23:22:29+0200,2db8738e-a56d-43e2-b7bc-ed1f775845d2,2026-09-05T03:15:00Z,2026-09-05T05:15:00+0200,7.49206,MW,DK1,DK_1,actual_solar_generation,Solar,2026-09-06T21:23:11Z
2026-09-06T21:22:29Z,2026-09-06T23:22:29+0200,2db8738e-a56d-43e2-b7bc-ed1f775845d2,2026-09-05T03:30:00Z,2026-09-05T05:30:00+0200,6.81516,MW,DK1,DK_1,actual_solar_generation,Solar,2026-09-06T21:23:11Z
2026-09-06T21:22:29Z,2026-09-06T23:22:29+0200,2db8738e-a56d-43e2-b7bc-ed1f775845d2,2026-09-05T03:45:00Z,2026-09-05T05:45:00+0200,5.28714,MW,DK1,DK_1,actual_solar_generation,Solar,2026-09-06T21:23:11Z
2026-09-06T21:22:29Z,2026-09-06T23:22:29+0200,2db8738e-a56d-43e2-b7bc-ed1f775845d2,2026-09-05T04:00:00Z,2026-09-05T06:00:00+0200,8.95267,MW,DK1,DK_1,actual_solar_generation,Solar,2026-09-06T21:23:11Z
2026-09-06T21:22:29Z,2026-09-06T23:22:29+0200,2db8738e-a56d-43e2-b7bc-ed1f775845d2,2026-09-05T04:15:00Z,2026-09-05T06:15:00+0200,13.299,MW,DK1,DK_1,actual_solar_generation,Solar,2026-09-06T21:23:11Z
2026-09-06T21:22:29Z,2026-09-06T23:22:29+0200,2db8738e-a56d-43e2-b7bc-ed1f775845d2,2026-09-05T04:30:00Z,2026-09-05T06:30:00+0200,18.9433,MW,DK1,DK_1,actual_solar_generation,Solar,2026-09-06T21:23:11Z
2026-09-06T21:22:29Z,2026-09-06T23:22:29+0200,2db8738e-a56d-43e2-b7bc-ed1f775845d2,2026-09-05T04:45:00Z,2026-09-05T06:45:00+0200,33.8236,MW,DK1,DK_1,actual_solar_generation,Solar,2026-09-06T21:23:11Z
2026-09-06T21:22:29Z,2026-09-06T23:22:29+0200,2db8738e-a56d-43e2-b7bc-ed1f775845d2,2026-09-05T05:00:00Z,2026-09-05T07:00:00+0200,66.6217,MW,DK1,DK_1,actual_solar_generation,Solar,2026-09-06T21:23:11Z
2026-09-06T21:22:29Z,2026-09-06T23:22:29+0200,2db8738e-a56d-43e2-b7bc-ed1f775845d2,2026-09-05T05:15:00Z,2026-09-05T07:15:00+0200,99.8325,MW,DK1,DK_1,actual_solar_generation,Solar,2026-09-06T21:23:11Z
2026-09-06T21:22:29Z,2026-09-06T23:22:29+0200,2db8738e-a56d-43e2-b7bc-ed1f775845d2,2026-09-05T05:30:00Z,2026-09-05T07:30:00+0200,123.305,MW,DK1,DK_1,actual_solar_generation,Solar,2026-09-06T21:23:11Z
2026-09-06T21:22:29Z,2026-09-06T23:22:29+0200,2db8738e-a56d-43e2-b7bc-ed1f775845d2,2026-09-05T05:45:00Z,2026-09-05T07:45:00+0200,193.118,MW,DK1,DK_1,actual_solar_generation,Solar,2026-09-06T21:23:11Z
2026-09-06T21:22:29Z,2026-09-06T23:22:29+0200,2db8738e-a56d-43e2-b7bc-ed1f775845d2,2026-09-05T06:00:00Z,2026-09-05T08:00:00+0200,269.835,MW,DK1,DK_1,actual_solar_generation,Solar,2026-09-06T21:23:11Z
2026-09-06T21:22:29Z,2026-09-06T23:22:29+0200,2db8738e-a56d-43e2-b7bc-ed1f775845d2,2026-09-05T06:15:00Z,2026-09-05T08:15:00+0200,369.502,MW,DK1,DK_1,actual_solar_generation,Solar,2026-09-06T21:23:11Z
2026-09-06T21:22:29Z,2026-09-06T23:22:29+0200,2db8738e-a56d-43e2-b7bc-ed1f775845d2,2026-09-05T06:30:00Z,2026-09-05T08:30:00+0200,450.212,MW,DK1,DK_1,actual_solar_generation,Solar,2026-09-06T21:23:11Z
2026-09-06T21:22:29Z,2026-09-06T23:22:29+0200,2db8738e-a56d-43e2-b7bc-ed1f775845d2,2026-09-05T06:45:00Z,2026-09-05T08:45:00+0200,506.984,MW,DK1,DK_1,actual_solar_generation,Solar,2026-09-06T21:23:11Z
2026-09-06T21:22:29Z,2026-09-06T23:22:29+0200,2db8738e-a56d-43e2-b7bc-ed1f775845d2,2026-09-05T07:00:00Z,2026-09-05T09:00:00+0200,368.993,MW,DK1,DK_1,actual_solar_generation,Solar,2026-09-06T21:23:11Z
2026-09-06T21:22:29Z,2026-09-06T23:22:29+0200,2db8738e-a56d-43e2-b7bc-ed1f775845d2,2026-09-05T07:15:00Z,2026-09-05T09:15:00+0200,291.437,MW,DK1,DK_1,actual_solar_generation,Solar,2026-09-06T21:23:11Z
2026-09-06T21:22:29Z,2026-09-06T23:22:29+0200,2db8738e-a56d-43e2-b7bc-ed1f775845d2,2026-09-05T07:30:00Z,2026-09-05T09:30:00+0200,333.088,MW,DK1,DK_1,actual_solar_generation,Solar,2026-09-06T21:23:11Z
2026-09-06T21:22:29Z,2026-09-06T23:22:29+0200,2db8738e-a56d-43e2-b7bc-ed1f775845d2,2026-09-05T07:45:00Z,2026-09-05T09:45:00+0200,579.465,MW,DK1,DK_1,actual_solar_generation,Solar,2026-09-06T21:23:11Z
2026-09-06T21:22:29Z,2026-09-06T23:22:29+0200,2db8738e-a56d-43e2-b7bc-ed1f775845d2,2026-09-05T08:00:00Z,2026-09-05T10:00:00+0200,806.502,MW,DK1,DK_1,actual_solar_generation,Solar,2026-09-06T21:23:11Z
2026-09-06T21:22:29Z,2026-09-06T23:22:29+0200,2db8738e-a56d-43e2-b7bc-ed1f775845d2,2026-09-05T08:15:00Z,2026-09-05T10:15:00+0200,1046.69,MW,DK1,DK_1,actual_solar_generation,Solar,2026-09-06T21:23:11Z
2026-09-06T21:22:29Z,2026-09-06T23:22:29+0200,2db8738e-a56d-43e2-b7bc-ed1f775845d2,2026-09-05T08:30:00Z,2026-09-05T10:30:00+0200,975.721,MW,DK1,DK_1,actual_solar_generation,Solar,2026-09-06T21:23:11Z
2026-09-06T21:22:29Z,2026-09-06T23:22:29+0200,2db8738e-a56d-43e2-b7bc-ed1f775845d2,2026-09-05T08:45:00Z,2026-09-05T10:45:00+0200,682.387,MW,DK1,DK_1,actual_solar_generation,Solar,2026-09-06T21:23:11Z
2026-09-06T21:22:29Z,2026-09-06T23:22:29+0200,2db8738e-a56d-43e2-b7bc-ed1f775845d2,2026-09-05T09:00:00Z,2026-09-05T11:00:00+0200,943.239,MW,DK1,DK_1,actual_solar_generation,Solar,2026-09-06T21:23:11Z
2026-09-06T21:22:29Z,2026-09-06T23:22:29+0200,2db8738e-a56d-43e2-b7bc-ed1f775845d2,2026-09-05T09:15:00Z,2026-09-05T11:15:00+0200,976.187,MW,DK1,DK_1,actual_solar_generation,Solar,2026-09-06T21:23:11Z
2026-09-06T21:22:29Z,2026-09-06T23:22:29+0200,2db8738e-a56d-43e2-b7bc-ed1f775845d2,2026-09-05T09:30:00Z,2026-09-05T11:30:00+0200,902.266,MW,DK1,DK_1,actual_solar_generation,Solar,2026-09-06T21:23:11Z
2026-09-06T21:22:29Z,2026-09-06T23:22:29+0200,2db8738e-a56d-43e2-b7bc-ed1f775845d2,2026-09-05T09:45:00Z,2026-09-05T11:45:00+0200,1013.47,MW,DK1,DK_1,actual_solar_generation,Solar,2026-09-06T21:23:11Z
2026-09-06T21:22:29Z,2026-09-06T23:22:29+0200,2db8738e-a56d-43e2-b7bc-ed1f775845d2,2026-09-05T10:00:00Z,2026-09-05T12:00:00+0200,1092.74,MW,DK1,DK_1,actual_solar_generation,Solar,2026-09-06T21:23:11Z
2026-09-06T21:22:29Z,2026-09-06T23:22:29+0200,2db8738e-a56d-43e2-b7bc-ed1f775845d2,2026-09-05T10:15:00Z,2026-09-05T12:15:00+0200,1035.87,MW,DK1,DK_1,actual_solar_generation,Solar,2026-09-06T21:23:11Z
2026-09-06T21:22:29Z,2026-09-06T23:22:29+0200,2db8738e-a56d-43e2-b7bc-ed1f775845d2,2026-09-05T10:30:00Z,2026-09-05T12:30:00+0200,1155.83,MW,DK1,DK_1,actual_solar_generation,Solar,2026-09-06T21:23:11Z
2026-09-06T21:22:29Z,2026-09-06T23:22:29+0200,2db8738e-a56d-43e2-b7bc-ed1f775845d2,2026-09-05T10:45:00Z,2026-09-05T12:45:00+0200,1094.38,MW,DK1,DK_1,actual_solar_generation,Solar,2026-09-06T21:23:11Z
2026-09-06T21:22:29Z,2026-09-06T23:22:29+0200,2db8738e-a56d-43e2-b7bc-ed1f775845d2,2026-09-05T11:00:00Z,2026-09-05T13:00:00+0200,1005.16,MW,DK1,DK_1,actual_solar_generation,Solar,2026-09-06T21:23:11Z
2026-09-06T21:22:29Z,2026-09-06T23:22:29+0200,2db8738e-a56d-43e2-b7bc-ed1f775845d2,2026-09-05T11:15:00Z,2026-09-05T13:15:00+0200,985.649,MW,DK1,DK_1,actual_solar_generation,Solar,2026-09-06T21:23:11Z
2026-09-06T21:22:29Z,2026-09-06T23:22:29+0200,2db8738e-a56d-43e2-b7bc-ed1f775845d2,2026-09-05T11:30:00Z,2026-09-05T13:30:00+0200,877.717,MW,DK1,DK_1,actual_solar_generation,Solar,2026-09-06T21:23:11Z
2026-09-06T21:22:29Z,2026-09-06T23:22:29+0200,2db8738e-a56d-43e2-b7bc-ed1f775845d2,2026-09-05T11:45:00Z,2026-09-05T13:45:00+0200,1065.32,MW,DK1,DK_1,actual_solar_generation,Solar,2026-09-06T21:23:11Z
2026-09-06T21:22:29Z,2026-09-06T23:22:29+0200,2db8738e-a56d-43e2-b7bc-ed1f775845d2,2026-09-05T12:00:00Z,2026-09-05T14:00:00+0200,1044.96,MW,DK1,DK_1,actual_solar_generation,Solar,2026-09-06T21:23:11Z
2026-09-06T21:22:29Z,2026-09-06T23:22:29+0200,2db8738e-a56d-43e2-b7bc-ed1f775845d2,2026-09-05T12:15:00Z,2026-09-05T14:15:00+0200,809.282,MW,DK1,DK_1,actual_solar_generation,Solar,2026-09-06T21:23:11Z
2026-09-06T21:22:29Z,2026-09-06T23:22:29+0200,2db8738e-a56d-43e2-b7bc-ed1f775845d2,2026-09-05T12:30:00Z,2026-09-05T14:30:00+0200,850.951,MW,DK1,DK_1,actual_solar_generation,Solar,2026-09-06T21:23:11Z
2026-09-06T21:22:29Z,2026-09-06T23:22:29+0200,2db8738e-a56d-43e2-b7bc-ed1f775845d2,2026-09-05T12:45:00Z,2026-09-05T14:45:00+0200,766.816,MW,DK1,DK_1,actual_solar_generation,Solar,2026-09-06T21:23:11Z
2026-09-06T21:22:29Z,2026-09-06T23:22:29+0200,2db8738e-a56d-43e2-b7bc-ed1f775845d2,2026-09-05T13:00:00Z,2026-09-05T15:00:00+0200,707.864,MW,DK1,DK_1,actual_solar_generation,Solar,2026-09-06T21:23:11Z
2026-09-06T21:22:29Z,2026-09-06T23:22:29+0200,2db8738e-a56d-43e2-b7bc-ed1f775845d2,2026-09-05T13:15:00Z,2026-09-05T15:15:00+0200,843.779,MW,DK1,DK_1,actual_solar_generation,Solar,2026-09-06T21:23:11Z
2026-09-06T21:22:29Z,2026-09-06T23:22:29+0200,2db8738e-a56d-43e2-b7bc-ed1f775845d2,2026-09-05T13:30:00Z,2026-09-05T15:30:00+0200,614.62,MW,DK1,DK_1,actual_solar_generation,Solar,2026-09-06T21:23:11Z
2026-09-06T21:22:29Z,2026-09-06T23:22:29+0200,2db8738e-a56d-43e2-b7bc-ed1f775845d2,2026-09-05T13:45:00Z,2026-09-05T15:45:00+0200,756.185,MW,DK1,DK_1,actual_solar_generation,Solar,2026-09-06T21:23:11Z
2026-09-06T21:22:29Z,2026-09-06T23:22:29+0200,2db8738e-a56d-43e2-b7bc-ed1f775845d2,2026-09-05T14:00:00Z,2026-09-05T16:00:00+0200,642.161,MW,DK1,DK_1,actual_solar_generation,Solar,2026-09-06T21:23:11Z
2026-09-06T21:22:29Z,2026-09-06T23:22:29+0200,2db8738e-a56d-43e2-b7bc-ed1f775845d2,2026-09-05T14:15:00Z,2026-09-05T16:15:00+0200,817.323,MW,DK1,DK_1,actual_solar_generation,Solar,2026-09-06T21:23:11Z
2026-09-06T21:22:29Z,2026-09-06T23:22:29+0200,2db8738e-a56d-43e2-b7bc-ed1f775845d2,2026-09-05T14:30:00Z,2026-09-05T16:30:00+0200,1194.16,MW,DK1,DK_1,actual_solar_generation,Solar,2026-09-06T21:23:11Z
2026-09-06T21:22:29Z,2026-09-06T23:22:29+0200,2db8738e-a56d-43e2-b7bc-ed1f775845d2,2026-09-05T14:45:00Z,2026-09-05T16:45:00+0200,1037.0,MW,DK1,DK_1,actual_solar_generation,Solar,2026-09-06T21:23:11Z
2026-09-06T21:22:29Z,2026-09-06T23:22:29+0200,2db8738e-a56d-43e2-b7bc-ed1f775845d2,2026-09-05T15:00:00Z,2026-09-05T17:00:00+0200,516.977,MW,DK1,DK_1,actual_solar_generation,Solar,2026-09-06T21:23:11Z
2026-09-06T21:22:29Z,2026-09-06T23:22:29+0200,2db8738e-a56d-43e2-b7bc-ed1f775845d2,2026-09-05T15:15:00Z,2026-09-05T17:15:00+0200,482.77,MW,DK1,DK_1,actual_solar_generation,Solar,2026-09-06T21:23:11Z
2026-09-06T21:22:29Z,2026-09-06T23:22:29+0200,2db8738e-a56d-43e2-b7bc-ed1f775845d2,2026-09-05T15:30:00Z,2026-09-05T17:30:00+0200,554.553,MW,DK1,DK_1,actual_solar_generation,Solar,2026-09-06T21:23:11Z
2026-09-06T21:22:29Z,2026-09-06T23:22:29+0200,2db8738e-a56d-43e2-b7bc-ed1f775845d2,2026-09-05T15:45:00Z,2026-09-05T17:45:00+0200,521.807,MW,DK1,DK_1,actual_solar_generation,Solar,2026-09-06T21:23:11Z
2026-09-06T21:22:29Z,2026-09-06T23:22:29+0200,2db8738e-a56d-43e2-b7bc-ed1f775845d2,2026-09-05T16:00:00Z,2026-09-05T18:00:00+0200,312.29,MW,DK1,DK_1,actual_solar_generation,Solar,2026-09-06T21:23:11Z
2026-09-06T21:22:29Z,2026-09-06T23:22:29+0200,2db8738e-a56d-43e2-b7bc-ed1f775845d2,2026-09-05T16:15:00Z,2026-09-05T18:15:00+0200,270.176,MW,DK1,DK_1,actual_solar_generation,Solar,2026-09-06T21:23:11Z
2026-09-06T21:22:29Z,2026-09-06T23:22:29+0200,2db8738e-a56d-43e2-b7bc-ed1f775845d2,2026-09-05T16:30:00Z,2026-09-05T18:30:00+0200,426.672,MW,DK1,DK_1,actual_solar_generation,Solar,2026-09-06T21:23:11Z
2026-09-06T21:22:29Z,2026-09-06T23:22:29+0200,2db8738e-a56d-43e2-b7bc-ed1f775845d2,2026-09-05T16:45:00Z,2026-09-05T18:45:00+0200,341.003,MW,DK1,DK_1,actual_solar_generation,Solar,2026-09-06T21:23:11Z
2026-09-06T21:22:29Z,2026-09-06T23:22:29+0200,2db8738e-a56d-43e2-b7bc-ed1f775845d2,2026-09-05T17:00:00Z,2026-09-05T19:00:00+0200,211.382,MW,DK1,DK_1,actual_solar_generation,Solar,2026-09-06T21:23:11Z
2026-09-06T21:22:29Z,2026-09-06T23:22:29+0200,2db8738e-a56d-43e2-b7bc-ed1f775845d2,2026-09-05T17:15:00Z,2026-09-05T19:15:00+0200,135.559,MW,DK1,DK_1,actual_solar_generation,Solar,2026-09-06T21:23:11Z
2026-09-06T21:22:29Z,2026-09-06T23:22:29+0200,2db8738e-a56d-43e2-b7bc-ed1f775845d2,2026-09-05T17:30:00Z,2026-09-05T19:30:00+0200,85.3831,MW,DK1,DK_1,actual_solar_generation,Solar,2026-09-06T21:23:11Z
2026-09-06T21:22:29Z,2026-09-06T23:22:29+0200,2db8738e-a56d-43e2-b7bc-ed1f775845d2,2026-09-05T17:45:00Z,2026-09-05T19:45:00+0200,51.0483,MW,DK1,DK_1,actual_solar_generation,Solar,2026-09-06T21:23:11Z
2026-09-06T21:22:29Z,2026-09-06T23:22:29+0200,2db8738e-a56d-43e2-b7bc-ed1f775845d2,2026-09-05T18:00:00Z,2026-09-05T20:00:00+0200,83.59,MW,DK1,DK_1,actual_solar_generation,Solar,2026-09-06T21:23:11Z
2026-09-06T21:22:29Z,2026-09-06T23:22:29+0200,2db8738e-a56d-43e2-b7bc-ed1f775845d2,2026-09-05T18:15:00Z,2026-09-05T20:15:00+0200,85.5028,MW,DK1,DK_1,actual_solar_generation,Solar,2026-09-06T21:23:11Z
2026-09-06T21:22:29Z,2026-09-06T23:22:29+0200,2db8738e-a56d-43e2-b7bc-ed1f775845d2,2026-09-05T18:30:00Z,2026-09-05T20:30:00+0200,84.4735,MW,DK1,DK_1,actual_solar_generation,Solar,2026-09-06T21:23:11Z
2026-09-06T21:22:29Z,2026-09-06T23:22:29+0200,2db8738e-a56d-43e2-b7bc-ed1f775845d2,2026-09-05T18:45:00Z,2026-09-05T20:45:00+0200,80.4074,MW,DK1,DK_1,actual_solar_generation,Solar,2026-09-06T21:23:11Z
2026-09-06T21:22:29Z,2026-09-06T23:22:29+0200,2db8738e-a56d-43e2-b7bc-ed1f775845d2,2026-09-05T19:00:00Z,2026-09-05T21:00:00+0200,86.0179,MW,DK1,DK_1,actual_solar_generation,Solar,2026-09-06T21:23:11Z
2026-09-06T21:22:29Z,2026-09-06T23:22:29+0200,2db8738e-a56d-43e2-b7bc-ed1f775845d2,2026-09-05T19:15:00Z,2026-09-05T21:15:00+0200,86.8484,MW,DK1,DK_1,actual_solar_generation,Solar,2026-09-06T21:23:11Z
2026-09-06T21:22:29Z,2026-09-06T23:22:29+0200,2db8738e-a56d-43e2-b7bc-ed1f775845d2,2026-09-05T19:30:00Z,2026-09-05T21:30:00+0200,84.7659,MW,DK1,DK_1,actual_solar_generation,Solar,2026-09-06T21:23:11Z
2026-09-06T21:22:29Z,2026-09-06T23:22:29+0200,2db8738e-a56d-43e2-b7bc-ed1f775845d2,2026-09-05T19:45:00Z,2026-09-05T21:45:00+0200,69.002,MW,DK1,DK_1,actual_solar_generation,Solar,2026-09-06T21:23:11Z
2026-09-06T21:22:29Z,2026-09-06T23:22:29+0200,2db8738e-a56d-43e2-b7bc-ed1f775845d2,2026-09-05T20:00:00Z,2026-09-05T22:00:00+0200,31.3339,MW,DK1,DK_1,actual_solar_generation,Solar,2026-09-06T21:23:11Z
2026-09-06T21:22:29Z,2026-09-06T23:22:29+0200,2db8738e-a56d-43e2-b7bc-ed1f775845d2,2026-09-05T20:15:00Z,2026-09-05T22:15:00+0200,24.9236,MW,DK1,DK_1,actual_solar_generation,Solar,2026-09-06T21:23:11Z
2026-09-06T21:22:29Z,2026-09-06T23:22:29+0200,2db8738e-a56d-43e2-b7bc-ed1f775845d2,2026-09-05T20:30:00Z,2026-09-05T22:30:00+0200,18.8925,MW,DK1,DK_1,actual_solar_generation,Solar,2026-09-06T21:23:11Z
2026-09-06T21:22:29Z,2026-09-06T23:22:29+0200,2db8738e-a56d-43e2-b7bc-ed1f775845d2,2026-09-05T20:45:00Z,2026-09-05T22:45:00+0200,15.279,MW,DK1,DK_1,actual_solar_generation,Solar,2026-09-06T21:23:11Z
2026-09-06T21:22:29Z,2026-09-06T23:22:29+0200,2db8738e-a56d-43e2-b7bc-ed1f775845d2,2026-09-05T21:00:00Z,2026-09-05T23:00:00+0200,8.40587,MW,DK1,DK_1,actual_solar_generation,Solar,2026-09-06T21:23:11Z
2026-09-06T21:22:29Z,2026-09-06T23:22:29+0200,2db8738e-a56d-43e2-b7bc-ed1f775845d2,2026-09-05T21:15:00Z,2026-09-05T23:15:00+0200,8.18648,MW,DK1,DK_1,actual_solar_generation,Solar,2026-09-06T21:23:11Z
2026-09-06T21:22:29Z,2026-09-06T23:22:29+0200,2db8738e-a56d-43e2-b7bc-ed1f775845d2,2026-09-05T21:30:00Z,2026-09-05T23:30:00+0200,8.13907,MW,DK1,DK_1,actual_solar_generation,Solar,2026-09-06T21:23:11Z
2026-09-06T21:22:29Z,2026-09-06T23:22:29+0200,2db8738e-a56d-43e2-b7bc-ed1f775845d2,2026-09-05T21:45:00Z,2026-09-05T23:45:00+0200,8.10554,MW,DK1,DK_1,actual_solar_generation,Solar,2026-09-06T21:23:11Z
2026-09-06T21:22:29Z,2026-09-06T23:22:29+0200,2db8738e-a56d-43e2-b7bc-ed1f775845d2,2026-09-05T22:00:00Z,2026-09-06T00:00:00+0200,7.80677,MW,DK1,DK_1,actual_solar_generation,Solar,2026-09-06T21:23:11Z
2026-09-06T21:22:29Z,2026-09-06T23:22:29+0200,2db8738e-a56d-43e2-b7bc-ed1f775845d2,2026-09-05T22:15:00Z,2026-09-06T00:15:00+0200,7.96693,MW,DK1,DK_1,actual_solar_generation,Solar,2026-09-06T21:23:11Z
2026-09-06T21:22:29Z,2026-09-06T23:22:29+0200,2db8738e-a56d-43e2-b7bc-ed1f775845d2,2026-09-05T22:30:00Z,2026-09-06T00:30:00+0200,7.95503,MW,DK1,DK_1,actual_solar_generation,Solar,2026-09-06T21:23:11Z
2026-09-06T21:22:29Z,2026-09-06T23:22:29+0200,2db8738e-a56d-43e2-b7bc-ed1f775845d2,2026-09-05T22:45:00Z,2026-09-06T00:45:00+0200,7.93111,MW,DK1,DK_1,actual_solar_generation,Solar,2026-09-06T21:23:11Z
2026-09-06T21:22:29Z,2026-09-06T23:22:29+0200,2db8738e-a56d-43e2-b7bc-ed1f775845d2,2026-09-05T23:00:00Z,2026-09-06T01:00:00+0200,7.91736,MW,DK1,DK_1,actual_solar_generation,Solar,2026-09-06T21:23:11Z
2026-09-06T21:22:29Z,2026-09-06T23:22:29+0200,2db8738e-a56d-43e2-b7bc-ed1f775845d2,2026-09-05T23:15:00Z,2026-09-06T01:15:00+0200,7.82688,MW,DK1,DK_1,actual_solar_generation,Solar,2026-09-06T21:23:11Z
2026-09-06T21:22:29Z,2026-09-06T23:22:29+0200,2db8738e-a56d-43e2-b7bc-ed1f775845d2,2026-09-05T23:30:00Z,2026-09-06T01:30:00+0200,7.38624,MW,DK1,DK_1,actual_solar_generation,Solar,2026-09-06T21:23:11Z
2026-09-06T21:22:29Z,2026-09-06T23:22:29+0200,2db8738e-a56d-43e2-b7bc-ed1f775845d2,2026-09-05T23:45:00Z,2026-09-06T01:45:00+0200,7.95389,MW,DK1,DK_1,actual_solar_generation,Solar,2026-09-06T21:23:11Z
2026-09-06T21:22:29Z,2026-09-06T23:22:29+0200,2db8738e-a56d-43e2-b7bc-ed1f775845d2,2026-09-06T00:00:00Z,2026-09-06T02:00:00+0200,7.95553,MW,DK1,DK_1,actual_solar_generation,Solar,2026-09-06T21:23:11Z
2026-09-06T21:22:29Z,2026-09-06T23:22:29+0200,2db8738e-a56d-43e2-b7bc-ed1f775845d2,2026-09-06T00:15:00Z,2026-09-06T02:15:00+0200,7.77973,MW,DK1,DK_1,actual_solar_generation,Solar,2026-09-06T21:23:11Z
2026-09-06T21:22:29Z,2026-09-06T23:22:29+0200,2db8738e-a56d-43e2-b7bc-ed1f775845d2,2026-09-06T00:30:00Z,2026-09-06T02:30:00+0200,7.68066,MW,DK1,DK_1,actual_solar_generation,Solar,2026-09-06T21:23:11Z
2026-09-06T21:22:29Z,2026-09-06T23:22:29+0200,2db8738e-a56d-43e2-b7bc-ed1f775845d2,2026-09-06T00:45:00Z,2026-09-06T02:45:00+0200,7.53175,MW,DK1,DK_1,actual_solar_generation,Solar,2026-09-06T21:23:11Z
2026-09-06T21:22:29Z,2026-09-06T23:22:29+0200,2db8738e-a56d-43e2-b7bc-ed1f775845d2,2026-09-06T01:00:00Z,2026-09-06T03:00:00+0200,7.09826,MW,DK1,DK_1,actual_solar_generation,Solar,2026-09-06T21:23:11Z
2026-09-06T21:22:29Z,2026-09-06T23:22:29+0200,2db8738e-a56d-43e2-b7bc-ed1f775845d2,2026-09-06T01:15:00Z,2026-09-06T03:15:00+0200,7.53487,MW,DK1,DK_1,actual_solar_generation,Solar,2026-09-06T21:23:11Z
2026-09-06T21:22:29Z,2026-09-06T23:22:29+0200,2db8738e-a56d-43e2-b7bc-ed1f775845d2,2026-09-06T01:30:00Z,2026-09-06T03:30:00+0200,6.83515,MW,DK1,DK_1,actual_solar_generation,Solar,2026-09-06T21:23:11Z
2026-09-06T21:22:29Z,2026-09-06T23:22:29+0200,2db8738e-a56d-43e2-b7bc-ed1f775845d2,2026-09-06T01:45:00Z,2026-09-06T03:45:00+0200,7.61238,MW,DK1,DK_1,actual_solar_generation,Solar,2026-09-06T21:23:11Z
2026-09-06T21:22:29Z,2026-09-06T23:22:29+0200,2db8738e-a56d-43e2-b7bc-ed1f775845d2,2026-09-06T02:00:00Z,2026-09-06T04:00:00+0200,7.13261,MW,DK1,DK_1,actual_solar_generation,Solar,2026-09-06T21:23:11Z
2026-09-06T21:22:29Z,2026-09-06T23:22:29+0200,2db8738e-a56d-43e2-b7bc-ed1f775845d2,2026-09-06T02:15:00Z,2026-09-06T04:15:00+0200,6.97745,MW,DK1,DK_1,actual_solar_generation,Solar,2026-09-06T21:23:11Z
2026-09-06T21:22:29Z,2026-09-06T23:22:29+0200,2db8738e-a56d-43e2-b7bc-ed1f775845d2,2026-09-06T02:30:00Z,2026-09-06T04:30:00+0200,7.1959,MW,DK1,DK_1,actual_solar_generation,Solar,2026-09-06T21:23:11Z
2026-09-06T21:22:29Z,2026-09-06T23:22:29+0200,2db8738e-a56d-43e2-b7bc-ed1f775845d2,2026-09-06T02:45:00Z,2026-09-06T04:45:00+0200,4.9069,MW,DK1,DK_1,actual_solar_generation,Solar,2026-09-06T21:23:11Z
2026-09-06T21:22:29Z,2026-09-06T23:22:29+0200,2db8738e-a56d-43e2-b7bc-ed1f775845d2,2026-09-06T03:00:00Z,2026-09-06T05:00:00+0200,4.72344,MW,DK1,DK_1,actual_solar_generation,Solar,2026-09-06T21:23:11Z
2026-09-06T21:22:29Z,2026-09-06T23:22:29+0200,2db8738e-a56d-43e2-b7bc-ed1f775845d2,2026-09-06T03:15:00Z,2026-09-06T05:15:00+0200,6.91518,MW,DK1,DK_1,actual_solar_generation,Solar,2026-09-06T21:23:11Z
2026-09-06T21:22:29Z,2026-09-06T23:22:29+0200,2db8738e-a56d-43e2-b7bc-ed1f775845d2,2026-09-06T03:30:00Z,2026-09-06T05:30:00+0200,7.32301,MW,DK1,DK_1,actual_solar_generation,Solar,2026-09-06T21:23:11Z
2026-09-06T21:22:29Z,2026-09-06T23:22:29+0200,2db8738e-a56d-43e2-b7bc-ed1f775845d2,2026-09-06T03:45:00Z,2026-09-06T05:45:00+0200,4.94841,MW,DK1,DK_1,actual_solar_generation,Solar,2026-09-06T21:23:11Z
2026-09-06T21:22:29Z,2026-09-06T23:22:29+0200,2db8738e-a56d-43e2-b7bc-ed1f775845d2,2026-09-06T04:00:00Z,2026-09-06T06:00:00+0200,6.31994,MW,DK1,DK_1,actual_solar_generation,Solar,2026-09-06T21:23:11Z
2026-09-06T21:22:29Z,2026-09-06T23:22:29+0200,2db8738e-a56d-43e2-b7bc-ed1f775845d2,2026-09-06T04:15:00Z,2026-09-06T06:15:00+0200,11.7468,MW,DK1,DK_1,actual_solar_generation,Solar,2026-09-06T21:23:11Z
2026-09-06T21:22:29Z,2026-09-06T23:22:29+0200,2db8738e-a56d-43e2-b7bc-ed1f775845d2,2026-09-06T04:30:00Z,2026-09-06T06:30:00+0200,18.0279,MW,DK1,DK_1,actual_solar_generation,Solar,2026-09-06T21:23:11Z
2026-09-06T21:22:29Z,2026-09-06T23:22:29+0200,2db8738e-a56d-43e2-b7bc-ed1f775845d2,2026-09-06T04:45:00Z,2026-09-06T06:45:00+0200,39.2914,MW,DK1,DK_1,actual_solar_generation,Solar,2026-09-06T21:23:11Z
2026-09-06T21:22:29Z,2026-09-06T23:22:29+0200,2db8738e-a56d-43e2-b7bc-ed1f775845d2,2026-09-06T05:00:00Z,2026-09-06T07:00:00+0200,74.1668,MW,DK1,DK_1,actual_solar_generation,Solar,2026-09-06T21:23:11Z
2026-09-06T21:22:29Z,2026-09-06T23:22:29+0200,2db8738e-a56d-43e2-b7bc-ed1f775845d2,2026-09-06T05:15:00Z,2026-09-06T07:15:00+0200,136.615,MW,DK1,DK_1,actual_solar_generation,Solar,2026-09-06T21:23:11Z
2026-09-06T21:22:29Z,2026-09-06T23:22:29+0200,2db8738e-a56d-43e2-b7bc-ed1f775845d2,2026-09-06T05:30:00Z,2026-09-06T07:30:00+0200,238.173,MW,DK1,DK_1,actual_solar_generation,Solar,2026-09-06T21:23:11Z
2026-09-06T21:22:29Z,2026-09-06T23:22:29+0200,2db8738e-a56d-43e2-b7bc-ed1f775845d2,2026-09-06T05:45:00Z,2026-09-06T07:45:00+0200,378.86,MW,DK1,DK_1,actual_solar_generation,Solar,2026-09-06T21:23:11Z
2026-09-06T21:22:29Z,2026-09-06T23:22:29+0200,2db8738e-a56d-43e2-b7bc-ed1f775845d2,2026-09-06T06:00:00Z,2026-09-06T08:00:00+0200,534.653,MW,DK1,DK_1,actual_solar_generation,Solar,2026-09-06T21:23:11Z
2026-09-06T21:22:29Z,2026-09-06T23:22:29+0200,2db8738e-a56d-43e2-b7bc-ed1f775845d2,2026-09-06T06:15:00Z,2026-09-06T08:15:00+0200,756.186,MW,DK1,DK_1,actual_solar_generation,Solar,2026-09-06T21:23:11Z
2026-09-06T21:22:29Z,2026-09-06T23:22:29+0200,2db8738e-a56d-43e2-b7bc-ed1f775845d2,2026-09-06T06:30:00Z,2026-09-06T08:30:00+0200,957.934,MW,DK1,DK_1,actual_solar_generation,Solar,2026-09-06T21:23:11Z
2026-09-06T21:22:29Z,2026-09-06T23:22:29+0200,2db8738e-a56d-43e2-b7bc-ed1f775845d2,2026-09-06T06:45:00Z,2026-09-06T08:45:00+0200,1106.48,MW,DK1,DK_1,actual_solar_generation,Solar,2026-09-06T21:23:11Z
2026-09-06T21:22:29Z,2026-09-06T23:22:29+0200,2db8738e-a56d-43e2-b7bc-ed1f775845d2,2026-09-06T07:00:00Z,2026-09-06T09:00:00+0200,1362.88,MW,DK1,DK_1,actual_solar_generation,Solar,2026-09-06T21:23:11Z
2026-09-06T21:22:29Z,2026-09-06T23:22:29+0200,2db8738e-a56d-43e2-b7bc-ed1f775845d2,2026-09-06T07:15:00Z,2026-09-06T09:15:00+0200,1561.11,MW,DK1,DK_1,actual_solar_generation,Solar,2026-09-06T21:23:11Z
2026-09-06T21:22:29Z,2026-09-06T23:22:29+0200,2db8738e-a56d-43e2-b7bc-ed1f775845d2,2026-09-06T07:30:00Z,2026-09-06T09:30:00+0200,1534.83,MW,DK1,DK_1,actual_solar_generation,Solar,2026-09-06T21:23:11Z
2026-09-06T21:22:29Z,2026-09-06T23:22:29+0200,2db8738e-a56d-43e2-b7bc-ed1f775845d2,2026-09-06T07:45:00Z,2026-09-06T09:45:00+0200,1611.87,MW,DK1,DK_1,actual_solar_generation,Solar,2026-09-06T21:23:11Z
2026-09-06T21:22:29Z,2026-09-06T23:22:29+0200,2db8738e-a56d-43e2-b7bc-ed1f775845d2,2026-09-06T08:00:00Z,2026-09-06T10:00:00+0200,1480.28,MW,DK1,DK_1,actual_solar_generation,Solar,2026-09-06T21:23:11Z
2026-09-06T21:22:29Z,2026-09-06T23:22:29+0200,2db8738e-a56d-43e2-b7bc-ed1f775845d2,2026-09-06T08:15:00Z,2026-09-06T10:15:00+0200,1366.7,MW,DK1,DK_1,actual_solar_generation,Solar,2026-09-06T21:23:11Z
2026-09-06T21:22:29Z,2026-09-06T23:22:29+0200,2db8738e-a56d-43e2-b7bc-ed1f775845d2,2026-09-06T08:30:00Z,2026-09-06T10:30:00+0200,1033.89,MW,DK1,DK_1,actual_solar_generation,Solar,2026-09-06T21:23:11Z
2026-09-06T21:22:29Z,2026-09-06T23:22:29+0200,2db8738e-a56d-43e2-b7bc-ed1f775845d2,2026-09-06T08:45:00Z,2026-09-06T10:45:00+0200,1106.49,MW,DK1,DK_1,actual_solar_generation,Solar,2026-09-06T21:23:11Z
2026-09-06T21:22:29Z,2026-09-06T23:22:29+0200,2db8738e-a56d-43e2-b7bc-ed1f775845d2,2026-09-06T09:00:00Z,2026-09-06T11:00:00+0200,1150.31,MW,DK1,DK_1,actual_solar_generation,Solar,2026-09-06T21:23:11Z
2026-09-06T21:22:29Z,2026-09-06T23:22:29+0200,2db8738e-a56d-43e2-b7bc-ed1f775845d2,2026-09-06T09:15:00Z,2026-09-06T11:15:00+0200,953.165,MW,DK1,DK_1,actual_solar_generation,Solar,2026-09-06T21:23:11Z
2026-09-06T21:22:29Z,2026-09-06T23:22:29+0200,2db8738e-a56d-43e2-b7bc-ed1f775845d2,2026-09-06T09:30:00Z,2026-09-06T11:30:00+0200,1075.79,MW,DK1,DK_1,actual_solar_generation,Solar,2026-09-06T21:23:11Z
2026-09-06T21:22:29Z,2026-09-06T23:22:29+0200,2db8738e-a56d-43e2-b7bc-ed1f775845d2,2026-09-06T09:45:00Z,2026-09-06T11:45:00+0200,1089.35,MW,DK1,DK_1,actual_solar_generation,Solar,2026-09-06T21:23:11Z
2026-09-06T21:22:29Z,2026-09-06T23:22:29+0200,2db8738e-a56d-43e2-b7bc-ed1f775845d2,2026-09-06T10:00:00Z,2026-09-06T12:00:00+0200,1006.67,MW,DK1,DK_1,actual_solar_generation,Solar,2026-09-06T21:23:11Z
2026-09-06T21:22:29Z,2026-09-06T23:22:29+0200,2db8738e-a56d-43e2-b7bc-ed1f775845d2,2026-09-06T10:15:00Z,2026-09-06T12:15:00+0200,1255.67,MW,DK1,DK_1,actual_solar_generation,Solar,2026-09-06T21:23:11Z
2026-09-06T21:22:29Z,2026-09-06T23:22:29+0200,2db8738e-a56d-43e2-b7bc-ed1f775845d2,2026-09-06T10:30:00Z,2026-09-06T12:30:00+0200,1286.47,MW,DK1,DK_1,actual_solar_generation,Solar,2026-09-06T21:23:11Z
2026-09-06T21:22:29Z,2026-09-06T23:22:29+0200,2db8738e-a56d-43e2-b7bc-ed1f775845d2,2026-09-06T10:45:00Z,2026-09-06T12:45:00+0200,1256.93,MW,DK1,DK_1,actual_solar_generation,Solar,2026-09-06T21:23:11Z
2026-09-06T21:22:29Z,2026-09-06T23:22:29+0200,2db8738e-a56d-43e2-b7bc-ed1f775845d2,2026-09-06T11:00:00Z,2026-09-06T13:00:00+0200,1068.58,MW,DK1,DK_1,actual_solar_generation,Solar,2026-09-06T21:23:11Z
2026-09-06T21:22:29Z,2026-09-06T23:22:29+0200,2db8738e-a56d-43e2-b7bc-ed1f775845d2,2026-09-06T11:15:00Z,2026-09-06T13:15:00+0200,1318.36,MW,DK1,DK_1,actual_solar_generation,Solar,2026-09-06T21:23:11Z
2026-09-06T21:22:29Z,2026-09-06T23:22:29+0200,2db8738e-a56d-43e2-b7bc-ed1f775845d2,2026-09-06T11:30:00Z,2026-09-06T13:30:00+0200,1329.09,MW,DK1,DK_1,actual_solar_generation,Solar,2026-09-06T21:23:11Z
2026-09-06T21:22:29Z,2026-09-06T23:22:29+0200,2db8738e-a56d-43e2-b7bc-ed1f775845d2,2026-09-06T11:45:00Z,2026-09-06T13:45:00+0200,1388.05,MW,DK1,DK_1,actual_solar_generation,Solar,2026-09-06T21:23:11Z
2026-09-06T21:22:29Z,2026-09-06T23:22:29+0200,2db8738e-a56d-43e2-b7bc-ed1f775845d2,2026-09-06T12:00:00Z,2026-09-06T14:00:00+0200,913.336,MW,DK1,DK_1,actual_solar_generation,Solar,2026-09-06T21:23:11Z
2026-09-06T21:22:29Z,2026-09-06T23:22:29+0200,2db8738e-a56d-43e2-b7bc-ed1f775845d2,2026-09-06T12:15:00Z,2026-09-06T14:15:00+0200,888.035,MW,DK1,DK_1,actual_solar_generation,Solar,2026-09-06T21:23:11Z
2026-09-06T21:22:29Z,2026-09-06T23:22:29+0200,2db8738e-a56d-43e2-b7bc-ed1f775845d2,2026-09-06T12:30:00Z,2026-09-06T14:30:00+0200,817.542,MW,DK1,DK_1,actual_solar_generation,Solar,2026-09-06T21:23:11Z
2026-09-06T21:22:29Z,2026-09-06T23:22:29+0200,2db8738e-a56d-43e2-b7bc-ed1f775845d2,2026-09-06T12:45:00Z,2026-09-06T14:45:00+0200,659.482,MW,DK1,DK_1,actual_solar_generation,Solar,2026-09-06T21:23:11Z
2026-09-06T21:22:29Z,2026-09-06T23:22:29+0200,2db8738e-a56d-43e2-b7bc-ed1f775845d2,2026-09-06T13:00:00Z,2026-09-06T15:00:00+0200,714.768,MW,DK1,DK_1,actual_solar_generation,Solar,2026-09-06T21:23:11Z
2026-09-06T21:22:29Z,2026-09-06T23:22:29+0200,2db8738e-a56d-43e2-b7bc-ed1f775845d2,2026-09-06T13:15:00Z,2026-09-06T15:15:00+0200,652.202,MW,DK1,DK_1,actual_solar_generation,Solar,2026-09-06T21:23:11Z
2026-09-06T21:22:29Z,2026-09-06T23:22:29+0200,2db8738e-a56d-43e2-b7bc-ed1f775845d2,2026-09-06T13:30:00Z,2026-09-06T15:30:00+0200,740.096,MW,DK1,DK_1,actual_solar_generation,Solar,2026-09-06T21:23:11Z
2026-09-06T21:22:29Z,2026-09-06T23:22:29+0200,2db8738e-a56d-43e2-b7bc-ed1f775845d2,2026-09-06T13:45:00Z,2026-09-06T15:45:00+0200,803.822,MW,DK1,DK_1,actual_solar_generation,Solar,2026-09-06T21:23:11Z
2026-09-06T21:22:29Z,2026-09-06T23:22:29+0200,2db8738e-a56d-43e2-b7bc-ed1f775845d2,2026-09-06T14:00:00Z,2026-09-06T16:00:00+0200,619.631,MW,DK1,DK_1,actual_solar_generation,Solar,2026-09-06T21:23:11Z
2026-09-06T21:22:29Z,2026-09-06T23:22:29+0200,2db8738e-a56d-43e2-b7bc-ed1f775845d2,2026-09-06T14:15:00Z,2026-09-06T16:15:00+0200,592.821,MW,DK1,DK_1,actual_solar_generation,Solar,2026-09-06T21:23:11Z
2026-09-06T21:22:29Z,2026-09-06T23:22:29+0200,2db8738e-a56d-43e2-b7bc-ed1f775845d2,2026-09-06T14:30:00Z,2026-09-06T16:30:00+0200,1008.62,MW,DK1,DK_1,actual_solar_generation,Solar,2026-09-06T21:23:11Z
2026-09-06T21:22:29Z,2026-09-06T23:22:29+0200,2db8738e-a56d-43e2-b7bc-ed1f775845d2,2026-09-06T14:45:00Z,2026-09-06T16:45:00+0200,1096.43,MW,DK1,DK_1,actual_solar_generation,Solar,2026-09-06T21:23:11Z
2026-09-06T21:22:29Z,2026-09-06T23:22:29+0200,2db8738e-a56d-43e2-b7bc-ed1f775845d2,2026-09-06T15:00:00Z,2026-09-06T17:00:00+0200,1115.86,MW,DK1,DK_1,actual_solar_generation,Solar,2026-09-06T21:23:11Z
2026-09-06T21:22:29Z,2026-09-06T23:22:29+0200,2db8738e-a56d-43e2-b7bc-ed1f775845d2,2026-09-06T15:15:00Z,2026-09-06T17:15:00+0200,1037.63,MW,DK1,DK_1,actual_solar_generation,Solar,2026-09-06T21:23:11Z
2026-09-06T21:22:29Z,2026-09-06T23:22:29+0200,2db8738e-a56d-43e2-b7bc-ed1f775845d2,2026-09-06T15:30:00Z,2026-09-06T17:30:00+0200,926.872,MW,DK1,DK_1,actual_solar_generation,Solar,2026-09-06T21:23:11Z
2026-09-06T21:22:29Z,2026-09-06T23:22:29+0200,2db8738e-a56d-43e2-b7bc-ed1f775845d2,2026-09-06T15:45:00Z,2026-09-06T17:45:00+0200,756.386,MW,DK1,DK_1,actual_solar_generation,Solar,2026-09-06T21:23:11Z
2026-09-06T21:22:29Z,2026-09-06T23:22:29+0200,2db8738e-a56d-43e2-b7bc-ed1f775845d2,2026-09-06T16:00:00Z,2026-09-06T18:00:00+0200,649.888,MW,DK1,DK_1,actual_solar_generation,Solar,2026-09-06T21:23:11Z
2026-09-06T21:22:29Z,2026-09-06T23:22:29+0200,2db8738e-a56d-43e2-b7bc-ed1f775845d2,2026-09-06T16:15:00Z,2026-09-06T18:15:00+0200,494.672,MW,DK1,DK_1,actual_solar_generation,Solar,2026-09-06T21:23:11Z
2026-09-06T21:22:29Z,2026-09-06T23:22:29+0200,2db8738e-a56d-43e2-b7bc-ed1f775845d2,2026-09-06T16:30:00Z,2026-09-06T18:30:00+0200,373.044,MW,DK1,DK_1,actual_solar_generation,Solar,2026-09-06T21:23:11Z
2026-09-06T21:22:29Z,2026-09-06T23:22:29+0200,2db8738e-a56d-43e2-b7bc-ed1f775845d2,2026-09-06T16:45:00Z,2026-09-06T18:45:00+0200,234.659,MW,DK1,DK_1,actual_solar_generation,Solar,2026-09-06T21:23:11Z
2026-09-06T21:22:29Z,2026-09-06T23:22:29+0200,2db8738e-a56d-43e2-b7bc-ed1f775845d2,2026-09-06T17:00:00Z,2026-09-06T19:00:00+0200,152.078,MW,DK1,DK_1,actual_solar_generation,Solar,2026-09-06T21:23:11Z
2026-09-06T21:22:29Z,2026-09-06T23:22:29+0200,2db8738e-a56d-43e2-b7bc-ed1f775845d2,2026-09-06T17:15:00Z,2026-09-06T19:15:00+0200,115.51,MW,DK1,DK_1,actual_solar_generation,Solar,2026-09-06T21:23:11Z
2026-09-06T21:22:29Z,2026-09-06T23:22:29+0200,2db8738e-a56d-43e2-b7bc-ed1f775845d2,2026-09-06T17:30:00Z,2026-09-06T19:30:00+0200,75.4373,MW,DK1,DK_1,actual_solar_generation,Solar,2026-09-06T21:23:11Z
2026-09-06T21:22:29Z,2026-09-06T23:22:29+0200,2db8738e-a56d-43e2-b7bc-ed1f775845d2,2026-09-06T17:45:00Z,2026-09-06T19:45:00+0200,42.5643,MW,DK1,DK_1,actual_solar_generation,Solar,2026-09-06T21:23:11Z
2026-09-06T21:22:29Z,2026-09-06T23:22:29+0200,2db8738e-a56d-43e2-b7bc-ed1f775845d2,2026-09-06T18:00:00Z,2026-09-06T20:00:00+0200,80.8864,MW,DK1,DK_1,actual_solar_generation,Solar,2026-09-06T21:23:11Z
2026-09-06T21:22:29Z,2026-09-06T23:22:29+0200,2db8738e-a56d-43e2-b7bc-ed1f775845d2,2026-09-06T18:15:00Z,2026-09-06T20:15:00+0200,86.6467,MW,DK1,DK_1,actual_solar_generation,Solar,2026-09-06T21:23:11Z
2026-09-06T21:22:29Z,2026-09-06T23:22:29+0200,2db8738e-a56d-43e2-b7bc-ed1f775845d2,2026-09-06T18:30:00Z,2026-09-06T20:30:00+0200,86.1475,MW,DK1,DK_1,actual_solar_generation,Solar,2026-09-06T21:23:11Z
2026-09-06T21:22:29Z,2026-09-06T23:22:29+0200,2db8738e-a56d-43e2-b7bc-ed1f775845d2,2026-09-06T18:45:00Z,2026-09-06T20:45:00+0200,81.8388,MW,DK1,DK_1,actual_solar_generation,Solar,2026-09-06T21:23:11Z
2026-09-06T21:22:29Z,2026-09-06T23:22:29+0200,2db8738e-a56d-43e2-b7bc-ed1f775845d2,2026-09-06T19:00:00Z,2026-09-06T21:00:00+0200,82.1172,MW,DK1,DK_1,actual_solar_generation,Solar,2026-09-06T21:23:11Z
2026-09-06T21:22:29Z,2026-09-06T23:22:29+0200,2db8738e-a56d-43e2-b7bc-ed1f775845d2,2026-09-06T19:15:00Z,2026-09-06T21:15:00+0200,82.0458,MW,DK1,DK_1,actual_solar_generation,Solar,2026-09-06T21:23:11Z
2026-09-06T21:22:29Z,2026-09-06T23:22:29+0200,2db8738e-a56d-43e2-b7bc-ed1f775845d2,2026-09-06T19:30:00Z,2026-09-06T21:30:00+0200,79.2286,MW,DK1,DK_1,actual_solar_generation,Solar,2026-09-06T21:23:11Z
2026-09-06T21:22:29Z,2026-09-06T23:22:29+0200,2db8738e-a56d-43e2-b7bc-ed1f775845d2,2026-09-06T19:45:00Z,2026-09-06T21:45:00+0200,63.0864,MW,DK1,DK_1,actual_solar_generation,Solar,2026-09-06T21:23:11Z
2026-09-06T21:22:29Z,2026-09-06T23:22:29+0200,2db8738e-a56d-43e2-b7bc-ed1f775845d2,2026-09-06T20:00:00Z,2026-09-06T22:00:00+0200,17.5432,MW,DK1,DK_1,actual_solar_generation,Solar,2026-09-06T21:23:11Z
2026-09-06T21:22:29Z,2026-09-06T23:22:29+0200,2db8738e-a56d-43e2-b7bc-ed1f775845d2,2026-09-06T20:15:00Z,2026-09-06T22:15:00+0200,9.89812,MW,DK1,DK_1,actual_solar_generation,Solar,2026-09-06T21:23:11Z
2026-09-06T21:22:29Z,2026-09-06T23:22:29+0200,2db8738e-a56d-43e2-b7bc-ed1f775845d2,2026-09-06T20:30:00Z,2026-09-06T22:30:00+0200,10.1724,MW,DK1,DK_1,actual_solar_generation,Solar,2026-09-06T21:23:11Z
