collection_time_utc,collection_time_local,run_id,timestamp_utc,timestamp_local,value,unit,country,entsoe_area,variable,source,updated_at_utc
2026-09-10T20:13:39Z,2026-09-10T22:13:39+0200,e039fd7a-370f-4751-ae35-4bab387b3e13,2026-09-03T20:30:00Z,2026-09-03T22:30:00+0200,162.38,EUR/MWh,ES,ES,imbalance_price,Long,2026-09-10T20:16:00Z
2026-09-10T20:13:39Z,2026-09-10T22:13:39+0200,e039fd7a-370f-4751-ae35-4bab387b3e13,2026-09-03T20:30:00Z,2026-09-03T22:30:00+0200,215.49,EUR/MWh,ES,ES,imbalance_price,Short,2026-09-10T20:16:00Z
2026-09-10T20:13:39Z,2026-09-10T22:13:39+0200,e039fd7a-370f-4751-ae35-4bab387b3e13,2026-09-03T20:45:00Z,2026-09-03T22:45:00+0200,203.64,EUR/MWh,ES,ES,imbalance_price,Long,2026-09-10T20:16:00Z
2026-09-10T20:13:39Z,2026-09-10T22:13:39+0200,e039fd7a-370f-4751-ae35-4bab387b3e13,2026-09-03T20:45:00Z,2026-09-03T22:45:00+0200,203.64,EUR/MWh,ES,ES,imbalance_price,Short,2026-09-10T20:16:00Z
2026-09-10T20:13:39Z,2026-09-10T22:13:39+0200,e039fd7a-370f-4751-ae35-4bab387b3e13,2026-09-03T21:00:00Z,2026-09-03T23:00:00+0200,166.0,EUR/MWh,ES,ES,imbalance_price,Long,2026-09-10T20:16:00Z
2026-09-10T20:13:39Z,2026-09-10T22:13:39+0200,e039fd7a-370f-4751-ae35-4bab387b3e13,2026-09-03T21:00:00Z,2026-09-03T23:00:00+0200,211.49,EUR/MWh,ES,ES,imbalance_price,Short,2026-09-10T20:16:00Z
2026-09-10T20:13:39Z,2026-09-10T22:13:39+0200,e039fd7a-370f-4751-ae35-4bab387b3e13,2026-09-03T21:15:00Z,2026-09-03T23:15:00+0200,207.57,EUR/MWh,ES,ES,imbalance_price,Long,2026-09-10T20:16:00Z
2026-09-10T20:13:39Z,2026-09-10T22:13:39+0200,e039fd7a-370f-4751-ae35-4bab387b3e13,2026-09-03T21:15:00Z,2026-09-03T23:15:00+0200,207.57,EUR/MWh,ES,ES,imbalance_price,Short,2026-09-10T20:16:00Z
2026-09-10T20:13:39Z,2026-09-10T22:13:39+0200,e039fd7a-370f-4751-ae35-4bab387b3e13,2026-09-03T21:30:00Z,2026-09-03T23:30:00+0200,139.85,EUR/MWh,ES,ES,imbalance_price,Long,2026-09-10T20:16:00Z
2026-09-10T20:13:39Z,2026-09-10T22:13:39+0200,e039fd7a-370f-4751-ae35-4bab387b3e13,2026-09-03T21:30:00Z,2026-09-03T23:30:00+0200,200.22,EUR/MWh,ES,ES,imbalance_price,Short,2026-09-10T20:16:00Z
2026-09-10T20:13:39Z,2026-09-10T22:13:39+0200,e039fd7a-370f-4751-ae35-4bab387b3e13,2026-09-03T21:45:00Z,2026-09-03T23:45:00+0200,145.19,EUR/MWh,ES,ES,imbalance_price,Long,2026-09-10T20:16:00Z
2026-09-10T20:13:39Z,2026-09-10T22:13:39+0200,e039fd7a-370f-4751-ae35-4bab387b3e13,2026-09-03T21:45:00Z,2026-09-03T23:45:00+0200,190.18,EUR/MWh,ES,ES,imbalance_price,Short,2026-09-10T20:16:00Z
2026-09-10T20:13:39Z,2026-09-10T22:13:39+0200,e039fd7a-370f-4751-ae35-4bab387b3e13,2026-09-03T22:00:00Z,2026-09-04T00:00:00+0200,159.55,EUR/MWh,ES,ES,imbalance_price,Long,2026-09-10T20:16:00Z
2026-09-10T20:13:39Z,2026-09-10T22:13:39+0200,e039fd7a-370f-4751-ae35-4bab387b3e13,2026-09-03T22:00:00Z,2026-09-04T00:00:00+0200,178.86,EUR/MWh,ES,ES,imbalance_price,Short,2026-09-10T20:16:00Z
2026-09-10T20:13:39Z,2026-09-10T22:13:39+0200,e039fd7a-370f-4751-ae35-4bab387b3e13,2026-09-03T22:15:00Z,2026-09-04T00:15:00+0200,159.2,EUR/MWh,ES,ES,imbalance_price,Long,2026-09-10T20:16:00Z
2026-09-10T20:13:39Z,2026-09-10T22:13:39+0200,e039fd7a-370f-4751-ae35-4bab387b3e13,2026-09-03T22:15:00Z,2026-09-04T00:15:00+0200,179.19,EUR/MWh,ES,ES,imbalance_price,Short,2026-09-10T20:16:00Z
2026-09-10T20:13:39Z,2026-09-10T22:13:39+0200,e039fd7a-370f-4751-ae35-4bab387b3e13,2026-09-03T22:30:00Z,2026-09-04T00:30:00+0200,107.76,EUR/MWh,ES,ES,imbalance_price,Long,2026-09-10T20:16:00Z
2026-09-10T20:13:39Z,2026-09-10T22:13:39+0200,e039fd7a-370f-4751-ae35-4bab387b3e13,2026-09-03T22:30:00Z,2026-09-04T00:30:00+0200,177.33,EUR/MWh,ES,ES,imbalance_price,Short,2026-09-10T20:16:00Z
2026-09-10T20:13:39Z,2026-09-10T22:13:39+0200,e039fd7a-370f-4751-ae35-4bab387b3e13,2026-09-03T22:45:00Z,2026-09-04T00:45:00+0200,117.1,EUR/MWh,ES,ES,imbalance_price,Long,2026-09-10T20:16:00Z
2026-09-10T20:13:39Z,2026-09-10T22:13:39+0200,e039fd7a-370f-4751-ae35-4bab387b3e13,2026-09-03T22:45:00Z,2026-09-04T00:45:00+0200,175.69,EUR/MWh,ES,ES,imbalance_price,Short,2026-09-10T20:16:00Z
2026-09-10T20:13:39Z,2026-09-10T22:13:39+0200,e039fd7a-370f-4751-ae35-4bab387b3e13,2026-09-03T23:00:00Z,2026-09-04T01:00:00+0200,160.18,EUR/MWh,ES,ES,imbalance_price,Long,2026-09-10T20:16:00Z
2026-09-10T20:13:39Z,2026-09-10T22:13:39+0200,e039fd7a-370f-4751-ae35-4bab387b3e13,2026-09-03T23:00:00Z,2026-09-04T01:00:00+0200,177.06,EUR/MWh,ES,ES,imbalance_price,Short,2026-09-10T20:16:00Z
2026-09-10T20:13:39Z,2026-09-10T22:13:39+0200,e039fd7a-370f-4751-ae35-4bab387b3e13,2026-09-03T23:15:00Z,2026-09-04T01:15:00+0200,60.93,EUR/MWh,ES,ES,imbalance_price,Long,2026-09-10T20:16:00Z
2026-09-10T20:13:39Z,2026-09-10T22:13:39+0200,e039fd7a-370f-4751-ae35-4bab387b3e13,2026-09-03T23:15:00Z,2026-09-04T01:15:00+0200,177.01,EUR/MWh,ES,ES,imbalance_price,Short,2026-09-10T20:16:00Z
2026-09-10T20:13:39Z,2026-09-10T22:13:39+0200,e039fd7a-370f-4751-ae35-4bab387b3e13,2026-09-03T23:30:00Z,2026-09-04T01:30:00+0200,177.34,EUR/MWh,ES,ES,imbalance_price,Long,2026-09-10T20:16:00Z
2026-09-10T20:13:39Z,2026-09-10T22:13:39+0200,e039fd7a-370f-4751-ae35-4bab387b3e13,2026-09-03T23:30:00Z,2026-09-04T01:30:00+0200,177.34,EUR/MWh,ES,ES,imbalance_price,Short,2026-09-10T20:16:00Z
2026-09-10T20:13:39Z,2026-09-10T22:13:39+0200,e039fd7a-370f-4751-ae35-4bab387b3e13,2026-09-03T23:45:00Z,2026-09-04T01:45:00+0200,0.0,EUR/MWh,ES,ES,imbalance_price,Long,2026-09-10T20:16:00Z
2026-09-10T20:13:39Z,2026-09-10T22:13:39+0200,e039fd7a-370f-4751-ae35-4bab387b3e13,2026-09-03T23:45:00Z,2026-09-04T01:45:00+0200,175.16,EUR/MWh,ES,ES,imbalance_price,Short,2026-09-10T20:16:00Z
2026-09-10T20:13:39Z,2026-09-10T22:13:39+0200,e039fd7a-370f-4751-ae35-4bab387b3e13,2026-09-04T00:00:00Z,2026-09-04T02:00:00+0200,43.54,EUR/MWh,ES,ES,imbalance_price,Long,2026-09-10T20:16:00Z
2026-09-10T20:13:39Z,2026-09-10T22:13:39+0200,e039fd7a-370f-4751-ae35-4bab387b3e13,2026-09-04T00:00:00Z,2026-09-04T02:00:00+0200,177.71,EUR/MWh,ES,ES,imbalance_price,Short,2026-09-10T20:16:00Z
2026-09-10T20:13:39Z,2026-09-10T22:13:39+0200,e039fd7a-370f-4751-ae35-4bab387b3e13,2026-09-04T00:15:00Z,2026-09-04T02:15:00+0200,142.78,EUR/MWh,ES,ES,imbalance_price,Long,2026-09-10T20:16:00Z
2026-09-10T20:13:39Z,2026-09-10T22:13:39+0200,e039fd7a-370f-4751-ae35-4bab387b3e13,2026-09-04T00:15:00Z,2026-09-04T02:15:00+0200,175.69,EUR/MWh,ES,ES,imbalance_price,Short,2026-09-10T20:16:00Z
2026-09-10T20:13:39Z,2026-09-10T22:13:39+0200,e039fd7a-370f-4751-ae35-4bab387b3e13,2026-09-04T00:30:00Z,2026-09-04T02:30:00+0200,177.45,EUR/MWh,ES,ES,imbalance_price,Long,2026-09-10T20:16:00Z
2026-09-10T20:13:39Z,2026-09-10T22:13:39+0200,e039fd7a-370f-4751-ae35-4bab387b3e13,2026-09-04T00:30:00Z,2026-09-04T02:30:00+0200,177.45,EUR/MWh,ES,ES,imbalance_price,Short,2026-09-10T20:16:00Z
2026-09-10T20:13:39Z,2026-09-10T22:13:39+0200,e039fd7a-370f-4751-ae35-4bab387b3e13,2026-09-04T00:45:00Z,2026-09-04T02:45:00+0200,177.96,EUR/MWh,ES,ES,imbalance_price,Long,2026-09-10T20:16:00Z
2026-09-10T20:13:39Z,2026-09-10T22:13:39+0200,e039fd7a-370f-4751-ae35-4bab387b3e13,2026-09-04T00:45:00Z,2026-09-04T02:45:00+0200,177.96,EUR/MWh,ES,ES,imbalance_price,Short,2026-09-10T20:16:00Z
2026-09-10T20:13:39Z,2026-09-10T22:13:39+0200,e039fd7a-370f-4751-ae35-4bab387b3e13,2026-09-04T01:00:00Z,2026-09-04T03:00:00+0200,184.61,EUR/MWh,ES,ES,imbalance_price,Long,2026-09-10T20:16:00Z
2026-09-10T20:13:39Z,2026-09-10T22:13:39+0200,e039fd7a-370f-4751-ae35-4bab387b3e13,2026-09-04T01:00:00Z,2026-09-04T03:00:00+0200,184.61,EUR/MWh,ES,ES,imbalance_price,Short,2026-09-10T20:16:00Z
2026-09-10T20:13:39Z,2026-09-10T22:13:39+0200,e039fd7a-370f-4751-ae35-4bab387b3e13,2026-09-04T01:15:00Z,2026-09-04T03:15:00+0200,186.64,EUR/MWh,ES,ES,imbalance_price,Long,2026-09-10T20:16:00Z
2026-09-10T20:13:39Z,2026-09-10T22:13:39+0200,e039fd7a-370f-4751-ae35-4bab387b3e13,2026-09-04T01:15:00Z,2026-09-04T03:15:00+0200,186.64,EUR/MWh,ES,ES,imbalance_price,Short,2026-09-10T20:16:00Z
2026-09-10T20:13:39Z,2026-09-10T22:13:39+0200,e039fd7a-370f-4751-ae35-4bab387b3e13,2026-09-04T01:30:00Z,2026-09-04T03:30:00+0200,146.97,EUR/MWh,ES,ES,imbalance_price,Long,2026-09-10T20:16:00Z
2026-09-10T20:13:39Z,2026-09-10T22:13:39+0200,e039fd7a-370f-4751-ae35-4bab387b3e13,2026-09-04T01:30:00Z,2026-09-04T03:30:00+0200,193.79,EUR/MWh,ES,ES,imbalance_price,Short,2026-09-10T20:16:00Z
2026-09-10T20:13:39Z,2026-09-10T22:13:39+0200,e039fd7a-370f-4751-ae35-4bab387b3e13,2026-09-04T01:45:00Z,2026-09-04T03:45:00+0200,144.09,EUR/MWh,ES,ES,imbalance_price,Long,2026-09-10T20:16:00Z
2026-09-10T20:13:39Z,2026-09-10T22:13:39+0200,e039fd7a-370f-4751-ae35-4bab387b3e13,2026-09-04T01:45:00Z,2026-09-04T03:45:00+0200,184.03,EUR/MWh,ES,ES,imbalance_price,Short,2026-09-10T20:16:00Z
2026-09-10T20:13:39Z,2026-09-10T22:13:39+0200,e039fd7a-370f-4751-ae35-4bab387b3e13,2026-09-04T02:00:00Z,2026-09-04T04:00:00+0200,117.67,EUR/MWh,ES,ES,imbalance_price,Long,2026-09-10T20:16:00Z
2026-09-10T20:13:39Z,2026-09-10T22:13:39+0200,e039fd7a-370f-4751-ae35-4bab387b3e13,2026-09-04T02:00:00Z,2026-09-04T04:00:00+0200,183.48,EUR/MWh,ES,ES,imbalance_price,Short,2026-09-10T20:16:00Z
2026-09-10T20:13:39Z,2026-09-10T22:13:39+0200,e039fd7a-370f-4751-ae35-4bab387b3e13,2026-09-04T02:15:00Z,2026-09-04T04:15:00+0200,146.92,EUR/MWh,ES,ES,imbalance_price,Long,2026-09-10T20:16:00Z
2026-09-10T20:13:39Z,2026-09-10T22:13:39+0200,e039fd7a-370f-4751-ae35-4bab387b3e13,2026-09-04T02:15:00Z,2026-09-04T04:15:00+0200,184.04,EUR/MWh,ES,ES,imbalance_price,Short,2026-09-10T20:16:00Z
2026-09-10T20:13:39Z,2026-09-10T22:13:39+0200,e039fd7a-370f-4751-ae35-4bab387b3e13,2026-09-04T02:30:00Z,2026-09-04T04:30:00+0200,14.29,EUR/MWh,ES,ES,imbalance_price,Long,2026-09-10T20:16:00Z
2026-09-10T20:13:39Z,2026-09-10T22:13:39+0200,e039fd7a-370f-4751-ae35-4bab387b3e13,2026-09-04T02:30:00Z,2026-09-04T04:30:00+0200,183.83,EUR/MWh,ES,ES,imbalance_price,Short,2026-09-10T20:16:00Z
2026-09-10T20:13:39Z,2026-09-10T22:13:39+0200,e039fd7a-370f-4751-ae35-4bab387b3e13,2026-09-04T02:45:00Z,2026-09-04T04:45:00+0200,64.85,EUR/MWh,ES,ES,imbalance_price,Long,2026-09-10T20:16:00Z
2026-09-10T20:13:39Z,2026-09-10T22:13:39+0200,e039fd7a-370f-4751-ae35-4bab387b3e13,2026-09-04T02:45:00Z,2026-09-04T04:45:00+0200,180.0,EUR/MWh,ES,ES,imbalance_price,Short,2026-09-10T20:16:00Z
2026-09-10T20:13:39Z,2026-09-10T22:13:39+0200,e039fd7a-370f-4751-ae35-4bab387b3e13,2026-09-04T03:00:00Z,2026-09-04T05:00:00+0200,135.85,EUR/MWh,ES,ES,imbalance_price,Long,2026-09-10T20:16:00Z
2026-09-10T20:13:39Z,2026-09-10T22:13:39+0200,e039fd7a-370f-4751-ae35-4bab387b3e13,2026-09-04T03:00:00Z,2026-09-04T05:00:00+0200,176.28,EUR/MWh,ES,ES,imbalance_price,Short,2026-09-10T20:16:00Z
2026-09-10T20:13:39Z,2026-09-10T22:13:39+0200,e039fd7a-370f-4751-ae35-4bab387b3e13,2026-09-04T03:15:00Z,2026-09-04T05:15:00+0200,155.15,EUR/MWh,ES,ES,imbalance_price,Long,2026-09-10T20:16:00Z
2026-09-10T20:13:39Z,2026-09-10T22:13:39+0200,e039fd7a-370f-4751-ae35-4bab387b3e13,2026-09-04T03:15:00Z,2026-09-04T05:15:00+0200,177.27,EUR/MWh,ES,ES,imbalance_price,Short,2026-09-10T20:16:00Z
2026-09-10T20:13:39Z,2026-09-10T22:13:39+0200,e039fd7a-370f-4751-ae35-4bab387b3e13,2026-09-04T03:30:00Z,2026-09-04T05:30:00+0200,87.68,EUR/MWh,ES,ES,imbalance_price,Long,2026-09-10T20:16:00Z
2026-09-10T20:13:39Z,2026-09-10T22:13:39+0200,e039fd7a-370f-4751-ae35-4bab387b3e13,2026-09-04T03:30:00Z,2026-09-04T05:30:00+0200,178.39,EUR/MWh,ES,ES,imbalance_price,Short,2026-09-10T20:16:00Z
2026-09-10T20:13:39Z,2026-09-10T22:13:39+0200,e039fd7a-370f-4751-ae35-4bab387b3e13,2026-09-04T03:45:00Z,2026-09-04T05:45:00+0200,122.04,EUR/MWh,ES,ES,imbalance_price,Long,2026-09-10T20:16:00Z
2026-09-10T20:13:39Z,2026-09-10T22:13:39+0200,e039fd7a-370f-4751-ae35-4bab387b3e13,2026-09-04T03:45:00Z,2026-09-04T05:45:00+0200,175.89,EUR/MWh,ES,ES,imbalance_price,Short,2026-09-10T20:16:00Z
2026-09-10T20:13:39Z,2026-09-10T22:13:39+0200,e039fd7a-370f-4751-ae35-4bab387b3e13,2026-09-04T04:00:00Z,2026-09-04T06:00:00+0200,155.34,EUR/MWh,ES,ES,imbalance_price,Long,2026-09-10T20:16:00Z
2026-09-10T20:13:39Z,2026-09-10T22:13:39+0200,e039fd7a-370f-4751-ae35-4bab387b3e13,2026-09-04T04:00:00Z,2026-09-04T06:00:00+0200,173.71,EUR/MWh,ES,ES,imbalance_price,Short,2026-09-10T20:16:00Z
2026-09-10T20:13:39Z,2026-09-10T22:13:39+0200,e039fd7a-370f-4751-ae35-4bab387b3e13,2026-09-04T04:15:00Z,2026-09-04T06:15:00+0200,147.78,EUR/MWh,ES,ES,imbalance_price,Long,2026-09-10T20:16:00Z
2026-09-10T20:13:39Z,2026-09-10T22:13:39+0200,e039fd7a-370f-4751-ae35-4bab387b3e13,2026-09-04T04:15:00Z,2026-09-04T06:15:00+0200,173.19,EUR/MWh,ES,ES,imbalance_price,Short,2026-09-10T20:16:00Z
2026-09-10T20:13:39Z,2026-09-10T22:13:39+0200,e039fd7a-370f-4751-ae35-4bab387b3e13,2026-09-04T04:30:00Z,2026-09-04T06:30:00+0200,124.89,EUR/MWh,ES,ES,imbalance_price,Long,2026-09-10T20:16:00Z
2026-09-10T20:13:39Z,2026-09-10T22:13:39+0200,e039fd7a-370f-4751-ae35-4bab387b3e13,2026-09-04T04:30:00Z,2026-09-04T06:30:00+0200,176.51,EUR/MWh,ES,ES,imbalance_price,Short,2026-09-10T20:16:00Z
2026-09-10T20:13:39Z,2026-09-10T22:13:39+0200,e039fd7a-370f-4751-ae35-4bab387b3e13,2026-09-04T04:45:00Z,2026-09-04T06:45:00+0200,159.51,EUR/MWh,ES,ES,imbalance_price,Long,2026-09-10T20:16:00Z
2026-09-10T20:13:39Z,2026-09-10T22:13:39+0200,e039fd7a-370f-4751-ae35-4bab387b3e13,2026-09-04T04:45:00Z,2026-09-04T06:45:00+0200,177.01,EUR/MWh,ES,ES,imbalance_price,Short,2026-09-10T20:16:00Z
2026-09-10T20:13:39Z,2026-09-10T22:13:39+0200,e039fd7a-370f-4751-ae35-4bab387b3e13,2026-09-04T05:00:00Z,2026-09-04T07:00:00+0200,152.43,EUR/MWh,ES,ES,imbalance_price,Long,2026-09-10T20:16:00Z
2026-09-10T20:13:39Z,2026-09-10T22:13:39+0200,e039fd7a-370f-4751-ae35-4bab387b3e13,2026-09-04T05:00:00Z,2026-09-04T07:00:00+0200,176.25,EUR/MWh,ES,ES,imbalance_price,Short,2026-09-10T20:16:00Z
2026-09-10T20:13:39Z,2026-09-10T22:13:39+0200,e039fd7a-370f-4751-ae35-4bab387b3e13,2026-09-04T05:15:00Z,2026-09-04T07:15:00+0200,177.27,EUR/MWh,ES,ES,imbalance_price,Long,2026-09-10T20:16:00Z
2026-09-10T20:13:39Z,2026-09-10T22:13:39+0200,e039fd7a-370f-4751-ae35-4bab387b3e13,2026-09-04T05:15:00Z,2026-09-04T07:15:00+0200,177.27,EUR/MWh,ES,ES,imbalance_price,Short,2026-09-10T20:16:00Z
2026-09-10T20:13:39Z,2026-09-10T22:13:39+0200,e039fd7a-370f-4751-ae35-4bab387b3e13,2026-09-04T05:30:00Z,2026-09-04T07:30:00+0200,148.14,EUR/MWh,ES,ES,imbalance_price,Long,2026-09-10T20:16:00Z
2026-09-10T20:13:39Z,2026-09-10T22:13:39+0200,e039fd7a-370f-4751-ae35-4bab387b3e13,2026-09-04T05:30:00Z,2026-09-04T07:30:00+0200,178.78,EUR/MWh,ES,ES,imbalance_price,Short,2026-09-10T20:16:00Z
2026-09-10T20:13:39Z,2026-09-10T22:13:39+0200,e039fd7a-370f-4751-ae35-4bab387b3e13,2026-09-04T05:45:00Z,2026-09-04T07:45:00+0200,142.37,EUR/MWh,ES,ES,imbalance_price,Long,2026-09-10T20:16:00Z
2026-09-10T20:13:39Z,2026-09-10T22:13:39+0200,e039fd7a-370f-4751-ae35-4bab387b3e13,2026-09-04T05:45:00Z,2026-09-04T07:45:00+0200,176.97,EUR/MWh,ES,ES,imbalance_price,Short,2026-09-10T20:16:00Z
2026-09-10T20:13:39Z,2026-09-10T22:13:39+0200,e039fd7a-370f-4751-ae35-4bab387b3e13,2026-09-04T06:00:00Z,2026-09-04T08:00:00+0200,71.49,EUR/MWh,ES,ES,imbalance_price,Long,2026-09-10T20:16:00Z
2026-09-10T20:13:39Z,2026-09-10T22:13:39+0200,e039fd7a-370f-4751-ae35-4bab387b3e13,2026-09-04T06:00:00Z,2026-09-04T08:00:00+0200,177.01,EUR/MWh,ES,ES,imbalance_price,Short,2026-09-10T20:16:00Z
2026-09-10T20:13:39Z,2026-09-10T22:13:39+0200,e039fd7a-370f-4751-ae35-4bab387b3e13,2026-09-04T06:15:00Z,2026-09-04T08:15:00+0200,137.63,EUR/MWh,ES,ES,imbalance_price,Long,2026-09-10T20:16:00Z
2026-09-10T20:13:39Z,2026-09-10T22:13:39+0200,e039fd7a-370f-4751-ae35-4bab387b3e13,2026-09-04T06:15:00Z,2026-09-04T08:15:00+0200,173.27,EUR/MWh,ES,ES,imbalance_price,Short,2026-09-10T20:16:00Z
2026-09-10T20:13:39Z,2026-09-10T22:13:39+0200,e039fd7a-370f-4751-ae35-4bab387b3e13,2026-09-04T06:30:00Z,2026-09-04T08:30:00+0200,174.19,EUR/MWh,ES,ES,imbalance_price,Long,2026-09-10T20:16:00Z
2026-09-10T20:13:39Z,2026-09-10T22:13:39+0200,e039fd7a-370f-4751-ae35-4bab387b3e13,2026-09-04T06:30:00Z,2026-09-04T08:30:00+0200,174.19,EUR/MWh,ES,ES,imbalance_price,Short,2026-09-10T20:16:00Z
2026-09-10T20:13:39Z,2026-09-10T22:13:39+0200,e039fd7a-370f-4751-ae35-4bab387b3e13,2026-09-04T06:45:00Z,2026-09-04T08:45:00+0200,125.74,EUR/MWh,ES,ES,imbalance_price,Long,2026-09-10T20:16:00Z
2026-09-10T20:13:39Z,2026-09-10T22:13:39+0200,e039fd7a-370f-4751-ae35-4bab387b3e13,2026-09-04T06:45:00Z,2026-09-04T08:45:00+0200,159.9,EUR/MWh,ES,ES,imbalance_price,Short,2026-09-10T20:16:00Z
2026-09-10T20:13:39Z,2026-09-10T22:13:39+0200,e039fd7a-370f-4751-ae35-4bab387b3e13,2026-09-04T07:00:00Z,2026-09-04T09:00:00+0200,82.04,EUR/MWh,ES,ES,imbalance_price,Long,2026-09-10T20:16:00Z
2026-09-10T20:13:39Z,2026-09-10T22:13:39+0200,e039fd7a-370f-4751-ae35-4bab387b3e13,2026-09-04T07:00:00Z,2026-09-04T09:00:00+0200,162.02,EUR/MWh,ES,ES,imbalance_price,Short,2026-09-10T20:16:00Z
2026-09-10T20:13:39Z,2026-09-10T22:13:39+0200,e039fd7a-370f-4751-ae35-4bab387b3e13,2026-09-04T07:15:00Z,2026-09-04T09:15:00+0200,19.61,EUR/MWh,ES,ES,imbalance_price,Long,2026-09-10T20:16:00Z
2026-09-10T20:13:39Z,2026-09-10T22:13:39+0200,e039fd7a-370f-4751-ae35-4bab387b3e13,2026-09-04T07:15:00Z,2026-09-04T09:15:00+0200,177.69,EUR/MWh,ES,ES,imbalance_price,Short,2026-09-10T20:16:00Z
2026-09-10T20:13:39Z,2026-09-10T22:13:39+0200,e039fd7a-370f-4751-ae35-4bab387b3e13,2026-09-04T07:30:00Z,2026-09-04T09:30:00+0200,2.45,EUR/MWh,ES,ES,imbalance_price,Long,2026-09-10T20:16:00Z
2026-09-10T20:13:39Z,2026-09-10T22:13:39+0200,e039fd7a-370f-4751-ae35-4bab387b3e13,2026-09-04T07:30:00Z,2026-09-04T09:30:00+0200,160.02,EUR/MWh,ES,ES,imbalance_price,Short,2026-09-10T20:16:00Z
2026-09-10T20:13:39Z,2026-09-10T22:13:39+0200,e039fd7a-370f-4751-ae35-4bab387b3e13,2026-09-04T07:45:00Z,2026-09-04T09:45:00+0200,0.2,EUR/MWh,ES,ES,imbalance_price,Long,2026-09-10T20:16:00Z
2026-09-10T20:13:39Z,2026-09-10T22:13:39+0200,e039fd7a-370f-4751-ae35-4bab387b3e13,2026-09-04T07:45:00Z,2026-09-04T09:45:00+0200,198.69,EUR/MWh,ES,ES,imbalance_price,Short,2026-09-10T20:16:00Z
2026-09-10T20:13:39Z,2026-09-10T22:13:39+0200,e039fd7a-370f-4751-ae35-4bab387b3e13,2026-09-04T08:00:00Z,2026-09-04T10:00:00+0200,-0.01,EUR/MWh,ES,ES,imbalance_price,Long,2026-09-10T20:16:00Z
2026-09-10T20:13:39Z,2026-09-10T22:13:39+0200,e039fd7a-370f-4751-ae35-4bab387b3e13,2026-09-04T08:00:00Z,2026-09-04T10:00:00+0200,318.54,EUR/MWh,ES,ES,imbalance_price,Short,2026-09-10T20:16:00Z
2026-09-10T20:13:39Z,2026-09-10T22:13:39+0200,e039fd7a-370f-4751-ae35-4bab387b3e13,2026-09-04T08:15:00Z,2026-09-04T10:15:00+0200,62.46,EUR/MWh,ES,ES,imbalance_price,Long,2026-09-10T20:16:00Z
2026-09-10T20:13:39Z,2026-09-10T22:13:39+0200,e039fd7a-370f-4751-ae35-4bab387b3e13,2026-09-04T08:15:00Z,2026-09-04T10:15:00+0200,305.77,EUR/MWh,ES,ES,imbalance_price,Short,2026-09-10T20:16:00Z
2026-09-10T20:13:39Z,2026-09-10T22:13:39+0200,e039fd7a-370f-4751-ae35-4bab387b3e13,2026-09-04T08:30:00Z,2026-09-04T10:30:00+0200,44.44,EUR/MWh,ES,ES,imbalance_price,Long,2026-09-10T20:16:00Z
2026-09-10T20:13:39Z,2026-09-10T22:13:39+0200,e039fd7a-370f-4751-ae35-4bab387b3e13,2026-09-04T08:30:00Z,2026-09-04T10:30:00+0200,121.31,EUR/MWh,ES,ES,imbalance_price,Short,2026-09-10T20:16:00Z
2026-09-10T20:13:39Z,2026-09-10T22:13:39+0200,e039fd7a-370f-4751-ae35-4bab387b3e13,2026-09-04T08:45:00Z,2026-09-04T10:45:00+0200,26.28,EUR/MWh,ES,ES,imbalance_price,Long,2026-09-10T20:16:00Z
2026-09-10T20:13:39Z,2026-09-10T22:13:39+0200,e039fd7a-370f-4751-ae35-4bab387b3e13,2026-09-04T08:45:00Z,2026-09-04T10:45:00+0200,104.2,EUR/MWh,ES,ES,imbalance_price,Short,2026-09-10T20:16:00Z
2026-09-10T20:13:39Z,2026-09-10T22:13:39+0200,e039fd7a-370f-4751-ae35-4bab387b3e13,2026-09-04T09:00:00Z,2026-09-04T11:00:00+0200,28.11,EUR/MWh,ES,ES,imbalance_price,Long,2026-09-10T20:16:00Z
2026-09-10T20:13:39Z,2026-09-10T22:13:39+0200,e039fd7a-370f-4751-ae35-4bab387b3e13,2026-09-04T09:00:00Z,2026-09-04T11:00:00+0200,154.25,EUR/MWh,ES,ES,imbalance_price,Short,2026-09-10T20:16:00Z
2026-09-10T20:13:39Z,2026-09-10T22:13:39+0200,e039fd7a-370f-4751-ae35-4bab387b3e13,2026-09-04T09:15:00Z,2026-09-04T11:15:00+0200,171.9,EUR/MWh,ES,ES,imbalance_price,Long,2026-09-10T20:16:00Z
2026-09-10T20:13:39Z,2026-09-10T22:13:39+0200,e039fd7a-370f-4751-ae35-4bab387b3e13,2026-09-04T09:15:00Z,2026-09-04T11:15:00+0200,171.9,EUR/MWh,ES,ES,imbalance_price,Short,2026-09-10T20:16:00Z
2026-09-10T20:13:39Z,2026-09-10T22:13:39+0200,e039fd7a-370f-4751-ae35-4bab387b3e13,2026-09-04T09:30:00Z,2026-09-04T11:30:00+0200,0.43,EUR/MWh,ES,ES,imbalance_price,Long,2026-09-10T20:16:00Z
2026-09-10T20:13:39Z,2026-09-10T22:13:39+0200,e039fd7a-370f-4751-ae35-4bab387b3e13,2026-09-04T09:30:00Z,2026-09-04T11:30:00+0200,222.03,EUR/MWh,ES,ES,imbalance_price,Short,2026-09-10T20:16:00Z
2026-09-10T20:13:39Z,2026-09-10T22:13:39+0200,e039fd7a-370f-4751-ae35-4bab387b3e13,2026-09-04T09:45:00Z,2026-09-04T11:45:00+0200,0.62,EUR/MWh,ES,ES,imbalance_price,Long,2026-09-10T20:16:00Z
2026-09-10T20:13:39Z,2026-09-10T22:13:39+0200,e039fd7a-370f-4751-ae35-4bab387b3e13,2026-09-04T09:45:00Z,2026-09-04T11:45:00+0200,155.63,EUR/MWh,ES,ES,imbalance_price,Short,2026-09-10T20:16:00Z
2026-09-10T20:13:39Z,2026-09-10T22:13:39+0200,e039fd7a-370f-4751-ae35-4bab387b3e13,2026-09-04T10:00:00Z,2026-09-04T12:00:00+0200,-0.12,EUR/MWh,ES,ES,imbalance_price,Long,2026-09-10T20:16:00Z
2026-09-10T20:13:39Z,2026-09-10T22:13:39+0200,e039fd7a-370f-4751-ae35-4bab387b3e13,2026-09-04T10:00:00Z,2026-09-04T12:00:00+0200,258.08,EUR/MWh,ES,ES,imbalance_price,Short,2026-09-10T20:16:00Z
2026-09-10T20:13:39Z,2026-09-10T22:13:39+0200,e039fd7a-370f-4751-ae35-4bab387b3e13,2026-09-04T10:15:00Z,2026-09-04T12:15:00+0200,1.87,EUR/MWh,ES,ES,imbalance_price,Long,2026-09-10T20:16:00Z
2026-09-10T20:13:39Z,2026-09-10T22:13:39+0200,e039fd7a-370f-4751-ae35-4bab387b3e13,2026-09-04T10:15:00Z,2026-09-04T12:15:00+0200,261.05,EUR/MWh,ES,ES,imbalance_price,Short,2026-09-10T20:16:00Z
2026-09-10T20:13:39Z,2026-09-10T22:13:39+0200,e039fd7a-370f-4751-ae35-4bab387b3e13,2026-09-04T10:30:00Z,2026-09-04T12:30:00+0200,5.0,EUR/MWh,ES,ES,imbalance_price,Long,2026-09-10T20:16:00Z
2026-09-10T20:13:39Z,2026-09-10T22:13:39+0200,e039fd7a-370f-4751-ae35-4bab387b3e13,2026-09-04T10:30:00Z,2026-09-04T12:30:00+0200,259.17,EUR/MWh,ES,ES,imbalance_price,Short,2026-09-10T20:16:00Z
2026-09-10T20:13:39Z,2026-09-10T22:13:39+0200,e039fd7a-370f-4751-ae35-4bab387b3e13,2026-09-04T10:45:00Z,2026-09-04T12:45:00+0200,241.07,EUR/MWh,ES,ES,imbalance_price,Long,2026-09-10T20:16:00Z
2026-09-10T20:13:39Z,2026-09-10T22:13:39+0200,e039fd7a-370f-4751-ae35-4bab387b3e13,2026-09-04T10:45:00Z,2026-09-04T12:45:00+0200,241.07,EUR/MWh,ES,ES,imbalance_price,Short,2026-09-10T20:16:00Z
2026-09-10T20:13:39Z,2026-09-10T22:13:39+0200,e039fd7a-370f-4751-ae35-4bab387b3e13,2026-09-04T11:00:00Z,2026-09-04T13:00:00+0200,12.75,EUR/MWh,ES,ES,imbalance_price,Long,2026-09-10T20:16:00Z
2026-09-10T20:13:39Z,2026-09-10T22:13:39+0200,e039fd7a-370f-4751-ae35-4bab387b3e13,2026-09-04T11:00:00Z,2026-09-04T13:00:00+0200,257.18,EUR/MWh,ES,ES,imbalance_price,Short,2026-09-10T20:16:00Z
2026-09-10T20:13:39Z,2026-09-10T22:13:39+0200,e039fd7a-370f-4751-ae35-4bab387b3e13,2026-09-04T11:15:00Z,2026-09-04T13:15:00+0200,3.65,EUR/MWh,ES,ES,imbalance_price,Long,2026-09-10T20:16:00Z
2026-09-10T20:13:39Z,2026-09-10T22:13:39+0200,e039fd7a-370f-4751-ae35-4bab387b3e13,2026-09-04T11:15:00Z,2026-09-04T13:15:00+0200,262.19,EUR/MWh,ES,ES,imbalance_price,Short,2026-09-10T20:16:00Z
2026-09-10T20:13:39Z,2026-09-10T22:13:39+0200,e039fd7a-370f-4751-ae35-4bab387b3e13,2026-09-04T11:30:00Z,2026-09-04T13:30:00+0200,0.86,EUR/MWh,ES,ES,imbalance_price,Long,2026-09-10T20:16:00Z
2026-09-10T20:13:39Z,2026-09-10T22:13:39+0200,e039fd7a-370f-4751-ae35-4bab387b3e13,2026-09-04T11:30:00Z,2026-09-04T13:30:00+0200,263.01,EUR/MWh,ES,ES,imbalance_price,Short,2026-09-10T20:16:00Z
2026-09-10T20:13:39Z,2026-09-10T22:13:39+0200,e039fd7a-370f-4751-ae35-4bab387b3e13,2026-09-04T11:45:00Z,2026-09-04T13:45:00+0200,18.4,EUR/MWh,ES,ES,imbalance_price,Long,2026-09-10T20:16:00Z
2026-09-10T20:13:39Z,2026-09-10T22:13:39+0200,e039fd7a-370f-4751-ae35-4bab387b3e13,2026-09-04T11:45:00Z,2026-09-04T13:45:00+0200,232.35,EUR/MWh,ES,ES,imbalance_price,Short,2026-09-10T20:16:00Z
2026-09-10T20:13:39Z,2026-09-10T22:13:39+0200,e039fd7a-370f-4751-ae35-4bab387b3e13,2026-09-04T12:00:00Z,2026-09-04T14:00:00+0200,18.32,EUR/MWh,ES,ES,imbalance_price,Long,2026-09-10T20:16:00Z
2026-09-10T20:13:39Z,2026-09-10T22:13:39+0200,e039fd7a-370f-4751-ae35-4bab387b3e13,2026-09-04T12:00:00Z,2026-09-04T14:00:00+0200,257.38,EUR/MWh,ES,ES,imbalance_price,Short,2026-09-10T20:16:00Z
2026-09-10T20:13:39Z,2026-09-10T22:13:39+0200,e039fd7a-370f-4751-ae35-4bab387b3e13,2026-09-04T12:15:00Z,2026-09-04T14:15:00+0200,39.55,EUR/MWh,ES,ES,imbalance_price,Long,2026-09-10T20:16:00Z
2026-09-10T20:13:39Z,2026-09-10T22:13:39+0200,e039fd7a-370f-4751-ae35-4bab387b3e13,2026-09-04T12:15:00Z,2026-09-04T14:15:00+0200,230.52,EUR/MWh,ES,ES,imbalance_price,Short,2026-09-10T20:16:00Z
2026-09-10T20:13:39Z,2026-09-10T22:13:39+0200,e039fd7a-370f-4751-ae35-4bab387b3e13,2026-09-04T12:30:00Z,2026-09-04T14:30:00+0200,30.33,EUR/MWh,ES,ES,imbalance_price,Long,2026-09-10T20:16:00Z
2026-09-10T20:13:39Z,2026-09-10T22:13:39+0200,e039fd7a-370f-4751-ae35-4bab387b3e13,2026-09-04T12:30:00Z,2026-09-04T14:30:00+0200,257.54,EUR/MWh,ES,ES,imbalance_price,Short,2026-09-10T20:16:00Z
2026-09-10T20:13:39Z,2026-09-10T22:13:39+0200,e039fd7a-370f-4751-ae35-4bab387b3e13,2026-09-04T12:45:00Z,2026-09-04T14:45:00+0200,41.41,EUR/MWh,ES,ES,imbalance_price,Long,2026-09-10T20:16:00Z
2026-09-10T20:13:39Z,2026-09-10T22:13:39+0200,e039fd7a-370f-4751-ae35-4bab387b3e13,2026-09-04T12:45:00Z,2026-09-04T14:45:00+0200,259.68,EUR/MWh,ES,ES,imbalance_price,Short,2026-09-10T20:16:00Z
2026-09-10T20:13:39Z,2026-09-10T22:13:39+0200,e039fd7a-370f-4751-ae35-4bab387b3e13,2026-09-04T13:00:00Z,2026-09-04T15:00:00+0200,0.28,EUR/MWh,ES,ES,imbalance_price,Long,2026-09-10T20:16:00Z
2026-09-10T20:13:39Z,2026-09-10T22:13:39+0200,e039fd7a-370f-4751-ae35-4bab387b3e13,2026-09-04T13:00:00Z,2026-09-04T15:00:00+0200,261.37,EUR/MWh,ES,ES,imbalance_price,Short,2026-09-10T20:16:00Z
2026-09-10T20:13:39Z,2026-09-10T22:13:39+0200,e039fd7a-370f-4751-ae35-4bab387b3e13,2026-09-04T13:15:00Z,2026-09-04T15:15:00+0200,32.1,EUR/MWh,ES,ES,imbalance_price,Long,2026-09-10T20:16:00Z
2026-09-10T20:13:39Z,2026-09-10T22:13:39+0200,e039fd7a-370f-4751-ae35-4bab387b3e13,2026-09-04T13:15:00Z,2026-09-04T15:15:00+0200,254.38,EUR/MWh,ES,ES,imbalance_price,Short,2026-09-10T20:16:00Z
2026-09-10T20:13:39Z,2026-09-10T22:13:39+0200,e039fd7a-370f-4751-ae35-4bab387b3e13,2026-09-04T13:30:00Z,2026-09-04T15:30:00+0200,15.01,EUR/MWh,ES,ES,imbalance_price,Long,2026-09-10T20:16:00Z
2026-09-10T20:13:39Z,2026-09-10T22:13:39+0200,e039fd7a-370f-4751-ae35-4bab387b3e13,2026-09-04T13:30:00Z,2026-09-04T15:30:00+0200,259.78,EUR/MWh,ES,ES,imbalance_price,Short,2026-09-10T20:16:00Z
2026-09-10T20:13:39Z,2026-09-10T22:13:39+0200,e039fd7a-370f-4751-ae35-4bab387b3e13,2026-09-04T13:45:00Z,2026-09-04T15:45:00+0200,1.9,EUR/MWh,ES,ES,imbalance_price,Long,2026-09-10T20:16:00Z
2026-09-10T20:13:39Z,2026-09-10T22:13:39+0200,e039fd7a-370f-4751-ae35-4bab387b3e13,2026-09-04T13:45:00Z,2026-09-04T15:45:00+0200,257.86,EUR/MWh,ES,ES,imbalance_price,Short,2026-09-10T20:16:00Z
2026-09-10T20:13:39Z,2026-09-10T22:13:39+0200,e039fd7a-370f-4751-ae35-4bab387b3e13,2026-09-04T14:00:00Z,2026-09-04T16:00:00+0200,14.74,EUR/MWh,ES,ES,imbalance_price,Long,2026-09-10T20:16:00Z
2026-09-10T20:13:39Z,2026-09-10T22:13:39+0200,e039fd7a-370f-4751-ae35-4bab387b3e13,2026-09-04T14:00:00Z,2026-09-04T16:00:00+0200,260.0,EUR/MWh,ES,ES,imbalance_price,Short,2026-09-10T20:16:00Z
2026-09-10T20:13:39Z,2026-09-10T22:13:39+0200,e039fd7a-370f-4751-ae35-4bab387b3e13,2026-09-04T14:15:00Z,2026-09-04T16:15:00+0200,37.46,EUR/MWh,ES,ES,imbalance_price,Long,2026-09-10T20:16:00Z
2026-09-10T20:13:39Z,2026-09-10T22:13:39+0200,e039fd7a-370f-4751-ae35-4bab387b3e13,2026-09-04T14:15:00Z,2026-09-04T16:15:00+0200,257.85,EUR/MWh,ES,ES,imbalance_price,Short,2026-09-10T20:16:00Z
2026-09-10T20:13:39Z,2026-09-10T22:13:39+0200,e039fd7a-370f-4751-ae35-4bab387b3e13,2026-09-04T14:30:00Z,2026-09-04T16:30:00+0200,21.08,EUR/MWh,ES,ES,imbalance_price,Long,2026-09-10T20:16:00Z
2026-09-10T20:13:39Z,2026-09-10T22:13:39+0200,e039fd7a-370f-4751-ae35-4bab387b3e13,2026-09-04T14:30:00Z,2026-09-04T16:30:00+0200,249.5,EUR/MWh,ES,ES,imbalance_price,Short,2026-09-10T20:16:00Z
2026-09-10T20:13:39Z,2026-09-10T22:13:39+0200,e039fd7a-370f-4751-ae35-4bab387b3e13,2026-09-04T14:45:00Z,2026-09-04T16:45:00+0200,-2.08,EUR/MWh,ES,ES,imbalance_price,Long,2026-09-10T20:16:00Z
2026-09-10T20:13:39Z,2026-09-10T22:13:39+0200,e039fd7a-370f-4751-ae35-4bab387b3e13,2026-09-04T14:45:00Z,2026-09-04T16:45:00+0200,164.37,EUR/MWh,ES,ES,imbalance_price,Short,2026-09-10T20:16:00Z
2026-09-10T20:13:39Z,2026-09-10T22:13:39+0200,e039fd7a-370f-4751-ae35-4bab387b3e13,2026-09-04T15:00:00Z,2026-09-04T17:00:00+0200,29.99,EUR/MWh,ES,ES,imbalance_price,Long,2026-09-10T20:16:00Z
2026-09-10T20:13:39Z,2026-09-10T22:13:39+0200,e039fd7a-370f-4751-ae35-4bab387b3e13,2026-09-04T15:00:00Z,2026-09-04T17:00:00+0200,123.59,EUR/MWh,ES,ES,imbalance_price,Short,2026-09-10T20:16:00Z
2026-09-10T20:13:39Z,2026-09-10T22:13:39+0200,e039fd7a-370f-4751-ae35-4bab387b3e13,2026-09-04T15:15:00Z,2026-09-04T17:15:00+0200,-1.17,EUR/MWh,ES,ES,imbalance_price,Long,2026-09-10T20:16:00Z
2026-09-10T20:13:39Z,2026-09-10T22:13:39+0200,e039fd7a-370f-4751-ae35-4bab387b3e13,2026-09-04T15:15:00Z,2026-09-04T17:15:00+0200,155.7,EUR/MWh,ES,ES,imbalance_price,Short,2026-09-10T20:16:00Z
2026-09-10T20:13:39Z,2026-09-10T22:13:39+0200,e039fd7a-370f-4751-ae35-4bab387b3e13,2026-09-04T15:30:00Z,2026-09-04T17:30:00+0200,-1.05,EUR/MWh,ES,ES,imbalance_price,Long,2026-09-10T20:16:00Z
2026-09-10T20:13:39Z,2026-09-10T22:13:39+0200,e039fd7a-370f-4751-ae35-4bab387b3e13,2026-09-04T15:30:00Z,2026-09-04T17:30:00+0200,171.94,EUR/MWh,ES,ES,imbalance_price,Short,2026-09-10T20:16:00Z
2026-09-10T20:13:39Z,2026-09-10T22:13:39+0200,e039fd7a-370f-4751-ae35-4bab387b3e13,2026-09-04T15:45:00Z,2026-09-04T17:45:00+0200,70.0,EUR/MWh,ES,ES,imbalance_price,Long,2026-09-10T20:16:00Z
2026-09-10T20:13:39Z,2026-09-10T22:13:39+0200,e039fd7a-370f-4751-ae35-4bab387b3e13,2026-09-04T15:45:00Z,2026-09-04T17:45:00+0200,169.53,EUR/MWh,ES,ES,imbalance_price,Short,2026-09-10T20:16:00Z
2026-09-10T20:13:39Z,2026-09-10T22:13:39+0200,e039fd7a-370f-4751-ae35-4bab387b3e13,2026-09-04T16:00:00Z,2026-09-04T18:00:00+0200,22.79,EUR/MWh,ES,ES,imbalance_price,Long,2026-09-10T20:16:00Z
2026-09-10T20:13:39Z,2026-09-10T22:13:39+0200,e039fd7a-370f-4751-ae35-4bab387b3e13,2026-09-04T16:00:00Z,2026-09-04T18:00:00+0200,173.29,EUR/MWh,ES,ES,imbalance_price,Short,2026-09-10T20:16:00Z
2026-09-10T20:13:39Z,2026-09-10T22:13:39+0200,e039fd7a-370f-4751-ae35-4bab387b3e13,2026-09-04T16:15:00Z,2026-09-04T18:15:00+0200,79.45,EUR/MWh,ES,ES,imbalance_price,Long,2026-09-10T20:16:00Z
2026-09-10T20:13:39Z,2026-09-10T22:13:39+0200,e039fd7a-370f-4751-ae35-4bab387b3e13,2026-09-04T16:15:00Z,2026-09-04T18:15:00+0200,174.78,EUR/MWh,ES,ES,imbalance_price,Short,2026-09-10T20:16:00Z
2026-09-10T20:13:39Z,2026-09-10T22:13:39+0200,e039fd7a-370f-4751-ae35-4bab387b3e13,2026-09-04T16:30:00Z,2026-09-04T18:30:00+0200,101.49,EUR/MWh,ES,ES,imbalance_price,Long,2026-09-10T20:16:00Z
2026-09-10T20:13:39Z,2026-09-10T22:13:39+0200,e039fd7a-370f-4751-ae35-4bab387b3e13,2026-09-04T16:30:00Z,2026-09-04T18:30:00+0200,185.2,EUR/MWh,ES,ES,imbalance_price,Short,2026-09-10T20:16:00Z
2026-09-10T20:13:39Z,2026-09-10T22:13:39+0200,e039fd7a-370f-4751-ae35-4bab387b3e13,2026-09-04T16:45:00Z,2026-09-04T18:45:00+0200,179.58,EUR/MWh,ES,ES,imbalance_price,Long,2026-09-10T20:16:00Z
2026-09-10T20:13:39Z,2026-09-10T22:13:39+0200,e039fd7a-370f-4751-ae35-4bab387b3e13,2026-09-04T16:45:00Z,2026-09-04T18:45:00+0200,179.58,EUR/MWh,ES,ES,imbalance_price,Short,2026-09-10T20:16:00Z
2026-09-10T20:13:39Z,2026-09-10T22:13:39+0200,e039fd7a-370f-4751-ae35-4bab387b3e13,2026-09-04T17:00:00Z,2026-09-04T19:00:00+0200,202.82,EUR/MWh,ES,ES,imbalance_price,Long,2026-09-10T20:16:00Z
2026-09-10T20:13:39Z,2026-09-10T22:13:39+0200,e039fd7a-370f-4751-ae35-4bab387b3e13,2026-09-04T17:00:00Z,2026-09-04T19:00:00+0200,202.82,EUR/MWh,ES,ES,imbalance_price,Short,2026-09-10T20:16:00Z
2026-09-10T20:13:39Z,2026-09-10T22:13:39+0200,e039fd7a-370f-4751-ae35-4bab387b3e13,2026-09-04T17:15:00Z,2026-09-04T19:15:00+0200,213.93,EUR/MWh,ES,ES,imbalance_price,Long,2026-09-10T20:16:00Z
2026-09-10T20:13:39Z,2026-09-10T22:13:39+0200,e039fd7a-370f-4751-ae35-4bab387b3e13,2026-09-04T17:15:00Z,2026-09-04T19:15:00+0200,213.93,EUR/MWh,ES,ES,imbalance_price,Short,2026-09-10T20:16:00Z
2026-09-10T20:13:39Z,2026-09-10T22:13:39+0200,e039fd7a-370f-4751-ae35-4bab387b3e13,2026-09-04T17:30:00Z,2026-09-04T19:30:00+0200,266.3,EUR/MWh,ES,ES,imbalance_price,Long,2026-09-10T20:16:00Z
2026-09-10T20:13:39Z,2026-09-10T22:13:39+0200,e039fd7a-370f-4751-ae35-4bab387b3e13,2026-09-04T17:30:00Z,2026-09-04T19:30:00+0200,266.3,EUR/MWh,ES,ES,imbalance_price,Short,2026-09-10T20:16:00Z
2026-09-10T20:13:39Z,2026-09-10T22:13:39+0200,e039fd7a-370f-4751-ae35-4bab387b3e13,2026-09-04T17:45:00Z,2026-09-04T19:45:00+0200,273.04,EUR/MWh,ES,ES,imbalance_price,Long,2026-09-10T20:16:00Z
2026-09-10T20:13:39Z,2026-09-10T22:13:39+0200,e039fd7a-370f-4751-ae35-4bab387b3e13,2026-09-04T17:45:00Z,2026-09-04T19:45:00+0200,273.04,EUR/MWh,ES,ES,imbalance_price,Short,2026-09-10T20:16:00Z
2026-09-10T20:13:39Z,2026-09-10T22:13:39+0200,e039fd7a-370f-4751-ae35-4bab387b3e13,2026-09-04T18:00:00Z,2026-09-04T20:00:00+0200,225.33,EUR/MWh,ES,ES,imbalance_price,Long,2026-09-10T20:16:00Z
2026-09-10T20:13:39Z,2026-09-10T22:13:39+0200,e039fd7a-370f-4751-ae35-4bab387b3e13,2026-09-04T18:00:00Z,2026-09-04T20:00:00+0200,225.33,EUR/MWh,ES,ES,imbalance_price,Short,2026-09-10T20:16:00Z
2026-09-10T20:13:39Z,2026-09-10T22:13:39+0200,e039fd7a-370f-4751-ae35-4bab387b3e13,2026-09-04T18:15:00Z,2026-09-04T20:15:00+0200,305.5,EUR/MWh,ES,ES,imbalance_price,Long,2026-09-10T20:16:00Z
2026-09-10T20:13:39Z,2026-09-10T22:13:39+0200,e039fd7a-370f-4751-ae35-4bab387b3e13,2026-09-04T18:15:00Z,2026-09-04T20:15:00+0200,305.5,EUR/MWh,ES,ES,imbalance_price,Short,2026-09-10T20:16:00Z
2026-09-10T20:13:39Z,2026-09-10T22:13:39+0200,e039fd7a-370f-4751-ae35-4bab387b3e13,2026-09-04T18:30:00Z,2026-09-04T20:30:00+0200,289.31,EUR/MWh,ES,ES,imbalance_price,Long,2026-09-10T20:16:00Z
2026-09-10T20:13:39Z,2026-09-10T22:13:39+0200,e039fd7a-370f-4751-ae35-4bab387b3e13,2026-09-04T18:30:00Z,2026-09-04T20:30:00+0200,289.31,EUR/MWh,ES,ES,imbalance_price,Short,2026-09-10T20:16:00Z
2026-09-10T20:13:39Z,2026-09-10T22:13:39+0200,e039fd7a-370f-4751-ae35-4bab387b3e13,2026-09-04T18:45:00Z,2026-09-04T20:45:00+0200,263.06,EUR/MWh,ES,ES,imbalance_price,Long,2026-09-10T20:16:00Z
2026-09-10T20:13:39Z,2026-09-10T22:13:39+0200,e039fd7a-370f-4751-ae35-4bab387b3e13,2026-09-04T18:45:00Z,2026-09-04T20:45:00+0200,263.06,EUR/MWh,ES,ES,imbalance_price,Short,2026-09-10T20:16:00Z
2026-09-10T20:13:39Z,2026-09-10T22:13:39+0200,e039fd7a-370f-4751-ae35-4bab387b3e13,2026-09-04T19:00:00Z,2026-09-04T21:00:00+0200,199.9,EUR/MWh,ES,ES,imbalance_price,Long,2026-09-10T20:16:00Z
2026-09-10T20:13:39Z,2026-09-10T22:13:39+0200,e039fd7a-370f-4751-ae35-4bab387b3e13,2026-09-04T19:00:00Z,2026-09-04T21:00:00+0200,199.9,EUR/MWh,ES,ES,imbalance_price,Short,2026-09-10T20:16:00Z
2026-09-10T20:13:39Z,2026-09-10T22:13:39+0200,e039fd7a-370f-4751-ae35-4bab387b3e13,2026-09-04T19:15:00Z,2026-09-04T21:15:00+0200,202.21,EUR/MWh,ES,ES,imbalance_price,Long,2026-09-10T20:16:00Z
2026-09-10T20:13:39Z,2026-09-10T22:13:39+0200,e039fd7a-370f-4751-ae35-4bab387b3e13,2026-09-04T19:15:00Z,2026-09-04T21:15:00+0200,202.21,EUR/MWh,ES,ES,imbalance_price,Short,2026-09-10T20:16:00Z
2026-09-10T20:13:39Z,2026-09-10T22:13:39+0200,e039fd7a-370f-4751-ae35-4bab387b3e13,2026-09-04T19:30:00Z,2026-09-04T21:30:00+0200,194.16,EUR/MWh,ES,ES,imbalance_price,Long,2026-09-10T20:16:00Z
2026-09-10T20:13:39Z,2026-09-10T22:13:39+0200,e039fd7a-370f-4751-ae35-4bab387b3e13,2026-09-04T19:30:00Z,2026-09-04T21:30:00+0200,194.16,EUR/MWh,ES,ES,imbalance_price,Short,2026-09-10T20:16:00Z
2026-09-10T20:13:39Z,2026-09-10T22:13:39+0200,e039fd7a-370f-4751-ae35-4bab387b3e13,2026-09-04T19:45:00Z,2026-09-04T21:45:00+0200,179.52,EUR/MWh,ES,ES,imbalance_price,Long,2026-09-10T20:16:00Z
2026-09-10T20:13:39Z,2026-09-10T22:13:39+0200,e039fd7a-370f-4751-ae35-4bab387b3e13,2026-09-04T19:45:00Z,2026-09-04T21:45:00+0200,179.52,EUR/MWh,ES,ES,imbalance_price,Short,2026-09-10T20:16:00Z
2026-09-10T20:13:39Z,2026-09-10T22:13:39+0200,e039fd7a-370f-4751-ae35-4bab387b3e13,2026-09-04T20:00:00Z,2026-09-04T22:00:00+0200,142.75,EUR/MWh,ES,ES,imbalance_price,Long,2026-09-10T20:16:00Z
2026-09-10T20:13:39Z,2026-09-10T22:13:39+0200,e039fd7a-370f-4751-ae35-4bab387b3e13,2026-09-04T20:00:00Z,2026-09-04T22:00:00+0200,185.6,EUR/MWh,ES,ES,imbalance_price,Short,2026-09-10T20:16:00Z
2026-09-10T20:13:39Z,2026-09-10T22:13:39+0200,e039fd7a-370f-4751-ae35-4bab387b3e13,2026-09-04T20:15:00Z,2026-09-04T22:15:00+0200,179.8,EUR/MWh,ES,ES,imbalance_price,Long,2026-09-10T20:16:00Z
2026-09-10T20:13:39Z,2026-09-10T22:13:39+0200,e039fd7a-370f-4751-ae35-4bab387b3e13,2026-09-04T20:15:00Z,2026-09-04T22:15:00+0200,179.8,EUR/MWh,ES,ES,imbalance_price,Short,2026-09-10T20:16:00Z
2026-09-10T20:13:39Z,2026-09-10T22:13:39+0200,e039fd7a-370f-4751-ae35-4bab387b3e13,2026-09-04T20:30:00Z,2026-09-04T22:30:00+0200,188.48,EUR/MWh,ES,ES,imbalance_price,Long,2026-09-10T20:16:00Z
2026-09-10T20:13:39Z,2026-09-10T22:13:39+0200,e039fd7a-370f-4751-ae35-4bab387b3e13,2026-09-04T20:30:00Z,2026-09-04T22:30:00+0200,188.48,EUR/MWh,ES,ES,imbalance_price,Short,2026-09-10T20:16:00Z
2026-09-10T20:13:39Z,2026-09-10T22:13:39+0200,e039fd7a-370f-4751-ae35-4bab387b3e13,2026-09-04T20:45:00Z,2026-09-04T22:45:00+0200,178.41,EUR/MWh,ES,ES,imbalance_price,Long,2026-09-10T20:16:00Z
2026-09-10T20:13:39Z,2026-09-10T22:13:39+0200,e039fd7a-370f-4751-ae35-4bab387b3e13,2026-09-04T20:45:00Z,2026-09-04T22:45:00+0200,178.41,EUR/MWh,ES,ES,imbalance_price,Short,2026-09-10T20:16:00Z
2026-09-10T20:13:39Z,2026-09-10T22:13:39+0200,e039fd7a-370f-4751-ae35-4bab387b3e13,2026-09-04T21:00:00Z,2026-09-04T23:00:00+0200,180.64,EUR/MWh,ES,ES,imbalance_price,Long,2026-09-10T20:16:00Z
2026-09-10T20:13:39Z,2026-09-10T22:13:39+0200,e039fd7a-370f-4751-ae35-4bab387b3e13,2026-09-04T21:00:00Z,2026-09-04T23:00:00+0200,180.64,EUR/MWh,ES,ES,imbalance_price,Short,2026-09-10T20:16:00Z
2026-09-10T20:13:39Z,2026-09-10T22:13:39+0200,e039fd7a-370f-4751-ae35-4bab387b3e13,2026-09-04T21:15:00Z,2026-09-04T23:15:00+0200,186.48,EUR/MWh,ES,ES,imbalance_price,Long,2026-09-10T20:16:00Z
2026-09-10T20:13:39Z,2026-09-10T22:13:39+0200,e039fd7a-370f-4751-ae35-4bab387b3e13,2026-09-04T21:15:00Z,2026-09-04T23:15:00+0200,186.48,EUR/MWh,ES,ES,imbalance_price,Short,2026-09-10T20:16:00Z
2026-09-10T20:13:39Z,2026-09-10T22:13:39+0200,e039fd7a-370f-4751-ae35-4bab387b3e13,2026-09-04T21:30:00Z,2026-09-04T23:30:00+0200,182.2,EUR/MWh,ES,ES,imbalance_price,Long,2026-09-10T20:16:00Z
2026-09-10T20:13:39Z,2026-09-10T22:13:39+0200,e039fd7a-370f-4751-ae35-4bab387b3e13,2026-09-04T21:30:00Z,2026-09-04T23:30:00+0200,182.2,EUR/MWh,ES,ES,imbalance_price,Short,2026-09-10T20:16:00Z
2026-09-10T20:13:39Z,2026-09-10T22:13:39+0200,e039fd7a-370f-4751-ae35-4bab387b3e13,2026-09-04T21:45:00Z,2026-09-04T23:45:00+0200,161.07,EUR/MWh,ES,ES,imbalance_price,Long,2026-09-10T20:16:00Z
2026-09-10T20:13:39Z,2026-09-10T22:13:39+0200,e039fd7a-370f-4751-ae35-4bab387b3e13,2026-09-04T21:45:00Z,2026-09-04T23:45:00+0200,177.51,EUR/MWh,ES,ES,imbalance_price,Short,2026-09-10T20:16:00Z
2026-09-10T20:13:39Z,2026-09-10T22:13:39+0200,e039fd7a-370f-4751-ae35-4bab387b3e13,2026-09-04T22:00:00Z,2026-09-05T00:00:00+0200,213.65,EUR/MWh,ES,ES,imbalance_price,Long,2026-09-10T20:16:00Z
2026-09-10T20:13:39Z,2026-09-10T22:13:39+0200,e039fd7a-370f-4751-ae35-4bab387b3e13,2026-09-04T22:00:00Z,2026-09-05T00:00:00+0200,213.65,EUR/MWh,ES,ES,imbalance_price,Short,2026-09-10T20:16:00Z
2026-09-10T20:13:39Z,2026-09-10T22:13:39+0200,e039fd7a-370f-4751-ae35-4bab387b3e13,2026-09-04T22:15:00Z,2026-09-05T00:15:00+0200,85.9,EUR/MWh,ES,ES,imbalance_price,Long,2026-09-10T20:16:00Z
2026-09-10T20:13:39Z,2026-09-10T22:13:39+0200,e039fd7a-370f-4751-ae35-4bab387b3e13,2026-09-04T22:15:00Z,2026-09-05T00:15:00+0200,186.79,EUR/MWh,ES,ES,imbalance_price,Short,2026-09-10T20:16:00Z
2026-09-10T20:13:39Z,2026-09-10T22:13:39+0200,e039fd7a-370f-4751-ae35-4bab387b3e13,2026-09-04T22:30:00Z,2026-09-05T00:30:00+0200,37.14,EUR/MWh,ES,ES,imbalance_price,Long,2026-09-10T20:16:00Z
2026-09-10T20:13:39Z,2026-09-10T22:13:39+0200,e039fd7a-370f-4751-ae35-4bab387b3e13,2026-09-04T22:30:00Z,2026-09-05T00:30:00+0200,203.96,EUR/MWh,ES,ES,imbalance_price,Short,2026-09-10T20:16:00Z
2026-09-10T20:13:39Z,2026-09-10T22:13:39+0200,e039fd7a-370f-4751-ae35-4bab387b3e13,2026-09-04T22:45:00Z,2026-09-05T00:45:00+0200,136.31,EUR/MWh,ES,ES,imbalance_price,Long,2026-09-10T20:16:00Z
2026-09-10T20:13:39Z,2026-09-10T22:13:39+0200,e039fd7a-370f-4751-ae35-4bab387b3e13,2026-09-04T22:45:00Z,2026-09-05T00:45:00+0200,193.2,EUR/MWh,ES,ES,imbalance_price,Short,2026-09-10T20:16:00Z
2026-09-10T20:13:39Z,2026-09-10T22:13:39+0200,e039fd7a-370f-4751-ae35-4bab387b3e13,2026-09-04T23:00:00Z,2026-09-05T01:00:00+0200,44.79,EUR/MWh,ES,ES,imbalance_price,Long,2026-09-10T20:16:00Z
2026-09-10T20:13:39Z,2026-09-10T22:13:39+0200,e039fd7a-370f-4751-ae35-4bab387b3e13,2026-09-04T23:00:00Z,2026-09-05T01:00:00+0200,185.37,EUR/MWh,ES,ES,imbalance_price,Short,2026-09-10T20:16:00Z
2026-09-10T20:13:39Z,2026-09-10T22:13:39+0200,e039fd7a-370f-4751-ae35-4bab387b3e13,2026-09-04T23:15:00Z,2026-09-05T01:15:00+0200,118.85,EUR/MWh,ES,ES,imbalance_price,Long,2026-09-10T20:16:00Z
2026-09-10T20:13:39Z,2026-09-10T22:13:39+0200,e039fd7a-370f-4751-ae35-4bab387b3e13,2026-09-04T23:15:00Z,2026-09-05T01:15:00+0200,178.53,EUR/MWh,ES,ES,imbalance_price,Short,2026-09-10T20:16:00Z
2026-09-10T20:13:39Z,2026-09-10T22:13:39+0200,e039fd7a-370f-4751-ae35-4bab387b3e13,2026-09-04T23:30:00Z,2026-09-05T01:30:00+0200,153.8,EUR/MWh,ES,ES,imbalance_price,Long,2026-09-10T20:16:00Z
2026-09-10T20:13:39Z,2026-09-10T22:13:39+0200,e039fd7a-370f-4751-ae35-4bab387b3e13,2026-09-04T23:30:00Z,2026-09-05T01:30:00+0200,179.33,EUR/MWh,ES,ES,imbalance_price,Short,2026-09-10T20:16:00Z
2026-09-10T20:13:39Z,2026-09-10T22:13:39+0200,e039fd7a-370f-4751-ae35-4bab387b3e13,2026-09-04T23:45:00Z,2026-09-05T01:45:00+0200,125.46,EUR/MWh,ES,ES,imbalance_price,Long,2026-09-10T20:16:00Z
2026-09-10T20:13:39Z,2026-09-10T22:13:39+0200,e039fd7a-370f-4751-ae35-4bab387b3e13,2026-09-04T23:45:00Z,2026-09-05T01:45:00+0200,173.63,EUR/MWh,ES,ES,imbalance_price,Short,2026-09-10T20:16:00Z
2026-09-10T20:13:39Z,2026-09-10T22:13:39+0200,e039fd7a-370f-4751-ae35-4bab387b3e13,2026-09-05T00:00:00Z,2026-09-05T02:00:00+0200,111.69,EUR/MWh,ES,ES,imbalance_price,Long,2026-09-10T20:16:00Z
2026-09-10T20:13:39Z,2026-09-10T22:13:39+0200,e039fd7a-370f-4751-ae35-4bab387b3e13,2026-09-05T00:00:00Z,2026-09-05T02:00:00+0200,175.45,EUR/MWh,ES,ES,imbalance_price,Short,2026-09-10T20:16:00Z
2026-09-10T20:13:39Z,2026-09-10T22:13:39+0200,e039fd7a-370f-4751-ae35-4bab387b3e13,2026-09-05T00:15:00Z,2026-09-05T02:15:00+0200,0.0,EUR/MWh,ES,ES,imbalance_price,Long,2026-09-10T20:16:00Z
2026-09-10T20:13:39Z,2026-09-10T22:13:39+0200,e039fd7a-370f-4751-ae35-4bab387b3e13,2026-09-05T00:15:00Z,2026-09-05T02:15:00+0200,175.54,EUR/MWh,ES,ES,imbalance_price,Short,2026-09-10T20:16:00Z
2026-09-10T20:13:39Z,2026-09-10T22:13:39+0200,e039fd7a-370f-4751-ae35-4bab387b3e13,2026-09-05T00:30:00Z,2026-09-05T02:30:00+0200,12.59,EUR/MWh,ES,ES,imbalance_price,Long,2026-09-10T20:16:00Z
2026-09-10T20:13:39Z,2026-09-10T22:13:39+0200,e039fd7a-370f-4751-ae35-4bab387b3e13,2026-09-05T00:30:00Z,2026-09-05T02:30:00+0200,173.7,EUR/MWh,ES,ES,imbalance_price,Short,2026-09-10T20:16:00Z
2026-09-10T20:13:39Z,2026-09-10T22:13:39+0200,e039fd7a-370f-4751-ae35-4bab387b3e13,2026-09-05T00:45:00Z,2026-09-05T02:45:00+0200,127.81,EUR/MWh,ES,ES,imbalance_price,Long,2026-09-10T20:16:00Z
2026-09-10T20:13:39Z,2026-09-10T22:13:39+0200,e039fd7a-370f-4751-ae35-4bab387b3e13,2026-09-05T00:45:00Z,2026-09-05T02:45:00+0200,172.12,EUR/MWh,ES,ES,imbalance_price,Short,2026-09-10T20:16:00Z
2026-09-10T20:13:39Z,2026-09-10T22:13:39+0200,e039fd7a-370f-4751-ae35-4bab387b3e13,2026-09-05T01:00:00Z,2026-09-05T03:00:00+0200,181.53,EUR/MWh,ES,ES,imbalance_price,Long,2026-09-10T20:16:00Z
2026-09-10T20:13:39Z,2026-09-10T22:13:39+0200,e039fd7a-370f-4751-ae35-4bab387b3e13,2026-09-05T01:00:00Z,2026-09-05T03:00:00+0200,181.53,EUR/MWh,ES,ES,imbalance_price,Short,2026-09-10T20:16:00Z
2026-09-10T20:13:39Z,2026-09-10T22:13:39+0200,e039fd7a-370f-4751-ae35-4bab387b3e13,2026-09-05T01:15:00Z,2026-09-05T03:15:00+0200,181.85,EUR/MWh,ES,ES,imbalance_price,Long,2026-09-10T20:16:00Z
2026-09-10T20:13:39Z,2026-09-10T22:13:39+0200,e039fd7a-370f-4751-ae35-4bab387b3e13,2026-09-05T01:15:00Z,2026-09-05T03:15:00+0200,181.85,EUR/MWh,ES,ES,imbalance_price,Short,2026-09-10T20:16:00Z
2026-09-10T20:13:39Z,2026-09-10T22:13:39+0200,e039fd7a-370f-4751-ae35-4bab387b3e13,2026-09-05T01:30:00Z,2026-09-05T03:30:00+0200,183.06,EUR/MWh,ES,ES,imbalance_price,Long,2026-09-10T20:16:00Z
2026-09-10T20:13:39Z,2026-09-10T22:13:39+0200,e039fd7a-370f-4751-ae35-4bab387b3e13,2026-09-05T01:30:00Z,2026-09-05T03:30:00+0200,183.06,EUR/MWh,ES,ES,imbalance_price,Short,2026-09-10T20:16:00Z
2026-09-10T20:13:39Z,2026-09-10T22:13:39+0200,e039fd7a-370f-4751-ae35-4bab387b3e13,2026-09-05T01:45:00Z,2026-09-05T03:45:00+0200,185.73,EUR/MWh,ES,ES,imbalance_price,Long,2026-09-10T20:16:00Z
2026-09-10T20:13:39Z,2026-09-10T22:13:39+0200,e039fd7a-370f-4751-ae35-4bab387b3e13,2026-09-05T01:45:00Z,2026-09-05T03:45:00+0200,185.73,EUR/MWh,ES,ES,imbalance_price,Short,2026-09-10T20:16:00Z
2026-09-10T20:13:39Z,2026-09-10T22:13:39+0200,e039fd7a-370f-4751-ae35-4bab387b3e13,2026-09-05T02:00:00Z,2026-09-05T04:00:00+0200,188.84,EUR/MWh,ES,ES,imbalance_price,Long,2026-09-10T20:16:00Z
2026-09-10T20:13:39Z,2026-09-10T22:13:39+0200,e039fd7a-370f-4751-ae35-4bab387b3e13,2026-09-05T02:00:00Z,2026-09-05T04:00:00+0200,188.84,EUR/MWh,ES,ES,imbalance_price,Short,2026-09-10T20:16:00Z
2026-09-10T20:13:39Z,2026-09-10T22:13:39+0200,e039fd7a-370f-4751-ae35-4bab387b3e13,2026-09-05T02:15:00Z,2026-09-05T04:15:00+0200,188.23,EUR/MWh,ES,ES,imbalance_price,Long,2026-09-10T20:16:00Z
2026-09-10T20:13:39Z,2026-09-10T22:13:39+0200,e039fd7a-370f-4751-ae35-4bab387b3e13,2026-09-05T02:15:00Z,2026-09-05T04:15:00+0200,188.23,EUR/MWh,ES,ES,imbalance_price,Short,2026-09-10T20:16:00Z
2026-09-10T20:13:39Z,2026-09-10T22:13:39+0200,e039fd7a-370f-4751-ae35-4bab387b3e13,2026-09-05T02:30:00Z,2026-09-05T04:30:00+0200,187.79,EUR/MWh,ES,ES,imbalance_price,Long,2026-09-10T20:16:00Z
2026-09-10T20:13:39Z,2026-09-10T22:13:39+0200,e039fd7a-370f-4751-ae35-4bab387b3e13,2026-09-05T02:30:00Z,2026-09-05T04:30:00+0200,187.79,EUR/MWh,ES,ES,imbalance_price,Short,2026-09-10T20:16:00Z
2026-09-10T20:13:39Z,2026-09-10T22:13:39+0200,e039fd7a-370f-4751-ae35-4bab387b3e13,2026-09-05T02:45:00Z,2026-09-05T04:45:00+0200,187.82,EUR/MWh,ES,ES,imbalance_price,Long,2026-09-10T20:16:00Z
2026-09-10T20:13:39Z,2026-09-10T22:13:39+0200,e039fd7a-370f-4751-ae35-4bab387b3e13,2026-09-05T02:45:00Z,2026-09-05T04:45:00+0200,187.82,EUR/MWh,ES,ES,imbalance_price,Short,2026-09-10T20:16:00Z
2026-09-10T20:13:39Z,2026-09-10T22:13:39+0200,e039fd7a-370f-4751-ae35-4bab387b3e13,2026-09-05T03:00:00Z,2026-09-05T05:00:00+0200,184.18,EUR/MWh,ES,ES,imbalance_price,Long,2026-09-10T20:16:00Z
2026-09-10T20:13:39Z,2026-09-10T22:13:39+0200,e039fd7a-370f-4751-ae35-4bab387b3e13,2026-09-05T03:00:00Z,2026-09-05T05:00:00+0200,184.18,EUR/MWh,ES,ES,imbalance_price,Short,2026-09-10T20:16:00Z
2026-09-10T20:13:39Z,2026-09-10T22:13:39+0200,e039fd7a-370f-4751-ae35-4bab387b3e13,2026-09-05T03:15:00Z,2026-09-05T05:15:00+0200,110.52,EUR/MWh,ES,ES,imbalance_price,Long,2026-09-10T20:16:00Z
2026-09-10T20:13:39Z,2026-09-10T22:13:39+0200,e039fd7a-370f-4751-ae35-4bab387b3e13,2026-09-05T03:15:00Z,2026-09-05T05:15:00+0200,185.82,EUR/MWh,ES,ES,imbalance_price,Short,2026-09-10T20:16:00Z
2026-09-10T20:13:39Z,2026-09-10T22:13:39+0200,e039fd7a-370f-4751-ae35-4bab387b3e13,2026-09-05T03:30:00Z,2026-09-05T05:30:00+0200,106.63,EUR/MWh,ES,ES,imbalance_price,Long,2026-09-10T20:16:00Z
2026-09-10T20:13:39Z,2026-09-10T22:13:39+0200,e039fd7a-370f-4751-ae35-4bab387b3e13,2026-09-05T03:30:00Z,2026-09-05T05:30:00+0200,186.59,EUR/MWh,ES,ES,imbalance_price,Short,2026-09-10T20:16:00Z
2026-09-10T20:13:39Z,2026-09-10T22:13:39+0200,e039fd7a-370f-4751-ae35-4bab387b3e13,2026-09-05T03:45:00Z,2026-09-05T05:45:00+0200,89.12,EUR/MWh,ES,ES,imbalance_price,Long,2026-09-10T20:16:00Z
2026-09-10T20:13:39Z,2026-09-10T22:13:39+0200,e039fd7a-370f-4751-ae35-4bab387b3e13,2026-09-05T03:45:00Z,2026-09-05T05:45:00+0200,179.02,EUR/MWh,ES,ES,imbalance_price,Short,2026-09-10T20:16:00Z
2026-09-10T20:13:39Z,2026-09-10T22:13:39+0200,e039fd7a-370f-4751-ae35-4bab387b3e13,2026-09-05T04:00:00Z,2026-09-05T06:00:00+0200,77.89,EUR/MWh,ES,ES,imbalance_price,Long,2026-09-10T20:16:00Z
2026-09-10T20:13:39Z,2026-09-10T22:13:39+0200,e039fd7a-370f-4751-ae35-4bab387b3e13,2026-09-05T04:00:00Z,2026-09-05T06:00:00+0200,177.67,EUR/MWh,ES,ES,imbalance_price,Short,2026-09-10T20:16:00Z
2026-09-10T20:13:39Z,2026-09-10T22:13:39+0200,e039fd7a-370f-4751-ae35-4bab387b3e13,2026-09-05T04:15:00Z,2026-09-05T06:15:00+0200,112.27,EUR/MWh,ES,ES,imbalance_price,Long,2026-09-10T20:16:00Z
2026-09-10T20:13:39Z,2026-09-10T22:13:39+0200,e039fd7a-370f-4751-ae35-4bab387b3e13,2026-09-05T04:15:00Z,2026-09-05T06:15:00+0200,168.22,EUR/MWh,ES,ES,imbalance_price,Short,2026-09-10T20:16:00Z
2026-09-10T20:13:39Z,2026-09-10T22:13:39+0200,e039fd7a-370f-4751-ae35-4bab387b3e13,2026-09-05T04:30:00Z,2026-09-05T06:30:00+0200,132.34,EUR/MWh,ES,ES,imbalance_price,Long,2026-09-10T20:16:00Z
2026-09-10T20:13:39Z,2026-09-10T22:13:39+0200,e039fd7a-370f-4751-ae35-4bab387b3e13,2026-09-05T04:30:00Z,2026-09-05T06:30:00+0200,173.13,EUR/MWh,ES,ES,imbalance_price,Short,2026-09-10T20:16:00Z
2026-09-10T20:13:39Z,2026-09-10T22:13:39+0200,e039fd7a-370f-4751-ae35-4bab387b3e13,2026-09-05T04:45:00Z,2026-09-05T06:45:00+0200,173.52,EUR/MWh,ES,ES,imbalance_price,Long,2026-09-10T20:16:00Z
2026-09-10T20:13:39Z,2026-09-10T22:13:39+0200,e039fd7a-370f-4751-ae35-4bab387b3e13,2026-09-05T04:45:00Z,2026-09-05T06:45:00+0200,173.52,EUR/MWh,ES,ES,imbalance_price,Short,2026-09-10T20:16:00Z
2026-09-10T20:13:39Z,2026-09-10T22:13:39+0200,e039fd7a-370f-4751-ae35-4bab387b3e13,2026-09-05T05:00:00Z,2026-09-05T07:00:00+0200,174.69,EUR/MWh,ES,ES,imbalance_price,Long,2026-09-10T20:16:00Z
2026-09-10T20:13:39Z,2026-09-10T22:13:39+0200,e039fd7a-370f-4751-ae35-4bab387b3e13,2026-09-05T05:00:00Z,2026-09-05T07:00:00+0200,174.69,EUR/MWh,ES,ES,imbalance_price,Short,2026-09-10T20:16:00Z
2026-09-10T20:13:39Z,2026-09-10T22:13:39+0200,e039fd7a-370f-4751-ae35-4bab387b3e13,2026-09-05T05:15:00Z,2026-09-05T07:15:00+0200,174.07,EUR/MWh,ES,ES,imbalance_price,Long,2026-09-10T20:16:00Z
2026-09-10T20:13:39Z,2026-09-10T22:13:39+0200,e039fd7a-370f-4751-ae35-4bab387b3e13,2026-09-05T05:15:00Z,2026-09-05T07:15:00+0200,174.07,EUR/MWh,ES,ES,imbalance_price,Short,2026-09-10T20:16:00Z
2026-09-10T20:13:39Z,2026-09-10T22:13:39+0200,e039fd7a-370f-4751-ae35-4bab387b3e13,2026-09-05T05:30:00Z,2026-09-05T07:30:00+0200,148.3,EUR/MWh,ES,ES,imbalance_price,Long,2026-09-10T20:16:00Z
2026-09-10T20:13:39Z,2026-09-10T22:13:39+0200,e039fd7a-370f-4751-ae35-4bab387b3e13,2026-09-05T05:30:00Z,2026-09-05T07:30:00+0200,172.18,EUR/MWh,ES,ES,imbalance_price,Short,2026-09-10T20:16:00Z
2026-09-10T20:13:39Z,2026-09-10T22:13:39+0200,e039fd7a-370f-4751-ae35-4bab387b3e13,2026-09-05T05:45:00Z,2026-09-05T07:45:00+0200,134.74,EUR/MWh,ES,ES,imbalance_price,Long,2026-09-10T20:16:00Z
2026-09-10T20:13:39Z,2026-09-10T22:13:39+0200,e039fd7a-370f-4751-ae35-4bab387b3e13,2026-09-05T05:45:00Z,2026-09-05T07:45:00+0200,168.87,EUR/MWh,ES,ES,imbalance_price,Short,2026-09-10T20:16:00Z
2026-09-10T20:13:39Z,2026-09-10T22:13:39+0200,e039fd7a-370f-4751-ae35-4bab387b3e13,2026-09-05T06:00:00Z,2026-09-05T08:00:00+0200,137.2,EUR/MWh,ES,ES,imbalance_price,Long,2026-09-10T20:16:00Z
2026-09-10T20:13:39Z,2026-09-10T22:13:39+0200,e039fd7a-370f-4751-ae35-4bab387b3e13,2026-09-05T06:00:00Z,2026-09-05T08:00:00+0200,170.64,EUR/MWh,ES,ES,imbalance_price,Short,2026-09-10T20:16:00Z
2026-09-10T20:13:39Z,2026-09-10T22:13:39+0200,e039fd7a-370f-4751-ae35-4bab387b3e13,2026-09-05T06:15:00Z,2026-09-05T08:15:00+0200,76.45,EUR/MWh,ES,ES,imbalance_price,Long,2026-09-10T20:16:00Z
2026-09-10T20:13:39Z,2026-09-10T22:13:39+0200,e039fd7a-370f-4751-ae35-4bab387b3e13,2026-09-05T06:15:00Z,2026-09-05T08:15:00+0200,174.03,EUR/MWh,ES,ES,imbalance_price,Short,2026-09-10T20:16:00Z
2026-09-10T20:13:39Z,2026-09-10T22:13:39+0200,e039fd7a-370f-4751-ae35-4bab387b3e13,2026-09-05T06:30:00Z,2026-09-05T08:30:00+0200,128.77,EUR/MWh,ES,ES,imbalance_price,Long,2026-09-10T20:16:00Z
2026-09-10T20:13:39Z,2026-09-10T22:13:39+0200,e039fd7a-370f-4751-ae35-4bab387b3e13,2026-09-05T06:30:00Z,2026-09-05T08:30:00+0200,168.24,EUR/MWh,ES,ES,imbalance_price,Short,2026-09-10T20:16:00Z
2026-09-10T20:13:39Z,2026-09-10T22:13:39+0200,e039fd7a-370f-4751-ae35-4bab387b3e13,2026-09-05T06:45:00Z,2026-09-05T08:45:00+0200,83.13,EUR/MWh,ES,ES,imbalance_price,Long,2026-09-10T20:16:00Z
2026-09-10T20:13:39Z,2026-09-10T22:13:39+0200,e039fd7a-370f-4751-ae35-4bab387b3e13,2026-09-05T06:45:00Z,2026-09-05T08:45:00+0200,163.39,EUR/MWh,ES,ES,imbalance_price,Short,2026-09-10T20:16:00Z
2026-09-10T20:13:39Z,2026-09-10T22:13:39+0200,e039fd7a-370f-4751-ae35-4bab387b3e13,2026-09-05T07:00:00Z,2026-09-05T09:00:00+0200,134.87,EUR/MWh,ES,ES,imbalance_price,Long,2026-09-10T20:16:00Z
2026-09-10T20:13:39Z,2026-09-10T22:13:39+0200,e039fd7a-370f-4751-ae35-4bab387b3e13,2026-09-05T07:00:00Z,2026-09-05T09:00:00+0200,174.5,EUR/MWh,ES,ES,imbalance_price,Short,2026-09-10T20:16:00Z
2026-09-10T20:13:39Z,2026-09-10T22:13:39+0200,e039fd7a-370f-4751-ae35-4bab387b3e13,2026-09-05T07:15:00Z,2026-09-05T09:15:00+0200,168.37,EUR/MWh,ES,ES,imbalance_price,Long,2026-09-10T20:16:00Z
2026-09-10T20:13:39Z,2026-09-10T22:13:39+0200,e039fd7a-370f-4751-ae35-4bab387b3e13,2026-09-05T07:15:00Z,2026-09-05T09:15:00+0200,168.37,EUR/MWh,ES,ES,imbalance_price,Short,2026-09-10T20:16:00Z
2026-09-10T20:13:39Z,2026-09-10T22:13:39+0200,e039fd7a-370f-4751-ae35-4bab387b3e13,2026-09-05T07:30:00Z,2026-09-05T09:30:00+0200,165.06,EUR/MWh,ES,ES,imbalance_price,Long,2026-09-10T20:16:00Z
2026-09-10T20:13:39Z,2026-09-10T22:13:39+0200,e039fd7a-370f-4751-ae35-4bab387b3e13,2026-09-05T07:30:00Z,2026-09-05T09:30:00+0200,165.06,EUR/MWh,ES,ES,imbalance_price,Short,2026-09-10T20:16:00Z
2026-09-10T20:13:39Z,2026-09-10T22:13:39+0200,e039fd7a-370f-4751-ae35-4bab387b3e13,2026-09-05T07:45:00Z,2026-09-05T09:45:00+0200,-2.33,EUR/MWh,ES,ES,imbalance_price,Long,2026-09-10T20:16:00Z
2026-09-10T20:13:39Z,2026-09-10T22:13:39+0200,e039fd7a-370f-4751-ae35-4bab387b3e13,2026-09-05T07:45:00Z,2026-09-05T09:45:00+0200,165.13,EUR/MWh,ES,ES,imbalance_price,Short,2026-09-10T20:16:00Z
2026-09-10T20:13:39Z,2026-09-10T22:13:39+0200,e039fd7a-370f-4751-ae35-4bab387b3e13,2026-09-05T08:00:00Z,2026-09-05T10:00:00+0200,-3.9,EUR/MWh,ES,ES,imbalance_price,Long,2026-09-10T20:16:00Z
2026-09-10T20:13:39Z,2026-09-10T22:13:39+0200,e039fd7a-370f-4751-ae35-4bab387b3e13,2026-09-05T08:00:00Z,2026-09-05T10:00:00+0200,227.83,EUR/MWh,ES,ES,imbalance_price,Short,2026-09-10T20:16:00Z
2026-09-10T20:13:39Z,2026-09-10T22:13:39+0200,e039fd7a-370f-4751-ae35-4bab387b3e13,2026-09-05T08:15:00Z,2026-09-05T10:15:00+0200,-0.41,EUR/MWh,ES,ES,imbalance_price,Long,2026-09-10T20:16:00Z
2026-09-10T20:13:39Z,2026-09-10T22:13:39+0200,e039fd7a-370f-4751-ae35-4bab387b3e13,2026-09-05T08:15:00Z,2026-09-05T10:15:00+0200,179.23,EUR/MWh,ES,ES,imbalance_price,Short,2026-09-10T20:16:00Z
2026-09-10T20:13:39Z,2026-09-10T22:13:39+0200,e039fd7a-370f-4751-ae35-4bab387b3e13,2026-09-05T08:30:00Z,2026-09-05T10:30:00+0200,-3.27,EUR/MWh,ES,ES,imbalance_price,Long,2026-09-10T20:16:00Z
2026-09-10T20:13:39Z,2026-09-10T22:13:39+0200,e039fd7a-370f-4751-ae35-4bab387b3e13,2026-09-05T08:30:00Z,2026-09-05T10:30:00+0200,259.44,EUR/MWh,ES,ES,imbalance_price,Short,2026-09-10T20:16:00Z
2026-09-10T20:13:39Z,2026-09-10T22:13:39+0200,e039fd7a-370f-4751-ae35-4bab387b3e13,2026-09-05T08:45:00Z,2026-09-05T10:45:00+0200,-1.35,EUR/MWh,ES,ES,imbalance_price,Long,2026-09-10T20:16:00Z
2026-09-10T20:13:39Z,2026-09-10T22:13:39+0200,e039fd7a-370f-4751-ae35-4bab387b3e13,2026-09-05T08:45:00Z,2026-09-05T10:45:00+0200,257.16,EUR/MWh,ES,ES,imbalance_price,Short,2026-09-10T20:16:00Z
2026-09-10T20:13:39Z,2026-09-10T22:13:39+0200,e039fd7a-370f-4751-ae35-4bab387b3e13,2026-09-05T09:00:00Z,2026-09-05T11:00:00+0200,3.72,EUR/MWh,ES,ES,imbalance_price,Long,2026-09-10T20:16:00Z
2026-09-10T20:13:39Z,2026-09-10T22:13:39+0200,e039fd7a-370f-4751-ae35-4bab387b3e13,2026-09-05T09:00:00Z,2026-09-05T11:00:00+0200,255.5,EUR/MWh,ES,ES,imbalance_price,Short,2026-09-10T20:16:00Z
2026-09-10T20:13:39Z,2026-09-10T22:13:39+0200,e039fd7a-370f-4751-ae35-4bab387b3e13,2026-09-05T09:15:00Z,2026-09-05T11:15:00+0200,250.49,EUR/MWh,ES,ES,imbalance_price,Long,2026-09-10T20:16:00Z
2026-09-10T20:13:39Z,2026-09-10T22:13:39+0200,e039fd7a-370f-4751-ae35-4bab387b3e13,2026-09-05T09:15:00Z,2026-09-05T11:15:00+0200,250.49,EUR/MWh,ES,ES,imbalance_price,Short,2026-09-10T20:16:00Z
2026-09-10T20:13:39Z,2026-09-10T22:13:39+0200,e039fd7a-370f-4751-ae35-4bab387b3e13,2026-09-05T09:30:00Z,2026-09-05T11:30:00+0200,189.67,EUR/MWh,ES,ES,imbalance_price,Long,2026-09-10T20:16:00Z
2026-09-10T20:13:39Z,2026-09-10T22:13:39+0200,e039fd7a-370f-4751-ae35-4bab387b3e13,2026-09-05T09:30:00Z,2026-09-05T11:30:00+0200,189.67,EUR/MWh,ES,ES,imbalance_price,Short,2026-09-10T20:16:00Z
2026-09-10T20:13:39Z,2026-09-10T22:13:39+0200,e039fd7a-370f-4751-ae35-4bab387b3e13,2026-09-05T09:45:00Z,2026-09-05T11:45:00+0200,182.1,EUR/MWh,ES,ES,imbalance_price,Long,2026-09-10T20:16:00Z
2026-09-10T20:13:39Z,2026-09-10T22:13:39+0200,e039fd7a-370f-4751-ae35-4bab387b3e13,2026-09-05T09:45:00Z,2026-09-05T11:45:00+0200,182.1,EUR/MWh,ES,ES,imbalance_price,Short,2026-09-10T20:16:00Z
2026-09-10T20:13:39Z,2026-09-10T22:13:39+0200,e039fd7a-370f-4751-ae35-4bab387b3e13,2026-09-05T10:00:00Z,2026-09-05T12:00:00+0200,-1.72,EUR/MWh,ES,ES,imbalance_price,Long,2026-09-10T20:16:00Z
2026-09-10T20:13:39Z,2026-09-10T22:13:39+0200,e039fd7a-370f-4751-ae35-4bab387b3e13,2026-09-05T10:00:00Z,2026-09-05T12:00:00+0200,196.55,EUR/MWh,ES,ES,imbalance_price,Short,2026-09-10T20:16:00Z
2026-09-10T20:13:39Z,2026-09-10T22:13:39+0200,e039fd7a-370f-4751-ae35-4bab387b3e13,2026-09-05T10:15:00Z,2026-09-05T12:15:00+0200,-0.19,EUR/MWh,ES,ES,imbalance_price,Long,2026-09-10T20:16:00Z
2026-09-10T20:13:39Z,2026-09-10T22:13:39+0200,e039fd7a-370f-4751-ae35-4bab387b3e13,2026-09-05T10:15:00Z,2026-09-05T12:15:00+0200,111.78,EUR/MWh,ES,ES,imbalance_price,Short,2026-09-10T20:16:00Z
2026-09-10T20:13:39Z,2026-09-10T22:13:39+0200,e039fd7a-370f-4751-ae35-4bab387b3e13,2026-09-05T10:30:00Z,2026-09-05T12:30:00+0200,172.72,EUR/MWh,ES,ES,imbalance_price,Long,2026-09-10T20:16:00Z
2026-09-10T20:13:39Z,2026-09-10T22:13:39+0200,e039fd7a-370f-4751-ae35-4bab387b3e13,2026-09-05T10:30:00Z,2026-09-05T12:30:00+0200,172.72,EUR/MWh,ES,ES,imbalance_price,Short,2026-09-10T20:16:00Z
2026-09-10T20:13:39Z,2026-09-10T22:13:39+0200,e039fd7a-370f-4751-ae35-4bab387b3e13,2026-09-05T10:45:00Z,2026-09-05T12:45:00+0200,-1.08,EUR/MWh,ES,ES,imbalance_price,Long,2026-09-10T20:16:00Z
2026-09-10T20:13:39Z,2026-09-10T22:13:39+0200,e039fd7a-370f-4751-ae35-4bab387b3e13,2026-09-05T10:45:00Z,2026-09-05T12:45:00+0200,222.66,EUR/MWh,ES,ES,imbalance_price,Short,2026-09-10T20:16:00Z
2026-09-10T20:13:39Z,2026-09-10T22:13:39+0200,e039fd7a-370f-4751-ae35-4bab387b3e13,2026-09-05T11:00:00Z,2026-09-05T13:00:00+0200,219.23,EUR/MWh,ES,ES,imbalance_price,Long,2026-09-10T20:16:00Z
2026-09-10T20:13:39Z,2026-09-10T22:13:39+0200,e039fd7a-370f-4751-ae35-4bab387b3e13,2026-09-05T11:00:00Z,2026-09-05T13:00:00+0200,219.23,EUR/MWh,ES,ES,imbalance_price,Short,2026-09-10T20:16:00Z
2026-09-10T20:13:39Z,2026-09-10T22:13:39+0200,e039fd7a-370f-4751-ae35-4bab387b3e13,2026-09-05T11:15:00Z,2026-09-05T13:15:00+0200,182.59,EUR/MWh,ES,ES,imbalance_price,Long,2026-09-10T20:16:00Z
2026-09-10T20:13:39Z,2026-09-10T22:13:39+0200,e039fd7a-370f-4751-ae35-4bab387b3e13,2026-09-05T11:15:00Z,2026-09-05T13:15:00+0200,182.59,EUR/MWh,ES,ES,imbalance_price,Short,2026-09-10T20:16:00Z
2026-09-10T20:13:39Z,2026-09-10T22:13:39+0200,e039fd7a-370f-4751-ae35-4bab387b3e13,2026-09-05T11:30:00Z,2026-09-05T13:30:00+0200,248.26,EUR/MWh,ES,ES,imbalance_price,Long,2026-09-10T20:16:00Z
2026-09-10T20:13:39Z,2026-09-10T22:13:39+0200,e039fd7a-370f-4751-ae35-4bab387b3e13,2026-09-05T11:30:00Z,2026-09-05T13:30:00+0200,248.26,EUR/MWh,ES,ES,imbalance_price,Short,2026-09-10T20:16:00Z
2026-09-10T20:13:39Z,2026-09-10T22:13:39+0200,e039fd7a-370f-4751-ae35-4bab387b3e13,2026-09-05T11:45:00Z,2026-09-05T13:45:00+0200,-4.36,EUR/MWh,ES,ES,imbalance_price,Long,2026-09-10T20:16:00Z
2026-09-10T20:13:39Z,2026-09-10T22:13:39+0200,e039fd7a-370f-4751-ae35-4bab387b3e13,2026-09-05T11:45:00Z,2026-09-05T13:45:00+0200,265.74,EUR/MWh,ES,ES,imbalance_price,Short,2026-09-10T20:16:00Z
2026-09-10T20:13:39Z,2026-09-10T22:13:39+0200,e039fd7a-370f-4751-ae35-4bab387b3e13,2026-09-05T12:00:00Z,2026-09-05T14:00:00+0200,-14.07,EUR/MWh,ES,ES,imbalance_price,Long,2026-09-10T20:16:00Z
2026-09-10T20:13:39Z,2026-09-10T22:13:39+0200,e039fd7a-370f-4751-ae35-4bab387b3e13,2026-09-05T12:00:00Z,2026-09-05T14:00:00+0200,259.63,EUR/MWh,ES,ES,imbalance_price,Short,2026-09-10T20:16:00Z
2026-09-10T20:13:39Z,2026-09-10T22:13:39+0200,e039fd7a-370f-4751-ae35-4bab387b3e13,2026-09-05T12:15:00Z,2026-09-05T14:15:00+0200,-0.19,EUR/MWh,ES,ES,imbalance_price,Long,2026-09-10T20:16:00Z
2026-09-10T20:13:39Z,2026-09-10T22:13:39+0200,e039fd7a-370f-4751-ae35-4bab387b3e13,2026-09-05T12:15:00Z,2026-09-05T14:15:00+0200,206.24,EUR/MWh,ES,ES,imbalance_price,Short,2026-09-10T20:16:00Z
2026-09-10T20:13:39Z,2026-09-10T22:13:39+0200,e039fd7a-370f-4751-ae35-4bab387b3e13,2026-09-05T12:30:00Z,2026-09-05T14:30:00+0200,-2.11,EUR/MWh,ES,ES,imbalance_price,Long,2026-09-10T20:16:00Z
2026-09-10T20:13:39Z,2026-09-10T22:13:39+0200,e039fd7a-370f-4751-ae35-4bab387b3e13,2026-09-05T12:30:00Z,2026-09-05T14:30:00+0200,198.35,EUR/MWh,ES,ES,imbalance_price,Short,2026-09-10T20:16:00Z
2026-09-10T20:13:39Z,2026-09-10T22:13:39+0200,e039fd7a-370f-4751-ae35-4bab387b3e13,2026-09-05T12:45:00Z,2026-09-05T14:45:00+0200,-43.61,EUR/MWh,ES,ES,imbalance_price,Long,2026-09-10T20:16:00Z
2026-09-10T20:13:39Z,2026-09-10T22:13:39+0200,e039fd7a-370f-4751-ae35-4bab387b3e13,2026-09-05T12:45:00Z,2026-09-05T14:45:00+0200,180.59,EUR/MWh,ES,ES,imbalance_price,Short,2026-09-10T20:16:00Z
2026-09-10T20:13:39Z,2026-09-10T22:13:39+0200,e039fd7a-370f-4751-ae35-4bab387b3e13,2026-09-05T13:00:00Z,2026-09-05T15:00:00+0200,-21.17,EUR/MWh,ES,ES,imbalance_price,Long,2026-09-10T20:16:00Z
2026-09-10T20:13:39Z,2026-09-10T22:13:39+0200,e039fd7a-370f-4751-ae35-4bab387b3e13,2026-09-05T13:00:00Z,2026-09-05T15:00:00+0200,197.73,EUR/MWh,ES,ES,imbalance_price,Short,2026-09-10T20:16:00Z
2026-09-10T20:13:39Z,2026-09-10T22:13:39+0200,e039fd7a-370f-4751-ae35-4bab387b3e13,2026-09-05T13:15:00Z,2026-09-05T15:15:00+0200,-6.25,EUR/MWh,ES,ES,imbalance_price,Long,2026-09-10T20:16:00Z
2026-09-10T20:13:39Z,2026-09-10T22:13:39+0200,e039fd7a-370f-4751-ae35-4bab387b3e13,2026-09-05T13:15:00Z,2026-09-05T15:15:00+0200,180.98,EUR/MWh,ES,ES,imbalance_price,Short,2026-09-10T20:16:00Z
2026-09-10T20:13:39Z,2026-09-10T22:13:39+0200,e039fd7a-370f-4751-ae35-4bab387b3e13,2026-09-05T13:30:00Z,2026-09-05T15:30:00+0200,-22.35,EUR/MWh,ES,ES,imbalance_price,Long,2026-09-10T20:16:00Z
2026-09-10T20:13:39Z,2026-09-10T22:13:39+0200,e039fd7a-370f-4751-ae35-4bab387b3e13,2026-09-05T13:30:00Z,2026-09-05T15:30:00+0200,178.65,EUR/MWh,ES,ES,imbalance_price,Short,2026-09-10T20:16:00Z
2026-09-10T20:13:39Z,2026-09-10T22:13:39+0200,e039fd7a-370f-4751-ae35-4bab387b3e13,2026-09-05T13:45:00Z,2026-09-05T15:45:00+0200,-9.35,EUR/MWh,ES,ES,imbalance_price,Long,2026-09-10T20:16:00Z
2026-09-10T20:13:39Z,2026-09-10T22:13:39+0200,e039fd7a-370f-4751-ae35-4bab387b3e13,2026-09-05T13:45:00Z,2026-09-05T15:45:00+0200,74.69,EUR/MWh,ES,ES,imbalance_price,Short,2026-09-10T20:16:00Z
2026-09-10T20:13:39Z,2026-09-10T22:13:39+0200,e039fd7a-370f-4751-ae35-4bab387b3e13,2026-09-05T14:00:00Z,2026-09-05T16:00:00+0200,-3.48,EUR/MWh,ES,ES,imbalance_price,Long,2026-09-10T20:16:00Z
2026-09-10T20:13:39Z,2026-09-10T22:13:39+0200,e039fd7a-370f-4751-ae35-4bab387b3e13,2026-09-05T14:00:00Z,2026-09-05T16:00:00+0200,6.93,EUR/MWh,ES,ES,imbalance_price,Short,2026-09-10T20:16:00Z
2026-09-10T20:13:39Z,2026-09-10T22:13:39+0200,e039fd7a-370f-4751-ae35-4bab387b3e13,2026-09-05T14:15:00Z,2026-09-05T16:15:00+0200,-2.93,EUR/MWh,ES,ES,imbalance_price,Long,2026-09-10T20:16:00Z
2026-09-10T20:13:39Z,2026-09-10T22:13:39+0200,e039fd7a-370f-4751-ae35-4bab387b3e13,2026-09-05T14:15:00Z,2026-09-05T16:15:00+0200,93.3,EUR/MWh,ES,ES,imbalance_price,Short,2026-09-10T20:16:00Z
2026-09-10T20:13:39Z,2026-09-10T22:13:39+0200,e039fd7a-370f-4751-ae35-4bab387b3e13,2026-09-05T14:30:00Z,2026-09-05T16:30:00+0200,5.83,EUR/MWh,ES,ES,imbalance_price,Long,2026-09-10T20:16:00Z
2026-09-10T20:13:39Z,2026-09-10T22:13:39+0200,e039fd7a-370f-4751-ae35-4bab387b3e13,2026-09-05T14:30:00Z,2026-09-05T16:30:00+0200,31.16,EUR/MWh,ES,ES,imbalance_price,Short,2026-09-10T20:16:00Z
2026-09-10T20:13:39Z,2026-09-10T22:13:39+0200,e039fd7a-370f-4751-ae35-4bab387b3e13,2026-09-05T14:45:00Z,2026-09-05T16:45:00+0200,-2.66,EUR/MWh,ES,ES,imbalance_price,Long,2026-09-10T20:16:00Z
2026-09-10T20:13:39Z,2026-09-10T22:13:39+0200,e039fd7a-370f-4751-ae35-4bab387b3e13,2026-09-05T14:45:00Z,2026-09-05T16:45:00+0200,159.08,EUR/MWh,ES,ES,imbalance_price,Short,2026-09-10T20:16:00Z
2026-09-10T20:13:39Z,2026-09-10T22:13:39+0200,e039fd7a-370f-4751-ae35-4bab387b3e13,2026-09-05T15:00:00Z,2026-09-05T17:00:00+0200,-0.44,EUR/MWh,ES,ES,imbalance_price,Long,2026-09-10T20:16:00Z
2026-09-10T20:13:39Z,2026-09-10T22:13:39+0200,e039fd7a-370f-4751-ae35-4bab387b3e13,2026-09-05T15:00:00Z,2026-09-05T17:00:00+0200,168.88,EUR/MWh,ES,ES,imbalance_price,Short,2026-09-10T20:16:00Z
2026-09-10T20:13:39Z,2026-09-10T22:13:39+0200,e039fd7a-370f-4751-ae35-4bab387b3e13,2026-09-05T15:15:00Z,2026-09-05T17:15:00+0200,-2.16,EUR/MWh,ES,ES,imbalance_price,Long,2026-09-10T20:16:00Z
2026-09-10T20:13:39Z,2026-09-10T22:13:39+0200,e039fd7a-370f-4751-ae35-4bab387b3e13,2026-09-05T15:15:00Z,2026-09-05T17:15:00+0200,153.42,EUR/MWh,ES,ES,imbalance_price,Short,2026-09-10T20:16:00Z
2026-09-10T20:13:39Z,2026-09-10T22:13:39+0200,e039fd7a-370f-4751-ae35-4bab387b3e13,2026-09-05T15:30:00Z,2026-09-05T17:30:00+0200,-9.72,EUR/MWh,ES,ES,imbalance_price,Long,2026-09-10T20:16:00Z
2026-09-10T20:13:39Z,2026-09-10T22:13:39+0200,e039fd7a-370f-4751-ae35-4bab387b3e13,2026-09-05T15:30:00Z,2026-09-05T17:30:00+0200,93.04,EUR/MWh,ES,ES,imbalance_price,Short,2026-09-10T20:16:00Z
2026-09-10T20:13:39Z,2026-09-10T22:13:39+0200,e039fd7a-370f-4751-ae35-4bab387b3e13,2026-09-05T15:45:00Z,2026-09-05T17:45:00+0200,59.41,EUR/MWh,ES,ES,imbalance_price,Long,2026-09-10T20:16:00Z
2026-09-10T20:13:39Z,2026-09-10T22:13:39+0200,e039fd7a-370f-4751-ae35-4bab387b3e13,2026-09-05T15:45:00Z,2026-09-05T17:45:00+0200,103.55,EUR/MWh,ES,ES,imbalance_price,Short,2026-09-10T20:16:00Z
2026-09-10T20:13:39Z,2026-09-10T22:13:39+0200,e039fd7a-370f-4751-ae35-4bab387b3e13,2026-09-05T16:00:00Z,2026-09-05T18:00:00+0200,163.76,EUR/MWh,ES,ES,imbalance_price,Long,2026-09-10T20:16:00Z
2026-09-10T20:13:39Z,2026-09-10T22:13:39+0200,e039fd7a-370f-4751-ae35-4bab387b3e13,2026-09-05T16:00:00Z,2026-09-05T18:00:00+0200,163.76,EUR/MWh,ES,ES,imbalance_price,Short,2026-09-10T20:16:00Z
2026-09-10T20:13:39Z,2026-09-10T22:13:39+0200,e039fd7a-370f-4751-ae35-4bab387b3e13,2026-09-05T16:15:00Z,2026-09-05T18:15:00+0200,59.54,EUR/MWh,ES,ES,imbalance_price,Long,2026-09-10T20:16:00Z
2026-09-10T20:13:39Z,2026-09-10T22:13:39+0200,e039fd7a-370f-4751-ae35-4bab387b3e13,2026-09-05T16:15:00Z,2026-09-05T18:15:00+0200,157.77,EUR/MWh,ES,ES,imbalance_price,Short,2026-09-10T20:16:00Z
2026-09-10T20:13:39Z,2026-09-10T22:13:39+0200,e039fd7a-370f-4751-ae35-4bab387b3e13,2026-09-05T16:30:00Z,2026-09-05T18:30:00+0200,108.31,EUR/MWh,ES,ES,imbalance_price,Long,2026-09-10T20:16:00Z
2026-09-10T20:13:39Z,2026-09-10T22:13:39+0200,e039fd7a-370f-4751-ae35-4bab387b3e13,2026-09-05T16:30:00Z,2026-09-05T18:30:00+0200,167.2,EUR/MWh,ES,ES,imbalance_price,Short,2026-09-10T20:16:00Z
2026-09-10T20:13:39Z,2026-09-10T22:13:39+0200,e039fd7a-370f-4751-ae35-4bab387b3e13,2026-09-05T16:45:00Z,2026-09-05T18:45:00+0200,138.96,EUR/MWh,ES,ES,imbalance_price,Long,2026-09-10T20:16:00Z
2026-09-10T20:13:39Z,2026-09-10T22:13:39+0200,e039fd7a-370f-4751-ae35-4bab387b3e13,2026-09-05T16:45:00Z,2026-09-05T18:45:00+0200,183.75,EUR/MWh,ES,ES,imbalance_price,Short,2026-09-10T20:16:00Z
2026-09-10T20:13:39Z,2026-09-10T22:13:39+0200,e039fd7a-370f-4751-ae35-4bab387b3e13,2026-09-05T17:00:00Z,2026-09-05T19:00:00+0200,56.59,EUR/MWh,ES,ES,imbalance_price,Long,2026-09-10T20:16:00Z
2026-09-10T20:13:39Z,2026-09-10T22:13:39+0200,e039fd7a-370f-4751-ae35-4bab387b3e13,2026-09-05T17:00:00Z,2026-09-05T19:00:00+0200,167.65,EUR/MWh,ES,ES,imbalance_price,Short,2026-09-10T20:16:00Z
2026-09-10T20:13:39Z,2026-09-10T22:13:39+0200,e039fd7a-370f-4751-ae35-4bab387b3e13,2026-09-05T17:15:00Z,2026-09-05T19:15:00+0200,105.06,EUR/MWh,ES,ES,imbalance_price,Long,2026-09-10T20:16:00Z
2026-09-10T20:13:39Z,2026-09-10T22:13:39+0200,e039fd7a-370f-4751-ae35-4bab387b3e13,2026-09-05T17:15:00Z,2026-09-05T19:15:00+0200,177.72,EUR/MWh,ES,ES,imbalance_price,Short,2026-09-10T20:16:00Z
2026-09-10T20:13:39Z,2026-09-10T22:13:39+0200,e039fd7a-370f-4751-ae35-4bab387b3e13,2026-09-05T17:30:00Z,2026-09-05T19:30:00+0200,130.81,EUR/MWh,ES,ES,imbalance_price,Long,2026-09-10T20:16:00Z
2026-09-10T20:13:39Z,2026-09-10T22:13:39+0200,e039fd7a-370f-4751-ae35-4bab387b3e13,2026-09-05T17:30:00Z,2026-09-05T19:30:00+0200,185.94,EUR/MWh,ES,ES,imbalance_price,Short,2026-09-10T20:16:00Z
2026-09-10T20:13:39Z,2026-09-10T22:13:39+0200,e039fd7a-370f-4751-ae35-4bab387b3e13,2026-09-05T17:45:00Z,2026-09-05T19:45:00+0200,67.7,EUR/MWh,ES,ES,imbalance_price,Long,2026-09-10T20:16:00Z
2026-09-10T20:13:39Z,2026-09-10T22:13:39+0200,e039fd7a-370f-4751-ae35-4bab387b3e13,2026-09-05T17:45:00Z,2026-09-05T19:45:00+0200,169.4,EUR/MWh,ES,ES,imbalance_price,Short,2026-09-10T20:16:00Z
2026-09-10T20:13:39Z,2026-09-10T22:13:39+0200,e039fd7a-370f-4751-ae35-4bab387b3e13,2026-09-05T18:00:00Z,2026-09-05T20:00:00+0200,181.14,EUR/MWh,ES,ES,imbalance_price,Long,2026-09-10T20:16:00Z
2026-09-10T20:13:39Z,2026-09-10T22:13:39+0200,e039fd7a-370f-4751-ae35-4bab387b3e13,2026-09-05T18:00:00Z,2026-09-05T20:00:00+0200,181.14,EUR/MWh,ES,ES,imbalance_price,Short,2026-09-10T20:16:00Z
2026-09-10T20:13:39Z,2026-09-10T22:13:39+0200,e039fd7a-370f-4751-ae35-4bab387b3e13,2026-09-05T18:15:00Z,2026-09-05T20:15:00+0200,162.31,EUR/MWh,ES,ES,imbalance_price,Long,2026-09-10T20:16:00Z
2026-09-10T20:13:39Z,2026-09-10T22:13:39+0200,e039fd7a-370f-4751-ae35-4bab387b3e13,2026-09-05T18:15:00Z,2026-09-05T20:15:00+0200,180.48,EUR/MWh,ES,ES,imbalance_price,Short,2026-09-10T20:16:00Z
2026-09-10T20:13:39Z,2026-09-10T22:13:39+0200,e039fd7a-370f-4751-ae35-4bab387b3e13,2026-09-05T18:30:00Z,2026-09-05T20:30:00+0200,191.35,EUR/MWh,ES,ES,imbalance_price,Long,2026-09-10T20:16:00Z
2026-09-10T20:13:39Z,2026-09-10T22:13:39+0200,e039fd7a-370f-4751-ae35-4bab387b3e13,2026-09-05T18:30:00Z,2026-09-05T20:30:00+0200,191.35,EUR/MWh,ES,ES,imbalance_price,Short,2026-09-10T20:16:00Z
2026-09-10T20:13:39Z,2026-09-10T22:13:39+0200,e039fd7a-370f-4751-ae35-4bab387b3e13,2026-09-05T18:45:00Z,2026-09-05T20:45:00+0200,203.54,EUR/MWh,ES,ES,imbalance_price,Long,2026-09-10T20:16:00Z
2026-09-10T20:13:39Z,2026-09-10T22:13:39+0200,e039fd7a-370f-4751-ae35-4bab387b3e13,2026-09-05T18:45:00Z,2026-09-05T20:45:00+0200,203.54,EUR/MWh,ES,ES,imbalance_price,Short,2026-09-10T20:16:00Z
2026-09-10T20:13:39Z,2026-09-10T22:13:39+0200,e039fd7a-370f-4751-ae35-4bab387b3e13,2026-09-05T19:00:00Z,2026-09-05T21:00:00+0200,200.28,EUR/MWh,ES,ES,imbalance_price,Long,2026-09-10T20:16:00Z
2026-09-10T20:13:39Z,2026-09-10T22:13:39+0200,e039fd7a-370f-4751-ae35-4bab387b3e13,2026-09-05T19:00:00Z,2026-09-05T21:00:00+0200,200.28,EUR/MWh,ES,ES,imbalance_price,Short,2026-09-10T20:16:00Z
2026-09-10T20:13:39Z,2026-09-10T22:13:39+0200,e039fd7a-370f-4751-ae35-4bab387b3e13,2026-09-05T19:15:00Z,2026-09-05T21:15:00+0200,223.97,EUR/MWh,ES,ES,imbalance_price,Long,2026-09-10T20:16:00Z
2026-09-10T20:13:39Z,2026-09-10T22:13:39+0200,e039fd7a-370f-4751-ae35-4bab387b3e13,2026-09-05T19:15:00Z,2026-09-05T21:15:00+0200,223.97,EUR/MWh,ES,ES,imbalance_price,Short,2026-09-10T20:16:00Z
2026-09-10T20:13:39Z,2026-09-10T22:13:39+0200,e039fd7a-370f-4751-ae35-4bab387b3e13,2026-09-05T19:30:00Z,2026-09-05T21:30:00+0200,223.82,EUR/MWh,ES,ES,imbalance_price,Long,2026-09-10T20:16:00Z
2026-09-10T20:13:39Z,2026-09-10T22:13:39+0200,e039fd7a-370f-4751-ae35-4bab387b3e13,2026-09-05T19:30:00Z,2026-09-05T21:30:00+0200,223.82,EUR/MWh,ES,ES,imbalance_price,Short,2026-09-10T20:16:00Z
2026-09-10T20:13:39Z,2026-09-10T22:13:39+0200,e039fd7a-370f-4751-ae35-4bab387b3e13,2026-09-05T19:45:00Z,2026-09-05T21:45:00+0200,169.24,EUR/MWh,ES,ES,imbalance_price,Long,2026-09-10T20:16:00Z
2026-09-10T20:13:39Z,2026-09-10T22:13:39+0200,e039fd7a-370f-4751-ae35-4bab387b3e13,2026-09-05T19:45:00Z,2026-09-05T21:45:00+0200,219.81,EUR/MWh,ES,ES,imbalance_price,Short,2026-09-10T20:16:00Z
2026-09-10T20:13:39Z,2026-09-10T22:13:39+0200,e039fd7a-370f-4751-ae35-4bab387b3e13,2026-09-05T20:00:00Z,2026-09-05T22:00:00+0200,135.16,EUR/MWh,ES,ES,imbalance_price,Long,2026-09-10T20:16:00Z
2026-09-10T20:13:39Z,2026-09-10T22:13:39+0200,e039fd7a-370f-4751-ae35-4bab387b3e13,2026-09-05T20:00:00Z,2026-09-05T22:00:00+0200,216.74,EUR/MWh,ES,ES,imbalance_price,Short,2026-09-10T20:16:00Z
2026-09-10T20:13:39Z,2026-09-10T22:13:39+0200,e039fd7a-370f-4751-ae35-4bab387b3e13,2026-09-05T20:15:00Z,2026-09-05T22:15:00+0200,215.06,EUR/MWh,ES,ES,imbalance_price,Long,2026-09-10T20:16:00Z
2026-09-10T20:13:39Z,2026-09-10T22:13:39+0200,e039fd7a-370f-4751-ae35-4bab387b3e13,2026-09-05T20:15:00Z,2026-09-05T22:15:00+0200,215.06,EUR/MWh,ES,ES,imbalance_price,Short,2026-09-10T20:16:00Z
2026-09-10T20:13:39Z,2026-09-10T22:13:39+0200,e039fd7a-370f-4751-ae35-4bab387b3e13,2026-09-05T20:30:00Z,2026-09-05T22:30:00+0200,218.05,EUR/MWh,ES,ES,imbalance_price,Long,2026-09-10T20:16:00Z
2026-09-10T20:13:39Z,2026-09-10T22:13:39+0200,e039fd7a-370f-4751-ae35-4bab387b3e13,2026-09-05T20:30:00Z,2026-09-05T22:30:00+0200,218.05,EUR/MWh,ES,ES,imbalance_price,Short,2026-09-10T20:16:00Z
2026-09-10T20:13:39Z,2026-09-10T22:13:39+0200,e039fd7a-370f-4751-ae35-4bab387b3e13,2026-09-05T20:45:00Z,2026-09-05T22:45:00+0200,136.38,EUR/MWh,ES,ES,imbalance_price,Long,2026-09-10T20:16:00Z
2026-09-10T20:13:39Z,2026-09-10T22:13:39+0200,e039fd7a-370f-4751-ae35-4bab387b3e13,2026-09-05T20:45:00Z,2026-09-05T22:45:00+0200,217.4,EUR/MWh,ES,ES,imbalance_price,Short,2026-09-10T20:16:00Z
2026-09-10T20:13:39Z,2026-09-10T22:13:39+0200,e039fd7a-370f-4751-ae35-4bab387b3e13,2026-09-05T21:00:00Z,2026-09-05T23:00:00+0200,135.73,EUR/MWh,ES,ES,imbalance_price,Long,2026-09-10T20:16:00Z
2026-09-10T20:13:39Z,2026-09-10T22:13:39+0200,e039fd7a-370f-4751-ae35-4bab387b3e13,2026-09-05T21:00:00Z,2026-09-05T23:00:00+0200,217.16,EUR/MWh,ES,ES,imbalance_price,Short,2026-09-10T20:16:00Z
2026-09-10T20:13:39Z,2026-09-10T22:13:39+0200,e039fd7a-370f-4751-ae35-4bab387b3e13,2026-09-05T21:15:00Z,2026-09-05T23:15:00+0200,201.92,EUR/MWh,ES,ES,imbalance_price,Long,2026-09-10T20:16:00Z
2026-09-10T20:13:39Z,2026-09-10T22:13:39+0200,e039fd7a-370f-4751-ae35-4bab387b3e13,2026-09-05T21:15:00Z,2026-09-05T23:15:00+0200,201.92,EUR/MWh,ES,ES,imbalance_price,Short,2026-09-10T20:16:00Z
2026-09-10T20:13:39Z,2026-09-10T22:13:39+0200,e039fd7a-370f-4751-ae35-4bab387b3e13,2026-09-05T21:30:00Z,2026-09-05T23:30:00+0200,158.87,EUR/MWh,ES,ES,imbalance_price,Long,2026-09-10T20:16:00Z
2026-09-10T20:13:39Z,2026-09-10T22:13:39+0200,e039fd7a-370f-4751-ae35-4bab387b3e13,2026-09-05T21:30:00Z,2026-09-05T23:30:00+0200,194.42,EUR/MWh,ES,ES,imbalance_price,Short,2026-09-10T20:16:00Z
2026-09-10T20:13:39Z,2026-09-10T22:13:39+0200,e039fd7a-370f-4751-ae35-4bab387b3e13,2026-09-05T21:45:00Z,2026-09-05T23:45:00+0200,121.81,EUR/MWh,ES,ES,imbalance_price,Long,2026-09-10T20:16:00Z
2026-09-10T20:13:39Z,2026-09-10T22:13:39+0200,e039fd7a-370f-4751-ae35-4bab387b3e13,2026-09-05T21:45:00Z,2026-09-05T23:45:00+0200,188.51,EUR/MWh,ES,ES,imbalance_price,Short,2026-09-10T20:16:00Z
2026-09-10T20:13:39Z,2026-09-10T22:13:39+0200,e039fd7a-370f-4751-ae35-4bab387b3e13,2026-09-05T22:00:00Z,2026-09-06T00:00:00+0200,138.08,EUR/MWh,ES,ES,imbalance_price,Long,2026-09-10T20:16:00Z
2026-09-10T20:13:39Z,2026-09-10T22:13:39+0200,e039fd7a-370f-4751-ae35-4bab387b3e13,2026-09-05T22:00:00Z,2026-09-06T00:00:00+0200,213.89,EUR/MWh,ES,ES,imbalance_price,Short,2026-09-10T20:16:00Z
2026-09-10T20:13:39Z,2026-09-10T22:13:39+0200,e039fd7a-370f-4751-ae35-4bab387b3e13,2026-09-05T22:15:00Z,2026-09-06T00:15:00+0200,209.75,EUR/MWh,ES,ES,imbalance_price,Long,2026-09-10T20:16:00Z
2026-09-10T20:13:39Z,2026-09-10T22:13:39+0200,e039fd7a-370f-4751-ae35-4bab387b3e13,2026-09-05T22:15:00Z,2026-09-06T00:15:00+0200,209.75,EUR/MWh,ES,ES,imbalance_price,Short,2026-09-10T20:16:00Z
2026-09-10T20:13:39Z,2026-09-10T22:13:39+0200,e039fd7a-370f-4751-ae35-4bab387b3e13,2026-09-05T22:30:00Z,2026-09-06T00:30:00+0200,62.73,EUR/MWh,ES,ES,imbalance_price,Long,2026-09-10T20:16:00Z
2026-09-10T20:13:39Z,2026-09-10T22:13:39+0200,e039fd7a-370f-4751-ae35-4bab387b3e13,2026-09-05T22:30:00Z,2026-09-06T00:30:00+0200,203.13,EUR/MWh,ES,ES,imbalance_price,Short,2026-09-10T20:16:00Z
2026-09-10T20:13:39Z,2026-09-10T22:13:39+0200,e039fd7a-370f-4751-ae35-4bab387b3e13,2026-09-05T22:45:00Z,2026-09-06T00:45:00+0200,113.36,EUR/MWh,ES,ES,imbalance_price,Long,2026-09-10T20:16:00Z
2026-09-10T20:13:39Z,2026-09-10T22:13:39+0200,e039fd7a-370f-4751-ae35-4bab387b3e13,2026-09-05T22:45:00Z,2026-09-06T00:45:00+0200,183.43,EUR/MWh,ES,ES,imbalance_price,Short,2026-09-10T20:16:00Z
2026-09-10T20:13:39Z,2026-09-10T22:13:39+0200,e039fd7a-370f-4751-ae35-4bab387b3e13,2026-09-05T23:00:00Z,2026-09-06T01:00:00+0200,145.9,EUR/MWh,ES,ES,imbalance_price,Long,2026-09-10T20:16:00Z
2026-09-10T20:13:39Z,2026-09-10T22:13:39+0200,e039fd7a-370f-4751-ae35-4bab387b3e13,2026-09-05T23:00:00Z,2026-09-06T01:00:00+0200,183.2,EUR/MWh,ES,ES,imbalance_price,Short,2026-09-10T20:16:00Z
2026-09-10T20:13:39Z,2026-09-10T22:13:39+0200,e039fd7a-370f-4751-ae35-4bab387b3e13,2026-09-05T23:15:00Z,2026-09-06T01:15:00+0200,142.8,EUR/MWh,ES,ES,imbalance_price,Long,2026-09-10T20:16:00Z
2026-09-10T20:13:39Z,2026-09-10T22:13:39+0200,e039fd7a-370f-4751-ae35-4bab387b3e13,2026-09-05T23:15:00Z,2026-09-06T01:15:00+0200,181.04,EUR/MWh,ES,ES,imbalance_price,Short,2026-09-10T20:16:00Z
2026-09-10T20:13:39Z,2026-09-10T22:13:39+0200,e039fd7a-370f-4751-ae35-4bab387b3e13,2026-09-05T23:30:00Z,2026-09-06T01:30:00+0200,133.15,EUR/MWh,ES,ES,imbalance_price,Long,2026-09-10T20:16:00Z
2026-09-10T20:13:39Z,2026-09-10T22:13:39+0200,e039fd7a-370f-4751-ae35-4bab387b3e13,2026-09-05T23:30:00Z,2026-09-06T01:30:00+0200,178.67,EUR/MWh,ES,ES,imbalance_price,Short,2026-09-10T20:16:00Z
2026-09-10T20:13:39Z,2026-09-10T22:13:39+0200,e039fd7a-370f-4751-ae35-4bab387b3e13,2026-09-05T23:45:00Z,2026-09-06T01:45:00+0200,144.61,EUR/MWh,ES,ES,imbalance_price,Long,2026-09-10T20:16:00Z
2026-09-10T20:13:39Z,2026-09-10T22:13:39+0200,e039fd7a-370f-4751-ae35-4bab387b3e13,2026-09-05T23:45:00Z,2026-09-06T01:45:00+0200,175.49,EUR/MWh,ES,ES,imbalance_price,Short,2026-09-10T20:16:00Z
2026-09-10T20:13:39Z,2026-09-10T22:13:39+0200,e039fd7a-370f-4751-ae35-4bab387b3e13,2026-09-06T00:00:00Z,2026-09-06T02:00:00+0200,187.7,EUR/MWh,ES,ES,imbalance_price,Long,2026-09-10T20:16:00Z
2026-09-10T20:13:39Z,2026-09-10T22:13:39+0200,e039fd7a-370f-4751-ae35-4bab387b3e13,2026-09-06T00:00:00Z,2026-09-06T02:00:00+0200,187.7,EUR/MWh,ES,ES,imbalance_price,Short,2026-09-10T20:16:00Z
2026-09-10T20:13:39Z,2026-09-10T22:13:39+0200,e039fd7a-370f-4751-ae35-4bab387b3e13,2026-09-06T00:15:00Z,2026-09-06T02:15:00+0200,116.15,EUR/MWh,ES,ES,imbalance_price,Long,2026-09-10T20:16:00Z
2026-09-10T20:13:39Z,2026-09-10T22:13:39+0200,e039fd7a-370f-4751-ae35-4bab387b3e13,2026-09-06T00:15:00Z,2026-09-06T02:15:00+0200,182.25,EUR/MWh,ES,ES,imbalance_price,Short,2026-09-10T20:16:00Z
2026-09-10T20:13:39Z,2026-09-10T22:13:39+0200,e039fd7a-370f-4751-ae35-4bab387b3e13,2026-09-06T00:30:00Z,2026-09-06T02:30:00+0200,194.45,EUR/MWh,ES,ES,imbalance_price,Long,2026-09-10T20:16:00Z
2026-09-10T20:13:39Z,2026-09-10T22:13:39+0200,e039fd7a-370f-4751-ae35-4bab387b3e13,2026-09-06T00:30:00Z,2026-09-06T02:30:00+0200,194.45,EUR/MWh,ES,ES,imbalance_price,Short,2026-09-10T20:16:00Z
2026-09-10T20:13:39Z,2026-09-10T22:13:39+0200,e039fd7a-370f-4751-ae35-4bab387b3e13,2026-09-06T00:45:00Z,2026-09-06T02:45:00+0200,94.22,EUR/MWh,ES,ES,imbalance_price,Long,2026-09-10T20:16:00Z
2026-09-10T20:13:39Z,2026-09-10T22:13:39+0200,e039fd7a-370f-4751-ae35-4bab387b3e13,2026-09-06T00:45:00Z,2026-09-06T02:45:00+0200,179.91,EUR/MWh,ES,ES,imbalance_price,Short,2026-09-10T20:16:00Z
2026-09-10T20:13:39Z,2026-09-10T22:13:39+0200,e039fd7a-370f-4751-ae35-4bab387b3e13,2026-09-06T01:00:00Z,2026-09-06T03:00:00+0200,143.52,EUR/MWh,ES,ES,imbalance_price,Long,2026-09-10T20:16:00Z
2026-09-10T20:13:39Z,2026-09-10T22:13:39+0200,e039fd7a-370f-4751-ae35-4bab387b3e13,2026-09-06T01:00:00Z,2026-09-06T03:00:00+0200,183.29,EUR/MWh,ES,ES,imbalance_price,Short,2026-09-10T20:16:00Z
2026-09-10T20:13:39Z,2026-09-10T22:13:39+0200,e039fd7a-370f-4751-ae35-4bab387b3e13,2026-09-06T01:15:00Z,2026-09-06T03:15:00+0200,157.7,EUR/MWh,ES,ES,imbalance_price,Long,2026-09-10T20:16:00Z
2026-09-10T20:13:39Z,2026-09-10T22:13:39+0200,e039fd7a-370f-4751-ae35-4bab387b3e13,2026-09-06T01:15:00Z,2026-09-06T03:15:00+0200,183.95,EUR/MWh,ES,ES,imbalance_price,Short,2026-09-10T20:16:00Z
2026-09-10T20:13:39Z,2026-09-10T22:13:39+0200,e039fd7a-370f-4751-ae35-4bab387b3e13,2026-09-06T01:30:00Z,2026-09-06T03:30:00+0200,185.24,EUR/MWh,ES,ES,imbalance_price,Long,2026-09-10T20:16:00Z
2026-09-10T20:13:39Z,2026-09-10T22:13:39+0200,e039fd7a-370f-4751-ae35-4bab387b3e13,2026-09-06T01:30:00Z,2026-09-06T03:30:00+0200,185.24,EUR/MWh,ES,ES,imbalance_price,Short,2026-09-10T20:16:00Z
2026-09-10T20:13:39Z,2026-09-10T22:13:39+0200,e039fd7a-370f-4751-ae35-4bab387b3e13,2026-09-06T01:45:00Z,2026-09-06T03:45:00+0200,188.42,EUR/MWh,ES,ES,imbalance_price,Long,2026-09-10T20:16:00Z
2026-09-10T20:13:39Z,2026-09-10T22:13:39+0200,e039fd7a-370f-4751-ae35-4bab387b3e13,2026-09-06T01:45:00Z,2026-09-06T03:45:00+0200,188.42,EUR/MWh,ES,ES,imbalance_price,Short,2026-09-10T20:16:00Z
2026-09-10T20:13:39Z,2026-09-10T22:13:39+0200,e039fd7a-370f-4751-ae35-4bab387b3e13,2026-09-06T02:00:00Z,2026-09-06T04:00:00+0200,192.07,EUR/MWh,ES,ES,imbalance_price,Long,2026-09-10T20:16:00Z
2026-09-10T20:13:39Z,2026-09-10T22:13:39+0200,e039fd7a-370f-4751-ae35-4bab387b3e13,2026-09-06T02:00:00Z,2026-09-06T04:00:00+0200,192.07,EUR/MWh,ES,ES,imbalance_price,Short,2026-09-10T20:16:00Z
2026-09-10T20:13:39Z,2026-09-10T22:13:39+0200,e039fd7a-370f-4751-ae35-4bab387b3e13,2026-09-06T02:15:00Z,2026-09-06T04:15:00+0200,188.42,EUR/MWh,ES,ES,imbalance_price,Long,2026-09-10T20:16:00Z
2026-09-10T20:13:39Z,2026-09-10T22:13:39+0200,e039fd7a-370f-4751-ae35-4bab387b3e13,2026-09-06T02:15:00Z,2026-09-06T04:15:00+0200,188.42,EUR/MWh,ES,ES,imbalance_price,Short,2026-09-10T20:16:00Z
2026-09-10T20:13:39Z,2026-09-10T22:13:39+0200,e039fd7a-370f-4751-ae35-4bab387b3e13,2026-09-06T02:30:00Z,2026-09-06T04:30:00+0200,187.3,EUR/MWh,ES,ES,imbalance_price,Long,2026-09-10T20:16:00Z
2026-09-10T20:13:39Z,2026-09-10T22:13:39+0200,e039fd7a-370f-4751-ae35-4bab387b3e13,2026-09-06T02:30:00Z,2026-09-06T04:30:00+0200,187.3,EUR/MWh,ES,ES,imbalance_price,Short,2026-09-10T20:16:00Z
2026-09-10T20:13:39Z,2026-09-10T22:13:39+0200,e039fd7a-370f-4751-ae35-4bab387b3e13,2026-09-06T02:45:00Z,2026-09-06T04:45:00+0200,122.53,EUR/MWh,ES,ES,imbalance_price,Long,2026-09-10T20:16:00Z
2026-09-10T20:13:39Z,2026-09-10T22:13:39+0200,e039fd7a-370f-4751-ae35-4bab387b3e13,2026-09-06T02:45:00Z,2026-09-06T04:45:00+0200,183.43,EUR/MWh,ES,ES,imbalance_price,Short,2026-09-10T20:16:00Z
2026-09-10T20:13:39Z,2026-09-10T22:13:39+0200,e039fd7a-370f-4751-ae35-4bab387b3e13,2026-09-06T03:00:00Z,2026-09-06T05:00:00+0200,105.18,EUR/MWh,ES,ES,imbalance_price,Long,2026-09-10T20:16:00Z
2026-09-10T20:13:39Z,2026-09-10T22:13:39+0200,e039fd7a-370f-4751-ae35-4bab387b3e13,2026-09-06T03:00:00Z,2026-09-06T05:00:00+0200,182.17,EUR/MWh,ES,ES,imbalance_price,Short,2026-09-10T20:16:00Z
2026-09-10T20:13:39Z,2026-09-10T22:13:39+0200,e039fd7a-370f-4751-ae35-4bab387b3e13,2026-09-06T03:15:00Z,2026-09-06T05:15:00+0200,133.49,EUR/MWh,ES,ES,imbalance_price,Long,2026-09-10T20:16:00Z
2026-09-10T20:13:39Z,2026-09-10T22:13:39+0200,e039fd7a-370f-4751-ae35-4bab387b3e13,2026-09-06T03:15:00Z,2026-09-06T05:15:00+0200,181.87,EUR/MWh,ES,ES,imbalance_price,Short,2026-09-10T20:16:00Z
2026-09-10T20:13:39Z,2026-09-10T22:13:39+0200,e039fd7a-370f-4751-ae35-4bab387b3e13,2026-09-06T03:30:00Z,2026-09-06T05:30:00+0200,91.59,EUR/MWh,ES,ES,imbalance_price,Long,2026-09-10T20:16:00Z
2026-09-10T20:13:39Z,2026-09-10T22:13:39+0200,e039fd7a-370f-4751-ae35-4bab387b3e13,2026-09-06T03:30:00Z,2026-09-06T05:30:00+0200,182.34,EUR/MWh,ES,ES,imbalance_price,Short,2026-09-10T20:16:00Z
2026-09-10T20:13:39Z,2026-09-10T22:13:39+0200,e039fd7a-370f-4751-ae35-4bab387b3e13,2026-09-06T03:45:00Z,2026-09-06T05:45:00+0200,127.81,EUR/MWh,ES,ES,imbalance_price,Long,2026-09-10T20:16:00Z
2026-09-10T20:13:39Z,2026-09-10T22:13:39+0200,e039fd7a-370f-4751-ae35-4bab387b3e13,2026-09-06T03:45:00Z,2026-09-06T05:45:00+0200,182.61,EUR/MWh,ES,ES,imbalance_price,Short,2026-09-10T20:16:00Z
2026-09-10T20:13:39Z,2026-09-10T22:13:39+0200,e039fd7a-370f-4751-ae35-4bab387b3e13,2026-09-06T04:00:00Z,2026-09-06T06:00:00+0200,66.76,EUR/MWh,ES,ES,imbalance_price,Long,2026-09-10T20:16:00Z
2026-09-10T20:13:39Z,2026-09-10T22:13:39+0200,e039fd7a-370f-4751-ae35-4bab387b3e13,2026-09-06T04:00:00Z,2026-09-06T06:00:00+0200,182.35,EUR/MWh,ES,ES,imbalance_price,Short,2026-09-10T20:16:00Z
2026-09-10T20:13:39Z,2026-09-10T22:13:39+0200,e039fd7a-370f-4751-ae35-4bab387b3e13,2026-09-06T04:15:00Z,2026-09-06T06:15:00+0200,91.78,EUR/MWh,ES,ES,imbalance_price,Long,2026-09-10T20:16:00Z
2026-09-10T20:13:39Z,2026-09-10T22:13:39+0200,e039fd7a-370f-4751-ae35-4bab387b3e13,2026-09-06T04:15:00Z,2026-09-06T06:15:00+0200,178.8,EUR/MWh,ES,ES,imbalance_price,Short,2026-09-10T20:16:00Z
2026-09-10T20:13:39Z,2026-09-10T22:13:39+0200,e039fd7a-370f-4751-ae35-4bab387b3e13,2026-09-06T04:30:00Z,2026-09-06T06:30:00+0200,127.76,EUR/MWh,ES,ES,imbalance_price,Long,2026-09-10T20:16:00Z
2026-09-10T20:13:39Z,2026-09-10T22:13:39+0200,e039fd7a-370f-4751-ae35-4bab387b3e13,2026-09-06T04:30:00Z,2026-09-06T06:30:00+0200,173.06,EUR/MWh,ES,ES,imbalance_price,Short,2026-09-10T20:16:00Z
2026-09-10T20:13:39Z,2026-09-10T22:13:39+0200,e039fd7a-370f-4751-ae35-4bab387b3e13,2026-09-06T04:45:00Z,2026-09-06T06:45:00+0200,109.46,EUR/MWh,ES,ES,imbalance_price,Long,2026-09-10T20:16:00Z
2026-09-10T20:13:39Z,2026-09-10T22:13:39+0200,e039fd7a-370f-4751-ae35-4bab387b3e13,2026-09-06T04:45:00Z,2026-09-06T06:45:00+0200,180.42,EUR/MWh,ES,ES,imbalance_price,Short,2026-09-10T20:16:00Z
2026-09-10T20:13:39Z,2026-09-10T22:13:39+0200,e039fd7a-370f-4751-ae35-4bab387b3e13,2026-09-06T05:00:00Z,2026-09-06T07:00:00+0200,159.35,EUR/MWh,ES,ES,imbalance_price,Long,2026-09-10T20:16:00Z
2026-09-10T20:13:39Z,2026-09-10T22:13:39+0200,e039fd7a-370f-4751-ae35-4bab387b3e13,2026-09-06T05:00:00Z,2026-09-06T07:00:00+0200,173.51,EUR/MWh,ES,ES,imbalance_price,Short,2026-09-10T20:16:00Z
2026-09-10T20:13:39Z,2026-09-10T22:13:39+0200,e039fd7a-370f-4751-ae35-4bab387b3e13,2026-09-06T05:15:00Z,2026-09-06T07:15:00+0200,179.31,EUR/MWh,ES,ES,imbalance_price,Long,2026-09-10T20:16:00Z
2026-09-10T20:13:39Z,2026-09-10T22:13:39+0200,e039fd7a-370f-4751-ae35-4bab387b3e13,2026-09-06T05:15:00Z,2026-09-06T07:15:00+0200,179.31,EUR/MWh,ES,ES,imbalance_price,Short,2026-09-10T20:16:00Z
2026-09-10T20:13:39Z,2026-09-10T22:13:39+0200,e039fd7a-370f-4751-ae35-4bab387b3e13,2026-09-06T05:30:00Z,2026-09-06T07:30:00+0200,142.99,EUR/MWh,ES,ES,imbalance_price,Long,2026-09-10T20:16:00Z
2026-09-10T20:13:39Z,2026-09-10T22:13:39+0200,e039fd7a-370f-4751-ae35-4bab387b3e13,2026-09-06T05:30:00Z,2026-09-06T07:30:00+0200,178.67,EUR/MWh,ES,ES,imbalance_price,Short,2026-09-10T20:16:00Z
2026-09-10T20:13:39Z,2026-09-10T22:13:39+0200,e039fd7a-370f-4751-ae35-4bab387b3e13,2026-09-06T05:45:00Z,2026-09-06T07:45:00+0200,129.98,EUR/MWh,ES,ES,imbalance_price,Long,2026-09-10T20:16:00Z
2026-09-10T20:13:39Z,2026-09-10T22:13:39+0200,e039fd7a-370f-4751-ae35-4bab387b3e13,2026-09-06T05:45:00Z,2026-09-06T07:45:00+0200,168.04,EUR/MWh,ES,ES,imbalance_price,Short,2026-09-10T20:16:00Z
2026-09-10T20:13:39Z,2026-09-10T22:13:39+0200,e039fd7a-370f-4751-ae35-4bab387b3e13,2026-09-06T06:00:00Z,2026-09-06T08:00:00+0200,143.79,EUR/MWh,ES,ES,imbalance_price,Long,2026-09-10T20:16:00Z
2026-09-10T20:13:39Z,2026-09-10T22:13:39+0200,e039fd7a-370f-4751-ae35-4bab387b3e13,2026-09-06T06:00:00Z,2026-09-06T08:00:00+0200,167.73,EUR/MWh,ES,ES,imbalance_price,Short,2026-09-10T20:16:00Z
2026-09-10T20:13:39Z,2026-09-10T22:13:39+0200,e039fd7a-370f-4751-ae35-4bab387b3e13,2026-09-06T06:15:00Z,2026-09-06T08:15:00+0200,140.88,EUR/MWh,ES,ES,imbalance_price,Long,2026-09-10T20:16:00Z
2026-09-10T20:13:39Z,2026-09-10T22:13:39+0200,e039fd7a-370f-4751-ae35-4bab387b3e13,2026-09-06T06:15:00Z,2026-09-06T08:15:00+0200,165.1,EUR/MWh,ES,ES,imbalance_price,Short,2026-09-10T20:16:00Z
2026-09-10T20:13:39Z,2026-09-10T22:13:39+0200,e039fd7a-370f-4751-ae35-4bab387b3e13,2026-09-06T06:30:00Z,2026-09-06T08:30:00+0200,138.06,EUR/MWh,ES,ES,imbalance_price,Long,2026-09-10T20:16:00Z
2026-09-10T20:13:39Z,2026-09-10T22:13:39+0200,e039fd7a-370f-4751-ae35-4bab387b3e13,2026-09-06T06:30:00Z,2026-09-06T08:30:00+0200,164.85,EUR/MWh,ES,ES,imbalance_price,Short,2026-09-10T20:16:00Z
2026-09-10T20:13:39Z,2026-09-10T22:13:39+0200,e039fd7a-370f-4751-ae35-4bab387b3e13,2026-09-06T06:45:00Z,2026-09-06T08:45:00+0200,113.77,EUR/MWh,ES,ES,imbalance_price,Long,2026-09-10T20:16:00Z
2026-09-10T20:13:39Z,2026-09-10T22:13:39+0200,e039fd7a-370f-4751-ae35-4bab387b3e13,2026-09-06T06:45:00Z,2026-09-06T08:45:00+0200,154.94,EUR/MWh,ES,ES,imbalance_price,Short,2026-09-10T20:16:00Z
2026-09-10T20:13:39Z,2026-09-10T22:13:39+0200,e039fd7a-370f-4751-ae35-4bab387b3e13,2026-09-06T07:00:00Z,2026-09-06T09:00:00+0200,58.7,EUR/MWh,ES,ES,imbalance_price,Long,2026-09-10T20:16:00Z
2026-09-10T20:13:39Z,2026-09-10T22:13:39+0200,e039fd7a-370f-4751-ae35-4bab387b3e13,2026-09-06T07:00:00Z,2026-09-06T09:00:00+0200,58.7,EUR/MWh,ES,ES,imbalance_price,Short,2026-09-10T20:16:00Z
2026-09-10T20:13:39Z,2026-09-10T22:13:39+0200,e039fd7a-370f-4751-ae35-4bab387b3e13,2026-09-06T07:15:00Z,2026-09-06T09:15:00+0200,40.98,EUR/MWh,ES,ES,imbalance_price,Long,2026-09-10T20:16:00Z
2026-09-10T20:13:39Z,2026-09-10T22:13:39+0200,e039fd7a-370f-4751-ae35-4bab387b3e13,2026-09-06T07:15:00Z,2026-09-06T09:15:00+0200,134.46,EUR/MWh,ES,ES,imbalance_price,Short,2026-09-10T20:16:00Z
2026-09-10T20:13:39Z,2026-09-10T22:13:39+0200,e039fd7a-370f-4751-ae35-4bab387b3e13,2026-09-06T07:30:00Z,2026-09-06T09:30:00+0200,-0.21,EUR/MWh,ES,ES,imbalance_price,Long,2026-09-10T20:16:00Z
2026-09-10T20:13:39Z,2026-09-10T22:13:39+0200,e039fd7a-370f-4751-ae35-4bab387b3e13,2026-09-06T07:30:00Z,2026-09-06T09:30:00+0200,-0.21,EUR/MWh,ES,ES,imbalance_price,Short,2026-09-10T20:16:00Z
2026-09-10T20:13:39Z,2026-09-10T22:13:39+0200,e039fd7a-370f-4751-ae35-4bab387b3e13,2026-09-06T07:45:00Z,2026-09-06T09:45:00+0200,-0.18,EUR/MWh,ES,ES,imbalance_price,Long,2026-09-10T20:16:00Z
2026-09-10T20:13:39Z,2026-09-10T22:13:39+0200,e039fd7a-370f-4751-ae35-4bab387b3e13,2026-09-06T07:45:00Z,2026-09-06T09:45:00+0200,56.5,EUR/MWh,ES,ES,imbalance_price,Short,2026-09-10T20:16:00Z
2026-09-10T20:13:39Z,2026-09-10T22:13:39+0200,e039fd7a-370f-4751-ae35-4bab387b3e13,2026-09-06T08:00:00Z,2026-09-06T10:00:00+0200,-1.87,EUR/MWh,ES,ES,imbalance_price,Long,2026-09-10T20:16:00Z
2026-09-10T20:13:39Z,2026-09-10T22:13:39+0200,e039fd7a-370f-4751-ae35-4bab387b3e13,2026-09-06T08:00:00Z,2026-09-06T10:00:00+0200,91.82,EUR/MWh,ES,ES,imbalance_price,Short,2026-09-10T20:16:00Z
2026-09-10T20:13:39Z,2026-09-10T22:13:39+0200,e039fd7a-370f-4751-ae35-4bab387b3e13,2026-09-06T08:15:00Z,2026-09-06T10:15:00+0200,-0.64,EUR/MWh,ES,ES,imbalance_price,Long,2026-09-10T20:16:00Z
2026-09-10T20:13:39Z,2026-09-10T22:13:39+0200,e039fd7a-370f-4751-ae35-4bab387b3e13,2026-09-06T08:15:00Z,2026-09-06T10:15:00+0200,-0.64,EUR/MWh,ES,ES,imbalance_price,Short,2026-09-10T20:16:00Z
2026-09-10T20:13:39Z,2026-09-10T22:13:39+0200,e039fd7a-370f-4751-ae35-4bab387b3e13,2026-09-06T08:30:00Z,2026-09-06T10:30:00+0200,-0.59,EUR/MWh,ES,ES,imbalance_price,Long,2026-09-10T20:16:00Z
2026-09-10T20:13:39Z,2026-09-10T22:13:39+0200,e039fd7a-370f-4751-ae35-4bab387b3e13,2026-09-06T08:30:00Z,2026-09-06T10:30:00+0200,9.24,EUR/MWh,ES,ES,imbalance_price,Short,2026-09-10T20:16:00Z
2026-09-10T20:13:39Z,2026-09-10T22:13:39+0200,e039fd7a-370f-4751-ae35-4bab387b3e13,2026-09-06T08:45:00Z,2026-09-06T10:45:00+0200,-0.72,EUR/MWh,ES,ES,imbalance_price,Long,2026-09-10T20:16:00Z
2026-09-10T20:13:39Z,2026-09-10T22:13:39+0200,e039fd7a-370f-4751-ae35-4bab387b3e13,2026-09-06T08:45:00Z,2026-09-06T10:45:00+0200,15.86,EUR/MWh,ES,ES,imbalance_price,Short,2026-09-10T20:16:00Z
2026-09-10T20:13:39Z,2026-09-10T22:13:39+0200,e039fd7a-370f-4751-ae35-4bab387b3e13,2026-09-06T09:00:00Z,2026-09-06T11:00:00+0200,-0.48,EUR/MWh,ES,ES,imbalance_price,Long,2026-09-10T20:16:00Z
2026-09-10T20:13:39Z,2026-09-10T22:13:39+0200,e039fd7a-370f-4751-ae35-4bab387b3e13,2026-09-06T09:00:00Z,2026-09-06T11:00:00+0200,1.43,EUR/MWh,ES,ES,imbalance_price,Short,2026-09-10T20:16:00Z
2026-09-10T20:13:39Z,2026-09-10T22:13:39+0200,e039fd7a-370f-4751-ae35-4bab387b3e13,2026-09-06T09:15:00Z,2026-09-06T11:15:00+0200,-0.34,EUR/MWh,ES,ES,imbalance_price,Long,2026-09-10T20:16:00Z
2026-09-10T20:13:39Z,2026-09-10T22:13:39+0200,e039fd7a-370f-4751-ae35-4bab387b3e13,2026-09-06T09:15:00Z,2026-09-06T11:15:00+0200,0.74,EUR/MWh,ES,ES,imbalance_price,Short,2026-09-10T20:16:00Z
2026-09-10T20:13:39Z,2026-09-10T22:13:39+0200,e039fd7a-370f-4751-ae35-4bab387b3e13,2026-09-06T09:30:00Z,2026-09-06T11:30:00+0200,-7.45,EUR/MWh,ES,ES,imbalance_price,Long,2026-09-10T20:16:00Z
2026-09-10T20:13:39Z,2026-09-10T22:13:39+0200,e039fd7a-370f-4751-ae35-4bab387b3e13,2026-09-06T09:30:00Z,2026-09-06T11:30:00+0200,0.2,EUR/MWh,ES,ES,imbalance_price,Short,2026-09-10T20:16:00Z
2026-09-10T20:13:39Z,2026-09-10T22:13:39+0200,e039fd7a-370f-4751-ae35-4bab387b3e13,2026-09-06T09:45:00Z,2026-09-06T11:45:00+0200,-1.73,EUR/MWh,ES,ES,imbalance_price,Long,2026-09-10T20:16:00Z
2026-09-10T20:13:39Z,2026-09-10T22:13:39+0200,e039fd7a-370f-4751-ae35-4bab387b3e13,2026-09-06T09:45:00Z,2026-09-06T11:45:00+0200,0.0,EUR/MWh,ES,ES,imbalance_price,Short,2026-09-10T20:16:00Z
2026-09-10T20:13:39Z,2026-09-10T22:13:39+0200,e039fd7a-370f-4751-ae35-4bab387b3e13,2026-09-06T10:00:00Z,2026-09-06T12:00:00+0200,-0.33,EUR/MWh,ES,ES,imbalance_price,Long,2026-09-10T20:16:00Z
2026-09-10T20:13:39Z,2026-09-10T22:13:39+0200,e039fd7a-370f-4751-ae35-4bab387b3e13,2026-09-06T10:00:00Z,2026-09-06T12:00:00+0200,2.77,EUR/MWh,ES,ES,imbalance_price,Short,2026-09-10T20:16:00Z
2026-09-10T20:13:39Z,2026-09-10T22:13:39+0200,e039fd7a-370f-4751-ae35-4bab387b3e13,2026-09-06T10:15:00Z,2026-09-06T12:15:00+0200,-1.14,EUR/MWh,ES,ES,imbalance_price,Long,2026-09-10T20:16:00Z
2026-09-10T20:13:39Z,2026-09-10T22:13:39+0200,e039fd7a-370f-4751-ae35-4bab387b3e13,2026-09-06T10:15:00Z,2026-09-06T12:15:00+0200,1.41,EUR/MWh,ES,ES,imbalance_price,Short,2026-09-10T20:16:00Z
2026-09-10T20:13:39Z,2026-09-10T22:13:39+0200,e039fd7a-370f-4751-ae35-4bab387b3e13,2026-09-06T10:30:00Z,2026-09-06T12:30:00+0200,-2.49,EUR/MWh,ES,ES,imbalance_price,Long,2026-09-10T20:16:00Z
2026-09-10T20:13:39Z,2026-09-10T22:13:39+0200,e039fd7a-370f-4751-ae35-4bab387b3e13,2026-09-06T10:30:00Z,2026-09-06T12:30:00+0200,0.0,EUR/MWh,ES,ES,imbalance_price,Short,2026-09-10T20:16:00Z
2026-09-10T20:13:39Z,2026-09-10T22:13:39+0200,e039fd7a-370f-4751-ae35-4bab387b3e13,2026-09-06T10:45:00Z,2026-09-06T12:45:00+0200,-5.79,EUR/MWh,ES,ES,imbalance_price,Long,2026-09-10T20:16:00Z
2026-09-10T20:13:39Z,2026-09-10T22:13:39+0200,e039fd7a-370f-4751-ae35-4bab387b3e13,2026-09-06T10:45:00Z,2026-09-06T12:45:00+0200,0.0,EUR/MWh,ES,ES,imbalance_price,Short,2026-09-10T20:16:00Z
2026-09-10T20:13:39Z,2026-09-10T22:13:39+0200,e039fd7a-370f-4751-ae35-4bab387b3e13,2026-09-06T11:00:00Z,2026-09-06T13:00:00+0200,-6.86,EUR/MWh,ES,ES,imbalance_price,Long,2026-09-10T20:16:00Z
2026-09-10T20:13:39Z,2026-09-10T22:13:39+0200,e039fd7a-370f-4751-ae35-4bab387b3e13,2026-09-06T11:00:00Z,2026-09-06T13:00:00+0200,-6.86,EUR/MWh,ES,ES,imbalance_price,Short,2026-09-10T20:16:00Z
2026-09-10T20:13:39Z,2026-09-10T22:13:39+0200,e039fd7a-370f-4751-ae35-4bab387b3e13,2026-09-06T11:15:00Z,2026-09-06T13:15:00+0200,-0.82,EUR/MWh,ES,ES,imbalance_price,Long,2026-09-10T20:16:00Z
2026-09-10T20:13:39Z,2026-09-10T22:13:39+0200,e039fd7a-370f-4751-ae35-4bab387b3e13,2026-09-06T11:15:00Z,2026-09-06T13:15:00+0200,-0.82,EUR/MWh,ES,ES,imbalance_price,Short,2026-09-10T20:16:00Z
2026-09-10T20:13:39Z,2026-09-10T22:13:39+0200,e039fd7a-370f-4751-ae35-4bab387b3e13,2026-09-06T11:30:00Z,2026-09-06T13:30:00+0200,-0.55,EUR/MWh,ES,ES,imbalance_price,Long,2026-09-10T20:16:00Z
2026-09-10T20:13:39Z,2026-09-10T22:13:39+0200,e039fd7a-370f-4751-ae35-4bab387b3e13,2026-09-06T11:30:00Z,2026-09-06T13:30:00+0200,0.0,EUR/MWh,ES,ES,imbalance_price,Short,2026-09-10T20:16:00Z
2026-09-10T20:13:39Z,2026-09-10T22:13:39+0200,e039fd7a-370f-4751-ae35-4bab387b3e13,2026-09-06T11:45:00Z,2026-09-06T13:45:00+0200,-0.03,EUR/MWh,ES,ES,imbalance_price,Long,2026-09-10T20:16:00Z
2026-09-10T20:13:39Z,2026-09-10T22:13:39+0200,e039fd7a-370f-4751-ae35-4bab387b3e13,2026-09-06T11:45:00Z,2026-09-06T13:45:00+0200,0.47,EUR/MWh,ES,ES,imbalance_price,Short,2026-09-10T20:16:00Z
2026-09-10T20:13:39Z,2026-09-10T22:13:39+0200,e039fd7a-370f-4751-ae35-4bab387b3e13,2026-09-06T12:00:00Z,2026-09-06T14:00:00+0200,-0.42,EUR/MWh,ES,ES,imbalance_price,Long,2026-09-10T20:16:00Z
2026-09-10T20:13:39Z,2026-09-10T22:13:39+0200,e039fd7a-370f-4751-ae35-4bab387b3e13,2026-09-06T12:00:00Z,2026-09-06T14:00:00+0200,0.0,EUR/MWh,ES,ES,imbalance_price,Short,2026-09-10T20:16:00Z
2026-09-10T20:13:39Z,2026-09-10T22:13:39+0200,e039fd7a-370f-4751-ae35-4bab387b3e13,2026-09-06T12:15:00Z,2026-09-06T14:15:00+0200,-1.15,EUR/MWh,ES,ES,imbalance_price,Long,2026-09-10T20:16:00Z
2026-09-10T20:13:39Z,2026-09-10T22:13:39+0200,e039fd7a-370f-4751-ae35-4bab387b3e13,2026-09-06T12:15:00Z,2026-09-06T14:15:00+0200,0.0,EUR/MWh,ES,ES,imbalance_price,Short,2026-09-10T20:16:00Z
2026-09-10T20:13:39Z,2026-09-10T22:13:39+0200,e039fd7a-370f-4751-ae35-4bab387b3e13,2026-09-06T12:30:00Z,2026-09-06T14:30:00+0200,-2.23,EUR/MWh,ES,ES,imbalance_price,Long,2026-09-10T20:16:00Z
2026-09-10T20:13:39Z,2026-09-10T22:13:39+0200,e039fd7a-370f-4751-ae35-4bab387b3e13,2026-09-06T12:30:00Z,2026-09-06T14:30:00+0200,0.0,EUR/MWh,ES,ES,imbalance_price,Short,2026-09-10T20:16:00Z
2026-09-10T20:13:39Z,2026-09-10T22:13:39+0200,e039fd7a-370f-4751-ae35-4bab387b3e13,2026-09-06T12:45:00Z,2026-09-06T14:45:00+0200,-0.54,EUR/MWh,ES,ES,imbalance_price,Long,2026-09-10T20:16:00Z
2026-09-10T20:13:39Z,2026-09-10T22:13:39+0200,e039fd7a-370f-4751-ae35-4bab387b3e13,2026-09-06T12:45:00Z,2026-09-06T14:45:00+0200,-0.54,EUR/MWh,ES,ES,imbalance_price,Short,2026-09-10T20:16:00Z
2026-09-10T20:13:39Z,2026-09-10T22:13:39+0200,e039fd7a-370f-4751-ae35-4bab387b3e13,2026-09-06T13:00:00Z,2026-09-06T15:00:00+0200,-2.25,EUR/MWh,ES,ES,imbalance_price,Long,2026-09-10T20:16:00Z
2026-09-10T20:13:39Z,2026-09-10T22:13:39+0200,e039fd7a-370f-4751-ae35-4bab387b3e13,2026-09-06T13:00:00Z,2026-09-06T15:00:00+0200,-2.25,EUR/MWh,ES,ES,imbalance_price,Short,2026-09-10T20:16:00Z
2026-09-10T20:13:39Z,2026-09-10T22:13:39+0200,e039fd7a-370f-4751-ae35-4bab387b3e13,2026-09-06T13:15:00Z,2026-09-06T15:15:00+0200,-1.11,EUR/MWh,ES,ES,imbalance_price,Long,2026-09-10T20:16:00Z
2026-09-10T20:13:39Z,2026-09-10T22:13:39+0200,e039fd7a-370f-4751-ae35-4bab387b3e13,2026-09-06T13:15:00Z,2026-09-06T15:15:00+0200,-1.11,EUR/MWh,ES,ES,imbalance_price,Short,2026-09-10T20:16:00Z
2026-09-10T20:13:39Z,2026-09-10T22:13:39+0200,e039fd7a-370f-4751-ae35-4bab387b3e13,2026-09-06T13:30:00Z,2026-09-06T15:30:00+0200,-2.92,EUR/MWh,ES,ES,imbalance_price,Long,2026-09-10T20:16:00Z
2026-09-10T20:13:39Z,2026-09-10T22:13:39+0200,e039fd7a-370f-4751-ae35-4bab387b3e13,2026-09-06T13:30:00Z,2026-09-06T15:30:00+0200,-2.92,EUR/MWh,ES,ES,imbalance_price,Short,2026-09-10T20:16:00Z
2026-09-10T20:13:39Z,2026-09-10T22:13:39+0200,e039fd7a-370f-4751-ae35-4bab387b3e13,2026-09-06T13:45:00Z,2026-09-06T15:45:00+0200,-1.96,EUR/MWh,ES,ES,imbalance_price,Long,2026-09-10T20:16:00Z
2026-09-10T20:13:39Z,2026-09-10T22:13:39+0200,e039fd7a-370f-4751-ae35-4bab387b3e13,2026-09-06T13:45:00Z,2026-09-06T15:45:00+0200,3.9,EUR/MWh,ES,ES,imbalance_price,Short,2026-09-10T20:16:00Z
2026-09-10T20:13:39Z,2026-09-10T22:13:39+0200,e039fd7a-370f-4751-ae35-4bab387b3e13,2026-09-06T14:00:00Z,2026-09-06T16:00:00+0200,-0.29,EUR/MWh,ES,ES,imbalance_price,Long,2026-09-10T20:16:00Z
2026-09-10T20:13:39Z,2026-09-10T22:13:39+0200,e039fd7a-370f-4751-ae35-4bab387b3e13,2026-09-06T14:00:00Z,2026-09-06T16:00:00+0200,66.58,EUR/MWh,ES,ES,imbalance_price,Short,2026-09-10T20:16:00Z
2026-09-10T20:13:39Z,2026-09-10T22:13:39+0200,e039fd7a-370f-4751-ae35-4bab387b3e13,2026-09-06T14:15:00Z,2026-09-06T16:15:00+0200,-0.25,EUR/MWh,ES,ES,imbalance_price,Long,2026-09-10T20:16:00Z
2026-09-10T20:13:39Z,2026-09-10T22:13:39+0200,e039fd7a-370f-4751-ae35-4bab387b3e13,2026-09-06T14:15:00Z,2026-09-06T16:15:00+0200,142.09,EUR/MWh,ES,ES,imbalance_price,Short,2026-09-10T20:16:00Z
2026-09-10T20:13:39Z,2026-09-10T22:13:39+0200,e039fd7a-370f-4751-ae35-4bab387b3e13,2026-09-06T14:30:00Z,2026-09-06T16:30:00+0200,-5.73,EUR/MWh,ES,ES,imbalance_price,Long,2026-09-10T20:16:00Z
2026-09-10T20:13:39Z,2026-09-10T22:13:39+0200,e039fd7a-370f-4751-ae35-4bab387b3e13,2026-09-06T14:30:00Z,2026-09-06T16:30:00+0200,58.0,EUR/MWh,ES,ES,imbalance_price,Short,2026-09-10T20:16:00Z
2026-09-10T20:13:39Z,2026-09-10T22:13:39+0200,e039fd7a-370f-4751-ae35-4bab387b3e13,2026-09-06T14:45:00Z,2026-09-06T16:45:00+0200,-4.1,EUR/MWh,ES,ES,imbalance_price,Long,2026-09-10T20:16:00Z
2026-09-10T20:13:39Z,2026-09-10T22:13:39+0200,e039fd7a-370f-4751-ae35-4bab387b3e13,2026-09-06T14:45:00Z,2026-09-06T16:45:00+0200,119.59,EUR/MWh,ES,ES,imbalance_price,Short,2026-09-10T20:16:00Z
2026-09-10T20:13:39Z,2026-09-10T22:13:39+0200,e039fd7a-370f-4751-ae35-4bab387b3e13,2026-09-06T15:00:00Z,2026-09-06T17:00:00+0200,-2.37,EUR/MWh,ES,ES,imbalance_price,Long,2026-09-10T20:16:00Z
2026-09-10T20:13:39Z,2026-09-10T22:13:39+0200,e039fd7a-370f-4751-ae35-4bab387b3e13,2026-09-06T15:00:00Z,2026-09-06T17:00:00+0200,82.57,EUR/MWh,ES,ES,imbalance_price,Short,2026-09-10T20:16:00Z
2026-09-10T20:13:39Z,2026-09-10T22:13:39+0200,e039fd7a-370f-4751-ae35-4bab387b3e13,2026-09-06T15:15:00Z,2026-09-06T17:15:00+0200,1.05,EUR/MWh,ES,ES,imbalance_price,Long,2026-09-10T20:16:00Z
2026-09-10T20:13:39Z,2026-09-10T22:13:39+0200,e039fd7a-370f-4751-ae35-4bab387b3e13,2026-09-06T15:15:00Z,2026-09-06T17:15:00+0200,174.4,EUR/MWh,ES,ES,imbalance_price,Short,2026-09-10T20:16:00Z
2026-09-10T20:13:39Z,2026-09-10T22:13:39+0200,e039fd7a-370f-4751-ae35-4bab387b3e13,2026-09-06T15:30:00Z,2026-09-06T17:30:00+0200,0.0,EUR/MWh,ES,ES,imbalance_price,Long,2026-09-10T20:16:00Z
2026-09-10T20:13:39Z,2026-09-10T22:13:39+0200,e039fd7a-370f-4751-ae35-4bab387b3e13,2026-09-06T15:30:00Z,2026-09-06T17:30:00+0200,201.1,EUR/MWh,ES,ES,imbalance_price,Short,2026-09-10T20:16:00Z
2026-09-10T20:13:39Z,2026-09-10T22:13:39+0200,e039fd7a-370f-4751-ae35-4bab387b3e13,2026-09-06T15:45:00Z,2026-09-06T17:45:00+0200,35.3,EUR/MWh,ES,ES,imbalance_price,Long,2026-09-10T20:16:00Z
2026-09-10T20:13:39Z,2026-09-10T22:13:39+0200,e039fd7a-370f-4751-ae35-4bab387b3e13,2026-09-06T15:45:00Z,2026-09-06T17:45:00+0200,160.6,EUR/MWh,ES,ES,imbalance_price,Short,2026-09-10T20:16:00Z
2026-09-10T20:13:39Z,2026-09-10T22:13:39+0200,e039fd7a-370f-4751-ae35-4bab387b3e13,2026-09-06T16:00:00Z,2026-09-06T18:00:00+0200,55.14,EUR/MWh,ES,ES,imbalance_price,Long,2026-09-10T20:16:00Z
2026-09-10T20:13:39Z,2026-09-10T22:13:39+0200,e039fd7a-370f-4751-ae35-4bab387b3e13,2026-09-06T16:00:00Z,2026-09-06T18:00:00+0200,130.55,EUR/MWh,ES,ES,imbalance_price,Short,2026-09-10T20:16:00Z
2026-09-10T20:13:39Z,2026-09-10T22:13:39+0200,e039fd7a-370f-4751-ae35-4bab387b3e13,2026-09-06T16:15:00Z,2026-09-06T18:15:00+0200,44.62,EUR/MWh,ES,ES,imbalance_price,Long,2026-09-10T20:16:00Z
2026-09-10T20:13:39Z,2026-09-10T22:13:39+0200,e039fd7a-370f-4751-ae35-4bab387b3e13,2026-09-06T16:15:00Z,2026-09-06T18:15:00+0200,44.62,EUR/MWh,ES,ES,imbalance_price,Short,2026-09-10T20:16:00Z
2026-09-10T20:13:39Z,2026-09-10T22:13:39+0200,e039fd7a-370f-4751-ae35-4bab387b3e13,2026-09-06T16:30:00Z,2026-09-06T18:30:00+0200,65.86,EUR/MWh,ES,ES,imbalance_price,Long,2026-09-10T20:16:00Z
2026-09-10T20:13:39Z,2026-09-10T22:13:39+0200,e039fd7a-370f-4751-ae35-4bab387b3e13,2026-09-06T16:30:00Z,2026-09-06T18:30:00+0200,182.56,EUR/MWh,ES,ES,imbalance_price,Short,2026-09-10T20:16:00Z
2026-09-10T20:13:39Z,2026-09-10T22:13:39+0200,e039fd7a-370f-4751-ae35-4bab387b3e13,2026-09-06T16:45:00Z,2026-09-06T18:45:00+0200,135.83,EUR/MWh,ES,ES,imbalance_price,Long,2026-09-10T20:16:00Z
2026-09-10T20:13:39Z,2026-09-10T22:13:39+0200,e039fd7a-370f-4751-ae35-4bab387b3e13,2026-09-06T16:45:00Z,2026-09-06T18:45:00+0200,205.55,EUR/MWh,ES,ES,imbalance_price,Short,2026-09-10T20:16:00Z
2026-09-10T20:13:39Z,2026-09-10T22:13:39+0200,e039fd7a-370f-4751-ae35-4bab387b3e13,2026-09-06T17:00:00Z,2026-09-06T19:00:00+0200,6.23,EUR/MWh,ES,ES,imbalance_price,Long,2026-09-10T20:16:00Z
2026-09-10T20:13:39Z,2026-09-10T22:13:39+0200,e039fd7a-370f-4751-ae35-4bab387b3e13,2026-09-06T17:00:00Z,2026-09-06T19:00:00+0200,171.02,EUR/MWh,ES,ES,imbalance_price,Short,2026-09-10T20:16:00Z
2026-09-10T20:13:39Z,2026-09-10T22:13:39+0200,e039fd7a-370f-4751-ae35-4bab387b3e13,2026-09-06T17:15:00Z,2026-09-06T19:15:00+0200,-37.19,EUR/MWh,ES,ES,imbalance_price,Long,2026-09-10T20:16:00Z
2026-09-10T20:13:39Z,2026-09-10T22:13:39+0200,e039fd7a-370f-4751-ae35-4bab387b3e13,2026-09-06T17:15:00Z,2026-09-06T19:15:00+0200,171.06,EUR/MWh,ES,ES,imbalance_price,Short,2026-09-10T20:16:00Z
2026-09-10T20:13:39Z,2026-09-10T22:13:39+0200,e039fd7a-370f-4751-ae35-4bab387b3e13,2026-09-06T17:30:00Z,2026-09-06T19:30:00+0200,97.91,EUR/MWh,ES,ES,imbalance_price,Long,2026-09-10T20:16:00Z
2026-09-10T20:13:39Z,2026-09-10T22:13:39+0200,e039fd7a-370f-4751-ae35-4bab387b3e13,2026-09-06T17:30:00Z,2026-09-06T19:30:00+0200,171.08,EUR/MWh,ES,ES,imbalance_price,Short,2026-09-10T20:16:00Z
2026-09-10T20:13:39Z,2026-09-10T22:13:39+0200,e039fd7a-370f-4751-ae35-4bab387b3e13,2026-09-06T17:45:00Z,2026-09-06T19:45:00+0200,150.69,EUR/MWh,ES,ES,imbalance_price,Long,2026-09-10T20:16:00Z
2026-09-10T20:13:39Z,2026-09-10T22:13:39+0200,e039fd7a-370f-4751-ae35-4bab387b3e13,2026-09-06T17:45:00Z,2026-09-06T19:45:00+0200,171.99,EUR/MWh,ES,ES,imbalance_price,Short,2026-09-10T20:16:00Z
2026-09-10T20:13:39Z,2026-09-10T22:13:39+0200,e039fd7a-370f-4751-ae35-4bab387b3e13,2026-09-06T18:00:00Z,2026-09-06T20:00:00+0200,191.99,EUR/MWh,ES,ES,imbalance_price,Long,2026-09-10T20:16:00Z
2026-09-10T20:13:39Z,2026-09-10T22:13:39+0200,e039fd7a-370f-4751-ae35-4bab387b3e13,2026-09-06T18:00:00Z,2026-09-06T20:00:00+0200,191.99,EUR/MWh,ES,ES,imbalance_price,Short,2026-09-10T20:16:00Z
2026-09-10T20:13:39Z,2026-09-10T22:13:39+0200,e039fd7a-370f-4751-ae35-4bab387b3e13,2026-09-06T18:15:00Z,2026-09-06T20:15:00+0200,225.56,EUR/MWh,ES,ES,imbalance_price,Long,2026-09-10T20:16:00Z
2026-09-10T20:13:39Z,2026-09-10T22:13:39+0200,e039fd7a-370f-4751-ae35-4bab387b3e13,2026-09-06T18:15:00Z,2026-09-06T20:15:00+0200,225.56,EUR/MWh,ES,ES,imbalance_price,Short,2026-09-10T20:16:00Z
2026-09-10T20:13:39Z,2026-09-10T22:13:39+0200,e039fd7a-370f-4751-ae35-4bab387b3e13,2026-09-06T18:30:00Z,2026-09-06T20:30:00+0200,184.37,EUR/MWh,ES,ES,imbalance_price,Long,2026-09-10T20:16:00Z
2026-09-10T20:13:39Z,2026-09-10T22:13:39+0200,e039fd7a-370f-4751-ae35-4bab387b3e13,2026-09-06T18:30:00Z,2026-09-06T20:30:00+0200,235.98,EUR/MWh,ES,ES,imbalance_price,Short,2026-09-10T20:16:00Z
2026-09-10T20:13:39Z,2026-09-10T22:13:39+0200,e039fd7a-370f-4751-ae35-4bab387b3e13,2026-09-06T18:45:00Z,2026-09-06T20:45:00+0200,191.26,EUR/MWh,ES,ES,imbalance_price,Long,2026-09-10T20:16:00Z
2026-09-10T20:13:39Z,2026-09-10T22:13:39+0200,e039fd7a-370f-4751-ae35-4bab387b3e13,2026-09-06T18:45:00Z,2026-09-06T20:45:00+0200,191.26,EUR/MWh,ES,ES,imbalance_price,Short,2026-09-10T20:16:00Z
2026-09-10T20:13:39Z,2026-09-10T22:13:39+0200,e039fd7a-370f-4751-ae35-4bab387b3e13,2026-09-06T19:00:00Z,2026-09-06T21:00:00+0200,154.93,EUR/MWh,ES,ES,imbalance_price,Long,2026-09-10T20:16:00Z
2026-09-10T20:13:39Z,2026-09-10T22:13:39+0200,e039fd7a-370f-4751-ae35-4bab387b3e13,2026-09-06T19:00:00Z,2026-09-06T21:00:00+0200,180.86,EUR/MWh,ES,ES,imbalance_price,Short,2026-09-10T20:16:00Z
2026-09-10T20:13:39Z,2026-09-10T22:13:39+0200,e039fd7a-370f-4751-ae35-4bab387b3e13,2026-09-06T19:15:00Z,2026-09-06T21:15:00+0200,137.11,EUR/MWh,ES,ES,imbalance_price,Long,2026-09-10T20:16:00Z
2026-09-10T20:13:39Z,2026-09-10T22:13:39+0200,e039fd7a-370f-4751-ae35-4bab387b3e13,2026-09-06T19:15:00Z,2026-09-06T21:15:00+0200,177.95,EUR/MWh,ES,ES,imbalance_price,Short,2026-09-10T20:16:00Z
2026-09-10T20:13:39Z,2026-09-10T22:13:39+0200,e039fd7a-370f-4751-ae35-4bab387b3e13,2026-09-06T19:30:00Z,2026-09-06T21:30:00+0200,145.14,EUR/MWh,ES,ES,imbalance_price,Long,2026-09-10T20:16:00Z
2026-09-10T20:13:39Z,2026-09-10T22:13:39+0200,e039fd7a-370f-4751-ae35-4bab387b3e13,2026-09-06T19:30:00Z,2026-09-06T21:30:00+0200,175.41,EUR/MWh,ES,ES,imbalance_price,Short,2026-09-10T20:16:00Z
2026-09-10T20:13:39Z,2026-09-10T22:13:39+0200,e039fd7a-370f-4751-ae35-4bab387b3e13,2026-09-06T19:45:00Z,2026-09-06T21:45:00+0200,142.46,EUR/MWh,ES,ES,imbalance_price,Long,2026-09-10T20:16:00Z
2026-09-10T20:13:39Z,2026-09-10T22:13:39+0200,e039fd7a-370f-4751-ae35-4bab387b3e13,2026-09-06T19:45:00Z,2026-09-06T21:45:00+0200,173.83,EUR/MWh,ES,ES,imbalance_price,Short,2026-09-10T20:16:00Z
2026-09-10T20:13:39Z,2026-09-10T22:13:39+0200,e039fd7a-370f-4751-ae35-4bab387b3e13,2026-09-06T20:00:00Z,2026-09-06T22:00:00+0200,179.57,EUR/MWh,ES,ES,imbalance_price,Long,2026-09-10T20:16:00Z
2026-09-10T20:13:39Z,2026-09-10T22:13:39+0200,e039fd7a-370f-4751-ae35-4bab387b3e13,2026-09-06T20:00:00Z,2026-09-06T22:00:00+0200,179.57,EUR/MWh,ES,ES,imbalance_price,Short,2026-09-10T20:16:00Z
2026-09-10T20:13:39Z,2026-09-10T22:13:39+0200,e039fd7a-370f-4751-ae35-4bab387b3e13,2026-09-06T20:15:00Z,2026-09-06T22:15:00+0200,185.73,EUR/MWh,ES,ES,imbalance_price,Long,2026-09-10T20:16:00Z
2026-09-10T20:13:39Z,2026-09-10T22:13:39+0200,e039fd7a-370f-4751-ae35-4bab387b3e13,2026-09-06T20:15:00Z,2026-09-06T22:15:00+0200,185.73,EUR/MWh,ES,ES,imbalance_price,Short,2026-09-10T20:16:00Z
2026-09-10T20:13:39Z,2026-09-10T22:13:39+0200,e039fd7a-370f-4751-ae35-4bab387b3e13,2026-09-06T20:30:00Z,2026-09-06T22:30:00+0200,129.17,EUR/MWh,ES,ES,imbalance_price,Long,2026-09-10T20:16:00Z
2026-09-10T20:13:39Z,2026-09-10T22:13:39+0200,e039fd7a-370f-4751-ae35-4bab387b3e13,2026-09-06T20:30:00Z,2026-09-06T22:30:00+0200,174.27,EUR/MWh,ES,ES,imbalance_price,Short,2026-09-10T20:16:00Z
2026-09-10T20:13:39Z,2026-09-10T22:13:39+0200,e039fd7a-370f-4751-ae35-4bab387b3e13,2026-09-06T20:45:00Z,2026-09-06T22:45:00+0200,116.5,EUR/MWh,ES,ES,imbalance_price,Long,2026-09-10T20:16:00Z
2026-09-10T20:13:39Z,2026-09-10T22:13:39+0200,e039fd7a-370f-4751-ae35-4bab387b3e13,2026-09-06T20:45:00Z,2026-09-06T22:45:00+0200,172.03,EUR/MWh,ES,ES,imbalance_price,Short,2026-09-10T20:16:00Z
2026-09-10T20:13:39Z,2026-09-10T22:13:39+0200,e039fd7a-370f-4751-ae35-4bab387b3e13,2026-09-06T21:00:00Z,2026-09-06T23:00:00+0200,141.0,EUR/MWh,ES,ES,imbalance_price,Long,2026-09-10T20:16:00Z
2026-09-10T20:13:39Z,2026-09-10T22:13:39+0200,e039fd7a-370f-4751-ae35-4bab387b3e13,2026-09-06T21:00:00Z,2026-09-06T23:00:00+0200,172.58,EUR/MWh,ES,ES,imbalance_price,Short,2026-09-10T20:16:00Z
2026-09-10T20:13:39Z,2026-09-10T22:13:39+0200,e039fd7a-370f-4751-ae35-4bab387b3e13,2026-09-06T21:15:00Z,2026-09-06T23:15:00+0200,149.57,EUR/MWh,ES,ES,imbalance_price,Long,2026-09-10T20:16:00Z
2026-09-10T20:13:39Z,2026-09-10T22:13:39+0200,e039fd7a-370f-4751-ae35-4bab387b3e13,2026-09-06T21:15:00Z,2026-09-06T23:15:00+0200,171.2,EUR/MWh,ES,ES,imbalance_price,Short,2026-09-10T20:16:00Z
2026-09-10T20:13:39Z,2026-09-10T22:13:39+0200,e039fd7a-370f-4751-ae35-4bab387b3e13,2026-09-06T21:30:00Z,2026-09-06T23:30:00+0200,138.15,EUR/MWh,ES,ES,imbalance_price,Long,2026-09-10T20:16:00Z
2026-09-10T20:13:39Z,2026-09-10T22:13:39+0200,e039fd7a-370f-4751-ae35-4bab387b3e13,2026-09-06T21:30:00Z,2026-09-06T23:30:00+0200,174.1,EUR/MWh,ES,ES,imbalance_price,Short,2026-09-10T20:16:00Z
2026-09-10T20:13:39Z,2026-09-10T22:13:39+0200,e039fd7a-370f-4751-ae35-4bab387b3e13,2026-09-06T21:45:00Z,2026-09-06T23:45:00+0200,131.93,EUR/MWh,ES,ES,imbalance_price,Long,2026-09-10T20:16:00Z
2026-09-10T20:13:39Z,2026-09-10T22:13:39+0200,e039fd7a-370f-4751-ae35-4bab387b3e13,2026-09-06T21:45:00Z,2026-09-06T23:45:00+0200,172.88,EUR/MWh,ES,ES,imbalance_price,Short,2026-09-10T20:16:00Z
2026-09-10T20:13:39Z,2026-09-10T22:13:39+0200,e039fd7a-370f-4751-ae35-4bab387b3e13,2026-09-06T22:00:00Z,2026-09-07T00:00:00+0200,141.77,EUR/MWh,ES,ES,imbalance_price,Long,2026-09-10T20:16:00Z
2026-09-10T20:13:39Z,2026-09-10T22:13:39+0200,e039fd7a-370f-4751-ae35-4bab387b3e13,2026-09-06T22:00:00Z,2026-09-07T00:00:00+0200,182.64,EUR/MWh,ES,ES,imbalance_price,Short,2026-09-10T20:16:00Z
2026-09-10T20:13:39Z,2026-09-10T22:13:39+0200,e039fd7a-370f-4751-ae35-4bab387b3e13,2026-09-06T22:15:00Z,2026-09-07T00:15:00+0200,187.66,EUR/MWh,ES,ES,imbalance_price,Long,2026-09-10T20:16:00Z
2026-09-10T20:13:39Z,2026-09-10T22:13:39+0200,e039fd7a-370f-4751-ae35-4bab387b3e13,2026-09-06T22:15:00Z,2026-09-07T00:15:00+0200,187.66,EUR/MWh,ES,ES,imbalance_price,Short,2026-09-10T20:16:00Z
2026-09-10T20:13:39Z,2026-09-10T22:13:39+0200,e039fd7a-370f-4751-ae35-4bab387b3e13,2026-09-06T22:30:00Z,2026-09-07T00:30:00+0200,155.83,EUR/MWh,ES,ES,imbalance_price,Long,2026-09-10T20:16:00Z
2026-09-10T20:13:39Z,2026-09-10T22:13:39+0200,e039fd7a-370f-4751-ae35-4bab387b3e13,2026-09-06T22:30:00Z,2026-09-07T00:30:00+0200,186.37,EUR/MWh,ES,ES,imbalance_price,Short,2026-09-10T20:16:00Z
2026-09-10T20:13:39Z,2026-09-10T22:13:39+0200,e039fd7a-370f-4751-ae35-4bab387b3e13,2026-09-06T22:45:00Z,2026-09-07T00:45:00+0200,139.08,EUR/MWh,ES,ES,imbalance_price,Long,2026-09-10T20:16:00Z
2026-09-10T20:13:39Z,2026-09-10T22:13:39+0200,e039fd7a-370f-4751-ae35-4bab387b3e13,2026-09-06T22:45:00Z,2026-09-07T00:45:00+0200,183.24,EUR/MWh,ES,ES,imbalance_price,Short,2026-09-10T20:16:00Z
2026-09-10T20:13:39Z,2026-09-10T22:13:39+0200,e039fd7a-370f-4751-ae35-4bab387b3e13,2026-09-06T23:00:00Z,2026-09-07T01:00:00+0200,130.22,EUR/MWh,ES,ES,imbalance_price,Long,2026-09-10T20:16:00Z
2026-09-10T20:13:39Z,2026-09-10T22:13:39+0200,e039fd7a-370f-4751-ae35-4bab387b3e13,2026-09-06T23:00:00Z,2026-09-07T01:00:00+0200,188.74,EUR/MWh,ES,ES,imbalance_price,Short,2026-09-10T20:16:00Z
2026-09-10T20:13:39Z,2026-09-10T22:13:39+0200,e039fd7a-370f-4751-ae35-4bab387b3e13,2026-09-06T23:15:00Z,2026-09-07T01:15:00+0200,129.98,EUR/MWh,ES,ES,imbalance_price,Long,2026-09-10T20:16:00Z
2026-09-10T20:13:39Z,2026-09-10T22:13:39+0200,e039fd7a-370f-4751-ae35-4bab387b3e13,2026-09-06T23:15:00Z,2026-09-07T01:15:00+0200,183.33,EUR/MWh,ES,ES,imbalance_price,Short,2026-09-10T20:16:00Z
2026-09-10T20:13:39Z,2026-09-10T22:13:39+0200,e039fd7a-370f-4751-ae35-4bab387b3e13,2026-09-06T23:30:00Z,2026-09-07T01:30:00+0200,189.56,EUR/MWh,ES,ES,imbalance_price,Long,2026-09-10T20:16:00Z
2026-09-10T20:13:39Z,2026-09-10T22:13:39+0200,e039fd7a-370f-4751-ae35-4bab387b3e13,2026-09-06T23:30:00Z,2026-09-07T01:30:00+0200,189.56,EUR/MWh,ES,ES,imbalance_price,Short,2026-09-10T20:16:00Z
2026-09-10T20:13:39Z,2026-09-10T22:13:39+0200,e039fd7a-370f-4751-ae35-4bab387b3e13,2026-09-06T23:45:00Z,2026-09-07T01:45:00+0200,133.95,EUR/MWh,ES,ES,imbalance_price,Long,2026-09-10T20:16:00Z
2026-09-10T20:13:39Z,2026-09-10T22:13:39+0200,e039fd7a-370f-4751-ae35-4bab387b3e13,2026-09-06T23:45:00Z,2026-09-07T01:45:00+0200,182.46,EUR/MWh,ES,ES,imbalance_price,Short,2026-09-10T20:16:00Z
2026-09-10T20:13:39Z,2026-09-10T22:13:39+0200,e039fd7a-370f-4751-ae35-4bab387b3e13,2026-09-07T00:00:00Z,2026-09-07T02:00:00+0200,195.41,EUR/MWh,ES,ES,imbalance_price,Long,2026-09-10T20:16:00Z
2026-09-10T20:13:39Z,2026-09-10T22:13:39+0200,e039fd7a-370f-4751-ae35-4bab387b3e13,2026-09-07T00:00:00Z,2026-09-07T02:00:00+0200,195.41,EUR/MWh,ES,ES,imbalance_price,Short,2026-09-10T20:16:00Z
2026-09-10T20:13:39Z,2026-09-10T22:13:39+0200,e039fd7a-370f-4751-ae35-4bab387b3e13,2026-09-07T00:15:00Z,2026-09-07T02:15:00+0200,197.24,EUR/MWh,ES,ES,imbalance_price,Long,2026-09-10T20:16:00Z
2026-09-10T20:13:39Z,2026-09-10T22:13:39+0200,e039fd7a-370f-4751-ae35-4bab387b3e13,2026-09-07T00:15:00Z,2026-09-07T02:15:00+0200,197.24,EUR/MWh,ES,ES,imbalance_price,Short,2026-09-10T20:16:00Z
2026-09-10T20:13:39Z,2026-09-10T22:13:39+0200,e039fd7a-370f-4751-ae35-4bab387b3e13,2026-09-07T00:30:00Z,2026-09-07T02:30:00+0200,195.21,EUR/MWh,ES,ES,imbalance_price,Long,2026-09-10T20:16:00Z
2026-09-10T20:13:39Z,2026-09-10T22:13:39+0200,e039fd7a-370f-4751-ae35-4bab387b3e13,2026-09-07T00:30:00Z,2026-09-07T02:30:00+0200,195.21,EUR/MWh,ES,ES,imbalance_price,Short,2026-09-10T20:16:00Z
2026-09-10T20:13:39Z,2026-09-10T22:13:39+0200,e039fd7a-370f-4751-ae35-4bab387b3e13,2026-09-07T00:45:00Z,2026-09-07T02:45:00+0200,121.65,EUR/MWh,ES,ES,imbalance_price,Long,2026-09-10T20:16:00Z
2026-09-10T20:13:39Z,2026-09-10T22:13:39+0200,e039fd7a-370f-4751-ae35-4bab387b3e13,2026-09-07T00:45:00Z,2026-09-07T02:45:00+0200,200.11,EUR/MWh,ES,ES,imbalance_price,Short,2026-09-10T20:16:00Z
2026-09-10T20:13:39Z,2026-09-10T22:13:39+0200,e039fd7a-370f-4751-ae35-4bab387b3e13,2026-09-07T01:00:00Z,2026-09-07T03:00:00+0200,68.92,EUR/MWh,ES,ES,imbalance_price,Long,2026-09-10T20:16:00Z
2026-09-10T20:13:39Z,2026-09-10T22:13:39+0200,e039fd7a-370f-4751-ae35-4bab387b3e13,2026-09-07T01:00:00Z,2026-09-07T03:00:00+0200,205.16,EUR/MWh,ES,ES,imbalance_price,Short,2026-09-10T20:16:00Z
2026-09-10T20:13:39Z,2026-09-10T22:13:39+0200,e039fd7a-370f-4751-ae35-4bab387b3e13,2026-09-07T01:15:00Z,2026-09-07T03:15:00+0200,141.68,EUR/MWh,ES,ES,imbalance_price,Long,2026-09-10T20:16:00Z
2026-09-10T20:13:39Z,2026-09-10T22:13:39+0200,e039fd7a-370f-4751-ae35-4bab387b3e13,2026-09-07T01:15:00Z,2026-09-07T03:15:00+0200,194.61,EUR/MWh,ES,ES,imbalance_price,Short,2026-09-10T20:16:00Z
2026-09-10T20:13:39Z,2026-09-10T22:13:39+0200,e039fd7a-370f-4751-ae35-4bab387b3e13,2026-09-07T01:30:00Z,2026-09-07T03:30:00+0200,137.42,EUR/MWh,ES,ES,imbalance_price,Long,2026-09-10T20:16:00Z
2026-09-10T20:13:39Z,2026-09-10T22:13:39+0200,e039fd7a-370f-4751-ae35-4bab387b3e13,2026-09-07T01:30:00Z,2026-09-07T03:30:00+0200,204.4,EUR/MWh,ES,ES,imbalance_price,Short,2026-09-10T20:16:00Z
2026-09-10T20:13:39Z,2026-09-10T22:13:39+0200,e039fd7a-370f-4751-ae35-4bab387b3e13,2026-09-07T01:45:00Z,2026-09-07T03:45:00+0200,133.52,EUR/MWh,ES,ES,imbalance_price,Long,2026-09-10T20:16:00Z
2026-09-10T20:13:39Z,2026-09-10T22:13:39+0200,e039fd7a-370f-4751-ae35-4bab387b3e13,2026-09-07T01:45:00Z,2026-09-07T03:45:00+0200,204.47,EUR/MWh,ES,ES,imbalance_price,Short,2026-09-10T20:16:00Z
2026-09-10T20:13:39Z,2026-09-10T22:13:39+0200,e039fd7a-370f-4751-ae35-4bab387b3e13,2026-09-07T02:00:00Z,2026-09-07T04:00:00+0200,141.81,EUR/MWh,ES,ES,imbalance_price,Long,2026-09-10T20:16:00Z
2026-09-10T20:13:39Z,2026-09-10T22:13:39+0200,e039fd7a-370f-4751-ae35-4bab387b3e13,2026-09-07T02:00:00Z,2026-09-07T04:00:00+0200,196.56,EUR/MWh,ES,ES,imbalance_price,Short,2026-09-10T20:16:00Z
2026-09-10T20:13:39Z,2026-09-10T22:13:39+0200,e039fd7a-370f-4751-ae35-4bab387b3e13,2026-09-07T02:15:00Z,2026-09-07T04:15:00+0200,143.16,EUR/MWh,ES,ES,imbalance_price,Long,2026-09-10T20:16:00Z
2026-09-10T20:13:39Z,2026-09-10T22:13:39+0200,e039fd7a-370f-4751-ae35-4bab387b3e13,2026-09-07T02:15:00Z,2026-09-07T04:15:00+0200,193.81,EUR/MWh,ES,ES,imbalance_price,Short,2026-09-10T20:16:00Z
2026-09-10T20:13:39Z,2026-09-10T22:13:39+0200,e039fd7a-370f-4751-ae35-4bab387b3e13,2026-09-07T02:30:00Z,2026-09-07T04:30:00+0200,147.11,EUR/MWh,ES,ES,imbalance_price,Long,2026-09-10T20:16:00Z
2026-09-10T20:13:39Z,2026-09-10T22:13:39+0200,e039fd7a-370f-4751-ae35-4bab387b3e13,2026-09-07T02:30:00Z,2026-09-07T04:30:00+0200,192.31,EUR/MWh,ES,ES,imbalance_price,Short,2026-09-10T20:16:00Z
2026-09-10T20:13:39Z,2026-09-10T22:13:39+0200,e039fd7a-370f-4751-ae35-4bab387b3e13,2026-09-07T02:45:00Z,2026-09-07T04:45:00+0200,132.81,EUR/MWh,ES,ES,imbalance_price,Long,2026-09-10T20:16:00Z
2026-09-10T20:13:39Z,2026-09-10T22:13:39+0200,e039fd7a-370f-4751-ae35-4bab387b3e13,2026-09-07T02:45:00Z,2026-09-07T04:45:00+0200,193.81,EUR/MWh,ES,ES,imbalance_price,Short,2026-09-10T20:16:00Z
2026-09-10T20:13:39Z,2026-09-10T22:13:39+0200,e039fd7a-370f-4751-ae35-4bab387b3e13,2026-09-07T03:00:00Z,2026-09-07T05:00:00+0200,127.08,EUR/MWh,ES,ES,imbalance_price,Long,2026-09-10T20:16:00Z
2026-09-10T20:13:39Z,2026-09-10T22:13:39+0200,e039fd7a-370f-4751-ae35-4bab387b3e13,2026-09-07T03:00:00Z,2026-09-07T05:00:00+0200,194.23,EUR/MWh,ES,ES,imbalance_price,Short,2026-09-10T20:16:00Z
2026-09-10T20:13:39Z,2026-09-10T22:13:39+0200,e039fd7a-370f-4751-ae35-4bab387b3e13,2026-09-07T03:15:00Z,2026-09-07T05:15:00+0200,141.07,EUR/MWh,ES,ES,imbalance_price,Long,2026-09-10T20:16:00Z
2026-09-10T20:13:39Z,2026-09-10T22:13:39+0200,e039fd7a-370f-4751-ae35-4bab387b3e13,2026-09-07T03:15:00Z,2026-09-07T05:15:00+0200,186.34,EUR/MWh,ES,ES,imbalance_price,Short,2026-09-10T20:16:00Z
2026-09-10T20:13:39Z,2026-09-10T22:13:39+0200,e039fd7a-370f-4751-ae35-4bab387b3e13,2026-09-07T03:30:00Z,2026-09-07T05:30:00+0200,99.5,EUR/MWh,ES,ES,imbalance_price,Long,2026-09-10T20:16:00Z
2026-09-10T20:13:39Z,2026-09-10T22:13:39+0200,e039fd7a-370f-4751-ae35-4bab387b3e13,2026-09-07T03:30:00Z,2026-09-07T05:30:00+0200,182.69,EUR/MWh,ES,ES,imbalance_price,Short,2026-09-10T20:16:00Z
2026-09-10T20:13:39Z,2026-09-10T22:13:39+0200,e039fd7a-370f-4751-ae35-4bab387b3e13,2026-09-07T03:45:00Z,2026-09-07T05:45:00+0200,148.64,EUR/MWh,ES,ES,imbalance_price,Long,2026-09-10T20:16:00Z
2026-09-10T20:13:39Z,2026-09-10T22:13:39+0200,e039fd7a-370f-4751-ae35-4bab387b3e13,2026-09-07T03:45:00Z,2026-09-07T05:45:00+0200,182.05,EUR/MWh,ES,ES,imbalance_price,Short,2026-09-10T20:16:00Z
2026-09-10T20:13:39Z,2026-09-10T22:13:39+0200,e039fd7a-370f-4751-ae35-4bab387b3e13,2026-09-07T04:00:00Z,2026-09-07T06:00:00+0200,154.86,EUR/MWh,ES,ES,imbalance_price,Long,2026-09-10T20:16:00Z
2026-09-10T20:13:39Z,2026-09-10T22:13:39+0200,e039fd7a-370f-4751-ae35-4bab387b3e13,2026-09-07T04:00:00Z,2026-09-07T06:00:00+0200,174.68,EUR/MWh,ES,ES,imbalance_price,Short,2026-09-10T20:16:00Z
2026-09-10T20:13:39Z,2026-09-10T22:13:39+0200,e039fd7a-370f-4751-ae35-4bab387b3e13,2026-09-07T04:15:00Z,2026-09-07T06:15:00+0200,123.9,EUR/MWh,ES,ES,imbalance_price,Long,2026-09-10T20:16:00Z
2026-09-10T20:13:39Z,2026-09-10T22:13:39+0200,e039fd7a-370f-4751-ae35-4bab387b3e13,2026-09-07T04:15:00Z,2026-09-07T06:15:00+0200,174.16,EUR/MWh,ES,ES,imbalance_price,Short,2026-09-10T20:16:00Z
2026-09-10T20:13:39Z,2026-09-10T22:13:39+0200,e039fd7a-370f-4751-ae35-4bab387b3e13,2026-09-07T04:30:00Z,2026-09-07T06:30:00+0200,152.24,EUR/MWh,ES,ES,imbalance_price,Long,2026-09-10T20:16:00Z
2026-09-10T20:13:39Z,2026-09-10T22:13:39+0200,e039fd7a-370f-4751-ae35-4bab387b3e13,2026-09-07T04:30:00Z,2026-09-07T06:30:00+0200,179.32,EUR/MWh,ES,ES,imbalance_price,Short,2026-09-10T20:16:00Z
2026-09-10T20:13:39Z,2026-09-10T22:13:39+0200,e039fd7a-370f-4751-ae35-4bab387b3e13,2026-09-07T04:45:00Z,2026-09-07T06:45:00+0200,146.93,EUR/MWh,ES,ES,imbalance_price,Long,2026-09-10T20:16:00Z
2026-09-10T20:13:39Z,2026-09-10T22:13:39+0200,e039fd7a-370f-4751-ae35-4bab387b3e13,2026-09-07T04:45:00Z,2026-09-07T06:45:00+0200,180.29,EUR/MWh,ES,ES,imbalance_price,Short,2026-09-10T20:16:00Z
2026-09-10T20:13:39Z,2026-09-10T22:13:39+0200,e039fd7a-370f-4751-ae35-4bab387b3e13,2026-09-07T05:00:00Z,2026-09-07T07:00:00+0200,157.69,EUR/MWh,ES,ES,imbalance_price,Long,2026-09-10T20:16:00Z
2026-09-10T20:13:39Z,2026-09-10T22:13:39+0200,e039fd7a-370f-4751-ae35-4bab387b3e13,2026-09-07T05:00:00Z,2026-09-07T07:00:00+0200,181.66,EUR/MWh,ES,ES,imbalance_price,Short,2026-09-10T20:16:00Z
2026-09-10T20:13:39Z,2026-09-10T22:13:39+0200,e039fd7a-370f-4751-ae35-4bab387b3e13,2026-09-07T05:15:00Z,2026-09-07T07:15:00+0200,175.23,EUR/MWh,ES,ES,imbalance_price,Long,2026-09-10T20:16:00Z
2026-09-10T20:13:39Z,2026-09-10T22:13:39+0200,e039fd7a-370f-4751-ae35-4bab387b3e13,2026-09-07T05:15:00Z,2026-09-07T07:15:00+0200,179.21,EUR/MWh,ES,ES,imbalance_price,Short,2026-09-10T20:16:00Z
2026-09-10T20:13:39Z,2026-09-10T22:13:39+0200,e039fd7a-370f-4751-ae35-4bab387b3e13,2026-09-07T05:30:00Z,2026-09-07T07:30:00+0200,178.72,EUR/MWh,ES,ES,imbalance_price,Long,2026-09-10T20:16:00Z
2026-09-10T20:13:39Z,2026-09-10T22:13:39+0200,e039fd7a-370f-4751-ae35-4bab387b3e13,2026-09-07T05:30:00Z,2026-09-07T07:30:00+0200,178.72,EUR/MWh,ES,ES,imbalance_price,Short,2026-09-10T20:16:00Z
2026-09-10T20:13:39Z,2026-09-10T22:13:39+0200,e039fd7a-370f-4751-ae35-4bab387b3e13,2026-09-07T05:45:00Z,2026-09-07T07:45:00+0200,181.45,EUR/MWh,ES,ES,imbalance_price,Long,2026-09-10T20:16:00Z
2026-09-10T20:13:39Z,2026-09-10T22:13:39+0200,e039fd7a-370f-4751-ae35-4bab387b3e13,2026-09-07T05:45:00Z,2026-09-07T07:45:00+0200,181.45,EUR/MWh,ES,ES,imbalance_price,Short,2026-09-10T20:16:00Z
2026-09-10T20:13:39Z,2026-09-10T22:13:39+0200,e039fd7a-370f-4751-ae35-4bab387b3e13,2026-09-07T06:00:00Z,2026-09-07T08:00:00+0200,185.68,EUR/MWh,ES,ES,imbalance_price,Long,2026-09-10T20:16:00Z
2026-09-10T20:13:39Z,2026-09-10T22:13:39+0200,e039fd7a-370f-4751-ae35-4bab387b3e13,2026-09-07T06:00:00Z,2026-09-07T08:00:00+0200,185.68,EUR/MWh,ES,ES,imbalance_price,Short,2026-09-10T20:16:00Z
2026-09-10T20:13:39Z,2026-09-10T22:13:39+0200,e039fd7a-370f-4751-ae35-4bab387b3e13,2026-09-07T06:15:00Z,2026-09-07T08:15:00+0200,181.59,EUR/MWh,ES,ES,imbalance_price,Long,2026-09-10T20:16:00Z
2026-09-10T20:13:39Z,2026-09-10T22:13:39+0200,e039fd7a-370f-4751-ae35-4bab387b3e13,2026-09-07T06:15:00Z,2026-09-07T08:15:00+0200,181.59,EUR/MWh,ES,ES,imbalance_price,Short,2026-09-10T20:16:00Z
2026-09-10T20:13:39Z,2026-09-10T22:13:39+0200,e039fd7a-370f-4751-ae35-4bab387b3e13,2026-09-07T06:30:00Z,2026-09-07T08:30:00+0200,151.18,EUR/MWh,ES,ES,imbalance_price,Long,2026-09-10T20:16:00Z
2026-09-10T20:13:39Z,2026-09-10T22:13:39+0200,e039fd7a-370f-4751-ae35-4bab387b3e13,2026-09-07T06:30:00Z,2026-09-07T08:30:00+0200,182.74,EUR/MWh,ES,ES,imbalance_price,Short,2026-09-10T20:16:00Z
2026-09-10T20:13:39Z,2026-09-10T22:13:39+0200,e039fd7a-370f-4751-ae35-4bab387b3e13,2026-09-07T06:45:00Z,2026-09-07T08:45:00+0200,131.79,EUR/MWh,ES,ES,imbalance_price,Long,2026-09-10T20:16:00Z
2026-09-10T20:13:39Z,2026-09-10T22:13:39+0200,e039fd7a-370f-4751-ae35-4bab387b3e13,2026-09-07T06:45:00Z,2026-09-07T08:45:00+0200,181.82,EUR/MWh,ES,ES,imbalance_price,Short,2026-09-10T20:16:00Z
2026-09-10T20:13:39Z,2026-09-10T22:13:39+0200,e039fd7a-370f-4751-ae35-4bab387b3e13,2026-09-07T07:00:00Z,2026-09-07T09:00:00+0200,100.58,EUR/MWh,ES,ES,imbalance_price,Long,2026-09-10T20:16:00Z
2026-09-10T20:13:39Z,2026-09-10T22:13:39+0200,e039fd7a-370f-4751-ae35-4bab387b3e13,2026-09-07T07:00:00Z,2026-09-07T09:00:00+0200,192.46,EUR/MWh,ES,ES,imbalance_price,Short,2026-09-10T20:16:00Z
2026-09-10T20:13:39Z,2026-09-10T22:13:39+0200,e039fd7a-370f-4751-ae35-4bab387b3e13,2026-09-07T07:15:00Z,2026-09-07T09:15:00+0200,146.72,EUR/MWh,ES,ES,imbalance_price,Long,2026-09-10T20:16:00Z
2026-09-10T20:13:39Z,2026-09-10T22:13:39+0200,e039fd7a-370f-4751-ae35-4bab387b3e13,2026-09-07T07:15:00Z,2026-09-07T09:15:00+0200,163.61,EUR/MWh,ES,ES,imbalance_price,Short,2026-09-10T20:16:00Z
2026-09-10T20:13:39Z,2026-09-10T22:13:39+0200,e039fd7a-370f-4751-ae35-4bab387b3e13,2026-09-07T07:30:00Z,2026-09-07T09:30:00+0200,3.07,EUR/MWh,ES,ES,imbalance_price,Long,2026-09-10T20:16:00Z
2026-09-10T20:13:39Z,2026-09-10T22:13:39+0200,e039fd7a-370f-4751-ae35-4bab387b3e13,2026-09-07T07:30:00Z,2026-09-07T09:30:00+0200,182.06,EUR/MWh,ES,ES,imbalance_price,Short,2026-09-10T20:16:00Z
2026-09-10T20:13:39Z,2026-09-10T22:13:39+0200,e039fd7a-370f-4751-ae35-4bab387b3e13,2026-09-07T07:45:00Z,2026-09-07T09:45:00+0200,3.76,EUR/MWh,ES,ES,imbalance_price,Long,2026-09-10T20:16:00Z
2026-09-10T20:13:39Z,2026-09-10T22:13:39+0200,e039fd7a-370f-4751-ae35-4bab387b3e13,2026-09-07T07:45:00Z,2026-09-07T09:45:00+0200,148.62,EUR/MWh,ES,ES,imbalance_price,Short,2026-09-10T20:16:00Z
2026-09-10T20:13:39Z,2026-09-10T22:13:39+0200,e039fd7a-370f-4751-ae35-4bab387b3e13,2026-09-07T08:00:00Z,2026-09-07T10:00:00+0200,65.44,EUR/MWh,ES,ES,imbalance_price,Long,2026-09-10T20:16:00Z
2026-09-10T20:13:39Z,2026-09-10T22:13:39+0200,e039fd7a-370f-4751-ae35-4bab387b3e13,2026-09-07T08:00:00Z,2026-09-07T10:00:00+0200,198.01,EUR/MWh,ES,ES,imbalance_price,Short,2026-09-10T20:16:00Z
2026-09-10T20:13:39Z,2026-09-10T22:13:39+0200,e039fd7a-370f-4751-ae35-4bab387b3e13,2026-09-07T08:15:00Z,2026-09-07T10:15:00+0200,65.9,EUR/MWh,ES,ES,imbalance_price,Long,2026-09-10T20:16:00Z
2026-09-10T20:13:39Z,2026-09-10T22:13:39+0200,e039fd7a-370f-4751-ae35-4bab387b3e13,2026-09-07T08:15:00Z,2026-09-07T10:15:00+0200,198.72,EUR/MWh,ES,ES,imbalance_price,Short,2026-09-10T20:16:00Z
2026-09-10T20:13:39Z,2026-09-10T22:13:39+0200,e039fd7a-370f-4751-ae35-4bab387b3e13,2026-09-07T08:30:00Z,2026-09-07T10:30:00+0200,155.25,EUR/MWh,ES,ES,imbalance_price,Long,2026-09-10T20:16:00Z
2026-09-10T20:13:39Z,2026-09-10T22:13:39+0200,e039fd7a-370f-4751-ae35-4bab387b3e13,2026-09-07T08:30:00Z,2026-09-07T10:30:00+0200,155.25,EUR/MWh,ES,ES,imbalance_price,Short,2026-09-10T20:16:00Z
2026-09-10T20:13:39Z,2026-09-10T22:13:39+0200,e039fd7a-370f-4751-ae35-4bab387b3e13,2026-09-07T08:45:00Z,2026-09-07T10:45:00+0200,89.4,EUR/MWh,ES,ES,imbalance_price,Long,2026-09-10T20:16:00Z
2026-09-10T20:13:39Z,2026-09-10T22:13:39+0200,e039fd7a-370f-4751-ae35-4bab387b3e13,2026-09-07T08:45:00Z,2026-09-07T10:45:00+0200,139.55,EUR/MWh,ES,ES,imbalance_price,Short,2026-09-10T20:16:00Z
2026-09-10T20:13:39Z,2026-09-10T22:13:39+0200,e039fd7a-370f-4751-ae35-4bab387b3e13,2026-09-07T09:00:00Z,2026-09-07T11:00:00+0200,60.19,EUR/MWh,ES,ES,imbalance_price,Long,2026-09-10T20:16:00Z
2026-09-10T20:13:39Z,2026-09-10T22:13:39+0200,e039fd7a-370f-4751-ae35-4bab387b3e13,2026-09-07T09:00:00Z,2026-09-07T11:00:00+0200,157.58,EUR/MWh,ES,ES,imbalance_price,Short,2026-09-10T20:16:00Z
2026-09-10T20:13:39Z,2026-09-10T22:13:39+0200,e039fd7a-370f-4751-ae35-4bab387b3e13,2026-09-07T09:15:00Z,2026-09-07T11:15:00+0200,64.34,EUR/MWh,ES,ES,imbalance_price,Long,2026-09-10T20:16:00Z
2026-09-10T20:13:39Z,2026-09-10T22:13:39+0200,e039fd7a-370f-4751-ae35-4bab387b3e13,2026-09-07T09:15:00Z,2026-09-07T11:15:00+0200,150.77,EUR/MWh,ES,ES,imbalance_price,Short,2026-09-10T20:16:00Z
2026-09-10T20:13:39Z,2026-09-10T22:13:39+0200,e039fd7a-370f-4751-ae35-4bab387b3e13,2026-09-07T09:30:00Z,2026-09-07T11:30:00+0200,21.36,EUR/MWh,ES,ES,imbalance_price,Long,2026-09-10T20:16:00Z
2026-09-10T20:13:39Z,2026-09-10T22:13:39+0200,e039fd7a-370f-4751-ae35-4bab387b3e13,2026-09-07T09:30:00Z,2026-09-07T11:30:00+0200,104.48,EUR/MWh,ES,ES,imbalance_price,Short,2026-09-10T20:16:00Z
2026-09-10T20:13:39Z,2026-09-10T22:13:39+0200,e039fd7a-370f-4751-ae35-4bab387b3e13,2026-09-07T09:45:00Z,2026-09-07T11:45:00+0200,24.93,EUR/MWh,ES,ES,imbalance_price,Long,2026-09-10T20:16:00Z
2026-09-10T20:13:39Z,2026-09-10T22:13:39+0200,e039fd7a-370f-4751-ae35-4bab387b3e13,2026-09-07T09:45:00Z,2026-09-07T11:45:00+0200,110.39,EUR/MWh,ES,ES,imbalance_price,Short,2026-09-10T20:16:00Z
2026-09-10T20:13:39Z,2026-09-10T22:13:39+0200,e039fd7a-370f-4751-ae35-4bab387b3e13,2026-09-07T10:00:00Z,2026-09-07T12:00:00+0200,86.75,EUR/MWh,ES,ES,imbalance_price,Long,2026-09-10T20:16:00Z
2026-09-10T20:13:39Z,2026-09-10T22:13:39+0200,e039fd7a-370f-4751-ae35-4bab387b3e13,2026-09-07T10:00:00Z,2026-09-07T12:00:00+0200,201.67,EUR/MWh,ES,ES,imbalance_price,Short,2026-09-10T20:16:00Z
2026-09-10T20:13:39Z,2026-09-10T22:13:39+0200,e039fd7a-370f-4751-ae35-4bab387b3e13,2026-09-07T10:15:00Z,2026-09-07T12:15:00+0200,9.71,EUR/MWh,ES,ES,imbalance_price,Long,2026-09-10T20:16:00Z
2026-09-10T20:13:39Z,2026-09-10T22:13:39+0200,e039fd7a-370f-4751-ae35-4bab387b3e13,2026-09-07T10:15:00Z,2026-09-07T12:15:00+0200,156.78,EUR/MWh,ES,ES,imbalance_price,Short,2026-09-10T20:16:00Z
2026-09-10T20:13:39Z,2026-09-10T22:13:39+0200,e039fd7a-370f-4751-ae35-4bab387b3e13,2026-09-07T10:30:00Z,2026-09-07T12:30:00+0200,139.13,EUR/MWh,ES,ES,imbalance_price,Long,2026-09-10T20:16:00Z
2026-09-10T20:13:39Z,2026-09-10T22:13:39+0200,e039fd7a-370f-4751-ae35-4bab387b3e13,2026-09-07T10:30:00Z,2026-09-07T12:30:00+0200,139.13,EUR/MWh,ES,ES,imbalance_price,Short,2026-09-10T20:16:00Z
2026-09-10T20:13:39Z,2026-09-10T22:13:39+0200,e039fd7a-370f-4751-ae35-4bab387b3e13,2026-09-07T10:45:00Z,2026-09-07T12:45:00+0200,135.64,EUR/MWh,ES,ES,imbalance_price,Long,2026-09-10T20:16:00Z
2026-09-10T20:13:39Z,2026-09-10T22:13:39+0200,e039fd7a-370f-4751-ae35-4bab387b3e13,2026-09-07T10:45:00Z,2026-09-07T12:45:00+0200,135.64,EUR/MWh,ES,ES,imbalance_price,Short,2026-09-10T20:16:00Z
2026-09-10T20:13:39Z,2026-09-10T22:13:39+0200,e039fd7a-370f-4751-ae35-4bab387b3e13,2026-09-07T11:00:00Z,2026-09-07T13:00:00+0200,5.85,EUR/MWh,ES,ES,imbalance_price,Long,2026-09-10T20:16:00Z
2026-09-10T20:13:39Z,2026-09-10T22:13:39+0200,e039fd7a-370f-4751-ae35-4bab387b3e13,2026-09-07T11:00:00Z,2026-09-07T13:00:00+0200,146.19,EUR/MWh,ES,ES,imbalance_price,Short,2026-09-10T20:16:00Z
2026-09-10T20:13:39Z,2026-09-10T22:13:39+0200,e039fd7a-370f-4751-ae35-4bab387b3e13,2026-09-07T11:15:00Z,2026-09-07T13:15:00+0200,0.28,EUR/MWh,ES,ES,imbalance_price,Long,2026-09-10T20:16:00Z
2026-09-10T20:13:39Z,2026-09-10T22:13:39+0200,e039fd7a-370f-4751-ae35-4bab387b3e13,2026-09-07T11:15:00Z,2026-09-07T13:15:00+0200,151.72,EUR/MWh,ES,ES,imbalance_price,Short,2026-09-10T20:16:00Z
2026-09-10T20:13:39Z,2026-09-10T22:13:39+0200,e039fd7a-370f-4751-ae35-4bab387b3e13,2026-09-07T11:30:00Z,2026-09-07T13:30:00+0200,-1.16,EUR/MWh,ES,ES,imbalance_price,Long,2026-09-10T20:16:00Z
2026-09-10T20:13:39Z,2026-09-10T22:13:39+0200,e039fd7a-370f-4751-ae35-4bab387b3e13,2026-09-07T11:30:00Z,2026-09-07T13:30:00+0200,103.44,EUR/MWh,ES,ES,imbalance_price,Short,2026-09-10T20:16:00Z
2026-09-10T20:13:39Z,2026-09-10T22:13:39+0200,e039fd7a-370f-4751-ae35-4bab387b3e13,2026-09-07T11:45:00Z,2026-09-07T13:45:00+0200,0.52,EUR/MWh,ES,ES,imbalance_price,Long,2026-09-10T20:16:00Z
2026-09-10T20:13:39Z,2026-09-10T22:13:39+0200,e039fd7a-370f-4751-ae35-4bab387b3e13,2026-09-07T11:45:00Z,2026-09-07T13:45:00+0200,96.66,EUR/MWh,ES,ES,imbalance_price,Short,2026-09-10T20:16:00Z
2026-09-10T20:13:39Z,2026-09-10T22:13:39+0200,e039fd7a-370f-4751-ae35-4bab387b3e13,2026-09-07T12:00:00Z,2026-09-07T14:00:00+0200,2.99,EUR/MWh,ES,ES,imbalance_price,Long,2026-09-10T20:16:00Z
2026-09-10T20:13:39Z,2026-09-10T22:13:39+0200,e039fd7a-370f-4751-ae35-4bab387b3e13,2026-09-07T12:00:00Z,2026-09-07T14:00:00+0200,101.82,EUR/MWh,ES,ES,imbalance_price,Short,2026-09-10T20:16:00Z
2026-09-10T20:13:39Z,2026-09-10T22:13:39+0200,e039fd7a-370f-4751-ae35-4bab387b3e13,2026-09-07T12:15:00Z,2026-09-07T14:15:00+0200,12.42,EUR/MWh,ES,ES,imbalance_price,Long,2026-09-10T20:16:00Z
2026-09-10T20:13:39Z,2026-09-10T22:13:39+0200,e039fd7a-370f-4751-ae35-4bab387b3e13,2026-09-07T12:15:00Z,2026-09-07T14:15:00+0200,98.68,EUR/MWh,ES,ES,imbalance_price,Short,2026-09-10T20:16:00Z
2026-09-10T20:13:39Z,2026-09-10T22:13:39+0200,e039fd7a-370f-4751-ae35-4bab387b3e13,2026-09-07T12:30:00Z,2026-09-07T14:30:00+0200,0.04,EUR/MWh,ES,ES,imbalance_price,Long,2026-09-10T20:16:00Z
2026-09-10T20:13:39Z,2026-09-10T22:13:39+0200,e039fd7a-370f-4751-ae35-4bab387b3e13,2026-09-07T12:30:00Z,2026-09-07T14:30:00+0200,100.5,EUR/MWh,ES,ES,imbalance_price,Short,2026-09-10T20:16:00Z
2026-09-10T20:13:39Z,2026-09-10T22:13:39+0200,e039fd7a-370f-4751-ae35-4bab387b3e13,2026-09-07T12:45:00Z,2026-09-07T14:45:00+0200,0.04,EUR/MWh,ES,ES,imbalance_price,Long,2026-09-10T20:16:00Z
2026-09-10T20:13:39Z,2026-09-10T22:13:39+0200,e039fd7a-370f-4751-ae35-4bab387b3e13,2026-09-07T12:45:00Z,2026-09-07T14:45:00+0200,105.03,EUR/MWh,ES,ES,imbalance_price,Short,2026-09-10T20:16:00Z
2026-09-10T20:13:39Z,2026-09-10T22:13:39+0200,e039fd7a-370f-4751-ae35-4bab387b3e13,2026-09-07T13:00:00Z,2026-09-07T15:00:00+0200,0.09,EUR/MWh,ES,ES,imbalance_price,Long,2026-09-10T20:16:00Z
2026-09-10T20:13:39Z,2026-09-10T22:13:39+0200,e039fd7a-370f-4751-ae35-4bab387b3e13,2026-09-07T13:00:00Z,2026-09-07T15:00:00+0200,107.95,EUR/MWh,ES,ES,imbalance_price,Short,2026-09-10T20:16:00Z
2026-09-10T20:13:39Z,2026-09-10T22:13:39+0200,e039fd7a-370f-4751-ae35-4bab387b3e13,2026-09-07T13:15:00Z,2026-09-07T15:15:00+0200,0.14,EUR/MWh,ES,ES,imbalance_price,Long,2026-09-10T20:16:00Z
2026-09-10T20:13:39Z,2026-09-10T22:13:39+0200,e039fd7a-370f-4751-ae35-4bab387b3e13,2026-09-07T13:15:00Z,2026-09-07T15:15:00+0200,163.16,EUR/MWh,ES,ES,imbalance_price,Short,2026-09-10T20:16:00Z
2026-09-10T20:13:39Z,2026-09-10T22:13:39+0200,e039fd7a-370f-4751-ae35-4bab387b3e13,2026-09-07T13:30:00Z,2026-09-07T15:30:00+0200,-0.13,EUR/MWh,ES,ES,imbalance_price,Long,2026-09-10T20:16:00Z
2026-09-10T20:13:39Z,2026-09-10T22:13:39+0200,e039fd7a-370f-4751-ae35-4bab387b3e13,2026-09-07T13:30:00Z,2026-09-07T15:30:00+0200,167.47,EUR/MWh,ES,ES,imbalance_price,Short,2026-09-10T20:16:00Z
2026-09-10T20:13:39Z,2026-09-10T22:13:39+0200,e039fd7a-370f-4751-ae35-4bab387b3e13,2026-09-07T13:45:00Z,2026-09-07T15:45:00+0200,-2.86,EUR/MWh,ES,ES,imbalance_price,Long,2026-09-10T20:16:00Z
2026-09-10T20:13:39Z,2026-09-10T22:13:39+0200,e039fd7a-370f-4751-ae35-4bab387b3e13,2026-09-07T13:45:00Z,2026-09-07T15:45:00+0200,164.84,EUR/MWh,ES,ES,imbalance_price,Short,2026-09-10T20:16:00Z
2026-09-10T20:13:39Z,2026-09-10T22:13:39+0200,e039fd7a-370f-4751-ae35-4bab387b3e13,2026-09-07T14:00:00Z,2026-09-07T16:00:00+0200,21.37,EUR/MWh,ES,ES,imbalance_price,Long,2026-09-10T20:16:00Z
2026-09-10T20:13:39Z,2026-09-10T22:13:39+0200,e039fd7a-370f-4751-ae35-4bab387b3e13,2026-09-07T14:00:00Z,2026-09-07T16:00:00+0200,132.82,EUR/MWh,ES,ES,imbalance_price,Short,2026-09-10T20:16:00Z
2026-09-10T20:13:39Z,2026-09-10T22:13:39+0200,e039fd7a-370f-4751-ae35-4bab387b3e13,2026-09-07T14:15:00Z,2026-09-07T16:15:00+0200,172.25,EUR/MWh,ES,ES,imbalance_price,Long,2026-09-10T20:16:00Z
2026-09-10T20:13:39Z,2026-09-10T22:13:39+0200,e039fd7a-370f-4751-ae35-4bab387b3e13,2026-09-07T14:15:00Z,2026-09-07T16:15:00+0200,172.25,EUR/MWh,ES,ES,imbalance_price,Short,2026-09-10T20:16:00Z
2026-09-10T20:13:39Z,2026-09-10T22:13:39+0200,e039fd7a-370f-4751-ae35-4bab387b3e13,2026-09-07T14:30:00Z,2026-09-07T16:30:00+0200,182.59,EUR/MWh,ES,ES,imbalance_price,Long,2026-09-10T20:16:00Z
2026-09-10T20:13:39Z,2026-09-10T22:13:39+0200,e039fd7a-370f-4751-ae35-4bab387b3e13,2026-09-07T14:30:00Z,2026-09-07T16:30:00+0200,182.59,EUR/MWh,ES,ES,imbalance_price,Short,2026-09-10T20:16:00Z
2026-09-10T20:13:39Z,2026-09-10T22:13:39+0200,e039fd7a-370f-4751-ae35-4bab387b3e13,2026-09-07T14:45:00Z,2026-09-07T16:45:00+0200,169.29,EUR/MWh,ES,ES,imbalance_price,Long,2026-09-10T20:16:00Z
2026-09-10T20:13:39Z,2026-09-10T22:13:39+0200,e039fd7a-370f-4751-ae35-4bab387b3e13,2026-09-07T14:45:00Z,2026-09-07T16:45:00+0200,169.29,EUR/MWh,ES,ES,imbalance_price,Short,2026-09-10T20:16:00Z
2026-09-10T20:13:39Z,2026-09-10T22:13:39+0200,e039fd7a-370f-4751-ae35-4bab387b3e13,2026-09-07T15:00:00Z,2026-09-07T17:00:00+0200,153.27,EUR/MWh,ES,ES,imbalance_price,Long,2026-09-10T20:16:00Z
2026-09-10T20:13:39Z,2026-09-10T22:13:39+0200,e039fd7a-370f-4751-ae35-4bab387b3e13,2026-09-07T15:00:00Z,2026-09-07T17:00:00+0200,153.27,EUR/MWh,ES,ES,imbalance_price,Short,2026-09-10T20:16:00Z
2026-09-10T20:13:39Z,2026-09-10T22:13:39+0200,e039fd7a-370f-4751-ae35-4bab387b3e13,2026-09-07T15:15:00Z,2026-09-07T17:15:00+0200,72.94,EUR/MWh,ES,ES,imbalance_price,Long,2026-09-10T20:16:00Z
2026-09-10T20:13:39Z,2026-09-10T22:13:39+0200,e039fd7a-370f-4751-ae35-4bab387b3e13,2026-09-07T15:15:00Z,2026-09-07T17:15:00+0200,225.77,EUR/MWh,ES,ES,imbalance_price,Short,2026-09-10T20:16:00Z
2026-09-10T20:13:39Z,2026-09-10T22:13:39+0200,e039fd7a-370f-4751-ae35-4bab387b3e13,2026-09-07T15:30:00Z,2026-09-07T17:30:00+0200,75.65,EUR/MWh,ES,ES,imbalance_price,Long,2026-09-10T20:16:00Z
2026-09-10T20:13:39Z,2026-09-10T22:13:39+0200,e039fd7a-370f-4751-ae35-4bab387b3e13,2026-09-07T15:30:00Z,2026-09-07T17:30:00+0200,230.61,EUR/MWh,ES,ES,imbalance_price,Short,2026-09-10T20:16:00Z
2026-09-10T20:13:39Z,2026-09-10T22:13:39+0200,e039fd7a-370f-4751-ae35-4bab387b3e13,2026-09-07T15:45:00Z,2026-09-07T17:45:00+0200,7.59,EUR/MWh,ES,ES,imbalance_price,Long,2026-09-10T20:16:00Z
2026-09-10T20:13:39Z,2026-09-10T22:13:39+0200,e039fd7a-370f-4751-ae35-4bab387b3e13,2026-09-07T15:45:00Z,2026-09-07T17:45:00+0200,221.78,EUR/MWh,ES,ES,imbalance_price,Short,2026-09-10T20:16:00Z
2026-09-10T20:13:39Z,2026-09-10T22:13:39+0200,e039fd7a-370f-4751-ae35-4bab387b3e13,2026-09-07T16:00:00Z,2026-09-07T18:00:00+0200,81.66,EUR/MWh,ES,ES,imbalance_price,Long,2026-09-10T20:16:00Z
2026-09-10T20:13:39Z,2026-09-10T22:13:39+0200,e039fd7a-370f-4751-ae35-4bab387b3e13,2026-09-07T16:00:00Z,2026-09-07T18:00:00+0200,402.79,EUR/MWh,ES,ES,imbalance_price,Short,2026-09-10T20:16:00Z
2026-09-10T20:13:39Z,2026-09-10T22:13:39+0200,e039fd7a-370f-4751-ae35-4bab387b3e13,2026-09-07T16:15:00Z,2026-09-07T18:15:00+0200,35.5,EUR/MWh,ES,ES,imbalance_price,Long,2026-09-10T20:16:00Z
2026-09-10T20:13:39Z,2026-09-10T22:13:39+0200,e039fd7a-370f-4751-ae35-4bab387b3e13,2026-09-07T16:15:00Z,2026-09-07T18:15:00+0200,371.8,EUR/MWh,ES,ES,imbalance_price,Short,2026-09-10T20:16:00Z
2026-09-10T20:13:39Z,2026-09-10T22:13:39+0200,e039fd7a-370f-4751-ae35-4bab387b3e13,2026-09-07T16:30:00Z,2026-09-07T18:30:00+0200,62.3,EUR/MWh,ES,ES,imbalance_price,Long,2026-09-10T20:16:00Z
2026-09-10T20:13:39Z,2026-09-10T22:13:39+0200,e039fd7a-370f-4751-ae35-4bab387b3e13,2026-09-07T16:30:00Z,2026-09-07T18:30:00+0200,191.18,EUR/MWh,ES,ES,imbalance_price,Short,2026-09-10T20:16:00Z
2026-09-10T20:13:39Z,2026-09-10T22:13:39+0200,e039fd7a-370f-4751-ae35-4bab387b3e13,2026-09-07T16:45:00Z,2026-09-07T18:45:00+0200,204.86,EUR/MWh,ES,ES,imbalance_price,Long,2026-09-10T20:16:00Z
2026-09-10T20:13:39Z,2026-09-10T22:13:39+0200,e039fd7a-370f-4751-ae35-4bab387b3e13,2026-09-07T16:45:00Z,2026-09-07T18:45:00+0200,204.86,EUR/MWh,ES,ES,imbalance_price,Short,2026-09-10T20:16:00Z
2026-09-10T20:13:39Z,2026-09-10T22:13:39+0200,e039fd7a-370f-4751-ae35-4bab387b3e13,2026-09-07T17:00:00Z,2026-09-07T19:00:00+0200,191.66,EUR/MWh,ES,ES,imbalance_price,Long,2026-09-10T20:16:00Z
2026-09-10T20:13:39Z,2026-09-10T22:13:39+0200,e039fd7a-370f-4751-ae35-4bab387b3e13,2026-09-07T17:00:00Z,2026-09-07T19:00:00+0200,191.66,EUR/MWh,ES,ES,imbalance_price,Short,2026-09-10T20:16:00Z
2026-09-10T20:13:39Z,2026-09-10T22:13:39+0200,e039fd7a-370f-4751-ae35-4bab387b3e13,2026-09-07T17:15:00Z,2026-09-07T19:15:00+0200,203.77,EUR/MWh,ES,ES,imbalance_price,Long,2026-09-10T20:16:00Z
2026-09-10T20:13:39Z,2026-09-10T22:13:39+0200,e039fd7a-370f-4751-ae35-4bab387b3e13,2026-09-07T17:15:00Z,2026-09-07T19:15:00+0200,203.77,EUR/MWh,ES,ES,imbalance_price,Short,2026-09-10T20:16:00Z
2026-09-10T20:13:39Z,2026-09-10T22:13:39+0200,e039fd7a-370f-4751-ae35-4bab387b3e13,2026-09-07T17:30:00Z,2026-09-07T19:30:00+0200,236.55,EUR/MWh,ES,ES,imbalance_price,Long,2026-09-10T20:16:00Z
2026-09-10T20:13:39Z,2026-09-10T22:13:39+0200,e039fd7a-370f-4751-ae35-4bab387b3e13,2026-09-07T17:30:00Z,2026-09-07T19:30:00+0200,236.55,EUR/MWh,ES,ES,imbalance_price,Short,2026-09-10T20:16:00Z
2026-09-10T20:13:39Z,2026-09-10T22:13:39+0200,e039fd7a-370f-4751-ae35-4bab387b3e13,2026-09-07T17:45:00Z,2026-09-07T19:45:00+0200,251.26,EUR/MWh,ES,ES,imbalance_price,Long,2026-09-10T20:16:00Z
2026-09-10T20:13:39Z,2026-09-10T22:13:39+0200,e039fd7a-370f-4751-ae35-4bab387b3e13,2026-09-07T17:45:00Z,2026-09-07T19:45:00+0200,251.26,EUR/MWh,ES,ES,imbalance_price,Short,2026-09-10T20:16:00Z
2026-09-10T20:13:39Z,2026-09-10T22:13:39+0200,e039fd7a-370f-4751-ae35-4bab387b3e13,2026-09-07T18:00:00Z,2026-09-07T20:00:00+0200,267.75,EUR/MWh,ES,ES,imbalance_price,Long,2026-09-10T20:16:00Z
2026-09-10T20:13:39Z,2026-09-10T22:13:39+0200,e039fd7a-370f-4751-ae35-4bab387b3e13,2026-09-07T18:00:00Z,2026-09-07T20:00:00+0200,267.75,EUR/MWh,ES,ES,imbalance_price,Short,2026-09-10T20:16:00Z
2026-09-10T20:13:39Z,2026-09-10T22:13:39+0200,e039fd7a-370f-4751-ae35-4bab387b3e13,2026-09-07T18:15:00Z,2026-09-07T20:15:00+0200,251.05,EUR/MWh,ES,ES,imbalance_price,Long,2026-09-10T20:16:00Z
2026-09-10T20:13:39Z,2026-09-10T22:13:39+0200,e039fd7a-370f-4751-ae35-4bab387b3e13,2026-09-07T18:15:00Z,2026-09-07T20:15:00+0200,251.05,EUR/MWh,ES,ES,imbalance_price,Short,2026-09-10T20:16:00Z
2026-09-10T20:13:39Z,2026-09-10T22:13:39+0200,e039fd7a-370f-4751-ae35-4bab387b3e13,2026-09-07T18:30:00Z,2026-09-07T20:30:00+0200,240.29,EUR/MWh,ES,ES,imbalance_price,Long,2026-09-10T20:16:00Z
2026-09-10T20:13:39Z,2026-09-10T22:13:39+0200,e039fd7a-370f-4751-ae35-4bab387b3e13,2026-09-07T18:30:00Z,2026-09-07T20:30:00+0200,240.29,EUR/MWh,ES,ES,imbalance_price,Short,2026-09-10T20:16:00Z
2026-09-10T20:13:39Z,2026-09-10T22:13:39+0200,e039fd7a-370f-4751-ae35-4bab387b3e13,2026-09-07T18:45:00Z,2026-09-07T20:45:00+0200,290.57,EUR/MWh,ES,ES,imbalance_price,Long,2026-09-10T20:16:00Z
2026-09-10T20:13:39Z,2026-09-10T22:13:39+0200,e039fd7a-370f-4751-ae35-4bab387b3e13,2026-09-07T18:45:00Z,2026-09-07T20:45:00+0200,290.57,EUR/MWh,ES,ES,imbalance_price,Short,2026-09-10T20:16:00Z
2026-09-10T20:13:39Z,2026-09-10T22:13:39+0200,e039fd7a-370f-4751-ae35-4bab387b3e13,2026-09-07T19:00:00Z,2026-09-07T21:00:00+0200,312.54,EUR/MWh,ES,ES,imbalance_price,Long,2026-09-10T20:16:00Z
2026-09-10T20:13:39Z,2026-09-10T22:13:39+0200,e039fd7a-370f-4751-ae35-4bab387b3e13,2026-09-07T19:00:00Z,2026-09-07T21:00:00+0200,312.54,EUR/MWh,ES,ES,imbalance_price,Short,2026-09-10T20:16:00Z
2026-09-10T20:13:39Z,2026-09-10T22:13:39+0200,e039fd7a-370f-4751-ae35-4bab387b3e13,2026-09-07T19:15:00Z,2026-09-07T21:15:00+0200,190.75,EUR/MWh,ES,ES,imbalance_price,Long,2026-09-10T20:16:00Z
2026-09-10T20:13:39Z,2026-09-10T22:13:39+0200,e039fd7a-370f-4751-ae35-4bab387b3e13,2026-09-07T19:15:00Z,2026-09-07T21:15:00+0200,269.53,EUR/MWh,ES,ES,imbalance_price,Short,2026-09-10T20:16:00Z
2026-09-10T20:13:39Z,2026-09-10T22:13:39+0200,e039fd7a-370f-4751-ae35-4bab387b3e13,2026-09-07T19:30:00Z,2026-09-07T21:30:00+0200,250.63,EUR/MWh,ES,ES,imbalance_price,Long,2026-09-10T20:16:00Z
2026-09-10T20:13:39Z,2026-09-10T22:13:39+0200,e039fd7a-370f-4751-ae35-4bab387b3e13,2026-09-07T19:30:00Z,2026-09-07T21:30:00+0200,250.63,EUR/MWh,ES,ES,imbalance_price,Short,2026-09-10T20:16:00Z
2026-09-10T20:13:39Z,2026-09-10T22:13:39+0200,e039fd7a-370f-4751-ae35-4bab387b3e13,2026-09-07T19:45:00Z,2026-09-07T21:45:00+0200,237.28,EUR/MWh,ES,ES,imbalance_price,Long,2026-09-10T20:16:00Z
2026-09-10T20:13:39Z,2026-09-10T22:13:39+0200,e039fd7a-370f-4751-ae35-4bab387b3e13,2026-09-07T19:45:00Z,2026-09-07T21:45:00+0200,237.28,EUR/MWh,ES,ES,imbalance_price,Short,2026-09-10T20:16:00Z
2026-09-10T20:13:39Z,2026-09-10T22:13:39+0200,e039fd7a-370f-4751-ae35-4bab387b3e13,2026-09-07T20:00:00Z,2026-09-07T22:00:00+0200,220.58,EUR/MWh,ES,ES,imbalance_price,Long,2026-09-10T20:16:00Z
2026-09-10T20:13:39Z,2026-09-10T22:13:39+0200,e039fd7a-370f-4751-ae35-4bab387b3e13,2026-09-07T20:00:00Z,2026-09-07T22:00:00+0200,220.58,EUR/MWh,ES,ES,imbalance_price,Short,2026-09-10T20:16:00Z
2026-09-10T20:13:39Z,2026-09-10T22:13:39+0200,e039fd7a-370f-4751-ae35-4bab387b3e13,2026-09-07T20:15:00Z,2026-09-07T22:15:00+0200,101.35,EUR/MWh,ES,ES,imbalance_price,Long,2026-09-10T20:16:00Z
2026-09-10T20:13:39Z,2026-09-10T22:13:39+0200,e039fd7a-370f-4751-ae35-4bab387b3e13,2026-09-07T20:15:00Z,2026-09-07T22:15:00+0200,191.57,EUR/MWh,ES,ES,imbalance_price,Short,2026-09-10T20:16:00Z
2026-09-10T20:13:39Z,2026-09-10T22:13:39+0200,e039fd7a-370f-4751-ae35-4bab387b3e13,2026-09-07T20:30:00Z,2026-09-07T22:30:00+0200,170.53,EUR/MWh,ES,ES,imbalance_price,Long,2026-09-10T20:16:00Z
2026-09-10T20:13:39Z,2026-09-10T22:13:39+0200,e039fd7a-370f-4751-ae35-4bab387b3e13,2026-09-07T20:30:00Z,2026-09-07T22:30:00+0200,181.01,EUR/MWh,ES,ES,imbalance_price,Short,2026-09-10T20:16:00Z
2026-09-10T20:13:39Z,2026-09-10T22:13:39+0200,e039fd7a-370f-4751-ae35-4bab387b3e13,2026-09-07T20:45:00Z,2026-09-07T22:45:00+0200,142.37,EUR/MWh,ES,ES,imbalance_price,Long,2026-09-10T20:16:00Z
2026-09-10T20:13:39Z,2026-09-10T22:13:39+0200,e039fd7a-370f-4751-ae35-4bab387b3e13,2026-09-07T20:45:00Z,2026-09-07T22:45:00+0200,169.59,EUR/MWh,ES,ES,imbalance_price,Short,2026-09-10T20:16:00Z
2026-09-10T20:13:39Z,2026-09-10T22:13:39+0200,e039fd7a-370f-4751-ae35-4bab387b3e13,2026-09-07T21:00:00Z,2026-09-07T23:00:00+0200,158.65,EUR/MWh,ES,ES,imbalance_price,Long,2026-09-10T20:16:00Z
2026-09-10T20:13:39Z,2026-09-10T22:13:39+0200,e039fd7a-370f-4751-ae35-4bab387b3e13,2026-09-07T21:00:00Z,2026-09-07T23:00:00+0200,212.52,EUR/MWh,ES,ES,imbalance_price,Short,2026-09-10T20:16:00Z
2026-09-10T20:13:39Z,2026-09-10T22:13:39+0200,e039fd7a-370f-4751-ae35-4bab387b3e13,2026-09-07T21:15:00Z,2026-09-07T23:15:00+0200,155.56,EUR/MWh,ES,ES,imbalance_price,Long,2026-09-10T20:16:00Z
2026-09-10T20:13:39Z,2026-09-10T22:13:39+0200,e039fd7a-370f-4751-ae35-4bab387b3e13,2026-09-07T21:15:00Z,2026-09-07T23:15:00+0200,192.71,EUR/MWh,ES,ES,imbalance_price,Short,2026-09-10T20:16:00Z
2026-09-10T20:13:39Z,2026-09-10T22:13:39+0200,e039fd7a-370f-4751-ae35-4bab387b3e13,2026-09-07T21:30:00Z,2026-09-07T23:30:00+0200,144.65,EUR/MWh,ES,ES,imbalance_price,Long,2026-09-10T20:16:00Z
2026-09-10T20:13:39Z,2026-09-10T22:13:39+0200,e039fd7a-370f-4751-ae35-4bab387b3e13,2026-09-07T21:30:00Z,2026-09-07T23:30:00+0200,191.41,EUR/MWh,ES,ES,imbalance_price,Short,2026-09-10T20:16:00Z
2026-09-10T20:13:39Z,2026-09-10T22:13:39+0200,e039fd7a-370f-4751-ae35-4bab387b3e13,2026-09-07T21:45:00Z,2026-09-07T23:45:00+0200,87.21,EUR/MWh,ES,ES,imbalance_price,Long,2026-09-10T20:16:00Z
2026-09-10T20:13:39Z,2026-09-10T22:13:39+0200,e039fd7a-370f-4751-ae35-4bab387b3e13,2026-09-07T21:45:00Z,2026-09-07T23:45:00+0200,189.19,EUR/MWh,ES,ES,imbalance_price,Short,2026-09-10T20:16:00Z
2026-09-10T20:13:39Z,2026-09-10T22:13:39+0200,e039fd7a-370f-4751-ae35-4bab387b3e13,2026-09-07T22:00:00Z,2026-09-08T00:00:00+0200,109.13,EUR/MWh,ES,ES,imbalance_price,Long,2026-09-10T20:16:00Z
2026-09-10T20:13:39Z,2026-09-10T22:13:39+0200,e039fd7a-370f-4751-ae35-4bab387b3e13,2026-09-07T22:00:00Z,2026-09-08T00:00:00+0200,177.22,EUR/MWh,ES,ES,imbalance_price,Short,2026-09-10T20:16:00Z
2026-09-10T20:13:39Z,2026-09-10T22:13:39+0200,e039fd7a-370f-4751-ae35-4bab387b3e13,2026-09-07T22:15:00Z,2026-09-08T00:15:00+0200,129.74,EUR/MWh,ES,ES,imbalance_price,Long,2026-09-10T20:16:00Z
2026-09-10T20:13:39Z,2026-09-10T22:13:39+0200,e039fd7a-370f-4751-ae35-4bab387b3e13,2026-09-07T22:15:00Z,2026-09-08T00:15:00+0200,178.15,EUR/MWh,ES,ES,imbalance_price,Short,2026-09-10T20:16:00Z
2026-09-10T20:13:39Z,2026-09-10T22:13:39+0200,e039fd7a-370f-4751-ae35-4bab387b3e13,2026-09-07T22:30:00Z,2026-09-08T00:30:00+0200,142.14,EUR/MWh,ES,ES,imbalance_price,Long,2026-09-10T20:16:00Z
2026-09-10T20:13:39Z,2026-09-10T22:13:39+0200,e039fd7a-370f-4751-ae35-4bab387b3e13,2026-09-07T22:30:00Z,2026-09-08T00:30:00+0200,176.84,EUR/MWh,ES,ES,imbalance_price,Short,2026-09-10T20:16:00Z
2026-09-10T20:13:39Z,2026-09-10T22:13:39+0200,e039fd7a-370f-4751-ae35-4bab387b3e13,2026-09-07T22:45:00Z,2026-09-08T00:45:00+0200,140.5,EUR/MWh,ES,ES,imbalance_price,Long,2026-09-10T20:16:00Z
2026-09-10T20:13:39Z,2026-09-10T22:13:39+0200,e039fd7a-370f-4751-ae35-4bab387b3e13,2026-09-07T22:45:00Z,2026-09-08T00:45:00+0200,179.53,EUR/MWh,ES,ES,imbalance_price,Short,2026-09-10T20:16:00Z
2026-09-10T20:13:39Z,2026-09-10T22:13:39+0200,e039fd7a-370f-4751-ae35-4bab387b3e13,2026-09-07T23:00:00Z,2026-09-08T01:00:00+0200,147.22,EUR/MWh,ES,ES,imbalance_price,Long,2026-09-10T20:16:00Z
2026-09-10T20:13:39Z,2026-09-10T22:13:39+0200,e039fd7a-370f-4751-ae35-4bab387b3e13,2026-09-07T23:00:00Z,2026-09-08T01:00:00+0200,177.76,EUR/MWh,ES,ES,imbalance_price,Short,2026-09-10T20:16:00Z
2026-09-10T20:13:39Z,2026-09-10T22:13:39+0200,e039fd7a-370f-4751-ae35-4bab387b3e13,2026-09-07T23:15:00Z,2026-09-08T01:15:00+0200,129.67,EUR/MWh,ES,ES,imbalance_price,Long,2026-09-10T20:16:00Z
2026-09-10T20:13:39Z,2026-09-10T22:13:39+0200,e039fd7a-370f-4751-ae35-4bab387b3e13,2026-09-07T23:15:00Z,2026-09-08T01:15:00+0200,181.82,EUR/MWh,ES,ES,imbalance_price,Short,2026-09-10T20:16:00Z
2026-09-10T20:13:39Z,2026-09-10T22:13:39+0200,e039fd7a-370f-4751-ae35-4bab387b3e13,2026-09-07T23:30:00Z,2026-09-08T01:30:00+0200,144.21,EUR/MWh,ES,ES,imbalance_price,Long,2026-09-10T20:16:00Z
2026-09-10T20:13:39Z,2026-09-10T22:13:39+0200,e039fd7a-370f-4751-ae35-4bab387b3e13,2026-09-07T23:30:00Z,2026-09-08T01:30:00+0200,185.72,EUR/MWh,ES,ES,imbalance_price,Short,2026-09-10T20:16:00Z
2026-09-10T20:13:39Z,2026-09-10T22:13:39+0200,e039fd7a-370f-4751-ae35-4bab387b3e13,2026-09-07T23:45:00Z,2026-09-08T01:45:00+0200,122.61,EUR/MWh,ES,ES,imbalance_price,Long,2026-09-10T20:16:00Z
2026-09-10T20:13:39Z,2026-09-10T22:13:39+0200,e039fd7a-370f-4751-ae35-4bab387b3e13,2026-09-07T23:45:00Z,2026-09-08T01:45:00+0200,179.92,EUR/MWh,ES,ES,imbalance_price,Short,2026-09-10T20:16:00Z
2026-09-10T20:13:39Z,2026-09-10T22:13:39+0200,e039fd7a-370f-4751-ae35-4bab387b3e13,2026-09-08T00:00:00Z,2026-09-08T02:00:00+0200,145.88,EUR/MWh,ES,ES,imbalance_price,Long,2026-09-10T20:16:00Z
2026-09-10T20:13:39Z,2026-09-10T22:13:39+0200,e039fd7a-370f-4751-ae35-4bab387b3e13,2026-09-08T00:00:00Z,2026-09-08T02:00:00+0200,190.2,EUR/MWh,ES,ES,imbalance_price,Short,2026-09-10T20:16:00Z
2026-09-10T20:13:39Z,2026-09-10T22:13:39+0200,e039fd7a-370f-4751-ae35-4bab387b3e13,2026-09-08T00:15:00Z,2026-09-08T02:15:00+0200,144.89,EUR/MWh,ES,ES,imbalance_price,Long,2026-09-10T20:16:00Z
2026-09-10T20:13:39Z,2026-09-10T22:13:39+0200,e039fd7a-370f-4751-ae35-4bab387b3e13,2026-09-08T00:15:00Z,2026-09-08T02:15:00+0200,187.68,EUR/MWh,ES,ES,imbalance_price,Short,2026-09-10T20:16:00Z
2026-09-10T20:13:39Z,2026-09-10T22:13:39+0200,e039fd7a-370f-4751-ae35-4bab387b3e13,2026-09-08T00:30:00Z,2026-09-08T02:30:00+0200,142.13,EUR/MWh,ES,ES,imbalance_price,Long,2026-09-10T20:16:00Z
2026-09-10T20:13:39Z,2026-09-10T22:13:39+0200,e039fd7a-370f-4751-ae35-4bab387b3e13,2026-09-08T00:30:00Z,2026-09-08T02:30:00+0200,184.21,EUR/MWh,ES,ES,imbalance_price,Short,2026-09-10T20:16:00Z
2026-09-10T20:13:39Z,2026-09-10T22:13:39+0200,e039fd7a-370f-4751-ae35-4bab387b3e13,2026-09-08T00:45:00Z,2026-09-08T02:45:00+0200,147.97,EUR/MWh,ES,ES,imbalance_price,Long,2026-09-10T20:16:00Z
2026-09-10T20:13:39Z,2026-09-10T22:13:39+0200,e039fd7a-370f-4751-ae35-4bab387b3e13,2026-09-08T00:45:00Z,2026-09-08T02:45:00+0200,181.29,EUR/MWh,ES,ES,imbalance_price,Short,2026-09-10T20:16:00Z
2026-09-10T20:13:39Z,2026-09-10T22:13:39+0200,e039fd7a-370f-4751-ae35-4bab387b3e13,2026-09-08T01:00:00Z,2026-09-08T03:00:00+0200,146.86,EUR/MWh,ES,ES,imbalance_price,Long,2026-09-10T20:16:00Z
2026-09-10T20:13:39Z,2026-09-10T22:13:39+0200,e039fd7a-370f-4751-ae35-4bab387b3e13,2026-09-08T01:00:00Z,2026-09-08T03:00:00+0200,179.9,EUR/MWh,ES,ES,imbalance_price,Short,2026-09-10T20:16:00Z
2026-09-10T20:13:39Z,2026-09-10T22:13:39+0200,e039fd7a-370f-4751-ae35-4bab387b3e13,2026-09-08T01:15:00Z,2026-09-08T03:15:00+0200,153.44,EUR/MWh,ES,ES,imbalance_price,Long,2026-09-10T20:16:00Z
2026-09-10T20:13:39Z,2026-09-10T22:13:39+0200,e039fd7a-370f-4751-ae35-4bab387b3e13,2026-09-08T01:15:00Z,2026-09-08T03:15:00+0200,185.74,EUR/MWh,ES,ES,imbalance_price,Short,2026-09-10T20:16:00Z
2026-09-10T20:13:39Z,2026-09-10T22:13:39+0200,e039fd7a-370f-4751-ae35-4bab387b3e13,2026-09-08T01:30:00Z,2026-09-08T03:30:00+0200,126.77,EUR/MWh,ES,ES,imbalance_price,Long,2026-09-10T20:16:00Z
2026-09-10T20:13:39Z,2026-09-10T22:13:39+0200,e039fd7a-370f-4751-ae35-4bab387b3e13,2026-09-08T01:30:00Z,2026-09-08T03:30:00+0200,179.95,EUR/MWh,ES,ES,imbalance_price,Short,2026-09-10T20:16:00Z
2026-09-10T20:13:39Z,2026-09-10T22:13:39+0200,e039fd7a-370f-4751-ae35-4bab387b3e13,2026-09-08T01:45:00Z,2026-09-08T03:45:00+0200,95.35,EUR/MWh,ES,ES,imbalance_price,Long,2026-09-10T20:16:00Z
2026-09-10T20:13:39Z,2026-09-10T22:13:39+0200,e039fd7a-370f-4751-ae35-4bab387b3e13,2026-09-08T01:45:00Z,2026-09-08T03:45:00+0200,177.75,EUR/MWh,ES,ES,imbalance_price,Short,2026-09-10T20:16:00Z
2026-09-10T20:13:39Z,2026-09-10T22:13:39+0200,e039fd7a-370f-4751-ae35-4bab387b3e13,2026-09-08T02:00:00Z,2026-09-08T04:00:00+0200,150.28,EUR/MWh,ES,ES,imbalance_price,Long,2026-09-10T20:16:00Z
2026-09-10T20:13:39Z,2026-09-10T22:13:39+0200,e039fd7a-370f-4751-ae35-4bab387b3e13,2026-09-08T02:00:00Z,2026-09-08T04:00:00+0200,172.13,EUR/MWh,ES,ES,imbalance_price,Short,2026-09-10T20:16:00Z
2026-09-10T20:13:39Z,2026-09-10T22:13:39+0200,e039fd7a-370f-4751-ae35-4bab387b3e13,2026-09-08T02:15:00Z,2026-09-08T04:15:00+0200,150.98,EUR/MWh,ES,ES,imbalance_price,Long,2026-09-10T20:16:00Z
2026-09-10T20:13:39Z,2026-09-10T22:13:39+0200,e039fd7a-370f-4751-ae35-4bab387b3e13,2026-09-08T02:15:00Z,2026-09-08T04:15:00+0200,173.75,EUR/MWh,ES,ES,imbalance_price,Short,2026-09-10T20:16:00Z
2026-09-10T20:13:39Z,2026-09-10T22:13:39+0200,e039fd7a-370f-4751-ae35-4bab387b3e13,2026-09-08T02:30:00Z,2026-09-08T04:30:00+0200,151.13,EUR/MWh,ES,ES,imbalance_price,Long,2026-09-10T20:16:00Z
2026-09-10T20:13:39Z,2026-09-10T22:13:39+0200,e039fd7a-370f-4751-ae35-4bab387b3e13,2026-09-08T02:30:00Z,2026-09-08T04:30:00+0200,168.85,EUR/MWh,ES,ES,imbalance_price,Short,2026-09-10T20:16:00Z
2026-09-10T20:13:39Z,2026-09-10T22:13:39+0200,e039fd7a-370f-4751-ae35-4bab387b3e13,2026-09-08T02:45:00Z,2026-09-08T04:45:00+0200,159.49,EUR/MWh,ES,ES,imbalance_price,Long,2026-09-10T20:16:00Z
2026-09-10T20:13:39Z,2026-09-10T22:13:39+0200,e039fd7a-370f-4751-ae35-4bab387b3e13,2026-09-08T02:45:00Z,2026-09-08T04:45:00+0200,167.49,EUR/MWh,ES,ES,imbalance_price,Short,2026-09-10T20:16:00Z
2026-09-10T20:13:39Z,2026-09-10T22:13:39+0200,e039fd7a-370f-4751-ae35-4bab387b3e13,2026-09-08T03:00:00Z,2026-09-08T05:00:00+0200,145.04,EUR/MWh,ES,ES,imbalance_price,Long,2026-09-10T20:16:00Z
2026-09-10T20:13:39Z,2026-09-10T22:13:39+0200,e039fd7a-370f-4751-ae35-4bab387b3e13,2026-09-08T03:00:00Z,2026-09-08T05:00:00+0200,169.08,EUR/MWh,ES,ES,imbalance_price,Short,2026-09-10T20:16:00Z
2026-09-10T20:13:39Z,2026-09-10T22:13:39+0200,e039fd7a-370f-4751-ae35-4bab387b3e13,2026-09-08T03:15:00Z,2026-09-08T05:15:00+0200,148.36,EUR/MWh,ES,ES,imbalance_price,Long,2026-09-10T20:16:00Z
2026-09-10T20:13:39Z,2026-09-10T22:13:39+0200,e039fd7a-370f-4751-ae35-4bab387b3e13,2026-09-08T03:15:00Z,2026-09-08T05:15:00+0200,165.65,EUR/MWh,ES,ES,imbalance_price,Short,2026-09-10T20:16:00Z
2026-09-10T20:13:39Z,2026-09-10T22:13:39+0200,e039fd7a-370f-4751-ae35-4bab387b3e13,2026-09-08T03:30:00Z,2026-09-08T05:30:00+0200,151.36,EUR/MWh,ES,ES,imbalance_price,Long,2026-09-10T20:16:00Z
2026-09-10T20:13:39Z,2026-09-10T22:13:39+0200,e039fd7a-370f-4751-ae35-4bab387b3e13,2026-09-08T03:30:00Z,2026-09-08T05:30:00+0200,165.44,EUR/MWh,ES,ES,imbalance_price,Short,2026-09-10T20:16:00Z
2026-09-10T20:13:39Z,2026-09-10T22:13:39+0200,e039fd7a-370f-4751-ae35-4bab387b3e13,2026-09-08T03:45:00Z,2026-09-08T05:45:00+0200,140.28,EUR/MWh,ES,ES,imbalance_price,Long,2026-09-10T20:16:00Z
2026-09-10T20:13:39Z,2026-09-10T22:13:39+0200,e039fd7a-370f-4751-ae35-4bab387b3e13,2026-09-08T03:45:00Z,2026-09-08T05:45:00+0200,167.49,EUR/MWh,ES,ES,imbalance_price,Short,2026-09-10T20:16:00Z
2026-09-10T20:13:39Z,2026-09-10T22:13:39+0200,e039fd7a-370f-4751-ae35-4bab387b3e13,2026-09-08T04:00:00Z,2026-09-08T06:00:00+0200,128.92,EUR/MWh,ES,ES,imbalance_price,Long,2026-09-10T20:16:00Z
2026-09-10T20:13:39Z,2026-09-10T22:13:39+0200,e039fd7a-370f-4751-ae35-4bab387b3e13,2026-09-08T04:00:00Z,2026-09-08T06:00:00+0200,172.73,EUR/MWh,ES,ES,imbalance_price,Short,2026-09-10T20:16:00Z
2026-09-10T20:13:39Z,2026-09-10T22:13:39+0200,e039fd7a-370f-4751-ae35-4bab387b3e13,2026-09-08T04:15:00Z,2026-09-08T06:15:00+0200,126.09,EUR/MWh,ES,ES,imbalance_price,Long,2026-09-10T20:16:00Z
2026-09-10T20:13:39Z,2026-09-10T22:13:39+0200,e039fd7a-370f-4751-ae35-4bab387b3e13,2026-09-08T04:15:00Z,2026-09-08T06:15:00+0200,169.59,EUR/MWh,ES,ES,imbalance_price,Short,2026-09-10T20:16:00Z
2026-09-10T20:13:39Z,2026-09-10T22:13:39+0200,e039fd7a-370f-4751-ae35-4bab387b3e13,2026-09-08T04:30:00Z,2026-09-08T06:30:00+0200,0.63,EUR/MWh,ES,ES,imbalance_price,Long,2026-09-10T20:16:00Z
2026-09-10T20:13:39Z,2026-09-10T22:13:39+0200,e039fd7a-370f-4751-ae35-4bab387b3e13,2026-09-08T04:30:00Z,2026-09-08T06:30:00+0200,171.02,EUR/MWh,ES,ES,imbalance_price,Short,2026-09-10T20:16:00Z
2026-09-10T20:13:39Z,2026-09-10T22:13:39+0200,e039fd7a-370f-4751-ae35-4bab387b3e13,2026-09-08T04:45:00Z,2026-09-08T06:45:00+0200,130.79,EUR/MWh,ES,ES,imbalance_price,Long,2026-09-10T20:16:00Z
2026-09-10T20:13:39Z,2026-09-10T22:13:39+0200,e039fd7a-370f-4751-ae35-4bab387b3e13,2026-09-08T04:45:00Z,2026-09-08T06:45:00+0200,175.79,EUR/MWh,ES,ES,imbalance_price,Short,2026-09-10T20:16:00Z
2026-09-10T20:13:39Z,2026-09-10T22:13:39+0200,e039fd7a-370f-4751-ae35-4bab387b3e13,2026-09-08T05:00:00Z,2026-09-08T07:00:00+0200,152.7,EUR/MWh,ES,ES,imbalance_price,Long,2026-09-10T20:16:00Z
2026-09-10T20:13:39Z,2026-09-10T22:13:39+0200,e039fd7a-370f-4751-ae35-4bab387b3e13,2026-09-08T05:00:00Z,2026-09-08T07:00:00+0200,174.23,EUR/MWh,ES,ES,imbalance_price,Short,2026-09-10T20:16:00Z
2026-09-10T20:13:39Z,2026-09-10T22:13:39+0200,e039fd7a-370f-4751-ae35-4bab387b3e13,2026-09-08T05:15:00Z,2026-09-08T07:15:00+0200,174.49,EUR/MWh,ES,ES,imbalance_price,Long,2026-09-10T20:16:00Z
2026-09-10T20:13:39Z,2026-09-10T22:13:39+0200,e039fd7a-370f-4751-ae35-4bab387b3e13,2026-09-08T05:15:00Z,2026-09-08T07:15:00+0200,167.05,EUR/MWh,ES,ES,imbalance_price,Short,2026-09-10T20:16:00Z
2026-09-10T20:13:39Z,2026-09-10T22:13:39+0200,e039fd7a-370f-4751-ae35-4bab387b3e13,2026-09-08T05:30:00Z,2026-09-08T07:30:00+0200,173.53,EUR/MWh,ES,ES,imbalance_price,Long,2026-09-10T20:16:00Z
2026-09-10T20:13:39Z,2026-09-10T22:13:39+0200,e039fd7a-370f-4751-ae35-4bab387b3e13,2026-09-08T05:30:00Z,2026-09-08T07:30:00+0200,166.94,EUR/MWh,ES,ES,imbalance_price,Short,2026-09-10T20:16:00Z
2026-09-10T20:13:39Z,2026-09-10T22:13:39+0200,e039fd7a-370f-4751-ae35-4bab387b3e13,2026-09-08T05:45:00Z,2026-09-08T07:45:00+0200,162.58,EUR/MWh,ES,ES,imbalance_price,Long,2026-09-10T20:16:00Z
2026-09-10T20:13:39Z,2026-09-10T22:13:39+0200,e039fd7a-370f-4751-ae35-4bab387b3e13,2026-09-08T05:45:00Z,2026-09-08T07:45:00+0200,169.35,EUR/MWh,ES,ES,imbalance_price,Short,2026-09-10T20:16:00Z
2026-09-10T20:13:39Z,2026-09-10T22:13:39+0200,e039fd7a-370f-4751-ae35-4bab387b3e13,2026-09-08T06:00:00Z,2026-09-08T08:00:00+0200,135.15,EUR/MWh,ES,ES,imbalance_price,Long,2026-09-10T20:16:00Z
2026-09-10T20:13:39Z,2026-09-10T22:13:39+0200,e039fd7a-370f-4751-ae35-4bab387b3e13,2026-09-08T06:00:00Z,2026-09-08T08:00:00+0200,176.31,EUR/MWh,ES,ES,imbalance_price,Short,2026-09-10T20:16:00Z
2026-09-10T20:13:39Z,2026-09-10T22:13:39+0200,e039fd7a-370f-4751-ae35-4bab387b3e13,2026-09-08T06:15:00Z,2026-09-08T08:15:00+0200,199.01,EUR/MWh,ES,ES,imbalance_price,Long,2026-09-10T20:16:00Z
2026-09-10T20:13:39Z,2026-09-10T22:13:39+0200,e039fd7a-370f-4751-ae35-4bab387b3e13,2026-09-08T06:15:00Z,2026-09-08T08:15:00+0200,199.01,EUR/MWh,ES,ES,imbalance_price,Short,2026-09-10T20:16:00Z
2026-09-10T20:13:39Z,2026-09-10T22:13:39+0200,e039fd7a-370f-4751-ae35-4bab387b3e13,2026-09-08T06:30:00Z,2026-09-08T08:30:00+0200,139.29,EUR/MWh,ES,ES,imbalance_price,Long,2026-09-10T20:16:00Z
2026-09-10T20:13:39Z,2026-09-10T22:13:39+0200,e039fd7a-370f-4751-ae35-4bab387b3e13,2026-09-08T06:30:00Z,2026-09-08T08:30:00+0200,203.87,EUR/MWh,ES,ES,imbalance_price,Short,2026-09-10T20:16:00Z
2026-09-10T20:13:39Z,2026-09-10T22:13:39+0200,e039fd7a-370f-4751-ae35-4bab387b3e13,2026-09-08T06:45:00Z,2026-09-08T08:45:00+0200,149.53,EUR/MWh,ES,ES,imbalance_price,Long,2026-09-10T20:16:00Z
2026-09-10T20:13:39Z,2026-09-10T22:13:39+0200,e039fd7a-370f-4751-ae35-4bab387b3e13,2026-09-08T06:45:00Z,2026-09-08T08:45:00+0200,203.16,EUR/MWh,ES,ES,imbalance_price,Short,2026-09-10T20:16:00Z
2026-09-10T20:13:39Z,2026-09-10T22:13:39+0200,e039fd7a-370f-4751-ae35-4bab387b3e13,2026-09-08T07:00:00Z,2026-09-08T09:00:00+0200,88.18,EUR/MWh,ES,ES,imbalance_price,Long,2026-09-10T20:16:00Z
2026-09-10T20:13:39Z,2026-09-10T22:13:39+0200,e039fd7a-370f-4751-ae35-4bab387b3e13,2026-09-08T07:00:00Z,2026-09-08T09:00:00+0200,178.12,EUR/MWh,ES,ES,imbalance_price,Short,2026-09-10T20:16:00Z
2026-09-10T20:13:39Z,2026-09-10T22:13:39+0200,e039fd7a-370f-4751-ae35-4bab387b3e13,2026-09-08T07:15:00Z,2026-09-08T09:15:00+0200,43.54,EUR/MWh,ES,ES,imbalance_price,Long,2026-09-10T20:16:00Z
2026-09-10T20:13:39Z,2026-09-10T22:13:39+0200,e039fd7a-370f-4751-ae35-4bab387b3e13,2026-09-08T07:15:00Z,2026-09-08T09:15:00+0200,163.64,EUR/MWh,ES,ES,imbalance_price,Short,2026-09-10T20:16:00Z
2026-09-10T20:13:39Z,2026-09-10T22:13:39+0200,e039fd7a-370f-4751-ae35-4bab387b3e13,2026-09-08T07:30:00Z,2026-09-08T09:30:00+0200,26.53,EUR/MWh,ES,ES,imbalance_price,Long,2026-09-10T20:16:00Z
2026-09-10T20:13:39Z,2026-09-10T22:13:39+0200,e039fd7a-370f-4751-ae35-4bab387b3e13,2026-09-08T07:30:00Z,2026-09-08T09:30:00+0200,156.08,EUR/MWh,ES,ES,imbalance_price,Short,2026-09-10T20:16:00Z
2026-09-10T20:13:39Z,2026-09-10T22:13:39+0200,e039fd7a-370f-4751-ae35-4bab387b3e13,2026-09-08T07:45:00Z,2026-09-08T09:45:00+0200,157.95,EUR/MWh,ES,ES,imbalance_price,Long,2026-09-10T20:16:00Z
2026-09-10T20:13:39Z,2026-09-10T22:13:39+0200,e039fd7a-370f-4751-ae35-4bab387b3e13,2026-09-08T07:45:00Z,2026-09-08T09:45:00+0200,157.95,EUR/MWh,ES,ES,imbalance_price,Short,2026-09-10T20:16:00Z
2026-09-10T20:13:39Z,2026-09-10T22:13:39+0200,e039fd7a-370f-4751-ae35-4bab387b3e13,2026-09-08T08:00:00Z,2026-09-08T10:00:00+0200,205.28,EUR/MWh,ES,ES,imbalance_price,Long,2026-09-10T20:16:00Z
2026-09-10T20:13:39Z,2026-09-10T22:13:39+0200,e039fd7a-370f-4751-ae35-4bab387b3e13,2026-09-08T08:00:00Z,2026-09-08T10:00:00+0200,205.28,EUR/MWh,ES,ES,imbalance_price,Short,2026-09-10T20:16:00Z
2026-09-10T20:13:39Z,2026-09-10T22:13:39+0200,e039fd7a-370f-4751-ae35-4bab387b3e13,2026-09-08T08:15:00Z,2026-09-08T10:15:00+0200,-4.06,EUR/MWh,ES,ES,imbalance_price,Long,2026-09-10T20:16:00Z
2026-09-10T20:13:39Z,2026-09-10T22:13:39+0200,e039fd7a-370f-4751-ae35-4bab387b3e13,2026-09-08T08:15:00Z,2026-09-08T10:15:00+0200,158.34,EUR/MWh,ES,ES,imbalance_price,Short,2026-09-10T20:16:00Z
2026-09-10T20:13:39Z,2026-09-10T22:13:39+0200,e039fd7a-370f-4751-ae35-4bab387b3e13,2026-09-08T08:30:00Z,2026-09-08T10:30:00+0200,-2.78,EUR/MWh,ES,ES,imbalance_price,Long,2026-09-10T20:16:00Z
2026-09-10T20:13:39Z,2026-09-10T22:13:39+0200,e039fd7a-370f-4751-ae35-4bab387b3e13,2026-09-08T08:30:00Z,2026-09-08T10:30:00+0200,113.14,EUR/MWh,ES,ES,imbalance_price,Short,2026-09-10T20:16:00Z
2026-09-10T20:13:39Z,2026-09-10T22:13:39+0200,e039fd7a-370f-4751-ae35-4bab387b3e13,2026-09-08T08:45:00Z,2026-09-08T10:45:00+0200,42.45,EUR/MWh,ES,ES,imbalance_price,Long,2026-09-10T20:16:00Z
2026-09-10T20:13:39Z,2026-09-10T22:13:39+0200,e039fd7a-370f-4751-ae35-4bab387b3e13,2026-09-08T08:45:00Z,2026-09-08T10:45:00+0200,93.07,EUR/MWh,ES,ES,imbalance_price,Short,2026-09-10T20:16:00Z
2026-09-10T20:13:39Z,2026-09-10T22:13:39+0200,e039fd7a-370f-4751-ae35-4bab387b3e13,2026-09-08T09:00:00Z,2026-09-08T11:00:00+0200,34.42,EUR/MWh,ES,ES,imbalance_price,Long,2026-09-10T20:16:00Z
2026-09-10T20:13:39Z,2026-09-10T22:13:39+0200,e039fd7a-370f-4751-ae35-4bab387b3e13,2026-09-08T09:00:00Z,2026-09-08T11:00:00+0200,34.42,EUR/MWh,ES,ES,imbalance_price,Short,2026-09-10T20:16:00Z
2026-09-10T20:13:39Z,2026-09-10T22:13:39+0200,e039fd7a-370f-4751-ae35-4bab387b3e13,2026-09-08T09:15:00Z,2026-09-08T11:15:00+0200,0.15,EUR/MWh,ES,ES,imbalance_price,Long,2026-09-10T20:16:00Z
2026-09-10T20:13:39Z,2026-09-10T22:13:39+0200,e039fd7a-370f-4751-ae35-4bab387b3e13,2026-09-08T09:15:00Z,2026-09-08T11:15:00+0200,83.06,EUR/MWh,ES,ES,imbalance_price,Short,2026-09-10T20:16:00Z
2026-09-10T20:13:39Z,2026-09-10T22:13:39+0200,e039fd7a-370f-4751-ae35-4bab387b3e13,2026-09-08T09:30:00Z,2026-09-08T11:30:00+0200,0.84,EUR/MWh,ES,ES,imbalance_price,Long,2026-09-10T20:16:00Z
2026-09-10T20:13:39Z,2026-09-10T22:13:39+0200,e039fd7a-370f-4751-ae35-4bab387b3e13,2026-09-08T09:30:00Z,2026-09-08T11:30:00+0200,92.63,EUR/MWh,ES,ES,imbalance_price,Short,2026-09-10T20:16:00Z
2026-09-10T20:13:39Z,2026-09-10T22:13:39+0200,e039fd7a-370f-4751-ae35-4bab387b3e13,2026-09-08T09:45:00Z,2026-09-08T11:45:00+0200,2.59,EUR/MWh,ES,ES,imbalance_price,Long,2026-09-10T20:16:00Z
2026-09-10T20:13:39Z,2026-09-10T22:13:39+0200,e039fd7a-370f-4751-ae35-4bab387b3e13,2026-09-08T09:45:00Z,2026-09-08T11:45:00+0200,80.77,EUR/MWh,ES,ES,imbalance_price,Short,2026-09-10T20:16:00Z
2026-09-10T20:13:39Z,2026-09-10T22:13:39+0200,e039fd7a-370f-4751-ae35-4bab387b3e13,2026-09-08T10:00:00Z,2026-09-08T12:00:00+0200,10.72,EUR/MWh,ES,ES,imbalance_price,Long,2026-09-10T20:16:00Z
2026-09-10T20:13:39Z,2026-09-10T22:13:39+0200,e039fd7a-370f-4751-ae35-4bab387b3e13,2026-09-08T10:00:00Z,2026-09-08T12:00:00+0200,92.21,EUR/MWh,ES,ES,imbalance_price,Short,2026-09-10T20:16:00Z
2026-09-10T20:13:39Z,2026-09-10T22:13:39+0200,e039fd7a-370f-4751-ae35-4bab387b3e13,2026-09-08T10:15:00Z,2026-09-08T12:15:00+0200,0.0,EUR/MWh,ES,ES,imbalance_price,Long,2026-09-10T20:16:00Z
2026-09-10T20:13:39Z,2026-09-10T22:13:39+0200,e039fd7a-370f-4751-ae35-4bab387b3e13,2026-09-08T10:15:00Z,2026-09-08T12:15:00+0200,128.57,EUR/MWh,ES,ES,imbalance_price,Short,2026-09-10T20:16:00Z
2026-09-10T20:13:39Z,2026-09-10T22:13:39+0200,e039fd7a-370f-4751-ae35-4bab387b3e13,2026-09-08T10:30:00Z,2026-09-08T12:30:00+0200,-0.64,EUR/MWh,ES,ES,imbalance_price,Long,2026-09-10T20:16:00Z
2026-09-10T20:13:39Z,2026-09-10T22:13:39+0200,e039fd7a-370f-4751-ae35-4bab387b3e13,2026-09-08T10:30:00Z,2026-09-08T12:30:00+0200,73.84,EUR/MWh,ES,ES,imbalance_price,Short,2026-09-10T20:16:00Z
2026-09-10T20:13:39Z,2026-09-10T22:13:39+0200,e039fd7a-370f-4751-ae35-4bab387b3e13,2026-09-08T10:45:00Z,2026-09-08T12:45:00+0200,0.45,EUR/MWh,ES,ES,imbalance_price,Long,2026-09-10T20:16:00Z
2026-09-10T20:13:39Z,2026-09-10T22:13:39+0200,e039fd7a-370f-4751-ae35-4bab387b3e13,2026-09-08T10:45:00Z,2026-09-08T12:45:00+0200,57.96,EUR/MWh,ES,ES,imbalance_price,Short,2026-09-10T20:16:00Z
2026-09-10T20:13:39Z,2026-09-10T22:13:39+0200,e039fd7a-370f-4751-ae35-4bab387b3e13,2026-09-08T11:00:00Z,2026-09-08T13:00:00+0200,-2.66,EUR/MWh,ES,ES,imbalance_price,Long,2026-09-10T20:16:00Z
2026-09-10T20:13:39Z,2026-09-10T22:13:39+0200,e039fd7a-370f-4751-ae35-4bab387b3e13,2026-09-08T11:00:00Z,2026-09-08T13:00:00+0200,130.27,EUR/MWh,ES,ES,imbalance_price,Short,2026-09-10T20:16:00Z
2026-09-10T20:13:39Z,2026-09-10T22:13:39+0200,e039fd7a-370f-4751-ae35-4bab387b3e13,2026-09-08T11:15:00Z,2026-09-08T13:15:00+0200,-3.42,EUR/MWh,ES,ES,imbalance_price,Long,2026-09-10T20:16:00Z
2026-09-10T20:13:39Z,2026-09-10T22:13:39+0200,e039fd7a-370f-4751-ae35-4bab387b3e13,2026-09-08T11:15:00Z,2026-09-08T13:15:00+0200,49.84,EUR/MWh,ES,ES,imbalance_price,Short,2026-09-10T20:16:00Z
2026-09-10T20:13:39Z,2026-09-10T22:13:39+0200,e039fd7a-370f-4751-ae35-4bab387b3e13,2026-09-08T11:30:00Z,2026-09-08T13:30:00+0200,0.18,EUR/MWh,ES,ES,imbalance_price,Long,2026-09-10T20:16:00Z
2026-09-10T20:13:39Z,2026-09-10T22:13:39+0200,e039fd7a-370f-4751-ae35-4bab387b3e13,2026-09-08T11:30:00Z,2026-09-08T13:30:00+0200,0.18,EUR/MWh,ES,ES,imbalance_price,Short,2026-09-10T20:16:00Z
2026-09-10T20:13:39Z,2026-09-10T22:13:39+0200,e039fd7a-370f-4751-ae35-4bab387b3e13,2026-09-08T11:45:00Z,2026-09-08T13:45:00+0200,0.06,EUR/MWh,ES,ES,imbalance_price,Long,2026-09-10T20:16:00Z
2026-09-10T20:13:39Z,2026-09-10T22:13:39+0200,e039fd7a-370f-4751-ae35-4bab387b3e13,2026-09-08T11:45:00Z,2026-09-08T13:45:00+0200,52.76,EUR/MWh,ES,ES,imbalance_price,Short,2026-09-10T20:16:00Z
2026-09-10T20:13:39Z,2026-09-10T22:13:39+0200,e039fd7a-370f-4751-ae35-4bab387b3e13,2026-09-08T12:00:00Z,2026-09-08T14:00:00+0200,0.04,EUR/MWh,ES,ES,imbalance_price,Long,2026-09-10T20:16:00Z
2026-09-10T20:13:39Z,2026-09-10T22:13:39+0200,e039fd7a-370f-4751-ae35-4bab387b3e13,2026-09-08T12:00:00Z,2026-09-08T14:00:00+0200,96.66,EUR/MWh,ES,ES,imbalance_price,Short,2026-09-10T20:16:00Z
2026-09-10T20:13:39Z,2026-09-10T22:13:39+0200,e039fd7a-370f-4751-ae35-4bab387b3e13,2026-09-08T12:15:00Z,2026-09-08T14:15:00+0200,0.0,EUR/MWh,ES,ES,imbalance_price,Long,2026-09-10T20:16:00Z
2026-09-10T20:13:39Z,2026-09-10T22:13:39+0200,e039fd7a-370f-4751-ae35-4bab387b3e13,2026-09-08T12:15:00Z,2026-09-08T14:15:00+0200,87.57,EUR/MWh,ES,ES,imbalance_price,Short,2026-09-10T20:16:00Z
2026-09-10T20:13:39Z,2026-09-10T22:13:39+0200,e039fd7a-370f-4751-ae35-4bab387b3e13,2026-09-08T12:30:00Z,2026-09-08T14:30:00+0200,12.64,EUR/MWh,ES,ES,imbalance_price,Long,2026-09-10T20:16:00Z
2026-09-10T20:13:39Z,2026-09-10T22:13:39+0200,e039fd7a-370f-4751-ae35-4bab387b3e13,2026-09-08T12:30:00Z,2026-09-08T14:30:00+0200,81.24,EUR/MWh,ES,ES,imbalance_price,Short,2026-09-10T20:16:00Z
2026-09-10T20:13:39Z,2026-09-10T22:13:39+0200,e039fd7a-370f-4751-ae35-4bab387b3e13,2026-09-08T12:45:00Z,2026-09-08T14:45:00+0200,-0.53,EUR/MWh,ES,ES,imbalance_price,Long,2026-09-10T20:16:00Z
2026-09-10T20:13:39Z,2026-09-10T22:13:39+0200,e039fd7a-370f-4751-ae35-4bab387b3e13,2026-09-08T12:45:00Z,2026-09-08T14:45:00+0200,-0.53,EUR/MWh,ES,ES,imbalance_price,Short,2026-09-10T20:16:00Z
2026-09-10T20:13:39Z,2026-09-10T22:13:39+0200,e039fd7a-370f-4751-ae35-4bab387b3e13,2026-09-08T13:00:00Z,2026-09-08T15:00:00+0200,-0.07,EUR/MWh,ES,ES,imbalance_price,Long,2026-09-10T20:16:00Z
2026-09-10T20:13:39Z,2026-09-10T22:13:39+0200,e039fd7a-370f-4751-ae35-4bab387b3e13,2026-09-08T13:00:00Z,2026-09-08T15:00:00+0200,180.26,EUR/MWh,ES,ES,imbalance_price,Short,2026-09-10T20:16:00Z
2026-09-10T20:13:39Z,2026-09-10T22:13:39+0200,e039fd7a-370f-4751-ae35-4bab387b3e13,2026-09-08T13:15:00Z,2026-09-08T15:15:00+0200,0.0,EUR/MWh,ES,ES,imbalance_price,Long,2026-09-10T20:16:00Z
2026-09-10T20:13:39Z,2026-09-10T22:13:39+0200,e039fd7a-370f-4751-ae35-4bab387b3e13,2026-09-08T13:15:00Z,2026-09-08T15:15:00+0200,237.87,EUR/MWh,ES,ES,imbalance_price,Short,2026-09-10T20:16:00Z
2026-09-10T20:13:39Z,2026-09-10T22:13:39+0200,e039fd7a-370f-4751-ae35-4bab387b3e13,2026-09-08T13:30:00Z,2026-09-08T15:30:00+0200,181.45,EUR/MWh,ES,ES,imbalance_price,Long,2026-09-10T20:16:00Z
2026-09-10T20:13:39Z,2026-09-10T22:13:39+0200,e039fd7a-370f-4751-ae35-4bab387b3e13,2026-09-08T13:30:00Z,2026-09-08T15:30:00+0200,181.45,EUR/MWh,ES,ES,imbalance_price,Short,2026-09-10T20:16:00Z
2026-09-10T20:13:39Z,2026-09-10T22:13:39+0200,e039fd7a-370f-4751-ae35-4bab387b3e13,2026-09-08T13:45:00Z,2026-09-08T15:45:00+0200,4.53,EUR/MWh,ES,ES,imbalance_price,Long,2026-09-10T20:16:00Z
2026-09-10T20:13:39Z,2026-09-10T22:13:39+0200,e039fd7a-370f-4751-ae35-4bab387b3e13,2026-09-08T13:45:00Z,2026-09-08T15:45:00+0200,150.98,EUR/MWh,ES,ES,imbalance_price,Short,2026-09-10T20:16:00Z
2026-09-10T20:13:39Z,2026-09-10T22:13:39+0200,e039fd7a-370f-4751-ae35-4bab387b3e13,2026-09-08T14:00:00Z,2026-09-08T16:00:00+0200,15.13,EUR/MWh,ES,ES,imbalance_price,Long,2026-09-10T20:16:00Z
2026-09-10T20:13:39Z,2026-09-10T22:13:39+0200,e039fd7a-370f-4751-ae35-4bab387b3e13,2026-09-08T14:00:00Z,2026-09-08T16:00:00+0200,152.61,EUR/MWh,ES,ES,imbalance_price,Short,2026-09-10T20:16:00Z
2026-09-10T20:13:39Z,2026-09-10T22:13:39+0200,e039fd7a-370f-4751-ae35-4bab387b3e13,2026-09-08T14:15:00Z,2026-09-08T16:15:00+0200,1.46,EUR/MWh,ES,ES,imbalance_price,Long,2026-09-10T20:16:00Z
2026-09-10T20:13:39Z,2026-09-10T22:13:39+0200,e039fd7a-370f-4751-ae35-4bab387b3e13,2026-09-08T14:15:00Z,2026-09-08T16:15:00+0200,142.68,EUR/MWh,ES,ES,imbalance_price,Short,2026-09-10T20:16:00Z
2026-09-10T20:13:39Z,2026-09-10T22:13:39+0200,e039fd7a-370f-4751-ae35-4bab387b3e13,2026-09-08T14:30:00Z,2026-09-08T16:30:00+0200,162.65,EUR/MWh,ES,ES,imbalance_price,Long,2026-09-10T20:16:00Z
2026-09-10T20:13:39Z,2026-09-10T22:13:39+0200,e039fd7a-370f-4751-ae35-4bab387b3e13,2026-09-08T14:30:00Z,2026-09-08T16:30:00+0200,162.65,EUR/MWh,ES,ES,imbalance_price,Short,2026-09-10T20:16:00Z
2026-09-10T20:13:39Z,2026-09-10T22:13:39+0200,e039fd7a-370f-4751-ae35-4bab387b3e13,2026-09-08T14:45:00Z,2026-09-08T16:45:00+0200,176.39,EUR/MWh,ES,ES,imbalance_price,Long,2026-09-10T20:16:00Z
2026-09-10T20:13:39Z,2026-09-10T22:13:39+0200,e039fd7a-370f-4751-ae35-4bab387b3e13,2026-09-08T14:45:00Z,2026-09-08T16:45:00+0200,176.39,EUR/MWh,ES,ES,imbalance_price,Short,2026-09-10T20:16:00Z
2026-09-10T20:13:39Z,2026-09-10T22:13:39+0200,e039fd7a-370f-4751-ae35-4bab387b3e13,2026-09-08T15:00:00Z,2026-09-08T17:00:00+0200,179.3,EUR/MWh,ES,ES,imbalance_price,Long,2026-09-10T20:16:00Z
2026-09-10T20:13:39Z,2026-09-10T22:13:39+0200,e039fd7a-370f-4751-ae35-4bab387b3e13,2026-09-08T15:00:00Z,2026-09-08T17:00:00+0200,179.3,EUR/MWh,ES,ES,imbalance_price,Short,2026-09-10T20:16:00Z
2026-09-10T20:13:39Z,2026-09-10T22:13:39+0200,e039fd7a-370f-4751-ae35-4bab387b3e13,2026-09-08T15:15:00Z,2026-09-08T17:15:00+0200,252.36,EUR/MWh,ES,ES,imbalance_price,Long,2026-09-10T20:16:00Z
2026-09-10T20:13:39Z,2026-09-10T22:13:39+0200,e039fd7a-370f-4751-ae35-4bab387b3e13,2026-09-08T15:15:00Z,2026-09-08T17:15:00+0200,252.36,EUR/MWh,ES,ES,imbalance_price,Short,2026-09-10T20:16:00Z
2026-09-10T20:13:39Z,2026-09-10T22:13:39+0200,e039fd7a-370f-4751-ae35-4bab387b3e13,2026-09-08T15:30:00Z,2026-09-08T17:30:00+0200,253.25,EUR/MWh,ES,ES,imbalance_price,Long,2026-09-10T20:16:00Z
2026-09-10T20:13:39Z,2026-09-10T22:13:39+0200,e039fd7a-370f-4751-ae35-4bab387b3e13,2026-09-08T15:30:00Z,2026-09-08T17:30:00+0200,253.25,EUR/MWh,ES,ES,imbalance_price,Short,2026-09-10T20:16:00Z
2026-09-10T20:13:39Z,2026-09-10T22:13:39+0200,e039fd7a-370f-4751-ae35-4bab387b3e13,2026-09-08T15:45:00Z,2026-09-08T17:45:00+0200,-11.17,EUR/MWh,ES,ES,imbalance_price,Long,2026-09-10T20:16:00Z
2026-09-10T20:13:39Z,2026-09-10T22:13:39+0200,e039fd7a-370f-4751-ae35-4bab387b3e13,2026-09-08T15:45:00Z,2026-09-08T17:45:00+0200,260.52,EUR/MWh,ES,ES,imbalance_price,Short,2026-09-10T20:16:00Z
2026-09-10T20:13:39Z,2026-09-10T22:13:39+0200,e039fd7a-370f-4751-ae35-4bab387b3e13,2026-09-08T16:00:00Z,2026-09-08T18:00:00+0200,-1.95,EUR/MWh,ES,ES,imbalance_price,Long,2026-09-10T20:16:00Z
2026-09-10T20:13:39Z,2026-09-10T22:13:39+0200,e039fd7a-370f-4751-ae35-4bab387b3e13,2026-09-08T16:00:00Z,2026-09-08T18:00:00+0200,235.67,EUR/MWh,ES,ES,imbalance_price,Short,2026-09-10T20:16:00Z
2026-09-10T20:13:39Z,2026-09-10T22:13:39+0200,e039fd7a-370f-4751-ae35-4bab387b3e13,2026-09-08T16:15:00Z,2026-09-08T18:15:00+0200,28.26,EUR/MWh,ES,ES,imbalance_price,Long,2026-09-10T20:16:00Z
2026-09-10T20:13:39Z,2026-09-10T22:13:39+0200,e039fd7a-370f-4751-ae35-4bab387b3e13,2026-09-08T16:15:00Z,2026-09-08T18:15:00+0200,226.23,EUR/MWh,ES,ES,imbalance_price,Short,2026-09-10T20:16:00Z
2026-09-10T20:13:39Z,2026-09-10T22:13:39+0200,e039fd7a-370f-4751-ae35-4bab387b3e13,2026-09-08T16:30:00Z,2026-09-08T18:30:00+0200,23.59,EUR/MWh,ES,ES,imbalance_price,Long,2026-09-10T20:16:00Z
2026-09-10T20:13:39Z,2026-09-10T22:13:39+0200,e039fd7a-370f-4751-ae35-4bab387b3e13,2026-09-08T16:30:00Z,2026-09-08T18:30:00+0200,221.38,EUR/MWh,ES,ES,imbalance_price,Short,2026-09-10T20:16:00Z
2026-09-10T20:13:39Z,2026-09-10T22:13:39+0200,e039fd7a-370f-4751-ae35-4bab387b3e13,2026-09-08T16:45:00Z,2026-09-08T18:45:00+0200,9.95,EUR/MWh,ES,ES,imbalance_price,Long,2026-09-10T20:16:00Z
2026-09-10T20:13:39Z,2026-09-10T22:13:39+0200,e039fd7a-370f-4751-ae35-4bab387b3e13,2026-09-08T16:45:00Z,2026-09-08T18:45:00+0200,250.52,EUR/MWh,ES,ES,imbalance_price,Short,2026-09-10T20:16:00Z
2026-09-10T20:13:39Z,2026-09-10T22:13:39+0200,e039fd7a-370f-4751-ae35-4bab387b3e13,2026-09-08T17:00:00Z,2026-09-08T19:00:00+0200,187.41,EUR/MWh,ES,ES,imbalance_price,Long,2026-09-10T20:16:00Z
2026-09-10T20:13:39Z,2026-09-10T22:13:39+0200,e039fd7a-370f-4751-ae35-4bab387b3e13,2026-09-08T17:00:00Z,2026-09-08T19:00:00+0200,187.41,EUR/MWh,ES,ES,imbalance_price,Short,2026-09-10T20:16:00Z
2026-09-10T20:13:39Z,2026-09-10T22:13:39+0200,e039fd7a-370f-4751-ae35-4bab387b3e13,2026-09-08T17:15:00Z,2026-09-08T19:15:00+0200,99.18,EUR/MWh,ES,ES,imbalance_price,Long,2026-09-10T20:16:00Z
2026-09-10T20:13:39Z,2026-09-10T22:13:39+0200,e039fd7a-370f-4751-ae35-4bab387b3e13,2026-09-08T17:15:00Z,2026-09-08T19:15:00+0200,249.13,EUR/MWh,ES,ES,imbalance_price,Short,2026-09-10T20:16:00Z
2026-09-10T20:13:39Z,2026-09-10T22:13:39+0200,e039fd7a-370f-4751-ae35-4bab387b3e13,2026-09-08T17:30:00Z,2026-09-08T19:30:00+0200,129.04,EUR/MWh,ES,ES,imbalance_price,Long,2026-09-10T20:16:00Z
2026-09-10T20:13:39Z,2026-09-10T22:13:39+0200,e039fd7a-370f-4751-ae35-4bab387b3e13,2026-09-08T17:30:00Z,2026-09-08T19:30:00+0200,195.72,EUR/MWh,ES,ES,imbalance_price,Short,2026-09-10T20:16:00Z
2026-09-10T20:13:39Z,2026-09-10T22:13:39+0200,e039fd7a-370f-4751-ae35-4bab387b3e13,2026-09-08T17:45:00Z,2026-09-08T19:45:00+0200,194.77,EUR/MWh,ES,ES,imbalance_price,Long,2026-09-10T20:16:00Z
2026-09-10T20:13:39Z,2026-09-10T22:13:39+0200,e039fd7a-370f-4751-ae35-4bab387b3e13,2026-09-08T17:45:00Z,2026-09-08T19:45:00+0200,194.77,EUR/MWh,ES,ES,imbalance_price,Short,2026-09-10T20:16:00Z
2026-09-10T20:13:39Z,2026-09-10T22:13:39+0200,e039fd7a-370f-4751-ae35-4bab387b3e13,2026-09-08T18:00:00Z,2026-09-08T20:00:00+0200,187.0,EUR/MWh,ES,ES,imbalance_price,Long,2026-09-10T20:16:00Z
2026-09-10T20:13:39Z,2026-09-10T22:13:39+0200,e039fd7a-370f-4751-ae35-4bab387b3e13,2026-09-08T18:00:00Z,2026-09-08T20:00:00+0200,187.0,EUR/MWh,ES,ES,imbalance_price,Short,2026-09-10T20:16:00Z
2026-09-10T20:13:39Z,2026-09-10T22:13:39+0200,e039fd7a-370f-4751-ae35-4bab387b3e13,2026-09-08T18:15:00Z,2026-09-08T20:15:00+0200,191.64,EUR/MWh,ES,ES,imbalance_price,Long,2026-09-10T20:16:00Z
2026-09-10T20:13:39Z,2026-09-10T22:13:39+0200,e039fd7a-370f-4751-ae35-4bab387b3e13,2026-09-08T18:15:00Z,2026-09-08T20:15:00+0200,191.64,EUR/MWh,ES,ES,imbalance_price,Short,2026-09-10T20:16:00Z
2026-09-10T20:13:39Z,2026-09-10T22:13:39+0200,e039fd7a-370f-4751-ae35-4bab387b3e13,2026-09-08T18:30:00Z,2026-09-08T20:30:00+0200,201.18,EUR/MWh,ES,ES,imbalance_price,Long,2026-09-10T20:16:00Z
2026-09-10T20:13:39Z,2026-09-10T22:13:39+0200,e039fd7a-370f-4751-ae35-4bab387b3e13,2026-09-08T18:30:00Z,2026-09-08T20:30:00+0200,201.18,EUR/MWh,ES,ES,imbalance_price,Short,2026-09-10T20:16:00Z
2026-09-10T20:13:39Z,2026-09-10T22:13:39+0200,e039fd7a-370f-4751-ae35-4bab387b3e13,2026-09-08T18:45:00Z,2026-09-08T20:45:00+0200,201.09,EUR/MWh,ES,ES,imbalance_price,Long,2026-09-10T20:16:00Z
2026-09-10T20:13:39Z,2026-09-10T22:13:39+0200,e039fd7a-370f-4751-ae35-4bab387b3e13,2026-09-08T18:45:00Z,2026-09-08T20:45:00+0200,201.09,EUR/MWh,ES,ES,imbalance_price,Short,2026-09-10T20:16:00Z
2026-09-10T20:13:39Z,2026-09-10T22:13:39+0200,e039fd7a-370f-4751-ae35-4bab387b3e13,2026-09-08T19:00:00Z,2026-09-08T21:00:00+0200,229.3,EUR/MWh,ES,ES,imbalance_price,Long,2026-09-10T20:16:00Z
2026-09-10T20:13:39Z,2026-09-10T22:13:39+0200,e039fd7a-370f-4751-ae35-4bab387b3e13,2026-09-08T19:00:00Z,2026-09-08T21:00:00+0200,229.3,EUR/MWh,ES,ES,imbalance_price,Short,2026-09-10T20:16:00Z
2026-09-10T20:13:39Z,2026-09-10T22:13:39+0200,e039fd7a-370f-4751-ae35-4bab387b3e13,2026-09-08T19:15:00Z,2026-09-08T21:15:00+0200,159.29,EUR/MWh,ES,ES,imbalance_price,Long,2026-09-10T20:16:00Z
2026-09-10T20:13:39Z,2026-09-10T22:13:39+0200,e039fd7a-370f-4751-ae35-4bab387b3e13,2026-09-08T19:15:00Z,2026-09-08T21:15:00+0200,232.7,EUR/MWh,ES,ES,imbalance_price,Short,2026-09-10T20:16:00Z
2026-09-10T20:13:39Z,2026-09-10T22:13:39+0200,e039fd7a-370f-4751-ae35-4bab387b3e13,2026-09-08T19:30:00Z,2026-09-08T21:30:00+0200,188.96,EUR/MWh,ES,ES,imbalance_price,Long,2026-09-10T20:16:00Z
2026-09-10T20:13:39Z,2026-09-10T22:13:39+0200,e039fd7a-370f-4751-ae35-4bab387b3e13,2026-09-08T19:30:00Z,2026-09-08T21:30:00+0200,198.77,EUR/MWh,ES,ES,imbalance_price,Short,2026-09-10T20:16:00Z
2026-09-10T20:13:39Z,2026-09-10T22:13:39+0200,e039fd7a-370f-4751-ae35-4bab387b3e13,2026-09-08T19:45:00Z,2026-09-08T21:45:00+0200,169.05,EUR/MWh,ES,ES,imbalance_price,Long,2026-09-10T20:16:00Z
2026-09-10T20:13:39Z,2026-09-10T22:13:39+0200,e039fd7a-370f-4751-ae35-4bab387b3e13,2026-09-08T19:45:00Z,2026-09-08T21:45:00+0200,185.7,EUR/MWh,ES,ES,imbalance_price,Short,2026-09-10T20:16:00Z
2026-09-10T20:13:39Z,2026-09-10T22:13:39+0200,e039fd7a-370f-4751-ae35-4bab387b3e13,2026-09-08T20:00:00Z,2026-09-08T22:00:00+0200,192.16,EUR/MWh,ES,ES,imbalance_price,Long,2026-09-10T20:16:00Z
2026-09-10T20:13:39Z,2026-09-10T22:13:39+0200,e039fd7a-370f-4751-ae35-4bab387b3e13,2026-09-08T20:00:00Z,2026-09-08T22:00:00+0200,192.16,EUR/MWh,ES,ES,imbalance_price,Short,2026-09-10T20:16:00Z
2026-09-10T20:13:39Z,2026-09-10T22:13:39+0200,e039fd7a-370f-4751-ae35-4bab387b3e13,2026-09-08T20:15:00Z,2026-09-08T22:15:00+0200,175.08,EUR/MWh,ES,ES,imbalance_price,Long,2026-09-10T20:16:00Z
2026-09-10T20:13:39Z,2026-09-10T22:13:39+0200,e039fd7a-370f-4751-ae35-4bab387b3e13,2026-09-08T20:15:00Z,2026-09-08T22:15:00+0200,175.08,EUR/MWh,ES,ES,imbalance_price,Short,2026-09-10T20:16:00Z
2026-09-10T20:13:39Z,2026-09-10T22:13:39+0200,e039fd7a-370f-4751-ae35-4bab387b3e13,2026-09-08T20:30:00Z,2026-09-08T22:30:00+0200,183.28,EUR/MWh,ES,ES,imbalance_price,Long,2026-09-10T20:16:00Z
2026-09-10T20:13:39Z,2026-09-10T22:13:39+0200,e039fd7a-370f-4751-ae35-4bab387b3e13,2026-09-08T20:30:00Z,2026-09-08T22:30:00+0200,183.28,EUR/MWh,ES,ES,imbalance_price,Short,2026-09-10T20:16:00Z
2026-09-10T20:13:39Z,2026-09-10T22:13:39+0200,e039fd7a-370f-4751-ae35-4bab387b3e13,2026-09-08T20:45:00Z,2026-09-08T22:45:00+0200,142.17,EUR/MWh,ES,ES,imbalance_price,Long,2026-09-10T20:16:00Z
2026-09-10T20:13:39Z,2026-09-10T22:13:39+0200,e039fd7a-370f-4751-ae35-4bab387b3e13,2026-09-08T20:45:00Z,2026-09-08T22:45:00+0200,175.61,EUR/MWh,ES,ES,imbalance_price,Short,2026-09-10T20:16:00Z
2026-09-10T20:13:39Z,2026-09-10T22:13:39+0200,e039fd7a-370f-4751-ae35-4bab387b3e13,2026-09-08T21:00:00Z,2026-09-08T23:00:00+0200,187.42,EUR/MWh,ES,ES,imbalance_price,Long,2026-09-10T20:16:00Z
2026-09-10T20:13:39Z,2026-09-10T22:13:39+0200,e039fd7a-370f-4751-ae35-4bab387b3e13,2026-09-08T21:00:00Z,2026-09-08T23:00:00+0200,187.42,EUR/MWh,ES,ES,imbalance_price,Short,2026-09-10T20:16:00Z
2026-09-10T20:13:39Z,2026-09-10T22:13:39+0200,e039fd7a-370f-4751-ae35-4bab387b3e13,2026-09-08T21:15:00Z,2026-09-08T23:15:00+0200,120.79,EUR/MWh,ES,ES,imbalance_price,Long,2026-09-10T20:16:00Z
2026-09-10T20:13:39Z,2026-09-10T22:13:39+0200,e039fd7a-370f-4751-ae35-4bab387b3e13,2026-09-08T21:15:00Z,2026-09-08T23:15:00+0200,187.44,EUR/MWh,ES,ES,imbalance_price,Short,2026-09-10T20:16:00Z
2026-09-10T20:13:39Z,2026-09-10T22:13:39+0200,e039fd7a-370f-4751-ae35-4bab387b3e13,2026-09-08T21:30:00Z,2026-09-08T23:30:00+0200,106.71,EUR/MWh,ES,ES,imbalance_price,Long,2026-09-10T20:16:00Z
2026-09-10T20:13:39Z,2026-09-10T22:13:39+0200,e039fd7a-370f-4751-ae35-4bab387b3e13,2026-09-08T21:30:00Z,2026-09-08T23:30:00+0200,187.43,EUR/MWh,ES,ES,imbalance_price,Short,2026-09-10T20:16:00Z
2026-09-10T20:13:39Z,2026-09-10T22:13:39+0200,e039fd7a-370f-4751-ae35-4bab387b3e13,2026-09-08T21:45:00Z,2026-09-08T23:45:00+0200,82.16,EUR/MWh,ES,ES,imbalance_price,Long,2026-09-10T20:16:00Z
2026-09-10T20:13:39Z,2026-09-10T22:13:39+0200,e039fd7a-370f-4751-ae35-4bab387b3e13,2026-09-08T21:45:00Z,2026-09-08T23:45:00+0200,187.66,EUR/MWh,ES,ES,imbalance_price,Short,2026-09-10T20:16:00Z
2026-09-10T20:13:39Z,2026-09-10T22:13:39+0200,e039fd7a-370f-4751-ae35-4bab387b3e13,2026-09-08T22:00:00Z,2026-09-09T00:00:00+0200,91.44,EUR/MWh,ES,ES,imbalance_price,Long,2026-09-10T20:16:00Z
2026-09-10T20:13:39Z,2026-09-10T22:13:39+0200,e039fd7a-370f-4751-ae35-4bab387b3e13,2026-09-08T22:00:00Z,2026-09-09T00:00:00+0200,184.01,EUR/MWh,ES,ES,imbalance_price,Short,2026-09-10T20:16:00Z
2026-09-10T20:13:39Z,2026-09-10T22:13:39+0200,e039fd7a-370f-4751-ae35-4bab387b3e13,2026-09-08T22:15:00Z,2026-09-09T00:15:00+0200,130.55,EUR/MWh,ES,ES,imbalance_price,Long,2026-09-10T20:16:00Z
2026-09-10T20:13:39Z,2026-09-10T22:13:39+0200,e039fd7a-370f-4751-ae35-4bab387b3e13,2026-09-08T22:15:00Z,2026-09-09T00:15:00+0200,179.28,EUR/MWh,ES,ES,imbalance_price,Short,2026-09-10T20:16:00Z
2026-09-10T20:13:39Z,2026-09-10T22:13:39+0200,e039fd7a-370f-4751-ae35-4bab387b3e13,2026-09-08T22:30:00Z,2026-09-09T00:30:00+0200,197.44,EUR/MWh,ES,ES,imbalance_price,Long,2026-09-10T20:16:00Z
2026-09-10T20:13:39Z,2026-09-10T22:13:39+0200,e039fd7a-370f-4751-ae35-4bab387b3e13,2026-09-08T22:30:00Z,2026-09-09T00:30:00+0200,197.44,EUR/MWh,ES,ES,imbalance_price,Short,2026-09-10T20:16:00Z
2026-09-10T20:13:39Z,2026-09-10T22:13:39+0200,e039fd7a-370f-4751-ae35-4bab387b3e13,2026-09-08T22:45:00Z,2026-09-09T00:45:00+0200,173.23,EUR/MWh,ES,ES,imbalance_price,Long,2026-09-10T20:16:00Z
2026-09-10T20:13:39Z,2026-09-10T22:13:39+0200,e039fd7a-370f-4751-ae35-4bab387b3e13,2026-09-08T22:45:00Z,2026-09-09T00:45:00+0200,173.23,EUR/MWh,ES,ES,imbalance_price,Short,2026-09-10T20:16:00Z
2026-09-10T20:13:39Z,2026-09-10T22:13:39+0200,e039fd7a-370f-4751-ae35-4bab387b3e13,2026-09-08T23:00:00Z,2026-09-09T01:00:00+0200,203.07,EUR/MWh,ES,ES,imbalance_price,Long,2026-09-10T20:16:00Z
2026-09-10T20:13:39Z,2026-09-10T22:13:39+0200,e039fd7a-370f-4751-ae35-4bab387b3e13,2026-09-08T23:00:00Z,2026-09-09T01:00:00+0200,203.07,EUR/MWh,ES,ES,imbalance_price,Short,2026-09-10T20:16:00Z
2026-09-10T20:13:39Z,2026-09-10T22:13:39+0200,e039fd7a-370f-4751-ae35-4bab387b3e13,2026-09-08T23:15:00Z,2026-09-09T01:15:00+0200,240.55,EUR/MWh,ES,ES,imbalance_price,Long,2026-09-10T20:16:00Z
2026-09-10T20:13:39Z,2026-09-10T22:13:39+0200,e039fd7a-370f-4751-ae35-4bab387b3e13,2026-09-08T23:15:00Z,2026-09-09T01:15:00+0200,240.55,EUR/MWh,ES,ES,imbalance_price,Short,2026-09-10T20:16:00Z
2026-09-10T20:13:39Z,2026-09-10T22:13:39+0200,e039fd7a-370f-4751-ae35-4bab387b3e13,2026-09-08T23:30:00Z,2026-09-09T01:30:00+0200,194.71,EUR/MWh,ES,ES,imbalance_price,Long,2026-09-10T20:16:00Z
2026-09-10T20:13:39Z,2026-09-10T22:13:39+0200,e039fd7a-370f-4751-ae35-4bab387b3e13,2026-09-08T23:30:00Z,2026-09-09T01:30:00+0200,194.71,EUR/MWh,ES,ES,imbalance_price,Short,2026-09-10T20:16:00Z
2026-09-10T20:13:39Z,2026-09-10T22:13:39+0200,e039fd7a-370f-4751-ae35-4bab387b3e13,2026-09-08T23:45:00Z,2026-09-09T01:45:00+0200,191.75,EUR/MWh,ES,ES,imbalance_price,Long,2026-09-10T20:16:00Z
2026-09-10T20:13:39Z,2026-09-10T22:13:39+0200,e039fd7a-370f-4751-ae35-4bab387b3e13,2026-09-08T23:45:00Z,2026-09-09T01:45:00+0200,191.75,EUR/MWh,ES,ES,imbalance_price,Short,2026-09-10T20:16:00Z
2026-09-10T20:13:39Z,2026-09-10T22:13:39+0200,e039fd7a-370f-4751-ae35-4bab387b3e13,2026-09-09T00:00:00Z,2026-09-09T02:00:00+0200,237.72,EUR/MWh,ES,ES,imbalance_price,Long,2026-09-10T20:16:00Z
2026-09-10T20:13:39Z,2026-09-10T22:13:39+0200,e039fd7a-370f-4751-ae35-4bab387b3e13,2026-09-09T00:00:00Z,2026-09-09T02:00:00+0200,237.72,EUR/MWh,ES,ES,imbalance_price,Short,2026-09-10T20:16:00Z
2026-09-10T20:13:39Z,2026-09-10T22:13:39+0200,e039fd7a-370f-4751-ae35-4bab387b3e13,2026-09-09T00:15:00Z,2026-09-09T02:15:00+0200,206.87,EUR/MWh,ES,ES,imbalance_price,Long,2026-09-10T20:16:00Z
2026-09-10T20:13:39Z,2026-09-10T22:13:39+0200,e039fd7a-370f-4751-ae35-4bab387b3e13,2026-09-09T00:15:00Z,2026-09-09T02:15:00+0200,206.87,EUR/MWh,ES,ES,imbalance_price,Short,2026-09-10T20:16:00Z
2026-09-10T20:13:39Z,2026-09-10T22:13:39+0200,e039fd7a-370f-4751-ae35-4bab387b3e13,2026-09-09T00:30:00Z,2026-09-09T02:30:00+0200,188.11,EUR/MWh,ES,ES,imbalance_price,Long,2026-09-10T20:16:00Z
2026-09-10T20:13:39Z,2026-09-10T22:13:39+0200,e039fd7a-370f-4751-ae35-4bab387b3e13,2026-09-09T00:30:00Z,2026-09-09T02:30:00+0200,188.11,EUR/MWh,ES,ES,imbalance_price,Short,2026-09-10T20:16:00Z
2026-09-10T20:13:39Z,2026-09-10T22:13:39+0200,e039fd7a-370f-4751-ae35-4bab387b3e13,2026-09-09T00:45:00Z,2026-09-09T02:45:00+0200,182.99,EUR/MWh,ES,ES,imbalance_price,Long,2026-09-10T20:16:00Z
2026-09-10T20:13:39Z,2026-09-10T22:13:39+0200,e039fd7a-370f-4751-ae35-4bab387b3e13,2026-09-09T00:45:00Z,2026-09-09T02:45:00+0200,182.99,EUR/MWh,ES,ES,imbalance_price,Short,2026-09-10T20:16:00Z
2026-09-10T20:13:39Z,2026-09-10T22:13:39+0200,e039fd7a-370f-4751-ae35-4bab387b3e13,2026-09-09T01:00:00Z,2026-09-09T03:00:00+0200,178.77,EUR/MWh,ES,ES,imbalance_price,Long,2026-09-10T20:16:00Z
2026-09-10T20:13:39Z,2026-09-10T22:13:39+0200,e039fd7a-370f-4751-ae35-4bab387b3e13,2026-09-09T01:00:00Z,2026-09-09T03:00:00+0200,178.77,EUR/MWh,ES,ES,imbalance_price,Short,2026-09-10T20:16:00Z
2026-09-10T20:13:39Z,2026-09-10T22:13:39+0200,e039fd7a-370f-4751-ae35-4bab387b3e13,2026-09-09T01:15:00Z,2026-09-09T03:15:00+0200,176.35,EUR/MWh,ES,ES,imbalance_price,Long,2026-09-10T20:16:00Z
2026-09-10T20:13:39Z,2026-09-10T22:13:39+0200,e039fd7a-370f-4751-ae35-4bab387b3e13,2026-09-09T01:15:00Z,2026-09-09T03:15:00+0200,176.35,EUR/MWh,ES,ES,imbalance_price,Short,2026-09-10T20:16:00Z
2026-09-10T20:13:39Z,2026-09-10T22:13:39+0200,e039fd7a-370f-4751-ae35-4bab387b3e13,2026-09-09T01:30:00Z,2026-09-09T03:30:00+0200,173.28,EUR/MWh,ES,ES,imbalance_price,Long,2026-09-10T20:16:00Z
2026-09-10T20:13:39Z,2026-09-10T22:13:39+0200,e039fd7a-370f-4751-ae35-4bab387b3e13,2026-09-09T01:30:00Z,2026-09-09T03:30:00+0200,173.28,EUR/MWh,ES,ES,imbalance_price,Short,2026-09-10T20:16:00Z
2026-09-10T20:13:39Z,2026-09-10T22:13:39+0200,e039fd7a-370f-4751-ae35-4bab387b3e13,2026-09-09T01:45:00Z,2026-09-09T03:45:00+0200,171.32,EUR/MWh,ES,ES,imbalance_price,Long,2026-09-10T20:16:00Z
2026-09-10T20:13:39Z,2026-09-10T22:13:39+0200,e039fd7a-370f-4751-ae35-4bab387b3e13,2026-09-09T01:45:00Z,2026-09-09T03:45:00+0200,171.32,EUR/MWh,ES,ES,imbalance_price,Short,2026-09-10T20:16:00Z
2026-09-10T20:13:39Z,2026-09-10T22:13:39+0200,e039fd7a-370f-4751-ae35-4bab387b3e13,2026-09-09T02:00:00Z,2026-09-09T04:00:00+0200,177.28,EUR/MWh,ES,ES,imbalance_price,Long,2026-09-10T20:16:00Z
2026-09-10T20:13:39Z,2026-09-10T22:13:39+0200,e039fd7a-370f-4751-ae35-4bab387b3e13,2026-09-09T02:00:00Z,2026-09-09T04:00:00+0200,177.28,EUR/MWh,ES,ES,imbalance_price,Short,2026-09-10T20:16:00Z
2026-09-10T20:13:39Z,2026-09-10T22:13:39+0200,e039fd7a-370f-4751-ae35-4bab387b3e13,2026-09-09T02:15:00Z,2026-09-09T04:15:00+0200,177.54,EUR/MWh,ES,ES,imbalance_price,Long,2026-09-10T20:16:00Z
2026-09-10T20:13:39Z,2026-09-10T22:13:39+0200,e039fd7a-370f-4751-ae35-4bab387b3e13,2026-09-09T02:15:00Z,2026-09-09T04:15:00+0200,177.54,EUR/MWh,ES,ES,imbalance_price,Short,2026-09-10T20:16:00Z
2026-09-10T20:13:39Z,2026-09-10T22:13:39+0200,e039fd7a-370f-4751-ae35-4bab387b3e13,2026-09-09T02:30:00Z,2026-09-09T04:30:00+0200,176.79,EUR/MWh,ES,ES,imbalance_price,Long,2026-09-10T20:16:00Z
2026-09-10T20:13:39Z,2026-09-10T22:13:39+0200,e039fd7a-370f-4751-ae35-4bab387b3e13,2026-09-09T02:30:00Z,2026-09-09T04:30:00+0200,176.79,EUR/MWh,ES,ES,imbalance_price,Short,2026-09-10T20:16:00Z
2026-09-10T20:13:39Z,2026-09-10T22:13:39+0200,e039fd7a-370f-4751-ae35-4bab387b3e13,2026-09-09T02:45:00Z,2026-09-09T04:45:00+0200,172.38,EUR/MWh,ES,ES,imbalance_price,Long,2026-09-10T20:16:00Z
2026-09-10T20:13:39Z,2026-09-10T22:13:39+0200,e039fd7a-370f-4751-ae35-4bab387b3e13,2026-09-09T02:45:00Z,2026-09-09T04:45:00+0200,172.38,EUR/MWh,ES,ES,imbalance_price,Short,2026-09-10T20:16:00Z
2026-09-10T20:13:39Z,2026-09-10T22:13:39+0200,e039fd7a-370f-4751-ae35-4bab387b3e13,2026-09-09T03:00:00Z,2026-09-09T05:00:00+0200,191.44,EUR/MWh,ES,ES,imbalance_price,Long,2026-09-10T20:16:00Z
2026-09-10T20:13:39Z,2026-09-10T22:13:39+0200,e039fd7a-370f-4751-ae35-4bab387b3e13,2026-09-09T03:00:00Z,2026-09-09T05:00:00+0200,191.44,EUR/MWh,ES,ES,imbalance_price,Short,2026-09-10T20:16:00Z
2026-09-10T20:13:39Z,2026-09-10T22:13:39+0200,e039fd7a-370f-4751-ae35-4bab387b3e13,2026-09-09T03:15:00Z,2026-09-09T05:15:00+0200,178.42,EUR/MWh,ES,ES,imbalance_price,Long,2026-09-10T20:16:00Z
2026-09-10T20:13:39Z,2026-09-10T22:13:39+0200,e039fd7a-370f-4751-ae35-4bab387b3e13,2026-09-09T03:15:00Z,2026-09-09T05:15:00+0200,178.42,EUR/MWh,ES,ES,imbalance_price,Short,2026-09-10T20:16:00Z
2026-09-10T20:13:39Z,2026-09-10T22:13:39+0200,e039fd7a-370f-4751-ae35-4bab387b3e13,2026-09-09T03:30:00Z,2026-09-09T05:30:00+0200,186.6,EUR/MWh,ES,ES,imbalance_price,Long,2026-09-10T20:16:00Z
2026-09-10T20:13:39Z,2026-09-10T22:13:39+0200,e039fd7a-370f-4751-ae35-4bab387b3e13,2026-09-09T03:30:00Z,2026-09-09T05:30:00+0200,186.6,EUR/MWh,ES,ES,imbalance_price,Short,2026-09-10T20:16:00Z
2026-09-10T20:13:39Z,2026-09-10T22:13:39+0200,e039fd7a-370f-4751-ae35-4bab387b3e13,2026-09-09T03:45:00Z,2026-09-09T05:45:00+0200,178.46,EUR/MWh,ES,ES,imbalance_price,Long,2026-09-10T20:16:00Z
2026-09-10T20:13:39Z,2026-09-10T22:13:39+0200,e039fd7a-370f-4751-ae35-4bab387b3e13,2026-09-09T03:45:00Z,2026-09-09T05:45:00+0200,178.46,EUR/MWh,ES,ES,imbalance_price,Short,2026-09-10T20:16:00Z
2026-09-10T20:13:39Z,2026-09-10T22:13:39+0200,e039fd7a-370f-4751-ae35-4bab387b3e13,2026-09-09T04:00:00Z,2026-09-09T06:00:00+0200,174.42,EUR/MWh,ES,ES,imbalance_price,Long,2026-09-10T20:16:00Z
2026-09-10T20:13:39Z,2026-09-10T22:13:39+0200,e039fd7a-370f-4751-ae35-4bab387b3e13,2026-09-09T04:00:00Z,2026-09-09T06:00:00+0200,174.42,EUR/MWh,ES,ES,imbalance_price,Short,2026-09-10T20:16:00Z
2026-09-10T20:13:39Z,2026-09-10T22:13:39+0200,e039fd7a-370f-4751-ae35-4bab387b3e13,2026-09-09T04:15:00Z,2026-09-09T06:15:00+0200,127.08,EUR/MWh,ES,ES,imbalance_price,Long,2026-09-10T20:16:00Z
2026-09-10T20:13:39Z,2026-09-10T22:13:39+0200,e039fd7a-370f-4751-ae35-4bab387b3e13,2026-09-09T04:15:00Z,2026-09-09T06:15:00+0200,179.25,EUR/MWh,ES,ES,imbalance_price,Short,2026-09-10T20:16:00Z
2026-09-10T20:13:39Z,2026-09-10T22:13:39+0200,e039fd7a-370f-4751-ae35-4bab387b3e13,2026-09-09T04:30:00Z,2026-09-09T06:30:00+0200,84.27,EUR/MWh,ES,ES,imbalance_price,Long,2026-09-10T20:16:00Z
2026-09-10T20:13:39Z,2026-09-10T22:13:39+0200,e039fd7a-370f-4751-ae35-4bab387b3e13,2026-09-09T04:30:00Z,2026-09-09T06:30:00+0200,192.45,EUR/MWh,ES,ES,imbalance_price,Short,2026-09-10T20:16:00Z
2026-09-10T20:13:39Z,2026-09-10T22:13:39+0200,e039fd7a-370f-4751-ae35-4bab387b3e13,2026-09-09T04:45:00Z,2026-09-09T06:45:00+0200,82.12,EUR/MWh,ES,ES,imbalance_price,Long,2026-09-10T20:16:00Z
2026-09-10T20:13:39Z,2026-09-10T22:13:39+0200,e039fd7a-370f-4751-ae35-4bab387b3e13,2026-09-09T04:45:00Z,2026-09-09T06:45:00+0200,184.47,EUR/MWh,ES,ES,imbalance_price,Short,2026-09-10T20:16:00Z
2026-09-10T20:13:39Z,2026-09-10T22:13:39+0200,e039fd7a-370f-4751-ae35-4bab387b3e13,2026-09-09T05:00:00Z,2026-09-09T07:00:00+0200,121.23,EUR/MWh,ES,ES,imbalance_price,Long,2026-09-10T20:16:00Z
2026-09-10T20:13:39Z,2026-09-10T22:13:39+0200,e039fd7a-370f-4751-ae35-4bab387b3e13,2026-09-09T05:00:00Z,2026-09-09T07:00:00+0200,179.91,EUR/MWh,ES,ES,imbalance_price,Short,2026-09-10T20:16:00Z
2026-09-10T20:13:39Z,2026-09-10T22:13:39+0200,e039fd7a-370f-4751-ae35-4bab387b3e13,2026-09-09T05:15:00Z,2026-09-09T07:15:00+0200,171.75,EUR/MWh,ES,ES,imbalance_price,Long,2026-09-10T20:16:00Z
2026-09-10T20:13:39Z,2026-09-10T22:13:39+0200,e039fd7a-370f-4751-ae35-4bab387b3e13,2026-09-09T05:15:00Z,2026-09-09T07:15:00+0200,171.75,EUR/MWh,ES,ES,imbalance_price,Short,2026-09-10T20:16:00Z
2026-09-10T20:13:39Z,2026-09-10T22:13:39+0200,e039fd7a-370f-4751-ae35-4bab387b3e13,2026-09-09T05:30:00Z,2026-09-09T07:30:00+0200,181.33,EUR/MWh,ES,ES,imbalance_price,Long,2026-09-10T20:16:00Z
2026-09-10T20:13:39Z,2026-09-10T22:13:39+0200,e039fd7a-370f-4751-ae35-4bab387b3e13,2026-09-09T05:30:00Z,2026-09-09T07:30:00+0200,181.33,EUR/MWh,ES,ES,imbalance_price,Short,2026-09-10T20:16:00Z
2026-09-10T20:13:39Z,2026-09-10T22:13:39+0200,e039fd7a-370f-4751-ae35-4bab387b3e13,2026-09-09T05:45:00Z,2026-09-09T07:45:00+0200,192.24,EUR/MWh,ES,ES,imbalance_price,Long,2026-09-10T20:16:00Z
2026-09-10T20:13:39Z,2026-09-10T22:13:39+0200,e039fd7a-370f-4751-ae35-4bab387b3e13,2026-09-09T05:45:00Z,2026-09-09T07:45:00+0200,192.24,EUR/MWh,ES,ES,imbalance_price,Short,2026-09-10T20:16:00Z
2026-09-10T20:13:39Z,2026-09-10T22:13:39+0200,e039fd7a-370f-4751-ae35-4bab387b3e13,2026-09-09T06:00:00Z,2026-09-09T08:00:00+0200,193.42,EUR/MWh,ES,ES,imbalance_price,Long,2026-09-10T20:16:00Z
2026-09-10T20:13:39Z,2026-09-10T22:13:39+0200,e039fd7a-370f-4751-ae35-4bab387b3e13,2026-09-09T06:00:00Z,2026-09-09T08:00:00+0200,193.42,EUR/MWh,ES,ES,imbalance_price,Short,2026-09-10T20:16:00Z
2026-09-10T20:13:39Z,2026-09-10T22:13:39+0200,e039fd7a-370f-4751-ae35-4bab387b3e13,2026-09-09T06:15:00Z,2026-09-09T08:15:00+0200,273.85,EUR/MWh,ES,ES,imbalance_price,Long,2026-09-10T20:16:00Z
2026-09-10T20:13:39Z,2026-09-10T22:13:39+0200,e039fd7a-370f-4751-ae35-4bab387b3e13,2026-09-09T06:15:00Z,2026-09-09T08:15:00+0200,273.85,EUR/MWh,ES,ES,imbalance_price,Short,2026-09-10T20:16:00Z
2026-09-10T20:13:39Z,2026-09-10T22:13:39+0200,e039fd7a-370f-4751-ae35-4bab387b3e13,2026-09-09T06:30:00Z,2026-09-09T08:30:00+0200,235.86,EUR/MWh,ES,ES,imbalance_price,Long,2026-09-10T20:16:00Z
2026-09-10T20:13:39Z,2026-09-10T22:13:39+0200,e039fd7a-370f-4751-ae35-4bab387b3e13,2026-09-09T06:30:00Z,2026-09-09T08:30:00+0200,235.86,EUR/MWh,ES,ES,imbalance_price,Short,2026-09-10T20:16:00Z
2026-09-10T20:13:39Z,2026-09-10T22:13:39+0200,e039fd7a-370f-4751-ae35-4bab387b3e13,2026-09-09T06:45:00Z,2026-09-09T08:45:00+0200,178.76,EUR/MWh,ES,ES,imbalance_price,Long,2026-09-10T20:16:00Z
2026-09-10T20:13:39Z,2026-09-10T22:13:39+0200,e039fd7a-370f-4751-ae35-4bab387b3e13,2026-09-09T06:45:00Z,2026-09-09T08:45:00+0200,178.76,EUR/MWh,ES,ES,imbalance_price,Short,2026-09-10T20:16:00Z
2026-09-10T20:13:39Z,2026-09-10T22:13:39+0200,e039fd7a-370f-4751-ae35-4bab387b3e13,2026-09-09T07:00:00Z,2026-09-09T09:00:00+0200,-35.88,EUR/MWh,ES,ES,imbalance_price,Long,2026-09-10T20:16:00Z
2026-09-10T20:13:39Z,2026-09-10T22:13:39+0200,e039fd7a-370f-4751-ae35-4bab387b3e13,2026-09-09T07:00:00Z,2026-09-09T09:00:00+0200,243.82,EUR/MWh,ES,ES,imbalance_price,Short,2026-09-10T20:16:00Z
2026-09-10T20:13:39Z,2026-09-10T22:13:39+0200,e039fd7a-370f-4751-ae35-4bab387b3e13,2026-09-09T07:15:00Z,2026-09-09T09:15:00+0200,-364.37,EUR/MWh,ES,ES,imbalance_price,Long,2026-09-10T20:16:00Z
2026-09-10T20:13:39Z,2026-09-10T22:13:39+0200,e039fd7a-370f-4751-ae35-4bab387b3e13,2026-09-09T07:15:00Z,2026-09-09T09:15:00+0200,237.02,EUR/MWh,ES,ES,imbalance_price,Short,2026-09-10T20:16:00Z
2026-09-10T20:13:39Z,2026-09-10T22:13:39+0200,e039fd7a-370f-4751-ae35-4bab387b3e13,2026-09-09T07:30:00Z,2026-09-09T09:30:00+0200,-38.16,EUR/MWh,ES,ES,imbalance_price,Long,2026-09-10T20:16:00Z
2026-09-10T20:13:39Z,2026-09-10T22:13:39+0200,e039fd7a-370f-4751-ae35-4bab387b3e13,2026-09-09T07:30:00Z,2026-09-09T09:30:00+0200,165.42,EUR/MWh,ES,ES,imbalance_price,Short,2026-09-10T20:16:00Z
2026-09-10T20:13:39Z,2026-09-10T22:13:39+0200,e039fd7a-370f-4751-ae35-4bab387b3e13,2026-09-09T07:45:00Z,2026-09-09T09:45:00+0200,-19.47,EUR/MWh,ES,ES,imbalance_price,Long,2026-09-10T20:16:00Z
2026-09-10T20:13:39Z,2026-09-10T22:13:39+0200,e039fd7a-370f-4751-ae35-4bab387b3e13,2026-09-09T07:45:00Z,2026-09-09T09:45:00+0200,172.53,EUR/MWh,ES,ES,imbalance_price,Short,2026-09-10T20:16:00Z
2026-09-10T20:13:39Z,2026-09-10T22:13:39+0200,e039fd7a-370f-4751-ae35-4bab387b3e13,2026-09-09T08:00:00Z,2026-09-09T10:00:00+0200,-175.58,EUR/MWh,ES,ES,imbalance_price,Long,2026-09-10T20:16:00Z
2026-09-10T20:13:39Z,2026-09-10T22:13:39+0200,e039fd7a-370f-4751-ae35-4bab387b3e13,2026-09-09T08:00:00Z,2026-09-09T10:00:00+0200,195.55,EUR/MWh,ES,ES,imbalance_price,Short,2026-09-10T20:16:00Z
2026-09-10T20:13:39Z,2026-09-10T22:13:39+0200,e039fd7a-370f-4751-ae35-4bab387b3e13,2026-09-09T08:15:00Z,2026-09-09T10:15:00+0200,-9.99,EUR/MWh,ES,ES,imbalance_price,Long,2026-09-10T20:16:00Z
2026-09-10T20:13:39Z,2026-09-10T22:13:39+0200,e039fd7a-370f-4751-ae35-4bab387b3e13,2026-09-09T08:15:00Z,2026-09-09T10:15:00+0200,160.99,EUR/MWh,ES,ES,imbalance_price,Short,2026-09-10T20:16:00Z
2026-09-10T20:13:39Z,2026-09-10T22:13:39+0200,e039fd7a-370f-4751-ae35-4bab387b3e13,2026-09-09T08:30:00Z,2026-09-09T10:30:00+0200,-4.41,EUR/MWh,ES,ES,imbalance_price,Long,2026-09-10T20:16:00Z
2026-09-10T20:13:39Z,2026-09-10T22:13:39+0200,e039fd7a-370f-4751-ae35-4bab387b3e13,2026-09-09T08:30:00Z,2026-09-09T10:30:00+0200,-4.41,EUR/MWh,ES,ES,imbalance_price,Short,2026-09-10T20:16:00Z
2026-09-10T20:13:39Z,2026-09-10T22:13:39+0200,e039fd7a-370f-4751-ae35-4bab387b3e13,2026-09-09T08:45:00Z,2026-09-09T10:45:00+0200,-0.69,EUR/MWh,ES,ES,imbalance_price,Long,2026-09-10T20:16:00Z
2026-09-10T20:13:39Z,2026-09-10T22:13:39+0200,e039fd7a-370f-4751-ae35-4bab387b3e13,2026-09-09T08:45:00Z,2026-09-09T10:45:00+0200,103.42,EUR/MWh,ES,ES,imbalance_price,Short,2026-09-10T20:16:00Z
2026-09-10T20:13:39Z,2026-09-10T22:13:39+0200,e039fd7a-370f-4751-ae35-4bab387b3e13,2026-09-09T09:00:00Z,2026-09-09T11:00:00+0200,-0.5,EUR/MWh,ES,ES,imbalance_price,Long,2026-09-10T20:16:00Z
2026-09-10T20:13:39Z,2026-09-10T22:13:39+0200,e039fd7a-370f-4751-ae35-4bab387b3e13,2026-09-09T09:00:00Z,2026-09-09T11:00:00+0200,85.01,EUR/MWh,ES,ES,imbalance_price,Short,2026-09-10T20:16:00Z
2026-09-10T20:13:39Z,2026-09-10T22:13:39+0200,e039fd7a-370f-4751-ae35-4bab387b3e13,2026-09-09T09:15:00Z,2026-09-09T11:15:00+0200,-0.01,EUR/MWh,ES,ES,imbalance_price,Long,2026-09-10T20:16:00Z
2026-09-10T20:13:39Z,2026-09-10T22:13:39+0200,e039fd7a-370f-4751-ae35-4bab387b3e13,2026-09-09T09:15:00Z,2026-09-09T11:15:00+0200,44.56,EUR/MWh,ES,ES,imbalance_price,Short,2026-09-10T20:16:00Z
2026-09-10T20:13:39Z,2026-09-10T22:13:39+0200,e039fd7a-370f-4751-ae35-4bab387b3e13,2026-09-09T09:30:00Z,2026-09-09T11:30:00+0200,0.0,EUR/MWh,ES,ES,imbalance_price,Long,2026-09-10T20:16:00Z
2026-09-10T20:13:39Z,2026-09-10T22:13:39+0200,e039fd7a-370f-4751-ae35-4bab387b3e13,2026-09-09T09:30:00Z,2026-09-09T11:30:00+0200,7.13,EUR/MWh,ES,ES,imbalance_price,Short,2026-09-10T20:16:00Z
2026-09-10T20:13:39Z,2026-09-10T22:13:39+0200,e039fd7a-370f-4751-ae35-4bab387b3e13,2026-09-09T09:45:00Z,2026-09-09T11:45:00+0200,-2.37,EUR/MWh,ES,ES,imbalance_price,Long,2026-09-10T20:16:00Z
2026-09-10T20:13:39Z,2026-09-10T22:13:39+0200,e039fd7a-370f-4751-ae35-4bab387b3e13,2026-09-09T09:45:00Z,2026-09-09T11:45:00+0200,3.52,EUR/MWh,ES,ES,imbalance_price,Short,2026-09-10T20:16:00Z
2026-09-10T20:13:39Z,2026-09-10T22:13:39+0200,e039fd7a-370f-4751-ae35-4bab387b3e13,2026-09-09T10:00:00Z,2026-09-09T12:00:00+0200,-7.0,EUR/MWh,ES,ES,imbalance_price,Long,2026-09-10T20:16:00Z
2026-09-10T20:13:39Z,2026-09-10T22:13:39+0200,e039fd7a-370f-4751-ae35-4bab387b3e13,2026-09-09T10:00:00Z,2026-09-09T12:00:00+0200,0.0,EUR/MWh,ES,ES,imbalance_price,Short,2026-09-10T20:16:00Z
2026-09-10T20:13:39Z,2026-09-10T22:13:39+0200,e039fd7a-370f-4751-ae35-4bab387b3e13,2026-09-09T10:15:00Z,2026-09-09T12:15:00+0200,-4.43,EUR/MWh,ES,ES,imbalance_price,Long,2026-09-10T20:16:00Z
2026-09-10T20:13:39Z,2026-09-10T22:13:39+0200,e039fd7a-370f-4751-ae35-4bab387b3e13,2026-09-09T10:15:00Z,2026-09-09T12:15:00+0200,-4.43,EUR/MWh,ES,ES,imbalance_price,Short,2026-09-10T20:16:00Z
2026-09-10T20:13:39Z,2026-09-10T22:13:39+0200,e039fd7a-370f-4751-ae35-4bab387b3e13,2026-09-09T10:30:00Z,2026-09-09T12:30:00+0200,-0.44,EUR/MWh,ES,ES,imbalance_price,Long,2026-09-10T20:16:00Z
2026-09-10T20:13:39Z,2026-09-10T22:13:39+0200,e039fd7a-370f-4751-ae35-4bab387b3e13,2026-09-09T10:30:00Z,2026-09-09T12:30:00+0200,5.17,EUR/MWh,ES,ES,imbalance_price,Short,2026-09-10T20:16:00Z
2026-09-10T20:13:39Z,2026-09-10T22:13:39+0200,e039fd7a-370f-4751-ae35-4bab387b3e13,2026-09-09T10:45:00Z,2026-09-09T12:45:00+0200,-0.03,EUR/MWh,ES,ES,imbalance_price,Long,2026-09-10T20:16:00Z
2026-09-10T20:13:39Z,2026-09-10T22:13:39+0200,e039fd7a-370f-4751-ae35-4bab387b3e13,2026-09-09T10:45:00Z,2026-09-09T12:45:00+0200,4.81,EUR/MWh,ES,ES,imbalance_price,Short,2026-09-10T20:16:00Z
2026-09-10T20:13:39Z,2026-09-10T22:13:39+0200,e039fd7a-370f-4751-ae35-4bab387b3e13,2026-09-09T11:00:00Z,2026-09-09T13:00:00+0200,-4.46,EUR/MWh,ES,ES,imbalance_price,Long,2026-09-10T20:16:00Z
2026-09-10T20:13:39Z,2026-09-10T22:13:39+0200,e039fd7a-370f-4751-ae35-4bab387b3e13,2026-09-09T11:00:00Z,2026-09-09T13:00:00+0200,-4.46,EUR/MWh,ES,ES,imbalance_price,Short,2026-09-10T20:16:00Z
2026-09-10T20:13:39Z,2026-09-10T22:13:39+0200,e039fd7a-370f-4751-ae35-4bab387b3e13,2026-09-09T11:15:00Z,2026-09-09T13:15:00+0200,-4.46,EUR/MWh,ES,ES,imbalance_price,Long,2026-09-10T20:16:00Z
2026-09-10T20:13:39Z,2026-09-10T22:13:39+0200,e039fd7a-370f-4751-ae35-4bab387b3e13,2026-09-09T11:15:00Z,2026-09-09T13:15:00+0200,1.08,EUR/MWh,ES,ES,imbalance_price,Short,2026-09-10T20:16:00Z
2026-09-10T20:13:39Z,2026-09-10T22:13:39+0200,e039fd7a-370f-4751-ae35-4bab387b3e13,2026-09-09T11:30:00Z,2026-09-09T13:30:00+0200,-0.66,EUR/MWh,ES,ES,imbalance_price,Long,2026-09-10T20:16:00Z
2026-09-10T20:13:39Z,2026-09-10T22:13:39+0200,e039fd7a-370f-4751-ae35-4bab387b3e13,2026-09-09T11:30:00Z,2026-09-09T13:30:00+0200,3.04,EUR/MWh,ES,ES,imbalance_price,Short,2026-09-10T20:16:00Z
2026-09-10T20:13:39Z,2026-09-10T22:13:39+0200,e039fd7a-370f-4751-ae35-4bab387b3e13,2026-09-09T11:45:00Z,2026-09-09T13:45:00+0200,-0.41,EUR/MWh,ES,ES,imbalance_price,Long,2026-09-10T20:16:00Z
2026-09-10T20:13:39Z,2026-09-10T22:13:39+0200,e039fd7a-370f-4751-ae35-4bab387b3e13,2026-09-09T11:45:00Z,2026-09-09T13:45:00+0200,6.41,EUR/MWh,ES,ES,imbalance_price,Short,2026-09-10T20:16:00Z
2026-09-10T20:13:39Z,2026-09-10T22:13:39+0200,e039fd7a-370f-4751-ae35-4bab387b3e13,2026-09-09T12:00:00Z,2026-09-09T14:00:00+0200,-0.5,EUR/MWh,ES,ES,imbalance_price,Long,2026-09-10T20:16:00Z
2026-09-10T20:13:39Z,2026-09-10T22:13:39+0200,e039fd7a-370f-4751-ae35-4bab387b3e13,2026-09-09T12:00:00Z,2026-09-09T14:00:00+0200,7.97,EUR/MWh,ES,ES,imbalance_price,Short,2026-09-10T20:16:00Z
2026-09-10T20:13:39Z,2026-09-10T22:13:39+0200,e039fd7a-370f-4751-ae35-4bab387b3e13,2026-09-09T12:15:00Z,2026-09-09T14:15:00+0200,-1.76,EUR/MWh,ES,ES,imbalance_price,Long,2026-09-10T20:16:00Z
2026-09-10T20:13:39Z,2026-09-10T22:13:39+0200,e039fd7a-370f-4751-ae35-4bab387b3e13,2026-09-09T12:15:00Z,2026-09-09T14:15:00+0200,5.43,EUR/MWh,ES,ES,imbalance_price,Short,2026-09-10T20:16:00Z
2026-09-10T20:13:39Z,2026-09-10T22:13:39+0200,e039fd7a-370f-4751-ae35-4bab387b3e13,2026-09-09T12:30:00Z,2026-09-09T14:30:00+0200,-4.02,EUR/MWh,ES,ES,imbalance_price,Long,2026-09-10T20:16:00Z
2026-09-10T20:13:39Z,2026-09-10T22:13:39+0200,e039fd7a-370f-4751-ae35-4bab387b3e13,2026-09-09T12:30:00Z,2026-09-09T14:30:00+0200,1.14,EUR/MWh,ES,ES,imbalance_price,Short,2026-09-10T20:16:00Z
2026-09-10T20:13:39Z,2026-09-10T22:13:39+0200,e039fd7a-370f-4751-ae35-4bab387b3e13,2026-09-09T12:45:00Z,2026-09-09T14:45:00+0200,-4.29,EUR/MWh,ES,ES,imbalance_price,Long,2026-09-10T20:16:00Z
2026-09-10T20:13:39Z,2026-09-10T22:13:39+0200,e039fd7a-370f-4751-ae35-4bab387b3e13,2026-09-09T12:45:00Z,2026-09-09T14:45:00+0200,0.99,EUR/MWh,ES,ES,imbalance_price,Short,2026-09-10T20:16:00Z
2026-09-10T20:13:39Z,2026-09-10T22:13:39+0200,e039fd7a-370f-4751-ae35-4bab387b3e13,2026-09-09T13:00:00Z,2026-09-09T15:00:00+0200,-1.96,EUR/MWh,ES,ES,imbalance_price,Long,2026-09-10T20:16:00Z
2026-09-10T20:13:39Z,2026-09-10T22:13:39+0200,e039fd7a-370f-4751-ae35-4bab387b3e13,2026-09-09T13:00:00Z,2026-09-09T15:00:00+0200,0.99,EUR/MWh,ES,ES,imbalance_price,Short,2026-09-10T20:16:00Z
2026-09-10T20:13:39Z,2026-09-10T22:13:39+0200,e039fd7a-370f-4751-ae35-4bab387b3e13,2026-09-09T13:15:00Z,2026-09-09T15:15:00+0200,-0.81,EUR/MWh,ES,ES,imbalance_price,Long,2026-09-10T20:16:00Z
2026-09-10T20:13:39Z,2026-09-10T22:13:39+0200,e039fd7a-370f-4751-ae35-4bab387b3e13,2026-09-09T13:15:00Z,2026-09-09T15:15:00+0200,0.01,EUR/MWh,ES,ES,imbalance_price,Short,2026-09-10T20:16:00Z
2026-09-10T20:13:39Z,2026-09-10T22:13:39+0200,e039fd7a-370f-4751-ae35-4bab387b3e13,2026-09-09T13:30:00Z,2026-09-09T15:30:00+0200,-4.05,EUR/MWh,ES,ES,imbalance_price,Long,2026-09-10T20:16:00Z
2026-09-10T20:13:39Z,2026-09-10T22:13:39+0200,e039fd7a-370f-4751-ae35-4bab387b3e13,2026-09-09T13:30:00Z,2026-09-09T15:30:00+0200,0.99,EUR/MWh,ES,ES,imbalance_price,Short,2026-09-10T20:16:00Z
2026-09-10T20:13:39Z,2026-09-10T22:13:39+0200,e039fd7a-370f-4751-ae35-4bab387b3e13,2026-09-09T13:45:00Z,2026-09-09T15:45:00+0200,-5.0,EUR/MWh,ES,ES,imbalance_price,Long,2026-09-10T20:16:00Z
2026-09-10T20:13:39Z,2026-09-10T22:13:39+0200,e039fd7a-370f-4751-ae35-4bab387b3e13,2026-09-09T13:45:00Z,2026-09-09T15:45:00+0200,0.0,EUR/MWh,ES,ES,imbalance_price,Short,2026-09-10T20:16:00Z
2026-09-10T20:13:39Z,2026-09-10T22:13:39+0200,e039fd7a-370f-4751-ae35-4bab387b3e13,2026-09-09T14:00:00Z,2026-09-09T16:00:00+0200,-2.47,EUR/MWh,ES,ES,imbalance_price,Long,2026-09-10T20:16:00Z
2026-09-10T20:13:39Z,2026-09-10T22:13:39+0200,e039fd7a-370f-4751-ae35-4bab387b3e13,2026-09-09T14:00:00Z,2026-09-09T16:00:00+0200,-2.47,EUR/MWh,ES,ES,imbalance_price,Short,2026-09-10T20:16:00Z
2026-09-10T20:13:39Z,2026-09-10T22:13:39+0200,e039fd7a-370f-4751-ae35-4bab387b3e13,2026-09-09T14:15:00Z,2026-09-09T16:15:00+0200,-1.05,EUR/MWh,ES,ES,imbalance_price,Long,2026-09-10T20:16:00Z
2026-09-10T20:13:39Z,2026-09-10T22:13:39+0200,e039fd7a-370f-4751-ae35-4bab387b3e13,2026-09-09T14:15:00Z,2026-09-09T16:15:00+0200,-1.05,EUR/MWh,ES,ES,imbalance_price,Short,2026-09-10T20:16:00Z
2026-09-10T20:13:39Z,2026-09-10T22:13:39+0200,e039fd7a-370f-4751-ae35-4bab387b3e13,2026-09-09T14:30:00Z,2026-09-09T16:30:00+0200,-1.22,EUR/MWh,ES,ES,imbalance_price,Long,2026-09-10T20:16:00Z
2026-09-10T20:13:39Z,2026-09-10T22:13:39+0200,e039fd7a-370f-4751-ae35-4bab387b3e13,2026-09-09T14:30:00Z,2026-09-09T16:30:00+0200,50.58,EUR/MWh,ES,ES,imbalance_price,Short,2026-09-10T20:16:00Z
2026-09-10T20:13:39Z,2026-09-10T22:13:39+0200,e039fd7a-370f-4751-ae35-4bab387b3e13,2026-09-09T14:45:00Z,2026-09-09T16:45:00+0200,-0.6,EUR/MWh,ES,ES,imbalance_price,Long,2026-09-10T20:16:00Z
2026-09-10T20:13:39Z,2026-09-10T22:13:39+0200,e039fd7a-370f-4751-ae35-4bab387b3e13,2026-09-09T14:45:00Z,2026-09-09T16:45:00+0200,-0.6,EUR/MWh,ES,ES,imbalance_price,Short,2026-09-10T20:16:00Z
2026-09-10T20:13:39Z,2026-09-10T22:13:39+0200,e039fd7a-370f-4751-ae35-4bab387b3e13,2026-09-09T15:00:00Z,2026-09-09T17:00:00+0200,-3.75,EUR/MWh,ES,ES,imbalance_price,Long,2026-09-10T20:16:00Z
2026-09-10T20:13:39Z,2026-09-10T22:13:39+0200,e039fd7a-370f-4751-ae35-4bab387b3e13,2026-09-09T15:00:00Z,2026-09-09T17:00:00+0200,-3.75,EUR/MWh,ES,ES,imbalance_price,Short,2026-09-10T20:16:00Z
2026-09-10T20:13:39Z,2026-09-10T22:13:39+0200,e039fd7a-370f-4751-ae35-4bab387b3e13,2026-09-09T15:15:00Z,2026-09-09T17:15:00+0200,-4.61,EUR/MWh,ES,ES,imbalance_price,Long,2026-09-10T20:16:00Z
2026-09-10T20:13:39Z,2026-09-10T22:13:39+0200,e039fd7a-370f-4751-ae35-4bab387b3e13,2026-09-09T15:15:00Z,2026-09-09T17:15:00+0200,-4.61,EUR/MWh,ES,ES,imbalance_price,Short,2026-09-10T20:16:00Z
2026-09-10T20:13:39Z,2026-09-10T22:13:39+0200,e039fd7a-370f-4751-ae35-4bab387b3e13,2026-09-09T15:30:00Z,2026-09-09T17:30:00+0200,-1.71,EUR/MWh,ES,ES,imbalance_price,Long,2026-09-10T20:16:00Z
2026-09-10T20:13:39Z,2026-09-10T22:13:39+0200,e039fd7a-370f-4751-ae35-4bab387b3e13,2026-09-09T15:30:00Z,2026-09-09T17:30:00+0200,1.6,EUR/MWh,ES,ES,imbalance_price,Short,2026-09-10T20:16:00Z
2026-09-10T20:13:39Z,2026-09-10T22:13:39+0200,e039fd7a-370f-4751-ae35-4bab387b3e13,2026-09-09T15:45:00Z,2026-09-09T17:45:00+0200,-0.78,EUR/MWh,ES,ES,imbalance_price,Long,2026-09-10T20:16:00Z
2026-09-10T20:13:39Z,2026-09-10T22:13:39+0200,e039fd7a-370f-4751-ae35-4bab387b3e13,2026-09-09T15:45:00Z,2026-09-09T17:45:00+0200,-0.78,EUR/MWh,ES,ES,imbalance_price,Short,2026-09-10T20:16:00Z
2026-09-10T20:13:39Z,2026-09-10T22:13:39+0200,e039fd7a-370f-4751-ae35-4bab387b3e13,2026-09-09T16:00:00Z,2026-09-09T18:00:00+0200,-0.04,EUR/MWh,ES,ES,imbalance_price,Long,2026-09-10T20:16:00Z
2026-09-10T20:13:39Z,2026-09-10T22:13:39+0200,e039fd7a-370f-4751-ae35-4bab387b3e13,2026-09-09T16:00:00Z,2026-09-09T18:00:00+0200,-0.04,EUR/MWh,ES,ES,imbalance_price,Short,2026-09-10T20:16:00Z
2026-09-10T20:13:39Z,2026-09-10T22:13:39+0200,e039fd7a-370f-4751-ae35-4bab387b3e13,2026-09-09T16:15:00Z,2026-09-09T18:15:00+0200,-3.42,EUR/MWh,ES,ES,imbalance_price,Long,2026-09-10T20:16:00Z
2026-09-10T20:13:39Z,2026-09-10T22:13:39+0200,e039fd7a-370f-4751-ae35-4bab387b3e13,2026-09-09T16:15:00Z,2026-09-09T18:15:00+0200,-3.42,EUR/MWh,ES,ES,imbalance_price,Short,2026-09-10T20:16:00Z
2026-09-10T20:13:39Z,2026-09-10T22:13:39+0200,e039fd7a-370f-4751-ae35-4bab387b3e13,2026-09-09T16:30:00Z,2026-09-09T18:30:00+0200,-8.11,EUR/MWh,ES,ES,imbalance_price,Long,2026-09-10T20:16:00Z
2026-09-10T20:13:39Z,2026-09-10T22:13:39+0200,e039fd7a-370f-4751-ae35-4bab387b3e13,2026-09-09T16:30:00Z,2026-09-09T18:30:00+0200,-8.11,EUR/MWh,ES,ES,imbalance_price,Short,2026-09-10T20:16:00Z
2026-09-10T20:13:39Z,2026-09-10T22:13:39+0200,e039fd7a-370f-4751-ae35-4bab387b3e13,2026-09-09T16:45:00Z,2026-09-09T18:45:00+0200,-6.34,EUR/MWh,ES,ES,imbalance_price,Long,2026-09-10T20:16:00Z
2026-09-10T20:13:39Z,2026-09-10T22:13:39+0200,e039fd7a-370f-4751-ae35-4bab387b3e13,2026-09-09T16:45:00Z,2026-09-09T18:45:00+0200,171.98,EUR/MWh,ES,ES,imbalance_price,Short,2026-09-10T20:16:00Z
2026-09-10T20:13:39Z,2026-09-10T22:13:39+0200,e039fd7a-370f-4751-ae35-4bab387b3e13,2026-09-09T17:00:00Z,2026-09-09T19:00:00+0200,-7.59,EUR/MWh,ES,ES,imbalance_price,Long,2026-09-10T20:16:00Z
2026-09-10T20:13:39Z,2026-09-10T22:13:39+0200,e039fd7a-370f-4751-ae35-4bab387b3e13,2026-09-09T17:00:00Z,2026-09-09T19:00:00+0200,95.58,EUR/MWh,ES,ES,imbalance_price,Short,2026-09-10T20:16:00Z
2026-09-10T20:13:39Z,2026-09-10T22:13:39+0200,e039fd7a-370f-4751-ae35-4bab387b3e13,2026-09-09T17:15:00Z,2026-09-09T19:15:00+0200,-1.37,EUR/MWh,ES,ES,imbalance_price,Long,2026-09-10T20:16:00Z
2026-09-10T20:13:39Z,2026-09-10T22:13:39+0200,e039fd7a-370f-4751-ae35-4bab387b3e13,2026-09-09T17:15:00Z,2026-09-09T19:15:00+0200,-1.37,EUR/MWh,ES,ES,imbalance_price,Short,2026-09-10T20:16:00Z
2026-09-10T20:13:39Z,2026-09-10T22:13:39+0200,e039fd7a-370f-4751-ae35-4bab387b3e13,2026-09-09T17:30:00Z,2026-09-09T19:30:00+0200,108.13,EUR/MWh,ES,ES,imbalance_price,Long,2026-09-10T20:16:00Z
2026-09-10T20:13:39Z,2026-09-10T22:13:39+0200,e039fd7a-370f-4751-ae35-4bab387b3e13,2026-09-09T17:30:00Z,2026-09-09T19:30:00+0200,188.14,EUR/MWh,ES,ES,imbalance_price,Short,2026-09-10T20:16:00Z
2026-09-10T20:13:39Z,2026-09-10T22:13:39+0200,e039fd7a-370f-4751-ae35-4bab387b3e13,2026-09-09T17:45:00Z,2026-09-09T19:45:00+0200,119.77,EUR/MWh,ES,ES,imbalance_price,Long,2026-09-10T20:16:00Z
2026-09-10T20:13:39Z,2026-09-10T22:13:39+0200,e039fd7a-370f-4751-ae35-4bab387b3e13,2026-09-09T17:45:00Z,2026-09-09T19:45:00+0200,217.13,EUR/MWh,ES,ES,imbalance_price,Short,2026-09-10T20:16:00Z
2026-09-10T20:13:39Z,2026-09-10T22:13:39+0200,e039fd7a-370f-4751-ae35-4bab387b3e13,2026-09-09T18:00:00Z,2026-09-09T20:00:00+0200,157.79,EUR/MWh,ES,ES,imbalance_price,Long,2026-09-10T20:16:00Z
2026-09-10T20:13:39Z,2026-09-10T22:13:39+0200,e039fd7a-370f-4751-ae35-4bab387b3e13,2026-09-09T18:00:00Z,2026-09-09T20:00:00+0200,204.29,EUR/MWh,ES,ES,imbalance_price,Short,2026-09-10T20:16:00Z
2026-09-10T20:13:39Z,2026-09-10T22:13:39+0200,e039fd7a-370f-4751-ae35-4bab387b3e13,2026-09-09T18:15:00Z,2026-09-09T20:15:00+0200,176.81,EUR/MWh,ES,ES,imbalance_price,Long,2026-09-10T20:16:00Z
2026-09-10T20:13:39Z,2026-09-10T22:13:39+0200,e039fd7a-370f-4751-ae35-4bab387b3e13,2026-09-09T18:15:00Z,2026-09-09T20:15:00+0200,176.81,EUR/MWh,ES,ES,imbalance_price,Short,2026-09-10T20:16:00Z
2026-09-10T20:13:39Z,2026-09-10T22:13:39+0200,e039fd7a-370f-4751-ae35-4bab387b3e13,2026-09-09T18:30:00Z,2026-09-09T20:30:00+0200,169.79,EUR/MWh,ES,ES,imbalance_price,Long,2026-09-10T20:16:00Z
2026-09-10T20:13:39Z,2026-09-10T22:13:39+0200,e039fd7a-370f-4751-ae35-4bab387b3e13,2026-09-09T18:30:00Z,2026-09-09T20:30:00+0200,177.07,EUR/MWh,ES,ES,imbalance_price,Short,2026-09-10T20:16:00Z
2026-09-10T20:13:39Z,2026-09-10T22:13:39+0200,e039fd7a-370f-4751-ae35-4bab387b3e13,2026-09-09T18:45:00Z,2026-09-09T20:45:00+0200,176.83,EUR/MWh,ES,ES,imbalance_price,Long,2026-09-10T20:16:00Z
2026-09-10T20:13:39Z,2026-09-10T22:13:39+0200,e039fd7a-370f-4751-ae35-4bab387b3e13,2026-09-09T18:45:00Z,2026-09-09T20:45:00+0200,175.65,EUR/MWh,ES,ES,imbalance_price,Short,2026-09-10T20:16:00Z
2026-09-10T20:13:39Z,2026-09-10T22:13:39+0200,e039fd7a-370f-4751-ae35-4bab387b3e13,2026-09-09T19:00:00Z,2026-09-09T21:00:00+0200,178.58,EUR/MWh,ES,ES,imbalance_price,Long,2026-09-10T20:16:00Z
2026-09-10T20:13:39Z,2026-09-10T22:13:39+0200,e039fd7a-370f-4751-ae35-4bab387b3e13,2026-09-09T19:00:00Z,2026-09-09T21:00:00+0200,178.58,EUR/MWh,ES,ES,imbalance_price,Short,2026-09-10T20:16:00Z
2026-09-10T20:13:39Z,2026-09-10T22:13:39+0200,e039fd7a-370f-4751-ae35-4bab387b3e13,2026-09-09T19:15:00Z,2026-09-09T21:15:00+0200,94.54,EUR/MWh,ES,ES,imbalance_price,Long,2026-09-10T20:16:00Z
2026-09-10T20:13:39Z,2026-09-10T22:13:39+0200,e039fd7a-370f-4751-ae35-4bab387b3e13,2026-09-09T19:15:00Z,2026-09-09T21:15:00+0200,213.38,EUR/MWh,ES,ES,imbalance_price,Short,2026-09-10T20:16:00Z
2026-09-10T20:13:39Z,2026-09-10T22:13:39+0200,e039fd7a-370f-4751-ae35-4bab387b3e13,2026-09-09T19:30:00Z,2026-09-09T21:30:00+0200,140.83,EUR/MWh,ES,ES,imbalance_price,Long,2026-09-10T20:16:00Z
2026-09-10T20:13:39Z,2026-09-10T22:13:39+0200,e039fd7a-370f-4751-ae35-4bab387b3e13,2026-09-09T19:30:00Z,2026-09-09T21:30:00+0200,209.82,EUR/MWh,ES,ES,imbalance_price,Short,2026-09-10T20:16:00Z
2026-09-10T20:13:39Z,2026-09-10T22:13:39+0200,e039fd7a-370f-4751-ae35-4bab387b3e13,2026-09-09T19:45:00Z,2026-09-09T21:45:00+0200,150.08,EUR/MWh,ES,ES,imbalance_price,Long,2026-09-10T20:16:00Z
2026-09-10T20:13:39Z,2026-09-10T22:13:39+0200,e039fd7a-370f-4751-ae35-4bab387b3e13,2026-09-09T19:45:00Z,2026-09-09T21:45:00+0200,186.1,EUR/MWh,ES,ES,imbalance_price,Short,2026-09-10T20:16:00Z
2026-09-10T20:13:39Z,2026-09-10T22:13:39+0200,e039fd7a-370f-4751-ae35-4bab387b3e13,2026-09-09T20:00:00Z,2026-09-09T22:00:00+0200,187.97,EUR/MWh,ES,ES,imbalance_price,Long,2026-09-10T20:16:00Z
2026-09-10T20:13:39Z,2026-09-10T22:13:39+0200,e039fd7a-370f-4751-ae35-4bab387b3e13,2026-09-09T20:00:00Z,2026-09-09T22:00:00+0200,187.97,EUR/MWh,ES,ES,imbalance_price,Short,2026-09-10T20:16:00Z
2026-09-10T20:13:39Z,2026-09-10T22:13:39+0200,e039fd7a-370f-4751-ae35-4bab387b3e13,2026-09-09T20:15:00Z,2026-09-09T22:15:00+0200,190.78,EUR/MWh,ES,ES,imbalance_price,Long,2026-09-10T20:16:00Z
2026-09-10T20:13:39Z,2026-09-10T22:13:39+0200,e039fd7a-370f-4751-ae35-4bab387b3e13,2026-09-09T20:15:00Z,2026-09-09T22:15:00+0200,190.78,EUR/MWh,ES,ES,imbalance_price,Short,2026-09-10T20:16:00Z
2026-09-10T20:13:39Z,2026-09-10T22:13:39+0200,e039fd7a-370f-4751-ae35-4bab387b3e13,2026-09-09T20:30:00Z,2026-09-09T22:30:00+0200,115.21,EUR/MWh,ES,ES,imbalance_price,Long,2026-09-10T20:16:00Z
2026-09-10T20:13:39Z,2026-09-10T22:13:39+0200,e039fd7a-370f-4751-ae35-4bab387b3e13,2026-09-09T20:30:00Z,2026-09-09T22:30:00+0200,193.46,EUR/MWh,ES,ES,imbalance_price,Short,2026-09-10T20:16:00Z
2026-09-10T20:13:39Z,2026-09-10T22:13:39+0200,e039fd7a-370f-4751-ae35-4bab387b3e13,2026-09-09T20:45:00Z,2026-09-09T22:45:00+0200,153.17,EUR/MWh,ES,ES,imbalance_price,Long,2026-09-10T20:16:00Z
2026-09-10T20:13:39Z,2026-09-10T22:13:39+0200,e039fd7a-370f-4751-ae35-4bab387b3e13,2026-09-09T20:45:00Z,2026-09-09T22:45:00+0200,238.01,EUR/MWh,ES,ES,imbalance_price,Short,2026-09-10T20:16:00Z
2026-09-10T20:13:39Z,2026-09-10T22:13:39+0200,e039fd7a-370f-4751-ae35-4bab387b3e13,2026-09-09T21:00:00Z,2026-09-09T23:00:00+0200,189.45,EUR/MWh,ES,ES,imbalance_price,Long,2026-09-10T20:16:00Z
2026-09-10T20:13:39Z,2026-09-10T22:13:39+0200,e039fd7a-370f-4751-ae35-4bab387b3e13,2026-09-09T21:00:00Z,2026-09-09T23:00:00+0200,189.45,EUR/MWh,ES,ES,imbalance_price,Short,2026-09-10T20:16:00Z
2026-09-10T20:13:39Z,2026-09-10T22:13:39+0200,e039fd7a-370f-4751-ae35-4bab387b3e13,2026-09-09T21:15:00Z,2026-09-09T23:15:00+0200,192.2,EUR/MWh,ES,ES,imbalance_price,Long,2026-09-10T20:16:00Z
2026-09-10T20:13:39Z,2026-09-10T22:13:39+0200,e039fd7a-370f-4751-ae35-4bab387b3e13,2026-09-09T21:15:00Z,2026-09-09T23:15:00+0200,192.2,EUR/MWh,ES,ES,imbalance_price,Short,2026-09-10T20:16:00Z
2026-09-10T20:13:39Z,2026-09-10T22:13:39+0200,e039fd7a-370f-4751-ae35-4bab387b3e13,2026-09-09T21:30:00Z,2026-09-09T23:30:00+0200,227.99,EUR/MWh,ES,ES,imbalance_price,Long,2026-09-10T20:16:00Z
2026-09-10T20:13:39Z,2026-09-10T22:13:39+0200,e039fd7a-370f-4751-ae35-4bab387b3e13,2026-09-09T21:30:00Z,2026-09-09T23:30:00+0200,227.99,EUR/MWh,ES,ES,imbalance_price,Short,2026-09-10T20:16:00Z
2026-09-10T20:13:39Z,2026-09-10T22:13:39+0200,e039fd7a-370f-4751-ae35-4bab387b3e13,2026-09-09T21:45:00Z,2026-09-09T23:45:00+0200,39.5,EUR/MWh,ES,ES,imbalance_price,Long,2026-09-10T20:16:00Z
2026-09-10T20:13:39Z,2026-09-10T22:13:39+0200,e039fd7a-370f-4751-ae35-4bab387b3e13,2026-09-09T21:45:00Z,2026-09-09T23:45:00+0200,191.33,EUR/MWh,ES,ES,imbalance_price,Short,2026-09-10T20:16:00Z
2026-09-10T20:13:39Z,2026-09-10T22:13:39+0200,e039fd7a-370f-4751-ae35-4bab387b3e13,2026-09-09T22:00:00Z,2026-09-10T00:00:00+0200,192.43,EUR/MWh,ES,ES,imbalance_price,Long,2026-09-10T20:16:00Z
2026-09-10T20:13:39Z,2026-09-10T22:13:39+0200,e039fd7a-370f-4751-ae35-4bab387b3e13,2026-09-09T22:00:00Z,2026-09-10T00:00:00+0200,192.43,EUR/MWh,ES,ES,imbalance_price,Short,2026-09-10T20:16:00Z
2026-09-10T20:13:39Z,2026-09-10T22:13:39+0200,e039fd7a-370f-4751-ae35-4bab387b3e13,2026-09-09T22:15:00Z,2026-09-10T00:15:00+0200,141.3,EUR/MWh,ES,ES,imbalance_price,Long,2026-09-10T20:16:00Z
2026-09-10T20:13:39Z,2026-09-10T22:13:39+0200,e039fd7a-370f-4751-ae35-4bab387b3e13,2026-09-09T22:15:00Z,2026-09-10T00:15:00+0200,185.45,EUR/MWh,ES,ES,imbalance_price,Short,2026-09-10T20:16:00Z
2026-09-10T20:13:39Z,2026-09-10T22:13:39+0200,e039fd7a-370f-4751-ae35-4bab387b3e13,2026-09-09T22:30:00Z,2026-09-10T00:30:00+0200,181.03,EUR/MWh,ES,ES,imbalance_price,Long,2026-09-10T20:16:00Z
2026-09-10T20:13:39Z,2026-09-10T22:13:39+0200,e039fd7a-370f-4751-ae35-4bab387b3e13,2026-09-09T22:30:00Z,2026-09-10T00:30:00+0200,182.03,EUR/MWh,ES,ES,imbalance_price,Short,2026-09-10T20:16:00Z
2026-09-10T20:13:39Z,2026-09-10T22:13:39+0200,e039fd7a-370f-4751-ae35-4bab387b3e13,2026-09-09T22:45:00Z,2026-09-10T00:45:00+0200,175.39,EUR/MWh,ES,ES,imbalance_price,Long,2026-09-10T20:16:00Z
2026-09-10T20:13:39Z,2026-09-10T22:13:39+0200,e039fd7a-370f-4751-ae35-4bab387b3e13,2026-09-09T22:45:00Z,2026-09-10T00:45:00+0200,175.39,EUR/MWh,ES,ES,imbalance_price,Short,2026-09-10T20:16:00Z
2026-09-10T20:13:39Z,2026-09-10T22:13:39+0200,e039fd7a-370f-4751-ae35-4bab387b3e13,2026-09-09T23:00:00Z,2026-09-10T01:00:00+0200,141.3,EUR/MWh,ES,ES,imbalance_price,Long,2026-09-10T20:16:00Z
2026-09-10T20:13:39Z,2026-09-10T22:13:39+0200,e039fd7a-370f-4751-ae35-4bab387b3e13,2026-09-09T23:00:00Z,2026-09-10T01:00:00+0200,185.45,EUR/MWh,ES,ES,imbalance_price,Short,2026-09-10T20:16:00Z
2026-09-10T20:13:39Z,2026-09-10T22:13:39+0200,e039fd7a-370f-4751-ae35-4bab387b3e13,2026-09-09T23:15:00Z,2026-09-10T01:15:00+0200,110.7,EUR/MWh,ES,ES,imbalance_price,Long,2026-09-10T20:16:00Z
2026-09-10T20:13:39Z,2026-09-10T22:13:39+0200,e039fd7a-370f-4751-ae35-4bab387b3e13,2026-09-09T23:15:00Z,2026-09-10T01:15:00+0200,180.0,EUR/MWh,ES,ES,imbalance_price,Short,2026-09-10T20:16:00Z
2026-09-10T20:13:39Z,2026-09-10T22:13:39+0200,e039fd7a-370f-4751-ae35-4bab387b3e13,2026-09-09T23:30:00Z,2026-09-10T01:30:00+0200,181.3,EUR/MWh,ES,ES,imbalance_price,Long,2026-09-10T20:16:00Z
2026-09-10T20:13:39Z,2026-09-10T22:13:39+0200,e039fd7a-370f-4751-ae35-4bab387b3e13,2026-09-09T23:30:00Z,2026-09-10T01:30:00+0200,184.74,EUR/MWh,ES,ES,imbalance_price,Short,2026-09-10T20:16:00Z
2026-09-10T20:13:39Z,2026-09-10T22:13:39+0200,e039fd7a-370f-4751-ae35-4bab387b3e13,2026-09-09T23:45:00Z,2026-09-10T01:45:00+0200,180.0,EUR/MWh,ES,ES,imbalance_price,Long,2026-09-10T20:16:00Z
2026-09-10T20:13:39Z,2026-09-10T22:13:39+0200,e039fd7a-370f-4751-ae35-4bab387b3e13,2026-09-09T23:45:00Z,2026-09-10T01:45:00+0200,182.22,EUR/MWh,ES,ES,imbalance_price,Short,2026-09-10T20:16:00Z
2026-09-10T20:13:39Z,2026-09-10T22:13:39+0200,e039fd7a-370f-4751-ae35-4bab387b3e13,2026-09-10T00:00:00Z,2026-09-10T02:00:00+0200,185.45,EUR/MWh,ES,ES,imbalance_price,Long,2026-09-10T20:16:00Z
2026-09-10T20:13:39Z,2026-09-10T22:13:39+0200,e039fd7a-370f-4751-ae35-4bab387b3e13,2026-09-10T00:00:00Z,2026-09-10T02:00:00+0200,185.45,EUR/MWh,ES,ES,imbalance_price,Short,2026-09-10T20:16:00Z
2026-09-10T20:13:39Z,2026-09-10T22:13:39+0200,e039fd7a-370f-4751-ae35-4bab387b3e13,2026-09-10T00:15:00Z,2026-09-10T02:15:00+0200,181.3,EUR/MWh,ES,ES,imbalance_price,Long,2026-09-10T20:16:00Z
2026-09-10T20:13:39Z,2026-09-10T22:13:39+0200,e039fd7a-370f-4751-ae35-4bab387b3e13,2026-09-10T00:15:00Z,2026-09-10T02:15:00+0200,182.98,EUR/MWh,ES,ES,imbalance_price,Short,2026-09-10T20:16:00Z
2026-09-10T20:13:39Z,2026-09-10T22:13:39+0200,e039fd7a-370f-4751-ae35-4bab387b3e13,2026-09-10T00:30:00Z,2026-09-10T02:30:00+0200,182.0,EUR/MWh,ES,ES,imbalance_price,Long,2026-09-10T20:16:00Z
2026-09-10T20:13:39Z,2026-09-10T22:13:39+0200,e039fd7a-370f-4751-ae35-4bab387b3e13,2026-09-10T00:30:00Z,2026-09-10T02:30:00+0200,183.8,EUR/MWh,ES,ES,imbalance_price,Short,2026-09-10T20:16:00Z
2026-09-10T20:13:39Z,2026-09-10T22:13:39+0200,e039fd7a-370f-4751-ae35-4bab387b3e13,2026-09-10T00:45:00Z,2026-09-10T02:45:00+0200,182.0,EUR/MWh,ES,ES,imbalance_price,Long,2026-09-10T20:16:00Z
2026-09-10T20:13:39Z,2026-09-10T22:13:39+0200,e039fd7a-370f-4751-ae35-4bab387b3e13,2026-09-10T00:45:00Z,2026-09-10T02:45:00+0200,183.84,EUR/MWh,ES,ES,imbalance_price,Short,2026-09-10T20:16:00Z
2026-09-10T20:13:39Z,2026-09-10T22:13:39+0200,e039fd7a-370f-4751-ae35-4bab387b3e13,2026-09-10T01:00:00Z,2026-09-10T03:00:00+0200,180.67,EUR/MWh,ES,ES,imbalance_price,Long,2026-09-10T20:16:00Z
2026-09-10T20:13:39Z,2026-09-10T22:13:39+0200,e039fd7a-370f-4751-ae35-4bab387b3e13,2026-09-10T01:00:00Z,2026-09-10T03:00:00+0200,182.5,EUR/MWh,ES,ES,imbalance_price,Short,2026-09-10T20:16:00Z
2026-09-10T20:13:39Z,2026-09-10T22:13:39+0200,e039fd7a-370f-4751-ae35-4bab387b3e13,2026-09-10T01:15:00Z,2026-09-10T03:15:00+0200,133.05,EUR/MWh,ES,ES,imbalance_price,Long,2026-09-10T20:16:00Z
2026-09-10T20:13:39Z,2026-09-10T22:13:39+0200,e039fd7a-370f-4751-ae35-4bab387b3e13,2026-09-10T01:15:00Z,2026-09-10T03:15:00+0200,182.95,EUR/MWh,ES,ES,imbalance_price,Short,2026-09-10T20:16:00Z
2026-09-10T20:13:39Z,2026-09-10T22:13:39+0200,e039fd7a-370f-4751-ae35-4bab387b3e13,2026-09-10T01:30:00Z,2026-09-10T03:30:00+0200,175.81,EUR/MWh,ES,ES,imbalance_price,Long,2026-09-10T20:16:00Z
2026-09-10T20:13:39Z,2026-09-10T22:13:39+0200,e039fd7a-370f-4751-ae35-4bab387b3e13,2026-09-10T01:30:00Z,2026-09-10T03:30:00+0200,182.85,EUR/MWh,ES,ES,imbalance_price,Short,2026-09-10T20:16:00Z
2026-09-10T20:13:39Z,2026-09-10T22:13:39+0200,e039fd7a-370f-4751-ae35-4bab387b3e13,2026-09-10T01:45:00Z,2026-09-10T03:45:00+0200,175.46,EUR/MWh,ES,ES,imbalance_price,Long,2026-09-10T20:16:00Z
2026-09-10T20:13:39Z,2026-09-10T22:13:39+0200,e039fd7a-370f-4751-ae35-4bab387b3e13,2026-09-10T01:45:00Z,2026-09-10T03:45:00+0200,185.45,EUR/MWh,ES,ES,imbalance_price,Short,2026-09-10T20:16:00Z
2026-09-10T20:13:39Z,2026-09-10T22:13:39+0200,e039fd7a-370f-4751-ae35-4bab387b3e13,2026-09-10T02:00:00Z,2026-09-10T04:00:00+0200,181.3,EUR/MWh,ES,ES,imbalance_price,Long,2026-09-10T20:16:00Z
2026-09-10T20:13:39Z,2026-09-10T22:13:39+0200,e039fd7a-370f-4751-ae35-4bab387b3e13,2026-09-10T02:00:00Z,2026-09-10T04:00:00+0200,181.3,EUR/MWh,ES,ES,imbalance_price,Short,2026-09-10T20:16:00Z
2026-09-10T20:13:39Z,2026-09-10T22:13:39+0200,e039fd7a-370f-4751-ae35-4bab387b3e13,2026-09-10T02:15:00Z,2026-09-10T04:15:00+0200,181.3,EUR/MWh,ES,ES,imbalance_price,Long,2026-09-10T20:16:00Z
2026-09-10T20:13:39Z,2026-09-10T22:13:39+0200,e039fd7a-370f-4751-ae35-4bab387b3e13,2026-09-10T02:15:00Z,2026-09-10T04:15:00+0200,181.3,EUR/MWh,ES,ES,imbalance_price,Short,2026-09-10T20:16:00Z
2026-09-10T20:13:39Z,2026-09-10T22:13:39+0200,e039fd7a-370f-4751-ae35-4bab387b3e13,2026-09-10T02:30:00Z,2026-09-10T04:30:00+0200,185.45,EUR/MWh,ES,ES,imbalance_price,Long,2026-09-10T20:16:00Z
2026-09-10T20:13:39Z,2026-09-10T22:13:39+0200,e039fd7a-370f-4751-ae35-4bab387b3e13,2026-09-10T02:30:00Z,2026-09-10T04:30:00+0200,185.45,EUR/MWh,ES,ES,imbalance_price,Short,2026-09-10T20:16:00Z
2026-09-10T20:13:39Z,2026-09-10T22:13:39+0200,e039fd7a-370f-4751-ae35-4bab387b3e13,2026-09-10T02:45:00Z,2026-09-10T04:45:00+0200,185.45,EUR/MWh,ES,ES,imbalance_price,Long,2026-09-10T20:16:00Z
2026-09-10T20:13:39Z,2026-09-10T22:13:39+0200,e039fd7a-370f-4751-ae35-4bab387b3e13,2026-09-10T02:45:00Z,2026-09-10T04:45:00+0200,185.45,EUR/MWh,ES,ES,imbalance_price,Short,2026-09-10T20:16:00Z
2026-09-10T20:13:39Z,2026-09-10T22:13:39+0200,e039fd7a-370f-4751-ae35-4bab387b3e13,2026-09-10T03:00:00Z,2026-09-10T05:00:00+0200,125.0,EUR/MWh,ES,ES,imbalance_price,Long,2026-09-10T20:16:00Z
2026-09-10T20:13:39Z,2026-09-10T22:13:39+0200,e039fd7a-370f-4751-ae35-4bab387b3e13,2026-09-10T03:00:00Z,2026-09-10T05:00:00+0200,185.45,EUR/MWh,ES,ES,imbalance_price,Short,2026-09-10T20:16:00Z
2026-09-10T20:13:39Z,2026-09-10T22:13:39+0200,e039fd7a-370f-4751-ae35-4bab387b3e13,2026-09-10T03:15:00Z,2026-09-10T05:15:00+0200,127.0,EUR/MWh,ES,ES,imbalance_price,Long,2026-09-10T20:16:00Z
2026-09-10T20:13:39Z,2026-09-10T22:13:39+0200,e039fd7a-370f-4751-ae35-4bab387b3e13,2026-09-10T03:15:00Z,2026-09-10T05:15:00+0200,185.45,EUR/MWh,ES,ES,imbalance_price,Short,2026-09-10T20:16:00Z
2026-09-10T20:13:39Z,2026-09-10T22:13:39+0200,e039fd7a-370f-4751-ae35-4bab387b3e13,2026-09-10T03:30:00Z,2026-09-10T05:30:00+0200,188.0,EUR/MWh,ES,ES,imbalance_price,Long,2026-09-10T20:16:00Z
2026-09-10T20:13:39Z,2026-09-10T22:13:39+0200,e039fd7a-370f-4751-ae35-4bab387b3e13,2026-09-10T03:30:00Z,2026-09-10T05:30:00+0200,188.0,EUR/MWh,ES,ES,imbalance_price,Short,2026-09-10T20:16:00Z
2026-09-10T20:13:39Z,2026-09-10T22:13:39+0200,e039fd7a-370f-4751-ae35-4bab387b3e13,2026-09-10T03:45:00Z,2026-09-10T05:45:00+0200,201.18,EUR/MWh,ES,ES,imbalance_price,Long,2026-09-10T20:16:00Z
2026-09-10T20:13:39Z,2026-09-10T22:13:39+0200,e039fd7a-370f-4751-ae35-4bab387b3e13,2026-09-10T03:45:00Z,2026-09-10T05:45:00+0200,201.18,EUR/MWh,ES,ES,imbalance_price,Short,2026-09-10T20:16:00Z
2026-09-10T20:13:39Z,2026-09-10T22:13:39+0200,e039fd7a-370f-4751-ae35-4bab387b3e13,2026-09-10T04:00:00Z,2026-09-10T06:00:00+0200,194.9,EUR/MWh,ES,ES,imbalance_price,Long,2026-09-10T20:16:00Z
2026-09-10T20:13:39Z,2026-09-10T22:13:39+0200,e039fd7a-370f-4751-ae35-4bab387b3e13,2026-09-10T04:00:00Z,2026-09-10T06:00:00+0200,194.9,EUR/MWh,ES,ES,imbalance_price,Short,2026-09-10T20:16:00Z
2026-09-10T20:13:39Z,2026-09-10T22:13:39+0200,e039fd7a-370f-4751-ae35-4bab387b3e13,2026-09-10T04:15:00Z,2026-09-10T06:15:00+0200,177.05,EUR/MWh,ES,ES,imbalance_price,Long,2026-09-10T20:16:00Z
2026-09-10T20:13:39Z,2026-09-10T22:13:39+0200,e039fd7a-370f-4751-ae35-4bab387b3e13,2026-09-10T04:15:00Z,2026-09-10T06:15:00+0200,208.86,EUR/MWh,ES,ES,imbalance_price,Short,2026-09-10T20:16:00Z
2026-09-10T20:13:39Z,2026-09-10T22:13:39+0200,e039fd7a-370f-4751-ae35-4bab387b3e13,2026-09-10T04:30:00Z,2026-09-10T06:30:00+0200,188.64,EUR/MWh,ES,ES,imbalance_price,Long,2026-09-10T20:16:00Z
2026-09-10T20:13:39Z,2026-09-10T22:13:39+0200,e039fd7a-370f-4751-ae35-4bab387b3e13,2026-09-10T04:30:00Z,2026-09-10T06:30:00+0200,218.27,EUR/MWh,ES,ES,imbalance_price,Short,2026-09-10T20:16:00Z
2026-09-10T20:13:39Z,2026-09-10T22:13:39+0200,e039fd7a-370f-4751-ae35-4bab387b3e13,2026-09-10T04:45:00Z,2026-09-10T06:45:00+0200,169.26,EUR/MWh,ES,ES,imbalance_price,Long,2026-09-10T20:16:00Z
2026-09-10T20:13:39Z,2026-09-10T22:13:39+0200,e039fd7a-370f-4751-ae35-4bab387b3e13,2026-09-10T04:45:00Z,2026-09-10T06:45:00+0200,226.77,EUR/MWh,ES,ES,imbalance_price,Short,2026-09-10T20:16:00Z
2026-09-10T20:13:39Z,2026-09-10T22:13:39+0200,e039fd7a-370f-4751-ae35-4bab387b3e13,2026-09-10T05:00:00Z,2026-09-10T07:00:00+0200,227.5,EUR/MWh,ES,ES,imbalance_price,Long,2026-09-10T20:16:00Z
2026-09-10T20:13:39Z,2026-09-10T22:13:39+0200,e039fd7a-370f-4751-ae35-4bab387b3e13,2026-09-10T05:00:00Z,2026-09-10T07:00:00+0200,227.5,EUR/MWh,ES,ES,imbalance_price,Short,2026-09-10T20:16:00Z
2026-09-10T20:13:39Z,2026-09-10T22:13:39+0200,e039fd7a-370f-4751-ae35-4bab387b3e13,2026-09-10T05:15:00Z,2026-09-10T07:15:00+0200,234.1,EUR/MWh,ES,ES,imbalance_price,Long,2026-09-10T20:16:00Z
2026-09-10T20:13:39Z,2026-09-10T22:13:39+0200,e039fd7a-370f-4751-ae35-4bab387b3e13,2026-09-10T05:15:00Z,2026-09-10T07:15:00+0200,234.1,EUR/MWh,ES,ES,imbalance_price,Short,2026-09-10T20:16:00Z
2026-09-10T20:13:39Z,2026-09-10T22:13:39+0200,e039fd7a-370f-4751-ae35-4bab387b3e13,2026-09-10T05:30:00Z,2026-09-10T07:30:00+0200,236.99,EUR/MWh,ES,ES,imbalance_price,Long,2026-09-10T20:16:00Z
2026-09-10T20:13:39Z,2026-09-10T22:13:39+0200,e039fd7a-370f-4751-ae35-4bab387b3e13,2026-09-10T05:30:00Z,2026-09-10T07:30:00+0200,236.99,EUR/MWh,ES,ES,imbalance_price,Short,2026-09-10T20:16:00Z
2026-09-10T20:13:39Z,2026-09-10T22:13:39+0200,e039fd7a-370f-4751-ae35-4bab387b3e13,2026-09-10T05:45:00Z,2026-09-10T07:45:00+0200,229.94,EUR/MWh,ES,ES,imbalance_price,Long,2026-09-10T20:16:00Z
2026-09-10T20:13:39Z,2026-09-10T22:13:39+0200,e039fd7a-370f-4751-ae35-4bab387b3e13,2026-09-10T05:45:00Z,2026-09-10T07:45:00+0200,229.94,EUR/MWh,ES,ES,imbalance_price,Short,2026-09-10T20:16:00Z
2026-09-10T20:13:39Z,2026-09-10T22:13:39+0200,e039fd7a-370f-4751-ae35-4bab387b3e13,2026-09-10T06:00:00Z,2026-09-10T08:00:00+0200,172.39,EUR/MWh,ES,ES,imbalance_price,Long,2026-09-10T20:16:00Z
2026-09-10T20:13:39Z,2026-09-10T22:13:39+0200,e039fd7a-370f-4751-ae35-4bab387b3e13,2026-09-10T06:00:00Z,2026-09-10T08:00:00+0200,248.93,EUR/MWh,ES,ES,imbalance_price,Short,2026-09-10T20:16:00Z
2026-09-10T20:13:39Z,2026-09-10T22:13:39+0200,e039fd7a-370f-4751-ae35-4bab387b3e13,2026-09-10T06:15:00Z,2026-09-10T08:15:00+0200,166.83,EUR/MWh,ES,ES,imbalance_price,Long,2026-09-10T20:16:00Z
2026-09-10T20:13:39Z,2026-09-10T22:13:39+0200,e039fd7a-370f-4751-ae35-4bab387b3e13,2026-09-10T06:15:00Z,2026-09-10T08:15:00+0200,227.5,EUR/MWh,ES,ES,imbalance_price,Short,2026-09-10T20:16:00Z
2026-09-10T20:13:39Z,2026-09-10T22:13:39+0200,e039fd7a-370f-4751-ae35-4bab387b3e13,2026-09-10T06:30:00Z,2026-09-10T08:30:00+0200,157.01,EUR/MWh,ES,ES,imbalance_price,Long,2026-09-10T20:16:00Z
2026-09-10T20:13:39Z,2026-09-10T22:13:39+0200,e039fd7a-370f-4751-ae35-4bab387b3e13,2026-09-10T06:30:00Z,2026-09-10T08:30:00+0200,216.08,EUR/MWh,ES,ES,imbalance_price,Short,2026-09-10T20:16:00Z
2026-09-10T20:13:39Z,2026-09-10T22:13:39+0200,e039fd7a-370f-4751-ae35-4bab387b3e13,2026-09-10T06:45:00Z,2026-09-10T08:45:00+0200,145.47,EUR/MWh,ES,ES,imbalance_price,Long,2026-09-10T20:16:00Z
2026-09-10T20:13:39Z,2026-09-10T22:13:39+0200,e039fd7a-370f-4751-ae35-4bab387b3e13,2026-09-10T06:45:00Z,2026-09-10T08:45:00+0200,195.67,EUR/MWh,ES,ES,imbalance_price,Short,2026-09-10T20:16:00Z
2026-09-10T20:13:39Z,2026-09-10T22:13:39+0200,e039fd7a-370f-4751-ae35-4bab387b3e13,2026-09-10T07:00:00Z,2026-09-10T09:00:00+0200,211.86,EUR/MWh,ES,ES,imbalance_price,Long,2026-09-10T20:16:00Z
2026-09-10T20:13:39Z,2026-09-10T22:13:39+0200,e039fd7a-370f-4751-ae35-4bab387b3e13,2026-09-10T07:00:00Z,2026-09-10T09:00:00+0200,211.86,EUR/MWh,ES,ES,imbalance_price,Short,2026-09-10T20:16:00Z
2026-09-10T20:13:39Z,2026-09-10T22:13:39+0200,e039fd7a-370f-4751-ae35-4bab387b3e13,2026-09-10T07:15:00Z,2026-09-10T09:15:00+0200,96.0,EUR/MWh,ES,ES,imbalance_price,Long,2026-09-10T20:16:00Z
2026-09-10T20:13:39Z,2026-09-10T22:13:39+0200,e039fd7a-370f-4751-ae35-4bab387b3e13,2026-09-10T07:15:00Z,2026-09-10T09:15:00+0200,188.4,EUR/MWh,ES,ES,imbalance_price,Short,2026-09-10T20:16:00Z
2026-09-10T20:13:39Z,2026-09-10T22:13:39+0200,e039fd7a-370f-4751-ae35-4bab387b3e13,2026-09-10T07:30:00Z,2026-09-10T09:30:00+0200,98.25,EUR/MWh,ES,ES,imbalance_price,Long,2026-09-10T20:16:00Z
2026-09-10T20:13:39Z,2026-09-10T22:13:39+0200,e039fd7a-370f-4751-ae35-4bab387b3e13,2026-09-10T07:30:00Z,2026-09-10T09:30:00+0200,160.3,EUR/MWh,ES,ES,imbalance_price,Short,2026-09-10T20:16:00Z
2026-09-10T20:13:39Z,2026-09-10T22:13:39+0200,e039fd7a-370f-4751-ae35-4bab387b3e13,2026-09-10T07:45:00Z,2026-09-10T09:45:00+0200,-0.99,EUR/MWh,ES,ES,imbalance_price,Long,2026-09-10T20:16:00Z
2026-09-10T20:13:39Z,2026-09-10T22:13:39+0200,e039fd7a-370f-4751-ae35-4bab387b3e13,2026-09-10T07:45:00Z,2026-09-10T09:45:00+0200,120.6,EUR/MWh,ES,ES,imbalance_price,Short,2026-09-10T20:16:00Z
2026-09-10T20:13:39Z,2026-09-10T22:13:39+0200,e039fd7a-370f-4751-ae35-4bab387b3e13,2026-09-10T08:00:00Z,2026-09-10T10:00:00+0200,-0.94,EUR/MWh,ES,ES,imbalance_price,Long,2026-09-10T20:16:00Z
2026-09-10T20:13:39Z,2026-09-10T22:13:39+0200,e039fd7a-370f-4751-ae35-4bab387b3e13,2026-09-10T08:00:00Z,2026-09-10T10:00:00+0200,117.01,EUR/MWh,ES,ES,imbalance_price,Short,2026-09-10T20:16:00Z
2026-09-10T20:13:39Z,2026-09-10T22:13:39+0200,e039fd7a-370f-4751-ae35-4bab387b3e13,2026-09-10T08:15:00Z,2026-09-10T10:15:00+0200,-2.0,EUR/MWh,ES,ES,imbalance_price,Long,2026-09-10T20:16:00Z
2026-09-10T20:13:39Z,2026-09-10T22:13:39+0200,e039fd7a-370f-4751-ae35-4bab387b3e13,2026-09-10T08:15:00Z,2026-09-10T10:15:00+0200,92.55,EUR/MWh,ES,ES,imbalance_price,Short,2026-09-10T20:16:00Z
2026-09-10T20:13:39Z,2026-09-10T22:13:39+0200,e039fd7a-370f-4751-ae35-4bab387b3e13,2026-09-10T08:30:00Z,2026-09-10T10:30:00+0200,0.0,EUR/MWh,ES,ES,imbalance_price,Long,2026-09-10T20:16:00Z
2026-09-10T20:13:39Z,2026-09-10T22:13:39+0200,e039fd7a-370f-4751-ae35-4bab387b3e13,2026-09-10T08:30:00Z,2026-09-10T10:30:00+0200,85.0,EUR/MWh,ES,ES,imbalance_price,Short,2026-09-10T20:16:00Z
2026-09-10T20:13:39Z,2026-09-10T22:13:39+0200,e039fd7a-370f-4751-ae35-4bab387b3e13,2026-09-10T08:45:00Z,2026-09-10T10:45:00+0200,39.1,EUR/MWh,ES,ES,imbalance_price,Long,2026-09-10T20:16:00Z
2026-09-10T20:13:39Z,2026-09-10T22:13:39+0200,e039fd7a-370f-4751-ae35-4bab387b3e13,2026-09-10T08:45:00Z,2026-09-10T10:45:00+0200,39.1,EUR/MWh,ES,ES,imbalance_price,Short,2026-09-10T20:16:00Z
2026-09-10T20:13:39Z,2026-09-10T22:13:39+0200,e039fd7a-370f-4751-ae35-4bab387b3e13,2026-09-10T09:00:00Z,2026-09-10T11:00:00+0200,23.93,EUR/MWh,ES,ES,imbalance_price,Long,2026-09-10T20:16:00Z
2026-09-10T20:13:39Z,2026-09-10T22:13:39+0200,e039fd7a-370f-4751-ae35-4bab387b3e13,2026-09-10T09:00:00Z,2026-09-10T11:00:00+0200,38.55,EUR/MWh,ES,ES,imbalance_price,Short,2026-09-10T20:16:00Z
2026-09-10T20:13:39Z,2026-09-10T22:13:39+0200,e039fd7a-370f-4751-ae35-4bab387b3e13,2026-09-10T09:15:00Z,2026-09-10T11:15:00+0200,3.1,EUR/MWh,ES,ES,imbalance_price,Long,2026-09-10T20:16:00Z
2026-09-10T20:13:39Z,2026-09-10T22:13:39+0200,e039fd7a-370f-4751-ae35-4bab387b3e13,2026-09-10T09:15:00Z,2026-09-10T11:15:00+0200,12.48,EUR/MWh,ES,ES,imbalance_price,Short,2026-09-10T20:16:00Z
2026-09-10T20:13:39Z,2026-09-10T22:13:39+0200,e039fd7a-370f-4751-ae35-4bab387b3e13,2026-09-10T09:30:00Z,2026-09-10T11:30:00+0200,0.0,EUR/MWh,ES,ES,imbalance_price,Long,2026-09-10T20:16:00Z
2026-09-10T20:13:39Z,2026-09-10T22:13:39+0200,e039fd7a-370f-4751-ae35-4bab387b3e13,2026-09-10T09:30:00Z,2026-09-10T11:30:00+0200,6.07,EUR/MWh,ES,ES,imbalance_price,Short,2026-09-10T20:16:00Z
2026-09-10T20:13:39Z,2026-09-10T22:13:39+0200,e039fd7a-370f-4751-ae35-4bab387b3e13,2026-09-10T09:45:00Z,2026-09-10T11:45:00+0200,2.5,EUR/MWh,ES,ES,imbalance_price,Long,2026-09-10T20:16:00Z
2026-09-10T20:13:39Z,2026-09-10T22:13:39+0200,e039fd7a-370f-4751-ae35-4bab387b3e13,2026-09-10T09:45:00Z,2026-09-10T11:45:00+0200,2.5,EUR/MWh,ES,ES,imbalance_price,Short,2026-09-10T20:16:00Z
2026-09-10T20:13:39Z,2026-09-10T22:13:39+0200,e039fd7a-370f-4751-ae35-4bab387b3e13,2026-09-10T10:00:00Z,2026-09-10T12:00:00+0200,3.6,EUR/MWh,ES,ES,imbalance_price,Long,2026-09-10T20:16:00Z
2026-09-10T20:13:39Z,2026-09-10T22:13:39+0200,e039fd7a-370f-4751-ae35-4bab387b3e13,2026-09-10T10:00:00Z,2026-09-10T12:00:00+0200,8.35,EUR/MWh,ES,ES,imbalance_price,Short,2026-09-10T20:16:00Z
2026-09-10T20:13:39Z,2026-09-10T22:13:39+0200,e039fd7a-370f-4751-ae35-4bab387b3e13,2026-09-10T10:15:00Z,2026-09-10T12:15:00+0200,-0.01,EUR/MWh,ES,ES,imbalance_price,Long,2026-09-10T20:16:00Z
2026-09-10T20:13:39Z,2026-09-10T22:13:39+0200,e039fd7a-370f-4751-ae35-4bab387b3e13,2026-09-10T10:15:00Z,2026-09-10T12:15:00+0200,6.1,EUR/MWh,ES,ES,imbalance_price,Short,2026-09-10T20:16:00Z
2026-09-10T20:13:39Z,2026-09-10T22:13:39+0200,e039fd7a-370f-4751-ae35-4bab387b3e13,2026-09-10T10:30:00Z,2026-09-10T12:30:00+0200,-0.5,EUR/MWh,ES,ES,imbalance_price,Long,2026-09-10T20:16:00Z
2026-09-10T20:13:39Z,2026-09-10T22:13:39+0200,e039fd7a-370f-4751-ae35-4bab387b3e13,2026-09-10T10:30:00Z,2026-09-10T12:30:00+0200,6.07,EUR/MWh,ES,ES,imbalance_price,Short,2026-09-10T20:16:00Z
2026-09-10T20:13:39Z,2026-09-10T22:13:39+0200,e039fd7a-370f-4751-ae35-4bab387b3e13,2026-09-10T10:45:00Z,2026-09-10T12:45:00+0200,-0.49,EUR/MWh,ES,ES,imbalance_price,Long,2026-09-10T20:16:00Z
2026-09-10T20:13:39Z,2026-09-10T22:13:39+0200,e039fd7a-370f-4751-ae35-4bab387b3e13,2026-09-10T10:45:00Z,2026-09-10T12:45:00+0200,8.5,EUR/MWh,ES,ES,imbalance_price,Short,2026-09-10T20:16:00Z
2026-09-10T20:13:39Z,2026-09-10T22:13:39+0200,e039fd7a-370f-4751-ae35-4bab387b3e13,2026-09-10T11:00:00Z,2026-09-10T13:00:00+0200,-4.84,EUR/MWh,ES,ES,imbalance_price,Long,2026-09-10T20:16:00Z
2026-09-10T20:13:39Z,2026-09-10T22:13:39+0200,e039fd7a-370f-4751-ae35-4bab387b3e13,2026-09-10T11:00:00Z,2026-09-10T13:00:00+0200,12.1,EUR/MWh,ES,ES,imbalance_price,Short,2026-09-10T20:16:00Z
2026-09-10T20:13:39Z,2026-09-10T22:13:39+0200,e039fd7a-370f-4751-ae35-4bab387b3e13,2026-09-10T11:15:00Z,2026-09-10T13:15:00+0200,-4.71,EUR/MWh,ES,ES,imbalance_price,Long,2026-09-10T20:16:00Z
2026-09-10T20:13:39Z,2026-09-10T22:13:39+0200,e039fd7a-370f-4751-ae35-4bab387b3e13,2026-09-10T11:15:00Z,2026-09-10T13:15:00+0200,8.77,EUR/MWh,ES,ES,imbalance_price,Short,2026-09-10T20:16:00Z
2026-09-10T20:13:39Z,2026-09-10T22:13:39+0200,e039fd7a-370f-4751-ae35-4bab387b3e13,2026-09-10T11:30:00Z,2026-09-10T13:30:00+0200,-3.24,EUR/MWh,ES,ES,imbalance_price,Long,2026-09-10T20:16:00Z
2026-09-10T20:13:39Z,2026-09-10T22:13:39+0200,e039fd7a-370f-4751-ae35-4bab387b3e13,2026-09-10T11:30:00Z,2026-09-10T13:30:00+0200,8.1,EUR/MWh,ES,ES,imbalance_price,Short,2026-09-10T20:16:00Z
2026-09-10T20:13:39Z,2026-09-10T22:13:39+0200,e039fd7a-370f-4751-ae35-4bab387b3e13,2026-09-10T11:45:00Z,2026-09-10T13:45:00+0200,-2.0,EUR/MWh,ES,ES,imbalance_price,Long,2026-09-10T20:16:00Z
2026-09-10T20:13:39Z,2026-09-10T22:13:39+0200,e039fd7a-370f-4751-ae35-4bab387b3e13,2026-09-10T11:45:00Z,2026-09-10T13:45:00+0200,13.12,EUR/MWh,ES,ES,imbalance_price,Short,2026-09-10T20:16:00Z
2026-09-10T20:13:39Z,2026-09-10T22:13:39+0200,e039fd7a-370f-4751-ae35-4bab387b3e13,2026-09-10T12:00:00Z,2026-09-10T14:00:00+0200,-2.0,EUR/MWh,ES,ES,imbalance_price,Long,2026-09-10T20:16:00Z
2026-09-10T20:13:39Z,2026-09-10T22:13:39+0200,e039fd7a-370f-4751-ae35-4bab387b3e13,2026-09-10T12:00:00Z,2026-09-10T14:00:00+0200,11.11,EUR/MWh,ES,ES,imbalance_price,Short,2026-09-10T20:16:00Z
2026-09-10T20:13:39Z,2026-09-10T22:13:39+0200,e039fd7a-370f-4751-ae35-4bab387b3e13,2026-09-10T12:15:00Z,2026-09-10T14:15:00+0200,-2.0,EUR/MWh,ES,ES,imbalance_price,Long,2026-09-10T20:16:00Z
2026-09-10T20:13:39Z,2026-09-10T22:13:39+0200,e039fd7a-370f-4751-ae35-4bab387b3e13,2026-09-10T12:15:00Z,2026-09-10T14:15:00+0200,13.12,EUR/MWh,ES,ES,imbalance_price,Short,2026-09-10T20:16:00Z
2026-09-10T20:13:39Z,2026-09-10T22:13:39+0200,e039fd7a-370f-4751-ae35-4bab387b3e13,2026-09-10T12:30:00Z,2026-09-10T14:30:00+0200,-0.5,EUR/MWh,ES,ES,imbalance_price,Long,2026-09-10T20:16:00Z
2026-09-10T20:13:39Z,2026-09-10T22:13:39+0200,e039fd7a-370f-4751-ae35-4bab387b3e13,2026-09-10T12:30:00Z,2026-09-10T14:30:00+0200,13.12,EUR/MWh,ES,ES,imbalance_price,Short,2026-09-10T20:16:00Z
2026-09-10T20:13:39Z,2026-09-10T22:13:39+0200,e039fd7a-370f-4751-ae35-4bab387b3e13,2026-09-10T12:45:00Z,2026-09-10T14:45:00+0200,-0.01,EUR/MWh,ES,ES,imbalance_price,Long,2026-09-10T20:16:00Z
2026-09-10T20:13:39Z,2026-09-10T22:13:39+0200,e039fd7a-370f-4751-ae35-4bab387b3e13,2026-09-10T12:45:00Z,2026-09-10T14:45:00+0200,11.11,EUR/MWh,ES,ES,imbalance_price,Short,2026-09-10T20:16:00Z
2026-09-10T20:13:39Z,2026-09-10T22:13:39+0200,e039fd7a-370f-4751-ae35-4bab387b3e13,2026-09-10T13:00:00Z,2026-09-10T15:00:00+0200,-0.5,EUR/MWh,ES,ES,imbalance_price,Long,2026-09-10T20:16:00Z
2026-09-10T20:13:39Z,2026-09-10T22:13:39+0200,e039fd7a-370f-4751-ae35-4bab387b3e13,2026-09-10T13:00:00Z,2026-09-10T15:00:00+0200,12.1,EUR/MWh,ES,ES,imbalance_price,Short,2026-09-10T20:16:00Z
2026-09-10T20:13:39Z,2026-09-10T22:13:39+0200,e039fd7a-370f-4751-ae35-4bab387b3e13,2026-09-10T13:15:00Z,2026-09-10T15:15:00+0200,-0.49,EUR/MWh,ES,ES,imbalance_price,Long,2026-09-10T20:16:00Z
2026-09-10T20:13:39Z,2026-09-10T22:13:39+0200,e039fd7a-370f-4751-ae35-4bab387b3e13,2026-09-10T13:15:00Z,2026-09-10T15:15:00+0200,11.75,EUR/MWh,ES,ES,imbalance_price,Short,2026-09-10T20:16:00Z
2026-09-10T20:13:39Z,2026-09-10T22:13:39+0200,e039fd7a-370f-4751-ae35-4bab387b3e13,2026-09-10T13:30:00Z,2026-09-10T15:30:00+0200,-0.01,EUR/MWh,ES,ES,imbalance_price,Long,2026-09-10T20:16:00Z
2026-09-10T20:13:39Z,2026-09-10T22:13:39+0200,e039fd7a-370f-4751-ae35-4bab387b3e13,2026-09-10T13:30:00Z,2026-09-10T15:30:00+0200,11.11,EUR/MWh,ES,ES,imbalance_price,Short,2026-09-10T20:16:00Z
2026-09-10T20:13:39Z,2026-09-10T22:13:39+0200,e039fd7a-370f-4751-ae35-4bab387b3e13,2026-09-10T13:45:00Z,2026-09-10T15:45:00+0200,-0.01,EUR/MWh,ES,ES,imbalance_price,Long,2026-09-10T20:16:00Z
2026-09-10T20:13:39Z,2026-09-10T22:13:39+0200,e039fd7a-370f-4751-ae35-4bab387b3e13,2026-09-10T13:45:00Z,2026-09-10T15:45:00+0200,11.32,EUR/MWh,ES,ES,imbalance_price,Short,2026-09-10T20:16:00Z
2026-09-10T20:13:39Z,2026-09-10T22:13:39+0200,e039fd7a-370f-4751-ae35-4bab387b3e13,2026-09-10T14:00:00Z,2026-09-10T16:00:00+0200,-2.0,EUR/MWh,ES,ES,imbalance_price,Long,2026-09-10T20:16:00Z
2026-09-10T20:13:39Z,2026-09-10T22:13:39+0200,e039fd7a-370f-4751-ae35-4bab387b3e13,2026-09-10T14:00:00Z,2026-09-10T16:00:00+0200,11.11,EUR/MWh,ES,ES,imbalance_price,Short,2026-09-10T20:16:00Z
2026-09-10T20:13:39Z,2026-09-10T22:13:39+0200,e039fd7a-370f-4751-ae35-4bab387b3e13,2026-09-10T14:15:00Z,2026-09-10T16:15:00+0200,-1.75,EUR/MWh,ES,ES,imbalance_price,Long,2026-09-10T20:16:00Z
2026-09-10T20:13:39Z,2026-09-10T22:13:39+0200,e039fd7a-370f-4751-ae35-4bab387b3e13,2026-09-10T14:15:00Z,2026-09-10T16:15:00+0200,12.96,EUR/MWh,ES,ES,imbalance_price,Short,2026-09-10T20:16:00Z
2026-09-10T20:13:39Z,2026-09-10T22:13:39+0200,e039fd7a-370f-4751-ae35-4bab387b3e13,2026-09-10T14:30:00Z,2026-09-10T16:30:00+0200,-0.01,EUR/MWh,ES,ES,imbalance_price,Long,2026-09-10T20:16:00Z
2026-09-10T20:13:39Z,2026-09-10T22:13:39+0200,e039fd7a-370f-4751-ae35-4bab387b3e13,2026-09-10T14:30:00Z,2026-09-10T16:30:00+0200,15.0,EUR/MWh,ES,ES,imbalance_price,Short,2026-09-10T20:16:00Z
2026-09-10T20:13:39Z,2026-09-10T22:13:39+0200,e039fd7a-370f-4751-ae35-4bab387b3e13,2026-09-10T14:45:00Z,2026-09-10T16:45:00+0200,0.0,EUR/MWh,ES,ES,imbalance_price,Long,2026-09-10T20:16:00Z
2026-09-10T20:13:39Z,2026-09-10T22:13:39+0200,e039fd7a-370f-4751-ae35-4bab387b3e13,2026-09-10T14:45:00Z,2026-09-10T16:45:00+0200,30.0,EUR/MWh,ES,ES,imbalance_price,Short,2026-09-10T20:16:00Z
2026-09-10T20:13:39Z,2026-09-10T22:13:39+0200,e039fd7a-370f-4751-ae35-4bab387b3e13,2026-09-10T15:00:00Z,2026-09-10T17:00:00+0200,-0.01,EUR/MWh,ES,ES,imbalance_price,Long,2026-09-10T20:16:00Z
2026-09-10T20:13:39Z,2026-09-10T22:13:39+0200,e039fd7a-370f-4751-ae35-4bab387b3e13,2026-09-10T15:00:00Z,2026-09-10T17:00:00+0200,39.1,EUR/MWh,ES,ES,imbalance_price,Short,2026-09-10T20:16:00Z
2026-09-10T20:13:39Z,2026-09-10T22:13:39+0200,e039fd7a-370f-4751-ae35-4bab387b3e13,2026-09-10T15:15:00Z,2026-09-10T17:15:00+0200,0.0,EUR/MWh,ES,ES,imbalance_price,Long,2026-09-10T20:16:00Z
2026-09-10T20:13:39Z,2026-09-10T22:13:39+0200,e039fd7a-370f-4751-ae35-4bab387b3e13,2026-09-10T15:15:00Z,2026-09-10T17:15:00+0200,60.0,EUR/MWh,ES,ES,imbalance_price,Short,2026-09-10T20:16:00Z
2026-09-10T20:13:39Z,2026-09-10T22:13:39+0200,e039fd7a-370f-4751-ae35-4bab387b3e13,2026-09-10T15:30:00Z,2026-09-10T17:30:00+0200,0.84,EUR/MWh,ES,ES,imbalance_price,Long,2026-09-10T20:16:00Z
2026-09-10T20:13:39Z,2026-09-10T22:13:39+0200,e039fd7a-370f-4751-ae35-4bab387b3e13,2026-09-10T15:30:00Z,2026-09-10T17:30:00+0200,85.2,EUR/MWh,ES,ES,imbalance_price,Short,2026-09-10T20:16:00Z
2026-09-10T20:13:39Z,2026-09-10T22:13:39+0200,e039fd7a-370f-4751-ae35-4bab387b3e13,2026-09-10T15:45:00Z,2026-09-10T17:45:00+0200,65.65,EUR/MWh,ES,ES,imbalance_price,Long,2026-09-10T20:16:00Z
2026-09-10T20:13:39Z,2026-09-10T22:13:39+0200,e039fd7a-370f-4751-ae35-4bab387b3e13,2026-09-10T15:45:00Z,2026-09-10T17:45:00+0200,93.5,EUR/MWh,ES,ES,imbalance_price,Short,2026-09-10T20:16:00Z
2026-09-10T20:13:39Z,2026-09-10T22:13:39+0200,e039fd7a-370f-4751-ae35-4bab387b3e13,2026-09-10T16:00:00Z,2026-09-10T18:00:00+0200,28.4,EUR/MWh,ES,ES,imbalance_price,Long,2026-09-10T20:16:00Z
2026-09-10T20:13:39Z,2026-09-10T22:13:39+0200,e039fd7a-370f-4751-ae35-4bab387b3e13,2026-09-10T16:00:00Z,2026-09-10T18:00:00+0200,104.5,EUR/MWh,ES,ES,imbalance_price,Short,2026-09-10T20:16:00Z
2026-09-10T20:13:39Z,2026-09-10T22:13:39+0200,e039fd7a-370f-4751-ae35-4bab387b3e13,2026-09-10T16:15:00Z,2026-09-10T18:15:00+0200,10.11,EUR/MWh,ES,ES,imbalance_price,Long,2026-09-10T20:16:00Z
2026-09-10T20:13:39Z,2026-09-10T22:13:39+0200,e039fd7a-370f-4751-ae35-4bab387b3e13,2026-09-10T16:15:00Z,2026-09-10T18:15:00+0200,120.03,EUR/MWh,ES,ES,imbalance_price,Short,2026-09-10T20:16:00Z
2026-09-10T20:13:39Z,2026-09-10T22:13:39+0200,e039fd7a-370f-4751-ae35-4bab387b3e13,2026-09-10T16:30:00Z,2026-09-10T18:30:00+0200,0.27,EUR/MWh,ES,ES,imbalance_price,Long,2026-09-10T20:16:00Z
2026-09-10T20:13:39Z,2026-09-10T22:13:39+0200,e039fd7a-370f-4751-ae35-4bab387b3e13,2026-09-10T16:30:00Z,2026-09-10T18:30:00+0200,143.45,EUR/MWh,ES,ES,imbalance_price,Short,2026-09-10T20:16:00Z
2026-09-10T20:13:39Z,2026-09-10T22:13:39+0200,e039fd7a-370f-4751-ae35-4bab387b3e13,2026-09-10T16:45:00Z,2026-09-10T18:45:00+0200,56.11,EUR/MWh,ES,ES,imbalance_price,Long,2026-09-10T20:16:00Z
2026-09-10T20:13:39Z,2026-09-10T22:13:39+0200,e039fd7a-370f-4751-ae35-4bab387b3e13,2026-09-10T16:45:00Z,2026-09-10T18:45:00+0200,180.12,EUR/MWh,ES,ES,imbalance_price,Short,2026-09-10T20:16:00Z
2026-09-10T20:13:39Z,2026-09-10T22:13:39+0200,e039fd7a-370f-4751-ae35-4bab387b3e13,2026-09-10T17:00:00Z,2026-09-10T19:00:00+0200,48.26,EUR/MWh,ES,ES,imbalance_price,Long,2026-09-10T20:16:00Z
2026-09-10T20:13:39Z,2026-09-10T22:13:39+0200,e039fd7a-370f-4751-ae35-4bab387b3e13,2026-09-10T17:00:00Z,2026-09-10T19:00:00+0200,181.3,EUR/MWh,ES,ES,imbalance_price,Short,2026-09-10T20:16:00Z
2026-09-10T20:13:39Z,2026-09-10T22:13:39+0200,e039fd7a-370f-4751-ae35-4bab387b3e13,2026-09-10T17:15:00Z,2026-09-10T19:15:00+0200,50.3,EUR/MWh,ES,ES,imbalance_price,Long,2026-09-10T20:16:00Z
2026-09-10T20:13:39Z,2026-09-10T22:13:39+0200,e039fd7a-370f-4751-ae35-4bab387b3e13,2026-09-10T17:15:00Z,2026-09-10T19:15:00+0200,211.86,EUR/MWh,ES,ES,imbalance_price,Short,2026-09-10T20:16:00Z
2026-09-10T20:13:39Z,2026-09-10T22:13:39+0200,e039fd7a-370f-4751-ae35-4bab387b3e13,2026-09-10T17:30:00Z,2026-09-10T19:30:00+0200,130.0,EUR/MWh,ES,ES,imbalance_price,Long,2026-09-10T20:16:00Z
2026-09-10T20:13:39Z,2026-09-10T22:13:39+0200,e039fd7a-370f-4751-ae35-4bab387b3e13,2026-09-10T17:30:00Z,2026-09-10T19:30:00+0200,226.41,EUR/MWh,ES,ES,imbalance_price,Short,2026-09-10T20:16:00Z
2026-09-10T20:13:39Z,2026-09-10T22:13:39+0200,e039fd7a-370f-4751-ae35-4bab387b3e13,2026-09-10T17:45:00Z,2026-09-10T19:45:00+0200,272.0,EUR/MWh,ES,ES,imbalance_price,Long,2026-09-10T20:16:00Z
2026-09-10T20:13:39Z,2026-09-10T22:13:39+0200,e039fd7a-370f-4751-ae35-4bab387b3e13,2026-09-10T17:45:00Z,2026-09-10T19:45:00+0200,272.0,EUR/MWh,ES,ES,imbalance_price,Short,2026-09-10T20:16:00Z
2026-09-10T20:13:39Z,2026-09-10T22:13:39+0200,e039fd7a-370f-4751-ae35-4bab387b3e13,2026-09-10T18:00:00Z,2026-09-10T20:00:00+0200,190.94,EUR/MWh,ES,ES,imbalance_price,Long,2026-09-10T20:16:00Z
2026-09-10T20:13:39Z,2026-09-10T22:13:39+0200,e039fd7a-370f-4751-ae35-4bab387b3e13,2026-09-10T18:00:00Z,2026-09-10T20:00:00+0200,262.63,EUR/MWh,ES,ES,imbalance_price,Short,2026-09-10T20:16:00Z
2026-09-10T20:13:39Z,2026-09-10T22:13:39+0200,e039fd7a-370f-4751-ae35-4bab387b3e13,2026-09-10T18:15:00Z,2026-09-10T20:15:00+0200,184.06,EUR/MWh,ES,ES,imbalance_price,Long,2026-09-10T20:16:00Z
2026-09-10T20:13:39Z,2026-09-10T22:13:39+0200,e039fd7a-370f-4751-ae35-4bab387b3e13,2026-09-10T18:15:00Z,2026-09-10T20:15:00+0200,270.0,EUR/MWh,ES,ES,imbalance_price,Short,2026-09-10T20:16:00Z
2026-09-10T20:13:39Z,2026-09-10T22:13:39+0200,e039fd7a-370f-4751-ae35-4bab387b3e13,2026-09-10T18:30:00Z,2026-09-10T20:30:00+0200,183.95,EUR/MWh,ES,ES,imbalance_price,Long,2026-09-10T20:16:00Z
2026-09-10T20:13:39Z,2026-09-10T22:13:39+0200,e039fd7a-370f-4751-ae35-4bab387b3e13,2026-09-10T18:30:00Z,2026-09-10T20:30:00+0200,278.48,EUR/MWh,ES,ES,imbalance_price,Short,2026-09-10T20:16:00Z
2026-09-10T20:13:39Z,2026-09-10T22:13:39+0200,e039fd7a-370f-4751-ae35-4bab387b3e13,2026-09-10T18:45:00Z,2026-09-10T20:45:00+0200,184.13,EUR/MWh,ES,ES,imbalance_price,Long,2026-09-10T20:16:00Z
2026-09-10T20:13:39Z,2026-09-10T22:13:39+0200,e039fd7a-370f-4751-ae35-4bab387b3e13,2026-09-10T18:45:00Z,2026-09-10T20:45:00+0200,275.01,EUR/MWh,ES,ES,imbalance_price,Short,2026-09-10T20:16:00Z
2026-09-10T20:13:39Z,2026-09-10T22:13:39+0200,e039fd7a-370f-4751-ae35-4bab387b3e13,2026-09-10T19:00:00Z,2026-09-10T21:00:00+0200,271.39,EUR/MWh,ES,ES,imbalance_price,Long,2026-09-10T20:16:00Z
2026-09-10T20:13:39Z,2026-09-10T22:13:39+0200,e039fd7a-370f-4751-ae35-4bab387b3e13,2026-09-10T19:00:00Z,2026-09-10T21:00:00+0200,271.39,EUR/MWh,ES,ES,imbalance_price,Short,2026-09-10T20:16:00Z
2026-09-10T20:13:39Z,2026-09-10T22:13:39+0200,e039fd7a-370f-4751-ae35-4bab387b3e13,2026-09-10T19:15:00Z,2026-09-10T21:15:00+0200,268.06,EUR/MWh,ES,ES,imbalance_price,Long,2026-09-10T20:16:00Z
2026-09-10T20:13:39Z,2026-09-10T22:13:39+0200,e039fd7a-370f-4751-ae35-4bab387b3e13,2026-09-10T19:15:00Z,2026-09-10T21:15:00+0200,268.06,EUR/MWh,ES,ES,imbalance_price,Short,2026-09-10T20:16:00Z
2026-09-10T20:13:39Z,2026-09-10T22:13:39+0200,e039fd7a-370f-4751-ae35-4bab387b3e13,2026-09-10T19:30:00Z,2026-09-10T21:30:00+0200,241.43,EUR/MWh,ES,ES,imbalance_price,Long,2026-09-10T20:16:00Z
2026-09-10T20:13:39Z,2026-09-10T22:13:39+0200,e039fd7a-370f-4751-ae35-4bab387b3e13,2026-09-10T19:30:00Z,2026-09-10T21:30:00+0200,241.43,EUR/MWh,ES,ES,imbalance_price,Short,2026-09-10T20:16:00Z
2026-09-10T20:13:39Z,2026-09-10T22:13:39+0200,e039fd7a-370f-4751-ae35-4bab387b3e13,2026-09-10T19:45:00Z,2026-09-10T21:45:00+0200,238.01,EUR/MWh,ES,ES,imbalance_price,Long,2026-09-10T20:16:00Z
2026-09-10T20:13:39Z,2026-09-10T22:13:39+0200,e039fd7a-370f-4751-ae35-4bab387b3e13,2026-09-10T19:45:00Z,2026-09-10T21:45:00+0200,238.01,EUR/MWh,ES,ES,imbalance_price,Short,2026-09-10T20:16:00Z
