collection_time_utc,collection_time_local,run_id,timestamp_utc,timestamp_local,value,unit,country,entsoe_area,variable,source,updated_at_utc
2026-07-23T07:11:55Z,2026-07-23T09:11:55+0200,db3f74e3-4f49-42d6-88b6-ea3283c50514,2026-06-22T07:15:00Z,2026-06-22T09:15:00+0200,32271.068,MW,DE,DE_LU,actual_solar_generation,Solar,2026-07-23T07:13:23Z
2026-07-23T07:11:55Z,2026-07-23T09:11:55+0200,db3f74e3-4f49-42d6-88b6-ea3283c50514,2026-06-22T07:30:00Z,2026-06-22T09:30:00+0200,34594.576,MW,DE,DE_LU,actual_solar_generation,Solar,2026-07-23T07:13:23Z
2026-07-23T07:11:55Z,2026-07-23T09:11:55+0200,db3f74e3-4f49-42d6-88b6-ea3283c50514,2026-06-22T07:45:00Z,2026-06-22T09:45:00+0200,36801.664,MW,DE,DE_LU,actual_solar_generation,Solar,2026-07-23T07:13:23Z
2026-07-23T07:11:55Z,2026-07-23T09:11:55+0200,db3f74e3-4f49-42d6-88b6-ea3283c50514,2026-06-22T08:00:00Z,2026-06-22T10:00:00+0200,39484.681,MW,DE,DE_LU,actual_solar_generation,Solar,2026-07-23T07:13:23Z
2026-07-23T07:11:55Z,2026-07-23T09:11:55+0200,db3f74e3-4f49-42d6-88b6-ea3283c50514,2026-06-22T08:15:00Z,2026-06-22T10:15:00+0200,41783.452,MW,DE,DE_LU,actual_solar_generation,Solar,2026-07-23T07:13:23Z
2026-07-23T07:11:55Z,2026-07-23T09:11:55+0200,db3f74e3-4f49-42d6-88b6-ea3283c50514,2026-06-22T08:30:00Z,2026-06-22T10:30:00+0200,43873.761,MW,DE,DE_LU,actual_solar_generation,Solar,2026-07-23T07:13:23Z
2026-07-23T07:11:55Z,2026-07-23T09:11:55+0200,db3f74e3-4f49-42d6-88b6-ea3283c50514,2026-06-22T08:45:00Z,2026-06-22T10:45:00+0200,45748.044,MW,DE,DE_LU,actual_solar_generation,Solar,2026-07-23T07:13:23Z
2026-07-23T07:11:55Z,2026-07-23T09:11:55+0200,db3f74e3-4f49-42d6-88b6-ea3283c50514,2026-06-22T09:00:00Z,2026-06-22T11:00:00+0200,47383.041,MW,DE,DE_LU,actual_solar_generation,Solar,2026-07-23T07:13:23Z
2026-07-23T07:11:55Z,2026-07-23T09:11:55+0200,db3f74e3-4f49-42d6-88b6-ea3283c50514,2026-06-22T09:15:00Z,2026-06-22T11:15:00+0200,48959.2,MW,DE,DE_LU,actual_solar_generation,Solar,2026-07-23T07:13:23Z
2026-07-23T07:11:55Z,2026-07-23T09:11:55+0200,db3f74e3-4f49-42d6-88b6-ea3283c50514,2026-06-22T09:30:00Z,2026-06-22T11:30:00+0200,50279.688,MW,DE,DE_LU,actual_solar_generation,Solar,2026-07-23T07:13:23Z
2026-07-23T07:11:55Z,2026-07-23T09:11:55+0200,db3f74e3-4f49-42d6-88b6-ea3283c50514,2026-06-22T09:45:00Z,2026-06-22T11:45:00+0200,51528.559,MW,DE,DE_LU,actual_solar_generation,Solar,2026-07-23T07:13:23Z
2026-07-23T07:11:55Z,2026-07-23T09:11:55+0200,db3f74e3-4f49-42d6-88b6-ea3283c50514,2026-06-22T10:00:00Z,2026-06-22T12:00:00+0200,52352.912,MW,DE,DE_LU,actual_solar_generation,Solar,2026-07-23T07:13:23Z
2026-07-23T07:11:55Z,2026-07-23T09:11:55+0200,db3f74e3-4f49-42d6-88b6-ea3283c50514,2026-06-22T10:15:00Z,2026-06-22T12:15:00+0200,52389.936,MW,DE,DE_LU,actual_solar_generation,Solar,2026-07-23T07:13:23Z
2026-07-23T07:11:55Z,2026-07-23T09:11:55+0200,db3f74e3-4f49-42d6-88b6-ea3283c50514,2026-06-22T10:30:00Z,2026-06-22T12:30:00+0200,53044.698,MW,DE,DE_LU,actual_solar_generation,Solar,2026-07-23T07:13:23Z
2026-07-23T07:11:55Z,2026-07-23T09:11:55+0200,db3f74e3-4f49-42d6-88b6-ea3283c50514,2026-06-22T10:45:00Z,2026-06-22T12:45:00+0200,53421.369,MW,DE,DE_LU,actual_solar_generation,Solar,2026-07-23T07:13:23Z
2026-07-23T07:11:55Z,2026-07-23T09:11:55+0200,db3f74e3-4f49-42d6-88b6-ea3283c50514,2026-06-22T11:00:00Z,2026-06-22T13:00:00+0200,53449.238,MW,DE,DE_LU,actual_solar_generation,Solar,2026-07-23T07:13:23Z
2026-07-23T07:11:55Z,2026-07-23T09:11:55+0200,db3f74e3-4f49-42d6-88b6-ea3283c50514,2026-06-22T11:15:00Z,2026-06-22T13:15:00+0200,53352.202,MW,DE,DE_LU,actual_solar_generation,Solar,2026-07-23T07:13:23Z
2026-07-23T07:11:55Z,2026-07-23T09:11:55+0200,db3f74e3-4f49-42d6-88b6-ea3283c50514,2026-06-22T11:30:00Z,2026-06-22T13:30:00+0200,53079.124,MW,DE,DE_LU,actual_solar_generation,Solar,2026-07-23T07:13:23Z
2026-07-23T07:11:55Z,2026-07-23T09:11:55+0200,db3f74e3-4f49-42d6-88b6-ea3283c50514,2026-06-22T11:45:00Z,2026-06-22T13:45:00+0200,52545.099,MW,DE,DE_LU,actual_solar_generation,Solar,2026-07-23T07:13:23Z
2026-07-23T07:11:55Z,2026-07-23T09:11:55+0200,db3f74e3-4f49-42d6-88b6-ea3283c50514,2026-06-22T12:00:00Z,2026-06-22T14:00:00+0200,51807.342,MW,DE,DE_LU,actual_solar_generation,Solar,2026-07-23T07:13:23Z
2026-07-23T07:11:55Z,2026-07-23T09:11:55+0200,db3f74e3-4f49-42d6-88b6-ea3283c50514,2026-06-22T12:15:00Z,2026-06-22T14:15:00+0200,50870.554,MW,DE,DE_LU,actual_solar_generation,Solar,2026-07-23T07:13:23Z
2026-07-23T07:11:55Z,2026-07-23T09:11:55+0200,db3f74e3-4f49-42d6-88b6-ea3283c50514,2026-06-22T12:30:00Z,2026-06-22T14:30:00+0200,49592.394,MW,DE,DE_LU,actual_solar_generation,Solar,2026-07-23T07:13:23Z
2026-07-23T07:11:55Z,2026-07-23T09:11:55+0200,db3f74e3-4f49-42d6-88b6-ea3283c50514,2026-06-22T12:45:00Z,2026-06-22T14:45:00+0200,48738.07,MW,DE,DE_LU,actual_solar_generation,Solar,2026-07-23T07:13:23Z
2026-07-23T07:11:55Z,2026-07-23T09:11:55+0200,db3f74e3-4f49-42d6-88b6-ea3283c50514,2026-06-22T13:00:00Z,2026-06-22T15:00:00+0200,47544.238,MW,DE,DE_LU,actual_solar_generation,Solar,2026-07-23T07:13:23Z
2026-07-23T07:11:55Z,2026-07-23T09:11:55+0200,db3f74e3-4f49-42d6-88b6-ea3283c50514,2026-06-22T13:15:00Z,2026-06-22T15:15:00+0200,45982.386,MW,DE,DE_LU,actual_solar_generation,Solar,2026-07-23T07:13:23Z
2026-07-23T07:11:55Z,2026-07-23T09:11:55+0200,db3f74e3-4f49-42d6-88b6-ea3283c50514,2026-06-22T13:30:00Z,2026-06-22T15:30:00+0200,44143.231,MW,DE,DE_LU,actual_solar_generation,Solar,2026-07-23T07:13:23Z
2026-07-23T07:11:55Z,2026-07-23T09:11:55+0200,db3f74e3-4f49-42d6-88b6-ea3283c50514,2026-06-22T13:45:00Z,2026-06-22T15:45:00+0200,42396.863,MW,DE,DE_LU,actual_solar_generation,Solar,2026-07-23T07:13:23Z
2026-07-23T07:11:55Z,2026-07-23T09:11:55+0200,db3f74e3-4f49-42d6-88b6-ea3283c50514,2026-06-22T14:00:00Z,2026-06-22T16:00:00+0200,40641.242,MW,DE,DE_LU,actual_solar_generation,Solar,2026-07-23T07:13:23Z
2026-07-23T07:11:55Z,2026-07-23T09:11:55+0200,db3f74e3-4f49-42d6-88b6-ea3283c50514,2026-06-22T14:15:00Z,2026-06-22T16:15:00+0200,38643.738,MW,DE,DE_LU,actual_solar_generation,Solar,2026-07-23T07:13:23Z
2026-07-23T07:11:55Z,2026-07-23T09:11:55+0200,db3f74e3-4f49-42d6-88b6-ea3283c50514,2026-06-22T14:30:00Z,2026-06-22T16:30:00+0200,36121.75,MW,DE,DE_LU,actual_solar_generation,Solar,2026-07-23T07:13:23Z
2026-07-23T07:11:55Z,2026-07-23T09:11:55+0200,db3f74e3-4f49-42d6-88b6-ea3283c50514,2026-06-22T14:45:00Z,2026-06-22T16:45:00+0200,33888.048,MW,DE,DE_LU,actual_solar_generation,Solar,2026-07-23T07:13:23Z
2026-07-23T07:11:55Z,2026-07-23T09:11:55+0200,db3f74e3-4f49-42d6-88b6-ea3283c50514,2026-06-22T15:00:00Z,2026-06-22T17:00:00+0200,31367.533,MW,DE,DE_LU,actual_solar_generation,Solar,2026-07-23T07:13:23Z
2026-07-23T07:11:55Z,2026-07-23T09:11:55+0200,db3f74e3-4f49-42d6-88b6-ea3283c50514,2026-06-22T15:15:00Z,2026-06-22T17:15:00+0200,28902.422,MW,DE,DE_LU,actual_solar_generation,Solar,2026-07-23T07:13:23Z
2026-07-23T07:11:55Z,2026-07-23T09:11:55+0200,db3f74e3-4f49-42d6-88b6-ea3283c50514,2026-06-22T15:30:00Z,2026-06-22T17:30:00+0200,26504.565,MW,DE,DE_LU,actual_solar_generation,Solar,2026-07-23T07:13:23Z
2026-07-23T07:11:55Z,2026-07-23T09:11:55+0200,db3f74e3-4f49-42d6-88b6-ea3283c50514,2026-06-22T15:45:00Z,2026-06-22T17:45:00+0200,24051.707,MW,DE,DE_LU,actual_solar_generation,Solar,2026-07-23T07:13:23Z
2026-07-23T07:11:55Z,2026-07-23T09:11:55+0200,db3f74e3-4f49-42d6-88b6-ea3283c50514,2026-06-22T16:00:00Z,2026-06-22T18:00:00+0200,21624.282,MW,DE,DE_LU,actual_solar_generation,Solar,2026-07-23T07:13:23Z
2026-07-23T07:11:55Z,2026-07-23T09:11:55+0200,db3f74e3-4f49-42d6-88b6-ea3283c50514,2026-06-22T16:15:00Z,2026-06-22T18:15:00+0200,19178.507,MW,DE,DE_LU,actual_solar_generation,Solar,2026-07-23T07:13:23Z
2026-07-23T07:11:55Z,2026-07-23T09:11:55+0200,db3f74e3-4f49-42d6-88b6-ea3283c50514,2026-06-22T16:30:00Z,2026-06-22T18:30:00+0200,16704.101,MW,DE,DE_LU,actual_solar_generation,Solar,2026-07-23T07:13:23Z
2026-07-23T07:11:55Z,2026-07-23T09:11:55+0200,db3f74e3-4f49-42d6-88b6-ea3283c50514,2026-06-22T16:45:00Z,2026-06-22T18:45:00+0200,14420.081,MW,DE,DE_LU,actual_solar_generation,Solar,2026-07-23T07:13:23Z
2026-07-23T07:11:55Z,2026-07-23T09:11:55+0200,db3f74e3-4f49-42d6-88b6-ea3283c50514,2026-06-22T17:00:00Z,2026-06-22T19:00:00+0200,12116.883,MW,DE,DE_LU,actual_solar_generation,Solar,2026-07-23T07:13:23Z
2026-07-23T07:11:55Z,2026-07-23T09:11:55+0200,db3f74e3-4f49-42d6-88b6-ea3283c50514,2026-06-22T17:15:00Z,2026-06-22T19:15:00+0200,10015.512,MW,DE,DE_LU,actual_solar_generation,Solar,2026-07-23T07:13:23Z
2026-07-23T07:11:55Z,2026-07-23T09:11:55+0200,db3f74e3-4f49-42d6-88b6-ea3283c50514,2026-06-22T17:30:00Z,2026-06-22T19:30:00+0200,7971.791,MW,DE,DE_LU,actual_solar_generation,Solar,2026-07-23T07:13:23Z
2026-07-23T07:11:55Z,2026-07-23T09:11:55+0200,db3f74e3-4f49-42d6-88b6-ea3283c50514,2026-06-22T17:45:00Z,2026-06-22T19:45:00+0200,6156.58,MW,DE,DE_LU,actual_solar_generation,Solar,2026-07-23T07:13:23Z
2026-07-23T07:11:55Z,2026-07-23T09:11:55+0200,db3f74e3-4f49-42d6-88b6-ea3283c50514,2026-06-22T18:00:00Z,2026-06-22T20:00:00+0200,4547.943,MW,DE,DE_LU,actual_solar_generation,Solar,2026-07-23T07:13:23Z
2026-07-23T07:11:55Z,2026-07-23T09:11:55+0200,db3f74e3-4f49-42d6-88b6-ea3283c50514,2026-06-22T18:15:00Z,2026-06-22T20:15:00+0200,3298.782,MW,DE,DE_LU,actual_solar_generation,Solar,2026-07-23T07:13:23Z
2026-07-23T07:11:55Z,2026-07-23T09:11:55+0200,db3f74e3-4f49-42d6-88b6-ea3283c50514,2026-06-22T18:30:00Z,2026-06-22T20:30:00+0200,2228.393,MW,DE,DE_LU,actual_solar_generation,Solar,2026-07-23T07:13:23Z
2026-07-23T07:11:55Z,2026-07-23T09:11:55+0200,db3f74e3-4f49-42d6-88b6-ea3283c50514,2026-06-22T18:45:00Z,2026-06-22T20:45:00+0200,1370.723,MW,DE,DE_LU,actual_solar_generation,Solar,2026-07-23T07:13:23Z
2026-07-23T07:11:55Z,2026-07-23T09:11:55+0200,db3f74e3-4f49-42d6-88b6-ea3283c50514,2026-06-22T19:00:00Z,2026-06-22T21:00:00+0200,702.827,MW,DE,DE_LU,actual_solar_generation,Solar,2026-07-23T07:13:23Z
2026-07-23T07:11:55Z,2026-07-23T09:11:55+0200,db3f74e3-4f49-42d6-88b6-ea3283c50514,2026-06-22T19:15:00Z,2026-06-22T21:15:00+0200,267.074,MW,DE,DE_LU,actual_solar_generation,Solar,2026-07-23T07:13:23Z
2026-07-23T07:11:55Z,2026-07-23T09:11:55+0200,db3f74e3-4f49-42d6-88b6-ea3283c50514,2026-06-22T19:30:00Z,2026-06-22T21:30:00+0200,65.595,MW,DE,DE_LU,actual_solar_generation,Solar,2026-07-23T07:13:23Z
2026-07-23T07:11:55Z,2026-07-23T09:11:55+0200,db3f74e3-4f49-42d6-88b6-ea3283c50514,2026-06-22T19:45:00Z,2026-06-22T21:45:00+0200,7.826,MW,DE,DE_LU,actual_solar_generation,Solar,2026-07-23T07:13:23Z
2026-07-23T07:11:55Z,2026-07-23T09:11:55+0200,db3f74e3-4f49-42d6-88b6-ea3283c50514,2026-06-22T20:00:00Z,2026-06-22T22:00:00+0200,1.331,MW,DE,DE_LU,actual_solar_generation,Solar,2026-07-23T07:13:23Z
2026-07-23T07:11:55Z,2026-07-23T09:11:55+0200,db3f74e3-4f49-42d6-88b6-ea3283c50514,2026-06-22T20:15:00Z,2026-06-22T22:15:00+0200,0.429,MW,DE,DE_LU,actual_solar_generation,Solar,2026-07-23T07:13:23Z
2026-07-23T07:11:55Z,2026-07-23T09:11:55+0200,db3f74e3-4f49-42d6-88b6-ea3283c50514,2026-06-22T20:30:00Z,2026-06-22T22:30:00+0200,0.203,MW,DE,DE_LU,actual_solar_generation,Solar,2026-07-23T07:13:23Z
2026-07-23T07:11:55Z,2026-07-23T09:11:55+0200,db3f74e3-4f49-42d6-88b6-ea3283c50514,2026-06-22T20:45:00Z,2026-06-22T22:45:00+0200,0.187,MW,DE,DE_LU,actual_solar_generation,Solar,2026-07-23T07:13:23Z
2026-07-23T07:11:55Z,2026-07-23T09:11:55+0200,db3f74e3-4f49-42d6-88b6-ea3283c50514,2026-06-22T21:00:00Z,2026-06-22T23:00:00+0200,0.179,MW,DE,DE_LU,actual_solar_generation,Solar,2026-07-23T07:13:23Z
2026-07-23T07:11:55Z,2026-07-23T09:11:55+0200,db3f74e3-4f49-42d6-88b6-ea3283c50514,2026-06-22T21:15:00Z,2026-06-22T23:15:00+0200,0.149,MW,DE,DE_LU,actual_solar_generation,Solar,2026-07-23T07:13:23Z
2026-07-23T07:11:55Z,2026-07-23T09:11:55+0200,db3f74e3-4f49-42d6-88b6-ea3283c50514,2026-06-22T21:30:00Z,2026-06-22T23:30:00+0200,0.144,MW,DE,DE_LU,actual_solar_generation,Solar,2026-07-23T07:13:23Z
2026-07-23T07:11:55Z,2026-07-23T09:11:55+0200,db3f74e3-4f49-42d6-88b6-ea3283c50514,2026-06-22T21:45:00Z,2026-06-22T23:45:00+0200,0.132,MW,DE,DE_LU,actual_solar_generation,Solar,2026-07-23T07:13:23Z
2026-07-23T07:11:55Z,2026-07-23T09:11:55+0200,db3f74e3-4f49-42d6-88b6-ea3283c50514,2026-06-22T22:00:00Z,2026-06-23T00:00:00+0200,0.136,MW,DE,DE_LU,actual_solar_generation,Solar,2026-07-23T07:13:23Z
2026-07-23T07:11:55Z,2026-07-23T09:11:55+0200,db3f74e3-4f49-42d6-88b6-ea3283c50514,2026-06-22T22:15:00Z,2026-06-23T00:15:00+0200,0.141,MW,DE,DE_LU,actual_solar_generation,Solar,2026-07-23T07:13:23Z
2026-07-23T07:11:55Z,2026-07-23T09:11:55+0200,db3f74e3-4f49-42d6-88b6-ea3283c50514,2026-06-22T22:30:00Z,2026-06-23T00:30:00+0200,0.132,MW,DE,DE_LU,actual_solar_generation,Solar,2026-07-23T07:13:23Z
2026-07-23T07:11:55Z,2026-07-23T09:11:55+0200,db3f74e3-4f49-42d6-88b6-ea3283c50514,2026-06-22T22:45:00Z,2026-06-23T00:45:00+0200,0.126,MW,DE,DE_LU,actual_solar_generation,Solar,2026-07-23T07:13:23Z
2026-07-23T07:11:55Z,2026-07-23T09:11:55+0200,db3f74e3-4f49-42d6-88b6-ea3283c50514,2026-06-22T23:00:00Z,2026-06-23T01:00:00+0200,0.125,MW,DE,DE_LU,actual_solar_generation,Solar,2026-07-23T07:13:23Z
2026-07-23T07:11:55Z,2026-07-23T09:11:55+0200,db3f74e3-4f49-42d6-88b6-ea3283c50514,2026-06-22T23:15:00Z,2026-06-23T01:15:00+0200,0.127,MW,DE,DE_LU,actual_solar_generation,Solar,2026-07-23T07:13:23Z
2026-07-23T07:11:55Z,2026-07-23T09:11:55+0200,db3f74e3-4f49-42d6-88b6-ea3283c50514,2026-06-22T23:30:00Z,2026-06-23T01:30:00+0200,0.119,MW,DE,DE_LU,actual_solar_generation,Solar,2026-07-23T07:13:23Z
2026-07-23T07:11:55Z,2026-07-23T09:11:55+0200,db3f74e3-4f49-42d6-88b6-ea3283c50514,2026-06-22T23:45:00Z,2026-06-23T01:45:00+0200,0.112,MW,DE,DE_LU,actual_solar_generation,Solar,2026-07-23T07:13:23Z
2026-07-23T07:11:55Z,2026-07-23T09:11:55+0200,db3f74e3-4f49-42d6-88b6-ea3283c50514,2026-06-23T00:00:00Z,2026-06-23T02:00:00+0200,0.107,MW,DE,DE_LU,actual_solar_generation,Solar,2026-07-23T07:13:23Z
2026-07-23T07:11:55Z,2026-07-23T09:11:55+0200,db3f74e3-4f49-42d6-88b6-ea3283c50514,2026-06-23T00:15:00Z,2026-06-23T02:15:00+0200,0.101,MW,DE,DE_LU,actual_solar_generation,Solar,2026-07-23T07:13:23Z
2026-07-23T07:11:55Z,2026-07-23T09:11:55+0200,db3f74e3-4f49-42d6-88b6-ea3283c50514,2026-06-23T00:30:00Z,2026-06-23T02:30:00+0200,0.094,MW,DE,DE_LU,actual_solar_generation,Solar,2026-07-23T07:13:23Z
2026-07-23T07:11:55Z,2026-07-23T09:11:55+0200,db3f74e3-4f49-42d6-88b6-ea3283c50514,2026-06-23T00:45:00Z,2026-06-23T02:45:00+0200,0.091,MW,DE,DE_LU,actual_solar_generation,Solar,2026-07-23T07:13:23Z
2026-07-23T07:11:55Z,2026-07-23T09:11:55+0200,db3f74e3-4f49-42d6-88b6-ea3283c50514,2026-06-23T01:00:00Z,2026-06-23T03:00:00+0200,0.092,MW,DE,DE_LU,actual_solar_generation,Solar,2026-07-23T07:13:23Z
2026-07-23T07:11:55Z,2026-07-23T09:11:55+0200,db3f74e3-4f49-42d6-88b6-ea3283c50514,2026-06-23T01:15:00Z,2026-06-23T03:15:00+0200,0.091,MW,DE,DE_LU,actual_solar_generation,Solar,2026-07-23T07:13:23Z
2026-07-23T07:11:55Z,2026-07-23T09:11:55+0200,db3f74e3-4f49-42d6-88b6-ea3283c50514,2026-06-23T01:30:00Z,2026-06-23T03:30:00+0200,0.084,MW,DE,DE_LU,actual_solar_generation,Solar,2026-07-23T07:13:23Z
2026-07-23T07:11:55Z,2026-07-23T09:11:55+0200,db3f74e3-4f49-42d6-88b6-ea3283c50514,2026-06-23T01:45:00Z,2026-06-23T03:45:00+0200,0.08,MW,DE,DE_LU,actual_solar_generation,Solar,2026-07-23T07:13:23Z
2026-07-23T07:11:55Z,2026-07-23T09:11:55+0200,db3f74e3-4f49-42d6-88b6-ea3283c50514,2026-06-23T02:00:00Z,2026-06-23T04:00:00+0200,0.08,MW,DE,DE_LU,actual_solar_generation,Solar,2026-07-23T07:13:23Z
2026-07-23T07:11:55Z,2026-07-23T09:11:55+0200,db3f74e3-4f49-42d6-88b6-ea3283c50514,2026-06-23T02:15:00Z,2026-06-23T04:15:00+0200,0.317,MW,DE,DE_LU,actual_solar_generation,Solar,2026-07-23T07:13:23Z
2026-07-23T07:11:55Z,2026-07-23T09:11:55+0200,db3f74e3-4f49-42d6-88b6-ea3283c50514,2026-06-23T02:30:00Z,2026-06-23T04:30:00+0200,3.848,MW,DE,DE_LU,actual_solar_generation,Solar,2026-07-23T07:13:23Z
2026-07-23T07:11:55Z,2026-07-23T09:11:55+0200,db3f74e3-4f49-42d6-88b6-ea3283c50514,2026-06-23T02:45:00Z,2026-06-23T04:45:00+0200,31.324,MW,DE,DE_LU,actual_solar_generation,Solar,2026-07-23T07:13:23Z
2026-07-23T07:11:55Z,2026-07-23T09:11:55+0200,db3f74e3-4f49-42d6-88b6-ea3283c50514,2026-06-23T03:00:00Z,2026-06-23T05:00:00+0200,129.275,MW,DE,DE_LU,actual_solar_generation,Solar,2026-07-23T07:13:23Z
2026-07-23T07:11:55Z,2026-07-23T09:11:55+0200,db3f74e3-4f49-42d6-88b6-ea3283c50514,2026-06-23T03:15:00Z,2026-06-23T05:15:00+0200,356.621,MW,DE,DE_LU,actual_solar_generation,Solar,2026-07-23T07:13:23Z
2026-07-23T07:11:55Z,2026-07-23T09:11:55+0200,db3f74e3-4f49-42d6-88b6-ea3283c50514,2026-06-23T03:30:00Z,2026-06-23T05:30:00+0200,877.906,MW,DE,DE_LU,actual_solar_generation,Solar,2026-07-23T07:13:23Z
2026-07-23T07:11:55Z,2026-07-23T09:11:55+0200,db3f74e3-4f49-42d6-88b6-ea3283c50514,2026-06-23T03:45:00Z,2026-06-23T05:45:00+0200,1661.02,MW,DE,DE_LU,actual_solar_generation,Solar,2026-07-23T07:13:23Z
2026-07-23T07:11:55Z,2026-07-23T09:11:55+0200,db3f74e3-4f49-42d6-88b6-ea3283c50514,2026-06-23T04:00:00Z,2026-06-23T06:00:00+0200,2612.405,MW,DE,DE_LU,actual_solar_generation,Solar,2026-07-23T07:13:23Z
2026-07-23T07:11:55Z,2026-07-23T09:11:55+0200,db3f74e3-4f49-42d6-88b6-ea3283c50514,2026-06-23T04:15:00Z,2026-06-23T06:15:00+0200,3764.965,MW,DE,DE_LU,actual_solar_generation,Solar,2026-07-23T07:13:23Z
2026-07-23T07:11:55Z,2026-07-23T09:11:55+0200,db3f74e3-4f49-42d6-88b6-ea3283c50514,2026-06-23T04:30:00Z,2026-06-23T06:30:00+0200,5204.902,MW,DE,DE_LU,actual_solar_generation,Solar,2026-07-23T07:13:23Z
2026-07-23T07:11:55Z,2026-07-23T09:11:55+0200,db3f74e3-4f49-42d6-88b6-ea3283c50514,2026-06-23T04:45:00Z,2026-06-23T06:45:00+0200,6827.82,MW,DE,DE_LU,actual_solar_generation,Solar,2026-07-23T07:13:23Z
2026-07-23T07:11:55Z,2026-07-23T09:11:55+0200,db3f74e3-4f49-42d6-88b6-ea3283c50514,2026-06-23T05:00:00Z,2026-06-23T07:00:00+0200,8830.926,MW,DE,DE_LU,actual_solar_generation,Solar,2026-07-23T07:13:23Z
2026-07-23T07:11:55Z,2026-07-23T09:11:55+0200,db3f74e3-4f49-42d6-88b6-ea3283c50514,2026-06-23T05:15:00Z,2026-06-23T07:15:00+0200,10995.094,MW,DE,DE_LU,actual_solar_generation,Solar,2026-07-23T07:13:23Z
2026-07-23T07:11:55Z,2026-07-23T09:11:55+0200,db3f74e3-4f49-42d6-88b6-ea3283c50514,2026-06-23T05:30:00Z,2026-06-23T07:30:00+0200,13505.864,MW,DE,DE_LU,actual_solar_generation,Solar,2026-07-23T07:13:23Z
2026-07-23T07:11:55Z,2026-07-23T09:11:55+0200,db3f74e3-4f49-42d6-88b6-ea3283c50514,2026-06-23T05:45:00Z,2026-06-23T07:45:00+0200,16250.337,MW,DE,DE_LU,actual_solar_generation,Solar,2026-07-23T07:13:23Z
2026-07-23T07:11:55Z,2026-07-23T09:11:55+0200,db3f74e3-4f49-42d6-88b6-ea3283c50514,2026-06-23T06:00:00Z,2026-06-23T08:00:00+0200,19031.23,MW,DE,DE_LU,actual_solar_generation,Solar,2026-07-23T07:13:23Z
2026-07-23T07:11:55Z,2026-07-23T09:11:55+0200,db3f74e3-4f49-42d6-88b6-ea3283c50514,2026-06-23T06:15:00Z,2026-06-23T08:15:00+0200,22028.02,MW,DE,DE_LU,actual_solar_generation,Solar,2026-07-23T07:13:23Z
2026-07-23T07:11:55Z,2026-07-23T09:11:55+0200,db3f74e3-4f49-42d6-88b6-ea3283c50514,2026-06-23T06:30:00Z,2026-06-23T08:30:00+0200,24878.501,MW,DE,DE_LU,actual_solar_generation,Solar,2026-07-23T07:13:23Z
2026-07-23T07:11:55Z,2026-07-23T09:11:55+0200,db3f74e3-4f49-42d6-88b6-ea3283c50514,2026-06-23T06:45:00Z,2026-06-23T08:45:00+0200,27859.208,MW,DE,DE_LU,actual_solar_generation,Solar,2026-07-23T07:13:23Z
2026-07-23T07:11:55Z,2026-07-23T09:11:55+0200,db3f74e3-4f49-42d6-88b6-ea3283c50514,2026-06-23T07:00:00Z,2026-06-23T09:00:00+0200,30340.891,MW,DE,DE_LU,actual_solar_generation,Solar,2026-07-23T07:13:23Z
2026-07-23T07:11:55Z,2026-07-23T09:11:55+0200,db3f74e3-4f49-42d6-88b6-ea3283c50514,2026-06-23T07:15:00Z,2026-06-23T09:15:00+0200,32779.043,MW,DE,DE_LU,actual_solar_generation,Solar,2026-07-23T07:13:23Z
2026-07-23T07:11:55Z,2026-07-23T09:11:55+0200,db3f74e3-4f49-42d6-88b6-ea3283c50514,2026-06-23T07:30:00Z,2026-06-23T09:30:00+0200,35294.252,MW,DE,DE_LU,actual_solar_generation,Solar,2026-07-23T07:13:23Z
2026-07-23T07:11:55Z,2026-07-23T09:11:55+0200,db3f74e3-4f49-42d6-88b6-ea3283c50514,2026-06-23T07:45:00Z,2026-06-23T09:45:00+0200,37699.169,MW,DE,DE_LU,actual_solar_generation,Solar,2026-07-23T07:13:23Z
2026-07-23T07:11:55Z,2026-07-23T09:11:55+0200,db3f74e3-4f49-42d6-88b6-ea3283c50514,2026-06-23T08:00:00Z,2026-06-23T10:00:00+0200,39745.835,MW,DE,DE_LU,actual_solar_generation,Solar,2026-07-23T07:13:23Z
2026-07-23T07:11:55Z,2026-07-23T09:11:55+0200,db3f74e3-4f49-42d6-88b6-ea3283c50514,2026-06-23T08:15:00Z,2026-06-23T10:15:00+0200,41417.641,MW,DE,DE_LU,actual_solar_generation,Solar,2026-07-23T07:13:23Z
2026-07-23T07:11:55Z,2026-07-23T09:11:55+0200,db3f74e3-4f49-42d6-88b6-ea3283c50514,2026-06-23T08:30:00Z,2026-06-23T10:30:00+0200,43400.369,MW,DE,DE_LU,actual_solar_generation,Solar,2026-07-23T07:13:23Z
2026-07-23T07:11:55Z,2026-07-23T09:11:55+0200,db3f74e3-4f49-42d6-88b6-ea3283c50514,2026-06-23T08:45:00Z,2026-06-23T10:45:00+0200,45102.351,MW,DE,DE_LU,actual_solar_generation,Solar,2026-07-23T07:13:23Z
2026-07-23T07:11:55Z,2026-07-23T09:11:55+0200,db3f74e3-4f49-42d6-88b6-ea3283c50514,2026-06-23T09:00:00Z,2026-06-23T11:00:00+0200,46401.49,MW,DE,DE_LU,actual_solar_generation,Solar,2026-07-23T07:13:23Z
2026-07-23T07:11:55Z,2026-07-23T09:11:55+0200,db3f74e3-4f49-42d6-88b6-ea3283c50514,2026-06-23T09:15:00Z,2026-06-23T11:15:00+0200,47874.192,MW,DE,DE_LU,actual_solar_generation,Solar,2026-07-23T07:13:23Z
2026-07-23T07:11:55Z,2026-07-23T09:11:55+0200,db3f74e3-4f49-42d6-88b6-ea3283c50514,2026-06-23T09:30:00Z,2026-06-23T11:30:00+0200,48876.314,MW,DE,DE_LU,actual_solar_generation,Solar,2026-07-23T07:13:23Z
2026-07-23T07:11:55Z,2026-07-23T09:11:55+0200,db3f74e3-4f49-42d6-88b6-ea3283c50514,2026-06-23T09:45:00Z,2026-06-23T11:45:00+0200,49637.752,MW,DE,DE_LU,actual_solar_generation,Solar,2026-07-23T07:13:23Z
2026-07-23T07:11:55Z,2026-07-23T09:11:55+0200,db3f74e3-4f49-42d6-88b6-ea3283c50514,2026-06-23T10:00:00Z,2026-06-23T12:00:00+0200,49858.058,MW,DE,DE_LU,actual_solar_generation,Solar,2026-07-23T07:13:23Z
2026-07-23T07:11:55Z,2026-07-23T09:11:55+0200,db3f74e3-4f49-42d6-88b6-ea3283c50514,2026-06-23T10:15:00Z,2026-06-23T12:15:00+0200,50329.854,MW,DE,DE_LU,actual_solar_generation,Solar,2026-07-23T07:13:23Z
2026-07-23T07:11:55Z,2026-07-23T09:11:55+0200,db3f74e3-4f49-42d6-88b6-ea3283c50514,2026-06-23T10:30:00Z,2026-06-23T12:30:00+0200,50431.486,MW,DE,DE_LU,actual_solar_generation,Solar,2026-07-23T07:13:23Z
2026-07-23T07:11:55Z,2026-07-23T09:11:55+0200,db3f74e3-4f49-42d6-88b6-ea3283c50514,2026-06-23T10:45:00Z,2026-06-23T12:45:00+0200,50474.855,MW,DE,DE_LU,actual_solar_generation,Solar,2026-07-23T07:13:23Z
2026-07-23T07:11:55Z,2026-07-23T09:11:55+0200,db3f74e3-4f49-42d6-88b6-ea3283c50514,2026-06-23T11:00:00Z,2026-06-23T13:00:00+0200,50352.576,MW,DE,DE_LU,actual_solar_generation,Solar,2026-07-23T07:13:23Z
2026-07-23T07:11:55Z,2026-07-23T09:11:55+0200,db3f74e3-4f49-42d6-88b6-ea3283c50514,2026-06-23T11:15:00Z,2026-06-23T13:15:00+0200,49946.717,MW,DE,DE_LU,actual_solar_generation,Solar,2026-07-23T07:13:23Z
2026-07-23T07:11:55Z,2026-07-23T09:11:55+0200,db3f74e3-4f49-42d6-88b6-ea3283c50514,2026-06-23T11:30:00Z,2026-06-23T13:30:00+0200,49780.874,MW,DE,DE_LU,actual_solar_generation,Solar,2026-07-23T07:13:23Z
2026-07-23T07:11:55Z,2026-07-23T09:11:55+0200,db3f74e3-4f49-42d6-88b6-ea3283c50514,2026-06-23T11:45:00Z,2026-06-23T13:45:00+0200,49357.269,MW,DE,DE_LU,actual_solar_generation,Solar,2026-07-23T07:13:23Z
2026-07-23T07:11:55Z,2026-07-23T09:11:55+0200,db3f74e3-4f49-42d6-88b6-ea3283c50514,2026-06-23T12:00:00Z,2026-06-23T14:00:00+0200,48945.254,MW,DE,DE_LU,actual_solar_generation,Solar,2026-07-23T07:13:23Z
2026-07-23T07:11:55Z,2026-07-23T09:11:55+0200,db3f74e3-4f49-42d6-88b6-ea3283c50514,2026-06-23T12:15:00Z,2026-06-23T14:15:00+0200,48275.338,MW,DE,DE_LU,actual_solar_generation,Solar,2026-07-23T07:13:23Z
2026-07-23T07:11:55Z,2026-07-23T09:11:55+0200,db3f74e3-4f49-42d6-88b6-ea3283c50514,2026-06-23T12:30:00Z,2026-06-23T14:30:00+0200,47255.792,MW,DE,DE_LU,actual_solar_generation,Solar,2026-07-23T07:13:23Z
2026-07-23T07:11:55Z,2026-07-23T09:11:55+0200,db3f74e3-4f49-42d6-88b6-ea3283c50514,2026-06-23T12:45:00Z,2026-06-23T14:45:00+0200,46022.487,MW,DE,DE_LU,actual_solar_generation,Solar,2026-07-23T07:13:23Z
2026-07-23T07:11:55Z,2026-07-23T09:11:55+0200,db3f74e3-4f49-42d6-88b6-ea3283c50514,2026-06-23T13:00:00Z,2026-06-23T15:00:00+0200,45368.151,MW,DE,DE_LU,actual_solar_generation,Solar,2026-07-23T07:13:23Z
2026-07-23T07:11:55Z,2026-07-23T09:11:55+0200,db3f74e3-4f49-42d6-88b6-ea3283c50514,2026-06-23T13:15:00Z,2026-06-23T15:15:00+0200,44627.263,MW,DE,DE_LU,actual_solar_generation,Solar,2026-07-23T07:13:23Z
2026-07-23T07:11:55Z,2026-07-23T09:11:55+0200,db3f74e3-4f49-42d6-88b6-ea3283c50514,2026-06-23T13:30:00Z,2026-06-23T15:30:00+0200,43450.848,MW,DE,DE_LU,actual_solar_generation,Solar,2026-07-23T07:13:23Z
2026-07-23T07:11:55Z,2026-07-23T09:11:55+0200,db3f74e3-4f49-42d6-88b6-ea3283c50514,2026-06-23T13:45:00Z,2026-06-23T15:45:00+0200,42212.302,MW,DE,DE_LU,actual_solar_generation,Solar,2026-07-23T07:13:23Z
2026-07-23T07:11:55Z,2026-07-23T09:11:55+0200,db3f74e3-4f49-42d6-88b6-ea3283c50514,2026-06-23T14:00:00Z,2026-06-23T16:00:00+0200,40627.489,MW,DE,DE_LU,actual_solar_generation,Solar,2026-07-23T07:13:23Z
2026-07-23T07:11:55Z,2026-07-23T09:11:55+0200,db3f74e3-4f49-42d6-88b6-ea3283c50514,2026-06-23T14:15:00Z,2026-06-23T16:15:00+0200,39262.614,MW,DE,DE_LU,actual_solar_generation,Solar,2026-07-23T07:13:23Z
2026-07-23T07:11:55Z,2026-07-23T09:11:55+0200,db3f74e3-4f49-42d6-88b6-ea3283c50514,2026-06-23T14:30:00Z,2026-06-23T16:30:00+0200,37452.255,MW,DE,DE_LU,actual_solar_generation,Solar,2026-07-23T07:13:23Z
2026-07-23T07:11:55Z,2026-07-23T09:11:55+0200,db3f74e3-4f49-42d6-88b6-ea3283c50514,2026-06-23T14:45:00Z,2026-06-23T16:45:00+0200,35299.844,MW,DE,DE_LU,actual_solar_generation,Solar,2026-07-23T07:13:23Z
2026-07-23T07:11:55Z,2026-07-23T09:11:55+0200,db3f74e3-4f49-42d6-88b6-ea3283c50514,2026-06-23T15:00:00Z,2026-06-23T17:00:00+0200,33169.107,MW,DE,DE_LU,actual_solar_generation,Solar,2026-07-23T07:13:23Z
2026-07-23T07:11:55Z,2026-07-23T09:11:55+0200,db3f74e3-4f49-42d6-88b6-ea3283c50514,2026-06-23T15:15:00Z,2026-06-23T17:15:00+0200,31012.314,MW,DE,DE_LU,actual_solar_generation,Solar,2026-07-23T07:13:23Z
2026-07-23T07:11:55Z,2026-07-23T09:11:55+0200,db3f74e3-4f49-42d6-88b6-ea3283c50514,2026-06-23T15:30:00Z,2026-06-23T17:30:00+0200,28531.635,MW,DE,DE_LU,actual_solar_generation,Solar,2026-07-23T07:13:23Z
2026-07-23T07:11:55Z,2026-07-23T09:11:55+0200,db3f74e3-4f49-42d6-88b6-ea3283c50514,2026-06-23T15:45:00Z,2026-06-23T17:45:00+0200,25814.918,MW,DE,DE_LU,actual_solar_generation,Solar,2026-07-23T07:13:23Z
2026-07-23T07:11:55Z,2026-07-23T09:11:55+0200,db3f74e3-4f49-42d6-88b6-ea3283c50514,2026-06-23T16:00:00Z,2026-06-23T18:00:00+0200,23166.149,MW,DE,DE_LU,actual_solar_generation,Solar,2026-07-23T07:13:23Z
2026-07-23T07:11:55Z,2026-07-23T09:11:55+0200,db3f74e3-4f49-42d6-88b6-ea3283c50514,2026-06-23T16:15:00Z,2026-06-23T18:15:00+0200,20329.871,MW,DE,DE_LU,actual_solar_generation,Solar,2026-07-23T07:13:23Z
2026-07-23T07:11:55Z,2026-07-23T09:11:55+0200,db3f74e3-4f49-42d6-88b6-ea3283c50514,2026-06-23T16:30:00Z,2026-06-23T18:30:00+0200,17408.803,MW,DE,DE_LU,actual_solar_generation,Solar,2026-07-23T07:13:23Z
2026-07-23T07:11:55Z,2026-07-23T09:11:55+0200,db3f74e3-4f49-42d6-88b6-ea3283c50514,2026-06-23T16:45:00Z,2026-06-23T18:45:00+0200,14843.183,MW,DE,DE_LU,actual_solar_generation,Solar,2026-07-23T07:13:23Z
2026-07-23T07:11:55Z,2026-07-23T09:11:55+0200,db3f74e3-4f49-42d6-88b6-ea3283c50514,2026-06-23T17:00:00Z,2026-06-23T19:00:00+0200,12312.889,MW,DE,DE_LU,actual_solar_generation,Solar,2026-07-23T07:13:23Z
2026-07-23T07:11:55Z,2026-07-23T09:11:55+0200,db3f74e3-4f49-42d6-88b6-ea3283c50514,2026-06-23T17:15:00Z,2026-06-23T19:15:00+0200,9967.967,MW,DE,DE_LU,actual_solar_generation,Solar,2026-07-23T07:13:23Z
2026-07-23T07:11:55Z,2026-07-23T09:11:55+0200,db3f74e3-4f49-42d6-88b6-ea3283c50514,2026-06-23T17:30:00Z,2026-06-23T19:30:00+0200,7913.646,MW,DE,DE_LU,actual_solar_generation,Solar,2026-07-23T07:13:23Z
2026-07-23T07:11:55Z,2026-07-23T09:11:55+0200,db3f74e3-4f49-42d6-88b6-ea3283c50514,2026-06-23T17:45:00Z,2026-06-23T19:45:00+0200,6166.213,MW,DE,DE_LU,actual_solar_generation,Solar,2026-07-23T07:13:23Z
2026-07-23T07:11:55Z,2026-07-23T09:11:55+0200,db3f74e3-4f49-42d6-88b6-ea3283c50514,2026-06-23T18:00:00Z,2026-06-23T20:00:00+0200,4618.862,MW,DE,DE_LU,actual_solar_generation,Solar,2026-07-23T07:13:23Z
2026-07-23T07:11:55Z,2026-07-23T09:11:55+0200,db3f74e3-4f49-42d6-88b6-ea3283c50514,2026-06-23T18:15:00Z,2026-06-23T20:15:00+0200,3335.918,MW,DE,DE_LU,actual_solar_generation,Solar,2026-07-23T07:13:23Z
2026-07-23T07:11:55Z,2026-07-23T09:11:55+0200,db3f74e3-4f49-42d6-88b6-ea3283c50514,2026-06-23T18:30:00Z,2026-06-23T20:30:00+0200,2280.881,MW,DE,DE_LU,actual_solar_generation,Solar,2026-07-23T07:13:23Z
2026-07-23T07:11:55Z,2026-07-23T09:11:55+0200,db3f74e3-4f49-42d6-88b6-ea3283c50514,2026-06-23T18:45:00Z,2026-06-23T20:45:00+0200,1409.041,MW,DE,DE_LU,actual_solar_generation,Solar,2026-07-23T07:13:23Z
2026-07-23T07:11:55Z,2026-07-23T09:11:55+0200,db3f74e3-4f49-42d6-88b6-ea3283c50514,2026-06-23T19:00:00Z,2026-06-23T21:00:00+0200,743.591,MW,DE,DE_LU,actual_solar_generation,Solar,2026-07-23T07:13:23Z
2026-07-23T07:11:55Z,2026-07-23T09:11:55+0200,db3f74e3-4f49-42d6-88b6-ea3283c50514,2026-06-23T19:15:00Z,2026-06-23T21:15:00+0200,299.412,MW,DE,DE_LU,actual_solar_generation,Solar,2026-07-23T07:13:23Z
2026-07-23T07:11:55Z,2026-07-23T09:11:55+0200,db3f74e3-4f49-42d6-88b6-ea3283c50514,2026-06-23T19:30:00Z,2026-06-23T21:30:00+0200,87.026,MW,DE,DE_LU,actual_solar_generation,Solar,2026-07-23T07:13:23Z
2026-07-23T07:11:55Z,2026-07-23T09:11:55+0200,db3f74e3-4f49-42d6-88b6-ea3283c50514,2026-06-23T19:45:00Z,2026-06-23T21:45:00+0200,10.848,MW,DE,DE_LU,actual_solar_generation,Solar,2026-07-23T07:13:23Z
2026-07-23T07:11:55Z,2026-07-23T09:11:55+0200,db3f74e3-4f49-42d6-88b6-ea3283c50514,2026-06-23T20:00:00Z,2026-06-23T22:00:00+0200,1.372,MW,DE,DE_LU,actual_solar_generation,Solar,2026-07-23T07:13:23Z
2026-07-23T07:11:55Z,2026-07-23T09:11:55+0200,db3f74e3-4f49-42d6-88b6-ea3283c50514,2026-06-23T20:15:00Z,2026-06-23T22:15:00+0200,0.467,MW,DE,DE_LU,actual_solar_generation,Solar,2026-07-23T07:13:23Z
2026-07-23T07:11:55Z,2026-07-23T09:11:55+0200,db3f74e3-4f49-42d6-88b6-ea3283c50514,2026-06-23T20:30:00Z,2026-06-23T22:30:00+0200,0.194,MW,DE,DE_LU,actual_solar_generation,Solar,2026-07-23T07:13:23Z
2026-07-23T07:11:55Z,2026-07-23T09:11:55+0200,db3f74e3-4f49-42d6-88b6-ea3283c50514,2026-06-23T20:45:00Z,2026-06-23T22:45:00+0200,0.172,MW,DE,DE_LU,actual_solar_generation,Solar,2026-07-23T07:13:23Z
2026-07-23T07:11:55Z,2026-07-23T09:11:55+0200,db3f74e3-4f49-42d6-88b6-ea3283c50514,2026-06-23T21:00:00Z,2026-06-23T23:00:00+0200,0.181,MW,DE,DE_LU,actual_solar_generation,Solar,2026-07-23T07:13:23Z
2026-07-23T07:11:55Z,2026-07-23T09:11:55+0200,db3f74e3-4f49-42d6-88b6-ea3283c50514,2026-06-23T21:15:00Z,2026-06-23T23:15:00+0200,0.154,MW,DE,DE_LU,actual_solar_generation,Solar,2026-07-23T07:13:23Z
2026-07-23T07:11:55Z,2026-07-23T09:11:55+0200,db3f74e3-4f49-42d6-88b6-ea3283c50514,2026-06-23T21:30:00Z,2026-06-23T23:30:00+0200,0.144,MW,DE,DE_LU,actual_solar_generation,Solar,2026-07-23T07:13:23Z
2026-07-23T07:11:55Z,2026-07-23T09:11:55+0200,db3f74e3-4f49-42d6-88b6-ea3283c50514,2026-06-23T21:45:00Z,2026-06-23T23:45:00+0200,0.141,MW,DE,DE_LU,actual_solar_generation,Solar,2026-07-23T07:13:23Z
2026-07-23T07:11:55Z,2026-07-23T09:11:55+0200,db3f74e3-4f49-42d6-88b6-ea3283c50514,2026-06-23T22:00:00Z,2026-06-24T00:00:00+0200,0.13,MW,DE,DE_LU,actual_solar_generation,Solar,2026-07-23T07:13:23Z
2026-07-23T07:11:55Z,2026-07-23T09:11:55+0200,db3f74e3-4f49-42d6-88b6-ea3283c50514,2026-06-23T22:15:00Z,2026-06-24T00:15:00+0200,0.121,MW,DE,DE_LU,actual_solar_generation,Solar,2026-07-23T07:13:23Z
2026-07-23T07:11:55Z,2026-07-23T09:11:55+0200,db3f74e3-4f49-42d6-88b6-ea3283c50514,2026-06-23T22:30:00Z,2026-06-24T00:30:00+0200,0.117,MW,DE,DE_LU,actual_solar_generation,Solar,2026-07-23T07:13:23Z
2026-07-23T07:11:55Z,2026-07-23T09:11:55+0200,db3f74e3-4f49-42d6-88b6-ea3283c50514,2026-06-23T22:45:00Z,2026-06-24T00:45:00+0200,0.121,MW,DE,DE_LU,actual_solar_generation,Solar,2026-07-23T07:13:23Z
2026-07-23T07:11:55Z,2026-07-23T09:11:55+0200,db3f74e3-4f49-42d6-88b6-ea3283c50514,2026-06-23T23:00:00Z,2026-06-24T01:00:00+0200,0.112,MW,DE,DE_LU,actual_solar_generation,Solar,2026-07-23T07:13:23Z
2026-07-23T07:11:55Z,2026-07-23T09:11:55+0200,db3f74e3-4f49-42d6-88b6-ea3283c50514,2026-06-23T23:15:00Z,2026-06-24T01:15:00+0200,0.091,MW,DE,DE_LU,actual_solar_generation,Solar,2026-07-23T07:13:23Z
2026-07-23T07:11:55Z,2026-07-23T09:11:55+0200,db3f74e3-4f49-42d6-88b6-ea3283c50514,2026-06-23T23:30:00Z,2026-06-24T01:30:00+0200,0.095,MW,DE,DE_LU,actual_solar_generation,Solar,2026-07-23T07:13:23Z
2026-07-23T07:11:55Z,2026-07-23T09:11:55+0200,db3f74e3-4f49-42d6-88b6-ea3283c50514,2026-06-23T23:45:00Z,2026-06-24T01:45:00+0200,0.091,MW,DE,DE_LU,actual_solar_generation,Solar,2026-07-23T07:13:23Z
2026-07-23T07:11:55Z,2026-07-23T09:11:55+0200,db3f74e3-4f49-42d6-88b6-ea3283c50514,2026-06-24T00:00:00Z,2026-06-24T02:00:00+0200,0.083,MW,DE,DE_LU,actual_solar_generation,Solar,2026-07-23T07:13:23Z
2026-07-23T07:11:55Z,2026-07-23T09:11:55+0200,db3f74e3-4f49-42d6-88b6-ea3283c50514,2026-06-24T00:15:00Z,2026-06-24T02:15:00+0200,0.085,MW,DE,DE_LU,actual_solar_generation,Solar,2026-07-23T07:13:23Z
2026-07-23T07:11:55Z,2026-07-23T09:11:55+0200,db3f74e3-4f49-42d6-88b6-ea3283c50514,2026-06-24T00:30:00Z,2026-06-24T02:30:00+0200,0.078,MW,DE,DE_LU,actual_solar_generation,Solar,2026-07-23T07:13:23Z
2026-07-23T07:11:55Z,2026-07-23T09:11:55+0200,db3f74e3-4f49-42d6-88b6-ea3283c50514,2026-06-24T00:45:00Z,2026-06-24T02:45:00+0200,0.072,MW,DE,DE_LU,actual_solar_generation,Solar,2026-07-23T07:13:23Z
2026-07-23T07:11:55Z,2026-07-23T09:11:55+0200,db3f74e3-4f49-42d6-88b6-ea3283c50514,2026-06-24T01:00:00Z,2026-06-24T03:00:00+0200,0.071,MW,DE,DE_LU,actual_solar_generation,Solar,2026-07-23T07:13:23Z
2026-07-23T07:11:55Z,2026-07-23T09:11:55+0200,db3f74e3-4f49-42d6-88b6-ea3283c50514,2026-06-24T01:15:00Z,2026-06-24T03:15:00+0200,0.07,MW,DE,DE_LU,actual_solar_generation,Solar,2026-07-23T07:13:23Z
2026-07-23T07:11:55Z,2026-07-23T09:11:55+0200,db3f74e3-4f49-42d6-88b6-ea3283c50514,2026-06-24T01:30:00Z,2026-06-24T03:30:00+0200,0.071,MW,DE,DE_LU,actual_solar_generation,Solar,2026-07-23T07:13:23Z
2026-07-23T07:11:55Z,2026-07-23T09:11:55+0200,db3f74e3-4f49-42d6-88b6-ea3283c50514,2026-06-24T01:45:00Z,2026-06-24T03:45:00+0200,0.069,MW,DE,DE_LU,actual_solar_generation,Solar,2026-07-23T07:13:23Z
2026-07-23T07:11:55Z,2026-07-23T09:11:55+0200,db3f74e3-4f49-42d6-88b6-ea3283c50514,2026-06-24T02:00:00Z,2026-06-24T04:00:00+0200,0.062,MW,DE,DE_LU,actual_solar_generation,Solar,2026-07-23T07:13:23Z
2026-07-23T07:11:55Z,2026-07-23T09:11:55+0200,db3f74e3-4f49-42d6-88b6-ea3283c50514,2026-06-24T02:15:00Z,2026-06-24T04:15:00+0200,0.213,MW,DE,DE_LU,actual_solar_generation,Solar,2026-07-23T07:13:23Z
2026-07-23T07:11:55Z,2026-07-23T09:11:55+0200,db3f74e3-4f49-42d6-88b6-ea3283c50514,2026-06-24T02:30:00Z,2026-06-24T04:30:00+0200,1.456,MW,DE,DE_LU,actual_solar_generation,Solar,2026-07-23T07:13:23Z
2026-07-23T07:11:55Z,2026-07-23T09:11:55+0200,db3f74e3-4f49-42d6-88b6-ea3283c50514,2026-06-24T02:45:00Z,2026-06-24T04:45:00+0200,16.127,MW,DE,DE_LU,actual_solar_generation,Solar,2026-07-23T07:13:23Z
2026-07-23T07:11:55Z,2026-07-23T09:11:55+0200,db3f74e3-4f49-42d6-88b6-ea3283c50514,2026-06-24T03:00:00Z,2026-06-24T05:00:00+0200,93.22,MW,DE,DE_LU,actual_solar_generation,Solar,2026-07-23T07:13:23Z
2026-07-23T07:11:55Z,2026-07-23T09:11:55+0200,db3f74e3-4f49-42d6-88b6-ea3283c50514,2026-06-24T03:15:00Z,2026-06-24T05:15:00+0200,339.876,MW,DE,DE_LU,actual_solar_generation,Solar,2026-07-23T07:13:23Z
2026-07-23T07:11:55Z,2026-07-23T09:11:55+0200,db3f74e3-4f49-42d6-88b6-ea3283c50514,2026-06-24T03:30:00Z,2026-06-24T05:30:00+0200,921.626,MW,DE,DE_LU,actual_solar_generation,Solar,2026-07-23T07:13:23Z
2026-07-23T07:11:55Z,2026-07-23T09:11:55+0200,db3f74e3-4f49-42d6-88b6-ea3283c50514,2026-06-24T03:45:00Z,2026-06-24T05:45:00+0200,1763.33,MW,DE,DE_LU,actual_solar_generation,Solar,2026-07-23T07:13:23Z
2026-07-23T07:11:55Z,2026-07-23T09:11:55+0200,db3f74e3-4f49-42d6-88b6-ea3283c50514,2026-06-24T04:00:00Z,2026-06-24T06:00:00+0200,2797.069,MW,DE,DE_LU,actual_solar_generation,Solar,2026-07-23T07:13:23Z
2026-07-23T07:11:55Z,2026-07-23T09:11:55+0200,db3f74e3-4f49-42d6-88b6-ea3283c50514,2026-06-24T04:15:00Z,2026-06-24T06:15:00+0200,4047.148,MW,DE,DE_LU,actual_solar_generation,Solar,2026-07-23T07:13:23Z
2026-07-23T07:11:55Z,2026-07-23T09:11:55+0200,db3f74e3-4f49-42d6-88b6-ea3283c50514,2026-06-24T04:30:00Z,2026-06-24T06:30:00+0200,5548.32,MW,DE,DE_LU,actual_solar_generation,Solar,2026-07-23T07:13:23Z
2026-07-23T07:11:55Z,2026-07-23T09:11:55+0200,db3f74e3-4f49-42d6-88b6-ea3283c50514,2026-06-24T04:45:00Z,2026-06-24T06:45:00+0200,7329.138,MW,DE,DE_LU,actual_solar_generation,Solar,2026-07-23T07:13:23Z
2026-07-23T07:11:55Z,2026-07-23T09:11:55+0200,db3f74e3-4f49-42d6-88b6-ea3283c50514,2026-06-24T05:00:00Z,2026-06-24T07:00:00+0200,9371.481,MW,DE,DE_LU,actual_solar_generation,Solar,2026-07-23T07:13:23Z
2026-07-23T07:11:55Z,2026-07-23T09:11:55+0200,db3f74e3-4f49-42d6-88b6-ea3283c50514,2026-06-24T05:15:00Z,2026-06-24T07:15:00+0200,11823.307,MW,DE,DE_LU,actual_solar_generation,Solar,2026-07-23T07:13:23Z
2026-07-23T07:11:55Z,2026-07-23T09:11:55+0200,db3f74e3-4f49-42d6-88b6-ea3283c50514,2026-06-24T05:30:00Z,2026-06-24T07:30:00+0200,14623.202,MW,DE,DE_LU,actual_solar_generation,Solar,2026-07-23T07:13:23Z
2026-07-23T07:11:55Z,2026-07-23T09:11:55+0200,db3f74e3-4f49-42d6-88b6-ea3283c50514,2026-06-24T05:45:00Z,2026-06-24T07:45:00+0200,17618.627,MW,DE,DE_LU,actual_solar_generation,Solar,2026-07-23T07:13:23Z
2026-07-23T07:11:55Z,2026-07-23T09:11:55+0200,db3f74e3-4f49-42d6-88b6-ea3283c50514,2026-06-24T06:00:00Z,2026-06-24T08:00:00+0200,20770.568,MW,DE,DE_LU,actual_solar_generation,Solar,2026-07-23T07:13:23Z
2026-07-23T07:11:55Z,2026-07-23T09:11:55+0200,db3f74e3-4f49-42d6-88b6-ea3283c50514,2026-06-24T06:15:00Z,2026-06-24T08:15:00+0200,23839.45,MW,DE,DE_LU,actual_solar_generation,Solar,2026-07-23T07:13:23Z
2026-07-23T07:11:55Z,2026-07-23T09:11:55+0200,db3f74e3-4f49-42d6-88b6-ea3283c50514,2026-06-24T06:30:00Z,2026-06-24T08:30:00+0200,26897.924,MW,DE,DE_LU,actual_solar_generation,Solar,2026-07-23T07:13:23Z
2026-07-23T07:11:55Z,2026-07-23T09:11:55+0200,db3f74e3-4f49-42d6-88b6-ea3283c50514,2026-06-24T06:45:00Z,2026-06-24T08:45:00+0200,29805.738,MW,DE,DE_LU,actual_solar_generation,Solar,2026-07-23T07:13:23Z
2026-07-23T07:11:55Z,2026-07-23T09:11:55+0200,db3f74e3-4f49-42d6-88b6-ea3283c50514,2026-06-24T07:00:00Z,2026-06-24T09:00:00+0200,32399.382,MW,DE,DE_LU,actual_solar_generation,Solar,2026-07-23T07:13:23Z
2026-07-23T07:11:55Z,2026-07-23T09:11:55+0200,db3f74e3-4f49-42d6-88b6-ea3283c50514,2026-06-24T07:15:00Z,2026-06-24T09:15:00+0200,34918.734,MW,DE,DE_LU,actual_solar_generation,Solar,2026-07-23T07:13:23Z
2026-07-23T07:11:55Z,2026-07-23T09:11:55+0200,db3f74e3-4f49-42d6-88b6-ea3283c50514,2026-06-24T07:30:00Z,2026-06-24T09:30:00+0200,37599.152,MW,DE,DE_LU,actual_solar_generation,Solar,2026-07-23T07:13:23Z
2026-07-23T07:11:55Z,2026-07-23T09:11:55+0200,db3f74e3-4f49-42d6-88b6-ea3283c50514,2026-06-24T07:45:00Z,2026-06-24T09:45:00+0200,39959.353,MW,DE,DE_LU,actual_solar_generation,Solar,2026-07-23T07:13:23Z
2026-07-23T07:11:55Z,2026-07-23T09:11:55+0200,db3f74e3-4f49-42d6-88b6-ea3283c50514,2026-06-24T08:00:00Z,2026-06-24T10:00:00+0200,41870.477,MW,DE,DE_LU,actual_solar_generation,Solar,2026-07-23T07:13:23Z
2026-07-23T07:11:55Z,2026-07-23T09:11:55+0200,db3f74e3-4f49-42d6-88b6-ea3283c50514,2026-06-24T08:15:00Z,2026-06-24T10:15:00+0200,43952.889,MW,DE,DE_LU,actual_solar_generation,Solar,2026-07-23T07:13:23Z
2026-07-23T07:11:55Z,2026-07-23T09:11:55+0200,db3f74e3-4f49-42d6-88b6-ea3283c50514,2026-06-24T08:30:00Z,2026-06-24T10:30:00+0200,45577.397,MW,DE,DE_LU,actual_solar_generation,Solar,2026-07-23T07:13:23Z
2026-07-23T07:11:55Z,2026-07-23T09:11:55+0200,db3f74e3-4f49-42d6-88b6-ea3283c50514,2026-06-24T08:45:00Z,2026-06-24T10:45:00+0200,47230.801,MW,DE,DE_LU,actual_solar_generation,Solar,2026-07-23T07:13:23Z
2026-07-23T07:11:55Z,2026-07-23T09:11:55+0200,db3f74e3-4f49-42d6-88b6-ea3283c50514,2026-06-24T09:00:00Z,2026-06-24T11:00:00+0200,48890.477,MW,DE,DE_LU,actual_solar_generation,Solar,2026-07-23T07:13:23Z
2026-07-23T07:11:55Z,2026-07-23T09:11:55+0200,db3f74e3-4f49-42d6-88b6-ea3283c50514,2026-06-24T09:15:00Z,2026-06-24T11:15:00+0200,50277.579,MW,DE,DE_LU,actual_solar_generation,Solar,2026-07-23T07:13:23Z
2026-07-23T07:11:55Z,2026-07-23T09:11:55+0200,db3f74e3-4f49-42d6-88b6-ea3283c50514,2026-06-24T09:30:00Z,2026-06-24T11:30:00+0200,51500.818,MW,DE,DE_LU,actual_solar_generation,Solar,2026-07-23T07:13:23Z
2026-07-23T07:11:55Z,2026-07-23T09:11:55+0200,db3f74e3-4f49-42d6-88b6-ea3283c50514,2026-06-24T09:45:00Z,2026-06-24T11:45:00+0200,52471.512,MW,DE,DE_LU,actual_solar_generation,Solar,2026-07-23T07:13:23Z
2026-07-23T07:11:55Z,2026-07-23T09:11:55+0200,db3f74e3-4f49-42d6-88b6-ea3283c50514,2026-06-24T10:00:00Z,2026-06-24T12:00:00+0200,53341.841,MW,DE,DE_LU,actual_solar_generation,Solar,2026-07-23T07:13:23Z
2026-07-23T07:11:55Z,2026-07-23T09:11:55+0200,db3f74e3-4f49-42d6-88b6-ea3283c50514,2026-06-24T10:15:00Z,2026-06-24T12:15:00+0200,54109.366,MW,DE,DE_LU,actual_solar_generation,Solar,2026-07-23T07:13:23Z
2026-07-23T07:11:55Z,2026-07-23T09:11:55+0200,db3f74e3-4f49-42d6-88b6-ea3283c50514,2026-06-24T10:30:00Z,2026-06-24T12:30:00+0200,54631.488,MW,DE,DE_LU,actual_solar_generation,Solar,2026-07-23T07:13:23Z
2026-07-23T07:11:55Z,2026-07-23T09:11:55+0200,db3f74e3-4f49-42d6-88b6-ea3283c50514,2026-06-24T10:45:00Z,2026-06-24T12:45:00+0200,54967.56,MW,DE,DE_LU,actual_solar_generation,Solar,2026-07-23T07:13:23Z
2026-07-23T07:11:55Z,2026-07-23T09:11:55+0200,db3f74e3-4f49-42d6-88b6-ea3283c50514,2026-06-24T11:00:00Z,2026-06-24T13:00:00+0200,55091.876,MW,DE,DE_LU,actual_solar_generation,Solar,2026-07-23T07:13:23Z
2026-07-23T07:11:55Z,2026-07-23T09:11:55+0200,db3f74e3-4f49-42d6-88b6-ea3283c50514,2026-06-24T11:15:00Z,2026-06-24T13:15:00+0200,55076.993,MW,DE,DE_LU,actual_solar_generation,Solar,2026-07-23T07:13:23Z
2026-07-23T07:11:55Z,2026-07-23T09:11:55+0200,db3f74e3-4f49-42d6-88b6-ea3283c50514,2026-06-24T11:30:00Z,2026-06-24T13:30:00+0200,54999.089,MW,DE,DE_LU,actual_solar_generation,Solar,2026-07-23T07:13:23Z
2026-07-23T07:11:55Z,2026-07-23T09:11:55+0200,db3f74e3-4f49-42d6-88b6-ea3283c50514,2026-06-24T11:45:00Z,2026-06-24T13:45:00+0200,54783.629,MW,DE,DE_LU,actual_solar_generation,Solar,2026-07-23T07:13:23Z
2026-07-23T07:11:55Z,2026-07-23T09:11:55+0200,db3f74e3-4f49-42d6-88b6-ea3283c50514,2026-06-24T12:00:00Z,2026-06-24T14:00:00+0200,54431.998,MW,DE,DE_LU,actual_solar_generation,Solar,2026-07-23T07:13:23Z
2026-07-23T07:11:55Z,2026-07-23T09:11:55+0200,db3f74e3-4f49-42d6-88b6-ea3283c50514,2026-06-24T12:15:00Z,2026-06-24T14:15:00+0200,53799.667,MW,DE,DE_LU,actual_solar_generation,Solar,2026-07-23T07:13:23Z
2026-07-23T07:11:55Z,2026-07-23T09:11:55+0200,db3f74e3-4f49-42d6-88b6-ea3283c50514,2026-06-24T12:30:00Z,2026-06-24T14:30:00+0200,52853.5,MW,DE,DE_LU,actual_solar_generation,Solar,2026-07-23T07:13:23Z
2026-07-23T07:11:55Z,2026-07-23T09:11:55+0200,db3f74e3-4f49-42d6-88b6-ea3283c50514,2026-06-24T12:45:00Z,2026-06-24T14:45:00+0200,51909.129,MW,DE,DE_LU,actual_solar_generation,Solar,2026-07-23T07:13:23Z
2026-07-23T07:11:55Z,2026-07-23T09:11:55+0200,db3f74e3-4f49-42d6-88b6-ea3283c50514,2026-06-24T13:00:00Z,2026-06-24T15:00:00+0200,50476.438,MW,DE,DE_LU,actual_solar_generation,Solar,2026-07-23T07:13:23Z
2026-07-23T07:11:55Z,2026-07-23T09:11:55+0200,db3f74e3-4f49-42d6-88b6-ea3283c50514,2026-06-24T13:15:00Z,2026-06-24T15:15:00+0200,49134.937,MW,DE,DE_LU,actual_solar_generation,Solar,2026-07-23T07:13:23Z
2026-07-23T07:11:55Z,2026-07-23T09:11:55+0200,db3f74e3-4f49-42d6-88b6-ea3283c50514,2026-06-24T13:30:00Z,2026-06-24T15:30:00+0200,47682.187,MW,DE,DE_LU,actual_solar_generation,Solar,2026-07-23T07:13:23Z
2026-07-23T07:11:55Z,2026-07-23T09:11:55+0200,db3f74e3-4f49-42d6-88b6-ea3283c50514,2026-06-24T13:45:00Z,2026-06-24T15:45:00+0200,45939.586,MW,DE,DE_LU,actual_solar_generation,Solar,2026-07-23T07:13:23Z
2026-07-23T07:11:55Z,2026-07-23T09:11:55+0200,db3f74e3-4f49-42d6-88b6-ea3283c50514,2026-06-24T14:00:00Z,2026-06-24T16:00:00+0200,44102.282,MW,DE,DE_LU,actual_solar_generation,Solar,2026-07-23T07:13:23Z
2026-07-23T07:11:55Z,2026-07-23T09:11:55+0200,db3f74e3-4f49-42d6-88b6-ea3283c50514,2026-06-24T14:15:00Z,2026-06-24T16:15:00+0200,42218.737,MW,DE,DE_LU,actual_solar_generation,Solar,2026-07-23T07:13:23Z
2026-07-23T07:11:55Z,2026-07-23T09:11:55+0200,db3f74e3-4f49-42d6-88b6-ea3283c50514,2026-06-24T14:30:00Z,2026-06-24T16:30:00+0200,40243.163,MW,DE,DE_LU,actual_solar_generation,Solar,2026-07-23T07:13:23Z
2026-07-23T07:11:55Z,2026-07-23T09:11:55+0200,db3f74e3-4f49-42d6-88b6-ea3283c50514,2026-06-24T14:45:00Z,2026-06-24T16:45:00+0200,38046.689,MW,DE,DE_LU,actual_solar_generation,Solar,2026-07-23T07:13:23Z
2026-07-23T07:11:55Z,2026-07-23T09:11:55+0200,db3f74e3-4f49-42d6-88b6-ea3283c50514,2026-06-24T15:00:00Z,2026-06-24T17:00:00+0200,35667.193,MW,DE,DE_LU,actual_solar_generation,Solar,2026-07-23T07:13:23Z
2026-07-23T07:11:55Z,2026-07-23T09:11:55+0200,db3f74e3-4f49-42d6-88b6-ea3283c50514,2026-06-24T15:15:00Z,2026-06-24T17:15:00+0200,33218.105,MW,DE,DE_LU,actual_solar_generation,Solar,2026-07-23T07:13:23Z
2026-07-23T07:11:55Z,2026-07-23T09:11:55+0200,db3f74e3-4f49-42d6-88b6-ea3283c50514,2026-06-24T15:30:00Z,2026-06-24T17:30:00+0200,30529.455,MW,DE,DE_LU,actual_solar_generation,Solar,2026-07-23T07:13:23Z
2026-07-23T07:11:55Z,2026-07-23T09:11:55+0200,db3f74e3-4f49-42d6-88b6-ea3283c50514,2026-06-24T15:45:00Z,2026-06-24T17:45:00+0200,27688.371,MW,DE,DE_LU,actual_solar_generation,Solar,2026-07-23T07:13:23Z
2026-07-23T07:11:55Z,2026-07-23T09:11:55+0200,db3f74e3-4f49-42d6-88b6-ea3283c50514,2026-06-24T16:00:00Z,2026-06-24T18:00:00+0200,24669.793,MW,DE,DE_LU,actual_solar_generation,Solar,2026-07-23T07:13:23Z
2026-07-23T07:11:55Z,2026-07-23T09:11:55+0200,db3f74e3-4f49-42d6-88b6-ea3283c50514,2026-06-24T16:15:00Z,2026-06-24T18:15:00+0200,21640.66,MW,DE,DE_LU,actual_solar_generation,Solar,2026-07-23T07:13:23Z
2026-07-23T07:11:55Z,2026-07-23T09:11:55+0200,db3f74e3-4f49-42d6-88b6-ea3283c50514,2026-06-24T16:30:00Z,2026-06-24T18:30:00+0200,18631.334,MW,DE,DE_LU,actual_solar_generation,Solar,2026-07-23T07:13:23Z
2026-07-23T07:11:55Z,2026-07-23T09:11:55+0200,db3f74e3-4f49-42d6-88b6-ea3283c50514,2026-06-24T16:45:00Z,2026-06-24T18:45:00+0200,15651.346,MW,DE,DE_LU,actual_solar_generation,Solar,2026-07-23T07:13:23Z
2026-07-23T07:11:55Z,2026-07-23T09:11:55+0200,db3f74e3-4f49-42d6-88b6-ea3283c50514,2026-06-24T17:00:00Z,2026-06-24T19:00:00+0200,12825.632,MW,DE,DE_LU,actual_solar_generation,Solar,2026-07-23T07:13:23Z
2026-07-23T07:11:55Z,2026-07-23T09:11:55+0200,db3f74e3-4f49-42d6-88b6-ea3283c50514,2026-06-24T17:15:00Z,2026-06-24T19:15:00+0200,10257.629,MW,DE,DE_LU,actual_solar_generation,Solar,2026-07-23T07:13:23Z
2026-07-23T07:11:55Z,2026-07-23T09:11:55+0200,db3f74e3-4f49-42d6-88b6-ea3283c50514,2026-06-24T17:30:00Z,2026-06-24T19:30:00+0200,8040.009,MW,DE,DE_LU,actual_solar_generation,Solar,2026-07-23T07:13:23Z
2026-07-23T07:11:55Z,2026-07-23T09:11:55+0200,db3f74e3-4f49-42d6-88b6-ea3283c50514,2026-06-24T17:45:00Z,2026-06-24T19:45:00+0200,6194.89,MW,DE,DE_LU,actual_solar_generation,Solar,2026-07-23T07:13:23Z
2026-07-23T07:11:55Z,2026-07-23T09:11:55+0200,db3f74e3-4f49-42d6-88b6-ea3283c50514,2026-06-24T18:00:00Z,2026-06-24T20:00:00+0200,4650.371,MW,DE,DE_LU,actual_solar_generation,Solar,2026-07-23T07:13:23Z
2026-07-23T07:11:55Z,2026-07-23T09:11:55+0200,db3f74e3-4f49-42d6-88b6-ea3283c50514,2026-06-24T18:15:00Z,2026-06-24T20:15:00+0200,3374.597,MW,DE,DE_LU,actual_solar_generation,Solar,2026-07-23T07:13:23Z
2026-07-23T07:11:55Z,2026-07-23T09:11:55+0200,db3f74e3-4f49-42d6-88b6-ea3283c50514,2026-06-24T18:30:00Z,2026-06-24T20:30:00+0200,2294.862,MW,DE,DE_LU,actual_solar_generation,Solar,2026-07-23T07:13:23Z
2026-07-23T07:11:55Z,2026-07-23T09:11:55+0200,db3f74e3-4f49-42d6-88b6-ea3283c50514,2026-06-24T18:45:00Z,2026-06-24T20:45:00+0200,1397.466,MW,DE,DE_LU,actual_solar_generation,Solar,2026-07-23T07:13:23Z
2026-07-23T07:11:55Z,2026-07-23T09:11:55+0200,db3f74e3-4f49-42d6-88b6-ea3283c50514,2026-06-24T19:00:00Z,2026-06-24T21:00:00+0200,720.559,MW,DE,DE_LU,actual_solar_generation,Solar,2026-07-23T07:13:23Z
2026-07-23T07:11:55Z,2026-07-23T09:11:55+0200,db3f74e3-4f49-42d6-88b6-ea3283c50514,2026-06-24T19:15:00Z,2026-06-24T21:15:00+0200,284.597,MW,DE,DE_LU,actual_solar_generation,Solar,2026-07-23T07:13:23Z
2026-07-23T07:11:55Z,2026-07-23T09:11:55+0200,db3f74e3-4f49-42d6-88b6-ea3283c50514,2026-06-24T19:30:00Z,2026-06-24T21:30:00+0200,81.272,MW,DE,DE_LU,actual_solar_generation,Solar,2026-07-23T07:13:23Z
2026-07-23T07:11:55Z,2026-07-23T09:11:55+0200,db3f74e3-4f49-42d6-88b6-ea3283c50514,2026-06-24T19:45:00Z,2026-06-24T21:45:00+0200,11.857,MW,DE,DE_LU,actual_solar_generation,Solar,2026-07-23T07:13:23Z
2026-07-23T07:11:55Z,2026-07-23T09:11:55+0200,db3f74e3-4f49-42d6-88b6-ea3283c50514,2026-06-24T20:00:00Z,2026-06-24T22:00:00+0200,1.495,MW,DE,DE_LU,actual_solar_generation,Solar,2026-07-23T07:13:23Z
2026-07-23T07:11:55Z,2026-07-23T09:11:55+0200,db3f74e3-4f49-42d6-88b6-ea3283c50514,2026-06-24T20:15:00Z,2026-06-24T22:15:00+0200,0.529,MW,DE,DE_LU,actual_solar_generation,Solar,2026-07-23T07:13:23Z
2026-07-23T07:11:55Z,2026-07-23T09:11:55+0200,db3f74e3-4f49-42d6-88b6-ea3283c50514,2026-06-24T20:30:00Z,2026-06-24T22:30:00+0200,0.215,MW,DE,DE_LU,actual_solar_generation,Solar,2026-07-23T07:13:23Z
2026-07-23T07:11:55Z,2026-07-23T09:11:55+0200,db3f74e3-4f49-42d6-88b6-ea3283c50514,2026-06-24T20:45:00Z,2026-06-24T22:45:00+0200,0.19,MW,DE,DE_LU,actual_solar_generation,Solar,2026-07-23T07:13:23Z
2026-07-23T07:11:55Z,2026-07-23T09:11:55+0200,db3f74e3-4f49-42d6-88b6-ea3283c50514,2026-06-24T21:00:00Z,2026-06-24T23:00:00+0200,0.199,MW,DE,DE_LU,actual_solar_generation,Solar,2026-07-23T07:13:23Z
2026-07-23T07:11:55Z,2026-07-23T09:11:55+0200,db3f74e3-4f49-42d6-88b6-ea3283c50514,2026-06-24T21:15:00Z,2026-06-24T23:15:00+0200,0.179,MW,DE,DE_LU,actual_solar_generation,Solar,2026-07-23T07:13:23Z
2026-07-23T07:11:55Z,2026-07-23T09:11:55+0200,db3f74e3-4f49-42d6-88b6-ea3283c50514,2026-06-24T21:30:00Z,2026-06-24T23:30:00+0200,0.165,MW,DE,DE_LU,actual_solar_generation,Solar,2026-07-23T07:13:23Z
2026-07-23T07:11:55Z,2026-07-23T09:11:55+0200,db3f74e3-4f49-42d6-88b6-ea3283c50514,2026-06-24T21:45:00Z,2026-06-24T23:45:00+0200,0.145,MW,DE,DE_LU,actual_solar_generation,Solar,2026-07-23T07:13:23Z
2026-07-23T07:11:55Z,2026-07-23T09:11:55+0200,db3f74e3-4f49-42d6-88b6-ea3283c50514,2026-06-24T22:00:00Z,2026-06-25T00:00:00+0200,0.13,MW,DE,DE_LU,actual_solar_generation,Solar,2026-07-23T07:13:23Z
2026-07-23T07:11:55Z,2026-07-23T09:11:55+0200,db3f74e3-4f49-42d6-88b6-ea3283c50514,2026-06-24T22:15:00Z,2026-06-25T00:15:00+0200,0.123,MW,DE,DE_LU,actual_solar_generation,Solar,2026-07-23T07:13:23Z
2026-07-23T07:11:55Z,2026-07-23T09:11:55+0200,db3f74e3-4f49-42d6-88b6-ea3283c50514,2026-06-24T22:30:00Z,2026-06-25T00:30:00+0200,0.113,MW,DE,DE_LU,actual_solar_generation,Solar,2026-07-23T07:13:23Z
2026-07-23T07:11:55Z,2026-07-23T09:11:55+0200,db3f74e3-4f49-42d6-88b6-ea3283c50514,2026-06-24T22:45:00Z,2026-06-25T00:45:00+0200,0.104,MW,DE,DE_LU,actual_solar_generation,Solar,2026-07-23T07:13:23Z
2026-07-23T07:11:55Z,2026-07-23T09:11:55+0200,db3f74e3-4f49-42d6-88b6-ea3283c50514,2026-06-24T23:00:00Z,2026-06-25T01:00:00+0200,0.101,MW,DE,DE_LU,actual_solar_generation,Solar,2026-07-23T07:13:23Z
2026-07-23T07:11:55Z,2026-07-23T09:11:55+0200,db3f74e3-4f49-42d6-88b6-ea3283c50514,2026-06-24T23:15:00Z,2026-06-25T01:15:00+0200,0.094,MW,DE,DE_LU,actual_solar_generation,Solar,2026-07-23T07:13:23Z
2026-07-23T07:11:55Z,2026-07-23T09:11:55+0200,db3f74e3-4f49-42d6-88b6-ea3283c50514,2026-06-24T23:30:00Z,2026-06-25T01:30:00+0200,0.092,MW,DE,DE_LU,actual_solar_generation,Solar,2026-07-23T07:13:23Z
2026-07-23T07:11:55Z,2026-07-23T09:11:55+0200,db3f74e3-4f49-42d6-88b6-ea3283c50514,2026-06-24T23:45:00Z,2026-06-25T01:45:00+0200,0.087,MW,DE,DE_LU,actual_solar_generation,Solar,2026-07-23T07:13:23Z
2026-07-23T07:11:55Z,2026-07-23T09:11:55+0200,db3f74e3-4f49-42d6-88b6-ea3283c50514,2026-06-25T00:00:00Z,2026-06-25T02:00:00+0200,0.09,MW,DE,DE_LU,actual_solar_generation,Solar,2026-07-23T07:13:23Z
2026-07-23T07:11:55Z,2026-07-23T09:11:55+0200,db3f74e3-4f49-42d6-88b6-ea3283c50514,2026-06-25T00:15:00Z,2026-06-25T02:15:00+0200,0.084,MW,DE,DE_LU,actual_solar_generation,Solar,2026-07-23T07:13:23Z
2026-07-23T07:11:55Z,2026-07-23T09:11:55+0200,db3f74e3-4f49-42d6-88b6-ea3283c50514,2026-06-25T00:30:00Z,2026-06-25T02:30:00+0200,0.08,MW,DE,DE_LU,actual_solar_generation,Solar,2026-07-23T07:13:23Z
2026-07-23T07:11:55Z,2026-07-23T09:11:55+0200,db3f74e3-4f49-42d6-88b6-ea3283c50514,2026-06-25T00:45:00Z,2026-06-25T02:45:00+0200,0.086,MW,DE,DE_LU,actual_solar_generation,Solar,2026-07-23T07:13:23Z
2026-07-23T07:11:55Z,2026-07-23T09:11:55+0200,db3f74e3-4f49-42d6-88b6-ea3283c50514,2026-06-25T01:00:00Z,2026-06-25T03:00:00+0200,0.084,MW,DE,DE_LU,actual_solar_generation,Solar,2026-07-23T07:13:23Z
2026-07-23T07:11:55Z,2026-07-23T09:11:55+0200,db3f74e3-4f49-42d6-88b6-ea3283c50514,2026-06-25T01:15:00Z,2026-06-25T03:15:00+0200,0.077,MW,DE,DE_LU,actual_solar_generation,Solar,2026-07-23T07:13:23Z
2026-07-23T07:11:55Z,2026-07-23T09:11:55+0200,db3f74e3-4f49-42d6-88b6-ea3283c50514,2026-06-25T01:30:00Z,2026-06-25T03:30:00+0200,0.068,MW,DE,DE_LU,actual_solar_generation,Solar,2026-07-23T07:13:23Z
2026-07-23T07:11:55Z,2026-07-23T09:11:55+0200,db3f74e3-4f49-42d6-88b6-ea3283c50514,2026-06-25T01:45:00Z,2026-06-25T03:45:00+0200,0.069,MW,DE,DE_LU,actual_solar_generation,Solar,2026-07-23T07:13:23Z
2026-07-23T07:11:55Z,2026-07-23T09:11:55+0200,db3f74e3-4f49-42d6-88b6-ea3283c50514,2026-06-25T02:00:00Z,2026-06-25T04:00:00+0200,0.072,MW,DE,DE_LU,actual_solar_generation,Solar,2026-07-23T07:13:23Z
2026-07-23T07:11:55Z,2026-07-23T09:11:55+0200,db3f74e3-4f49-42d6-88b6-ea3283c50514,2026-06-25T02:15:00Z,2026-06-25T04:15:00+0200,0.264,MW,DE,DE_LU,actual_solar_generation,Solar,2026-07-23T07:13:23Z
2026-07-23T07:11:55Z,2026-07-23T09:11:55+0200,db3f74e3-4f49-42d6-88b6-ea3283c50514,2026-06-25T02:30:00Z,2026-06-25T04:30:00+0200,2.181,MW,DE,DE_LU,actual_solar_generation,Solar,2026-07-23T07:13:23Z
2026-07-23T07:11:55Z,2026-07-23T09:11:55+0200,db3f74e3-4f49-42d6-88b6-ea3283c50514,2026-06-25T02:45:00Z,2026-06-25T04:45:00+0200,18.931,MW,DE,DE_LU,actual_solar_generation,Solar,2026-07-23T07:13:23Z
2026-07-23T07:11:55Z,2026-07-23T09:11:55+0200,db3f74e3-4f49-42d6-88b6-ea3283c50514,2026-06-25T03:00:00Z,2026-06-25T05:00:00+0200,99.438,MW,DE,DE_LU,actual_solar_generation,Solar,2026-07-23T07:13:23Z
2026-07-23T07:11:55Z,2026-07-23T09:11:55+0200,db3f74e3-4f49-42d6-88b6-ea3283c50514,2026-06-25T03:15:00Z,2026-06-25T05:15:00+0200,338.483,MW,DE,DE_LU,actual_solar_generation,Solar,2026-07-23T07:13:23Z
2026-07-23T07:11:55Z,2026-07-23T09:11:55+0200,db3f74e3-4f49-42d6-88b6-ea3283c50514,2026-06-25T03:30:00Z,2026-06-25T05:30:00+0200,886.418,MW,DE,DE_LU,actual_solar_generation,Solar,2026-07-23T07:13:23Z
2026-07-23T07:11:55Z,2026-07-23T09:11:55+0200,db3f74e3-4f49-42d6-88b6-ea3283c50514,2026-06-25T03:45:00Z,2026-06-25T05:45:00+0200,1681.867,MW,DE,DE_LU,actual_solar_generation,Solar,2026-07-23T07:13:23Z
2026-07-23T07:11:55Z,2026-07-23T09:11:55+0200,db3f74e3-4f49-42d6-88b6-ea3283c50514,2026-06-25T04:00:00Z,2026-06-25T06:00:00+0200,2683.515,MW,DE,DE_LU,actual_solar_generation,Solar,2026-07-23T07:13:23Z
2026-07-23T07:11:55Z,2026-07-23T09:11:55+0200,db3f74e3-4f49-42d6-88b6-ea3283c50514,2026-06-25T04:15:00Z,2026-06-25T06:15:00+0200,3906.842,MW,DE,DE_LU,actual_solar_generation,Solar,2026-07-23T07:13:23Z
2026-07-23T07:11:55Z,2026-07-23T09:11:55+0200,db3f74e3-4f49-42d6-88b6-ea3283c50514,2026-06-25T04:30:00Z,2026-06-25T06:30:00+0200,5376.483,MW,DE,DE_LU,actual_solar_generation,Solar,2026-07-23T07:13:23Z
2026-07-23T07:11:55Z,2026-07-23T09:11:55+0200,db3f74e3-4f49-42d6-88b6-ea3283c50514,2026-06-25T04:45:00Z,2026-06-25T06:45:00+0200,7105.391,MW,DE,DE_LU,actual_solar_generation,Solar,2026-07-23T07:13:23Z
2026-07-23T07:11:55Z,2026-07-23T09:11:55+0200,db3f74e3-4f49-42d6-88b6-ea3283c50514,2026-06-25T05:00:00Z,2026-06-25T07:00:00+0200,9101.286,MW,DE,DE_LU,actual_solar_generation,Solar,2026-07-23T07:13:23Z
2026-07-23T07:11:55Z,2026-07-23T09:11:55+0200,db3f74e3-4f49-42d6-88b6-ea3283c50514,2026-06-25T05:15:00Z,2026-06-25T07:15:00+0200,11404.234,MW,DE,DE_LU,actual_solar_generation,Solar,2026-07-23T07:13:23Z
2026-07-23T07:11:55Z,2026-07-23T09:11:55+0200,db3f74e3-4f49-42d6-88b6-ea3283c50514,2026-06-25T05:30:00Z,2026-06-25T07:30:00+0200,14055.068,MW,DE,DE_LU,actual_solar_generation,Solar,2026-07-23T07:13:23Z
2026-07-23T07:11:55Z,2026-07-23T09:11:55+0200,db3f74e3-4f49-42d6-88b6-ea3283c50514,2026-06-25T05:45:00Z,2026-06-25T07:45:00+0200,16976.704,MW,DE,DE_LU,actual_solar_generation,Solar,2026-07-23T07:13:23Z
2026-07-23T07:11:55Z,2026-07-23T09:11:55+0200,db3f74e3-4f49-42d6-88b6-ea3283c50514,2026-06-25T06:00:00Z,2026-06-25T08:00:00+0200,20014.739,MW,DE,DE_LU,actual_solar_generation,Solar,2026-07-23T07:13:23Z
2026-07-23T07:11:55Z,2026-07-23T09:11:55+0200,db3f74e3-4f49-42d6-88b6-ea3283c50514,2026-06-25T06:15:00Z,2026-06-25T08:15:00+0200,23038.054,MW,DE,DE_LU,actual_solar_generation,Solar,2026-07-23T07:13:23Z
2026-07-23T07:11:55Z,2026-07-23T09:11:55+0200,db3f74e3-4f49-42d6-88b6-ea3283c50514,2026-06-25T06:30:00Z,2026-06-25T08:30:00+0200,26044.67,MW,DE,DE_LU,actual_solar_generation,Solar,2026-07-23T07:13:23Z
2026-07-23T07:11:55Z,2026-07-23T09:11:55+0200,db3f74e3-4f49-42d6-88b6-ea3283c50514,2026-06-25T06:45:00Z,2026-06-25T08:45:00+0200,28915.628,MW,DE,DE_LU,actual_solar_generation,Solar,2026-07-23T07:13:23Z
2026-07-23T07:11:55Z,2026-07-23T09:11:55+0200,db3f74e3-4f49-42d6-88b6-ea3283c50514,2026-06-25T07:00:00Z,2026-06-25T09:00:00+0200,31690.05,MW,DE,DE_LU,actual_solar_generation,Solar,2026-07-23T07:13:23Z
2026-07-23T07:11:55Z,2026-07-23T09:11:55+0200,db3f74e3-4f49-42d6-88b6-ea3283c50514,2026-06-25T07:15:00Z,2026-06-25T09:15:00+0200,34356.081,MW,DE,DE_LU,actual_solar_generation,Solar,2026-07-23T07:13:23Z
2026-07-23T07:11:55Z,2026-07-23T09:11:55+0200,db3f74e3-4f49-42d6-88b6-ea3283c50514,2026-06-25T07:30:00Z,2026-06-25T09:30:00+0200,36825.958,MW,DE,DE_LU,actual_solar_generation,Solar,2026-07-23T07:13:23Z
2026-07-23T07:11:55Z,2026-07-23T09:11:55+0200,db3f74e3-4f49-42d6-88b6-ea3283c50514,2026-06-25T07:45:00Z,2026-06-25T09:45:00+0200,39403.428,MW,DE,DE_LU,actual_solar_generation,Solar,2026-07-23T07:13:23Z
2026-07-23T07:11:55Z,2026-07-23T09:11:55+0200,db3f74e3-4f49-42d6-88b6-ea3283c50514,2026-06-25T08:00:00Z,2026-06-25T10:00:00+0200,41466.642,MW,DE,DE_LU,actual_solar_generation,Solar,2026-07-23T07:13:23Z
2026-07-23T07:11:55Z,2026-07-23T09:11:55+0200,db3f74e3-4f49-42d6-88b6-ea3283c50514,2026-06-25T08:15:00Z,2026-06-25T10:15:00+0200,43719.54,MW,DE,DE_LU,actual_solar_generation,Solar,2026-07-23T07:13:23Z
2026-07-23T07:11:55Z,2026-07-23T09:11:55+0200,db3f74e3-4f49-42d6-88b6-ea3283c50514,2026-06-25T08:30:00Z,2026-06-25T10:30:00+0200,45683.771,MW,DE,DE_LU,actual_solar_generation,Solar,2026-07-23T07:13:23Z
2026-07-23T07:11:55Z,2026-07-23T09:11:55+0200,db3f74e3-4f49-42d6-88b6-ea3283c50514,2026-06-25T08:45:00Z,2026-06-25T10:45:00+0200,47427.549,MW,DE,DE_LU,actual_solar_generation,Solar,2026-07-23T07:13:23Z
2026-07-23T07:11:55Z,2026-07-23T09:11:55+0200,db3f74e3-4f49-42d6-88b6-ea3283c50514,2026-06-25T09:00:00Z,2026-06-25T11:00:00+0200,49148.623,MW,DE,DE_LU,actual_solar_generation,Solar,2026-07-23T07:13:23Z
2026-07-23T07:11:55Z,2026-07-23T09:11:55+0200,db3f74e3-4f49-42d6-88b6-ea3283c50514,2026-06-25T09:15:00Z,2026-06-25T11:15:00+0200,50643.631,MW,DE,DE_LU,actual_solar_generation,Solar,2026-07-23T07:13:23Z
2026-07-23T07:11:55Z,2026-07-23T09:11:55+0200,db3f74e3-4f49-42d6-88b6-ea3283c50514,2026-06-25T09:30:00Z,2026-06-25T11:30:00+0200,51547.122,MW,DE,DE_LU,actual_solar_generation,Solar,2026-07-23T07:13:23Z
2026-07-23T07:11:55Z,2026-07-23T09:11:55+0200,db3f74e3-4f49-42d6-88b6-ea3283c50514,2026-06-25T09:45:00Z,2026-06-25T11:45:00+0200,52489.971,MW,DE,DE_LU,actual_solar_generation,Solar,2026-07-23T07:13:23Z
2026-07-23T07:11:55Z,2026-07-23T09:11:55+0200,db3f74e3-4f49-42d6-88b6-ea3283c50514,2026-06-25T10:00:00Z,2026-06-25T12:00:00+0200,53256.267,MW,DE,DE_LU,actual_solar_generation,Solar,2026-07-23T07:13:23Z
2026-07-23T07:11:55Z,2026-07-23T09:11:55+0200,db3f74e3-4f49-42d6-88b6-ea3283c50514,2026-06-25T10:15:00Z,2026-06-25T12:15:00+0200,53653.874,MW,DE,DE_LU,actual_solar_generation,Solar,2026-07-23T07:13:23Z
2026-07-23T07:11:55Z,2026-07-23T09:11:55+0200,db3f74e3-4f49-42d6-88b6-ea3283c50514,2026-06-25T10:30:00Z,2026-06-25T12:30:00+0200,53963.402,MW,DE,DE_LU,actual_solar_generation,Solar,2026-07-23T07:13:23Z
2026-07-23T07:11:55Z,2026-07-23T09:11:55+0200,db3f74e3-4f49-42d6-88b6-ea3283c50514,2026-06-25T10:45:00Z,2026-06-25T12:45:00+0200,54295.243,MW,DE,DE_LU,actual_solar_generation,Solar,2026-07-23T07:13:23Z
2026-07-23T07:11:55Z,2026-07-23T09:11:55+0200,db3f74e3-4f49-42d6-88b6-ea3283c50514,2026-06-25T11:00:00Z,2026-06-25T13:00:00+0200,54286.737,MW,DE,DE_LU,actual_solar_generation,Solar,2026-07-23T07:13:23Z
2026-07-23T07:11:55Z,2026-07-23T09:11:55+0200,db3f74e3-4f49-42d6-88b6-ea3283c50514,2026-06-25T11:15:00Z,2026-06-25T13:15:00+0200,54225.88,MW,DE,DE_LU,actual_solar_generation,Solar,2026-07-23T07:13:23Z
2026-07-23T07:11:55Z,2026-07-23T09:11:55+0200,db3f74e3-4f49-42d6-88b6-ea3283c50514,2026-06-25T11:30:00Z,2026-06-25T13:30:00+0200,53789.141,MW,DE,DE_LU,actual_solar_generation,Solar,2026-07-23T07:13:23Z
2026-07-23T07:11:55Z,2026-07-23T09:11:55+0200,db3f74e3-4f49-42d6-88b6-ea3283c50514,2026-06-25T11:45:00Z,2026-06-25T13:45:00+0200,53542.787,MW,DE,DE_LU,actual_solar_generation,Solar,2026-07-23T07:13:23Z
2026-07-23T07:11:55Z,2026-07-23T09:11:55+0200,db3f74e3-4f49-42d6-88b6-ea3283c50514,2026-06-25T12:00:00Z,2026-06-25T14:00:00+0200,52931.351,MW,DE,DE_LU,actual_solar_generation,Solar,2026-07-23T07:13:23Z
2026-07-23T07:11:55Z,2026-07-23T09:11:55+0200,db3f74e3-4f49-42d6-88b6-ea3283c50514,2026-06-25T12:15:00Z,2026-06-25T14:15:00+0200,52533.786,MW,DE,DE_LU,actual_solar_generation,Solar,2026-07-23T07:13:23Z
2026-07-23T07:11:55Z,2026-07-23T09:11:55+0200,db3f74e3-4f49-42d6-88b6-ea3283c50514,2026-06-25T12:30:00Z,2026-06-25T14:30:00+0200,51587.231,MW,DE,DE_LU,actual_solar_generation,Solar,2026-07-23T07:13:23Z
2026-07-23T07:11:55Z,2026-07-23T09:11:55+0200,db3f74e3-4f49-42d6-88b6-ea3283c50514,2026-06-25T12:45:00Z,2026-06-25T14:45:00+0200,50606.202,MW,DE,DE_LU,actual_solar_generation,Solar,2026-07-23T07:13:23Z
2026-07-23T07:11:55Z,2026-07-23T09:11:55+0200,db3f74e3-4f49-42d6-88b6-ea3283c50514,2026-06-25T13:00:00Z,2026-06-25T15:00:00+0200,49558.551,MW,DE,DE_LU,actual_solar_generation,Solar,2026-07-23T07:13:23Z
2026-07-23T07:11:55Z,2026-07-23T09:11:55+0200,db3f74e3-4f49-42d6-88b6-ea3283c50514,2026-06-25T13:15:00Z,2026-06-25T15:15:00+0200,48591.042,MW,DE,DE_LU,actual_solar_generation,Solar,2026-07-23T07:13:23Z
2026-07-23T07:11:55Z,2026-07-23T09:11:55+0200,db3f74e3-4f49-42d6-88b6-ea3283c50514,2026-06-25T13:30:00Z,2026-06-25T15:30:00+0200,47144.303,MW,DE,DE_LU,actual_solar_generation,Solar,2026-07-23T07:13:23Z
2026-07-23T07:11:55Z,2026-07-23T09:11:55+0200,db3f74e3-4f49-42d6-88b6-ea3283c50514,2026-06-25T13:45:00Z,2026-06-25T15:45:00+0200,45799.273,MW,DE,DE_LU,actual_solar_generation,Solar,2026-07-23T07:13:23Z
2026-07-23T07:11:55Z,2026-07-23T09:11:55+0200,db3f74e3-4f49-42d6-88b6-ea3283c50514,2026-06-25T14:00:00Z,2026-06-25T16:00:00+0200,44055.502,MW,DE,DE_LU,actual_solar_generation,Solar,2026-07-23T07:13:23Z
2026-07-23T07:11:55Z,2026-07-23T09:11:55+0200,db3f74e3-4f49-42d6-88b6-ea3283c50514,2026-06-25T14:15:00Z,2026-06-25T16:15:00+0200,42186.508,MW,DE,DE_LU,actual_solar_generation,Solar,2026-07-23T07:13:23Z
2026-07-23T07:11:55Z,2026-07-23T09:11:55+0200,db3f74e3-4f49-42d6-88b6-ea3283c50514,2026-06-25T14:30:00Z,2026-06-25T16:30:00+0200,40116.11,MW,DE,DE_LU,actual_solar_generation,Solar,2026-07-23T07:13:23Z
2026-07-23T07:11:55Z,2026-07-23T09:11:55+0200,db3f74e3-4f49-42d6-88b6-ea3283c50514,2026-06-25T14:45:00Z,2026-06-25T16:45:00+0200,37780.222,MW,DE,DE_LU,actual_solar_generation,Solar,2026-07-23T07:13:23Z
2026-07-23T07:11:55Z,2026-07-23T09:11:55+0200,db3f74e3-4f49-42d6-88b6-ea3283c50514,2026-06-25T15:00:00Z,2026-06-25T17:00:00+0200,35298.383,MW,DE,DE_LU,actual_solar_generation,Solar,2026-07-23T07:13:23Z
2026-07-23T07:11:55Z,2026-07-23T09:11:55+0200,db3f74e3-4f49-42d6-88b6-ea3283c50514,2026-06-25T15:15:00Z,2026-06-25T17:15:00+0200,33060.76,MW,DE,DE_LU,actual_solar_generation,Solar,2026-07-23T07:13:23Z
2026-07-23T07:11:55Z,2026-07-23T09:11:55+0200,db3f74e3-4f49-42d6-88b6-ea3283c50514,2026-06-25T15:30:00Z,2026-06-25T17:30:00+0200,30519.58,MW,DE,DE_LU,actual_solar_generation,Solar,2026-07-23T07:13:23Z
2026-07-23T07:11:55Z,2026-07-23T09:11:55+0200,db3f74e3-4f49-42d6-88b6-ea3283c50514,2026-06-25T15:45:00Z,2026-06-25T17:45:00+0200,27572.748,MW,DE,DE_LU,actual_solar_generation,Solar,2026-07-23T07:13:23Z
2026-07-23T07:11:55Z,2026-07-23T09:11:55+0200,db3f74e3-4f49-42d6-88b6-ea3283c50514,2026-06-25T16:00:00Z,2026-06-25T18:00:00+0200,24579.547,MW,DE,DE_LU,actual_solar_generation,Solar,2026-07-23T07:13:23Z
2026-07-23T07:11:55Z,2026-07-23T09:11:55+0200,db3f74e3-4f49-42d6-88b6-ea3283c50514,2026-06-25T16:15:00Z,2026-06-25T18:15:00+0200,21668.046,MW,DE,DE_LU,actual_solar_generation,Solar,2026-07-23T07:13:23Z
2026-07-23T07:11:55Z,2026-07-23T09:11:55+0200,db3f74e3-4f49-42d6-88b6-ea3283c50514,2026-06-25T16:30:00Z,2026-06-25T18:30:00+0200,18717.033,MW,DE,DE_LU,actual_solar_generation,Solar,2026-07-23T07:13:23Z
2026-07-23T07:11:55Z,2026-07-23T09:11:55+0200,db3f74e3-4f49-42d6-88b6-ea3283c50514,2026-06-25T16:45:00Z,2026-06-25T18:45:00+0200,15812.519,MW,DE,DE_LU,actual_solar_generation,Solar,2026-07-23T07:13:23Z
2026-07-23T07:11:55Z,2026-07-23T09:11:55+0200,db3f74e3-4f49-42d6-88b6-ea3283c50514,2026-06-25T17:00:00Z,2026-06-25T19:00:00+0200,13002.59,MW,DE,DE_LU,actual_solar_generation,Solar,2026-07-23T07:13:23Z
2026-07-23T07:11:55Z,2026-07-23T09:11:55+0200,db3f74e3-4f49-42d6-88b6-ea3283c50514,2026-06-25T17:15:00Z,2026-06-25T19:15:00+0200,10412.706,MW,DE,DE_LU,actual_solar_generation,Solar,2026-07-23T07:13:23Z
2026-07-23T07:11:55Z,2026-07-23T09:11:55+0200,db3f74e3-4f49-42d6-88b6-ea3283c50514,2026-06-25T17:30:00Z,2026-06-25T19:30:00+0200,8138.135,MW,DE,DE_LU,actual_solar_generation,Solar,2026-07-23T07:13:23Z
2026-07-23T07:11:55Z,2026-07-23T09:11:55+0200,db3f74e3-4f49-42d6-88b6-ea3283c50514,2026-06-25T17:45:00Z,2026-06-25T19:45:00+0200,6238.332,MW,DE,DE_LU,actual_solar_generation,Solar,2026-07-23T07:13:23Z
2026-07-23T07:11:55Z,2026-07-23T09:11:55+0200,db3f74e3-4f49-42d6-88b6-ea3283c50514,2026-06-25T18:00:00Z,2026-06-25T20:00:00+0200,4653.608,MW,DE,DE_LU,actual_solar_generation,Solar,2026-07-23T07:13:23Z
2026-07-23T07:11:55Z,2026-07-23T09:11:55+0200,db3f74e3-4f49-42d6-88b6-ea3283c50514,2026-06-25T18:15:00Z,2026-06-25T20:15:00+0200,3382.377,MW,DE,DE_LU,actual_solar_generation,Solar,2026-07-23T07:13:23Z
2026-07-23T07:11:55Z,2026-07-23T09:11:55+0200,db3f74e3-4f49-42d6-88b6-ea3283c50514,2026-06-25T18:30:00Z,2026-06-25T20:30:00+0200,2312.988,MW,DE,DE_LU,actual_solar_generation,Solar,2026-07-23T07:13:23Z
2026-07-23T07:11:55Z,2026-07-23T09:11:55+0200,db3f74e3-4f49-42d6-88b6-ea3283c50514,2026-06-25T18:45:00Z,2026-06-25T20:45:00+0200,1410.916,MW,DE,DE_LU,actual_solar_generation,Solar,2026-07-23T07:13:23Z
2026-07-23T07:11:55Z,2026-07-23T09:11:55+0200,db3f74e3-4f49-42d6-88b6-ea3283c50514,2026-06-25T19:00:00Z,2026-06-25T21:00:00+0200,713.954,MW,DE,DE_LU,actual_solar_generation,Solar,2026-07-23T07:13:23Z
2026-07-23T07:11:55Z,2026-07-23T09:11:55+0200,db3f74e3-4f49-42d6-88b6-ea3283c50514,2026-06-25T19:15:00Z,2026-06-25T21:15:00+0200,284.848,MW,DE,DE_LU,actual_solar_generation,Solar,2026-07-23T07:13:23Z
2026-07-23T07:11:55Z,2026-07-23T09:11:55+0200,db3f74e3-4f49-42d6-88b6-ea3283c50514,2026-06-25T19:30:00Z,2026-06-25T21:30:00+0200,78.862,MW,DE,DE_LU,actual_solar_generation,Solar,2026-07-23T07:13:23Z
2026-07-23T07:11:55Z,2026-07-23T09:11:55+0200,db3f74e3-4f49-42d6-88b6-ea3283c50514,2026-06-25T19:45:00Z,2026-06-25T21:45:00+0200,12.679,MW,DE,DE_LU,actual_solar_generation,Solar,2026-07-23T07:13:23Z
2026-07-23T07:11:55Z,2026-07-23T09:11:55+0200,db3f74e3-4f49-42d6-88b6-ea3283c50514,2026-06-25T20:00:00Z,2026-06-25T22:00:00+0200,1.557,MW,DE,DE_LU,actual_solar_generation,Solar,2026-07-23T07:13:23Z
2026-07-23T07:11:55Z,2026-07-23T09:11:55+0200,db3f74e3-4f49-42d6-88b6-ea3283c50514,2026-06-25T20:15:00Z,2026-06-25T22:15:00+0200,0.501,MW,DE,DE_LU,actual_solar_generation,Solar,2026-07-23T07:13:23Z
2026-07-23T07:11:55Z,2026-07-23T09:11:55+0200,db3f74e3-4f49-42d6-88b6-ea3283c50514,2026-06-25T20:30:00Z,2026-06-25T22:30:00+0200,0.181,MW,DE,DE_LU,actual_solar_generation,Solar,2026-07-23T07:13:23Z
2026-07-23T07:11:55Z,2026-07-23T09:11:55+0200,db3f74e3-4f49-42d6-88b6-ea3283c50514,2026-06-25T20:45:00Z,2026-06-25T22:45:00+0200,0.17,MW,DE,DE_LU,actual_solar_generation,Solar,2026-07-23T07:13:23Z
2026-07-23T07:11:55Z,2026-07-23T09:11:55+0200,db3f74e3-4f49-42d6-88b6-ea3283c50514,2026-06-25T21:00:00Z,2026-06-25T23:00:00+0200,0.163,MW,DE,DE_LU,actual_solar_generation,Solar,2026-07-23T07:13:23Z
2026-07-23T07:11:55Z,2026-07-23T09:11:55+0200,db3f74e3-4f49-42d6-88b6-ea3283c50514,2026-06-25T21:15:00Z,2026-06-25T23:15:00+0200,0.148,MW,DE,DE_LU,actual_solar_generation,Solar,2026-07-23T07:13:23Z
2026-07-23T07:11:55Z,2026-07-23T09:11:55+0200,db3f74e3-4f49-42d6-88b6-ea3283c50514,2026-06-25T21:30:00Z,2026-06-25T23:30:00+0200,0.141,MW,DE,DE_LU,actual_solar_generation,Solar,2026-07-23T07:13:23Z
2026-07-23T07:11:55Z,2026-07-23T09:11:55+0200,db3f74e3-4f49-42d6-88b6-ea3283c50514,2026-06-25T21:45:00Z,2026-06-25T23:45:00+0200,0.131,MW,DE,DE_LU,actual_solar_generation,Solar,2026-07-23T07:13:23Z
2026-07-23T07:11:55Z,2026-07-23T09:11:55+0200,db3f74e3-4f49-42d6-88b6-ea3283c50514,2026-06-25T22:00:00Z,2026-06-26T00:00:00+0200,0.156,MW,DE,DE_LU,actual_solar_generation,Solar,2026-07-23T07:13:23Z
2026-07-23T07:11:55Z,2026-07-23T09:11:55+0200,db3f74e3-4f49-42d6-88b6-ea3283c50514,2026-06-25T22:15:00Z,2026-06-26T00:15:00+0200,0.137,MW,DE,DE_LU,actual_solar_generation,Solar,2026-07-23T07:13:23Z
2026-07-23T07:11:55Z,2026-07-23T09:11:55+0200,db3f74e3-4f49-42d6-88b6-ea3283c50514,2026-06-25T22:30:00Z,2026-06-26T00:30:00+0200,0.145,MW,DE,DE_LU,actual_solar_generation,Solar,2026-07-23T07:13:23Z
2026-07-23T07:11:55Z,2026-07-23T09:11:55+0200,db3f74e3-4f49-42d6-88b6-ea3283c50514,2026-06-25T22:45:00Z,2026-06-26T00:45:00+0200,0.143,MW,DE,DE_LU,actual_solar_generation,Solar,2026-07-23T07:13:23Z
2026-07-23T07:11:55Z,2026-07-23T09:11:55+0200,db3f74e3-4f49-42d6-88b6-ea3283c50514,2026-06-25T23:00:00Z,2026-06-26T01:00:00+0200,0.141,MW,DE,DE_LU,actual_solar_generation,Solar,2026-07-23T07:13:23Z
2026-07-23T07:11:55Z,2026-07-23T09:11:55+0200,db3f74e3-4f49-42d6-88b6-ea3283c50514,2026-06-25T23:15:00Z,2026-06-26T01:15:00+0200,0.139,MW,DE,DE_LU,actual_solar_generation,Solar,2026-07-23T07:13:23Z
2026-07-23T07:11:55Z,2026-07-23T09:11:55+0200,db3f74e3-4f49-42d6-88b6-ea3283c50514,2026-06-25T23:30:00Z,2026-06-26T01:30:00+0200,0.141,MW,DE,DE_LU,actual_solar_generation,Solar,2026-07-23T07:13:23Z
2026-07-23T07:11:55Z,2026-07-23T09:11:55+0200,db3f74e3-4f49-42d6-88b6-ea3283c50514,2026-06-25T23:45:00Z,2026-06-26T01:45:00+0200,0.136,MW,DE,DE_LU,actual_solar_generation,Solar,2026-07-23T07:13:23Z
2026-07-23T07:11:55Z,2026-07-23T09:11:55+0200,db3f74e3-4f49-42d6-88b6-ea3283c50514,2026-06-26T00:00:00Z,2026-06-26T02:00:00+0200,0.12,MW,DE,DE_LU,actual_solar_generation,Solar,2026-07-23T07:13:23Z
2026-07-23T07:11:55Z,2026-07-23T09:11:55+0200,db3f74e3-4f49-42d6-88b6-ea3283c50514,2026-06-26T00:15:00Z,2026-06-26T02:15:00+0200,0.103,MW,DE,DE_LU,actual_solar_generation,Solar,2026-07-23T07:13:23Z
2026-07-23T07:11:55Z,2026-07-23T09:11:55+0200,db3f74e3-4f49-42d6-88b6-ea3283c50514,2026-06-26T00:30:00Z,2026-06-26T02:30:00+0200,0.102,MW,DE,DE_LU,actual_solar_generation,Solar,2026-07-23T07:13:23Z
2026-07-23T07:11:55Z,2026-07-23T09:11:55+0200,db3f74e3-4f49-42d6-88b6-ea3283c50514,2026-06-26T00:45:00Z,2026-06-26T02:45:00+0200,0.108,MW,DE,DE_LU,actual_solar_generation,Solar,2026-07-23T07:13:23Z
2026-07-23T07:11:55Z,2026-07-23T09:11:55+0200,db3f74e3-4f49-42d6-88b6-ea3283c50514,2026-06-26T01:00:00Z,2026-06-26T03:00:00+0200,0.108,MW,DE,DE_LU,actual_solar_generation,Solar,2026-07-23T07:13:23Z
2026-07-23T07:11:55Z,2026-07-23T09:11:55+0200,db3f74e3-4f49-42d6-88b6-ea3283c50514,2026-06-26T01:15:00Z,2026-06-26T03:15:00+0200,0.104,MW,DE,DE_LU,actual_solar_generation,Solar,2026-07-23T07:13:23Z
2026-07-23T07:11:55Z,2026-07-23T09:11:55+0200,db3f74e3-4f49-42d6-88b6-ea3283c50514,2026-06-26T01:30:00Z,2026-06-26T03:30:00+0200,0.093,MW,DE,DE_LU,actual_solar_generation,Solar,2026-07-23T07:13:23Z
2026-07-23T07:11:55Z,2026-07-23T09:11:55+0200,db3f74e3-4f49-42d6-88b6-ea3283c50514,2026-06-26T01:45:00Z,2026-06-26T03:45:00+0200,0.086,MW,DE,DE_LU,actual_solar_generation,Solar,2026-07-23T07:13:23Z
2026-07-23T07:11:55Z,2026-07-23T09:11:55+0200,db3f74e3-4f49-42d6-88b6-ea3283c50514,2026-06-26T02:00:00Z,2026-06-26T04:00:00+0200,0.091,MW,DE,DE_LU,actual_solar_generation,Solar,2026-07-23T07:13:23Z
2026-07-23T07:11:55Z,2026-07-23T09:11:55+0200,db3f74e3-4f49-42d6-88b6-ea3283c50514,2026-06-26T02:15:00Z,2026-06-26T04:15:00+0200,0.289,MW,DE,DE_LU,actual_solar_generation,Solar,2026-07-23T07:13:23Z
2026-07-23T07:11:55Z,2026-07-23T09:11:55+0200,db3f74e3-4f49-42d6-88b6-ea3283c50514,2026-06-26T02:30:00Z,2026-06-26T04:30:00+0200,2.516,MW,DE,DE_LU,actual_solar_generation,Solar,2026-07-23T07:13:23Z
2026-07-23T07:11:55Z,2026-07-23T09:11:55+0200,db3f74e3-4f49-42d6-88b6-ea3283c50514,2026-06-26T02:45:00Z,2026-06-26T04:45:00+0200,22.49,MW,DE,DE_LU,actual_solar_generation,Solar,2026-07-23T07:13:23Z
2026-07-23T07:11:55Z,2026-07-23T09:11:55+0200,db3f74e3-4f49-42d6-88b6-ea3283c50514,2026-06-26T03:00:00Z,2026-06-26T05:00:00+0200,107.623,MW,DE,DE_LU,actual_solar_generation,Solar,2026-07-23T07:13:23Z
2026-07-23T07:11:55Z,2026-07-23T09:11:55+0200,db3f74e3-4f49-42d6-88b6-ea3283c50514,2026-06-26T03:15:00Z,2026-06-26T05:15:00+0200,349.297,MW,DE,DE_LU,actual_solar_generation,Solar,2026-07-23T07:13:23Z
2026-07-23T07:11:55Z,2026-07-23T09:11:55+0200,db3f74e3-4f49-42d6-88b6-ea3283c50514,2026-06-26T03:30:00Z,2026-06-26T05:30:00+0200,926.876,MW,DE,DE_LU,actual_solar_generation,Solar,2026-07-23T07:13:23Z
2026-07-23T07:11:55Z,2026-07-23T09:11:55+0200,db3f74e3-4f49-42d6-88b6-ea3283c50514,2026-06-26T03:45:00Z,2026-06-26T05:45:00+0200,1775.455,MW,DE,DE_LU,actual_solar_generation,Solar,2026-07-23T07:13:23Z
2026-07-23T07:11:55Z,2026-07-23T09:11:55+0200,db3f74e3-4f49-42d6-88b6-ea3283c50514,2026-06-26T04:00:00Z,2026-06-26T06:00:00+0200,2771.136,MW,DE,DE_LU,actual_solar_generation,Solar,2026-07-23T07:13:23Z
2026-07-23T07:11:55Z,2026-07-23T09:11:55+0200,db3f74e3-4f49-42d6-88b6-ea3283c50514,2026-06-26T04:15:00Z,2026-06-26T06:15:00+0200,3979.291,MW,DE,DE_LU,actual_solar_generation,Solar,2026-07-23T07:13:23Z
2026-07-23T07:11:55Z,2026-07-23T09:11:55+0200,db3f74e3-4f49-42d6-88b6-ea3283c50514,2026-06-26T04:30:00Z,2026-06-26T06:30:00+0200,5481.882,MW,DE,DE_LU,actual_solar_generation,Solar,2026-07-23T07:13:23Z
2026-07-23T07:11:55Z,2026-07-23T09:11:55+0200,db3f74e3-4f49-42d6-88b6-ea3283c50514,2026-06-26T04:45:00Z,2026-06-26T06:45:00+0200,7260.533,MW,DE,DE_LU,actual_solar_generation,Solar,2026-07-23T07:13:23Z
2026-07-23T07:11:55Z,2026-07-23T09:11:55+0200,db3f74e3-4f49-42d6-88b6-ea3283c50514,2026-06-26T05:00:00Z,2026-06-26T07:00:00+0200,9331.604,MW,DE,DE_LU,actual_solar_generation,Solar,2026-07-23T07:13:23Z
2026-07-23T07:11:55Z,2026-07-23T09:11:55+0200,db3f74e3-4f49-42d6-88b6-ea3283c50514,2026-06-26T05:15:00Z,2026-06-26T07:15:00+0200,11716.423,MW,DE,DE_LU,actual_solar_generation,Solar,2026-07-23T07:13:23Z
2026-07-23T07:11:55Z,2026-07-23T09:11:55+0200,db3f74e3-4f49-42d6-88b6-ea3283c50514,2026-06-26T05:30:00Z,2026-06-26T07:30:00+0200,14409.807,MW,DE,DE_LU,actual_solar_generation,Solar,2026-07-23T07:13:23Z
2026-07-23T07:11:55Z,2026-07-23T09:11:55+0200,db3f74e3-4f49-42d6-88b6-ea3283c50514,2026-06-26T05:45:00Z,2026-06-26T07:45:00+0200,17359.355,MW,DE,DE_LU,actual_solar_generation,Solar,2026-07-23T07:13:23Z
2026-07-23T07:11:55Z,2026-07-23T09:11:55+0200,db3f74e3-4f49-42d6-88b6-ea3283c50514,2026-06-26T06:00:00Z,2026-06-26T08:00:00+0200,20482.569,MW,DE,DE_LU,actual_solar_generation,Solar,2026-07-23T07:13:23Z
2026-07-23T07:11:55Z,2026-07-23T09:11:55+0200,db3f74e3-4f49-42d6-88b6-ea3283c50514,2026-06-26T06:15:00Z,2026-06-26T08:15:00+0200,23643.86,MW,DE,DE_LU,actual_solar_generation,Solar,2026-07-23T07:13:23Z
2026-07-23T07:11:55Z,2026-07-23T09:11:55+0200,db3f74e3-4f49-42d6-88b6-ea3283c50514,2026-06-26T06:30:00Z,2026-06-26T08:30:00+0200,26770.897,MW,DE,DE_LU,actual_solar_generation,Solar,2026-07-23T07:13:23Z
2026-07-23T07:11:55Z,2026-07-23T09:11:55+0200,db3f74e3-4f49-42d6-88b6-ea3283c50514,2026-06-26T06:45:00Z,2026-06-26T08:45:00+0200,29754.633,MW,DE,DE_LU,actual_solar_generation,Solar,2026-07-23T07:13:23Z
2026-07-23T07:11:55Z,2026-07-23T09:11:55+0200,db3f74e3-4f49-42d6-88b6-ea3283c50514,2026-06-26T07:00:00Z,2026-06-26T09:00:00+0200,31948.505,MW,DE,DE_LU,actual_solar_generation,Solar,2026-07-23T07:13:23Z
2026-07-23T07:11:55Z,2026-07-23T09:11:55+0200,db3f74e3-4f49-42d6-88b6-ea3283c50514,2026-06-26T07:15:00Z,2026-06-26T09:15:00+0200,34299.178,MW,DE,DE_LU,actual_solar_generation,Solar,2026-07-23T07:13:23Z
2026-07-23T07:11:55Z,2026-07-23T09:11:55+0200,db3f74e3-4f49-42d6-88b6-ea3283c50514,2026-06-26T07:30:00Z,2026-06-26T09:30:00+0200,36830.054,MW,DE,DE_LU,actual_solar_generation,Solar,2026-07-23T07:13:23Z
2026-07-23T07:11:55Z,2026-07-23T09:11:55+0200,db3f74e3-4f49-42d6-88b6-ea3283c50514,2026-06-26T07:45:00Z,2026-06-26T09:45:00+0200,39242.674,MW,DE,DE_LU,actual_solar_generation,Solar,2026-07-23T07:13:23Z
2026-07-23T07:11:55Z,2026-07-23T09:11:55+0200,db3f74e3-4f49-42d6-88b6-ea3283c50514,2026-06-26T08:00:00Z,2026-06-26T10:00:00+0200,41640.799,MW,DE,DE_LU,actual_solar_generation,Solar,2026-07-23T07:13:23Z
2026-07-23T07:11:55Z,2026-07-23T09:11:55+0200,db3f74e3-4f49-42d6-88b6-ea3283c50514,2026-06-26T08:15:00Z,2026-06-26T10:15:00+0200,43806.043,MW,DE,DE_LU,actual_solar_generation,Solar,2026-07-23T07:13:23Z
2026-07-23T07:11:55Z,2026-07-23T09:11:55+0200,db3f74e3-4f49-42d6-88b6-ea3283c50514,2026-06-26T08:30:00Z,2026-06-26T10:30:00+0200,45858.399,MW,DE,DE_LU,actual_solar_generation,Solar,2026-07-23T07:13:23Z
2026-07-23T07:11:55Z,2026-07-23T09:11:55+0200,db3f74e3-4f49-42d6-88b6-ea3283c50514,2026-06-26T08:45:00Z,2026-06-26T10:45:00+0200,47525.303,MW,DE,DE_LU,actual_solar_generation,Solar,2026-07-23T07:13:23Z
2026-07-23T07:11:55Z,2026-07-23T09:11:55+0200,db3f74e3-4f49-42d6-88b6-ea3283c50514,2026-06-26T09:00:00Z,2026-06-26T11:00:00+0200,49036.561,MW,DE,DE_LU,actual_solar_generation,Solar,2026-07-23T07:13:23Z
2026-07-23T07:11:55Z,2026-07-23T09:11:55+0200,db3f74e3-4f49-42d6-88b6-ea3283c50514,2026-06-26T09:15:00Z,2026-06-26T11:15:00+0200,50380.175,MW,DE,DE_LU,actual_solar_generation,Solar,2026-07-23T07:13:23Z
2026-07-23T07:11:55Z,2026-07-23T09:11:55+0200,db3f74e3-4f49-42d6-88b6-ea3283c50514,2026-06-26T09:30:00Z,2026-06-26T11:30:00+0200,51433.8,MW,DE,DE_LU,actual_solar_generation,Solar,2026-07-23T07:13:23Z
2026-07-23T07:11:55Z,2026-07-23T09:11:55+0200,db3f74e3-4f49-42d6-88b6-ea3283c50514,2026-06-26T09:45:00Z,2026-06-26T11:45:00+0200,52488.115,MW,DE,DE_LU,actual_solar_generation,Solar,2026-07-23T07:13:23Z
2026-07-23T07:11:55Z,2026-07-23T09:11:55+0200,db3f74e3-4f49-42d6-88b6-ea3283c50514,2026-06-26T10:00:00Z,2026-06-26T12:00:00+0200,53264.491,MW,DE,DE_LU,actual_solar_generation,Solar,2026-07-23T07:13:23Z
2026-07-23T07:11:55Z,2026-07-23T09:11:55+0200,db3f74e3-4f49-42d6-88b6-ea3283c50514,2026-06-26T10:15:00Z,2026-06-26T12:15:00+0200,53909.184,MW,DE,DE_LU,actual_solar_generation,Solar,2026-07-23T07:13:23Z
2026-07-23T07:11:55Z,2026-07-23T09:11:55+0200,db3f74e3-4f49-42d6-88b6-ea3283c50514,2026-06-26T10:30:00Z,2026-06-26T12:30:00+0200,54287.986,MW,DE,DE_LU,actual_solar_generation,Solar,2026-07-23T07:13:23Z
2026-07-23T07:11:55Z,2026-07-23T09:11:55+0200,db3f74e3-4f49-42d6-88b6-ea3283c50514,2026-06-26T10:45:00Z,2026-06-26T12:45:00+0200,54554.164,MW,DE,DE_LU,actual_solar_generation,Solar,2026-07-23T07:13:23Z
2026-07-23T07:11:55Z,2026-07-23T09:11:55+0200,db3f74e3-4f49-42d6-88b6-ea3283c50514,2026-06-26T11:00:00Z,2026-06-26T13:00:00+0200,54709.698,MW,DE,DE_LU,actual_solar_generation,Solar,2026-07-23T07:13:23Z
2026-07-23T07:11:55Z,2026-07-23T09:11:55+0200,db3f74e3-4f49-42d6-88b6-ea3283c50514,2026-06-26T11:15:00Z,2026-06-26T13:15:00+0200,54393.755,MW,DE,DE_LU,actual_solar_generation,Solar,2026-07-23T07:13:23Z
2026-07-23T07:11:55Z,2026-07-23T09:11:55+0200,db3f74e3-4f49-42d6-88b6-ea3283c50514,2026-06-26T11:30:00Z,2026-06-26T13:30:00+0200,53571.486,MW,DE,DE_LU,actual_solar_generation,Solar,2026-07-23T07:13:23Z
2026-07-23T07:11:55Z,2026-07-23T09:11:55+0200,db3f74e3-4f49-42d6-88b6-ea3283c50514,2026-06-26T11:45:00Z,2026-06-26T13:45:00+0200,53128.652,MW,DE,DE_LU,actual_solar_generation,Solar,2026-07-23T07:13:23Z
2026-07-23T07:11:55Z,2026-07-23T09:11:55+0200,db3f74e3-4f49-42d6-88b6-ea3283c50514,2026-06-26T12:00:00Z,2026-06-26T14:00:00+0200,52478.864,MW,DE,DE_LU,actual_solar_generation,Solar,2026-07-23T07:13:23Z
2026-07-23T07:11:55Z,2026-07-23T09:11:55+0200,db3f74e3-4f49-42d6-88b6-ea3283c50514,2026-06-26T12:15:00Z,2026-06-26T14:15:00+0200,52147.65,MW,DE,DE_LU,actual_solar_generation,Solar,2026-07-23T07:13:23Z
2026-07-23T07:11:55Z,2026-07-23T09:11:55+0200,db3f74e3-4f49-42d6-88b6-ea3283c50514,2026-06-26T12:30:00Z,2026-06-26T14:30:00+0200,51521.398,MW,DE,DE_LU,actual_solar_generation,Solar,2026-07-23T07:13:23Z
2026-07-23T07:11:55Z,2026-07-23T09:11:55+0200,db3f74e3-4f49-42d6-88b6-ea3283c50514,2026-06-26T12:45:00Z,2026-06-26T14:45:00+0200,50681.098,MW,DE,DE_LU,actual_solar_generation,Solar,2026-07-23T07:13:23Z
2026-07-23T07:11:55Z,2026-07-23T09:11:55+0200,db3f74e3-4f49-42d6-88b6-ea3283c50514,2026-06-26T13:00:00Z,2026-06-26T15:00:00+0200,49504.565,MW,DE,DE_LU,actual_solar_generation,Solar,2026-07-23T07:13:23Z
2026-07-23T07:11:55Z,2026-07-23T09:11:55+0200,db3f74e3-4f49-42d6-88b6-ea3283c50514,2026-06-26T13:15:00Z,2026-06-26T15:15:00+0200,48454.043,MW,DE,DE_LU,actual_solar_generation,Solar,2026-07-23T07:13:23Z
2026-07-23T07:11:55Z,2026-07-23T09:11:55+0200,db3f74e3-4f49-42d6-88b6-ea3283c50514,2026-06-26T13:30:00Z,2026-06-26T15:30:00+0200,47097.502,MW,DE,DE_LU,actual_solar_generation,Solar,2026-07-23T07:13:23Z
2026-07-23T07:11:55Z,2026-07-23T09:11:55+0200,db3f74e3-4f49-42d6-88b6-ea3283c50514,2026-06-26T13:45:00Z,2026-06-26T15:45:00+0200,45706.951,MW,DE,DE_LU,actual_solar_generation,Solar,2026-07-23T07:13:23Z
2026-07-23T07:11:55Z,2026-07-23T09:11:55+0200,db3f74e3-4f49-42d6-88b6-ea3283c50514,2026-06-26T14:00:00Z,2026-06-26T16:00:00+0200,44053.336,MW,DE,DE_LU,actual_solar_generation,Solar,2026-07-23T07:13:23Z
2026-07-23T07:11:55Z,2026-07-23T09:11:55+0200,db3f74e3-4f49-42d6-88b6-ea3283c50514,2026-06-26T14:15:00Z,2026-06-26T16:15:00+0200,41964.021,MW,DE,DE_LU,actual_solar_generation,Solar,2026-07-23T07:13:23Z
2026-07-23T07:11:55Z,2026-07-23T09:11:55+0200,db3f74e3-4f49-42d6-88b6-ea3283c50514,2026-06-26T14:30:00Z,2026-06-26T16:30:00+0200,39786.443,MW,DE,DE_LU,actual_solar_generation,Solar,2026-07-23T07:13:23Z
2026-07-23T07:11:55Z,2026-07-23T09:11:55+0200,db3f74e3-4f49-42d6-88b6-ea3283c50514,2026-06-26T14:45:00Z,2026-06-26T16:45:00+0200,37462.212,MW,DE,DE_LU,actual_solar_generation,Solar,2026-07-23T07:13:23Z
2026-07-23T07:11:55Z,2026-07-23T09:11:55+0200,db3f74e3-4f49-42d6-88b6-ea3283c50514,2026-06-26T15:00:00Z,2026-06-26T17:00:00+0200,35131.423,MW,DE,DE_LU,actual_solar_generation,Solar,2026-07-23T07:13:23Z
2026-07-23T07:11:55Z,2026-07-23T09:11:55+0200,db3f74e3-4f49-42d6-88b6-ea3283c50514,2026-06-26T15:15:00Z,2026-06-26T17:15:00+0200,32789.41,MW,DE,DE_LU,actual_solar_generation,Solar,2026-07-23T07:13:23Z
2026-07-23T07:11:55Z,2026-07-23T09:11:55+0200,db3f74e3-4f49-42d6-88b6-ea3283c50514,2026-06-26T15:30:00Z,2026-06-26T17:30:00+0200,30139.872,MW,DE,DE_LU,actual_solar_generation,Solar,2026-07-23T07:13:23Z
2026-07-23T07:11:55Z,2026-07-23T09:11:55+0200,db3f74e3-4f49-42d6-88b6-ea3283c50514,2026-06-26T15:45:00Z,2026-06-26T17:45:00+0200,27155.084,MW,DE,DE_LU,actual_solar_generation,Solar,2026-07-23T07:13:23Z
2026-07-23T07:11:55Z,2026-07-23T09:11:55+0200,db3f74e3-4f49-42d6-88b6-ea3283c50514,2026-06-26T16:00:00Z,2026-06-26T18:00:00+0200,24158.148,MW,DE,DE_LU,actual_solar_generation,Solar,2026-07-23T07:13:23Z
2026-07-23T07:11:55Z,2026-07-23T09:11:55+0200,db3f74e3-4f49-42d6-88b6-ea3283c50514,2026-06-26T16:15:00Z,2026-06-26T18:15:00+0200,21034.223,MW,DE,DE_LU,actual_solar_generation,Solar,2026-07-23T07:13:23Z
2026-07-23T07:11:55Z,2026-07-23T09:11:55+0200,db3f74e3-4f49-42d6-88b6-ea3283c50514,2026-06-26T16:30:00Z,2026-06-26T18:30:00+0200,17955.11,MW,DE,DE_LU,actual_solar_generation,Solar,2026-07-23T07:13:23Z
2026-07-23T07:11:55Z,2026-07-23T09:11:55+0200,db3f74e3-4f49-42d6-88b6-ea3283c50514,2026-06-26T16:45:00Z,2026-06-26T18:45:00+0200,15070.931,MW,DE,DE_LU,actual_solar_generation,Solar,2026-07-23T07:13:23Z
2026-07-23T07:11:55Z,2026-07-23T09:11:55+0200,db3f74e3-4f49-42d6-88b6-ea3283c50514,2026-06-26T17:00:00Z,2026-06-26T19:00:00+0200,12387.908,MW,DE,DE_LU,actual_solar_generation,Solar,2026-07-23T07:13:23Z
2026-07-23T07:11:55Z,2026-07-23T09:11:55+0200,db3f74e3-4f49-42d6-88b6-ea3283c50514,2026-06-26T17:15:00Z,2026-06-26T19:15:00+0200,9892.983,MW,DE,DE_LU,actual_solar_generation,Solar,2026-07-23T07:13:23Z
2026-07-23T07:11:55Z,2026-07-23T09:11:55+0200,db3f74e3-4f49-42d6-88b6-ea3283c50514,2026-06-26T17:30:00Z,2026-06-26T19:30:00+0200,7688.963,MW,DE,DE_LU,actual_solar_generation,Solar,2026-07-23T07:13:23Z
2026-07-23T07:11:55Z,2026-07-23T09:11:55+0200,db3f74e3-4f49-42d6-88b6-ea3283c50514,2026-06-26T17:45:00Z,2026-06-26T19:45:00+0200,5835.452,MW,DE,DE_LU,actual_solar_generation,Solar,2026-07-23T07:13:23Z
2026-07-23T07:11:55Z,2026-07-23T09:11:55+0200,db3f74e3-4f49-42d6-88b6-ea3283c50514,2026-06-26T18:00:00Z,2026-06-26T20:00:00+0200,4263.342,MW,DE,DE_LU,actual_solar_generation,Solar,2026-07-23T07:13:23Z
2026-07-23T07:11:55Z,2026-07-23T09:11:55+0200,db3f74e3-4f49-42d6-88b6-ea3283c50514,2026-06-26T18:15:00Z,2026-06-26T20:15:00+0200,3024.523,MW,DE,DE_LU,actual_solar_generation,Solar,2026-07-23T07:13:23Z
2026-07-23T07:11:55Z,2026-07-23T09:11:55+0200,db3f74e3-4f49-42d6-88b6-ea3283c50514,2026-06-26T18:30:00Z,2026-06-26T20:30:00+0200,2030.626,MW,DE,DE_LU,actual_solar_generation,Solar,2026-07-23T07:13:23Z
2026-07-23T07:11:55Z,2026-07-23T09:11:55+0200,db3f74e3-4f49-42d6-88b6-ea3283c50514,2026-06-26T18:45:00Z,2026-06-26T20:45:00+0200,1234.063,MW,DE,DE_LU,actual_solar_generation,Solar,2026-07-23T07:13:23Z
2026-07-23T07:11:55Z,2026-07-23T09:11:55+0200,db3f74e3-4f49-42d6-88b6-ea3283c50514,2026-06-26T19:00:00Z,2026-06-26T21:00:00+0200,627.409,MW,DE,DE_LU,actual_solar_generation,Solar,2026-07-23T07:13:23Z
2026-07-23T07:11:55Z,2026-07-23T09:11:55+0200,db3f74e3-4f49-42d6-88b6-ea3283c50514,2026-06-26T19:15:00Z,2026-06-26T21:15:00+0200,258.071,MW,DE,DE_LU,actual_solar_generation,Solar,2026-07-23T07:13:23Z
2026-07-23T07:11:55Z,2026-07-23T09:11:55+0200,db3f74e3-4f49-42d6-88b6-ea3283c50514,2026-06-26T19:30:00Z,2026-06-26T21:30:00+0200,71.741,MW,DE,DE_LU,actual_solar_generation,Solar,2026-07-23T07:13:23Z
2026-07-23T07:11:55Z,2026-07-23T09:11:55+0200,db3f74e3-4f49-42d6-88b6-ea3283c50514,2026-06-26T19:45:00Z,2026-06-26T21:45:00+0200,10.774,MW,DE,DE_LU,actual_solar_generation,Solar,2026-07-23T07:13:23Z
2026-07-23T07:11:55Z,2026-07-23T09:11:55+0200,db3f74e3-4f49-42d6-88b6-ea3283c50514,2026-06-26T20:00:00Z,2026-06-26T22:00:00+0200,1.456,MW,DE,DE_LU,actual_solar_generation,Solar,2026-07-23T07:13:23Z
2026-07-23T07:11:55Z,2026-07-23T09:11:55+0200,db3f74e3-4f49-42d6-88b6-ea3283c50514,2026-06-26T20:15:00Z,2026-06-26T22:15:00+0200,0.485,MW,DE,DE_LU,actual_solar_generation,Solar,2026-07-23T07:13:23Z
2026-07-23T07:11:55Z,2026-07-23T09:11:55+0200,db3f74e3-4f49-42d6-88b6-ea3283c50514,2026-06-26T20:30:00Z,2026-06-26T22:30:00+0200,0.145,MW,DE,DE_LU,actual_solar_generation,Solar,2026-07-23T07:13:23Z
2026-07-23T07:11:55Z,2026-07-23T09:11:55+0200,db3f74e3-4f49-42d6-88b6-ea3283c50514,2026-06-26T20:45:00Z,2026-06-26T22:45:00+0200,0.136,MW,DE,DE_LU,actual_solar_generation,Solar,2026-07-23T07:13:23Z
2026-07-23T07:11:55Z,2026-07-23T09:11:55+0200,db3f74e3-4f49-42d6-88b6-ea3283c50514,2026-06-26T21:00:00Z,2026-06-26T23:00:00+0200,0.141,MW,DE,DE_LU,actual_solar_generation,Solar,2026-07-23T07:13:23Z
2026-07-23T07:11:55Z,2026-07-23T09:11:55+0200,db3f74e3-4f49-42d6-88b6-ea3283c50514,2026-06-26T21:15:00Z,2026-06-26T23:15:00+0200,0.138,MW,DE,DE_LU,actual_solar_generation,Solar,2026-07-23T07:13:23Z
2026-07-23T07:11:55Z,2026-07-23T09:11:55+0200,db3f74e3-4f49-42d6-88b6-ea3283c50514,2026-06-26T21:30:00Z,2026-06-26T23:30:00+0200,0.122,MW,DE,DE_LU,actual_solar_generation,Solar,2026-07-23T07:13:23Z
2026-07-23T07:11:55Z,2026-07-23T09:11:55+0200,db3f74e3-4f49-42d6-88b6-ea3283c50514,2026-06-26T21:45:00Z,2026-06-26T23:45:00+0200,0.113,MW,DE,DE_LU,actual_solar_generation,Solar,2026-07-23T07:13:23Z
2026-07-23T07:11:55Z,2026-07-23T09:11:55+0200,db3f74e3-4f49-42d6-88b6-ea3283c50514,2026-06-26T22:00:00Z,2026-06-27T00:00:00+0200,0.109,MW,DE,DE_LU,actual_solar_generation,Solar,2026-07-23T07:13:23Z
2026-07-23T07:11:55Z,2026-07-23T09:11:55+0200,db3f74e3-4f49-42d6-88b6-ea3283c50514,2026-06-26T22:15:00Z,2026-06-27T00:15:00+0200,0.095,MW,DE,DE_LU,actual_solar_generation,Solar,2026-07-23T07:13:23Z
2026-07-23T07:11:55Z,2026-07-23T09:11:55+0200,db3f74e3-4f49-42d6-88b6-ea3283c50514,2026-06-26T22:30:00Z,2026-06-27T00:30:00+0200,0.088,MW,DE,DE_LU,actual_solar_generation,Solar,2026-07-23T07:13:23Z
2026-07-23T07:11:55Z,2026-07-23T09:11:55+0200,db3f74e3-4f49-42d6-88b6-ea3283c50514,2026-06-26T22:45:00Z,2026-06-27T00:45:00+0200,0.08,MW,DE,DE_LU,actual_solar_generation,Solar,2026-07-23T07:13:23Z
2026-07-23T07:11:55Z,2026-07-23T09:11:55+0200,db3f74e3-4f49-42d6-88b6-ea3283c50514,2026-06-26T23:00:00Z,2026-06-27T01:00:00+0200,0.082,MW,DE,DE_LU,actual_solar_generation,Solar,2026-07-23T07:13:23Z
2026-07-23T07:11:55Z,2026-07-23T09:11:55+0200,db3f74e3-4f49-42d6-88b6-ea3283c50514,2026-06-26T23:15:00Z,2026-06-27T01:15:00+0200,0.078,MW,DE,DE_LU,actual_solar_generation,Solar,2026-07-23T07:13:23Z
2026-07-23T07:11:55Z,2026-07-23T09:11:55+0200,db3f74e3-4f49-42d6-88b6-ea3283c50514,2026-06-26T23:30:00Z,2026-06-27T01:30:00+0200,0.084,MW,DE,DE_LU,actual_solar_generation,Solar,2026-07-23T07:13:23Z
2026-07-23T07:11:55Z,2026-07-23T09:11:55+0200,db3f74e3-4f49-42d6-88b6-ea3283c50514,2026-06-26T23:45:00Z,2026-06-27T01:45:00+0200,0.081,MW,DE,DE_LU,actual_solar_generation,Solar,2026-07-23T07:13:23Z
2026-07-23T07:11:55Z,2026-07-23T09:11:55+0200,db3f74e3-4f49-42d6-88b6-ea3283c50514,2026-06-27T00:00:00Z,2026-06-27T02:00:00+0200,0.073,MW,DE,DE_LU,actual_solar_generation,Solar,2026-07-23T07:13:23Z
2026-07-23T07:11:55Z,2026-07-23T09:11:55+0200,db3f74e3-4f49-42d6-88b6-ea3283c50514,2026-06-27T00:15:00Z,2026-06-27T02:15:00+0200,0.066,MW,DE,DE_LU,actual_solar_generation,Solar,2026-07-23T07:13:23Z
2026-07-23T07:11:55Z,2026-07-23T09:11:55+0200,db3f74e3-4f49-42d6-88b6-ea3283c50514,2026-06-27T00:30:00Z,2026-06-27T02:30:00+0200,0.066,MW,DE,DE_LU,actual_solar_generation,Solar,2026-07-23T07:13:23Z
2026-07-23T07:11:55Z,2026-07-23T09:11:55+0200,db3f74e3-4f49-42d6-88b6-ea3283c50514,2026-06-27T00:45:00Z,2026-06-27T02:45:00+0200,0.062,MW,DE,DE_LU,actual_solar_generation,Solar,2026-07-23T07:13:23Z
2026-07-23T07:11:55Z,2026-07-23T09:11:55+0200,db3f74e3-4f49-42d6-88b6-ea3283c50514,2026-06-27T01:00:00Z,2026-06-27T03:00:00+0200,0.068,MW,DE,DE_LU,actual_solar_generation,Solar,2026-07-23T07:13:23Z
2026-07-23T07:11:55Z,2026-07-23T09:11:55+0200,db3f74e3-4f49-42d6-88b6-ea3283c50514,2026-06-27T01:15:00Z,2026-06-27T03:15:00+0200,0.061,MW,DE,DE_LU,actual_solar_generation,Solar,2026-07-23T07:13:23Z
2026-07-23T07:11:55Z,2026-07-23T09:11:55+0200,db3f74e3-4f49-42d6-88b6-ea3283c50514,2026-06-27T01:30:00Z,2026-06-27T03:30:00+0200,0.055,MW,DE,DE_LU,actual_solar_generation,Solar,2026-07-23T07:13:23Z
2026-07-23T07:11:55Z,2026-07-23T09:11:55+0200,db3f74e3-4f49-42d6-88b6-ea3283c50514,2026-06-27T01:45:00Z,2026-06-27T03:45:00+0200,0.051,MW,DE,DE_LU,actual_solar_generation,Solar,2026-07-23T07:13:23Z
2026-07-23T07:11:55Z,2026-07-23T09:11:55+0200,db3f74e3-4f49-42d6-88b6-ea3283c50514,2026-06-27T02:00:00Z,2026-06-27T04:00:00+0200,0.058,MW,DE,DE_LU,actual_solar_generation,Solar,2026-07-23T07:13:23Z
2026-07-23T07:11:55Z,2026-07-23T09:11:55+0200,db3f74e3-4f49-42d6-88b6-ea3283c50514,2026-06-27T02:15:00Z,2026-06-27T04:15:00+0200,0.122,MW,DE,DE_LU,actual_solar_generation,Solar,2026-07-23T07:13:23Z
2026-07-23T07:11:55Z,2026-07-23T09:11:55+0200,db3f74e3-4f49-42d6-88b6-ea3283c50514,2026-06-27T02:30:00Z,2026-06-27T04:30:00+0200,2.169,MW,DE,DE_LU,actual_solar_generation,Solar,2026-07-23T07:13:23Z
2026-07-23T07:11:55Z,2026-07-23T09:11:55+0200,db3f74e3-4f49-42d6-88b6-ea3283c50514,2026-06-27T02:45:00Z,2026-06-27T04:45:00+0200,22.658,MW,DE,DE_LU,actual_solar_generation,Solar,2026-07-23T07:13:23Z
2026-07-23T07:11:55Z,2026-07-23T09:11:55+0200,db3f74e3-4f49-42d6-88b6-ea3283c50514,2026-06-27T03:00:00Z,2026-06-27T05:00:00+0200,114.041,MW,DE,DE_LU,actual_solar_generation,Solar,2026-07-23T07:13:23Z
2026-07-23T07:11:55Z,2026-07-23T09:11:55+0200,db3f74e3-4f49-42d6-88b6-ea3283c50514,2026-06-27T03:15:00Z,2026-06-27T05:15:00+0200,362.096,MW,DE,DE_LU,actual_solar_generation,Solar,2026-07-23T07:13:23Z
2026-07-23T07:11:55Z,2026-07-23T09:11:55+0200,db3f74e3-4f49-42d6-88b6-ea3283c50514,2026-06-27T03:30:00Z,2026-06-27T05:30:00+0200,937.761,MW,DE,DE_LU,actual_solar_generation,Solar,2026-07-23T07:13:23Z
2026-07-23T07:11:55Z,2026-07-23T09:11:55+0200,db3f74e3-4f49-42d6-88b6-ea3283c50514,2026-06-27T03:45:00Z,2026-06-27T05:45:00+0200,1709.553,MW,DE,DE_LU,actual_solar_generation,Solar,2026-07-23T07:13:23Z
2026-07-23T07:11:55Z,2026-07-23T09:11:55+0200,db3f74e3-4f49-42d6-88b6-ea3283c50514,2026-06-27T04:00:00Z,2026-06-27T06:00:00+0200,2681.786,MW,DE,DE_LU,actual_solar_generation,Solar,2026-07-23T07:13:23Z
2026-07-23T07:11:55Z,2026-07-23T09:11:55+0200,db3f74e3-4f49-42d6-88b6-ea3283c50514,2026-06-27T04:15:00Z,2026-06-27T06:15:00+0200,3824.016,MW,DE,DE_LU,actual_solar_generation,Solar,2026-07-23T07:13:23Z
2026-07-23T07:11:55Z,2026-07-23T09:11:55+0200,db3f74e3-4f49-42d6-88b6-ea3283c50514,2026-06-27T04:30:00Z,2026-06-27T06:30:00+0200,5224.686,MW,DE,DE_LU,actual_solar_generation,Solar,2026-07-23T07:13:23Z
2026-07-23T07:11:55Z,2026-07-23T09:11:55+0200,db3f74e3-4f49-42d6-88b6-ea3283c50514,2026-06-27T04:45:00Z,2026-06-27T06:45:00+0200,6958.882,MW,DE,DE_LU,actual_solar_generation,Solar,2026-07-23T07:13:23Z
2026-07-23T07:11:55Z,2026-07-23T09:11:55+0200,db3f74e3-4f49-42d6-88b6-ea3283c50514,2026-06-27T05:00:00Z,2026-06-27T07:00:00+0200,9006.798,MW,DE,DE_LU,actual_solar_generation,Solar,2026-07-23T07:13:23Z
2026-07-23T07:11:55Z,2026-07-23T09:11:55+0200,db3f74e3-4f49-42d6-88b6-ea3283c50514,2026-06-27T05:15:00Z,2026-06-27T07:15:00+0200,11377.017,MW,DE,DE_LU,actual_solar_generation,Solar,2026-07-23T07:13:23Z
2026-07-23T07:11:55Z,2026-07-23T09:11:55+0200,db3f74e3-4f49-42d6-88b6-ea3283c50514,2026-06-27T05:30:00Z,2026-06-27T07:30:00+0200,13970.549,MW,DE,DE_LU,actual_solar_generation,Solar,2026-07-23T07:13:23Z
2026-07-23T07:11:55Z,2026-07-23T09:11:55+0200,db3f74e3-4f49-42d6-88b6-ea3283c50514,2026-06-27T05:45:00Z,2026-06-27T07:45:00+0200,16702.845,MW,DE,DE_LU,actual_solar_generation,Solar,2026-07-23T07:13:23Z
2026-07-23T07:11:55Z,2026-07-23T09:11:55+0200,db3f74e3-4f49-42d6-88b6-ea3283c50514,2026-06-27T06:00:00Z,2026-06-27T08:00:00+0200,19575.506,MW,DE,DE_LU,actual_solar_generation,Solar,2026-07-23T07:13:23Z
2026-07-23T07:11:55Z,2026-07-23T09:11:55+0200,db3f74e3-4f49-42d6-88b6-ea3283c50514,2026-06-27T06:15:00Z,2026-06-27T08:15:00+0200,22510.526,MW,DE,DE_LU,actual_solar_generation,Solar,2026-07-23T07:13:23Z
2026-07-23T07:11:55Z,2026-07-23T09:11:55+0200,db3f74e3-4f49-42d6-88b6-ea3283c50514,2026-06-27T06:30:00Z,2026-06-27T08:30:00+0200,25460.2,MW,DE,DE_LU,actual_solar_generation,Solar,2026-07-23T07:13:23Z
2026-07-23T07:11:55Z,2026-07-23T09:11:55+0200,db3f74e3-4f49-42d6-88b6-ea3283c50514,2026-06-27T06:45:00Z,2026-06-27T08:45:00+0200,28347.41,MW,DE,DE_LU,actual_solar_generation,Solar,2026-07-23T07:13:23Z
2026-07-23T07:11:55Z,2026-07-23T09:11:55+0200,db3f74e3-4f49-42d6-88b6-ea3283c50514,2026-06-27T07:00:00Z,2026-06-27T09:00:00+0200,30579.532,MW,DE,DE_LU,actual_solar_generation,Solar,2026-07-23T07:13:23Z
2026-07-23T07:11:55Z,2026-07-23T09:11:55+0200,db3f74e3-4f49-42d6-88b6-ea3283c50514,2026-06-27T07:15:00Z,2026-06-27T09:15:00+0200,32747.7,MW,DE,DE_LU,actual_solar_generation,Solar,2026-07-23T07:13:23Z
2026-07-23T07:11:55Z,2026-07-23T09:11:55+0200,db3f74e3-4f49-42d6-88b6-ea3283c50514,2026-06-27T07:30:00Z,2026-06-27T09:30:00+0200,35089.826,MW,DE,DE_LU,actual_solar_generation,Solar,2026-07-23T07:13:23Z
2026-07-23T07:11:55Z,2026-07-23T09:11:55+0200,db3f74e3-4f49-42d6-88b6-ea3283c50514,2026-06-27T07:45:00Z,2026-06-27T09:45:00+0200,37282.828,MW,DE,DE_LU,actual_solar_generation,Solar,2026-07-23T07:13:23Z
2026-07-23T07:11:55Z,2026-07-23T09:11:55+0200,db3f74e3-4f49-42d6-88b6-ea3283c50514,2026-06-27T08:00:00Z,2026-06-27T10:00:00+0200,39373.747,MW,DE,DE_LU,actual_solar_generation,Solar,2026-07-23T07:13:23Z
2026-07-23T07:11:55Z,2026-07-23T09:11:55+0200,db3f74e3-4f49-42d6-88b6-ea3283c50514,2026-06-27T08:15:00Z,2026-06-27T10:15:00+0200,41318.659,MW,DE,DE_LU,actual_solar_generation,Solar,2026-07-23T07:13:23Z
2026-07-23T07:11:55Z,2026-07-23T09:11:55+0200,db3f74e3-4f49-42d6-88b6-ea3283c50514,2026-06-27T08:30:00Z,2026-06-27T10:30:00+0200,43171.961,MW,DE,DE_LU,actual_solar_generation,Solar,2026-07-23T07:13:23Z
2026-07-23T07:11:55Z,2026-07-23T09:11:55+0200,db3f74e3-4f49-42d6-88b6-ea3283c50514,2026-06-27T08:45:00Z,2026-06-27T10:45:00+0200,45032.964,MW,DE,DE_LU,actual_solar_generation,Solar,2026-07-23T07:13:23Z
2026-07-23T07:11:55Z,2026-07-23T09:11:55+0200,db3f74e3-4f49-42d6-88b6-ea3283c50514,2026-06-27T09:00:00Z,2026-06-27T11:00:00+0200,46373.601,MW,DE,DE_LU,actual_solar_generation,Solar,2026-07-23T07:13:23Z
2026-07-23T07:11:55Z,2026-07-23T09:11:55+0200,db3f74e3-4f49-42d6-88b6-ea3283c50514,2026-06-27T09:15:00Z,2026-06-27T11:15:00+0200,47650.723,MW,DE,DE_LU,actual_solar_generation,Solar,2026-07-23T07:13:23Z
2026-07-23T07:11:55Z,2026-07-23T09:11:55+0200,db3f74e3-4f49-42d6-88b6-ea3283c50514,2026-06-27T09:30:00Z,2026-06-27T11:30:00+0200,49002.19,MW,DE,DE_LU,actual_solar_generation,Solar,2026-07-23T07:13:23Z
2026-07-23T07:11:55Z,2026-07-23T09:11:55+0200,db3f74e3-4f49-42d6-88b6-ea3283c50514,2026-06-27T09:45:00Z,2026-06-27T11:45:00+0200,50099.723,MW,DE,DE_LU,actual_solar_generation,Solar,2026-07-23T07:13:23Z
2026-07-23T07:11:55Z,2026-07-23T09:11:55+0200,db3f74e3-4f49-42d6-88b6-ea3283c50514,2026-06-27T10:00:00Z,2026-06-27T12:00:00+0200,51254.782,MW,DE,DE_LU,actual_solar_generation,Solar,2026-07-23T07:13:23Z
2026-07-23T07:11:55Z,2026-07-23T09:11:55+0200,db3f74e3-4f49-42d6-88b6-ea3283c50514,2026-06-27T10:15:00Z,2026-06-27T12:15:00+0200,51926.721,MW,DE,DE_LU,actual_solar_generation,Solar,2026-07-23T07:13:23Z
2026-07-23T07:11:55Z,2026-07-23T09:11:55+0200,db3f74e3-4f49-42d6-88b6-ea3283c50514,2026-06-27T10:30:00Z,2026-06-27T12:30:00+0200,52261.436,MW,DE,DE_LU,actual_solar_generation,Solar,2026-07-23T07:13:23Z
2026-07-23T07:11:55Z,2026-07-23T09:11:55+0200,db3f74e3-4f49-42d6-88b6-ea3283c50514,2026-06-27T10:45:00Z,2026-06-27T12:45:00+0200,51909.292,MW,DE,DE_LU,actual_solar_generation,Solar,2026-07-23T07:13:23Z
2026-07-23T07:11:55Z,2026-07-23T09:11:55+0200,db3f74e3-4f49-42d6-88b6-ea3283c50514,2026-06-27T11:00:00Z,2026-06-27T13:00:00+0200,52310.192,MW,DE,DE_LU,actual_solar_generation,Solar,2026-07-23T07:13:23Z
2026-07-23T07:11:55Z,2026-07-23T09:11:55+0200,db3f74e3-4f49-42d6-88b6-ea3283c50514,2026-06-27T11:15:00Z,2026-06-27T13:15:00+0200,51962.296,MW,DE,DE_LU,actual_solar_generation,Solar,2026-07-23T07:13:23Z
2026-07-23T07:11:55Z,2026-07-23T09:11:55+0200,db3f74e3-4f49-42d6-88b6-ea3283c50514,2026-06-27T11:30:00Z,2026-06-27T13:30:00+0200,51568.082,MW,DE,DE_LU,actual_solar_generation,Solar,2026-07-23T07:13:23Z
2026-07-23T07:11:55Z,2026-07-23T09:11:55+0200,db3f74e3-4f49-42d6-88b6-ea3283c50514,2026-06-27T11:45:00Z,2026-06-27T13:45:00+0200,51109.495,MW,DE,DE_LU,actual_solar_generation,Solar,2026-07-23T07:13:23Z
2026-07-23T07:11:55Z,2026-07-23T09:11:55+0200,db3f74e3-4f49-42d6-88b6-ea3283c50514,2026-06-27T12:00:00Z,2026-06-27T14:00:00+0200,50261.089,MW,DE,DE_LU,actual_solar_generation,Solar,2026-07-23T07:13:23Z
2026-07-23T07:11:55Z,2026-07-23T09:11:55+0200,db3f74e3-4f49-42d6-88b6-ea3283c50514,2026-06-27T12:15:00Z,2026-06-27T14:15:00+0200,49298.037,MW,DE,DE_LU,actual_solar_generation,Solar,2026-07-23T07:13:23Z
2026-07-23T07:11:55Z,2026-07-23T09:11:55+0200,db3f74e3-4f49-42d6-88b6-ea3283c50514,2026-06-27T12:30:00Z,2026-06-27T14:30:00+0200,48486.848,MW,DE,DE_LU,actual_solar_generation,Solar,2026-07-23T07:13:23Z
2026-07-23T07:11:55Z,2026-07-23T09:11:55+0200,db3f74e3-4f49-42d6-88b6-ea3283c50514,2026-06-27T12:45:00Z,2026-06-27T14:45:00+0200,47535.843,MW,DE,DE_LU,actual_solar_generation,Solar,2026-07-23T07:13:23Z
2026-07-23T07:11:55Z,2026-07-23T09:11:55+0200,db3f74e3-4f49-42d6-88b6-ea3283c50514,2026-06-27T13:00:00Z,2026-06-27T15:00:00+0200,46116.81,MW,DE,DE_LU,actual_solar_generation,Solar,2026-07-23T07:13:23Z
2026-07-23T07:11:55Z,2026-07-23T09:11:55+0200,db3f74e3-4f49-42d6-88b6-ea3283c50514,2026-06-27T13:15:00Z,2026-06-27T15:15:00+0200,44734.111,MW,DE,DE_LU,actual_solar_generation,Solar,2026-07-23T07:13:23Z
2026-07-23T07:11:55Z,2026-07-23T09:11:55+0200,db3f74e3-4f49-42d6-88b6-ea3283c50514,2026-06-27T13:30:00Z,2026-06-27T15:30:00+0200,43210.607,MW,DE,DE_LU,actual_solar_generation,Solar,2026-07-23T07:13:23Z
2026-07-23T07:11:55Z,2026-07-23T09:11:55+0200,db3f74e3-4f49-42d6-88b6-ea3283c50514,2026-06-27T13:45:00Z,2026-06-27T15:45:00+0200,41597.124,MW,DE,DE_LU,actual_solar_generation,Solar,2026-07-23T07:13:23Z
2026-07-23T07:11:55Z,2026-07-23T09:11:55+0200,db3f74e3-4f49-42d6-88b6-ea3283c50514,2026-06-27T14:00:00Z,2026-06-27T16:00:00+0200,39824.686,MW,DE,DE_LU,actual_solar_generation,Solar,2026-07-23T07:13:23Z
2026-07-23T07:11:55Z,2026-07-23T09:11:55+0200,db3f74e3-4f49-42d6-88b6-ea3283c50514,2026-06-27T14:15:00Z,2026-06-27T16:15:00+0200,38090.591,MW,DE,DE_LU,actual_solar_generation,Solar,2026-07-23T07:13:23Z
2026-07-23T07:11:55Z,2026-07-23T09:11:55+0200,db3f74e3-4f49-42d6-88b6-ea3283c50514,2026-06-27T14:30:00Z,2026-06-27T16:30:00+0200,35972.102,MW,DE,DE_LU,actual_solar_generation,Solar,2026-07-23T07:13:23Z
2026-07-23T07:11:55Z,2026-07-23T09:11:55+0200,db3f74e3-4f49-42d6-88b6-ea3283c50514,2026-06-27T14:45:00Z,2026-06-27T16:45:00+0200,33722.123,MW,DE,DE_LU,actual_solar_generation,Solar,2026-07-23T07:13:23Z
2026-07-23T07:11:55Z,2026-07-23T09:11:55+0200,db3f74e3-4f49-42d6-88b6-ea3283c50514,2026-06-27T15:00:00Z,2026-06-27T17:00:00+0200,31118.628,MW,DE,DE_LU,actual_solar_generation,Solar,2026-07-23T07:13:23Z
2026-07-23T07:11:55Z,2026-07-23T09:11:55+0200,db3f74e3-4f49-42d6-88b6-ea3283c50514,2026-06-27T15:15:00Z,2026-06-27T17:15:00+0200,28821.502,MW,DE,DE_LU,actual_solar_generation,Solar,2026-07-23T07:13:23Z
2026-07-23T07:11:55Z,2026-07-23T09:11:55+0200,db3f74e3-4f49-42d6-88b6-ea3283c50514,2026-06-27T15:30:00Z,2026-06-27T17:30:00+0200,26476.321,MW,DE,DE_LU,actual_solar_generation,Solar,2026-07-23T07:13:23Z
2026-07-23T07:11:55Z,2026-07-23T09:11:55+0200,db3f74e3-4f49-42d6-88b6-ea3283c50514,2026-06-27T15:45:00Z,2026-06-27T17:45:00+0200,23723.876,MW,DE,DE_LU,actual_solar_generation,Solar,2026-07-23T07:13:23Z
2026-07-23T07:11:55Z,2026-07-23T09:11:55+0200,db3f74e3-4f49-42d6-88b6-ea3283c50514,2026-06-27T16:00:00Z,2026-06-27T18:00:00+0200,21130.461,MW,DE,DE_LU,actual_solar_generation,Solar,2026-07-23T07:13:23Z
2026-07-23T07:11:55Z,2026-07-23T09:11:55+0200,db3f74e3-4f49-42d6-88b6-ea3283c50514,2026-06-27T16:15:00Z,2026-06-27T18:15:00+0200,18492.176,MW,DE,DE_LU,actual_solar_generation,Solar,2026-07-23T07:13:23Z
2026-07-23T07:11:55Z,2026-07-23T09:11:55+0200,db3f74e3-4f49-42d6-88b6-ea3283c50514,2026-06-27T16:30:00Z,2026-06-27T18:30:00+0200,15867.02,MW,DE,DE_LU,actual_solar_generation,Solar,2026-07-23T07:13:23Z
2026-07-23T07:11:55Z,2026-07-23T09:11:55+0200,db3f74e3-4f49-42d6-88b6-ea3283c50514,2026-06-27T16:45:00Z,2026-06-27T18:45:00+0200,13303.777,MW,DE,DE_LU,actual_solar_generation,Solar,2026-07-23T07:13:23Z
2026-07-23T07:11:55Z,2026-07-23T09:11:55+0200,db3f74e3-4f49-42d6-88b6-ea3283c50514,2026-06-27T17:00:00Z,2026-06-27T19:00:00+0200,10916.603,MW,DE,DE_LU,actual_solar_generation,Solar,2026-07-23T07:13:23Z
2026-07-23T07:11:55Z,2026-07-23T09:11:55+0200,db3f74e3-4f49-42d6-88b6-ea3283c50514,2026-06-27T17:15:00Z,2026-06-27T19:15:00+0200,8800.001,MW,DE,DE_LU,actual_solar_generation,Solar,2026-07-23T07:13:23Z
2026-07-23T07:11:55Z,2026-07-23T09:11:55+0200,db3f74e3-4f49-42d6-88b6-ea3283c50514,2026-06-27T17:30:00Z,2026-06-27T19:30:00+0200,7022.044,MW,DE,DE_LU,actual_solar_generation,Solar,2026-07-23T07:13:23Z
2026-07-23T07:11:55Z,2026-07-23T09:11:55+0200,db3f74e3-4f49-42d6-88b6-ea3283c50514,2026-06-27T17:45:00Z,2026-06-27T19:45:00+0200,5446.306,MW,DE,DE_LU,actual_solar_generation,Solar,2026-07-23T07:13:23Z
2026-07-23T07:11:55Z,2026-07-23T09:11:55+0200,db3f74e3-4f49-42d6-88b6-ea3283c50514,2026-06-27T18:00:00Z,2026-06-27T20:00:00+0200,4065.087,MW,DE,DE_LU,actual_solar_generation,Solar,2026-07-23T07:13:23Z
2026-07-23T07:11:55Z,2026-07-23T09:11:55+0200,db3f74e3-4f49-42d6-88b6-ea3283c50514,2026-06-27T18:15:00Z,2026-06-27T20:15:00+0200,2908.672,MW,DE,DE_LU,actual_solar_generation,Solar,2026-07-23T07:13:23Z
2026-07-23T07:11:55Z,2026-07-23T09:11:55+0200,db3f74e3-4f49-42d6-88b6-ea3283c50514,2026-06-27T18:30:00Z,2026-06-27T20:30:00+0200,1935.229,MW,DE,DE_LU,actual_solar_generation,Solar,2026-07-23T07:13:23Z
2026-07-23T07:11:55Z,2026-07-23T09:11:55+0200,db3f74e3-4f49-42d6-88b6-ea3283c50514,2026-06-27T18:45:00Z,2026-06-27T20:45:00+0200,1166.515,MW,DE,DE_LU,actual_solar_generation,Solar,2026-07-23T07:13:23Z
2026-07-23T07:11:55Z,2026-07-23T09:11:55+0200,db3f74e3-4f49-42d6-88b6-ea3283c50514,2026-06-27T19:00:00Z,2026-06-27T21:00:00+0200,611.757,MW,DE,DE_LU,actual_solar_generation,Solar,2026-07-23T07:13:23Z
2026-07-23T07:11:55Z,2026-07-23T09:11:55+0200,db3f74e3-4f49-42d6-88b6-ea3283c50514,2026-06-27T19:15:00Z,2026-06-27T21:15:00+0200,234.21,MW,DE,DE_LU,actual_solar_generation,Solar,2026-07-23T07:13:23Z
2026-07-23T07:11:55Z,2026-07-23T09:11:55+0200,db3f74e3-4f49-42d6-88b6-ea3283c50514,2026-06-27T19:30:00Z,2026-06-27T21:30:00+0200,55.085,MW,DE,DE_LU,actual_solar_generation,Solar,2026-07-23T07:13:23Z
2026-07-23T07:11:55Z,2026-07-23T09:11:55+0200,db3f74e3-4f49-42d6-88b6-ea3283c50514,2026-06-27T19:45:00Z,2026-06-27T21:45:00+0200,10.648,MW,DE,DE_LU,actual_solar_generation,Solar,2026-07-23T07:13:23Z
2026-07-23T07:11:55Z,2026-07-23T09:11:55+0200,db3f74e3-4f49-42d6-88b6-ea3283c50514,2026-06-27T20:00:00Z,2026-06-27T22:00:00+0200,3.842,MW,DE,DE_LU,actual_solar_generation,Solar,2026-07-23T07:13:23Z
2026-07-23T07:11:55Z,2026-07-23T09:11:55+0200,db3f74e3-4f49-42d6-88b6-ea3283c50514,2026-06-27T20:15:00Z,2026-06-27T22:15:00+0200,0.477,MW,DE,DE_LU,actual_solar_generation,Solar,2026-07-23T07:13:23Z
2026-07-23T07:11:55Z,2026-07-23T09:11:55+0200,db3f74e3-4f49-42d6-88b6-ea3283c50514,2026-06-27T20:30:00Z,2026-06-27T22:30:00+0200,0.231,MW,DE,DE_LU,actual_solar_generation,Solar,2026-07-23T07:13:23Z
2026-07-23T07:11:55Z,2026-07-23T09:11:55+0200,db3f74e3-4f49-42d6-88b6-ea3283c50514,2026-06-27T20:45:00Z,2026-06-27T22:45:00+0200,0.206,MW,DE,DE_LU,actual_solar_generation,Solar,2026-07-23T07:13:23Z
2026-07-23T07:11:55Z,2026-07-23T09:11:55+0200,db3f74e3-4f49-42d6-88b6-ea3283c50514,2026-06-27T21:00:00Z,2026-06-27T23:00:00+0200,0.184,MW,DE,DE_LU,actual_solar_generation,Solar,2026-07-23T07:13:23Z
2026-07-23T07:11:55Z,2026-07-23T09:11:55+0200,db3f74e3-4f49-42d6-88b6-ea3283c50514,2026-06-27T21:15:00Z,2026-06-27T23:15:00+0200,0.179,MW,DE,DE_LU,actual_solar_generation,Solar,2026-07-23T07:13:23Z
2026-07-23T07:11:55Z,2026-07-23T09:11:55+0200,db3f74e3-4f49-42d6-88b6-ea3283c50514,2026-06-27T21:30:00Z,2026-06-27T23:30:00+0200,0.161,MW,DE,DE_LU,actual_solar_generation,Solar,2026-07-23T07:13:23Z
2026-07-23T07:11:55Z,2026-07-23T09:11:55+0200,db3f74e3-4f49-42d6-88b6-ea3283c50514,2026-06-27T21:45:00Z,2026-06-27T23:45:00+0200,0.154,MW,DE,DE_LU,actual_solar_generation,Solar,2026-07-23T07:13:23Z
2026-07-23T07:11:55Z,2026-07-23T09:11:55+0200,db3f74e3-4f49-42d6-88b6-ea3283c50514,2026-06-27T22:00:00Z,2026-06-28T00:00:00+0200,0.151,MW,DE,DE_LU,actual_solar_generation,Solar,2026-07-23T07:13:23Z
2026-07-23T07:11:55Z,2026-07-23T09:11:55+0200,db3f74e3-4f49-42d6-88b6-ea3283c50514,2026-06-27T22:15:00Z,2026-06-28T00:15:00+0200,0.151,MW,DE,DE_LU,actual_solar_generation,Solar,2026-07-23T07:13:23Z
2026-07-23T07:11:55Z,2026-07-23T09:11:55+0200,db3f74e3-4f49-42d6-88b6-ea3283c50514,2026-06-27T22:30:00Z,2026-06-28T00:30:00+0200,0.137,MW,DE,DE_LU,actual_solar_generation,Solar,2026-07-23T07:13:23Z
2026-07-23T07:11:55Z,2026-07-23T09:11:55+0200,db3f74e3-4f49-42d6-88b6-ea3283c50514,2026-06-27T22:45:00Z,2026-06-28T00:45:00+0200,0.115,MW,DE,DE_LU,actual_solar_generation,Solar,2026-07-23T07:13:23Z
2026-07-23T07:11:55Z,2026-07-23T09:11:55+0200,db3f74e3-4f49-42d6-88b6-ea3283c50514,2026-06-27T23:00:00Z,2026-06-28T01:00:00+0200,0.118,MW,DE,DE_LU,actual_solar_generation,Solar,2026-07-23T07:13:23Z
2026-07-23T07:11:55Z,2026-07-23T09:11:55+0200,db3f74e3-4f49-42d6-88b6-ea3283c50514,2026-06-27T23:15:00Z,2026-06-28T01:15:00+0200,0.092,MW,DE,DE_LU,actual_solar_generation,Solar,2026-07-23T07:13:23Z
2026-07-23T07:11:55Z,2026-07-23T09:11:55+0200,db3f74e3-4f49-42d6-88b6-ea3283c50514,2026-06-27T23:30:00Z,2026-06-28T01:30:00+0200,0.092,MW,DE,DE_LU,actual_solar_generation,Solar,2026-07-23T07:13:23Z
2026-07-23T07:11:55Z,2026-07-23T09:11:55+0200,db3f74e3-4f49-42d6-88b6-ea3283c50514,2026-06-27T23:45:00Z,2026-06-28T01:45:00+0200,0.104,MW,DE,DE_LU,actual_solar_generation,Solar,2026-07-23T07:13:23Z
2026-07-23T07:11:55Z,2026-07-23T09:11:55+0200,db3f74e3-4f49-42d6-88b6-ea3283c50514,2026-06-28T00:00:00Z,2026-06-28T02:00:00+0200,0.1,MW,DE,DE_LU,actual_solar_generation,Solar,2026-07-23T07:13:23Z
2026-07-23T07:11:55Z,2026-07-23T09:11:55+0200,db3f74e3-4f49-42d6-88b6-ea3283c50514,2026-06-28T00:15:00Z,2026-06-28T02:15:00+0200,0.096,MW,DE,DE_LU,actual_solar_generation,Solar,2026-07-23T07:13:23Z
2026-07-23T07:11:55Z,2026-07-23T09:11:55+0200,db3f74e3-4f49-42d6-88b6-ea3283c50514,2026-06-28T00:30:00Z,2026-06-28T02:30:00+0200,0.091,MW,DE,DE_LU,actual_solar_generation,Solar,2026-07-23T07:13:23Z
2026-07-23T07:11:55Z,2026-07-23T09:11:55+0200,db3f74e3-4f49-42d6-88b6-ea3283c50514,2026-06-28T00:45:00Z,2026-06-28T02:45:00+0200,0.086,MW,DE,DE_LU,actual_solar_generation,Solar,2026-07-23T07:13:23Z
2026-07-23T07:11:55Z,2026-07-23T09:11:55+0200,db3f74e3-4f49-42d6-88b6-ea3283c50514,2026-06-28T01:00:00Z,2026-06-28T03:00:00+0200,0.086,MW,DE,DE_LU,actual_solar_generation,Solar,2026-07-23T07:13:23Z
2026-07-23T07:11:55Z,2026-07-23T09:11:55+0200,db3f74e3-4f49-42d6-88b6-ea3283c50514,2026-06-28T01:15:00Z,2026-06-28T03:15:00+0200,0.077,MW,DE,DE_LU,actual_solar_generation,Solar,2026-07-23T07:13:23Z
2026-07-23T07:11:55Z,2026-07-23T09:11:55+0200,db3f74e3-4f49-42d6-88b6-ea3283c50514,2026-06-28T01:30:00Z,2026-06-28T03:30:00+0200,0.07,MW,DE,DE_LU,actual_solar_generation,Solar,2026-07-23T07:13:23Z
2026-07-23T07:11:55Z,2026-07-23T09:11:55+0200,db3f74e3-4f49-42d6-88b6-ea3283c50514,2026-06-28T01:45:00Z,2026-06-28T03:45:00+0200,0.072,MW,DE,DE_LU,actual_solar_generation,Solar,2026-07-23T07:13:23Z
2026-07-23T07:11:55Z,2026-07-23T09:11:55+0200,db3f74e3-4f49-42d6-88b6-ea3283c50514,2026-06-28T02:00:00Z,2026-06-28T04:00:00+0200,0.059,MW,DE,DE_LU,actual_solar_generation,Solar,2026-07-23T07:13:23Z
2026-07-23T07:11:55Z,2026-07-23T09:11:55+0200,db3f74e3-4f49-42d6-88b6-ea3283c50514,2026-06-28T02:15:00Z,2026-06-28T04:15:00+0200,0.161,MW,DE,DE_LU,actual_solar_generation,Solar,2026-07-23T07:13:23Z
2026-07-23T07:11:55Z,2026-07-23T09:11:55+0200,db3f74e3-4f49-42d6-88b6-ea3283c50514,2026-06-28T02:30:00Z,2026-06-28T04:30:00+0200,1.348,MW,DE,DE_LU,actual_solar_generation,Solar,2026-07-23T07:13:23Z
2026-07-23T07:11:55Z,2026-07-23T09:11:55+0200,db3f74e3-4f49-42d6-88b6-ea3283c50514,2026-06-28T02:45:00Z,2026-06-28T04:45:00+0200,14.281,MW,DE,DE_LU,actual_solar_generation,Solar,2026-07-23T07:13:23Z
2026-07-23T07:11:55Z,2026-07-23T09:11:55+0200,db3f74e3-4f49-42d6-88b6-ea3283c50514,2026-06-28T03:00:00Z,2026-06-28T05:00:00+0200,78.682,MW,DE,DE_LU,actual_solar_generation,Solar,2026-07-23T07:13:23Z
2026-07-23T07:11:55Z,2026-07-23T09:11:55+0200,db3f74e3-4f49-42d6-88b6-ea3283c50514,2026-06-28T03:15:00Z,2026-06-28T05:15:00+0200,240.191,MW,DE,DE_LU,actual_solar_generation,Solar,2026-07-23T07:13:23Z
2026-07-23T07:11:55Z,2026-07-23T09:11:55+0200,db3f74e3-4f49-42d6-88b6-ea3283c50514,2026-06-28T03:30:00Z,2026-06-28T05:30:00+0200,645.795,MW,DE,DE_LU,actual_solar_generation,Solar,2026-07-23T07:13:23Z
2026-07-23T07:11:55Z,2026-07-23T09:11:55+0200,db3f74e3-4f49-42d6-88b6-ea3283c50514,2026-06-28T03:45:00Z,2026-06-28T05:45:00+0200,1310.59,MW,DE,DE_LU,actual_solar_generation,Solar,2026-07-23T07:13:23Z
2026-07-23T07:11:55Z,2026-07-23T09:11:55+0200,db3f74e3-4f49-42d6-88b6-ea3283c50514,2026-06-28T04:00:00Z,2026-06-28T06:00:00+0200,2169.394,MW,DE,DE_LU,actual_solar_generation,Solar,2026-07-23T07:13:23Z
2026-07-23T07:11:55Z,2026-07-23T09:11:55+0200,db3f74e3-4f49-42d6-88b6-ea3283c50514,2026-06-28T04:15:00Z,2026-06-28T06:15:00+0200,3235.603,MW,DE,DE_LU,actual_solar_generation,Solar,2026-07-23T07:13:23Z
2026-07-23T07:11:55Z,2026-07-23T09:11:55+0200,db3f74e3-4f49-42d6-88b6-ea3283c50514,2026-06-28T04:30:00Z,2026-06-28T06:30:00+0200,4502.081,MW,DE,DE_LU,actual_solar_generation,Solar,2026-07-23T07:13:23Z
2026-07-23T07:11:55Z,2026-07-23T09:11:55+0200,db3f74e3-4f49-42d6-88b6-ea3283c50514,2026-06-28T04:45:00Z,2026-06-28T06:45:00+0200,5976.169,MW,DE,DE_LU,actual_solar_generation,Solar,2026-07-23T07:13:23Z
2026-07-23T07:11:55Z,2026-07-23T09:11:55+0200,db3f74e3-4f49-42d6-88b6-ea3283c50514,2026-06-28T05:00:00Z,2026-06-28T07:00:00+0200,7741.78,MW,DE,DE_LU,actual_solar_generation,Solar,2026-07-23T07:13:23Z
2026-07-23T07:11:55Z,2026-07-23T09:11:55+0200,db3f74e3-4f49-42d6-88b6-ea3283c50514,2026-06-28T05:15:00Z,2026-06-28T07:15:00+0200,9737.122,MW,DE,DE_LU,actual_solar_generation,Solar,2026-07-23T07:13:23Z
2026-07-23T07:11:55Z,2026-07-23T09:11:55+0200,db3f74e3-4f49-42d6-88b6-ea3283c50514,2026-06-28T05:30:00Z,2026-06-28T07:30:00+0200,12051.757,MW,DE,DE_LU,actual_solar_generation,Solar,2026-07-23T07:13:23Z
2026-07-23T07:11:55Z,2026-07-23T09:11:55+0200,db3f74e3-4f49-42d6-88b6-ea3283c50514,2026-06-28T05:45:00Z,2026-06-28T07:45:00+0200,14598.705,MW,DE,DE_LU,actual_solar_generation,Solar,2026-07-23T07:13:23Z
2026-07-23T07:11:55Z,2026-07-23T09:11:55+0200,db3f74e3-4f49-42d6-88b6-ea3283c50514,2026-06-28T06:00:00Z,2026-06-28T08:00:00+0200,17290.358,MW,DE,DE_LU,actual_solar_generation,Solar,2026-07-23T07:13:23Z
2026-07-23T07:11:55Z,2026-07-23T09:11:55+0200,db3f74e3-4f49-42d6-88b6-ea3283c50514,2026-06-28T06:15:00Z,2026-06-28T08:15:00+0200,20083.3,MW,DE,DE_LU,actual_solar_generation,Solar,2026-07-23T07:13:23Z
2026-07-23T07:11:55Z,2026-07-23T09:11:55+0200,db3f74e3-4f49-42d6-88b6-ea3283c50514,2026-06-28T06:30:00Z,2026-06-28T08:30:00+0200,22903.288,MW,DE,DE_LU,actual_solar_generation,Solar,2026-07-23T07:13:23Z
2026-07-23T07:11:55Z,2026-07-23T09:11:55+0200,db3f74e3-4f49-42d6-88b6-ea3283c50514,2026-06-28T06:45:00Z,2026-06-28T08:45:00+0200,26007.296,MW,DE,DE_LU,actual_solar_generation,Solar,2026-07-23T07:13:23Z
2026-07-23T07:11:55Z,2026-07-23T09:11:55+0200,db3f74e3-4f49-42d6-88b6-ea3283c50514,2026-06-28T07:00:00Z,2026-06-28T09:00:00+0200,28261.729,MW,DE,DE_LU,actual_solar_generation,Solar,2026-07-23T07:13:23Z
2026-07-23T07:11:55Z,2026-07-23T09:11:55+0200,db3f74e3-4f49-42d6-88b6-ea3283c50514,2026-06-28T07:15:00Z,2026-06-28T09:15:00+0200,30670.562,MW,DE,DE_LU,actual_solar_generation,Solar,2026-07-23T07:13:23Z
2026-07-23T07:11:55Z,2026-07-23T09:11:55+0200,db3f74e3-4f49-42d6-88b6-ea3283c50514,2026-06-28T07:30:00Z,2026-06-28T09:30:00+0200,33285.023,MW,DE,DE_LU,actual_solar_generation,Solar,2026-07-23T07:13:23Z
2026-07-23T07:11:55Z,2026-07-23T09:11:55+0200,db3f74e3-4f49-42d6-88b6-ea3283c50514,2026-06-28T07:45:00Z,2026-06-28T09:45:00+0200,35387.699,MW,DE,DE_LU,actual_solar_generation,Solar,2026-07-23T07:13:23Z
2026-07-23T07:11:55Z,2026-07-23T09:11:55+0200,db3f74e3-4f49-42d6-88b6-ea3283c50514,2026-06-28T08:00:00Z,2026-06-28T10:00:00+0200,37102.164,MW,DE,DE_LU,actual_solar_generation,Solar,2026-07-23T07:13:23Z
2026-07-23T07:11:55Z,2026-07-23T09:11:55+0200,db3f74e3-4f49-42d6-88b6-ea3283c50514,2026-06-28T08:15:00Z,2026-06-28T10:15:00+0200,39127.682,MW,DE,DE_LU,actual_solar_generation,Solar,2026-07-23T07:13:23Z
2026-07-23T07:11:55Z,2026-07-23T09:11:55+0200,db3f74e3-4f49-42d6-88b6-ea3283c50514,2026-06-28T08:30:00Z,2026-06-28T10:30:00+0200,40810.553,MW,DE,DE_LU,actual_solar_generation,Solar,2026-07-23T07:13:23Z
2026-07-23T07:11:55Z,2026-07-23T09:11:55+0200,db3f74e3-4f49-42d6-88b6-ea3283c50514,2026-06-28T08:45:00Z,2026-06-28T10:45:00+0200,41874.276,MW,DE,DE_LU,actual_solar_generation,Solar,2026-07-23T07:13:23Z
2026-07-23T07:11:55Z,2026-07-23T09:11:55+0200,db3f74e3-4f49-42d6-88b6-ea3283c50514,2026-06-28T09:00:00Z,2026-06-28T11:00:00+0200,43048.317,MW,DE,DE_LU,actual_solar_generation,Solar,2026-07-23T07:13:23Z
2026-07-23T07:11:55Z,2026-07-23T09:11:55+0200,db3f74e3-4f49-42d6-88b6-ea3283c50514,2026-06-28T09:15:00Z,2026-06-28T11:15:00+0200,44007.184,MW,DE,DE_LU,actual_solar_generation,Solar,2026-07-23T07:13:23Z
2026-07-23T07:11:55Z,2026-07-23T09:11:55+0200,db3f74e3-4f49-42d6-88b6-ea3283c50514,2026-06-28T09:30:00Z,2026-06-28T11:30:00+0200,44948.637,MW,DE,DE_LU,actual_solar_generation,Solar,2026-07-23T07:13:23Z
2026-07-23T07:11:55Z,2026-07-23T09:11:55+0200,db3f74e3-4f49-42d6-88b6-ea3283c50514,2026-06-28T09:45:00Z,2026-06-28T11:45:00+0200,44816.181,MW,DE,DE_LU,actual_solar_generation,Solar,2026-07-23T07:13:23Z
2026-07-23T07:11:55Z,2026-07-23T09:11:55+0200,db3f74e3-4f49-42d6-88b6-ea3283c50514,2026-06-28T10:00:00Z,2026-06-28T12:00:00+0200,45882.234,MW,DE,DE_LU,actual_solar_generation,Solar,2026-07-23T07:13:23Z
2026-07-23T07:11:55Z,2026-07-23T09:11:55+0200,db3f74e3-4f49-42d6-88b6-ea3283c50514,2026-06-28T10:15:00Z,2026-06-28T12:15:00+0200,46557.107,MW,DE,DE_LU,actual_solar_generation,Solar,2026-07-23T07:13:23Z
2026-07-23T07:11:55Z,2026-07-23T09:11:55+0200,db3f74e3-4f49-42d6-88b6-ea3283c50514,2026-06-28T10:30:00Z,2026-06-28T12:30:00+0200,46463.339,MW,DE,DE_LU,actual_solar_generation,Solar,2026-07-23T07:13:23Z
2026-07-23T07:11:55Z,2026-07-23T09:11:55+0200,db3f74e3-4f49-42d6-88b6-ea3283c50514,2026-06-28T10:45:00Z,2026-06-28T12:45:00+0200,46332.716,MW,DE,DE_LU,actual_solar_generation,Solar,2026-07-23T07:13:23Z
2026-07-23T07:11:55Z,2026-07-23T09:11:55+0200,db3f74e3-4f49-42d6-88b6-ea3283c50514,2026-06-28T11:00:00Z,2026-06-28T13:00:00+0200,46095.33,MW,DE,DE_LU,actual_solar_generation,Solar,2026-07-23T07:13:23Z
2026-07-23T07:11:55Z,2026-07-23T09:11:55+0200,db3f74e3-4f49-42d6-88b6-ea3283c50514,2026-06-28T11:15:00Z,2026-06-28T13:15:00+0200,46124.748,MW,DE,DE_LU,actual_solar_generation,Solar,2026-07-23T07:13:23Z
2026-07-23T07:11:55Z,2026-07-23T09:11:55+0200,db3f74e3-4f49-42d6-88b6-ea3283c50514,2026-06-28T11:30:00Z,2026-06-28T13:30:00+0200,45828.932,MW,DE,DE_LU,actual_solar_generation,Solar,2026-07-23T07:13:23Z
2026-07-23T07:11:55Z,2026-07-23T09:11:55+0200,db3f74e3-4f49-42d6-88b6-ea3283c50514,2026-06-28T11:45:00Z,2026-06-28T13:45:00+0200,45237.295,MW,DE,DE_LU,actual_solar_generation,Solar,2026-07-23T07:13:23Z
2026-07-23T07:11:55Z,2026-07-23T09:11:55+0200,db3f74e3-4f49-42d6-88b6-ea3283c50514,2026-06-28T12:00:00Z,2026-06-28T14:00:00+0200,44834.172,MW,DE,DE_LU,actual_solar_generation,Solar,2026-07-23T07:13:23Z
2026-07-23T07:11:55Z,2026-07-23T09:11:55+0200,db3f74e3-4f49-42d6-88b6-ea3283c50514,2026-06-28T12:15:00Z,2026-06-28T14:15:00+0200,44474.552,MW,DE,DE_LU,actual_solar_generation,Solar,2026-07-23T07:13:23Z
2026-07-23T07:11:55Z,2026-07-23T09:11:55+0200,db3f74e3-4f49-42d6-88b6-ea3283c50514,2026-06-28T12:30:00Z,2026-06-28T14:30:00+0200,44650.98,MW,DE,DE_LU,actual_solar_generation,Solar,2026-07-23T07:13:23Z
2026-07-23T07:11:55Z,2026-07-23T09:11:55+0200,db3f74e3-4f49-42d6-88b6-ea3283c50514,2026-06-28T12:45:00Z,2026-06-28T14:45:00+0200,43570.056,MW,DE,DE_LU,actual_solar_generation,Solar,2026-07-23T07:13:23Z
2026-07-23T07:11:55Z,2026-07-23T09:11:55+0200,db3f74e3-4f49-42d6-88b6-ea3283c50514,2026-06-28T13:00:00Z,2026-06-28T15:00:00+0200,42890.161,MW,DE,DE_LU,actual_solar_generation,Solar,2026-07-23T07:13:23Z
2026-07-23T07:11:55Z,2026-07-23T09:11:55+0200,db3f74e3-4f49-42d6-88b6-ea3283c50514,2026-06-28T13:15:00Z,2026-06-28T15:15:00+0200,41593.837,MW,DE,DE_LU,actual_solar_generation,Solar,2026-07-23T07:13:23Z
2026-07-23T07:11:55Z,2026-07-23T09:11:55+0200,db3f74e3-4f49-42d6-88b6-ea3283c50514,2026-06-28T13:30:00Z,2026-06-28T15:30:00+0200,40276.307,MW,DE,DE_LU,actual_solar_generation,Solar,2026-07-23T07:13:23Z
2026-07-23T07:11:55Z,2026-07-23T09:11:55+0200,db3f74e3-4f49-42d6-88b6-ea3283c50514,2026-06-28T13:45:00Z,2026-06-28T15:45:00+0200,38446.574,MW,DE,DE_LU,actual_solar_generation,Solar,2026-07-23T07:13:23Z
2026-07-23T07:11:55Z,2026-07-23T09:11:55+0200,db3f74e3-4f49-42d6-88b6-ea3283c50514,2026-06-28T14:00:00Z,2026-06-28T16:00:00+0200,37053.279,MW,DE,DE_LU,actual_solar_generation,Solar,2026-07-23T07:13:23Z
2026-07-23T07:11:55Z,2026-07-23T09:11:55+0200,db3f74e3-4f49-42d6-88b6-ea3283c50514,2026-06-28T14:15:00Z,2026-06-28T16:15:00+0200,35652.667,MW,DE,DE_LU,actual_solar_generation,Solar,2026-07-23T07:13:23Z
2026-07-23T07:11:55Z,2026-07-23T09:11:55+0200,db3f74e3-4f49-42d6-88b6-ea3283c50514,2026-06-28T14:30:00Z,2026-06-28T16:30:00+0200,34320.258,MW,DE,DE_LU,actual_solar_generation,Solar,2026-07-23T07:13:23Z
2026-07-23T07:11:55Z,2026-07-23T09:11:55+0200,db3f74e3-4f49-42d6-88b6-ea3283c50514,2026-06-28T14:45:00Z,2026-06-28T16:45:00+0200,31686.655,MW,DE,DE_LU,actual_solar_generation,Solar,2026-07-23T07:13:23Z
2026-07-23T07:11:55Z,2026-07-23T09:11:55+0200,db3f74e3-4f49-42d6-88b6-ea3283c50514,2026-06-28T15:00:00Z,2026-06-28T17:00:00+0200,29941.211,MW,DE,DE_LU,actual_solar_generation,Solar,2026-07-23T07:13:23Z
2026-07-23T07:11:55Z,2026-07-23T09:11:55+0200,db3f74e3-4f49-42d6-88b6-ea3283c50514,2026-06-28T15:15:00Z,2026-06-28T17:15:00+0200,27430.834,MW,DE,DE_LU,actual_solar_generation,Solar,2026-07-23T07:13:23Z
2026-07-23T07:11:55Z,2026-07-23T09:11:55+0200,db3f74e3-4f49-42d6-88b6-ea3283c50514,2026-06-28T15:30:00Z,2026-06-28T17:30:00+0200,24788.895,MW,DE,DE_LU,actual_solar_generation,Solar,2026-07-23T07:13:23Z
2026-07-23T07:11:55Z,2026-07-23T09:11:55+0200,db3f74e3-4f49-42d6-88b6-ea3283c50514,2026-06-28T15:45:00Z,2026-06-28T17:45:00+0200,22194.528,MW,DE,DE_LU,actual_solar_generation,Solar,2026-07-23T07:13:23Z
2026-07-23T07:11:55Z,2026-07-23T09:11:55+0200,db3f74e3-4f49-42d6-88b6-ea3283c50514,2026-06-28T16:00:00Z,2026-06-28T18:00:00+0200,19739.106,MW,DE,DE_LU,actual_solar_generation,Solar,2026-07-23T07:13:23Z
2026-07-23T07:11:55Z,2026-07-23T09:11:55+0200,db3f74e3-4f49-42d6-88b6-ea3283c50514,2026-06-28T16:15:00Z,2026-06-28T18:15:00+0200,17425.397,MW,DE,DE_LU,actual_solar_generation,Solar,2026-07-23T07:13:23Z
2026-07-23T07:11:55Z,2026-07-23T09:11:55+0200,db3f74e3-4f49-42d6-88b6-ea3283c50514,2026-06-28T16:30:00Z,2026-06-28T18:30:00+0200,14892.391,MW,DE,DE_LU,actual_solar_generation,Solar,2026-07-23T07:13:23Z
2026-07-23T07:11:55Z,2026-07-23T09:11:55+0200,db3f74e3-4f49-42d6-88b6-ea3283c50514,2026-06-28T16:45:00Z,2026-06-28T18:45:00+0200,12548.695,MW,DE,DE_LU,actual_solar_generation,Solar,2026-07-23T07:13:23Z
2026-07-23T07:11:55Z,2026-07-23T09:11:55+0200,db3f74e3-4f49-42d6-88b6-ea3283c50514,2026-06-28T17:00:00Z,2026-06-28T19:00:00+0200,10464.818,MW,DE,DE_LU,actual_solar_generation,Solar,2026-07-23T07:13:23Z
2026-07-23T07:11:55Z,2026-07-23T09:11:55+0200,db3f74e3-4f49-42d6-88b6-ea3283c50514,2026-06-28T17:15:00Z,2026-06-28T19:15:00+0200,8511.491,MW,DE,DE_LU,actual_solar_generation,Solar,2026-07-23T07:13:23Z
2026-07-23T07:11:55Z,2026-07-23T09:11:55+0200,db3f74e3-4f49-42d6-88b6-ea3283c50514,2026-06-28T17:30:00Z,2026-06-28T19:30:00+0200,6771.497,MW,DE,DE_LU,actual_solar_generation,Solar,2026-07-23T07:13:23Z
2026-07-23T07:11:55Z,2026-07-23T09:11:55+0200,db3f74e3-4f49-42d6-88b6-ea3283c50514,2026-06-28T17:45:00Z,2026-06-28T19:45:00+0200,5290.952,MW,DE,DE_LU,actual_solar_generation,Solar,2026-07-23T07:13:23Z
2026-07-23T07:11:55Z,2026-07-23T09:11:55+0200,db3f74e3-4f49-42d6-88b6-ea3283c50514,2026-06-28T18:00:00Z,2026-06-28T20:00:00+0200,3993.758,MW,DE,DE_LU,actual_solar_generation,Solar,2026-07-23T07:13:23Z
2026-07-23T07:11:55Z,2026-07-23T09:11:55+0200,db3f74e3-4f49-42d6-88b6-ea3283c50514,2026-06-28T18:15:00Z,2026-06-28T20:15:00+0200,2918.953,MW,DE,DE_LU,actual_solar_generation,Solar,2026-07-23T07:13:23Z
2026-07-23T07:11:55Z,2026-07-23T09:11:55+0200,db3f74e3-4f49-42d6-88b6-ea3283c50514,2026-06-28T18:30:00Z,2026-06-28T20:30:00+0200,1984.511,MW,DE,DE_LU,actual_solar_generation,Solar,2026-07-23T07:13:23Z
2026-07-23T07:11:55Z,2026-07-23T09:11:55+0200,db3f74e3-4f49-42d6-88b6-ea3283c50514,2026-06-28T18:45:00Z,2026-06-28T20:45:00+0200,1228.411,MW,DE,DE_LU,actual_solar_generation,Solar,2026-07-23T07:13:23Z
2026-07-23T07:11:55Z,2026-07-23T09:11:55+0200,db3f74e3-4f49-42d6-88b6-ea3283c50514,2026-06-28T19:00:00Z,2026-06-28T21:00:00+0200,664.881,MW,DE,DE_LU,actual_solar_generation,Solar,2026-07-23T07:13:23Z
2026-07-23T07:11:55Z,2026-07-23T09:11:55+0200,db3f74e3-4f49-42d6-88b6-ea3283c50514,2026-06-28T19:15:00Z,2026-06-28T21:15:00+0200,289.52,MW,DE,DE_LU,actual_solar_generation,Solar,2026-07-23T07:13:23Z
2026-07-23T07:11:55Z,2026-07-23T09:11:55+0200,db3f74e3-4f49-42d6-88b6-ea3283c50514,2026-06-28T19:30:00Z,2026-06-28T21:30:00+0200,91.837,MW,DE,DE_LU,actual_solar_generation,Solar,2026-07-23T07:13:23Z
2026-07-23T07:11:55Z,2026-07-23T09:11:55+0200,db3f74e3-4f49-42d6-88b6-ea3283c50514,2026-06-28T19:45:00Z,2026-06-28T21:45:00+0200,16.422,MW,DE,DE_LU,actual_solar_generation,Solar,2026-07-23T07:13:23Z
2026-07-23T07:11:55Z,2026-07-23T09:11:55+0200,db3f74e3-4f49-42d6-88b6-ea3283c50514,2026-06-28T20:00:00Z,2026-06-28T22:00:00+0200,2.11,MW,DE,DE_LU,actual_solar_generation,Solar,2026-07-23T07:13:23Z
2026-07-23T07:11:55Z,2026-07-23T09:11:55+0200,db3f74e3-4f49-42d6-88b6-ea3283c50514,2026-06-28T20:15:00Z,2026-06-28T22:15:00+0200,0.436,MW,DE,DE_LU,actual_solar_generation,Solar,2026-07-23T07:13:23Z
2026-07-23T07:11:55Z,2026-07-23T09:11:55+0200,db3f74e3-4f49-42d6-88b6-ea3283c50514,2026-06-28T20:30:00Z,2026-06-28T22:30:00+0200,0.242,MW,DE,DE_LU,actual_solar_generation,Solar,2026-07-23T07:13:23Z
2026-07-23T07:11:55Z,2026-07-23T09:11:55+0200,db3f74e3-4f49-42d6-88b6-ea3283c50514,2026-06-28T20:45:00Z,2026-06-28T22:45:00+0200,0.23,MW,DE,DE_LU,actual_solar_generation,Solar,2026-07-23T07:13:23Z
2026-07-23T07:11:55Z,2026-07-23T09:11:55+0200,db3f74e3-4f49-42d6-88b6-ea3283c50514,2026-06-28T21:00:00Z,2026-06-28T23:00:00+0200,0.194,MW,DE,DE_LU,actual_solar_generation,Solar,2026-07-23T07:13:23Z
2026-07-23T07:11:55Z,2026-07-23T09:11:55+0200,db3f74e3-4f49-42d6-88b6-ea3283c50514,2026-06-28T21:15:00Z,2026-06-28T23:15:00+0200,0.155,MW,DE,DE_LU,actual_solar_generation,Solar,2026-07-23T07:13:23Z
2026-07-23T07:11:55Z,2026-07-23T09:11:55+0200,db3f74e3-4f49-42d6-88b6-ea3283c50514,2026-06-28T21:30:00Z,2026-06-28T23:30:00+0200,0.152,MW,DE,DE_LU,actual_solar_generation,Solar,2026-07-23T07:13:23Z
2026-07-23T07:11:55Z,2026-07-23T09:11:55+0200,db3f74e3-4f49-42d6-88b6-ea3283c50514,2026-06-28T21:45:00Z,2026-06-28T23:45:00+0200,0.152,MW,DE,DE_LU,actual_solar_generation,Solar,2026-07-23T07:13:23Z
2026-07-23T07:11:55Z,2026-07-23T09:11:55+0200,db3f74e3-4f49-42d6-88b6-ea3283c50514,2026-06-28T22:00:00Z,2026-06-29T00:00:00+0200,0.143,MW,DE,DE_LU,actual_solar_generation,Solar,2026-07-23T07:13:23Z
2026-07-23T07:11:55Z,2026-07-23T09:11:55+0200,db3f74e3-4f49-42d6-88b6-ea3283c50514,2026-06-28T22:15:00Z,2026-06-29T00:15:00+0200,0.128,MW,DE,DE_LU,actual_solar_generation,Solar,2026-07-23T07:13:23Z
2026-07-23T07:11:55Z,2026-07-23T09:11:55+0200,db3f74e3-4f49-42d6-88b6-ea3283c50514,2026-06-28T22:30:00Z,2026-06-29T00:30:00+0200,0.132,MW,DE,DE_LU,actual_solar_generation,Solar,2026-07-23T07:13:23Z
2026-07-23T07:11:55Z,2026-07-23T09:11:55+0200,db3f74e3-4f49-42d6-88b6-ea3283c50514,2026-06-28T22:45:00Z,2026-06-29T00:45:00+0200,0.108,MW,DE,DE_LU,actual_solar_generation,Solar,2026-07-23T07:13:23Z
2026-07-23T07:11:55Z,2026-07-23T09:11:55+0200,db3f74e3-4f49-42d6-88b6-ea3283c50514,2026-06-28T23:00:00Z,2026-06-29T01:00:00+0200,0.1,MW,DE,DE_LU,actual_solar_generation,Solar,2026-07-23T07:13:23Z
2026-07-23T07:11:55Z,2026-07-23T09:11:55+0200,db3f74e3-4f49-42d6-88b6-ea3283c50514,2026-06-28T23:15:00Z,2026-06-29T01:15:00+0200,0.104,MW,DE,DE_LU,actual_solar_generation,Solar,2026-07-23T07:13:23Z
2026-07-23T07:11:55Z,2026-07-23T09:11:55+0200,db3f74e3-4f49-42d6-88b6-ea3283c50514,2026-06-28T23:30:00Z,2026-06-29T01:30:00+0200,0.111,MW,DE,DE_LU,actual_solar_generation,Solar,2026-07-23T07:13:23Z
2026-07-23T07:11:55Z,2026-07-23T09:11:55+0200,db3f74e3-4f49-42d6-88b6-ea3283c50514,2026-06-28T23:45:00Z,2026-06-29T01:45:00+0200,0.107,MW,DE,DE_LU,actual_solar_generation,Solar,2026-07-23T07:13:23Z
2026-07-23T07:11:55Z,2026-07-23T09:11:55+0200,db3f74e3-4f49-42d6-88b6-ea3283c50514,2026-06-29T00:00:00Z,2026-06-29T02:00:00+0200,0.104,MW,DE,DE_LU,actual_solar_generation,Solar,2026-07-23T07:13:23Z
2026-07-23T07:11:55Z,2026-07-23T09:11:55+0200,db3f74e3-4f49-42d6-88b6-ea3283c50514,2026-06-29T00:15:00Z,2026-06-29T02:15:00+0200,0.1,MW,DE,DE_LU,actual_solar_generation,Solar,2026-07-23T07:13:23Z
2026-07-23T07:11:55Z,2026-07-23T09:11:55+0200,db3f74e3-4f49-42d6-88b6-ea3283c50514,2026-06-29T00:30:00Z,2026-06-29T02:30:00+0200,0.09,MW,DE,DE_LU,actual_solar_generation,Solar,2026-07-23T07:13:23Z
2026-07-23T07:11:55Z,2026-07-23T09:11:55+0200,db3f74e3-4f49-42d6-88b6-ea3283c50514,2026-06-29T00:45:00Z,2026-06-29T02:45:00+0200,0.073,MW,DE,DE_LU,actual_solar_generation,Solar,2026-07-23T07:13:23Z
2026-07-23T07:11:55Z,2026-07-23T09:11:55+0200,db3f74e3-4f49-42d6-88b6-ea3283c50514,2026-06-29T01:00:00Z,2026-06-29T03:00:00+0200,0.074,MW,DE,DE_LU,actual_solar_generation,Solar,2026-07-23T07:13:23Z
2026-07-23T07:11:55Z,2026-07-23T09:11:55+0200,db3f74e3-4f49-42d6-88b6-ea3283c50514,2026-06-29T01:15:00Z,2026-06-29T03:15:00+0200,0.076,MW,DE,DE_LU,actual_solar_generation,Solar,2026-07-23T07:13:23Z
2026-07-23T07:11:55Z,2026-07-23T09:11:55+0200,db3f74e3-4f49-42d6-88b6-ea3283c50514,2026-06-29T01:30:00Z,2026-06-29T03:30:00+0200,0.081,MW,DE,DE_LU,actual_solar_generation,Solar,2026-07-23T07:13:23Z
2026-07-23T07:11:55Z,2026-07-23T09:11:55+0200,db3f74e3-4f49-42d6-88b6-ea3283c50514,2026-06-29T01:45:00Z,2026-06-29T03:45:00+0200,0.073,MW,DE,DE_LU,actual_solar_generation,Solar,2026-07-23T07:13:23Z
2026-07-23T07:11:55Z,2026-07-23T09:11:55+0200,db3f74e3-4f49-42d6-88b6-ea3283c50514,2026-06-29T02:00:00Z,2026-06-29T04:00:00+0200,0.064,MW,DE,DE_LU,actual_solar_generation,Solar,2026-07-23T07:13:23Z
2026-07-23T07:11:55Z,2026-07-23T09:11:55+0200,db3f74e3-4f49-42d6-88b6-ea3283c50514,2026-06-29T02:15:00Z,2026-06-29T04:15:00+0200,0.136,MW,DE,DE_LU,actual_solar_generation,Solar,2026-07-23T07:13:23Z
2026-07-23T07:11:55Z,2026-07-23T09:11:55+0200,db3f74e3-4f49-42d6-88b6-ea3283c50514,2026-06-29T02:30:00Z,2026-06-29T04:30:00+0200,2.926,MW,DE,DE_LU,actual_solar_generation,Solar,2026-07-23T07:13:23Z
2026-07-23T07:11:55Z,2026-07-23T09:11:55+0200,db3f74e3-4f49-42d6-88b6-ea3283c50514,2026-06-29T02:45:00Z,2026-06-29T04:45:00+0200,20.81,MW,DE,DE_LU,actual_solar_generation,Solar,2026-07-23T07:13:23Z
2026-07-23T07:11:55Z,2026-07-23T09:11:55+0200,db3f74e3-4f49-42d6-88b6-ea3283c50514,2026-06-29T03:00:00Z,2026-06-29T05:00:00+0200,100.585,MW,DE,DE_LU,actual_solar_generation,Solar,2026-07-23T07:13:23Z
2026-07-23T07:11:55Z,2026-07-23T09:11:55+0200,db3f74e3-4f49-42d6-88b6-ea3283c50514,2026-06-29T03:15:00Z,2026-06-29T05:15:00+0200,243.5,MW,DE,DE_LU,actual_solar_generation,Solar,2026-07-23T07:13:23Z
2026-07-23T07:11:55Z,2026-07-23T09:11:55+0200,db3f74e3-4f49-42d6-88b6-ea3283c50514,2026-06-29T03:30:00Z,2026-06-29T05:30:00+0200,581.604,MW,DE,DE_LU,actual_solar_generation,Solar,2026-07-23T07:13:23Z
2026-07-23T07:11:55Z,2026-07-23T09:11:55+0200,db3f74e3-4f49-42d6-88b6-ea3283c50514,2026-06-29T03:45:00Z,2026-06-29T05:45:00+0200,1055.467,MW,DE,DE_LU,actual_solar_generation,Solar,2026-07-23T07:13:23Z
2026-07-23T07:11:55Z,2026-07-23T09:11:55+0200,db3f74e3-4f49-42d6-88b6-ea3283c50514,2026-06-29T04:00:00Z,2026-06-29T06:00:00+0200,1607.891,MW,DE,DE_LU,actual_solar_generation,Solar,2026-07-23T07:13:23Z
2026-07-23T07:11:55Z,2026-07-23T09:11:55+0200,db3f74e3-4f49-42d6-88b6-ea3283c50514,2026-06-29T04:15:00Z,2026-06-29T06:15:00+0200,2260.197,MW,DE,DE_LU,actual_solar_generation,Solar,2026-07-23T07:13:23Z
2026-07-23T07:11:55Z,2026-07-23T09:11:55+0200,db3f74e3-4f49-42d6-88b6-ea3283c50514,2026-06-29T04:30:00Z,2026-06-29T06:30:00+0200,2993.061,MW,DE,DE_LU,actual_solar_generation,Solar,2026-07-23T07:13:23Z
2026-07-23T07:11:55Z,2026-07-23T09:11:55+0200,db3f74e3-4f49-42d6-88b6-ea3283c50514,2026-06-29T04:45:00Z,2026-06-29T06:45:00+0200,3708.157,MW,DE,DE_LU,actual_solar_generation,Solar,2026-07-23T07:13:23Z
2026-07-23T07:11:55Z,2026-07-23T09:11:55+0200,db3f74e3-4f49-42d6-88b6-ea3283c50514,2026-06-29T05:00:00Z,2026-06-29T07:00:00+0200,4503.473,MW,DE,DE_LU,actual_solar_generation,Solar,2026-07-23T07:13:23Z
2026-07-23T07:11:55Z,2026-07-23T09:11:55+0200,db3f74e3-4f49-42d6-88b6-ea3283c50514,2026-06-29T05:15:00Z,2026-06-29T07:15:00+0200,5443.022,MW,DE,DE_LU,actual_solar_generation,Solar,2026-07-23T07:13:23Z
2026-07-23T07:11:55Z,2026-07-23T09:11:55+0200,db3f74e3-4f49-42d6-88b6-ea3283c50514,2026-06-29T05:30:00Z,2026-06-29T07:30:00+0200,6484.075,MW,DE,DE_LU,actual_solar_generation,Solar,2026-07-23T07:13:23Z
2026-07-23T07:11:55Z,2026-07-23T09:11:55+0200,db3f74e3-4f49-42d6-88b6-ea3283c50514,2026-06-29T05:45:00Z,2026-06-29T07:45:00+0200,7749.34,MW,DE,DE_LU,actual_solar_generation,Solar,2026-07-23T07:13:23Z
2026-07-23T07:11:55Z,2026-07-23T09:11:55+0200,db3f74e3-4f49-42d6-88b6-ea3283c50514,2026-06-29T06:00:00Z,2026-06-29T08:00:00+0200,9099.023,MW,DE,DE_LU,actual_solar_generation,Solar,2026-07-23T07:13:23Z
2026-07-23T07:11:55Z,2026-07-23T09:11:55+0200,db3f74e3-4f49-42d6-88b6-ea3283c50514,2026-06-29T06:15:00Z,2026-06-29T08:15:00+0200,10469.867,MW,DE,DE_LU,actual_solar_generation,Solar,2026-07-23T07:13:23Z
2026-07-23T07:11:55Z,2026-07-23T09:11:55+0200,db3f74e3-4f49-42d6-88b6-ea3283c50514,2026-06-29T06:30:00Z,2026-06-29T08:30:00+0200,11901.713,MW,DE,DE_LU,actual_solar_generation,Solar,2026-07-23T07:13:23Z
2026-07-23T07:11:55Z,2026-07-23T09:11:55+0200,db3f74e3-4f49-42d6-88b6-ea3283c50514,2026-06-29T06:45:00Z,2026-06-29T08:45:00+0200,13542.935,MW,DE,DE_LU,actual_solar_generation,Solar,2026-07-23T07:13:23Z
2026-07-23T07:11:55Z,2026-07-23T09:11:55+0200,db3f74e3-4f49-42d6-88b6-ea3283c50514,2026-06-29T07:00:00Z,2026-06-29T09:00:00+0200,15140.929,MW,DE,DE_LU,actual_solar_generation,Solar,2026-07-23T07:13:23Z
2026-07-23T07:11:55Z,2026-07-23T09:11:55+0200,db3f74e3-4f49-42d6-88b6-ea3283c50514,2026-06-29T07:15:00Z,2026-06-29T09:15:00+0200,16917.825,MW,DE,DE_LU,actual_solar_generation,Solar,2026-07-23T07:13:23Z
2026-07-23T07:11:55Z,2026-07-23T09:11:55+0200,db3f74e3-4f49-42d6-88b6-ea3283c50514,2026-06-29T07:30:00Z,2026-06-29T09:30:00+0200,18442.315,MW,DE,DE_LU,actual_solar_generation,Solar,2026-07-23T07:13:23Z
2026-07-23T07:11:55Z,2026-07-23T09:11:55+0200,db3f74e3-4f49-42d6-88b6-ea3283c50514,2026-06-29T07:45:00Z,2026-06-29T09:45:00+0200,19789.273,MW,DE,DE_LU,actual_solar_generation,Solar,2026-07-23T07:13:23Z
2026-07-23T07:11:55Z,2026-07-23T09:11:55+0200,db3f74e3-4f49-42d6-88b6-ea3283c50514,2026-06-29T08:00:00Z,2026-06-29T10:00:00+0200,21342.611,MW,DE,DE_LU,actual_solar_generation,Solar,2026-07-23T07:13:23Z
2026-07-23T07:11:55Z,2026-07-23T09:11:55+0200,db3f74e3-4f49-42d6-88b6-ea3283c50514,2026-06-29T08:15:00Z,2026-06-29T10:15:00+0200,23034.96,MW,DE,DE_LU,actual_solar_generation,Solar,2026-07-23T07:13:23Z
2026-07-23T07:11:55Z,2026-07-23T09:11:55+0200,db3f74e3-4f49-42d6-88b6-ea3283c50514,2026-06-29T08:30:00Z,2026-06-29T10:30:00+0200,24893.34,MW,DE,DE_LU,actual_solar_generation,Solar,2026-07-23T07:13:23Z
2026-07-23T07:11:55Z,2026-07-23T09:11:55+0200,db3f74e3-4f49-42d6-88b6-ea3283c50514,2026-06-29T08:45:00Z,2026-06-29T10:45:00+0200,26487.302,MW,DE,DE_LU,actual_solar_generation,Solar,2026-07-23T07:13:23Z
2026-07-23T07:11:55Z,2026-07-23T09:11:55+0200,db3f74e3-4f49-42d6-88b6-ea3283c50514,2026-06-29T09:00:00Z,2026-06-29T11:00:00+0200,28005.06,MW,DE,DE_LU,actual_solar_generation,Solar,2026-07-23T07:13:23Z
2026-07-23T07:11:55Z,2026-07-23T09:11:55+0200,db3f74e3-4f49-42d6-88b6-ea3283c50514,2026-06-29T09:15:00Z,2026-06-29T11:15:00+0200,29260.765,MW,DE,DE_LU,actual_solar_generation,Solar,2026-07-23T07:13:23Z
2026-07-23T07:11:55Z,2026-07-23T09:11:55+0200,db3f74e3-4f49-42d6-88b6-ea3283c50514,2026-06-29T09:30:00Z,2026-06-29T11:30:00+0200,30160.921,MW,DE,DE_LU,actual_solar_generation,Solar,2026-07-23T07:13:23Z
2026-07-23T07:11:55Z,2026-07-23T09:11:55+0200,db3f74e3-4f49-42d6-88b6-ea3283c50514,2026-06-29T09:45:00Z,2026-06-29T11:45:00+0200,31327.148,MW,DE,DE_LU,actual_solar_generation,Solar,2026-07-23T07:13:23Z
2026-07-23T07:11:55Z,2026-07-23T09:11:55+0200,db3f74e3-4f49-42d6-88b6-ea3283c50514,2026-06-29T10:00:00Z,2026-06-29T12:00:00+0200,32391.94,MW,DE,DE_LU,actual_solar_generation,Solar,2026-07-23T07:13:23Z
2026-07-23T07:11:55Z,2026-07-23T09:11:55+0200,db3f74e3-4f49-42d6-88b6-ea3283c50514,2026-06-29T10:15:00Z,2026-06-29T12:15:00+0200,33653.428,MW,DE,DE_LU,actual_solar_generation,Solar,2026-07-23T07:13:23Z
2026-07-23T07:11:55Z,2026-07-23T09:11:55+0200,db3f74e3-4f49-42d6-88b6-ea3283c50514,2026-06-29T10:30:00Z,2026-06-29T12:30:00+0200,34954.539,MW,DE,DE_LU,actual_solar_generation,Solar,2026-07-23T07:13:23Z
2026-07-23T07:11:55Z,2026-07-23T09:11:55+0200,db3f74e3-4f49-42d6-88b6-ea3283c50514,2026-06-29T10:45:00Z,2026-06-29T12:45:00+0200,35873.83,MW,DE,DE_LU,actual_solar_generation,Solar,2026-07-23T07:13:23Z
2026-07-23T07:11:55Z,2026-07-23T09:11:55+0200,db3f74e3-4f49-42d6-88b6-ea3283c50514,2026-06-29T11:00:00Z,2026-06-29T13:00:00+0200,37250.997,MW,DE,DE_LU,actual_solar_generation,Solar,2026-07-23T07:13:23Z
2026-07-23T07:11:55Z,2026-07-23T09:11:55+0200,db3f74e3-4f49-42d6-88b6-ea3283c50514,2026-06-29T11:15:00Z,2026-06-29T13:15:00+0200,38190.967,MW,DE,DE_LU,actual_solar_generation,Solar,2026-07-23T07:13:23Z
2026-07-23T07:11:55Z,2026-07-23T09:11:55+0200,db3f74e3-4f49-42d6-88b6-ea3283c50514,2026-06-29T11:30:00Z,2026-06-29T13:30:00+0200,38457.999,MW,DE,DE_LU,actual_solar_generation,Solar,2026-07-23T07:13:23Z
2026-07-23T07:11:55Z,2026-07-23T09:11:55+0200,db3f74e3-4f49-42d6-88b6-ea3283c50514,2026-06-29T11:45:00Z,2026-06-29T13:45:00+0200,39150.287,MW,DE,DE_LU,actual_solar_generation,Solar,2026-07-23T07:13:23Z
2026-07-23T07:11:55Z,2026-07-23T09:11:55+0200,db3f74e3-4f49-42d6-88b6-ea3283c50514,2026-06-29T12:00:00Z,2026-06-29T14:00:00+0200,39924.762,MW,DE,DE_LU,actual_solar_generation,Solar,2026-07-23T07:13:23Z
2026-07-23T07:11:55Z,2026-07-23T09:11:55+0200,db3f74e3-4f49-42d6-88b6-ea3283c50514,2026-06-29T12:15:00Z,2026-06-29T14:15:00+0200,40166.427,MW,DE,DE_LU,actual_solar_generation,Solar,2026-07-23T07:13:23Z
2026-07-23T07:11:55Z,2026-07-23T09:11:55+0200,db3f74e3-4f49-42d6-88b6-ea3283c50514,2026-06-29T12:30:00Z,2026-06-29T14:30:00+0200,40104.977,MW,DE,DE_LU,actual_solar_generation,Solar,2026-07-23T07:13:23Z
2026-07-23T07:11:55Z,2026-07-23T09:11:55+0200,db3f74e3-4f49-42d6-88b6-ea3283c50514,2026-06-29T12:45:00Z,2026-06-29T14:45:00+0200,39884.888,MW,DE,DE_LU,actual_solar_generation,Solar,2026-07-23T07:13:23Z
2026-07-23T07:11:55Z,2026-07-23T09:11:55+0200,db3f74e3-4f49-42d6-88b6-ea3283c50514,2026-06-29T13:00:00Z,2026-06-29T15:00:00+0200,39574.088,MW,DE,DE_LU,actual_solar_generation,Solar,2026-07-23T07:13:23Z
2026-07-23T07:11:55Z,2026-07-23T09:11:55+0200,db3f74e3-4f49-42d6-88b6-ea3283c50514,2026-06-29T13:15:00Z,2026-06-29T15:15:00+0200,38677.136,MW,DE,DE_LU,actual_solar_generation,Solar,2026-07-23T07:13:23Z
2026-07-23T07:11:55Z,2026-07-23T09:11:55+0200,db3f74e3-4f49-42d6-88b6-ea3283c50514,2026-06-29T13:30:00Z,2026-06-29T15:30:00+0200,37743.154,MW,DE,DE_LU,actual_solar_generation,Solar,2026-07-23T07:13:23Z
2026-07-23T07:11:55Z,2026-07-23T09:11:55+0200,db3f74e3-4f49-42d6-88b6-ea3283c50514,2026-06-29T13:45:00Z,2026-06-29T15:45:00+0200,36555.937,MW,DE,DE_LU,actual_solar_generation,Solar,2026-07-23T07:13:23Z
2026-07-23T07:11:55Z,2026-07-23T09:11:55+0200,db3f74e3-4f49-42d6-88b6-ea3283c50514,2026-06-29T14:00:00Z,2026-06-29T16:00:00+0200,35743.406,MW,DE,DE_LU,actual_solar_generation,Solar,2026-07-23T07:13:23Z
2026-07-23T07:11:55Z,2026-07-23T09:11:55+0200,db3f74e3-4f49-42d6-88b6-ea3283c50514,2026-06-29T14:15:00Z,2026-06-29T16:15:00+0200,34326.386,MW,DE,DE_LU,actual_solar_generation,Solar,2026-07-23T07:13:23Z
2026-07-23T07:11:55Z,2026-07-23T09:11:55+0200,db3f74e3-4f49-42d6-88b6-ea3283c50514,2026-06-29T14:30:00Z,2026-06-29T16:30:00+0200,32499.153,MW,DE,DE_LU,actual_solar_generation,Solar,2026-07-23T07:13:23Z
2026-07-23T07:11:55Z,2026-07-23T09:11:55+0200,db3f74e3-4f49-42d6-88b6-ea3283c50514,2026-06-29T14:45:00Z,2026-06-29T16:45:00+0200,30520.532,MW,DE,DE_LU,actual_solar_generation,Solar,2026-07-23T07:13:23Z
2026-07-23T07:11:55Z,2026-07-23T09:11:55+0200,db3f74e3-4f49-42d6-88b6-ea3283c50514,2026-06-29T15:00:00Z,2026-06-29T17:00:00+0200,28516.771,MW,DE,DE_LU,actual_solar_generation,Solar,2026-07-23T07:13:23Z
2026-07-23T07:11:55Z,2026-07-23T09:11:55+0200,db3f74e3-4f49-42d6-88b6-ea3283c50514,2026-06-29T15:15:00Z,2026-06-29T17:15:00+0200,26467.742,MW,DE,DE_LU,actual_solar_generation,Solar,2026-07-23T07:13:23Z
2026-07-23T07:11:55Z,2026-07-23T09:11:55+0200,db3f74e3-4f49-42d6-88b6-ea3283c50514,2026-06-29T15:30:00Z,2026-06-29T17:30:00+0200,24083.21,MW,DE,DE_LU,actual_solar_generation,Solar,2026-07-23T07:13:23Z
2026-07-23T07:11:55Z,2026-07-23T09:11:55+0200,db3f74e3-4f49-42d6-88b6-ea3283c50514,2026-06-29T15:45:00Z,2026-06-29T17:45:00+0200,21856.407,MW,DE,DE_LU,actual_solar_generation,Solar,2026-07-23T07:13:23Z
2026-07-23T07:11:55Z,2026-07-23T09:11:55+0200,db3f74e3-4f49-42d6-88b6-ea3283c50514,2026-06-29T16:00:00Z,2026-06-29T18:00:00+0200,19630.265,MW,DE,DE_LU,actual_solar_generation,Solar,2026-07-23T07:13:23Z
2026-07-23T07:11:55Z,2026-07-23T09:11:55+0200,db3f74e3-4f49-42d6-88b6-ea3283c50514,2026-06-29T16:15:00Z,2026-06-29T18:15:00+0200,17687.638,MW,DE,DE_LU,actual_solar_generation,Solar,2026-07-23T07:13:23Z
2026-07-23T07:11:55Z,2026-07-23T09:11:55+0200,db3f74e3-4f49-42d6-88b6-ea3283c50514,2026-06-29T16:30:00Z,2026-06-29T18:30:00+0200,15747.6,MW,DE,DE_LU,actual_solar_generation,Solar,2026-07-23T07:13:23Z
2026-07-23T07:11:55Z,2026-07-23T09:11:55+0200,db3f74e3-4f49-42d6-88b6-ea3283c50514,2026-06-29T16:45:00Z,2026-06-29T18:45:00+0200,13669.768,MW,DE,DE_LU,actual_solar_generation,Solar,2026-07-23T07:13:23Z
2026-07-23T07:11:55Z,2026-07-23T09:11:55+0200,db3f74e3-4f49-42d6-88b6-ea3283c50514,2026-06-29T17:00:00Z,2026-06-29T19:00:00+0200,11510.665,MW,DE,DE_LU,actual_solar_generation,Solar,2026-07-23T07:13:23Z
2026-07-23T07:11:55Z,2026-07-23T09:11:55+0200,db3f74e3-4f49-42d6-88b6-ea3283c50514,2026-06-29T17:15:00Z,2026-06-29T19:15:00+0200,9539.36,MW,DE,DE_LU,actual_solar_generation,Solar,2026-07-23T07:13:23Z
2026-07-23T07:11:55Z,2026-07-23T09:11:55+0200,db3f74e3-4f49-42d6-88b6-ea3283c50514,2026-06-29T17:30:00Z,2026-06-29T19:30:00+0200,7774.76,MW,DE,DE_LU,actual_solar_generation,Solar,2026-07-23T07:13:23Z
2026-07-23T07:11:55Z,2026-07-23T09:11:55+0200,db3f74e3-4f49-42d6-88b6-ea3283c50514,2026-06-29T17:45:00Z,2026-06-29T19:45:00+0200,6127.011,MW,DE,DE_LU,actual_solar_generation,Solar,2026-07-23T07:13:23Z
2026-07-23T07:11:55Z,2026-07-23T09:11:55+0200,db3f74e3-4f49-42d6-88b6-ea3283c50514,2026-06-29T18:00:00Z,2026-06-29T20:00:00+0200,4688.846,MW,DE,DE_LU,actual_solar_generation,Solar,2026-07-23T07:13:23Z
2026-07-23T07:11:55Z,2026-07-23T09:11:55+0200,db3f74e3-4f49-42d6-88b6-ea3283c50514,2026-06-29T18:15:00Z,2026-06-29T20:15:00+0200,3474.303,MW,DE,DE_LU,actual_solar_generation,Solar,2026-07-23T07:13:23Z
2026-07-23T07:11:55Z,2026-07-23T09:11:55+0200,db3f74e3-4f49-42d6-88b6-ea3283c50514,2026-06-29T18:30:00Z,2026-06-29T20:30:00+0200,2426.482,MW,DE,DE_LU,actual_solar_generation,Solar,2026-07-23T07:13:23Z
2026-07-23T07:11:55Z,2026-07-23T09:11:55+0200,db3f74e3-4f49-42d6-88b6-ea3283c50514,2026-06-29T18:45:00Z,2026-06-29T20:45:00+0200,1546.74,MW,DE,DE_LU,actual_solar_generation,Solar,2026-07-23T07:13:23Z
2026-07-23T07:11:55Z,2026-07-23T09:11:55+0200,db3f74e3-4f49-42d6-88b6-ea3283c50514,2026-06-29T19:00:00Z,2026-06-29T21:00:00+0200,837.433,MW,DE,DE_LU,actual_solar_generation,Solar,2026-07-23T07:13:23Z
2026-07-23T07:11:55Z,2026-07-23T09:11:55+0200,db3f74e3-4f49-42d6-88b6-ea3283c50514,2026-06-29T19:15:00Z,2026-06-29T21:15:00+0200,334.819,MW,DE,DE_LU,actual_solar_generation,Solar,2026-07-23T07:13:23Z
2026-07-23T07:11:55Z,2026-07-23T09:11:55+0200,db3f74e3-4f49-42d6-88b6-ea3283c50514,2026-06-29T19:30:00Z,2026-06-29T21:30:00+0200,84.931,MW,DE,DE_LU,actual_solar_generation,Solar,2026-07-23T07:13:23Z
2026-07-23T07:11:55Z,2026-07-23T09:11:55+0200,db3f74e3-4f49-42d6-88b6-ea3283c50514,2026-06-29T19:45:00Z,2026-06-29T21:45:00+0200,10.605,MW,DE,DE_LU,actual_solar_generation,Solar,2026-07-23T07:13:23Z
2026-07-23T07:11:55Z,2026-07-23T09:11:55+0200,db3f74e3-4f49-42d6-88b6-ea3283c50514,2026-06-29T20:00:00Z,2026-06-29T22:00:00+0200,2.181,MW,DE,DE_LU,actual_solar_generation,Solar,2026-07-23T07:13:23Z
2026-07-23T07:11:55Z,2026-07-23T09:11:55+0200,db3f74e3-4f49-42d6-88b6-ea3283c50514,2026-06-29T20:15:00Z,2026-06-29T22:15:00+0200,0.414,MW,DE,DE_LU,actual_solar_generation,Solar,2026-07-23T07:13:23Z
2026-07-23T07:11:55Z,2026-07-23T09:11:55+0200,db3f74e3-4f49-42d6-88b6-ea3283c50514,2026-06-29T20:30:00Z,2026-06-29T22:30:00+0200,0.188,MW,DE,DE_LU,actual_solar_generation,Solar,2026-07-23T07:13:23Z
2026-07-23T07:11:55Z,2026-07-23T09:11:55+0200,db3f74e3-4f49-42d6-88b6-ea3283c50514,2026-06-29T20:45:00Z,2026-06-29T22:45:00+0200,0.171,MW,DE,DE_LU,actual_solar_generation,Solar,2026-07-23T07:13:23Z
2026-07-23T07:11:55Z,2026-07-23T09:11:55+0200,db3f74e3-4f49-42d6-88b6-ea3283c50514,2026-06-29T21:00:00Z,2026-06-29T23:00:00+0200,0.185,MW,DE,DE_LU,actual_solar_generation,Solar,2026-07-23T07:13:23Z
2026-07-23T07:11:55Z,2026-07-23T09:11:55+0200,db3f74e3-4f49-42d6-88b6-ea3283c50514,2026-06-29T21:15:00Z,2026-06-29T23:15:00+0200,0.151,MW,DE,DE_LU,actual_solar_generation,Solar,2026-07-23T07:13:23Z
2026-07-23T07:11:55Z,2026-07-23T09:11:55+0200,db3f74e3-4f49-42d6-88b6-ea3283c50514,2026-06-29T21:30:00Z,2026-06-29T23:30:00+0200,0.139,MW,DE,DE_LU,actual_solar_generation,Solar,2026-07-23T07:13:23Z
2026-07-23T07:11:55Z,2026-07-23T09:11:55+0200,db3f74e3-4f49-42d6-88b6-ea3283c50514,2026-06-29T21:45:00Z,2026-06-29T23:45:00+0200,0.136,MW,DE,DE_LU,actual_solar_generation,Solar,2026-07-23T07:13:23Z
2026-07-23T07:11:55Z,2026-07-23T09:11:55+0200,db3f74e3-4f49-42d6-88b6-ea3283c50514,2026-06-29T22:00:00Z,2026-06-30T00:00:00+0200,0.128,MW,DE,DE_LU,actual_solar_generation,Solar,2026-07-23T07:13:23Z
2026-07-23T07:11:55Z,2026-07-23T09:11:55+0200,db3f74e3-4f49-42d6-88b6-ea3283c50514,2026-06-29T22:15:00Z,2026-06-30T00:15:00+0200,0.122,MW,DE,DE_LU,actual_solar_generation,Solar,2026-07-23T07:13:23Z
2026-07-23T07:11:55Z,2026-07-23T09:11:55+0200,db3f74e3-4f49-42d6-88b6-ea3283c50514,2026-06-29T22:30:00Z,2026-06-30T00:30:00+0200,0.1,MW,DE,DE_LU,actual_solar_generation,Solar,2026-07-23T07:13:23Z
2026-07-23T07:11:55Z,2026-07-23T09:11:55+0200,db3f74e3-4f49-42d6-88b6-ea3283c50514,2026-06-29T22:45:00Z,2026-06-30T00:45:00+0200,0.107,MW,DE,DE_LU,actual_solar_generation,Solar,2026-07-23T07:13:23Z
2026-07-23T07:11:55Z,2026-07-23T09:11:55+0200,db3f74e3-4f49-42d6-88b6-ea3283c50514,2026-06-29T23:00:00Z,2026-06-30T01:00:00+0200,0.103,MW,DE,DE_LU,actual_solar_generation,Solar,2026-07-23T07:13:23Z
2026-07-23T07:11:55Z,2026-07-23T09:11:55+0200,db3f74e3-4f49-42d6-88b6-ea3283c50514,2026-06-29T23:15:00Z,2026-06-30T01:15:00+0200,0.096,MW,DE,DE_LU,actual_solar_generation,Solar,2026-07-23T07:13:23Z
2026-07-23T07:11:55Z,2026-07-23T09:11:55+0200,db3f74e3-4f49-42d6-88b6-ea3283c50514,2026-06-29T23:30:00Z,2026-06-30T01:30:00+0200,0.096,MW,DE,DE_LU,actual_solar_generation,Solar,2026-07-23T07:13:23Z
2026-07-23T07:11:55Z,2026-07-23T09:11:55+0200,db3f74e3-4f49-42d6-88b6-ea3283c50514,2026-06-29T23:45:00Z,2026-06-30T01:45:00+0200,0.111,MW,DE,DE_LU,actual_solar_generation,Solar,2026-07-23T07:13:23Z
2026-07-23T07:11:55Z,2026-07-23T09:11:55+0200,db3f74e3-4f49-42d6-88b6-ea3283c50514,2026-06-30T00:00:00Z,2026-06-30T02:00:00+0200,0.103,MW,DE,DE_LU,actual_solar_generation,Solar,2026-07-23T07:13:23Z
2026-07-23T07:11:55Z,2026-07-23T09:11:55+0200,db3f74e3-4f49-42d6-88b6-ea3283c50514,2026-06-30T00:15:00Z,2026-06-30T02:15:00+0200,0.091,MW,DE,DE_LU,actual_solar_generation,Solar,2026-07-23T07:13:23Z
2026-07-23T07:11:55Z,2026-07-23T09:11:55+0200,db3f74e3-4f49-42d6-88b6-ea3283c50514,2026-06-30T00:30:00Z,2026-06-30T02:30:00+0200,0.086,MW,DE,DE_LU,actual_solar_generation,Solar,2026-07-23T07:13:23Z
2026-07-23T07:11:55Z,2026-07-23T09:11:55+0200,db3f74e3-4f49-42d6-88b6-ea3283c50514,2026-06-30T00:45:00Z,2026-06-30T02:45:00+0200,0.081,MW,DE,DE_LU,actual_solar_generation,Solar,2026-07-23T07:13:23Z
2026-07-23T07:11:55Z,2026-07-23T09:11:55+0200,db3f74e3-4f49-42d6-88b6-ea3283c50514,2026-06-30T01:00:00Z,2026-06-30T03:00:00+0200,0.079,MW,DE,DE_LU,actual_solar_generation,Solar,2026-07-23T07:13:23Z
2026-07-23T07:11:55Z,2026-07-23T09:11:55+0200,db3f74e3-4f49-42d6-88b6-ea3283c50514,2026-06-30T01:15:00Z,2026-06-30T03:15:00+0200,0.078,MW,DE,DE_LU,actual_solar_generation,Solar,2026-07-23T07:13:23Z
2026-07-23T07:11:55Z,2026-07-23T09:11:55+0200,db3f74e3-4f49-42d6-88b6-ea3283c50514,2026-06-30T01:30:00Z,2026-06-30T03:30:00+0200,0.073,MW,DE,DE_LU,actual_solar_generation,Solar,2026-07-23T07:13:23Z
2026-07-23T07:11:55Z,2026-07-23T09:11:55+0200,db3f74e3-4f49-42d6-88b6-ea3283c50514,2026-06-30T01:45:00Z,2026-06-30T03:45:00+0200,0.066,MW,DE,DE_LU,actual_solar_generation,Solar,2026-07-23T07:13:23Z
2026-07-23T07:11:55Z,2026-07-23T09:11:55+0200,db3f74e3-4f49-42d6-88b6-ea3283c50514,2026-06-30T02:00:00Z,2026-06-30T04:00:00+0200,0.068,MW,DE,DE_LU,actual_solar_generation,Solar,2026-07-23T07:13:23Z
2026-07-23T07:11:55Z,2026-07-23T09:11:55+0200,db3f74e3-4f49-42d6-88b6-ea3283c50514,2026-06-30T02:15:00Z,2026-06-30T04:15:00+0200,0.131,MW,DE,DE_LU,actual_solar_generation,Solar,2026-07-23T07:13:23Z
2026-07-23T07:11:55Z,2026-07-23T09:11:55+0200,db3f74e3-4f49-42d6-88b6-ea3283c50514,2026-06-30T02:30:00Z,2026-06-30T04:30:00+0200,1.783,MW,DE,DE_LU,actual_solar_generation,Solar,2026-07-23T07:13:23Z
2026-07-23T07:11:55Z,2026-07-23T09:11:55+0200,db3f74e3-4f49-42d6-88b6-ea3283c50514,2026-06-30T02:45:00Z,2026-06-30T04:45:00+0200,12.908,MW,DE,DE_LU,actual_solar_generation,Solar,2026-07-23T07:13:23Z
2026-07-23T07:11:55Z,2026-07-23T09:11:55+0200,db3f74e3-4f49-42d6-88b6-ea3283c50514,2026-06-30T03:00:00Z,2026-06-30T05:00:00+0200,68.404,MW,DE,DE_LU,actual_solar_generation,Solar,2026-07-23T07:13:23Z
2026-07-23T07:11:55Z,2026-07-23T09:11:55+0200,db3f74e3-4f49-42d6-88b6-ea3283c50514,2026-06-30T03:15:00Z,2026-06-30T05:15:00+0200,217.88,MW,DE,DE_LU,actual_solar_generation,Solar,2026-07-23T07:13:23Z
2026-07-23T07:11:55Z,2026-07-23T09:11:55+0200,db3f74e3-4f49-42d6-88b6-ea3283c50514,2026-06-30T03:30:00Z,2026-06-30T05:30:00+0200,606.666,MW,DE,DE_LU,actual_solar_generation,Solar,2026-07-23T07:13:23Z
2026-07-23T07:11:55Z,2026-07-23T09:11:55+0200,db3f74e3-4f49-42d6-88b6-ea3283c50514,2026-06-30T03:45:00Z,2026-06-30T05:45:00+0200,1294.814,MW,DE,DE_LU,actual_solar_generation,Solar,2026-07-23T07:13:23Z
2026-07-23T07:11:55Z,2026-07-23T09:11:55+0200,db3f74e3-4f49-42d6-88b6-ea3283c50514,2026-06-30T04:00:00Z,2026-06-30T06:00:00+0200,2154.007,MW,DE,DE_LU,actual_solar_generation,Solar,2026-07-23T07:13:23Z
2026-07-23T07:11:55Z,2026-07-23T09:11:55+0200,db3f74e3-4f49-42d6-88b6-ea3283c50514,2026-06-30T04:15:00Z,2026-06-30T06:15:00+0200,3216.368,MW,DE,DE_LU,actual_solar_generation,Solar,2026-07-23T07:13:23Z
2026-07-23T07:11:55Z,2026-07-23T09:11:55+0200,db3f74e3-4f49-42d6-88b6-ea3283c50514,2026-06-30T04:30:00Z,2026-06-30T06:30:00+0200,4443.465,MW,DE,DE_LU,actual_solar_generation,Solar,2026-07-23T07:13:23Z
2026-07-23T07:11:55Z,2026-07-23T09:11:55+0200,db3f74e3-4f49-42d6-88b6-ea3283c50514,2026-06-30T04:45:00Z,2026-06-30T06:45:00+0200,5907.539,MW,DE,DE_LU,actual_solar_generation,Solar,2026-07-23T07:13:23Z
2026-07-23T07:11:55Z,2026-07-23T09:11:55+0200,db3f74e3-4f49-42d6-88b6-ea3283c50514,2026-06-30T05:00:00Z,2026-06-30T07:00:00+0200,7550.591,MW,DE,DE_LU,actual_solar_generation,Solar,2026-07-23T07:13:23Z
2026-07-23T07:11:55Z,2026-07-23T09:11:55+0200,db3f74e3-4f49-42d6-88b6-ea3283c50514,2026-06-30T05:15:00Z,2026-06-30T07:15:00+0200,9468.358,MW,DE,DE_LU,actual_solar_generation,Solar,2026-07-23T07:13:23Z
2026-07-23T07:11:55Z,2026-07-23T09:11:55+0200,db3f74e3-4f49-42d6-88b6-ea3283c50514,2026-06-30T05:30:00Z,2026-06-30T07:30:00+0200,11466.281,MW,DE,DE_LU,actual_solar_generation,Solar,2026-07-23T07:13:23Z
2026-07-23T07:11:55Z,2026-07-23T09:11:55+0200,db3f74e3-4f49-42d6-88b6-ea3283c50514,2026-06-30T05:45:00Z,2026-06-30T07:45:00+0200,13611.704,MW,DE,DE_LU,actual_solar_generation,Solar,2026-07-23T07:13:23Z
2026-07-23T07:11:55Z,2026-07-23T09:11:55+0200,db3f74e3-4f49-42d6-88b6-ea3283c50514,2026-06-30T06:00:00Z,2026-06-30T08:00:00+0200,15865.11,MW,DE,DE_LU,actual_solar_generation,Solar,2026-07-23T07:13:23Z
2026-07-23T07:11:55Z,2026-07-23T09:11:55+0200,db3f74e3-4f49-42d6-88b6-ea3283c50514,2026-06-30T06:15:00Z,2026-06-30T08:15:00+0200,18118.439,MW,DE,DE_LU,actual_solar_generation,Solar,2026-07-23T07:13:23Z
2026-07-23T07:11:55Z,2026-07-23T09:11:55+0200,db3f74e3-4f49-42d6-88b6-ea3283c50514,2026-06-30T06:30:00Z,2026-06-30T08:30:00+0200,20560.197,MW,DE,DE_LU,actual_solar_generation,Solar,2026-07-23T07:13:23Z
2026-07-23T07:11:55Z,2026-07-23T09:11:55+0200,db3f74e3-4f49-42d6-88b6-ea3283c50514,2026-06-30T06:45:00Z,2026-06-30T08:45:00+0200,22841.816,MW,DE,DE_LU,actual_solar_generation,Solar,2026-07-23T07:13:23Z
2026-07-23T07:11:55Z,2026-07-23T09:11:55+0200,db3f74e3-4f49-42d6-88b6-ea3283c50514,2026-06-30T07:00:00Z,2026-06-30T09:00:00+0200,25063.176,MW,DE,DE_LU,actual_solar_generation,Solar,2026-07-23T07:13:23Z
2026-07-23T07:11:55Z,2026-07-23T09:11:55+0200,db3f74e3-4f49-42d6-88b6-ea3283c50514,2026-06-30T07:15:00Z,2026-06-30T09:15:00+0200,27204.379,MW,DE,DE_LU,actual_solar_generation,Solar,2026-07-23T07:13:23Z
2026-07-23T07:11:55Z,2026-07-23T09:11:55+0200,db3f74e3-4f49-42d6-88b6-ea3283c50514,2026-06-30T07:30:00Z,2026-06-30T09:30:00+0200,29214.505,MW,DE,DE_LU,actual_solar_generation,Solar,2026-07-23T07:13:23Z
2026-07-23T07:11:55Z,2026-07-23T09:11:55+0200,db3f74e3-4f49-42d6-88b6-ea3283c50514,2026-06-30T07:45:00Z,2026-06-30T09:45:00+0200,31114.199,MW,DE,DE_LU,actual_solar_generation,Solar,2026-07-23T07:13:23Z
2026-07-23T07:11:55Z,2026-07-23T09:11:55+0200,db3f74e3-4f49-42d6-88b6-ea3283c50514,2026-06-30T08:00:00Z,2026-06-30T10:00:00+0200,32977.111,MW,DE,DE_LU,actual_solar_generation,Solar,2026-07-23T07:13:23Z
2026-07-23T07:11:55Z,2026-07-23T09:11:55+0200,db3f74e3-4f49-42d6-88b6-ea3283c50514,2026-06-30T08:15:00Z,2026-06-30T10:15:00+0200,34664.358,MW,DE,DE_LU,actual_solar_generation,Solar,2026-07-23T07:13:23Z
2026-07-23T07:11:55Z,2026-07-23T09:11:55+0200,db3f74e3-4f49-42d6-88b6-ea3283c50514,2026-06-30T08:30:00Z,2026-06-30T10:30:00+0200,36346.041,MW,DE,DE_LU,actual_solar_generation,Solar,2026-07-23T07:13:23Z
2026-07-23T07:11:55Z,2026-07-23T09:11:55+0200,db3f74e3-4f49-42d6-88b6-ea3283c50514,2026-06-30T08:45:00Z,2026-06-30T10:45:00+0200,37434.315,MW,DE,DE_LU,actual_solar_generation,Solar,2026-07-23T07:13:23Z
2026-07-23T07:11:55Z,2026-07-23T09:11:55+0200,db3f74e3-4f49-42d6-88b6-ea3283c50514,2026-06-30T09:00:00Z,2026-06-30T11:00:00+0200,38555.761,MW,DE,DE_LU,actual_solar_generation,Solar,2026-07-23T07:13:23Z
2026-07-23T07:11:55Z,2026-07-23T09:11:55+0200,db3f74e3-4f49-42d6-88b6-ea3283c50514,2026-06-30T09:15:00Z,2026-06-30T11:15:00+0200,39668.664,MW,DE,DE_LU,actual_solar_generation,Solar,2026-07-23T07:13:23Z
2026-07-23T07:11:55Z,2026-07-23T09:11:55+0200,db3f74e3-4f49-42d6-88b6-ea3283c50514,2026-06-30T09:30:00Z,2026-06-30T11:30:00+0200,40742.426,MW,DE,DE_LU,actual_solar_generation,Solar,2026-07-23T07:13:23Z
2026-07-23T07:11:55Z,2026-07-23T09:11:55+0200,db3f74e3-4f49-42d6-88b6-ea3283c50514,2026-06-30T09:45:00Z,2026-06-30T11:45:00+0200,41713.446,MW,DE,DE_LU,actual_solar_generation,Solar,2026-07-23T07:13:23Z
2026-07-23T07:11:55Z,2026-07-23T09:11:55+0200,db3f74e3-4f49-42d6-88b6-ea3283c50514,2026-06-30T10:00:00Z,2026-06-30T12:00:00+0200,42479.476,MW,DE,DE_LU,actual_solar_generation,Solar,2026-07-23T07:13:23Z
2026-07-23T07:11:55Z,2026-07-23T09:11:55+0200,db3f74e3-4f49-42d6-88b6-ea3283c50514,2026-06-30T10:15:00Z,2026-06-30T12:15:00+0200,43025.861,MW,DE,DE_LU,actual_solar_generation,Solar,2026-07-23T07:13:23Z
2026-07-23T07:11:55Z,2026-07-23T09:11:55+0200,db3f74e3-4f49-42d6-88b6-ea3283c50514,2026-06-30T10:30:00Z,2026-06-30T12:30:00+0200,43251.738,MW,DE,DE_LU,actual_solar_generation,Solar,2026-07-23T07:13:23Z
2026-07-23T07:11:55Z,2026-07-23T09:11:55+0200,db3f74e3-4f49-42d6-88b6-ea3283c50514,2026-06-30T10:45:00Z,2026-06-30T12:45:00+0200,43419.358,MW,DE,DE_LU,actual_solar_generation,Solar,2026-07-23T07:13:23Z
2026-07-23T07:11:55Z,2026-07-23T09:11:55+0200,db3f74e3-4f49-42d6-88b6-ea3283c50514,2026-06-30T11:00:00Z,2026-06-30T13:00:00+0200,43285.108,MW,DE,DE_LU,actual_solar_generation,Solar,2026-07-23T07:13:23Z
2026-07-23T07:11:55Z,2026-07-23T09:11:55+0200,db3f74e3-4f49-42d6-88b6-ea3283c50514,2026-06-30T11:15:00Z,2026-06-30T13:15:00+0200,42952.514,MW,DE,DE_LU,actual_solar_generation,Solar,2026-07-23T07:13:23Z
2026-07-23T07:11:55Z,2026-07-23T09:11:55+0200,db3f74e3-4f49-42d6-88b6-ea3283c50514,2026-06-30T11:30:00Z,2026-06-30T13:30:00+0200,42347.631,MW,DE,DE_LU,actual_solar_generation,Solar,2026-07-23T07:13:23Z
2026-07-23T07:11:55Z,2026-07-23T09:11:55+0200,db3f74e3-4f49-42d6-88b6-ea3283c50514,2026-06-30T11:45:00Z,2026-06-30T13:45:00+0200,41492.591,MW,DE,DE_LU,actual_solar_generation,Solar,2026-07-23T07:13:23Z
2026-07-23T07:11:55Z,2026-07-23T09:11:55+0200,db3f74e3-4f49-42d6-88b6-ea3283c50514,2026-06-30T12:00:00Z,2026-06-30T14:00:00+0200,40509.154,MW,DE,DE_LU,actual_solar_generation,Solar,2026-07-23T07:13:23Z
2026-07-23T07:11:55Z,2026-07-23T09:11:55+0200,db3f74e3-4f49-42d6-88b6-ea3283c50514,2026-06-30T12:15:00Z,2026-06-30T14:15:00+0200,39287.281,MW,DE,DE_LU,actual_solar_generation,Solar,2026-07-23T07:13:23Z
2026-07-23T07:11:55Z,2026-07-23T09:11:55+0200,db3f74e3-4f49-42d6-88b6-ea3283c50514,2026-06-30T12:30:00Z,2026-06-30T14:30:00+0200,38317.187,MW,DE,DE_LU,actual_solar_generation,Solar,2026-07-23T07:13:23Z
2026-07-23T07:11:55Z,2026-07-23T09:11:55+0200,db3f74e3-4f49-42d6-88b6-ea3283c50514,2026-06-30T12:45:00Z,2026-06-30T14:45:00+0200,36970.512,MW,DE,DE_LU,actual_solar_generation,Solar,2026-07-23T07:13:23Z
2026-07-23T07:11:55Z,2026-07-23T09:11:55+0200,db3f74e3-4f49-42d6-88b6-ea3283c50514,2026-06-30T13:00:00Z,2026-06-30T15:00:00+0200,35740.847,MW,DE,DE_LU,actual_solar_generation,Solar,2026-07-23T07:13:23Z
2026-07-23T07:11:55Z,2026-07-23T09:11:55+0200,db3f74e3-4f49-42d6-88b6-ea3283c50514,2026-06-30T13:15:00Z,2026-06-30T15:15:00+0200,34646.819,MW,DE,DE_LU,actual_solar_generation,Solar,2026-07-23T07:13:23Z
2026-07-23T07:11:55Z,2026-07-23T09:11:55+0200,db3f74e3-4f49-42d6-88b6-ea3283c50514,2026-06-30T13:30:00Z,2026-06-30T15:30:00+0200,33301.819,MW,DE,DE_LU,actual_solar_generation,Solar,2026-07-23T07:13:23Z
2026-07-23T07:11:55Z,2026-07-23T09:11:55+0200,db3f74e3-4f49-42d6-88b6-ea3283c50514,2026-06-30T13:45:00Z,2026-06-30T15:45:00+0200,31765.235,MW,DE,DE_LU,actual_solar_generation,Solar,2026-07-23T07:13:23Z
2026-07-23T07:11:55Z,2026-07-23T09:11:55+0200,db3f74e3-4f49-42d6-88b6-ea3283c50514,2026-06-30T14:00:00Z,2026-06-30T16:00:00+0200,30094.213,MW,DE,DE_LU,actual_solar_generation,Solar,2026-07-23T07:13:23Z
2026-07-23T07:11:55Z,2026-07-23T09:11:55+0200,db3f74e3-4f49-42d6-88b6-ea3283c50514,2026-06-30T14:15:00Z,2026-06-30T16:15:00+0200,28425.93,MW,DE,DE_LU,actual_solar_generation,Solar,2026-07-23T07:13:23Z
2026-07-23T07:11:55Z,2026-07-23T09:11:55+0200,db3f74e3-4f49-42d6-88b6-ea3283c50514,2026-06-30T14:30:00Z,2026-06-30T16:30:00+0200,26585.121,MW,DE,DE_LU,actual_solar_generation,Solar,2026-07-23T07:13:23Z
2026-07-23T07:11:55Z,2026-07-23T09:11:55+0200,db3f74e3-4f49-42d6-88b6-ea3283c50514,2026-06-30T14:45:00Z,2026-06-30T16:45:00+0200,24520.063,MW,DE,DE_LU,actual_solar_generation,Solar,2026-07-23T07:13:23Z
2026-07-23T07:11:55Z,2026-07-23T09:11:55+0200,db3f74e3-4f49-42d6-88b6-ea3283c50514,2026-06-30T15:00:00Z,2026-06-30T17:00:00+0200,22493.026,MW,DE,DE_LU,actual_solar_generation,Solar,2026-07-23T07:13:23Z
2026-07-23T07:11:55Z,2026-07-23T09:11:55+0200,db3f74e3-4f49-42d6-88b6-ea3283c50514,2026-06-30T15:15:00Z,2026-06-30T17:15:00+0200,20736.539,MW,DE,DE_LU,actual_solar_generation,Solar,2026-07-23T07:13:23Z
2026-07-23T07:11:55Z,2026-07-23T09:11:55+0200,db3f74e3-4f49-42d6-88b6-ea3283c50514,2026-06-30T15:30:00Z,2026-06-30T17:30:00+0200,18776.667,MW,DE,DE_LU,actual_solar_generation,Solar,2026-07-23T07:13:23Z
2026-07-23T07:11:55Z,2026-07-23T09:11:55+0200,db3f74e3-4f49-42d6-88b6-ea3283c50514,2026-06-30T15:45:00Z,2026-06-30T17:45:00+0200,16997.619,MW,DE,DE_LU,actual_solar_generation,Solar,2026-07-23T07:13:23Z
2026-07-23T07:11:55Z,2026-07-23T09:11:55+0200,db3f74e3-4f49-42d6-88b6-ea3283c50514,2026-06-30T16:00:00Z,2026-06-30T18:00:00+0200,15187.845,MW,DE,DE_LU,actual_solar_generation,Solar,2026-07-23T07:13:23Z
2026-07-23T07:11:55Z,2026-07-23T09:11:55+0200,db3f74e3-4f49-42d6-88b6-ea3283c50514,2026-06-30T16:15:00Z,2026-06-30T18:15:00+0200,13301.437,MW,DE,DE_LU,actual_solar_generation,Solar,2026-07-23T07:13:23Z
2026-07-23T07:11:55Z,2026-07-23T09:11:55+0200,db3f74e3-4f49-42d6-88b6-ea3283c50514,2026-06-30T16:30:00Z,2026-06-30T18:30:00+0200,11407.791,MW,DE,DE_LU,actual_solar_generation,Solar,2026-07-23T07:13:23Z
2026-07-23T07:11:55Z,2026-07-23T09:11:55+0200,db3f74e3-4f49-42d6-88b6-ea3283c50514,2026-06-30T16:45:00Z,2026-06-30T18:45:00+0200,9710.359,MW,DE,DE_LU,actual_solar_generation,Solar,2026-07-23T07:13:23Z
2026-07-23T07:11:55Z,2026-07-23T09:11:55+0200,db3f74e3-4f49-42d6-88b6-ea3283c50514,2026-06-30T17:00:00Z,2026-06-30T19:00:00+0200,8099.307,MW,DE,DE_LU,actual_solar_generation,Solar,2026-07-23T07:13:23Z
2026-07-23T07:11:55Z,2026-07-23T09:11:55+0200,db3f74e3-4f49-42d6-88b6-ea3283c50514,2026-06-30T17:15:00Z,2026-06-30T19:15:00+0200,6581.517,MW,DE,DE_LU,actual_solar_generation,Solar,2026-07-23T07:13:23Z
2026-07-23T07:11:55Z,2026-07-23T09:11:55+0200,db3f74e3-4f49-42d6-88b6-ea3283c50514,2026-06-30T17:30:00Z,2026-06-30T19:30:00+0200,5172.56,MW,DE,DE_LU,actual_solar_generation,Solar,2026-07-23T07:13:23Z
2026-07-23T07:11:55Z,2026-07-23T09:11:55+0200,db3f74e3-4f49-42d6-88b6-ea3283c50514,2026-06-30T17:45:00Z,2026-06-30T19:45:00+0200,4040.072,MW,DE,DE_LU,actual_solar_generation,Solar,2026-07-23T07:13:23Z
2026-07-23T07:11:55Z,2026-07-23T09:11:55+0200,db3f74e3-4f49-42d6-88b6-ea3283c50514,2026-06-30T18:00:00Z,2026-06-30T20:00:00+0200,3071.749,MW,DE,DE_LU,actual_solar_generation,Solar,2026-07-23T07:13:23Z
2026-07-23T07:11:55Z,2026-07-23T09:11:55+0200,db3f74e3-4f49-42d6-88b6-ea3283c50514,2026-06-30T18:15:00Z,2026-06-30T20:15:00+0200,2212.403,MW,DE,DE_LU,actual_solar_generation,Solar,2026-07-23T07:13:23Z
2026-07-23T07:11:55Z,2026-07-23T09:11:55+0200,db3f74e3-4f49-42d6-88b6-ea3283c50514,2026-06-30T18:30:00Z,2026-06-30T20:30:00+0200,1493.985,MW,DE,DE_LU,actual_solar_generation,Solar,2026-07-23T07:13:23Z
2026-07-23T07:11:55Z,2026-07-23T09:11:55+0200,db3f74e3-4f49-42d6-88b6-ea3283c50514,2026-06-30T18:45:00Z,2026-06-30T20:45:00+0200,919.658,MW,DE,DE_LU,actual_solar_generation,Solar,2026-07-23T07:13:23Z
2026-07-23T07:11:55Z,2026-07-23T09:11:55+0200,db3f74e3-4f49-42d6-88b6-ea3283c50514,2026-06-30T19:00:00Z,2026-06-30T21:00:00+0200,461.2,MW,DE,DE_LU,actual_solar_generation,Solar,2026-07-23T07:13:23Z
2026-07-23T07:11:55Z,2026-07-23T09:11:55+0200,db3f74e3-4f49-42d6-88b6-ea3283c50514,2026-06-30T19:15:00Z,2026-06-30T21:15:00+0200,173.969,MW,DE,DE_LU,actual_solar_generation,Solar,2026-07-23T07:13:23Z
2026-07-23T07:11:55Z,2026-07-23T09:11:55+0200,db3f74e3-4f49-42d6-88b6-ea3283c50514,2026-06-30T19:30:00Z,2026-06-30T21:30:00+0200,53.377,MW,DE,DE_LU,actual_solar_generation,Solar,2026-07-23T07:13:23Z
2026-07-23T07:11:55Z,2026-07-23T09:11:55+0200,db3f74e3-4f49-42d6-88b6-ea3283c50514,2026-06-30T19:45:00Z,2026-06-30T21:45:00+0200,11.136,MW,DE,DE_LU,actual_solar_generation,Solar,2026-07-23T07:13:23Z
2026-07-23T07:11:55Z,2026-07-23T09:11:55+0200,db3f74e3-4f49-42d6-88b6-ea3283c50514,2026-06-30T20:00:00Z,2026-06-30T22:00:00+0200,3.934,MW,DE,DE_LU,actual_solar_generation,Solar,2026-07-23T07:13:23Z
2026-07-23T07:11:55Z,2026-07-23T09:11:55+0200,db3f74e3-4f49-42d6-88b6-ea3283c50514,2026-06-30T20:15:00Z,2026-06-30T22:15:00+0200,0.392,MW,DE,DE_LU,actual_solar_generation,Solar,2026-07-23T07:13:23Z
2026-07-23T07:11:55Z,2026-07-23T09:11:55+0200,db3f74e3-4f49-42d6-88b6-ea3283c50514,2026-06-30T20:30:00Z,2026-06-30T22:30:00+0200,0.2,MW,DE,DE_LU,actual_solar_generation,Solar,2026-07-23T07:13:23Z
2026-07-23T07:11:55Z,2026-07-23T09:11:55+0200,db3f74e3-4f49-42d6-88b6-ea3283c50514,2026-06-30T20:45:00Z,2026-06-30T22:45:00+0200,0.182,MW,DE,DE_LU,actual_solar_generation,Solar,2026-07-23T07:13:23Z
2026-07-23T07:11:55Z,2026-07-23T09:11:55+0200,db3f74e3-4f49-42d6-88b6-ea3283c50514,2026-06-30T21:00:00Z,2026-06-30T23:00:00+0200,0.172,MW,DE,DE_LU,actual_solar_generation,Solar,2026-07-23T07:13:23Z
2026-07-23T07:11:55Z,2026-07-23T09:11:55+0200,db3f74e3-4f49-42d6-88b6-ea3283c50514,2026-06-30T21:15:00Z,2026-06-30T23:15:00+0200,0.147,MW,DE,DE_LU,actual_solar_generation,Solar,2026-07-23T07:13:23Z
2026-07-23T07:11:55Z,2026-07-23T09:11:55+0200,db3f74e3-4f49-42d6-88b6-ea3283c50514,2026-06-30T21:30:00Z,2026-06-30T23:30:00+0200,0.128,MW,DE,DE_LU,actual_solar_generation,Solar,2026-07-23T07:13:23Z
2026-07-23T07:11:55Z,2026-07-23T09:11:55+0200,db3f74e3-4f49-42d6-88b6-ea3283c50514,2026-06-30T21:45:00Z,2026-06-30T23:45:00+0200,0.128,MW,DE,DE_LU,actual_solar_generation,Solar,2026-07-23T07:13:23Z
2026-07-23T07:11:55Z,2026-07-23T09:11:55+0200,db3f74e3-4f49-42d6-88b6-ea3283c50514,2026-06-30T22:00:00Z,2026-07-01T00:00:00+0200,0.137,MW,DE,DE_LU,actual_solar_generation,Solar,2026-07-23T07:13:23Z
2026-07-23T07:11:55Z,2026-07-23T09:11:55+0200,db3f74e3-4f49-42d6-88b6-ea3283c50514,2026-06-30T22:15:00Z,2026-07-01T00:15:00+0200,0.113,MW,DE,DE_LU,actual_solar_generation,Solar,2026-07-23T07:13:23Z
2026-07-23T07:11:55Z,2026-07-23T09:11:55+0200,db3f74e3-4f49-42d6-88b6-ea3283c50514,2026-06-30T22:30:00Z,2026-07-01T00:30:00+0200,0.103,MW,DE,DE_LU,actual_solar_generation,Solar,2026-07-23T07:13:23Z
2026-07-23T07:11:55Z,2026-07-23T09:11:55+0200,db3f74e3-4f49-42d6-88b6-ea3283c50514,2026-06-30T22:45:00Z,2026-07-01T00:45:00+0200,0.112,MW,DE,DE_LU,actual_solar_generation,Solar,2026-07-23T07:13:23Z
2026-07-23T07:11:55Z,2026-07-23T09:11:55+0200,db3f74e3-4f49-42d6-88b6-ea3283c50514,2026-06-30T23:00:00Z,2026-07-01T01:00:00+0200,0.097,MW,DE,DE_LU,actual_solar_generation,Solar,2026-07-23T07:13:23Z
2026-07-23T07:11:55Z,2026-07-23T09:11:55+0200,db3f74e3-4f49-42d6-88b6-ea3283c50514,2026-06-30T23:15:00Z,2026-07-01T01:15:00+0200,0.104,MW,DE,DE_LU,actual_solar_generation,Solar,2026-07-23T07:13:23Z
2026-07-23T07:11:55Z,2026-07-23T09:11:55+0200,db3f74e3-4f49-42d6-88b6-ea3283c50514,2026-06-30T23:30:00Z,2026-07-01T01:30:00+0200,0.105,MW,DE,DE_LU,actual_solar_generation,Solar,2026-07-23T07:13:23Z
2026-07-23T07:11:55Z,2026-07-23T09:11:55+0200,db3f74e3-4f49-42d6-88b6-ea3283c50514,2026-06-30T23:45:00Z,2026-07-01T01:45:00+0200,0.11,MW,DE,DE_LU,actual_solar_generation,Solar,2026-07-23T07:13:23Z
2026-07-23T07:11:55Z,2026-07-23T09:11:55+0200,db3f74e3-4f49-42d6-88b6-ea3283c50514,2026-07-01T00:00:00Z,2026-07-01T02:00:00+0200,0.091,MW,DE,DE_LU,actual_solar_generation,Solar,2026-07-23T07:13:23Z
2026-07-23T07:11:55Z,2026-07-23T09:11:55+0200,db3f74e3-4f49-42d6-88b6-ea3283c50514,2026-07-01T00:15:00Z,2026-07-01T02:15:00+0200,0.091,MW,DE,DE_LU,actual_solar_generation,Solar,2026-07-23T07:13:23Z
2026-07-23T07:11:55Z,2026-07-23T09:11:55+0200,db3f74e3-4f49-42d6-88b6-ea3283c50514,2026-07-01T00:30:00Z,2026-07-01T02:30:00+0200,0.083,MW,DE,DE_LU,actual_solar_generation,Solar,2026-07-23T07:13:23Z
2026-07-23T07:11:55Z,2026-07-23T09:11:55+0200,db3f74e3-4f49-42d6-88b6-ea3283c50514,2026-07-01T00:45:00Z,2026-07-01T02:45:00+0200,0.087,MW,DE,DE_LU,actual_solar_generation,Solar,2026-07-23T07:13:23Z
2026-07-23T07:11:55Z,2026-07-23T09:11:55+0200,db3f74e3-4f49-42d6-88b6-ea3283c50514,2026-07-01T01:00:00Z,2026-07-01T03:00:00+0200,0.072,MW,DE,DE_LU,actual_solar_generation,Solar,2026-07-23T07:13:23Z
2026-07-23T07:11:55Z,2026-07-23T09:11:55+0200,db3f74e3-4f49-42d6-88b6-ea3283c50514,2026-07-01T01:15:00Z,2026-07-01T03:15:00+0200,0.075,MW,DE,DE_LU,actual_solar_generation,Solar,2026-07-23T07:13:23Z
2026-07-23T07:11:55Z,2026-07-23T09:11:55+0200,db3f74e3-4f49-42d6-88b6-ea3283c50514,2026-07-01T01:30:00Z,2026-07-01T03:30:00+0200,0.077,MW,DE,DE_LU,actual_solar_generation,Solar,2026-07-23T07:13:23Z
2026-07-23T07:11:55Z,2026-07-23T09:11:55+0200,db3f74e3-4f49-42d6-88b6-ea3283c50514,2026-07-01T01:45:00Z,2026-07-01T03:45:00+0200,0.077,MW,DE,DE_LU,actual_solar_generation,Solar,2026-07-23T07:13:23Z
2026-07-23T07:11:55Z,2026-07-23T09:11:55+0200,db3f74e3-4f49-42d6-88b6-ea3283c50514,2026-07-01T02:00:00Z,2026-07-01T04:00:00+0200,0.078,MW,DE,DE_LU,actual_solar_generation,Solar,2026-07-23T07:13:23Z
2026-07-23T07:11:55Z,2026-07-23T09:11:55+0200,db3f74e3-4f49-42d6-88b6-ea3283c50514,2026-07-01T02:15:00Z,2026-07-01T04:15:00+0200,0.101,MW,DE,DE_LU,actual_solar_generation,Solar,2026-07-23T07:13:23Z
2026-07-23T07:11:55Z,2026-07-23T09:11:55+0200,db3f74e3-4f49-42d6-88b6-ea3283c50514,2026-07-01T02:30:00Z,2026-07-01T04:30:00+0200,0.828,MW,DE,DE_LU,actual_solar_generation,Solar,2026-07-23T07:13:23Z
2026-07-23T07:11:55Z,2026-07-23T09:11:55+0200,db3f74e3-4f49-42d6-88b6-ea3283c50514,2026-07-01T02:45:00Z,2026-07-01T04:45:00+0200,8.763,MW,DE,DE_LU,actual_solar_generation,Solar,2026-07-23T07:13:23Z
2026-07-23T07:11:55Z,2026-07-23T09:11:55+0200,db3f74e3-4f49-42d6-88b6-ea3283c50514,2026-07-01T03:00:00Z,2026-07-01T05:00:00+0200,46.846,MW,DE,DE_LU,actual_solar_generation,Solar,2026-07-23T07:13:23Z
2026-07-23T07:11:55Z,2026-07-23T09:11:55+0200,db3f74e3-4f49-42d6-88b6-ea3283c50514,2026-07-01T03:15:00Z,2026-07-01T05:15:00+0200,137.108,MW,DE,DE_LU,actual_solar_generation,Solar,2026-07-23T07:13:23Z
2026-07-23T07:11:55Z,2026-07-23T09:11:55+0200,db3f74e3-4f49-42d6-88b6-ea3283c50514,2026-07-01T03:30:00Z,2026-07-01T05:30:00+0200,379.578,MW,DE,DE_LU,actual_solar_generation,Solar,2026-07-23T07:13:23Z
2026-07-23T07:11:55Z,2026-07-23T09:11:55+0200,db3f74e3-4f49-42d6-88b6-ea3283c50514,2026-07-01T03:45:00Z,2026-07-01T05:45:00+0200,795.918,MW,DE,DE_LU,actual_solar_generation,Solar,2026-07-23T07:13:23Z
2026-07-23T07:11:55Z,2026-07-23T09:11:55+0200,db3f74e3-4f49-42d6-88b6-ea3283c50514,2026-07-01T04:00:00Z,2026-07-01T06:00:00+0200,1277.54,MW,DE,DE_LU,actual_solar_generation,Solar,2026-07-23T07:13:23Z
2026-07-23T07:11:55Z,2026-07-23T09:11:55+0200,db3f74e3-4f49-42d6-88b6-ea3283c50514,2026-07-01T04:15:00Z,2026-07-01T06:15:00+0200,1798.177,MW,DE,DE_LU,actual_solar_generation,Solar,2026-07-23T07:13:23Z
2026-07-23T07:11:55Z,2026-07-23T09:11:55+0200,db3f74e3-4f49-42d6-88b6-ea3283c50514,2026-07-01T04:30:00Z,2026-07-01T06:30:00+0200,2413.035,MW,DE,DE_LU,actual_solar_generation,Solar,2026-07-23T07:13:23Z
2026-07-23T07:11:55Z,2026-07-23T09:11:55+0200,db3f74e3-4f49-42d6-88b6-ea3283c50514,2026-07-01T04:45:00Z,2026-07-01T06:45:00+0200,3058.79,MW,DE,DE_LU,actual_solar_generation,Solar,2026-07-23T07:13:23Z
2026-07-23T07:11:55Z,2026-07-23T09:11:55+0200,db3f74e3-4f49-42d6-88b6-ea3283c50514,2026-07-01T05:00:00Z,2026-07-01T07:00:00+0200,3891.319,MW,DE,DE_LU,actual_solar_generation,Solar,2026-07-23T07:13:23Z
2026-07-23T07:11:55Z,2026-07-23T09:11:55+0200,db3f74e3-4f49-42d6-88b6-ea3283c50514,2026-07-01T05:15:00Z,2026-07-01T07:15:00+0200,4885.301,MW,DE,DE_LU,actual_solar_generation,Solar,2026-07-23T07:13:23Z
2026-07-23T07:11:55Z,2026-07-23T09:11:55+0200,db3f74e3-4f49-42d6-88b6-ea3283c50514,2026-07-01T05:30:00Z,2026-07-01T07:30:00+0200,6071.002,MW,DE,DE_LU,actual_solar_generation,Solar,2026-07-23T07:13:23Z
2026-07-23T07:11:55Z,2026-07-23T09:11:55+0200,db3f74e3-4f49-42d6-88b6-ea3283c50514,2026-07-01T05:45:00Z,2026-07-01T07:45:00+0200,7387.822,MW,DE,DE_LU,actual_solar_generation,Solar,2026-07-23T07:13:23Z
2026-07-23T07:11:55Z,2026-07-23T09:11:55+0200,db3f74e3-4f49-42d6-88b6-ea3283c50514,2026-07-01T06:00:00Z,2026-07-01T08:00:00+0200,8810.845,MW,DE,DE_LU,actual_solar_generation,Solar,2026-07-23T07:13:23Z
2026-07-23T07:11:55Z,2026-07-23T09:11:55+0200,db3f74e3-4f49-42d6-88b6-ea3283c50514,2026-07-01T06:15:00Z,2026-07-01T08:15:00+0200,10410.225,MW,DE,DE_LU,actual_solar_generation,Solar,2026-07-23T07:13:23Z
2026-07-23T07:11:55Z,2026-07-23T09:11:55+0200,db3f74e3-4f49-42d6-88b6-ea3283c50514,2026-07-01T06:30:00Z,2026-07-01T08:30:00+0200,12006.51,MW,DE,DE_LU,actual_solar_generation,Solar,2026-07-23T07:13:23Z
2026-07-23T07:11:55Z,2026-07-23T09:11:55+0200,db3f74e3-4f49-42d6-88b6-ea3283c50514,2026-07-01T06:45:00Z,2026-07-01T08:45:00+0200,13584.268,MW,DE,DE_LU,actual_solar_generation,Solar,2026-07-23T07:13:23Z
2026-07-23T07:11:55Z,2026-07-23T09:11:55+0200,db3f74e3-4f49-42d6-88b6-ea3283c50514,2026-07-01T07:00:00Z,2026-07-01T09:00:00+0200,15003.277,MW,DE,DE_LU,actual_solar_generation,Solar,2026-07-23T07:13:23Z
2026-07-23T07:11:55Z,2026-07-23T09:11:55+0200,db3f74e3-4f49-42d6-88b6-ea3283c50514,2026-07-01T07:15:00Z,2026-07-01T09:15:00+0200,16271.189,MW,DE,DE_LU,actual_solar_generation,Solar,2026-07-23T07:13:23Z
2026-07-23T07:11:55Z,2026-07-23T09:11:55+0200,db3f74e3-4f49-42d6-88b6-ea3283c50514,2026-07-01T07:30:00Z,2026-07-01T09:30:00+0200,17525.805,MW,DE,DE_LU,actual_solar_generation,Solar,2026-07-23T07:13:23Z
2026-07-23T07:11:55Z,2026-07-23T09:11:55+0200,db3f74e3-4f49-42d6-88b6-ea3283c50514,2026-07-01T07:45:00Z,2026-07-01T09:45:00+0200,18855.572,MW,DE,DE_LU,actual_solar_generation,Solar,2026-07-23T07:13:23Z
2026-07-23T07:11:55Z,2026-07-23T09:11:55+0200,db3f74e3-4f49-42d6-88b6-ea3283c50514,2026-07-01T08:00:00Z,2026-07-01T10:00:00+0200,20168.138,MW,DE,DE_LU,actual_solar_generation,Solar,2026-07-23T07:13:23Z
2026-07-23T07:11:55Z,2026-07-23T09:11:55+0200,db3f74e3-4f49-42d6-88b6-ea3283c50514,2026-07-01T08:15:00Z,2026-07-01T10:15:00+0200,21563.84,MW,DE,DE_LU,actual_solar_generation,Solar,2026-07-23T07:13:23Z
2026-07-23T07:11:55Z,2026-07-23T09:11:55+0200,db3f74e3-4f49-42d6-88b6-ea3283c50514,2026-07-01T08:30:00Z,2026-07-01T10:30:00+0200,22835.681,MW,DE,DE_LU,actual_solar_generation,Solar,2026-07-23T07:13:23Z
2026-07-23T07:11:55Z,2026-07-23T09:11:55+0200,db3f74e3-4f49-42d6-88b6-ea3283c50514,2026-07-01T08:45:00Z,2026-07-01T10:45:00+0200,24179.773,MW,DE,DE_LU,actual_solar_generation,Solar,2026-07-23T07:13:23Z
2026-07-23T07:11:55Z,2026-07-23T09:11:55+0200,db3f74e3-4f49-42d6-88b6-ea3283c50514,2026-07-01T09:00:00Z,2026-07-01T11:00:00+0200,25439.616,MW,DE,DE_LU,actual_solar_generation,Solar,2026-07-23T07:13:23Z
2026-07-23T07:11:55Z,2026-07-23T09:11:55+0200,db3f74e3-4f49-42d6-88b6-ea3283c50514,2026-07-01T09:15:00Z,2026-07-01T11:15:00+0200,26820.165,MW,DE,DE_LU,actual_solar_generation,Solar,2026-07-23T07:13:23Z
2026-07-23T07:11:55Z,2026-07-23T09:11:55+0200,db3f74e3-4f49-42d6-88b6-ea3283c50514,2026-07-01T09:30:00Z,2026-07-01T11:30:00+0200,27755.761,MW,DE,DE_LU,actual_solar_generation,Solar,2026-07-23T07:13:23Z
2026-07-23T07:11:55Z,2026-07-23T09:11:55+0200,db3f74e3-4f49-42d6-88b6-ea3283c50514,2026-07-01T09:45:00Z,2026-07-01T11:45:00+0200,28631.53,MW,DE,DE_LU,actual_solar_generation,Solar,2026-07-23T07:13:23Z
2026-07-23T07:11:55Z,2026-07-23T09:11:55+0200,db3f74e3-4f49-42d6-88b6-ea3283c50514,2026-07-01T10:00:00Z,2026-07-01T12:00:00+0200,29622.384,MW,DE,DE_LU,actual_solar_generation,Solar,2026-07-23T07:13:23Z
2026-07-23T07:11:55Z,2026-07-23T09:11:55+0200,db3f74e3-4f49-42d6-88b6-ea3283c50514,2026-07-01T10:15:00Z,2026-07-01T12:15:00+0200,30584.451,MW,DE,DE_LU,actual_solar_generation,Solar,2026-07-23T07:13:23Z
2026-07-23T07:11:55Z,2026-07-23T09:11:55+0200,db3f74e3-4f49-42d6-88b6-ea3283c50514,2026-07-01T10:30:00Z,2026-07-01T12:30:00+0200,31697.611,MW,DE,DE_LU,actual_solar_generation,Solar,2026-07-23T07:13:23Z
2026-07-23T07:11:55Z,2026-07-23T09:11:55+0200,db3f74e3-4f49-42d6-88b6-ea3283c50514,2026-07-01T10:45:00Z,2026-07-01T12:45:00+0200,32952.363,MW,DE,DE_LU,actual_solar_generation,Solar,2026-07-23T07:13:23Z
2026-07-23T07:11:55Z,2026-07-23T09:11:55+0200,db3f74e3-4f49-42d6-88b6-ea3283c50514,2026-07-01T11:00:00Z,2026-07-01T13:00:00+0200,33949.562,MW,DE,DE_LU,actual_solar_generation,Solar,2026-07-23T07:13:23Z
2026-07-23T07:11:55Z,2026-07-23T09:11:55+0200,db3f74e3-4f49-42d6-88b6-ea3283c50514,2026-07-01T11:15:00Z,2026-07-01T13:15:00+0200,34893.079,MW,DE,DE_LU,actual_solar_generation,Solar,2026-07-23T07:13:23Z
2026-07-23T07:11:55Z,2026-07-23T09:11:55+0200,db3f74e3-4f49-42d6-88b6-ea3283c50514,2026-07-01T11:30:00Z,2026-07-01T13:30:00+0200,35351.415,MW,DE,DE_LU,actual_solar_generation,Solar,2026-07-23T07:13:23Z
2026-07-23T07:11:55Z,2026-07-23T09:11:55+0200,db3f74e3-4f49-42d6-88b6-ea3283c50514,2026-07-01T11:45:00Z,2026-07-01T13:45:00+0200,35607.682,MW,DE,DE_LU,actual_solar_generation,Solar,2026-07-23T07:13:23Z
2026-07-23T07:11:55Z,2026-07-23T09:11:55+0200,db3f74e3-4f49-42d6-88b6-ea3283c50514,2026-07-01T12:00:00Z,2026-07-01T14:00:00+0200,35314.751,MW,DE,DE_LU,actual_solar_generation,Solar,2026-07-23T07:13:23Z
2026-07-23T07:11:55Z,2026-07-23T09:11:55+0200,db3f74e3-4f49-42d6-88b6-ea3283c50514,2026-07-01T12:15:00Z,2026-07-01T14:15:00+0200,35160.579,MW,DE,DE_LU,actual_solar_generation,Solar,2026-07-23T07:13:23Z
2026-07-23T07:11:55Z,2026-07-23T09:11:55+0200,db3f74e3-4f49-42d6-88b6-ea3283c50514,2026-07-01T12:30:00Z,2026-07-01T14:30:00+0200,34697.166,MW,DE,DE_LU,actual_solar_generation,Solar,2026-07-23T07:13:23Z
2026-07-23T07:11:55Z,2026-07-23T09:11:55+0200,db3f74e3-4f49-42d6-88b6-ea3283c50514,2026-07-01T12:45:00Z,2026-07-01T14:45:00+0200,34538.374,MW,DE,DE_LU,actual_solar_generation,Solar,2026-07-23T07:13:23Z
2026-07-23T07:11:55Z,2026-07-23T09:11:55+0200,db3f74e3-4f49-42d6-88b6-ea3283c50514,2026-07-01T13:00:00Z,2026-07-01T15:00:00+0200,34399.271,MW,DE,DE_LU,actual_solar_generation,Solar,2026-07-23T07:13:23Z
2026-07-23T07:11:55Z,2026-07-23T09:11:55+0200,db3f74e3-4f49-42d6-88b6-ea3283c50514,2026-07-01T13:15:00Z,2026-07-01T15:15:00+0200,33727.519,MW,DE,DE_LU,actual_solar_generation,Solar,2026-07-23T07:13:23Z
2026-07-23T07:11:55Z,2026-07-23T09:11:55+0200,db3f74e3-4f49-42d6-88b6-ea3283c50514,2026-07-01T13:30:00Z,2026-07-01T15:30:00+0200,33017.522,MW,DE,DE_LU,actual_solar_generation,Solar,2026-07-23T07:13:23Z
2026-07-23T07:11:55Z,2026-07-23T09:11:55+0200,db3f74e3-4f49-42d6-88b6-ea3283c50514,2026-07-01T13:45:00Z,2026-07-01T15:45:00+0200,31971.063,MW,DE,DE_LU,actual_solar_generation,Solar,2026-07-23T07:13:23Z
2026-07-23T07:11:55Z,2026-07-23T09:11:55+0200,db3f74e3-4f49-42d6-88b6-ea3283c50514,2026-07-01T14:00:00Z,2026-07-01T16:00:00+0200,30800.343,MW,DE,DE_LU,actual_solar_generation,Solar,2026-07-23T07:13:23Z
2026-07-23T07:11:55Z,2026-07-23T09:11:55+0200,db3f74e3-4f49-42d6-88b6-ea3283c50514,2026-07-01T14:15:00Z,2026-07-01T16:15:00+0200,29860.627,MW,DE,DE_LU,actual_solar_generation,Solar,2026-07-23T07:13:23Z
2026-07-23T07:11:55Z,2026-07-23T09:11:55+0200,db3f74e3-4f49-42d6-88b6-ea3283c50514,2026-07-01T14:30:00Z,2026-07-01T16:30:00+0200,28823.317,MW,DE,DE_LU,actual_solar_generation,Solar,2026-07-23T07:13:23Z
2026-07-23T07:11:55Z,2026-07-23T09:11:55+0200,db3f74e3-4f49-42d6-88b6-ea3283c50514,2026-07-01T14:45:00Z,2026-07-01T16:45:00+0200,27479.594,MW,DE,DE_LU,actual_solar_generation,Solar,2026-07-23T07:13:23Z
2026-07-23T07:11:55Z,2026-07-23T09:11:55+0200,db3f74e3-4f49-42d6-88b6-ea3283c50514,2026-07-01T15:00:00Z,2026-07-01T17:00:00+0200,26076.928,MW,DE,DE_LU,actual_solar_generation,Solar,2026-07-23T07:13:23Z
2026-07-23T07:11:55Z,2026-07-23T09:11:55+0200,db3f74e3-4f49-42d6-88b6-ea3283c50514,2026-07-01T15:15:00Z,2026-07-01T17:15:00+0200,24637.003,MW,DE,DE_LU,actual_solar_generation,Solar,2026-07-23T07:13:23Z
2026-07-23T07:11:55Z,2026-07-23T09:11:55+0200,db3f74e3-4f49-42d6-88b6-ea3283c50514,2026-07-01T15:30:00Z,2026-07-01T17:30:00+0200,22881.251,MW,DE,DE_LU,actual_solar_generation,Solar,2026-07-23T07:13:23Z
2026-07-23T07:11:55Z,2026-07-23T09:11:55+0200,db3f74e3-4f49-42d6-88b6-ea3283c50514,2026-07-01T15:45:00Z,2026-07-01T17:45:00+0200,21235.104,MW,DE,DE_LU,actual_solar_generation,Solar,2026-07-23T07:13:23Z
2026-07-23T07:11:55Z,2026-07-23T09:11:55+0200,db3f74e3-4f49-42d6-88b6-ea3283c50514,2026-07-01T16:00:00Z,2026-07-01T18:00:00+0200,19389.501,MW,DE,DE_LU,actual_solar_generation,Solar,2026-07-23T07:13:23Z
2026-07-23T07:11:55Z,2026-07-23T09:11:55+0200,db3f74e3-4f49-42d6-88b6-ea3283c50514,2026-07-01T16:15:00Z,2026-07-01T18:15:00+0200,17704.671,MW,DE,DE_LU,actual_solar_generation,Solar,2026-07-23T07:13:23Z
2026-07-23T07:11:55Z,2026-07-23T09:11:55+0200,db3f74e3-4f49-42d6-88b6-ea3283c50514,2026-07-01T16:30:00Z,2026-07-01T18:30:00+0200,15796.806,MW,DE,DE_LU,actual_solar_generation,Solar,2026-07-23T07:13:23Z
2026-07-23T07:11:55Z,2026-07-23T09:11:55+0200,db3f74e3-4f49-42d6-88b6-ea3283c50514,2026-07-01T16:45:00Z,2026-07-01T18:45:00+0200,13862.216,MW,DE,DE_LU,actual_solar_generation,Solar,2026-07-23T07:13:23Z
2026-07-23T07:11:55Z,2026-07-23T09:11:55+0200,db3f74e3-4f49-42d6-88b6-ea3283c50514,2026-07-01T17:00:00Z,2026-07-01T19:00:00+0200,11850.669,MW,DE,DE_LU,actual_solar_generation,Solar,2026-07-23T07:13:23Z
2026-07-23T07:11:55Z,2026-07-23T09:11:55+0200,db3f74e3-4f49-42d6-88b6-ea3283c50514,2026-07-01T17:15:00Z,2026-07-01T19:15:00+0200,9956.255,MW,DE,DE_LU,actual_solar_generation,Solar,2026-07-23T07:13:23Z
2026-07-23T07:11:55Z,2026-07-23T09:11:55+0200,db3f74e3-4f49-42d6-88b6-ea3283c50514,2026-07-01T17:30:00Z,2026-07-01T19:30:00+0200,8095.966,MW,DE,DE_LU,actual_solar_generation,Solar,2026-07-23T07:13:23Z
2026-07-23T07:11:55Z,2026-07-23T09:11:55+0200,db3f74e3-4f49-42d6-88b6-ea3283c50514,2026-07-01T17:45:00Z,2026-07-01T19:45:00+0200,6395.164,MW,DE,DE_LU,actual_solar_generation,Solar,2026-07-23T07:13:23Z
2026-07-23T07:11:55Z,2026-07-23T09:11:55+0200,db3f74e3-4f49-42d6-88b6-ea3283c50514,2026-07-01T18:00:00Z,2026-07-01T20:00:00+0200,4871.796,MW,DE,DE_LU,actual_solar_generation,Solar,2026-07-23T07:13:23Z
2026-07-23T07:11:55Z,2026-07-23T09:11:55+0200,db3f74e3-4f49-42d6-88b6-ea3283c50514,2026-07-01T18:15:00Z,2026-07-01T20:15:00+0200,3586.741,MW,DE,DE_LU,actual_solar_generation,Solar,2026-07-23T07:13:23Z
2026-07-23T07:11:55Z,2026-07-23T09:11:55+0200,db3f74e3-4f49-42d6-88b6-ea3283c50514,2026-07-01T18:30:00Z,2026-07-01T20:30:00+0200,2492.816,MW,DE,DE_LU,actual_solar_generation,Solar,2026-07-23T07:13:23Z
2026-07-23T07:11:55Z,2026-07-23T09:11:55+0200,db3f74e3-4f49-42d6-88b6-ea3283c50514,2026-07-01T18:45:00Z,2026-07-01T20:45:00+0200,1582.004,MW,DE,DE_LU,actual_solar_generation,Solar,2026-07-23T07:13:23Z
2026-07-23T07:11:55Z,2026-07-23T09:11:55+0200,db3f74e3-4f49-42d6-88b6-ea3283c50514,2026-07-01T19:00:00Z,2026-07-01T21:00:00+0200,859.98,MW,DE,DE_LU,actual_solar_generation,Solar,2026-07-23T07:13:23Z
2026-07-23T07:11:55Z,2026-07-23T09:11:55+0200,db3f74e3-4f49-42d6-88b6-ea3283c50514,2026-07-01T19:15:00Z,2026-07-01T21:15:00+0200,364.784,MW,DE,DE_LU,actual_solar_generation,Solar,2026-07-23T07:13:23Z
2026-07-23T07:11:55Z,2026-07-23T09:11:55+0200,db3f74e3-4f49-42d6-88b6-ea3283c50514,2026-07-01T19:30:00Z,2026-07-01T21:30:00+0200,135.357,MW,DE,DE_LU,actual_solar_generation,Solar,2026-07-23T07:13:23Z
2026-07-23T07:11:55Z,2026-07-23T09:11:55+0200,db3f74e3-4f49-42d6-88b6-ea3283c50514,2026-07-01T19:45:00Z,2026-07-01T21:45:00+0200,60.373,MW,DE,DE_LU,actual_solar_generation,Solar,2026-07-23T07:13:23Z
2026-07-23T07:11:55Z,2026-07-23T09:11:55+0200,db3f74e3-4f49-42d6-88b6-ea3283c50514,2026-07-01T20:00:00Z,2026-07-01T22:00:00+0200,41.536,MW,DE,DE_LU,actual_solar_generation,Solar,2026-07-23T07:13:23Z
2026-07-23T07:11:55Z,2026-07-23T09:11:55+0200,db3f74e3-4f49-42d6-88b6-ea3283c50514,2026-07-01T20:15:00Z,2026-07-01T22:15:00+0200,0.43,MW,DE,DE_LU,actual_solar_generation,Solar,2026-07-23T07:13:23Z
2026-07-23T07:11:55Z,2026-07-23T09:11:55+0200,db3f74e3-4f49-42d6-88b6-ea3283c50514,2026-07-01T20:30:00Z,2026-07-01T22:30:00+0200,0.246,MW,DE,DE_LU,actual_solar_generation,Solar,2026-07-23T07:13:23Z
2026-07-23T07:11:55Z,2026-07-23T09:11:55+0200,db3f74e3-4f49-42d6-88b6-ea3283c50514,2026-07-01T20:45:00Z,2026-07-01T22:45:00+0200,0.21,MW,DE,DE_LU,actual_solar_generation,Solar,2026-07-23T07:13:23Z
2026-07-23T07:11:55Z,2026-07-23T09:11:55+0200,db3f74e3-4f49-42d6-88b6-ea3283c50514,2026-07-01T21:00:00Z,2026-07-01T23:00:00+0200,0.204,MW,DE,DE_LU,actual_solar_generation,Solar,2026-07-23T07:13:23Z
2026-07-23T07:11:55Z,2026-07-23T09:11:55+0200,db3f74e3-4f49-42d6-88b6-ea3283c50514,2026-07-01T21:15:00Z,2026-07-01T23:15:00+0200,0.17,MW,DE,DE_LU,actual_solar_generation,Solar,2026-07-23T07:13:23Z
2026-07-23T07:11:55Z,2026-07-23T09:11:55+0200,db3f74e3-4f49-42d6-88b6-ea3283c50514,2026-07-01T21:30:00Z,2026-07-01T23:30:00+0200,0.157,MW,DE,DE_LU,actual_solar_generation,Solar,2026-07-23T07:13:23Z
2026-07-23T07:11:55Z,2026-07-23T09:11:55+0200,db3f74e3-4f49-42d6-88b6-ea3283c50514,2026-07-01T21:45:00Z,2026-07-01T23:45:00+0200,0.137,MW,DE,DE_LU,actual_solar_generation,Solar,2026-07-23T07:13:23Z
2026-07-23T07:11:55Z,2026-07-23T09:11:55+0200,db3f74e3-4f49-42d6-88b6-ea3283c50514,2026-07-01T22:00:00Z,2026-07-02T00:00:00+0200,0.156,MW,DE,DE_LU,actual_solar_generation,Solar,2026-07-23T07:13:23Z
2026-07-23T07:11:55Z,2026-07-23T09:11:55+0200,db3f74e3-4f49-42d6-88b6-ea3283c50514,2026-07-01T22:15:00Z,2026-07-02T00:15:00+0200,0.136,MW,DE,DE_LU,actual_solar_generation,Solar,2026-07-23T07:13:23Z
2026-07-23T07:11:55Z,2026-07-23T09:11:55+0200,db3f74e3-4f49-42d6-88b6-ea3283c50514,2026-07-01T22:30:00Z,2026-07-02T00:30:00+0200,0.134,MW,DE,DE_LU,actual_solar_generation,Solar,2026-07-23T07:13:23Z
2026-07-23T07:11:55Z,2026-07-23T09:11:55+0200,db3f74e3-4f49-42d6-88b6-ea3283c50514,2026-07-01T22:45:00Z,2026-07-02T00:45:00+0200,0.125,MW,DE,DE_LU,actual_solar_generation,Solar,2026-07-23T07:13:23Z
2026-07-23T07:11:55Z,2026-07-23T09:11:55+0200,db3f74e3-4f49-42d6-88b6-ea3283c50514,2026-07-01T23:00:00Z,2026-07-02T01:00:00+0200,0.129,MW,DE,DE_LU,actual_solar_generation,Solar,2026-07-23T07:13:23Z
2026-07-23T07:11:55Z,2026-07-23T09:11:55+0200,db3f74e3-4f49-42d6-88b6-ea3283c50514,2026-07-01T23:15:00Z,2026-07-02T01:15:00+0200,0.123,MW,DE,DE_LU,actual_solar_generation,Solar,2026-07-23T07:13:23Z
2026-07-23T07:11:55Z,2026-07-23T09:11:55+0200,db3f74e3-4f49-42d6-88b6-ea3283c50514,2026-07-01T23:30:00Z,2026-07-02T01:30:00+0200,0.116,MW,DE,DE_LU,actual_solar_generation,Solar,2026-07-23T07:13:23Z
2026-07-23T07:11:55Z,2026-07-23T09:11:55+0200,db3f74e3-4f49-42d6-88b6-ea3283c50514,2026-07-01T23:45:00Z,2026-07-02T01:45:00+0200,0.112,MW,DE,DE_LU,actual_solar_generation,Solar,2026-07-23T07:13:23Z
2026-07-23T07:11:55Z,2026-07-23T09:11:55+0200,db3f74e3-4f49-42d6-88b6-ea3283c50514,2026-07-02T00:00:00Z,2026-07-02T02:00:00+0200,0.12,MW,DE,DE_LU,actual_solar_generation,Solar,2026-07-23T07:13:23Z
2026-07-23T07:11:55Z,2026-07-23T09:11:55+0200,db3f74e3-4f49-42d6-88b6-ea3283c50514,2026-07-02T00:15:00Z,2026-07-02T02:15:00+0200,0.11,MW,DE,DE_LU,actual_solar_generation,Solar,2026-07-23T07:13:23Z
2026-07-23T07:11:55Z,2026-07-23T09:11:55+0200,db3f74e3-4f49-42d6-88b6-ea3283c50514,2026-07-02T00:30:00Z,2026-07-02T02:30:00+0200,0.092,MW,DE,DE_LU,actual_solar_generation,Solar,2026-07-23T07:13:23Z
2026-07-23T07:11:55Z,2026-07-23T09:11:55+0200,db3f74e3-4f49-42d6-88b6-ea3283c50514,2026-07-02T00:45:00Z,2026-07-02T02:45:00+0200,0.088,MW,DE,DE_LU,actual_solar_generation,Solar,2026-07-23T07:13:23Z
2026-07-23T07:11:55Z,2026-07-23T09:11:55+0200,db3f74e3-4f49-42d6-88b6-ea3283c50514,2026-07-02T01:00:00Z,2026-07-02T03:00:00+0200,0.091,MW,DE,DE_LU,actual_solar_generation,Solar,2026-07-23T07:13:23Z
2026-07-23T07:11:55Z,2026-07-23T09:11:55+0200,db3f74e3-4f49-42d6-88b6-ea3283c50514,2026-07-02T01:15:00Z,2026-07-02T03:15:00+0200,0.092,MW,DE,DE_LU,actual_solar_generation,Solar,2026-07-23T07:13:23Z
2026-07-23T07:11:55Z,2026-07-23T09:11:55+0200,db3f74e3-4f49-42d6-88b6-ea3283c50514,2026-07-02T01:30:00Z,2026-07-02T03:30:00+0200,0.096,MW,DE,DE_LU,actual_solar_generation,Solar,2026-07-23T07:13:23Z
2026-07-23T07:11:55Z,2026-07-23T09:11:55+0200,db3f74e3-4f49-42d6-88b6-ea3283c50514,2026-07-02T01:45:00Z,2026-07-02T03:45:00+0200,0.087,MW,DE,DE_LU,actual_solar_generation,Solar,2026-07-23T07:13:23Z
2026-07-23T07:11:55Z,2026-07-23T09:11:55+0200,db3f74e3-4f49-42d6-88b6-ea3283c50514,2026-07-02T02:00:00Z,2026-07-02T04:00:00+0200,0.083,MW,DE,DE_LU,actual_solar_generation,Solar,2026-07-23T07:13:23Z
2026-07-23T07:11:55Z,2026-07-23T09:11:55+0200,db3f74e3-4f49-42d6-88b6-ea3283c50514,2026-07-02T02:15:00Z,2026-07-02T04:15:00+0200,0.133,MW,DE,DE_LU,actual_solar_generation,Solar,2026-07-23T07:13:23Z
2026-07-23T07:11:55Z,2026-07-23T09:11:55+0200,db3f74e3-4f49-42d6-88b6-ea3283c50514,2026-07-02T02:30:00Z,2026-07-02T04:30:00+0200,1.105,MW,DE,DE_LU,actual_solar_generation,Solar,2026-07-23T07:13:23Z
2026-07-23T07:11:55Z,2026-07-23T09:11:55+0200,db3f74e3-4f49-42d6-88b6-ea3283c50514,2026-07-02T02:45:00Z,2026-07-02T04:45:00+0200,39.761,MW,DE,DE_LU,actual_solar_generation,Solar,2026-07-23T07:13:23Z
2026-07-23T07:11:55Z,2026-07-23T09:11:55+0200,db3f74e3-4f49-42d6-88b6-ea3283c50514,2026-07-02T03:00:00Z,2026-07-02T05:00:00+0200,111.544,MW,DE,DE_LU,actual_solar_generation,Solar,2026-07-23T07:13:23Z
2026-07-23T07:11:55Z,2026-07-23T09:11:55+0200,db3f74e3-4f49-42d6-88b6-ea3283c50514,2026-07-02T03:15:00Z,2026-07-02T05:15:00+0200,301.643,MW,DE,DE_LU,actual_solar_generation,Solar,2026-07-23T07:13:23Z
2026-07-23T07:11:55Z,2026-07-23T09:11:55+0200,db3f74e3-4f49-42d6-88b6-ea3283c50514,2026-07-02T03:30:00Z,2026-07-02T05:30:00+0200,767.225,MW,DE,DE_LU,actual_solar_generation,Solar,2026-07-23T07:13:23Z
2026-07-23T07:11:55Z,2026-07-23T09:11:55+0200,db3f74e3-4f49-42d6-88b6-ea3283c50514,2026-07-02T03:45:00Z,2026-07-02T05:45:00+0200,1590.296,MW,DE,DE_LU,actual_solar_generation,Solar,2026-07-23T07:13:23Z
2026-07-23T07:11:55Z,2026-07-23T09:11:55+0200,db3f74e3-4f49-42d6-88b6-ea3283c50514,2026-07-02T04:00:00Z,2026-07-02T06:00:00+0200,2592.446,MW,DE,DE_LU,actual_solar_generation,Solar,2026-07-23T07:13:23Z
2026-07-23T07:11:55Z,2026-07-23T09:11:55+0200,db3f74e3-4f49-42d6-88b6-ea3283c50514,2026-07-02T04:15:00Z,2026-07-02T06:15:00+0200,3804.982,MW,DE,DE_LU,actual_solar_generation,Solar,2026-07-23T07:13:23Z
2026-07-23T07:11:55Z,2026-07-23T09:11:55+0200,db3f74e3-4f49-42d6-88b6-ea3283c50514,2026-07-02T04:30:00Z,2026-07-02T06:30:00+0200,5266.749,MW,DE,DE_LU,actual_solar_generation,Solar,2026-07-23T07:13:23Z
2026-07-23T07:11:55Z,2026-07-23T09:11:55+0200,db3f74e3-4f49-42d6-88b6-ea3283c50514,2026-07-02T04:45:00Z,2026-07-02T06:45:00+0200,7050.311,MW,DE,DE_LU,actual_solar_generation,Solar,2026-07-23T07:13:23Z
2026-07-23T07:11:55Z,2026-07-23T09:11:55+0200,db3f74e3-4f49-42d6-88b6-ea3283c50514,2026-07-02T05:00:00Z,2026-07-02T07:00:00+0200,9164.026,MW,DE,DE_LU,actual_solar_generation,Solar,2026-07-23T07:13:23Z
2026-07-23T07:11:55Z,2026-07-23T09:11:55+0200,db3f74e3-4f49-42d6-88b6-ea3283c50514,2026-07-02T05:15:00Z,2026-07-02T07:15:00+0200,11591.962,MW,DE,DE_LU,actual_solar_generation,Solar,2026-07-23T07:13:23Z
2026-07-23T07:11:55Z,2026-07-23T09:11:55+0200,db3f74e3-4f49-42d6-88b6-ea3283c50514,2026-07-02T05:30:00Z,2026-07-02T07:30:00+0200,14237.741,MW,DE,DE_LU,actual_solar_generation,Solar,2026-07-23T07:13:23Z
2026-07-23T07:11:55Z,2026-07-23T09:11:55+0200,db3f74e3-4f49-42d6-88b6-ea3283c50514,2026-07-02T05:45:00Z,2026-07-02T07:45:00+0200,17147.441,MW,DE,DE_LU,actual_solar_generation,Solar,2026-07-23T07:13:23Z
2026-07-23T07:11:55Z,2026-07-23T09:11:55+0200,db3f74e3-4f49-42d6-88b6-ea3283c50514,2026-07-02T06:00:00Z,2026-07-02T08:00:00+0200,20222.767,MW,DE,DE_LU,actual_solar_generation,Solar,2026-07-23T07:13:23Z
2026-07-23T07:11:55Z,2026-07-23T09:11:55+0200,db3f74e3-4f49-42d6-88b6-ea3283c50514,2026-07-02T06:15:00Z,2026-07-02T08:15:00+0200,23344.021,MW,DE,DE_LU,actual_solar_generation,Solar,2026-07-23T07:13:23Z
2026-07-23T07:11:55Z,2026-07-23T09:11:55+0200,db3f74e3-4f49-42d6-88b6-ea3283c50514,2026-07-02T06:30:00Z,2026-07-02T08:30:00+0200,26494.346,MW,DE,DE_LU,actual_solar_generation,Solar,2026-07-23T07:13:23Z
2026-07-23T07:11:55Z,2026-07-23T09:11:55+0200,db3f74e3-4f49-42d6-88b6-ea3283c50514,2026-07-02T06:45:00Z,2026-07-02T08:45:00+0200,29538.765,MW,DE,DE_LU,actual_solar_generation,Solar,2026-07-23T07:13:23Z
2026-07-23T07:11:55Z,2026-07-23T09:11:55+0200,db3f74e3-4f49-42d6-88b6-ea3283c50514,2026-07-02T07:00:00Z,2026-07-02T09:00:00+0200,32641.041,MW,DE,DE_LU,actual_solar_generation,Solar,2026-07-23T07:13:23Z
2026-07-23T07:11:55Z,2026-07-23T09:11:55+0200,db3f74e3-4f49-42d6-88b6-ea3283c50514,2026-07-02T07:15:00Z,2026-07-02T09:15:00+0200,34808.397,MW,DE,DE_LU,actual_solar_generation,Solar,2026-07-23T07:13:23Z
2026-07-23T07:11:55Z,2026-07-23T09:11:55+0200,db3f74e3-4f49-42d6-88b6-ea3283c50514,2026-07-02T07:30:00Z,2026-07-02T09:30:00+0200,37068.199,MW,DE,DE_LU,actual_solar_generation,Solar,2026-07-23T07:13:23Z
2026-07-23T07:11:55Z,2026-07-23T09:11:55+0200,db3f74e3-4f49-42d6-88b6-ea3283c50514,2026-07-02T07:45:00Z,2026-07-02T09:45:00+0200,38970.312,MW,DE,DE_LU,actual_solar_generation,Solar,2026-07-23T07:13:23Z
2026-07-23T07:11:55Z,2026-07-23T09:11:55+0200,db3f74e3-4f49-42d6-88b6-ea3283c50514,2026-07-02T08:00:00Z,2026-07-02T10:00:00+0200,40241.684,MW,DE,DE_LU,actual_solar_generation,Solar,2026-07-23T07:13:23Z
2026-07-23T07:11:55Z,2026-07-23T09:11:55+0200,db3f74e3-4f49-42d6-88b6-ea3283c50514,2026-07-02T08:15:00Z,2026-07-02T10:15:00+0200,41584.267,MW,DE,DE_LU,actual_solar_generation,Solar,2026-07-23T07:13:23Z
2026-07-23T07:11:55Z,2026-07-23T09:11:55+0200,db3f74e3-4f49-42d6-88b6-ea3283c50514,2026-07-02T08:30:00Z,2026-07-02T10:30:00+0200,42471.126,MW,DE,DE_LU,actual_solar_generation,Solar,2026-07-23T07:13:23Z
2026-07-23T07:11:55Z,2026-07-23T09:11:55+0200,db3f74e3-4f49-42d6-88b6-ea3283c50514,2026-07-02T08:45:00Z,2026-07-02T10:45:00+0200,42957.677,MW,DE,DE_LU,actual_solar_generation,Solar,2026-07-23T07:13:23Z
2026-07-23T07:11:55Z,2026-07-23T09:11:55+0200,db3f74e3-4f49-42d6-88b6-ea3283c50514,2026-07-02T09:00:00Z,2026-07-02T11:00:00+0200,42519.836,MW,DE,DE_LU,actual_solar_generation,Solar,2026-07-23T07:13:23Z
2026-07-23T07:11:55Z,2026-07-23T09:11:55+0200,db3f74e3-4f49-42d6-88b6-ea3283c50514,2026-07-02T09:15:00Z,2026-07-02T11:15:00+0200,42528.862,MW,DE,DE_LU,actual_solar_generation,Solar,2026-07-23T07:13:23Z
2026-07-23T07:11:55Z,2026-07-23T09:11:55+0200,db3f74e3-4f49-42d6-88b6-ea3283c50514,2026-07-02T09:30:00Z,2026-07-02T11:30:00+0200,42172.115,MW,DE,DE_LU,actual_solar_generation,Solar,2026-07-23T07:13:23Z
2026-07-23T07:11:55Z,2026-07-23T09:11:55+0200,db3f74e3-4f49-42d6-88b6-ea3283c50514,2026-07-02T09:45:00Z,2026-07-02T11:45:00+0200,42198.673,MW,DE,DE_LU,actual_solar_generation,Solar,2026-07-23T07:13:23Z
2026-07-23T07:11:55Z,2026-07-23T09:11:55+0200,db3f74e3-4f49-42d6-88b6-ea3283c50514,2026-07-02T10:00:00Z,2026-07-02T12:00:00+0200,42383.896,MW,DE,DE_LU,actual_solar_generation,Solar,2026-07-23T07:13:23Z
2026-07-23T07:11:55Z,2026-07-23T09:11:55+0200,db3f74e3-4f49-42d6-88b6-ea3283c50514,2026-07-02T10:15:00Z,2026-07-02T12:15:00+0200,42378.462,MW,DE,DE_LU,actual_solar_generation,Solar,2026-07-23T07:13:23Z
2026-07-23T07:11:55Z,2026-07-23T09:11:55+0200,db3f74e3-4f49-42d6-88b6-ea3283c50514,2026-07-02T10:30:00Z,2026-07-02T12:30:00+0200,41480.083,MW,DE,DE_LU,actual_solar_generation,Solar,2026-07-23T07:13:23Z
2026-07-23T07:11:55Z,2026-07-23T09:11:55+0200,db3f74e3-4f49-42d6-88b6-ea3283c50514,2026-07-02T10:45:00Z,2026-07-02T12:45:00+0200,41498.422,MW,DE,DE_LU,actual_solar_generation,Solar,2026-07-23T07:13:23Z
2026-07-23T07:11:55Z,2026-07-23T09:11:55+0200,db3f74e3-4f49-42d6-88b6-ea3283c50514,2026-07-02T11:00:00Z,2026-07-02T13:00:00+0200,40963.506,MW,DE,DE_LU,actual_solar_generation,Solar,2026-07-23T07:13:23Z
2026-07-23T07:11:55Z,2026-07-23T09:11:55+0200,db3f74e3-4f49-42d6-88b6-ea3283c50514,2026-07-02T11:15:00Z,2026-07-02T13:15:00+0200,40468.458,MW,DE,DE_LU,actual_solar_generation,Solar,2026-07-23T07:13:23Z
2026-07-23T07:11:55Z,2026-07-23T09:11:55+0200,db3f74e3-4f49-42d6-88b6-ea3283c50514,2026-07-02T11:30:00Z,2026-07-02T13:30:00+0200,39202.248,MW,DE,DE_LU,actual_solar_generation,Solar,2026-07-23T07:13:23Z
2026-07-23T07:11:55Z,2026-07-23T09:11:55+0200,db3f74e3-4f49-42d6-88b6-ea3283c50514,2026-07-02T11:45:00Z,2026-07-02T13:45:00+0200,39054.56,MW,DE,DE_LU,actual_solar_generation,Solar,2026-07-23T07:13:23Z
2026-07-23T07:11:55Z,2026-07-23T09:11:55+0200,db3f74e3-4f49-42d6-88b6-ea3283c50514,2026-07-02T12:00:00Z,2026-07-02T14:00:00+0200,38493.014,MW,DE,DE_LU,actual_solar_generation,Solar,2026-07-23T07:13:23Z
2026-07-23T07:11:55Z,2026-07-23T09:11:55+0200,db3f74e3-4f49-42d6-88b6-ea3283c50514,2026-07-02T12:15:00Z,2026-07-02T14:15:00+0200,37671.211,MW,DE,DE_LU,actual_solar_generation,Solar,2026-07-23T07:13:23Z
2026-07-23T07:11:55Z,2026-07-23T09:11:55+0200,db3f74e3-4f49-42d6-88b6-ea3283c50514,2026-07-02T12:30:00Z,2026-07-02T14:30:00+0200,36331.12,MW,DE,DE_LU,actual_solar_generation,Solar,2026-07-23T07:13:23Z
2026-07-23T07:11:55Z,2026-07-23T09:11:55+0200,db3f74e3-4f49-42d6-88b6-ea3283c50514,2026-07-02T12:45:00Z,2026-07-02T14:45:00+0200,35299.843,MW,DE,DE_LU,actual_solar_generation,Solar,2026-07-23T07:13:23Z
2026-07-23T07:11:55Z,2026-07-23T09:11:55+0200,db3f74e3-4f49-42d6-88b6-ea3283c50514,2026-07-02T13:00:00Z,2026-07-02T15:00:00+0200,34576.184,MW,DE,DE_LU,actual_solar_generation,Solar,2026-07-23T07:13:23Z
2026-07-23T07:11:55Z,2026-07-23T09:11:55+0200,db3f74e3-4f49-42d6-88b6-ea3283c50514,2026-07-02T13:15:00Z,2026-07-02T15:15:00+0200,33296.754,MW,DE,DE_LU,actual_solar_generation,Solar,2026-07-23T07:13:23Z
2026-07-23T07:11:55Z,2026-07-23T09:11:55+0200,db3f74e3-4f49-42d6-88b6-ea3283c50514,2026-07-02T13:30:00Z,2026-07-02T15:30:00+0200,31925.927,MW,DE,DE_LU,actual_solar_generation,Solar,2026-07-23T07:13:23Z
2026-07-23T07:11:55Z,2026-07-23T09:11:55+0200,db3f74e3-4f49-42d6-88b6-ea3283c50514,2026-07-02T13:45:00Z,2026-07-02T15:45:00+0200,30477.411,MW,DE,DE_LU,actual_solar_generation,Solar,2026-07-23T07:13:23Z
2026-07-23T07:11:55Z,2026-07-23T09:11:55+0200,db3f74e3-4f49-42d6-88b6-ea3283c50514,2026-07-02T14:00:00Z,2026-07-02T16:00:00+0200,30520.438,MW,DE,DE_LU,actual_solar_generation,Solar,2026-07-23T07:13:23Z
2026-07-23T07:11:55Z,2026-07-23T09:11:55+0200,db3f74e3-4f49-42d6-88b6-ea3283c50514,2026-07-02T14:15:00Z,2026-07-02T16:15:00+0200,28644.159,MW,DE,DE_LU,actual_solar_generation,Solar,2026-07-23T07:13:23Z
2026-07-23T07:11:55Z,2026-07-23T09:11:55+0200,db3f74e3-4f49-42d6-88b6-ea3283c50514,2026-07-02T14:30:00Z,2026-07-02T16:30:00+0200,27146.903,MW,DE,DE_LU,actual_solar_generation,Solar,2026-07-23T07:13:23Z
2026-07-23T07:11:55Z,2026-07-23T09:11:55+0200,db3f74e3-4f49-42d6-88b6-ea3283c50514,2026-07-02T14:45:00Z,2026-07-02T16:45:00+0200,26392.418,MW,DE,DE_LU,actual_solar_generation,Solar,2026-07-23T07:13:23Z
2026-07-23T07:11:55Z,2026-07-23T09:11:55+0200,db3f74e3-4f49-42d6-88b6-ea3283c50514,2026-07-02T15:00:00Z,2026-07-02T17:00:00+0200,24781.596,MW,DE,DE_LU,actual_solar_generation,Solar,2026-07-23T07:13:23Z
2026-07-23T07:11:55Z,2026-07-23T09:11:55+0200,db3f74e3-4f49-42d6-88b6-ea3283c50514,2026-07-02T15:15:00Z,2026-07-02T17:15:00+0200,23252.014,MW,DE,DE_LU,actual_solar_generation,Solar,2026-07-23T07:13:23Z
2026-07-23T07:11:55Z,2026-07-23T09:11:55+0200,db3f74e3-4f49-42d6-88b6-ea3283c50514,2026-07-02T15:30:00Z,2026-07-02T17:30:00+0200,21390.393,MW,DE,DE_LU,actual_solar_generation,Solar,2026-07-23T07:13:23Z
2026-07-23T07:11:55Z,2026-07-23T09:11:55+0200,db3f74e3-4f49-42d6-88b6-ea3283c50514,2026-07-02T15:45:00Z,2026-07-02T17:45:00+0200,19435.788,MW,DE,DE_LU,actual_solar_generation,Solar,2026-07-23T07:13:23Z
2026-07-23T07:11:55Z,2026-07-23T09:11:55+0200,db3f74e3-4f49-42d6-88b6-ea3283c50514,2026-07-02T16:00:00Z,2026-07-02T18:00:00+0200,17484.627,MW,DE,DE_LU,actual_solar_generation,Solar,2026-07-23T07:13:23Z
2026-07-23T07:11:55Z,2026-07-23T09:11:55+0200,db3f74e3-4f49-42d6-88b6-ea3283c50514,2026-07-02T16:15:00Z,2026-07-02T18:15:00+0200,15550.873,MW,DE,DE_LU,actual_solar_generation,Solar,2026-07-23T07:13:23Z
2026-07-23T07:11:55Z,2026-07-23T09:11:55+0200,db3f74e3-4f49-42d6-88b6-ea3283c50514,2026-07-02T16:30:00Z,2026-07-02T18:30:00+0200,13478.568,MW,DE,DE_LU,actual_solar_generation,Solar,2026-07-23T07:13:23Z
2026-07-23T07:11:55Z,2026-07-23T09:11:55+0200,db3f74e3-4f49-42d6-88b6-ea3283c50514,2026-07-02T16:45:00Z,2026-07-02T18:45:00+0200,11406.799,MW,DE,DE_LU,actual_solar_generation,Solar,2026-07-23T07:13:23Z
2026-07-23T07:11:55Z,2026-07-23T09:11:55+0200,db3f74e3-4f49-42d6-88b6-ea3283c50514,2026-07-02T17:00:00Z,2026-07-02T19:00:00+0200,9387.013,MW,DE,DE_LU,actual_solar_generation,Solar,2026-07-23T07:13:23Z
2026-07-23T07:11:55Z,2026-07-23T09:11:55+0200,db3f74e3-4f49-42d6-88b6-ea3283c50514,2026-07-02T17:15:00Z,2026-07-02T19:15:00+0200,7744.19,MW,DE,DE_LU,actual_solar_generation,Solar,2026-07-23T07:13:23Z
2026-07-23T07:11:55Z,2026-07-23T09:11:55+0200,db3f74e3-4f49-42d6-88b6-ea3283c50514,2026-07-02T17:30:00Z,2026-07-02T19:30:00+0200,6197.899,MW,DE,DE_LU,actual_solar_generation,Solar,2026-07-23T07:13:23Z
2026-07-23T07:11:55Z,2026-07-23T09:11:55+0200,db3f74e3-4f49-42d6-88b6-ea3283c50514,2026-07-02T17:45:00Z,2026-07-02T19:45:00+0200,4876.233,MW,DE,DE_LU,actual_solar_generation,Solar,2026-07-23T07:13:23Z
2026-07-23T07:11:55Z,2026-07-23T09:11:55+0200,db3f74e3-4f49-42d6-88b6-ea3283c50514,2026-07-02T18:00:00Z,2026-07-02T20:00:00+0200,3703.676,MW,DE,DE_LU,actual_solar_generation,Solar,2026-07-23T07:13:23Z
2026-07-23T07:11:55Z,2026-07-23T09:11:55+0200,db3f74e3-4f49-42d6-88b6-ea3283c50514,2026-07-02T18:15:00Z,2026-07-02T20:15:00+0200,2681.143,MW,DE,DE_LU,actual_solar_generation,Solar,2026-07-23T07:13:23Z
2026-07-23T07:11:55Z,2026-07-23T09:11:55+0200,db3f74e3-4f49-42d6-88b6-ea3283c50514,2026-07-02T18:30:00Z,2026-07-02T20:30:00+0200,1823.597,MW,DE,DE_LU,actual_solar_generation,Solar,2026-07-23T07:13:23Z
2026-07-23T07:11:55Z,2026-07-23T09:11:55+0200,db3f74e3-4f49-42d6-88b6-ea3283c50514,2026-07-02T18:45:00Z,2026-07-02T20:45:00+0200,1101.572,MW,DE,DE_LU,actual_solar_generation,Solar,2026-07-23T07:13:23Z
2026-07-23T07:11:55Z,2026-07-23T09:11:55+0200,db3f74e3-4f49-42d6-88b6-ea3283c50514,2026-07-02T19:00:00Z,2026-07-02T21:00:00+0200,589.332,MW,DE,DE_LU,actual_solar_generation,Solar,2026-07-23T07:13:23Z
2026-07-23T07:11:55Z,2026-07-23T09:11:55+0200,db3f74e3-4f49-42d6-88b6-ea3283c50514,2026-07-02T19:15:00Z,2026-07-02T21:15:00+0200,274.218,MW,DE,DE_LU,actual_solar_generation,Solar,2026-07-23T07:13:23Z
2026-07-23T07:11:55Z,2026-07-23T09:11:55+0200,db3f74e3-4f49-42d6-88b6-ea3283c50514,2026-07-02T19:30:00Z,2026-07-02T21:30:00+0200,113.715,MW,DE,DE_LU,actual_solar_generation,Solar,2026-07-23T07:13:23Z
2026-07-23T07:11:55Z,2026-07-23T09:11:55+0200,db3f74e3-4f49-42d6-88b6-ea3283c50514,2026-07-02T19:45:00Z,2026-07-02T21:45:00+0200,57.26,MW,DE,DE_LU,actual_solar_generation,Solar,2026-07-23T07:13:23Z
2026-07-23T07:11:55Z,2026-07-23T09:11:55+0200,db3f74e3-4f49-42d6-88b6-ea3283c50514,2026-07-02T20:00:00Z,2026-07-02T22:00:00+0200,39.076,MW,DE,DE_LU,actual_solar_generation,Solar,2026-07-23T07:13:23Z
2026-07-23T07:11:55Z,2026-07-23T09:11:55+0200,db3f74e3-4f49-42d6-88b6-ea3283c50514,2026-07-02T20:15:00Z,2026-07-02T22:15:00+0200,0.417,MW,DE,DE_LU,actual_solar_generation,Solar,2026-07-23T07:13:23Z
2026-07-23T07:11:55Z,2026-07-23T09:11:55+0200,db3f74e3-4f49-42d6-88b6-ea3283c50514,2026-07-02T20:30:00Z,2026-07-02T22:30:00+0200,0.242,MW,DE,DE_LU,actual_solar_generation,Solar,2026-07-23T07:13:23Z
2026-07-23T07:11:55Z,2026-07-23T09:11:55+0200,db3f74e3-4f49-42d6-88b6-ea3283c50514,2026-07-02T20:45:00Z,2026-07-02T22:45:00+0200,0.185,MW,DE,DE_LU,actual_solar_generation,Solar,2026-07-23T07:13:23Z
2026-07-23T07:11:55Z,2026-07-23T09:11:55+0200,db3f74e3-4f49-42d6-88b6-ea3283c50514,2026-07-02T21:00:00Z,2026-07-02T23:00:00+0200,0.205,MW,DE,DE_LU,actual_solar_generation,Solar,2026-07-23T07:13:23Z
2026-07-23T07:11:55Z,2026-07-23T09:11:55+0200,db3f74e3-4f49-42d6-88b6-ea3283c50514,2026-07-02T21:15:00Z,2026-07-02T23:15:00+0200,0.169,MW,DE,DE_LU,actual_solar_generation,Solar,2026-07-23T07:13:23Z
2026-07-23T07:11:55Z,2026-07-23T09:11:55+0200,db3f74e3-4f49-42d6-88b6-ea3283c50514,2026-07-02T21:30:00Z,2026-07-02T23:30:00+0200,0.162,MW,DE,DE_LU,actual_solar_generation,Solar,2026-07-23T07:13:23Z
2026-07-23T07:11:55Z,2026-07-23T09:11:55+0200,db3f74e3-4f49-42d6-88b6-ea3283c50514,2026-07-02T21:45:00Z,2026-07-02T23:45:00+0200,0.156,MW,DE,DE_LU,actual_solar_generation,Solar,2026-07-23T07:13:23Z
2026-07-23T07:11:55Z,2026-07-23T09:11:55+0200,db3f74e3-4f49-42d6-88b6-ea3283c50514,2026-07-02T22:00:00Z,2026-07-03T00:00:00+0200,0.145,MW,DE,DE_LU,actual_solar_generation,Solar,2026-07-23T07:13:23Z
2026-07-23T07:11:55Z,2026-07-23T09:11:55+0200,db3f74e3-4f49-42d6-88b6-ea3283c50514,2026-07-02T22:15:00Z,2026-07-03T00:15:00+0200,0.134,MW,DE,DE_LU,actual_solar_generation,Solar,2026-07-23T07:13:23Z
2026-07-23T07:11:55Z,2026-07-23T09:11:55+0200,db3f74e3-4f49-42d6-88b6-ea3283c50514,2026-07-02T22:30:00Z,2026-07-03T00:30:00+0200,0.122,MW,DE,DE_LU,actual_solar_generation,Solar,2026-07-23T07:13:23Z
2026-07-23T07:11:55Z,2026-07-23T09:11:55+0200,db3f74e3-4f49-42d6-88b6-ea3283c50514,2026-07-02T22:45:00Z,2026-07-03T00:45:00+0200,0.118,MW,DE,DE_LU,actual_solar_generation,Solar,2026-07-23T07:13:23Z
2026-07-23T07:11:55Z,2026-07-23T09:11:55+0200,db3f74e3-4f49-42d6-88b6-ea3283c50514,2026-07-02T23:00:00Z,2026-07-03T01:00:00+0200,0.12,MW,DE,DE_LU,actual_solar_generation,Solar,2026-07-23T07:13:23Z
2026-07-23T07:11:55Z,2026-07-23T09:11:55+0200,db3f74e3-4f49-42d6-88b6-ea3283c50514,2026-07-02T23:15:00Z,2026-07-03T01:15:00+0200,0.106,MW,DE,DE_LU,actual_solar_generation,Solar,2026-07-23T07:13:23Z
2026-07-23T07:11:55Z,2026-07-23T09:11:55+0200,db3f74e3-4f49-42d6-88b6-ea3283c50514,2026-07-02T23:30:00Z,2026-07-03T01:30:00+0200,0.111,MW,DE,DE_LU,actual_solar_generation,Solar,2026-07-23T07:13:23Z
2026-07-23T07:11:55Z,2026-07-23T09:11:55+0200,db3f74e3-4f49-42d6-88b6-ea3283c50514,2026-07-02T23:45:00Z,2026-07-03T01:45:00+0200,0.103,MW,DE,DE_LU,actual_solar_generation,Solar,2026-07-23T07:13:23Z
2026-07-23T07:11:55Z,2026-07-23T09:11:55+0200,db3f74e3-4f49-42d6-88b6-ea3283c50514,2026-07-03T00:00:00Z,2026-07-03T02:00:00+0200,0.103,MW,DE,DE_LU,actual_solar_generation,Solar,2026-07-23T07:13:23Z
2026-07-23T07:11:55Z,2026-07-23T09:11:55+0200,db3f74e3-4f49-42d6-88b6-ea3283c50514,2026-07-03T00:15:00Z,2026-07-03T02:15:00+0200,0.102,MW,DE,DE_LU,actual_solar_generation,Solar,2026-07-23T07:13:23Z
2026-07-23T07:11:55Z,2026-07-23T09:11:55+0200,db3f74e3-4f49-42d6-88b6-ea3283c50514,2026-07-03T00:30:00Z,2026-07-03T02:30:00+0200,0.106,MW,DE,DE_LU,actual_solar_generation,Solar,2026-07-23T07:13:23Z
2026-07-23T07:11:55Z,2026-07-23T09:11:55+0200,db3f74e3-4f49-42d6-88b6-ea3283c50514,2026-07-03T00:45:00Z,2026-07-03T02:45:00+0200,0.106,MW,DE,DE_LU,actual_solar_generation,Solar,2026-07-23T07:13:23Z
2026-07-23T07:11:55Z,2026-07-23T09:11:55+0200,db3f74e3-4f49-42d6-88b6-ea3283c50514,2026-07-03T01:00:00Z,2026-07-03T03:00:00+0200,0.108,MW,DE,DE_LU,actual_solar_generation,Solar,2026-07-23T07:13:23Z
2026-07-23T07:11:55Z,2026-07-23T09:11:55+0200,db3f74e3-4f49-42d6-88b6-ea3283c50514,2026-07-03T01:15:00Z,2026-07-03T03:15:00+0200,0.095,MW,DE,DE_LU,actual_solar_generation,Solar,2026-07-23T07:13:23Z
2026-07-23T07:11:55Z,2026-07-23T09:11:55+0200,db3f74e3-4f49-42d6-88b6-ea3283c50514,2026-07-03T01:30:00Z,2026-07-03T03:30:00+0200,0.09,MW,DE,DE_LU,actual_solar_generation,Solar,2026-07-23T07:13:23Z
2026-07-23T07:11:55Z,2026-07-23T09:11:55+0200,db3f74e3-4f49-42d6-88b6-ea3283c50514,2026-07-03T01:45:00Z,2026-07-03T03:45:00+0200,0.081,MW,DE,DE_LU,actual_solar_generation,Solar,2026-07-23T07:13:23Z
2026-07-23T07:11:55Z,2026-07-23T09:11:55+0200,db3f74e3-4f49-42d6-88b6-ea3283c50514,2026-07-03T02:00:00Z,2026-07-03T04:00:00+0200,0.073,MW,DE,DE_LU,actual_solar_generation,Solar,2026-07-23T07:13:23Z
2026-07-23T07:11:55Z,2026-07-23T09:11:55+0200,db3f74e3-4f49-42d6-88b6-ea3283c50514,2026-07-03T02:15:00Z,2026-07-03T04:15:00+0200,0.095,MW,DE,DE_LU,actual_solar_generation,Solar,2026-07-23T07:13:23Z
2026-07-23T07:11:55Z,2026-07-23T09:11:55+0200,db3f74e3-4f49-42d6-88b6-ea3283c50514,2026-07-03T02:30:00Z,2026-07-03T04:30:00+0200,1.02,MW,DE,DE_LU,actual_solar_generation,Solar,2026-07-23T07:13:23Z
2026-07-23T07:11:55Z,2026-07-23T09:11:55+0200,db3f74e3-4f49-42d6-88b6-ea3283c50514,2026-07-03T02:45:00Z,2026-07-03T04:45:00+0200,37.587,MW,DE,DE_LU,actual_solar_generation,Solar,2026-07-23T07:13:23Z
2026-07-23T07:11:55Z,2026-07-23T09:11:55+0200,db3f74e3-4f49-42d6-88b6-ea3283c50514,2026-07-03T03:00:00Z,2026-07-03T05:00:00+0200,102.804,MW,DE,DE_LU,actual_solar_generation,Solar,2026-07-23T07:13:23Z
2026-07-23T07:11:55Z,2026-07-23T09:11:55+0200,db3f74e3-4f49-42d6-88b6-ea3283c50514,2026-07-03T03:15:00Z,2026-07-03T05:15:00+0200,291.957,MW,DE,DE_LU,actual_solar_generation,Solar,2026-07-23T07:13:23Z
2026-07-23T07:11:55Z,2026-07-23T09:11:55+0200,db3f74e3-4f49-42d6-88b6-ea3283c50514,2026-07-03T03:30:00Z,2026-07-03T05:30:00+0200,723.336,MW,DE,DE_LU,actual_solar_generation,Solar,2026-07-23T07:13:23Z
2026-07-23T07:11:55Z,2026-07-23T09:11:55+0200,db3f74e3-4f49-42d6-88b6-ea3283c50514,2026-07-03T03:45:00Z,2026-07-03T05:45:00+0200,1497.721,MW,DE,DE_LU,actual_solar_generation,Solar,2026-07-23T07:13:23Z
2026-07-23T07:11:55Z,2026-07-23T09:11:55+0200,db3f74e3-4f49-42d6-88b6-ea3283c50514,2026-07-03T04:00:00Z,2026-07-03T06:00:00+0200,2462.713,MW,DE,DE_LU,actual_solar_generation,Solar,2026-07-23T07:13:23Z
2026-07-23T07:11:55Z,2026-07-23T09:11:55+0200,db3f74e3-4f49-42d6-88b6-ea3283c50514,2026-07-03T04:15:00Z,2026-07-03T06:15:00+0200,3652.619,MW,DE,DE_LU,actual_solar_generation,Solar,2026-07-23T07:13:23Z
2026-07-23T07:11:55Z,2026-07-23T09:11:55+0200,db3f74e3-4f49-42d6-88b6-ea3283c50514,2026-07-03T04:30:00Z,2026-07-03T06:30:00+0200,5131.096,MW,DE,DE_LU,actual_solar_generation,Solar,2026-07-23T07:13:23Z
2026-07-23T07:11:55Z,2026-07-23T09:11:55+0200,db3f74e3-4f49-42d6-88b6-ea3283c50514,2026-07-03T04:45:00Z,2026-07-03T06:45:00+0200,6943.404,MW,DE,DE_LU,actual_solar_generation,Solar,2026-07-23T07:13:23Z
2026-07-23T07:11:55Z,2026-07-23T09:11:55+0200,db3f74e3-4f49-42d6-88b6-ea3283c50514,2026-07-03T05:00:00Z,2026-07-03T07:00:00+0200,9007.984,MW,DE,DE_LU,actual_solar_generation,Solar,2026-07-23T07:13:23Z
2026-07-23T07:11:55Z,2026-07-23T09:11:55+0200,db3f74e3-4f49-42d6-88b6-ea3283c50514,2026-07-03T05:15:00Z,2026-07-03T07:15:00+0200,11367.942,MW,DE,DE_LU,actual_solar_generation,Solar,2026-07-23T07:13:23Z
2026-07-23T07:11:55Z,2026-07-23T09:11:55+0200,db3f74e3-4f49-42d6-88b6-ea3283c50514,2026-07-03T05:30:00Z,2026-07-03T07:30:00+0200,14011.184,MW,DE,DE_LU,actual_solar_generation,Solar,2026-07-23T07:13:23Z
2026-07-23T07:11:55Z,2026-07-23T09:11:55+0200,db3f74e3-4f49-42d6-88b6-ea3283c50514,2026-07-03T05:45:00Z,2026-07-03T07:45:00+0200,16716.405,MW,DE,DE_LU,actual_solar_generation,Solar,2026-07-23T07:13:23Z
2026-07-23T07:11:55Z,2026-07-23T09:11:55+0200,db3f74e3-4f49-42d6-88b6-ea3283c50514,2026-07-03T06:00:00Z,2026-07-03T08:00:00+0200,19350.004,MW,DE,DE_LU,actual_solar_generation,Solar,2026-07-23T07:13:23Z
2026-07-23T07:11:55Z,2026-07-23T09:11:55+0200,db3f74e3-4f49-42d6-88b6-ea3283c50514,2026-07-03T06:15:00Z,2026-07-03T08:15:00+0200,22098.828,MW,DE,DE_LU,actual_solar_generation,Solar,2026-07-23T07:13:23Z
2026-07-23T07:11:55Z,2026-07-23T09:11:55+0200,db3f74e3-4f49-42d6-88b6-ea3283c50514,2026-07-03T06:30:00Z,2026-07-03T08:30:00+0200,24599.757,MW,DE,DE_LU,actual_solar_generation,Solar,2026-07-23T07:13:23Z
2026-07-23T07:11:55Z,2026-07-23T09:11:55+0200,db3f74e3-4f49-42d6-88b6-ea3283c50514,2026-07-03T06:45:00Z,2026-07-03T08:45:00+0200,27136.812,MW,DE,DE_LU,actual_solar_generation,Solar,2026-07-23T07:13:23Z
2026-07-23T07:11:55Z,2026-07-23T09:11:55+0200,db3f74e3-4f49-42d6-88b6-ea3283c50514,2026-07-03T07:00:00Z,2026-07-03T09:00:00+0200,29651.116,MW,DE,DE_LU,actual_solar_generation,Solar,2026-07-23T07:13:23Z
2026-07-23T07:11:55Z,2026-07-23T09:11:55+0200,db3f74e3-4f49-42d6-88b6-ea3283c50514,2026-07-03T07:15:00Z,2026-07-03T09:15:00+0200,31813.848,MW,DE,DE_LU,actual_solar_generation,Solar,2026-07-23T07:13:23Z
2026-07-23T07:11:55Z,2026-07-23T09:11:55+0200,db3f74e3-4f49-42d6-88b6-ea3283c50514,2026-07-03T07:30:00Z,2026-07-03T09:30:00+0200,33569.893,MW,DE,DE_LU,actual_solar_generation,Solar,2026-07-23T07:13:23Z
2026-07-23T07:11:55Z,2026-07-23T09:11:55+0200,db3f74e3-4f49-42d6-88b6-ea3283c50514,2026-07-03T07:45:00Z,2026-07-03T09:45:00+0200,34901.886,MW,DE,DE_LU,actual_solar_generation,Solar,2026-07-23T07:13:23Z
2026-07-23T07:11:55Z,2026-07-23T09:11:55+0200,db3f74e3-4f49-42d6-88b6-ea3283c50514,2026-07-03T08:00:00Z,2026-07-03T10:00:00+0200,35874.75,MW,DE,DE_LU,actual_solar_generation,Solar,2026-07-23T07:13:23Z
2026-07-23T07:11:55Z,2026-07-23T09:11:55+0200,db3f74e3-4f49-42d6-88b6-ea3283c50514,2026-07-03T08:15:00Z,2026-07-03T10:15:00+0200,36989.772,MW,DE,DE_LU,actual_solar_generation,Solar,2026-07-23T07:13:23Z
2026-07-23T07:11:55Z,2026-07-23T09:11:55+0200,db3f74e3-4f49-42d6-88b6-ea3283c50514,2026-07-03T08:30:00Z,2026-07-03T10:30:00+0200,38304.776,MW,DE,DE_LU,actual_solar_generation,Solar,2026-07-23T07:13:23Z
2026-07-23T07:11:55Z,2026-07-23T09:11:55+0200,db3f74e3-4f49-42d6-88b6-ea3283c50514,2026-07-03T08:45:00Z,2026-07-03T10:45:00+0200,38321.54,MW,DE,DE_LU,actual_solar_generation,Solar,2026-07-23T07:13:23Z
2026-07-23T07:11:55Z,2026-07-23T09:11:55+0200,db3f74e3-4f49-42d6-88b6-ea3283c50514,2026-07-03T09:00:00Z,2026-07-03T11:00:00+0200,39103.001,MW,DE,DE_LU,actual_solar_generation,Solar,2026-07-23T07:13:23Z
2026-07-23T07:11:55Z,2026-07-23T09:11:55+0200,db3f74e3-4f49-42d6-88b6-ea3283c50514,2026-07-03T09:15:00Z,2026-07-03T11:15:00+0200,39155.039,MW,DE,DE_LU,actual_solar_generation,Solar,2026-07-23T07:13:23Z
2026-07-23T07:11:55Z,2026-07-23T09:11:55+0200,db3f74e3-4f49-42d6-88b6-ea3283c50514,2026-07-03T09:30:00Z,2026-07-03T11:30:00+0200,40272.99,MW,DE,DE_LU,actual_solar_generation,Solar,2026-07-23T07:13:23Z
2026-07-23T07:11:55Z,2026-07-23T09:11:55+0200,db3f74e3-4f49-42d6-88b6-ea3283c50514,2026-07-03T09:45:00Z,2026-07-03T11:45:00+0200,40187.538,MW,DE,DE_LU,actual_solar_generation,Solar,2026-07-23T07:13:23Z
2026-07-23T07:11:55Z,2026-07-23T09:11:55+0200,db3f74e3-4f49-42d6-88b6-ea3283c50514,2026-07-03T10:00:00Z,2026-07-03T12:00:00+0200,41105.549,MW,DE,DE_LU,actual_solar_generation,Solar,2026-07-23T07:13:23Z
2026-07-23T07:11:55Z,2026-07-23T09:11:55+0200,db3f74e3-4f49-42d6-88b6-ea3283c50514,2026-07-03T10:15:00Z,2026-07-03T12:15:00+0200,41821.595,MW,DE,DE_LU,actual_solar_generation,Solar,2026-07-23T07:13:23Z
2026-07-23T07:11:55Z,2026-07-23T09:11:55+0200,db3f74e3-4f49-42d6-88b6-ea3283c50514,2026-07-03T10:30:00Z,2026-07-03T12:30:00+0200,43077.872,MW,DE,DE_LU,actual_solar_generation,Solar,2026-07-23T07:13:23Z
2026-07-23T07:11:55Z,2026-07-23T09:11:55+0200,db3f74e3-4f49-42d6-88b6-ea3283c50514,2026-07-03T10:45:00Z,2026-07-03T12:45:00+0200,42688.77,MW,DE,DE_LU,actual_solar_generation,Solar,2026-07-23T07:13:23Z
2026-07-23T07:11:55Z,2026-07-23T09:11:55+0200,db3f74e3-4f49-42d6-88b6-ea3283c50514,2026-07-03T11:00:00Z,2026-07-03T13:00:00+0200,43644.077,MW,DE,DE_LU,actual_solar_generation,Solar,2026-07-23T07:13:23Z
2026-07-23T07:11:55Z,2026-07-23T09:11:55+0200,db3f74e3-4f49-42d6-88b6-ea3283c50514,2026-07-03T11:15:00Z,2026-07-03T13:15:00+0200,42729.135,MW,DE,DE_LU,actual_solar_generation,Solar,2026-07-23T07:13:23Z
2026-07-23T07:11:55Z,2026-07-23T09:11:55+0200,db3f74e3-4f49-42d6-88b6-ea3283c50514,2026-07-03T11:30:00Z,2026-07-03T13:30:00+0200,42737.862,MW,DE,DE_LU,actual_solar_generation,Solar,2026-07-23T07:13:23Z
2026-07-23T07:11:55Z,2026-07-23T09:11:55+0200,db3f74e3-4f49-42d6-88b6-ea3283c50514,2026-07-03T11:45:00Z,2026-07-03T13:45:00+0200,42910.991,MW,DE,DE_LU,actual_solar_generation,Solar,2026-07-23T07:13:23Z
2026-07-23T07:11:55Z,2026-07-23T09:11:55+0200,db3f74e3-4f49-42d6-88b6-ea3283c50514,2026-07-03T12:00:00Z,2026-07-03T14:00:00+0200,42259.78,MW,DE,DE_LU,actual_solar_generation,Solar,2026-07-23T07:13:23Z
2026-07-23T07:11:55Z,2026-07-23T09:11:55+0200,db3f74e3-4f49-42d6-88b6-ea3283c50514,2026-07-03T12:15:00Z,2026-07-03T14:15:00+0200,42742.863,MW,DE,DE_LU,actual_solar_generation,Solar,2026-07-23T07:13:23Z
2026-07-23T07:11:55Z,2026-07-23T09:11:55+0200,db3f74e3-4f49-42d6-88b6-ea3283c50514,2026-07-03T12:30:00Z,2026-07-03T14:30:00+0200,41956.382,MW,DE,DE_LU,actual_solar_generation,Solar,2026-07-23T07:13:23Z
2026-07-23T07:11:55Z,2026-07-23T09:11:55+0200,db3f74e3-4f49-42d6-88b6-ea3283c50514,2026-07-03T12:45:00Z,2026-07-03T14:45:00+0200,41079.91,MW,DE,DE_LU,actual_solar_generation,Solar,2026-07-23T07:13:23Z
2026-07-23T07:11:55Z,2026-07-23T09:11:55+0200,db3f74e3-4f49-42d6-88b6-ea3283c50514,2026-07-03T13:00:00Z,2026-07-03T15:00:00+0200,40809.303,MW,DE,DE_LU,actual_solar_generation,Solar,2026-07-23T07:13:23Z
2026-07-23T07:11:55Z,2026-07-23T09:11:55+0200,db3f74e3-4f49-42d6-88b6-ea3283c50514,2026-07-03T13:15:00Z,2026-07-03T15:15:00+0200,39896.815,MW,DE,DE_LU,actual_solar_generation,Solar,2026-07-23T07:13:23Z
2026-07-23T07:11:55Z,2026-07-23T09:11:55+0200,db3f74e3-4f49-42d6-88b6-ea3283c50514,2026-07-03T13:30:00Z,2026-07-03T15:30:00+0200,39147.12,MW,DE,DE_LU,actual_solar_generation,Solar,2026-07-23T07:13:23Z
2026-07-23T07:11:55Z,2026-07-23T09:11:55+0200,db3f74e3-4f49-42d6-88b6-ea3283c50514,2026-07-03T13:45:00Z,2026-07-03T15:45:00+0200,38397.838,MW,DE,DE_LU,actual_solar_generation,Solar,2026-07-23T07:13:23Z
2026-07-23T07:11:55Z,2026-07-23T09:11:55+0200,db3f74e3-4f49-42d6-88b6-ea3283c50514,2026-07-03T14:00:00Z,2026-07-03T16:00:00+0200,37479.76,MW,DE,DE_LU,actual_solar_generation,Solar,2026-07-23T07:13:23Z
2026-07-23T07:11:55Z,2026-07-23T09:11:55+0200,db3f74e3-4f49-42d6-88b6-ea3283c50514,2026-07-03T14:15:00Z,2026-07-03T16:15:00+0200,36156.673,MW,DE,DE_LU,actual_solar_generation,Solar,2026-07-23T07:13:23Z
2026-07-23T07:11:55Z,2026-07-23T09:11:55+0200,db3f74e3-4f49-42d6-88b6-ea3283c50514,2026-07-03T14:30:00Z,2026-07-03T16:30:00+0200,34087.682,MW,DE,DE_LU,actual_solar_generation,Solar,2026-07-23T07:13:23Z
2026-07-23T07:11:55Z,2026-07-23T09:11:55+0200,db3f74e3-4f49-42d6-88b6-ea3283c50514,2026-07-03T14:45:00Z,2026-07-03T16:45:00+0200,32517.015,MW,DE,DE_LU,actual_solar_generation,Solar,2026-07-23T07:13:23Z
2026-07-23T07:11:55Z,2026-07-23T09:11:55+0200,db3f74e3-4f49-42d6-88b6-ea3283c50514,2026-07-03T15:00:00Z,2026-07-03T17:00:00+0200,30698.247,MW,DE,DE_LU,actual_solar_generation,Solar,2026-07-23T07:13:23Z
2026-07-23T07:11:55Z,2026-07-23T09:11:55+0200,db3f74e3-4f49-42d6-88b6-ea3283c50514,2026-07-03T15:15:00Z,2026-07-03T17:15:00+0200,29573.692,MW,DE,DE_LU,actual_solar_generation,Solar,2026-07-23T07:13:23Z
2026-07-23T07:11:55Z,2026-07-23T09:11:55+0200,db3f74e3-4f49-42d6-88b6-ea3283c50514,2026-07-03T15:30:00Z,2026-07-03T17:30:00+0200,28464.44,MW,DE,DE_LU,actual_solar_generation,Solar,2026-07-23T07:13:23Z
2026-07-23T07:11:55Z,2026-07-23T09:11:55+0200,db3f74e3-4f49-42d6-88b6-ea3283c50514,2026-07-03T15:45:00Z,2026-07-03T17:45:00+0200,26406.265,MW,DE,DE_LU,actual_solar_generation,Solar,2026-07-23T07:13:23Z
2026-07-23T07:11:55Z,2026-07-23T09:11:55+0200,db3f74e3-4f49-42d6-88b6-ea3283c50514,2026-07-03T16:00:00Z,2026-07-03T18:00:00+0200,24086.554,MW,DE,DE_LU,actual_solar_generation,Solar,2026-07-23T07:13:23Z
2026-07-23T07:11:55Z,2026-07-23T09:11:55+0200,db3f74e3-4f49-42d6-88b6-ea3283c50514,2026-07-03T16:15:00Z,2026-07-03T18:15:00+0200,21525.141,MW,DE,DE_LU,actual_solar_generation,Solar,2026-07-23T07:13:23Z
2026-07-23T07:11:55Z,2026-07-23T09:11:55+0200,db3f74e3-4f49-42d6-88b6-ea3283c50514,2026-07-03T16:30:00Z,2026-07-03T18:30:00+0200,18858.778,MW,DE,DE_LU,actual_solar_generation,Solar,2026-07-23T07:13:23Z
2026-07-23T07:11:55Z,2026-07-23T09:11:55+0200,db3f74e3-4f49-42d6-88b6-ea3283c50514,2026-07-03T16:45:00Z,2026-07-03T18:45:00+0200,16083.95,MW,DE,DE_LU,actual_solar_generation,Solar,2026-07-23T07:13:23Z
2026-07-23T07:11:55Z,2026-07-23T09:11:55+0200,db3f74e3-4f49-42d6-88b6-ea3283c50514,2026-07-03T17:00:00Z,2026-07-03T19:00:00+0200,13406.954,MW,DE,DE_LU,actual_solar_generation,Solar,2026-07-23T07:13:23Z
2026-07-23T07:11:55Z,2026-07-23T09:11:55+0200,db3f74e3-4f49-42d6-88b6-ea3283c50514,2026-07-03T17:15:00Z,2026-07-03T19:15:00+0200,10810.07,MW,DE,DE_LU,actual_solar_generation,Solar,2026-07-23T07:13:23Z
2026-07-23T07:11:55Z,2026-07-23T09:11:55+0200,db3f74e3-4f49-42d6-88b6-ea3283c50514,2026-07-03T17:30:00Z,2026-07-03T19:30:00+0200,8532.402,MW,DE,DE_LU,actual_solar_generation,Solar,2026-07-23T07:13:23Z
2026-07-23T07:11:55Z,2026-07-23T09:11:55+0200,db3f74e3-4f49-42d6-88b6-ea3283c50514,2026-07-03T17:45:00Z,2026-07-03T19:45:00+0200,6604.095,MW,DE,DE_LU,actual_solar_generation,Solar,2026-07-23T07:13:23Z
2026-07-23T07:11:55Z,2026-07-23T09:11:55+0200,db3f74e3-4f49-42d6-88b6-ea3283c50514,2026-07-03T18:00:00Z,2026-07-03T20:00:00+0200,4871.157,MW,DE,DE_LU,actual_solar_generation,Solar,2026-07-23T07:13:23Z
2026-07-23T07:11:55Z,2026-07-23T09:11:55+0200,db3f74e3-4f49-42d6-88b6-ea3283c50514,2026-07-03T18:15:00Z,2026-07-03T20:15:00+0200,3453.438,MW,DE,DE_LU,actual_solar_generation,Solar,2026-07-23T07:13:23Z
2026-07-23T07:11:55Z,2026-07-23T09:11:55+0200,db3f74e3-4f49-42d6-88b6-ea3283c50514,2026-07-03T18:30:00Z,2026-07-03T20:30:00+0200,2309.913,MW,DE,DE_LU,actual_solar_generation,Solar,2026-07-23T07:13:23Z
2026-07-23T07:11:55Z,2026-07-23T09:11:55+0200,db3f74e3-4f49-42d6-88b6-ea3283c50514,2026-07-03T18:45:00Z,2026-07-03T20:45:00+0200,1337.147,MW,DE,DE_LU,actual_solar_generation,Solar,2026-07-23T07:13:23Z
2026-07-23T07:11:55Z,2026-07-23T09:11:55+0200,db3f74e3-4f49-42d6-88b6-ea3283c50514,2026-07-03T19:00:00Z,2026-07-03T21:00:00+0200,632.825,MW,DE,DE_LU,actual_solar_generation,Solar,2026-07-23T07:13:23Z
2026-07-23T07:11:55Z,2026-07-23T09:11:55+0200,db3f74e3-4f49-42d6-88b6-ea3283c50514,2026-07-03T19:15:00Z,2026-07-03T21:15:00+0200,226.379,MW,DE,DE_LU,actual_solar_generation,Solar,2026-07-23T07:13:23Z
2026-07-23T07:11:55Z,2026-07-23T09:11:55+0200,db3f74e3-4f49-42d6-88b6-ea3283c50514,2026-07-03T19:30:00Z,2026-07-03T21:30:00+0200,58.459,MW,DE,DE_LU,actual_solar_generation,Solar,2026-07-23T07:13:23Z
2026-07-23T07:11:55Z,2026-07-23T09:11:55+0200,db3f74e3-4f49-42d6-88b6-ea3283c50514,2026-07-03T19:45:00Z,2026-07-03T21:45:00+0200,8.714,MW,DE,DE_LU,actual_solar_generation,Solar,2026-07-23T07:13:23Z
2026-07-23T07:11:55Z,2026-07-23T09:11:55+0200,db3f74e3-4f49-42d6-88b6-ea3283c50514,2026-07-03T20:00:00Z,2026-07-03T22:00:00+0200,4.016,MW,DE,DE_LU,actual_solar_generation,Solar,2026-07-23T07:13:23Z
2026-07-23T07:11:55Z,2026-07-23T09:11:55+0200,db3f74e3-4f49-42d6-88b6-ea3283c50514,2026-07-03T20:15:00Z,2026-07-03T22:15:00+0200,0.452,MW,DE,DE_LU,actual_solar_generation,Solar,2026-07-23T07:13:23Z
2026-07-23T07:11:55Z,2026-07-23T09:11:55+0200,db3f74e3-4f49-42d6-88b6-ea3283c50514,2026-07-03T20:30:00Z,2026-07-03T22:30:00+0200,0.24,MW,DE,DE_LU,actual_solar_generation,Solar,2026-07-23T07:13:23Z
2026-07-23T07:11:55Z,2026-07-23T09:11:55+0200,db3f74e3-4f49-42d6-88b6-ea3283c50514,2026-07-03T20:45:00Z,2026-07-03T22:45:00+0200,0.213,MW,DE,DE_LU,actual_solar_generation,Solar,2026-07-23T07:13:23Z
2026-07-23T07:11:55Z,2026-07-23T09:11:55+0200,db3f74e3-4f49-42d6-88b6-ea3283c50514,2026-07-03T21:00:00Z,2026-07-03T23:00:00+0200,0.213,MW,DE,DE_LU,actual_solar_generation,Solar,2026-07-23T07:13:23Z
2026-07-23T07:11:55Z,2026-07-23T09:11:55+0200,db3f74e3-4f49-42d6-88b6-ea3283c50514,2026-07-03T21:15:00Z,2026-07-03T23:15:00+0200,0.203,MW,DE,DE_LU,actual_solar_generation,Solar,2026-07-23T07:13:23Z
2026-07-23T07:11:55Z,2026-07-23T09:11:55+0200,db3f74e3-4f49-42d6-88b6-ea3283c50514,2026-07-03T21:30:00Z,2026-07-03T23:30:00+0200,0.189,MW,DE,DE_LU,actual_solar_generation,Solar,2026-07-23T07:13:23Z
2026-07-23T07:11:55Z,2026-07-23T09:11:55+0200,db3f74e3-4f49-42d6-88b6-ea3283c50514,2026-07-03T21:45:00Z,2026-07-03T23:45:00+0200,0.181,MW,DE,DE_LU,actual_solar_generation,Solar,2026-07-23T07:13:23Z
2026-07-23T07:11:55Z,2026-07-23T09:11:55+0200,db3f74e3-4f49-42d6-88b6-ea3283c50514,2026-07-03T22:00:00Z,2026-07-04T00:00:00+0200,0.194,MW,DE,DE_LU,actual_solar_generation,Solar,2026-07-23T07:13:23Z
2026-07-23T07:11:55Z,2026-07-23T09:11:55+0200,db3f74e3-4f49-42d6-88b6-ea3283c50514,2026-07-03T22:15:00Z,2026-07-04T00:15:00+0200,0.151,MW,DE,DE_LU,actual_solar_generation,Solar,2026-07-23T07:13:23Z
2026-07-23T07:11:55Z,2026-07-23T09:11:55+0200,db3f74e3-4f49-42d6-88b6-ea3283c50514,2026-07-03T22:30:00Z,2026-07-04T00:30:00+0200,0.147,MW,DE,DE_LU,actual_solar_generation,Solar,2026-07-23T07:13:23Z
2026-07-23T07:11:55Z,2026-07-23T09:11:55+0200,db3f74e3-4f49-42d6-88b6-ea3283c50514,2026-07-03T22:45:00Z,2026-07-04T00:45:00+0200,0.144,MW,DE,DE_LU,actual_solar_generation,Solar,2026-07-23T07:13:23Z
2026-07-23T07:11:55Z,2026-07-23T09:11:55+0200,db3f74e3-4f49-42d6-88b6-ea3283c50514,2026-07-03T23:00:00Z,2026-07-04T01:00:00+0200,0.162,MW,DE,DE_LU,actual_solar_generation,Solar,2026-07-23T07:13:23Z
2026-07-23T07:11:55Z,2026-07-23T09:11:55+0200,db3f74e3-4f49-42d6-88b6-ea3283c50514,2026-07-03T23:15:00Z,2026-07-04T01:15:00+0200,0.125,MW,DE,DE_LU,actual_solar_generation,Solar,2026-07-23T07:13:23Z
2026-07-23T07:11:55Z,2026-07-23T09:11:55+0200,db3f74e3-4f49-42d6-88b6-ea3283c50514,2026-07-03T23:30:00Z,2026-07-04T01:30:00+0200,0.101,MW,DE,DE_LU,actual_solar_generation,Solar,2026-07-23T07:13:23Z
2026-07-23T07:11:55Z,2026-07-23T09:11:55+0200,db3f74e3-4f49-42d6-88b6-ea3283c50514,2026-07-03T23:45:00Z,2026-07-04T01:45:00+0200,0.109,MW,DE,DE_LU,actual_solar_generation,Solar,2026-07-23T07:13:23Z
2026-07-23T07:11:55Z,2026-07-23T09:11:55+0200,db3f74e3-4f49-42d6-88b6-ea3283c50514,2026-07-04T00:00:00Z,2026-07-04T02:00:00+0200,0.117,MW,DE,DE_LU,actual_solar_generation,Solar,2026-07-23T07:13:23Z
2026-07-23T07:11:55Z,2026-07-23T09:11:55+0200,db3f74e3-4f49-42d6-88b6-ea3283c50514,2026-07-04T00:15:00Z,2026-07-04T02:15:00+0200,0.104,MW,DE,DE_LU,actual_solar_generation,Solar,2026-07-23T07:13:23Z
2026-07-23T07:11:55Z,2026-07-23T09:11:55+0200,db3f74e3-4f49-42d6-88b6-ea3283c50514,2026-07-04T00:30:00Z,2026-07-04T02:30:00+0200,0.099,MW,DE,DE_LU,actual_solar_generation,Solar,2026-07-23T07:13:23Z
2026-07-23T07:11:55Z,2026-07-23T09:11:55+0200,db3f74e3-4f49-42d6-88b6-ea3283c50514,2026-07-04T00:45:00Z,2026-07-04T02:45:00+0200,0.089,MW,DE,DE_LU,actual_solar_generation,Solar,2026-07-23T07:13:23Z
2026-07-23T07:11:55Z,2026-07-23T09:11:55+0200,db3f74e3-4f49-42d6-88b6-ea3283c50514,2026-07-04T01:00:00Z,2026-07-04T03:00:00+0200,0.101,MW,DE,DE_LU,actual_solar_generation,Solar,2026-07-23T07:13:23Z
2026-07-23T07:11:55Z,2026-07-23T09:11:55+0200,db3f74e3-4f49-42d6-88b6-ea3283c50514,2026-07-04T01:15:00Z,2026-07-04T03:15:00+0200,0.092,MW,DE,DE_LU,actual_solar_generation,Solar,2026-07-23T07:13:23Z
2026-07-23T07:11:55Z,2026-07-23T09:11:55+0200,db3f74e3-4f49-42d6-88b6-ea3283c50514,2026-07-04T01:30:00Z,2026-07-04T03:30:00+0200,0.081,MW,DE,DE_LU,actual_solar_generation,Solar,2026-07-23T07:13:23Z
2026-07-23T07:11:55Z,2026-07-23T09:11:55+0200,db3f74e3-4f49-42d6-88b6-ea3283c50514,2026-07-04T01:45:00Z,2026-07-04T03:45:00+0200,0.072,MW,DE,DE_LU,actual_solar_generation,Solar,2026-07-23T07:13:23Z
2026-07-23T07:11:55Z,2026-07-23T09:11:55+0200,db3f74e3-4f49-42d6-88b6-ea3283c50514,2026-07-04T02:00:00Z,2026-07-04T04:00:00+0200,0.075,MW,DE,DE_LU,actual_solar_generation,Solar,2026-07-23T07:13:23Z
2026-07-23T07:11:55Z,2026-07-23T09:11:55+0200,db3f74e3-4f49-42d6-88b6-ea3283c50514,2026-07-04T02:15:00Z,2026-07-04T04:15:00+0200,0.093,MW,DE,DE_LU,actual_solar_generation,Solar,2026-07-23T07:13:23Z
2026-07-23T07:11:55Z,2026-07-23T09:11:55+0200,db3f74e3-4f49-42d6-88b6-ea3283c50514,2026-07-04T02:30:00Z,2026-07-04T04:30:00+0200,1.103,MW,DE,DE_LU,actual_solar_generation,Solar,2026-07-23T07:13:23Z
2026-07-23T07:11:55Z,2026-07-23T09:11:55+0200,db3f74e3-4f49-42d6-88b6-ea3283c50514,2026-07-04T02:45:00Z,2026-07-04T04:45:00+0200,10.551,MW,DE,DE_LU,actual_solar_generation,Solar,2026-07-23T07:13:23Z
2026-07-23T07:11:55Z,2026-07-23T09:11:55+0200,db3f74e3-4f49-42d6-88b6-ea3283c50514,2026-07-04T03:00:00Z,2026-07-04T05:00:00+0200,57.24,MW,DE,DE_LU,actual_solar_generation,Solar,2026-07-23T07:13:23Z
2026-07-23T07:11:55Z,2026-07-23T09:11:55+0200,db3f74e3-4f49-42d6-88b6-ea3283c50514,2026-07-04T03:15:00Z,2026-07-04T05:15:00+0200,205.992,MW,DE,DE_LU,actual_solar_generation,Solar,2026-07-23T07:13:23Z
2026-07-23T07:11:55Z,2026-07-23T09:11:55+0200,db3f74e3-4f49-42d6-88b6-ea3283c50514,2026-07-04T03:30:00Z,2026-07-04T05:30:00+0200,639.912,MW,DE,DE_LU,actual_solar_generation,Solar,2026-07-23T07:13:23Z
2026-07-23T07:11:55Z,2026-07-23T09:11:55+0200,db3f74e3-4f49-42d6-88b6-ea3283c50514,2026-07-04T03:45:00Z,2026-07-04T05:45:00+0200,1410.108,MW,DE,DE_LU,actual_solar_generation,Solar,2026-07-23T07:13:23Z
2026-07-23T07:11:55Z,2026-07-23T09:11:55+0200,db3f74e3-4f49-42d6-88b6-ea3283c50514,2026-07-04T04:00:00Z,2026-07-04T06:00:00+0200,2370.668,MW,DE,DE_LU,actual_solar_generation,Solar,2026-07-23T07:13:23Z
2026-07-23T07:11:55Z,2026-07-23T09:11:55+0200,db3f74e3-4f49-42d6-88b6-ea3283c50514,2026-07-04T04:15:00Z,2026-07-04T06:15:00+0200,3554.889,MW,DE,DE_LU,actual_solar_generation,Solar,2026-07-23T07:13:23Z
2026-07-23T07:11:55Z,2026-07-23T09:11:55+0200,db3f74e3-4f49-42d6-88b6-ea3283c50514,2026-07-04T04:30:00Z,2026-07-04T06:30:00+0200,4990.749,MW,DE,DE_LU,actual_solar_generation,Solar,2026-07-23T07:13:23Z
2026-07-23T07:11:55Z,2026-07-23T09:11:55+0200,db3f74e3-4f49-42d6-88b6-ea3283c50514,2026-07-04T04:45:00Z,2026-07-04T06:45:00+0200,6734.285,MW,DE,DE_LU,actual_solar_generation,Solar,2026-07-23T07:13:23Z
2026-07-23T07:11:55Z,2026-07-23T09:11:55+0200,db3f74e3-4f49-42d6-88b6-ea3283c50514,2026-07-04T05:00:00Z,2026-07-04T07:00:00+0200,8675.803,MW,DE,DE_LU,actual_solar_generation,Solar,2026-07-23T07:13:23Z
2026-07-23T07:11:55Z,2026-07-23T09:11:55+0200,db3f74e3-4f49-42d6-88b6-ea3283c50514,2026-07-04T05:15:00Z,2026-07-04T07:15:00+0200,10777.392,MW,DE,DE_LU,actual_solar_generation,Solar,2026-07-23T07:13:23Z
2026-07-23T07:11:55Z,2026-07-23T09:11:55+0200,db3f74e3-4f49-42d6-88b6-ea3283c50514,2026-07-04T05:30:00Z,2026-07-04T07:30:00+0200,12984.969,MW,DE,DE_LU,actual_solar_generation,Solar,2026-07-23T07:13:23Z
2026-07-23T07:11:55Z,2026-07-23T09:11:55+0200,db3f74e3-4f49-42d6-88b6-ea3283c50514,2026-07-04T05:45:00Z,2026-07-04T07:45:00+0200,15486.944,MW,DE,DE_LU,actual_solar_generation,Solar,2026-07-23T07:13:23Z
2026-07-23T07:11:55Z,2026-07-23T09:11:55+0200,db3f74e3-4f49-42d6-88b6-ea3283c50514,2026-07-04T06:00:00Z,2026-07-04T08:00:00+0200,18053.797,MW,DE,DE_LU,actual_solar_generation,Solar,2026-07-23T07:13:23Z
2026-07-23T07:11:55Z,2026-07-23T09:11:55+0200,db3f74e3-4f49-42d6-88b6-ea3283c50514,2026-07-04T06:15:00Z,2026-07-04T08:15:00+0200,20700.175,MW,DE,DE_LU,actual_solar_generation,Solar,2026-07-23T07:13:23Z
2026-07-23T07:11:55Z,2026-07-23T09:11:55+0200,db3f74e3-4f49-42d6-88b6-ea3283c50514,2026-07-04T06:30:00Z,2026-07-04T08:30:00+0200,23081.329,MW,DE,DE_LU,actual_solar_generation,Solar,2026-07-23T07:13:23Z
2026-07-23T07:11:55Z,2026-07-23T09:11:55+0200,db3f74e3-4f49-42d6-88b6-ea3283c50514,2026-07-04T06:45:00Z,2026-07-04T08:45:00+0200,25743.322,MW,DE,DE_LU,actual_solar_generation,Solar,2026-07-23T07:13:23Z
2026-07-23T07:11:55Z,2026-07-23T09:11:55+0200,db3f74e3-4f49-42d6-88b6-ea3283c50514,2026-07-04T07:00:00Z,2026-07-04T09:00:00+0200,28219.711,MW,DE,DE_LU,actual_solar_generation,Solar,2026-07-23T07:13:23Z
2026-07-23T07:11:55Z,2026-07-23T09:11:55+0200,db3f74e3-4f49-42d6-88b6-ea3283c50514,2026-07-04T07:15:00Z,2026-07-04T09:15:00+0200,30052.894,MW,DE,DE_LU,actual_solar_generation,Solar,2026-07-23T07:13:23Z
2026-07-23T07:11:55Z,2026-07-23T09:11:55+0200,db3f74e3-4f49-42d6-88b6-ea3283c50514,2026-07-04T07:30:00Z,2026-07-04T09:30:00+0200,31942.089,MW,DE,DE_LU,actual_solar_generation,Solar,2026-07-23T07:13:23Z
2026-07-23T07:11:55Z,2026-07-23T09:11:55+0200,db3f74e3-4f49-42d6-88b6-ea3283c50514,2026-07-04T07:45:00Z,2026-07-04T09:45:00+0200,34050.485,MW,DE,DE_LU,actual_solar_generation,Solar,2026-07-23T07:13:23Z
2026-07-23T07:11:55Z,2026-07-23T09:11:55+0200,db3f74e3-4f49-42d6-88b6-ea3283c50514,2026-07-04T08:00:00Z,2026-07-04T10:00:00+0200,34456.212,MW,DE,DE_LU,actual_solar_generation,Solar,2026-07-23T07:13:23Z
2026-07-23T07:11:55Z,2026-07-23T09:11:55+0200,db3f74e3-4f49-42d6-88b6-ea3283c50514,2026-07-04T08:15:00Z,2026-07-04T10:15:00+0200,36090.761,MW,DE,DE_LU,actual_solar_generation,Solar,2026-07-23T07:13:23Z
2026-07-23T07:11:55Z,2026-07-23T09:11:55+0200,db3f74e3-4f49-42d6-88b6-ea3283c50514,2026-07-04T08:30:00Z,2026-07-04T10:30:00+0200,37344.459,MW,DE,DE_LU,actual_solar_generation,Solar,2026-07-23T07:13:23Z
2026-07-23T07:11:55Z,2026-07-23T09:11:55+0200,db3f74e3-4f49-42d6-88b6-ea3283c50514,2026-07-04T08:45:00Z,2026-07-04T10:45:00+0200,38521.903,MW,DE,DE_LU,actual_solar_generation,Solar,2026-07-23T07:13:23Z
2026-07-23T07:11:55Z,2026-07-23T09:11:55+0200,db3f74e3-4f49-42d6-88b6-ea3283c50514,2026-07-04T09:00:00Z,2026-07-04T11:00:00+0200,38834.424,MW,DE,DE_LU,actual_solar_generation,Solar,2026-07-23T07:13:23Z
2026-07-23T07:11:55Z,2026-07-23T09:11:55+0200,db3f74e3-4f49-42d6-88b6-ea3283c50514,2026-07-04T09:15:00Z,2026-07-04T11:15:00+0200,40248.142,MW,DE,DE_LU,actual_solar_generation,Solar,2026-07-23T07:13:23Z
2026-07-23T07:11:55Z,2026-07-23T09:11:55+0200,db3f74e3-4f49-42d6-88b6-ea3283c50514,2026-07-04T09:30:00Z,2026-07-04T11:30:00+0200,40553.674,MW,DE,DE_LU,actual_solar_generation,Solar,2026-07-23T07:13:23Z
2026-07-23T07:11:55Z,2026-07-23T09:11:55+0200,db3f74e3-4f49-42d6-88b6-ea3283c50514,2026-07-04T09:45:00Z,2026-07-04T11:45:00+0200,41119.472,MW,DE,DE_LU,actual_solar_generation,Solar,2026-07-23T07:13:23Z
2026-07-23T07:11:55Z,2026-07-23T09:11:55+0200,db3f74e3-4f49-42d6-88b6-ea3283c50514,2026-07-04T10:00:00Z,2026-07-04T12:00:00+0200,42082.861,MW,DE,DE_LU,actual_solar_generation,Solar,2026-07-23T07:13:23Z
2026-07-23T07:11:55Z,2026-07-23T09:11:55+0200,db3f74e3-4f49-42d6-88b6-ea3283c50514,2026-07-04T10:15:00Z,2026-07-04T12:15:00+0200,42046.11,MW,DE,DE_LU,actual_solar_generation,Solar,2026-07-23T07:13:23Z
2026-07-23T07:11:55Z,2026-07-23T09:11:55+0200,db3f74e3-4f49-42d6-88b6-ea3283c50514,2026-07-04T10:30:00Z,2026-07-04T12:30:00+0200,41651.497,MW,DE,DE_LU,actual_solar_generation,Solar,2026-07-23T07:13:23Z
2026-07-23T07:11:55Z,2026-07-23T09:11:55+0200,db3f74e3-4f49-42d6-88b6-ea3283c50514,2026-07-04T10:45:00Z,2026-07-04T12:45:00+0200,42032.381,MW,DE,DE_LU,actual_solar_generation,Solar,2026-07-23T07:13:23Z
2026-07-23T07:11:55Z,2026-07-23T09:11:55+0200,db3f74e3-4f49-42d6-88b6-ea3283c50514,2026-07-04T11:00:00Z,2026-07-04T13:00:00+0200,41124.103,MW,DE,DE_LU,actual_solar_generation,Solar,2026-07-23T07:13:23Z
2026-07-23T07:11:55Z,2026-07-23T09:11:55+0200,db3f74e3-4f49-42d6-88b6-ea3283c50514,2026-07-04T11:15:00Z,2026-07-04T13:15:00+0200,40511.346,MW,DE,DE_LU,actual_solar_generation,Solar,2026-07-23T07:13:23Z
2026-07-23T07:11:55Z,2026-07-23T09:11:55+0200,db3f74e3-4f49-42d6-88b6-ea3283c50514,2026-07-04T11:30:00Z,2026-07-04T13:30:00+0200,40120.41,MW,DE,DE_LU,actual_solar_generation,Solar,2026-07-23T07:13:23Z
2026-07-23T07:11:55Z,2026-07-23T09:11:55+0200,db3f74e3-4f49-42d6-88b6-ea3283c50514,2026-07-04T11:45:00Z,2026-07-04T13:45:00+0200,39524.644,MW,DE,DE_LU,actual_solar_generation,Solar,2026-07-23T07:13:23Z
2026-07-23T07:11:55Z,2026-07-23T09:11:55+0200,db3f74e3-4f49-42d6-88b6-ea3283c50514,2026-07-04T12:00:00Z,2026-07-04T14:00:00+0200,39003.196,MW,DE,DE_LU,actual_solar_generation,Solar,2026-07-23T07:13:23Z
2026-07-23T07:11:55Z,2026-07-23T09:11:55+0200,db3f74e3-4f49-42d6-88b6-ea3283c50514,2026-07-04T12:15:00Z,2026-07-04T14:15:00+0200,38359.676,MW,DE,DE_LU,actual_solar_generation,Solar,2026-07-23T07:13:23Z
2026-07-23T07:11:55Z,2026-07-23T09:11:55+0200,db3f74e3-4f49-42d6-88b6-ea3283c50514,2026-07-04T12:30:00Z,2026-07-04T14:30:00+0200,37553.469,MW,DE,DE_LU,actual_solar_generation,Solar,2026-07-23T07:13:23Z
2026-07-23T07:11:55Z,2026-07-23T09:11:55+0200,db3f74e3-4f49-42d6-88b6-ea3283c50514,2026-07-04T12:45:00Z,2026-07-04T14:45:00+0200,36912.563,MW,DE,DE_LU,actual_solar_generation,Solar,2026-07-23T07:13:23Z
2026-07-23T07:11:55Z,2026-07-23T09:11:55+0200,db3f74e3-4f49-42d6-88b6-ea3283c50514,2026-07-04T13:00:00Z,2026-07-04T15:00:00+0200,35503.548,MW,DE,DE_LU,actual_solar_generation,Solar,2026-07-23T07:13:23Z
2026-07-23T07:11:55Z,2026-07-23T09:11:55+0200,db3f74e3-4f49-42d6-88b6-ea3283c50514,2026-07-04T13:15:00Z,2026-07-04T15:15:00+0200,34673.483,MW,DE,DE_LU,actual_solar_generation,Solar,2026-07-23T07:13:23Z
2026-07-23T07:11:55Z,2026-07-23T09:11:55+0200,db3f74e3-4f49-42d6-88b6-ea3283c50514,2026-07-04T13:30:00Z,2026-07-04T15:30:00+0200,33709.762,MW,DE,DE_LU,actual_solar_generation,Solar,2026-07-23T07:13:23Z
2026-07-23T07:11:55Z,2026-07-23T09:11:55+0200,db3f74e3-4f49-42d6-88b6-ea3283c50514,2026-07-04T13:45:00Z,2026-07-04T15:45:00+0200,32283.256,MW,DE,DE_LU,actual_solar_generation,Solar,2026-07-23T07:13:23Z
2026-07-23T07:11:55Z,2026-07-23T09:11:55+0200,db3f74e3-4f49-42d6-88b6-ea3283c50514,2026-07-04T14:00:00Z,2026-07-04T16:00:00+0200,30642.844,MW,DE,DE_LU,actual_solar_generation,Solar,2026-07-23T07:13:23Z
2026-07-23T07:11:55Z,2026-07-23T09:11:55+0200,db3f74e3-4f49-42d6-88b6-ea3283c50514,2026-07-04T14:15:00Z,2026-07-04T16:15:00+0200,28993.855,MW,DE,DE_LU,actual_solar_generation,Solar,2026-07-23T07:13:23Z
2026-07-23T07:11:55Z,2026-07-23T09:11:55+0200,db3f74e3-4f49-42d6-88b6-ea3283c50514,2026-07-04T14:30:00Z,2026-07-04T16:30:00+0200,27587.999,MW,DE,DE_LU,actual_solar_generation,Solar,2026-07-23T07:13:23Z
2026-07-23T07:11:55Z,2026-07-23T09:11:55+0200,db3f74e3-4f49-42d6-88b6-ea3283c50514,2026-07-04T14:45:00Z,2026-07-04T16:45:00+0200,25887.376,MW,DE,DE_LU,actual_solar_generation,Solar,2026-07-23T07:13:23Z
2026-07-23T07:11:55Z,2026-07-23T09:11:55+0200,db3f74e3-4f49-42d6-88b6-ea3283c50514,2026-07-04T15:00:00Z,2026-07-04T17:00:00+0200,25610.713,MW,DE,DE_LU,actual_solar_generation,Solar,2026-07-23T07:13:23Z
2026-07-23T07:11:55Z,2026-07-23T09:11:55+0200,db3f74e3-4f49-42d6-88b6-ea3283c50514,2026-07-04T15:15:00Z,2026-07-04T17:15:00+0200,24418.089,MW,DE,DE_LU,actual_solar_generation,Solar,2026-07-23T07:13:23Z
2026-07-23T07:11:55Z,2026-07-23T09:11:55+0200,db3f74e3-4f49-42d6-88b6-ea3283c50514,2026-07-04T15:30:00Z,2026-07-04T17:30:00+0200,22470.564,MW,DE,DE_LU,actual_solar_generation,Solar,2026-07-23T07:13:23Z
2026-07-23T07:11:55Z,2026-07-23T09:11:55+0200,db3f74e3-4f49-42d6-88b6-ea3283c50514,2026-07-04T15:45:00Z,2026-07-04T17:45:00+0200,20276.492,MW,DE,DE_LU,actual_solar_generation,Solar,2026-07-23T07:13:23Z
2026-07-23T07:11:55Z,2026-07-23T09:11:55+0200,db3f74e3-4f49-42d6-88b6-ea3283c50514,2026-07-04T16:00:00Z,2026-07-04T18:00:00+0200,18278.558,MW,DE,DE_LU,actual_solar_generation,Solar,2026-07-23T07:13:23Z
2026-07-23T07:11:55Z,2026-07-23T09:11:55+0200,db3f74e3-4f49-42d6-88b6-ea3283c50514,2026-07-04T16:15:00Z,2026-07-04T18:15:00+0200,16122.466,MW,DE,DE_LU,actual_solar_generation,Solar,2026-07-23T07:13:23Z
2026-07-23T07:11:55Z,2026-07-23T09:11:55+0200,db3f74e3-4f49-42d6-88b6-ea3283c50514,2026-07-04T16:30:00Z,2026-07-04T18:30:00+0200,14084.745,MW,DE,DE_LU,actual_solar_generation,Solar,2026-07-23T07:13:23Z
2026-07-23T07:11:55Z,2026-07-23T09:11:55+0200,db3f74e3-4f49-42d6-88b6-ea3283c50514,2026-07-04T16:45:00Z,2026-07-04T18:45:00+0200,12034.399,MW,DE,DE_LU,actual_solar_generation,Solar,2026-07-23T07:13:23Z
2026-07-23T07:11:55Z,2026-07-23T09:11:55+0200,db3f74e3-4f49-42d6-88b6-ea3283c50514,2026-07-04T17:00:00Z,2026-07-04T19:00:00+0200,9941.074,MW,DE,DE_LU,actual_solar_generation,Solar,2026-07-23T07:13:23Z
2026-07-23T07:11:55Z,2026-07-23T09:11:55+0200,db3f74e3-4f49-42d6-88b6-ea3283c50514,2026-07-04T17:15:00Z,2026-07-04T19:15:00+0200,7922.575,MW,DE,DE_LU,actual_solar_generation,Solar,2026-07-23T07:13:23Z
2026-07-23T07:11:55Z,2026-07-23T09:11:55+0200,db3f74e3-4f49-42d6-88b6-ea3283c50514,2026-07-04T17:30:00Z,2026-07-04T19:30:00+0200,6216.692,MW,DE,DE_LU,actual_solar_generation,Solar,2026-07-23T07:13:23Z
2026-07-23T07:11:55Z,2026-07-23T09:11:55+0200,db3f74e3-4f49-42d6-88b6-ea3283c50514,2026-07-04T17:45:00Z,2026-07-04T19:45:00+0200,4721.345,MW,DE,DE_LU,actual_solar_generation,Solar,2026-07-23T07:13:23Z
2026-07-23T07:11:55Z,2026-07-23T09:11:55+0200,db3f74e3-4f49-42d6-88b6-ea3283c50514,2026-07-04T18:00:00Z,2026-07-04T20:00:00+0200,3451.065,MW,DE,DE_LU,actual_solar_generation,Solar,2026-07-23T07:13:23Z
2026-07-23T07:11:55Z,2026-07-23T09:11:55+0200,db3f74e3-4f49-42d6-88b6-ea3283c50514,2026-07-04T18:15:00Z,2026-07-04T20:15:00+0200,2427.002,MW,DE,DE_LU,actual_solar_generation,Solar,2026-07-23T07:13:23Z
2026-07-23T07:11:55Z,2026-07-23T09:11:55+0200,db3f74e3-4f49-42d6-88b6-ea3283c50514,2026-07-04T18:30:00Z,2026-07-04T20:30:00+0200,1561.397,MW,DE,DE_LU,actual_solar_generation,Solar,2026-07-23T07:13:23Z
2026-07-23T07:11:55Z,2026-07-23T09:11:55+0200,db3f74e3-4f49-42d6-88b6-ea3283c50514,2026-07-04T18:45:00Z,2026-07-04T20:45:00+0200,881.726,MW,DE,DE_LU,actual_solar_generation,Solar,2026-07-23T07:13:23Z
2026-07-23T07:11:55Z,2026-07-23T09:11:55+0200,db3f74e3-4f49-42d6-88b6-ea3283c50514,2026-07-04T19:00:00Z,2026-07-04T21:00:00+0200,391.339,MW,DE,DE_LU,actual_solar_generation,Solar,2026-07-23T07:13:23Z
2026-07-23T07:11:55Z,2026-07-23T09:11:55+0200,db3f74e3-4f49-42d6-88b6-ea3283c50514,2026-07-04T19:15:00Z,2026-07-04T21:15:00+0200,121.946,MW,DE,DE_LU,actual_solar_generation,Solar,2026-07-23T07:13:23Z
2026-07-23T07:11:55Z,2026-07-23T09:11:55+0200,db3f74e3-4f49-42d6-88b6-ea3283c50514,2026-07-04T19:30:00Z,2026-07-04T21:30:00+0200,31.366,MW,DE,DE_LU,actual_solar_generation,Solar,2026-07-23T07:13:23Z
2026-07-23T07:11:55Z,2026-07-23T09:11:55+0200,db3f74e3-4f49-42d6-88b6-ea3283c50514,2026-07-04T19:45:00Z,2026-07-04T21:45:00+0200,6.494,MW,DE,DE_LU,actual_solar_generation,Solar,2026-07-23T07:13:23Z
2026-07-23T07:11:55Z,2026-07-23T09:11:55+0200,db3f74e3-4f49-42d6-88b6-ea3283c50514,2026-07-04T20:00:00Z,2026-07-04T22:00:00+0200,2.983,MW,DE,DE_LU,actual_solar_generation,Solar,2026-07-23T07:13:23Z
2026-07-23T07:11:55Z,2026-07-23T09:11:55+0200,db3f74e3-4f49-42d6-88b6-ea3283c50514,2026-07-04T20:15:00Z,2026-07-04T22:15:00+0200,0.453,MW,DE,DE_LU,actual_solar_generation,Solar,2026-07-23T07:13:23Z
2026-07-23T07:11:55Z,2026-07-23T09:11:55+0200,db3f74e3-4f49-42d6-88b6-ea3283c50514,2026-07-04T20:30:00Z,2026-07-04T22:30:00+0200,0.255,MW,DE,DE_LU,actual_solar_generation,Solar,2026-07-23T07:13:23Z
2026-07-23T07:11:55Z,2026-07-23T09:11:55+0200,db3f74e3-4f49-42d6-88b6-ea3283c50514,2026-07-04T20:45:00Z,2026-07-04T22:45:00+0200,0.222,MW,DE,DE_LU,actual_solar_generation,Solar,2026-07-23T07:13:23Z
2026-07-23T07:11:55Z,2026-07-23T09:11:55+0200,db3f74e3-4f49-42d6-88b6-ea3283c50514,2026-07-04T21:00:00Z,2026-07-04T23:00:00+0200,0.21,MW,DE,DE_LU,actual_solar_generation,Solar,2026-07-23T07:13:23Z
2026-07-23T07:11:55Z,2026-07-23T09:11:55+0200,db3f74e3-4f49-42d6-88b6-ea3283c50514,2026-07-04T21:15:00Z,2026-07-04T23:15:00+0200,0.193,MW,DE,DE_LU,actual_solar_generation,Solar,2026-07-23T07:13:23Z
2026-07-23T07:11:55Z,2026-07-23T09:11:55+0200,db3f74e3-4f49-42d6-88b6-ea3283c50514,2026-07-04T21:30:00Z,2026-07-04T23:30:00+0200,0.152,MW,DE,DE_LU,actual_solar_generation,Solar,2026-07-23T07:13:23Z
2026-07-23T07:11:55Z,2026-07-23T09:11:55+0200,db3f74e3-4f49-42d6-88b6-ea3283c50514,2026-07-04T21:45:00Z,2026-07-04T23:45:00+0200,0.14,MW,DE,DE_LU,actual_solar_generation,Solar,2026-07-23T07:13:23Z
2026-07-23T07:11:55Z,2026-07-23T09:11:55+0200,db3f74e3-4f49-42d6-88b6-ea3283c50514,2026-07-04T22:00:00Z,2026-07-05T00:00:00+0200,0.171,MW,DE,DE_LU,actual_solar_generation,Solar,2026-07-23T07:13:23Z
2026-07-23T07:11:55Z,2026-07-23T09:11:55+0200,db3f74e3-4f49-42d6-88b6-ea3283c50514,2026-07-04T22:15:00Z,2026-07-05T00:15:00+0200,0.143,MW,DE,DE_LU,actual_solar_generation,Solar,2026-07-23T07:13:23Z
2026-07-23T07:11:55Z,2026-07-23T09:11:55+0200,db3f74e3-4f49-42d6-88b6-ea3283c50514,2026-07-04T22:30:00Z,2026-07-05T00:30:00+0200,0.14,MW,DE,DE_LU,actual_solar_generation,Solar,2026-07-23T07:13:23Z
2026-07-23T07:11:55Z,2026-07-23T09:11:55+0200,db3f74e3-4f49-42d6-88b6-ea3283c50514,2026-07-04T22:45:00Z,2026-07-05T00:45:00+0200,0.12,MW,DE,DE_LU,actual_solar_generation,Solar,2026-07-23T07:13:23Z
2026-07-23T07:11:55Z,2026-07-23T09:11:55+0200,db3f74e3-4f49-42d6-88b6-ea3283c50514,2026-07-04T23:00:00Z,2026-07-05T01:00:00+0200,0.163,MW,DE,DE_LU,actual_solar_generation,Solar,2026-07-23T07:13:23Z
2026-07-23T07:11:55Z,2026-07-23T09:11:55+0200,db3f74e3-4f49-42d6-88b6-ea3283c50514,2026-07-04T23:15:00Z,2026-07-05T01:15:00+0200,0.119,MW,DE,DE_LU,actual_solar_generation,Solar,2026-07-23T07:13:23Z
2026-07-23T07:11:55Z,2026-07-23T09:11:55+0200,db3f74e3-4f49-42d6-88b6-ea3283c50514,2026-07-04T23:30:00Z,2026-07-05T01:30:00+0200,0.114,MW,DE,DE_LU,actual_solar_generation,Solar,2026-07-23T07:13:23Z
2026-07-23T07:11:55Z,2026-07-23T09:11:55+0200,db3f74e3-4f49-42d6-88b6-ea3283c50514,2026-07-04T23:45:00Z,2026-07-05T01:45:00+0200,0.103,MW,DE,DE_LU,actual_solar_generation,Solar,2026-07-23T07:13:23Z
2026-07-23T07:11:55Z,2026-07-23T09:11:55+0200,db3f74e3-4f49-42d6-88b6-ea3283c50514,2026-07-05T00:00:00Z,2026-07-05T02:00:00+0200,0.107,MW,DE,DE_LU,actual_solar_generation,Solar,2026-07-23T07:13:23Z
2026-07-23T07:11:55Z,2026-07-23T09:11:55+0200,db3f74e3-4f49-42d6-88b6-ea3283c50514,2026-07-05T00:15:00Z,2026-07-05T02:15:00+0200,0.09,MW,DE,DE_LU,actual_solar_generation,Solar,2026-07-23T07:13:23Z
2026-07-23T07:11:55Z,2026-07-23T09:11:55+0200,db3f74e3-4f49-42d6-88b6-ea3283c50514,2026-07-05T00:30:00Z,2026-07-05T02:30:00+0200,0.094,MW,DE,DE_LU,actual_solar_generation,Solar,2026-07-23T07:13:23Z
2026-07-23T07:11:55Z,2026-07-23T09:11:55+0200,db3f74e3-4f49-42d6-88b6-ea3283c50514,2026-07-05T00:45:00Z,2026-07-05T02:45:00+0200,0.094,MW,DE,DE_LU,actual_solar_generation,Solar,2026-07-23T07:13:23Z
2026-07-23T07:11:55Z,2026-07-23T09:11:55+0200,db3f74e3-4f49-42d6-88b6-ea3283c50514,2026-07-05T01:00:00Z,2026-07-05T03:00:00+0200,0.09,MW,DE,DE_LU,actual_solar_generation,Solar,2026-07-23T07:13:23Z
2026-07-23T07:11:55Z,2026-07-23T09:11:55+0200,db3f74e3-4f49-42d6-88b6-ea3283c50514,2026-07-05T01:15:00Z,2026-07-05T03:15:00+0200,0.092,MW,DE,DE_LU,actual_solar_generation,Solar,2026-07-23T07:13:23Z
2026-07-23T07:11:55Z,2026-07-23T09:11:55+0200,db3f74e3-4f49-42d6-88b6-ea3283c50514,2026-07-05T01:30:00Z,2026-07-05T03:30:00+0200,0.087,MW,DE,DE_LU,actual_solar_generation,Solar,2026-07-23T07:13:23Z
2026-07-23T07:11:55Z,2026-07-23T09:11:55+0200,db3f74e3-4f49-42d6-88b6-ea3283c50514,2026-07-05T01:45:00Z,2026-07-05T03:45:00+0200,0.077,MW,DE,DE_LU,actual_solar_generation,Solar,2026-07-23T07:13:23Z
2026-07-23T07:11:55Z,2026-07-23T09:11:55+0200,db3f74e3-4f49-42d6-88b6-ea3283c50514,2026-07-05T02:00:00Z,2026-07-05T04:00:00+0200,0.079,MW,DE,DE_LU,actual_solar_generation,Solar,2026-07-23T07:13:23Z
2026-07-23T07:11:55Z,2026-07-23T09:11:55+0200,db3f74e3-4f49-42d6-88b6-ea3283c50514,2026-07-05T02:15:00Z,2026-07-05T04:15:00+0200,0.099,MW,DE,DE_LU,actual_solar_generation,Solar,2026-07-23T07:13:23Z
2026-07-23T07:11:55Z,2026-07-23T09:11:55+0200,db3f74e3-4f49-42d6-88b6-ea3283c50514,2026-07-05T02:30:00Z,2026-07-05T04:30:00+0200,0.404,MW,DE,DE_LU,actual_solar_generation,Solar,2026-07-23T07:13:23Z
2026-07-23T07:11:55Z,2026-07-23T09:11:55+0200,db3f74e3-4f49-42d6-88b6-ea3283c50514,2026-07-05T02:45:00Z,2026-07-05T04:45:00+0200,3.187,MW,DE,DE_LU,actual_solar_generation,Solar,2026-07-23T07:13:23Z
2026-07-23T07:11:55Z,2026-07-23T09:11:55+0200,db3f74e3-4f49-42d6-88b6-ea3283c50514,2026-07-05T03:00:00Z,2026-07-05T05:00:00+0200,16.745,MW,DE,DE_LU,actual_solar_generation,Solar,2026-07-23T07:13:23Z
2026-07-23T07:11:55Z,2026-07-23T09:11:55+0200,db3f74e3-4f49-42d6-88b6-ea3283c50514,2026-07-05T03:15:00Z,2026-07-05T05:15:00+0200,75.389,MW,DE,DE_LU,actual_solar_generation,Solar,2026-07-23T07:13:23Z
2026-07-23T07:11:55Z,2026-07-23T09:11:55+0200,db3f74e3-4f49-42d6-88b6-ea3283c50514,2026-07-05T03:30:00Z,2026-07-05T05:30:00+0200,263.027,MW,DE,DE_LU,actual_solar_generation,Solar,2026-07-23T07:13:23Z
2026-07-23T07:11:55Z,2026-07-23T09:11:55+0200,db3f74e3-4f49-42d6-88b6-ea3283c50514,2026-07-05T03:45:00Z,2026-07-05T05:45:00+0200,713.715,MW,DE,DE_LU,actual_solar_generation,Solar,2026-07-23T07:13:23Z
2026-07-23T07:11:55Z,2026-07-23T09:11:55+0200,db3f74e3-4f49-42d6-88b6-ea3283c50514,2026-07-05T04:00:00Z,2026-07-05T06:00:00+0200,1342.323,MW,DE,DE_LU,actual_solar_generation,Solar,2026-07-23T07:13:23Z
2026-07-23T07:11:55Z,2026-07-23T09:11:55+0200,db3f74e3-4f49-42d6-88b6-ea3283c50514,2026-07-05T04:15:00Z,2026-07-05T06:15:00+0200,2108.13,MW,DE,DE_LU,actual_solar_generation,Solar,2026-07-23T07:13:23Z
2026-07-23T07:11:55Z,2026-07-23T09:11:55+0200,db3f74e3-4f49-42d6-88b6-ea3283c50514,2026-07-05T04:30:00Z,2026-07-05T06:30:00+0200,3027.437,MW,DE,DE_LU,actual_solar_generation,Solar,2026-07-23T07:13:23Z
2026-07-23T07:11:55Z,2026-07-23T09:11:55+0200,db3f74e3-4f49-42d6-88b6-ea3283c50514,2026-07-05T04:45:00Z,2026-07-05T06:45:00+0200,4084.4,MW,DE,DE_LU,actual_solar_generation,Solar,2026-07-23T07:13:23Z
2026-07-23T07:11:55Z,2026-07-23T09:11:55+0200,db3f74e3-4f49-42d6-88b6-ea3283c50514,2026-07-05T05:00:00Z,2026-07-05T07:00:00+0200,5347.434,MW,DE,DE_LU,actual_solar_generation,Solar,2026-07-23T07:13:23Z
2026-07-23T07:11:55Z,2026-07-23T09:11:55+0200,db3f74e3-4f49-42d6-88b6-ea3283c50514,2026-07-05T05:15:00Z,2026-07-05T07:15:00+0200,6762.235,MW,DE,DE_LU,actual_solar_generation,Solar,2026-07-23T07:13:23Z
2026-07-23T07:11:55Z,2026-07-23T09:11:55+0200,db3f74e3-4f49-42d6-88b6-ea3283c50514,2026-07-05T05:30:00Z,2026-07-05T07:30:00+0200,8267.274,MW,DE,DE_LU,actual_solar_generation,Solar,2026-07-23T07:13:23Z
2026-07-23T07:11:55Z,2026-07-23T09:11:55+0200,db3f74e3-4f49-42d6-88b6-ea3283c50514,2026-07-05T05:45:00Z,2026-07-05T07:45:00+0200,9962.416,MW,DE,DE_LU,actual_solar_generation,Solar,2026-07-23T07:13:23Z
2026-07-23T07:11:55Z,2026-07-23T09:11:55+0200,db3f74e3-4f49-42d6-88b6-ea3283c50514,2026-07-05T06:00:00Z,2026-07-05T08:00:00+0200,11779.136,MW,DE,DE_LU,actual_solar_generation,Solar,2026-07-23T07:13:23Z
2026-07-23T07:11:55Z,2026-07-23T09:11:55+0200,db3f74e3-4f49-42d6-88b6-ea3283c50514,2026-07-05T06:15:00Z,2026-07-05T08:15:00+0200,13561.452,MW,DE,DE_LU,actual_solar_generation,Solar,2026-07-23T07:13:23Z
2026-07-23T07:11:55Z,2026-07-23T09:11:55+0200,db3f74e3-4f49-42d6-88b6-ea3283c50514,2026-07-05T06:30:00Z,2026-07-05T08:30:00+0200,15396.766,MW,DE,DE_LU,actual_solar_generation,Solar,2026-07-23T07:13:23Z
2026-07-23T07:11:55Z,2026-07-23T09:11:55+0200,db3f74e3-4f49-42d6-88b6-ea3283c50514,2026-07-05T06:45:00Z,2026-07-05T08:45:00+0200,17076.315,MW,DE,DE_LU,actual_solar_generation,Solar,2026-07-23T07:13:23Z
2026-07-23T07:11:55Z,2026-07-23T09:11:55+0200,db3f74e3-4f49-42d6-88b6-ea3283c50514,2026-07-05T07:00:00Z,2026-07-05T09:00:00+0200,18865.233,MW,DE,DE_LU,actual_solar_generation,Solar,2026-07-23T07:13:23Z
2026-07-23T07:11:55Z,2026-07-23T09:11:55+0200,db3f74e3-4f49-42d6-88b6-ea3283c50514,2026-07-05T07:15:00Z,2026-07-05T09:15:00+0200,20840.383,MW,DE,DE_LU,actual_solar_generation,Solar,2026-07-23T07:13:23Z
2026-07-23T07:11:55Z,2026-07-23T09:11:55+0200,db3f74e3-4f49-42d6-88b6-ea3283c50514,2026-07-05T07:30:00Z,2026-07-05T09:30:00+0200,22676.221,MW,DE,DE_LU,actual_solar_generation,Solar,2026-07-23T07:13:23Z
2026-07-23T07:11:55Z,2026-07-23T09:11:55+0200,db3f74e3-4f49-42d6-88b6-ea3283c50514,2026-07-05T07:45:00Z,2026-07-05T09:45:00+0200,24209.395,MW,DE,DE_LU,actual_solar_generation,Solar,2026-07-23T07:13:23Z
2026-07-23T07:11:55Z,2026-07-23T09:11:55+0200,db3f74e3-4f49-42d6-88b6-ea3283c50514,2026-07-05T08:00:00Z,2026-07-05T10:00:00+0200,25203.369,MW,DE,DE_LU,actual_solar_generation,Solar,2026-07-23T07:13:23Z
2026-07-23T07:11:55Z,2026-07-23T09:11:55+0200,db3f74e3-4f49-42d6-88b6-ea3283c50514,2026-07-05T08:15:00Z,2026-07-05T10:15:00+0200,26022.214,MW,DE,DE_LU,actual_solar_generation,Solar,2026-07-23T07:13:23Z
2026-07-23T07:11:55Z,2026-07-23T09:11:55+0200,db3f74e3-4f49-42d6-88b6-ea3283c50514,2026-07-05T08:30:00Z,2026-07-05T10:30:00+0200,26838.818,MW,DE,DE_LU,actual_solar_generation,Solar,2026-07-23T07:13:23Z
2026-07-23T07:11:55Z,2026-07-23T09:11:55+0200,db3f74e3-4f49-42d6-88b6-ea3283c50514,2026-07-05T08:45:00Z,2026-07-05T10:45:00+0200,27874.028,MW,DE,DE_LU,actual_solar_generation,Solar,2026-07-23T07:13:23Z
2026-07-23T07:11:55Z,2026-07-23T09:11:55+0200,db3f74e3-4f49-42d6-88b6-ea3283c50514,2026-07-05T09:00:00Z,2026-07-05T11:00:00+0200,27940.917,MW,DE,DE_LU,actual_solar_generation,Solar,2026-07-23T07:13:23Z
2026-07-23T07:11:55Z,2026-07-23T09:11:55+0200,db3f74e3-4f49-42d6-88b6-ea3283c50514,2026-07-05T09:15:00Z,2026-07-05T11:15:00+0200,28982.973,MW,DE,DE_LU,actual_solar_generation,Solar,2026-07-23T07:13:23Z
2026-07-23T07:11:55Z,2026-07-23T09:11:55+0200,db3f74e3-4f49-42d6-88b6-ea3283c50514,2026-07-05T09:30:00Z,2026-07-05T11:30:00+0200,29655.919,MW,DE,DE_LU,actual_solar_generation,Solar,2026-07-23T07:13:23Z
2026-07-23T07:11:55Z,2026-07-23T09:11:55+0200,db3f74e3-4f49-42d6-88b6-ea3283c50514,2026-07-05T09:45:00Z,2026-07-05T11:45:00+0200,29678.21,MW,DE,DE_LU,actual_solar_generation,Solar,2026-07-23T07:13:23Z
2026-07-23T07:11:55Z,2026-07-23T09:11:55+0200,db3f74e3-4f49-42d6-88b6-ea3283c50514,2026-07-05T10:00:00Z,2026-07-05T12:00:00+0200,29827.537,MW,DE,DE_LU,actual_solar_generation,Solar,2026-07-23T07:13:23Z
2026-07-23T07:11:55Z,2026-07-23T09:11:55+0200,db3f74e3-4f49-42d6-88b6-ea3283c50514,2026-07-05T10:15:00Z,2026-07-05T12:15:00+0200,30750.557,MW,DE,DE_LU,actual_solar_generation,Solar,2026-07-23T07:13:23Z
2026-07-23T07:11:55Z,2026-07-23T09:11:55+0200,db3f74e3-4f49-42d6-88b6-ea3283c50514,2026-07-05T10:30:00Z,2026-07-05T12:30:00+0200,31021.201,MW,DE,DE_LU,actual_solar_generation,Solar,2026-07-23T07:13:23Z
2026-07-23T07:11:55Z,2026-07-23T09:11:55+0200,db3f74e3-4f49-42d6-88b6-ea3283c50514,2026-07-05T10:45:00Z,2026-07-05T12:45:00+0200,31364.749,MW,DE,DE_LU,actual_solar_generation,Solar,2026-07-23T07:13:23Z
2026-07-23T07:11:55Z,2026-07-23T09:11:55+0200,db3f74e3-4f49-42d6-88b6-ea3283c50514,2026-07-05T11:00:00Z,2026-07-05T13:00:00+0200,31341.367,MW,DE,DE_LU,actual_solar_generation,Solar,2026-07-23T07:13:23Z
2026-07-23T07:11:55Z,2026-07-23T09:11:55+0200,db3f74e3-4f49-42d6-88b6-ea3283c50514,2026-07-05T11:15:00Z,2026-07-05T13:15:00+0200,31359.474,MW,DE,DE_LU,actual_solar_generation,Solar,2026-07-23T07:13:23Z
2026-07-23T07:11:55Z,2026-07-23T09:11:55+0200,db3f74e3-4f49-42d6-88b6-ea3283c50514,2026-07-05T11:30:00Z,2026-07-05T13:30:00+0200,31202.277,MW,DE,DE_LU,actual_solar_generation,Solar,2026-07-23T07:13:23Z
2026-07-23T07:11:55Z,2026-07-23T09:11:55+0200,db3f74e3-4f49-42d6-88b6-ea3283c50514,2026-07-05T11:45:00Z,2026-07-05T13:45:00+0200,31676.219,MW,DE,DE_LU,actual_solar_generation,Solar,2026-07-23T07:13:23Z
2026-07-23T07:11:55Z,2026-07-23T09:11:55+0200,db3f74e3-4f49-42d6-88b6-ea3283c50514,2026-07-05T12:00:00Z,2026-07-05T14:00:00+0200,31081.156,MW,DE,DE_LU,actual_solar_generation,Solar,2026-07-23T07:13:23Z
2026-07-23T07:11:55Z,2026-07-23T09:11:55+0200,db3f74e3-4f49-42d6-88b6-ea3283c50514,2026-07-05T12:15:00Z,2026-07-05T14:15:00+0200,31199.209,MW,DE,DE_LU,actual_solar_generation,Solar,2026-07-23T07:13:23Z
2026-07-23T07:11:55Z,2026-07-23T09:11:55+0200,db3f74e3-4f49-42d6-88b6-ea3283c50514,2026-07-05T12:30:00Z,2026-07-05T14:30:00+0200,30759.633,MW,DE,DE_LU,actual_solar_generation,Solar,2026-07-23T07:13:23Z
2026-07-23T07:11:55Z,2026-07-23T09:11:55+0200,db3f74e3-4f49-42d6-88b6-ea3283c50514,2026-07-05T12:45:00Z,2026-07-05T14:45:00+0200,30474.52,MW,DE,DE_LU,actual_solar_generation,Solar,2026-07-23T07:13:23Z
2026-07-23T07:11:55Z,2026-07-23T09:11:55+0200,db3f74e3-4f49-42d6-88b6-ea3283c50514,2026-07-05T13:00:00Z,2026-07-05T15:00:00+0200,29221.422,MW,DE,DE_LU,actual_solar_generation,Solar,2026-07-23T07:13:23Z
2026-07-23T07:11:55Z,2026-07-23T09:11:55+0200,db3f74e3-4f49-42d6-88b6-ea3283c50514,2026-07-05T13:15:00Z,2026-07-05T15:15:00+0200,28481.603,MW,DE,DE_LU,actual_solar_generation,Solar,2026-07-23T07:13:23Z
2026-07-23T07:11:55Z,2026-07-23T09:11:55+0200,db3f74e3-4f49-42d6-88b6-ea3283c50514,2026-07-05T13:30:00Z,2026-07-05T15:30:00+0200,27930.965,MW,DE,DE_LU,actual_solar_generation,Solar,2026-07-23T07:13:23Z
2026-07-23T07:11:55Z,2026-07-23T09:11:55+0200,db3f74e3-4f49-42d6-88b6-ea3283c50514,2026-07-05T13:45:00Z,2026-07-05T15:45:00+0200,27321.06,MW,DE,DE_LU,actual_solar_generation,Solar,2026-07-23T07:13:23Z
2026-07-23T07:11:55Z,2026-07-23T09:11:55+0200,db3f74e3-4f49-42d6-88b6-ea3283c50514,2026-07-05T14:00:00Z,2026-07-05T16:00:00+0200,26856.181,MW,DE,DE_LU,actual_solar_generation,Solar,2026-07-23T07:13:23Z
2026-07-23T07:11:55Z,2026-07-23T09:11:55+0200,db3f74e3-4f49-42d6-88b6-ea3283c50514,2026-07-05T14:15:00Z,2026-07-05T16:15:00+0200,25551.132,MW,DE,DE_LU,actual_solar_generation,Solar,2026-07-23T07:13:23Z
2026-07-23T07:11:55Z,2026-07-23T09:11:55+0200,db3f74e3-4f49-42d6-88b6-ea3283c50514,2026-07-05T14:30:00Z,2026-07-05T16:30:00+0200,24168.423,MW,DE,DE_LU,actual_solar_generation,Solar,2026-07-23T07:13:23Z
2026-07-23T07:11:55Z,2026-07-23T09:11:55+0200,db3f74e3-4f49-42d6-88b6-ea3283c50514,2026-07-05T14:45:00Z,2026-07-05T16:45:00+0200,23265.455,MW,DE,DE_LU,actual_solar_generation,Solar,2026-07-23T07:13:23Z
2026-07-23T07:11:55Z,2026-07-23T09:11:55+0200,db3f74e3-4f49-42d6-88b6-ea3283c50514,2026-07-05T15:00:00Z,2026-07-05T17:00:00+0200,21990.646,MW,DE,DE_LU,actual_solar_generation,Solar,2026-07-23T07:13:23Z
2026-07-23T07:11:55Z,2026-07-23T09:11:55+0200,db3f74e3-4f49-42d6-88b6-ea3283c50514,2026-07-05T15:15:00Z,2026-07-05T17:15:00+0200,20947.359,MW,DE,DE_LU,actual_solar_generation,Solar,2026-07-23T07:13:23Z
2026-07-23T07:11:55Z,2026-07-23T09:11:55+0200,db3f74e3-4f49-42d6-88b6-ea3283c50514,2026-07-05T15:30:00Z,2026-07-05T17:30:00+0200,19513.402,MW,DE,DE_LU,actual_solar_generation,Solar,2026-07-23T07:13:23Z
2026-07-23T07:11:55Z,2026-07-23T09:11:55+0200,db3f74e3-4f49-42d6-88b6-ea3283c50514,2026-07-05T15:45:00Z,2026-07-05T17:45:00+0200,17868.579,MW,DE,DE_LU,actual_solar_generation,Solar,2026-07-23T07:13:23Z
2026-07-23T07:11:55Z,2026-07-23T09:11:55+0200,db3f74e3-4f49-42d6-88b6-ea3283c50514,2026-07-05T16:00:00Z,2026-07-05T18:00:00+0200,16258.247,MW,DE,DE_LU,actual_solar_generation,Solar,2026-07-23T07:13:23Z
2026-07-23T07:11:55Z,2026-07-23T09:11:55+0200,db3f74e3-4f49-42d6-88b6-ea3283c50514,2026-07-05T16:15:00Z,2026-07-05T18:15:00+0200,14589.94,MW,DE,DE_LU,actual_solar_generation,Solar,2026-07-23T07:13:23Z
2026-07-23T07:11:55Z,2026-07-23T09:11:55+0200,db3f74e3-4f49-42d6-88b6-ea3283c50514,2026-07-05T16:30:00Z,2026-07-05T18:30:00+0200,12742.016,MW,DE,DE_LU,actual_solar_generation,Solar,2026-07-23T07:13:23Z
2026-07-23T07:11:55Z,2026-07-23T09:11:55+0200,db3f74e3-4f49-42d6-88b6-ea3283c50514,2026-07-05T16:45:00Z,2026-07-05T18:45:00+0200,11026.643,MW,DE,DE_LU,actual_solar_generation,Solar,2026-07-23T07:13:23Z
2026-07-23T07:11:55Z,2026-07-23T09:11:55+0200,db3f74e3-4f49-42d6-88b6-ea3283c50514,2026-07-05T17:00:00Z,2026-07-05T19:00:00+0200,9370.641,MW,DE,DE_LU,actual_solar_generation,Solar,2026-07-23T07:13:23Z
2026-07-23T07:11:55Z,2026-07-23T09:11:55+0200,db3f74e3-4f49-42d6-88b6-ea3283c50514,2026-07-05T17:15:00Z,2026-07-05T19:15:00+0200,7831.833,MW,DE,DE_LU,actual_solar_generation,Solar,2026-07-23T07:13:23Z
2026-07-23T07:11:55Z,2026-07-23T09:11:55+0200,db3f74e3-4f49-42d6-88b6-ea3283c50514,2026-07-05T17:30:00Z,2026-07-05T19:30:00+0200,6432.392,MW,DE,DE_LU,actual_solar_generation,Solar,2026-07-23T07:13:23Z
2026-07-23T07:11:55Z,2026-07-23T09:11:55+0200,db3f74e3-4f49-42d6-88b6-ea3283c50514,2026-07-05T17:45:00Z,2026-07-05T19:45:00+0200,5081.533,MW,DE,DE_LU,actual_solar_generation,Solar,2026-07-23T07:13:23Z
2026-07-23T07:11:55Z,2026-07-23T09:11:55+0200,db3f74e3-4f49-42d6-88b6-ea3283c50514,2026-07-05T18:00:00Z,2026-07-05T20:00:00+0200,3822.745,MW,DE,DE_LU,actual_solar_generation,Solar,2026-07-23T07:13:23Z
2026-07-23T07:11:55Z,2026-07-23T09:11:55+0200,db3f74e3-4f49-42d6-88b6-ea3283c50514,2026-07-05T18:15:00Z,2026-07-05T20:15:00+0200,2754.962,MW,DE,DE_LU,actual_solar_generation,Solar,2026-07-23T07:13:23Z
2026-07-23T07:11:55Z,2026-07-23T09:11:55+0200,db3f74e3-4f49-42d6-88b6-ea3283c50514,2026-07-05T18:30:00Z,2026-07-05T20:30:00+0200,1855.876,MW,DE,DE_LU,actual_solar_generation,Solar,2026-07-23T07:13:23Z
2026-07-23T07:11:55Z,2026-07-23T09:11:55+0200,db3f74e3-4f49-42d6-88b6-ea3283c50514,2026-07-05T18:45:00Z,2026-07-05T20:45:00+0200,1106.973,MW,DE,DE_LU,actual_solar_generation,Solar,2026-07-23T07:13:23Z
2026-07-23T07:11:55Z,2026-07-23T09:11:55+0200,db3f74e3-4f49-42d6-88b6-ea3283c50514,2026-07-05T19:00:00Z,2026-07-05T21:00:00+0200,519.57,MW,DE,DE_LU,actual_solar_generation,Solar,2026-07-23T07:13:23Z
2026-07-23T07:11:55Z,2026-07-23T09:11:55+0200,db3f74e3-4f49-42d6-88b6-ea3283c50514,2026-07-05T19:15:00Z,2026-07-05T21:15:00+0200,185.837,MW,DE,DE_LU,actual_solar_generation,Solar,2026-07-23T07:13:23Z
2026-07-23T07:11:55Z,2026-07-23T09:11:55+0200,db3f74e3-4f49-42d6-88b6-ea3283c50514,2026-07-05T19:30:00Z,2026-07-05T21:30:00+0200,45.176,MW,DE,DE_LU,actual_solar_generation,Solar,2026-07-23T07:13:23Z
2026-07-23T07:11:55Z,2026-07-23T09:11:55+0200,db3f74e3-4f49-42d6-88b6-ea3283c50514,2026-07-05T19:45:00Z,2026-07-05T21:45:00+0200,9.173,MW,DE,DE_LU,actual_solar_generation,Solar,2026-07-23T07:13:23Z
2026-07-23T07:11:55Z,2026-07-23T09:11:55+0200,db3f74e3-4f49-42d6-88b6-ea3283c50514,2026-07-05T20:00:00Z,2026-07-05T22:00:00+0200,3.083,MW,DE,DE_LU,actual_solar_generation,Solar,2026-07-23T07:13:23Z
2026-07-23T07:11:55Z,2026-07-23T09:11:55+0200,db3f74e3-4f49-42d6-88b6-ea3283c50514,2026-07-05T20:15:00Z,2026-07-05T22:15:00+0200,0.476,MW,DE,DE_LU,actual_solar_generation,Solar,2026-07-23T07:13:23Z
2026-07-23T07:11:55Z,2026-07-23T09:11:55+0200,db3f74e3-4f49-42d6-88b6-ea3283c50514,2026-07-05T20:30:00Z,2026-07-05T22:30:00+0200,0.23,MW,DE,DE_LU,actual_solar_generation,Solar,2026-07-23T07:13:23Z
2026-07-23T07:11:55Z,2026-07-23T09:11:55+0200,db3f74e3-4f49-42d6-88b6-ea3283c50514,2026-07-05T20:45:00Z,2026-07-05T22:45:00+0200,0.218,MW,DE,DE_LU,actual_solar_generation,Solar,2026-07-23T07:13:23Z
2026-07-23T07:11:55Z,2026-07-23T09:11:55+0200,db3f74e3-4f49-42d6-88b6-ea3283c50514,2026-07-05T21:00:00Z,2026-07-05T23:00:00+0200,0.21,MW,DE,DE_LU,actual_solar_generation,Solar,2026-07-23T07:13:23Z
2026-07-23T07:11:55Z,2026-07-23T09:11:55+0200,db3f74e3-4f49-42d6-88b6-ea3283c50514,2026-07-05T21:15:00Z,2026-07-05T23:15:00+0200,0.188,MW,DE,DE_LU,actual_solar_generation,Solar,2026-07-23T07:13:23Z
2026-07-23T07:11:55Z,2026-07-23T09:11:55+0200,db3f74e3-4f49-42d6-88b6-ea3283c50514,2026-07-05T21:30:00Z,2026-07-05T23:30:00+0200,0.174,MW,DE,DE_LU,actual_solar_generation,Solar,2026-07-23T07:13:23Z
2026-07-23T07:11:55Z,2026-07-23T09:11:55+0200,db3f74e3-4f49-42d6-88b6-ea3283c50514,2026-07-05T21:45:00Z,2026-07-05T23:45:00+0200,0.177,MW,DE,DE_LU,actual_solar_generation,Solar,2026-07-23T07:13:23Z
2026-07-23T07:11:55Z,2026-07-23T09:11:55+0200,db3f74e3-4f49-42d6-88b6-ea3283c50514,2026-07-05T22:00:00Z,2026-07-06T00:00:00+0200,0.208,MW,DE,DE_LU,actual_solar_generation,Solar,2026-07-23T07:13:23Z
2026-07-23T07:11:55Z,2026-07-23T09:11:55+0200,db3f74e3-4f49-42d6-88b6-ea3283c50514,2026-07-05T22:15:00Z,2026-07-06T00:15:00+0200,0.186,MW,DE,DE_LU,actual_solar_generation,Solar,2026-07-23T07:13:23Z
2026-07-23T07:11:55Z,2026-07-23T09:11:55+0200,db3f74e3-4f49-42d6-88b6-ea3283c50514,2026-07-05T22:30:00Z,2026-07-06T00:30:00+0200,0.152,MW,DE,DE_LU,actual_solar_generation,Solar,2026-07-23T07:13:23Z
2026-07-23T07:11:55Z,2026-07-23T09:11:55+0200,db3f74e3-4f49-42d6-88b6-ea3283c50514,2026-07-05T22:45:00Z,2026-07-06T00:45:00+0200,0.122,MW,DE,DE_LU,actual_solar_generation,Solar,2026-07-23T07:13:23Z
2026-07-23T07:11:55Z,2026-07-23T09:11:55+0200,db3f74e3-4f49-42d6-88b6-ea3283c50514,2026-07-05T23:00:00Z,2026-07-06T01:00:00+0200,0.12,MW,DE,DE_LU,actual_solar_generation,Solar,2026-07-23T07:13:23Z
2026-07-23T07:11:55Z,2026-07-23T09:11:55+0200,db3f74e3-4f49-42d6-88b6-ea3283c50514,2026-07-05T23:15:00Z,2026-07-06T01:15:00+0200,0.103,MW,DE,DE_LU,actual_solar_generation,Solar,2026-07-23T07:13:23Z
2026-07-23T07:11:55Z,2026-07-23T09:11:55+0200,db3f74e3-4f49-42d6-88b6-ea3283c50514,2026-07-05T23:30:00Z,2026-07-06T01:30:00+0200,0.094,MW,DE,DE_LU,actual_solar_generation,Solar,2026-07-23T07:13:23Z
2026-07-23T07:11:55Z,2026-07-23T09:11:55+0200,db3f74e3-4f49-42d6-88b6-ea3283c50514,2026-07-05T23:45:00Z,2026-07-06T01:45:00+0200,0.098,MW,DE,DE_LU,actual_solar_generation,Solar,2026-07-23T07:13:23Z
2026-07-23T07:11:55Z,2026-07-23T09:11:55+0200,db3f74e3-4f49-42d6-88b6-ea3283c50514,2026-07-06T00:00:00Z,2026-07-06T02:00:00+0200,0.093,MW,DE,DE_LU,actual_solar_generation,Solar,2026-07-23T07:13:23Z
2026-07-23T07:11:55Z,2026-07-23T09:11:55+0200,db3f74e3-4f49-42d6-88b6-ea3283c50514,2026-07-06T00:15:00Z,2026-07-06T02:15:00+0200,0.098,MW,DE,DE_LU,actual_solar_generation,Solar,2026-07-23T07:13:23Z
2026-07-23T07:11:55Z,2026-07-23T09:11:55+0200,db3f74e3-4f49-42d6-88b6-ea3283c50514,2026-07-06T00:30:00Z,2026-07-06T02:30:00+0200,0.102,MW,DE,DE_LU,actual_solar_generation,Solar,2026-07-23T07:13:23Z
2026-07-23T07:11:55Z,2026-07-23T09:11:55+0200,db3f74e3-4f49-42d6-88b6-ea3283c50514,2026-07-06T00:45:00Z,2026-07-06T02:45:00+0200,0.092,MW,DE,DE_LU,actual_solar_generation,Solar,2026-07-23T07:13:23Z
2026-07-23T07:11:55Z,2026-07-23T09:11:55+0200,db3f74e3-4f49-42d6-88b6-ea3283c50514,2026-07-06T01:00:00Z,2026-07-06T03:00:00+0200,0.084,MW,DE,DE_LU,actual_solar_generation,Solar,2026-07-23T07:13:23Z
2026-07-23T07:11:55Z,2026-07-23T09:11:55+0200,db3f74e3-4f49-42d6-88b6-ea3283c50514,2026-07-06T01:15:00Z,2026-07-06T03:15:00+0200,0.082,MW,DE,DE_LU,actual_solar_generation,Solar,2026-07-23T07:13:23Z
2026-07-23T07:11:55Z,2026-07-23T09:11:55+0200,db3f74e3-4f49-42d6-88b6-ea3283c50514,2026-07-06T01:30:00Z,2026-07-06T03:30:00+0200,0.078,MW,DE,DE_LU,actual_solar_generation,Solar,2026-07-23T07:13:23Z
2026-07-23T07:11:55Z,2026-07-23T09:11:55+0200,db3f74e3-4f49-42d6-88b6-ea3283c50514,2026-07-06T01:45:00Z,2026-07-06T03:45:00+0200,0.075,MW,DE,DE_LU,actual_solar_generation,Solar,2026-07-23T07:13:23Z
2026-07-23T07:11:55Z,2026-07-23T09:11:55+0200,db3f74e3-4f49-42d6-88b6-ea3283c50514,2026-07-06T02:00:00Z,2026-07-06T04:00:00+0200,0.085,MW,DE,DE_LU,actual_solar_generation,Solar,2026-07-23T07:13:23Z
2026-07-23T07:11:55Z,2026-07-23T09:11:55+0200,db3f74e3-4f49-42d6-88b6-ea3283c50514,2026-07-06T02:15:00Z,2026-07-06T04:15:00+0200,0.079,MW,DE,DE_LU,actual_solar_generation,Solar,2026-07-23T07:13:23Z
2026-07-23T07:11:55Z,2026-07-23T09:11:55+0200,db3f74e3-4f49-42d6-88b6-ea3283c50514,2026-07-06T02:30:00Z,2026-07-06T04:30:00+0200,0.393,MW,DE,DE_LU,actual_solar_generation,Solar,2026-07-23T07:13:23Z
2026-07-23T07:11:55Z,2026-07-23T09:11:55+0200,db3f74e3-4f49-42d6-88b6-ea3283c50514,2026-07-06T02:45:00Z,2026-07-06T04:45:00+0200,5.564,MW,DE,DE_LU,actual_solar_generation,Solar,2026-07-23T07:13:23Z
2026-07-23T07:11:55Z,2026-07-23T09:11:55+0200,db3f74e3-4f49-42d6-88b6-ea3283c50514,2026-07-06T03:00:00Z,2026-07-06T05:00:00+0200,43.63,MW,DE,DE_LU,actual_solar_generation,Solar,2026-07-23T07:13:23Z
2026-07-23T07:11:55Z,2026-07-23T09:11:55+0200,db3f74e3-4f49-42d6-88b6-ea3283c50514,2026-07-06T03:15:00Z,2026-07-06T05:15:00+0200,162.284,MW,DE,DE_LU,actual_solar_generation,Solar,2026-07-23T07:13:23Z
2026-07-23T07:11:55Z,2026-07-23T09:11:55+0200,db3f74e3-4f49-42d6-88b6-ea3283c50514,2026-07-06T03:30:00Z,2026-07-06T05:30:00+0200,411.475,MW,DE,DE_LU,actual_solar_generation,Solar,2026-07-23T07:13:23Z
2026-07-23T07:11:55Z,2026-07-23T09:11:55+0200,db3f74e3-4f49-42d6-88b6-ea3283c50514,2026-07-06T03:45:00Z,2026-07-06T05:45:00+0200,958.617,MW,DE,DE_LU,actual_solar_generation,Solar,2026-07-23T07:13:23Z
2026-07-23T07:11:55Z,2026-07-23T09:11:55+0200,db3f74e3-4f49-42d6-88b6-ea3283c50514,2026-07-06T04:00:00Z,2026-07-06T06:00:00+0200,1662.499,MW,DE,DE_LU,actual_solar_generation,Solar,2026-07-23T07:13:23Z
2026-07-23T07:11:55Z,2026-07-23T09:11:55+0200,db3f74e3-4f49-42d6-88b6-ea3283c50514,2026-07-06T04:15:00Z,2026-07-06T06:15:00+0200,2498.227,MW,DE,DE_LU,actual_solar_generation,Solar,2026-07-23T07:13:23Z
2026-07-23T07:11:55Z,2026-07-23T09:11:55+0200,db3f74e3-4f49-42d6-88b6-ea3283c50514,2026-07-06T04:30:00Z,2026-07-06T06:30:00+0200,3461.226,MW,DE,DE_LU,actual_solar_generation,Solar,2026-07-23T07:13:23Z
2026-07-23T07:11:55Z,2026-07-23T09:11:55+0200,db3f74e3-4f49-42d6-88b6-ea3283c50514,2026-07-06T04:45:00Z,2026-07-06T06:45:00+0200,4637.537,MW,DE,DE_LU,actual_solar_generation,Solar,2026-07-23T07:13:23Z
2026-07-23T07:11:55Z,2026-07-23T09:11:55+0200,db3f74e3-4f49-42d6-88b6-ea3283c50514,2026-07-06T05:00:00Z,2026-07-06T07:00:00+0200,6003.026,MW,DE,DE_LU,actual_solar_generation,Solar,2026-07-23T07:13:23Z
2026-07-23T07:11:55Z,2026-07-23T09:11:55+0200,db3f74e3-4f49-42d6-88b6-ea3283c50514,2026-07-06T05:15:00Z,2026-07-06T07:15:00+0200,7488.095,MW,DE,DE_LU,actual_solar_generation,Solar,2026-07-23T07:13:23Z
2026-07-23T07:11:55Z,2026-07-23T09:11:55+0200,db3f74e3-4f49-42d6-88b6-ea3283c50514,2026-07-06T05:30:00Z,2026-07-06T07:30:00+0200,9071.842,MW,DE,DE_LU,actual_solar_generation,Solar,2026-07-23T07:13:23Z
2026-07-23T07:11:55Z,2026-07-23T09:11:55+0200,db3f74e3-4f49-42d6-88b6-ea3283c50514,2026-07-06T05:45:00Z,2026-07-06T07:45:00+0200,10612.56,MW,DE,DE_LU,actual_solar_generation,Solar,2026-07-23T07:13:23Z
2026-07-23T07:11:55Z,2026-07-23T09:11:55+0200,db3f74e3-4f49-42d6-88b6-ea3283c50514,2026-07-06T06:00:00Z,2026-07-06T08:00:00+0200,12212.202,MW,DE,DE_LU,actual_solar_generation,Solar,2026-07-23T07:13:23Z
2026-07-23T07:11:55Z,2026-07-23T09:11:55+0200,db3f74e3-4f49-42d6-88b6-ea3283c50514,2026-07-06T06:15:00Z,2026-07-06T08:15:00+0200,13845.497,MW,DE,DE_LU,actual_solar_generation,Solar,2026-07-23T07:13:23Z
2026-07-23T07:11:55Z,2026-07-23T09:11:55+0200,db3f74e3-4f49-42d6-88b6-ea3283c50514,2026-07-06T06:30:00Z,2026-07-06T08:30:00+0200,15478.505,MW,DE,DE_LU,actual_solar_generation,Solar,2026-07-23T07:13:23Z
2026-07-23T07:11:55Z,2026-07-23T09:11:55+0200,db3f74e3-4f49-42d6-88b6-ea3283c50514,2026-07-06T06:45:00Z,2026-07-06T08:45:00+0200,16836.395,MW,DE,DE_LU,actual_solar_generation,Solar,2026-07-23T07:13:23Z
2026-07-23T07:11:55Z,2026-07-23T09:11:55+0200,db3f74e3-4f49-42d6-88b6-ea3283c50514,2026-07-06T07:00:00Z,2026-07-06T09:00:00+0200,18216.558,MW,DE,DE_LU,actual_solar_generation,Solar,2026-07-23T07:13:23Z
2026-07-23T07:11:55Z,2026-07-23T09:11:55+0200,db3f74e3-4f49-42d6-88b6-ea3283c50514,2026-07-06T07:15:00Z,2026-07-06T09:15:00+0200,19262.598,MW,DE,DE_LU,actual_solar_generation,Solar,2026-07-23T07:13:23Z
2026-07-23T07:11:55Z,2026-07-23T09:11:55+0200,db3f74e3-4f49-42d6-88b6-ea3283c50514,2026-07-06T07:30:00Z,2026-07-06T09:30:00+0200,20364.174,MW,DE,DE_LU,actual_solar_generation,Solar,2026-07-23T07:13:23Z
2026-07-23T07:11:55Z,2026-07-23T09:11:55+0200,db3f74e3-4f49-42d6-88b6-ea3283c50514,2026-07-06T07:45:00Z,2026-07-06T09:45:00+0200,21374.185,MW,DE,DE_LU,actual_solar_generation,Solar,2026-07-23T07:13:23Z
2026-07-23T07:11:55Z,2026-07-23T09:11:55+0200,db3f74e3-4f49-42d6-88b6-ea3283c50514,2026-07-06T08:00:00Z,2026-07-06T10:00:00+0200,22629.864,MW,DE,DE_LU,actual_solar_generation,Solar,2026-07-23T07:13:23Z
2026-07-23T07:11:55Z,2026-07-23T09:11:55+0200,db3f74e3-4f49-42d6-88b6-ea3283c50514,2026-07-06T08:15:00Z,2026-07-06T10:15:00+0200,23651.08,MW,DE,DE_LU,actual_solar_generation,Solar,2026-07-23T07:13:23Z
2026-07-23T07:11:55Z,2026-07-23T09:11:55+0200,db3f74e3-4f49-42d6-88b6-ea3283c50514,2026-07-06T08:30:00Z,2026-07-06T10:30:00+0200,24677.122,MW,DE,DE_LU,actual_solar_generation,Solar,2026-07-23T07:13:23Z
2026-07-23T07:11:55Z,2026-07-23T09:11:55+0200,db3f74e3-4f49-42d6-88b6-ea3283c50514,2026-07-06T08:45:00Z,2026-07-06T10:45:00+0200,25552.935,MW,DE,DE_LU,actual_solar_generation,Solar,2026-07-23T07:13:23Z
2026-07-23T07:11:55Z,2026-07-23T09:11:55+0200,db3f74e3-4f49-42d6-88b6-ea3283c50514,2026-07-06T09:00:00Z,2026-07-06T11:00:00+0200,26122.11,MW,DE,DE_LU,actual_solar_generation,Solar,2026-07-23T07:13:23Z
2026-07-23T07:11:55Z,2026-07-23T09:11:55+0200,db3f74e3-4f49-42d6-88b6-ea3283c50514,2026-07-06T09:15:00Z,2026-07-06T11:15:00+0200,26808.624,MW,DE,DE_LU,actual_solar_generation,Solar,2026-07-23T07:13:23Z
2026-07-23T07:11:55Z,2026-07-23T09:11:55+0200,db3f74e3-4f49-42d6-88b6-ea3283c50514,2026-07-06T09:30:00Z,2026-07-06T11:30:00+0200,27944.757,MW,DE,DE_LU,actual_solar_generation,Solar,2026-07-23T07:13:23Z
2026-07-23T07:11:55Z,2026-07-23T09:11:55+0200,db3f74e3-4f49-42d6-88b6-ea3283c50514,2026-07-06T09:45:00Z,2026-07-06T11:45:00+0200,28775.807,MW,DE,DE_LU,actual_solar_generation,Solar,2026-07-23T07:13:23Z
2026-07-23T07:11:55Z,2026-07-23T09:11:55+0200,db3f74e3-4f49-42d6-88b6-ea3283c50514,2026-07-06T10:00:00Z,2026-07-06T12:00:00+0200,29515.088,MW,DE,DE_LU,actual_solar_generation,Solar,2026-07-23T07:13:23Z
2026-07-23T07:11:55Z,2026-07-23T09:11:55+0200,db3f74e3-4f49-42d6-88b6-ea3283c50514,2026-07-06T10:15:00Z,2026-07-06T12:15:00+0200,30277.997,MW,DE,DE_LU,actual_solar_generation,Solar,2026-07-23T07:13:23Z
2026-07-23T07:11:55Z,2026-07-23T09:11:55+0200,db3f74e3-4f49-42d6-88b6-ea3283c50514,2026-07-06T10:30:00Z,2026-07-06T12:30:00+0200,30568.436,MW,DE,DE_LU,actual_solar_generation,Solar,2026-07-23T07:13:23Z
2026-07-23T07:11:55Z,2026-07-23T09:11:55+0200,db3f74e3-4f49-42d6-88b6-ea3283c50514,2026-07-06T10:45:00Z,2026-07-06T12:45:00+0200,30851.799,MW,DE,DE_LU,actual_solar_generation,Solar,2026-07-23T07:13:23Z
2026-07-23T07:11:55Z,2026-07-23T09:11:55+0200,db3f74e3-4f49-42d6-88b6-ea3283c50514,2026-07-06T11:00:00Z,2026-07-06T13:00:00+0200,31197.831,MW,DE,DE_LU,actual_solar_generation,Solar,2026-07-23T07:13:23Z
2026-07-23T07:11:55Z,2026-07-23T09:11:55+0200,db3f74e3-4f49-42d6-88b6-ea3283c50514,2026-07-06T11:15:00Z,2026-07-06T13:15:00+0200,31269.066,MW,DE,DE_LU,actual_solar_generation,Solar,2026-07-23T07:13:23Z
2026-07-23T07:11:55Z,2026-07-23T09:11:55+0200,db3f74e3-4f49-42d6-88b6-ea3283c50514,2026-07-06T11:30:00Z,2026-07-06T13:30:00+0200,31364.465,MW,DE,DE_LU,actual_solar_generation,Solar,2026-07-23T07:13:23Z
2026-07-23T07:11:55Z,2026-07-23T09:11:55+0200,db3f74e3-4f49-42d6-88b6-ea3283c50514,2026-07-06T11:45:00Z,2026-07-06T13:45:00+0200,31247.266,MW,DE,DE_LU,actual_solar_generation,Solar,2026-07-23T07:13:23Z
2026-07-23T07:11:55Z,2026-07-23T09:11:55+0200,db3f74e3-4f49-42d6-88b6-ea3283c50514,2026-07-06T12:00:00Z,2026-07-06T14:00:00+0200,30701.045,MW,DE,DE_LU,actual_solar_generation,Solar,2026-07-23T07:13:23Z
2026-07-23T07:11:55Z,2026-07-23T09:11:55+0200,db3f74e3-4f49-42d6-88b6-ea3283c50514,2026-07-06T12:15:00Z,2026-07-06T14:15:00+0200,29859.665,MW,DE,DE_LU,actual_solar_generation,Solar,2026-07-23T07:13:23Z
2026-07-23T07:11:55Z,2026-07-23T09:11:55+0200,db3f74e3-4f49-42d6-88b6-ea3283c50514,2026-07-06T12:30:00Z,2026-07-06T14:30:00+0200,29423.957,MW,DE,DE_LU,actual_solar_generation,Solar,2026-07-23T07:13:23Z
2026-07-23T07:11:55Z,2026-07-23T09:11:55+0200,db3f74e3-4f49-42d6-88b6-ea3283c50514,2026-07-06T12:45:00Z,2026-07-06T14:45:00+0200,29022.556,MW,DE,DE_LU,actual_solar_generation,Solar,2026-07-23T07:13:23Z
2026-07-23T07:11:55Z,2026-07-23T09:11:55+0200,db3f74e3-4f49-42d6-88b6-ea3283c50514,2026-07-06T13:00:00Z,2026-07-06T15:00:00+0200,27982.554,MW,DE,DE_LU,actual_solar_generation,Solar,2026-07-23T07:13:23Z
2026-07-23T07:11:55Z,2026-07-23T09:11:55+0200,db3f74e3-4f49-42d6-88b6-ea3283c50514,2026-07-06T13:15:00Z,2026-07-06T15:15:00+0200,27010.968,MW,DE,DE_LU,actual_solar_generation,Solar,2026-07-23T07:13:23Z
2026-07-23T07:11:55Z,2026-07-23T09:11:55+0200,db3f74e3-4f49-42d6-88b6-ea3283c50514,2026-07-06T13:30:00Z,2026-07-06T15:30:00+0200,26145.81,MW,DE,DE_LU,actual_solar_generation,Solar,2026-07-23T07:13:23Z
2026-07-23T07:11:55Z,2026-07-23T09:11:55+0200,db3f74e3-4f49-42d6-88b6-ea3283c50514,2026-07-06T13:45:00Z,2026-07-06T15:45:00+0200,25419.267,MW,DE,DE_LU,actual_solar_generation,Solar,2026-07-23T07:13:23Z
2026-07-23T07:11:55Z,2026-07-23T09:11:55+0200,db3f74e3-4f49-42d6-88b6-ea3283c50514,2026-07-06T14:00:00Z,2026-07-06T16:00:00+0200,24633.464,MW,DE,DE_LU,actual_solar_generation,Solar,2026-07-23T07:13:23Z
2026-07-23T07:11:55Z,2026-07-23T09:11:55+0200,db3f74e3-4f49-42d6-88b6-ea3283c50514,2026-07-06T14:15:00Z,2026-07-06T16:15:00+0200,23835.138,MW,DE,DE_LU,actual_solar_generation,Solar,2026-07-23T07:13:23Z
2026-07-23T07:11:55Z,2026-07-23T09:11:55+0200,db3f74e3-4f49-42d6-88b6-ea3283c50514,2026-07-06T14:30:00Z,2026-07-06T16:30:00+0200,22697.21,MW,DE,DE_LU,actual_solar_generation,Solar,2026-07-23T07:13:23Z
2026-07-23T07:11:55Z,2026-07-23T09:11:55+0200,db3f74e3-4f49-42d6-88b6-ea3283c50514,2026-07-06T14:45:00Z,2026-07-06T16:45:00+0200,21370.4,MW,DE,DE_LU,actual_solar_generation,Solar,2026-07-23T07:13:23Z
2026-07-23T07:11:55Z,2026-07-23T09:11:55+0200,db3f74e3-4f49-42d6-88b6-ea3283c50514,2026-07-06T15:00:00Z,2026-07-06T17:00:00+0200,20178.542,MW,DE,DE_LU,actual_solar_generation,Solar,2026-07-23T07:13:23Z
2026-07-23T07:11:55Z,2026-07-23T09:11:55+0200,db3f74e3-4f49-42d6-88b6-ea3283c50514,2026-07-06T15:15:00Z,2026-07-06T17:15:00+0200,19019.008,MW,DE,DE_LU,actual_solar_generation,Solar,2026-07-23T07:13:23Z
2026-07-23T07:11:55Z,2026-07-23T09:11:55+0200,db3f74e3-4f49-42d6-88b6-ea3283c50514,2026-07-06T15:30:00Z,2026-07-06T17:30:00+0200,17634.5,MW,DE,DE_LU,actual_solar_generation,Solar,2026-07-23T07:13:23Z
2026-07-23T07:11:55Z,2026-07-23T09:11:55+0200,db3f74e3-4f49-42d6-88b6-ea3283c50514,2026-07-06T15:45:00Z,2026-07-06T17:45:00+0200,15935.026,MW,DE,DE_LU,actual_solar_generation,Solar,2026-07-23T07:13:23Z
2026-07-23T07:11:55Z,2026-07-23T09:11:55+0200,db3f74e3-4f49-42d6-88b6-ea3283c50514,2026-07-06T16:00:00Z,2026-07-06T18:00:00+0200,14360.85,MW,DE,DE_LU,actual_solar_generation,Solar,2026-07-23T07:13:23Z
2026-07-23T07:11:55Z,2026-07-23T09:11:55+0200,db3f74e3-4f49-42d6-88b6-ea3283c50514,2026-07-06T16:15:00Z,2026-07-06T18:15:00+0200,12701.84,MW,DE,DE_LU,actual_solar_generation,Solar,2026-07-23T07:13:23Z
2026-07-23T07:11:55Z,2026-07-23T09:11:55+0200,db3f74e3-4f49-42d6-88b6-ea3283c50514,2026-07-06T16:30:00Z,2026-07-06T18:30:00+0200,11055.96,MW,DE,DE_LU,actual_solar_generation,Solar,2026-07-23T07:13:23Z
2026-07-23T07:11:55Z,2026-07-23T09:11:55+0200,db3f74e3-4f49-42d6-88b6-ea3283c50514,2026-07-06T16:45:00Z,2026-07-06T18:45:00+0200,9561.194,MW,DE,DE_LU,actual_solar_generation,Solar,2026-07-23T07:13:23Z
2026-07-23T07:11:55Z,2026-07-23T09:11:55+0200,db3f74e3-4f49-42d6-88b6-ea3283c50514,2026-07-06T17:00:00Z,2026-07-06T19:00:00+0200,8279.527,MW,DE,DE_LU,actual_solar_generation,Solar,2026-07-23T07:13:23Z
2026-07-23T07:11:55Z,2026-07-23T09:11:55+0200,db3f74e3-4f49-42d6-88b6-ea3283c50514,2026-07-06T17:15:00Z,2026-07-06T19:15:00+0200,6936.581,MW,DE,DE_LU,actual_solar_generation,Solar,2026-07-23T07:13:23Z
2026-07-23T07:11:55Z,2026-07-23T09:11:55+0200,db3f74e3-4f49-42d6-88b6-ea3283c50514,2026-07-06T17:30:00Z,2026-07-06T19:30:00+0200,5651.677,MW,DE,DE_LU,actual_solar_generation,Solar,2026-07-23T07:13:23Z
2026-07-23T07:11:55Z,2026-07-23T09:11:55+0200,db3f74e3-4f49-42d6-88b6-ea3283c50514,2026-07-06T17:45:00Z,2026-07-06T19:45:00+0200,4590.39,MW,DE,DE_LU,actual_solar_generation,Solar,2026-07-23T07:13:23Z
2026-07-23T07:11:55Z,2026-07-23T09:11:55+0200,db3f74e3-4f49-42d6-88b6-ea3283c50514,2026-07-06T18:00:00Z,2026-07-06T20:00:00+0200,3433.012,MW,DE,DE_LU,actual_solar_generation,Solar,2026-07-23T07:13:23Z
2026-07-23T07:11:55Z,2026-07-23T09:11:55+0200,db3f74e3-4f49-42d6-88b6-ea3283c50514,2026-07-06T18:15:00Z,2026-07-06T20:15:00+0200,2395.183,MW,DE,DE_LU,actual_solar_generation,Solar,2026-07-23T07:13:23Z
2026-07-23T07:11:55Z,2026-07-23T09:11:55+0200,db3f74e3-4f49-42d6-88b6-ea3283c50514,2026-07-06T18:30:00Z,2026-07-06T20:30:00+0200,1574.801,MW,DE,DE_LU,actual_solar_generation,Solar,2026-07-23T07:13:23Z
2026-07-23T07:11:55Z,2026-07-23T09:11:55+0200,db3f74e3-4f49-42d6-88b6-ea3283c50514,2026-07-06T18:45:00Z,2026-07-06T20:45:00+0200,939.955,MW,DE,DE_LU,actual_solar_generation,Solar,2026-07-23T07:13:23Z
2026-07-23T07:11:55Z,2026-07-23T09:11:55+0200,db3f74e3-4f49-42d6-88b6-ea3283c50514,2026-07-06T19:00:00Z,2026-07-06T21:00:00+0200,447.49,MW,DE,DE_LU,actual_solar_generation,Solar,2026-07-23T07:13:23Z
2026-07-23T07:11:55Z,2026-07-23T09:11:55+0200,db3f74e3-4f49-42d6-88b6-ea3283c50514,2026-07-06T19:15:00Z,2026-07-06T21:15:00+0200,153.139,MW,DE,DE_LU,actual_solar_generation,Solar,2026-07-23T07:13:23Z
2026-07-23T07:11:55Z,2026-07-23T09:11:55+0200,db3f74e3-4f49-42d6-88b6-ea3283c50514,2026-07-06T19:30:00Z,2026-07-06T21:30:00+0200,34.809,MW,DE,DE_LU,actual_solar_generation,Solar,2026-07-23T07:13:23Z
2026-07-23T07:11:55Z,2026-07-23T09:11:55+0200,db3f74e3-4f49-42d6-88b6-ea3283c50514,2026-07-06T19:45:00Z,2026-07-06T21:45:00+0200,5.725,MW,DE,DE_LU,actual_solar_generation,Solar,2026-07-23T07:13:23Z
2026-07-23T07:11:55Z,2026-07-23T09:11:55+0200,db3f74e3-4f49-42d6-88b6-ea3283c50514,2026-07-06T20:00:00Z,2026-07-06T22:00:00+0200,3.192,MW,DE,DE_LU,actual_solar_generation,Solar,2026-07-23T07:13:23Z
2026-07-23T07:11:55Z,2026-07-23T09:11:55+0200,db3f74e3-4f49-42d6-88b6-ea3283c50514,2026-07-06T20:15:00Z,2026-07-06T22:15:00+0200,0.274,MW,DE,DE_LU,actual_solar_generation,Solar,2026-07-23T07:13:23Z
2026-07-23T07:11:55Z,2026-07-23T09:11:55+0200,db3f74e3-4f49-42d6-88b6-ea3283c50514,2026-07-06T20:30:00Z,2026-07-06T22:30:00+0200,0.239,MW,DE,DE_LU,actual_solar_generation,Solar,2026-07-23T07:13:23Z
2026-07-23T07:11:55Z,2026-07-23T09:11:55+0200,db3f74e3-4f49-42d6-88b6-ea3283c50514,2026-07-06T20:45:00Z,2026-07-06T22:45:00+0200,0.234,MW,DE,DE_LU,actual_solar_generation,Solar,2026-07-23T07:13:23Z
2026-07-23T07:11:55Z,2026-07-23T09:11:55+0200,db3f74e3-4f49-42d6-88b6-ea3283c50514,2026-07-06T21:00:00Z,2026-07-06T23:00:00+0200,0.234,MW,DE,DE_LU,actual_solar_generation,Solar,2026-07-23T07:13:23Z
2026-07-23T07:11:55Z,2026-07-23T09:11:55+0200,db3f74e3-4f49-42d6-88b6-ea3283c50514,2026-07-06T21:15:00Z,2026-07-06T23:15:00+0200,0.207,MW,DE,DE_LU,actual_solar_generation,Solar,2026-07-23T07:13:23Z
2026-07-23T07:11:55Z,2026-07-23T09:11:55+0200,db3f74e3-4f49-42d6-88b6-ea3283c50514,2026-07-06T21:30:00Z,2026-07-06T23:30:00+0200,0.163,MW,DE,DE_LU,actual_solar_generation,Solar,2026-07-23T07:13:23Z
2026-07-23T07:11:55Z,2026-07-23T09:11:55+0200,db3f74e3-4f49-42d6-88b6-ea3283c50514,2026-07-06T21:45:00Z,2026-07-06T23:45:00+0200,0.153,MW,DE,DE_LU,actual_solar_generation,Solar,2026-07-23T07:13:23Z
2026-07-23T07:11:55Z,2026-07-23T09:11:55+0200,db3f74e3-4f49-42d6-88b6-ea3283c50514,2026-07-06T22:00:00Z,2026-07-07T00:00:00+0200,0.165,MW,DE,DE_LU,actual_solar_generation,Solar,2026-07-23T07:13:23Z
2026-07-23T07:11:55Z,2026-07-23T09:11:55+0200,db3f74e3-4f49-42d6-88b6-ea3283c50514,2026-07-06T22:15:00Z,2026-07-07T00:15:00+0200,0.154,MW,DE,DE_LU,actual_solar_generation,Solar,2026-07-23T07:13:23Z
2026-07-23T07:11:55Z,2026-07-23T09:11:55+0200,db3f74e3-4f49-42d6-88b6-ea3283c50514,2026-07-06T22:30:00Z,2026-07-07T00:30:00+0200,0.14,MW,DE,DE_LU,actual_solar_generation,Solar,2026-07-23T07:13:23Z
2026-07-23T07:11:55Z,2026-07-23T09:11:55+0200,db3f74e3-4f49-42d6-88b6-ea3283c50514,2026-07-06T22:45:00Z,2026-07-07T00:45:00+0200,0.126,MW,DE,DE_LU,actual_solar_generation,Solar,2026-07-23T07:13:23Z
2026-07-23T07:11:55Z,2026-07-23T09:11:55+0200,db3f74e3-4f49-42d6-88b6-ea3283c50514,2026-07-06T23:00:00Z,2026-07-07T01:00:00+0200,0.118,MW,DE,DE_LU,actual_solar_generation,Solar,2026-07-23T07:13:23Z
2026-07-23T07:11:55Z,2026-07-23T09:11:55+0200,db3f74e3-4f49-42d6-88b6-ea3283c50514,2026-07-06T23:15:00Z,2026-07-07T01:15:00+0200,0.112,MW,DE,DE_LU,actual_solar_generation,Solar,2026-07-23T07:13:23Z
2026-07-23T07:11:55Z,2026-07-23T09:11:55+0200,db3f74e3-4f49-42d6-88b6-ea3283c50514,2026-07-06T23:30:00Z,2026-07-07T01:30:00+0200,0.099,MW,DE,DE_LU,actual_solar_generation,Solar,2026-07-23T07:13:23Z
2026-07-23T07:11:55Z,2026-07-23T09:11:55+0200,db3f74e3-4f49-42d6-88b6-ea3283c50514,2026-07-06T23:45:00Z,2026-07-07T01:45:00+0200,0.094,MW,DE,DE_LU,actual_solar_generation,Solar,2026-07-23T07:13:23Z
2026-07-23T07:11:55Z,2026-07-23T09:11:55+0200,db3f74e3-4f49-42d6-88b6-ea3283c50514,2026-07-07T00:00:00Z,2026-07-07T02:00:00+0200,0.086,MW,DE,DE_LU,actual_solar_generation,Solar,2026-07-23T07:13:23Z
2026-07-23T07:11:55Z,2026-07-23T09:11:55+0200,db3f74e3-4f49-42d6-88b6-ea3283c50514,2026-07-07T00:15:00Z,2026-07-07T02:15:00+0200,0.092,MW,DE,DE_LU,actual_solar_generation,Solar,2026-07-23T07:13:23Z
2026-07-23T07:11:55Z,2026-07-23T09:11:55+0200,db3f74e3-4f49-42d6-88b6-ea3283c50514,2026-07-07T00:30:00Z,2026-07-07T02:30:00+0200,0.083,MW,DE,DE_LU,actual_solar_generation,Solar,2026-07-23T07:13:23Z
2026-07-23T07:11:55Z,2026-07-23T09:11:55+0200,db3f74e3-4f49-42d6-88b6-ea3283c50514,2026-07-07T00:45:00Z,2026-07-07T02:45:00+0200,0.083,MW,DE,DE_LU,actual_solar_generation,Solar,2026-07-23T07:13:23Z
2026-07-23T07:11:55Z,2026-07-23T09:11:55+0200,db3f74e3-4f49-42d6-88b6-ea3283c50514,2026-07-07T01:00:00Z,2026-07-07T03:00:00+0200,0.083,MW,DE,DE_LU,actual_solar_generation,Solar,2026-07-23T07:13:23Z
2026-07-23T07:11:55Z,2026-07-23T09:11:55+0200,db3f74e3-4f49-42d6-88b6-ea3283c50514,2026-07-07T01:15:00Z,2026-07-07T03:15:00+0200,0.086,MW,DE,DE_LU,actual_solar_generation,Solar,2026-07-23T07:13:23Z
2026-07-23T07:11:55Z,2026-07-23T09:11:55+0200,db3f74e3-4f49-42d6-88b6-ea3283c50514,2026-07-07T01:30:00Z,2026-07-07T03:30:00+0200,0.084,MW,DE,DE_LU,actual_solar_generation,Solar,2026-07-23T07:13:23Z
2026-07-23T07:11:55Z,2026-07-23T09:11:55+0200,db3f74e3-4f49-42d6-88b6-ea3283c50514,2026-07-07T01:45:00Z,2026-07-07T03:45:00+0200,0.086,MW,DE,DE_LU,actual_solar_generation,Solar,2026-07-23T07:13:23Z
2026-07-23T07:11:55Z,2026-07-23T09:11:55+0200,db3f74e3-4f49-42d6-88b6-ea3283c50514,2026-07-07T02:00:00Z,2026-07-07T04:00:00+0200,0.081,MW,DE,DE_LU,actual_solar_generation,Solar,2026-07-23T07:13:23Z
2026-07-23T07:11:55Z,2026-07-23T09:11:55+0200,db3f74e3-4f49-42d6-88b6-ea3283c50514,2026-07-07T02:15:00Z,2026-07-07T04:15:00+0200,0.087,MW,DE,DE_LU,actual_solar_generation,Solar,2026-07-23T07:13:23Z
2026-07-23T07:11:55Z,2026-07-23T09:11:55+0200,db3f74e3-4f49-42d6-88b6-ea3283c50514,2026-07-07T02:30:00Z,2026-07-07T04:30:00+0200,0.263,MW,DE,DE_LU,actual_solar_generation,Solar,2026-07-23T07:13:23Z
2026-07-23T07:11:55Z,2026-07-23T09:11:55+0200,db3f74e3-4f49-42d6-88b6-ea3283c50514,2026-07-07T02:45:00Z,2026-07-07T04:45:00+0200,1.637,MW,DE,DE_LU,actual_solar_generation,Solar,2026-07-23T07:13:23Z
2026-07-23T07:11:55Z,2026-07-23T09:11:55+0200,db3f74e3-4f49-42d6-88b6-ea3283c50514,2026-07-07T03:00:00Z,2026-07-07T05:00:00+0200,9.949,MW,DE,DE_LU,actual_solar_generation,Solar,2026-07-23T07:13:23Z
2026-07-23T07:11:55Z,2026-07-23T09:11:55+0200,db3f74e3-4f49-42d6-88b6-ea3283c50514,2026-07-07T03:15:00Z,2026-07-07T05:15:00+0200,51.692,MW,DE,DE_LU,actual_solar_generation,Solar,2026-07-23T07:13:23Z
2026-07-23T07:11:55Z,2026-07-23T09:11:55+0200,db3f74e3-4f49-42d6-88b6-ea3283c50514,2026-07-07T03:30:00Z,2026-07-07T05:30:00+0200,278.175,MW,DE,DE_LU,actual_solar_generation,Solar,2026-07-23T07:13:23Z
2026-07-23T07:11:55Z,2026-07-23T09:11:55+0200,db3f74e3-4f49-42d6-88b6-ea3283c50514,2026-07-07T03:45:00Z,2026-07-07T05:45:00+0200,841.043,MW,DE,DE_LU,actual_solar_generation,Solar,2026-07-23T07:13:23Z
2026-07-23T07:11:55Z,2026-07-23T09:11:55+0200,db3f74e3-4f49-42d6-88b6-ea3283c50514,2026-07-07T04:00:00Z,2026-07-07T06:00:00+0200,1563.756,MW,DE,DE_LU,actual_solar_generation,Solar,2026-07-23T07:13:23Z
2026-07-23T07:11:55Z,2026-07-23T09:11:55+0200,db3f74e3-4f49-42d6-88b6-ea3283c50514,2026-07-07T04:15:00Z,2026-07-07T06:15:00+0200,2419.172,MW,DE,DE_LU,actual_solar_generation,Solar,2026-07-23T07:13:23Z
2026-07-23T07:11:55Z,2026-07-23T09:11:55+0200,db3f74e3-4f49-42d6-88b6-ea3283c50514,2026-07-07T04:30:00Z,2026-07-07T06:30:00+0200,3403.018,MW,DE,DE_LU,actual_solar_generation,Solar,2026-07-23T07:13:23Z
2026-07-23T07:11:55Z,2026-07-23T09:11:55+0200,db3f74e3-4f49-42d6-88b6-ea3283c50514,2026-07-07T04:45:00Z,2026-07-07T06:45:00+0200,4561.512,MW,DE,DE_LU,actual_solar_generation,Solar,2026-07-23T07:13:23Z
2026-07-23T07:11:55Z,2026-07-23T09:11:55+0200,db3f74e3-4f49-42d6-88b6-ea3283c50514,2026-07-07T05:00:00Z,2026-07-07T07:00:00+0200,5837.634,MW,DE,DE_LU,actual_solar_generation,Solar,2026-07-23T07:13:23Z
2026-07-23T07:11:55Z,2026-07-23T09:11:55+0200,db3f74e3-4f49-42d6-88b6-ea3283c50514,2026-07-07T05:15:00Z,2026-07-07T07:15:00+0200,7257.845,MW,DE,DE_LU,actual_solar_generation,Solar,2026-07-23T07:13:23Z
2026-07-23T07:11:55Z,2026-07-23T09:11:55+0200,db3f74e3-4f49-42d6-88b6-ea3283c50514,2026-07-07T05:30:00Z,2026-07-07T07:30:00+0200,8817.429,MW,DE,DE_LU,actual_solar_generation,Solar,2026-07-23T07:13:23Z
2026-07-23T07:11:55Z,2026-07-23T09:11:55+0200,db3f74e3-4f49-42d6-88b6-ea3283c50514,2026-07-07T05:45:00Z,2026-07-07T07:45:00+0200,10497.105,MW,DE,DE_LU,actual_solar_generation,Solar,2026-07-23T07:13:23Z
2026-07-23T07:11:55Z,2026-07-23T09:11:55+0200,db3f74e3-4f49-42d6-88b6-ea3283c50514,2026-07-07T06:00:00Z,2026-07-07T08:00:00+0200,12250.481,MW,DE,DE_LU,actual_solar_generation,Solar,2026-07-23T07:13:23Z
2026-07-23T07:11:55Z,2026-07-23T09:11:55+0200,db3f74e3-4f49-42d6-88b6-ea3283c50514,2026-07-07T06:15:00Z,2026-07-07T08:15:00+0200,13940.589,MW,DE,DE_LU,actual_solar_generation,Solar,2026-07-23T07:13:23Z
2026-07-23T07:11:55Z,2026-07-23T09:11:55+0200,db3f74e3-4f49-42d6-88b6-ea3283c50514,2026-07-07T06:30:00Z,2026-07-07T08:30:00+0200,15806.149,MW,DE,DE_LU,actual_solar_generation,Solar,2026-07-23T07:13:23Z
2026-07-23T07:11:55Z,2026-07-23T09:11:55+0200,db3f74e3-4f49-42d6-88b6-ea3283c50514,2026-07-07T06:45:00Z,2026-07-07T08:45:00+0200,17911.359,MW,DE,DE_LU,actual_solar_generation,Solar,2026-07-23T07:13:23Z
2026-07-23T07:11:55Z,2026-07-23T09:11:55+0200,db3f74e3-4f49-42d6-88b6-ea3283c50514,2026-07-07T07:00:00Z,2026-07-07T09:00:00+0200,20113.754,MW,DE,DE_LU,actual_solar_generation,Solar,2026-07-23T07:13:23Z
2026-07-23T07:11:55Z,2026-07-23T09:11:55+0200,db3f74e3-4f49-42d6-88b6-ea3283c50514,2026-07-07T07:15:00Z,2026-07-07T09:15:00+0200,22412.589,MW,DE,DE_LU,actual_solar_generation,Solar,2026-07-23T07:13:23Z
2026-07-23T07:11:55Z,2026-07-23T09:11:55+0200,db3f74e3-4f49-42d6-88b6-ea3283c50514,2026-07-07T07:30:00Z,2026-07-07T09:30:00+0200,24188.712,MW,DE,DE_LU,actual_solar_generation,Solar,2026-07-23T07:13:23Z
2026-07-23T07:11:55Z,2026-07-23T09:11:55+0200,db3f74e3-4f49-42d6-88b6-ea3283c50514,2026-07-07T07:45:00Z,2026-07-07T09:45:00+0200,26132.275,MW,DE,DE_LU,actual_solar_generation,Solar,2026-07-23T07:13:23Z
2026-07-23T07:11:55Z,2026-07-23T09:11:55+0200,db3f74e3-4f49-42d6-88b6-ea3283c50514,2026-07-07T08:00:00Z,2026-07-07T10:00:00+0200,28004.227,MW,DE,DE_LU,actual_solar_generation,Solar,2026-07-23T07:13:23Z
2026-07-23T07:11:55Z,2026-07-23T09:11:55+0200,db3f74e3-4f49-42d6-88b6-ea3283c50514,2026-07-07T08:15:00Z,2026-07-07T10:15:00+0200,29587.017,MW,DE,DE_LU,actual_solar_generation,Solar,2026-07-23T07:13:23Z
2026-07-23T07:11:55Z,2026-07-23T09:11:55+0200,db3f74e3-4f49-42d6-88b6-ea3283c50514,2026-07-07T08:30:00Z,2026-07-07T10:30:00+0200,31088.911,MW,DE,DE_LU,actual_solar_generation,Solar,2026-07-23T07:13:23Z
2026-07-23T07:11:55Z,2026-07-23T09:11:55+0200,db3f74e3-4f49-42d6-88b6-ea3283c50514,2026-07-07T08:45:00Z,2026-07-07T10:45:00+0200,32295.446,MW,DE,DE_LU,actual_solar_generation,Solar,2026-07-23T07:13:23Z
2026-07-23T07:11:55Z,2026-07-23T09:11:55+0200,db3f74e3-4f49-42d6-88b6-ea3283c50514,2026-07-07T09:00:00Z,2026-07-07T11:00:00+0200,33278.137,MW,DE,DE_LU,actual_solar_generation,Solar,2026-07-23T07:13:23Z
2026-07-23T07:11:55Z,2026-07-23T09:11:55+0200,db3f74e3-4f49-42d6-88b6-ea3283c50514,2026-07-07T09:15:00Z,2026-07-07T11:15:00+0200,34456.343,MW,DE,DE_LU,actual_solar_generation,Solar,2026-07-23T07:13:23Z
2026-07-23T07:11:55Z,2026-07-23T09:11:55+0200,db3f74e3-4f49-42d6-88b6-ea3283c50514,2026-07-07T09:30:00Z,2026-07-07T11:30:00+0200,35267.709,MW,DE,DE_LU,actual_solar_generation,Solar,2026-07-23T07:13:23Z
2026-07-23T07:11:55Z,2026-07-23T09:11:55+0200,db3f74e3-4f49-42d6-88b6-ea3283c50514,2026-07-07T09:45:00Z,2026-07-07T11:45:00+0200,35984.052,MW,DE,DE_LU,actual_solar_generation,Solar,2026-07-23T07:13:23Z
2026-07-23T07:11:55Z,2026-07-23T09:11:55+0200,db3f74e3-4f49-42d6-88b6-ea3283c50514,2026-07-07T10:00:00Z,2026-07-07T12:00:00+0200,35405.924,MW,DE,DE_LU,actual_solar_generation,Solar,2026-07-23T07:13:23Z
2026-07-23T07:11:55Z,2026-07-23T09:11:55+0200,db3f74e3-4f49-42d6-88b6-ea3283c50514,2026-07-07T10:15:00Z,2026-07-07T12:15:00+0200,35869.531,MW,DE,DE_LU,actual_solar_generation,Solar,2026-07-23T07:13:23Z
2026-07-23T07:11:55Z,2026-07-23T09:11:55+0200,db3f74e3-4f49-42d6-88b6-ea3283c50514,2026-07-07T10:30:00Z,2026-07-07T12:30:00+0200,35766.76,MW,DE,DE_LU,actual_solar_generation,Solar,2026-07-23T07:13:23Z
2026-07-23T07:11:55Z,2026-07-23T09:11:55+0200,db3f74e3-4f49-42d6-88b6-ea3283c50514,2026-07-07T10:45:00Z,2026-07-07T12:45:00+0200,36095.123,MW,DE,DE_LU,actual_solar_generation,Solar,2026-07-23T07:13:23Z
2026-07-23T07:11:55Z,2026-07-23T09:11:55+0200,db3f74e3-4f49-42d6-88b6-ea3283c50514,2026-07-07T11:00:00Z,2026-07-07T13:00:00+0200,35637.767,MW,DE,DE_LU,actual_solar_generation,Solar,2026-07-23T07:13:23Z
2026-07-23T07:11:55Z,2026-07-23T09:11:55+0200,db3f74e3-4f49-42d6-88b6-ea3283c50514,2026-07-07T11:15:00Z,2026-07-07T13:15:00+0200,35611.702,MW,DE,DE_LU,actual_solar_generation,Solar,2026-07-23T07:13:23Z
2026-07-23T07:11:55Z,2026-07-23T09:11:55+0200,db3f74e3-4f49-42d6-88b6-ea3283c50514,2026-07-07T11:30:00Z,2026-07-07T13:30:00+0200,35371.94,MW,DE,DE_LU,actual_solar_generation,Solar,2026-07-23T07:13:23Z
2026-07-23T07:11:55Z,2026-07-23T09:11:55+0200,db3f74e3-4f49-42d6-88b6-ea3283c50514,2026-07-07T11:45:00Z,2026-07-07T13:45:00+0200,34757.112,MW,DE,DE_LU,actual_solar_generation,Solar,2026-07-23T07:13:23Z
2026-07-23T07:11:55Z,2026-07-23T09:11:55+0200,db3f74e3-4f49-42d6-88b6-ea3283c50514,2026-07-07T12:00:00Z,2026-07-07T14:00:00+0200,33660.663,MW,DE,DE_LU,actual_solar_generation,Solar,2026-07-23T07:13:23Z
2026-07-23T07:11:55Z,2026-07-23T09:11:55+0200,db3f74e3-4f49-42d6-88b6-ea3283c50514,2026-07-07T12:15:00Z,2026-07-07T14:15:00+0200,32896.664,MW,DE,DE_LU,actual_solar_generation,Solar,2026-07-23T07:13:23Z
2026-07-23T07:11:55Z,2026-07-23T09:11:55+0200,db3f74e3-4f49-42d6-88b6-ea3283c50514,2026-07-07T12:30:00Z,2026-07-07T14:30:00+0200,31819.597,MW,DE,DE_LU,actual_solar_generation,Solar,2026-07-23T07:13:23Z
2026-07-23T07:11:55Z,2026-07-23T09:11:55+0200,db3f74e3-4f49-42d6-88b6-ea3283c50514,2026-07-07T12:45:00Z,2026-07-07T14:45:00+0200,30269.074,MW,DE,DE_LU,actual_solar_generation,Solar,2026-07-23T07:13:23Z
2026-07-23T07:11:55Z,2026-07-23T09:11:55+0200,db3f74e3-4f49-42d6-88b6-ea3283c50514,2026-07-07T13:00:00Z,2026-07-07T15:00:00+0200,29366.045,MW,DE,DE_LU,actual_solar_generation,Solar,2026-07-23T07:13:23Z
2026-07-23T07:11:55Z,2026-07-23T09:11:55+0200,db3f74e3-4f49-42d6-88b6-ea3283c50514,2026-07-07T13:15:00Z,2026-07-07T15:15:00+0200,28181.173,MW,DE,DE_LU,actual_solar_generation,Solar,2026-07-23T07:13:23Z
2026-07-23T07:11:55Z,2026-07-23T09:11:55+0200,db3f74e3-4f49-42d6-88b6-ea3283c50514,2026-07-07T13:30:00Z,2026-07-07T15:30:00+0200,26933.496,MW,DE,DE_LU,actual_solar_generation,Solar,2026-07-23T07:13:23Z
2026-07-23T07:11:55Z,2026-07-23T09:11:55+0200,db3f74e3-4f49-42d6-88b6-ea3283c50514,2026-07-07T13:45:00Z,2026-07-07T15:45:00+0200,25423.385,MW,DE,DE_LU,actual_solar_generation,Solar,2026-07-23T07:13:23Z
2026-07-23T07:11:55Z,2026-07-23T09:11:55+0200,db3f74e3-4f49-42d6-88b6-ea3283c50514,2026-07-07T14:00:00Z,2026-07-07T16:00:00+0200,23857.923,MW,DE,DE_LU,actual_solar_generation,Solar,2026-07-23T07:13:23Z
2026-07-23T07:11:55Z,2026-07-23T09:11:55+0200,db3f74e3-4f49-42d6-88b6-ea3283c50514,2026-07-07T14:15:00Z,2026-07-07T16:15:00+0200,22310.877,MW,DE,DE_LU,actual_solar_generation,Solar,2026-07-23T07:13:23Z
2026-07-23T07:11:55Z,2026-07-23T09:11:55+0200,db3f74e3-4f49-42d6-88b6-ea3283c50514,2026-07-07T14:30:00Z,2026-07-07T16:30:00+0200,20833.937,MW,DE,DE_LU,actual_solar_generation,Solar,2026-07-23T07:13:23Z
2026-07-23T07:11:55Z,2026-07-23T09:11:55+0200,db3f74e3-4f49-42d6-88b6-ea3283c50514,2026-07-07T14:45:00Z,2026-07-07T16:45:00+0200,19294.867,MW,DE,DE_LU,actual_solar_generation,Solar,2026-07-23T07:13:23Z
2026-07-23T07:11:55Z,2026-07-23T09:11:55+0200,db3f74e3-4f49-42d6-88b6-ea3283c50514,2026-07-07T15:00:00Z,2026-07-07T17:00:00+0200,17692.997,MW,DE,DE_LU,actual_solar_generation,Solar,2026-07-23T07:13:23Z
2026-07-23T07:11:55Z,2026-07-23T09:11:55+0200,db3f74e3-4f49-42d6-88b6-ea3283c50514,2026-07-07T15:15:00Z,2026-07-07T17:15:00+0200,15990.924,MW,DE,DE_LU,actual_solar_generation,Solar,2026-07-23T07:13:23Z
2026-07-23T07:11:55Z,2026-07-23T09:11:55+0200,db3f74e3-4f49-42d6-88b6-ea3283c50514,2026-07-07T15:30:00Z,2026-07-07T17:30:00+0200,14280.062,MW,DE,DE_LU,actual_solar_generation,Solar,2026-07-23T07:13:23Z
2026-07-23T07:11:55Z,2026-07-23T09:11:55+0200,db3f74e3-4f49-42d6-88b6-ea3283c50514,2026-07-07T15:45:00Z,2026-07-07T17:45:00+0200,12706.7,MW,DE,DE_LU,actual_solar_generation,Solar,2026-07-23T07:13:23Z
2026-07-23T07:11:55Z,2026-07-23T09:11:55+0200,db3f74e3-4f49-42d6-88b6-ea3283c50514,2026-07-07T16:00:00Z,2026-07-07T18:00:00+0200,11391.886,MW,DE,DE_LU,actual_solar_generation,Solar,2026-07-23T07:13:23Z
2026-07-23T07:11:55Z,2026-07-23T09:11:55+0200,db3f74e3-4f49-42d6-88b6-ea3283c50514,2026-07-07T16:15:00Z,2026-07-07T18:15:00+0200,10146.867,MW,DE,DE_LU,actual_solar_generation,Solar,2026-07-23T07:13:23Z
2026-07-23T07:11:55Z,2026-07-23T09:11:55+0200,db3f74e3-4f49-42d6-88b6-ea3283c50514,2026-07-07T16:30:00Z,2026-07-07T18:30:00+0200,8877.001,MW,DE,DE_LU,actual_solar_generation,Solar,2026-07-23T07:13:23Z
2026-07-23T07:11:55Z,2026-07-23T09:11:55+0200,db3f74e3-4f49-42d6-88b6-ea3283c50514,2026-07-07T16:45:00Z,2026-07-07T18:45:00+0200,7625.707,MW,DE,DE_LU,actual_solar_generation,Solar,2026-07-23T07:13:23Z
2026-07-23T07:11:55Z,2026-07-23T09:11:55+0200,db3f74e3-4f49-42d6-88b6-ea3283c50514,2026-07-07T17:00:00Z,2026-07-07T19:00:00+0200,6399.562,MW,DE,DE_LU,actual_solar_generation,Solar,2026-07-23T07:13:23Z
2026-07-23T07:11:55Z,2026-07-23T09:11:55+0200,db3f74e3-4f49-42d6-88b6-ea3283c50514,2026-07-07T17:15:00Z,2026-07-07T19:15:00+0200,5222.979,MW,DE,DE_LU,actual_solar_generation,Solar,2026-07-23T07:13:23Z
2026-07-23T07:11:55Z,2026-07-23T09:11:55+0200,db3f74e3-4f49-42d6-88b6-ea3283c50514,2026-07-07T17:30:00Z,2026-07-07T19:30:00+0200,4193.07,MW,DE,DE_LU,actual_solar_generation,Solar,2026-07-23T07:13:23Z
2026-07-23T07:11:55Z,2026-07-23T09:11:55+0200,db3f74e3-4f49-42d6-88b6-ea3283c50514,2026-07-07T17:45:00Z,2026-07-07T19:45:00+0200,3273.765,MW,DE,DE_LU,actual_solar_generation,Solar,2026-07-23T07:13:23Z
2026-07-23T07:11:55Z,2026-07-23T09:11:55+0200,db3f74e3-4f49-42d6-88b6-ea3283c50514,2026-07-07T18:00:00Z,2026-07-07T20:00:00+0200,2467.273,MW,DE,DE_LU,actual_solar_generation,Solar,2026-07-23T07:13:23Z
2026-07-23T07:11:55Z,2026-07-23T09:11:55+0200,db3f74e3-4f49-42d6-88b6-ea3283c50514,2026-07-07T18:15:00Z,2026-07-07T20:15:00+0200,1745.002,MW,DE,DE_LU,actual_solar_generation,Solar,2026-07-23T07:13:23Z
2026-07-23T07:11:55Z,2026-07-23T09:11:55+0200,db3f74e3-4f49-42d6-88b6-ea3283c50514,2026-07-07T18:30:00Z,2026-07-07T20:30:00+0200,1175.426,MW,DE,DE_LU,actual_solar_generation,Solar,2026-07-23T07:13:23Z
2026-07-23T07:11:55Z,2026-07-23T09:11:55+0200,db3f74e3-4f49-42d6-88b6-ea3283c50514,2026-07-07T18:45:00Z,2026-07-07T20:45:00+0200,678.422,MW,DE,DE_LU,actual_solar_generation,Solar,2026-07-23T07:13:23Z
2026-07-23T07:11:55Z,2026-07-23T09:11:55+0200,db3f74e3-4f49-42d6-88b6-ea3283c50514,2026-07-07T19:00:00Z,2026-07-07T21:00:00+0200,324.761,MW,DE,DE_LU,actual_solar_generation,Solar,2026-07-23T07:13:23Z
2026-07-23T07:11:55Z,2026-07-23T09:11:55+0200,db3f74e3-4f49-42d6-88b6-ea3283c50514,2026-07-07T19:15:00Z,2026-07-07T21:15:00+0200,134.122,MW,DE,DE_LU,actual_solar_generation,Solar,2026-07-23T07:13:23Z
2026-07-23T07:11:55Z,2026-07-23T09:11:55+0200,db3f74e3-4f49-42d6-88b6-ea3283c50514,2026-07-07T19:30:00Z,2026-07-07T21:30:00+0200,38.955,MW,DE,DE_LU,actual_solar_generation,Solar,2026-07-23T07:13:23Z
2026-07-23T07:11:55Z,2026-07-23T09:11:55+0200,db3f74e3-4f49-42d6-88b6-ea3283c50514,2026-07-07T19:45:00Z,2026-07-07T21:45:00+0200,6.605,MW,DE,DE_LU,actual_solar_generation,Solar,2026-07-23T07:13:23Z
2026-07-23T07:11:55Z,2026-07-23T09:11:55+0200,db3f74e3-4f49-42d6-88b6-ea3283c50514,2026-07-07T20:00:00Z,2026-07-07T22:00:00+0200,2.307,MW,DE,DE_LU,actual_solar_generation,Solar,2026-07-23T07:13:23Z
2026-07-23T07:11:55Z,2026-07-23T09:11:55+0200,db3f74e3-4f49-42d6-88b6-ea3283c50514,2026-07-07T20:15:00Z,2026-07-07T22:15:00+0200,0.35,MW,DE,DE_LU,actual_solar_generation,Solar,2026-07-23T07:13:23Z
2026-07-23T07:11:55Z,2026-07-23T09:11:55+0200,db3f74e3-4f49-42d6-88b6-ea3283c50514,2026-07-07T20:30:00Z,2026-07-07T22:30:00+0200,0.213,MW,DE,DE_LU,actual_solar_generation,Solar,2026-07-23T07:13:23Z
2026-07-23T07:11:55Z,2026-07-23T09:11:55+0200,db3f74e3-4f49-42d6-88b6-ea3283c50514,2026-07-07T20:45:00Z,2026-07-07T22:45:00+0200,0.2,MW,DE,DE_LU,actual_solar_generation,Solar,2026-07-23T07:13:23Z
2026-07-23T07:11:55Z,2026-07-23T09:11:55+0200,db3f74e3-4f49-42d6-88b6-ea3283c50514,2026-07-07T21:00:00Z,2026-07-07T23:00:00+0200,0.2,MW,DE,DE_LU,actual_solar_generation,Solar,2026-07-23T07:13:23Z
2026-07-23T07:11:55Z,2026-07-23T09:11:55+0200,db3f74e3-4f49-42d6-88b6-ea3283c50514,2026-07-07T21:15:00Z,2026-07-07T23:15:00+0200,0.168,MW,DE,DE_LU,actual_solar_generation,Solar,2026-07-23T07:13:23Z
2026-07-23T07:11:55Z,2026-07-23T09:11:55+0200,db3f74e3-4f49-42d6-88b6-ea3283c50514,2026-07-07T21:30:00Z,2026-07-07T23:30:00+0200,0.157,MW,DE,DE_LU,actual_solar_generation,Solar,2026-07-23T07:13:23Z
2026-07-23T07:11:55Z,2026-07-23T09:11:55+0200,db3f74e3-4f49-42d6-88b6-ea3283c50514,2026-07-07T21:45:00Z,2026-07-07T23:45:00+0200,0.141,MW,DE,DE_LU,actual_solar_generation,Solar,2026-07-23T07:13:23Z
2026-07-23T07:11:55Z,2026-07-23T09:11:55+0200,db3f74e3-4f49-42d6-88b6-ea3283c50514,2026-07-07T22:00:00Z,2026-07-08T00:00:00+0200,0.144,MW,DE,DE_LU,actual_solar_generation,Solar,2026-07-23T07:13:23Z
2026-07-23T07:11:55Z,2026-07-23T09:11:55+0200,db3f74e3-4f49-42d6-88b6-ea3283c50514,2026-07-07T22:15:00Z,2026-07-08T00:15:00+0200,0.143,MW,DE,DE_LU,actual_solar_generation,Solar,2026-07-23T07:13:23Z
2026-07-23T07:11:55Z,2026-07-23T09:11:55+0200,db3f74e3-4f49-42d6-88b6-ea3283c50514,2026-07-07T22:30:00Z,2026-07-08T00:30:00+0200,0.142,MW,DE,DE_LU,actual_solar_generation,Solar,2026-07-23T07:13:23Z
2026-07-23T07:11:55Z,2026-07-23T09:11:55+0200,db3f74e3-4f49-42d6-88b6-ea3283c50514,2026-07-07T22:45:00Z,2026-07-08T00:45:00+0200,0.129,MW,DE,DE_LU,actual_solar_generation,Solar,2026-07-23T07:13:23Z
2026-07-23T07:11:55Z,2026-07-23T09:11:55+0200,db3f74e3-4f49-42d6-88b6-ea3283c50514,2026-07-07T23:00:00Z,2026-07-08T01:00:00+0200,0.121,MW,DE,DE_LU,actual_solar_generation,Solar,2026-07-23T07:13:23Z
2026-07-23T07:11:55Z,2026-07-23T09:11:55+0200,db3f74e3-4f49-42d6-88b6-ea3283c50514,2026-07-07T23:15:00Z,2026-07-08T01:15:00+0200,0.116,MW,DE,DE_LU,actual_solar_generation,Solar,2026-07-23T07:13:23Z
2026-07-23T07:11:55Z,2026-07-23T09:11:55+0200,db3f74e3-4f49-42d6-88b6-ea3283c50514,2026-07-07T23:30:00Z,2026-07-08T01:30:00+0200,0.106,MW,DE,DE_LU,actual_solar_generation,Solar,2026-07-23T07:13:23Z
2026-07-23T07:11:55Z,2026-07-23T09:11:55+0200,db3f74e3-4f49-42d6-88b6-ea3283c50514,2026-07-07T23:45:00Z,2026-07-08T01:45:00+0200,0.117,MW,DE,DE_LU,actual_solar_generation,Solar,2026-07-23T07:13:23Z
2026-07-23T07:11:55Z,2026-07-23T09:11:55+0200,db3f74e3-4f49-42d6-88b6-ea3283c50514,2026-07-08T00:00:00Z,2026-07-08T02:00:00+0200,0.115,MW,DE,DE_LU,actual_solar_generation,Solar,2026-07-23T07:13:23Z
2026-07-23T07:11:55Z,2026-07-23T09:11:55+0200,db3f74e3-4f49-42d6-88b6-ea3283c50514,2026-07-08T00:15:00Z,2026-07-08T02:15:00+0200,0.104,MW,DE,DE_LU,actual_solar_generation,Solar,2026-07-23T07:13:23Z
2026-07-23T07:11:55Z,2026-07-23T09:11:55+0200,db3f74e3-4f49-42d6-88b6-ea3283c50514,2026-07-08T00:30:00Z,2026-07-08T02:30:00+0200,0.105,MW,DE,DE_LU,actual_solar_generation,Solar,2026-07-23T07:13:23Z
2026-07-23T07:11:55Z,2026-07-23T09:11:55+0200,db3f74e3-4f49-42d6-88b6-ea3283c50514,2026-07-08T00:45:00Z,2026-07-08T02:45:00+0200,0.114,MW,DE,DE_LU,actual_solar_generation,Solar,2026-07-23T07:13:23Z
2026-07-23T07:11:55Z,2026-07-23T09:11:55+0200,db3f74e3-4f49-42d6-88b6-ea3283c50514,2026-07-08T01:00:00Z,2026-07-08T03:00:00+0200,0.104,MW,DE,DE_LU,actual_solar_generation,Solar,2026-07-23T07:13:23Z
2026-07-23T07:11:55Z,2026-07-23T09:11:55+0200,db3f74e3-4f49-42d6-88b6-ea3283c50514,2026-07-08T01:15:00Z,2026-07-08T03:15:00+0200,0.087,MW,DE,DE_LU,actual_solar_generation,Solar,2026-07-23T07:13:23Z
2026-07-23T07:11:55Z,2026-07-23T09:11:55+0200,db3f74e3-4f49-42d6-88b6-ea3283c50514,2026-07-08T01:30:00Z,2026-07-08T03:30:00+0200,0.085,MW,DE,DE_LU,actual_solar_generation,Solar,2026-07-23T07:13:23Z
2026-07-23T07:11:55Z,2026-07-23T09:11:55+0200,db3f74e3-4f49-42d6-88b6-ea3283c50514,2026-07-08T01:45:00Z,2026-07-08T03:45:00+0200,0.084,MW,DE,DE_LU,actual_solar_generation,Solar,2026-07-23T07:13:23Z
2026-07-23T07:11:55Z,2026-07-23T09:11:55+0200,db3f74e3-4f49-42d6-88b6-ea3283c50514,2026-07-08T02:00:00Z,2026-07-08T04:00:00+0200,0.094,MW,DE,DE_LU,actual_solar_generation,Solar,2026-07-23T07:13:23Z
2026-07-23T07:11:55Z,2026-07-23T09:11:55+0200,db3f74e3-4f49-42d6-88b6-ea3283c50514,2026-07-08T02:15:00Z,2026-07-08T04:15:00+0200,0.084,MW,DE,DE_LU,actual_solar_generation,Solar,2026-07-23T07:13:23Z
2026-07-23T07:11:55Z,2026-07-23T09:11:55+0200,db3f74e3-4f49-42d6-88b6-ea3283c50514,2026-07-08T02:30:00Z,2026-07-08T04:30:00+0200,0.407,MW,DE,DE_LU,actual_solar_generation,Solar,2026-07-23T07:13:23Z
2026-07-23T07:11:55Z,2026-07-23T09:11:55+0200,db3f74e3-4f49-42d6-88b6-ea3283c50514,2026-07-08T02:45:00Z,2026-07-08T04:45:00+0200,6.701,MW,DE,DE_LU,actual_solar_generation,Solar,2026-07-23T07:13:23Z
2026-07-23T07:11:55Z,2026-07-23T09:11:55+0200,db3f74e3-4f49-42d6-88b6-ea3283c50514,2026-07-08T03:00:00Z,2026-07-08T05:00:00+0200,44.63,MW,DE,DE_LU,actual_solar_generation,Solar,2026-07-23T07:13:23Z
2026-07-23T07:11:55Z,2026-07-23T09:11:55+0200,db3f74e3-4f49-42d6-88b6-ea3283c50514,2026-07-08T03:15:00Z,2026-07-08T05:15:00+0200,202.494,MW,DE,DE_LU,actual_solar_generation,Solar,2026-07-23T07:13:23Z
2026-07-23T07:11:55Z,2026-07-23T09:11:55+0200,db3f74e3-4f49-42d6-88b6-ea3283c50514,2026-07-08T03:30:00Z,2026-07-08T05:30:00+0200,438.922,MW,DE,DE_LU,actual_solar_generation,Solar,2026-07-23T07:13:23Z
2026-07-23T07:11:55Z,2026-07-23T09:11:55+0200,db3f74e3-4f49-42d6-88b6-ea3283c50514,2026-07-08T03:45:00Z,2026-07-08T05:45:00+0200,796.043,MW,DE,DE_LU,actual_solar_generation,Solar,2026-07-23T07:13:23Z
2026-07-23T07:11:55Z,2026-07-23T09:11:55+0200,db3f74e3-4f49-42d6-88b6-ea3283c50514,2026-07-08T04:00:00Z,2026-07-08T06:00:00+0200,1339.799,MW,DE,DE_LU,actual_solar_generation,Solar,2026-07-23T07:13:23Z
2026-07-23T07:11:55Z,2026-07-23T09:11:55+0200,db3f74e3-4f49-42d6-88b6-ea3283c50514,2026-07-08T04:15:00Z,2026-07-08T06:15:00+0200,2045.147,MW,DE,DE_LU,actual_solar_generation,Solar,2026-07-23T07:13:23Z
2026-07-23T07:11:55Z,2026-07-23T09:11:55+0200,db3f74e3-4f49-42d6-88b6-ea3283c50514,2026-07-08T04:30:00Z,2026-07-08T06:30:00+0200,2899.93,MW,DE,DE_LU,actual_solar_generation,Solar,2026-07-23T07:13:23Z
2026-07-23T07:11:55Z,2026-07-23T09:11:55+0200,db3f74e3-4f49-42d6-88b6-ea3283c50514,2026-07-08T04:45:00Z,2026-07-08T06:45:00+0200,3941.532,MW,DE,DE_LU,actual_solar_generation,Solar,2026-07-23T07:13:23Z
2026-07-23T07:11:55Z,2026-07-23T09:11:55+0200,db3f74e3-4f49-42d6-88b6-ea3283c50514,2026-07-08T05:00:00Z,2026-07-08T07:00:00+0200,5125.324,MW,DE,DE_LU,actual_solar_generation,Solar,2026-07-23T07:13:23Z
2026-07-23T07:11:55Z,2026-07-23T09:11:55+0200,db3f74e3-4f49-42d6-88b6-ea3283c50514,2026-07-08T05:15:00Z,2026-07-08T07:15:00+0200,6477.825,MW,DE,DE_LU,actual_solar_generation,Solar,2026-07-23T07:13:23Z
2026-07-23T07:11:55Z,2026-07-23T09:11:55+0200,db3f74e3-4f49-42d6-88b6-ea3283c50514,2026-07-08T05:30:00Z,2026-07-08T07:30:00+0200,8004.508,MW,DE,DE_LU,actual_solar_generation,Solar,2026-07-23T07:13:23Z
2026-07-23T07:11:55Z,2026-07-23T09:11:55+0200,db3f74e3-4f49-42d6-88b6-ea3283c50514,2026-07-08T05:45:00Z,2026-07-08T07:45:00+0200,9568.297,MW,DE,DE_LU,actual_solar_generation,Solar,2026-07-23T07:13:23Z
2026-07-23T07:11:55Z,2026-07-23T09:11:55+0200,db3f74e3-4f49-42d6-88b6-ea3283c50514,2026-07-08T06:00:00Z,2026-07-08T08:00:00+0200,11183.68,MW,DE,DE_LU,actual_solar_generation,Solar,2026-07-23T07:13:23Z
2026-07-23T07:11:55Z,2026-07-23T09:11:55+0200,db3f74e3-4f49-42d6-88b6-ea3283c50514,2026-07-08T06:15:00Z,2026-07-08T08:15:00+0200,12814.346,MW,DE,DE_LU,actual_solar_generation,Solar,2026-07-23T07:13:23Z
2026-07-23T07:11:55Z,2026-07-23T09:11:55+0200,db3f74e3-4f49-42d6-88b6-ea3283c50514,2026-07-08T06:30:00Z,2026-07-08T08:30:00+0200,14429.177,MW,DE,DE_LU,actual_solar_generation,Solar,2026-07-23T07:13:23Z
2026-07-23T07:11:55Z,2026-07-23T09:11:55+0200,db3f74e3-4f49-42d6-88b6-ea3283c50514,2026-07-08T06:45:00Z,2026-07-08T08:45:00+0200,16042.589,MW,DE,DE_LU,actual_solar_generation,Solar,2026-07-23T07:13:23Z
2026-07-23T07:11:55Z,2026-07-23T09:11:55+0200,db3f74e3-4f49-42d6-88b6-ea3283c50514,2026-07-08T07:00:00Z,2026-07-08T09:00:00+0200,17838.602,MW,DE,DE_LU,actual_solar_generation,Solar,2026-07-23T07:13:23Z
2026-07-23T07:11:55Z,2026-07-23T09:11:55+0200,db3f74e3-4f49-42d6-88b6-ea3283c50514,2026-07-08T07:15:00Z,2026-07-08T09:15:00+0200,19689.269,MW,DE,DE_LU,actual_solar_generation,Solar,2026-07-23T07:13:23Z
2026-07-23T07:11:55Z,2026-07-23T09:11:55+0200,db3f74e3-4f49-42d6-88b6-ea3283c50514,2026-07-08T07:30:00Z,2026-07-08T09:30:00+0200,21223.542,MW,DE,DE_LU,actual_solar_generation,Solar,2026-07-23T07:13:23Z
2026-07-23T07:11:55Z,2026-07-23T09:11:55+0200,db3f74e3-4f49-42d6-88b6-ea3283c50514,2026-07-08T07:45:00Z,2026-07-08T09:45:00+0200,22676.353,MW,DE,DE_LU,actual_solar_generation,Solar,2026-07-23T07:13:23Z
2026-07-23T07:11:55Z,2026-07-23T09:11:55+0200,db3f74e3-4f49-42d6-88b6-ea3283c50514,2026-07-08T08:00:00Z,2026-07-08T10:00:00+0200,24088.837,MW,DE,DE_LU,actual_solar_generation,Solar,2026-07-23T07:13:23Z
2026-07-23T07:11:55Z,2026-07-23T09:11:55+0200,db3f74e3-4f49-42d6-88b6-ea3283c50514,2026-07-08T08:15:00Z,2026-07-08T10:15:00+0200,25521.033,MW,DE,DE_LU,actual_solar_generation,Solar,2026-07-23T07:13:23Z
2026-07-23T07:11:55Z,2026-07-23T09:11:55+0200,db3f74e3-4f49-42d6-88b6-ea3283c50514,2026-07-08T08:30:00Z,2026-07-08T10:30:00+0200,26874.04,MW,DE,DE_LU,actual_solar_generation,Solar,2026-07-23T07:13:23Z
2026-07-23T07:11:55Z,2026-07-23T09:11:55+0200,db3f74e3-4f49-42d6-88b6-ea3283c50514,2026-07-08T08:45:00Z,2026-07-08T10:45:00+0200,28422.82,MW,DE,DE_LU,actual_solar_generation,Solar,2026-07-23T07:13:23Z
2026-07-23T07:11:55Z,2026-07-23T09:11:55+0200,db3f74e3-4f49-42d6-88b6-ea3283c50514,2026-07-08T09:00:00Z,2026-07-08T11:00:00+0200,29723.306,MW,DE,DE_LU,actual_solar_generation,Solar,2026-07-23T07:13:23Z
2026-07-23T07:11:55Z,2026-07-23T09:11:55+0200,db3f74e3-4f49-42d6-88b6-ea3283c50514,2026-07-08T09:15:00Z,2026-07-08T11:15:00+0200,31138.955,MW,DE,DE_LU,actual_solar_generation,Solar,2026-07-23T07:13:23Z
2026-07-23T07:11:55Z,2026-07-23T09:11:55+0200,db3f74e3-4f49-42d6-88b6-ea3283c50514,2026-07-08T09:30:00Z,2026-07-08T11:30:00+0200,32340.976,MW,DE,DE_LU,actual_solar_generation,Solar,2026-07-23T07:13:23Z
2026-07-23T07:11:55Z,2026-07-23T09:11:55+0200,db3f74e3-4f49-42d6-88b6-ea3283c50514,2026-07-08T09:45:00Z,2026-07-08T11:45:00+0200,33330.02,MW,DE,DE_LU,actual_solar_generation,Solar,2026-07-23T07:13:23Z
2026-07-23T07:11:55Z,2026-07-23T09:11:55+0200,db3f74e3-4f49-42d6-88b6-ea3283c50514,2026-07-08T10:00:00Z,2026-07-08T12:00:00+0200,34172.474,MW,DE,DE_LU,actual_solar_generation,Solar,2026-07-23T07:13:23Z
2026-07-23T07:11:55Z,2026-07-23T09:11:55+0200,db3f74e3-4f49-42d6-88b6-ea3283c50514,2026-07-08T10:15:00Z,2026-07-08T12:15:00+0200,35071.272,MW,DE,DE_LU,actual_solar_generation,Solar,2026-07-23T07:13:23Z
2026-07-23T07:11:55Z,2026-07-23T09:11:55+0200,db3f74e3-4f49-42d6-88b6-ea3283c50514,2026-07-08T10:30:00Z,2026-07-08T12:30:00+0200,36525.796,MW,DE,DE_LU,actual_solar_generation,Solar,2026-07-23T07:13:23Z
2026-07-23T07:11:55Z,2026-07-23T09:11:55+0200,db3f74e3-4f49-42d6-88b6-ea3283c50514,2026-07-08T10:45:00Z,2026-07-08T12:45:00+0200,37487.534,MW,DE,DE_LU,actual_solar_generation,Solar,2026-07-23T07:13:23Z
2026-07-23T07:11:55Z,2026-07-23T09:11:55+0200,db3f74e3-4f49-42d6-88b6-ea3283c50514,2026-07-08T11:00:00Z,2026-07-08T13:00:00+0200,38268.667,MW,DE,DE_LU,actual_solar_generation,Solar,2026-07-23T07:13:23Z
2026-07-23T07:11:55Z,2026-07-23T09:11:55+0200,db3f74e3-4f49-42d6-88b6-ea3283c50514,2026-07-08T11:15:00Z,2026-07-08T13:15:00+0200,38667.449,MW,DE,DE_LU,actual_solar_generation,Solar,2026-07-23T07:13:23Z
2026-07-23T07:11:55Z,2026-07-23T09:11:55+0200,db3f74e3-4f49-42d6-88b6-ea3283c50514,2026-07-08T11:30:00Z,2026-07-08T13:30:00+0200,39273.849,MW,DE,DE_LU,actual_solar_generation,Solar,2026-07-23T07:13:23Z
2026-07-23T07:11:55Z,2026-07-23T09:11:55+0200,db3f74e3-4f49-42d6-88b6-ea3283c50514,2026-07-08T11:45:00Z,2026-07-08T13:45:00+0200,39512.45,MW,DE,DE_LU,actual_solar_generation,Solar,2026-07-23T07:13:23Z
2026-07-23T07:11:55Z,2026-07-23T09:11:55+0200,db3f74e3-4f49-42d6-88b6-ea3283c50514,2026-07-08T12:00:00Z,2026-07-08T14:00:00+0200,39514.815,MW,DE,DE_LU,actual_solar_generation,Solar,2026-07-23T07:13:23Z
2026-07-23T07:11:55Z,2026-07-23T09:11:55+0200,db3f74e3-4f49-42d6-88b6-ea3283c50514,2026-07-08T12:15:00Z,2026-07-08T14:15:00+0200,39418.812,MW,DE,DE_LU,actual_solar_generation,Solar,2026-07-23T07:13:23Z
2026-07-23T07:11:55Z,2026-07-23T09:11:55+0200,db3f74e3-4f49-42d6-88b6-ea3283c50514,2026-07-08T12:30:00Z,2026-07-08T14:30:00+0200,39374.672,MW,DE,DE_LU,actual_solar_generation,Solar,2026-07-23T07:13:23Z
2026-07-23T07:11:55Z,2026-07-23T09:11:55+0200,db3f74e3-4f49-42d6-88b6-ea3283c50514,2026-07-08T12:45:00Z,2026-07-08T14:45:00+0200,39457.395,MW,DE,DE_LU,actual_solar_generation,Solar,2026-07-23T07:13:23Z
2026-07-23T07:11:55Z,2026-07-23T09:11:55+0200,db3f74e3-4f49-42d6-88b6-ea3283c50514,2026-07-08T13:00:00Z,2026-07-08T15:00:00+0200,39195.606,MW,DE,DE_LU,actual_solar_generation,Solar,2026-07-23T07:13:23Z
2026-07-23T07:11:55Z,2026-07-23T09:11:55+0200,db3f74e3-4f49-42d6-88b6-ea3283c50514,2026-07-08T13:15:00Z,2026-07-08T15:15:00+0200,38435.962,MW,DE,DE_LU,actual_solar_generation,Solar,2026-07-23T07:13:23Z
2026-07-23T07:11:55Z,2026-07-23T09:11:55+0200,db3f74e3-4f49-42d6-88b6-ea3283c50514,2026-07-08T13:30:00Z,2026-07-08T15:30:00+0200,37899.286,MW,DE,DE_LU,actual_solar_generation,Solar,2026-07-23T07:13:23Z
2026-07-23T07:11:55Z,2026-07-23T09:11:55+0200,db3f74e3-4f49-42d6-88b6-ea3283c50514,2026-07-08T13:45:00Z,2026-07-08T15:45:00+0200,37254.419,MW,DE,DE_LU,actual_solar_generation,Solar,2026-07-23T07:13:23Z
2026-07-23T07:11:55Z,2026-07-23T09:11:55+0200,db3f74e3-4f49-42d6-88b6-ea3283c50514,2026-07-08T14:00:00Z,2026-07-08T16:00:00+0200,36182.383,MW,DE,DE_LU,actual_solar_generation,Solar,2026-07-23T07:13:23Z
2026-07-23T07:11:55Z,2026-07-23T09:11:55+0200,db3f74e3-4f49-42d6-88b6-ea3283c50514,2026-07-08T14:15:00Z,2026-07-08T16:15:00+0200,34670.183,MW,DE,DE_LU,actual_solar_generation,Solar,2026-07-23T07:13:23Z
2026-07-23T07:11:55Z,2026-07-23T09:11:55+0200,db3f74e3-4f49-42d6-88b6-ea3283c50514,2026-07-08T14:30:00Z,2026-07-08T16:30:00+0200,33493.592,MW,DE,DE_LU,actual_solar_generation,Solar,2026-07-23T07:13:23Z
2026-07-23T07:11:55Z,2026-07-23T09:11:55+0200,db3f74e3-4f49-42d6-88b6-ea3283c50514,2026-07-08T14:45:00Z,2026-07-08T16:45:00+0200,32781.294,MW,DE,DE_LU,actual_solar_generation,Solar,2026-07-23T07:13:23Z
2026-07-23T07:11:55Z,2026-07-23T09:11:55+0200,db3f74e3-4f49-42d6-88b6-ea3283c50514,2026-07-08T15:00:00Z,2026-07-08T17:00:00+0200,31314.021,MW,DE,DE_LU,actual_solar_generation,Solar,2026-07-23T07:13:23Z
2026-07-23T07:11:55Z,2026-07-23T09:11:55+0200,db3f74e3-4f49-42d6-88b6-ea3283c50514,2026-07-08T15:15:00Z,2026-07-08T17:15:00+0200,29093.576,MW,DE,DE_LU,actual_solar_generation,Solar,2026-07-23T07:13:23Z
2026-07-23T07:11:55Z,2026-07-23T09:11:55+0200,db3f74e3-4f49-42d6-88b6-ea3283c50514,2026-07-08T15:30:00Z,2026-07-08T17:30:00+0200,26913.873,MW,DE,DE_LU,actual_solar_generation,Solar,2026-07-23T07:13:23Z
2026-07-23T07:11:55Z,2026-07-23T09:11:55+0200,db3f74e3-4f49-42d6-88b6-ea3283c50514,2026-07-08T15:45:00Z,2026-07-08T17:45:00+0200,24813.13,MW,DE,DE_LU,actual_solar_generation,Solar,2026-07-23T07:13:23Z
2026-07-23T07:11:55Z,2026-07-23T09:11:55+0200,db3f74e3-4f49-42d6-88b6-ea3283c50514,2026-07-08T16:00:00Z,2026-07-08T18:00:00+0200,22132.255,MW,DE,DE_LU,actual_solar_generation,Solar,2026-07-23T07:13:23Z
2026-07-23T07:11:55Z,2026-07-23T09:11:55+0200,db3f74e3-4f49-42d6-88b6-ea3283c50514,2026-07-08T16:15:00Z,2026-07-08T18:15:00+0200,19411.928,MW,DE,DE_LU,actual_solar_generation,Solar,2026-07-23T07:13:23Z
2026-07-23T07:11:55Z,2026-07-23T09:11:55+0200,db3f74e3-4f49-42d6-88b6-ea3283c50514,2026-07-08T16:30:00Z,2026-07-08T18:30:00+0200,17113.07,MW,DE,DE_LU,actual_solar_generation,Solar,2026-07-23T07:13:23Z
2026-07-23T07:11:55Z,2026-07-23T09:11:55+0200,db3f74e3-4f49-42d6-88b6-ea3283c50514,2026-07-08T16:45:00Z,2026-07-08T18:45:00+0200,14627.048,MW,DE,DE_LU,actual_solar_generation,Solar,2026-07-23T07:13:23Z
2026-07-23T07:11:55Z,2026-07-23T09:11:55+0200,db3f74e3-4f49-42d6-88b6-ea3283c50514,2026-07-08T17:00:00Z,2026-07-08T19:00:00+0200,12235.173,MW,DE,DE_LU,actual_solar_generation,Solar,2026-07-23T07:13:23Z
2026-07-23T07:11:55Z,2026-07-23T09:11:55+0200,db3f74e3-4f49-42d6-88b6-ea3283c50514,2026-07-08T17:15:00Z,2026-07-08T19:15:00+0200,9857.732,MW,DE,DE_LU,actual_solar_generation,Solar,2026-07-23T07:13:23Z
2026-07-23T07:11:55Z,2026-07-23T09:11:55+0200,db3f74e3-4f49-42d6-88b6-ea3283c50514,2026-07-08T17:30:00Z,2026-07-08T19:30:00+0200,7873.099,MW,DE,DE_LU,actual_solar_generation,Solar,2026-07-23T07:13:23Z
2026-07-23T07:11:55Z,2026-07-23T09:11:55+0200,db3f74e3-4f49-42d6-88b6-ea3283c50514,2026-07-08T17:45:00Z,2026-07-08T19:45:00+0200,6127.559,MW,DE,DE_LU,actual_solar_generation,Solar,2026-07-23T07:13:23Z
2026-07-23T07:11:55Z,2026-07-23T09:11:55+0200,db3f74e3-4f49-42d6-88b6-ea3283c50514,2026-07-08T18:00:00Z,2026-07-08T20:00:00+0200,4561.189,MW,DE,DE_LU,actual_solar_generation,Solar,2026-07-23T07:13:23Z
2026-07-23T07:11:55Z,2026-07-23T09:11:55+0200,db3f74e3-4f49-42d6-88b6-ea3283c50514,2026-07-08T18:15:00Z,2026-07-08T20:15:00+0200,3341.778,MW,DE,DE_LU,actual_solar_generation,Solar,2026-07-23T07:13:23Z
2026-07-23T07:11:55Z,2026-07-23T09:11:55+0200,db3f74e3-4f49-42d6-88b6-ea3283c50514,2026-07-08T18:30:00Z,2026-07-08T20:30:00+0200,2262.863,MW,DE,DE_LU,actual_solar_generation,Solar,2026-07-23T07:13:23Z
2026-07-23T07:11:55Z,2026-07-23T09:11:55+0200,db3f74e3-4f49-42d6-88b6-ea3283c50514,2026-07-08T18:45:00Z,2026-07-08T20:45:00+0200,1317.46,MW,DE,DE_LU,actual_solar_generation,Solar,2026-07-23T07:13:23Z
2026-07-23T07:11:55Z,2026-07-23T09:11:55+0200,db3f74e3-4f49-42d6-88b6-ea3283c50514,2026-07-08T19:00:00Z,2026-07-08T21:00:00+0200,586.444,MW,DE,DE_LU,actual_solar_generation,Solar,2026-07-23T07:13:23Z
2026-07-23T07:11:55Z,2026-07-23T09:11:55+0200,db3f74e3-4f49-42d6-88b6-ea3283c50514,2026-07-08T19:15:00Z,2026-07-08T21:15:00+0200,199.25,MW,DE,DE_LU,actual_solar_generation,Solar,2026-07-23T07:13:23Z
2026-07-23T07:11:55Z,2026-07-23T09:11:55+0200,db3f74e3-4f49-42d6-88b6-ea3283c50514,2026-07-08T19:30:00Z,2026-07-08T21:30:00+0200,50.114,MW,DE,DE_LU,actual_solar_generation,Solar,2026-07-23T07:13:23Z
2026-07-23T07:11:55Z,2026-07-23T09:11:55+0200,db3f74e3-4f49-42d6-88b6-ea3283c50514,2026-07-08T19:45:00Z,2026-07-08T21:45:00+0200,8.254,MW,DE,DE_LU,actual_solar_generation,Solar,2026-07-23T07:13:23Z
2026-07-23T07:11:55Z,2026-07-23T09:11:55+0200,db3f74e3-4f49-42d6-88b6-ea3283c50514,2026-07-08T20:00:00Z,2026-07-08T22:00:00+0200,2.461,MW,DE,DE_LU,actual_solar_generation,Solar,2026-07-23T07:13:23Z
2026-07-23T07:11:55Z,2026-07-23T09:11:55+0200,db3f74e3-4f49-42d6-88b6-ea3283c50514,2026-07-08T20:15:00Z,2026-07-08T22:15:00+0200,0.425,MW,DE,DE_LU,actual_solar_generation,Solar,2026-07-23T07:13:23Z
2026-07-23T07:11:55Z,2026-07-23T09:11:55+0200,db3f74e3-4f49-42d6-88b6-ea3283c50514,2026-07-08T20:30:00Z,2026-07-08T22:30:00+0200,0.263,MW,DE,DE_LU,actual_solar_generation,Solar,2026-07-23T07:13:23Z
2026-07-23T07:11:55Z,2026-07-23T09:11:55+0200,db3f74e3-4f49-42d6-88b6-ea3283c50514,2026-07-08T20:45:00Z,2026-07-08T22:45:00+0200,0.221,MW,DE,DE_LU,actual_solar_generation,Solar,2026-07-23T07:13:23Z
2026-07-23T07:11:55Z,2026-07-23T09:11:55+0200,db3f74e3-4f49-42d6-88b6-ea3283c50514,2026-07-08T21:00:00Z,2026-07-08T23:00:00+0200,0.209,MW,DE,DE_LU,actual_solar_generation,Solar,2026-07-23T07:13:23Z
2026-07-23T07:11:55Z,2026-07-23T09:11:55+0200,db3f74e3-4f49-42d6-88b6-ea3283c50514,2026-07-08T21:15:00Z,2026-07-08T23:15:00+0200,0.193,MW,DE,DE_LU,actual_solar_generation,Solar,2026-07-23T07:13:23Z
2026-07-23T07:11:55Z,2026-07-23T09:11:55+0200,db3f74e3-4f49-42d6-88b6-ea3283c50514,2026-07-08T21:30:00Z,2026-07-08T23:30:00+0200,0.164,MW,DE,DE_LU,actual_solar_generation,Solar,2026-07-23T07:13:23Z
2026-07-23T07:11:55Z,2026-07-23T09:11:55+0200,db3f74e3-4f49-42d6-88b6-ea3283c50514,2026-07-08T21:45:00Z,2026-07-08T23:45:00+0200,0.142,MW,DE,DE_LU,actual_solar_generation,Solar,2026-07-23T07:13:23Z
2026-07-23T07:11:55Z,2026-07-23T09:11:55+0200,db3f74e3-4f49-42d6-88b6-ea3283c50514,2026-07-08T22:00:00Z,2026-07-09T00:00:00+0200,0.152,MW,DE,DE_LU,actual_solar_generation,Solar,2026-07-23T07:13:23Z
2026-07-23T07:11:55Z,2026-07-23T09:11:55+0200,db3f74e3-4f49-42d6-88b6-ea3283c50514,2026-07-08T22:15:00Z,2026-07-09T00:15:00+0200,0.138,MW,DE,DE_LU,actual_solar_generation,Solar,2026-07-23T07:13:23Z
2026-07-23T07:11:55Z,2026-07-23T09:11:55+0200,db3f74e3-4f49-42d6-88b6-ea3283c50514,2026-07-08T22:30:00Z,2026-07-09T00:30:00+0200,0.113,MW,DE,DE_LU,actual_solar_generation,Solar,2026-07-23T07:13:23Z
2026-07-23T07:11:55Z,2026-07-23T09:11:55+0200,db3f74e3-4f49-42d6-88b6-ea3283c50514,2026-07-08T22:45:00Z,2026-07-09T00:45:00+0200,0.104,MW,DE,DE_LU,actual_solar_generation,Solar,2026-07-23T07:13:23Z
2026-07-23T07:11:55Z,2026-07-23T09:11:55+0200,db3f74e3-4f49-42d6-88b6-ea3283c50514,2026-07-08T23:00:00Z,2026-07-09T01:00:00+0200,0.098,MW,DE,DE_LU,actual_solar_generation,Solar,2026-07-23T07:13:23Z
2026-07-23T07:11:55Z,2026-07-23T09:11:55+0200,db3f74e3-4f49-42d6-88b6-ea3283c50514,2026-07-08T23:15:00Z,2026-07-09T01:15:00+0200,0.094,MW,DE,DE_LU,actual_solar_generation,Solar,2026-07-23T07:13:23Z
2026-07-23T07:11:55Z,2026-07-23T09:11:55+0200,db3f74e3-4f49-42d6-88b6-ea3283c50514,2026-07-08T23:30:00Z,2026-07-09T01:30:00+0200,0.093,MW,DE,DE_LU,actual_solar_generation,Solar,2026-07-23T07:13:23Z
2026-07-23T07:11:55Z,2026-07-23T09:11:55+0200,db3f74e3-4f49-42d6-88b6-ea3283c50514,2026-07-08T23:45:00Z,2026-07-09T01:45:00+0200,0.086,MW,DE,DE_LU,actual_solar_generation,Solar,2026-07-23T07:13:23Z
2026-07-23T07:11:55Z,2026-07-23T09:11:55+0200,db3f74e3-4f49-42d6-88b6-ea3283c50514,2026-07-09T00:00:00Z,2026-07-09T02:00:00+0200,0.088,MW,DE,DE_LU,actual_solar_generation,Solar,2026-07-23T07:13:23Z
2026-07-23T07:11:55Z,2026-07-23T09:11:55+0200,db3f74e3-4f49-42d6-88b6-ea3283c50514,2026-07-09T00:15:00Z,2026-07-09T02:15:00+0200,0.091,MW,DE,DE_LU,actual_solar_generation,Solar,2026-07-23T07:13:23Z
2026-07-23T07:11:55Z,2026-07-23T09:11:55+0200,db3f74e3-4f49-42d6-88b6-ea3283c50514,2026-07-09T00:30:00Z,2026-07-09T02:30:00+0200,0.093,MW,DE,DE_LU,actual_solar_generation,Solar,2026-07-23T07:13:23Z
2026-07-23T07:11:55Z,2026-07-23T09:11:55+0200,db3f74e3-4f49-42d6-88b6-ea3283c50514,2026-07-09T00:45:00Z,2026-07-09T02:45:00+0200,0.091,MW,DE,DE_LU,actual_solar_generation,Solar,2026-07-23T07:13:23Z
2026-07-23T07:11:55Z,2026-07-23T09:11:55+0200,db3f74e3-4f49-42d6-88b6-ea3283c50514,2026-07-09T01:00:00Z,2026-07-09T03:00:00+0200,0.104,MW,DE,DE_LU,actual_solar_generation,Solar,2026-07-23T07:13:23Z
2026-07-23T07:11:55Z,2026-07-23T09:11:55+0200,db3f74e3-4f49-42d6-88b6-ea3283c50514,2026-07-09T01:15:00Z,2026-07-09T03:15:00+0200,0.096,MW,DE,DE_LU,actual_solar_generation,Solar,2026-07-23T07:13:23Z
2026-07-23T07:11:55Z,2026-07-23T09:11:55+0200,db3f74e3-4f49-42d6-88b6-ea3283c50514,2026-07-09T01:30:00Z,2026-07-09T03:30:00+0200,0.085,MW,DE,DE_LU,actual_solar_generation,Solar,2026-07-23T07:13:23Z
2026-07-23T07:11:55Z,2026-07-23T09:11:55+0200,db3f74e3-4f49-42d6-88b6-ea3283c50514,2026-07-09T01:45:00Z,2026-07-09T03:45:00+0200,0.077,MW,DE,DE_LU,actual_solar_generation,Solar,2026-07-23T07:13:23Z
2026-07-23T07:11:55Z,2026-07-23T09:11:55+0200,db3f74e3-4f49-42d6-88b6-ea3283c50514,2026-07-09T02:00:00Z,2026-07-09T04:00:00+0200,0.067,MW,DE,DE_LU,actual_solar_generation,Solar,2026-07-23T07:13:23Z
2026-07-23T07:11:55Z,2026-07-23T09:11:55+0200,db3f74e3-4f49-42d6-88b6-ea3283c50514,2026-07-09T02:15:00Z,2026-07-09T04:15:00+0200,0.067,MW,DE,DE_LU,actual_solar_generation,Solar,2026-07-23T07:13:23Z
2026-07-23T07:11:55Z,2026-07-23T09:11:55+0200,db3f74e3-4f49-42d6-88b6-ea3283c50514,2026-07-09T02:30:00Z,2026-07-09T04:30:00+0200,0.452,MW,DE,DE_LU,actual_solar_generation,Solar,2026-07-23T07:13:23Z
2026-07-23T07:11:55Z,2026-07-23T09:11:55+0200,db3f74e3-4f49-42d6-88b6-ea3283c50514,2026-07-09T02:45:00Z,2026-07-09T04:45:00+0200,5.007,MW,DE,DE_LU,actual_solar_generation,Solar,2026-07-23T07:13:23Z
2026-07-23T07:11:55Z,2026-07-23T09:11:55+0200,db3f74e3-4f49-42d6-88b6-ea3283c50514,2026-07-09T03:00:00Z,2026-07-09T05:00:00+0200,38.664,MW,DE,DE_LU,actual_solar_generation,Solar,2026-07-23T07:13:23Z
2026-07-23T07:11:55Z,2026-07-23T09:11:55+0200,db3f74e3-4f49-42d6-88b6-ea3283c50514,2026-07-09T03:15:00Z,2026-07-09T05:15:00+0200,146.876,MW,DE,DE_LU,actual_solar_generation,Solar,2026-07-23T07:13:23Z
2026-07-23T07:11:55Z,2026-07-23T09:11:55+0200,db3f74e3-4f49-42d6-88b6-ea3283c50514,2026-07-09T03:30:00Z,2026-07-09T05:30:00+0200,426.896,MW,DE,DE_LU,actual_solar_generation,Solar,2026-07-23T07:13:23Z
2026-07-23T07:11:55Z,2026-07-23T09:11:55+0200,db3f74e3-4f49-42d6-88b6-ea3283c50514,2026-07-09T03:45:00Z,2026-07-09T05:45:00+0200,1028.36,MW,DE,DE_LU,actual_solar_generation,Solar,2026-07-23T07:13:23Z
2026-07-23T07:11:55Z,2026-07-23T09:11:55+0200,db3f74e3-4f49-42d6-88b6-ea3283c50514,2026-07-09T04:00:00Z,2026-07-09T06:00:00+0200,1803.682,MW,DE,DE_LU,actual_solar_generation,Solar,2026-07-23T07:13:23Z
2026-07-23T07:11:55Z,2026-07-23T09:11:55+0200,db3f74e3-4f49-42d6-88b6-ea3283c50514,2026-07-09T04:15:00Z,2026-07-09T06:15:00+0200,2773.174,MW,DE,DE_LU,actual_solar_generation,Solar,2026-07-23T07:13:23Z
2026-07-23T07:11:55Z,2026-07-23T09:11:55+0200,db3f74e3-4f49-42d6-88b6-ea3283c50514,2026-07-09T04:30:00Z,2026-07-09T06:30:00+0200,3919.053,MW,DE,DE_LU,actual_solar_generation,Solar,2026-07-23T07:13:23Z
2026-07-23T07:11:55Z,2026-07-23T09:11:55+0200,db3f74e3-4f49-42d6-88b6-ea3283c50514,2026-07-09T04:45:00Z,2026-07-09T06:45:00+0200,5332.305,MW,DE,DE_LU,actual_solar_generation,Solar,2026-07-23T07:13:23Z
2026-07-23T07:11:55Z,2026-07-23T09:11:55+0200,db3f74e3-4f49-42d6-88b6-ea3283c50514,2026-07-09T05:00:00Z,2026-07-09T07:00:00+0200,6995.65,MW,DE,DE_LU,actual_solar_generation,Solar,2026-07-23T07:13:23Z
2026-07-23T07:11:55Z,2026-07-23T09:11:55+0200,db3f74e3-4f49-42d6-88b6-ea3283c50514,2026-07-09T05:15:00Z,2026-07-09T07:15:00+0200,8792.542,MW,DE,DE_LU,actual_solar_generation,Solar,2026-07-23T07:13:23Z
2026-07-23T07:11:55Z,2026-07-23T09:11:55+0200,db3f74e3-4f49-42d6-88b6-ea3283c50514,2026-07-09T05:30:00Z,2026-07-09T07:30:00+0200,10723.416,MW,DE,DE_LU,actual_solar_generation,Solar,2026-07-23T07:13:23Z
2026-07-23T07:11:55Z,2026-07-23T09:11:55+0200,db3f74e3-4f49-42d6-88b6-ea3283c50514,2026-07-09T05:45:00Z,2026-07-09T07:45:00+0200,12747.247,MW,DE,DE_LU,actual_solar_generation,Solar,2026-07-23T07:13:23Z
2026-07-23T07:11:55Z,2026-07-23T09:11:55+0200,db3f74e3-4f49-42d6-88b6-ea3283c50514,2026-07-09T06:00:00Z,2026-07-09T08:00:00+0200,14880.933,MW,DE,DE_LU,actual_solar_generation,Solar,2026-07-23T07:13:23Z
2026-07-23T07:11:55Z,2026-07-23T09:11:55+0200,db3f74e3-4f49-42d6-88b6-ea3283c50514,2026-07-09T06:15:00Z,2026-07-09T08:15:00+0200,17081.182,MW,DE,DE_LU,actual_solar_generation,Solar,2026-07-23T07:13:23Z
2026-07-23T07:11:55Z,2026-07-23T09:11:55+0200,db3f74e3-4f49-42d6-88b6-ea3283c50514,2026-07-09T06:30:00Z,2026-07-09T08:30:00+0200,19359.985,MW,DE,DE_LU,actual_solar_generation,Solar,2026-07-23T07:13:23Z
2026-07-23T07:11:55Z,2026-07-23T09:11:55+0200,db3f74e3-4f49-42d6-88b6-ea3283c50514,2026-07-09T06:45:00Z,2026-07-09T08:45:00+0200,21494.53,MW,DE,DE_LU,actual_solar_generation,Solar,2026-07-23T07:13:23Z
2026-07-23T07:11:55Z,2026-07-23T09:11:55+0200,db3f74e3-4f49-42d6-88b6-ea3283c50514,2026-07-09T07:00:00Z,2026-07-09T09:00:00+0200,23518.332,MW,DE,DE_LU,actual_solar_generation,Solar,2026-07-23T07:13:23Z
2026-07-23T07:11:55Z,2026-07-23T09:11:55+0200,db3f74e3-4f49-42d6-88b6-ea3283c50514,2026-07-09T07:15:00Z,2026-07-09T09:15:00+0200,25200.539,MW,DE,DE_LU,actual_solar_generation,Solar,2026-07-23T07:13:23Z
2026-07-23T07:11:55Z,2026-07-23T09:11:55+0200,db3f74e3-4f49-42d6-88b6-ea3283c50514,2026-07-09T07:30:00Z,2026-07-09T09:30:00+0200,26890.924,MW,DE,DE_LU,actual_solar_generation,Solar,2026-07-23T07:13:23Z
2026-07-23T07:11:55Z,2026-07-23T09:11:55+0200,db3f74e3-4f49-42d6-88b6-ea3283c50514,2026-07-09T07:45:00Z,2026-07-09T09:45:00+0200,28598.796,MW,DE,DE_LU,actual_solar_generation,Solar,2026-07-23T07:13:23Z
2026-07-23T07:11:55Z,2026-07-23T09:11:55+0200,db3f74e3-4f49-42d6-88b6-ea3283c50514,2026-07-09T08:00:00Z,2026-07-09T10:00:00+0200,29815.468,MW,DE,DE_LU,actual_solar_generation,Solar,2026-07-23T07:13:23Z
2026-07-23T07:11:55Z,2026-07-23T09:11:55+0200,db3f74e3-4f49-42d6-88b6-ea3283c50514,2026-07-09T08:15:00Z,2026-07-09T10:15:00+0200,31265.757,MW,DE,DE_LU,actual_solar_generation,Solar,2026-07-23T07:13:23Z
2026-07-23T07:11:55Z,2026-07-23T09:11:55+0200,db3f74e3-4f49-42d6-88b6-ea3283c50514,2026-07-09T08:30:00Z,2026-07-09T10:30:00+0200,32770.808,MW,DE,DE_LU,actual_solar_generation,Solar,2026-07-23T07:13:23Z
2026-07-23T07:11:55Z,2026-07-23T09:11:55+0200,db3f74e3-4f49-42d6-88b6-ea3283c50514,2026-07-09T08:45:00Z,2026-07-09T10:45:00+0200,34250.56,MW,DE,DE_LU,actual_solar_generation,Solar,2026-07-23T07:13:23Z
2026-07-23T07:11:55Z,2026-07-23T09:11:55+0200,db3f74e3-4f49-42d6-88b6-ea3283c50514,2026-07-09T09:00:00Z,2026-07-09T11:00:00+0200,35740.771,MW,DE,DE_LU,actual_solar_generation,Solar,2026-07-23T07:13:23Z
2026-07-23T07:11:55Z,2026-07-23T09:11:55+0200,db3f74e3-4f49-42d6-88b6-ea3283c50514,2026-07-09T09:15:00Z,2026-07-09T11:15:00+0200,37165.179,MW,DE,DE_LU,actual_solar_generation,Solar,2026-07-23T07:13:23Z
2026-07-23T07:11:55Z,2026-07-23T09:11:55+0200,db3f74e3-4f49-42d6-88b6-ea3283c50514,2026-07-09T09:30:00Z,2026-07-09T11:30:00+0200,38569.424,MW,DE,DE_LU,actual_solar_generation,Solar,2026-07-23T07:13:23Z
2026-07-23T07:11:55Z,2026-07-23T09:11:55+0200,db3f74e3-4f49-42d6-88b6-ea3283c50514,2026-07-09T09:45:00Z,2026-07-09T11:45:00+0200,40031.062,MW,DE,DE_LU,actual_solar_generation,Solar,2026-07-23T07:13:23Z
2026-07-23T07:11:55Z,2026-07-23T09:11:55+0200,db3f74e3-4f49-42d6-88b6-ea3283c50514,2026-07-09T10:00:00Z,2026-07-09T12:00:00+0200,41337.599,MW,DE,DE_LU,actual_solar_generation,Solar,2026-07-23T07:13:23Z
2026-07-23T07:11:55Z,2026-07-23T09:11:55+0200,db3f74e3-4f49-42d6-88b6-ea3283c50514,2026-07-09T10:15:00Z,2026-07-09T12:15:00+0200,42541.047,MW,DE,DE_LU,actual_solar_generation,Solar,2026-07-23T07:13:23Z
2026-07-23T07:11:55Z,2026-07-23T09:11:55+0200,db3f74e3-4f49-42d6-88b6-ea3283c50514,2026-07-09T10:30:00Z,2026-07-09T12:30:00+0200,43578.378,MW,DE,DE_LU,actual_solar_generation,Solar,2026-07-23T07:13:23Z
2026-07-23T07:11:55Z,2026-07-23T09:11:55+0200,db3f74e3-4f49-42d6-88b6-ea3283c50514,2026-07-09T10:45:00Z,2026-07-09T12:45:00+0200,44630.552,MW,DE,DE_LU,actual_solar_generation,Solar,2026-07-23T07:13:23Z
2026-07-23T07:11:55Z,2026-07-23T09:11:55+0200,db3f74e3-4f49-42d6-88b6-ea3283c50514,2026-07-09T11:00:00Z,2026-07-09T13:00:00+0200,45479.338,MW,DE,DE_LU,actual_solar_generation,Solar,2026-07-23T07:13:23Z
2026-07-23T07:11:55Z,2026-07-23T09:11:55+0200,db3f74e3-4f49-42d6-88b6-ea3283c50514,2026-07-09T11:15:00Z,2026-07-09T13:15:00+0200,46185.687,MW,DE,DE_LU,actual_solar_generation,Solar,2026-07-23T07:13:23Z
2026-07-23T07:11:55Z,2026-07-23T09:11:55+0200,db3f74e3-4f49-42d6-88b6-ea3283c50514,2026-07-09T11:30:00Z,2026-07-09T13:30:00+0200,46782.128,MW,DE,DE_LU,actual_solar_generation,Solar,2026-07-23T07:13:23Z
2026-07-23T07:11:55Z,2026-07-23T09:11:55+0200,db3f74e3-4f49-42d6-88b6-ea3283c50514,2026-07-09T11:45:00Z,2026-07-09T13:45:00+0200,47218.531,MW,DE,DE_LU,actual_solar_generation,Solar,2026-07-23T07:13:23Z
2026-07-23T07:11:55Z,2026-07-23T09:11:55+0200,db3f74e3-4f49-42d6-88b6-ea3283c50514,2026-07-09T12:00:00Z,2026-07-09T14:00:00+0200,47519.841,MW,DE,DE_LU,actual_solar_generation,Solar,2026-07-23T07:13:23Z
2026-07-23T07:11:55Z,2026-07-23T09:11:55+0200,db3f74e3-4f49-42d6-88b6-ea3283c50514,2026-07-09T12:15:00Z,2026-07-09T14:15:00+0200,47499.58,MW,DE,DE_LU,actual_solar_generation,Solar,2026-07-23T07:13:23Z
2026-07-23T07:11:55Z,2026-07-23T09:11:55+0200,db3f74e3-4f49-42d6-88b6-ea3283c50514,2026-07-09T12:30:00Z,2026-07-09T14:30:00+0200,47294.421,MW,DE,DE_LU,actual_solar_generation,Solar,2026-07-23T07:13:23Z
2026-07-23T07:11:55Z,2026-07-23T09:11:55+0200,db3f74e3-4f49-42d6-88b6-ea3283c50514,2026-07-09T12:45:00Z,2026-07-09T14:45:00+0200,46868.198,MW,DE,DE_LU,actual_solar_generation,Solar,2026-07-23T07:13:23Z
2026-07-23T07:11:55Z,2026-07-23T09:11:55+0200,db3f74e3-4f49-42d6-88b6-ea3283c50514,2026-07-09T13:00:00Z,2026-07-09T15:00:00+0200,46668.441,MW,DE,DE_LU,actual_solar_generation,Solar,2026-07-23T07:13:23Z
2026-07-23T07:11:55Z,2026-07-23T09:11:55+0200,db3f74e3-4f49-42d6-88b6-ea3283c50514,2026-07-09T13:15:00Z,2026-07-09T15:15:00+0200,46035.648,MW,DE,DE_LU,actual_solar_generation,Solar,2026-07-23T07:13:23Z
2026-07-23T07:11:55Z,2026-07-23T09:11:55+0200,db3f74e3-4f49-42d6-88b6-ea3283c50514,2026-07-09T13:30:00Z,2026-07-09T15:30:00+0200,45170.102,MW,DE,DE_LU,actual_solar_generation,Solar,2026-07-23T07:13:23Z
2026-07-23T07:11:55Z,2026-07-23T09:11:55+0200,db3f74e3-4f49-42d6-88b6-ea3283c50514,2026-07-09T13:45:00Z,2026-07-09T15:45:00+0200,43870.335,MW,DE,DE_LU,actual_solar_generation,Solar,2026-07-23T07:13:23Z
2026-07-23T07:11:55Z,2026-07-23T09:11:55+0200,db3f74e3-4f49-42d6-88b6-ea3283c50514,2026-07-09T14:00:00Z,2026-07-09T16:00:00+0200,42565.915,MW,DE,DE_LU,actual_solar_generation,Solar,2026-07-23T07:13:23Z
2026-07-23T07:11:55Z,2026-07-23T09:11:55+0200,db3f74e3-4f49-42d6-88b6-ea3283c50514,2026-07-09T14:15:00Z,2026-07-09T16:15:00+0200,41202.322,MW,DE,DE_LU,actual_solar_generation,Solar,2026-07-23T07:13:23Z
2026-07-23T07:11:55Z,2026-07-23T09:11:55+0200,db3f74e3-4f49-42d6-88b6-ea3283c50514,2026-07-09T14:30:00Z,2026-07-09T16:30:00+0200,39376.965,MW,DE,DE_LU,actual_solar_generation,Solar,2026-07-23T07:13:23Z
2026-07-23T07:11:55Z,2026-07-23T09:11:55+0200,db3f74e3-4f49-42d6-88b6-ea3283c50514,2026-07-09T14:45:00Z,2026-07-09T16:45:00+0200,37286.438,MW,DE,DE_LU,actual_solar_generation,Solar,2026-07-23T07:13:23Z
2026-07-23T07:11:55Z,2026-07-23T09:11:55+0200,db3f74e3-4f49-42d6-88b6-ea3283c50514,2026-07-09T15:00:00Z,2026-07-09T17:00:00+0200,35143.357,MW,DE,DE_LU,actual_solar_generation,Solar,2026-07-23T07:13:23Z
2026-07-23T07:11:55Z,2026-07-23T09:11:55+0200,db3f74e3-4f49-42d6-88b6-ea3283c50514,2026-07-09T15:15:00Z,2026-07-09T17:15:00+0200,32694.179,MW,DE,DE_LU,actual_solar_generation,Solar,2026-07-23T07:13:23Z
2026-07-23T07:11:55Z,2026-07-23T09:11:55+0200,db3f74e3-4f49-42d6-88b6-ea3283c50514,2026-07-09T15:30:00Z,2026-07-09T17:30:00+0200,30239.853,MW,DE,DE_LU,actual_solar_generation,Solar,2026-07-23T07:13:23Z
2026-07-23T07:11:55Z,2026-07-23T09:11:55+0200,db3f74e3-4f49-42d6-88b6-ea3283c50514,2026-07-09T15:45:00Z,2026-07-09T17:45:00+0200,27401.799,MW,DE,DE_LU,actual_solar_generation,Solar,2026-07-23T07:13:23Z
2026-07-23T07:11:55Z,2026-07-23T09:11:55+0200,db3f74e3-4f49-42d6-88b6-ea3283c50514,2026-07-09T16:00:00Z,2026-07-09T18:00:00+0200,24776.235,MW,DE,DE_LU,actual_solar_generation,Solar,2026-07-23T07:13:23Z
2026-07-23T07:11:55Z,2026-07-23T09:11:55+0200,db3f74e3-4f49-42d6-88b6-ea3283c50514,2026-07-09T16:15:00Z,2026-07-09T18:15:00+0200,22153.239,MW,DE,DE_LU,actual_solar_generation,Solar,2026-07-23T07:13:23Z
2026-07-23T07:11:55Z,2026-07-23T09:11:55+0200,db3f74e3-4f49-42d6-88b6-ea3283c50514,2026-07-09T16:30:00Z,2026-07-09T18:30:00+0200,19224.292,MW,DE,DE_LU,actual_solar_generation,Solar,2026-07-23T07:13:23Z
2026-07-23T07:11:55Z,2026-07-23T09:11:55+0200,db3f74e3-4f49-42d6-88b6-ea3283c50514,2026-07-09T16:45:00Z,2026-07-09T18:45:00+0200,16337.992,MW,DE,DE_LU,actual_solar_generation,Solar,2026-07-23T07:13:23Z
2026-07-23T07:11:55Z,2026-07-23T09:11:55+0200,db3f74e3-4f49-42d6-88b6-ea3283c50514,2026-07-09T17:00:00Z,2026-07-09T19:00:00+0200,13539.396,MW,DE,DE_LU,actual_solar_generation,Solar,2026-07-23T07:13:23Z
2026-07-23T07:11:55Z,2026-07-23T09:11:55+0200,db3f74e3-4f49-42d6-88b6-ea3283c50514,2026-07-09T17:15:00Z,2026-07-09T19:15:00+0200,10906.904,MW,DE,DE_LU,actual_solar_generation,Solar,2026-07-23T07:13:23Z
2026-07-23T07:11:55Z,2026-07-23T09:11:55+0200,db3f74e3-4f49-42d6-88b6-ea3283c50514,2026-07-09T17:30:00Z,2026-07-09T19:30:00+0200,8507.888,MW,DE,DE_LU,actual_solar_generation,Solar,2026-07-23T07:13:23Z
2026-07-23T07:11:55Z,2026-07-23T09:11:55+0200,db3f74e3-4f49-42d6-88b6-ea3283c50514,2026-07-09T17:45:00Z,2026-07-09T19:45:00+0200,6456.986,MW,DE,DE_LU,actual_solar_generation,Solar,2026-07-23T07:13:23Z
2026-07-23T07:11:55Z,2026-07-23T09:11:55+0200,db3f74e3-4f49-42d6-88b6-ea3283c50514,2026-07-09T18:00:00Z,2026-07-09T20:00:00+0200,4709.562,MW,DE,DE_LU,actual_solar_generation,Solar,2026-07-23T07:13:23Z
2026-07-23T07:11:55Z,2026-07-23T09:11:55+0200,db3f74e3-4f49-42d6-88b6-ea3283c50514,2026-07-09T18:15:00Z,2026-07-09T20:15:00+0200,3281.83,MW,DE,DE_LU,actual_solar_generation,Solar,2026-07-23T07:13:23Z
2026-07-23T07:11:55Z,2026-07-23T09:11:55+0200,db3f74e3-4f49-42d6-88b6-ea3283c50514,2026-07-09T18:30:00Z,2026-07-09T20:30:00+0200,2141.043,MW,DE,DE_LU,actual_solar_generation,Solar,2026-07-23T07:13:23Z
2026-07-23T07:11:55Z,2026-07-23T09:11:55+0200,db3f74e3-4f49-42d6-88b6-ea3283c50514,2026-07-09T18:45:00Z,2026-07-09T20:45:00+0200,1228.348,MW,DE,DE_LU,actual_solar_generation,Solar,2026-07-23T07:13:23Z
2026-07-23T07:11:55Z,2026-07-23T09:11:55+0200,db3f74e3-4f49-42d6-88b6-ea3283c50514,2026-07-09T19:00:00Z,2026-07-09T21:00:00+0200,554.371,MW,DE,DE_LU,actual_solar_generation,Solar,2026-07-23T07:13:23Z
2026-07-23T07:11:55Z,2026-07-23T09:11:55+0200,db3f74e3-4f49-42d6-88b6-ea3283c50514,2026-07-09T19:15:00Z,2026-07-09T21:15:00+0200,191.323,MW,DE,DE_LU,actual_solar_generation,Solar,2026-07-23T07:13:23Z
2026-07-23T07:11:55Z,2026-07-23T09:11:55+0200,db3f74e3-4f49-42d6-88b6-ea3283c50514,2026-07-09T19:30:00Z,2026-07-09T21:30:00+0200,46.108,MW,DE,DE_LU,actual_solar_generation,Solar,2026-07-23T07:13:23Z
2026-07-23T07:11:55Z,2026-07-23T09:11:55+0200,db3f74e3-4f49-42d6-88b6-ea3283c50514,2026-07-09T19:45:00Z,2026-07-09T21:45:00+0200,6.699,MW,DE,DE_LU,actual_solar_generation,Solar,2026-07-23T07:13:23Z
2026-07-23T07:11:55Z,2026-07-23T09:11:55+0200,db3f74e3-4f49-42d6-88b6-ea3283c50514,2026-07-09T20:00:00Z,2026-07-09T22:00:00+0200,3.273,MW,DE,DE_LU,actual_solar_generation,Solar,2026-07-23T07:13:23Z
2026-07-23T07:11:55Z,2026-07-23T09:11:55+0200,db3f74e3-4f49-42d6-88b6-ea3283c50514,2026-07-09T20:15:00Z,2026-07-09T22:15:00+0200,0.4,MW,DE,DE_LU,actual_solar_generation,Solar,2026-07-23T07:13:23Z
2026-07-23T07:11:55Z,2026-07-23T09:11:55+0200,db3f74e3-4f49-42d6-88b6-ea3283c50514,2026-07-09T20:30:00Z,2026-07-09T22:30:00+0200,0.256,MW,DE,DE_LU,actual_solar_generation,Solar,2026-07-23T07:13:23Z
2026-07-23T07:11:55Z,2026-07-23T09:11:55+0200,db3f74e3-4f49-42d6-88b6-ea3283c50514,2026-07-09T20:45:00Z,2026-07-09T22:45:00+0200,0.222,MW,DE,DE_LU,actual_solar_generation,Solar,2026-07-23T07:13:23Z
2026-07-23T07:11:55Z,2026-07-23T09:11:55+0200,db3f74e3-4f49-42d6-88b6-ea3283c50514,2026-07-09T21:00:00Z,2026-07-09T23:00:00+0200,0.199,MW,DE,DE_LU,actual_solar_generation,Solar,2026-07-23T07:13:23Z
2026-07-23T07:11:55Z,2026-07-23T09:11:55+0200,db3f74e3-4f49-42d6-88b6-ea3283c50514,2026-07-09T21:15:00Z,2026-07-09T23:15:00+0200,0.184,MW,DE,DE_LU,actual_solar_generation,Solar,2026-07-23T07:13:23Z
2026-07-23T07:11:55Z,2026-07-23T09:11:55+0200,db3f74e3-4f49-42d6-88b6-ea3283c50514,2026-07-09T21:30:00Z,2026-07-09T23:30:00+0200,0.18,MW,DE,DE_LU,actual_solar_generation,Solar,2026-07-23T07:13:23Z
2026-07-23T07:11:55Z,2026-07-23T09:11:55+0200,db3f74e3-4f49-42d6-88b6-ea3283c50514,2026-07-09T21:45:00Z,2026-07-09T23:45:00+0200,0.181,MW,DE,DE_LU,actual_solar_generation,Solar,2026-07-23T07:13:23Z
2026-07-23T07:11:55Z,2026-07-23T09:11:55+0200,db3f74e3-4f49-42d6-88b6-ea3283c50514,2026-07-09T22:00:00Z,2026-07-10T00:00:00+0200,0.163,MW,DE,DE_LU,actual_solar_generation,Solar,2026-07-23T07:13:23Z
2026-07-23T07:11:55Z,2026-07-23T09:11:55+0200,db3f74e3-4f49-42d6-88b6-ea3283c50514,2026-07-09T22:15:00Z,2026-07-10T00:15:00+0200,0.141,MW,DE,DE_LU,actual_solar_generation,Solar,2026-07-23T07:13:23Z
2026-07-23T07:11:55Z,2026-07-23T09:11:55+0200,db3f74e3-4f49-42d6-88b6-ea3283c50514,2026-07-09T22:30:00Z,2026-07-10T00:30:00+0200,0.126,MW,DE,DE_LU,actual_solar_generation,Solar,2026-07-23T07:13:23Z
2026-07-23T07:11:55Z,2026-07-23T09:11:55+0200,db3f74e3-4f49-42d6-88b6-ea3283c50514,2026-07-09T22:45:00Z,2026-07-10T00:45:00+0200,0.116,MW,DE,DE_LU,actual_solar_generation,Solar,2026-07-23T07:13:23Z
2026-07-23T07:11:55Z,2026-07-23T09:11:55+0200,db3f74e3-4f49-42d6-88b6-ea3283c50514,2026-07-09T23:00:00Z,2026-07-10T01:00:00+0200,0.113,MW,DE,DE_LU,actual_solar_generation,Solar,2026-07-23T07:13:23Z
2026-07-23T07:11:55Z,2026-07-23T09:11:55+0200,db3f74e3-4f49-42d6-88b6-ea3283c50514,2026-07-09T23:15:00Z,2026-07-10T01:15:00+0200,0.105,MW,DE,DE_LU,actual_solar_generation,Solar,2026-07-23T07:13:23Z
2026-07-23T07:11:55Z,2026-07-23T09:11:55+0200,db3f74e3-4f49-42d6-88b6-ea3283c50514,2026-07-09T23:30:00Z,2026-07-10T01:30:00+0200,0.101,MW,DE,DE_LU,actual_solar_generation,Solar,2026-07-23T07:13:23Z
2026-07-23T07:11:55Z,2026-07-23T09:11:55+0200,db3f74e3-4f49-42d6-88b6-ea3283c50514,2026-07-09T23:45:00Z,2026-07-10T01:45:00+0200,0.097,MW,DE,DE_LU,actual_solar_generation,Solar,2026-07-23T07:13:23Z
2026-07-23T07:11:55Z,2026-07-23T09:11:55+0200,db3f74e3-4f49-42d6-88b6-ea3283c50514,2026-07-10T00:00:00Z,2026-07-10T02:00:00+0200,0.097,MW,DE,DE_LU,actual_solar_generation,Solar,2026-07-23T07:13:23Z
2026-07-23T07:11:55Z,2026-07-23T09:11:55+0200,db3f74e3-4f49-42d6-88b6-ea3283c50514,2026-07-10T00:15:00Z,2026-07-10T02:15:00+0200,0.087,MW,DE,DE_LU,actual_solar_generation,Solar,2026-07-23T07:13:23Z
2026-07-23T07:11:55Z,2026-07-23T09:11:55+0200,db3f74e3-4f49-42d6-88b6-ea3283c50514,2026-07-10T00:30:00Z,2026-07-10T02:30:00+0200,0.089,MW,DE,DE_LU,actual_solar_generation,Solar,2026-07-23T07:13:23Z
2026-07-23T07:11:55Z,2026-07-23T09:11:55+0200,db3f74e3-4f49-42d6-88b6-ea3283c50514,2026-07-10T00:45:00Z,2026-07-10T02:45:00+0200,0.091,MW,DE,DE_LU,actual_solar_generation,Solar,2026-07-23T07:13:23Z
2026-07-23T07:11:55Z,2026-07-23T09:11:55+0200,db3f74e3-4f49-42d6-88b6-ea3283c50514,2026-07-10T01:00:00Z,2026-07-10T03:00:00+0200,0.081,MW,DE,DE_LU,actual_solar_generation,Solar,2026-07-23T07:13:23Z
2026-07-23T07:11:55Z,2026-07-23T09:11:55+0200,db3f74e3-4f49-42d6-88b6-ea3283c50514,2026-07-10T01:15:00Z,2026-07-10T03:15:00+0200,0.08,MW,DE,DE_LU,actual_solar_generation,Solar,2026-07-23T07:13:23Z
2026-07-23T07:11:55Z,2026-07-23T09:11:55+0200,db3f74e3-4f49-42d6-88b6-ea3283c50514,2026-07-10T01:30:00Z,2026-07-10T03:30:00+0200,0.075,MW,DE,DE_LU,actual_solar_generation,Solar,2026-07-23T07:13:23Z
2026-07-23T07:11:55Z,2026-07-23T09:11:55+0200,db3f74e3-4f49-42d6-88b6-ea3283c50514,2026-07-10T01:45:00Z,2026-07-10T03:45:00+0200,0.088,MW,DE,DE_LU,actual_solar_generation,Solar,2026-07-23T07:13:23Z
2026-07-23T07:11:55Z,2026-07-23T09:11:55+0200,db3f74e3-4f49-42d6-88b6-ea3283c50514,2026-07-10T02:00:00Z,2026-07-10T04:00:00+0200,0.083,MW,DE,DE_LU,actual_solar_generation,Solar,2026-07-23T07:13:23Z
2026-07-23T07:11:55Z,2026-07-23T09:11:55+0200,db3f74e3-4f49-42d6-88b6-ea3283c50514,2026-07-10T02:15:00Z,2026-07-10T04:15:00+0200,0.073,MW,DE,DE_LU,actual_solar_generation,Solar,2026-07-23T07:13:23Z
2026-07-23T07:11:55Z,2026-07-23T09:11:55+0200,db3f74e3-4f49-42d6-88b6-ea3283c50514,2026-07-10T02:30:00Z,2026-07-10T04:30:00+0200,0.483,MW,DE,DE_LU,actual_solar_generation,Solar,2026-07-23T07:13:23Z
2026-07-23T07:11:55Z,2026-07-23T09:11:55+0200,db3f74e3-4f49-42d6-88b6-ea3283c50514,2026-07-10T02:45:00Z,2026-07-10T04:45:00+0200,3.864,MW,DE,DE_LU,actual_solar_generation,Solar,2026-07-23T07:13:23Z
2026-07-23T07:11:55Z,2026-07-23T09:11:55+0200,db3f74e3-4f49-42d6-88b6-ea3283c50514,2026-07-10T03:00:00Z,2026-07-10T05:00:00+0200,31.126,MW,DE,DE_LU,actual_solar_generation,Solar,2026-07-23T07:13:23Z
2026-07-23T07:11:55Z,2026-07-23T09:11:55+0200,db3f74e3-4f49-42d6-88b6-ea3283c50514,2026-07-10T03:15:00Z,2026-07-10T05:15:00+0200,121.943,MW,DE,DE_LU,actual_solar_generation,Solar,2026-07-23T07:13:23Z
2026-07-23T07:11:55Z,2026-07-23T09:11:55+0200,db3f74e3-4f49-42d6-88b6-ea3283c50514,2026-07-10T03:30:00Z,2026-07-10T05:30:00+0200,426.671,MW,DE,DE_LU,actual_solar_generation,Solar,2026-07-23T07:13:23Z
2026-07-23T07:11:55Z,2026-07-23T09:11:55+0200,db3f74e3-4f49-42d6-88b6-ea3283c50514,2026-07-10T03:45:00Z,2026-07-10T05:45:00+0200,1081.638,MW,DE,DE_LU,actual_solar_generation,Solar,2026-07-23T07:13:23Z
2026-07-23T07:11:55Z,2026-07-23T09:11:55+0200,db3f74e3-4f49-42d6-88b6-ea3283c50514,2026-07-10T04:00:00Z,2026-07-10T06:00:00+0200,1965.635,MW,DE,DE_LU,actual_solar_generation,Solar,2026-07-23T07:13:23Z
2026-07-23T07:11:55Z,2026-07-23T09:11:55+0200,db3f74e3-4f49-42d6-88b6-ea3283c50514,2026-07-10T04:15:00Z,2026-07-10T06:15:00+0200,3027.938,MW,DE,DE_LU,actual_solar_generation,Solar,2026-07-23T07:13:23Z
2026-07-23T07:11:55Z,2026-07-23T09:11:55+0200,db3f74e3-4f49-42d6-88b6-ea3283c50514,2026-07-10T04:30:00Z,2026-07-10T06:30:00+0200,4321.912,MW,DE,DE_LU,actual_solar_generation,Solar,2026-07-23T07:13:23Z
2026-07-23T07:11:55Z,2026-07-23T09:11:55+0200,db3f74e3-4f49-42d6-88b6-ea3283c50514,2026-07-10T04:45:00Z,2026-07-10T06:45:00+0200,5907.167,MW,DE,DE_LU,actual_solar_generation,Solar,2026-07-23T07:13:23Z
2026-07-23T07:11:55Z,2026-07-23T09:11:55+0200,db3f74e3-4f49-42d6-88b6-ea3283c50514,2026-07-10T05:00:00Z,2026-07-10T07:00:00+0200,7782.99,MW,DE,DE_LU,actual_solar_generation,Solar,2026-07-23T07:13:23Z
2026-07-23T07:11:55Z,2026-07-23T09:11:55+0200,db3f74e3-4f49-42d6-88b6-ea3283c50514,2026-07-10T05:15:00Z,2026-07-10T07:15:00+0200,9990.664,MW,DE,DE_LU,actual_solar_generation,Solar,2026-07-23T07:13:23Z
2026-07-23T07:11:55Z,2026-07-23T09:11:55+0200,db3f74e3-4f49-42d6-88b6-ea3283c50514,2026-07-10T05:30:00Z,2026-07-10T07:30:00+0200,12526.741,MW,DE,DE_LU,actual_solar_generation,Solar,2026-07-23T07:13:23Z
2026-07-23T07:11:55Z,2026-07-23T09:11:55+0200,db3f74e3-4f49-42d6-88b6-ea3283c50514,2026-07-10T05:45:00Z,2026-07-10T07:45:00+0200,15381.273,MW,DE,DE_LU,actual_solar_generation,Solar,2026-07-23T07:13:23Z
2026-07-23T07:11:55Z,2026-07-23T09:11:55+0200,db3f74e3-4f49-42d6-88b6-ea3283c50514,2026-07-10T06:00:00Z,2026-07-10T08:00:00+0200,18246.175,MW,DE,DE_LU,actual_solar_generation,Solar,2026-07-23T07:13:23Z
2026-07-23T07:11:55Z,2026-07-23T09:11:55+0200,db3f74e3-4f49-42d6-88b6-ea3283c50514,2026-07-10T06:15:00Z,2026-07-10T08:15:00+0200,21138.666,MW,DE,DE_LU,actual_solar_generation,Solar,2026-07-23T07:13:23Z
2026-07-23T07:11:55Z,2026-07-23T09:11:55+0200,db3f74e3-4f49-42d6-88b6-ea3283c50514,2026-07-10T06:30:00Z,2026-07-10T08:30:00+0200,24237.85,MW,DE,DE_LU,actual_solar_generation,Solar,2026-07-23T07:13:23Z
2026-07-23T07:11:55Z,2026-07-23T09:11:55+0200,db3f74e3-4f49-42d6-88b6-ea3283c50514,2026-07-10T06:45:00Z,2026-07-10T08:45:00+0200,27216.846,MW,DE,DE_LU,actual_solar_generation,Solar,2026-07-23T07:13:23Z
2026-07-23T07:11:55Z,2026-07-23T09:11:55+0200,db3f74e3-4f49-42d6-88b6-ea3283c50514,2026-07-10T07:00:00Z,2026-07-10T09:00:00+0200,30110.518,MW,DE,DE_LU,actual_solar_generation,Solar,2026-07-23T07:13:23Z
2026-07-23T07:11:55Z,2026-07-23T09:11:55+0200,db3f74e3-4f49-42d6-88b6-ea3283c50514,2026-07-10T07:15:00Z,2026-07-10T09:15:00+0200,32777.911,MW,DE,DE_LU,actual_solar_generation,Solar,2026-07-23T07:13:23Z
2026-07-23T07:11:55Z,2026-07-23T09:11:55+0200,db3f74e3-4f49-42d6-88b6-ea3283c50514,2026-07-10T07:30:00Z,2026-07-10T09:30:00+0200,35119.813,MW,DE,DE_LU,actual_solar_generation,Solar,2026-07-23T07:13:23Z
2026-07-23T07:11:55Z,2026-07-23T09:11:55+0200,db3f74e3-4f49-42d6-88b6-ea3283c50514,2026-07-10T07:45:00Z,2026-07-10T09:45:00+0200,37533.492,MW,DE,DE_LU,actual_solar_generation,Solar,2026-07-23T07:13:23Z
2026-07-23T07:11:55Z,2026-07-23T09:11:55+0200,db3f74e3-4f49-42d6-88b6-ea3283c50514,2026-07-10T08:00:00Z,2026-07-10T10:00:00+0200,40009.123,MW,DE,DE_LU,actual_solar_generation,Solar,2026-07-23T07:13:23Z
2026-07-23T07:11:55Z,2026-07-23T09:11:55+0200,db3f74e3-4f49-42d6-88b6-ea3283c50514,2026-07-10T08:15:00Z,2026-07-10T10:15:00+0200,42670.185,MW,DE,DE_LU,actual_solar_generation,Solar,2026-07-23T07:13:23Z
2026-07-23T07:11:55Z,2026-07-23T09:11:55+0200,db3f74e3-4f49-42d6-88b6-ea3283c50514,2026-07-10T08:30:00Z,2026-07-10T10:30:00+0200,45279.148,MW,DE,DE_LU,actual_solar_generation,Solar,2026-07-23T07:13:23Z
2026-07-23T07:11:55Z,2026-07-23T09:11:55+0200,db3f74e3-4f49-42d6-88b6-ea3283c50514,2026-07-10T08:45:00Z,2026-07-10T10:45:00+0200,47632.442,MW,DE,DE_LU,actual_solar_generation,Solar,2026-07-23T07:13:23Z
2026-07-23T07:11:55Z,2026-07-23T09:11:55+0200,db3f74e3-4f49-42d6-88b6-ea3283c50514,2026-07-10T09:00:00Z,2026-07-10T11:00:00+0200,49812.86,MW,DE,DE_LU,actual_solar_generation,Solar,2026-07-23T07:13:23Z
2026-07-23T07:11:55Z,2026-07-23T09:11:55+0200,db3f74e3-4f49-42d6-88b6-ea3283c50514,2026-07-10T09:15:00Z,2026-07-10T11:15:00+0200,51670.775,MW,DE,DE_LU,actual_solar_generation,Solar,2026-07-23T07:13:23Z
2026-07-23T07:11:55Z,2026-07-23T09:11:55+0200,db3f74e3-4f49-42d6-88b6-ea3283c50514,2026-07-10T09:30:00Z,2026-07-10T11:30:00+0200,53131.755,MW,DE,DE_LU,actual_solar_generation,Solar,2026-07-23T07:13:23Z
2026-07-23T07:11:55Z,2026-07-23T09:11:55+0200,db3f74e3-4f49-42d6-88b6-ea3283c50514,2026-07-10T09:45:00Z,2026-07-10T11:45:00+0200,54665.952,MW,DE,DE_LU,actual_solar_generation,Solar,2026-07-23T07:13:23Z
2026-07-23T07:11:55Z,2026-07-23T09:11:55+0200,db3f74e3-4f49-42d6-88b6-ea3283c50514,2026-07-10T10:00:00Z,2026-07-10T12:00:00+0200,55569.534,MW,DE,DE_LU,actual_solar_generation,Solar,2026-07-23T07:13:23Z
2026-07-23T07:11:55Z,2026-07-23T09:11:55+0200,db3f74e3-4f49-42d6-88b6-ea3283c50514,2026-07-10T10:15:00Z,2026-07-10T12:15:00+0200,56484.082,MW,DE,DE_LU,actual_solar_generation,Solar,2026-07-23T07:13:23Z
2026-07-23T07:11:55Z,2026-07-23T09:11:55+0200,db3f74e3-4f49-42d6-88b6-ea3283c50514,2026-07-10T10:30:00Z,2026-07-10T12:30:00+0200,57085.618,MW,DE,DE_LU,actual_solar_generation,Solar,2026-07-23T07:13:23Z
2026-07-23T07:11:55Z,2026-07-23T09:11:55+0200,db3f74e3-4f49-42d6-88b6-ea3283c50514,2026-07-10T10:45:00Z,2026-07-10T12:45:00+0200,57524.418,MW,DE,DE_LU,actual_solar_generation,Solar,2026-07-23T07:13:23Z
2026-07-23T07:11:55Z,2026-07-23T09:11:55+0200,db3f74e3-4f49-42d6-88b6-ea3283c50514,2026-07-10T11:00:00Z,2026-07-10T13:00:00+0200,57592.215,MW,DE,DE_LU,actual_solar_generation,Solar,2026-07-23T07:13:23Z
2026-07-23T07:11:55Z,2026-07-23T09:11:55+0200,db3f74e3-4f49-42d6-88b6-ea3283c50514,2026-07-10T11:15:00Z,2026-07-10T13:15:00+0200,57519.071,MW,DE,DE_LU,actual_solar_generation,Solar,2026-07-23T07:13:23Z
2026-07-23T07:11:55Z,2026-07-23T09:11:55+0200,db3f74e3-4f49-42d6-88b6-ea3283c50514,2026-07-10T11:30:00Z,2026-07-10T13:30:00+0200,57206.94,MW,DE,DE_LU,actual_solar_generation,Solar,2026-07-23T07:13:23Z
2026-07-23T07:11:55Z,2026-07-23T09:11:55+0200,db3f74e3-4f49-42d6-88b6-ea3283c50514,2026-07-10T11:45:00Z,2026-07-10T13:45:00+0200,56782.685,MW,DE,DE_LU,actual_solar_generation,Solar,2026-07-23T07:13:23Z
2026-07-23T07:11:55Z,2026-07-23T09:11:55+0200,db3f74e3-4f49-42d6-88b6-ea3283c50514,2026-07-10T12:00:00Z,2026-07-10T14:00:00+0200,56318.558,MW,DE,DE_LU,actual_solar_generation,Solar,2026-07-23T07:13:23Z
2026-07-23T07:11:55Z,2026-07-23T09:11:55+0200,db3f74e3-4f49-42d6-88b6-ea3283c50514,2026-07-10T12:15:00Z,2026-07-10T14:15:00+0200,55475.568,MW,DE,DE_LU,actual_solar_generation,Solar,2026-07-23T07:13:23Z
2026-07-23T07:11:55Z,2026-07-23T09:11:55+0200,db3f74e3-4f49-42d6-88b6-ea3283c50514,2026-07-10T12:30:00Z,2026-07-10T14:30:00+0200,54656.994,MW,DE,DE_LU,actual_solar_generation,Solar,2026-07-23T07:13:23Z
2026-07-23T07:11:55Z,2026-07-23T09:11:55+0200,db3f74e3-4f49-42d6-88b6-ea3283c50514,2026-07-10T12:45:00Z,2026-07-10T14:45:00+0200,53598.685,MW,DE,DE_LU,actual_solar_generation,Solar,2026-07-23T07:13:23Z
2026-07-23T07:11:55Z,2026-07-23T09:11:55+0200,db3f74e3-4f49-42d6-88b6-ea3283c50514,2026-07-10T13:00:00Z,2026-07-10T15:00:00+0200,52277.206,MW,DE,DE_LU,actual_solar_generation,Solar,2026-07-23T07:13:23Z
2026-07-23T07:11:55Z,2026-07-23T09:11:55+0200,db3f74e3-4f49-42d6-88b6-ea3283c50514,2026-07-10T13:15:00Z,2026-07-10T15:15:00+0200,50795.676,MW,DE,DE_LU,actual_solar_generation,Solar,2026-07-23T07:13:23Z
2026-07-23T07:11:55Z,2026-07-23T09:11:55+0200,db3f74e3-4f49-42d6-88b6-ea3283c50514,2026-07-10T13:30:00Z,2026-07-10T15:30:00+0200,49322.816,MW,DE,DE_LU,actual_solar_generation,Solar,2026-07-23T07:13:23Z
2026-07-23T07:11:55Z,2026-07-23T09:11:55+0200,db3f74e3-4f49-42d6-88b6-ea3283c50514,2026-07-10T13:45:00Z,2026-07-10T15:45:00+0200,47633.894,MW,DE,DE_LU,actual_solar_generation,Solar,2026-07-23T07:13:23Z
2026-07-23T07:11:55Z,2026-07-23T09:11:55+0200,db3f74e3-4f49-42d6-88b6-ea3283c50514,2026-07-10T14:00:00Z,2026-07-10T16:00:00+0200,46168.748,MW,DE,DE_LU,actual_solar_generation,Solar,2026-07-23T07:13:23Z
2026-07-23T07:11:55Z,2026-07-23T09:11:55+0200,db3f74e3-4f49-42d6-88b6-ea3283c50514,2026-07-10T14:15:00Z,2026-07-10T16:15:00+0200,44183.278,MW,DE,DE_LU,actual_solar_generation,Solar,2026-07-23T07:13:23Z
2026-07-23T07:11:55Z,2026-07-23T09:11:55+0200,db3f74e3-4f49-42d6-88b6-ea3283c50514,2026-07-10T14:30:00Z,2026-07-10T16:30:00+0200,42046.923,MW,DE,DE_LU,actual_solar_generation,Solar,2026-07-23T07:13:23Z
2026-07-23T07:11:55Z,2026-07-23T09:11:55+0200,db3f74e3-4f49-42d6-88b6-ea3283c50514,2026-07-10T14:45:00Z,2026-07-10T16:45:00+0200,39439.851,MW,DE,DE_LU,actual_solar_generation,Solar,2026-07-23T07:13:23Z
2026-07-23T07:11:55Z,2026-07-23T09:11:55+0200,db3f74e3-4f49-42d6-88b6-ea3283c50514,2026-07-10T15:00:00Z,2026-07-10T17:00:00+0200,36841.421,MW,DE,DE_LU,actual_solar_generation,Solar,2026-07-23T07:13:23Z
2026-07-23T07:11:55Z,2026-07-23T09:11:55+0200,db3f74e3-4f49-42d6-88b6-ea3283c50514,2026-07-10T15:15:00Z,2026-07-10T17:15:00+0200,34121.143,MW,DE,DE_LU,actual_solar_generation,Solar,2026-07-23T07:13:23Z
2026-07-23T07:11:55Z,2026-07-23T09:11:55+0200,db3f74e3-4f49-42d6-88b6-ea3283c50514,2026-07-10T15:30:00Z,2026-07-10T17:30:00+0200,31272.182,MW,DE,DE_LU,actual_solar_generation,Solar,2026-07-23T07:13:23Z
2026-07-23T07:11:55Z,2026-07-23T09:11:55+0200,db3f74e3-4f49-42d6-88b6-ea3283c50514,2026-07-10T15:45:00Z,2026-07-10T17:45:00+0200,28344.065,MW,DE,DE_LU,actual_solar_generation,Solar,2026-07-23T07:13:23Z
2026-07-23T07:11:55Z,2026-07-23T09:11:55+0200,db3f74e3-4f49-42d6-88b6-ea3283c50514,2026-07-10T16:00:00Z,2026-07-10T18:00:00+0200,25452.674,MW,DE,DE_LU,actual_solar_generation,Solar,2026-07-23T07:13:23Z
2026-07-23T07:11:55Z,2026-07-23T09:11:55+0200,db3f74e3-4f49-42d6-88b6-ea3283c50514,2026-07-10T16:15:00Z,2026-07-10T18:15:00+0200,22544.674,MW,DE,DE_LU,actual_solar_generation,Solar,2026-07-23T07:13:23Z
2026-07-23T07:11:55Z,2026-07-23T09:11:55+0200,db3f74e3-4f49-42d6-88b6-ea3283c50514,2026-07-10T16:30:00Z,2026-07-10T18:30:00+0200,19488.987,MW,DE,DE_LU,actual_solar_generation,Solar,2026-07-23T07:13:23Z
2026-07-23T07:11:55Z,2026-07-23T09:11:55+0200,db3f74e3-4f49-42d6-88b6-ea3283c50514,2026-07-10T16:45:00Z,2026-07-10T18:45:00+0200,16415.513,MW,DE,DE_LU,actual_solar_generation,Solar,2026-07-23T07:13:23Z
2026-07-23T07:11:55Z,2026-07-23T09:11:55+0200,db3f74e3-4f49-42d6-88b6-ea3283c50514,2026-07-10T17:00:00Z,2026-07-10T19:00:00+0200,13548.709,MW,DE,DE_LU,actual_solar_generation,Solar,2026-07-23T07:13:23Z
2026-07-23T07:11:55Z,2026-07-23T09:11:55+0200,db3f74e3-4f49-42d6-88b6-ea3283c50514,2026-07-10T17:15:00Z,2026-07-10T19:15:00+0200,10904.091,MW,DE,DE_LU,actual_solar_generation,Solar,2026-07-23T07:13:23Z
2026-07-23T07:11:55Z,2026-07-23T09:11:55+0200,db3f74e3-4f49-42d6-88b6-ea3283c50514,2026-07-10T17:30:00Z,2026-07-10T19:30:00+0200,8511.395,MW,DE,DE_LU,actual_solar_generation,Solar,2026-07-23T07:13:23Z
2026-07-23T07:11:55Z,2026-07-23T09:11:55+0200,db3f74e3-4f49-42d6-88b6-ea3283c50514,2026-07-10T17:45:00Z,2026-07-10T19:45:00+0200,6471.89,MW,DE,DE_LU,actual_solar_generation,Solar,2026-07-23T07:13:23Z
2026-07-23T07:11:55Z,2026-07-23T09:11:55+0200,db3f74e3-4f49-42d6-88b6-ea3283c50514,2026-07-10T18:00:00Z,2026-07-10T20:00:00+0200,4750.078,MW,DE,DE_LU,actual_solar_generation,Solar,2026-07-23T07:13:23Z
2026-07-23T07:11:55Z,2026-07-23T09:11:55+0200,db3f74e3-4f49-42d6-88b6-ea3283c50514,2026-07-10T18:15:00Z,2026-07-10T20:15:00+0200,3364.747,MW,DE,DE_LU,actual_solar_generation,Solar,2026-07-23T07:13:23Z
2026-07-23T07:11:55Z,2026-07-23T09:11:55+0200,db3f74e3-4f49-42d6-88b6-ea3283c50514,2026-07-10T18:30:00Z,2026-07-10T20:30:00+0200,2206.658,MW,DE,DE_LU,actual_solar_generation,Solar,2026-07-23T07:13:23Z
2026-07-23T07:11:55Z,2026-07-23T09:11:55+0200,db3f74e3-4f49-42d6-88b6-ea3283c50514,2026-07-10T18:45:00Z,2026-07-10T20:45:00+0200,1283.416,MW,DE,DE_LU,actual_solar_generation,Solar,2026-07-23T07:13:23Z
2026-07-23T07:11:55Z,2026-07-23T09:11:55+0200,db3f74e3-4f49-42d6-88b6-ea3283c50514,2026-07-10T19:00:00Z,2026-07-10T21:00:00+0200,611.594,MW,DE,DE_LU,actual_solar_generation,Solar,2026-07-23T07:13:23Z
2026-07-23T07:11:55Z,2026-07-23T09:11:55+0200,db3f74e3-4f49-42d6-88b6-ea3283c50514,2026-07-10T19:15:00Z,2026-07-10T21:15:00+0200,222.768,MW,DE,DE_LU,actual_solar_generation,Solar,2026-07-23T07:13:23Z
2026-07-23T07:11:55Z,2026-07-23T09:11:55+0200,db3f74e3-4f49-42d6-88b6-ea3283c50514,2026-07-10T19:30:00Z,2026-07-10T21:30:00+0200,51.316,MW,DE,DE_LU,actual_solar_generation,Solar,2026-07-23T07:13:23Z
2026-07-23T07:11:55Z,2026-07-23T09:11:55+0200,db3f74e3-4f49-42d6-88b6-ea3283c50514,2026-07-10T19:45:00Z,2026-07-10T21:45:00+0200,4.217,MW,DE,DE_LU,actual_solar_generation,Solar,2026-07-23T07:13:23Z
2026-07-23T07:11:55Z,2026-07-23T09:11:55+0200,db3f74e3-4f49-42d6-88b6-ea3283c50514,2026-07-10T20:00:00Z,2026-07-10T22:00:00+0200,0.993,MW,DE,DE_LU,actual_solar_generation,Solar,2026-07-23T07:13:23Z
2026-07-23T07:11:55Z,2026-07-23T09:11:55+0200,db3f74e3-4f49-42d6-88b6-ea3283c50514,2026-07-10T20:15:00Z,2026-07-10T22:15:00+0200,0.386,MW,DE,DE_LU,actual_solar_generation,Solar,2026-07-23T07:13:23Z
2026-07-23T07:11:55Z,2026-07-23T09:11:55+0200,db3f74e3-4f49-42d6-88b6-ea3283c50514,2026-07-10T20:30:00Z,2026-07-10T22:30:00+0200,0.25,MW,DE,DE_LU,actual_solar_generation,Solar,2026-07-23T07:13:23Z
2026-07-23T07:11:55Z,2026-07-23T09:11:55+0200,db3f74e3-4f49-42d6-88b6-ea3283c50514,2026-07-10T20:45:00Z,2026-07-10T22:45:00+0200,0.23,MW,DE,DE_LU,actual_solar_generation,Solar,2026-07-23T07:13:23Z
2026-07-23T07:11:55Z,2026-07-23T09:11:55+0200,db3f74e3-4f49-42d6-88b6-ea3283c50514,2026-07-10T21:00:00Z,2026-07-10T23:00:00+0200,0.21,MW,DE,DE_LU,actual_solar_generation,Solar,2026-07-23T07:13:23Z
2026-07-23T07:11:55Z,2026-07-23T09:11:55+0200,db3f74e3-4f49-42d6-88b6-ea3283c50514,2026-07-10T21:15:00Z,2026-07-10T23:15:00+0200,0.176,MW,DE,DE_LU,actual_solar_generation,Solar,2026-07-23T07:13:23Z
2026-07-23T07:11:55Z,2026-07-23T09:11:55+0200,db3f74e3-4f49-42d6-88b6-ea3283c50514,2026-07-10T21:30:00Z,2026-07-10T23:30:00+0200,0.179,MW,DE,DE_LU,actual_solar_generation,Solar,2026-07-23T07:13:23Z
2026-07-23T07:11:55Z,2026-07-23T09:11:55+0200,db3f74e3-4f49-42d6-88b6-ea3283c50514,2026-07-10T21:45:00Z,2026-07-10T23:45:00+0200,0.161,MW,DE,DE_LU,actual_solar_generation,Solar,2026-07-23T07:13:23Z
2026-07-23T07:11:55Z,2026-07-23T09:11:55+0200,db3f74e3-4f49-42d6-88b6-ea3283c50514,2026-07-10T22:00:00Z,2026-07-11T00:00:00+0200,0.137,MW,DE,DE_LU,actual_solar_generation,Solar,2026-07-23T07:13:23Z
2026-07-23T07:11:55Z,2026-07-23T09:11:55+0200,db3f74e3-4f49-42d6-88b6-ea3283c50514,2026-07-10T22:15:00Z,2026-07-11T00:15:00+0200,0.134,MW,DE,DE_LU,actual_solar_generation,Solar,2026-07-23T07:13:23Z
2026-07-23T07:11:55Z,2026-07-23T09:11:55+0200,db3f74e3-4f49-42d6-88b6-ea3283c50514,2026-07-10T22:30:00Z,2026-07-11T00:30:00+0200,0.128,MW,DE,DE_LU,actual_solar_generation,Solar,2026-07-23T07:13:23Z
2026-07-23T07:11:55Z,2026-07-23T09:11:55+0200,db3f74e3-4f49-42d6-88b6-ea3283c50514,2026-07-10T22:45:00Z,2026-07-11T00:45:00+0200,0.112,MW,DE,DE_LU,actual_solar_generation,Solar,2026-07-23T07:13:23Z
2026-07-23T07:11:55Z,2026-07-23T09:11:55+0200,db3f74e3-4f49-42d6-88b6-ea3283c50514,2026-07-10T23:00:00Z,2026-07-11T01:00:00+0200,0.128,MW,DE,DE_LU,actual_solar_generation,Solar,2026-07-23T07:13:23Z
2026-07-23T07:11:55Z,2026-07-23T09:11:55+0200,db3f74e3-4f49-42d6-88b6-ea3283c50514,2026-07-10T23:15:00Z,2026-07-11T01:15:00+0200,0.112,MW,DE,DE_LU,actual_solar_generation,Solar,2026-07-23T07:13:23Z
2026-07-23T07:11:55Z,2026-07-23T09:11:55+0200,db3f74e3-4f49-42d6-88b6-ea3283c50514,2026-07-10T23:30:00Z,2026-07-11T01:30:00+0200,0.108,MW,DE,DE_LU,actual_solar_generation,Solar,2026-07-23T07:13:23Z
2026-07-23T07:11:55Z,2026-07-23T09:11:55+0200,db3f74e3-4f49-42d6-88b6-ea3283c50514,2026-07-10T23:45:00Z,2026-07-11T01:45:00+0200,0.107,MW,DE,DE_LU,actual_solar_generation,Solar,2026-07-23T07:13:23Z
2026-07-23T07:11:55Z,2026-07-23T09:11:55+0200,db3f74e3-4f49-42d6-88b6-ea3283c50514,2026-07-11T00:00:00Z,2026-07-11T02:00:00+0200,0.108,MW,DE,DE_LU,actual_solar_generation,Solar,2026-07-23T07:13:23Z
2026-07-23T07:11:55Z,2026-07-23T09:11:55+0200,db3f74e3-4f49-42d6-88b6-ea3283c50514,2026-07-11T00:15:00Z,2026-07-11T02:15:00+0200,0.104,MW,DE,DE_LU,actual_solar_generation,Solar,2026-07-23T07:13:23Z
2026-07-23T07:11:55Z,2026-07-23T09:11:55+0200,db3f74e3-4f49-42d6-88b6-ea3283c50514,2026-07-11T00:30:00Z,2026-07-11T02:30:00+0200,0.098,MW,DE,DE_LU,actual_solar_generation,Solar,2026-07-23T07:13:23Z
2026-07-23T07:11:55Z,2026-07-23T09:11:55+0200,db3f74e3-4f49-42d6-88b6-ea3283c50514,2026-07-11T00:45:00Z,2026-07-11T02:45:00+0200,0.088,MW,DE,DE_LU,actual_solar_generation,Solar,2026-07-23T07:13:23Z
2026-07-23T07:11:55Z,2026-07-23T09:11:55+0200,db3f74e3-4f49-42d6-88b6-ea3283c50514,2026-07-11T01:00:00Z,2026-07-11T03:00:00+0200,0.074,MW,DE,DE_LU,actual_solar_generation,Solar,2026-07-23T07:13:23Z
2026-07-23T07:11:55Z,2026-07-23T09:11:55+0200,db3f74e3-4f49-42d6-88b6-ea3283c50514,2026-07-11T01:15:00Z,2026-07-11T03:15:00+0200,0.075,MW,DE,DE_LU,actual_solar_generation,Solar,2026-07-23T07:13:23Z
2026-07-23T07:11:55Z,2026-07-23T09:11:55+0200,db3f74e3-4f49-42d6-88b6-ea3283c50514,2026-07-11T01:30:00Z,2026-07-11T03:30:00+0200,0.069,MW,DE,DE_LU,actual_solar_generation,Solar,2026-07-23T07:13:23Z
2026-07-23T07:11:55Z,2026-07-23T09:11:55+0200,db3f74e3-4f49-42d6-88b6-ea3283c50514,2026-07-11T01:45:00Z,2026-07-11T03:45:00+0200,0.074,MW,DE,DE_LU,actual_solar_generation,Solar,2026-07-23T07:13:23Z
2026-07-23T07:11:55Z,2026-07-23T09:11:55+0200,db3f74e3-4f49-42d6-88b6-ea3283c50514,2026-07-11T02:00:00Z,2026-07-11T04:00:00+0200,0.073,MW,DE,DE_LU,actual_solar_generation,Solar,2026-07-23T07:13:23Z
2026-07-23T07:11:55Z,2026-07-23T09:11:55+0200,db3f74e3-4f49-42d6-88b6-ea3283c50514,2026-07-11T02:15:00Z,2026-07-11T04:15:00+0200,0.072,MW,DE,DE_LU,actual_solar_generation,Solar,2026-07-23T07:13:23Z
2026-07-23T07:11:55Z,2026-07-23T09:11:55+0200,db3f74e3-4f49-42d6-88b6-ea3283c50514,2026-07-11T02:30:00Z,2026-07-11T04:30:00+0200,0.463,MW,DE,DE_LU,actual_solar_generation,Solar,2026-07-23T07:13:23Z
2026-07-23T07:11:55Z,2026-07-23T09:11:55+0200,db3f74e3-4f49-42d6-88b6-ea3283c50514,2026-07-11T02:45:00Z,2026-07-11T04:45:00+0200,3.935,MW,DE,DE_LU,actual_solar_generation,Solar,2026-07-23T07:13:23Z
2026-07-23T07:11:55Z,2026-07-23T09:11:55+0200,db3f74e3-4f49-42d6-88b6-ea3283c50514,2026-07-11T03:00:00Z,2026-07-11T05:00:00+0200,30.842,MW,DE,DE_LU,actual_solar_generation,Solar,2026-07-23T07:13:23Z
2026-07-23T07:11:55Z,2026-07-23T09:11:55+0200,db3f74e3-4f49-42d6-88b6-ea3283c50514,2026-07-11T03:15:00Z,2026-07-11T05:15:00+0200,143.531,MW,DE,DE_LU,actual_solar_generation,Solar,2026-07-23T07:13:23Z
2026-07-23T07:11:55Z,2026-07-23T09:11:55+0200,db3f74e3-4f49-42d6-88b6-ea3283c50514,2026-07-11T03:30:00Z,2026-07-11T05:30:00+0200,481.771,MW,DE,DE_LU,actual_solar_generation,Solar,2026-07-23T07:13:23Z
2026-07-23T07:11:55Z,2026-07-23T09:11:55+0200,db3f74e3-4f49-42d6-88b6-ea3283c50514,2026-07-11T03:45:00Z,2026-07-11T05:45:00+0200,1191.185,MW,DE,DE_LU,actual_solar_generation,Solar,2026-07-23T07:13:23Z
2026-07-23T07:11:55Z,2026-07-23T09:11:55+0200,db3f74e3-4f49-42d6-88b6-ea3283c50514,2026-07-11T04:00:00Z,2026-07-11T06:00:00+0200,2166.974,MW,DE,DE_LU,actual_solar_generation,Solar,2026-07-23T07:13:23Z
2026-07-23T07:11:55Z,2026-07-23T09:11:55+0200,db3f74e3-4f49-42d6-88b6-ea3283c50514,2026-07-11T04:15:00Z,2026-07-11T06:15:00+0200,3328.857,MW,DE,DE_LU,actual_solar_generation,Solar,2026-07-23T07:13:23Z
2026-07-23T07:11:55Z,2026-07-23T09:11:55+0200,db3f74e3-4f49-42d6-88b6-ea3283c50514,2026-07-11T04:30:00Z,2026-07-11T06:30:00+0200,4744.53,MW,DE,DE_LU,actual_solar_generation,Solar,2026-07-23T07:13:23Z
2026-07-23T07:11:55Z,2026-07-23T09:11:55+0200,db3f74e3-4f49-42d6-88b6-ea3283c50514,2026-07-11T04:45:00Z,2026-07-11T06:45:00+0200,6419.405,MW,DE,DE_LU,actual_solar_generation,Solar,2026-07-23T07:13:23Z
2026-07-23T07:11:55Z,2026-07-23T09:11:55+0200,db3f74e3-4f49-42d6-88b6-ea3283c50514,2026-07-11T05:00:00Z,2026-07-11T07:00:00+0200,8448.187,MW,DE,DE_LU,actual_solar_generation,Solar,2026-07-23T07:13:23Z
2026-07-23T07:11:55Z,2026-07-23T09:11:55+0200,db3f74e3-4f49-42d6-88b6-ea3283c50514,2026-07-11T05:15:00Z,2026-07-11T07:15:00+0200,10883.406,MW,DE,DE_LU,actual_solar_generation,Solar,2026-07-23T07:13:23Z
2026-07-23T07:11:55Z,2026-07-23T09:11:55+0200,db3f74e3-4f49-42d6-88b6-ea3283c50514,2026-07-11T05:30:00Z,2026-07-11T07:30:00+0200,13718.023,MW,DE,DE_LU,actual_solar_generation,Solar,2026-07-23T07:13:23Z
2026-07-23T07:11:55Z,2026-07-23T09:11:55+0200,db3f74e3-4f49-42d6-88b6-ea3283c50514,2026-07-11T05:45:00Z,2026-07-11T07:45:00+0200,16859.629,MW,DE,DE_LU,actual_solar_generation,Solar,2026-07-23T07:13:23Z
2026-07-23T07:11:55Z,2026-07-23T09:11:55+0200,db3f74e3-4f49-42d6-88b6-ea3283c50514,2026-07-11T06:00:00Z,2026-07-11T08:00:00+0200,20151.94,MW,DE,DE_LU,actual_solar_generation,Solar,2026-07-23T07:13:23Z
2026-07-23T07:11:55Z,2026-07-23T09:11:55+0200,db3f74e3-4f49-42d6-88b6-ea3283c50514,2026-07-11T06:15:00Z,2026-07-11T08:15:00+0200,23530.124,MW,DE,DE_LU,actual_solar_generation,Solar,2026-07-23T07:13:23Z
2026-07-23T07:11:55Z,2026-07-23T09:11:55+0200,db3f74e3-4f49-42d6-88b6-ea3283c50514,2026-07-11T06:30:00Z,2026-07-11T08:30:00+0200,26794.383,MW,DE,DE_LU,actual_solar_generation,Solar,2026-07-23T07:13:23Z
2026-07-23T07:11:55Z,2026-07-23T09:11:55+0200,db3f74e3-4f49-42d6-88b6-ea3283c50514,2026-07-11T06:45:00Z,2026-07-11T08:45:00+0200,30081.999,MW,DE,DE_LU,actual_solar_generation,Solar,2026-07-23T07:13:23Z
2026-07-23T07:11:55Z,2026-07-23T09:11:55+0200,db3f74e3-4f49-42d6-88b6-ea3283c50514,2026-07-11T07:00:00Z,2026-07-11T09:00:00+0200,32931.744,MW,DE,DE_LU,actual_solar_generation,Solar,2026-07-23T07:13:23Z
2026-07-23T07:11:55Z,2026-07-23T09:11:55+0200,db3f74e3-4f49-42d6-88b6-ea3283c50514,2026-07-11T07:15:00Z,2026-07-11T09:15:00+0200,35825.501,MW,DE,DE_LU,actual_solar_generation,Solar,2026-07-23T07:13:23Z
2026-07-23T07:11:55Z,2026-07-23T09:11:55+0200,db3f74e3-4f49-42d6-88b6-ea3283c50514,2026-07-11T07:30:00Z,2026-07-11T09:30:00+0200,38534.721,MW,DE,DE_LU,actual_solar_generation,Solar,2026-07-23T07:13:23Z
2026-07-23T07:11:55Z,2026-07-23T09:11:55+0200,db3f74e3-4f49-42d6-88b6-ea3283c50514,2026-07-11T07:45:00Z,2026-07-11T09:45:00+0200,40808.274,MW,DE,DE_LU,actual_solar_generation,Solar,2026-07-23T07:13:23Z
2026-07-23T07:11:55Z,2026-07-23T09:11:55+0200,db3f74e3-4f49-42d6-88b6-ea3283c50514,2026-07-11T08:00:00Z,2026-07-11T10:00:00+0200,43264.006,MW,DE,DE_LU,actual_solar_generation,Solar,2026-07-23T07:13:23Z
2026-07-23T07:11:55Z,2026-07-23T09:11:55+0200,db3f74e3-4f49-42d6-88b6-ea3283c50514,2026-07-11T08:15:00Z,2026-07-11T10:15:00+0200,45458.012,MW,DE,DE_LU,actual_solar_generation,Solar,2026-07-23T07:13:23Z
2026-07-23T07:11:55Z,2026-07-23T09:11:55+0200,db3f74e3-4f49-42d6-88b6-ea3283c50514,2026-07-11T08:30:00Z,2026-07-11T10:30:00+0200,47556.868,MW,DE,DE_LU,actual_solar_generation,Solar,2026-07-23T07:13:23Z
2026-07-23T07:11:55Z,2026-07-23T09:11:55+0200,db3f74e3-4f49-42d6-88b6-ea3283c50514,2026-07-11T08:45:00Z,2026-07-11T10:45:00+0200,49252.3,MW,DE,DE_LU,actual_solar_generation,Solar,2026-07-23T07:13:23Z
2026-07-23T07:11:55Z,2026-07-23T09:11:55+0200,db3f74e3-4f49-42d6-88b6-ea3283c50514,2026-07-11T09:00:00Z,2026-07-11T11:00:00+0200,50533.279,MW,DE,DE_LU,actual_solar_generation,Solar,2026-07-23T07:13:23Z
2026-07-23T07:11:55Z,2026-07-23T09:11:55+0200,db3f74e3-4f49-42d6-88b6-ea3283c50514,2026-07-11T09:15:00Z,2026-07-11T11:15:00+0200,51873.677,MW,DE,DE_LU,actual_solar_generation,Solar,2026-07-23T07:13:23Z
2026-07-23T07:11:55Z,2026-07-23T09:11:55+0200,db3f74e3-4f49-42d6-88b6-ea3283c50514,2026-07-11T09:30:00Z,2026-07-11T11:30:00+0200,52892.613,MW,DE,DE_LU,actual_solar_generation,Solar,2026-07-23T07:13:23Z
2026-07-23T07:11:55Z,2026-07-23T09:11:55+0200,db3f74e3-4f49-42d6-88b6-ea3283c50514,2026-07-11T09:45:00Z,2026-07-11T11:45:00+0200,53572.968,MW,DE,DE_LU,actual_solar_generation,Solar,2026-07-23T07:13:23Z
2026-07-23T07:11:55Z,2026-07-23T09:11:55+0200,db3f74e3-4f49-42d6-88b6-ea3283c50514,2026-07-11T10:00:00Z,2026-07-11T12:00:00+0200,53627.602,MW,DE,DE_LU,actual_solar_generation,Solar,2026-07-23T07:13:23Z
2026-07-23T07:11:55Z,2026-07-23T09:11:55+0200,db3f74e3-4f49-42d6-88b6-ea3283c50514,2026-07-11T10:15:00Z,2026-07-11T12:15:00+0200,53793.909,MW,DE,DE_LU,actual_solar_generation,Solar,2026-07-23T07:13:23Z
2026-07-23T07:11:55Z,2026-07-23T09:11:55+0200,db3f74e3-4f49-42d6-88b6-ea3283c50514,2026-07-11T10:30:00Z,2026-07-11T12:30:00+0200,53768.722,MW,DE,DE_LU,actual_solar_generation,Solar,2026-07-23T07:13:23Z
2026-07-23T07:11:55Z,2026-07-23T09:11:55+0200,db3f74e3-4f49-42d6-88b6-ea3283c50514,2026-07-11T10:45:00Z,2026-07-11T12:45:00+0200,53693.457,MW,DE,DE_LU,actual_solar_generation,Solar,2026-07-23T07:13:23Z
2026-07-23T07:11:55Z,2026-07-23T09:11:55+0200,db3f74e3-4f49-42d6-88b6-ea3283c50514,2026-07-11T11:00:00Z,2026-07-11T13:00:00+0200,54099.279,MW,DE,DE_LU,actual_solar_generation,Solar,2026-07-23T07:13:23Z
2026-07-23T07:11:55Z,2026-07-23T09:11:55+0200,db3f74e3-4f49-42d6-88b6-ea3283c50514,2026-07-11T11:15:00Z,2026-07-11T13:15:00+0200,53802.352,MW,DE,DE_LU,actual_solar_generation,Solar,2026-07-23T07:13:23Z
2026-07-23T07:11:55Z,2026-07-23T09:11:55+0200,db3f74e3-4f49-42d6-88b6-ea3283c50514,2026-07-11T11:30:00Z,2026-07-11T13:30:00+0200,53233.764,MW,DE,DE_LU,actual_solar_generation,Solar,2026-07-23T07:13:23Z
2026-07-23T07:11:55Z,2026-07-23T09:11:55+0200,db3f74e3-4f49-42d6-88b6-ea3283c50514,2026-07-11T11:45:00Z,2026-07-11T13:45:00+0200,53065.89,MW,DE,DE_LU,actual_solar_generation,Solar,2026-07-23T07:13:23Z
2026-07-23T07:11:55Z,2026-07-23T09:11:55+0200,db3f74e3-4f49-42d6-88b6-ea3283c50514,2026-07-11T12:00:00Z,2026-07-11T14:00:00+0200,52708.032,MW,DE,DE_LU,actual_solar_generation,Solar,2026-07-23T07:13:23Z
2026-07-23T07:11:55Z,2026-07-23T09:11:55+0200,db3f74e3-4f49-42d6-88b6-ea3283c50514,2026-07-11T12:15:00Z,2026-07-11T14:15:00+0200,52044.876,MW,DE,DE_LU,actual_solar_generation,Solar,2026-07-23T07:13:23Z
2026-07-23T07:11:55Z,2026-07-23T09:11:55+0200,db3f74e3-4f49-42d6-88b6-ea3283c50514,2026-07-11T12:30:00Z,2026-07-11T14:30:00+0200,51269.966,MW,DE,DE_LU,actual_solar_generation,Solar,2026-07-23T07:13:23Z
2026-07-23T07:11:55Z,2026-07-23T09:11:55+0200,db3f74e3-4f49-42d6-88b6-ea3283c50514,2026-07-11T12:45:00Z,2026-07-11T14:45:00+0200,50332.788,MW,DE,DE_LU,actual_solar_generation,Solar,2026-07-23T07:13:23Z
2026-07-23T07:11:55Z,2026-07-23T09:11:55+0200,db3f74e3-4f49-42d6-88b6-ea3283c50514,2026-07-11T13:00:00Z,2026-07-11T15:00:00+0200,48995.397,MW,DE,DE_LU,actual_solar_generation,Solar,2026-07-23T07:13:23Z
2026-07-23T07:11:55Z,2026-07-23T09:11:55+0200,db3f74e3-4f49-42d6-88b6-ea3283c50514,2026-07-11T13:15:00Z,2026-07-11T15:15:00+0200,47873.734,MW,DE,DE_LU,actual_solar_generation,Solar,2026-07-23T07:13:23Z
2026-07-23T07:11:55Z,2026-07-23T09:11:55+0200,db3f74e3-4f49-42d6-88b6-ea3283c50514,2026-07-11T13:30:00Z,2026-07-11T15:30:00+0200,46615.564,MW,DE,DE_LU,actual_solar_generation,Solar,2026-07-23T07:13:23Z
2026-07-23T07:11:55Z,2026-07-23T09:11:55+0200,db3f74e3-4f49-42d6-88b6-ea3283c50514,2026-07-11T13:45:00Z,2026-07-11T15:45:00+0200,44420.035,MW,DE,DE_LU,actual_solar_generation,Solar,2026-07-23T07:13:23Z
2026-07-23T07:11:55Z,2026-07-23T09:11:55+0200,db3f74e3-4f49-42d6-88b6-ea3283c50514,2026-07-11T14:00:00Z,2026-07-11T16:00:00+0200,43603.666,MW,DE,DE_LU,actual_solar_generation,Solar,2026-07-23T07:13:23Z
2026-07-23T07:11:55Z,2026-07-23T09:11:55+0200,db3f74e3-4f49-42d6-88b6-ea3283c50514,2026-07-11T14:15:00Z,2026-07-11T16:15:00+0200,41832.206,MW,DE,DE_LU,actual_solar_generation,Solar,2026-07-23T07:13:23Z
2026-07-23T07:11:55Z,2026-07-23T09:11:55+0200,db3f74e3-4f49-42d6-88b6-ea3283c50514,2026-07-11T14:30:00Z,2026-07-11T16:30:00+0200,40345.158,MW,DE,DE_LU,actual_solar_generation,Solar,2026-07-23T07:13:23Z
2026-07-23T07:11:55Z,2026-07-23T09:11:55+0200,db3f74e3-4f49-42d6-88b6-ea3283c50514,2026-07-11T14:45:00Z,2026-07-11T16:45:00+0200,38745.942,MW,DE,DE_LU,actual_solar_generation,Solar,2026-07-23T07:13:23Z
2026-07-23T07:11:55Z,2026-07-23T09:11:55+0200,db3f74e3-4f49-42d6-88b6-ea3283c50514,2026-07-11T15:00:00Z,2026-07-11T17:00:00+0200,36380.405,MW,DE,DE_LU,actual_solar_generation,Solar,2026-07-23T07:13:23Z
2026-07-23T07:11:55Z,2026-07-23T09:11:55+0200,db3f74e3-4f49-42d6-88b6-ea3283c50514,2026-07-11T15:15:00Z,2026-07-11T17:15:00+0200,34149.436,MW,DE,DE_LU,actual_solar_generation,Solar,2026-07-23T07:13:23Z
2026-07-23T07:11:55Z,2026-07-23T09:11:55+0200,db3f74e3-4f49-42d6-88b6-ea3283c50514,2026-07-11T15:30:00Z,2026-07-11T17:30:00+0200,31468.795,MW,DE,DE_LU,actual_solar_generation,Solar,2026-07-23T07:13:23Z
2026-07-23T07:11:55Z,2026-07-23T09:11:55+0200,db3f74e3-4f49-42d6-88b6-ea3283c50514,2026-07-11T15:45:00Z,2026-07-11T17:45:00+0200,28778.733,MW,DE,DE_LU,actual_solar_generation,Solar,2026-07-23T07:13:23Z
2026-07-23T07:11:55Z,2026-07-23T09:11:55+0200,db3f74e3-4f49-42d6-88b6-ea3283c50514,2026-07-11T16:00:00Z,2026-07-11T18:00:00+0200,25917.818,MW,DE,DE_LU,actual_solar_generation,Solar,2026-07-23T07:13:23Z
2026-07-23T07:11:55Z,2026-07-23T09:11:55+0200,db3f74e3-4f49-42d6-88b6-ea3283c50514,2026-07-11T16:15:00Z,2026-07-11T18:15:00+0200,23124.906,MW,DE,DE_LU,actual_solar_generation,Solar,2026-07-23T07:13:23Z
2026-07-23T07:11:55Z,2026-07-23T09:11:55+0200,db3f74e3-4f49-42d6-88b6-ea3283c50514,2026-07-11T16:30:00Z,2026-07-11T18:30:00+0200,19961.209,MW,DE,DE_LU,actual_solar_generation,Solar,2026-07-23T07:13:23Z
2026-07-23T07:11:55Z,2026-07-23T09:11:55+0200,db3f74e3-4f49-42d6-88b6-ea3283c50514,2026-07-11T16:45:00Z,2026-07-11T18:45:00+0200,16721.054,MW,DE,DE_LU,actual_solar_generation,Solar,2026-07-23T07:13:23Z
2026-07-23T07:11:55Z,2026-07-23T09:11:55+0200,db3f74e3-4f49-42d6-88b6-ea3283c50514,2026-07-11T17:00:00Z,2026-07-11T19:00:00+0200,13685.053,MW,DE,DE_LU,actual_solar_generation,Solar,2026-07-23T07:13:23Z
2026-07-23T07:11:55Z,2026-07-23T09:11:55+0200,db3f74e3-4f49-42d6-88b6-ea3283c50514,2026-07-11T17:15:00Z,2026-07-11T19:15:00+0200,10900.842,MW,DE,DE_LU,actual_solar_generation,Solar,2026-07-23T07:13:23Z
2026-07-23T07:11:55Z,2026-07-23T09:11:55+0200,db3f74e3-4f49-42d6-88b6-ea3283c50514,2026-07-11T17:30:00Z,2026-07-11T19:30:00+0200,8387.178,MW,DE,DE_LU,actual_solar_generation,Solar,2026-07-23T07:13:23Z
2026-07-23T07:11:55Z,2026-07-23T09:11:55+0200,db3f74e3-4f49-42d6-88b6-ea3283c50514,2026-07-11T17:45:00Z,2026-07-11T19:45:00+0200,6315.713,MW,DE,DE_LU,actual_solar_generation,Solar,2026-07-23T07:13:23Z
2026-07-23T07:11:55Z,2026-07-23T09:11:55+0200,db3f74e3-4f49-42d6-88b6-ea3283c50514,2026-07-11T18:00:00Z,2026-07-11T20:00:00+0200,4633.521,MW,DE,DE_LU,actual_solar_generation,Solar,2026-07-23T07:13:23Z
2026-07-23T07:11:55Z,2026-07-23T09:11:55+0200,db3f74e3-4f49-42d6-88b6-ea3283c50514,2026-07-11T18:15:00Z,2026-07-11T20:15:00+0200,3269.728,MW,DE,DE_LU,actual_solar_generation,Solar,2026-07-23T07:13:23Z
2026-07-23T07:11:55Z,2026-07-23T09:11:55+0200,db3f74e3-4f49-42d6-88b6-ea3283c50514,2026-07-11T18:30:00Z,2026-07-11T20:30:00+0200,2139.001,MW,DE,DE_LU,actual_solar_generation,Solar,2026-07-23T07:13:23Z
2026-07-23T07:11:55Z,2026-07-23T09:11:55+0200,db3f74e3-4f49-42d6-88b6-ea3283c50514,2026-07-11T18:45:00Z,2026-07-11T20:45:00+0200,1239.281,MW,DE,DE_LU,actual_solar_generation,Solar,2026-07-23T07:13:23Z
2026-07-23T07:11:55Z,2026-07-23T09:11:55+0200,db3f74e3-4f49-42d6-88b6-ea3283c50514,2026-07-11T19:00:00Z,2026-07-11T21:00:00+0200,578.123,MW,DE,DE_LU,actual_solar_generation,Solar,2026-07-23T07:13:23Z
2026-07-23T07:11:55Z,2026-07-23T09:11:55+0200,db3f74e3-4f49-42d6-88b6-ea3283c50514,2026-07-11T19:15:00Z,2026-07-11T21:15:00+0200,196.06,MW,DE,DE_LU,actual_solar_generation,Solar,2026-07-23T07:13:23Z
2026-07-23T07:11:55Z,2026-07-23T09:11:55+0200,db3f74e3-4f49-42d6-88b6-ea3283c50514,2026-07-11T19:30:00Z,2026-07-11T21:30:00+0200,41.637,MW,DE,DE_LU,actual_solar_generation,Solar,2026-07-23T07:13:23Z
2026-07-23T07:11:55Z,2026-07-23T09:11:55+0200,db3f74e3-4f49-42d6-88b6-ea3283c50514,2026-07-11T19:45:00Z,2026-07-11T21:45:00+0200,3.197,MW,DE,DE_LU,actual_solar_generation,Solar,2026-07-23T07:13:23Z
2026-07-23T07:11:55Z,2026-07-23T09:11:55+0200,db3f74e3-4f49-42d6-88b6-ea3283c50514,2026-07-11T20:00:00Z,2026-07-11T22:00:00+0200,0.945,MW,DE,DE_LU,actual_solar_generation,Solar,2026-07-23T07:13:23Z
2026-07-23T07:11:55Z,2026-07-23T09:11:55+0200,db3f74e3-4f49-42d6-88b6-ea3283c50514,2026-07-11T20:15:00Z,2026-07-11T22:15:00+0200,0.323,MW,DE,DE_LU,actual_solar_generation,Solar,2026-07-23T07:13:23Z
2026-07-23T07:11:55Z,2026-07-23T09:11:55+0200,db3f74e3-4f49-42d6-88b6-ea3283c50514,2026-07-11T20:30:00Z,2026-07-11T22:30:00+0200,0.233,MW,DE,DE_LU,actual_solar_generation,Solar,2026-07-23T07:13:23Z
2026-07-23T07:11:55Z,2026-07-23T09:11:55+0200,db3f74e3-4f49-42d6-88b6-ea3283c50514,2026-07-11T20:45:00Z,2026-07-11T22:45:00+0200,0.212,MW,DE,DE_LU,actual_solar_generation,Solar,2026-07-23T07:13:23Z
2026-07-23T07:11:55Z,2026-07-23T09:11:55+0200,db3f74e3-4f49-42d6-88b6-ea3283c50514,2026-07-11T21:00:00Z,2026-07-11T23:00:00+0200,0.205,MW,DE,DE_LU,actual_solar_generation,Solar,2026-07-23T07:13:23Z
2026-07-23T07:11:55Z,2026-07-23T09:11:55+0200,db3f74e3-4f49-42d6-88b6-ea3283c50514,2026-07-11T21:15:00Z,2026-07-11T23:15:00+0200,0.186,MW,DE,DE_LU,actual_solar_generation,Solar,2026-07-23T07:13:23Z
2026-07-23T07:11:55Z,2026-07-23T09:11:55+0200,db3f74e3-4f49-42d6-88b6-ea3283c50514,2026-07-11T21:30:00Z,2026-07-11T23:30:00+0200,0.189,MW,DE,DE_LU,actual_solar_generation,Solar,2026-07-23T07:13:23Z
2026-07-23T07:11:55Z,2026-07-23T09:11:55+0200,db3f74e3-4f49-42d6-88b6-ea3283c50514,2026-07-11T21:45:00Z,2026-07-11T23:45:00+0200,0.169,MW,DE,DE_LU,actual_solar_generation,Solar,2026-07-23T07:13:23Z
2026-07-23T07:11:55Z,2026-07-23T09:11:55+0200,db3f74e3-4f49-42d6-88b6-ea3283c50514,2026-07-11T22:00:00Z,2026-07-12T00:00:00+0200,0.148,MW,DE,DE_LU,actual_solar_generation,Solar,2026-07-23T07:13:23Z
2026-07-23T07:11:55Z,2026-07-23T09:11:55+0200,db3f74e3-4f49-42d6-88b6-ea3283c50514,2026-07-11T22:15:00Z,2026-07-12T00:15:00+0200,0.13,MW,DE,DE_LU,actual_solar_generation,Solar,2026-07-23T07:13:23Z
2026-07-23T07:11:55Z,2026-07-23T09:11:55+0200,db3f74e3-4f49-42d6-88b6-ea3283c50514,2026-07-11T22:30:00Z,2026-07-12T00:30:00+0200,0.115,MW,DE,DE_LU,actual_solar_generation,Solar,2026-07-23T07:13:23Z
2026-07-23T07:11:55Z,2026-07-23T09:11:55+0200,db3f74e3-4f49-42d6-88b6-ea3283c50514,2026-07-11T22:45:00Z,2026-07-12T00:45:00+0200,0.109,MW,DE,DE_LU,actual_solar_generation,Solar,2026-07-23T07:13:23Z
2026-07-23T07:11:55Z,2026-07-23T09:11:55+0200,db3f74e3-4f49-42d6-88b6-ea3283c50514,2026-07-11T23:00:00Z,2026-07-12T01:00:00+0200,0.12,MW,DE,DE_LU,actual_solar_generation,Solar,2026-07-23T07:13:23Z
2026-07-23T07:11:55Z,2026-07-23T09:11:55+0200,db3f74e3-4f49-42d6-88b6-ea3283c50514,2026-07-11T23:15:00Z,2026-07-12T01:15:00+0200,0.122,MW,DE,DE_LU,actual_solar_generation,Solar,2026-07-23T07:13:23Z
2026-07-23T07:11:55Z,2026-07-23T09:11:55+0200,db3f74e3-4f49-42d6-88b6-ea3283c50514,2026-07-11T23:30:00Z,2026-07-12T01:30:00+0200,0.108,MW,DE,DE_LU,actual_solar_generation,Solar,2026-07-23T07:13:23Z
2026-07-23T07:11:55Z,2026-07-23T09:11:55+0200,db3f74e3-4f49-42d6-88b6-ea3283c50514,2026-07-11T23:45:00Z,2026-07-12T01:45:00+0200,0.095,MW,DE,DE_LU,actual_solar_generation,Solar,2026-07-23T07:13:23Z
2026-07-23T07:11:55Z,2026-07-23T09:11:55+0200,db3f74e3-4f49-42d6-88b6-ea3283c50514,2026-07-12T00:00:00Z,2026-07-12T02:00:00+0200,0.102,MW,DE,DE_LU,actual_solar_generation,Solar,2026-07-23T07:13:23Z
2026-07-23T07:11:55Z,2026-07-23T09:11:55+0200,db3f74e3-4f49-42d6-88b6-ea3283c50514,2026-07-12T00:15:00Z,2026-07-12T02:15:00+0200,0.104,MW,DE,DE_LU,actual_solar_generation,Solar,2026-07-23T07:13:23Z
2026-07-23T07:11:55Z,2026-07-23T09:11:55+0200,db3f74e3-4f49-42d6-88b6-ea3283c50514,2026-07-12T00:30:00Z,2026-07-12T02:30:00+0200,0.088,MW,DE,DE_LU,actual_solar_generation,Solar,2026-07-23T07:13:23Z
2026-07-23T07:11:55Z,2026-07-23T09:11:55+0200,db3f74e3-4f49-42d6-88b6-ea3283c50514,2026-07-12T00:45:00Z,2026-07-12T02:45:00+0200,0.09,MW,DE,DE_LU,actual_solar_generation,Solar,2026-07-23T07:13:23Z
2026-07-23T07:11:55Z,2026-07-23T09:11:55+0200,db3f74e3-4f49-42d6-88b6-ea3283c50514,2026-07-12T01:00:00Z,2026-07-12T03:00:00+0200,0.076,MW,DE,DE_LU,actual_solar_generation,Solar,2026-07-23T07:13:23Z
2026-07-23T07:11:55Z,2026-07-23T09:11:55+0200,db3f74e3-4f49-42d6-88b6-ea3283c50514,2026-07-12T01:15:00Z,2026-07-12T03:15:00+0200,0.075,MW,DE,DE_LU,actual_solar_generation,Solar,2026-07-23T07:13:23Z
2026-07-23T07:11:55Z,2026-07-23T09:11:55+0200,db3f74e3-4f49-42d6-88b6-ea3283c50514,2026-07-12T01:30:00Z,2026-07-12T03:30:00+0200,0.072,MW,DE,DE_LU,actual_solar_generation,Solar,2026-07-23T07:13:23Z
2026-07-23T07:11:55Z,2026-07-23T09:11:55+0200,db3f74e3-4f49-42d6-88b6-ea3283c50514,2026-07-12T01:45:00Z,2026-07-12T03:45:00+0200,0.082,MW,DE,DE_LU,actual_solar_generation,Solar,2026-07-23T07:13:23Z
2026-07-23T07:11:55Z,2026-07-23T09:11:55+0200,db3f74e3-4f49-42d6-88b6-ea3283c50514,2026-07-12T02:00:00Z,2026-07-12T04:00:00+0200,0.087,MW,DE,DE_LU,actual_solar_generation,Solar,2026-07-23T07:13:23Z
2026-07-23T07:11:55Z,2026-07-23T09:11:55+0200,db3f74e3-4f49-42d6-88b6-ea3283c50514,2026-07-12T02:15:00Z,2026-07-12T04:15:00+0200,0.073,MW,DE,DE_LU,actual_solar_generation,Solar,2026-07-23T07:13:23Z
2026-07-23T07:11:55Z,2026-07-23T09:11:55+0200,db3f74e3-4f49-42d6-88b6-ea3283c50514,2026-07-12T02:30:00Z,2026-07-12T04:30:00+0200,0.1,MW,DE,DE_LU,actual_solar_generation,Solar,2026-07-23T07:13:23Z
2026-07-23T07:11:55Z,2026-07-23T09:11:55+0200,db3f74e3-4f49-42d6-88b6-ea3283c50514,2026-07-12T02:45:00Z,2026-07-12T04:45:00+0200,1.302,MW,DE,DE_LU,actual_solar_generation,Solar,2026-07-23T07:13:23Z
2026-07-23T07:11:55Z,2026-07-23T09:11:55+0200,db3f74e3-4f49-42d6-88b6-ea3283c50514,2026-07-12T03:00:00Z,2026-07-12T05:00:00+0200,14.535,MW,DE,DE_LU,actual_solar_generation,Solar,2026-07-23T07:13:23Z
2026-07-23T07:11:55Z,2026-07-23T09:11:55+0200,db3f74e3-4f49-42d6-88b6-ea3283c50514,2026-07-12T03:15:00Z,2026-07-12T05:15:00+0200,89.98,MW,DE,DE_LU,actual_solar_generation,Solar,2026-07-23T07:13:23Z
2026-07-23T07:11:55Z,2026-07-23T09:11:55+0200,db3f74e3-4f49-42d6-88b6-ea3283c50514,2026-07-12T03:30:00Z,2026-07-12T05:30:00+0200,358.766,MW,DE,DE_LU,actual_solar_generation,Solar,2026-07-23T07:13:23Z
2026-07-23T07:11:55Z,2026-07-23T09:11:55+0200,db3f74e3-4f49-42d6-88b6-ea3283c50514,2026-07-12T03:45:00Z,2026-07-12T05:45:00+0200,1028.034,MW,DE,DE_LU,actual_solar_generation,Solar,2026-07-23T07:13:23Z
2026-07-23T07:11:55Z,2026-07-23T09:11:55+0200,db3f74e3-4f49-42d6-88b6-ea3283c50514,2026-07-12T04:00:00Z,2026-07-12T06:00:00+0200,1943.051,MW,DE,DE_LU,actual_solar_generation,Solar,2026-07-23T07:13:23Z
2026-07-23T07:11:55Z,2026-07-23T09:11:55+0200,db3f74e3-4f49-42d6-88b6-ea3283c50514,2026-07-12T04:15:00Z,2026-07-12T06:15:00+0200,3076.228,MW,DE,DE_LU,actual_solar_generation,Solar,2026-07-23T07:13:23Z
2026-07-23T07:11:55Z,2026-07-23T09:11:55+0200,db3f74e3-4f49-42d6-88b6-ea3283c50514,2026-07-12T04:30:00Z,2026-07-12T06:30:00+0200,4421.058,MW,DE,DE_LU,actual_solar_generation,Solar,2026-07-23T07:13:23Z
2026-07-23T07:11:55Z,2026-07-23T09:11:55+0200,db3f74e3-4f49-42d6-88b6-ea3283c50514,2026-07-12T04:45:00Z,2026-07-12T06:45:00+0200,6061.552,MW,DE,DE_LU,actual_solar_generation,Solar,2026-07-23T07:13:23Z
2026-07-23T07:11:55Z,2026-07-23T09:11:55+0200,db3f74e3-4f49-42d6-88b6-ea3283c50514,2026-07-12T05:00:00Z,2026-07-12T07:00:00+0200,8071.862,MW,DE,DE_LU,actual_solar_generation,Solar,2026-07-23T07:13:23Z
2026-07-23T07:11:55Z,2026-07-23T09:11:55+0200,db3f74e3-4f49-42d6-88b6-ea3283c50514,2026-07-12T05:15:00Z,2026-07-12T07:15:00+0200,10449.897,MW,DE,DE_LU,actual_solar_generation,Solar,2026-07-23T07:13:23Z
2026-07-23T07:11:55Z,2026-07-23T09:11:55+0200,db3f74e3-4f49-42d6-88b6-ea3283c50514,2026-07-12T05:30:00Z,2026-07-12T07:30:00+0200,13328.156,MW,DE,DE_LU,actual_solar_generation,Solar,2026-07-23T07:13:23Z
2026-07-23T07:11:55Z,2026-07-23T09:11:55+0200,db3f74e3-4f49-42d6-88b6-ea3283c50514,2026-07-12T05:45:00Z,2026-07-12T07:45:00+0200,16504.859,MW,DE,DE_LU,actual_solar_generation,Solar,2026-07-23T07:13:23Z
2026-07-23T07:11:55Z,2026-07-23T09:11:55+0200,db3f74e3-4f49-42d6-88b6-ea3283c50514,2026-07-12T06:00:00Z,2026-07-12T08:00:00+0200,19884.313,MW,DE,DE_LU,actual_solar_generation,Solar,2026-07-23T07:13:23Z
2026-07-23T07:11:55Z,2026-07-23T09:11:55+0200,db3f74e3-4f49-42d6-88b6-ea3283c50514,2026-07-12T06:15:00Z,2026-07-12T08:15:00+0200,23344.185,MW,DE,DE_LU,actual_solar_generation,Solar,2026-07-23T07:13:23Z
2026-07-23T07:11:55Z,2026-07-23T09:11:55+0200,db3f74e3-4f49-42d6-88b6-ea3283c50514,2026-07-12T06:30:00Z,2026-07-12T08:30:00+0200,26667.665,MW,DE,DE_LU,actual_solar_generation,Solar,2026-07-23T07:13:23Z
2026-07-23T07:11:55Z,2026-07-23T09:11:55+0200,db3f74e3-4f49-42d6-88b6-ea3283c50514,2026-07-12T06:45:00Z,2026-07-12T08:45:00+0200,29895.914,MW,DE,DE_LU,actual_solar_generation,Solar,2026-07-23T07:13:23Z
2026-07-23T07:11:55Z,2026-07-23T09:11:55+0200,db3f74e3-4f49-42d6-88b6-ea3283c50514,2026-07-12T07:00:00Z,2026-07-12T09:00:00+0200,32525.447,MW,DE,DE_LU,actual_solar_generation,Solar,2026-07-23T07:13:23Z
2026-07-23T07:11:55Z,2026-07-23T09:11:55+0200,db3f74e3-4f49-42d6-88b6-ea3283c50514,2026-07-12T07:15:00Z,2026-07-12T09:15:00+0200,35167.263,MW,DE,DE_LU,actual_solar_generation,Solar,2026-07-23T07:13:23Z
2026-07-23T07:11:55Z,2026-07-23T09:11:55+0200,db3f74e3-4f49-42d6-88b6-ea3283c50514,2026-07-12T07:30:00Z,2026-07-12T09:30:00+0200,37632.249,MW,DE,DE_LU,actual_solar_generation,Solar,2026-07-23T07:13:23Z
2026-07-23T07:11:55Z,2026-07-23T09:11:55+0200,db3f74e3-4f49-42d6-88b6-ea3283c50514,2026-07-12T07:45:00Z,2026-07-12T09:45:00+0200,39899.558,MW,DE,DE_LU,actual_solar_generation,Solar,2026-07-23T07:13:23Z
2026-07-23T07:11:55Z,2026-07-23T09:11:55+0200,db3f74e3-4f49-42d6-88b6-ea3283c50514,2026-07-12T08:00:00Z,2026-07-12T10:00:00+0200,40735.313,MW,DE,DE_LU,actual_solar_generation,Solar,2026-07-23T07:13:23Z
2026-07-23T07:11:55Z,2026-07-23T09:11:55+0200,db3f74e3-4f49-42d6-88b6-ea3283c50514,2026-07-12T08:15:00Z,2026-07-12T10:15:00+0200,42208.31,MW,DE,DE_LU,actual_solar_generation,Solar,2026-07-23T07:13:23Z
2026-07-23T07:11:55Z,2026-07-23T09:11:55+0200,db3f74e3-4f49-42d6-88b6-ea3283c50514,2026-07-12T08:30:00Z,2026-07-12T10:30:00+0200,43824.619,MW,DE,DE_LU,actual_solar_generation,Solar,2026-07-23T07:13:23Z
2026-07-23T07:11:55Z,2026-07-23T09:11:55+0200,db3f74e3-4f49-42d6-88b6-ea3283c50514,2026-07-12T08:45:00Z,2026-07-12T10:45:00+0200,44688.183,MW,DE,DE_LU,actual_solar_generation,Solar,2026-07-23T07:13:23Z
2026-07-23T07:11:55Z,2026-07-23T09:11:55+0200,db3f74e3-4f49-42d6-88b6-ea3283c50514,2026-07-12T09:00:00Z,2026-07-12T11:00:00+0200,45732.647,MW,DE,DE_LU,actual_solar_generation,Solar,2026-07-23T07:13:23Z
2026-07-23T07:11:55Z,2026-07-23T09:11:55+0200,db3f74e3-4f49-42d6-88b6-ea3283c50514,2026-07-12T09:15:00Z,2026-07-12T11:15:00+0200,46279.675,MW,DE,DE_LU,actual_solar_generation,Solar,2026-07-23T07:13:23Z
2026-07-23T07:11:55Z,2026-07-23T09:11:55+0200,db3f74e3-4f49-42d6-88b6-ea3283c50514,2026-07-12T09:30:00Z,2026-07-12T11:30:00+0200,47263.526,MW,DE,DE_LU,actual_solar_generation,Solar,2026-07-23T07:13:23Z
2026-07-23T07:11:55Z,2026-07-23T09:11:55+0200,db3f74e3-4f49-42d6-88b6-ea3283c50514,2026-07-12T09:45:00Z,2026-07-12T11:45:00+0200,47700.003,MW,DE,DE_LU,actual_solar_generation,Solar,2026-07-23T07:13:23Z
2026-07-23T07:11:55Z,2026-07-23T09:11:55+0200,db3f74e3-4f49-42d6-88b6-ea3283c50514,2026-07-12T10:00:00Z,2026-07-12T12:00:00+0200,48178.459,MW,DE,DE_LU,actual_solar_generation,Solar,2026-07-23T07:13:23Z
2026-07-23T07:11:55Z,2026-07-23T09:11:55+0200,db3f74e3-4f49-42d6-88b6-ea3283c50514,2026-07-12T10:15:00Z,2026-07-12T12:15:00+0200,48573.635,MW,DE,DE_LU,actual_solar_generation,Solar,2026-07-23T07:13:23Z
2026-07-23T07:11:55Z,2026-07-23T09:11:55+0200,db3f74e3-4f49-42d6-88b6-ea3283c50514,2026-07-12T10:30:00Z,2026-07-12T12:30:00+0200,48701.474,MW,DE,DE_LU,actual_solar_generation,Solar,2026-07-23T07:13:23Z
2026-07-23T07:11:55Z,2026-07-23T09:11:55+0200,db3f74e3-4f49-42d6-88b6-ea3283c50514,2026-07-12T10:45:00Z,2026-07-12T12:45:00+0200,48667.119,MW,DE,DE_LU,actual_solar_generation,Solar,2026-07-23T07:13:23Z
2026-07-23T07:11:55Z,2026-07-23T09:11:55+0200,db3f74e3-4f49-42d6-88b6-ea3283c50514,2026-07-12T11:00:00Z,2026-07-12T13:00:00+0200,49047.719,MW,DE,DE_LU,actual_solar_generation,Solar,2026-07-23T07:13:23Z
2026-07-23T07:11:55Z,2026-07-23T09:11:55+0200,db3f74e3-4f49-42d6-88b6-ea3283c50514,2026-07-12T11:15:00Z,2026-07-12T13:15:00+0200,48655.42,MW,DE,DE_LU,actual_solar_generation,Solar,2026-07-23T07:13:23Z
2026-07-23T07:11:55Z,2026-07-23T09:11:55+0200,db3f74e3-4f49-42d6-88b6-ea3283c50514,2026-07-12T11:30:00Z,2026-07-12T13:30:00+0200,48305.506,MW,DE,DE_LU,actual_solar_generation,Solar,2026-07-23T07:13:23Z
2026-07-23T07:11:55Z,2026-07-23T09:11:55+0200,db3f74e3-4f49-42d6-88b6-ea3283c50514,2026-07-12T11:45:00Z,2026-07-12T13:45:00+0200,47975.554,MW,DE,DE_LU,actual_solar_generation,Solar,2026-07-23T07:13:23Z
2026-07-23T07:11:55Z,2026-07-23T09:11:55+0200,db3f74e3-4f49-42d6-88b6-ea3283c50514,2026-07-12T12:00:00Z,2026-07-12T14:00:00+0200,47949.583,MW,DE,DE_LU,actual_solar_generation,Solar,2026-07-23T07:13:23Z
2026-07-23T07:11:55Z,2026-07-23T09:11:55+0200,db3f74e3-4f49-42d6-88b6-ea3283c50514,2026-07-12T12:15:00Z,2026-07-12T14:15:00+0200,47389.736,MW,DE,DE_LU,actual_solar_generation,Solar,2026-07-23T07:13:23Z
2026-07-23T07:11:55Z,2026-07-23T09:11:55+0200,db3f74e3-4f49-42d6-88b6-ea3283c50514,2026-07-12T12:30:00Z,2026-07-12T14:30:00+0200,47055.164,MW,DE,DE_LU,actual_solar_generation,Solar,2026-07-23T07:13:23Z
2026-07-23T07:11:55Z,2026-07-23T09:11:55+0200,db3f74e3-4f49-42d6-88b6-ea3283c50514,2026-07-12T12:45:00Z,2026-07-12T14:45:00+0200,46603.2,MW,DE,DE_LU,actual_solar_generation,Solar,2026-07-23T07:13:23Z
2026-07-23T07:11:55Z,2026-07-23T09:11:55+0200,db3f74e3-4f49-42d6-88b6-ea3283c50514,2026-07-12T13:00:00Z,2026-07-12T15:00:00+0200,45197.034,MW,DE,DE_LU,actual_solar_generation,Solar,2026-07-23T07:13:23Z
2026-07-23T07:11:55Z,2026-07-23T09:11:55+0200,db3f74e3-4f49-42d6-88b6-ea3283c50514,2026-07-12T13:15:00Z,2026-07-12T15:15:00+0200,43922.319,MW,DE,DE_LU,actual_solar_generation,Solar,2026-07-23T07:13:23Z
2026-07-23T07:11:55Z,2026-07-23T09:11:55+0200,db3f74e3-4f49-42d6-88b6-ea3283c50514,2026-07-12T13:30:00Z,2026-07-12T15:30:00+0200,42817.464,MW,DE,DE_LU,actual_solar_generation,Solar,2026-07-23T07:13:23Z
2026-07-23T07:11:55Z,2026-07-23T09:11:55+0200,db3f74e3-4f49-42d6-88b6-ea3283c50514,2026-07-12T13:45:00Z,2026-07-12T15:45:00+0200,41504.434,MW,DE,DE_LU,actual_solar_generation,Solar,2026-07-23T07:13:23Z
2026-07-23T07:11:55Z,2026-07-23T09:11:55+0200,db3f74e3-4f49-42d6-88b6-ea3283c50514,2026-07-12T14:00:00Z,2026-07-12T16:00:00+0200,40935.077,MW,DE,DE_LU,actual_solar_generation,Solar,2026-07-23T07:13:23Z
2026-07-23T07:11:55Z,2026-07-23T09:11:55+0200,db3f74e3-4f49-42d6-88b6-ea3283c50514,2026-07-12T14:15:00Z,2026-07-12T16:15:00+0200,39066.161,MW,DE,DE_LU,actual_solar_generation,Solar,2026-07-23T07:13:23Z
2026-07-23T07:11:55Z,2026-07-23T09:11:55+0200,db3f74e3-4f49-42d6-88b6-ea3283c50514,2026-07-12T14:30:00Z,2026-07-12T16:30:00+0200,37163.539,MW,DE,DE_LU,actual_solar_generation,Solar,2026-07-23T07:13:23Z
2026-07-23T07:11:55Z,2026-07-23T09:11:55+0200,db3f74e3-4f49-42d6-88b6-ea3283c50514,2026-07-12T14:45:00Z,2026-07-12T16:45:00+0200,35390.953,MW,DE,DE_LU,actual_solar_generation,Solar,2026-07-23T07:13:23Z
2026-07-23T07:11:55Z,2026-07-23T09:11:55+0200,db3f74e3-4f49-42d6-88b6-ea3283c50514,2026-07-12T15:00:00Z,2026-07-12T17:00:00+0200,34109.414,MW,DE,DE_LU,actual_solar_generation,Solar,2026-07-23T07:13:23Z
2026-07-23T07:11:55Z,2026-07-23T09:11:55+0200,db3f74e3-4f49-42d6-88b6-ea3283c50514,2026-07-12T15:15:00Z,2026-07-12T17:15:00+0200,31783.235,MW,DE,DE_LU,actual_solar_generation,Solar,2026-07-23T07:13:23Z
2026-07-23T07:11:55Z,2026-07-23T09:11:55+0200,db3f74e3-4f49-42d6-88b6-ea3283c50514,2026-07-12T15:30:00Z,2026-07-12T17:30:00+0200,29307.996,MW,DE,DE_LU,actual_solar_generation,Solar,2026-07-23T07:13:23Z
2026-07-23T07:11:55Z,2026-07-23T09:11:55+0200,db3f74e3-4f49-42d6-88b6-ea3283c50514,2026-07-12T15:45:00Z,2026-07-12T17:45:00+0200,27311.68,MW,DE,DE_LU,actual_solar_generation,Solar,2026-07-23T07:13:23Z
2026-07-23T07:11:55Z,2026-07-23T09:11:55+0200,db3f74e3-4f49-42d6-88b6-ea3283c50514,2026-07-12T16:00:00Z,2026-07-12T18:00:00+0200,24659.831,MW,DE,DE_LU,actual_solar_generation,Solar,2026-07-23T07:13:23Z
2026-07-23T07:11:55Z,2026-07-23T09:11:55+0200,db3f74e3-4f49-42d6-88b6-ea3283c50514,2026-07-12T16:15:00Z,2026-07-12T18:15:00+0200,22002.811,MW,DE,DE_LU,actual_solar_generation,Solar,2026-07-23T07:13:23Z
2026-07-23T07:11:55Z,2026-07-23T09:11:55+0200,db3f74e3-4f49-42d6-88b6-ea3283c50514,2026-07-12T16:30:00Z,2026-07-12T18:30:00+0200,19269.115,MW,DE,DE_LU,actual_solar_generation,Solar,2026-07-23T07:13:23Z
2026-07-23T07:11:55Z,2026-07-23T09:11:55+0200,db3f74e3-4f49-42d6-88b6-ea3283c50514,2026-07-12T16:45:00Z,2026-07-12T18:45:00+0200,16300.661,MW,DE,DE_LU,actual_solar_generation,Solar,2026-07-23T07:13:23Z
2026-07-23T07:11:55Z,2026-07-23T09:11:55+0200,db3f74e3-4f49-42d6-88b6-ea3283c50514,2026-07-12T17:00:00Z,2026-07-12T19:00:00+0200,13386.877,MW,DE,DE_LU,actual_solar_generation,Solar,2026-07-23T07:13:23Z
2026-07-23T07:11:55Z,2026-07-23T09:11:55+0200,db3f74e3-4f49-42d6-88b6-ea3283c50514,2026-07-12T17:15:00Z,2026-07-12T19:15:00+0200,10662.846,MW,DE,DE_LU,actual_solar_generation,Solar,2026-07-23T07:13:23Z
2026-07-23T07:11:55Z,2026-07-23T09:11:55+0200,db3f74e3-4f49-42d6-88b6-ea3283c50514,2026-07-12T17:30:00Z,2026-07-12T19:30:00+0200,8271.387,MW,DE,DE_LU,actual_solar_generation,Solar,2026-07-23T07:13:23Z
2026-07-23T07:11:55Z,2026-07-23T09:11:55+0200,db3f74e3-4f49-42d6-88b6-ea3283c50514,2026-07-12T17:45:00Z,2026-07-12T19:45:00+0200,6228.174,MW,DE,DE_LU,actual_solar_generation,Solar,2026-07-23T07:13:23Z
2026-07-23T07:11:55Z,2026-07-23T09:11:55+0200,db3f74e3-4f49-42d6-88b6-ea3283c50514,2026-07-12T18:00:00Z,2026-07-12T20:00:00+0200,4568.652,MW,DE,DE_LU,actual_solar_generation,Solar,2026-07-23T07:13:23Z
2026-07-23T07:11:55Z,2026-07-23T09:11:55+0200,db3f74e3-4f49-42d6-88b6-ea3283c50514,2026-07-12T18:15:00Z,2026-07-12T20:15:00+0200,3233.858,MW,DE,DE_LU,actual_solar_generation,Solar,2026-07-23T07:13:23Z
2026-07-23T07:11:55Z,2026-07-23T09:11:55+0200,db3f74e3-4f49-42d6-88b6-ea3283c50514,2026-07-12T18:30:00Z,2026-07-12T20:30:00+0200,2095.687,MW,DE,DE_LU,actual_solar_generation,Solar,2026-07-23T07:13:23Z
2026-07-23T07:11:55Z,2026-07-23T09:11:55+0200,db3f74e3-4f49-42d6-88b6-ea3283c50514,2026-07-12T18:45:00Z,2026-07-12T20:45:00+0200,1172.966,MW,DE,DE_LU,actual_solar_generation,Solar,2026-07-23T07:13:23Z
2026-07-23T07:11:55Z,2026-07-23T09:11:55+0200,db3f74e3-4f49-42d6-88b6-ea3283c50514,2026-07-12T19:00:00Z,2026-07-12T21:00:00+0200,520.366,MW,DE,DE_LU,actual_solar_generation,Solar,2026-07-23T07:13:23Z
2026-07-23T07:11:55Z,2026-07-23T09:11:55+0200,db3f74e3-4f49-42d6-88b6-ea3283c50514,2026-07-12T19:15:00Z,2026-07-12T21:15:00+0200,171.142,MW,DE,DE_LU,actual_solar_generation,Solar,2026-07-23T07:13:23Z
2026-07-23T07:11:55Z,2026-07-23T09:11:55+0200,db3f74e3-4f49-42d6-88b6-ea3283c50514,2026-07-12T19:30:00Z,2026-07-12T21:30:00+0200,36.865,MW,DE,DE_LU,actual_solar_generation,Solar,2026-07-23T07:13:23Z
2026-07-23T07:11:55Z,2026-07-23T09:11:55+0200,db3f74e3-4f49-42d6-88b6-ea3283c50514,2026-07-12T19:45:00Z,2026-07-12T21:45:00+0200,3.127,MW,DE,DE_LU,actual_solar_generation,Solar,2026-07-23T07:13:23Z
2026-07-23T07:11:55Z,2026-07-23T09:11:55+0200,db3f74e3-4f49-42d6-88b6-ea3283c50514,2026-07-12T20:00:00Z,2026-07-12T22:00:00+0200,0.882,MW,DE,DE_LU,actual_solar_generation,Solar,2026-07-23T07:13:23Z
2026-07-23T07:11:55Z,2026-07-23T09:11:55+0200,db3f74e3-4f49-42d6-88b6-ea3283c50514,2026-07-12T20:15:00Z,2026-07-12T22:15:00+0200,0.267,MW,DE,DE_LU,actual_solar_generation,Solar,2026-07-23T07:13:23Z
2026-07-23T07:11:55Z,2026-07-23T09:11:55+0200,db3f74e3-4f49-42d6-88b6-ea3283c50514,2026-07-12T20:30:00Z,2026-07-12T22:30:00+0200,0.216,MW,DE,DE_LU,actual_solar_generation,Solar,2026-07-23T07:13:23Z
2026-07-23T07:11:55Z,2026-07-23T09:11:55+0200,db3f74e3-4f49-42d6-88b6-ea3283c50514,2026-07-12T20:45:00Z,2026-07-12T22:45:00+0200,0.209,MW,DE,DE_LU,actual_solar_generation,Solar,2026-07-23T07:13:23Z
2026-07-23T07:11:55Z,2026-07-23T09:11:55+0200,db3f74e3-4f49-42d6-88b6-ea3283c50514,2026-07-12T21:00:00Z,2026-07-12T23:00:00+0200,0.194,MW,DE,DE_LU,actual_solar_generation,Solar,2026-07-23T07:13:23Z
2026-07-23T07:11:55Z,2026-07-23T09:11:55+0200,db3f74e3-4f49-42d6-88b6-ea3283c50514,2026-07-12T21:15:00Z,2026-07-12T23:15:00+0200,0.16,MW,DE,DE_LU,actual_solar_generation,Solar,2026-07-23T07:13:23Z
2026-07-23T07:11:55Z,2026-07-23T09:11:55+0200,db3f74e3-4f49-42d6-88b6-ea3283c50514,2026-07-12T21:30:00Z,2026-07-12T23:30:00+0200,0.146,MW,DE,DE_LU,actual_solar_generation,Solar,2026-07-23T07:13:23Z
2026-07-23T07:11:55Z,2026-07-23T09:11:55+0200,db3f74e3-4f49-42d6-88b6-ea3283c50514,2026-07-12T21:45:00Z,2026-07-12T23:45:00+0200,0.14,MW,DE,DE_LU,actual_solar_generation,Solar,2026-07-23T07:13:23Z
2026-07-23T07:11:55Z,2026-07-23T09:11:55+0200,db3f74e3-4f49-42d6-88b6-ea3283c50514,2026-07-12T22:00:00Z,2026-07-13T00:00:00+0200,0.123,MW,DE,DE_LU,actual_solar_generation,Solar,2026-07-23T07:13:23Z
2026-07-23T07:11:55Z,2026-07-23T09:11:55+0200,db3f74e3-4f49-42d6-88b6-ea3283c50514,2026-07-12T22:15:00Z,2026-07-13T00:15:00+0200,0.121,MW,DE,DE_LU,actual_solar_generation,Solar,2026-07-23T07:13:23Z
2026-07-23T07:11:55Z,2026-07-23T09:11:55+0200,db3f74e3-4f49-42d6-88b6-ea3283c50514,2026-07-12T22:30:00Z,2026-07-13T00:30:00+0200,0.11,MW,DE,DE_LU,actual_solar_generation,Solar,2026-07-23T07:13:23Z
2026-07-23T07:11:55Z,2026-07-23T09:11:55+0200,db3f74e3-4f49-42d6-88b6-ea3283c50514,2026-07-12T22:45:00Z,2026-07-13T00:45:00+0200,0.104,MW,DE,DE_LU,actual_solar_generation,Solar,2026-07-23T07:13:23Z
2026-07-23T07:11:55Z,2026-07-23T09:11:55+0200,db3f74e3-4f49-42d6-88b6-ea3283c50514,2026-07-12T23:00:00Z,2026-07-13T01:00:00+0200,0.103,MW,DE,DE_LU,actual_solar_generation,Solar,2026-07-23T07:13:23Z
2026-07-23T07:11:55Z,2026-07-23T09:11:55+0200,db3f74e3-4f49-42d6-88b6-ea3283c50514,2026-07-12T23:15:00Z,2026-07-13T01:15:00+0200,0.103,MW,DE,DE_LU,actual_solar_generation,Solar,2026-07-23T07:13:23Z
2026-07-23T07:11:55Z,2026-07-23T09:11:55+0200,db3f74e3-4f49-42d6-88b6-ea3283c50514,2026-07-12T23:30:00Z,2026-07-13T01:30:00+0200,0.099,MW,DE,DE_LU,actual_solar_generation,Solar,2026-07-23T07:13:23Z
2026-07-23T07:11:55Z,2026-07-23T09:11:55+0200,db3f74e3-4f49-42d6-88b6-ea3283c50514,2026-07-12T23:45:00Z,2026-07-13T01:45:00+0200,0.104,MW,DE,DE_LU,actual_solar_generation,Solar,2026-07-23T07:13:23Z
2026-07-23T07:11:55Z,2026-07-23T09:11:55+0200,db3f74e3-4f49-42d6-88b6-ea3283c50514,2026-07-13T00:00:00Z,2026-07-13T02:00:00+0200,0.093,MW,DE,DE_LU,actual_solar_generation,Solar,2026-07-23T07:13:23Z
2026-07-23T07:11:55Z,2026-07-23T09:11:55+0200,db3f74e3-4f49-42d6-88b6-ea3283c50514,2026-07-13T00:15:00Z,2026-07-13T02:15:00+0200,0.086,MW,DE,DE_LU,actual_solar_generation,Solar,2026-07-23T07:13:23Z
2026-07-23T07:11:55Z,2026-07-23T09:11:55+0200,db3f74e3-4f49-42d6-88b6-ea3283c50514,2026-07-13T00:30:00Z,2026-07-13T02:30:00+0200,0.083,MW,DE,DE_LU,actual_solar_generation,Solar,2026-07-23T07:13:23Z
2026-07-23T07:11:55Z,2026-07-23T09:11:55+0200,db3f74e3-4f49-42d6-88b6-ea3283c50514,2026-07-13T00:45:00Z,2026-07-13T02:45:00+0200,0.079,MW,DE,DE_LU,actual_solar_generation,Solar,2026-07-23T07:13:23Z
2026-07-23T07:11:55Z,2026-07-23T09:11:55+0200,db3f74e3-4f49-42d6-88b6-ea3283c50514,2026-07-13T01:00:00Z,2026-07-13T03:00:00+0200,0.093,MW,DE,DE_LU,actual_solar_generation,Solar,2026-07-23T07:13:23Z
2026-07-23T07:11:55Z,2026-07-23T09:11:55+0200,db3f74e3-4f49-42d6-88b6-ea3283c50514,2026-07-13T01:15:00Z,2026-07-13T03:15:00+0200,0.09,MW,DE,DE_LU,actual_solar_generation,Solar,2026-07-23T07:13:23Z
2026-07-23T07:11:55Z,2026-07-23T09:11:55+0200,db3f74e3-4f49-42d6-88b6-ea3283c50514,2026-07-13T01:30:00Z,2026-07-13T03:30:00+0200,0.075,MW,DE,DE_LU,actual_solar_generation,Solar,2026-07-23T07:13:23Z
2026-07-23T07:11:55Z,2026-07-23T09:11:55+0200,db3f74e3-4f49-42d6-88b6-ea3283c50514,2026-07-13T01:45:00Z,2026-07-13T03:45:00+0200,0.072,MW,DE,DE_LU,actual_solar_generation,Solar,2026-07-23T07:13:23Z
2026-07-23T07:11:55Z,2026-07-23T09:11:55+0200,db3f74e3-4f49-42d6-88b6-ea3283c50514,2026-07-13T02:00:00Z,2026-07-13T04:00:00+0200,0.076,MW,DE,DE_LU,actual_solar_generation,Solar,2026-07-23T07:13:23Z
2026-07-23T07:11:55Z,2026-07-23T09:11:55+0200,db3f74e3-4f49-42d6-88b6-ea3283c50514,2026-07-13T02:15:00Z,2026-07-13T04:15:00+0200,0.075,MW,DE,DE_LU,actual_solar_generation,Solar,2026-07-23T07:13:23Z
2026-07-23T07:11:55Z,2026-07-23T09:11:55+0200,db3f74e3-4f49-42d6-88b6-ea3283c50514,2026-07-13T02:30:00Z,2026-07-13T04:30:00+0200,0.119,MW,DE,DE_LU,actual_solar_generation,Solar,2026-07-23T07:13:23Z
2026-07-23T07:11:55Z,2026-07-23T09:11:55+0200,db3f74e3-4f49-42d6-88b6-ea3283c50514,2026-07-13T02:45:00Z,2026-07-13T04:45:00+0200,1.762,MW,DE,DE_LU,actual_solar_generation,Solar,2026-07-23T07:13:23Z
2026-07-23T07:11:55Z,2026-07-23T09:11:55+0200,db3f74e3-4f49-42d6-88b6-ea3283c50514,2026-07-13T03:00:00Z,2026-07-13T05:00:00+0200,19.257,MW,DE,DE_LU,actual_solar_generation,Solar,2026-07-23T07:13:23Z
2026-07-23T07:11:55Z,2026-07-23T09:11:55+0200,db3f74e3-4f49-42d6-88b6-ea3283c50514,2026-07-13T03:15:00Z,2026-07-13T05:15:00+0200,113.843,MW,DE,DE_LU,actual_solar_generation,Solar,2026-07-23T07:13:23Z
2026-07-23T07:11:55Z,2026-07-23T09:11:55+0200,db3f74e3-4f49-42d6-88b6-ea3283c50514,2026-07-13T03:30:00Z,2026-07-13T05:30:00+0200,428.424,MW,DE,DE_LU,actual_solar_generation,Solar,2026-07-23T07:13:23Z
2026-07-23T07:11:55Z,2026-07-23T09:11:55+0200,db3f74e3-4f49-42d6-88b6-ea3283c50514,2026-07-13T03:45:00Z,2026-07-13T05:45:00+0200,1098.769,MW,DE,DE_LU,actual_solar_generation,Solar,2026-07-23T07:13:23Z
2026-07-23T07:11:55Z,2026-07-23T09:11:55+0200,db3f74e3-4f49-42d6-88b6-ea3283c50514,2026-07-13T04:00:00Z,2026-07-13T06:00:00+0200,1987.557,MW,DE,DE_LU,actual_solar_generation,Solar,2026-07-23T07:13:23Z
2026-07-23T07:11:55Z,2026-07-23T09:11:55+0200,db3f74e3-4f49-42d6-88b6-ea3283c50514,2026-07-13T04:15:00Z,2026-07-13T06:15:00+0200,3110.543,MW,DE,DE_LU,actual_solar_generation,Solar,2026-07-23T07:13:23Z
2026-07-23T07:11:55Z,2026-07-23T09:11:55+0200,db3f74e3-4f49-42d6-88b6-ea3283c50514,2026-07-13T04:30:00Z,2026-07-13T06:30:00+0200,4475.889,MW,DE,DE_LU,actual_solar_generation,Solar,2026-07-23T07:13:23Z
2026-07-23T07:11:55Z,2026-07-23T09:11:55+0200,db3f74e3-4f49-42d6-88b6-ea3283c50514,2026-07-13T04:45:00Z,2026-07-13T06:45:00+0200,6160.053,MW,DE,DE_LU,actual_solar_generation,Solar,2026-07-23T07:13:23Z
2026-07-23T07:11:55Z,2026-07-23T09:11:55+0200,db3f74e3-4f49-42d6-88b6-ea3283c50514,2026-07-13T05:00:00Z,2026-07-13T07:00:00+0200,8128.653,MW,DE,DE_LU,actual_solar_generation,Solar,2026-07-23T07:13:23Z
2026-07-23T07:11:55Z,2026-07-23T09:11:55+0200,db3f74e3-4f49-42d6-88b6-ea3283c50514,2026-07-13T05:15:00Z,2026-07-13T07:15:00+0200,10429.643,MW,DE,DE_LU,actual_solar_generation,Solar,2026-07-23T07:13:23Z
2026-07-23T07:11:55Z,2026-07-23T09:11:55+0200,db3f74e3-4f49-42d6-88b6-ea3283c50514,2026-07-13T05:30:00Z,2026-07-13T07:30:00+0200,13050.108,MW,DE,DE_LU,actual_solar_generation,Solar,2026-07-23T07:13:23Z
2026-07-23T07:11:55Z,2026-07-23T09:11:55+0200,db3f74e3-4f49-42d6-88b6-ea3283c50514,2026-07-13T05:45:00Z,2026-07-13T07:45:00+0200,15983.569,MW,DE,DE_LU,actual_solar_generation,Solar,2026-07-23T07:13:23Z
2026-07-23T07:11:55Z,2026-07-23T09:11:55+0200,db3f74e3-4f49-42d6-88b6-ea3283c50514,2026-07-13T06:00:00Z,2026-07-13T08:00:00+0200,19239.309,MW,DE,DE_LU,actual_solar_generation,Solar,2026-07-23T07:13:23Z
2026-07-23T07:11:55Z,2026-07-23T09:11:55+0200,db3f74e3-4f49-42d6-88b6-ea3283c50514,2026-07-13T06:15:00Z,2026-07-13T08:15:00+0200,22587.531,MW,DE,DE_LU,actual_solar_generation,Solar,2026-07-23T07:13:23Z
2026-07-23T07:11:55Z,2026-07-23T09:11:55+0200,db3f74e3-4f49-42d6-88b6-ea3283c50514,2026-07-13T06:30:00Z,2026-07-13T08:30:00+0200,25787.223,MW,DE,DE_LU,actual_solar_generation,Solar,2026-07-23T07:13:23Z
2026-07-23T07:11:55Z,2026-07-23T09:11:55+0200,db3f74e3-4f49-42d6-88b6-ea3283c50514,2026-07-13T06:45:00Z,2026-07-13T08:45:00+0200,28840.468,MW,DE,DE_LU,actual_solar_generation,Solar,2026-07-23T07:13:23Z
2026-07-23T07:11:55Z,2026-07-23T09:11:55+0200,db3f74e3-4f49-42d6-88b6-ea3283c50514,2026-07-13T07:00:00Z,2026-07-13T09:00:00+0200,31541.962,MW,DE,DE_LU,actual_solar_generation,Solar,2026-07-23T07:13:23Z
2026-07-23T07:11:55Z,2026-07-23T09:11:55+0200,db3f74e3-4f49-42d6-88b6-ea3283c50514,2026-07-13T07:15:00Z,2026-07-13T09:15:00+0200,34083.905,MW,DE,DE_LU,actual_solar_generation,Solar,2026-07-23T07:13:23Z
2026-07-23T07:11:55Z,2026-07-23T09:11:55+0200,db3f74e3-4f49-42d6-88b6-ea3283c50514,2026-07-13T07:30:00Z,2026-07-13T09:30:00+0200,36857.108,MW,DE,DE_LU,actual_solar_generation,Solar,2026-07-23T07:13:23Z
2026-07-23T07:11:55Z,2026-07-23T09:11:55+0200,db3f74e3-4f49-42d6-88b6-ea3283c50514,2026-07-13T07:45:00Z,2026-07-13T09:45:00+0200,39535.067,MW,DE,DE_LU,actual_solar_generation,Solar,2026-07-23T07:13:23Z
2026-07-23T07:11:55Z,2026-07-23T09:11:55+0200,db3f74e3-4f49-42d6-88b6-ea3283c50514,2026-07-13T08:00:00Z,2026-07-13T10:00:00+0200,41859.715,MW,DE,DE_LU,actual_solar_generation,Solar,2026-07-23T07:13:23Z
2026-07-23T07:11:55Z,2026-07-23T09:11:55+0200,db3f74e3-4f49-42d6-88b6-ea3283c50514,2026-07-13T08:15:00Z,2026-07-13T10:15:00+0200,44045.674,MW,DE,DE_LU,actual_solar_generation,Solar,2026-07-23T07:13:23Z
2026-07-23T07:11:55Z,2026-07-23T09:11:55+0200,db3f74e3-4f49-42d6-88b6-ea3283c50514,2026-07-13T08:30:00Z,2026-07-13T10:30:00+0200,46115.173,MW,DE,DE_LU,actual_solar_generation,Solar,2026-07-23T07:13:23Z
2026-07-23T07:11:55Z,2026-07-23T09:11:55+0200,db3f74e3-4f49-42d6-88b6-ea3283c50514,2026-07-13T08:45:00Z,2026-07-13T10:45:00+0200,47917.917,MW,DE,DE_LU,actual_solar_generation,Solar,2026-07-23T07:13:23Z
2026-07-23T07:11:55Z,2026-07-23T09:11:55+0200,db3f74e3-4f49-42d6-88b6-ea3283c50514,2026-07-13T09:00:00Z,2026-07-13T11:00:00+0200,49639.285,MW,DE,DE_LU,actual_solar_generation,Solar,2026-07-23T07:13:23Z
2026-07-23T07:11:55Z,2026-07-23T09:11:55+0200,db3f74e3-4f49-42d6-88b6-ea3283c50514,2026-07-13T09:15:00Z,2026-07-13T11:15:00+0200,51100.676,MW,DE,DE_LU,actual_solar_generation,Solar,2026-07-23T07:13:23Z
2026-07-23T07:11:55Z,2026-07-23T09:11:55+0200,db3f74e3-4f49-42d6-88b6-ea3283c50514,2026-07-13T09:30:00Z,2026-07-13T11:30:00+0200,52313.639,MW,DE,DE_LU,actual_solar_generation,Solar,2026-07-23T07:13:23Z
2026-07-23T07:11:55Z,2026-07-23T09:11:55+0200,db3f74e3-4f49-42d6-88b6-ea3283c50514,2026-07-13T09:45:00Z,2026-07-13T11:45:00+0200,53375.589,MW,DE,DE_LU,actual_solar_generation,Solar,2026-07-23T07:13:23Z
2026-07-23T07:11:55Z,2026-07-23T09:11:55+0200,db3f74e3-4f49-42d6-88b6-ea3283c50514,2026-07-13T10:00:00Z,2026-07-13T12:00:00+0200,54281.367,MW,DE,DE_LU,actual_solar_generation,Solar,2026-07-23T07:13:23Z
2026-07-23T07:11:55Z,2026-07-23T09:11:55+0200,db3f74e3-4f49-42d6-88b6-ea3283c50514,2026-07-13T10:15:00Z,2026-07-13T12:15:00+0200,54757.808,MW,DE,DE_LU,actual_solar_generation,Solar,2026-07-23T07:13:23Z
2026-07-23T07:11:55Z,2026-07-23T09:11:55+0200,db3f74e3-4f49-42d6-88b6-ea3283c50514,2026-07-13T10:30:00Z,2026-07-13T12:30:00+0200,54982.129,MW,DE,DE_LU,actual_solar_generation,Solar,2026-07-23T07:13:23Z
2026-07-23T07:11:55Z,2026-07-23T09:11:55+0200,db3f74e3-4f49-42d6-88b6-ea3283c50514,2026-07-13T10:45:00Z,2026-07-13T12:45:00+0200,55121.875,MW,DE,DE_LU,actual_solar_generation,Solar,2026-07-23T07:13:23Z
2026-07-23T07:11:55Z,2026-07-23T09:11:55+0200,db3f74e3-4f49-42d6-88b6-ea3283c50514,2026-07-13T11:00:00Z,2026-07-13T13:00:00+0200,55011.137,MW,DE,DE_LU,actual_solar_generation,Solar,2026-07-23T07:13:23Z
2026-07-23T07:11:55Z,2026-07-23T09:11:55+0200,db3f74e3-4f49-42d6-88b6-ea3283c50514,2026-07-13T11:15:00Z,2026-07-13T13:15:00+0200,54582.484,MW,DE,DE_LU,actual_solar_generation,Solar,2026-07-23T07:13:23Z
2026-07-23T07:11:55Z,2026-07-23T09:11:55+0200,db3f74e3-4f49-42d6-88b6-ea3283c50514,2026-07-13T11:30:00Z,2026-07-13T13:30:00+0200,53741.564,MW,DE,DE_LU,actual_solar_generation,Solar,2026-07-23T07:13:23Z
2026-07-23T07:11:55Z,2026-07-23T09:11:55+0200,db3f74e3-4f49-42d6-88b6-ea3283c50514,2026-07-13T11:45:00Z,2026-07-13T13:45:00+0200,53051.655,MW,DE,DE_LU,actual_solar_generation,Solar,2026-07-23T07:13:23Z
2026-07-23T07:11:55Z,2026-07-23T09:11:55+0200,db3f74e3-4f49-42d6-88b6-ea3283c50514,2026-07-13T12:00:00Z,2026-07-13T14:00:00+0200,52051.597,MW,DE,DE_LU,actual_solar_generation,Solar,2026-07-23T07:13:23Z
2026-07-23T07:11:55Z,2026-07-23T09:11:55+0200,db3f74e3-4f49-42d6-88b6-ea3283c50514,2026-07-13T12:15:00Z,2026-07-13T14:15:00+0200,51244.613,MW,DE,DE_LU,actual_solar_generation,Solar,2026-07-23T07:13:23Z
2026-07-23T07:11:55Z,2026-07-23T09:11:55+0200,db3f74e3-4f49-42d6-88b6-ea3283c50514,2026-07-13T12:30:00Z,2026-07-13T14:30:00+0200,50035.605,MW,DE,DE_LU,actual_solar_generation,Solar,2026-07-23T07:13:23Z
2026-07-23T07:11:55Z,2026-07-23T09:11:55+0200,db3f74e3-4f49-42d6-88b6-ea3283c50514,2026-07-13T12:45:00Z,2026-07-13T14:45:00+0200,48719.986,MW,DE,DE_LU,actual_solar_generation,Solar,2026-07-23T07:13:23Z
2026-07-23T07:11:55Z,2026-07-23T09:11:55+0200,db3f74e3-4f49-42d6-88b6-ea3283c50514,2026-07-13T13:00:00Z,2026-07-13T15:00:00+0200,47086.346,MW,DE,DE_LU,actual_solar_generation,Solar,2026-07-23T07:13:23Z
2026-07-23T07:11:55Z,2026-07-23T09:11:55+0200,db3f74e3-4f49-42d6-88b6-ea3283c50514,2026-07-13T13:15:00Z,2026-07-13T15:15:00+0200,45321.248,MW,DE,DE_LU,actual_solar_generation,Solar,2026-07-23T07:13:23Z
2026-07-23T07:11:55Z,2026-07-23T09:11:55+0200,db3f74e3-4f49-42d6-88b6-ea3283c50514,2026-07-13T13:30:00Z,2026-07-13T15:30:00+0200,43268.272,MW,DE,DE_LU,actual_solar_generation,Solar,2026-07-23T07:13:23Z
2026-07-23T07:11:55Z,2026-07-23T09:11:55+0200,db3f74e3-4f49-42d6-88b6-ea3283c50514,2026-07-13T13:45:00Z,2026-07-13T15:45:00+0200,41126.099,MW,DE,DE_LU,actual_solar_generation,Solar,2026-07-23T07:13:23Z
2026-07-23T07:11:55Z,2026-07-23T09:11:55+0200,db3f74e3-4f49-42d6-88b6-ea3283c50514,2026-07-13T14:00:00Z,2026-07-13T16:00:00+0200,39017.826,MW,DE,DE_LU,actual_solar_generation,Solar,2026-07-23T07:13:23Z
2026-07-23T07:11:55Z,2026-07-23T09:11:55+0200,db3f74e3-4f49-42d6-88b6-ea3283c50514,2026-07-13T14:15:00Z,2026-07-13T16:15:00+0200,36689.687,MW,DE,DE_LU,actual_solar_generation,Solar,2026-07-23T07:13:23Z
2026-07-23T07:11:55Z,2026-07-23T09:11:55+0200,db3f74e3-4f49-42d6-88b6-ea3283c50514,2026-07-13T14:30:00Z,2026-07-13T16:30:00+0200,34381.707,MW,DE,DE_LU,actual_solar_generation,Solar,2026-07-23T07:13:23Z
2026-07-23T07:11:55Z,2026-07-23T09:11:55+0200,db3f74e3-4f49-42d6-88b6-ea3283c50514,2026-07-13T14:45:00Z,2026-07-13T16:45:00+0200,32177.915,MW,DE,DE_LU,actual_solar_generation,Solar,2026-07-23T07:13:23Z
2026-07-23T07:11:55Z,2026-07-23T09:11:55+0200,db3f74e3-4f49-42d6-88b6-ea3283c50514,2026-07-13T15:00:00Z,2026-07-13T17:00:00+0200,29978.541,MW,DE,DE_LU,actual_solar_generation,Solar,2026-07-23T07:13:23Z
2026-07-23T07:11:55Z,2026-07-23T09:11:55+0200,db3f74e3-4f49-42d6-88b6-ea3283c50514,2026-07-13T15:15:00Z,2026-07-13T17:15:00+0200,27440.524,MW,DE,DE_LU,actual_solar_generation,Solar,2026-07-23T07:13:23Z
2026-07-23T07:11:55Z,2026-07-23T09:11:55+0200,db3f74e3-4f49-42d6-88b6-ea3283c50514,2026-07-13T15:30:00Z,2026-07-13T17:30:00+0200,24924.959,MW,DE,DE_LU,actual_solar_generation,Solar,2026-07-23T07:13:23Z
2026-07-23T07:11:55Z,2026-07-23T09:11:55+0200,db3f74e3-4f49-42d6-88b6-ea3283c50514,2026-07-13T15:45:00Z,2026-07-13T17:45:00+0200,22502.939,MW,DE,DE_LU,actual_solar_generation,Solar,2026-07-23T07:13:23Z
2026-07-23T07:11:55Z,2026-07-23T09:11:55+0200,db3f74e3-4f49-42d6-88b6-ea3283c50514,2026-07-13T16:00:00Z,2026-07-13T18:00:00+0200,19894.522,MW,DE,DE_LU,actual_solar_generation,Solar,2026-07-23T07:13:23Z
2026-07-23T07:11:55Z,2026-07-23T09:11:55+0200,db3f74e3-4f49-42d6-88b6-ea3283c50514,2026-07-13T16:15:00Z,2026-07-13T18:15:00+0200,17433.129,MW,DE,DE_LU,actual_solar_generation,Solar,2026-07-23T07:13:23Z
2026-07-23T07:11:55Z,2026-07-23T09:11:55+0200,db3f74e3-4f49-42d6-88b6-ea3283c50514,2026-07-13T16:30:00Z,2026-07-13T18:30:00+0200,15072.731,MW,DE,DE_LU,actual_solar_generation,Solar,2026-07-23T07:13:23Z
2026-07-23T07:11:55Z,2026-07-23T09:11:55+0200,db3f74e3-4f49-42d6-88b6-ea3283c50514,2026-07-13T16:45:00Z,2026-07-13T18:45:00+0200,12794.948,MW,DE,DE_LU,actual_solar_generation,Solar,2026-07-23T07:13:23Z
2026-07-23T07:11:55Z,2026-07-23T09:11:55+0200,db3f74e3-4f49-42d6-88b6-ea3283c50514,2026-07-13T17:00:00Z,2026-07-13T19:00:00+0200,10775.612,MW,DE,DE_LU,actual_solar_generation,Solar,2026-07-23T07:13:23Z
2026-07-23T07:11:55Z,2026-07-23T09:11:55+0200,db3f74e3-4f49-42d6-88b6-ea3283c50514,2026-07-13T17:15:00Z,2026-07-13T19:15:00+0200,8797.713,MW,DE,DE_LU,actual_solar_generation,Solar,2026-07-23T07:13:23Z
2026-07-23T07:11:55Z,2026-07-23T09:11:55+0200,db3f74e3-4f49-42d6-88b6-ea3283c50514,2026-07-13T17:30:00Z,2026-07-13T19:30:00+0200,6978.814,MW,DE,DE_LU,actual_solar_generation,Solar,2026-07-23T07:13:23Z
2026-07-23T07:11:55Z,2026-07-23T09:11:55+0200,db3f74e3-4f49-42d6-88b6-ea3283c50514,2026-07-13T17:45:00Z,2026-07-13T19:45:00+0200,5372.681,MW,DE,DE_LU,actual_solar_generation,Solar,2026-07-23T07:13:23Z
2026-07-23T07:11:55Z,2026-07-23T09:11:55+0200,db3f74e3-4f49-42d6-88b6-ea3283c50514,2026-07-13T18:00:00Z,2026-07-13T20:00:00+0200,4003.742,MW,DE,DE_LU,actual_solar_generation,Solar,2026-07-23T07:13:23Z
2026-07-23T07:11:55Z,2026-07-23T09:11:55+0200,db3f74e3-4f49-42d6-88b6-ea3283c50514,2026-07-13T18:15:00Z,2026-07-13T20:15:00+0200,2892.24,MW,DE,DE_LU,actual_solar_generation,Solar,2026-07-23T07:13:23Z
2026-07-23T07:11:55Z,2026-07-23T09:11:55+0200,db3f74e3-4f49-42d6-88b6-ea3283c50514,2026-07-13T18:30:00Z,2026-07-13T20:30:00+0200,1896.097,MW,DE,DE_LU,actual_solar_generation,Solar,2026-07-23T07:13:23Z
2026-07-23T07:11:55Z,2026-07-23T09:11:55+0200,db3f74e3-4f49-42d6-88b6-ea3283c50514,2026-07-13T18:45:00Z,2026-07-13T20:45:00+0200,1054.192,MW,DE,DE_LU,actual_solar_generation,Solar,2026-07-23T07:13:23Z
2026-07-23T07:11:55Z,2026-07-23T09:11:55+0200,db3f74e3-4f49-42d6-88b6-ea3283c50514,2026-07-13T19:00:00Z,2026-07-13T21:00:00+0200,450.31,MW,DE,DE_LU,actual_solar_generation,Solar,2026-07-23T07:13:23Z
2026-07-23T07:11:55Z,2026-07-23T09:11:55+0200,db3f74e3-4f49-42d6-88b6-ea3283c50514,2026-07-13T19:15:00Z,2026-07-13T21:15:00+0200,145.004,MW,DE,DE_LU,actual_solar_generation,Solar,2026-07-23T07:13:23Z
2026-07-23T07:11:55Z,2026-07-23T09:11:55+0200,db3f74e3-4f49-42d6-88b6-ea3283c50514,2026-07-13T19:30:00Z,2026-07-13T21:30:00+0200,29.478,MW,DE,DE_LU,actual_solar_generation,Solar,2026-07-23T07:13:23Z
2026-07-23T07:11:55Z,2026-07-23T09:11:55+0200,db3f74e3-4f49-42d6-88b6-ea3283c50514,2026-07-13T19:45:00Z,2026-07-13T21:45:00+0200,3.157,MW,DE,DE_LU,actual_solar_generation,Solar,2026-07-23T07:13:23Z
2026-07-23T07:11:55Z,2026-07-23T09:11:55+0200,db3f74e3-4f49-42d6-88b6-ea3283c50514,2026-07-13T20:00:00Z,2026-07-13T22:00:00+0200,0.797,MW,DE,DE_LU,actual_solar_generation,Solar,2026-07-23T07:13:23Z
2026-07-23T07:11:55Z,2026-07-23T09:11:55+0200,db3f74e3-4f49-42d6-88b6-ea3283c50514,2026-07-13T20:15:00Z,2026-07-13T22:15:00+0200,0.258,MW,DE,DE_LU,actual_solar_generation,Solar,2026-07-23T07:13:23Z
2026-07-23T07:11:55Z,2026-07-23T09:11:55+0200,db3f74e3-4f49-42d6-88b6-ea3283c50514,2026-07-13T20:30:00Z,2026-07-13T22:30:00+0200,0.208,MW,DE,DE_LU,actual_solar_generation,Solar,2026-07-23T07:13:23Z
2026-07-23T07:11:55Z,2026-07-23T09:11:55+0200,db3f74e3-4f49-42d6-88b6-ea3283c50514,2026-07-13T20:45:00Z,2026-07-13T22:45:00+0200,0.199,MW,DE,DE_LU,actual_solar_generation,Solar,2026-07-23T07:13:23Z
2026-07-23T07:11:55Z,2026-07-23T09:11:55+0200,db3f74e3-4f49-42d6-88b6-ea3283c50514,2026-07-13T21:00:00Z,2026-07-13T23:00:00+0200,0.189,MW,DE,DE_LU,actual_solar_generation,Solar,2026-07-23T07:13:23Z
2026-07-23T07:11:55Z,2026-07-23T09:11:55+0200,db3f74e3-4f49-42d6-88b6-ea3283c50514,2026-07-13T21:15:00Z,2026-07-13T23:15:00+0200,0.168,MW,DE,DE_LU,actual_solar_generation,Solar,2026-07-23T07:13:23Z
2026-07-23T07:11:55Z,2026-07-23T09:11:55+0200,db3f74e3-4f49-42d6-88b6-ea3283c50514,2026-07-13T21:30:00Z,2026-07-13T23:30:00+0200,0.167,MW,DE,DE_LU,actual_solar_generation,Solar,2026-07-23T07:13:23Z
2026-07-23T07:11:55Z,2026-07-23T09:11:55+0200,db3f74e3-4f49-42d6-88b6-ea3283c50514,2026-07-13T21:45:00Z,2026-07-13T23:45:00+0200,0.156,MW,DE,DE_LU,actual_solar_generation,Solar,2026-07-23T07:13:23Z
2026-07-23T07:11:55Z,2026-07-23T09:11:55+0200,db3f74e3-4f49-42d6-88b6-ea3283c50514,2026-07-13T22:00:00Z,2026-07-14T00:00:00+0200,0.145,MW,DE,DE_LU,actual_solar_generation,Solar,2026-07-23T07:13:23Z
2026-07-23T07:11:55Z,2026-07-23T09:11:55+0200,db3f74e3-4f49-42d6-88b6-ea3283c50514,2026-07-13T22:15:00Z,2026-07-14T00:15:00+0200,0.127,MW,DE,DE_LU,actual_solar_generation,Solar,2026-07-23T07:13:23Z
2026-07-23T07:11:55Z,2026-07-23T09:11:55+0200,db3f74e3-4f49-42d6-88b6-ea3283c50514,2026-07-13T22:30:00Z,2026-07-14T00:30:00+0200,0.118,MW,DE,DE_LU,actual_solar_generation,Solar,2026-07-23T07:13:23Z
2026-07-23T07:11:55Z,2026-07-23T09:11:55+0200,db3f74e3-4f49-42d6-88b6-ea3283c50514,2026-07-13T22:45:00Z,2026-07-14T00:45:00+0200,0.118,MW,DE,DE_LU,actual_solar_generation,Solar,2026-07-23T07:13:23Z
2026-07-23T07:11:55Z,2026-07-23T09:11:55+0200,db3f74e3-4f49-42d6-88b6-ea3283c50514,2026-07-13T23:00:00Z,2026-07-14T01:00:00+0200,0.122,MW,DE,DE_LU,actual_solar_generation,Solar,2026-07-23T07:13:23Z
2026-07-23T07:11:55Z,2026-07-23T09:11:55+0200,db3f74e3-4f49-42d6-88b6-ea3283c50514,2026-07-13T23:15:00Z,2026-07-14T01:15:00+0200,0.108,MW,DE,DE_LU,actual_solar_generation,Solar,2026-07-23T07:13:23Z
2026-07-23T07:11:55Z,2026-07-23T09:11:55+0200,db3f74e3-4f49-42d6-88b6-ea3283c50514,2026-07-13T23:30:00Z,2026-07-14T01:30:00+0200,0.091,MW,DE,DE_LU,actual_solar_generation,Solar,2026-07-23T07:13:23Z
2026-07-23T07:11:55Z,2026-07-23T09:11:55+0200,db3f74e3-4f49-42d6-88b6-ea3283c50514,2026-07-13T23:45:00Z,2026-07-14T01:45:00+0200,0.094,MW,DE,DE_LU,actual_solar_generation,Solar,2026-07-23T07:13:23Z
2026-07-23T07:11:55Z,2026-07-23T09:11:55+0200,db3f74e3-4f49-42d6-88b6-ea3283c50514,2026-07-14T00:00:00Z,2026-07-14T02:00:00+0200,0.083,MW,DE,DE_LU,actual_solar_generation,Solar,2026-07-23T07:13:23Z
2026-07-23T07:11:55Z,2026-07-23T09:11:55+0200,db3f74e3-4f49-42d6-88b6-ea3283c50514,2026-07-14T00:15:00Z,2026-07-14T02:15:00+0200,0.092,MW,DE,DE_LU,actual_solar_generation,Solar,2026-07-23T07:13:23Z
2026-07-23T07:11:55Z,2026-07-23T09:11:55+0200,db3f74e3-4f49-42d6-88b6-ea3283c50514,2026-07-14T00:30:00Z,2026-07-14T02:30:00+0200,0.088,MW,DE,DE_LU,actual_solar_generation,Solar,2026-07-23T07:13:23Z
2026-07-23T07:11:55Z,2026-07-23T09:11:55+0200,db3f74e3-4f49-42d6-88b6-ea3283c50514,2026-07-14T00:45:00Z,2026-07-14T02:45:00+0200,0.078,MW,DE,DE_LU,actual_solar_generation,Solar,2026-07-23T07:13:23Z
2026-07-23T07:11:55Z,2026-07-23T09:11:55+0200,db3f74e3-4f49-42d6-88b6-ea3283c50514,2026-07-14T01:00:00Z,2026-07-14T03:00:00+0200,0.073,MW,DE,DE_LU,actual_solar_generation,Solar,2026-07-23T07:13:23Z
2026-07-23T07:11:55Z,2026-07-23T09:11:55+0200,db3f74e3-4f49-42d6-88b6-ea3283c50514,2026-07-14T01:15:00Z,2026-07-14T03:15:00+0200,0.069,MW,DE,DE_LU,actual_solar_generation,Solar,2026-07-23T07:13:23Z
2026-07-23T07:11:55Z,2026-07-23T09:11:55+0200,db3f74e3-4f49-42d6-88b6-ea3283c50514,2026-07-14T01:30:00Z,2026-07-14T03:30:00+0200,0.068,MW,DE,DE_LU,actual_solar_generation,Solar,2026-07-23T07:13:23Z
2026-07-23T07:11:55Z,2026-07-23T09:11:55+0200,db3f74e3-4f49-42d6-88b6-ea3283c50514,2026-07-14T01:45:00Z,2026-07-14T03:45:00+0200,0.065,MW,DE,DE_LU,actual_solar_generation,Solar,2026-07-23T07:13:23Z
2026-07-23T07:11:55Z,2026-07-23T09:11:55+0200,db3f74e3-4f49-42d6-88b6-ea3283c50514,2026-07-14T02:00:00Z,2026-07-14T04:00:00+0200,0.073,MW,DE,DE_LU,actual_solar_generation,Solar,2026-07-23T07:13:23Z
2026-07-23T07:11:55Z,2026-07-23T09:11:55+0200,db3f74e3-4f49-42d6-88b6-ea3283c50514,2026-07-14T02:15:00Z,2026-07-14T04:15:00+0200,0.076,MW,DE,DE_LU,actual_solar_generation,Solar,2026-07-23T07:13:23Z
2026-07-23T07:11:55Z,2026-07-23T09:11:55+0200,db3f74e3-4f49-42d6-88b6-ea3283c50514,2026-07-14T02:30:00Z,2026-07-14T04:30:00+0200,0.112,MW,DE,DE_LU,actual_solar_generation,Solar,2026-07-23T07:13:23Z
2026-07-23T07:11:55Z,2026-07-23T09:11:55+0200,db3f74e3-4f49-42d6-88b6-ea3283c50514,2026-07-14T02:45:00Z,2026-07-14T04:45:00+0200,2.059,MW,DE,DE_LU,actual_solar_generation,Solar,2026-07-23T07:13:23Z
2026-07-23T07:11:55Z,2026-07-23T09:11:55+0200,db3f74e3-4f49-42d6-88b6-ea3283c50514,2026-07-14T03:00:00Z,2026-07-14T05:00:00+0200,22.763,MW,DE,DE_LU,actual_solar_generation,Solar,2026-07-23T07:13:23Z
2026-07-23T07:11:55Z,2026-07-23T09:11:55+0200,db3f74e3-4f49-42d6-88b6-ea3283c50514,2026-07-14T03:15:00Z,2026-07-14T05:15:00+0200,127.419,MW,DE,DE_LU,actual_solar_generation,Solar,2026-07-23T07:13:23Z
2026-07-23T07:11:55Z,2026-07-23T09:11:55+0200,db3f74e3-4f49-42d6-88b6-ea3283c50514,2026-07-14T03:30:00Z,2026-07-14T05:30:00+0200,354.329,MW,DE,DE_LU,actual_solar_generation,Solar,2026-07-23T07:13:23Z
2026-07-23T07:11:55Z,2026-07-23T09:11:55+0200,db3f74e3-4f49-42d6-88b6-ea3283c50514,2026-07-14T03:45:00Z,2026-07-14T05:45:00+0200,1001.589,MW,DE,DE_LU,actual_solar_generation,Solar,2026-07-23T07:13:23Z
2026-07-23T07:11:55Z,2026-07-23T09:11:55+0200,db3f74e3-4f49-42d6-88b6-ea3283c50514,2026-07-14T04:00:00Z,2026-07-14T06:00:00+0200,1811.59,MW,DE,DE_LU,actual_solar_generation,Solar,2026-07-23T07:13:23Z
2026-07-23T07:11:55Z,2026-07-23T09:11:55+0200,db3f74e3-4f49-42d6-88b6-ea3283c50514,2026-07-14T04:15:00Z,2026-07-14T06:15:00+0200,2708.808,MW,DE,DE_LU,actual_solar_generation,Solar,2026-07-23T07:13:23Z
2026-07-23T07:11:55Z,2026-07-23T09:11:55+0200,db3f74e3-4f49-42d6-88b6-ea3283c50514,2026-07-14T04:30:00Z,2026-07-14T06:30:00+0200,3782.663,MW,DE,DE_LU,actual_solar_generation,Solar,2026-07-23T07:13:23Z
2026-07-23T07:11:55Z,2026-07-23T09:11:55+0200,db3f74e3-4f49-42d6-88b6-ea3283c50514,2026-07-14T04:45:00Z,2026-07-14T06:45:00+0200,5086.691,MW,DE,DE_LU,actual_solar_generation,Solar,2026-07-23T07:13:23Z
2026-07-23T07:11:55Z,2026-07-23T09:11:55+0200,db3f74e3-4f49-42d6-88b6-ea3283c50514,2026-07-14T05:00:00Z,2026-07-14T07:00:00+0200,6583.128,MW,DE,DE_LU,actual_solar_generation,Solar,2026-07-23T07:13:23Z
2026-07-23T07:11:55Z,2026-07-23T09:11:55+0200,db3f74e3-4f49-42d6-88b6-ea3283c50514,2026-07-14T05:15:00Z,2026-07-14T07:15:00+0200,8215.159,MW,DE,DE_LU,actual_solar_generation,Solar,2026-07-23T07:13:23Z
2026-07-23T07:11:55Z,2026-07-23T09:11:55+0200,db3f74e3-4f49-42d6-88b6-ea3283c50514,2026-07-14T05:30:00Z,2026-07-14T07:30:00+0200,10118.658,MW,DE,DE_LU,actual_solar_generation,Solar,2026-07-23T07:13:23Z
2026-07-23T07:11:55Z,2026-07-23T09:11:55+0200,db3f74e3-4f49-42d6-88b6-ea3283c50514,2026-07-14T05:45:00Z,2026-07-14T07:45:00+0200,12104.021,MW,DE,DE_LU,actual_solar_generation,Solar,2026-07-23T07:13:23Z
2026-07-23T07:11:55Z,2026-07-23T09:11:55+0200,db3f74e3-4f49-42d6-88b6-ea3283c50514,2026-07-14T06:00:00Z,2026-07-14T08:00:00+0200,14215.665,MW,DE,DE_LU,actual_solar_generation,Solar,2026-07-23T07:13:23Z
2026-07-23T07:11:55Z,2026-07-23T09:11:55+0200,db3f74e3-4f49-42d6-88b6-ea3283c50514,2026-07-14T06:15:00Z,2026-07-14T08:15:00+0200,16424.754,MW,DE,DE_LU,actual_solar_generation,Solar,2026-07-23T07:13:23Z
2026-07-23T07:11:55Z,2026-07-23T09:11:55+0200,db3f74e3-4f49-42d6-88b6-ea3283c50514,2026-07-14T06:30:00Z,2026-07-14T08:30:00+0200,18538.329,MW,DE,DE_LU,actual_solar_generation,Solar,2026-07-23T07:13:23Z
2026-07-23T07:11:55Z,2026-07-23T09:11:55+0200,db3f74e3-4f49-42d6-88b6-ea3283c50514,2026-07-14T06:45:00Z,2026-07-14T08:45:00+0200,20951.102,MW,DE,DE_LU,actual_solar_generation,Solar,2026-07-23T07:13:23Z
2026-07-23T07:11:55Z,2026-07-23T09:11:55+0200,db3f74e3-4f49-42d6-88b6-ea3283c50514,2026-07-14T07:00:00Z,2026-07-14T09:00:00+0200,23296.596,MW,DE,DE_LU,actual_solar_generation,Solar,2026-07-23T07:13:23Z
2026-07-23T07:11:55Z,2026-07-23T09:11:55+0200,db3f74e3-4f49-42d6-88b6-ea3283c50514,2026-07-14T07:15:00Z,2026-07-14T09:15:00+0200,25304.17,MW,DE,DE_LU,actual_solar_generation,Solar,2026-07-23T07:13:23Z
2026-07-23T07:11:55Z,2026-07-23T09:11:55+0200,db3f74e3-4f49-42d6-88b6-ea3283c50514,2026-07-14T07:30:00Z,2026-07-14T09:30:00+0200,27173.754,MW,DE,DE_LU,actual_solar_generation,Solar,2026-07-23T07:13:23Z
2026-07-23T07:11:55Z,2026-07-23T09:11:55+0200,db3f74e3-4f49-42d6-88b6-ea3283c50514,2026-07-14T07:45:00Z,2026-07-14T09:45:00+0200,29415.198,MW,DE,DE_LU,actual_solar_generation,Solar,2026-07-23T07:13:23Z
2026-07-23T07:11:55Z,2026-07-23T09:11:55+0200,db3f74e3-4f49-42d6-88b6-ea3283c50514,2026-07-14T08:00:00Z,2026-07-14T10:00:00+0200,31583.456,MW,DE,DE_LU,actual_solar_generation,Solar,2026-07-23T07:13:23Z
2026-07-23T07:11:55Z,2026-07-23T09:11:55+0200,db3f74e3-4f49-42d6-88b6-ea3283c50514,2026-07-14T08:15:00Z,2026-07-14T10:15:00+0200,33851.163,MW,DE,DE_LU,actual_solar_generation,Solar,2026-07-23T07:13:23Z
2026-07-23T07:11:55Z,2026-07-23T09:11:55+0200,db3f74e3-4f49-42d6-88b6-ea3283c50514,2026-07-14T08:30:00Z,2026-07-14T10:30:00+0200,35822.142,MW,DE,DE_LU,actual_solar_generation,Solar,2026-07-23T07:13:23Z
2026-07-23T07:11:55Z,2026-07-23T09:11:55+0200,db3f74e3-4f49-42d6-88b6-ea3283c50514,2026-07-14T08:45:00Z,2026-07-14T10:45:00+0200,37513.668,MW,DE,DE_LU,actual_solar_generation,Solar,2026-07-23T07:13:23Z
2026-07-23T07:11:55Z,2026-07-23T09:11:55+0200,db3f74e3-4f49-42d6-88b6-ea3283c50514,2026-07-14T09:00:00Z,2026-07-14T11:00:00+0200,39047.146,MW,DE,DE_LU,actual_solar_generation,Solar,2026-07-23T07:13:23Z
2026-07-23T07:11:55Z,2026-07-23T09:11:55+0200,db3f74e3-4f49-42d6-88b6-ea3283c50514,2026-07-14T09:15:00Z,2026-07-14T11:15:00+0200,40472.269,MW,DE,DE_LU,actual_solar_generation,Solar,2026-07-23T07:13:23Z
2026-07-23T07:11:55Z,2026-07-23T09:11:55+0200,db3f74e3-4f49-42d6-88b6-ea3283c50514,2026-07-14T09:30:00Z,2026-07-14T11:30:00+0200,42027.254,MW,DE,DE_LU,actual_solar_generation,Solar,2026-07-23T07:13:23Z
2026-07-23T07:11:55Z,2026-07-23T09:11:55+0200,db3f74e3-4f49-42d6-88b6-ea3283c50514,2026-07-14T09:45:00Z,2026-07-14T11:45:00+0200,43130.381,MW,DE,DE_LU,actual_solar_generation,Solar,2026-07-23T07:13:23Z
2026-07-23T07:11:55Z,2026-07-23T09:11:55+0200,db3f74e3-4f49-42d6-88b6-ea3283c50514,2026-07-14T10:00:00Z,2026-07-14T12:00:00+0200,44308.975,MW,DE,DE_LU,actual_solar_generation,Solar,2026-07-23T07:13:23Z
2026-07-23T07:11:55Z,2026-07-23T09:11:55+0200,db3f74e3-4f49-42d6-88b6-ea3283c50514,2026-07-14T10:15:00Z,2026-07-14T12:15:00+0200,45389.418,MW,DE,DE_LU,actual_solar_generation,Solar,2026-07-23T07:13:23Z
2026-07-23T07:11:55Z,2026-07-23T09:11:55+0200,db3f74e3-4f49-42d6-88b6-ea3283c50514,2026-07-14T10:30:00Z,2026-07-14T12:30:00+0200,46510.735,MW,DE,DE_LU,actual_solar_generation,Solar,2026-07-23T07:13:23Z
2026-07-23T07:11:55Z,2026-07-23T09:11:55+0200,db3f74e3-4f49-42d6-88b6-ea3283c50514,2026-07-14T10:45:00Z,2026-07-14T12:45:00+0200,46995.495,MW,DE,DE_LU,actual_solar_generation,Solar,2026-07-23T07:13:23Z
2026-07-23T07:11:55Z,2026-07-23T09:11:55+0200,db3f74e3-4f49-42d6-88b6-ea3283c50514,2026-07-14T11:00:00Z,2026-07-14T13:00:00+0200,47641.3,MW,DE,DE_LU,actual_solar_generation,Solar,2026-07-23T07:13:23Z
2026-07-23T07:11:55Z,2026-07-23T09:11:55+0200,db3f74e3-4f49-42d6-88b6-ea3283c50514,2026-07-14T11:15:00Z,2026-07-14T13:15:00+0200,48070.922,MW,DE,DE_LU,actual_solar_generation,Solar,2026-07-23T07:13:23Z
2026-07-23T07:11:55Z,2026-07-23T09:11:55+0200,db3f74e3-4f49-42d6-88b6-ea3283c50514,2026-07-14T11:30:00Z,2026-07-14T13:30:00+0200,48238.278,MW,DE,DE_LU,actual_solar_generation,Solar,2026-07-23T07:13:23Z
2026-07-23T07:11:55Z,2026-07-23T09:11:55+0200,db3f74e3-4f49-42d6-88b6-ea3283c50514,2026-07-14T11:45:00Z,2026-07-14T13:45:00+0200,47796.411,MW,DE,DE_LU,actual_solar_generation,Solar,2026-07-23T07:13:23Z
2026-07-23T07:11:55Z,2026-07-23T09:11:55+0200,db3f74e3-4f49-42d6-88b6-ea3283c50514,2026-07-14T12:00:00Z,2026-07-14T14:00:00+0200,47172.897,MW,DE,DE_LU,actual_solar_generation,Solar,2026-07-23T07:13:23Z
2026-07-23T07:11:55Z,2026-07-23T09:11:55+0200,db3f74e3-4f49-42d6-88b6-ea3283c50514,2026-07-14T12:15:00Z,2026-07-14T14:15:00+0200,46150.094,MW,DE,DE_LU,actual_solar_generation,Solar,2026-07-23T07:13:23Z
2026-07-23T07:11:55Z,2026-07-23T09:11:55+0200,db3f74e3-4f49-42d6-88b6-ea3283c50514,2026-07-14T12:30:00Z,2026-07-14T14:30:00+0200,45820.884,MW,DE,DE_LU,actual_solar_generation,Solar,2026-07-23T07:13:23Z
2026-07-23T07:11:55Z,2026-07-23T09:11:55+0200,db3f74e3-4f49-42d6-88b6-ea3283c50514,2026-07-14T12:45:00Z,2026-07-14T14:45:00+0200,44738.091,MW,DE,DE_LU,actual_solar_generation,Solar,2026-07-23T07:13:23Z
2026-07-23T07:11:55Z,2026-07-23T09:11:55+0200,db3f74e3-4f49-42d6-88b6-ea3283c50514,2026-07-14T13:00:00Z,2026-07-14T15:00:00+0200,44010.761,MW,DE,DE_LU,actual_solar_generation,Solar,2026-07-23T07:13:23Z
2026-07-23T07:11:55Z,2026-07-23T09:11:55+0200,db3f74e3-4f49-42d6-88b6-ea3283c50514,2026-07-14T13:15:00Z,2026-07-14T15:15:00+0200,42311.781,MW,DE,DE_LU,actual_solar_generation,Solar,2026-07-23T07:13:23Z
2026-07-23T07:11:55Z,2026-07-23T09:11:55+0200,db3f74e3-4f49-42d6-88b6-ea3283c50514,2026-07-14T13:30:00Z,2026-07-14T15:30:00+0200,41193.691,MW,DE,DE_LU,actual_solar_generation,Solar,2026-07-23T07:13:23Z
2026-07-23T07:11:55Z,2026-07-23T09:11:55+0200,db3f74e3-4f49-42d6-88b6-ea3283c50514,2026-07-14T13:45:00Z,2026-07-14T15:45:00+0200,40091.983,MW,DE,DE_LU,actual_solar_generation,Solar,2026-07-23T07:13:23Z
2026-07-23T07:11:55Z,2026-07-23T09:11:55+0200,db3f74e3-4f49-42d6-88b6-ea3283c50514,2026-07-14T14:00:00Z,2026-07-14T16:00:00+0200,38777.511,MW,DE,DE_LU,actual_solar_generation,Solar,2026-07-23T07:13:23Z
2026-07-23T07:11:55Z,2026-07-23T09:11:55+0200,db3f74e3-4f49-42d6-88b6-ea3283c50514,2026-07-14T14:15:00Z,2026-07-14T16:15:00+0200,37168.155,MW,DE,DE_LU,actual_solar_generation,Solar,2026-07-23T07:13:23Z
2026-07-23T07:11:55Z,2026-07-23T09:11:55+0200,db3f74e3-4f49-42d6-88b6-ea3283c50514,2026-07-14T14:30:00Z,2026-07-14T16:30:00+0200,35061.611,MW,DE,DE_LU,actual_solar_generation,Solar,2026-07-23T07:13:23Z
2026-07-23T07:11:55Z,2026-07-23T09:11:55+0200,db3f74e3-4f49-42d6-88b6-ea3283c50514,2026-07-14T14:45:00Z,2026-07-14T16:45:00+0200,32606.169,MW,DE,DE_LU,actual_solar_generation,Solar,2026-07-23T07:13:23Z
2026-07-23T07:11:55Z,2026-07-23T09:11:55+0200,db3f74e3-4f49-42d6-88b6-ea3283c50514,2026-07-14T15:00:00Z,2026-07-14T17:00:00+0200,30179.355,MW,DE,DE_LU,actual_solar_generation,Solar,2026-07-23T07:13:23Z
2026-07-23T07:11:55Z,2026-07-23T09:11:55+0200,db3f74e3-4f49-42d6-88b6-ea3283c50514,2026-07-14T15:15:00Z,2026-07-14T17:15:00+0200,27708.883,MW,DE,DE_LU,actual_solar_generation,Solar,2026-07-23T07:13:23Z
2026-07-23T07:11:55Z,2026-07-23T09:11:55+0200,db3f74e3-4f49-42d6-88b6-ea3283c50514,2026-07-14T15:30:00Z,2026-07-14T17:30:00+0200,25130.373,MW,DE,DE_LU,actual_solar_generation,Solar,2026-07-23T07:13:23Z
2026-07-23T07:11:55Z,2026-07-23T09:11:55+0200,db3f74e3-4f49-42d6-88b6-ea3283c50514,2026-07-14T15:45:00Z,2026-07-14T17:45:00+0200,22434.361,MW,DE,DE_LU,actual_solar_generation,Solar,2026-07-23T07:13:23Z
2026-07-23T07:11:55Z,2026-07-23T09:11:55+0200,db3f74e3-4f49-42d6-88b6-ea3283c50514,2026-07-14T16:00:00Z,2026-07-14T18:00:00+0200,19866.091,MW,DE,DE_LU,actual_solar_generation,Solar,2026-07-23T07:13:23Z
2026-07-23T07:11:55Z,2026-07-23T09:11:55+0200,db3f74e3-4f49-42d6-88b6-ea3283c50514,2026-07-14T16:15:00Z,2026-07-14T18:15:00+0200,17275.802,MW,DE,DE_LU,actual_solar_generation,Solar,2026-07-23T07:13:23Z
2026-07-23T07:11:55Z,2026-07-23T09:11:55+0200,db3f74e3-4f49-42d6-88b6-ea3283c50514,2026-07-14T16:30:00Z,2026-07-14T18:30:00+0200,14873.867,MW,DE,DE_LU,actual_solar_generation,Solar,2026-07-23T07:13:23Z
2026-07-23T07:11:55Z,2026-07-23T09:11:55+0200,db3f74e3-4f49-42d6-88b6-ea3283c50514,2026-07-14T16:45:00Z,2026-07-14T18:45:00+0200,12514.433,MW,DE,DE_LU,actual_solar_generation,Solar,2026-07-23T07:13:23Z
2026-07-23T07:11:55Z,2026-07-23T09:11:55+0200,db3f74e3-4f49-42d6-88b6-ea3283c50514,2026-07-14T17:00:00Z,2026-07-14T19:00:00+0200,10535.442,MW,DE,DE_LU,actual_solar_generation,Solar,2026-07-23T07:13:23Z
2026-07-23T07:11:55Z,2026-07-23T09:11:55+0200,db3f74e3-4f49-42d6-88b6-ea3283c50514,2026-07-14T17:15:00Z,2026-07-14T19:15:00+0200,8674.341,MW,DE,DE_LU,actual_solar_generation,Solar,2026-07-23T07:13:23Z
2026-07-23T07:11:55Z,2026-07-23T09:11:55+0200,db3f74e3-4f49-42d6-88b6-ea3283c50514,2026-07-14T17:30:00Z,2026-07-14T19:30:00+0200,6938.34,MW,DE,DE_LU,actual_solar_generation,Solar,2026-07-23T07:13:23Z
2026-07-23T07:11:55Z,2026-07-23T09:11:55+0200,db3f74e3-4f49-42d6-88b6-ea3283c50514,2026-07-14T17:45:00Z,2026-07-14T19:45:00+0200,5339.012,MW,DE,DE_LU,actual_solar_generation,Solar,2026-07-23T07:13:23Z
2026-07-23T07:11:55Z,2026-07-23T09:11:55+0200,db3f74e3-4f49-42d6-88b6-ea3283c50514,2026-07-14T18:00:00Z,2026-07-14T20:00:00+0200,3915.07,MW,DE,DE_LU,actual_solar_generation,Solar,2026-07-23T07:13:23Z
2026-07-23T07:11:55Z,2026-07-23T09:11:55+0200,db3f74e3-4f49-42d6-88b6-ea3283c50514,2026-07-14T18:15:00Z,2026-07-14T20:15:00+0200,2754.768,MW,DE,DE_LU,actual_solar_generation,Solar,2026-07-23T07:13:23Z
2026-07-23T07:11:55Z,2026-07-23T09:11:55+0200,db3f74e3-4f49-42d6-88b6-ea3283c50514,2026-07-14T18:30:00Z,2026-07-14T20:30:00+0200,1814.751,MW,DE,DE_LU,actual_solar_generation,Solar,2026-07-23T07:13:23Z
2026-07-23T07:11:55Z,2026-07-23T09:11:55+0200,db3f74e3-4f49-42d6-88b6-ea3283c50514,2026-07-14T18:45:00Z,2026-07-14T20:45:00+0200,1037.889,MW,DE,DE_LU,actual_solar_generation,Solar,2026-07-23T07:13:23Z
2026-07-23T07:11:55Z,2026-07-23T09:11:55+0200,db3f74e3-4f49-42d6-88b6-ea3283c50514,2026-07-14T19:00:00Z,2026-07-14T21:00:00+0200,476.307,MW,DE,DE_LU,actual_solar_generation,Solar,2026-07-23T07:13:23Z
2026-07-23T07:11:55Z,2026-07-23T09:11:55+0200,db3f74e3-4f49-42d6-88b6-ea3283c50514,2026-07-14T19:15:00Z,2026-07-14T21:15:00+0200,157.139,MW,DE,DE_LU,actual_solar_generation,Solar,2026-07-23T07:13:23Z
2026-07-23T07:11:55Z,2026-07-23T09:11:55+0200,db3f74e3-4f49-42d6-88b6-ea3283c50514,2026-07-14T19:30:00Z,2026-07-14T21:30:00+0200,35.825,MW,DE,DE_LU,actual_solar_generation,Solar,2026-07-23T07:13:23Z
2026-07-23T07:11:55Z,2026-07-23T09:11:55+0200,db3f74e3-4f49-42d6-88b6-ea3283c50514,2026-07-14T19:45:00Z,2026-07-14T21:45:00+0200,3.883,MW,DE,DE_LU,actual_solar_generation,Solar,2026-07-23T07:13:23Z
2026-07-23T07:11:55Z,2026-07-23T09:11:55+0200,db3f74e3-4f49-42d6-88b6-ea3283c50514,2026-07-14T20:00:00Z,2026-07-14T22:00:00+0200,1.16,MW,DE,DE_LU,actual_solar_generation,Solar,2026-07-23T07:13:23Z
2026-07-23T07:11:55Z,2026-07-23T09:11:55+0200,db3f74e3-4f49-42d6-88b6-ea3283c50514,2026-07-14T20:15:00Z,2026-07-14T22:15:00+0200,0.248,MW,DE,DE_LU,actual_solar_generation,Solar,2026-07-23T07:13:23Z
2026-07-23T07:11:55Z,2026-07-23T09:11:55+0200,db3f74e3-4f49-42d6-88b6-ea3283c50514,2026-07-14T20:30:00Z,2026-07-14T22:30:00+0200,0.191,MW,DE,DE_LU,actual_solar_generation,Solar,2026-07-23T07:13:23Z
2026-07-23T07:11:55Z,2026-07-23T09:11:55+0200,db3f74e3-4f49-42d6-88b6-ea3283c50514,2026-07-14T20:45:00Z,2026-07-14T22:45:00+0200,0.163,MW,DE,DE_LU,actual_solar_generation,Solar,2026-07-23T07:13:23Z
2026-07-23T07:11:55Z,2026-07-23T09:11:55+0200,db3f74e3-4f49-42d6-88b6-ea3283c50514,2026-07-14T21:00:00Z,2026-07-14T23:00:00+0200,0.164,MW,DE,DE_LU,actual_solar_generation,Solar,2026-07-23T07:13:23Z
2026-07-23T07:11:55Z,2026-07-23T09:11:55+0200,db3f74e3-4f49-42d6-88b6-ea3283c50514,2026-07-14T21:15:00Z,2026-07-14T23:15:00+0200,0.152,MW,DE,DE_LU,actual_solar_generation,Solar,2026-07-23T07:13:23Z
2026-07-23T07:11:55Z,2026-07-23T09:11:55+0200,db3f74e3-4f49-42d6-88b6-ea3283c50514,2026-07-14T21:30:00Z,2026-07-14T23:30:00+0200,0.135,MW,DE,DE_LU,actual_solar_generation,Solar,2026-07-23T07:13:23Z
2026-07-23T07:11:55Z,2026-07-23T09:11:55+0200,db3f74e3-4f49-42d6-88b6-ea3283c50514,2026-07-14T21:45:00Z,2026-07-14T23:45:00+0200,0.143,MW,DE,DE_LU,actual_solar_generation,Solar,2026-07-23T07:13:23Z
2026-07-23T07:11:55Z,2026-07-23T09:11:55+0200,db3f74e3-4f49-42d6-88b6-ea3283c50514,2026-07-14T22:00:00Z,2026-07-15T00:00:00+0200,0.139,MW,DE,DE_LU,actual_solar_generation,Solar,2026-07-23T07:13:23Z
2026-07-23T07:11:55Z,2026-07-23T09:11:55+0200,db3f74e3-4f49-42d6-88b6-ea3283c50514,2026-07-14T22:15:00Z,2026-07-15T00:15:00+0200,0.12,MW,DE,DE_LU,actual_solar_generation,Solar,2026-07-23T07:13:23Z
2026-07-23T07:11:55Z,2026-07-23T09:11:55+0200,db3f74e3-4f49-42d6-88b6-ea3283c50514,2026-07-14T22:30:00Z,2026-07-15T00:30:00+0200,0.108,MW,DE,DE_LU,actual_solar_generation,Solar,2026-07-23T07:13:23Z
2026-07-23T07:11:55Z,2026-07-23T09:11:55+0200,db3f74e3-4f49-42d6-88b6-ea3283c50514,2026-07-14T22:45:00Z,2026-07-15T00:45:00+0200,0.099,MW,DE,DE_LU,actual_solar_generation,Solar,2026-07-23T07:13:23Z
2026-07-23T07:11:55Z,2026-07-23T09:11:55+0200,db3f74e3-4f49-42d6-88b6-ea3283c50514,2026-07-14T23:00:00Z,2026-07-15T01:00:00+0200,0.098,MW,DE,DE_LU,actual_solar_generation,Solar,2026-07-23T07:13:23Z
2026-07-23T07:11:55Z,2026-07-23T09:11:55+0200,db3f74e3-4f49-42d6-88b6-ea3283c50514,2026-07-14T23:15:00Z,2026-07-15T01:15:00+0200,0.098,MW,DE,DE_LU,actual_solar_generation,Solar,2026-07-23T07:13:23Z
2026-07-23T07:11:55Z,2026-07-23T09:11:55+0200,db3f74e3-4f49-42d6-88b6-ea3283c50514,2026-07-14T23:30:00Z,2026-07-15T01:30:00+0200,0.102,MW,DE,DE_LU,actual_solar_generation,Solar,2026-07-23T07:13:23Z
2026-07-23T07:11:55Z,2026-07-23T09:11:55+0200,db3f74e3-4f49-42d6-88b6-ea3283c50514,2026-07-14T23:45:00Z,2026-07-15T01:45:00+0200,0.106,MW,DE,DE_LU,actual_solar_generation,Solar,2026-07-23T07:13:23Z
2026-07-23T07:11:55Z,2026-07-23T09:11:55+0200,db3f74e3-4f49-42d6-88b6-ea3283c50514,2026-07-15T00:00:00Z,2026-07-15T02:00:00+0200,0.102,MW,DE,DE_LU,actual_solar_generation,Solar,2026-07-23T07:13:23Z
2026-07-23T07:11:55Z,2026-07-23T09:11:55+0200,db3f74e3-4f49-42d6-88b6-ea3283c50514,2026-07-15T00:15:00Z,2026-07-15T02:15:00+0200,0.078,MW,DE,DE_LU,actual_solar_generation,Solar,2026-07-23T07:13:23Z
2026-07-23T07:11:55Z,2026-07-23T09:11:55+0200,db3f74e3-4f49-42d6-88b6-ea3283c50514,2026-07-15T00:30:00Z,2026-07-15T02:30:00+0200,0.083,MW,DE,DE_LU,actual_solar_generation,Solar,2026-07-23T07:13:23Z
2026-07-23T07:11:55Z,2026-07-23T09:11:55+0200,db3f74e3-4f49-42d6-88b6-ea3283c50514,2026-07-15T00:45:00Z,2026-07-15T02:45:00+0200,0.086,MW,DE,DE_LU,actual_solar_generation,Solar,2026-07-23T07:13:23Z
2026-07-23T07:11:55Z,2026-07-23T09:11:55+0200,db3f74e3-4f49-42d6-88b6-ea3283c50514,2026-07-15T01:00:00Z,2026-07-15T03:00:00+0200,0.078,MW,DE,DE_LU,actual_solar_generation,Solar,2026-07-23T07:13:23Z
2026-07-23T07:11:55Z,2026-07-23T09:11:55+0200,db3f74e3-4f49-42d6-88b6-ea3283c50514,2026-07-15T01:15:00Z,2026-07-15T03:15:00+0200,0.076,MW,DE,DE_LU,actual_solar_generation,Solar,2026-07-23T07:13:23Z
2026-07-23T07:11:55Z,2026-07-23T09:11:55+0200,db3f74e3-4f49-42d6-88b6-ea3283c50514,2026-07-15T01:30:00Z,2026-07-15T03:30:00+0200,0.081,MW,DE,DE_LU,actual_solar_generation,Solar,2026-07-23T07:13:23Z
2026-07-23T07:11:55Z,2026-07-23T09:11:55+0200,db3f74e3-4f49-42d6-88b6-ea3283c50514,2026-07-15T01:45:00Z,2026-07-15T03:45:00+0200,0.075,MW,DE,DE_LU,actual_solar_generation,Solar,2026-07-23T07:13:23Z
2026-07-23T07:11:55Z,2026-07-23T09:11:55+0200,db3f74e3-4f49-42d6-88b6-ea3283c50514,2026-07-15T02:00:00Z,2026-07-15T04:00:00+0200,0.074,MW,DE,DE_LU,actual_solar_generation,Solar,2026-07-23T07:13:23Z
2026-07-23T07:11:55Z,2026-07-23T09:11:55+0200,db3f74e3-4f49-42d6-88b6-ea3283c50514,2026-07-15T02:15:00Z,2026-07-15T04:15:00+0200,0.083,MW,DE,DE_LU,actual_solar_generation,Solar,2026-07-23T07:13:23Z
2026-07-23T07:11:55Z,2026-07-23T09:11:55+0200,db3f74e3-4f49-42d6-88b6-ea3283c50514,2026-07-15T02:30:00Z,2026-07-15T04:30:00+0200,0.139,MW,DE,DE_LU,actual_solar_generation,Solar,2026-07-23T07:13:23Z
2026-07-23T07:11:55Z,2026-07-23T09:11:55+0200,db3f74e3-4f49-42d6-88b6-ea3283c50514,2026-07-15T02:45:00Z,2026-07-15T04:45:00+0200,1.618,MW,DE,DE_LU,actual_solar_generation,Solar,2026-07-23T07:13:23Z
2026-07-23T07:11:55Z,2026-07-23T09:11:55+0200,db3f74e3-4f49-42d6-88b6-ea3283c50514,2026-07-15T03:00:00Z,2026-07-15T05:00:00+0200,13.277,MW,DE,DE_LU,actual_solar_generation,Solar,2026-07-23T07:13:23Z
2026-07-23T07:11:55Z,2026-07-23T09:11:55+0200,db3f74e3-4f49-42d6-88b6-ea3283c50514,2026-07-15T03:15:00Z,2026-07-15T05:15:00+0200,73.563,MW,DE,DE_LU,actual_solar_generation,Solar,2026-07-23T07:13:23Z
2026-07-23T07:11:55Z,2026-07-23T09:11:55+0200,db3f74e3-4f49-42d6-88b6-ea3283c50514,2026-07-15T03:30:00Z,2026-07-15T05:30:00+0200,277.74,MW,DE,DE_LU,actual_solar_generation,Solar,2026-07-23T07:13:23Z
2026-07-23T07:11:55Z,2026-07-23T09:11:55+0200,db3f74e3-4f49-42d6-88b6-ea3283c50514,2026-07-15T03:45:00Z,2026-07-15T05:45:00+0200,936.772,MW,DE,DE_LU,actual_solar_generation,Solar,2026-07-23T07:13:23Z
2026-07-23T07:11:55Z,2026-07-23T09:11:55+0200,db3f74e3-4f49-42d6-88b6-ea3283c50514,2026-07-15T04:00:00Z,2026-07-15T06:00:00+0200,1800.148,MW,DE,DE_LU,actual_solar_generation,Solar,2026-07-23T07:13:23Z
2026-07-23T07:11:55Z,2026-07-23T09:11:55+0200,db3f74e3-4f49-42d6-88b6-ea3283c50514,2026-07-15T04:15:00Z,2026-07-15T06:15:00+0200,2844.976,MW,DE,DE_LU,actual_solar_generation,Solar,2026-07-23T07:13:23Z
2026-07-23T07:11:55Z,2026-07-23T09:11:55+0200,db3f74e3-4f49-42d6-88b6-ea3283c50514,2026-07-15T04:30:00Z,2026-07-15T06:30:00+0200,4068.872,MW,DE,DE_LU,actual_solar_generation,Solar,2026-07-23T07:13:23Z
2026-07-23T07:11:55Z,2026-07-23T09:11:55+0200,db3f74e3-4f49-42d6-88b6-ea3283c50514,2026-07-15T04:45:00Z,2026-07-15T06:45:00+0200,5561.856,MW,DE,DE_LU,actual_solar_generation,Solar,2026-07-23T07:13:23Z
2026-07-23T07:11:55Z,2026-07-23T09:11:55+0200,db3f74e3-4f49-42d6-88b6-ea3283c50514,2026-07-15T05:00:00Z,2026-07-15T07:00:00+0200,7348.363,MW,DE,DE_LU,actual_solar_generation,Solar,2026-07-23T07:13:23Z
2026-07-23T07:11:55Z,2026-07-23T09:11:55+0200,db3f74e3-4f49-42d6-88b6-ea3283c50514,2026-07-15T05:15:00Z,2026-07-15T07:15:00+0200,9338.35,MW,DE,DE_LU,actual_solar_generation,Solar,2026-07-23T07:13:23Z
2026-07-23T07:11:55Z,2026-07-23T09:11:55+0200,db3f74e3-4f49-42d6-88b6-ea3283c50514,2026-07-15T05:30:00Z,2026-07-15T07:30:00+0200,11573.289,MW,DE,DE_LU,actual_solar_generation,Solar,2026-07-23T07:13:23Z
2026-07-23T07:11:55Z,2026-07-23T09:11:55+0200,db3f74e3-4f49-42d6-88b6-ea3283c50514,2026-07-15T05:45:00Z,2026-07-15T07:45:00+0200,14044.404,MW,DE,DE_LU,actual_solar_generation,Solar,2026-07-23T07:13:23Z
2026-07-23T07:11:55Z,2026-07-23T09:11:55+0200,db3f74e3-4f49-42d6-88b6-ea3283c50514,2026-07-15T06:00:00Z,2026-07-15T08:00:00+0200,16688.591,MW,DE,DE_LU,actual_solar_generation,Solar,2026-07-23T07:13:23Z
2026-07-23T07:11:55Z,2026-07-23T09:11:55+0200,db3f74e3-4f49-42d6-88b6-ea3283c50514,2026-07-15T06:15:00Z,2026-07-15T08:15:00+0200,19385.228,MW,DE,DE_LU,actual_solar_generation,Solar,2026-07-23T07:13:23Z
2026-07-23T07:11:55Z,2026-07-23T09:11:55+0200,db3f74e3-4f49-42d6-88b6-ea3283c50514,2026-07-15T06:30:00Z,2026-07-15T08:30:00+0200,22075.03,MW,DE,DE_LU,actual_solar_generation,Solar,2026-07-23T07:13:23Z
2026-07-23T07:11:55Z,2026-07-23T09:11:55+0200,db3f74e3-4f49-42d6-88b6-ea3283c50514,2026-07-15T06:45:00Z,2026-07-15T08:45:00+0200,24732.705,MW,DE,DE_LU,actual_solar_generation,Solar,2026-07-23T07:13:23Z
2026-07-23T07:11:55Z,2026-07-23T09:11:55+0200,db3f74e3-4f49-42d6-88b6-ea3283c50514,2026-07-15T07:00:00Z,2026-07-15T09:00:00+0200,27440.459,MW,DE,DE_LU,actual_solar_generation,Solar,2026-07-23T07:13:23Z
2026-07-23T07:11:55Z,2026-07-23T09:11:55+0200,db3f74e3-4f49-42d6-88b6-ea3283c50514,2026-07-15T07:15:00Z,2026-07-15T09:15:00+0200,29698.705,MW,DE,DE_LU,actual_solar_generation,Solar,2026-07-23T07:13:23Z
2026-07-23T07:11:55Z,2026-07-23T09:11:55+0200,db3f74e3-4f49-42d6-88b6-ea3283c50514,2026-07-15T07:30:00Z,2026-07-15T09:30:00+0200,32156.761,MW,DE,DE_LU,actual_solar_generation,Solar,2026-07-23T07:13:23Z
2026-07-23T07:11:55Z,2026-07-23T09:11:55+0200,db3f74e3-4f49-42d6-88b6-ea3283c50514,2026-07-15T07:45:00Z,2026-07-15T09:45:00+0200,34298.463,MW,DE,DE_LU,actual_solar_generation,Solar,2026-07-23T07:13:23Z
2026-07-23T07:11:55Z,2026-07-23T09:11:55+0200,db3f74e3-4f49-42d6-88b6-ea3283c50514,2026-07-15T08:00:00Z,2026-07-15T10:00:00+0200,36488.805,MW,DE,DE_LU,actual_solar_generation,Solar,2026-07-23T07:13:23Z
2026-07-23T07:11:55Z,2026-07-23T09:11:55+0200,db3f74e3-4f49-42d6-88b6-ea3283c50514,2026-07-15T08:15:00Z,2026-07-15T10:15:00+0200,38787.976,MW,DE,DE_LU,actual_solar_generation,Solar,2026-07-23T07:13:23Z
2026-07-23T07:11:55Z,2026-07-23T09:11:55+0200,db3f74e3-4f49-42d6-88b6-ea3283c50514,2026-07-15T08:30:00Z,2026-07-15T10:30:00+0200,40690.153,MW,DE,DE_LU,actual_solar_generation,Solar,2026-07-23T07:13:23Z
2026-07-23T07:11:55Z,2026-07-23T09:11:55+0200,db3f74e3-4f49-42d6-88b6-ea3283c50514,2026-07-15T08:45:00Z,2026-07-15T10:45:00+0200,42145.964,MW,DE,DE_LU,actual_solar_generation,Solar,2026-07-23T07:13:23Z
2026-07-23T07:11:55Z,2026-07-23T09:11:55+0200,db3f74e3-4f49-42d6-88b6-ea3283c50514,2026-07-15T09:00:00Z,2026-07-15T11:00:00+0200,43605.309,MW,DE,DE_LU,actual_solar_generation,Solar,2026-07-23T07:13:23Z
2026-07-23T07:11:55Z,2026-07-23T09:11:55+0200,db3f74e3-4f49-42d6-88b6-ea3283c50514,2026-07-15T09:15:00Z,2026-07-15T11:15:00+0200,44716.305,MW,DE,DE_LU,actual_solar_generation,Solar,2026-07-23T07:13:23Z
2026-07-23T07:11:55Z,2026-07-23T09:11:55+0200,db3f74e3-4f49-42d6-88b6-ea3283c50514,2026-07-15T09:30:00Z,2026-07-15T11:30:00+0200,45861.813,MW,DE,DE_LU,actual_solar_generation,Solar,2026-07-23T07:13:23Z
2026-07-23T07:11:55Z,2026-07-23T09:11:55+0200,db3f74e3-4f49-42d6-88b6-ea3283c50514,2026-07-15T09:45:00Z,2026-07-15T11:45:00+0200,46848.669,MW,DE,DE_LU,actual_solar_generation,Solar,2026-07-23T07:13:23Z
2026-07-23T07:11:55Z,2026-07-23T09:11:55+0200,db3f74e3-4f49-42d6-88b6-ea3283c50514,2026-07-15T10:00:00Z,2026-07-15T12:00:00+0200,47395.351,MW,DE,DE_LU,actual_solar_generation,Solar,2026-07-23T07:13:23Z
2026-07-23T07:11:55Z,2026-07-23T09:11:55+0200,db3f74e3-4f49-42d6-88b6-ea3283c50514,2026-07-15T10:15:00Z,2026-07-15T12:15:00+0200,48182.956,MW,DE,DE_LU,actual_solar_generation,Solar,2026-07-23T07:13:23Z
2026-07-23T07:11:55Z,2026-07-23T09:11:55+0200,db3f74e3-4f49-42d6-88b6-ea3283c50514,2026-07-15T10:30:00Z,2026-07-15T12:30:00+0200,48493.382,MW,DE,DE_LU,actual_solar_generation,Solar,2026-07-23T07:13:23Z
2026-07-23T07:11:55Z,2026-07-23T09:11:55+0200,db3f74e3-4f49-42d6-88b6-ea3283c50514,2026-07-15T10:45:00Z,2026-07-15T12:45:00+0200,48883.885,MW,DE,DE_LU,actual_solar_generation,Solar,2026-07-23T07:13:23Z
2026-07-23T07:11:55Z,2026-07-23T09:11:55+0200,db3f74e3-4f49-42d6-88b6-ea3283c50514,2026-07-15T11:00:00Z,2026-07-15T13:00:00+0200,48814.283,MW,DE,DE_LU,actual_solar_generation,Solar,2026-07-23T07:13:23Z
2026-07-23T07:11:55Z,2026-07-23T09:11:55+0200,db3f74e3-4f49-42d6-88b6-ea3283c50514,2026-07-15T11:15:00Z,2026-07-15T13:15:00+0200,48951.666,MW,DE,DE_LU,actual_solar_generation,Solar,2026-07-23T07:13:23Z
2026-07-23T07:11:55Z,2026-07-23T09:11:55+0200,db3f74e3-4f49-42d6-88b6-ea3283c50514,2026-07-15T11:30:00Z,2026-07-15T13:30:00+0200,48332.191,MW,DE,DE_LU,actual_solar_generation,Solar,2026-07-23T07:13:23Z
2026-07-23T07:11:55Z,2026-07-23T09:11:55+0200,db3f74e3-4f49-42d6-88b6-ea3283c50514,2026-07-15T11:45:00Z,2026-07-15T13:45:00+0200,47852.489,MW,DE,DE_LU,actual_solar_generation,Solar,2026-07-23T07:13:23Z
2026-07-23T07:11:55Z,2026-07-23T09:11:55+0200,db3f74e3-4f49-42d6-88b6-ea3283c50514,2026-07-15T12:00:00Z,2026-07-15T14:00:00+0200,47084.608,MW,DE,DE_LU,actual_solar_generation,Solar,2026-07-23T07:13:23Z
2026-07-23T07:11:55Z,2026-07-23T09:11:55+0200,db3f74e3-4f49-42d6-88b6-ea3283c50514,2026-07-15T12:15:00Z,2026-07-15T14:15:00+0200,46017.8,MW,DE,DE_LU,actual_solar_generation,Solar,2026-07-23T07:13:23Z
2026-07-23T07:11:55Z,2026-07-23T09:11:55+0200,db3f74e3-4f49-42d6-88b6-ea3283c50514,2026-07-15T12:30:00Z,2026-07-15T14:30:00+0200,44960.317,MW,DE,DE_LU,actual_solar_generation,Solar,2026-07-23T07:13:23Z
2026-07-23T07:11:55Z,2026-07-23T09:11:55+0200,db3f74e3-4f49-42d6-88b6-ea3283c50514,2026-07-15T12:45:00Z,2026-07-15T14:45:00+0200,43756.016,MW,DE,DE_LU,actual_solar_generation,Solar,2026-07-23T07:13:23Z
2026-07-23T07:11:55Z,2026-07-23T09:11:55+0200,db3f74e3-4f49-42d6-88b6-ea3283c50514,2026-07-15T13:00:00Z,2026-07-15T15:00:00+0200,42618.25,MW,DE,DE_LU,actual_solar_generation,Solar,2026-07-23T07:13:23Z
2026-07-23T07:11:55Z,2026-07-23T09:11:55+0200,db3f74e3-4f49-42d6-88b6-ea3283c50514,2026-07-15T13:15:00Z,2026-07-15T15:15:00+0200,41492.847,MW,DE,DE_LU,actual_solar_generation,Solar,2026-07-23T07:13:23Z
2026-07-23T07:11:55Z,2026-07-23T09:11:55+0200,db3f74e3-4f49-42d6-88b6-ea3283c50514,2026-07-15T13:30:00Z,2026-07-15T15:30:00+0200,39963.404,MW,DE,DE_LU,actual_solar_generation,Solar,2026-07-23T07:13:23Z
2026-07-23T07:11:55Z,2026-07-23T09:11:55+0200,db3f74e3-4f49-42d6-88b6-ea3283c50514,2026-07-15T13:45:00Z,2026-07-15T15:45:00+0200,38094.095,MW,DE,DE_LU,actual_solar_generation,Solar,2026-07-23T07:13:23Z
2026-07-23T07:11:55Z,2026-07-23T09:11:55+0200,db3f74e3-4f49-42d6-88b6-ea3283c50514,2026-07-15T14:00:00Z,2026-07-15T16:00:00+0200,36727.393,MW,DE,DE_LU,actual_solar_generation,Solar,2026-07-23T07:13:23Z
2026-07-23T07:11:55Z,2026-07-23T09:11:55+0200,db3f74e3-4f49-42d6-88b6-ea3283c50514,2026-07-15T14:15:00Z,2026-07-15T16:15:00+0200,34718.769,MW,DE,DE_LU,actual_solar_generation,Solar,2026-07-23T07:13:23Z
2026-07-23T07:11:55Z,2026-07-23T09:11:55+0200,db3f74e3-4f49-42d6-88b6-ea3283c50514,2026-07-15T14:30:00Z,2026-07-15T16:30:00+0200,32626.071,MW,DE,DE_LU,actual_solar_generation,Solar,2026-07-23T07:13:23Z
2026-07-23T07:11:55Z,2026-07-23T09:11:55+0200,db3f74e3-4f49-42d6-88b6-ea3283c50514,2026-07-15T14:45:00Z,2026-07-15T16:45:00+0200,30416.495,MW,DE,DE_LU,actual_solar_generation,Solar,2026-07-23T07:13:23Z
2026-07-23T07:11:55Z,2026-07-23T09:11:55+0200,db3f74e3-4f49-42d6-88b6-ea3283c50514,2026-07-15T15:00:00Z,2026-07-15T17:00:00+0200,28324.703,MW,DE,DE_LU,actual_solar_generation,Solar,2026-07-23T07:13:23Z
2026-07-23T07:11:55Z,2026-07-23T09:11:55+0200,db3f74e3-4f49-42d6-88b6-ea3283c50514,2026-07-15T15:15:00Z,2026-07-15T17:15:00+0200,26333.833,MW,DE,DE_LU,actual_solar_generation,Solar,2026-07-23T07:13:23Z
2026-07-23T07:11:55Z,2026-07-23T09:11:55+0200,db3f74e3-4f49-42d6-88b6-ea3283c50514,2026-07-15T15:30:00Z,2026-07-15T17:30:00+0200,23918.511,MW,DE,DE_LU,actual_solar_generation,Solar,2026-07-23T07:13:23Z
2026-07-23T07:11:55Z,2026-07-23T09:11:55+0200,db3f74e3-4f49-42d6-88b6-ea3283c50514,2026-07-15T15:45:00Z,2026-07-15T17:45:00+0200,21484.671,MW,DE,DE_LU,actual_solar_generation,Solar,2026-07-23T07:13:23Z
2026-07-23T07:11:55Z,2026-07-23T09:11:55+0200,db3f74e3-4f49-42d6-88b6-ea3283c50514,2026-07-15T16:00:00Z,2026-07-15T18:00:00+0200,19393.477,MW,DE,DE_LU,actual_solar_generation,Solar,2026-07-23T07:13:23Z
2026-07-23T07:11:55Z,2026-07-23T09:11:55+0200,db3f74e3-4f49-42d6-88b6-ea3283c50514,2026-07-15T16:15:00Z,2026-07-15T18:15:00+0200,17074.28,MW,DE,DE_LU,actual_solar_generation,Solar,2026-07-23T07:13:23Z
2026-07-23T07:11:55Z,2026-07-23T09:11:55+0200,db3f74e3-4f49-42d6-88b6-ea3283c50514,2026-07-15T16:30:00Z,2026-07-15T18:30:00+0200,14800.665,MW,DE,DE_LU,actual_solar_generation,Solar,2026-07-23T07:13:23Z
2026-07-23T07:11:55Z,2026-07-23T09:11:55+0200,db3f74e3-4f49-42d6-88b6-ea3283c50514,2026-07-15T16:45:00Z,2026-07-15T18:45:00+0200,12390.779,MW,DE,DE_LU,actual_solar_generation,Solar,2026-07-23T07:13:23Z
2026-07-23T07:11:55Z,2026-07-23T09:11:55+0200,db3f74e3-4f49-42d6-88b6-ea3283c50514,2026-07-15T17:00:00Z,2026-07-15T19:00:00+0200,10248.949,MW,DE,DE_LU,actual_solar_generation,Solar,2026-07-23T07:13:23Z
2026-07-23T07:11:55Z,2026-07-23T09:11:55+0200,db3f74e3-4f49-42d6-88b6-ea3283c50514,2026-07-15T17:15:00Z,2026-07-15T19:15:00+0200,8363.226,MW,DE,DE_LU,actual_solar_generation,Solar,2026-07-23T07:13:23Z
2026-07-23T07:11:55Z,2026-07-23T09:11:55+0200,db3f74e3-4f49-42d6-88b6-ea3283c50514,2026-07-15T17:30:00Z,2026-07-15T19:30:00+0200,6588.847,MW,DE,DE_LU,actual_solar_generation,Solar,2026-07-23T07:13:23Z
2026-07-23T07:11:55Z,2026-07-23T09:11:55+0200,db3f74e3-4f49-42d6-88b6-ea3283c50514,2026-07-15T17:45:00Z,2026-07-15T19:45:00+0200,5019.489,MW,DE,DE_LU,actual_solar_generation,Solar,2026-07-23T07:13:23Z
2026-07-23T07:11:55Z,2026-07-23T09:11:55+0200,db3f74e3-4f49-42d6-88b6-ea3283c50514,2026-07-15T18:00:00Z,2026-07-15T20:00:00+0200,3676.692,MW,DE,DE_LU,actual_solar_generation,Solar,2026-07-23T07:13:23Z
2026-07-23T07:11:55Z,2026-07-23T09:11:55+0200,db3f74e3-4f49-42d6-88b6-ea3283c50514,2026-07-15T18:15:00Z,2026-07-15T20:15:00+0200,2592.63,MW,DE,DE_LU,actual_solar_generation,Solar,2026-07-23T07:13:23Z
2026-07-23T07:11:55Z,2026-07-23T09:11:55+0200,db3f74e3-4f49-42d6-88b6-ea3283c50514,2026-07-15T18:30:00Z,2026-07-15T20:30:00+0200,1684.288,MW,DE,DE_LU,actual_solar_generation,Solar,2026-07-23T07:13:23Z
2026-07-23T07:11:55Z,2026-07-23T09:11:55+0200,db3f74e3-4f49-42d6-88b6-ea3283c50514,2026-07-15T18:45:00Z,2026-07-15T20:45:00+0200,942.92,MW,DE,DE_LU,actual_solar_generation,Solar,2026-07-23T07:13:23Z
2026-07-23T07:11:55Z,2026-07-23T09:11:55+0200,db3f74e3-4f49-42d6-88b6-ea3283c50514,2026-07-15T19:00:00Z,2026-07-15T21:00:00+0200,406.239,MW,DE,DE_LU,actual_solar_generation,Solar,2026-07-23T07:13:23Z
2026-07-23T07:11:55Z,2026-07-23T09:11:55+0200,db3f74e3-4f49-42d6-88b6-ea3283c50514,2026-07-15T19:15:00Z,2026-07-15T21:15:00+0200,123.622,MW,DE,DE_LU,actual_solar_generation,Solar,2026-07-23T07:13:23Z
2026-07-23T07:11:55Z,2026-07-23T09:11:55+0200,db3f74e3-4f49-42d6-88b6-ea3283c50514,2026-07-15T19:30:00Z,2026-07-15T21:30:00+0200,27.53,MW,DE,DE_LU,actual_solar_generation,Solar,2026-07-23T07:13:23Z
2026-07-23T07:11:55Z,2026-07-23T09:11:55+0200,db3f74e3-4f49-42d6-88b6-ea3283c50514,2026-07-15T19:45:00Z,2026-07-15T21:45:00+0200,4.042,MW,DE,DE_LU,actual_solar_generation,Solar,2026-07-23T07:13:23Z
2026-07-23T07:11:55Z,2026-07-23T09:11:55+0200,db3f74e3-4f49-42d6-88b6-ea3283c50514,2026-07-15T20:00:00Z,2026-07-15T22:00:00+0200,0.885,MW,DE,DE_LU,actual_solar_generation,Solar,2026-07-23T07:13:23Z
2026-07-23T07:11:55Z,2026-07-23T09:11:55+0200,db3f74e3-4f49-42d6-88b6-ea3283c50514,2026-07-15T20:15:00Z,2026-07-15T22:15:00+0200,0.247,MW,DE,DE_LU,actual_solar_generation,Solar,2026-07-23T07:13:23Z
2026-07-23T07:11:55Z,2026-07-23T09:11:55+0200,db3f74e3-4f49-42d6-88b6-ea3283c50514,2026-07-15T20:30:00Z,2026-07-15T22:30:00+0200,0.201,MW,DE,DE_LU,actual_solar_generation,Solar,2026-07-23T07:13:23Z
2026-07-23T07:11:55Z,2026-07-23T09:11:55+0200,db3f74e3-4f49-42d6-88b6-ea3283c50514,2026-07-15T20:45:00Z,2026-07-15T22:45:00+0200,0.186,MW,DE,DE_LU,actual_solar_generation,Solar,2026-07-23T07:13:23Z
2026-07-23T07:11:55Z,2026-07-23T09:11:55+0200,db3f74e3-4f49-42d6-88b6-ea3283c50514,2026-07-15T21:00:00Z,2026-07-15T23:00:00+0200,0.181,MW,DE,DE_LU,actual_solar_generation,Solar,2026-07-23T07:13:23Z
2026-07-23T07:11:55Z,2026-07-23T09:11:55+0200,db3f74e3-4f49-42d6-88b6-ea3283c50514,2026-07-15T21:15:00Z,2026-07-15T23:15:00+0200,0.165,MW,DE,DE_LU,actual_solar_generation,Solar,2026-07-23T07:13:23Z
2026-07-23T07:11:55Z,2026-07-23T09:11:55+0200,db3f74e3-4f49-42d6-88b6-ea3283c50514,2026-07-15T21:30:00Z,2026-07-15T23:30:00+0200,0.159,MW,DE,DE_LU,actual_solar_generation,Solar,2026-07-23T07:13:23Z
2026-07-23T07:11:55Z,2026-07-23T09:11:55+0200,db3f74e3-4f49-42d6-88b6-ea3283c50514,2026-07-15T21:45:00Z,2026-07-15T23:45:00+0200,0.147,MW,DE,DE_LU,actual_solar_generation,Solar,2026-07-23T07:13:23Z
2026-07-23T07:11:55Z,2026-07-23T09:11:55+0200,db3f74e3-4f49-42d6-88b6-ea3283c50514,2026-07-15T22:00:00Z,2026-07-16T00:00:00+0200,0.15,MW,DE,DE_LU,actual_solar_generation,Solar,2026-07-23T07:13:23Z
2026-07-23T07:11:55Z,2026-07-23T09:11:55+0200,db3f74e3-4f49-42d6-88b6-ea3283c50514,2026-07-15T22:15:00Z,2026-07-16T00:15:00+0200,0.132,MW,DE,DE_LU,actual_solar_generation,Solar,2026-07-23T07:13:23Z
2026-07-23T07:11:55Z,2026-07-23T09:11:55+0200,db3f74e3-4f49-42d6-88b6-ea3283c50514,2026-07-15T22:30:00Z,2026-07-16T00:30:00+0200,0.123,MW,DE,DE_LU,actual_solar_generation,Solar,2026-07-23T07:13:23Z
2026-07-23T07:11:55Z,2026-07-23T09:11:55+0200,db3f74e3-4f49-42d6-88b6-ea3283c50514,2026-07-15T22:45:00Z,2026-07-16T00:45:00+0200,0.129,MW,DE,DE_LU,actual_solar_generation,Solar,2026-07-23T07:13:23Z
2026-07-23T07:11:55Z,2026-07-23T09:11:55+0200,db3f74e3-4f49-42d6-88b6-ea3283c50514,2026-07-15T23:00:00Z,2026-07-16T01:00:00+0200,0.125,MW,DE,DE_LU,actual_solar_generation,Solar,2026-07-23T07:13:23Z
2026-07-23T07:11:55Z,2026-07-23T09:11:55+0200,db3f74e3-4f49-42d6-88b6-ea3283c50514,2026-07-15T23:15:00Z,2026-07-16T01:15:00+0200,0.123,MW,DE,DE_LU,actual_solar_generation,Solar,2026-07-23T07:13:23Z
2026-07-23T07:11:55Z,2026-07-23T09:11:55+0200,db3f74e3-4f49-42d6-88b6-ea3283c50514,2026-07-15T23:30:00Z,2026-07-16T01:30:00+0200,0.111,MW,DE,DE_LU,actual_solar_generation,Solar,2026-07-23T07:13:23Z
2026-07-23T07:11:55Z,2026-07-23T09:11:55+0200,db3f74e3-4f49-42d6-88b6-ea3283c50514,2026-07-15T23:45:00Z,2026-07-16T01:45:00+0200,0.105,MW,DE,DE_LU,actual_solar_generation,Solar,2026-07-23T07:13:23Z
2026-07-23T07:11:55Z,2026-07-23T09:11:55+0200,db3f74e3-4f49-42d6-88b6-ea3283c50514,2026-07-16T00:00:00Z,2026-07-16T02:00:00+0200,0.099,MW,DE,DE_LU,actual_solar_generation,Solar,2026-07-23T07:13:23Z
2026-07-23T07:11:55Z,2026-07-23T09:11:55+0200,db3f74e3-4f49-42d6-88b6-ea3283c50514,2026-07-16T00:15:00Z,2026-07-16T02:15:00+0200,0.102,MW,DE,DE_LU,actual_solar_generation,Solar,2026-07-23T07:13:23Z
2026-07-23T07:11:55Z,2026-07-23T09:11:55+0200,db3f74e3-4f49-42d6-88b6-ea3283c50514,2026-07-16T00:30:00Z,2026-07-16T02:30:00+0200,0.096,MW,DE,DE_LU,actual_solar_generation,Solar,2026-07-23T07:13:23Z
2026-07-23T07:11:55Z,2026-07-23T09:11:55+0200,db3f74e3-4f49-42d6-88b6-ea3283c50514,2026-07-16T00:45:00Z,2026-07-16T02:45:00+0200,0.098,MW,DE,DE_LU,actual_solar_generation,Solar,2026-07-23T07:13:23Z
2026-07-23T07:11:55Z,2026-07-23T09:11:55+0200,db3f74e3-4f49-42d6-88b6-ea3283c50514,2026-07-16T01:00:00Z,2026-07-16T03:00:00+0200,0.089,MW,DE,DE_LU,actual_solar_generation,Solar,2026-07-23T07:13:23Z
2026-07-23T07:11:55Z,2026-07-23T09:11:55+0200,db3f74e3-4f49-42d6-88b6-ea3283c50514,2026-07-16T01:15:00Z,2026-07-16T03:15:00+0200,0.086,MW,DE,DE_LU,actual_solar_generation,Solar,2026-07-23T07:13:23Z
2026-07-23T07:11:55Z,2026-07-23T09:11:55+0200,db3f74e3-4f49-42d6-88b6-ea3283c50514,2026-07-16T01:30:00Z,2026-07-16T03:30:00+0200,0.084,MW,DE,DE_LU,actual_solar_generation,Solar,2026-07-23T07:13:23Z
2026-07-23T07:11:55Z,2026-07-23T09:11:55+0200,db3f74e3-4f49-42d6-88b6-ea3283c50514,2026-07-16T01:45:00Z,2026-07-16T03:45:00+0200,0.085,MW,DE,DE_LU,actual_solar_generation,Solar,2026-07-23T07:13:23Z
2026-07-23T07:11:55Z,2026-07-23T09:11:55+0200,db3f74e3-4f49-42d6-88b6-ea3283c50514,2026-07-16T02:00:00Z,2026-07-16T04:00:00+0200,0.079,MW,DE,DE_LU,actual_solar_generation,Solar,2026-07-23T07:13:23Z
2026-07-23T07:11:55Z,2026-07-23T09:11:55+0200,db3f74e3-4f49-42d6-88b6-ea3283c50514,2026-07-16T02:15:00Z,2026-07-16T04:15:00+0200,0.075,MW,DE,DE_LU,actual_solar_generation,Solar,2026-07-23T07:13:23Z
2026-07-23T07:11:55Z,2026-07-23T09:11:55+0200,db3f74e3-4f49-42d6-88b6-ea3283c50514,2026-07-16T02:30:00Z,2026-07-16T04:30:00+0200,0.092,MW,DE,DE_LU,actual_solar_generation,Solar,2026-07-23T07:13:23Z
2026-07-23T07:11:55Z,2026-07-23T09:11:55+0200,db3f74e3-4f49-42d6-88b6-ea3283c50514,2026-07-16T02:45:00Z,2026-07-16T04:45:00+0200,0.995,MW,DE,DE_LU,actual_solar_generation,Solar,2026-07-23T07:13:23Z
2026-07-23T07:11:55Z,2026-07-23T09:11:55+0200,db3f74e3-4f49-42d6-88b6-ea3283c50514,2026-07-16T03:00:00Z,2026-07-16T05:00:00+0200,12.389,MW,DE,DE_LU,actual_solar_generation,Solar,2026-07-23T07:13:23Z
2026-07-23T07:11:55Z,2026-07-23T09:11:55+0200,db3f74e3-4f49-42d6-88b6-ea3283c50514,2026-07-16T03:15:00Z,2026-07-16T05:15:00+0200,77.302,MW,DE,DE_LU,actual_solar_generation,Solar,2026-07-23T07:13:23Z
2026-07-23T07:11:55Z,2026-07-23T09:11:55+0200,db3f74e3-4f49-42d6-88b6-ea3283c50514,2026-07-16T03:30:00Z,2026-07-16T05:30:00+0200,265.226,MW,DE,DE_LU,actual_solar_generation,Solar,2026-07-23T07:13:23Z
2026-07-23T07:11:55Z,2026-07-23T09:11:55+0200,db3f74e3-4f49-42d6-88b6-ea3283c50514,2026-07-16T03:45:00Z,2026-07-16T05:45:00+0200,790.463,MW,DE,DE_LU,actual_solar_generation,Solar,2026-07-23T07:13:23Z
2026-07-23T07:11:55Z,2026-07-23T09:11:55+0200,db3f74e3-4f49-42d6-88b6-ea3283c50514,2026-07-16T04:00:00Z,2026-07-16T06:00:00+0200,1597.276,MW,DE,DE_LU,actual_solar_generation,Solar,2026-07-23T07:13:23Z
2026-07-23T07:11:55Z,2026-07-23T09:11:55+0200,db3f74e3-4f49-42d6-88b6-ea3283c50514,2026-07-16T04:15:00Z,2026-07-16T06:15:00+0200,2578.185,MW,DE,DE_LU,actual_solar_generation,Solar,2026-07-23T07:13:23Z
2026-07-23T07:11:55Z,2026-07-23T09:11:55+0200,db3f74e3-4f49-42d6-88b6-ea3283c50514,2026-07-16T04:30:00Z,2026-07-16T06:30:00+0200,3801.676,MW,DE,DE_LU,actual_solar_generation,Solar,2026-07-23T07:13:23Z
2026-07-23T07:11:55Z,2026-07-23T09:11:55+0200,db3f74e3-4f49-42d6-88b6-ea3283c50514,2026-07-16T04:45:00Z,2026-07-16T06:45:00+0200,5270.188,MW,DE,DE_LU,actual_solar_generation,Solar,2026-07-23T07:13:23Z
2026-07-23T07:11:55Z,2026-07-23T09:11:55+0200,db3f74e3-4f49-42d6-88b6-ea3283c50514,2026-07-16T05:00:00Z,2026-07-16T07:00:00+0200,6952.454,MW,DE,DE_LU,actual_solar_generation,Solar,2026-07-23T07:13:23Z
2026-07-23T07:11:55Z,2026-07-23T09:11:55+0200,db3f74e3-4f49-42d6-88b6-ea3283c50514,2026-07-16T05:15:00Z,2026-07-16T07:15:00+0200,8859.387,MW,DE,DE_LU,actual_solar_generation,Solar,2026-07-23T07:13:23Z
2026-07-23T07:11:55Z,2026-07-23T09:11:55+0200,db3f74e3-4f49-42d6-88b6-ea3283c50514,2026-07-16T05:30:00Z,2026-07-16T07:30:00+0200,11145.03,MW,DE,DE_LU,actual_solar_generation,Solar,2026-07-23T07:13:23Z
2026-07-23T07:11:55Z,2026-07-23T09:11:55+0200,db3f74e3-4f49-42d6-88b6-ea3283c50514,2026-07-16T05:45:00Z,2026-07-16T07:45:00+0200,13716.73,MW,DE,DE_LU,actual_solar_generation,Solar,2026-07-23T07:13:23Z
2026-07-23T07:11:55Z,2026-07-23T09:11:55+0200,db3f74e3-4f49-42d6-88b6-ea3283c50514,2026-07-16T06:00:00Z,2026-07-16T08:00:00+0200,16380.867,MW,DE,DE_LU,actual_solar_generation,Solar,2026-07-23T07:13:23Z
2026-07-23T07:11:55Z,2026-07-23T09:11:55+0200,db3f74e3-4f49-42d6-88b6-ea3283c50514,2026-07-16T06:15:00Z,2026-07-16T08:15:00+0200,19297.879,MW,DE,DE_LU,actual_solar_generation,Solar,2026-07-23T07:13:23Z
2026-07-23T07:11:55Z,2026-07-23T09:11:55+0200,db3f74e3-4f49-42d6-88b6-ea3283c50514,2026-07-16T06:30:00Z,2026-07-16T08:30:00+0200,22198.511,MW,DE,DE_LU,actual_solar_generation,Solar,2026-07-23T07:13:23Z
2026-07-23T07:11:55Z,2026-07-23T09:11:55+0200,db3f74e3-4f49-42d6-88b6-ea3283c50514,2026-07-16T06:45:00Z,2026-07-16T08:45:00+0200,25209.524,MW,DE,DE_LU,actual_solar_generation,Solar,2026-07-23T07:13:23Z
2026-07-23T07:11:55Z,2026-07-23T09:11:55+0200,db3f74e3-4f49-42d6-88b6-ea3283c50514,2026-07-16T07:00:00Z,2026-07-16T09:00:00+0200,28375.861,MW,DE,DE_LU,actual_solar_generation,Solar,2026-07-23T07:13:23Z
2026-07-23T07:11:55Z,2026-07-23T09:11:55+0200,db3f74e3-4f49-42d6-88b6-ea3283c50514,2026-07-16T07:15:00Z,2026-07-16T09:15:00+0200,31376.771,MW,DE,DE_LU,actual_solar_generation,Solar,2026-07-23T07:13:23Z
2026-07-23T07:11:55Z,2026-07-23T09:11:55+0200,db3f74e3-4f49-42d6-88b6-ea3283c50514,2026-07-16T07:30:00Z,2026-07-16T09:30:00+0200,33972.91,MW,DE,DE_LU,actual_solar_generation,Solar,2026-07-23T07:13:23Z
2026-07-23T07:11:55Z,2026-07-23T09:11:55+0200,db3f74e3-4f49-42d6-88b6-ea3283c50514,2026-07-16T07:45:00Z,2026-07-16T09:45:00+0200,36559.969,MW,DE,DE_LU,actual_solar_generation,Solar,2026-07-23T07:13:23Z
2026-07-23T07:11:55Z,2026-07-23T09:11:55+0200,db3f74e3-4f49-42d6-88b6-ea3283c50514,2026-07-16T08:00:00Z,2026-07-16T10:00:00+0200,38829.076,MW,DE,DE_LU,actual_solar_generation,Solar,2026-07-23T07:13:23Z
2026-07-23T07:11:55Z,2026-07-23T09:11:55+0200,db3f74e3-4f49-42d6-88b6-ea3283c50514,2026-07-16T08:15:00Z,2026-07-16T10:15:00+0200,40882.016,MW,DE,DE_LU,actual_solar_generation,Solar,2026-07-23T07:13:23Z
2026-07-23T07:11:55Z,2026-07-23T09:11:55+0200,db3f74e3-4f49-42d6-88b6-ea3283c50514,2026-07-16T08:30:00Z,2026-07-16T10:30:00+0200,42799.747,MW,DE,DE_LU,actual_solar_generation,Solar,2026-07-23T07:13:23Z
2026-07-23T07:11:55Z,2026-07-23T09:11:55+0200,db3f74e3-4f49-42d6-88b6-ea3283c50514,2026-07-16T08:45:00Z,2026-07-16T10:45:00+0200,44492.702,MW,DE,DE_LU,actual_solar_generation,Solar,2026-07-23T07:13:23Z
2026-07-23T07:11:55Z,2026-07-23T09:11:55+0200,db3f74e3-4f49-42d6-88b6-ea3283c50514,2026-07-16T09:00:00Z,2026-07-16T11:00:00+0200,45811.939,MW,DE,DE_LU,actual_solar_generation,Solar,2026-07-23T07:13:23Z
2026-07-23T07:11:55Z,2026-07-23T09:11:55+0200,db3f74e3-4f49-42d6-88b6-ea3283c50514,2026-07-16T09:15:00Z,2026-07-16T11:15:00+0200,47088.052,MW,DE,DE_LU,actual_solar_generation,Solar,2026-07-23T07:13:23Z
2026-07-23T07:11:55Z,2026-07-23T09:11:55+0200,db3f74e3-4f49-42d6-88b6-ea3283c50514,2026-07-16T09:30:00Z,2026-07-16T11:30:00+0200,47916.22,MW,DE,DE_LU,actual_solar_generation,Solar,2026-07-23T07:13:23Z
2026-07-23T07:11:55Z,2026-07-23T09:11:55+0200,db3f74e3-4f49-42d6-88b6-ea3283c50514,2026-07-16T09:45:00Z,2026-07-16T11:45:00+0200,48533.429,MW,DE,DE_LU,actual_solar_generation,Solar,2026-07-23T07:13:23Z
2026-07-23T07:11:55Z,2026-07-23T09:11:55+0200,db3f74e3-4f49-42d6-88b6-ea3283c50514,2026-07-16T10:00:00Z,2026-07-16T12:00:00+0200,48553.026,MW,DE,DE_LU,actual_solar_generation,Solar,2026-07-23T07:13:23Z
2026-07-23T07:11:55Z,2026-07-23T09:11:55+0200,db3f74e3-4f49-42d6-88b6-ea3283c50514,2026-07-16T10:15:00Z,2026-07-16T12:15:00+0200,48799.82,MW,DE,DE_LU,actual_solar_generation,Solar,2026-07-23T07:13:23Z
2026-07-23T07:11:55Z,2026-07-23T09:11:55+0200,db3f74e3-4f49-42d6-88b6-ea3283c50514,2026-07-16T10:30:00Z,2026-07-16T12:30:00+0200,48746.19,MW,DE,DE_LU,actual_solar_generation,Solar,2026-07-23T07:13:23Z
2026-07-23T07:11:55Z,2026-07-23T09:11:55+0200,db3f74e3-4f49-42d6-88b6-ea3283c50514,2026-07-16T10:45:00Z,2026-07-16T12:45:00+0200,48600.414,MW,DE,DE_LU,actual_solar_generation,Solar,2026-07-23T07:13:23Z
2026-07-23T07:11:55Z,2026-07-23T09:11:55+0200,db3f74e3-4f49-42d6-88b6-ea3283c50514,2026-07-16T11:00:00Z,2026-07-16T13:00:00+0200,48694.231,MW,DE,DE_LU,actual_solar_generation,Solar,2026-07-23T07:13:23Z
2026-07-23T07:11:55Z,2026-07-23T09:11:55+0200,db3f74e3-4f49-42d6-88b6-ea3283c50514,2026-07-16T11:15:00Z,2026-07-16T13:15:00+0200,48443.744,MW,DE,DE_LU,actual_solar_generation,Solar,2026-07-23T07:13:23Z
2026-07-23T07:11:55Z,2026-07-23T09:11:55+0200,db3f74e3-4f49-42d6-88b6-ea3283c50514,2026-07-16T11:30:00Z,2026-07-16T13:30:00+0200,48121.509,MW,DE,DE_LU,actual_solar_generation,Solar,2026-07-23T07:13:23Z
2026-07-23T07:11:55Z,2026-07-23T09:11:55+0200,db3f74e3-4f49-42d6-88b6-ea3283c50514,2026-07-16T11:45:00Z,2026-07-16T13:45:00+0200,47705.37,MW,DE,DE_LU,actual_solar_generation,Solar,2026-07-23T07:13:23Z
2026-07-23T07:11:55Z,2026-07-23T09:11:55+0200,db3f74e3-4f49-42d6-88b6-ea3283c50514,2026-07-16T12:00:00Z,2026-07-16T14:00:00+0200,47235.109,MW,DE,DE_LU,actual_solar_generation,Solar,2026-07-23T07:13:23Z
2026-07-23T07:11:55Z,2026-07-23T09:11:55+0200,db3f74e3-4f49-42d6-88b6-ea3283c50514,2026-07-16T12:15:00Z,2026-07-16T14:15:00+0200,46244.531,MW,DE,DE_LU,actual_solar_generation,Solar,2026-07-23T07:13:23Z
2026-07-23T07:11:55Z,2026-07-23T09:11:55+0200,db3f74e3-4f49-42d6-88b6-ea3283c50514,2026-07-16T12:30:00Z,2026-07-16T14:30:00+0200,45103.657,MW,DE,DE_LU,actual_solar_generation,Solar,2026-07-23T07:13:23Z
2026-07-23T07:11:55Z,2026-07-23T09:11:55+0200,db3f74e3-4f49-42d6-88b6-ea3283c50514,2026-07-16T12:45:00Z,2026-07-16T14:45:00+0200,44018.703,MW,DE,DE_LU,actual_solar_generation,Solar,2026-07-23T07:13:23Z
2026-07-23T07:11:55Z,2026-07-23T09:11:55+0200,db3f74e3-4f49-42d6-88b6-ea3283c50514,2026-07-16T13:00:00Z,2026-07-16T15:00:00+0200,42825.276,MW,DE,DE_LU,actual_solar_generation,Solar,2026-07-23T07:13:23Z
2026-07-23T07:11:55Z,2026-07-23T09:11:55+0200,db3f74e3-4f49-42d6-88b6-ea3283c50514,2026-07-16T13:15:00Z,2026-07-16T15:15:00+0200,41335.499,MW,DE,DE_LU,actual_solar_generation,Solar,2026-07-23T07:13:23Z
2026-07-23T07:11:55Z,2026-07-23T09:11:55+0200,db3f74e3-4f49-42d6-88b6-ea3283c50514,2026-07-16T13:30:00Z,2026-07-16T15:30:00+0200,39869.167,MW,DE,DE_LU,actual_solar_generation,Solar,2026-07-23T07:13:23Z
2026-07-23T07:11:55Z,2026-07-23T09:11:55+0200,db3f74e3-4f49-42d6-88b6-ea3283c50514,2026-07-16T13:45:00Z,2026-07-16T15:45:00+0200,38073.842,MW,DE,DE_LU,actual_solar_generation,Solar,2026-07-23T07:13:23Z
2026-07-23T07:11:55Z,2026-07-23T09:11:55+0200,db3f74e3-4f49-42d6-88b6-ea3283c50514,2026-07-16T14:00:00Z,2026-07-16T16:00:00+0200,36592.314,MW,DE,DE_LU,actual_solar_generation,Solar,2026-07-23T07:13:23Z
2026-07-23T07:11:55Z,2026-07-23T09:11:55+0200,db3f74e3-4f49-42d6-88b6-ea3283c50514,2026-07-16T14:15:00Z,2026-07-16T16:15:00+0200,34526.902,MW,DE,DE_LU,actual_solar_generation,Solar,2026-07-23T07:13:23Z
2026-07-23T07:11:55Z,2026-07-23T09:11:55+0200,db3f74e3-4f49-42d6-88b6-ea3283c50514,2026-07-16T14:30:00Z,2026-07-16T16:30:00+0200,32170.359,MW,DE,DE_LU,actual_solar_generation,Solar,2026-07-23T07:13:23Z
2026-07-23T07:11:55Z,2026-07-23T09:11:55+0200,db3f74e3-4f49-42d6-88b6-ea3283c50514,2026-07-16T14:45:00Z,2026-07-16T16:45:00+0200,30239.323,MW,DE,DE_LU,actual_solar_generation,Solar,2026-07-23T07:13:23Z
2026-07-23T07:11:55Z,2026-07-23T09:11:55+0200,db3f74e3-4f49-42d6-88b6-ea3283c50514,2026-07-16T15:00:00Z,2026-07-16T17:00:00+0200,28090.499,MW,DE,DE_LU,actual_solar_generation,Solar,2026-07-23T07:13:23Z
2026-07-23T07:11:55Z,2026-07-23T09:11:55+0200,db3f74e3-4f49-42d6-88b6-ea3283c50514,2026-07-16T15:15:00Z,2026-07-16T17:15:00+0200,25408.732,MW,DE,DE_LU,actual_solar_generation,Solar,2026-07-23T07:13:23Z
2026-07-23T07:11:55Z,2026-07-23T09:11:55+0200,db3f74e3-4f49-42d6-88b6-ea3283c50514,2026-07-16T15:30:00Z,2026-07-16T17:30:00+0200,22913.875,MW,DE,DE_LU,actual_solar_generation,Solar,2026-07-23T07:13:23Z
2026-07-23T07:11:55Z,2026-07-23T09:11:55+0200,db3f74e3-4f49-42d6-88b6-ea3283c50514,2026-07-16T15:45:00Z,2026-07-16T17:45:00+0200,20123.623,MW,DE,DE_LU,actual_solar_generation,Solar,2026-07-23T07:13:23Z
2026-07-23T07:11:55Z,2026-07-23T09:11:55+0200,db3f74e3-4f49-42d6-88b6-ea3283c50514,2026-07-16T16:00:00Z,2026-07-16T18:00:00+0200,17747.595,MW,DE,DE_LU,actual_solar_generation,Solar,2026-07-23T07:13:23Z
2026-07-23T07:11:55Z,2026-07-23T09:11:55+0200,db3f74e3-4f49-42d6-88b6-ea3283c50514,2026-07-16T16:15:00Z,2026-07-16T18:15:00+0200,15169.152,MW,DE,DE_LU,actual_solar_generation,Solar,2026-07-23T07:13:23Z
2026-07-23T07:11:55Z,2026-07-23T09:11:55+0200,db3f74e3-4f49-42d6-88b6-ea3283c50514,2026-07-16T16:30:00Z,2026-07-16T18:30:00+0200,12872.192,MW,DE,DE_LU,actual_solar_generation,Solar,2026-07-23T07:13:23Z
2026-07-23T07:11:55Z,2026-07-23T09:11:55+0200,db3f74e3-4f49-42d6-88b6-ea3283c50514,2026-07-16T16:45:00Z,2026-07-16T18:45:00+0200,10702.214,MW,DE,DE_LU,actual_solar_generation,Solar,2026-07-23T07:13:23Z
2026-07-23T07:11:55Z,2026-07-23T09:11:55+0200,db3f74e3-4f49-42d6-88b6-ea3283c50514,2026-07-16T17:00:00Z,2026-07-16T19:00:00+0200,8690.178,MW,DE,DE_LU,actual_solar_generation,Solar,2026-07-23T07:13:23Z
2026-07-23T07:11:55Z,2026-07-23T09:11:55+0200,db3f74e3-4f49-42d6-88b6-ea3283c50514,2026-07-16T17:15:00Z,2026-07-16T19:15:00+0200,7046.237,MW,DE,DE_LU,actual_solar_generation,Solar,2026-07-23T07:13:23Z
2026-07-23T07:11:55Z,2026-07-23T09:11:55+0200,db3f74e3-4f49-42d6-88b6-ea3283c50514,2026-07-16T17:30:00Z,2026-07-16T19:30:00+0200,5546.203,MW,DE,DE_LU,actual_solar_generation,Solar,2026-07-23T07:13:23Z
2026-07-23T07:11:55Z,2026-07-23T09:11:55+0200,db3f74e3-4f49-42d6-88b6-ea3283c50514,2026-07-16T17:45:00Z,2026-07-16T19:45:00+0200,4132.88,MW,DE,DE_LU,actual_solar_generation,Solar,2026-07-23T07:13:23Z
2026-07-23T07:11:55Z,2026-07-23T09:11:55+0200,db3f74e3-4f49-42d6-88b6-ea3283c50514,2026-07-16T18:00:00Z,2026-07-16T20:00:00+0200,3073.987,MW,DE,DE_LU,actual_solar_generation,Solar,2026-07-23T07:13:23Z
2026-07-23T07:11:55Z,2026-07-23T09:11:55+0200,db3f74e3-4f49-42d6-88b6-ea3283c50514,2026-07-16T18:15:00Z,2026-07-16T20:15:00+0200,2124.701,MW,DE,DE_LU,actual_solar_generation,Solar,2026-07-23T07:13:23Z
2026-07-23T07:11:55Z,2026-07-23T09:11:55+0200,db3f74e3-4f49-42d6-88b6-ea3283c50514,2026-07-16T18:30:00Z,2026-07-16T20:30:00+0200,1368.395,MW,DE,DE_LU,actual_solar_generation,Solar,2026-07-23T07:13:23Z
2026-07-23T07:11:55Z,2026-07-23T09:11:55+0200,db3f74e3-4f49-42d6-88b6-ea3283c50514,2026-07-16T18:45:00Z,2026-07-16T20:45:00+0200,754.847,MW,DE,DE_LU,actual_solar_generation,Solar,2026-07-23T07:13:23Z
2026-07-23T07:11:55Z,2026-07-23T09:11:55+0200,db3f74e3-4f49-42d6-88b6-ea3283c50514,2026-07-16T19:00:00Z,2026-07-16T21:00:00+0200,337.662,MW,DE,DE_LU,actual_solar_generation,Solar,2026-07-23T07:13:23Z
2026-07-23T07:11:55Z,2026-07-23T09:11:55+0200,db3f74e3-4f49-42d6-88b6-ea3283c50514,2026-07-16T19:15:00Z,2026-07-16T21:15:00+0200,103.028,MW,DE,DE_LU,actual_solar_generation,Solar,2026-07-23T07:13:23Z
2026-07-23T07:11:55Z,2026-07-23T09:11:55+0200,db3f74e3-4f49-42d6-88b6-ea3283c50514,2026-07-16T19:30:00Z,2026-07-16T21:30:00+0200,19.072,MW,DE,DE_LU,actual_solar_generation,Solar,2026-07-23T07:13:23Z
2026-07-23T07:11:55Z,2026-07-23T09:11:55+0200,db3f74e3-4f49-42d6-88b6-ea3283c50514,2026-07-16T19:45:00Z,2026-07-16T21:45:00+0200,3.27,MW,DE,DE_LU,actual_solar_generation,Solar,2026-07-23T07:13:23Z
2026-07-23T07:11:55Z,2026-07-23T09:11:55+0200,db3f74e3-4f49-42d6-88b6-ea3283c50514,2026-07-16T20:00:00Z,2026-07-16T22:00:00+0200,0.523,MW,DE,DE_LU,actual_solar_generation,Solar,2026-07-23T07:13:23Z
2026-07-23T07:11:55Z,2026-07-23T09:11:55+0200,db3f74e3-4f49-42d6-88b6-ea3283c50514,2026-07-16T20:15:00Z,2026-07-16T22:15:00+0200,0.255,MW,DE,DE_LU,actual_solar_generation,Solar,2026-07-23T07:13:23Z
2026-07-23T07:11:55Z,2026-07-23T09:11:55+0200,db3f74e3-4f49-42d6-88b6-ea3283c50514,2026-07-16T20:30:00Z,2026-07-16T22:30:00+0200,0.2,MW,DE,DE_LU,actual_solar_generation,Solar,2026-07-23T07:13:23Z
2026-07-23T07:11:55Z,2026-07-23T09:11:55+0200,db3f74e3-4f49-42d6-88b6-ea3283c50514,2026-07-16T20:45:00Z,2026-07-16T22:45:00+0200,0.189,MW,DE,DE_LU,actual_solar_generation,Solar,2026-07-23T07:13:23Z
2026-07-23T07:11:55Z,2026-07-23T09:11:55+0200,db3f74e3-4f49-42d6-88b6-ea3283c50514,2026-07-16T21:00:00Z,2026-07-16T23:00:00+0200,0.188,MW,DE,DE_LU,actual_solar_generation,Solar,2026-07-23T07:13:23Z
2026-07-23T07:11:55Z,2026-07-23T09:11:55+0200,db3f74e3-4f49-42d6-88b6-ea3283c50514,2026-07-16T21:15:00Z,2026-07-16T23:15:00+0200,0.166,MW,DE,DE_LU,actual_solar_generation,Solar,2026-07-23T07:13:23Z
2026-07-23T07:11:55Z,2026-07-23T09:11:55+0200,db3f74e3-4f49-42d6-88b6-ea3283c50514,2026-07-16T21:30:00Z,2026-07-16T23:30:00+0200,0.144,MW,DE,DE_LU,actual_solar_generation,Solar,2026-07-23T07:13:23Z
2026-07-23T07:11:55Z,2026-07-23T09:11:55+0200,db3f74e3-4f49-42d6-88b6-ea3283c50514,2026-07-16T21:45:00Z,2026-07-16T23:45:00+0200,0.141,MW,DE,DE_LU,actual_solar_generation,Solar,2026-07-23T07:13:23Z
2026-07-23T07:11:55Z,2026-07-23T09:11:55+0200,db3f74e3-4f49-42d6-88b6-ea3283c50514,2026-07-16T22:00:00Z,2026-07-17T00:00:00+0200,0.13,MW,DE,DE_LU,actual_solar_generation,Solar,2026-07-23T07:13:23Z
2026-07-23T07:11:55Z,2026-07-23T09:11:55+0200,db3f74e3-4f49-42d6-88b6-ea3283c50514,2026-07-16T22:15:00Z,2026-07-17T00:15:00+0200,0.132,MW,DE,DE_LU,actual_solar_generation,Solar,2026-07-23T07:13:23Z
2026-07-23T07:11:55Z,2026-07-23T09:11:55+0200,db3f74e3-4f49-42d6-88b6-ea3283c50514,2026-07-16T22:30:00Z,2026-07-17T00:30:00+0200,0.132,MW,DE,DE_LU,actual_solar_generation,Solar,2026-07-23T07:13:23Z
2026-07-23T07:11:55Z,2026-07-23T09:11:55+0200,db3f74e3-4f49-42d6-88b6-ea3283c50514,2026-07-16T22:45:00Z,2026-07-17T00:45:00+0200,0.109,MW,DE,DE_LU,actual_solar_generation,Solar,2026-07-23T07:13:23Z
2026-07-23T07:11:55Z,2026-07-23T09:11:55+0200,db3f74e3-4f49-42d6-88b6-ea3283c50514,2026-07-16T23:00:00Z,2026-07-17T01:00:00+0200,0.107,MW,DE,DE_LU,actual_solar_generation,Solar,2026-07-23T07:13:23Z
2026-07-23T07:11:55Z,2026-07-23T09:11:55+0200,db3f74e3-4f49-42d6-88b6-ea3283c50514,2026-07-16T23:15:00Z,2026-07-17T01:15:00+0200,0.109,MW,DE,DE_LU,actual_solar_generation,Solar,2026-07-23T07:13:23Z
2026-07-23T07:11:55Z,2026-07-23T09:11:55+0200,db3f74e3-4f49-42d6-88b6-ea3283c50514,2026-07-16T23:30:00Z,2026-07-17T01:30:00+0200,0.108,MW,DE,DE_LU,actual_solar_generation,Solar,2026-07-23T07:13:23Z
2026-07-23T07:11:55Z,2026-07-23T09:11:55+0200,db3f74e3-4f49-42d6-88b6-ea3283c50514,2026-07-16T23:45:00Z,2026-07-17T01:45:00+0200,0.094,MW,DE,DE_LU,actual_solar_generation,Solar,2026-07-23T07:13:23Z
2026-07-23T07:11:55Z,2026-07-23T09:11:55+0200,db3f74e3-4f49-42d6-88b6-ea3283c50514,2026-07-17T00:00:00Z,2026-07-17T02:00:00+0200,0.096,MW,DE,DE_LU,actual_solar_generation,Solar,2026-07-23T07:13:23Z
2026-07-23T07:11:55Z,2026-07-23T09:11:55+0200,db3f74e3-4f49-42d6-88b6-ea3283c50514,2026-07-17T00:15:00Z,2026-07-17T02:15:00+0200,0.09,MW,DE,DE_LU,actual_solar_generation,Solar,2026-07-23T07:13:23Z
2026-07-23T07:11:55Z,2026-07-23T09:11:55+0200,db3f74e3-4f49-42d6-88b6-ea3283c50514,2026-07-17T00:30:00Z,2026-07-17T02:30:00+0200,0.089,MW,DE,DE_LU,actual_solar_generation,Solar,2026-07-23T07:13:23Z
2026-07-23T07:11:55Z,2026-07-23T09:11:55+0200,db3f74e3-4f49-42d6-88b6-ea3283c50514,2026-07-17T00:45:00Z,2026-07-17T02:45:00+0200,0.081,MW,DE,DE_LU,actual_solar_generation,Solar,2026-07-23T07:13:23Z
2026-07-23T07:11:55Z,2026-07-23T09:11:55+0200,db3f74e3-4f49-42d6-88b6-ea3283c50514,2026-07-17T01:00:00Z,2026-07-17T03:00:00+0200,0.082,MW,DE,DE_LU,actual_solar_generation,Solar,2026-07-23T07:13:23Z
2026-07-23T07:11:55Z,2026-07-23T09:11:55+0200,db3f74e3-4f49-42d6-88b6-ea3283c50514,2026-07-17T01:15:00Z,2026-07-17T03:15:00+0200,0.078,MW,DE,DE_LU,actual_solar_generation,Solar,2026-07-23T07:13:23Z
2026-07-23T07:11:55Z,2026-07-23T09:11:55+0200,db3f74e3-4f49-42d6-88b6-ea3283c50514,2026-07-17T01:30:00Z,2026-07-17T03:30:00+0200,0.066,MW,DE,DE_LU,actual_solar_generation,Solar,2026-07-23T07:13:23Z
2026-07-23T07:11:55Z,2026-07-23T09:11:55+0200,db3f74e3-4f49-42d6-88b6-ea3283c50514,2026-07-17T01:45:00Z,2026-07-17T03:45:00+0200,0.059,MW,DE,DE_LU,actual_solar_generation,Solar,2026-07-23T07:13:23Z
2026-07-23T07:11:55Z,2026-07-23T09:11:55+0200,db3f74e3-4f49-42d6-88b6-ea3283c50514,2026-07-17T02:00:00Z,2026-07-17T04:00:00+0200,0.061,MW,DE,DE_LU,actual_solar_generation,Solar,2026-07-23T07:13:23Z
2026-07-23T07:11:55Z,2026-07-23T09:11:55+0200,db3f74e3-4f49-42d6-88b6-ea3283c50514,2026-07-17T02:15:00Z,2026-07-17T04:15:00+0200,0.063,MW,DE,DE_LU,actual_solar_generation,Solar,2026-07-23T07:13:23Z
2026-07-23T07:11:55Z,2026-07-23T09:11:55+0200,db3f74e3-4f49-42d6-88b6-ea3283c50514,2026-07-17T02:30:00Z,2026-07-17T04:30:00+0200,0.099,MW,DE,DE_LU,actual_solar_generation,Solar,2026-07-23T07:13:23Z
2026-07-23T07:11:55Z,2026-07-23T09:11:55+0200,db3f74e3-4f49-42d6-88b6-ea3283c50514,2026-07-17T02:45:00Z,2026-07-17T04:45:00+0200,2.643,MW,DE,DE_LU,actual_solar_generation,Solar,2026-07-23T07:13:23Z
2026-07-23T07:11:55Z,2026-07-23T09:11:55+0200,db3f74e3-4f49-42d6-88b6-ea3283c50514,2026-07-17T03:00:00Z,2026-07-17T05:00:00+0200,17.588,MW,DE,DE_LU,actual_solar_generation,Solar,2026-07-23T07:13:23Z
2026-07-23T07:11:55Z,2026-07-23T09:11:55+0200,db3f74e3-4f49-42d6-88b6-ea3283c50514,2026-07-17T03:15:00Z,2026-07-17T05:15:00+0200,90.121,MW,DE,DE_LU,actual_solar_generation,Solar,2026-07-23T07:13:23Z
2026-07-23T07:11:55Z,2026-07-23T09:11:55+0200,db3f74e3-4f49-42d6-88b6-ea3283c50514,2026-07-17T03:30:00Z,2026-07-17T05:30:00+0200,254.809,MW,DE,DE_LU,actual_solar_generation,Solar,2026-07-23T07:13:23Z
2026-07-23T07:11:55Z,2026-07-23T09:11:55+0200,db3f74e3-4f49-42d6-88b6-ea3283c50514,2026-07-17T03:45:00Z,2026-07-17T05:45:00+0200,738.287,MW,DE,DE_LU,actual_solar_generation,Solar,2026-07-23T07:13:23Z
2026-07-23T07:11:55Z,2026-07-23T09:11:55+0200,db3f74e3-4f49-42d6-88b6-ea3283c50514,2026-07-17T04:00:00Z,2026-07-17T06:00:00+0200,1498.56,MW,DE,DE_LU,actual_solar_generation,Solar,2026-07-23T07:13:23Z
2026-07-23T07:11:55Z,2026-07-23T09:11:55+0200,db3f74e3-4f49-42d6-88b6-ea3283c50514,2026-07-17T04:15:00Z,2026-07-17T06:15:00+0200,2395.03,MW,DE,DE_LU,actual_solar_generation,Solar,2026-07-23T07:13:23Z
2026-07-23T07:11:55Z,2026-07-23T09:11:55+0200,db3f74e3-4f49-42d6-88b6-ea3283c50514,2026-07-17T04:30:00Z,2026-07-17T06:30:00+0200,3456.587,MW,DE,DE_LU,actual_solar_generation,Solar,2026-07-23T07:13:23Z
2026-07-23T07:11:55Z,2026-07-23T09:11:55+0200,db3f74e3-4f49-42d6-88b6-ea3283c50514,2026-07-17T04:45:00Z,2026-07-17T06:45:00+0200,4649.838,MW,DE,DE_LU,actual_solar_generation,Solar,2026-07-23T07:13:23Z
2026-07-23T07:11:55Z,2026-07-23T09:11:55+0200,db3f74e3-4f49-42d6-88b6-ea3283c50514,2026-07-17T05:00:00Z,2026-07-17T07:00:00+0200,6071.629,MW,DE,DE_LU,actual_solar_generation,Solar,2026-07-23T07:13:23Z
2026-07-23T07:11:55Z,2026-07-23T09:11:55+0200,db3f74e3-4f49-42d6-88b6-ea3283c50514,2026-07-17T05:15:00Z,2026-07-17T07:15:00+0200,7628.173,MW,DE,DE_LU,actual_solar_generation,Solar,2026-07-23T07:13:23Z
2026-07-23T07:11:55Z,2026-07-23T09:11:55+0200,db3f74e3-4f49-42d6-88b6-ea3283c50514,2026-07-17T05:30:00Z,2026-07-17T07:30:00+0200,9253.505,MW,DE,DE_LU,actual_solar_generation,Solar,2026-07-23T07:13:23Z
2026-07-23T07:11:55Z,2026-07-23T09:11:55+0200,db3f74e3-4f49-42d6-88b6-ea3283c50514,2026-07-17T05:45:00Z,2026-07-17T07:45:00+0200,11028.913,MW,DE,DE_LU,actual_solar_generation,Solar,2026-07-23T07:13:23Z
2026-07-23T07:11:55Z,2026-07-23T09:11:55+0200,db3f74e3-4f49-42d6-88b6-ea3283c50514,2026-07-17T06:00:00Z,2026-07-17T08:00:00+0200,12908.938,MW,DE,DE_LU,actual_solar_generation,Solar,2026-07-23T07:13:23Z
2026-07-23T07:11:55Z,2026-07-23T09:11:55+0200,db3f74e3-4f49-42d6-88b6-ea3283c50514,2026-07-17T06:15:00Z,2026-07-17T08:15:00+0200,14774.889,MW,DE,DE_LU,actual_solar_generation,Solar,2026-07-23T07:13:23Z
2026-07-23T07:11:55Z,2026-07-23T09:11:55+0200,db3f74e3-4f49-42d6-88b6-ea3283c50514,2026-07-17T06:30:00Z,2026-07-17T08:30:00+0200,16662.568,MW,DE,DE_LU,actual_solar_generation,Solar,2026-07-23T07:13:23Z
2026-07-23T07:11:55Z,2026-07-23T09:11:55+0200,db3f74e3-4f49-42d6-88b6-ea3283c50514,2026-07-17T06:45:00Z,2026-07-17T08:45:00+0200,18841.324,MW,DE,DE_LU,actual_solar_generation,Solar,2026-07-23T07:13:23Z
2026-07-23T07:11:55Z,2026-07-23T09:11:55+0200,db3f74e3-4f49-42d6-88b6-ea3283c50514,2026-07-17T07:00:00Z,2026-07-17T09:00:00+0200,20911.342,MW,DE,DE_LU,actual_solar_generation,Solar,2026-07-23T07:13:23Z
2026-07-23T07:11:55Z,2026-07-23T09:11:55+0200,db3f74e3-4f49-42d6-88b6-ea3283c50514,2026-07-17T07:15:00Z,2026-07-17T09:15:00+0200,23037.038,MW,DE,DE_LU,actual_solar_generation,Solar,2026-07-23T07:13:23Z
2026-07-23T07:11:55Z,2026-07-23T09:11:55+0200,db3f74e3-4f49-42d6-88b6-ea3283c50514,2026-07-17T07:30:00Z,2026-07-17T09:30:00+0200,25190.572,MW,DE,DE_LU,actual_solar_generation,Solar,2026-07-23T07:13:23Z
2026-07-23T07:11:55Z,2026-07-23T09:11:55+0200,db3f74e3-4f49-42d6-88b6-ea3283c50514,2026-07-17T07:45:00Z,2026-07-17T09:45:00+0200,27607.589,MW,DE,DE_LU,actual_solar_generation,Solar,2026-07-23T07:13:23Z
2026-07-23T07:11:55Z,2026-07-23T09:11:55+0200,db3f74e3-4f49-42d6-88b6-ea3283c50514,2026-07-17T08:00:00Z,2026-07-17T10:00:00+0200,30083.852,MW,DE,DE_LU,actual_solar_generation,Solar,2026-07-23T07:13:23Z
2026-07-23T07:11:55Z,2026-07-23T09:11:55+0200,db3f74e3-4f49-42d6-88b6-ea3283c50514,2026-07-17T08:15:00Z,2026-07-17T10:15:00+0200,32540.677,MW,DE,DE_LU,actual_solar_generation,Solar,2026-07-23T07:13:23Z
2026-07-23T07:11:55Z,2026-07-23T09:11:55+0200,db3f74e3-4f49-42d6-88b6-ea3283c50514,2026-07-17T08:30:00Z,2026-07-17T10:30:00+0200,34766.39,MW,DE,DE_LU,actual_solar_generation,Solar,2026-07-23T07:13:23Z
2026-07-23T07:11:55Z,2026-07-23T09:11:55+0200,db3f74e3-4f49-42d6-88b6-ea3283c50514,2026-07-17T08:45:00Z,2026-07-17T10:45:00+0200,36513.871,MW,DE,DE_LU,actual_solar_generation,Solar,2026-07-23T07:13:23Z
2026-07-23T07:11:55Z,2026-07-23T09:11:55+0200,db3f74e3-4f49-42d6-88b6-ea3283c50514,2026-07-17T09:00:00Z,2026-07-17T11:00:00+0200,38343.191,MW,DE,DE_LU,actual_solar_generation,Solar,2026-07-23T07:13:23Z
2026-07-23T07:11:55Z,2026-07-23T09:11:55+0200,db3f74e3-4f49-42d6-88b6-ea3283c50514,2026-07-17T09:15:00Z,2026-07-17T11:15:00+0200,39903.018,MW,DE,DE_LU,actual_solar_generation,Solar,2026-07-23T07:13:23Z
2026-07-23T07:11:55Z,2026-07-23T09:11:55+0200,db3f74e3-4f49-42d6-88b6-ea3283c50514,2026-07-17T09:30:00Z,2026-07-17T11:30:00+0200,41275.386,MW,DE,DE_LU,actual_solar_generation,Solar,2026-07-23T07:13:23Z
2026-07-23T07:11:55Z,2026-07-23T09:11:55+0200,db3f74e3-4f49-42d6-88b6-ea3283c50514,2026-07-17T09:45:00Z,2026-07-17T11:45:00+0200,42615.476,MW,DE,DE_LU,actual_solar_generation,Solar,2026-07-23T07:13:23Z
2026-07-23T07:11:55Z,2026-07-23T09:11:55+0200,db3f74e3-4f49-42d6-88b6-ea3283c50514,2026-07-17T10:00:00Z,2026-07-17T12:00:00+0200,43536.153,MW,DE,DE_LU,actual_solar_generation,Solar,2026-07-23T07:13:23Z
2026-07-23T07:11:55Z,2026-07-23T09:11:55+0200,db3f74e3-4f49-42d6-88b6-ea3283c50514,2026-07-17T10:15:00Z,2026-07-17T12:15:00+0200,44157.548,MW,DE,DE_LU,actual_solar_generation,Solar,2026-07-23T07:13:23Z
2026-07-23T07:11:55Z,2026-07-23T09:11:55+0200,db3f74e3-4f49-42d6-88b6-ea3283c50514,2026-07-17T10:30:00Z,2026-07-17T12:30:00+0200,44882.869,MW,DE,DE_LU,actual_solar_generation,Solar,2026-07-23T07:13:23Z
2026-07-23T07:11:55Z,2026-07-23T09:11:55+0200,db3f74e3-4f49-42d6-88b6-ea3283c50514,2026-07-17T10:45:00Z,2026-07-17T12:45:00+0200,45309.785,MW,DE,DE_LU,actual_solar_generation,Solar,2026-07-23T07:13:23Z
2026-07-23T07:11:55Z,2026-07-23T09:11:55+0200,db3f74e3-4f49-42d6-88b6-ea3283c50514,2026-07-17T11:00:00Z,2026-07-17T13:00:00+0200,45455.046,MW,DE,DE_LU,actual_solar_generation,Solar,2026-07-23T07:13:23Z
2026-07-23T07:11:55Z,2026-07-23T09:11:55+0200,db3f74e3-4f49-42d6-88b6-ea3283c50514,2026-07-17T11:15:00Z,2026-07-17T13:15:00+0200,45423.655,MW,DE,DE_LU,actual_solar_generation,Solar,2026-07-23T07:13:23Z
2026-07-23T07:11:55Z,2026-07-23T09:11:55+0200,db3f74e3-4f49-42d6-88b6-ea3283c50514,2026-07-17T11:30:00Z,2026-07-17T13:30:00+0200,45438.434,MW,DE,DE_LU,actual_solar_generation,Solar,2026-07-23T07:13:23Z
2026-07-23T07:11:55Z,2026-07-23T09:11:55+0200,db3f74e3-4f49-42d6-88b6-ea3283c50514,2026-07-17T11:45:00Z,2026-07-17T13:45:00+0200,45346.073,MW,DE,DE_LU,actual_solar_generation,Solar,2026-07-23T07:13:23Z
2026-07-23T07:11:55Z,2026-07-23T09:11:55+0200,db3f74e3-4f49-42d6-88b6-ea3283c50514,2026-07-17T12:00:00Z,2026-07-17T14:00:00+0200,44954.126,MW,DE,DE_LU,actual_solar_generation,Solar,2026-07-23T07:13:23Z
2026-07-23T07:11:55Z,2026-07-23T09:11:55+0200,db3f74e3-4f49-42d6-88b6-ea3283c50514,2026-07-17T12:15:00Z,2026-07-17T14:15:00+0200,44414.917,MW,DE,DE_LU,actual_solar_generation,Solar,2026-07-23T07:13:23Z
2026-07-23T07:11:55Z,2026-07-23T09:11:55+0200,db3f74e3-4f49-42d6-88b6-ea3283c50514,2026-07-17T12:30:00Z,2026-07-17T14:30:00+0200,43436.178,MW,DE,DE_LU,actual_solar_generation,Solar,2026-07-23T07:13:23Z
2026-07-23T07:11:55Z,2026-07-23T09:11:55+0200,db3f74e3-4f49-42d6-88b6-ea3283c50514,2026-07-17T12:45:00Z,2026-07-17T14:45:00+0200,41709.986,MW,DE,DE_LU,actual_solar_generation,Solar,2026-07-23T07:13:23Z
2026-07-23T07:11:55Z,2026-07-23T09:11:55+0200,db3f74e3-4f49-42d6-88b6-ea3283c50514,2026-07-17T13:00:00Z,2026-07-17T15:00:00+0200,40316.859,MW,DE,DE_LU,actual_solar_generation,Solar,2026-07-23T07:13:23Z
2026-07-23T07:11:55Z,2026-07-23T09:11:55+0200,db3f74e3-4f49-42d6-88b6-ea3283c50514,2026-07-17T13:15:00Z,2026-07-17T15:15:00+0200,38471.71,MW,DE,DE_LU,actual_solar_generation,Solar,2026-07-23T07:13:23Z
2026-07-23T07:11:55Z,2026-07-23T09:11:55+0200,db3f74e3-4f49-42d6-88b6-ea3283c50514,2026-07-17T13:30:00Z,2026-07-17T15:30:00+0200,36489.374,MW,DE,DE_LU,actual_solar_generation,Solar,2026-07-23T07:13:23Z
2026-07-23T07:11:55Z,2026-07-23T09:11:55+0200,db3f74e3-4f49-42d6-88b6-ea3283c50514,2026-07-17T13:45:00Z,2026-07-17T15:45:00+0200,34328.31,MW,DE,DE_LU,actual_solar_generation,Solar,2026-07-23T07:13:23Z
2026-07-23T07:11:55Z,2026-07-23T09:11:55+0200,db3f74e3-4f49-42d6-88b6-ea3283c50514,2026-07-17T14:00:00Z,2026-07-17T16:00:00+0200,31919.92,MW,DE,DE_LU,actual_solar_generation,Solar,2026-07-23T07:13:23Z
2026-07-23T07:11:55Z,2026-07-23T09:11:55+0200,db3f74e3-4f49-42d6-88b6-ea3283c50514,2026-07-17T14:15:00Z,2026-07-17T16:15:00+0200,29899.142,MW,DE,DE_LU,actual_solar_generation,Solar,2026-07-23T07:13:23Z
2026-07-23T07:11:55Z,2026-07-23T09:11:55+0200,db3f74e3-4f49-42d6-88b6-ea3283c50514,2026-07-17T14:30:00Z,2026-07-17T16:30:00+0200,28034.158,MW,DE,DE_LU,actual_solar_generation,Solar,2026-07-23T07:13:23Z
2026-07-23T07:11:55Z,2026-07-23T09:11:55+0200,db3f74e3-4f49-42d6-88b6-ea3283c50514,2026-07-17T14:45:00Z,2026-07-17T16:45:00+0200,25854.57,MW,DE,DE_LU,actual_solar_generation,Solar,2026-07-23T07:13:23Z
2026-07-23T07:11:55Z,2026-07-23T09:11:55+0200,db3f74e3-4f49-42d6-88b6-ea3283c50514,2026-07-17T15:00:00Z,2026-07-17T17:00:00+0200,24127.853,MW,DE,DE_LU,actual_solar_generation,Solar,2026-07-23T07:13:23Z
2026-07-23T07:11:55Z,2026-07-23T09:11:55+0200,db3f74e3-4f49-42d6-88b6-ea3283c50514,2026-07-17T15:15:00Z,2026-07-17T17:15:00+0200,22266.066,MW,DE,DE_LU,actual_solar_generation,Solar,2026-07-23T07:13:23Z
2026-07-23T07:11:55Z,2026-07-23T09:11:55+0200,db3f74e3-4f49-42d6-88b6-ea3283c50514,2026-07-17T15:30:00Z,2026-07-17T17:30:00+0200,20149.694,MW,DE,DE_LU,actual_solar_generation,Solar,2026-07-23T07:13:23Z
2026-07-23T07:11:55Z,2026-07-23T09:11:55+0200,db3f74e3-4f49-42d6-88b6-ea3283c50514,2026-07-17T15:45:00Z,2026-07-17T17:45:00+0200,17924.662,MW,DE,DE_LU,actual_solar_generation,Solar,2026-07-23T07:13:23Z
2026-07-23T07:11:55Z,2026-07-23T09:11:55+0200,db3f74e3-4f49-42d6-88b6-ea3283c50514,2026-07-17T16:00:00Z,2026-07-17T18:00:00+0200,15782.258,MW,DE,DE_LU,actual_solar_generation,Solar,2026-07-23T07:13:23Z
2026-07-23T07:11:55Z,2026-07-23T09:11:55+0200,db3f74e3-4f49-42d6-88b6-ea3283c50514,2026-07-17T16:15:00Z,2026-07-17T18:15:00+0200,13862.307,MW,DE,DE_LU,actual_solar_generation,Solar,2026-07-23T07:13:23Z
2026-07-23T07:11:55Z,2026-07-23T09:11:55+0200,db3f74e3-4f49-42d6-88b6-ea3283c50514,2026-07-17T16:30:00Z,2026-07-17T18:30:00+0200,12006.721,MW,DE,DE_LU,actual_solar_generation,Solar,2026-07-23T07:13:23Z
2026-07-23T07:11:55Z,2026-07-23T09:11:55+0200,db3f74e3-4f49-42d6-88b6-ea3283c50514,2026-07-17T16:45:00Z,2026-07-17T18:45:00+0200,10281.385,MW,DE,DE_LU,actual_solar_generation,Solar,2026-07-23T07:13:23Z
2026-07-23T07:11:55Z,2026-07-23T09:11:55+0200,db3f74e3-4f49-42d6-88b6-ea3283c50514,2026-07-17T17:00:00Z,2026-07-17T19:00:00+0200,8457.049,MW,DE,DE_LU,actual_solar_generation,Solar,2026-07-23T07:13:23Z
2026-07-23T07:11:55Z,2026-07-23T09:11:55+0200,db3f74e3-4f49-42d6-88b6-ea3283c50514,2026-07-17T17:15:00Z,2026-07-17T19:15:00+0200,6790.796,MW,DE,DE_LU,actual_solar_generation,Solar,2026-07-23T07:13:23Z
2026-07-23T07:11:55Z,2026-07-23T09:11:55+0200,db3f74e3-4f49-42d6-88b6-ea3283c50514,2026-07-17T17:30:00Z,2026-07-17T19:30:00+0200,5380.606,MW,DE,DE_LU,actual_solar_generation,Solar,2026-07-23T07:13:23Z
2026-07-23T07:11:55Z,2026-07-23T09:11:55+0200,db3f74e3-4f49-42d6-88b6-ea3283c50514,2026-07-17T17:45:00Z,2026-07-17T19:45:00+0200,4194.221,MW,DE,DE_LU,actual_solar_generation,Solar,2026-07-23T07:13:23Z
2026-07-23T07:11:55Z,2026-07-23T09:11:55+0200,db3f74e3-4f49-42d6-88b6-ea3283c50514,2026-07-17T18:00:00Z,2026-07-17T20:00:00+0200,3174.109,MW,DE,DE_LU,actual_solar_generation,Solar,2026-07-23T07:13:23Z
2026-07-23T07:11:55Z,2026-07-23T09:11:55+0200,db3f74e3-4f49-42d6-88b6-ea3283c50514,2026-07-17T18:15:00Z,2026-07-17T20:15:00+0200,2270.68,MW,DE,DE_LU,actual_solar_generation,Solar,2026-07-23T07:13:23Z
2026-07-23T07:11:55Z,2026-07-23T09:11:55+0200,db3f74e3-4f49-42d6-88b6-ea3283c50514,2026-07-17T18:30:00Z,2026-07-17T20:30:00+0200,1468.78,MW,DE,DE_LU,actual_solar_generation,Solar,2026-07-23T07:13:23Z
2026-07-23T07:11:55Z,2026-07-23T09:11:55+0200,db3f74e3-4f49-42d6-88b6-ea3283c50514,2026-07-17T18:45:00Z,2026-07-17T20:45:00+0200,823.336,MW,DE,DE_LU,actual_solar_generation,Solar,2026-07-23T07:13:23Z
2026-07-23T07:11:55Z,2026-07-23T09:11:55+0200,db3f74e3-4f49-42d6-88b6-ea3283c50514,2026-07-17T19:00:00Z,2026-07-17T21:00:00+0200,370.304,MW,DE,DE_LU,actual_solar_generation,Solar,2026-07-23T07:13:23Z
2026-07-23T07:11:55Z,2026-07-23T09:11:55+0200,db3f74e3-4f49-42d6-88b6-ea3283c50514,2026-07-17T19:15:00Z,2026-07-17T21:15:00+0200,125.139,MW,DE,DE_LU,actual_solar_generation,Solar,2026-07-23T07:13:23Z
2026-07-23T07:11:55Z,2026-07-23T09:11:55+0200,db3f74e3-4f49-42d6-88b6-ea3283c50514,2026-07-17T19:30:00Z,2026-07-17T21:30:00+0200,24.152,MW,DE,DE_LU,actual_solar_generation,Solar,2026-07-23T07:13:23Z
2026-07-23T07:11:55Z,2026-07-23T09:11:55+0200,db3f74e3-4f49-42d6-88b6-ea3283c50514,2026-07-17T19:45:00Z,2026-07-17T21:45:00+0200,3.194,MW,DE,DE_LU,actual_solar_generation,Solar,2026-07-23T07:13:23Z
2026-07-23T07:11:55Z,2026-07-23T09:11:55+0200,db3f74e3-4f49-42d6-88b6-ea3283c50514,2026-07-17T20:00:00Z,2026-07-17T22:00:00+0200,0.898,MW,DE,DE_LU,actual_solar_generation,Solar,2026-07-23T07:13:23Z
2026-07-23T07:11:55Z,2026-07-23T09:11:55+0200,db3f74e3-4f49-42d6-88b6-ea3283c50514,2026-07-17T20:15:00Z,2026-07-17T22:15:00+0200,0.213,MW,DE,DE_LU,actual_solar_generation,Solar,2026-07-23T07:13:23Z
2026-07-23T07:11:55Z,2026-07-23T09:11:55+0200,db3f74e3-4f49-42d6-88b6-ea3283c50514,2026-07-17T20:30:00Z,2026-07-17T22:30:00+0200,0.189,MW,DE,DE_LU,actual_solar_generation,Solar,2026-07-23T07:13:23Z
2026-07-23T07:11:55Z,2026-07-23T09:11:55+0200,db3f74e3-4f49-42d6-88b6-ea3283c50514,2026-07-17T20:45:00Z,2026-07-17T22:45:00+0200,0.176,MW,DE,DE_LU,actual_solar_generation,Solar,2026-07-23T07:13:23Z
2026-07-23T07:11:55Z,2026-07-23T09:11:55+0200,db3f74e3-4f49-42d6-88b6-ea3283c50514,2026-07-17T21:00:00Z,2026-07-17T23:00:00+0200,0.173,MW,DE,DE_LU,actual_solar_generation,Solar,2026-07-23T07:13:23Z
2026-07-23T07:11:55Z,2026-07-23T09:11:55+0200,db3f74e3-4f49-42d6-88b6-ea3283c50514,2026-07-17T21:15:00Z,2026-07-17T23:15:00+0200,0.16,MW,DE,DE_LU,actual_solar_generation,Solar,2026-07-23T07:13:23Z
2026-07-23T07:11:55Z,2026-07-23T09:11:55+0200,db3f74e3-4f49-42d6-88b6-ea3283c50514,2026-07-17T21:30:00Z,2026-07-17T23:30:00+0200,0.143,MW,DE,DE_LU,actual_solar_generation,Solar,2026-07-23T07:13:23Z
2026-07-23T07:11:55Z,2026-07-23T09:11:55+0200,db3f74e3-4f49-42d6-88b6-ea3283c50514,2026-07-17T21:45:00Z,2026-07-17T23:45:00+0200,0.134,MW,DE,DE_LU,actual_solar_generation,Solar,2026-07-23T07:13:23Z
2026-07-23T07:11:55Z,2026-07-23T09:11:55+0200,db3f74e3-4f49-42d6-88b6-ea3283c50514,2026-07-17T22:00:00Z,2026-07-18T00:00:00+0200,0.173,MW,DE,DE_LU,actual_solar_generation,Solar,2026-07-23T07:13:23Z
2026-07-23T07:11:55Z,2026-07-23T09:11:55+0200,db3f74e3-4f49-42d6-88b6-ea3283c50514,2026-07-17T22:15:00Z,2026-07-18T00:15:00+0200,0.154,MW,DE,DE_LU,actual_solar_generation,Solar,2026-07-23T07:13:23Z
2026-07-23T07:11:55Z,2026-07-23T09:11:55+0200,db3f74e3-4f49-42d6-88b6-ea3283c50514,2026-07-17T22:30:00Z,2026-07-18T00:30:00+0200,0.146,MW,DE,DE_LU,actual_solar_generation,Solar,2026-07-23T07:13:23Z
2026-07-23T07:11:55Z,2026-07-23T09:11:55+0200,db3f74e3-4f49-42d6-88b6-ea3283c50514,2026-07-17T22:45:00Z,2026-07-18T00:45:00+0200,0.126,MW,DE,DE_LU,actual_solar_generation,Solar,2026-07-23T07:13:23Z
2026-07-23T07:11:55Z,2026-07-23T09:11:55+0200,db3f74e3-4f49-42d6-88b6-ea3283c50514,2026-07-17T23:00:00Z,2026-07-18T01:00:00+0200,0.128,MW,DE,DE_LU,actual_solar_generation,Solar,2026-07-23T07:13:23Z
2026-07-23T07:11:55Z,2026-07-23T09:11:55+0200,db3f74e3-4f49-42d6-88b6-ea3283c50514,2026-07-17T23:15:00Z,2026-07-18T01:15:00+0200,0.111,MW,DE,DE_LU,actual_solar_generation,Solar,2026-07-23T07:13:23Z
2026-07-23T07:11:55Z,2026-07-23T09:11:55+0200,db3f74e3-4f49-42d6-88b6-ea3283c50514,2026-07-17T23:30:00Z,2026-07-18T01:30:00+0200,0.105,MW,DE,DE_LU,actual_solar_generation,Solar,2026-07-23T07:13:23Z
2026-07-23T07:11:55Z,2026-07-23T09:11:55+0200,db3f74e3-4f49-42d6-88b6-ea3283c50514,2026-07-17T23:45:00Z,2026-07-18T01:45:00+0200,0.107,MW,DE,DE_LU,actual_solar_generation,Solar,2026-07-23T07:13:23Z
2026-07-23T07:11:55Z,2026-07-23T09:11:55+0200,db3f74e3-4f49-42d6-88b6-ea3283c50514,2026-07-18T00:00:00Z,2026-07-18T02:00:00+0200,0.095,MW,DE,DE_LU,actual_solar_generation,Solar,2026-07-23T07:13:23Z
2026-07-23T07:11:55Z,2026-07-23T09:11:55+0200,db3f74e3-4f49-42d6-88b6-ea3283c50514,2026-07-18T00:15:00Z,2026-07-18T02:15:00+0200,0.094,MW,DE,DE_LU,actual_solar_generation,Solar,2026-07-23T07:13:23Z
2026-07-23T07:11:55Z,2026-07-23T09:11:55+0200,db3f74e3-4f49-42d6-88b6-ea3283c50514,2026-07-18T00:30:00Z,2026-07-18T02:30:00+0200,0.083,MW,DE,DE_LU,actual_solar_generation,Solar,2026-07-23T07:13:23Z
2026-07-23T07:11:55Z,2026-07-23T09:11:55+0200,db3f74e3-4f49-42d6-88b6-ea3283c50514,2026-07-18T00:45:00Z,2026-07-18T02:45:00+0200,0.087,MW,DE,DE_LU,actual_solar_generation,Solar,2026-07-23T07:13:23Z
2026-07-23T07:11:55Z,2026-07-23T09:11:55+0200,db3f74e3-4f49-42d6-88b6-ea3283c50514,2026-07-18T01:00:00Z,2026-07-18T03:00:00+0200,0.077,MW,DE,DE_LU,actual_solar_generation,Solar,2026-07-23T07:13:23Z
2026-07-23T07:11:55Z,2026-07-23T09:11:55+0200,db3f74e3-4f49-42d6-88b6-ea3283c50514,2026-07-18T01:15:00Z,2026-07-18T03:15:00+0200,0.076,MW,DE,DE_LU,actual_solar_generation,Solar,2026-07-23T07:13:23Z
2026-07-23T07:11:55Z,2026-07-23T09:11:55+0200,db3f74e3-4f49-42d6-88b6-ea3283c50514,2026-07-18T01:30:00Z,2026-07-18T03:30:00+0200,0.075,MW,DE,DE_LU,actual_solar_generation,Solar,2026-07-23T07:13:23Z
2026-07-23T07:11:55Z,2026-07-23T09:11:55+0200,db3f74e3-4f49-42d6-88b6-ea3283c50514,2026-07-18T01:45:00Z,2026-07-18T03:45:00+0200,0.075,MW,DE,DE_LU,actual_solar_generation,Solar,2026-07-23T07:13:23Z
2026-07-23T07:11:55Z,2026-07-23T09:11:55+0200,db3f74e3-4f49-42d6-88b6-ea3283c50514,2026-07-18T02:00:00Z,2026-07-18T04:00:00+0200,0.077,MW,DE,DE_LU,actual_solar_generation,Solar,2026-07-23T07:13:23Z
2026-07-23T07:11:55Z,2026-07-23T09:11:55+0200,db3f74e3-4f49-42d6-88b6-ea3283c50514,2026-07-18T02:15:00Z,2026-07-18T04:15:00+0200,0.075,MW,DE,DE_LU,actual_solar_generation,Solar,2026-07-23T07:13:23Z
2026-07-23T07:11:55Z,2026-07-23T09:11:55+0200,db3f74e3-4f49-42d6-88b6-ea3283c50514,2026-07-18T02:30:00Z,2026-07-18T04:30:00+0200,0.076,MW,DE,DE_LU,actual_solar_generation,Solar,2026-07-23T07:13:23Z
2026-07-23T07:11:55Z,2026-07-23T09:11:55+0200,db3f74e3-4f49-42d6-88b6-ea3283c50514,2026-07-18T02:45:00Z,2026-07-18T04:45:00+0200,0.284,MW,DE,DE_LU,actual_solar_generation,Solar,2026-07-23T07:13:23Z
2026-07-23T07:11:55Z,2026-07-23T09:11:55+0200,db3f74e3-4f49-42d6-88b6-ea3283c50514,2026-07-18T03:00:00Z,2026-07-18T05:00:00+0200,4.029,MW,DE,DE_LU,actual_solar_generation,Solar,2026-07-23T07:13:23Z
2026-07-23T07:11:55Z,2026-07-23T09:11:55+0200,db3f74e3-4f49-42d6-88b6-ea3283c50514,2026-07-18T03:15:00Z,2026-07-18T05:15:00+0200,41.24,MW,DE,DE_LU,actual_solar_generation,Solar,2026-07-23T07:13:23Z
2026-07-23T07:11:55Z,2026-07-23T09:11:55+0200,db3f74e3-4f49-42d6-88b6-ea3283c50514,2026-07-18T03:30:00Z,2026-07-18T05:30:00+0200,168.154,MW,DE,DE_LU,actual_solar_generation,Solar,2026-07-23T07:13:23Z
2026-07-23T07:11:55Z,2026-07-23T09:11:55+0200,db3f74e3-4f49-42d6-88b6-ea3283c50514,2026-07-18T03:45:00Z,2026-07-18T05:45:00+0200,551.424,MW,DE,DE_LU,actual_solar_generation,Solar,2026-07-23T07:13:23Z
2026-07-23T07:11:55Z,2026-07-23T09:11:55+0200,db3f74e3-4f49-42d6-88b6-ea3283c50514,2026-07-18T04:00:00Z,2026-07-18T06:00:00+0200,1243.272,MW,DE,DE_LU,actual_solar_generation,Solar,2026-07-23T07:13:23Z
2026-07-23T07:11:55Z,2026-07-23T09:11:55+0200,db3f74e3-4f49-42d6-88b6-ea3283c50514,2026-07-18T04:15:00Z,2026-07-18T06:15:00+0200,2114.126,MW,DE,DE_LU,actual_solar_generation,Solar,2026-07-23T07:13:23Z
2026-07-23T07:11:55Z,2026-07-23T09:11:55+0200,db3f74e3-4f49-42d6-88b6-ea3283c50514,2026-07-18T04:30:00Z,2026-07-18T06:30:00+0200,3197.195,MW,DE,DE_LU,actual_solar_generation,Solar,2026-07-23T07:13:23Z
2026-07-23T07:11:55Z,2026-07-23T09:11:55+0200,db3f74e3-4f49-42d6-88b6-ea3283c50514,2026-07-18T04:45:00Z,2026-07-18T06:45:00+0200,4507.503,MW,DE,DE_LU,actual_solar_generation,Solar,2026-07-23T07:13:23Z
2026-07-23T07:11:55Z,2026-07-23T09:11:55+0200,db3f74e3-4f49-42d6-88b6-ea3283c50514,2026-07-18T05:00:00Z,2026-07-18T07:00:00+0200,6114.849,MW,DE,DE_LU,actual_solar_generation,Solar,2026-07-23T07:13:23Z
2026-07-23T07:11:55Z,2026-07-23T09:11:55+0200,db3f74e3-4f49-42d6-88b6-ea3283c50514,2026-07-18T05:15:00Z,2026-07-18T07:15:00+0200,7884.348,MW,DE,DE_LU,actual_solar_generation,Solar,2026-07-23T07:13:23Z
2026-07-23T07:11:55Z,2026-07-23T09:11:55+0200,db3f74e3-4f49-42d6-88b6-ea3283c50514,2026-07-18T05:30:00Z,2026-07-18T07:30:00+0200,9849.95,MW,DE,DE_LU,actual_solar_generation,Solar,2026-07-23T07:13:23Z
2026-07-23T07:11:55Z,2026-07-23T09:11:55+0200,db3f74e3-4f49-42d6-88b6-ea3283c50514,2026-07-18T05:45:00Z,2026-07-18T07:45:00+0200,11949.259,MW,DE,DE_LU,actual_solar_generation,Solar,2026-07-23T07:13:23Z
2026-07-23T07:11:55Z,2026-07-23T09:11:55+0200,db3f74e3-4f49-42d6-88b6-ea3283c50514,2026-07-18T06:00:00Z,2026-07-18T08:00:00+0200,14237.471,MW,DE,DE_LU,actual_solar_generation,Solar,2026-07-23T07:13:23Z
2026-07-23T07:11:55Z,2026-07-23T09:11:55+0200,db3f74e3-4f49-42d6-88b6-ea3283c50514,2026-07-18T06:15:00Z,2026-07-18T08:15:00+0200,16565.603,MW,DE,DE_LU,actual_solar_generation,Solar,2026-07-23T07:13:23Z
2026-07-23T07:11:55Z,2026-07-23T09:11:55+0200,db3f74e3-4f49-42d6-88b6-ea3283c50514,2026-07-18T06:30:00Z,2026-07-18T08:30:00+0200,19001.881,MW,DE,DE_LU,actual_solar_generation,Solar,2026-07-23T07:13:23Z
2026-07-23T07:11:55Z,2026-07-23T09:11:55+0200,db3f74e3-4f49-42d6-88b6-ea3283c50514,2026-07-18T06:45:00Z,2026-07-18T08:45:00+0200,21328.348,MW,DE,DE_LU,actual_solar_generation,Solar,2026-07-23T07:13:23Z
2026-07-23T07:11:55Z,2026-07-23T09:11:55+0200,db3f74e3-4f49-42d6-88b6-ea3283c50514,2026-07-18T07:00:00Z,2026-07-18T09:00:00+0200,23517.138,MW,DE,DE_LU,actual_solar_generation,Solar,2026-07-23T07:13:23Z
2026-07-23T07:11:55Z,2026-07-23T09:11:55+0200,db3f74e3-4f49-42d6-88b6-ea3283c50514,2026-07-18T07:15:00Z,2026-07-18T09:15:00+0200,25845.694,MW,DE,DE_LU,actual_solar_generation,Solar,2026-07-23T07:13:23Z
2026-07-23T07:11:55Z,2026-07-23T09:11:55+0200,db3f74e3-4f49-42d6-88b6-ea3283c50514,2026-07-18T07:30:00Z,2026-07-18T09:30:00+0200,27621.042,MW,DE,DE_LU,actual_solar_generation,Solar,2026-07-23T07:13:23Z
2026-07-23T07:11:55Z,2026-07-23T09:11:55+0200,db3f74e3-4f49-42d6-88b6-ea3283c50514,2026-07-18T07:45:00Z,2026-07-18T09:45:00+0200,29587.603,MW,DE,DE_LU,actual_solar_generation,Solar,2026-07-23T07:13:23Z
2026-07-23T07:11:55Z,2026-07-23T09:11:55+0200,db3f74e3-4f49-42d6-88b6-ea3283c50514,2026-07-18T08:00:00Z,2026-07-18T10:00:00+0200,31634.827,MW,DE,DE_LU,actual_solar_generation,Solar,2026-07-23T07:13:23Z
2026-07-23T07:11:55Z,2026-07-23T09:11:55+0200,db3f74e3-4f49-42d6-88b6-ea3283c50514,2026-07-18T08:15:00Z,2026-07-18T10:15:00+0200,33587.065,MW,DE,DE_LU,actual_solar_generation,Solar,2026-07-23T07:13:23Z
2026-07-23T07:11:55Z,2026-07-23T09:11:55+0200,db3f74e3-4f49-42d6-88b6-ea3283c50514,2026-07-18T08:30:00Z,2026-07-18T10:30:00+0200,35577.98,MW,DE,DE_LU,actual_solar_generation,Solar,2026-07-23T07:13:23Z
2026-07-23T07:11:55Z,2026-07-23T09:11:55+0200,db3f74e3-4f49-42d6-88b6-ea3283c50514,2026-07-18T08:45:00Z,2026-07-18T10:45:00+0200,37053.117,MW,DE,DE_LU,actual_solar_generation,Solar,2026-07-23T07:13:23Z
2026-07-23T07:11:55Z,2026-07-23T09:11:55+0200,db3f74e3-4f49-42d6-88b6-ea3283c50514,2026-07-18T09:00:00Z,2026-07-18T11:00:00+0200,37513.534,MW,DE,DE_LU,actual_solar_generation,Solar,2026-07-23T07:13:23Z
2026-07-23T07:11:55Z,2026-07-23T09:11:55+0200,db3f74e3-4f49-42d6-88b6-ea3283c50514,2026-07-18T09:15:00Z,2026-07-18T11:15:00+0200,38129.662,MW,DE,DE_LU,actual_solar_generation,Solar,2026-07-23T07:13:23Z
2026-07-23T07:11:55Z,2026-07-23T09:11:55+0200,db3f74e3-4f49-42d6-88b6-ea3283c50514,2026-07-18T09:30:00Z,2026-07-18T11:30:00+0200,38144.284,MW,DE,DE_LU,actual_solar_generation,Solar,2026-07-23T07:13:23Z
2026-07-23T07:11:55Z,2026-07-23T09:11:55+0200,db3f74e3-4f49-42d6-88b6-ea3283c50514,2026-07-18T09:45:00Z,2026-07-18T11:45:00+0200,38816.887,MW,DE,DE_LU,actual_solar_generation,Solar,2026-07-23T07:13:23Z
2026-07-23T07:11:55Z,2026-07-23T09:11:55+0200,db3f74e3-4f49-42d6-88b6-ea3283c50514,2026-07-18T10:00:00Z,2026-07-18T12:00:00+0200,39471.38,MW,DE,DE_LU,actual_solar_generation,Solar,2026-07-23T07:13:23Z
2026-07-23T07:11:55Z,2026-07-23T09:11:55+0200,db3f74e3-4f49-42d6-88b6-ea3283c50514,2026-07-18T10:15:00Z,2026-07-18T12:15:00+0200,39956.137,MW,DE,DE_LU,actual_solar_generation,Solar,2026-07-23T07:13:23Z
2026-07-23T07:11:55Z,2026-07-23T09:11:55+0200,db3f74e3-4f49-42d6-88b6-ea3283c50514,2026-07-18T10:30:00Z,2026-07-18T12:30:00+0200,40065.892,MW,DE,DE_LU,actual_solar_generation,Solar,2026-07-23T07:13:23Z
2026-07-23T07:11:55Z,2026-07-23T09:11:55+0200,db3f74e3-4f49-42d6-88b6-ea3283c50514,2026-07-18T10:45:00Z,2026-07-18T12:45:00+0200,40194.705,MW,DE,DE_LU,actual_solar_generation,Solar,2026-07-23T07:13:23Z
2026-07-23T07:11:55Z,2026-07-23T09:11:55+0200,db3f74e3-4f49-42d6-88b6-ea3283c50514,2026-07-18T11:00:00Z,2026-07-18T13:00:00+0200,40347.279,MW,DE,DE_LU,actual_solar_generation,Solar,2026-07-23T07:13:23Z
2026-07-23T07:11:55Z,2026-07-23T09:11:55+0200,db3f74e3-4f49-42d6-88b6-ea3283c50514,2026-07-18T11:15:00Z,2026-07-18T13:15:00+0200,40048.529,MW,DE,DE_LU,actual_solar_generation,Solar,2026-07-23T07:13:23Z
2026-07-23T07:11:55Z,2026-07-23T09:11:55+0200,db3f74e3-4f49-42d6-88b6-ea3283c50514,2026-07-18T11:30:00Z,2026-07-18T13:30:00+0200,40010.978,MW,DE,DE_LU,actual_solar_generation,Solar,2026-07-23T07:13:23Z
2026-07-23T07:11:55Z,2026-07-23T09:11:55+0200,db3f74e3-4f49-42d6-88b6-ea3283c50514,2026-07-18T11:45:00Z,2026-07-18T13:45:00+0200,39669.835,MW,DE,DE_LU,actual_solar_generation,Solar,2026-07-23T07:13:23Z
2026-07-23T07:11:55Z,2026-07-23T09:11:55+0200,db3f74e3-4f49-42d6-88b6-ea3283c50514,2026-07-18T12:00:00Z,2026-07-18T14:00:00+0200,39374.795,MW,DE,DE_LU,actual_solar_generation,Solar,2026-07-23T07:13:23Z
2026-07-23T07:11:55Z,2026-07-23T09:11:55+0200,db3f74e3-4f49-42d6-88b6-ea3283c50514,2026-07-18T12:15:00Z,2026-07-18T14:15:00+0200,38852.934,MW,DE,DE_LU,actual_solar_generation,Solar,2026-07-23T07:13:23Z
2026-07-23T07:11:55Z,2026-07-23T09:11:55+0200,db3f74e3-4f49-42d6-88b6-ea3283c50514,2026-07-18T12:30:00Z,2026-07-18T14:30:00+0200,37864.407,MW,DE,DE_LU,actual_solar_generation,Solar,2026-07-23T07:13:23Z
2026-07-23T07:11:55Z,2026-07-23T09:11:55+0200,db3f74e3-4f49-42d6-88b6-ea3283c50514,2026-07-18T12:45:00Z,2026-07-18T14:45:00+0200,36852.513,MW,DE,DE_LU,actual_solar_generation,Solar,2026-07-23T07:13:23Z
2026-07-23T07:11:55Z,2026-07-23T09:11:55+0200,db3f74e3-4f49-42d6-88b6-ea3283c50514,2026-07-18T13:00:00Z,2026-07-18T15:00:00+0200,35535.299,MW,DE,DE_LU,actual_solar_generation,Solar,2026-07-23T07:13:23Z
2026-07-23T07:11:55Z,2026-07-23T09:11:55+0200,db3f74e3-4f49-42d6-88b6-ea3283c50514,2026-07-18T13:15:00Z,2026-07-18T15:15:00+0200,34361.489,MW,DE,DE_LU,actual_solar_generation,Solar,2026-07-23T07:13:23Z
2026-07-23T07:11:55Z,2026-07-23T09:11:55+0200,db3f74e3-4f49-42d6-88b6-ea3283c50514,2026-07-18T13:30:00Z,2026-07-18T15:30:00+0200,33172.913,MW,DE,DE_LU,actual_solar_generation,Solar,2026-07-23T07:13:23Z
2026-07-23T07:11:55Z,2026-07-23T09:11:55+0200,db3f74e3-4f49-42d6-88b6-ea3283c50514,2026-07-18T13:45:00Z,2026-07-18T15:45:00+0200,31583.0,MW,DE,DE_LU,actual_solar_generation,Solar,2026-07-23T07:13:23Z
2026-07-23T07:11:55Z,2026-07-23T09:11:55+0200,db3f74e3-4f49-42d6-88b6-ea3283c50514,2026-07-18T14:00:00Z,2026-07-18T16:00:00+0200,30332.624,MW,DE,DE_LU,actual_solar_generation,Solar,2026-07-23T07:13:23Z
2026-07-23T07:11:55Z,2026-07-23T09:11:55+0200,db3f74e3-4f49-42d6-88b6-ea3283c50514,2026-07-18T14:15:00Z,2026-07-18T16:15:00+0200,29146.729,MW,DE,DE_LU,actual_solar_generation,Solar,2026-07-23T07:13:23Z
2026-07-23T07:11:55Z,2026-07-23T09:11:55+0200,db3f74e3-4f49-42d6-88b6-ea3283c50514,2026-07-18T14:30:00Z,2026-07-18T16:30:00+0200,27978.608,MW,DE,DE_LU,actual_solar_generation,Solar,2026-07-23T07:13:23Z
2026-07-23T07:11:55Z,2026-07-23T09:11:55+0200,db3f74e3-4f49-42d6-88b6-ea3283c50514,2026-07-18T14:45:00Z,2026-07-18T16:45:00+0200,26819.414,MW,DE,DE_LU,actual_solar_generation,Solar,2026-07-23T07:13:23Z
2026-07-23T07:11:55Z,2026-07-23T09:11:55+0200,db3f74e3-4f49-42d6-88b6-ea3283c50514,2026-07-18T15:00:00Z,2026-07-18T17:00:00+0200,25550.165,MW,DE,DE_LU,actual_solar_generation,Solar,2026-07-23T07:13:23Z
2026-07-23T07:11:55Z,2026-07-23T09:11:55+0200,db3f74e3-4f49-42d6-88b6-ea3283c50514,2026-07-18T15:15:00Z,2026-07-18T17:15:00+0200,23827.63,MW,DE,DE_LU,actual_solar_generation,Solar,2026-07-23T07:13:23Z
2026-07-23T07:11:55Z,2026-07-23T09:11:55+0200,db3f74e3-4f49-42d6-88b6-ea3283c50514,2026-07-18T15:30:00Z,2026-07-18T17:30:00+0200,22567.063,MW,DE,DE_LU,actual_solar_generation,Solar,2026-07-23T07:13:23Z
2026-07-23T07:11:55Z,2026-07-23T09:11:55+0200,db3f74e3-4f49-42d6-88b6-ea3283c50514,2026-07-18T15:45:00Z,2026-07-18T17:45:00+0200,20655.026,MW,DE,DE_LU,actual_solar_generation,Solar,2026-07-23T07:13:23Z
2026-07-23T07:11:55Z,2026-07-23T09:11:55+0200,db3f74e3-4f49-42d6-88b6-ea3283c50514,2026-07-18T16:00:00Z,2026-07-18T18:00:00+0200,18218.01,MW,DE,DE_LU,actual_solar_generation,Solar,2026-07-23T07:13:23Z
2026-07-23T07:11:55Z,2026-07-23T09:11:55+0200,db3f74e3-4f49-42d6-88b6-ea3283c50514,2026-07-18T16:15:00Z,2026-07-18T18:15:00+0200,15935.532,MW,DE,DE_LU,actual_solar_generation,Solar,2026-07-23T07:13:23Z
2026-07-23T07:11:55Z,2026-07-23T09:11:55+0200,db3f74e3-4f49-42d6-88b6-ea3283c50514,2026-07-18T16:30:00Z,2026-07-18T18:30:00+0200,13918.852,MW,DE,DE_LU,actual_solar_generation,Solar,2026-07-23T07:13:23Z
2026-07-23T07:11:55Z,2026-07-23T09:11:55+0200,db3f74e3-4f49-42d6-88b6-ea3283c50514,2026-07-18T16:45:00Z,2026-07-18T18:45:00+0200,11902.02,MW,DE,DE_LU,actual_solar_generation,Solar,2026-07-23T07:13:23Z
2026-07-23T07:11:55Z,2026-07-23T09:11:55+0200,db3f74e3-4f49-42d6-88b6-ea3283c50514,2026-07-18T17:00:00Z,2026-07-18T19:00:00+0200,10025.037,MW,DE,DE_LU,actual_solar_generation,Solar,2026-07-23T07:13:23Z
2026-07-23T07:11:55Z,2026-07-23T09:11:55+0200,db3f74e3-4f49-42d6-88b6-ea3283c50514,2026-07-18T17:15:00Z,2026-07-18T19:15:00+0200,8230.165,MW,DE,DE_LU,actual_solar_generation,Solar,2026-07-23T07:13:23Z
2026-07-23T07:11:55Z,2026-07-23T09:11:55+0200,db3f74e3-4f49-42d6-88b6-ea3283c50514,2026-07-18T17:30:00Z,2026-07-18T19:30:00+0200,6458.715,MW,DE,DE_LU,actual_solar_generation,Solar,2026-07-23T07:13:23Z
2026-07-23T07:11:55Z,2026-07-23T09:11:55+0200,db3f74e3-4f49-42d6-88b6-ea3283c50514,2026-07-18T17:45:00Z,2026-07-18T19:45:00+0200,4815.193,MW,DE,DE_LU,actual_solar_generation,Solar,2026-07-23T07:13:23Z
2026-07-23T07:11:55Z,2026-07-23T09:11:55+0200,db3f74e3-4f49-42d6-88b6-ea3283c50514,2026-07-18T18:00:00Z,2026-07-18T20:00:00+0200,3481.815,MW,DE,DE_LU,actual_solar_generation,Solar,2026-07-23T07:13:23Z
2026-07-23T07:11:55Z,2026-07-23T09:11:55+0200,db3f74e3-4f49-42d6-88b6-ea3283c50514,2026-07-18T18:15:00Z,2026-07-18T20:15:00+0200,2348.286,MW,DE,DE_LU,actual_solar_generation,Solar,2026-07-23T07:13:23Z
2026-07-23T07:11:55Z,2026-07-23T09:11:55+0200,db3f74e3-4f49-42d6-88b6-ea3283c50514,2026-07-18T18:30:00Z,2026-07-18T20:30:00+0200,1406.622,MW,DE,DE_LU,actual_solar_generation,Solar,2026-07-23T07:13:23Z
2026-07-23T07:11:55Z,2026-07-23T09:11:55+0200,db3f74e3-4f49-42d6-88b6-ea3283c50514,2026-07-18T18:45:00Z,2026-07-18T20:45:00+0200,705.872,MW,DE,DE_LU,actual_solar_generation,Solar,2026-07-23T07:13:23Z
2026-07-23T07:11:55Z,2026-07-23T09:11:55+0200,db3f74e3-4f49-42d6-88b6-ea3283c50514,2026-07-18T19:00:00Z,2026-07-18T21:00:00+0200,269.893,MW,DE,DE_LU,actual_solar_generation,Solar,2026-07-23T07:13:23Z
2026-07-23T07:11:55Z,2026-07-23T09:11:55+0200,db3f74e3-4f49-42d6-88b6-ea3283c50514,2026-07-18T19:15:00Z,2026-07-18T21:15:00+0200,102.194,MW,DE,DE_LU,actual_solar_generation,Solar,2026-07-23T07:13:23Z
2026-07-23T07:11:55Z,2026-07-23T09:11:55+0200,db3f74e3-4f49-42d6-88b6-ea3283c50514,2026-07-18T19:30:00Z,2026-07-18T21:30:00+0200,26.882,MW,DE,DE_LU,actual_solar_generation,Solar,2026-07-23T07:13:23Z
2026-07-23T07:11:55Z,2026-07-23T09:11:55+0200,db3f74e3-4f49-42d6-88b6-ea3283c50514,2026-07-18T19:45:00Z,2026-07-18T21:45:00+0200,4.604,MW,DE,DE_LU,actual_solar_generation,Solar,2026-07-23T07:13:23Z
2026-07-23T07:11:55Z,2026-07-23T09:11:55+0200,db3f74e3-4f49-42d6-88b6-ea3283c50514,2026-07-18T20:00:00Z,2026-07-18T22:00:00+0200,0.453,MW,DE,DE_LU,actual_solar_generation,Solar,2026-07-23T07:13:23Z
2026-07-23T07:11:55Z,2026-07-23T09:11:55+0200,db3f74e3-4f49-42d6-88b6-ea3283c50514,2026-07-18T20:15:00Z,2026-07-18T22:15:00+0200,0.318,MW,DE,DE_LU,actual_solar_generation,Solar,2026-07-23T07:13:23Z
2026-07-23T07:11:55Z,2026-07-23T09:11:55+0200,db3f74e3-4f49-42d6-88b6-ea3283c50514,2026-07-18T20:30:00Z,2026-07-18T22:30:00+0200,0.279,MW,DE,DE_LU,actual_solar_generation,Solar,2026-07-23T07:13:23Z
2026-07-23T07:11:55Z,2026-07-23T09:11:55+0200,db3f74e3-4f49-42d6-88b6-ea3283c50514,2026-07-18T20:45:00Z,2026-07-18T22:45:00+0200,0.234,MW,DE,DE_LU,actual_solar_generation,Solar,2026-07-23T07:13:23Z
2026-07-23T07:11:55Z,2026-07-23T09:11:55+0200,db3f74e3-4f49-42d6-88b6-ea3283c50514,2026-07-18T21:00:00Z,2026-07-18T23:00:00+0200,0.22,MW,DE,DE_LU,actual_solar_generation,Solar,2026-07-23T07:13:23Z
2026-07-23T07:11:55Z,2026-07-23T09:11:55+0200,db3f74e3-4f49-42d6-88b6-ea3283c50514,2026-07-18T21:15:00Z,2026-07-18T23:15:00+0200,0.181,MW,DE,DE_LU,actual_solar_generation,Solar,2026-07-23T07:13:23Z
2026-07-23T07:11:55Z,2026-07-23T09:11:55+0200,db3f74e3-4f49-42d6-88b6-ea3283c50514,2026-07-18T21:30:00Z,2026-07-18T23:30:00+0200,0.176,MW,DE,DE_LU,actual_solar_generation,Solar,2026-07-23T07:13:23Z
2026-07-23T07:11:55Z,2026-07-23T09:11:55+0200,db3f74e3-4f49-42d6-88b6-ea3283c50514,2026-07-18T21:45:00Z,2026-07-18T23:45:00+0200,0.15,MW,DE,DE_LU,actual_solar_generation,Solar,2026-07-23T07:13:23Z
2026-07-23T07:11:55Z,2026-07-23T09:11:55+0200,db3f74e3-4f49-42d6-88b6-ea3283c50514,2026-07-18T22:00:00Z,2026-07-19T00:00:00+0200,0.134,MW,DE,DE_LU,actual_solar_generation,Solar,2026-07-23T07:13:23Z
2026-07-23T07:11:55Z,2026-07-23T09:11:55+0200,db3f74e3-4f49-42d6-88b6-ea3283c50514,2026-07-18T22:15:00Z,2026-07-19T00:15:00+0200,0.138,MW,DE,DE_LU,actual_solar_generation,Solar,2026-07-23T07:13:23Z
2026-07-23T07:11:55Z,2026-07-23T09:11:55+0200,db3f74e3-4f49-42d6-88b6-ea3283c50514,2026-07-18T22:30:00Z,2026-07-19T00:30:00+0200,0.13,MW,DE,DE_LU,actual_solar_generation,Solar,2026-07-23T07:13:23Z
2026-07-23T07:11:55Z,2026-07-23T09:11:55+0200,db3f74e3-4f49-42d6-88b6-ea3283c50514,2026-07-18T22:45:00Z,2026-07-19T00:45:00+0200,0.121,MW,DE,DE_LU,actual_solar_generation,Solar,2026-07-23T07:13:23Z
2026-07-23T07:11:55Z,2026-07-23T09:11:55+0200,db3f74e3-4f49-42d6-88b6-ea3283c50514,2026-07-18T23:00:00Z,2026-07-19T01:00:00+0200,0.117,MW,DE,DE_LU,actual_solar_generation,Solar,2026-07-23T07:13:23Z
2026-07-23T07:11:55Z,2026-07-23T09:11:55+0200,db3f74e3-4f49-42d6-88b6-ea3283c50514,2026-07-18T23:15:00Z,2026-07-19T01:15:00+0200,0.12,MW,DE,DE_LU,actual_solar_generation,Solar,2026-07-23T07:13:23Z
2026-07-23T07:11:55Z,2026-07-23T09:11:55+0200,db3f74e3-4f49-42d6-88b6-ea3283c50514,2026-07-18T23:30:00Z,2026-07-19T01:30:00+0200,0.098,MW,DE,DE_LU,actual_solar_generation,Solar,2026-07-23T07:13:23Z
2026-07-23T07:11:55Z,2026-07-23T09:11:55+0200,db3f74e3-4f49-42d6-88b6-ea3283c50514,2026-07-18T23:45:00Z,2026-07-19T01:45:00+0200,0.103,MW,DE,DE_LU,actual_solar_generation,Solar,2026-07-23T07:13:23Z
2026-07-23T07:11:55Z,2026-07-23T09:11:55+0200,db3f74e3-4f49-42d6-88b6-ea3283c50514,2026-07-19T00:00:00Z,2026-07-19T02:00:00+0200,0.1,MW,DE,DE_LU,actual_solar_generation,Solar,2026-07-23T07:13:23Z
2026-07-23T07:11:55Z,2026-07-23T09:11:55+0200,db3f74e3-4f49-42d6-88b6-ea3283c50514,2026-07-19T00:15:00Z,2026-07-19T02:15:00+0200,0.097,MW,DE,DE_LU,actual_solar_generation,Solar,2026-07-23T07:13:23Z
2026-07-23T07:11:55Z,2026-07-23T09:11:55+0200,db3f74e3-4f49-42d6-88b6-ea3283c50514,2026-07-19T00:30:00Z,2026-07-19T02:30:00+0200,0.094,MW,DE,DE_LU,actual_solar_generation,Solar,2026-07-23T07:13:23Z
2026-07-23T07:11:55Z,2026-07-23T09:11:55+0200,db3f74e3-4f49-42d6-88b6-ea3283c50514,2026-07-19T00:45:00Z,2026-07-19T02:45:00+0200,0.089,MW,DE,DE_LU,actual_solar_generation,Solar,2026-07-23T07:13:23Z
2026-07-23T07:11:55Z,2026-07-23T09:11:55+0200,db3f74e3-4f49-42d6-88b6-ea3283c50514,2026-07-19T01:00:00Z,2026-07-19T03:00:00+0200,0.083,MW,DE,DE_LU,actual_solar_generation,Solar,2026-07-23T07:13:23Z
2026-07-23T07:11:55Z,2026-07-23T09:11:55+0200,db3f74e3-4f49-42d6-88b6-ea3283c50514,2026-07-19T01:15:00Z,2026-07-19T03:15:00+0200,0.078,MW,DE,DE_LU,actual_solar_generation,Solar,2026-07-23T07:13:23Z
2026-07-23T07:11:55Z,2026-07-23T09:11:55+0200,db3f74e3-4f49-42d6-88b6-ea3283c50514,2026-07-19T01:30:00Z,2026-07-19T03:30:00+0200,0.078,MW,DE,DE_LU,actual_solar_generation,Solar,2026-07-23T07:13:23Z
2026-07-23T07:11:55Z,2026-07-23T09:11:55+0200,db3f74e3-4f49-42d6-88b6-ea3283c50514,2026-07-19T01:45:00Z,2026-07-19T03:45:00+0200,0.079,MW,DE,DE_LU,actual_solar_generation,Solar,2026-07-23T07:13:23Z
2026-07-23T07:11:55Z,2026-07-23T09:11:55+0200,db3f74e3-4f49-42d6-88b6-ea3283c50514,2026-07-19T02:00:00Z,2026-07-19T04:00:00+0200,0.078,MW,DE,DE_LU,actual_solar_generation,Solar,2026-07-23T07:13:23Z
2026-07-23T07:11:55Z,2026-07-23T09:11:55+0200,db3f74e3-4f49-42d6-88b6-ea3283c50514,2026-07-19T02:15:00Z,2026-07-19T04:15:00+0200,0.072,MW,DE,DE_LU,actual_solar_generation,Solar,2026-07-23T07:13:23Z
2026-07-23T07:11:55Z,2026-07-23T09:11:55+0200,db3f74e3-4f49-42d6-88b6-ea3283c50514,2026-07-19T02:30:00Z,2026-07-19T04:30:00+0200,0.065,MW,DE,DE_LU,actual_solar_generation,Solar,2026-07-23T07:13:23Z
2026-07-23T07:11:55Z,2026-07-23T09:11:55+0200,db3f74e3-4f49-42d6-88b6-ea3283c50514,2026-07-19T02:45:00Z,2026-07-19T04:45:00+0200,0.614,MW,DE,DE_LU,actual_solar_generation,Solar,2026-07-23T07:13:23Z
2026-07-23T07:11:55Z,2026-07-23T09:11:55+0200,db3f74e3-4f49-42d6-88b6-ea3283c50514,2026-07-19T03:00:00Z,2026-07-19T05:00:00+0200,8.222,MW,DE,DE_LU,actual_solar_generation,Solar,2026-07-23T07:13:23Z
2026-07-23T07:11:55Z,2026-07-23T09:11:55+0200,db3f74e3-4f49-42d6-88b6-ea3283c50514,2026-07-19T03:15:00Z,2026-07-19T05:15:00+0200,61.993,MW,DE,DE_LU,actual_solar_generation,Solar,2026-07-23T07:13:23Z
2026-07-23T07:11:55Z,2026-07-23T09:11:55+0200,db3f74e3-4f49-42d6-88b6-ea3283c50514,2026-07-19T03:30:00Z,2026-07-19T05:30:00+0200,197.445,MW,DE,DE_LU,actual_solar_generation,Solar,2026-07-23T07:13:23Z
2026-07-23T07:11:55Z,2026-07-23T09:11:55+0200,db3f74e3-4f49-42d6-88b6-ea3283c50514,2026-07-19T03:45:00Z,2026-07-19T05:45:00+0200,564.915,MW,DE,DE_LU,actual_solar_generation,Solar,2026-07-23T07:13:23Z
2026-07-23T07:11:55Z,2026-07-23T09:11:55+0200,db3f74e3-4f49-42d6-88b6-ea3283c50514,2026-07-19T04:00:00Z,2026-07-19T06:00:00+0200,1157.603,MW,DE,DE_LU,actual_solar_generation,Solar,2026-07-23T07:13:23Z
2026-07-23T07:11:55Z,2026-07-23T09:11:55+0200,db3f74e3-4f49-42d6-88b6-ea3283c50514,2026-07-19T04:15:00Z,2026-07-19T06:15:00+0200,1858.404,MW,DE,DE_LU,actual_solar_generation,Solar,2026-07-23T07:13:23Z
2026-07-23T07:11:55Z,2026-07-23T09:11:55+0200,db3f74e3-4f49-42d6-88b6-ea3283c50514,2026-07-19T04:30:00Z,2026-07-19T06:30:00+0200,2659.653,MW,DE,DE_LU,actual_solar_generation,Solar,2026-07-23T07:13:23Z
2026-07-23T07:11:55Z,2026-07-23T09:11:55+0200,db3f74e3-4f49-42d6-88b6-ea3283c50514,2026-07-19T04:45:00Z,2026-07-19T06:45:00+0200,3618.181,MW,DE,DE_LU,actual_solar_generation,Solar,2026-07-23T07:13:23Z
2026-07-23T07:11:55Z,2026-07-23T09:11:55+0200,db3f74e3-4f49-42d6-88b6-ea3283c50514,2026-07-19T05:00:00Z,2026-07-19T07:00:00+0200,4750.655,MW,DE,DE_LU,actual_solar_generation,Solar,2026-07-23T07:13:23Z
2026-07-23T07:11:55Z,2026-07-23T09:11:55+0200,db3f74e3-4f49-42d6-88b6-ea3283c50514,2026-07-19T05:15:00Z,2026-07-19T07:15:00+0200,5962.643,MW,DE,DE_LU,actual_solar_generation,Solar,2026-07-23T07:13:23Z
2026-07-23T07:11:55Z,2026-07-23T09:11:55+0200,db3f74e3-4f49-42d6-88b6-ea3283c50514,2026-07-19T05:30:00Z,2026-07-19T07:30:00+0200,7312.884,MW,DE,DE_LU,actual_solar_generation,Solar,2026-07-23T07:13:23Z
2026-07-23T07:11:55Z,2026-07-23T09:11:55+0200,db3f74e3-4f49-42d6-88b6-ea3283c50514,2026-07-19T05:45:00Z,2026-07-19T07:45:00+0200,8787.885,MW,DE,DE_LU,actual_solar_generation,Solar,2026-07-23T07:13:23Z
2026-07-23T07:11:55Z,2026-07-23T09:11:55+0200,db3f74e3-4f49-42d6-88b6-ea3283c50514,2026-07-19T06:00:00Z,2026-07-19T08:00:00+0200,10242.897,MW,DE,DE_LU,actual_solar_generation,Solar,2026-07-23T07:13:23Z
2026-07-23T07:11:55Z,2026-07-23T09:11:55+0200,db3f74e3-4f49-42d6-88b6-ea3283c50514,2026-07-19T06:15:00Z,2026-07-19T08:15:00+0200,11878.802,MW,DE,DE_LU,actual_solar_generation,Solar,2026-07-23T07:13:23Z
2026-07-23T07:11:55Z,2026-07-23T09:11:55+0200,db3f74e3-4f49-42d6-88b6-ea3283c50514,2026-07-19T06:30:00Z,2026-07-19T08:30:00+0200,13641.494,MW,DE,DE_LU,actual_solar_generation,Solar,2026-07-23T07:13:23Z
2026-07-23T07:11:55Z,2026-07-23T09:11:55+0200,db3f74e3-4f49-42d6-88b6-ea3283c50514,2026-07-19T06:45:00Z,2026-07-19T08:45:00+0200,15213.844,MW,DE,DE_LU,actual_solar_generation,Solar,2026-07-23T07:13:23Z
2026-07-23T07:11:55Z,2026-07-23T09:11:55+0200,db3f74e3-4f49-42d6-88b6-ea3283c50514,2026-07-19T07:00:00Z,2026-07-19T09:00:00+0200,16502.924,MW,DE,DE_LU,actual_solar_generation,Solar,2026-07-23T07:13:23Z
2026-07-23T07:11:55Z,2026-07-23T09:11:55+0200,db3f74e3-4f49-42d6-88b6-ea3283c50514,2026-07-19T07:15:00Z,2026-07-19T09:15:00+0200,18163.33,MW,DE,DE_LU,actual_solar_generation,Solar,2026-07-23T07:13:23Z
2026-07-23T07:11:55Z,2026-07-23T09:11:55+0200,db3f74e3-4f49-42d6-88b6-ea3283c50514,2026-07-19T07:30:00Z,2026-07-19T09:30:00+0200,19964.599,MW,DE,DE_LU,actual_solar_generation,Solar,2026-07-23T07:13:23Z
2026-07-23T07:11:55Z,2026-07-23T09:11:55+0200,db3f74e3-4f49-42d6-88b6-ea3283c50514,2026-07-19T07:45:00Z,2026-07-19T09:45:00+0200,21550.437,MW,DE,DE_LU,actual_solar_generation,Solar,2026-07-23T07:13:23Z
2026-07-23T07:11:55Z,2026-07-23T09:11:55+0200,db3f74e3-4f49-42d6-88b6-ea3283c50514,2026-07-19T08:00:00Z,2026-07-19T10:00:00+0200,22763.077,MW,DE,DE_LU,actual_solar_generation,Solar,2026-07-23T07:13:23Z
2026-07-23T07:11:55Z,2026-07-23T09:11:55+0200,db3f74e3-4f49-42d6-88b6-ea3283c50514,2026-07-19T08:15:00Z,2026-07-19T10:15:00+0200,24070.18,MW,DE,DE_LU,actual_solar_generation,Solar,2026-07-23T07:13:23Z
2026-07-23T07:11:55Z,2026-07-23T09:11:55+0200,db3f74e3-4f49-42d6-88b6-ea3283c50514,2026-07-19T08:30:00Z,2026-07-19T10:30:00+0200,25493.871,MW,DE,DE_LU,actual_solar_generation,Solar,2026-07-23T07:13:23Z
2026-07-23T07:11:55Z,2026-07-23T09:11:55+0200,db3f74e3-4f49-42d6-88b6-ea3283c50514,2026-07-19T08:45:00Z,2026-07-19T10:45:00+0200,26970.981,MW,DE,DE_LU,actual_solar_generation,Solar,2026-07-23T07:13:23Z
2026-07-23T07:11:55Z,2026-07-23T09:11:55+0200,db3f74e3-4f49-42d6-88b6-ea3283c50514,2026-07-19T09:00:00Z,2026-07-19T11:00:00+0200,27471.448,MW,DE,DE_LU,actual_solar_generation,Solar,2026-07-23T07:13:23Z
2026-07-23T07:11:55Z,2026-07-23T09:11:55+0200,db3f74e3-4f49-42d6-88b6-ea3283c50514,2026-07-19T09:15:00Z,2026-07-19T11:15:00+0200,28837.097,MW,DE,DE_LU,actual_solar_generation,Solar,2026-07-23T07:13:23Z
2026-07-23T07:11:55Z,2026-07-23T09:11:55+0200,db3f74e3-4f49-42d6-88b6-ea3283c50514,2026-07-19T09:30:00Z,2026-07-19T11:30:00+0200,29667.589,MW,DE,DE_LU,actual_solar_generation,Solar,2026-07-23T07:13:23Z
2026-07-23T07:11:55Z,2026-07-23T09:11:55+0200,db3f74e3-4f49-42d6-88b6-ea3283c50514,2026-07-19T09:45:00Z,2026-07-19T11:45:00+0200,31043.124,MW,DE,DE_LU,actual_solar_generation,Solar,2026-07-23T07:13:23Z
2026-07-23T07:11:55Z,2026-07-23T09:11:55+0200,db3f74e3-4f49-42d6-88b6-ea3283c50514,2026-07-19T10:00:00Z,2026-07-19T12:00:00+0200,32082.567,MW,DE,DE_LU,actual_solar_generation,Solar,2026-07-23T07:13:23Z
2026-07-23T07:11:55Z,2026-07-23T09:11:55+0200,db3f74e3-4f49-42d6-88b6-ea3283c50514,2026-07-19T10:15:00Z,2026-07-19T12:15:00+0200,33759.437,MW,DE,DE_LU,actual_solar_generation,Solar,2026-07-23T07:13:23Z
2026-07-23T07:11:55Z,2026-07-23T09:11:55+0200,db3f74e3-4f49-42d6-88b6-ea3283c50514,2026-07-19T10:30:00Z,2026-07-19T12:30:00+0200,34558.438,MW,DE,DE_LU,actual_solar_generation,Solar,2026-07-23T07:13:23Z
2026-07-23T07:11:55Z,2026-07-23T09:11:55+0200,db3f74e3-4f49-42d6-88b6-ea3283c50514,2026-07-19T10:45:00Z,2026-07-19T12:45:00+0200,35277.807,MW,DE,DE_LU,actual_solar_generation,Solar,2026-07-23T07:13:23Z
2026-07-23T07:11:55Z,2026-07-23T09:11:55+0200,db3f74e3-4f49-42d6-88b6-ea3283c50514,2026-07-19T11:00:00Z,2026-07-19T13:00:00+0200,35597.839,MW,DE,DE_LU,actual_solar_generation,Solar,2026-07-23T07:13:23Z
2026-07-23T07:11:55Z,2026-07-23T09:11:55+0200,db3f74e3-4f49-42d6-88b6-ea3283c50514,2026-07-19T11:15:00Z,2026-07-19T13:15:00+0200,36084.633,MW,DE,DE_LU,actual_solar_generation,Solar,2026-07-23T07:13:23Z
2026-07-23T07:11:55Z,2026-07-23T09:11:55+0200,db3f74e3-4f49-42d6-88b6-ea3283c50514,2026-07-19T11:30:00Z,2026-07-19T13:30:00+0200,36181.699,MW,DE,DE_LU,actual_solar_generation,Solar,2026-07-23T07:13:23Z
2026-07-23T07:11:55Z,2026-07-23T09:11:55+0200,db3f74e3-4f49-42d6-88b6-ea3283c50514,2026-07-19T11:45:00Z,2026-07-19T13:45:00+0200,36386.848,MW,DE,DE_LU,actual_solar_generation,Solar,2026-07-23T07:13:23Z
2026-07-23T07:11:55Z,2026-07-23T09:11:55+0200,db3f74e3-4f49-42d6-88b6-ea3283c50514,2026-07-19T12:00:00Z,2026-07-19T14:00:00+0200,35909.579,MW,DE,DE_LU,actual_solar_generation,Solar,2026-07-23T07:13:23Z
2026-07-23T07:11:55Z,2026-07-23T09:11:55+0200,db3f74e3-4f49-42d6-88b6-ea3283c50514,2026-07-19T12:15:00Z,2026-07-19T14:15:00+0200,35781.683,MW,DE,DE_LU,actual_solar_generation,Solar,2026-07-23T07:13:23Z
2026-07-23T07:11:55Z,2026-07-23T09:11:55+0200,db3f74e3-4f49-42d6-88b6-ea3283c50514,2026-07-19T12:30:00Z,2026-07-19T14:30:00+0200,35842.821,MW,DE,DE_LU,actual_solar_generation,Solar,2026-07-23T07:13:23Z
2026-07-23T07:11:55Z,2026-07-23T09:11:55+0200,db3f74e3-4f49-42d6-88b6-ea3283c50514,2026-07-19T12:45:00Z,2026-07-19T14:45:00+0200,35267.083,MW,DE,DE_LU,actual_solar_generation,Solar,2026-07-23T07:13:23Z
2026-07-23T07:11:55Z,2026-07-23T09:11:55+0200,db3f74e3-4f49-42d6-88b6-ea3283c50514,2026-07-19T13:00:00Z,2026-07-19T15:00:00+0200,34711.582,MW,DE,DE_LU,actual_solar_generation,Solar,2026-07-23T07:13:23Z
2026-07-23T07:11:55Z,2026-07-23T09:11:55+0200,db3f74e3-4f49-42d6-88b6-ea3283c50514,2026-07-19T13:15:00Z,2026-07-19T15:15:00+0200,34665.219,MW,DE,DE_LU,actual_solar_generation,Solar,2026-07-23T07:13:23Z
2026-07-23T07:11:55Z,2026-07-23T09:11:55+0200,db3f74e3-4f49-42d6-88b6-ea3283c50514,2026-07-19T13:30:00Z,2026-07-19T15:30:00+0200,34559.723,MW,DE,DE_LU,actual_solar_generation,Solar,2026-07-23T07:13:23Z
2026-07-23T07:11:55Z,2026-07-23T09:11:55+0200,db3f74e3-4f49-42d6-88b6-ea3283c50514,2026-07-19T13:45:00Z,2026-07-19T15:45:00+0200,33931.792,MW,DE,DE_LU,actual_solar_generation,Solar,2026-07-23T07:13:23Z
2026-07-23T07:11:55Z,2026-07-23T09:11:55+0200,db3f74e3-4f49-42d6-88b6-ea3283c50514,2026-07-19T14:00:00Z,2026-07-19T16:00:00+0200,33178.372,MW,DE,DE_LU,actual_solar_generation,Solar,2026-07-23T07:13:23Z
2026-07-23T07:11:55Z,2026-07-23T09:11:55+0200,db3f74e3-4f49-42d6-88b6-ea3283c50514,2026-07-19T14:15:00Z,2026-07-19T16:15:00+0200,31246.965,MW,DE,DE_LU,actual_solar_generation,Solar,2026-07-23T07:13:23Z
2026-07-23T07:11:55Z,2026-07-23T09:11:55+0200,db3f74e3-4f49-42d6-88b6-ea3283c50514,2026-07-19T14:30:00Z,2026-07-19T16:30:00+0200,29960.535,MW,DE,DE_LU,actual_solar_generation,Solar,2026-07-23T07:13:23Z
2026-07-23T07:11:55Z,2026-07-23T09:11:55+0200,db3f74e3-4f49-42d6-88b6-ea3283c50514,2026-07-19T14:45:00Z,2026-07-19T16:45:00+0200,28589.685,MW,DE,DE_LU,actual_solar_generation,Solar,2026-07-23T07:13:23Z
2026-07-23T07:11:55Z,2026-07-23T09:11:55+0200,db3f74e3-4f49-42d6-88b6-ea3283c50514,2026-07-19T15:00:00Z,2026-07-19T17:00:00+0200,27054.227,MW,DE,DE_LU,actual_solar_generation,Solar,2026-07-23T07:13:23Z
2026-07-23T07:11:55Z,2026-07-23T09:11:55+0200,db3f74e3-4f49-42d6-88b6-ea3283c50514,2026-07-19T15:15:00Z,2026-07-19T17:15:00+0200,25091.971,MW,DE,DE_LU,actual_solar_generation,Solar,2026-07-23T07:13:23Z
2026-07-23T07:11:55Z,2026-07-23T09:11:55+0200,db3f74e3-4f49-42d6-88b6-ea3283c50514,2026-07-19T15:30:00Z,2026-07-19T17:30:00+0200,23359.459,MW,DE,DE_LU,actual_solar_generation,Solar,2026-07-23T07:13:23Z
2026-07-23T07:11:55Z,2026-07-23T09:11:55+0200,db3f74e3-4f49-42d6-88b6-ea3283c50514,2026-07-19T15:45:00Z,2026-07-19T17:45:00+0200,22034.502,MW,DE,DE_LU,actual_solar_generation,Solar,2026-07-23T07:13:23Z
2026-07-23T07:11:55Z,2026-07-23T09:11:55+0200,db3f74e3-4f49-42d6-88b6-ea3283c50514,2026-07-19T16:00:00Z,2026-07-19T18:00:00+0200,20411.603,MW,DE,DE_LU,actual_solar_generation,Solar,2026-07-23T07:13:23Z
2026-07-23T07:11:55Z,2026-07-23T09:11:55+0200,db3f74e3-4f49-42d6-88b6-ea3283c50514,2026-07-19T16:15:00Z,2026-07-19T18:15:00+0200,18795.654,MW,DE,DE_LU,actual_solar_generation,Solar,2026-07-23T07:13:23Z
2026-07-23T07:11:55Z,2026-07-23T09:11:55+0200,db3f74e3-4f49-42d6-88b6-ea3283c50514,2026-07-19T16:30:00Z,2026-07-19T18:30:00+0200,16559.621,MW,DE,DE_LU,actual_solar_generation,Solar,2026-07-23T07:13:23Z
2026-07-23T07:11:55Z,2026-07-23T09:11:55+0200,db3f74e3-4f49-42d6-88b6-ea3283c50514,2026-07-19T16:45:00Z,2026-07-19T18:45:00+0200,14171.284,MW,DE,DE_LU,actual_solar_generation,Solar,2026-07-23T07:13:23Z
2026-07-23T07:11:55Z,2026-07-23T09:11:55+0200,db3f74e3-4f49-42d6-88b6-ea3283c50514,2026-07-19T17:00:00Z,2026-07-19T19:00:00+0200,11889.996,MW,DE,DE_LU,actual_solar_generation,Solar,2026-07-23T07:13:23Z
2026-07-23T07:11:55Z,2026-07-23T09:11:55+0200,db3f74e3-4f49-42d6-88b6-ea3283c50514,2026-07-19T17:15:00Z,2026-07-19T19:15:00+0200,9635.228,MW,DE,DE_LU,actual_solar_generation,Solar,2026-07-23T07:13:23Z
2026-07-23T07:11:55Z,2026-07-23T09:11:55+0200,db3f74e3-4f49-42d6-88b6-ea3283c50514,2026-07-19T17:30:00Z,2026-07-19T19:30:00+0200,7558.219,MW,DE,DE_LU,actual_solar_generation,Solar,2026-07-23T07:13:23Z
2026-07-23T07:11:55Z,2026-07-23T09:11:55+0200,db3f74e3-4f49-42d6-88b6-ea3283c50514,2026-07-19T17:45:00Z,2026-07-19T19:45:00+0200,5719.638,MW,DE,DE_LU,actual_solar_generation,Solar,2026-07-23T07:13:23Z
2026-07-23T07:11:55Z,2026-07-23T09:11:55+0200,db3f74e3-4f49-42d6-88b6-ea3283c50514,2026-07-19T18:00:00Z,2026-07-19T20:00:00+0200,4075.397,MW,DE,DE_LU,actual_solar_generation,Solar,2026-07-23T07:13:23Z
2026-07-23T07:11:55Z,2026-07-23T09:11:55+0200,db3f74e3-4f49-42d6-88b6-ea3283c50514,2026-07-19T18:15:00Z,2026-07-19T20:15:00+0200,2721.559,MW,DE,DE_LU,actual_solar_generation,Solar,2026-07-23T07:13:23Z
2026-07-23T07:11:55Z,2026-07-23T09:11:55+0200,db3f74e3-4f49-42d6-88b6-ea3283c50514,2026-07-19T18:30:00Z,2026-07-19T20:30:00+0200,1683.336,MW,DE,DE_LU,actual_solar_generation,Solar,2026-07-23T07:13:23Z
2026-07-23T07:11:55Z,2026-07-23T09:11:55+0200,db3f74e3-4f49-42d6-88b6-ea3283c50514,2026-07-19T18:45:00Z,2026-07-19T20:45:00+0200,862.584,MW,DE,DE_LU,actual_solar_generation,Solar,2026-07-23T07:13:23Z
2026-07-23T07:11:55Z,2026-07-23T09:11:55+0200,db3f74e3-4f49-42d6-88b6-ea3283c50514,2026-07-19T19:00:00Z,2026-07-19T21:00:00+0200,313.556,MW,DE,DE_LU,actual_solar_generation,Solar,2026-07-23T07:13:23Z
2026-07-23T07:11:55Z,2026-07-23T09:11:55+0200,db3f74e3-4f49-42d6-88b6-ea3283c50514,2026-07-19T19:15:00Z,2026-07-19T21:15:00+0200,80.633,MW,DE,DE_LU,actual_solar_generation,Solar,2026-07-23T07:13:23Z
2026-07-23T07:11:55Z,2026-07-23T09:11:55+0200,db3f74e3-4f49-42d6-88b6-ea3283c50514,2026-07-19T19:30:00Z,2026-07-19T21:30:00+0200,10.844,MW,DE,DE_LU,actual_solar_generation,Solar,2026-07-23T07:13:23Z
2026-07-23T07:11:55Z,2026-07-23T09:11:55+0200,db3f74e3-4f49-42d6-88b6-ea3283c50514,2026-07-19T19:45:00Z,2026-07-19T21:45:00+0200,3.767,MW,DE,DE_LU,actual_solar_generation,Solar,2026-07-23T07:13:23Z
2026-07-23T07:11:55Z,2026-07-23T09:11:55+0200,db3f74e3-4f49-42d6-88b6-ea3283c50514,2026-07-19T20:00:00Z,2026-07-19T22:00:00+0200,0.589,MW,DE,DE_LU,actual_solar_generation,Solar,2026-07-23T07:13:23Z
2026-07-23T07:11:55Z,2026-07-23T09:11:55+0200,db3f74e3-4f49-42d6-88b6-ea3283c50514,2026-07-19T20:15:00Z,2026-07-19T22:15:00+0200,0.272,MW,DE,DE_LU,actual_solar_generation,Solar,2026-07-23T07:13:23Z
2026-07-23T07:11:55Z,2026-07-23T09:11:55+0200,db3f74e3-4f49-42d6-88b6-ea3283c50514,2026-07-19T20:30:00Z,2026-07-19T22:30:00+0200,0.234,MW,DE,DE_LU,actual_solar_generation,Solar,2026-07-23T07:13:23Z
2026-07-23T07:11:55Z,2026-07-23T09:11:55+0200,db3f74e3-4f49-42d6-88b6-ea3283c50514,2026-07-19T20:45:00Z,2026-07-19T22:45:00+0200,0.215,MW,DE,DE_LU,actual_solar_generation,Solar,2026-07-23T07:13:23Z
2026-07-23T07:11:55Z,2026-07-23T09:11:55+0200,db3f74e3-4f49-42d6-88b6-ea3283c50514,2026-07-19T21:00:00Z,2026-07-19T23:00:00+0200,0.221,MW,DE,DE_LU,actual_solar_generation,Solar,2026-07-23T07:13:23Z
2026-07-23T07:11:55Z,2026-07-23T09:11:55+0200,db3f74e3-4f49-42d6-88b6-ea3283c50514,2026-07-19T21:15:00Z,2026-07-19T23:15:00+0200,0.174,MW,DE,DE_LU,actual_solar_generation,Solar,2026-07-23T07:13:23Z
2026-07-23T07:11:55Z,2026-07-23T09:11:55+0200,db3f74e3-4f49-42d6-88b6-ea3283c50514,2026-07-19T21:30:00Z,2026-07-19T23:30:00+0200,0.158,MW,DE,DE_LU,actual_solar_generation,Solar,2026-07-23T07:13:23Z
2026-07-23T07:11:55Z,2026-07-23T09:11:55+0200,db3f74e3-4f49-42d6-88b6-ea3283c50514,2026-07-19T21:45:00Z,2026-07-19T23:45:00+0200,0.148,MW,DE,DE_LU,actual_solar_generation,Solar,2026-07-23T07:13:23Z
2026-07-23T07:11:55Z,2026-07-23T09:11:55+0200,db3f74e3-4f49-42d6-88b6-ea3283c50514,2026-07-19T22:00:00Z,2026-07-20T00:00:00+0200,0.188,MW,DE,DE_LU,actual_solar_generation,Solar,2026-07-23T07:13:23Z
2026-07-23T07:11:55Z,2026-07-23T09:11:55+0200,db3f74e3-4f49-42d6-88b6-ea3283c50514,2026-07-19T22:15:00Z,2026-07-20T00:15:00+0200,0.138,MW,DE,DE_LU,actual_solar_generation,Solar,2026-07-23T07:13:23Z
2026-07-23T07:11:55Z,2026-07-23T09:11:55+0200,db3f74e3-4f49-42d6-88b6-ea3283c50514,2026-07-19T22:30:00Z,2026-07-20T00:30:00+0200,0.124,MW,DE,DE_LU,actual_solar_generation,Solar,2026-07-23T07:13:23Z
2026-07-23T07:11:55Z,2026-07-23T09:11:55+0200,db3f74e3-4f49-42d6-88b6-ea3283c50514,2026-07-19T22:45:00Z,2026-07-20T00:45:00+0200,0.114,MW,DE,DE_LU,actual_solar_generation,Solar,2026-07-23T07:13:23Z
2026-07-23T07:11:55Z,2026-07-23T09:11:55+0200,db3f74e3-4f49-42d6-88b6-ea3283c50514,2026-07-19T23:00:00Z,2026-07-20T01:00:00+0200,0.132,MW,DE,DE_LU,actual_solar_generation,Solar,2026-07-23T07:13:23Z
2026-07-23T07:11:55Z,2026-07-23T09:11:55+0200,db3f74e3-4f49-42d6-88b6-ea3283c50514,2026-07-19T23:15:00Z,2026-07-20T01:15:00+0200,0.123,MW,DE,DE_LU,actual_solar_generation,Solar,2026-07-23T07:13:23Z
2026-07-23T07:11:55Z,2026-07-23T09:11:55+0200,db3f74e3-4f49-42d6-88b6-ea3283c50514,2026-07-19T23:30:00Z,2026-07-20T01:30:00+0200,0.121,MW,DE,DE_LU,actual_solar_generation,Solar,2026-07-23T07:13:23Z
2026-07-23T07:11:55Z,2026-07-23T09:11:55+0200,db3f74e3-4f49-42d6-88b6-ea3283c50514,2026-07-19T23:45:00Z,2026-07-20T01:45:00+0200,0.129,MW,DE,DE_LU,actual_solar_generation,Solar,2026-07-23T07:13:23Z
2026-07-23T07:11:55Z,2026-07-23T09:11:55+0200,db3f74e3-4f49-42d6-88b6-ea3283c50514,2026-07-20T00:00:00Z,2026-07-20T02:00:00+0200,0.112,MW,DE,DE_LU,actual_solar_generation,Solar,2026-07-23T07:13:23Z
2026-07-23T07:11:55Z,2026-07-23T09:11:55+0200,db3f74e3-4f49-42d6-88b6-ea3283c50514,2026-07-20T00:15:00Z,2026-07-20T02:15:00+0200,0.092,MW,DE,DE_LU,actual_solar_generation,Solar,2026-07-23T07:13:23Z
2026-07-23T07:11:55Z,2026-07-23T09:11:55+0200,db3f74e3-4f49-42d6-88b6-ea3283c50514,2026-07-20T00:30:00Z,2026-07-20T02:30:00+0200,0.088,MW,DE,DE_LU,actual_solar_generation,Solar,2026-07-23T07:13:23Z
2026-07-23T07:11:55Z,2026-07-23T09:11:55+0200,db3f74e3-4f49-42d6-88b6-ea3283c50514,2026-07-20T00:45:00Z,2026-07-20T02:45:00+0200,0.091,MW,DE,DE_LU,actual_solar_generation,Solar,2026-07-23T07:13:23Z
2026-07-23T07:11:55Z,2026-07-23T09:11:55+0200,db3f74e3-4f49-42d6-88b6-ea3283c50514,2026-07-20T01:00:00Z,2026-07-20T03:00:00+0200,0.08,MW,DE,DE_LU,actual_solar_generation,Solar,2026-07-23T07:13:23Z
2026-07-23T07:11:55Z,2026-07-23T09:11:55+0200,db3f74e3-4f49-42d6-88b6-ea3283c50514,2026-07-20T01:15:00Z,2026-07-20T03:15:00+0200,0.075,MW,DE,DE_LU,actual_solar_generation,Solar,2026-07-23T07:13:23Z
2026-07-23T07:11:55Z,2026-07-23T09:11:55+0200,db3f74e3-4f49-42d6-88b6-ea3283c50514,2026-07-20T01:30:00Z,2026-07-20T03:30:00+0200,0.079,MW,DE,DE_LU,actual_solar_generation,Solar,2026-07-23T07:13:23Z
2026-07-23T07:11:55Z,2026-07-23T09:11:55+0200,db3f74e3-4f49-42d6-88b6-ea3283c50514,2026-07-20T01:45:00Z,2026-07-20T03:45:00+0200,0.083,MW,DE,DE_LU,actual_solar_generation,Solar,2026-07-23T07:13:23Z
2026-07-23T07:11:55Z,2026-07-23T09:11:55+0200,db3f74e3-4f49-42d6-88b6-ea3283c50514,2026-07-20T02:00:00Z,2026-07-20T04:00:00+0200,0.082,MW,DE,DE_LU,actual_solar_generation,Solar,2026-07-23T07:13:23Z
2026-07-23T07:11:55Z,2026-07-23T09:11:55+0200,db3f74e3-4f49-42d6-88b6-ea3283c50514,2026-07-20T02:15:00Z,2026-07-20T04:15:00+0200,0.078,MW,DE,DE_LU,actual_solar_generation,Solar,2026-07-23T07:13:23Z
2026-07-23T07:11:55Z,2026-07-23T09:11:55+0200,db3f74e3-4f49-42d6-88b6-ea3283c50514,2026-07-20T02:30:00Z,2026-07-20T04:30:00+0200,0.082,MW,DE,DE_LU,actual_solar_generation,Solar,2026-07-23T07:13:23Z
2026-07-23T07:11:55Z,2026-07-23T09:11:55+0200,db3f74e3-4f49-42d6-88b6-ea3283c50514,2026-07-20T02:45:00Z,2026-07-20T04:45:00+0200,0.246,MW,DE,DE_LU,actual_solar_generation,Solar,2026-07-23T07:13:23Z
2026-07-23T07:11:55Z,2026-07-23T09:11:55+0200,db3f74e3-4f49-42d6-88b6-ea3283c50514,2026-07-20T03:00:00Z,2026-07-20T05:00:00+0200,2.65,MW,DE,DE_LU,actual_solar_generation,Solar,2026-07-23T07:13:23Z
2026-07-23T07:11:55Z,2026-07-23T09:11:55+0200,db3f74e3-4f49-42d6-88b6-ea3283c50514,2026-07-20T03:15:00Z,2026-07-20T05:15:00+0200,27.731,MW,DE,DE_LU,actual_solar_generation,Solar,2026-07-23T07:13:23Z
2026-07-23T07:11:55Z,2026-07-23T09:11:55+0200,db3f74e3-4f49-42d6-88b6-ea3283c50514,2026-07-20T03:30:00Z,2026-07-20T05:30:00+0200,119.881,MW,DE,DE_LU,actual_solar_generation,Solar,2026-07-23T07:13:23Z
2026-07-23T07:11:55Z,2026-07-23T09:11:55+0200,db3f74e3-4f49-42d6-88b6-ea3283c50514,2026-07-20T03:45:00Z,2026-07-20T05:45:00+0200,492.503,MW,DE,DE_LU,actual_solar_generation,Solar,2026-07-23T07:13:23Z
2026-07-23T07:11:55Z,2026-07-23T09:11:55+0200,db3f74e3-4f49-42d6-88b6-ea3283c50514,2026-07-20T04:00:00Z,2026-07-20T06:00:00+0200,1245.27,MW,DE,DE_LU,actual_solar_generation,Solar,2026-07-23T07:13:23Z
2026-07-23T07:11:55Z,2026-07-23T09:11:55+0200,db3f74e3-4f49-42d6-88b6-ea3283c50514,2026-07-20T04:15:00Z,2026-07-20T06:15:00+0200,2158.305,MW,DE,DE_LU,actual_solar_generation,Solar,2026-07-23T07:13:23Z
2026-07-23T07:11:55Z,2026-07-23T09:11:55+0200,db3f74e3-4f49-42d6-88b6-ea3283c50514,2026-07-20T04:30:00Z,2026-07-20T06:30:00+0200,3241.135,MW,DE,DE_LU,actual_solar_generation,Solar,2026-07-23T07:13:23Z
2026-07-23T07:11:55Z,2026-07-23T09:11:55+0200,db3f74e3-4f49-42d6-88b6-ea3283c50514,2026-07-20T04:45:00Z,2026-07-20T06:45:00+0200,4563.847,MW,DE,DE_LU,actual_solar_generation,Solar,2026-07-23T07:13:23Z
2026-07-23T07:11:55Z,2026-07-23T09:11:55+0200,db3f74e3-4f49-42d6-88b6-ea3283c50514,2026-07-20T05:00:00Z,2026-07-20T07:00:00+0200,6158.028,MW,DE,DE_LU,actual_solar_generation,Solar,2026-07-23T07:13:23Z
2026-07-23T07:11:55Z,2026-07-23T09:11:55+0200,db3f74e3-4f49-42d6-88b6-ea3283c50514,2026-07-20T05:15:00Z,2026-07-20T07:15:00+0200,8028.307,MW,DE,DE_LU,actual_solar_generation,Solar,2026-07-23T07:13:23Z
2026-07-23T07:11:55Z,2026-07-23T09:11:55+0200,db3f74e3-4f49-42d6-88b6-ea3283c50514,2026-07-20T05:30:00Z,2026-07-20T07:30:00+0200,10230.497,MW,DE,DE_LU,actual_solar_generation,Solar,2026-07-23T07:13:23Z
2026-07-23T07:11:55Z,2026-07-23T09:11:55+0200,db3f74e3-4f49-42d6-88b6-ea3283c50514,2026-07-20T05:45:00Z,2026-07-20T07:45:00+0200,12597.33,MW,DE,DE_LU,actual_solar_generation,Solar,2026-07-23T07:13:23Z
2026-07-23T07:11:55Z,2026-07-23T09:11:55+0200,db3f74e3-4f49-42d6-88b6-ea3283c50514,2026-07-20T06:00:00Z,2026-07-20T08:00:00+0200,15128.554,MW,DE,DE_LU,actual_solar_generation,Solar,2026-07-23T07:13:23Z
2026-07-23T07:11:55Z,2026-07-23T09:11:55+0200,db3f74e3-4f49-42d6-88b6-ea3283c50514,2026-07-20T06:15:00Z,2026-07-20T08:15:00+0200,17628.878,MW,DE,DE_LU,actual_solar_generation,Solar,2026-07-23T07:13:23Z
2026-07-23T07:11:55Z,2026-07-23T09:11:55+0200,db3f74e3-4f49-42d6-88b6-ea3283c50514,2026-07-20T06:30:00Z,2026-07-20T08:30:00+0200,20180.721,MW,DE,DE_LU,actual_solar_generation,Solar,2026-07-23T07:13:23Z
2026-07-23T07:11:55Z,2026-07-23T09:11:55+0200,db3f74e3-4f49-42d6-88b6-ea3283c50514,2026-07-20T06:45:00Z,2026-07-20T08:45:00+0200,22644.424,MW,DE,DE_LU,actual_solar_generation,Solar,2026-07-23T07:13:23Z
2026-07-23T07:11:55Z,2026-07-23T09:11:55+0200,db3f74e3-4f49-42d6-88b6-ea3283c50514,2026-07-20T07:00:00Z,2026-07-20T09:00:00+0200,25136.748,MW,DE,DE_LU,actual_solar_generation,Solar,2026-07-23T07:13:23Z
2026-07-23T07:11:55Z,2026-07-23T09:11:55+0200,db3f74e3-4f49-42d6-88b6-ea3283c50514,2026-07-20T07:15:00Z,2026-07-20T09:15:00+0200,27309.134,MW,DE,DE_LU,actual_solar_generation,Solar,2026-07-23T07:13:23Z
2026-07-23T07:11:55Z,2026-07-23T09:11:55+0200,db3f74e3-4f49-42d6-88b6-ea3283c50514,2026-07-20T07:30:00Z,2026-07-20T09:30:00+0200,29502.21,MW,DE,DE_LU,actual_solar_generation,Solar,2026-07-23T07:13:23Z
2026-07-23T07:11:55Z,2026-07-23T09:11:55+0200,db3f74e3-4f49-42d6-88b6-ea3283c50514,2026-07-20T07:45:00Z,2026-07-20T09:45:00+0200,31468.968,MW,DE,DE_LU,actual_solar_generation,Solar,2026-07-23T07:13:23Z
2026-07-23T07:11:55Z,2026-07-23T09:11:55+0200,db3f74e3-4f49-42d6-88b6-ea3283c50514,2026-07-20T08:00:00Z,2026-07-20T10:00:00+0200,32857.728,MW,DE,DE_LU,actual_solar_generation,Solar,2026-07-23T07:13:23Z
2026-07-23T07:11:55Z,2026-07-23T09:11:55+0200,db3f74e3-4f49-42d6-88b6-ea3283c50514,2026-07-20T08:15:00Z,2026-07-20T10:15:00+0200,34079.772,MW,DE,DE_LU,actual_solar_generation,Solar,2026-07-23T07:13:23Z
2026-07-23T07:11:55Z,2026-07-23T09:11:55+0200,db3f74e3-4f49-42d6-88b6-ea3283c50514,2026-07-20T08:30:00Z,2026-07-20T10:30:00+0200,35315.678,MW,DE,DE_LU,actual_solar_generation,Solar,2026-07-23T07:13:23Z
2026-07-23T07:11:55Z,2026-07-23T09:11:55+0200,db3f74e3-4f49-42d6-88b6-ea3283c50514,2026-07-20T08:45:00Z,2026-07-20T10:45:00+0200,36612.721,MW,DE,DE_LU,actual_solar_generation,Solar,2026-07-23T07:13:23Z
2026-07-23T07:11:55Z,2026-07-23T09:11:55+0200,db3f74e3-4f49-42d6-88b6-ea3283c50514,2026-07-20T09:00:00Z,2026-07-20T11:00:00+0200,37381.169,MW,DE,DE_LU,actual_solar_generation,Solar,2026-07-23T07:13:23Z
2026-07-23T07:11:55Z,2026-07-23T09:11:55+0200,db3f74e3-4f49-42d6-88b6-ea3283c50514,2026-07-20T09:15:00Z,2026-07-20T11:15:00+0200,37897.242,MW,DE,DE_LU,actual_solar_generation,Solar,2026-07-23T07:13:23Z
2026-07-23T07:11:55Z,2026-07-23T09:11:55+0200,db3f74e3-4f49-42d6-88b6-ea3283c50514,2026-07-20T09:30:00Z,2026-07-20T11:30:00+0200,38291.524,MW,DE,DE_LU,actual_solar_generation,Solar,2026-07-23T07:13:23Z
2026-07-23T07:11:55Z,2026-07-23T09:11:55+0200,db3f74e3-4f49-42d6-88b6-ea3283c50514,2026-07-20T09:45:00Z,2026-07-20T11:45:00+0200,38911.423,MW,DE,DE_LU,actual_solar_generation,Solar,2026-07-23T07:13:23Z
2026-07-23T07:11:55Z,2026-07-23T09:11:55+0200,db3f74e3-4f49-42d6-88b6-ea3283c50514,2026-07-20T10:00:00Z,2026-07-20T12:00:00+0200,39198.003,MW,DE,DE_LU,actual_solar_generation,Solar,2026-07-23T07:13:23Z
2026-07-23T07:11:55Z,2026-07-23T09:11:55+0200,db3f74e3-4f49-42d6-88b6-ea3283c50514,2026-07-20T10:15:00Z,2026-07-20T12:15:00+0200,39342.132,MW,DE,DE_LU,actual_solar_generation,Solar,2026-07-23T07:13:23Z
2026-07-23T07:11:55Z,2026-07-23T09:11:55+0200,db3f74e3-4f49-42d6-88b6-ea3283c50514,2026-07-20T10:30:00Z,2026-07-20T12:30:00+0200,39572.274,MW,DE,DE_LU,actual_solar_generation,Solar,2026-07-23T07:13:23Z
2026-07-23T07:11:55Z,2026-07-23T09:11:55+0200,db3f74e3-4f49-42d6-88b6-ea3283c50514,2026-07-20T10:45:00Z,2026-07-20T12:45:00+0200,39580.699,MW,DE,DE_LU,actual_solar_generation,Solar,2026-07-23T07:13:23Z
2026-07-23T07:11:55Z,2026-07-23T09:11:55+0200,db3f74e3-4f49-42d6-88b6-ea3283c50514,2026-07-20T11:00:00Z,2026-07-20T13:00:00+0200,39228.596,MW,DE,DE_LU,actual_solar_generation,Solar,2026-07-23T07:13:23Z
2026-07-23T07:11:55Z,2026-07-23T09:11:55+0200,db3f74e3-4f49-42d6-88b6-ea3283c50514,2026-07-20T11:15:00Z,2026-07-20T13:15:00+0200,39310.994,MW,DE,DE_LU,actual_solar_generation,Solar,2026-07-23T07:13:23Z
2026-07-23T07:11:55Z,2026-07-23T09:11:55+0200,db3f74e3-4f49-42d6-88b6-ea3283c50514,2026-07-20T11:30:00Z,2026-07-20T13:30:00+0200,39103.748,MW,DE,DE_LU,actual_solar_generation,Solar,2026-07-23T07:13:23Z
2026-07-23T07:11:55Z,2026-07-23T09:11:55+0200,db3f74e3-4f49-42d6-88b6-ea3283c50514,2026-07-20T11:45:00Z,2026-07-20T13:45:00+0200,38775.827,MW,DE,DE_LU,actual_solar_generation,Solar,2026-07-23T07:13:23Z
2026-07-23T07:11:55Z,2026-07-23T09:11:55+0200,db3f74e3-4f49-42d6-88b6-ea3283c50514,2026-07-20T12:00:00Z,2026-07-20T14:00:00+0200,38740.892,MW,DE,DE_LU,actual_solar_generation,Solar,2026-07-23T07:13:23Z
2026-07-23T07:11:55Z,2026-07-23T09:11:55+0200,db3f74e3-4f49-42d6-88b6-ea3283c50514,2026-07-20T12:15:00Z,2026-07-20T14:15:00+0200,38182.094,MW,DE,DE_LU,actual_solar_generation,Solar,2026-07-23T07:13:23Z
2026-07-23T07:11:55Z,2026-07-23T09:11:55+0200,db3f74e3-4f49-42d6-88b6-ea3283c50514,2026-07-20T12:30:00Z,2026-07-20T14:30:00+0200,37890.392,MW,DE,DE_LU,actual_solar_generation,Solar,2026-07-23T07:13:23Z
2026-07-23T07:11:55Z,2026-07-23T09:11:55+0200,db3f74e3-4f49-42d6-88b6-ea3283c50514,2026-07-20T12:45:00Z,2026-07-20T14:45:00+0200,37309.947,MW,DE,DE_LU,actual_solar_generation,Solar,2026-07-23T07:13:23Z
2026-07-23T07:11:55Z,2026-07-23T09:11:55+0200,db3f74e3-4f49-42d6-88b6-ea3283c50514,2026-07-20T13:00:00Z,2026-07-20T15:00:00+0200,36693.569,MW,DE,DE_LU,actual_solar_generation,Solar,2026-07-23T07:13:23Z
2026-07-23T07:11:55Z,2026-07-23T09:11:55+0200,db3f74e3-4f49-42d6-88b6-ea3283c50514,2026-07-20T13:15:00Z,2026-07-20T15:15:00+0200,36253.931,MW,DE,DE_LU,actual_solar_generation,Solar,2026-07-23T07:13:23Z
2026-07-23T07:11:55Z,2026-07-23T09:11:55+0200,db3f74e3-4f49-42d6-88b6-ea3283c50514,2026-07-20T13:30:00Z,2026-07-20T15:30:00+0200,35377.559,MW,DE,DE_LU,actual_solar_generation,Solar,2026-07-23T07:13:23Z
2026-07-23T07:11:55Z,2026-07-23T09:11:55+0200,db3f74e3-4f49-42d6-88b6-ea3283c50514,2026-07-20T13:45:00Z,2026-07-20T15:45:00+0200,34338.283,MW,DE,DE_LU,actual_solar_generation,Solar,2026-07-23T07:13:23Z
2026-07-23T07:11:55Z,2026-07-23T09:11:55+0200,db3f74e3-4f49-42d6-88b6-ea3283c50514,2026-07-20T14:00:00Z,2026-07-20T16:00:00+0200,33472.067,MW,DE,DE_LU,actual_solar_generation,Solar,2026-07-23T07:13:23Z
2026-07-23T07:11:55Z,2026-07-23T09:11:55+0200,db3f74e3-4f49-42d6-88b6-ea3283c50514,2026-07-20T14:15:00Z,2026-07-20T16:15:00+0200,32256.187,MW,DE,DE_LU,actual_solar_generation,Solar,2026-07-23T07:13:23Z
2026-07-23T07:11:55Z,2026-07-23T09:11:55+0200,db3f74e3-4f49-42d6-88b6-ea3283c50514,2026-07-20T14:30:00Z,2026-07-20T16:30:00+0200,30979.042,MW,DE,DE_LU,actual_solar_generation,Solar,2026-07-23T07:13:23Z
2026-07-23T07:11:55Z,2026-07-23T09:11:55+0200,db3f74e3-4f49-42d6-88b6-ea3283c50514,2026-07-20T14:45:00Z,2026-07-20T16:45:00+0200,29401.775,MW,DE,DE_LU,actual_solar_generation,Solar,2026-07-23T07:13:23Z
2026-07-23T07:11:55Z,2026-07-23T09:11:55+0200,db3f74e3-4f49-42d6-88b6-ea3283c50514,2026-07-20T15:00:00Z,2026-07-20T17:00:00+0200,28131.881,MW,DE,DE_LU,actual_solar_generation,Solar,2026-07-23T07:13:23Z
2026-07-23T07:11:55Z,2026-07-23T09:11:55+0200,db3f74e3-4f49-42d6-88b6-ea3283c50514,2026-07-20T15:15:00Z,2026-07-20T17:15:00+0200,26218.835,MW,DE,DE_LU,actual_solar_generation,Solar,2026-07-23T07:13:23Z
2026-07-23T07:11:55Z,2026-07-23T09:11:55+0200,db3f74e3-4f49-42d6-88b6-ea3283c50514,2026-07-20T15:30:00Z,2026-07-20T17:30:00+0200,24693.072,MW,DE,DE_LU,actual_solar_generation,Solar,2026-07-23T07:13:23Z
2026-07-23T07:11:55Z,2026-07-23T09:11:55+0200,db3f74e3-4f49-42d6-88b6-ea3283c50514,2026-07-20T15:45:00Z,2026-07-20T17:45:00+0200,22498.309,MW,DE,DE_LU,actual_solar_generation,Solar,2026-07-23T07:13:23Z
2026-07-23T07:11:55Z,2026-07-23T09:11:55+0200,db3f74e3-4f49-42d6-88b6-ea3283c50514,2026-07-20T16:00:00Z,2026-07-20T18:00:00+0200,20158.001,MW,DE,DE_LU,actual_solar_generation,Solar,2026-07-23T07:13:23Z
2026-07-23T07:11:55Z,2026-07-23T09:11:55+0200,db3f74e3-4f49-42d6-88b6-ea3283c50514,2026-07-20T16:15:00Z,2026-07-20T18:15:00+0200,17931.969,MW,DE,DE_LU,actual_solar_generation,Solar,2026-07-23T07:13:23Z
2026-07-23T07:11:55Z,2026-07-23T09:11:55+0200,db3f74e3-4f49-42d6-88b6-ea3283c50514,2026-07-20T16:30:00Z,2026-07-20T18:30:00+0200,15724.367,MW,DE,DE_LU,actual_solar_generation,Solar,2026-07-23T07:13:23Z
2026-07-23T07:11:55Z,2026-07-23T09:11:55+0200,db3f74e3-4f49-42d6-88b6-ea3283c50514,2026-07-20T16:45:00Z,2026-07-20T18:45:00+0200,13281.881,MW,DE,DE_LU,actual_solar_generation,Solar,2026-07-23T07:13:23Z
2026-07-23T07:11:55Z,2026-07-23T09:11:55+0200,db3f74e3-4f49-42d6-88b6-ea3283c50514,2026-07-20T17:00:00Z,2026-07-20T19:00:00+0200,10949.615,MW,DE,DE_LU,actual_solar_generation,Solar,2026-07-23T07:13:23Z
2026-07-23T07:11:55Z,2026-07-23T09:11:55+0200,db3f74e3-4f49-42d6-88b6-ea3283c50514,2026-07-20T17:15:00Z,2026-07-20T19:15:00+0200,8760.285,MW,DE,DE_LU,actual_solar_generation,Solar,2026-07-23T07:13:23Z
2026-07-23T07:11:55Z,2026-07-23T09:11:55+0200,db3f74e3-4f49-42d6-88b6-ea3283c50514,2026-07-20T17:30:00Z,2026-07-20T19:30:00+0200,6883.008,MW,DE,DE_LU,actual_solar_generation,Solar,2026-07-23T07:13:23Z
2026-07-23T07:11:55Z,2026-07-23T09:11:55+0200,db3f74e3-4f49-42d6-88b6-ea3283c50514,2026-07-20T17:45:00Z,2026-07-20T19:45:00+0200,5224.346,MW,DE,DE_LU,actual_solar_generation,Solar,2026-07-23T07:13:23Z
2026-07-23T07:11:55Z,2026-07-23T09:11:55+0200,db3f74e3-4f49-42d6-88b6-ea3283c50514,2026-07-20T18:00:00Z,2026-07-20T20:00:00+0200,3794.835,MW,DE,DE_LU,actual_solar_generation,Solar,2026-07-23T07:13:23Z
2026-07-23T07:11:55Z,2026-07-23T09:11:55+0200,db3f74e3-4f49-42d6-88b6-ea3283c50514,2026-07-20T18:15:00Z,2026-07-20T20:15:00+0200,2565.488,MW,DE,DE_LU,actual_solar_generation,Solar,2026-07-23T07:13:23Z
2026-07-23T07:11:55Z,2026-07-23T09:11:55+0200,db3f74e3-4f49-42d6-88b6-ea3283c50514,2026-07-20T18:30:00Z,2026-07-20T20:30:00+0200,1558.568,MW,DE,DE_LU,actual_solar_generation,Solar,2026-07-23T07:13:23Z
2026-07-23T07:11:55Z,2026-07-23T09:11:55+0200,db3f74e3-4f49-42d6-88b6-ea3283c50514,2026-07-20T18:45:00Z,2026-07-20T20:45:00+0200,785.504,MW,DE,DE_LU,actual_solar_generation,Solar,2026-07-23T07:13:23Z
2026-07-23T07:11:55Z,2026-07-23T09:11:55+0200,db3f74e3-4f49-42d6-88b6-ea3283c50514,2026-07-20T19:00:00Z,2026-07-20T21:00:00+0200,310.778,MW,DE,DE_LU,actual_solar_generation,Solar,2026-07-23T07:13:23Z
2026-07-23T07:11:55Z,2026-07-23T09:11:55+0200,db3f74e3-4f49-42d6-88b6-ea3283c50514,2026-07-20T19:15:00Z,2026-07-20T21:15:00+0200,100.622,MW,DE,DE_LU,actual_solar_generation,Solar,2026-07-23T07:13:23Z
2026-07-23T07:11:55Z,2026-07-23T09:11:55+0200,db3f74e3-4f49-42d6-88b6-ea3283c50514,2026-07-20T19:30:00Z,2026-07-20T21:30:00+0200,17.071,MW,DE,DE_LU,actual_solar_generation,Solar,2026-07-23T07:13:23Z
2026-07-23T07:11:55Z,2026-07-23T09:11:55+0200,db3f74e3-4f49-42d6-88b6-ea3283c50514,2026-07-20T19:45:00Z,2026-07-20T21:45:00+0200,2.429,MW,DE,DE_LU,actual_solar_generation,Solar,2026-07-23T07:13:23Z
2026-07-23T07:11:55Z,2026-07-23T09:11:55+0200,db3f74e3-4f49-42d6-88b6-ea3283c50514,2026-07-20T20:00:00Z,2026-07-20T22:00:00+0200,0.454,MW,DE,DE_LU,actual_solar_generation,Solar,2026-07-23T07:13:23Z
2026-07-23T07:11:55Z,2026-07-23T09:11:55+0200,db3f74e3-4f49-42d6-88b6-ea3283c50514,2026-07-20T20:15:00Z,2026-07-20T22:15:00+0200,0.25,MW,DE,DE_LU,actual_solar_generation,Solar,2026-07-23T07:13:23Z
2026-07-23T07:11:55Z,2026-07-23T09:11:55+0200,db3f74e3-4f49-42d6-88b6-ea3283c50514,2026-07-20T20:30:00Z,2026-07-20T22:30:00+0200,0.197,MW,DE,DE_LU,actual_solar_generation,Solar,2026-07-23T07:13:23Z
2026-07-23T07:11:55Z,2026-07-23T09:11:55+0200,db3f74e3-4f49-42d6-88b6-ea3283c50514,2026-07-20T20:45:00Z,2026-07-20T22:45:00+0200,0.175,MW,DE,DE_LU,actual_solar_generation,Solar,2026-07-23T07:13:23Z
2026-07-23T07:11:55Z,2026-07-23T09:11:55+0200,db3f74e3-4f49-42d6-88b6-ea3283c50514,2026-07-20T21:00:00Z,2026-07-20T23:00:00+0200,0.192,MW,DE,DE_LU,actual_solar_generation,Solar,2026-07-23T07:13:23Z
2026-07-23T07:11:55Z,2026-07-23T09:11:55+0200,db3f74e3-4f49-42d6-88b6-ea3283c50514,2026-07-20T21:15:00Z,2026-07-20T23:15:00+0200,0.183,MW,DE,DE_LU,actual_solar_generation,Solar,2026-07-23T07:13:23Z
2026-07-23T07:11:55Z,2026-07-23T09:11:55+0200,db3f74e3-4f49-42d6-88b6-ea3283c50514,2026-07-20T21:30:00Z,2026-07-20T23:30:00+0200,0.171,MW,DE,DE_LU,actual_solar_generation,Solar,2026-07-23T07:13:23Z
2026-07-23T07:11:55Z,2026-07-23T09:11:55+0200,db3f74e3-4f49-42d6-88b6-ea3283c50514,2026-07-20T21:45:00Z,2026-07-20T23:45:00+0200,0.147,MW,DE,DE_LU,actual_solar_generation,Solar,2026-07-23T07:13:23Z
2026-07-23T07:11:55Z,2026-07-23T09:11:55+0200,db3f74e3-4f49-42d6-88b6-ea3283c50514,2026-07-20T22:00:00Z,2026-07-21T00:00:00+0200,0.151,MW,DE,DE_LU,actual_solar_generation,Solar,2026-07-23T07:13:23Z
2026-07-23T07:11:55Z,2026-07-23T09:11:55+0200,db3f74e3-4f49-42d6-88b6-ea3283c50514,2026-07-20T22:15:00Z,2026-07-21T00:15:00+0200,0.147,MW,DE,DE_LU,actual_solar_generation,Solar,2026-07-23T07:13:23Z
2026-07-23T07:11:55Z,2026-07-23T09:11:55+0200,db3f74e3-4f49-42d6-88b6-ea3283c50514,2026-07-20T22:30:00Z,2026-07-21T00:30:00+0200,0.135,MW,DE,DE_LU,actual_solar_generation,Solar,2026-07-23T07:13:23Z
2026-07-23T07:11:55Z,2026-07-23T09:11:55+0200,db3f74e3-4f49-42d6-88b6-ea3283c50514,2026-07-20T22:45:00Z,2026-07-21T00:45:00+0200,0.126,MW,DE,DE_LU,actual_solar_generation,Solar,2026-07-23T07:13:23Z
2026-07-23T07:11:55Z,2026-07-23T09:11:55+0200,db3f74e3-4f49-42d6-88b6-ea3283c50514,2026-07-20T23:00:00Z,2026-07-21T01:00:00+0200,0.134,MW,DE,DE_LU,actual_solar_generation,Solar,2026-07-23T07:13:23Z
2026-07-23T07:11:55Z,2026-07-23T09:11:55+0200,db3f74e3-4f49-42d6-88b6-ea3283c50514,2026-07-20T23:15:00Z,2026-07-21T01:15:00+0200,0.129,MW,DE,DE_LU,actual_solar_generation,Solar,2026-07-23T07:13:23Z
2026-07-23T07:11:55Z,2026-07-23T09:11:55+0200,db3f74e3-4f49-42d6-88b6-ea3283c50514,2026-07-20T23:30:00Z,2026-07-21T01:30:00+0200,0.118,MW,DE,DE_LU,actual_solar_generation,Solar,2026-07-23T07:13:23Z
2026-07-23T07:11:55Z,2026-07-23T09:11:55+0200,db3f74e3-4f49-42d6-88b6-ea3283c50514,2026-07-20T23:45:00Z,2026-07-21T01:45:00+0200,0.1,MW,DE,DE_LU,actual_solar_generation,Solar,2026-07-23T07:13:23Z
2026-07-23T07:11:55Z,2026-07-23T09:11:55+0200,db3f74e3-4f49-42d6-88b6-ea3283c50514,2026-07-21T00:00:00Z,2026-07-21T02:00:00+0200,0.096,MW,DE,DE_LU,actual_solar_generation,Solar,2026-07-23T07:13:23Z
2026-07-23T07:11:55Z,2026-07-23T09:11:55+0200,db3f74e3-4f49-42d6-88b6-ea3283c50514,2026-07-21T00:15:00Z,2026-07-21T02:15:00+0200,0.108,MW,DE,DE_LU,actual_solar_generation,Solar,2026-07-23T07:13:23Z
2026-07-23T07:11:55Z,2026-07-23T09:11:55+0200,db3f74e3-4f49-42d6-88b6-ea3283c50514,2026-07-21T00:30:00Z,2026-07-21T02:30:00+0200,0.095,MW,DE,DE_LU,actual_solar_generation,Solar,2026-07-23T07:13:23Z
2026-07-23T07:11:55Z,2026-07-23T09:11:55+0200,db3f74e3-4f49-42d6-88b6-ea3283c50514,2026-07-21T00:45:00Z,2026-07-21T02:45:00+0200,0.092,MW,DE,DE_LU,actual_solar_generation,Solar,2026-07-23T07:13:23Z
2026-07-23T07:11:55Z,2026-07-23T09:11:55+0200,db3f74e3-4f49-42d6-88b6-ea3283c50514,2026-07-21T01:00:00Z,2026-07-21T03:00:00+0200,0.093,MW,DE,DE_LU,actual_solar_generation,Solar,2026-07-23T07:13:23Z
2026-07-23T07:11:55Z,2026-07-23T09:11:55+0200,db3f74e3-4f49-42d6-88b6-ea3283c50514,2026-07-21T01:15:00Z,2026-07-21T03:15:00+0200,0.087,MW,DE,DE_LU,actual_solar_generation,Solar,2026-07-23T07:13:23Z
2026-07-23T07:11:55Z,2026-07-23T09:11:55+0200,db3f74e3-4f49-42d6-88b6-ea3283c50514,2026-07-21T01:30:00Z,2026-07-21T03:30:00+0200,0.083,MW,DE,DE_LU,actual_solar_generation,Solar,2026-07-23T07:13:23Z
2026-07-23T07:11:55Z,2026-07-23T09:11:55+0200,db3f74e3-4f49-42d6-88b6-ea3283c50514,2026-07-21T01:45:00Z,2026-07-21T03:45:00+0200,0.091,MW,DE,DE_LU,actual_solar_generation,Solar,2026-07-23T07:13:23Z
2026-07-23T07:11:55Z,2026-07-23T09:11:55+0200,db3f74e3-4f49-42d6-88b6-ea3283c50514,2026-07-21T02:00:00Z,2026-07-21T04:00:00+0200,0.089,MW,DE,DE_LU,actual_solar_generation,Solar,2026-07-23T07:13:23Z
2026-07-23T07:11:55Z,2026-07-23T09:11:55+0200,db3f74e3-4f49-42d6-88b6-ea3283c50514,2026-07-21T02:15:00Z,2026-07-21T04:15:00+0200,0.077,MW,DE,DE_LU,actual_solar_generation,Solar,2026-07-23T07:13:23Z
2026-07-23T07:11:55Z,2026-07-23T09:11:55+0200,db3f74e3-4f49-42d6-88b6-ea3283c50514,2026-07-21T02:30:00Z,2026-07-21T04:30:00+0200,0.07,MW,DE,DE_LU,actual_solar_generation,Solar,2026-07-23T07:13:23Z
2026-07-23T07:11:55Z,2026-07-23T09:11:55+0200,db3f74e3-4f49-42d6-88b6-ea3283c50514,2026-07-21T02:45:00Z,2026-07-21T04:45:00+0200,0.132,MW,DE,DE_LU,actual_solar_generation,Solar,2026-07-23T07:13:23Z
2026-07-23T07:11:55Z,2026-07-23T09:11:55+0200,db3f74e3-4f49-42d6-88b6-ea3283c50514,2026-07-21T03:00:00Z,2026-07-21T05:00:00+0200,2.316,MW,DE,DE_LU,actual_solar_generation,Solar,2026-07-23T07:13:23Z
2026-07-23T07:11:55Z,2026-07-23T09:11:55+0200,db3f74e3-4f49-42d6-88b6-ea3283c50514,2026-07-21T03:15:00Z,2026-07-21T05:15:00+0200,29.633,MW,DE,DE_LU,actual_solar_generation,Solar,2026-07-23T07:13:23Z
2026-07-23T07:11:55Z,2026-07-23T09:11:55+0200,db3f74e3-4f49-42d6-88b6-ea3283c50514,2026-07-21T03:30:00Z,2026-07-21T05:30:00+0200,175.368,MW,DE,DE_LU,actual_solar_generation,Solar,2026-07-23T07:13:23Z
2026-07-23T07:11:55Z,2026-07-23T09:11:55+0200,db3f74e3-4f49-42d6-88b6-ea3283c50514,2026-07-21T03:45:00Z,2026-07-21T05:45:00+0200,626.296,MW,DE,DE_LU,actual_solar_generation,Solar,2026-07-23T07:13:23Z
2026-07-23T07:11:55Z,2026-07-23T09:11:55+0200,db3f74e3-4f49-42d6-88b6-ea3283c50514,2026-07-21T04:00:00Z,2026-07-21T06:00:00+0200,1533.178,MW,DE,DE_LU,actual_solar_generation,Solar,2026-07-23T07:13:23Z
2026-07-23T07:11:55Z,2026-07-23T09:11:55+0200,db3f74e3-4f49-42d6-88b6-ea3283c50514,2026-07-21T04:15:00Z,2026-07-21T06:15:00+0200,2650.385,MW,DE,DE_LU,actual_solar_generation,Solar,2026-07-23T07:13:23Z
2026-07-23T07:11:55Z,2026-07-23T09:11:55+0200,db3f74e3-4f49-42d6-88b6-ea3283c50514,2026-07-21T04:30:00Z,2026-07-21T06:30:00+0200,3979.879,MW,DE,DE_LU,actual_solar_generation,Solar,2026-07-23T07:13:23Z
2026-07-23T07:11:55Z,2026-07-23T09:11:55+0200,db3f74e3-4f49-42d6-88b6-ea3283c50514,2026-07-21T04:45:00Z,2026-07-21T06:45:00+0200,5608.633,MW,DE,DE_LU,actual_solar_generation,Solar,2026-07-23T07:13:23Z
2026-07-23T07:11:55Z,2026-07-23T09:11:55+0200,db3f74e3-4f49-42d6-88b6-ea3283c50514,2026-07-21T05:00:00Z,2026-07-21T07:00:00+0200,7606.011,MW,DE,DE_LU,actual_solar_generation,Solar,2026-07-23T07:13:23Z
2026-07-23T07:11:55Z,2026-07-23T09:11:55+0200,db3f74e3-4f49-42d6-88b6-ea3283c50514,2026-07-21T05:15:00Z,2026-07-21T07:15:00+0200,9857.607,MW,DE,DE_LU,actual_solar_generation,Solar,2026-07-23T07:13:23Z
2026-07-23T07:11:55Z,2026-07-23T09:11:55+0200,db3f74e3-4f49-42d6-88b6-ea3283c50514,2026-07-21T05:30:00Z,2026-07-21T07:30:00+0200,12480.691,MW,DE,DE_LU,actual_solar_generation,Solar,2026-07-23T07:13:23Z
2026-07-23T07:11:55Z,2026-07-23T09:11:55+0200,db3f74e3-4f49-42d6-88b6-ea3283c50514,2026-07-21T05:45:00Z,2026-07-21T07:45:00+0200,15334.137,MW,DE,DE_LU,actual_solar_generation,Solar,2026-07-23T07:13:23Z
2026-07-23T07:11:55Z,2026-07-23T09:11:55+0200,db3f74e3-4f49-42d6-88b6-ea3283c50514,2026-07-21T06:00:00Z,2026-07-21T08:00:00+0200,18412.929,MW,DE,DE_LU,actual_solar_generation,Solar,2026-07-23T07:13:23Z
2026-07-23T07:11:55Z,2026-07-23T09:11:55+0200,db3f74e3-4f49-42d6-88b6-ea3283c50514,2026-07-21T06:15:00Z,2026-07-21T08:15:00+0200,21744.986,MW,DE,DE_LU,actual_solar_generation,Solar,2026-07-23T07:13:23Z
2026-07-23T07:11:55Z,2026-07-23T09:11:55+0200,db3f74e3-4f49-42d6-88b6-ea3283c50514,2026-07-21T06:30:00Z,2026-07-21T08:30:00+0200,24955.449,MW,DE,DE_LU,actual_solar_generation,Solar,2026-07-23T07:13:23Z
2026-07-23T07:11:55Z,2026-07-23T09:11:55+0200,db3f74e3-4f49-42d6-88b6-ea3283c50514,2026-07-21T06:45:00Z,2026-07-21T08:45:00+0200,28285.977,MW,DE,DE_LU,actual_solar_generation,Solar,2026-07-23T07:13:23Z
2026-07-23T07:11:55Z,2026-07-23T09:11:55+0200,db3f74e3-4f49-42d6-88b6-ea3283c50514,2026-07-21T07:00:00Z,2026-07-21T09:00:00+0200,31217.535,MW,DE,DE_LU,actual_solar_generation,Solar,2026-07-23T07:13:23Z
2026-07-23T07:11:55Z,2026-07-23T09:11:55+0200,db3f74e3-4f49-42d6-88b6-ea3283c50514,2026-07-21T07:15:00Z,2026-07-21T09:15:00+0200,34042.489,MW,DE,DE_LU,actual_solar_generation,Solar,2026-07-23T07:13:23Z
2026-07-23T07:11:55Z,2026-07-23T09:11:55+0200,db3f74e3-4f49-42d6-88b6-ea3283c50514,2026-07-21T07:30:00Z,2026-07-21T09:30:00+0200,36707.423,MW,DE,DE_LU,actual_solar_generation,Solar,2026-07-23T07:13:23Z
2026-07-23T07:11:55Z,2026-07-23T09:11:55+0200,db3f74e3-4f49-42d6-88b6-ea3283c50514,2026-07-21T07:45:00Z,2026-07-21T09:45:00+0200,39087.165,MW,DE,DE_LU,actual_solar_generation,Solar,2026-07-23T07:13:23Z
2026-07-23T07:11:55Z,2026-07-23T09:11:55+0200,db3f74e3-4f49-42d6-88b6-ea3283c50514,2026-07-21T08:00:00Z,2026-07-21T10:00:00+0200,41192.328,MW,DE,DE_LU,actual_solar_generation,Solar,2026-07-23T07:13:23Z
2026-07-23T07:11:55Z,2026-07-23T09:11:55+0200,db3f74e3-4f49-42d6-88b6-ea3283c50514,2026-07-21T08:15:00Z,2026-07-21T10:15:00+0200,43228.377,MW,DE,DE_LU,actual_solar_generation,Solar,2026-07-23T07:13:23Z
2026-07-23T07:11:55Z,2026-07-23T09:11:55+0200,db3f74e3-4f49-42d6-88b6-ea3283c50514,2026-07-21T08:30:00Z,2026-07-21T10:30:00+0200,44965.705,MW,DE,DE_LU,actual_solar_generation,Solar,2026-07-23T07:13:23Z
2026-07-23T07:11:55Z,2026-07-23T09:11:55+0200,db3f74e3-4f49-42d6-88b6-ea3283c50514,2026-07-21T08:45:00Z,2026-07-21T10:45:00+0200,46432.839,MW,DE,DE_LU,actual_solar_generation,Solar,2026-07-23T07:13:23Z
2026-07-23T07:11:55Z,2026-07-23T09:11:55+0200,db3f74e3-4f49-42d6-88b6-ea3283c50514,2026-07-21T09:00:00Z,2026-07-21T11:00:00+0200,47178.462,MW,DE,DE_LU,actual_solar_generation,Solar,2026-07-23T07:13:23Z
2026-07-23T07:11:55Z,2026-07-23T09:11:55+0200,db3f74e3-4f49-42d6-88b6-ea3283c50514,2026-07-21T09:15:00Z,2026-07-21T11:15:00+0200,47909.784,MW,DE,DE_LU,actual_solar_generation,Solar,2026-07-23T07:13:23Z
2026-07-23T07:11:55Z,2026-07-23T09:11:55+0200,db3f74e3-4f49-42d6-88b6-ea3283c50514,2026-07-21T09:30:00Z,2026-07-21T11:30:00+0200,48242.571,MW,DE,DE_LU,actual_solar_generation,Solar,2026-07-23T07:13:23Z
2026-07-23T07:11:55Z,2026-07-23T09:11:55+0200,db3f74e3-4f49-42d6-88b6-ea3283c50514,2026-07-21T09:45:00Z,2026-07-21T11:45:00+0200,48476.705,MW,DE,DE_LU,actual_solar_generation,Solar,2026-07-23T07:13:23Z
2026-07-23T07:11:55Z,2026-07-23T09:11:55+0200,db3f74e3-4f49-42d6-88b6-ea3283c50514,2026-07-21T10:00:00Z,2026-07-21T12:00:00+0200,48434.631,MW,DE,DE_LU,actual_solar_generation,Solar,2026-07-23T07:13:23Z
2026-07-23T07:11:55Z,2026-07-23T09:11:55+0200,db3f74e3-4f49-42d6-88b6-ea3283c50514,2026-07-21T10:15:00Z,2026-07-21T12:15:00+0200,48562.784,MW,DE,DE_LU,actual_solar_generation,Solar,2026-07-23T07:13:23Z
2026-07-23T07:11:55Z,2026-07-23T09:11:55+0200,db3f74e3-4f49-42d6-88b6-ea3283c50514,2026-07-21T10:30:00Z,2026-07-21T12:30:00+0200,48483.538,MW,DE,DE_LU,actual_solar_generation,Solar,2026-07-23T07:13:23Z
2026-07-23T07:11:55Z,2026-07-23T09:11:55+0200,db3f74e3-4f49-42d6-88b6-ea3283c50514,2026-07-21T10:45:00Z,2026-07-21T12:45:00+0200,48115.688,MW,DE,DE_LU,actual_solar_generation,Solar,2026-07-23T07:13:23Z
2026-07-23T07:11:55Z,2026-07-23T09:11:55+0200,db3f74e3-4f49-42d6-88b6-ea3283c50514,2026-07-21T11:00:00Z,2026-07-21T13:00:00+0200,47652.124,MW,DE,DE_LU,actual_solar_generation,Solar,2026-07-23T07:13:23Z
2026-07-23T07:11:55Z,2026-07-23T09:11:55+0200,db3f74e3-4f49-42d6-88b6-ea3283c50514,2026-07-21T11:15:00Z,2026-07-21T13:15:00+0200,47416.599,MW,DE,DE_LU,actual_solar_generation,Solar,2026-07-23T07:13:23Z
2026-07-23T07:11:55Z,2026-07-23T09:11:55+0200,db3f74e3-4f49-42d6-88b6-ea3283c50514,2026-07-21T11:30:00Z,2026-07-21T13:30:00+0200,46736.105,MW,DE,DE_LU,actual_solar_generation,Solar,2026-07-23T07:13:23Z
2026-07-23T07:11:55Z,2026-07-23T09:11:55+0200,db3f74e3-4f49-42d6-88b6-ea3283c50514,2026-07-21T11:45:00Z,2026-07-21T13:45:00+0200,46063.164,MW,DE,DE_LU,actual_solar_generation,Solar,2026-07-23T07:13:23Z
2026-07-23T07:11:55Z,2026-07-23T09:11:55+0200,db3f74e3-4f49-42d6-88b6-ea3283c50514,2026-07-21T12:00:00Z,2026-07-21T14:00:00+0200,45478.997,MW,DE,DE_LU,actual_solar_generation,Solar,2026-07-23T07:13:23Z
2026-07-23T07:11:55Z,2026-07-23T09:11:55+0200,db3f74e3-4f49-42d6-88b6-ea3283c50514,2026-07-21T12:15:00Z,2026-07-21T14:15:00+0200,44955.263,MW,DE,DE_LU,actual_solar_generation,Solar,2026-07-23T07:13:23Z
2026-07-23T07:11:55Z,2026-07-23T09:11:55+0200,db3f74e3-4f49-42d6-88b6-ea3283c50514,2026-07-21T12:30:00Z,2026-07-21T14:30:00+0200,44515.322,MW,DE,DE_LU,actual_solar_generation,Solar,2026-07-23T07:13:23Z
2026-07-23T07:11:55Z,2026-07-23T09:11:55+0200,db3f74e3-4f49-42d6-88b6-ea3283c50514,2026-07-21T12:45:00Z,2026-07-21T14:45:00+0200,43645.39,MW,DE,DE_LU,actual_solar_generation,Solar,2026-07-23T07:13:23Z
2026-07-23T07:11:55Z,2026-07-23T09:11:55+0200,db3f74e3-4f49-42d6-88b6-ea3283c50514,2026-07-21T13:00:00Z,2026-07-21T15:00:00+0200,42878.907,MW,DE,DE_LU,actual_solar_generation,Solar,2026-07-23T07:13:23Z
2026-07-23T07:11:55Z,2026-07-23T09:11:55+0200,db3f74e3-4f49-42d6-88b6-ea3283c50514,2026-07-21T13:15:00Z,2026-07-21T15:15:00+0200,42069.807,MW,DE,DE_LU,actual_solar_generation,Solar,2026-07-23T07:13:23Z
2026-07-23T07:11:55Z,2026-07-23T09:11:55+0200,db3f74e3-4f49-42d6-88b6-ea3283c50514,2026-07-21T13:30:00Z,2026-07-21T15:30:00+0200,40298.496,MW,DE,DE_LU,actual_solar_generation,Solar,2026-07-23T07:13:23Z
2026-07-23T07:11:55Z,2026-07-23T09:11:55+0200,db3f74e3-4f49-42d6-88b6-ea3283c50514,2026-07-21T13:45:00Z,2026-07-21T15:45:00+0200,40066.68,MW,DE,DE_LU,actual_solar_generation,Solar,2026-07-23T07:13:23Z
2026-07-23T07:11:55Z,2026-07-23T09:11:55+0200,db3f74e3-4f49-42d6-88b6-ea3283c50514,2026-07-21T14:00:00Z,2026-07-21T16:00:00+0200,38932.425,MW,DE,DE_LU,actual_solar_generation,Solar,2026-07-23T07:13:23Z
2026-07-23T07:11:55Z,2026-07-23T09:11:55+0200,db3f74e3-4f49-42d6-88b6-ea3283c50514,2026-07-21T14:15:00Z,2026-07-21T16:15:00+0200,36804.783,MW,DE,DE_LU,actual_solar_generation,Solar,2026-07-23T07:13:23Z
2026-07-23T07:11:55Z,2026-07-23T09:11:55+0200,db3f74e3-4f49-42d6-88b6-ea3283c50514,2026-07-21T14:30:00Z,2026-07-21T16:30:00+0200,35420.106,MW,DE,DE_LU,actual_solar_generation,Solar,2026-07-23T07:13:23Z
2026-07-23T07:11:55Z,2026-07-23T09:11:55+0200,db3f74e3-4f49-42d6-88b6-ea3283c50514,2026-07-21T14:45:00Z,2026-07-21T16:45:00+0200,33374.58,MW,DE,DE_LU,actual_solar_generation,Solar,2026-07-23T07:13:23Z
2026-07-23T07:11:55Z,2026-07-23T09:11:55+0200,db3f74e3-4f49-42d6-88b6-ea3283c50514,2026-07-21T15:00:00Z,2026-07-21T17:00:00+0200,31364.943,MW,DE,DE_LU,actual_solar_generation,Solar,2026-07-23T07:13:23Z
2026-07-23T07:11:55Z,2026-07-23T09:11:55+0200,db3f74e3-4f49-42d6-88b6-ea3283c50514,2026-07-21T15:15:00Z,2026-07-21T17:15:00+0200,28781.252,MW,DE,DE_LU,actual_solar_generation,Solar,2026-07-23T07:13:23Z
2026-07-23T07:11:55Z,2026-07-23T09:11:55+0200,db3f74e3-4f49-42d6-88b6-ea3283c50514,2026-07-21T15:30:00Z,2026-07-21T17:30:00+0200,26549.868,MW,DE,DE_LU,actual_solar_generation,Solar,2026-07-23T07:13:23Z
2026-07-23T07:11:55Z,2026-07-23T09:11:55+0200,db3f74e3-4f49-42d6-88b6-ea3283c50514,2026-07-21T15:45:00Z,2026-07-21T17:45:00+0200,24313.319,MW,DE,DE_LU,actual_solar_generation,Solar,2026-07-23T07:13:23Z
2026-07-23T07:11:55Z,2026-07-23T09:11:55+0200,db3f74e3-4f49-42d6-88b6-ea3283c50514,2026-07-21T16:00:00Z,2026-07-21T18:00:00+0200,21814.87,MW,DE,DE_LU,actual_solar_generation,Solar,2026-07-23T07:13:23Z
2026-07-23T07:11:55Z,2026-07-23T09:11:55+0200,db3f74e3-4f49-42d6-88b6-ea3283c50514,2026-07-21T16:15:00Z,2026-07-21T18:15:00+0200,19065.746,MW,DE,DE_LU,actual_solar_generation,Solar,2026-07-23T07:13:23Z
2026-07-23T07:11:55Z,2026-07-23T09:11:55+0200,db3f74e3-4f49-42d6-88b6-ea3283c50514,2026-07-21T16:30:00Z,2026-07-21T18:30:00+0200,16353.823,MW,DE,DE_LU,actual_solar_generation,Solar,2026-07-23T07:13:23Z
2026-07-23T07:11:55Z,2026-07-23T09:11:55+0200,db3f74e3-4f49-42d6-88b6-ea3283c50514,2026-07-21T16:45:00Z,2026-07-21T18:45:00+0200,13828.21,MW,DE,DE_LU,actual_solar_generation,Solar,2026-07-23T07:13:23Z
2026-07-23T07:11:55Z,2026-07-23T09:11:55+0200,db3f74e3-4f49-42d6-88b6-ea3283c50514,2026-07-21T17:00:00Z,2026-07-21T19:00:00+0200,11387.16,MW,DE,DE_LU,actual_solar_generation,Solar,2026-07-23T07:13:23Z
2026-07-23T07:11:55Z,2026-07-23T09:11:55+0200,db3f74e3-4f49-42d6-88b6-ea3283c50514,2026-07-21T17:15:00Z,2026-07-21T19:15:00+0200,9172.828,MW,DE,DE_LU,actual_solar_generation,Solar,2026-07-23T07:13:23Z
2026-07-23T07:11:55Z,2026-07-23T09:11:55+0200,db3f74e3-4f49-42d6-88b6-ea3283c50514,2026-07-21T17:30:00Z,2026-07-21T19:30:00+0200,7153.002,MW,DE,DE_LU,actual_solar_generation,Solar,2026-07-23T07:13:23Z
2026-07-23T07:11:55Z,2026-07-23T09:11:55+0200,db3f74e3-4f49-42d6-88b6-ea3283c50514,2026-07-21T17:45:00Z,2026-07-21T19:45:00+0200,5372.174,MW,DE,DE_LU,actual_solar_generation,Solar,2026-07-23T07:13:23Z
2026-07-23T07:11:55Z,2026-07-23T09:11:55+0200,db3f74e3-4f49-42d6-88b6-ea3283c50514,2026-07-21T18:00:00Z,2026-07-21T20:00:00+0200,3836.677,MW,DE,DE_LU,actual_solar_generation,Solar,2026-07-23T07:13:23Z
2026-07-23T07:11:55Z,2026-07-23T09:11:55+0200,db3f74e3-4f49-42d6-88b6-ea3283c50514,2026-07-21T18:15:00Z,2026-07-21T20:15:00+0200,2606.983,MW,DE,DE_LU,actual_solar_generation,Solar,2026-07-23T07:13:23Z
2026-07-23T07:11:55Z,2026-07-23T09:11:55+0200,db3f74e3-4f49-42d6-88b6-ea3283c50514,2026-07-21T18:30:00Z,2026-07-21T20:30:00+0200,1573.057,MW,DE,DE_LU,actual_solar_generation,Solar,2026-07-23T07:13:23Z
2026-07-23T07:11:55Z,2026-07-23T09:11:55+0200,db3f74e3-4f49-42d6-88b6-ea3283c50514,2026-07-21T18:45:00Z,2026-07-21T20:45:00+0200,793.794,MW,DE,DE_LU,actual_solar_generation,Solar,2026-07-23T07:13:23Z
2026-07-23T07:11:55Z,2026-07-23T09:11:55+0200,db3f74e3-4f49-42d6-88b6-ea3283c50514,2026-07-21T19:00:00Z,2026-07-21T21:00:00+0200,299.571,MW,DE,DE_LU,actual_solar_generation,Solar,2026-07-23T07:13:23Z
2026-07-23T07:11:55Z,2026-07-23T09:11:55+0200,db3f74e3-4f49-42d6-88b6-ea3283c50514,2026-07-21T19:15:00Z,2026-07-21T21:15:00+0200,79.18,MW,DE,DE_LU,actual_solar_generation,Solar,2026-07-23T07:13:23Z
2026-07-23T07:11:55Z,2026-07-23T09:11:55+0200,db3f74e3-4f49-42d6-88b6-ea3283c50514,2026-07-21T19:30:00Z,2026-07-21T21:30:00+0200,11.284,MW,DE,DE_LU,actual_solar_generation,Solar,2026-07-23T07:13:23Z
2026-07-23T07:11:55Z,2026-07-23T09:11:55+0200,db3f74e3-4f49-42d6-88b6-ea3283c50514,2026-07-21T19:45:00Z,2026-07-21T21:45:00+0200,4.329,MW,DE,DE_LU,actual_solar_generation,Solar,2026-07-23T07:13:23Z
2026-07-23T07:11:55Z,2026-07-23T09:11:55+0200,db3f74e3-4f49-42d6-88b6-ea3283c50514,2026-07-21T20:00:00Z,2026-07-21T22:00:00+0200,0.394,MW,DE,DE_LU,actual_solar_generation,Solar,2026-07-23T07:13:23Z
2026-07-23T07:11:55Z,2026-07-23T09:11:55+0200,db3f74e3-4f49-42d6-88b6-ea3283c50514,2026-07-21T20:15:00Z,2026-07-21T22:15:00+0200,0.27,MW,DE,DE_LU,actual_solar_generation,Solar,2026-07-23T07:13:23Z
2026-07-23T07:11:55Z,2026-07-23T09:11:55+0200,db3f74e3-4f49-42d6-88b6-ea3283c50514,2026-07-21T20:30:00Z,2026-07-21T22:30:00+0200,0.263,MW,DE,DE_LU,actual_solar_generation,Solar,2026-07-23T07:13:23Z
2026-07-23T07:11:55Z,2026-07-23T09:11:55+0200,db3f74e3-4f49-42d6-88b6-ea3283c50514,2026-07-21T20:45:00Z,2026-07-21T22:45:00+0200,0.237,MW,DE,DE_LU,actual_solar_generation,Solar,2026-07-23T07:13:23Z
2026-07-23T07:11:55Z,2026-07-23T09:11:55+0200,db3f74e3-4f49-42d6-88b6-ea3283c50514,2026-07-21T21:00:00Z,2026-07-21T23:00:00+0200,0.228,MW,DE,DE_LU,actual_solar_generation,Solar,2026-07-23T07:13:23Z
2026-07-23T07:11:55Z,2026-07-23T09:11:55+0200,db3f74e3-4f49-42d6-88b6-ea3283c50514,2026-07-21T21:15:00Z,2026-07-21T23:15:00+0200,0.206,MW,DE,DE_LU,actual_solar_generation,Solar,2026-07-23T07:13:23Z
2026-07-23T07:11:55Z,2026-07-23T09:11:55+0200,db3f74e3-4f49-42d6-88b6-ea3283c50514,2026-07-21T21:30:00Z,2026-07-21T23:30:00+0200,0.184,MW,DE,DE_LU,actual_solar_generation,Solar,2026-07-23T07:13:23Z
2026-07-23T07:11:55Z,2026-07-23T09:11:55+0200,db3f74e3-4f49-42d6-88b6-ea3283c50514,2026-07-21T21:45:00Z,2026-07-21T23:45:00+0200,0.15,MW,DE,DE_LU,actual_solar_generation,Solar,2026-07-23T07:13:23Z
2026-07-23T07:11:55Z,2026-07-23T09:11:55+0200,db3f74e3-4f49-42d6-88b6-ea3283c50514,2026-07-21T22:00:00Z,2026-07-22T00:00:00+0200,0.0,MW,DE,DE_LU,actual_solar_generation,Solar,2026-07-23T07:13:23Z
2026-07-23T07:11:55Z,2026-07-23T09:11:55+0200,db3f74e3-4f49-42d6-88b6-ea3283c50514,2026-07-21T22:15:00Z,2026-07-22T00:15:00+0200,0.0,MW,DE,DE_LU,actual_solar_generation,Solar,2026-07-23T07:13:23Z
2026-07-23T07:11:55Z,2026-07-23T09:11:55+0200,db3f74e3-4f49-42d6-88b6-ea3283c50514,2026-07-21T22:30:00Z,2026-07-22T00:30:00+0200,0.006,MW,DE,DE_LU,actual_solar_generation,Solar,2026-07-23T07:13:23Z
2026-07-23T07:11:55Z,2026-07-23T09:11:55+0200,db3f74e3-4f49-42d6-88b6-ea3283c50514,2026-07-21T22:45:00Z,2026-07-22T00:45:00+0200,0.0,MW,DE,DE_LU,actual_solar_generation,Solar,2026-07-23T07:13:23Z
2026-07-23T07:11:55Z,2026-07-23T09:11:55+0200,db3f74e3-4f49-42d6-88b6-ea3283c50514,2026-07-21T23:00:00Z,2026-07-22T01:00:00+0200,0.0,MW,DE,DE_LU,actual_solar_generation,Solar,2026-07-23T07:13:23Z
2026-07-23T07:11:55Z,2026-07-23T09:11:55+0200,db3f74e3-4f49-42d6-88b6-ea3283c50514,2026-07-21T23:15:00Z,2026-07-22T01:15:00+0200,0.0,MW,DE,DE_LU,actual_solar_generation,Solar,2026-07-23T07:13:23Z
2026-07-23T07:11:55Z,2026-07-23T09:11:55+0200,db3f74e3-4f49-42d6-88b6-ea3283c50514,2026-07-21T23:30:00Z,2026-07-22T01:30:00+0200,0.0,MW,DE,DE_LU,actual_solar_generation,Solar,2026-07-23T07:13:23Z
2026-07-23T07:11:55Z,2026-07-23T09:11:55+0200,db3f74e3-4f49-42d6-88b6-ea3283c50514,2026-07-21T23:45:00Z,2026-07-22T01:45:00+0200,0.0,MW,DE,DE_LU,actual_solar_generation,Solar,2026-07-23T07:13:23Z
2026-07-23T07:11:55Z,2026-07-23T09:11:55+0200,db3f74e3-4f49-42d6-88b6-ea3283c50514,2026-07-22T00:00:00Z,2026-07-22T02:00:00+0200,0.0,MW,DE,DE_LU,actual_solar_generation,Solar,2026-07-23T07:13:23Z
2026-07-23T07:11:55Z,2026-07-23T09:11:55+0200,db3f74e3-4f49-42d6-88b6-ea3283c50514,2026-07-22T00:15:00Z,2026-07-22T02:15:00+0200,0.004,MW,DE,DE_LU,actual_solar_generation,Solar,2026-07-23T07:13:23Z
2026-07-23T07:11:55Z,2026-07-23T09:11:55+0200,db3f74e3-4f49-42d6-88b6-ea3283c50514,2026-07-22T00:30:00Z,2026-07-22T02:30:00+0200,0.0,MW,DE,DE_LU,actual_solar_generation,Solar,2026-07-23T07:13:23Z
2026-07-23T07:11:55Z,2026-07-23T09:11:55+0200,db3f74e3-4f49-42d6-88b6-ea3283c50514,2026-07-22T00:45:00Z,2026-07-22T02:45:00+0200,0.0,MW,DE,DE_LU,actual_solar_generation,Solar,2026-07-23T07:13:23Z
2026-07-23T07:11:55Z,2026-07-23T09:11:55+0200,db3f74e3-4f49-42d6-88b6-ea3283c50514,2026-07-22T01:00:00Z,2026-07-22T03:00:00+0200,0.0,MW,DE,DE_LU,actual_solar_generation,Solar,2026-07-23T07:13:23Z
2026-07-23T07:11:55Z,2026-07-23T09:11:55+0200,db3f74e3-4f49-42d6-88b6-ea3283c50514,2026-07-22T01:15:00Z,2026-07-22T03:15:00+0200,0.0,MW,DE,DE_LU,actual_solar_generation,Solar,2026-07-23T07:13:23Z
2026-07-23T07:11:55Z,2026-07-23T09:11:55+0200,db3f74e3-4f49-42d6-88b6-ea3283c50514,2026-07-22T01:30:00Z,2026-07-22T03:30:00+0200,0.0,MW,DE,DE_LU,actual_solar_generation,Solar,2026-07-23T07:13:23Z
2026-07-23T07:11:55Z,2026-07-23T09:11:55+0200,db3f74e3-4f49-42d6-88b6-ea3283c50514,2026-07-22T01:45:00Z,2026-07-22T03:45:00+0200,0.002,MW,DE,DE_LU,actual_solar_generation,Solar,2026-07-23T07:13:23Z
2026-07-23T07:11:55Z,2026-07-23T09:11:55+0200,db3f74e3-4f49-42d6-88b6-ea3283c50514,2026-07-22T02:00:00Z,2026-07-22T04:00:00+0200,0.0,MW,DE,DE_LU,actual_solar_generation,Solar,2026-07-23T07:13:23Z
2026-07-23T07:11:55Z,2026-07-23T09:11:55+0200,db3f74e3-4f49-42d6-88b6-ea3283c50514,2026-07-22T02:15:00Z,2026-07-22T04:15:00+0200,0.001,MW,DE,DE_LU,actual_solar_generation,Solar,2026-07-23T07:13:23Z
2026-07-23T07:11:55Z,2026-07-23T09:11:55+0200,db3f74e3-4f49-42d6-88b6-ea3283c50514,2026-07-22T02:30:00Z,2026-07-22T04:30:00+0200,0.0,MW,DE,DE_LU,actual_solar_generation,Solar,2026-07-23T07:13:23Z
2026-07-23T07:11:55Z,2026-07-23T09:11:55+0200,db3f74e3-4f49-42d6-88b6-ea3283c50514,2026-07-22T02:45:00Z,2026-07-22T04:45:00+0200,0.07,MW,DE,DE_LU,actual_solar_generation,Solar,2026-07-23T07:13:23Z
2026-07-23T07:11:55Z,2026-07-23T09:11:55+0200,db3f74e3-4f49-42d6-88b6-ea3283c50514,2026-07-22T03:00:00Z,2026-07-22T05:00:00+0200,2.975,MW,DE,DE_LU,actual_solar_generation,Solar,2026-07-23T07:13:23Z
2026-07-23T07:11:55Z,2026-07-23T09:11:55+0200,db3f74e3-4f49-42d6-88b6-ea3283c50514,2026-07-22T03:15:00Z,2026-07-22T05:15:00+0200,27.912,MW,DE,DE_LU,actual_solar_generation,Solar,2026-07-23T07:13:23Z
2026-07-23T07:11:55Z,2026-07-23T09:11:55+0200,db3f74e3-4f49-42d6-88b6-ea3283c50514,2026-07-22T03:30:00Z,2026-07-22T05:30:00+0200,142.929,MW,DE,DE_LU,actual_solar_generation,Solar,2026-07-23T07:13:23Z
2026-07-23T07:11:55Z,2026-07-23T09:11:55+0200,db3f74e3-4f49-42d6-88b6-ea3283c50514,2026-07-22T03:45:00Z,2026-07-22T05:45:00+0200,529.59,MW,DE,DE_LU,actual_solar_generation,Solar,2026-07-23T07:13:23Z
2026-07-23T07:11:55Z,2026-07-23T09:11:55+0200,db3f74e3-4f49-42d6-88b6-ea3283c50514,2026-07-22T04:00:00Z,2026-07-22T06:00:00+0200,1250.375,MW,DE,DE_LU,actual_solar_generation,Solar,2026-07-23T07:13:23Z
2026-07-23T07:11:55Z,2026-07-23T09:11:55+0200,db3f74e3-4f49-42d6-88b6-ea3283c50514,2026-07-22T04:15:00Z,2026-07-22T06:15:00+0200,2175.683,MW,DE,DE_LU,actual_solar_generation,Solar,2026-07-23T07:13:23Z
2026-07-23T07:11:55Z,2026-07-23T09:11:55+0200,db3f74e3-4f49-42d6-88b6-ea3283c50514,2026-07-22T04:30:00Z,2026-07-22T06:30:00+0200,3292.208,MW,DE,DE_LU,actual_solar_generation,Solar,2026-07-23T07:13:23Z
2026-07-23T07:11:55Z,2026-07-23T09:11:55+0200,db3f74e3-4f49-42d6-88b6-ea3283c50514,2026-07-22T04:45:00Z,2026-07-22T06:45:00+0200,4617.179,MW,DE,DE_LU,actual_solar_generation,Solar,2026-07-23T07:13:23Z
2026-07-23T07:11:55Z,2026-07-23T09:11:55+0200,db3f74e3-4f49-42d6-88b6-ea3283c50514,2026-07-22T05:00:00Z,2026-07-22T07:00:00+0200,6196.089,MW,DE,DE_LU,actual_solar_generation,Solar,2026-07-23T07:13:23Z
2026-07-23T07:11:55Z,2026-07-23T09:11:55+0200,db3f74e3-4f49-42d6-88b6-ea3283c50514,2026-07-22T05:15:00Z,2026-07-22T07:15:00+0200,8016.649,MW,DE,DE_LU,actual_solar_generation,Solar,2026-07-23T07:13:23Z
2026-07-23T07:11:55Z,2026-07-23T09:11:55+0200,db3f74e3-4f49-42d6-88b6-ea3283c50514,2026-07-22T05:30:00Z,2026-07-22T07:30:00+0200,10090.947,MW,DE,DE_LU,actual_solar_generation,Solar,2026-07-23T07:13:23Z
2026-07-23T07:11:55Z,2026-07-23T09:11:55+0200,db3f74e3-4f49-42d6-88b6-ea3283c50514,2026-07-22T05:45:00Z,2026-07-22T07:45:00+0200,12232.201,MW,DE,DE_LU,actual_solar_generation,Solar,2026-07-23T07:13:23Z
2026-07-23T07:11:55Z,2026-07-23T09:11:55+0200,db3f74e3-4f49-42d6-88b6-ea3283c50514,2026-07-22T06:00:00Z,2026-07-22T08:00:00+0200,14625.361,MW,DE,DE_LU,actual_solar_generation,Solar,2026-07-23T07:13:23Z
2026-07-23T07:11:55Z,2026-07-23T09:11:55+0200,db3f74e3-4f49-42d6-88b6-ea3283c50514,2026-07-22T06:15:00Z,2026-07-22T08:15:00+0200,16955.502,MW,DE,DE_LU,actual_solar_generation,Solar,2026-07-23T07:13:23Z
2026-07-23T07:11:55Z,2026-07-23T09:11:55+0200,db3f74e3-4f49-42d6-88b6-ea3283c50514,2026-07-22T06:30:00Z,2026-07-22T08:30:00+0200,19420.508,MW,DE,DE_LU,actual_solar_generation,Solar,2026-07-23T07:13:23Z
2026-07-23T07:11:55Z,2026-07-23T09:11:55+0200,db3f74e3-4f49-42d6-88b6-ea3283c50514,2026-07-22T06:45:00Z,2026-07-22T08:45:00+0200,21749.588,MW,DE,DE_LU,actual_solar_generation,Solar,2026-07-23T07:13:23Z
2026-07-23T07:11:55Z,2026-07-23T09:11:55+0200,db3f74e3-4f49-42d6-88b6-ea3283c50514,2026-07-22T07:00:00Z,2026-07-22T09:00:00+0200,23955.36,MW,DE,DE_LU,actual_solar_generation,Solar,2026-07-23T07:13:23Z
2026-07-23T07:11:55Z,2026-07-23T09:11:55+0200,db3f74e3-4f49-42d6-88b6-ea3283c50514,2026-07-22T07:15:00Z,2026-07-22T09:15:00+0200,26027.694,MW,DE,DE_LU,actual_solar_generation,Solar,2026-07-23T07:13:23Z
2026-07-23T07:11:55Z,2026-07-23T09:11:55+0200,db3f74e3-4f49-42d6-88b6-ea3283c50514,2026-07-22T07:30:00Z,2026-07-22T09:30:00+0200,27857.327,MW,DE,DE_LU,actual_solar_generation,Solar,2026-07-23T07:13:23Z
2026-07-23T07:11:55Z,2026-07-23T09:11:55+0200,db3f74e3-4f49-42d6-88b6-ea3283c50514,2026-07-22T07:45:00Z,2026-07-22T09:45:00+0200,29520.731,MW,DE,DE_LU,actual_solar_generation,Solar,2026-07-23T07:13:23Z
2026-07-23T07:11:55Z,2026-07-23T09:11:55+0200,db3f74e3-4f49-42d6-88b6-ea3283c50514,2026-07-22T08:00:00Z,2026-07-22T10:00:00+0200,30992.044,MW,DE,DE_LU,actual_solar_generation,Solar,2026-07-23T07:13:23Z
2026-07-23T07:11:55Z,2026-07-23T09:11:55+0200,db3f74e3-4f49-42d6-88b6-ea3283c50514,2026-07-22T08:15:00Z,2026-07-22T10:15:00+0200,32159.967,MW,DE,DE_LU,actual_solar_generation,Solar,2026-07-23T07:13:23Z
2026-07-23T07:11:55Z,2026-07-23T09:11:55+0200,db3f74e3-4f49-42d6-88b6-ea3283c50514,2026-07-22T08:30:00Z,2026-07-22T10:30:00+0200,32881.921,MW,DE,DE_LU,actual_solar_generation,Solar,2026-07-23T07:13:23Z
2026-07-23T07:11:55Z,2026-07-23T09:11:55+0200,db3f74e3-4f49-42d6-88b6-ea3283c50514,2026-07-22T08:45:00Z,2026-07-22T10:45:00+0200,33540.534,MW,DE,DE_LU,actual_solar_generation,Solar,2026-07-23T07:13:23Z
2026-07-23T07:11:55Z,2026-07-23T09:11:55+0200,db3f74e3-4f49-42d6-88b6-ea3283c50514,2026-07-22T09:00:00Z,2026-07-22T11:00:00+0200,34142.355,MW,DE,DE_LU,actual_solar_generation,Solar,2026-07-23T07:13:23Z
2026-07-23T07:11:55Z,2026-07-23T09:11:55+0200,db3f74e3-4f49-42d6-88b6-ea3283c50514,2026-07-22T09:15:00Z,2026-07-22T11:15:00+0200,34218.969,MW,DE,DE_LU,actual_solar_generation,Solar,2026-07-23T07:13:23Z
2026-07-23T07:11:55Z,2026-07-23T09:11:55+0200,db3f74e3-4f49-42d6-88b6-ea3283c50514,2026-07-22T09:30:00Z,2026-07-22T11:30:00+0200,34653.294,MW,DE,DE_LU,actual_solar_generation,Solar,2026-07-23T07:13:23Z
2026-07-23T07:11:55Z,2026-07-23T09:11:55+0200,db3f74e3-4f49-42d6-88b6-ea3283c50514,2026-07-22T09:45:00Z,2026-07-22T11:45:00+0200,35176.012,MW,DE,DE_LU,actual_solar_generation,Solar,2026-07-23T07:13:23Z
2026-07-23T07:11:55Z,2026-07-23T09:11:55+0200,db3f74e3-4f49-42d6-88b6-ea3283c50514,2026-07-22T10:00:00Z,2026-07-22T12:00:00+0200,35722.279,MW,DE,DE_LU,actual_solar_generation,Solar,2026-07-23T07:13:23Z
2026-07-23T07:11:55Z,2026-07-23T09:11:55+0200,db3f74e3-4f49-42d6-88b6-ea3283c50514,2026-07-22T10:15:00Z,2026-07-22T12:15:00+0200,36344.771,MW,DE,DE_LU,actual_solar_generation,Solar,2026-07-23T07:13:23Z
2026-07-23T07:11:55Z,2026-07-23T09:11:55+0200,db3f74e3-4f49-42d6-88b6-ea3283c50514,2026-07-22T10:30:00Z,2026-07-22T12:30:00+0200,36588.121,MW,DE,DE_LU,actual_solar_generation,Solar,2026-07-23T07:13:23Z
2026-07-23T07:11:55Z,2026-07-23T09:11:55+0200,db3f74e3-4f49-42d6-88b6-ea3283c50514,2026-07-22T10:45:00Z,2026-07-22T12:45:00+0200,36917.805,MW,DE,DE_LU,actual_solar_generation,Solar,2026-07-23T07:13:23Z
2026-07-23T07:11:55Z,2026-07-23T09:11:55+0200,db3f74e3-4f49-42d6-88b6-ea3283c50514,2026-07-22T11:00:00Z,2026-07-22T13:00:00+0200,37251.64,MW,DE,DE_LU,actual_solar_generation,Solar,2026-07-23T07:13:23Z
2026-07-23T07:11:55Z,2026-07-23T09:11:55+0200,db3f74e3-4f49-42d6-88b6-ea3283c50514,2026-07-22T11:15:00Z,2026-07-22T13:15:00+0200,37261.645,MW,DE,DE_LU,actual_solar_generation,Solar,2026-07-23T07:13:23Z
2026-07-23T07:11:55Z,2026-07-23T09:11:55+0200,db3f74e3-4f49-42d6-88b6-ea3283c50514,2026-07-22T11:30:00Z,2026-07-22T13:30:00+0200,36976.591,MW,DE,DE_LU,actual_solar_generation,Solar,2026-07-23T07:13:23Z
2026-07-23T07:11:55Z,2026-07-23T09:11:55+0200,db3f74e3-4f49-42d6-88b6-ea3283c50514,2026-07-22T11:45:00Z,2026-07-22T13:45:00+0200,36744.886,MW,DE,DE_LU,actual_solar_generation,Solar,2026-07-23T07:13:23Z
2026-07-23T07:11:55Z,2026-07-23T09:11:55+0200,db3f74e3-4f49-42d6-88b6-ea3283c50514,2026-07-22T12:00:00Z,2026-07-22T14:00:00+0200,36761.721,MW,DE,DE_LU,actual_solar_generation,Solar,2026-07-23T07:13:23Z
2026-07-23T07:11:55Z,2026-07-23T09:11:55+0200,db3f74e3-4f49-42d6-88b6-ea3283c50514,2026-07-22T12:15:00Z,2026-07-22T14:15:00+0200,36232.676,MW,DE,DE_LU,actual_solar_generation,Solar,2026-07-23T07:13:23Z
2026-07-23T07:11:55Z,2026-07-23T09:11:55+0200,db3f74e3-4f49-42d6-88b6-ea3283c50514,2026-07-22T12:30:00Z,2026-07-22T14:30:00+0200,35847.485,MW,DE,DE_LU,actual_solar_generation,Solar,2026-07-23T07:13:23Z
2026-07-23T07:11:55Z,2026-07-23T09:11:55+0200,db3f74e3-4f49-42d6-88b6-ea3283c50514,2026-07-22T12:45:00Z,2026-07-22T14:45:00+0200,35215.861,MW,DE,DE_LU,actual_solar_generation,Solar,2026-07-23T07:13:23Z
2026-07-23T07:11:55Z,2026-07-23T09:11:55+0200,db3f74e3-4f49-42d6-88b6-ea3283c50514,2026-07-22T13:00:00Z,2026-07-22T15:00:00+0200,34828.812,MW,DE,DE_LU,actual_solar_generation,Solar,2026-07-23T07:13:23Z
2026-07-23T07:11:55Z,2026-07-23T09:11:55+0200,db3f74e3-4f49-42d6-88b6-ea3283c50514,2026-07-22T13:15:00Z,2026-07-22T15:15:00+0200,33943.824,MW,DE,DE_LU,actual_solar_generation,Solar,2026-07-23T07:13:23Z
2026-07-23T07:11:55Z,2026-07-23T09:11:55+0200,db3f74e3-4f49-42d6-88b6-ea3283c50514,2026-07-22T13:30:00Z,2026-07-22T15:30:00+0200,32950.831,MW,DE,DE_LU,actual_solar_generation,Solar,2026-07-23T07:13:23Z
2026-07-23T07:11:55Z,2026-07-23T09:11:55+0200,db3f74e3-4f49-42d6-88b6-ea3283c50514,2026-07-22T13:45:00Z,2026-07-22T15:45:00+0200,31832.485,MW,DE,DE_LU,actual_solar_generation,Solar,2026-07-23T07:13:23Z
2026-07-23T07:11:55Z,2026-07-23T09:11:55+0200,db3f74e3-4f49-42d6-88b6-ea3283c50514,2026-07-22T14:00:00Z,2026-07-22T16:00:00+0200,31275.248,MW,DE,DE_LU,actual_solar_generation,Solar,2026-07-23T07:13:23Z
2026-07-23T07:11:55Z,2026-07-23T09:11:55+0200,db3f74e3-4f49-42d6-88b6-ea3283c50514,2026-07-22T14:15:00Z,2026-07-22T16:15:00+0200,29971.722,MW,DE,DE_LU,actual_solar_generation,Solar,2026-07-23T07:13:23Z
2026-07-23T07:11:55Z,2026-07-23T09:11:55+0200,db3f74e3-4f49-42d6-88b6-ea3283c50514,2026-07-22T14:30:00Z,2026-07-22T16:30:00+0200,28249.588,MW,DE,DE_LU,actual_solar_generation,Solar,2026-07-23T07:13:23Z
2026-07-23T07:11:55Z,2026-07-23T09:11:55+0200,db3f74e3-4f49-42d6-88b6-ea3283c50514,2026-07-22T14:45:00Z,2026-07-22T16:45:00+0200,26736.105,MW,DE,DE_LU,actual_solar_generation,Solar,2026-07-23T07:13:23Z
2026-07-23T07:11:55Z,2026-07-23T09:11:55+0200,db3f74e3-4f49-42d6-88b6-ea3283c50514,2026-07-22T15:00:00Z,2026-07-22T17:00:00+0200,25251.266,MW,DE,DE_LU,actual_solar_generation,Solar,2026-07-23T07:13:23Z
2026-07-23T07:11:55Z,2026-07-23T09:11:55+0200,db3f74e3-4f49-42d6-88b6-ea3283c50514,2026-07-22T15:15:00Z,2026-07-22T17:15:00+0200,23316.993,MW,DE,DE_LU,actual_solar_generation,Solar,2026-07-23T07:13:23Z
2026-07-23T07:11:55Z,2026-07-23T09:11:55+0200,db3f74e3-4f49-42d6-88b6-ea3283c50514,2026-07-22T15:30:00Z,2026-07-22T17:30:00+0200,21911.834,MW,DE,DE_LU,actual_solar_generation,Solar,2026-07-23T07:13:23Z
2026-07-23T07:11:55Z,2026-07-23T09:11:55+0200,db3f74e3-4f49-42d6-88b6-ea3283c50514,2026-07-22T15:45:00Z,2026-07-22T17:45:00+0200,19746.137,MW,DE,DE_LU,actual_solar_generation,Solar,2026-07-23T07:13:23Z
2026-07-23T07:11:55Z,2026-07-23T09:11:55+0200,db3f74e3-4f49-42d6-88b6-ea3283c50514,2026-07-22T16:00:00Z,2026-07-22T18:00:00+0200,17870.509,MW,DE,DE_LU,actual_solar_generation,Solar,2026-07-23T07:13:23Z
2026-07-23T07:11:55Z,2026-07-23T09:11:55+0200,db3f74e3-4f49-42d6-88b6-ea3283c50514,2026-07-22T16:15:00Z,2026-07-22T18:15:00+0200,15927.296,MW,DE,DE_LU,actual_solar_generation,Solar,2026-07-23T07:13:23Z
2026-07-23T07:11:55Z,2026-07-23T09:11:55+0200,db3f74e3-4f49-42d6-88b6-ea3283c50514,2026-07-22T16:30:00Z,2026-07-22T18:30:00+0200,13800.557,MW,DE,DE_LU,actual_solar_generation,Solar,2026-07-23T07:13:23Z
2026-07-23T07:11:55Z,2026-07-23T09:11:55+0200,db3f74e3-4f49-42d6-88b6-ea3283c50514,2026-07-22T16:45:00Z,2026-07-22T18:45:00+0200,11769.343,MW,DE,DE_LU,actual_solar_generation,Solar,2026-07-23T07:13:23Z
2026-07-23T07:11:55Z,2026-07-23T09:11:55+0200,db3f74e3-4f49-42d6-88b6-ea3283c50514,2026-07-22T17:00:00Z,2026-07-22T19:00:00+0200,9788.029,MW,DE,DE_LU,actual_solar_generation,Solar,2026-07-23T07:13:23Z
2026-07-23T07:11:55Z,2026-07-23T09:11:55+0200,db3f74e3-4f49-42d6-88b6-ea3283c50514,2026-07-22T17:15:00Z,2026-07-22T19:15:00+0200,7870.054,MW,DE,DE_LU,actual_solar_generation,Solar,2026-07-23T07:13:23Z
2026-07-23T07:11:55Z,2026-07-23T09:11:55+0200,db3f74e3-4f49-42d6-88b6-ea3283c50514,2026-07-22T17:30:00Z,2026-07-22T19:30:00+0200,6015.7,MW,DE,DE_LU,actual_solar_generation,Solar,2026-07-23T07:13:23Z
2026-07-23T07:11:55Z,2026-07-23T09:11:55+0200,db3f74e3-4f49-42d6-88b6-ea3283c50514,2026-07-22T17:45:00Z,2026-07-22T19:45:00+0200,4350.152,MW,DE,DE_LU,actual_solar_generation,Solar,2026-07-23T07:13:23Z
2026-07-23T07:11:55Z,2026-07-23T09:11:55+0200,db3f74e3-4f49-42d6-88b6-ea3283c50514,2026-07-22T18:00:00Z,2026-07-22T20:00:00+0200,3047.226,MW,DE,DE_LU,actual_solar_generation,Solar,2026-07-23T07:13:23Z
2026-07-23T07:11:55Z,2026-07-23T09:11:55+0200,db3f74e3-4f49-42d6-88b6-ea3283c50514,2026-07-22T18:15:00Z,2026-07-22T20:15:00+0200,1969.714,MW,DE,DE_LU,actual_solar_generation,Solar,2026-07-23T07:13:23Z
2026-07-23T07:11:55Z,2026-07-23T09:11:55+0200,db3f74e3-4f49-42d6-88b6-ea3283c50514,2026-07-22T18:30:00Z,2026-07-22T20:30:00+0200,1112.996,MW,DE,DE_LU,actual_solar_generation,Solar,2026-07-23T07:13:23Z
2026-07-23T07:11:55Z,2026-07-23T09:11:55+0200,db3f74e3-4f49-42d6-88b6-ea3283c50514,2026-07-22T18:45:00Z,2026-07-22T20:45:00+0200,502.439,MW,DE,DE_LU,actual_solar_generation,Solar,2026-07-23T07:13:23Z
2026-07-23T07:11:55Z,2026-07-23T09:11:55+0200,db3f74e3-4f49-42d6-88b6-ea3283c50514,2026-07-22T19:00:00Z,2026-07-22T21:00:00+0200,168.013,MW,DE,DE_LU,actual_solar_generation,Solar,2026-07-23T07:13:23Z
2026-07-23T07:11:55Z,2026-07-23T09:11:55+0200,db3f74e3-4f49-42d6-88b6-ea3283c50514,2026-07-22T19:15:00Z,2026-07-22T21:15:00+0200,40.411,MW,DE,DE_LU,actual_solar_generation,Solar,2026-07-23T07:13:23Z
2026-07-23T07:11:55Z,2026-07-23T09:11:55+0200,db3f74e3-4f49-42d6-88b6-ea3283c50514,2026-07-22T19:30:00Z,2026-07-22T21:30:00+0200,4.534,MW,DE,DE_LU,actual_solar_generation,Solar,2026-07-23T07:13:23Z
2026-07-23T07:11:55Z,2026-07-23T09:11:55+0200,db3f74e3-4f49-42d6-88b6-ea3283c50514,2026-07-22T19:45:00Z,2026-07-22T21:45:00+0200,1.206,MW,DE,DE_LU,actual_solar_generation,Solar,2026-07-23T07:13:23Z
2026-07-23T07:11:55Z,2026-07-23T09:11:55+0200,db3f74e3-4f49-42d6-88b6-ea3283c50514,2026-07-22T20:00:00Z,2026-07-22T22:00:00+0200,0.032,MW,DE,DE_LU,actual_solar_generation,Solar,2026-07-23T07:13:23Z
2026-07-23T07:11:55Z,2026-07-23T09:11:55+0200,db3f74e3-4f49-42d6-88b6-ea3283c50514,2026-07-22T20:15:00Z,2026-07-22T22:15:00+0200,0.0,MW,DE,DE_LU,actual_solar_generation,Solar,2026-07-23T07:13:23Z
2026-07-23T07:11:55Z,2026-07-23T09:11:55+0200,db3f74e3-4f49-42d6-88b6-ea3283c50514,2026-07-22T20:30:00Z,2026-07-22T22:30:00+0200,0.0,MW,DE,DE_LU,actual_solar_generation,Solar,2026-07-23T07:13:23Z
2026-07-23T07:11:55Z,2026-07-23T09:11:55+0200,db3f74e3-4f49-42d6-88b6-ea3283c50514,2026-07-22T20:45:00Z,2026-07-22T22:45:00+0200,0.0,MW,DE,DE_LU,actual_solar_generation,Solar,2026-07-23T07:13:23Z
2026-07-23T07:11:55Z,2026-07-23T09:11:55+0200,db3f74e3-4f49-42d6-88b6-ea3283c50514,2026-07-22T21:00:00Z,2026-07-22T23:00:00+0200,0.0,MW,DE,DE_LU,actual_solar_generation,Solar,2026-07-23T07:13:23Z
2026-07-23T07:11:55Z,2026-07-23T09:11:55+0200,db3f74e3-4f49-42d6-88b6-ea3283c50514,2026-07-22T21:15:00Z,2026-07-22T23:15:00+0200,0.0,MW,DE,DE_LU,actual_solar_generation,Solar,2026-07-23T07:13:23Z
2026-07-23T07:11:55Z,2026-07-23T09:11:55+0200,db3f74e3-4f49-42d6-88b6-ea3283c50514,2026-07-22T21:30:00Z,2026-07-22T23:30:00+0200,0.0,MW,DE,DE_LU,actual_solar_generation,Solar,2026-07-23T07:13:23Z
2026-07-23T07:11:55Z,2026-07-23T09:11:55+0200,db3f74e3-4f49-42d6-88b6-ea3283c50514,2026-07-22T21:45:00Z,2026-07-22T23:45:00+0200,0.001,MW,DE,DE_LU,actual_solar_generation,Solar,2026-07-23T07:13:23Z
2026-07-23T07:11:55Z,2026-07-23T09:11:55+0200,db3f74e3-4f49-42d6-88b6-ea3283c50514,2026-07-22T22:00:00Z,2026-07-23T00:00:00+0200,0.0,MW,DE,DE_LU,actual_solar_generation,Solar,2026-07-23T07:13:23Z
2026-07-23T07:11:55Z,2026-07-23T09:11:55+0200,db3f74e3-4f49-42d6-88b6-ea3283c50514,2026-07-22T22:15:00Z,2026-07-23T00:15:00+0200,0.0,MW,DE,DE_LU,actual_solar_generation,Solar,2026-07-23T07:13:23Z
2026-07-23T07:11:55Z,2026-07-23T09:11:55+0200,db3f74e3-4f49-42d6-88b6-ea3283c50514,2026-07-22T22:30:00Z,2026-07-23T00:30:00+0200,0.0,MW,DE,DE_LU,actual_solar_generation,Solar,2026-07-23T07:13:23Z
2026-07-23T07:11:55Z,2026-07-23T09:11:55+0200,db3f74e3-4f49-42d6-88b6-ea3283c50514,2026-07-22T22:45:00Z,2026-07-23T00:45:00+0200,0.0,MW,DE,DE_LU,actual_solar_generation,Solar,2026-07-23T07:13:23Z
2026-07-23T07:11:55Z,2026-07-23T09:11:55+0200,db3f74e3-4f49-42d6-88b6-ea3283c50514,2026-07-22T23:00:00Z,2026-07-23T01:00:00+0200,0.0,MW,DE,DE_LU,actual_solar_generation,Solar,2026-07-23T07:13:23Z
2026-07-23T07:11:55Z,2026-07-23T09:11:55+0200,db3f74e3-4f49-42d6-88b6-ea3283c50514,2026-07-22T23:15:00Z,2026-07-23T01:15:00+0200,0.0,MW,DE,DE_LU,actual_solar_generation,Solar,2026-07-23T07:13:23Z
2026-07-23T07:11:55Z,2026-07-23T09:11:55+0200,db3f74e3-4f49-42d6-88b6-ea3283c50514,2026-07-22T23:30:00Z,2026-07-23T01:30:00+0200,0.003,MW,DE,DE_LU,actual_solar_generation,Solar,2026-07-23T07:13:23Z
2026-07-23T07:11:55Z,2026-07-23T09:11:55+0200,db3f74e3-4f49-42d6-88b6-ea3283c50514,2026-07-22T23:45:00Z,2026-07-23T01:45:00+0200,0.0,MW,DE,DE_LU,actual_solar_generation,Solar,2026-07-23T07:13:23Z
2026-07-23T07:11:55Z,2026-07-23T09:11:55+0200,db3f74e3-4f49-42d6-88b6-ea3283c50514,2026-07-23T00:00:00Z,2026-07-23T02:00:00+0200,0.0,MW,DE,DE_LU,actual_solar_generation,Solar,2026-07-23T07:13:23Z
2026-07-23T07:11:55Z,2026-07-23T09:11:55+0200,db3f74e3-4f49-42d6-88b6-ea3283c50514,2026-07-23T00:15:00Z,2026-07-23T02:15:00+0200,0.0,MW,DE,DE_LU,actual_solar_generation,Solar,2026-07-23T07:13:23Z
2026-07-23T07:11:55Z,2026-07-23T09:11:55+0200,db3f74e3-4f49-42d6-88b6-ea3283c50514,2026-07-23T00:30:00Z,2026-07-23T02:30:00+0200,0.0,MW,DE,DE_LU,actual_solar_generation,Solar,2026-07-23T07:13:23Z
2026-07-23T07:11:55Z,2026-07-23T09:11:55+0200,db3f74e3-4f49-42d6-88b6-ea3283c50514,2026-07-23T00:45:00Z,2026-07-23T02:45:00+0200,0.0,MW,DE,DE_LU,actual_solar_generation,Solar,2026-07-23T07:13:23Z
2026-07-23T07:11:55Z,2026-07-23T09:11:55+0200,db3f74e3-4f49-42d6-88b6-ea3283c50514,2026-07-23T01:00:00Z,2026-07-23T03:00:00+0200,0.0,MW,DE,DE_LU,actual_solar_generation,Solar,2026-07-23T07:13:23Z
2026-07-23T07:11:55Z,2026-07-23T09:11:55+0200,db3f74e3-4f49-42d6-88b6-ea3283c50514,2026-07-23T01:15:00Z,2026-07-23T03:15:00+0200,0.004,MW,DE,DE_LU,actual_solar_generation,Solar,2026-07-23T07:13:23Z
2026-07-23T07:11:55Z,2026-07-23T09:11:55+0200,db3f74e3-4f49-42d6-88b6-ea3283c50514,2026-07-23T01:30:00Z,2026-07-23T03:30:00+0200,0.004,MW,DE,DE_LU,actual_solar_generation,Solar,2026-07-23T07:13:23Z
2026-07-23T07:11:55Z,2026-07-23T09:11:55+0200,db3f74e3-4f49-42d6-88b6-ea3283c50514,2026-07-23T01:45:00Z,2026-07-23T03:45:00+0200,0.0,MW,DE,DE_LU,actual_solar_generation,Solar,2026-07-23T07:13:23Z
2026-07-23T07:11:55Z,2026-07-23T09:11:55+0200,db3f74e3-4f49-42d6-88b6-ea3283c50514,2026-07-23T02:00:00Z,2026-07-23T04:00:00+0200,0.0,MW,DE,DE_LU,actual_solar_generation,Solar,2026-07-23T07:13:23Z
2026-07-23T07:11:55Z,2026-07-23T09:11:55+0200,db3f74e3-4f49-42d6-88b6-ea3283c50514,2026-07-23T02:15:00Z,2026-07-23T04:15:00+0200,0.0,MW,DE,DE_LU,actual_solar_generation,Solar,2026-07-23T07:13:23Z
2026-07-23T07:11:55Z,2026-07-23T09:11:55+0200,db3f74e3-4f49-42d6-88b6-ea3283c50514,2026-07-23T02:30:00Z,2026-07-23T04:30:00+0200,0.0,MW,DE,DE_LU,actual_solar_generation,Solar,2026-07-23T07:13:23Z
2026-07-23T07:11:55Z,2026-07-23T09:11:55+0200,db3f74e3-4f49-42d6-88b6-ea3283c50514,2026-07-23T02:45:00Z,2026-07-23T04:45:00+0200,0.03,MW,DE,DE_LU,actual_solar_generation,Solar,2026-07-23T07:13:23Z
2026-07-23T07:11:55Z,2026-07-23T09:11:55+0200,db3f74e3-4f49-42d6-88b6-ea3283c50514,2026-07-23T03:00:00Z,2026-07-23T05:00:00+0200,1.081,MW,DE,DE_LU,actual_solar_generation,Solar,2026-07-23T07:13:23Z
2026-07-23T07:11:55Z,2026-07-23T09:11:55+0200,db3f74e3-4f49-42d6-88b6-ea3283c50514,2026-07-23T03:15:00Z,2026-07-23T05:15:00+0200,8.81,MW,DE,DE_LU,actual_solar_generation,Solar,2026-07-23T07:13:23Z
2026-07-23T07:11:55Z,2026-07-23T09:11:55+0200,db3f74e3-4f49-42d6-88b6-ea3283c50514,2026-07-23T03:30:00Z,2026-07-23T05:30:00+0200,63.935,MW,DE,DE_LU,actual_solar_generation,Solar,2026-07-23T07:13:23Z
2026-07-23T07:11:55Z,2026-07-23T09:11:55+0200,db3f74e3-4f49-42d6-88b6-ea3283c50514,2026-07-23T03:45:00Z,2026-07-23T05:45:00+0200,320.58,MW,DE,DE_LU,actual_solar_generation,Solar,2026-07-23T07:13:23Z
2026-07-23T07:11:55Z,2026-07-23T09:11:55+0200,db3f74e3-4f49-42d6-88b6-ea3283c50514,2026-07-23T04:00:00Z,2026-07-23T06:00:00+0200,887.307,MW,DE,DE_LU,actual_solar_generation,Solar,2026-07-23T07:13:23Z
2026-07-23T07:11:55Z,2026-07-23T09:11:55+0200,db3f74e3-4f49-42d6-88b6-ea3283c50514,2026-07-23T04:15:00Z,2026-07-23T06:15:00+0200,1627.141,MW,DE,DE_LU,actual_solar_generation,Solar,2026-07-23T07:13:23Z
2026-07-23T07:11:55Z,2026-07-23T09:11:55+0200,db3f74e3-4f49-42d6-88b6-ea3283c50514,2026-07-23T04:30:00Z,2026-07-23T06:30:00+0200,2545.417,MW,DE,DE_LU,actual_solar_generation,Solar,2026-07-23T07:13:23Z
2026-07-23T07:11:55Z,2026-07-23T09:11:55+0200,db3f74e3-4f49-42d6-88b6-ea3283c50514,2026-07-23T04:45:00Z,2026-07-23T06:45:00+0200,3672.786,MW,DE,DE_LU,actual_solar_generation,Solar,2026-07-23T07:13:23Z
2026-07-23T07:11:55Z,2026-07-23T09:11:55+0200,db3f74e3-4f49-42d6-88b6-ea3283c50514,2026-07-23T05:00:00Z,2026-07-23T07:00:00+0200,4993.156,MW,DE,DE_LU,actual_solar_generation,Solar,2026-07-23T07:13:23Z
2026-07-23T07:11:55Z,2026-07-23T09:11:55+0200,db3f74e3-4f49-42d6-88b6-ea3283c50514,2026-07-23T05:15:00Z,2026-07-23T07:15:00+0200,6467.702,MW,DE,DE_LU,actual_solar_generation,Solar,2026-07-23T07:13:23Z
2026-07-23T07:11:55Z,2026-07-23T09:11:55+0200,db3f74e3-4f49-42d6-88b6-ea3283c50514,2026-07-23T05:30:00Z,2026-07-23T07:30:00+0200,8100.386,MW,DE,DE_LU,actual_solar_generation,Solar,2026-07-23T07:13:23Z
2026-07-23T07:11:55Z,2026-07-23T09:11:55+0200,db3f74e3-4f49-42d6-88b6-ea3283c50514,2026-07-23T05:45:00Z,2026-07-23T07:45:00+0200,9829.492,MW,DE,DE_LU,actual_solar_generation,Solar,2026-07-23T07:13:23Z
2026-07-23T07:11:55Z,2026-07-23T09:11:55+0200,db3f74e3-4f49-42d6-88b6-ea3283c50514,2026-07-23T06:00:00Z,2026-07-23T08:00:00+0200,11556.145,MW,DE,DE_LU,actual_solar_generation,Solar,2026-07-23T07:13:23Z
2026-07-23T07:11:55Z,2026-07-23T09:11:55+0200,db3f74e3-4f49-42d6-88b6-ea3283c50514,2026-07-23T06:15:00Z,2026-07-23T08:15:00+0200,13322.477,MW,DE,DE_LU,actual_solar_generation,Solar,2026-07-23T07:13:23Z
2026-07-23T07:11:55Z,2026-07-23T09:11:55+0200,db3f74e3-4f49-42d6-88b6-ea3283c50514,2026-07-23T06:30:00Z,2026-07-23T08:30:00+0200,15590.534,MW,DE,DE_LU,actual_solar_generation,Solar,2026-07-23T07:13:23Z
