collection_time_utc,collection_time_local,run_id,timestamp_utc,timestamp_local,value,unit,country,entsoe_area,variable,source,updated_at_utc
2026-09-04T05:42:20Z,2026-09-04T07:42:20+0200,6bcc2458-d8ca-4b45-a21e-3b99293d3a28,2026-08-28T06:00:00Z,2026-08-28T08:00:00+0200,4287.79,MW,FR,FR,actual_onshore_wind_generation,Wind Onshore,2026-09-04T05:43:20Z
2026-09-04T05:42:20Z,2026-09-04T07:42:20+0200,6bcc2458-d8ca-4b45-a21e-3b99293d3a28,2026-08-28T06:15:00Z,2026-08-28T08:15:00+0200,4424.95,MW,FR,FR,actual_onshore_wind_generation,Wind Onshore,2026-09-04T05:43:20Z
2026-09-04T05:42:20Z,2026-09-04T07:42:20+0200,6bcc2458-d8ca-4b45-a21e-3b99293d3a28,2026-08-28T06:30:00Z,2026-08-28T08:30:00+0200,4486.16,MW,FR,FR,actual_onshore_wind_generation,Wind Onshore,2026-09-04T05:43:20Z
2026-09-04T05:42:20Z,2026-09-04T07:42:20+0200,6bcc2458-d8ca-4b45-a21e-3b99293d3a28,2026-08-28T06:45:00Z,2026-08-28T08:45:00+0200,4524.01,MW,FR,FR,actual_onshore_wind_generation,Wind Onshore,2026-09-04T05:43:20Z
2026-09-04T05:42:20Z,2026-09-04T07:42:20+0200,6bcc2458-d8ca-4b45-a21e-3b99293d3a28,2026-08-28T07:00:00Z,2026-08-28T09:00:00+0200,4776.96,MW,FR,FR,actual_onshore_wind_generation,Wind Onshore,2026-09-04T05:43:20Z
2026-09-04T05:42:20Z,2026-09-04T07:42:20+0200,6bcc2458-d8ca-4b45-a21e-3b99293d3a28,2026-08-28T07:15:00Z,2026-08-28T09:15:00+0200,4833.56,MW,FR,FR,actual_onshore_wind_generation,Wind Onshore,2026-09-04T05:43:20Z
2026-09-04T05:42:20Z,2026-09-04T07:42:20+0200,6bcc2458-d8ca-4b45-a21e-3b99293d3a28,2026-08-28T07:30:00Z,2026-08-28T09:30:00+0200,5152.32,MW,FR,FR,actual_onshore_wind_generation,Wind Onshore,2026-09-04T05:43:20Z
2026-09-04T05:42:20Z,2026-09-04T07:42:20+0200,6bcc2458-d8ca-4b45-a21e-3b99293d3a28,2026-08-28T07:45:00Z,2026-08-28T09:45:00+0200,5591.27,MW,FR,FR,actual_onshore_wind_generation,Wind Onshore,2026-09-04T05:43:20Z
2026-09-04T05:42:20Z,2026-09-04T07:42:20+0200,6bcc2458-d8ca-4b45-a21e-3b99293d3a28,2026-08-28T08:00:00Z,2026-08-28T10:00:00+0200,5649.13,MW,FR,FR,actual_onshore_wind_generation,Wind Onshore,2026-09-04T05:43:20Z
2026-09-04T05:42:20Z,2026-09-04T07:42:20+0200,6bcc2458-d8ca-4b45-a21e-3b99293d3a28,2026-08-28T08:15:00Z,2026-08-28T10:15:00+0200,5497.32,MW,FR,FR,actual_onshore_wind_generation,Wind Onshore,2026-09-04T05:43:20Z
2026-09-04T05:42:20Z,2026-09-04T07:42:20+0200,6bcc2458-d8ca-4b45-a21e-3b99293d3a28,2026-08-28T08:30:00Z,2026-08-28T10:30:00+0200,5847.15,MW,FR,FR,actual_onshore_wind_generation,Wind Onshore,2026-09-04T05:43:20Z
2026-09-04T05:42:20Z,2026-09-04T07:42:20+0200,6bcc2458-d8ca-4b45-a21e-3b99293d3a28,2026-08-28T08:45:00Z,2026-08-28T10:45:00+0200,6216.76,MW,FR,FR,actual_onshore_wind_generation,Wind Onshore,2026-09-04T05:43:20Z
2026-09-04T05:42:20Z,2026-09-04T07:42:20+0200,6bcc2458-d8ca-4b45-a21e-3b99293d3a28,2026-08-28T09:00:00Z,2026-08-28T11:00:00+0200,6137.98,MW,FR,FR,actual_onshore_wind_generation,Wind Onshore,2026-09-04T05:43:20Z
2026-09-04T05:42:20Z,2026-09-04T07:42:20+0200,6bcc2458-d8ca-4b45-a21e-3b99293d3a28,2026-08-28T09:15:00Z,2026-08-28T11:15:00+0200,5844.68,MW,FR,FR,actual_onshore_wind_generation,Wind Onshore,2026-09-04T05:43:20Z
2026-09-04T05:42:20Z,2026-09-04T07:42:20+0200,6bcc2458-d8ca-4b45-a21e-3b99293d3a28,2026-08-28T09:30:00Z,2026-08-28T11:30:00+0200,5908.78,MW,FR,FR,actual_onshore_wind_generation,Wind Onshore,2026-09-04T05:43:20Z
2026-09-04T05:42:20Z,2026-09-04T07:42:20+0200,6bcc2458-d8ca-4b45-a21e-3b99293d3a28,2026-08-28T09:45:00Z,2026-08-28T11:45:00+0200,6321.41,MW,FR,FR,actual_onshore_wind_generation,Wind Onshore,2026-09-04T05:43:20Z
2026-09-04T05:42:20Z,2026-09-04T07:42:20+0200,6bcc2458-d8ca-4b45-a21e-3b99293d3a28,2026-08-28T10:00:00Z,2026-08-28T12:00:00+0200,6848.46,MW,FR,FR,actual_onshore_wind_generation,Wind Onshore,2026-09-04T05:43:20Z
2026-09-04T05:42:20Z,2026-09-04T07:42:20+0200,6bcc2458-d8ca-4b45-a21e-3b99293d3a28,2026-08-28T10:15:00Z,2026-08-28T12:15:00+0200,7370.98,MW,FR,FR,actual_onshore_wind_generation,Wind Onshore,2026-09-04T05:43:20Z
2026-09-04T05:42:20Z,2026-09-04T07:42:20+0200,6bcc2458-d8ca-4b45-a21e-3b99293d3a28,2026-08-28T10:30:00Z,2026-08-28T12:30:00+0200,7680.2,MW,FR,FR,actual_onshore_wind_generation,Wind Onshore,2026-09-04T05:43:20Z
2026-09-04T05:42:20Z,2026-09-04T07:42:20+0200,6bcc2458-d8ca-4b45-a21e-3b99293d3a28,2026-08-28T10:45:00Z,2026-08-28T12:45:00+0200,7902.72,MW,FR,FR,actual_onshore_wind_generation,Wind Onshore,2026-09-04T05:43:20Z
2026-09-04T05:42:20Z,2026-09-04T07:42:20+0200,6bcc2458-d8ca-4b45-a21e-3b99293d3a28,2026-08-28T11:00:00Z,2026-08-28T13:00:00+0200,8127.3,MW,FR,FR,actual_onshore_wind_generation,Wind Onshore,2026-09-04T05:43:20Z
2026-09-04T05:42:20Z,2026-09-04T07:42:20+0200,6bcc2458-d8ca-4b45-a21e-3b99293d3a28,2026-08-28T11:15:00Z,2026-08-28T13:15:00+0200,8490.45,MW,FR,FR,actual_onshore_wind_generation,Wind Onshore,2026-09-04T05:43:20Z
2026-09-04T05:42:20Z,2026-09-04T07:42:20+0200,6bcc2458-d8ca-4b45-a21e-3b99293d3a28,2026-08-28T11:30:00Z,2026-08-28T13:30:00+0200,8499.56,MW,FR,FR,actual_onshore_wind_generation,Wind Onshore,2026-09-04T05:43:20Z
2026-09-04T05:42:20Z,2026-09-04T07:42:20+0200,6bcc2458-d8ca-4b45-a21e-3b99293d3a28,2026-08-28T11:45:00Z,2026-08-28T13:45:00+0200,8870.73,MW,FR,FR,actual_onshore_wind_generation,Wind Onshore,2026-09-04T05:43:20Z
2026-09-04T05:42:20Z,2026-09-04T07:42:20+0200,6bcc2458-d8ca-4b45-a21e-3b99293d3a28,2026-08-28T12:00:00Z,2026-08-28T14:00:00+0200,9130.25,MW,FR,FR,actual_onshore_wind_generation,Wind Onshore,2026-09-04T05:43:20Z
2026-09-04T05:42:20Z,2026-09-04T07:42:20+0200,6bcc2458-d8ca-4b45-a21e-3b99293d3a28,2026-08-28T12:15:00Z,2026-08-28T14:15:00+0200,9121.63,MW,FR,FR,actual_onshore_wind_generation,Wind Onshore,2026-09-04T05:43:20Z
2026-09-04T05:42:20Z,2026-09-04T07:42:20+0200,6bcc2458-d8ca-4b45-a21e-3b99293d3a28,2026-08-28T12:30:00Z,2026-08-28T14:30:00+0200,9061.06,MW,FR,FR,actual_onshore_wind_generation,Wind Onshore,2026-09-04T05:43:20Z
2026-09-04T05:42:20Z,2026-09-04T07:42:20+0200,6bcc2458-d8ca-4b45-a21e-3b99293d3a28,2026-08-28T12:45:00Z,2026-08-28T14:45:00+0200,9150.45,MW,FR,FR,actual_onshore_wind_generation,Wind Onshore,2026-09-04T05:43:20Z
2026-09-04T05:42:20Z,2026-09-04T07:42:20+0200,6bcc2458-d8ca-4b45-a21e-3b99293d3a28,2026-08-28T13:00:00Z,2026-08-28T15:00:00+0200,9424.11,MW,FR,FR,actual_onshore_wind_generation,Wind Onshore,2026-09-04T05:43:20Z
2026-09-04T05:42:20Z,2026-09-04T07:42:20+0200,6bcc2458-d8ca-4b45-a21e-3b99293d3a28,2026-08-28T13:15:00Z,2026-08-28T15:15:00+0200,9577.96,MW,FR,FR,actual_onshore_wind_generation,Wind Onshore,2026-09-04T05:43:20Z
2026-09-04T05:42:20Z,2026-09-04T07:42:20+0200,6bcc2458-d8ca-4b45-a21e-3b99293d3a28,2026-08-28T13:30:00Z,2026-08-28T15:30:00+0200,9867.64,MW,FR,FR,actual_onshore_wind_generation,Wind Onshore,2026-09-04T05:43:20Z
2026-09-04T05:42:20Z,2026-09-04T07:42:20+0200,6bcc2458-d8ca-4b45-a21e-3b99293d3a28,2026-08-28T13:45:00Z,2026-08-28T15:45:00+0200,10068.63,MW,FR,FR,actual_onshore_wind_generation,Wind Onshore,2026-09-04T05:43:20Z
2026-09-04T05:42:20Z,2026-09-04T07:42:20+0200,6bcc2458-d8ca-4b45-a21e-3b99293d3a28,2026-08-28T14:00:00Z,2026-08-28T16:00:00+0200,9921.54,MW,FR,FR,actual_onshore_wind_generation,Wind Onshore,2026-09-04T05:43:20Z
2026-09-04T05:42:20Z,2026-09-04T07:42:20+0200,6bcc2458-d8ca-4b45-a21e-3b99293d3a28,2026-08-28T14:15:00Z,2026-08-28T16:15:00+0200,9494.46,MW,FR,FR,actual_onshore_wind_generation,Wind Onshore,2026-09-04T05:43:20Z
2026-09-04T05:42:20Z,2026-09-04T07:42:20+0200,6bcc2458-d8ca-4b45-a21e-3b99293d3a28,2026-08-28T14:30:00Z,2026-08-28T16:30:00+0200,8804.19,MW,FR,FR,actual_onshore_wind_generation,Wind Onshore,2026-09-04T05:43:20Z
2026-09-04T05:42:20Z,2026-09-04T07:42:20+0200,6bcc2458-d8ca-4b45-a21e-3b99293d3a28,2026-08-28T14:45:00Z,2026-08-28T16:45:00+0200,8804.49,MW,FR,FR,actual_onshore_wind_generation,Wind Onshore,2026-09-04T05:43:20Z
2026-09-04T05:42:20Z,2026-09-04T07:42:20+0200,6bcc2458-d8ca-4b45-a21e-3b99293d3a28,2026-08-28T15:00:00Z,2026-08-28T17:00:00+0200,8896.65,MW,FR,FR,actual_onshore_wind_generation,Wind Onshore,2026-09-04T05:43:20Z
2026-09-04T05:42:20Z,2026-09-04T07:42:20+0200,6bcc2458-d8ca-4b45-a21e-3b99293d3a28,2026-08-28T15:15:00Z,2026-08-28T17:15:00+0200,8725.76,MW,FR,FR,actual_onshore_wind_generation,Wind Onshore,2026-09-04T05:43:20Z
2026-09-04T05:42:20Z,2026-09-04T07:42:20+0200,6bcc2458-d8ca-4b45-a21e-3b99293d3a28,2026-08-28T15:30:00Z,2026-08-28T17:30:00+0200,8704.1,MW,FR,FR,actual_onshore_wind_generation,Wind Onshore,2026-09-04T05:43:20Z
2026-09-04T05:42:20Z,2026-09-04T07:42:20+0200,6bcc2458-d8ca-4b45-a21e-3b99293d3a28,2026-08-28T15:45:00Z,2026-08-28T17:45:00+0200,8844.42,MW,FR,FR,actual_onshore_wind_generation,Wind Onshore,2026-09-04T05:43:20Z
2026-09-04T05:42:20Z,2026-09-04T07:42:20+0200,6bcc2458-d8ca-4b45-a21e-3b99293d3a28,2026-08-28T16:00:00Z,2026-08-28T18:00:00+0200,8859.84,MW,FR,FR,actual_onshore_wind_generation,Wind Onshore,2026-09-04T05:43:20Z
2026-09-04T05:42:20Z,2026-09-04T07:42:20+0200,6bcc2458-d8ca-4b45-a21e-3b99293d3a28,2026-08-28T16:15:00Z,2026-08-28T18:15:00+0200,8694.1,MW,FR,FR,actual_onshore_wind_generation,Wind Onshore,2026-09-04T05:43:20Z
2026-09-04T05:42:20Z,2026-09-04T07:42:20+0200,6bcc2458-d8ca-4b45-a21e-3b99293d3a28,2026-08-28T16:30:00Z,2026-08-28T18:30:00+0200,8362.05,MW,FR,FR,actual_onshore_wind_generation,Wind Onshore,2026-09-04T05:43:20Z
2026-09-04T05:42:20Z,2026-09-04T07:42:20+0200,6bcc2458-d8ca-4b45-a21e-3b99293d3a28,2026-08-28T16:45:00Z,2026-08-28T18:45:00+0200,8082.89,MW,FR,FR,actual_onshore_wind_generation,Wind Onshore,2026-09-04T05:43:20Z
2026-09-04T05:42:20Z,2026-09-04T07:42:20+0200,6bcc2458-d8ca-4b45-a21e-3b99293d3a28,2026-08-28T17:00:00Z,2026-08-28T19:00:00+0200,7632.87,MW,FR,FR,actual_onshore_wind_generation,Wind Onshore,2026-09-04T05:43:20Z
2026-09-04T05:42:20Z,2026-09-04T07:42:20+0200,6bcc2458-d8ca-4b45-a21e-3b99293d3a28,2026-08-28T17:15:00Z,2026-08-28T19:15:00+0200,7136.76,MW,FR,FR,actual_onshore_wind_generation,Wind Onshore,2026-09-04T05:43:20Z
2026-09-04T05:42:20Z,2026-09-04T07:42:20+0200,6bcc2458-d8ca-4b45-a21e-3b99293d3a28,2026-08-28T17:30:00Z,2026-08-28T19:30:00+0200,6698.75,MW,FR,FR,actual_onshore_wind_generation,Wind Onshore,2026-09-04T05:43:20Z
2026-09-04T05:42:20Z,2026-09-04T07:42:20+0200,6bcc2458-d8ca-4b45-a21e-3b99293d3a28,2026-08-28T17:45:00Z,2026-08-28T19:45:00+0200,6171.16,MW,FR,FR,actual_onshore_wind_generation,Wind Onshore,2026-09-04T05:43:20Z
2026-09-04T05:42:20Z,2026-09-04T07:42:20+0200,6bcc2458-d8ca-4b45-a21e-3b99293d3a28,2026-08-28T18:00:00Z,2026-08-28T20:00:00+0200,5693.35,MW,FR,FR,actual_onshore_wind_generation,Wind Onshore,2026-09-04T05:43:20Z
2026-09-04T05:42:20Z,2026-09-04T07:42:20+0200,6bcc2458-d8ca-4b45-a21e-3b99293d3a28,2026-08-28T18:15:00Z,2026-08-28T20:15:00+0200,5386.45,MW,FR,FR,actual_onshore_wind_generation,Wind Onshore,2026-09-04T05:43:20Z
2026-09-04T05:42:20Z,2026-09-04T07:42:20+0200,6bcc2458-d8ca-4b45-a21e-3b99293d3a28,2026-08-28T18:30:00Z,2026-08-28T20:30:00+0200,5085.44,MW,FR,FR,actual_onshore_wind_generation,Wind Onshore,2026-09-04T05:43:20Z
2026-09-04T05:42:20Z,2026-09-04T07:42:20+0200,6bcc2458-d8ca-4b45-a21e-3b99293d3a28,2026-08-28T18:45:00Z,2026-08-28T20:45:00+0200,5070.87,MW,FR,FR,actual_onshore_wind_generation,Wind Onshore,2026-09-04T05:43:20Z
2026-09-04T05:42:20Z,2026-09-04T07:42:20+0200,6bcc2458-d8ca-4b45-a21e-3b99293d3a28,2026-08-28T19:00:00Z,2026-08-28T21:00:00+0200,5235.91,MW,FR,FR,actual_onshore_wind_generation,Wind Onshore,2026-09-04T05:43:20Z
2026-09-04T05:42:20Z,2026-09-04T07:42:20+0200,6bcc2458-d8ca-4b45-a21e-3b99293d3a28,2026-08-28T19:15:00Z,2026-08-28T21:15:00+0200,5427.26,MW,FR,FR,actual_onshore_wind_generation,Wind Onshore,2026-09-04T05:43:20Z
2026-09-04T05:42:20Z,2026-09-04T07:42:20+0200,6bcc2458-d8ca-4b45-a21e-3b99293d3a28,2026-08-28T19:30:00Z,2026-08-28T21:30:00+0200,5510.78,MW,FR,FR,actual_onshore_wind_generation,Wind Onshore,2026-09-04T05:43:20Z
2026-09-04T05:42:20Z,2026-09-04T07:42:20+0200,6bcc2458-d8ca-4b45-a21e-3b99293d3a28,2026-08-28T19:45:00Z,2026-08-28T21:45:00+0200,5518.84,MW,FR,FR,actual_onshore_wind_generation,Wind Onshore,2026-09-04T05:43:20Z
2026-09-04T05:42:20Z,2026-09-04T07:42:20+0200,6bcc2458-d8ca-4b45-a21e-3b99293d3a28,2026-08-28T20:00:00Z,2026-08-28T22:00:00+0200,5470.84,MW,FR,FR,actual_onshore_wind_generation,Wind Onshore,2026-09-04T05:43:20Z
2026-09-04T05:42:20Z,2026-09-04T07:42:20+0200,6bcc2458-d8ca-4b45-a21e-3b99293d3a28,2026-08-28T20:15:00Z,2026-08-28T22:15:00+0200,5520.69,MW,FR,FR,actual_onshore_wind_generation,Wind Onshore,2026-09-04T05:43:20Z
2026-09-04T05:42:20Z,2026-09-04T07:42:20+0200,6bcc2458-d8ca-4b45-a21e-3b99293d3a28,2026-08-28T20:30:00Z,2026-08-28T22:30:00+0200,5459.58,MW,FR,FR,actual_onshore_wind_generation,Wind Onshore,2026-09-04T05:43:20Z
2026-09-04T05:42:20Z,2026-09-04T07:42:20+0200,6bcc2458-d8ca-4b45-a21e-3b99293d3a28,2026-08-28T20:45:00Z,2026-08-28T22:45:00+0200,5567.06,MW,FR,FR,actual_onshore_wind_generation,Wind Onshore,2026-09-04T05:43:20Z
2026-09-04T05:42:20Z,2026-09-04T07:42:20+0200,6bcc2458-d8ca-4b45-a21e-3b99293d3a28,2026-08-28T21:00:00Z,2026-08-28T23:00:00+0200,5688.45,MW,FR,FR,actual_onshore_wind_generation,Wind Onshore,2026-09-04T05:43:20Z
2026-09-04T05:42:20Z,2026-09-04T07:42:20+0200,6bcc2458-d8ca-4b45-a21e-3b99293d3a28,2026-08-28T21:15:00Z,2026-08-28T23:15:00+0200,5831.81,MW,FR,FR,actual_onshore_wind_generation,Wind Onshore,2026-09-04T05:43:20Z
2026-09-04T05:42:20Z,2026-09-04T07:42:20+0200,6bcc2458-d8ca-4b45-a21e-3b99293d3a28,2026-08-28T21:30:00Z,2026-08-28T23:30:00+0200,5878.18,MW,FR,FR,actual_onshore_wind_generation,Wind Onshore,2026-09-04T05:43:20Z
2026-09-04T05:42:20Z,2026-09-04T07:42:20+0200,6bcc2458-d8ca-4b45-a21e-3b99293d3a28,2026-08-28T21:45:00Z,2026-08-28T23:45:00+0200,5867.2,MW,FR,FR,actual_onshore_wind_generation,Wind Onshore,2026-09-04T05:43:20Z
2026-09-04T05:42:20Z,2026-09-04T07:42:20+0200,6bcc2458-d8ca-4b45-a21e-3b99293d3a28,2026-08-28T22:00:00Z,2026-08-29T00:00:00+0200,5919.15,MW,FR,FR,actual_onshore_wind_generation,Wind Onshore,2026-09-04T05:43:20Z
2026-09-04T05:42:20Z,2026-09-04T07:42:20+0200,6bcc2458-d8ca-4b45-a21e-3b99293d3a28,2026-08-28T22:15:00Z,2026-08-29T00:15:00+0200,6029.63,MW,FR,FR,actual_onshore_wind_generation,Wind Onshore,2026-09-04T05:43:20Z
2026-09-04T05:42:20Z,2026-09-04T07:42:20+0200,6bcc2458-d8ca-4b45-a21e-3b99293d3a28,2026-08-28T22:30:00Z,2026-08-29T00:30:00+0200,6110.69,MW,FR,FR,actual_onshore_wind_generation,Wind Onshore,2026-09-04T05:43:20Z
2026-09-04T05:42:20Z,2026-09-04T07:42:20+0200,6bcc2458-d8ca-4b45-a21e-3b99293d3a28,2026-08-28T22:45:00Z,2026-08-29T00:45:00+0200,6256.36,MW,FR,FR,actual_onshore_wind_generation,Wind Onshore,2026-09-04T05:43:20Z
2026-09-04T05:42:20Z,2026-09-04T07:42:20+0200,6bcc2458-d8ca-4b45-a21e-3b99293d3a28,2026-08-28T23:00:00Z,2026-08-29T01:00:00+0200,6417.47,MW,FR,FR,actual_onshore_wind_generation,Wind Onshore,2026-09-04T05:43:20Z
2026-09-04T05:42:20Z,2026-09-04T07:42:20+0200,6bcc2458-d8ca-4b45-a21e-3b99293d3a28,2026-08-28T23:15:00Z,2026-08-29T01:15:00+0200,6555.86,MW,FR,FR,actual_onshore_wind_generation,Wind Onshore,2026-09-04T05:43:20Z
2026-09-04T05:42:20Z,2026-09-04T07:42:20+0200,6bcc2458-d8ca-4b45-a21e-3b99293d3a28,2026-08-28T23:30:00Z,2026-08-29T01:30:00+0200,6593.05,MW,FR,FR,actual_onshore_wind_generation,Wind Onshore,2026-09-04T05:43:20Z
2026-09-04T05:42:20Z,2026-09-04T07:42:20+0200,6bcc2458-d8ca-4b45-a21e-3b99293d3a28,2026-08-28T23:45:00Z,2026-08-29T01:45:00+0200,6693.31,MW,FR,FR,actual_onshore_wind_generation,Wind Onshore,2026-09-04T05:43:20Z
2026-09-04T05:42:20Z,2026-09-04T07:42:20+0200,6bcc2458-d8ca-4b45-a21e-3b99293d3a28,2026-08-29T00:00:00Z,2026-08-29T02:00:00+0200,6749.64,MW,FR,FR,actual_onshore_wind_generation,Wind Onshore,2026-09-04T05:43:20Z
2026-09-04T05:42:20Z,2026-09-04T07:42:20+0200,6bcc2458-d8ca-4b45-a21e-3b99293d3a28,2026-08-29T00:15:00Z,2026-08-29T02:15:00+0200,6810.2,MW,FR,FR,actual_onshore_wind_generation,Wind Onshore,2026-09-04T05:43:20Z
2026-09-04T05:42:20Z,2026-09-04T07:42:20+0200,6bcc2458-d8ca-4b45-a21e-3b99293d3a28,2026-08-29T00:30:00Z,2026-08-29T02:30:00+0200,6818.85,MW,FR,FR,actual_onshore_wind_generation,Wind Onshore,2026-09-04T05:43:20Z
2026-09-04T05:42:20Z,2026-09-04T07:42:20+0200,6bcc2458-d8ca-4b45-a21e-3b99293d3a28,2026-08-29T00:45:00Z,2026-08-29T02:45:00+0200,6797.59,MW,FR,FR,actual_onshore_wind_generation,Wind Onshore,2026-09-04T05:43:20Z
2026-09-04T05:42:20Z,2026-09-04T07:42:20+0200,6bcc2458-d8ca-4b45-a21e-3b99293d3a28,2026-08-29T01:00:00Z,2026-08-29T03:00:00+0200,6673.85,MW,FR,FR,actual_onshore_wind_generation,Wind Onshore,2026-09-04T05:43:20Z
2026-09-04T05:42:20Z,2026-09-04T07:42:20+0200,6bcc2458-d8ca-4b45-a21e-3b99293d3a28,2026-08-29T01:15:00Z,2026-08-29T03:15:00+0200,6580.24,MW,FR,FR,actual_onshore_wind_generation,Wind Onshore,2026-09-04T05:43:20Z
2026-09-04T05:42:20Z,2026-09-04T07:42:20+0200,6bcc2458-d8ca-4b45-a21e-3b99293d3a28,2026-08-29T01:30:00Z,2026-08-29T03:30:00+0200,6443.12,MW,FR,FR,actual_onshore_wind_generation,Wind Onshore,2026-09-04T05:43:20Z
2026-09-04T05:42:20Z,2026-09-04T07:42:20+0200,6bcc2458-d8ca-4b45-a21e-3b99293d3a28,2026-08-29T01:45:00Z,2026-08-29T03:45:00+0200,6276.52,MW,FR,FR,actual_onshore_wind_generation,Wind Onshore,2026-09-04T05:43:20Z
2026-09-04T05:42:20Z,2026-09-04T07:42:20+0200,6bcc2458-d8ca-4b45-a21e-3b99293d3a28,2026-08-29T02:00:00Z,2026-08-29T04:00:00+0200,6098.63,MW,FR,FR,actual_onshore_wind_generation,Wind Onshore,2026-09-04T05:43:20Z
2026-09-04T05:42:20Z,2026-09-04T07:42:20+0200,6bcc2458-d8ca-4b45-a21e-3b99293d3a28,2026-08-29T02:15:00Z,2026-08-29T04:15:00+0200,5999.19,MW,FR,FR,actual_onshore_wind_generation,Wind Onshore,2026-09-04T05:43:20Z
2026-09-04T05:42:20Z,2026-09-04T07:42:20+0200,6bcc2458-d8ca-4b45-a21e-3b99293d3a28,2026-08-29T02:30:00Z,2026-08-29T04:30:00+0200,5909.87,MW,FR,FR,actual_onshore_wind_generation,Wind Onshore,2026-09-04T05:43:20Z
2026-09-04T05:42:20Z,2026-09-04T07:42:20+0200,6bcc2458-d8ca-4b45-a21e-3b99293d3a28,2026-08-29T02:45:00Z,2026-08-29T04:45:00+0200,5907.85,MW,FR,FR,actual_onshore_wind_generation,Wind Onshore,2026-09-04T05:43:20Z
2026-09-04T05:42:20Z,2026-09-04T07:42:20+0200,6bcc2458-d8ca-4b45-a21e-3b99293d3a28,2026-08-29T03:00:00Z,2026-08-29T05:00:00+0200,5859.64,MW,FR,FR,actual_onshore_wind_generation,Wind Onshore,2026-09-04T05:43:20Z
2026-09-04T05:42:20Z,2026-09-04T07:42:20+0200,6bcc2458-d8ca-4b45-a21e-3b99293d3a28,2026-08-29T03:15:00Z,2026-08-29T05:15:00+0200,5831.94,MW,FR,FR,actual_onshore_wind_generation,Wind Onshore,2026-09-04T05:43:20Z
2026-09-04T05:42:20Z,2026-09-04T07:42:20+0200,6bcc2458-d8ca-4b45-a21e-3b99293d3a28,2026-08-29T03:30:00Z,2026-08-29T05:30:00+0200,5763.35,MW,FR,FR,actual_onshore_wind_generation,Wind Onshore,2026-09-04T05:43:20Z
2026-09-04T05:42:20Z,2026-09-04T07:42:20+0200,6bcc2458-d8ca-4b45-a21e-3b99293d3a28,2026-08-29T03:45:00Z,2026-08-29T05:45:00+0200,5741.87,MW,FR,FR,actual_onshore_wind_generation,Wind Onshore,2026-09-04T05:43:20Z
2026-09-04T05:42:20Z,2026-09-04T07:42:20+0200,6bcc2458-d8ca-4b45-a21e-3b99293d3a28,2026-08-29T04:00:00Z,2026-08-29T06:00:00+0200,5737.49,MW,FR,FR,actual_onshore_wind_generation,Wind Onshore,2026-09-04T05:43:20Z
2026-09-04T05:42:20Z,2026-09-04T07:42:20+0200,6bcc2458-d8ca-4b45-a21e-3b99293d3a28,2026-08-29T04:15:00Z,2026-08-29T06:15:00+0200,5757.38,MW,FR,FR,actual_onshore_wind_generation,Wind Onshore,2026-09-04T05:43:20Z
2026-09-04T05:42:20Z,2026-09-04T07:42:20+0200,6bcc2458-d8ca-4b45-a21e-3b99293d3a28,2026-08-29T04:30:00Z,2026-08-29T06:30:00+0200,5912.9,MW,FR,FR,actual_onshore_wind_generation,Wind Onshore,2026-09-04T05:43:20Z
2026-09-04T05:42:20Z,2026-09-04T07:42:20+0200,6bcc2458-d8ca-4b45-a21e-3b99293d3a28,2026-08-29T04:45:00Z,2026-08-29T06:45:00+0200,6084.64,MW,FR,FR,actual_onshore_wind_generation,Wind Onshore,2026-09-04T05:43:20Z
2026-09-04T05:42:20Z,2026-09-04T07:42:20+0200,6bcc2458-d8ca-4b45-a21e-3b99293d3a28,2026-08-29T05:00:00Z,2026-08-29T07:00:00+0200,6281.07,MW,FR,FR,actual_onshore_wind_generation,Wind Onshore,2026-09-04T05:43:20Z
2026-09-04T05:42:20Z,2026-09-04T07:42:20+0200,6bcc2458-d8ca-4b45-a21e-3b99293d3a28,2026-08-29T05:15:00Z,2026-08-29T07:15:00+0200,6541.97,MW,FR,FR,actual_onshore_wind_generation,Wind Onshore,2026-09-04T05:43:20Z
2026-09-04T05:42:20Z,2026-09-04T07:42:20+0200,6bcc2458-d8ca-4b45-a21e-3b99293d3a28,2026-08-29T05:30:00Z,2026-08-29T07:30:00+0200,6630.28,MW,FR,FR,actual_onshore_wind_generation,Wind Onshore,2026-09-04T05:43:20Z
2026-09-04T05:42:20Z,2026-09-04T07:42:20+0200,6bcc2458-d8ca-4b45-a21e-3b99293d3a28,2026-08-29T05:45:00Z,2026-08-29T07:45:00+0200,6564.55,MW,FR,FR,actual_onshore_wind_generation,Wind Onshore,2026-09-04T05:43:20Z
2026-09-04T05:42:20Z,2026-09-04T07:42:20+0200,6bcc2458-d8ca-4b45-a21e-3b99293d3a28,2026-08-29T06:00:00Z,2026-08-29T08:00:00+0200,6488.3,MW,FR,FR,actual_onshore_wind_generation,Wind Onshore,2026-09-04T05:43:20Z
2026-09-04T05:42:20Z,2026-09-04T07:42:20+0200,6bcc2458-d8ca-4b45-a21e-3b99293d3a28,2026-08-29T06:15:00Z,2026-08-29T08:15:00+0200,6381.2,MW,FR,FR,actual_onshore_wind_generation,Wind Onshore,2026-09-04T05:43:20Z
2026-09-04T05:42:20Z,2026-09-04T07:42:20+0200,6bcc2458-d8ca-4b45-a21e-3b99293d3a28,2026-08-29T06:30:00Z,2026-08-29T08:30:00+0200,6495.35,MW,FR,FR,actual_onshore_wind_generation,Wind Onshore,2026-09-04T05:43:20Z
2026-09-04T05:42:20Z,2026-09-04T07:42:20+0200,6bcc2458-d8ca-4b45-a21e-3b99293d3a28,2026-08-29T06:45:00Z,2026-08-29T08:45:00+0200,6599.7,MW,FR,FR,actual_onshore_wind_generation,Wind Onshore,2026-09-04T05:43:20Z
2026-09-04T05:42:20Z,2026-09-04T07:42:20+0200,6bcc2458-d8ca-4b45-a21e-3b99293d3a28,2026-08-29T07:00:00Z,2026-08-29T09:00:00+0200,6779.46,MW,FR,FR,actual_onshore_wind_generation,Wind Onshore,2026-09-04T05:43:20Z
2026-09-04T05:42:20Z,2026-09-04T07:42:20+0200,6bcc2458-d8ca-4b45-a21e-3b99293d3a28,2026-08-29T07:15:00Z,2026-08-29T09:15:00+0200,7037.75,MW,FR,FR,actual_onshore_wind_generation,Wind Onshore,2026-09-04T05:43:20Z
2026-09-04T05:42:20Z,2026-09-04T07:42:20+0200,6bcc2458-d8ca-4b45-a21e-3b99293d3a28,2026-08-29T07:30:00Z,2026-08-29T09:30:00+0200,7285.48,MW,FR,FR,actual_onshore_wind_generation,Wind Onshore,2026-09-04T05:43:20Z
2026-09-04T05:42:20Z,2026-09-04T07:42:20+0200,6bcc2458-d8ca-4b45-a21e-3b99293d3a28,2026-08-29T07:45:00Z,2026-08-29T09:45:00+0200,7541.11,MW,FR,FR,actual_onshore_wind_generation,Wind Onshore,2026-09-04T05:43:20Z
2026-09-04T05:42:20Z,2026-09-04T07:42:20+0200,6bcc2458-d8ca-4b45-a21e-3b99293d3a28,2026-08-29T08:00:00Z,2026-08-29T10:00:00+0200,7821.87,MW,FR,FR,actual_onshore_wind_generation,Wind Onshore,2026-09-04T05:43:20Z
2026-09-04T05:42:20Z,2026-09-04T07:42:20+0200,6bcc2458-d8ca-4b45-a21e-3b99293d3a28,2026-08-29T08:15:00Z,2026-08-29T10:15:00+0200,7560.64,MW,FR,FR,actual_onshore_wind_generation,Wind Onshore,2026-09-04T05:43:20Z
2026-09-04T05:42:20Z,2026-09-04T07:42:20+0200,6bcc2458-d8ca-4b45-a21e-3b99293d3a28,2026-08-29T08:30:00Z,2026-08-29T10:30:00+0200,6198.25,MW,FR,FR,actual_onshore_wind_generation,Wind Onshore,2026-09-04T05:43:20Z
2026-09-04T05:42:20Z,2026-09-04T07:42:20+0200,6bcc2458-d8ca-4b45-a21e-3b99293d3a28,2026-08-29T08:45:00Z,2026-08-29T10:45:00+0200,6129.86,MW,FR,FR,actual_onshore_wind_generation,Wind Onshore,2026-09-04T05:43:20Z
2026-09-04T05:42:20Z,2026-09-04T07:42:20+0200,6bcc2458-d8ca-4b45-a21e-3b99293d3a28,2026-08-29T09:00:00Z,2026-08-29T11:00:00+0200,6308.97,MW,FR,FR,actual_onshore_wind_generation,Wind Onshore,2026-09-04T05:43:20Z
2026-09-04T05:42:20Z,2026-09-04T07:42:20+0200,6bcc2458-d8ca-4b45-a21e-3b99293d3a28,2026-08-29T09:15:00Z,2026-08-29T11:15:00+0200,6255.97,MW,FR,FR,actual_onshore_wind_generation,Wind Onshore,2026-09-04T05:43:20Z
2026-09-04T05:42:20Z,2026-09-04T07:42:20+0200,6bcc2458-d8ca-4b45-a21e-3b99293d3a28,2026-08-29T09:30:00Z,2026-08-29T11:30:00+0200,6317.47,MW,FR,FR,actual_onshore_wind_generation,Wind Onshore,2026-09-04T05:43:20Z
2026-09-04T05:42:20Z,2026-09-04T07:42:20+0200,6bcc2458-d8ca-4b45-a21e-3b99293d3a28,2026-08-29T09:45:00Z,2026-08-29T11:45:00+0200,6449.69,MW,FR,FR,actual_onshore_wind_generation,Wind Onshore,2026-09-04T05:43:20Z
2026-09-04T05:42:20Z,2026-09-04T07:42:20+0200,6bcc2458-d8ca-4b45-a21e-3b99293d3a28,2026-08-29T10:00:00Z,2026-08-29T12:00:00+0200,6484.43,MW,FR,FR,actual_onshore_wind_generation,Wind Onshore,2026-09-04T05:43:20Z
2026-09-04T05:42:20Z,2026-09-04T07:42:20+0200,6bcc2458-d8ca-4b45-a21e-3b99293d3a28,2026-08-29T10:15:00Z,2026-08-29T12:15:00+0200,6556.12,MW,FR,FR,actual_onshore_wind_generation,Wind Onshore,2026-09-04T05:43:20Z
2026-09-04T05:42:20Z,2026-09-04T07:42:20+0200,6bcc2458-d8ca-4b45-a21e-3b99293d3a28,2026-08-29T10:30:00Z,2026-08-29T12:30:00+0200,6672.39,MW,FR,FR,actual_onshore_wind_generation,Wind Onshore,2026-09-04T05:43:20Z
2026-09-04T05:42:20Z,2026-09-04T07:42:20+0200,6bcc2458-d8ca-4b45-a21e-3b99293d3a28,2026-08-29T10:45:00Z,2026-08-29T12:45:00+0200,6760.73,MW,FR,FR,actual_onshore_wind_generation,Wind Onshore,2026-09-04T05:43:20Z
2026-09-04T05:42:20Z,2026-09-04T07:42:20+0200,6bcc2458-d8ca-4b45-a21e-3b99293d3a28,2026-08-29T11:00:00Z,2026-08-29T13:00:00+0200,6541.57,MW,FR,FR,actual_onshore_wind_generation,Wind Onshore,2026-09-04T05:43:20Z
2026-09-04T05:42:20Z,2026-09-04T07:42:20+0200,6bcc2458-d8ca-4b45-a21e-3b99293d3a28,2026-08-29T11:15:00Z,2026-08-29T13:15:00+0200,6604.83,MW,FR,FR,actual_onshore_wind_generation,Wind Onshore,2026-09-04T05:43:20Z
2026-09-04T05:42:20Z,2026-09-04T07:42:20+0200,6bcc2458-d8ca-4b45-a21e-3b99293d3a28,2026-08-29T11:30:00Z,2026-08-29T13:30:00+0200,6560.88,MW,FR,FR,actual_onshore_wind_generation,Wind Onshore,2026-09-04T05:43:20Z
2026-09-04T05:42:20Z,2026-09-04T07:42:20+0200,6bcc2458-d8ca-4b45-a21e-3b99293d3a28,2026-08-29T11:45:00Z,2026-08-29T13:45:00+0200,6593.12,MW,FR,FR,actual_onshore_wind_generation,Wind Onshore,2026-09-04T05:43:20Z
2026-09-04T05:42:20Z,2026-09-04T07:42:20+0200,6bcc2458-d8ca-4b45-a21e-3b99293d3a28,2026-08-29T12:00:00Z,2026-08-29T14:00:00+0200,7048.34,MW,FR,FR,actual_onshore_wind_generation,Wind Onshore,2026-09-04T05:43:20Z
2026-09-04T05:42:20Z,2026-09-04T07:42:20+0200,6bcc2458-d8ca-4b45-a21e-3b99293d3a28,2026-08-29T12:15:00Z,2026-08-29T14:15:00+0200,7355.58,MW,FR,FR,actual_onshore_wind_generation,Wind Onshore,2026-09-04T05:43:20Z
2026-09-04T05:42:20Z,2026-09-04T07:42:20+0200,6bcc2458-d8ca-4b45-a21e-3b99293d3a28,2026-08-29T12:30:00Z,2026-08-29T14:30:00+0200,7490.36,MW,FR,FR,actual_onshore_wind_generation,Wind Onshore,2026-09-04T05:43:20Z
2026-09-04T05:42:20Z,2026-09-04T07:42:20+0200,6bcc2458-d8ca-4b45-a21e-3b99293d3a28,2026-08-29T12:45:00Z,2026-08-29T14:45:00+0200,7363.83,MW,FR,FR,actual_onshore_wind_generation,Wind Onshore,2026-09-04T05:43:20Z
2026-09-04T05:42:20Z,2026-09-04T07:42:20+0200,6bcc2458-d8ca-4b45-a21e-3b99293d3a28,2026-08-29T13:00:00Z,2026-08-29T15:00:00+0200,7215.26,MW,FR,FR,actual_onshore_wind_generation,Wind Onshore,2026-09-04T05:43:20Z
2026-09-04T05:42:20Z,2026-09-04T07:42:20+0200,6bcc2458-d8ca-4b45-a21e-3b99293d3a28,2026-08-29T13:15:00Z,2026-08-29T15:15:00+0200,7136.99,MW,FR,FR,actual_onshore_wind_generation,Wind Onshore,2026-09-04T05:43:20Z
2026-09-04T05:42:20Z,2026-09-04T07:42:20+0200,6bcc2458-d8ca-4b45-a21e-3b99293d3a28,2026-08-29T13:30:00Z,2026-08-29T15:30:00+0200,7116.34,MW,FR,FR,actual_onshore_wind_generation,Wind Onshore,2026-09-04T05:43:20Z
2026-09-04T05:42:20Z,2026-09-04T07:42:20+0200,6bcc2458-d8ca-4b45-a21e-3b99293d3a28,2026-08-29T13:45:00Z,2026-08-29T15:45:00+0200,7109.22,MW,FR,FR,actual_onshore_wind_generation,Wind Onshore,2026-09-04T05:43:20Z
2026-09-04T05:42:20Z,2026-09-04T07:42:20+0200,6bcc2458-d8ca-4b45-a21e-3b99293d3a28,2026-08-29T14:00:00Z,2026-08-29T16:00:00+0200,6825.82,MW,FR,FR,actual_onshore_wind_generation,Wind Onshore,2026-09-04T05:43:20Z
2026-09-04T05:42:20Z,2026-09-04T07:42:20+0200,6bcc2458-d8ca-4b45-a21e-3b99293d3a28,2026-08-29T14:15:00Z,2026-08-29T16:15:00+0200,6830.35,MW,FR,FR,actual_onshore_wind_generation,Wind Onshore,2026-09-04T05:43:20Z
2026-09-04T05:42:20Z,2026-09-04T07:42:20+0200,6bcc2458-d8ca-4b45-a21e-3b99293d3a28,2026-08-29T14:30:00Z,2026-08-29T16:30:00+0200,7063.31,MW,FR,FR,actual_onshore_wind_generation,Wind Onshore,2026-09-04T05:43:20Z
2026-09-04T05:42:20Z,2026-09-04T07:42:20+0200,6bcc2458-d8ca-4b45-a21e-3b99293d3a28,2026-08-29T14:45:00Z,2026-08-29T16:45:00+0200,7071.13,MW,FR,FR,actual_onshore_wind_generation,Wind Onshore,2026-09-04T05:43:20Z
2026-09-04T05:42:20Z,2026-09-04T07:42:20+0200,6bcc2458-d8ca-4b45-a21e-3b99293d3a28,2026-08-29T15:00:00Z,2026-08-29T17:00:00+0200,7509.75,MW,FR,FR,actual_onshore_wind_generation,Wind Onshore,2026-09-04T05:43:20Z
2026-09-04T05:42:20Z,2026-09-04T07:42:20+0200,6bcc2458-d8ca-4b45-a21e-3b99293d3a28,2026-08-29T15:15:00Z,2026-08-29T17:15:00+0200,7800.1,MW,FR,FR,actual_onshore_wind_generation,Wind Onshore,2026-09-04T05:43:20Z
2026-09-04T05:42:20Z,2026-09-04T07:42:20+0200,6bcc2458-d8ca-4b45-a21e-3b99293d3a28,2026-08-29T15:30:00Z,2026-08-29T17:30:00+0200,7805.75,MW,FR,FR,actual_onshore_wind_generation,Wind Onshore,2026-09-04T05:43:20Z
2026-09-04T05:42:20Z,2026-09-04T07:42:20+0200,6bcc2458-d8ca-4b45-a21e-3b99293d3a28,2026-08-29T15:45:00Z,2026-08-29T17:45:00+0200,8101.14,MW,FR,FR,actual_onshore_wind_generation,Wind Onshore,2026-09-04T05:43:20Z
2026-09-04T05:42:20Z,2026-09-04T07:42:20+0200,6bcc2458-d8ca-4b45-a21e-3b99293d3a28,2026-08-29T16:00:00Z,2026-08-29T18:00:00+0200,10440.12,MW,FR,FR,actual_onshore_wind_generation,Wind Onshore,2026-09-04T05:43:20Z
2026-09-04T05:42:20Z,2026-09-04T07:42:20+0200,6bcc2458-d8ca-4b45-a21e-3b99293d3a28,2026-08-29T16:15:00Z,2026-08-29T18:15:00+0200,12015.96,MW,FR,FR,actual_onshore_wind_generation,Wind Onshore,2026-09-04T05:43:20Z
2026-09-04T05:42:20Z,2026-09-04T07:42:20+0200,6bcc2458-d8ca-4b45-a21e-3b99293d3a28,2026-08-29T16:30:00Z,2026-08-29T18:30:00+0200,11773.04,MW,FR,FR,actual_onshore_wind_generation,Wind Onshore,2026-09-04T05:43:20Z
2026-09-04T05:42:20Z,2026-09-04T07:42:20+0200,6bcc2458-d8ca-4b45-a21e-3b99293d3a28,2026-08-29T16:45:00Z,2026-08-29T18:45:00+0200,11876.08,MW,FR,FR,actual_onshore_wind_generation,Wind Onshore,2026-09-04T05:43:20Z
2026-09-04T05:42:20Z,2026-09-04T07:42:20+0200,6bcc2458-d8ca-4b45-a21e-3b99293d3a28,2026-08-29T17:00:00Z,2026-08-29T19:00:00+0200,11789.67,MW,FR,FR,actual_onshore_wind_generation,Wind Onshore,2026-09-04T05:43:20Z
2026-09-04T05:42:20Z,2026-09-04T07:42:20+0200,6bcc2458-d8ca-4b45-a21e-3b99293d3a28,2026-08-29T17:15:00Z,2026-08-29T19:15:00+0200,11684.0,MW,FR,FR,actual_onshore_wind_generation,Wind Onshore,2026-09-04T05:43:20Z
2026-09-04T05:42:20Z,2026-09-04T07:42:20+0200,6bcc2458-d8ca-4b45-a21e-3b99293d3a28,2026-08-29T17:30:00Z,2026-08-29T19:30:00+0200,11637.41,MW,FR,FR,actual_onshore_wind_generation,Wind Onshore,2026-09-04T05:43:20Z
2026-09-04T05:42:20Z,2026-09-04T07:42:20+0200,6bcc2458-d8ca-4b45-a21e-3b99293d3a28,2026-08-29T17:45:00Z,2026-08-29T19:45:00+0200,11599.24,MW,FR,FR,actual_onshore_wind_generation,Wind Onshore,2026-09-04T05:43:20Z
2026-09-04T05:42:20Z,2026-09-04T07:42:20+0200,6bcc2458-d8ca-4b45-a21e-3b99293d3a28,2026-08-29T18:00:00Z,2026-08-29T20:00:00+0200,11504.86,MW,FR,FR,actual_onshore_wind_generation,Wind Onshore,2026-09-04T05:43:20Z
2026-09-04T05:42:20Z,2026-09-04T07:42:20+0200,6bcc2458-d8ca-4b45-a21e-3b99293d3a28,2026-08-29T18:15:00Z,2026-08-29T20:15:00+0200,11435.72,MW,FR,FR,actual_onshore_wind_generation,Wind Onshore,2026-09-04T05:43:20Z
2026-09-04T05:42:20Z,2026-09-04T07:42:20+0200,6bcc2458-d8ca-4b45-a21e-3b99293d3a28,2026-08-29T18:30:00Z,2026-08-29T20:30:00+0200,11402.88,MW,FR,FR,actual_onshore_wind_generation,Wind Onshore,2026-09-04T05:43:20Z
2026-09-04T05:42:20Z,2026-09-04T07:42:20+0200,6bcc2458-d8ca-4b45-a21e-3b99293d3a28,2026-08-29T18:45:00Z,2026-08-29T20:45:00+0200,11306.25,MW,FR,FR,actual_onshore_wind_generation,Wind Onshore,2026-09-04T05:43:20Z
2026-09-04T05:42:20Z,2026-09-04T07:42:20+0200,6bcc2458-d8ca-4b45-a21e-3b99293d3a28,2026-08-29T19:00:00Z,2026-08-29T21:00:00+0200,11130.15,MW,FR,FR,actual_onshore_wind_generation,Wind Onshore,2026-09-04T05:43:20Z
2026-09-04T05:42:20Z,2026-09-04T07:42:20+0200,6bcc2458-d8ca-4b45-a21e-3b99293d3a28,2026-08-29T19:15:00Z,2026-08-29T21:15:00+0200,11026.57,MW,FR,FR,actual_onshore_wind_generation,Wind Onshore,2026-09-04T05:43:20Z
2026-09-04T05:42:20Z,2026-09-04T07:42:20+0200,6bcc2458-d8ca-4b45-a21e-3b99293d3a28,2026-08-29T19:30:00Z,2026-08-29T21:30:00+0200,11028.82,MW,FR,FR,actual_onshore_wind_generation,Wind Onshore,2026-09-04T05:43:20Z
2026-09-04T05:42:20Z,2026-09-04T07:42:20+0200,6bcc2458-d8ca-4b45-a21e-3b99293d3a28,2026-08-29T19:45:00Z,2026-08-29T21:45:00+0200,10871.96,MW,FR,FR,actual_onshore_wind_generation,Wind Onshore,2026-09-04T05:43:20Z
2026-09-04T05:42:20Z,2026-09-04T07:42:20+0200,6bcc2458-d8ca-4b45-a21e-3b99293d3a28,2026-08-29T20:00:00Z,2026-08-29T22:00:00+0200,10613.34,MW,FR,FR,actual_onshore_wind_generation,Wind Onshore,2026-09-04T05:43:20Z
2026-09-04T05:42:20Z,2026-09-04T07:42:20+0200,6bcc2458-d8ca-4b45-a21e-3b99293d3a28,2026-08-29T20:15:00Z,2026-08-29T22:15:00+0200,10583.12,MW,FR,FR,actual_onshore_wind_generation,Wind Onshore,2026-09-04T05:43:20Z
2026-09-04T05:42:20Z,2026-09-04T07:42:20+0200,6bcc2458-d8ca-4b45-a21e-3b99293d3a28,2026-08-29T20:30:00Z,2026-08-29T22:30:00+0200,10528.67,MW,FR,FR,actual_onshore_wind_generation,Wind Onshore,2026-09-04T05:43:20Z
2026-09-04T05:42:20Z,2026-09-04T07:42:20+0200,6bcc2458-d8ca-4b45-a21e-3b99293d3a28,2026-08-29T20:45:00Z,2026-08-29T22:45:00+0200,10357.05,MW,FR,FR,actual_onshore_wind_generation,Wind Onshore,2026-09-04T05:43:20Z
2026-09-04T05:42:20Z,2026-09-04T07:42:20+0200,6bcc2458-d8ca-4b45-a21e-3b99293d3a28,2026-08-29T21:00:00Z,2026-08-29T23:00:00+0200,10188.35,MW,FR,FR,actual_onshore_wind_generation,Wind Onshore,2026-09-04T05:43:20Z
2026-09-04T05:42:20Z,2026-09-04T07:42:20+0200,6bcc2458-d8ca-4b45-a21e-3b99293d3a28,2026-08-29T21:15:00Z,2026-08-29T23:15:00+0200,10068.92,MW,FR,FR,actual_onshore_wind_generation,Wind Onshore,2026-09-04T05:43:20Z
2026-09-04T05:42:20Z,2026-09-04T07:42:20+0200,6bcc2458-d8ca-4b45-a21e-3b99293d3a28,2026-08-29T21:30:00Z,2026-08-29T23:30:00+0200,10042.5,MW,FR,FR,actual_onshore_wind_generation,Wind Onshore,2026-09-04T05:43:20Z
2026-09-04T05:42:20Z,2026-09-04T07:42:20+0200,6bcc2458-d8ca-4b45-a21e-3b99293d3a28,2026-08-29T21:45:00Z,2026-08-29T23:45:00+0200,9834.7,MW,FR,FR,actual_onshore_wind_generation,Wind Onshore,2026-09-04T05:43:20Z
2026-09-04T05:42:20Z,2026-09-04T07:42:20+0200,6bcc2458-d8ca-4b45-a21e-3b99293d3a28,2026-08-29T22:00:00Z,2026-08-30T00:00:00+0200,9610.22,MW,FR,FR,actual_onshore_wind_generation,Wind Onshore,2026-09-04T05:43:20Z
2026-09-04T05:42:20Z,2026-09-04T07:42:20+0200,6bcc2458-d8ca-4b45-a21e-3b99293d3a28,2026-08-29T22:15:00Z,2026-08-30T00:15:00+0200,9370.46,MW,FR,FR,actual_onshore_wind_generation,Wind Onshore,2026-09-04T05:43:20Z
2026-09-04T05:42:20Z,2026-09-04T07:42:20+0200,6bcc2458-d8ca-4b45-a21e-3b99293d3a28,2026-08-29T22:30:00Z,2026-08-30T00:30:00+0200,9240.03,MW,FR,FR,actual_onshore_wind_generation,Wind Onshore,2026-09-04T05:43:20Z
2026-09-04T05:42:20Z,2026-09-04T07:42:20+0200,6bcc2458-d8ca-4b45-a21e-3b99293d3a28,2026-08-29T22:45:00Z,2026-08-30T00:45:00+0200,9128.8,MW,FR,FR,actual_onshore_wind_generation,Wind Onshore,2026-09-04T05:43:20Z
2026-09-04T05:42:20Z,2026-09-04T07:42:20+0200,6bcc2458-d8ca-4b45-a21e-3b99293d3a28,2026-08-29T23:00:00Z,2026-08-30T01:00:00+0200,8948.9,MW,FR,FR,actual_onshore_wind_generation,Wind Onshore,2026-09-04T05:43:20Z
2026-09-04T05:42:20Z,2026-09-04T07:42:20+0200,6bcc2458-d8ca-4b45-a21e-3b99293d3a28,2026-08-29T23:15:00Z,2026-08-30T01:15:00+0200,8779.38,MW,FR,FR,actual_onshore_wind_generation,Wind Onshore,2026-09-04T05:43:20Z
2026-09-04T05:42:20Z,2026-09-04T07:42:20+0200,6bcc2458-d8ca-4b45-a21e-3b99293d3a28,2026-08-29T23:30:00Z,2026-08-30T01:30:00+0200,8767.61,MW,FR,FR,actual_onshore_wind_generation,Wind Onshore,2026-09-04T05:43:20Z
2026-09-04T05:42:20Z,2026-09-04T07:42:20+0200,6bcc2458-d8ca-4b45-a21e-3b99293d3a28,2026-08-29T23:45:00Z,2026-08-30T01:45:00+0200,8742.05,MW,FR,FR,actual_onshore_wind_generation,Wind Onshore,2026-09-04T05:43:20Z
2026-09-04T05:42:20Z,2026-09-04T07:42:20+0200,6bcc2458-d8ca-4b45-a21e-3b99293d3a28,2026-08-30T00:00:00Z,2026-08-30T02:00:00+0200,8622.22,MW,FR,FR,actual_onshore_wind_generation,Wind Onshore,2026-09-04T05:43:20Z
2026-09-04T05:42:20Z,2026-09-04T07:42:20+0200,6bcc2458-d8ca-4b45-a21e-3b99293d3a28,2026-08-30T00:15:00Z,2026-08-30T02:15:00+0200,8365.68,MW,FR,FR,actual_onshore_wind_generation,Wind Onshore,2026-09-04T05:43:20Z
2026-09-04T05:42:20Z,2026-09-04T07:42:20+0200,6bcc2458-d8ca-4b45-a21e-3b99293d3a28,2026-08-30T00:30:00Z,2026-08-30T02:30:00+0200,8025.01,MW,FR,FR,actual_onshore_wind_generation,Wind Onshore,2026-09-04T05:43:20Z
2026-09-04T05:42:20Z,2026-09-04T07:42:20+0200,6bcc2458-d8ca-4b45-a21e-3b99293d3a28,2026-08-30T00:45:00Z,2026-08-30T02:45:00+0200,7812.62,MW,FR,FR,actual_onshore_wind_generation,Wind Onshore,2026-09-04T05:43:20Z
2026-09-04T05:42:20Z,2026-09-04T07:42:20+0200,6bcc2458-d8ca-4b45-a21e-3b99293d3a28,2026-08-30T01:00:00Z,2026-08-30T03:00:00+0200,7726.71,MW,FR,FR,actual_onshore_wind_generation,Wind Onshore,2026-09-04T05:43:20Z
2026-09-04T05:42:20Z,2026-09-04T07:42:20+0200,6bcc2458-d8ca-4b45-a21e-3b99293d3a28,2026-08-30T01:15:00Z,2026-08-30T03:15:00+0200,7598.67,MW,FR,FR,actual_onshore_wind_generation,Wind Onshore,2026-09-04T05:43:20Z
2026-09-04T05:42:20Z,2026-09-04T07:42:20+0200,6bcc2458-d8ca-4b45-a21e-3b99293d3a28,2026-08-30T01:30:00Z,2026-08-30T03:30:00+0200,7390.83,MW,FR,FR,actual_onshore_wind_generation,Wind Onshore,2026-09-04T05:43:20Z
2026-09-04T05:42:20Z,2026-09-04T07:42:20+0200,6bcc2458-d8ca-4b45-a21e-3b99293d3a28,2026-08-30T01:45:00Z,2026-08-30T03:45:00+0200,7232.04,MW,FR,FR,actual_onshore_wind_generation,Wind Onshore,2026-09-04T05:43:20Z
2026-09-04T05:42:20Z,2026-09-04T07:42:20+0200,6bcc2458-d8ca-4b45-a21e-3b99293d3a28,2026-08-30T02:00:00Z,2026-08-30T04:00:00+0200,7055.29,MW,FR,FR,actual_onshore_wind_generation,Wind Onshore,2026-09-04T05:43:20Z
2026-09-04T05:42:20Z,2026-09-04T07:42:20+0200,6bcc2458-d8ca-4b45-a21e-3b99293d3a28,2026-08-30T02:15:00Z,2026-08-30T04:15:00+0200,6881.51,MW,FR,FR,actual_onshore_wind_generation,Wind Onshore,2026-09-04T05:43:20Z
2026-09-04T05:42:20Z,2026-09-04T07:42:20+0200,6bcc2458-d8ca-4b45-a21e-3b99293d3a28,2026-08-30T02:30:00Z,2026-08-30T04:30:00+0200,6721.35,MW,FR,FR,actual_onshore_wind_generation,Wind Onshore,2026-09-04T05:43:20Z
2026-09-04T05:42:20Z,2026-09-04T07:42:20+0200,6bcc2458-d8ca-4b45-a21e-3b99293d3a28,2026-08-30T02:45:00Z,2026-08-30T04:45:00+0200,6510.65,MW,FR,FR,actual_onshore_wind_generation,Wind Onshore,2026-09-04T05:43:20Z
2026-09-04T05:42:20Z,2026-09-04T07:42:20+0200,6bcc2458-d8ca-4b45-a21e-3b99293d3a28,2026-08-30T03:00:00Z,2026-08-30T05:00:00+0200,6269.51,MW,FR,FR,actual_onshore_wind_generation,Wind Onshore,2026-09-04T05:43:20Z
2026-09-04T05:42:20Z,2026-09-04T07:42:20+0200,6bcc2458-d8ca-4b45-a21e-3b99293d3a28,2026-08-30T03:15:00Z,2026-08-30T05:15:00+0200,6047.58,MW,FR,FR,actual_onshore_wind_generation,Wind Onshore,2026-09-04T05:43:20Z
2026-09-04T05:42:20Z,2026-09-04T07:42:20+0200,6bcc2458-d8ca-4b45-a21e-3b99293d3a28,2026-08-30T03:30:00Z,2026-08-30T05:30:00+0200,5831.61,MW,FR,FR,actual_onshore_wind_generation,Wind Onshore,2026-09-04T05:43:20Z
2026-09-04T05:42:20Z,2026-09-04T07:42:20+0200,6bcc2458-d8ca-4b45-a21e-3b99293d3a28,2026-08-30T03:45:00Z,2026-08-30T05:45:00+0200,5622.33,MW,FR,FR,actual_onshore_wind_generation,Wind Onshore,2026-09-04T05:43:20Z
2026-09-04T05:42:20Z,2026-09-04T07:42:20+0200,6bcc2458-d8ca-4b45-a21e-3b99293d3a28,2026-08-30T04:00:00Z,2026-08-30T06:00:00+0200,5460.23,MW,FR,FR,actual_onshore_wind_generation,Wind Onshore,2026-09-04T05:43:20Z
2026-09-04T05:42:20Z,2026-09-04T07:42:20+0200,6bcc2458-d8ca-4b45-a21e-3b99293d3a28,2026-08-30T04:15:00Z,2026-08-30T06:15:00+0200,5406.87,MW,FR,FR,actual_onshore_wind_generation,Wind Onshore,2026-09-04T05:43:20Z
2026-09-04T05:42:20Z,2026-09-04T07:42:20+0200,6bcc2458-d8ca-4b45-a21e-3b99293d3a28,2026-08-30T04:30:00Z,2026-08-30T06:30:00+0200,5274.9,MW,FR,FR,actual_onshore_wind_generation,Wind Onshore,2026-09-04T05:43:20Z
2026-09-04T05:42:20Z,2026-09-04T07:42:20+0200,6bcc2458-d8ca-4b45-a21e-3b99293d3a28,2026-08-30T04:45:00Z,2026-08-30T06:45:00+0200,5131.35,MW,FR,FR,actual_onshore_wind_generation,Wind Onshore,2026-09-04T05:43:20Z
2026-09-04T05:42:20Z,2026-09-04T07:42:20+0200,6bcc2458-d8ca-4b45-a21e-3b99293d3a28,2026-08-30T05:00:00Z,2026-08-30T07:00:00+0200,5072.82,MW,FR,FR,actual_onshore_wind_generation,Wind Onshore,2026-09-04T05:43:20Z
2026-09-04T05:42:20Z,2026-09-04T07:42:20+0200,6bcc2458-d8ca-4b45-a21e-3b99293d3a28,2026-08-30T05:15:00Z,2026-08-30T07:15:00+0200,5031.79,MW,FR,FR,actual_onshore_wind_generation,Wind Onshore,2026-09-04T05:43:20Z
2026-09-04T05:42:20Z,2026-09-04T07:42:20+0200,6bcc2458-d8ca-4b45-a21e-3b99293d3a28,2026-08-30T05:30:00Z,2026-08-30T07:30:00+0200,4902.87,MW,FR,FR,actual_onshore_wind_generation,Wind Onshore,2026-09-04T05:43:20Z
2026-09-04T05:42:20Z,2026-09-04T07:42:20+0200,6bcc2458-d8ca-4b45-a21e-3b99293d3a28,2026-08-30T05:45:00Z,2026-08-30T07:45:00+0200,4732.59,MW,FR,FR,actual_onshore_wind_generation,Wind Onshore,2026-09-04T05:43:20Z
2026-09-04T05:42:20Z,2026-09-04T07:42:20+0200,6bcc2458-d8ca-4b45-a21e-3b99293d3a28,2026-08-30T06:00:00Z,2026-08-30T08:00:00+0200,4601.11,MW,FR,FR,actual_onshore_wind_generation,Wind Onshore,2026-09-04T05:43:20Z
2026-09-04T05:42:20Z,2026-09-04T07:42:20+0200,6bcc2458-d8ca-4b45-a21e-3b99293d3a28,2026-08-30T06:15:00Z,2026-08-30T08:15:00+0200,4403.03,MW,FR,FR,actual_onshore_wind_generation,Wind Onshore,2026-09-04T05:43:20Z
2026-09-04T05:42:20Z,2026-09-04T07:42:20+0200,6bcc2458-d8ca-4b45-a21e-3b99293d3a28,2026-08-30T06:30:00Z,2026-08-30T08:30:00+0200,4175.22,MW,FR,FR,actual_onshore_wind_generation,Wind Onshore,2026-09-04T05:43:20Z
2026-09-04T05:42:20Z,2026-09-04T07:42:20+0200,6bcc2458-d8ca-4b45-a21e-3b99293d3a28,2026-08-30T06:45:00Z,2026-08-30T08:45:00+0200,3942.68,MW,FR,FR,actual_onshore_wind_generation,Wind Onshore,2026-09-04T05:43:20Z
2026-09-04T05:42:20Z,2026-09-04T07:42:20+0200,6bcc2458-d8ca-4b45-a21e-3b99293d3a28,2026-08-30T07:00:00Z,2026-08-30T09:00:00+0200,3822.09,MW,FR,FR,actual_onshore_wind_generation,Wind Onshore,2026-09-04T05:43:20Z
2026-09-04T05:42:20Z,2026-09-04T07:42:20+0200,6bcc2458-d8ca-4b45-a21e-3b99293d3a28,2026-08-30T07:15:00Z,2026-08-30T09:15:00+0200,3804.63,MW,FR,FR,actual_onshore_wind_generation,Wind Onshore,2026-09-04T05:43:20Z
2026-09-04T05:42:20Z,2026-09-04T07:42:20+0200,6bcc2458-d8ca-4b45-a21e-3b99293d3a28,2026-08-30T07:30:00Z,2026-08-30T09:30:00+0200,3777.9,MW,FR,FR,actual_onshore_wind_generation,Wind Onshore,2026-09-04T05:43:20Z
2026-09-04T05:42:20Z,2026-09-04T07:42:20+0200,6bcc2458-d8ca-4b45-a21e-3b99293d3a28,2026-08-30T07:45:00Z,2026-08-30T09:45:00+0200,3532.1,MW,FR,FR,actual_onshore_wind_generation,Wind Onshore,2026-09-04T05:43:20Z
2026-09-04T05:42:20Z,2026-09-04T07:42:20+0200,6bcc2458-d8ca-4b45-a21e-3b99293d3a28,2026-08-30T08:00:00Z,2026-08-30T10:00:00+0200,2709.38,MW,FR,FR,actual_onshore_wind_generation,Wind Onshore,2026-09-04T05:43:20Z
2026-09-04T05:42:20Z,2026-09-04T07:42:20+0200,6bcc2458-d8ca-4b45-a21e-3b99293d3a28,2026-08-30T08:15:00Z,2026-08-30T10:15:00+0200,2441.15,MW,FR,FR,actual_onshore_wind_generation,Wind Onshore,2026-09-04T05:43:20Z
2026-09-04T05:42:20Z,2026-09-04T07:42:20+0200,6bcc2458-d8ca-4b45-a21e-3b99293d3a28,2026-08-30T08:30:00Z,2026-08-30T10:30:00+0200,2190.2,MW,FR,FR,actual_onshore_wind_generation,Wind Onshore,2026-09-04T05:43:20Z
2026-09-04T05:42:20Z,2026-09-04T07:42:20+0200,6bcc2458-d8ca-4b45-a21e-3b99293d3a28,2026-08-30T08:45:00Z,2026-08-30T10:45:00+0200,1800.01,MW,FR,FR,actual_onshore_wind_generation,Wind Onshore,2026-09-04T05:43:20Z
2026-09-04T05:42:20Z,2026-09-04T07:42:20+0200,6bcc2458-d8ca-4b45-a21e-3b99293d3a28,2026-08-30T09:00:00Z,2026-08-30T11:00:00+0200,1507.39,MW,FR,FR,actual_onshore_wind_generation,Wind Onshore,2026-09-04T05:43:20Z
2026-09-04T05:42:20Z,2026-09-04T07:42:20+0200,6bcc2458-d8ca-4b45-a21e-3b99293d3a28,2026-08-30T09:15:00Z,2026-08-30T11:15:00+0200,1497.8,MW,FR,FR,actual_onshore_wind_generation,Wind Onshore,2026-09-04T05:43:20Z
2026-09-04T05:42:20Z,2026-09-04T07:42:20+0200,6bcc2458-d8ca-4b45-a21e-3b99293d3a28,2026-08-30T09:30:00Z,2026-08-30T11:30:00+0200,1527.7,MW,FR,FR,actual_onshore_wind_generation,Wind Onshore,2026-09-04T05:43:20Z
2026-09-04T05:42:20Z,2026-09-04T07:42:20+0200,6bcc2458-d8ca-4b45-a21e-3b99293d3a28,2026-08-30T09:45:00Z,2026-08-30T11:45:00+0200,1528.39,MW,FR,FR,actual_onshore_wind_generation,Wind Onshore,2026-09-04T05:43:20Z
2026-09-04T05:42:20Z,2026-09-04T07:42:20+0200,6bcc2458-d8ca-4b45-a21e-3b99293d3a28,2026-08-30T10:00:00Z,2026-08-30T12:00:00+0200,1501.42,MW,FR,FR,actual_onshore_wind_generation,Wind Onshore,2026-09-04T05:43:20Z
2026-09-04T05:42:20Z,2026-09-04T07:42:20+0200,6bcc2458-d8ca-4b45-a21e-3b99293d3a28,2026-08-30T10:15:00Z,2026-08-30T12:15:00+0200,1519.12,MW,FR,FR,actual_onshore_wind_generation,Wind Onshore,2026-09-04T05:43:20Z
2026-09-04T05:42:20Z,2026-09-04T07:42:20+0200,6bcc2458-d8ca-4b45-a21e-3b99293d3a28,2026-08-30T10:30:00Z,2026-08-30T12:30:00+0200,1546.24,MW,FR,FR,actual_onshore_wind_generation,Wind Onshore,2026-09-04T05:43:20Z
2026-09-04T05:42:20Z,2026-09-04T07:42:20+0200,6bcc2458-d8ca-4b45-a21e-3b99293d3a28,2026-08-30T10:45:00Z,2026-08-30T12:45:00+0200,1594.63,MW,FR,FR,actual_onshore_wind_generation,Wind Onshore,2026-09-04T05:43:20Z
2026-09-04T05:42:20Z,2026-09-04T07:42:20+0200,6bcc2458-d8ca-4b45-a21e-3b99293d3a28,2026-08-30T11:00:00Z,2026-08-30T13:00:00+0200,1582.99,MW,FR,FR,actual_onshore_wind_generation,Wind Onshore,2026-09-04T05:43:20Z
2026-09-04T05:42:20Z,2026-09-04T07:42:20+0200,6bcc2458-d8ca-4b45-a21e-3b99293d3a28,2026-08-30T11:15:00Z,2026-08-30T13:15:00+0200,1550.25,MW,FR,FR,actual_onshore_wind_generation,Wind Onshore,2026-09-04T05:43:20Z
2026-09-04T05:42:20Z,2026-09-04T07:42:20+0200,6bcc2458-d8ca-4b45-a21e-3b99293d3a28,2026-08-30T11:30:00Z,2026-08-30T13:30:00+0200,1567.98,MW,FR,FR,actual_onshore_wind_generation,Wind Onshore,2026-09-04T05:43:20Z
2026-09-04T05:42:20Z,2026-09-04T07:42:20+0200,6bcc2458-d8ca-4b45-a21e-3b99293d3a28,2026-08-30T11:45:00Z,2026-08-30T13:45:00+0200,1582.11,MW,FR,FR,actual_onshore_wind_generation,Wind Onshore,2026-09-04T05:43:20Z
2026-09-04T05:42:20Z,2026-09-04T07:42:20+0200,6bcc2458-d8ca-4b45-a21e-3b99293d3a28,2026-08-30T12:00:00Z,2026-08-30T14:00:00+0200,1569.59,MW,FR,FR,actual_onshore_wind_generation,Wind Onshore,2026-09-04T05:43:20Z
2026-09-04T05:42:20Z,2026-09-04T07:42:20+0200,6bcc2458-d8ca-4b45-a21e-3b99293d3a28,2026-08-30T12:15:00Z,2026-08-30T14:15:00+0200,1598.9,MW,FR,FR,actual_onshore_wind_generation,Wind Onshore,2026-09-04T05:43:20Z
2026-09-04T05:42:20Z,2026-09-04T07:42:20+0200,6bcc2458-d8ca-4b45-a21e-3b99293d3a28,2026-08-30T12:30:00Z,2026-08-30T14:30:00+0200,1611.19,MW,FR,FR,actual_onshore_wind_generation,Wind Onshore,2026-09-04T05:43:20Z
2026-09-04T05:42:20Z,2026-09-04T07:42:20+0200,6bcc2458-d8ca-4b45-a21e-3b99293d3a28,2026-08-30T12:45:00Z,2026-08-30T14:45:00+0200,1658.19,MW,FR,FR,actual_onshore_wind_generation,Wind Onshore,2026-09-04T05:43:20Z
2026-09-04T05:42:20Z,2026-09-04T07:42:20+0200,6bcc2458-d8ca-4b45-a21e-3b99293d3a28,2026-08-30T13:00:00Z,2026-08-30T15:00:00+0200,1713.29,MW,FR,FR,actual_onshore_wind_generation,Wind Onshore,2026-09-04T05:43:20Z
2026-09-04T05:42:20Z,2026-09-04T07:42:20+0200,6bcc2458-d8ca-4b45-a21e-3b99293d3a28,2026-08-30T13:15:00Z,2026-08-30T15:15:00+0200,1923.58,MW,FR,FR,actual_onshore_wind_generation,Wind Onshore,2026-09-04T05:43:20Z
2026-09-04T05:42:20Z,2026-09-04T07:42:20+0200,6bcc2458-d8ca-4b45-a21e-3b99293d3a28,2026-08-30T13:30:00Z,2026-08-30T15:30:00+0200,2408.03,MW,FR,FR,actual_onshore_wind_generation,Wind Onshore,2026-09-04T05:43:20Z
2026-09-04T05:42:20Z,2026-09-04T07:42:20+0200,6bcc2458-d8ca-4b45-a21e-3b99293d3a28,2026-08-30T13:45:00Z,2026-08-30T15:45:00+0200,3009.4,MW,FR,FR,actual_onshore_wind_generation,Wind Onshore,2026-09-04T05:43:20Z
2026-09-04T05:42:20Z,2026-09-04T07:42:20+0200,6bcc2458-d8ca-4b45-a21e-3b99293d3a28,2026-08-30T14:00:00Z,2026-08-30T16:00:00+0200,3424.56,MW,FR,FR,actual_onshore_wind_generation,Wind Onshore,2026-09-04T05:43:20Z
2026-09-04T05:42:20Z,2026-09-04T07:42:20+0200,6bcc2458-d8ca-4b45-a21e-3b99293d3a28,2026-08-30T14:15:00Z,2026-08-30T16:15:00+0200,3524.45,MW,FR,FR,actual_onshore_wind_generation,Wind Onshore,2026-09-04T05:43:20Z
2026-09-04T05:42:20Z,2026-09-04T07:42:20+0200,6bcc2458-d8ca-4b45-a21e-3b99293d3a28,2026-08-30T14:30:00Z,2026-08-30T16:30:00+0200,3475.74,MW,FR,FR,actual_onshore_wind_generation,Wind Onshore,2026-09-04T05:43:20Z
2026-09-04T05:42:20Z,2026-09-04T07:42:20+0200,6bcc2458-d8ca-4b45-a21e-3b99293d3a28,2026-08-30T14:45:00Z,2026-08-30T16:45:00+0200,3569.37,MW,FR,FR,actual_onshore_wind_generation,Wind Onshore,2026-09-04T05:43:20Z
2026-09-04T05:42:20Z,2026-09-04T07:42:20+0200,6bcc2458-d8ca-4b45-a21e-3b99293d3a28,2026-08-30T15:00:00Z,2026-08-30T17:00:00+0200,3754.11,MW,FR,FR,actual_onshore_wind_generation,Wind Onshore,2026-09-04T05:43:20Z
2026-09-04T05:42:20Z,2026-09-04T07:42:20+0200,6bcc2458-d8ca-4b45-a21e-3b99293d3a28,2026-08-30T15:15:00Z,2026-08-30T17:15:00+0200,3820.89,MW,FR,FR,actual_onshore_wind_generation,Wind Onshore,2026-09-04T05:43:20Z
2026-09-04T05:42:20Z,2026-09-04T07:42:20+0200,6bcc2458-d8ca-4b45-a21e-3b99293d3a28,2026-08-30T15:30:00Z,2026-08-30T17:30:00+0200,4917.74,MW,FR,FR,actual_onshore_wind_generation,Wind Onshore,2026-09-04T05:43:20Z
2026-09-04T05:42:20Z,2026-09-04T07:42:20+0200,6bcc2458-d8ca-4b45-a21e-3b99293d3a28,2026-08-30T15:45:00Z,2026-08-30T17:45:00+0200,5827.5,MW,FR,FR,actual_onshore_wind_generation,Wind Onshore,2026-09-04T05:43:20Z
2026-09-04T05:42:20Z,2026-09-04T07:42:20+0200,6bcc2458-d8ca-4b45-a21e-3b99293d3a28,2026-08-30T16:00:00Z,2026-08-30T18:00:00+0200,5691.5,MW,FR,FR,actual_onshore_wind_generation,Wind Onshore,2026-09-04T05:43:20Z
2026-09-04T05:42:20Z,2026-09-04T07:42:20+0200,6bcc2458-d8ca-4b45-a21e-3b99293d3a28,2026-08-30T16:15:00Z,2026-08-30T18:15:00+0200,5543.78,MW,FR,FR,actual_onshore_wind_generation,Wind Onshore,2026-09-04T05:43:20Z
2026-09-04T05:42:20Z,2026-09-04T07:42:20+0200,6bcc2458-d8ca-4b45-a21e-3b99293d3a28,2026-08-30T16:30:00Z,2026-08-30T18:30:00+0200,5479.56,MW,FR,FR,actual_onshore_wind_generation,Wind Onshore,2026-09-04T05:43:20Z
2026-09-04T05:42:20Z,2026-09-04T07:42:20+0200,6bcc2458-d8ca-4b45-a21e-3b99293d3a28,2026-08-30T16:45:00Z,2026-08-30T18:45:00+0200,5373.52,MW,FR,FR,actual_onshore_wind_generation,Wind Onshore,2026-09-04T05:43:20Z
2026-09-04T05:42:20Z,2026-09-04T07:42:20+0200,6bcc2458-d8ca-4b45-a21e-3b99293d3a28,2026-08-30T17:00:00Z,2026-08-30T19:00:00+0200,5205.98,MW,FR,FR,actual_onshore_wind_generation,Wind Onshore,2026-09-04T05:43:20Z
2026-09-04T05:42:20Z,2026-09-04T07:42:20+0200,6bcc2458-d8ca-4b45-a21e-3b99293d3a28,2026-08-30T17:15:00Z,2026-08-30T19:15:00+0200,5133.58,MW,FR,FR,actual_onshore_wind_generation,Wind Onshore,2026-09-04T05:43:20Z
2026-09-04T05:42:20Z,2026-09-04T07:42:20+0200,6bcc2458-d8ca-4b45-a21e-3b99293d3a28,2026-08-30T17:30:00Z,2026-08-30T19:30:00+0200,4973.89,MW,FR,FR,actual_onshore_wind_generation,Wind Onshore,2026-09-04T05:43:20Z
2026-09-04T05:42:20Z,2026-09-04T07:42:20+0200,6bcc2458-d8ca-4b45-a21e-3b99293d3a28,2026-08-30T17:45:00Z,2026-08-30T19:45:00+0200,4766.27,MW,FR,FR,actual_onshore_wind_generation,Wind Onshore,2026-09-04T05:43:20Z
2026-09-04T05:42:20Z,2026-09-04T07:42:20+0200,6bcc2458-d8ca-4b45-a21e-3b99293d3a28,2026-08-30T18:00:00Z,2026-08-30T20:00:00+0200,4765.83,MW,FR,FR,actual_onshore_wind_generation,Wind Onshore,2026-09-04T05:43:20Z
2026-09-04T05:42:20Z,2026-09-04T07:42:20+0200,6bcc2458-d8ca-4b45-a21e-3b99293d3a28,2026-08-30T18:15:00Z,2026-08-30T20:15:00+0200,5041.35,MW,FR,FR,actual_onshore_wind_generation,Wind Onshore,2026-09-04T05:43:20Z
2026-09-04T05:42:20Z,2026-09-04T07:42:20+0200,6bcc2458-d8ca-4b45-a21e-3b99293d3a28,2026-08-30T18:30:00Z,2026-08-30T20:30:00+0200,5323.67,MW,FR,FR,actual_onshore_wind_generation,Wind Onshore,2026-09-04T05:43:20Z
2026-09-04T05:42:20Z,2026-09-04T07:42:20+0200,6bcc2458-d8ca-4b45-a21e-3b99293d3a28,2026-08-30T18:45:00Z,2026-08-30T20:45:00+0200,5520.9,MW,FR,FR,actual_onshore_wind_generation,Wind Onshore,2026-09-04T05:43:20Z
2026-09-04T05:42:20Z,2026-09-04T07:42:20+0200,6bcc2458-d8ca-4b45-a21e-3b99293d3a28,2026-08-30T19:00:00Z,2026-08-30T21:00:00+0200,5662.91,MW,FR,FR,actual_onshore_wind_generation,Wind Onshore,2026-09-04T05:43:20Z
2026-09-04T05:42:20Z,2026-09-04T07:42:20+0200,6bcc2458-d8ca-4b45-a21e-3b99293d3a28,2026-08-30T19:15:00Z,2026-08-30T21:15:00+0200,5780.38,MW,FR,FR,actual_onshore_wind_generation,Wind Onshore,2026-09-04T05:43:20Z
2026-09-04T05:42:20Z,2026-09-04T07:42:20+0200,6bcc2458-d8ca-4b45-a21e-3b99293d3a28,2026-08-30T19:30:00Z,2026-08-30T21:30:00+0200,5917.56,MW,FR,FR,actual_onshore_wind_generation,Wind Onshore,2026-09-04T05:43:20Z
2026-09-04T05:42:20Z,2026-09-04T07:42:20+0200,6bcc2458-d8ca-4b45-a21e-3b99293d3a28,2026-08-30T19:45:00Z,2026-08-30T21:45:00+0200,6063.76,MW,FR,FR,actual_onshore_wind_generation,Wind Onshore,2026-09-04T05:43:20Z
2026-09-04T05:42:20Z,2026-09-04T07:42:20+0200,6bcc2458-d8ca-4b45-a21e-3b99293d3a28,2026-08-30T20:00:00Z,2026-08-30T22:00:00+0200,6086.42,MW,FR,FR,actual_onshore_wind_generation,Wind Onshore,2026-09-04T05:43:20Z
2026-09-04T05:42:20Z,2026-09-04T07:42:20+0200,6bcc2458-d8ca-4b45-a21e-3b99293d3a28,2026-08-30T20:15:00Z,2026-08-30T22:15:00+0200,6339.74,MW,FR,FR,actual_onshore_wind_generation,Wind Onshore,2026-09-04T05:43:20Z
2026-09-04T05:42:20Z,2026-09-04T07:42:20+0200,6bcc2458-d8ca-4b45-a21e-3b99293d3a28,2026-08-30T20:30:00Z,2026-08-30T22:30:00+0200,6807.5,MW,FR,FR,actual_onshore_wind_generation,Wind Onshore,2026-09-04T05:43:20Z
2026-09-04T05:42:20Z,2026-09-04T07:42:20+0200,6bcc2458-d8ca-4b45-a21e-3b99293d3a28,2026-08-30T20:45:00Z,2026-08-30T22:45:00+0200,7394.52,MW,FR,FR,actual_onshore_wind_generation,Wind Onshore,2026-09-04T05:43:20Z
2026-09-04T05:42:20Z,2026-09-04T07:42:20+0200,6bcc2458-d8ca-4b45-a21e-3b99293d3a28,2026-08-30T21:00:00Z,2026-08-30T23:00:00+0200,7865.05,MW,FR,FR,actual_onshore_wind_generation,Wind Onshore,2026-09-04T05:43:20Z
2026-09-04T05:42:20Z,2026-09-04T07:42:20+0200,6bcc2458-d8ca-4b45-a21e-3b99293d3a28,2026-08-30T21:15:00Z,2026-08-30T23:15:00+0200,8122.19,MW,FR,FR,actual_onshore_wind_generation,Wind Onshore,2026-09-04T05:43:20Z
2026-09-04T05:42:20Z,2026-09-04T07:42:20+0200,6bcc2458-d8ca-4b45-a21e-3b99293d3a28,2026-08-30T21:30:00Z,2026-08-30T23:30:00+0200,8408.17,MW,FR,FR,actual_onshore_wind_generation,Wind Onshore,2026-09-04T05:43:20Z
2026-09-04T05:42:20Z,2026-09-04T07:42:20+0200,6bcc2458-d8ca-4b45-a21e-3b99293d3a28,2026-08-30T21:45:00Z,2026-08-30T23:45:00+0200,8687.92,MW,FR,FR,actual_onshore_wind_generation,Wind Onshore,2026-09-04T05:43:20Z
2026-09-04T05:42:20Z,2026-09-04T07:42:20+0200,6bcc2458-d8ca-4b45-a21e-3b99293d3a28,2026-08-30T22:00:00Z,2026-08-31T00:00:00+0200,8819.13,MW,FR,FR,actual_onshore_wind_generation,Wind Onshore,2026-09-04T05:43:20Z
2026-09-04T05:42:20Z,2026-09-04T07:42:20+0200,6bcc2458-d8ca-4b45-a21e-3b99293d3a28,2026-08-30T22:15:00Z,2026-08-31T00:15:00+0200,8880.22,MW,FR,FR,actual_onshore_wind_generation,Wind Onshore,2026-09-04T05:43:20Z
2026-09-04T05:42:20Z,2026-09-04T07:42:20+0200,6bcc2458-d8ca-4b45-a21e-3b99293d3a28,2026-08-30T22:30:00Z,2026-08-31T00:30:00+0200,9058.47,MW,FR,FR,actual_onshore_wind_generation,Wind Onshore,2026-09-04T05:43:20Z
2026-09-04T05:42:20Z,2026-09-04T07:42:20+0200,6bcc2458-d8ca-4b45-a21e-3b99293d3a28,2026-08-30T22:45:00Z,2026-08-31T00:45:00+0200,9250.25,MW,FR,FR,actual_onshore_wind_generation,Wind Onshore,2026-09-04T05:43:20Z
2026-09-04T05:42:20Z,2026-09-04T07:42:20+0200,6bcc2458-d8ca-4b45-a21e-3b99293d3a28,2026-08-30T23:00:00Z,2026-08-31T01:00:00+0200,9495.87,MW,FR,FR,actual_onshore_wind_generation,Wind Onshore,2026-09-04T05:43:20Z
2026-09-04T05:42:20Z,2026-09-04T07:42:20+0200,6bcc2458-d8ca-4b45-a21e-3b99293d3a28,2026-08-30T23:15:00Z,2026-08-31T01:15:00+0200,9619.02,MW,FR,FR,actual_onshore_wind_generation,Wind Onshore,2026-09-04T05:43:20Z
2026-09-04T05:42:20Z,2026-09-04T07:42:20+0200,6bcc2458-d8ca-4b45-a21e-3b99293d3a28,2026-08-30T23:30:00Z,2026-08-31T01:30:00+0200,9780.09,MW,FR,FR,actual_onshore_wind_generation,Wind Onshore,2026-09-04T05:43:20Z
2026-09-04T05:42:20Z,2026-09-04T07:42:20+0200,6bcc2458-d8ca-4b45-a21e-3b99293d3a28,2026-08-30T23:45:00Z,2026-08-31T01:45:00+0200,9858.26,MW,FR,FR,actual_onshore_wind_generation,Wind Onshore,2026-09-04T05:43:20Z
2026-09-04T05:42:20Z,2026-09-04T07:42:20+0200,6bcc2458-d8ca-4b45-a21e-3b99293d3a28,2026-08-31T00:00:00Z,2026-08-31T02:00:00+0200,9769.32,MW,FR,FR,actual_onshore_wind_generation,Wind Onshore,2026-09-04T05:43:20Z
2026-09-04T05:42:20Z,2026-09-04T07:42:20+0200,6bcc2458-d8ca-4b45-a21e-3b99293d3a28,2026-08-31T00:15:00Z,2026-08-31T02:15:00+0200,9763.26,MW,FR,FR,actual_onshore_wind_generation,Wind Onshore,2026-09-04T05:43:20Z
2026-09-04T05:42:20Z,2026-09-04T07:42:20+0200,6bcc2458-d8ca-4b45-a21e-3b99293d3a28,2026-08-31T00:30:00Z,2026-08-31T02:30:00+0200,9727.13,MW,FR,FR,actual_onshore_wind_generation,Wind Onshore,2026-09-04T05:43:20Z
2026-09-04T05:42:20Z,2026-09-04T07:42:20+0200,6bcc2458-d8ca-4b45-a21e-3b99293d3a28,2026-08-31T00:45:00Z,2026-08-31T02:45:00+0200,9694.41,MW,FR,FR,actual_onshore_wind_generation,Wind Onshore,2026-09-04T05:43:20Z
2026-09-04T05:42:20Z,2026-09-04T07:42:20+0200,6bcc2458-d8ca-4b45-a21e-3b99293d3a28,2026-08-31T01:00:00Z,2026-08-31T03:00:00+0200,9703.53,MW,FR,FR,actual_onshore_wind_generation,Wind Onshore,2026-09-04T05:43:20Z
2026-09-04T05:42:20Z,2026-09-04T07:42:20+0200,6bcc2458-d8ca-4b45-a21e-3b99293d3a28,2026-08-31T01:15:00Z,2026-08-31T03:15:00+0200,9677.03,MW,FR,FR,actual_onshore_wind_generation,Wind Onshore,2026-09-04T05:43:20Z
2026-09-04T05:42:20Z,2026-09-04T07:42:20+0200,6bcc2458-d8ca-4b45-a21e-3b99293d3a28,2026-08-31T01:30:00Z,2026-08-31T03:30:00+0200,9878.88,MW,FR,FR,actual_onshore_wind_generation,Wind Onshore,2026-09-04T05:43:20Z
2026-09-04T05:42:20Z,2026-09-04T07:42:20+0200,6bcc2458-d8ca-4b45-a21e-3b99293d3a28,2026-08-31T01:45:00Z,2026-08-31T03:45:00+0200,10088.12,MW,FR,FR,actual_onshore_wind_generation,Wind Onshore,2026-09-04T05:43:20Z
2026-09-04T05:42:20Z,2026-09-04T07:42:20+0200,6bcc2458-d8ca-4b45-a21e-3b99293d3a28,2026-08-31T02:00:00Z,2026-08-31T04:00:00+0200,10270.38,MW,FR,FR,actual_onshore_wind_generation,Wind Onshore,2026-09-04T05:43:20Z
2026-09-04T05:42:20Z,2026-09-04T07:42:20+0200,6bcc2458-d8ca-4b45-a21e-3b99293d3a28,2026-08-31T02:15:00Z,2026-08-31T04:15:00+0200,10267.51,MW,FR,FR,actual_onshore_wind_generation,Wind Onshore,2026-09-04T05:43:20Z
2026-09-04T05:42:20Z,2026-09-04T07:42:20+0200,6bcc2458-d8ca-4b45-a21e-3b99293d3a28,2026-08-31T02:30:00Z,2026-08-31T04:30:00+0200,10307.33,MW,FR,FR,actual_onshore_wind_generation,Wind Onshore,2026-09-04T05:43:20Z
2026-09-04T05:42:20Z,2026-09-04T07:42:20+0200,6bcc2458-d8ca-4b45-a21e-3b99293d3a28,2026-08-31T02:45:00Z,2026-08-31T04:45:00+0200,10308.2,MW,FR,FR,actual_onshore_wind_generation,Wind Onshore,2026-09-04T05:43:20Z
2026-09-04T05:42:20Z,2026-09-04T07:42:20+0200,6bcc2458-d8ca-4b45-a21e-3b99293d3a28,2026-08-31T03:00:00Z,2026-08-31T05:00:00+0200,10424.97,MW,FR,FR,actual_onshore_wind_generation,Wind Onshore,2026-09-04T05:43:20Z
2026-09-04T05:42:20Z,2026-09-04T07:42:20+0200,6bcc2458-d8ca-4b45-a21e-3b99293d3a28,2026-08-31T03:15:00Z,2026-08-31T05:15:00+0200,10386.91,MW,FR,FR,actual_onshore_wind_generation,Wind Onshore,2026-09-04T05:43:20Z
2026-09-04T05:42:20Z,2026-09-04T07:42:20+0200,6bcc2458-d8ca-4b45-a21e-3b99293d3a28,2026-08-31T03:30:00Z,2026-08-31T05:30:00+0200,10368.91,MW,FR,FR,actual_onshore_wind_generation,Wind Onshore,2026-09-04T05:43:20Z
2026-09-04T05:42:20Z,2026-09-04T07:42:20+0200,6bcc2458-d8ca-4b45-a21e-3b99293d3a28,2026-08-31T03:45:00Z,2026-08-31T05:45:00+0200,10393.48,MW,FR,FR,actual_onshore_wind_generation,Wind Onshore,2026-09-04T05:43:20Z
2026-09-04T05:42:20Z,2026-09-04T07:42:20+0200,6bcc2458-d8ca-4b45-a21e-3b99293d3a28,2026-08-31T04:00:00Z,2026-08-31T06:00:00+0200,10490.26,MW,FR,FR,actual_onshore_wind_generation,Wind Onshore,2026-09-04T05:43:20Z
2026-09-04T05:42:20Z,2026-09-04T07:42:20+0200,6bcc2458-d8ca-4b45-a21e-3b99293d3a28,2026-08-31T04:15:00Z,2026-08-31T06:15:00+0200,10589.26,MW,FR,FR,actual_onshore_wind_generation,Wind Onshore,2026-09-04T05:43:20Z
2026-09-04T05:42:20Z,2026-09-04T07:42:20+0200,6bcc2458-d8ca-4b45-a21e-3b99293d3a28,2026-08-31T04:30:00Z,2026-08-31T06:30:00+0200,10601.72,MW,FR,FR,actual_onshore_wind_generation,Wind Onshore,2026-09-04T05:43:20Z
2026-09-04T05:42:20Z,2026-09-04T07:42:20+0200,6bcc2458-d8ca-4b45-a21e-3b99293d3a28,2026-08-31T04:45:00Z,2026-08-31T06:45:00+0200,10378.15,MW,FR,FR,actual_onshore_wind_generation,Wind Onshore,2026-09-04T05:43:20Z
2026-09-04T05:42:20Z,2026-09-04T07:42:20+0200,6bcc2458-d8ca-4b45-a21e-3b99293d3a28,2026-08-31T05:00:00Z,2026-08-31T07:00:00+0200,10495.74,MW,FR,FR,actual_onshore_wind_generation,Wind Onshore,2026-09-04T05:43:20Z
2026-09-04T05:42:20Z,2026-09-04T07:42:20+0200,6bcc2458-d8ca-4b45-a21e-3b99293d3a28,2026-08-31T05:15:00Z,2026-08-31T07:15:00+0200,10445.76,MW,FR,FR,actual_onshore_wind_generation,Wind Onshore,2026-09-04T05:43:20Z
2026-09-04T05:42:20Z,2026-09-04T07:42:20+0200,6bcc2458-d8ca-4b45-a21e-3b99293d3a28,2026-08-31T05:30:00Z,2026-08-31T07:30:00+0200,10350.66,MW,FR,FR,actual_onshore_wind_generation,Wind Onshore,2026-09-04T05:43:20Z
2026-09-04T05:42:20Z,2026-09-04T07:42:20+0200,6bcc2458-d8ca-4b45-a21e-3b99293d3a28,2026-08-31T05:45:00Z,2026-08-31T07:45:00+0200,10181.11,MW,FR,FR,actual_onshore_wind_generation,Wind Onshore,2026-09-04T05:43:20Z
2026-09-04T05:42:20Z,2026-09-04T07:42:20+0200,6bcc2458-d8ca-4b45-a21e-3b99293d3a28,2026-08-31T06:00:00Z,2026-08-31T08:00:00+0200,10082.71,MW,FR,FR,actual_onshore_wind_generation,Wind Onshore,2026-09-04T05:43:20Z
2026-09-04T05:42:20Z,2026-09-04T07:42:20+0200,6bcc2458-d8ca-4b45-a21e-3b99293d3a28,2026-08-31T06:15:00Z,2026-08-31T08:15:00+0200,10071.04,MW,FR,FR,actual_onshore_wind_generation,Wind Onshore,2026-09-04T05:43:20Z
2026-09-04T05:42:20Z,2026-09-04T07:42:20+0200,6bcc2458-d8ca-4b45-a21e-3b99293d3a28,2026-08-31T06:30:00Z,2026-08-31T08:30:00+0200,10156.47,MW,FR,FR,actual_onshore_wind_generation,Wind Onshore,2026-09-04T05:43:20Z
2026-09-04T05:42:20Z,2026-09-04T07:42:20+0200,6bcc2458-d8ca-4b45-a21e-3b99293d3a28,2026-08-31T06:45:00Z,2026-08-31T08:45:00+0200,10345.81,MW,FR,FR,actual_onshore_wind_generation,Wind Onshore,2026-09-04T05:43:20Z
2026-09-04T05:42:20Z,2026-09-04T07:42:20+0200,6bcc2458-d8ca-4b45-a21e-3b99293d3a28,2026-08-31T07:00:00Z,2026-08-31T09:00:00+0200,10447.04,MW,FR,FR,actual_onshore_wind_generation,Wind Onshore,2026-09-04T05:43:20Z
2026-09-04T05:42:20Z,2026-09-04T07:42:20+0200,6bcc2458-d8ca-4b45-a21e-3b99293d3a28,2026-08-31T07:15:00Z,2026-08-31T09:15:00+0200,10452.43,MW,FR,FR,actual_onshore_wind_generation,Wind Onshore,2026-09-04T05:43:20Z
2026-09-04T05:42:20Z,2026-09-04T07:42:20+0200,6bcc2458-d8ca-4b45-a21e-3b99293d3a28,2026-08-31T07:30:00Z,2026-08-31T09:30:00+0200,10632.33,MW,FR,FR,actual_onshore_wind_generation,Wind Onshore,2026-09-04T05:43:20Z
2026-09-04T05:42:20Z,2026-09-04T07:42:20+0200,6bcc2458-d8ca-4b45-a21e-3b99293d3a28,2026-08-31T07:45:00Z,2026-08-31T09:45:00+0200,10750.78,MW,FR,FR,actual_onshore_wind_generation,Wind Onshore,2026-09-04T05:43:20Z
2026-09-04T05:42:20Z,2026-09-04T07:42:20+0200,6bcc2458-d8ca-4b45-a21e-3b99293d3a28,2026-08-31T08:00:00Z,2026-08-31T10:00:00+0200,10855.84,MW,FR,FR,actual_onshore_wind_generation,Wind Onshore,2026-09-04T05:43:20Z
2026-09-04T05:42:20Z,2026-09-04T07:42:20+0200,6bcc2458-d8ca-4b45-a21e-3b99293d3a28,2026-08-31T08:15:00Z,2026-08-31T10:15:00+0200,10793.31,MW,FR,FR,actual_onshore_wind_generation,Wind Onshore,2026-09-04T05:43:20Z
2026-09-04T05:42:20Z,2026-09-04T07:42:20+0200,6bcc2458-d8ca-4b45-a21e-3b99293d3a28,2026-08-31T08:30:00Z,2026-08-31T10:30:00+0200,10993.15,MW,FR,FR,actual_onshore_wind_generation,Wind Onshore,2026-09-04T05:43:20Z
2026-09-04T05:42:20Z,2026-09-04T07:42:20+0200,6bcc2458-d8ca-4b45-a21e-3b99293d3a28,2026-08-31T08:45:00Z,2026-08-31T10:45:00+0200,11128.65,MW,FR,FR,actual_onshore_wind_generation,Wind Onshore,2026-09-04T05:43:20Z
2026-09-04T05:42:20Z,2026-09-04T07:42:20+0200,6bcc2458-d8ca-4b45-a21e-3b99293d3a28,2026-08-31T09:00:00Z,2026-08-31T11:00:00+0200,11290.71,MW,FR,FR,actual_onshore_wind_generation,Wind Onshore,2026-09-04T05:43:20Z
2026-09-04T05:42:20Z,2026-09-04T07:42:20+0200,6bcc2458-d8ca-4b45-a21e-3b99293d3a28,2026-08-31T09:15:00Z,2026-08-31T11:15:00+0200,11369.77,MW,FR,FR,actual_onshore_wind_generation,Wind Onshore,2026-09-04T05:43:20Z
2026-09-04T05:42:20Z,2026-09-04T07:42:20+0200,6bcc2458-d8ca-4b45-a21e-3b99293d3a28,2026-08-31T09:30:00Z,2026-08-31T11:30:00+0200,11341.13,MW,FR,FR,actual_onshore_wind_generation,Wind Onshore,2026-09-04T05:43:20Z
2026-09-04T05:42:20Z,2026-09-04T07:42:20+0200,6bcc2458-d8ca-4b45-a21e-3b99293d3a28,2026-08-31T09:45:00Z,2026-08-31T11:45:00+0200,11418.32,MW,FR,FR,actual_onshore_wind_generation,Wind Onshore,2026-09-04T05:43:20Z
2026-09-04T05:42:20Z,2026-09-04T07:42:20+0200,6bcc2458-d8ca-4b45-a21e-3b99293d3a28,2026-08-31T10:00:00Z,2026-08-31T12:00:00+0200,11559.96,MW,FR,FR,actual_onshore_wind_generation,Wind Onshore,2026-09-04T05:43:20Z
2026-09-04T05:42:20Z,2026-09-04T07:42:20+0200,6bcc2458-d8ca-4b45-a21e-3b99293d3a28,2026-08-31T10:15:00Z,2026-08-31T12:15:00+0200,11364.62,MW,FR,FR,actual_onshore_wind_generation,Wind Onshore,2026-09-04T05:43:20Z
2026-09-04T05:42:20Z,2026-09-04T07:42:20+0200,6bcc2458-d8ca-4b45-a21e-3b99293d3a28,2026-08-31T10:30:00Z,2026-08-31T12:30:00+0200,11497.64,MW,FR,FR,actual_onshore_wind_generation,Wind Onshore,2026-09-04T05:43:20Z
2026-09-04T05:42:20Z,2026-09-04T07:42:20+0200,6bcc2458-d8ca-4b45-a21e-3b99293d3a28,2026-08-31T10:45:00Z,2026-08-31T12:45:00+0200,10632.82,MW,FR,FR,actual_onshore_wind_generation,Wind Onshore,2026-09-04T05:43:20Z
2026-09-04T05:42:20Z,2026-09-04T07:42:20+0200,6bcc2458-d8ca-4b45-a21e-3b99293d3a28,2026-08-31T11:00:00Z,2026-08-31T13:00:00+0200,7908.87,MW,FR,FR,actual_onshore_wind_generation,Wind Onshore,2026-09-04T05:43:20Z
2026-09-04T05:42:20Z,2026-09-04T07:42:20+0200,6bcc2458-d8ca-4b45-a21e-3b99293d3a28,2026-08-31T11:15:00Z,2026-08-31T13:15:00+0200,7507.33,MW,FR,FR,actual_onshore_wind_generation,Wind Onshore,2026-09-04T05:43:20Z
2026-09-04T05:42:20Z,2026-09-04T07:42:20+0200,6bcc2458-d8ca-4b45-a21e-3b99293d3a28,2026-08-31T11:30:00Z,2026-08-31T13:30:00+0200,7467.54,MW,FR,FR,actual_onshore_wind_generation,Wind Onshore,2026-09-04T05:43:20Z
2026-09-04T05:42:20Z,2026-09-04T07:42:20+0200,6bcc2458-d8ca-4b45-a21e-3b99293d3a28,2026-08-31T11:45:00Z,2026-08-31T13:45:00+0200,7298.54,MW,FR,FR,actual_onshore_wind_generation,Wind Onshore,2026-09-04T05:43:20Z
2026-09-04T05:42:20Z,2026-09-04T07:42:20+0200,6bcc2458-d8ca-4b45-a21e-3b99293d3a28,2026-08-31T12:00:00Z,2026-08-31T14:00:00+0200,7258.43,MW,FR,FR,actual_onshore_wind_generation,Wind Onshore,2026-09-04T05:43:20Z
2026-09-04T05:42:20Z,2026-09-04T07:42:20+0200,6bcc2458-d8ca-4b45-a21e-3b99293d3a28,2026-08-31T12:15:00Z,2026-08-31T14:15:00+0200,7286.8,MW,FR,FR,actual_onshore_wind_generation,Wind Onshore,2026-09-04T05:43:20Z
2026-09-04T05:42:20Z,2026-09-04T07:42:20+0200,6bcc2458-d8ca-4b45-a21e-3b99293d3a28,2026-08-31T12:30:00Z,2026-08-31T14:30:00+0200,7386.66,MW,FR,FR,actual_onshore_wind_generation,Wind Onshore,2026-09-04T05:43:20Z
2026-09-04T05:42:20Z,2026-09-04T07:42:20+0200,6bcc2458-d8ca-4b45-a21e-3b99293d3a28,2026-08-31T12:45:00Z,2026-08-31T14:45:00+0200,7464.08,MW,FR,FR,actual_onshore_wind_generation,Wind Onshore,2026-09-04T05:43:20Z
2026-09-04T05:42:20Z,2026-09-04T07:42:20+0200,6bcc2458-d8ca-4b45-a21e-3b99293d3a28,2026-08-31T13:00:00Z,2026-08-31T15:00:00+0200,7440.64,MW,FR,FR,actual_onshore_wind_generation,Wind Onshore,2026-09-04T05:43:20Z
2026-09-04T05:42:20Z,2026-09-04T07:42:20+0200,6bcc2458-d8ca-4b45-a21e-3b99293d3a28,2026-08-31T13:15:00Z,2026-08-31T15:15:00+0200,7326.9,MW,FR,FR,actual_onshore_wind_generation,Wind Onshore,2026-09-04T05:43:20Z
2026-09-04T05:42:20Z,2026-09-04T07:42:20+0200,6bcc2458-d8ca-4b45-a21e-3b99293d3a28,2026-08-31T13:30:00Z,2026-08-31T15:30:00+0200,7369.5,MW,FR,FR,actual_onshore_wind_generation,Wind Onshore,2026-09-04T05:43:20Z
2026-09-04T05:42:20Z,2026-09-04T07:42:20+0200,6bcc2458-d8ca-4b45-a21e-3b99293d3a28,2026-08-31T13:45:00Z,2026-08-31T15:45:00+0200,7343.19,MW,FR,FR,actual_onshore_wind_generation,Wind Onshore,2026-09-04T05:43:20Z
2026-09-04T05:42:20Z,2026-09-04T07:42:20+0200,6bcc2458-d8ca-4b45-a21e-3b99293d3a28,2026-08-31T14:00:00Z,2026-08-31T16:00:00+0200,7346.55,MW,FR,FR,actual_onshore_wind_generation,Wind Onshore,2026-09-04T05:43:20Z
2026-09-04T05:42:20Z,2026-09-04T07:42:20+0200,6bcc2458-d8ca-4b45-a21e-3b99293d3a28,2026-08-31T14:15:00Z,2026-08-31T16:15:00+0200,7483.66,MW,FR,FR,actual_onshore_wind_generation,Wind Onshore,2026-09-04T05:43:20Z
2026-09-04T05:42:20Z,2026-09-04T07:42:20+0200,6bcc2458-d8ca-4b45-a21e-3b99293d3a28,2026-08-31T14:30:00Z,2026-08-31T16:30:00+0200,9517.79,MW,FR,FR,actual_onshore_wind_generation,Wind Onshore,2026-09-04T05:43:20Z
2026-09-04T05:42:20Z,2026-09-04T07:42:20+0200,6bcc2458-d8ca-4b45-a21e-3b99293d3a28,2026-08-31T14:45:00Z,2026-08-31T16:45:00+0200,10845.04,MW,FR,FR,actual_onshore_wind_generation,Wind Onshore,2026-09-04T05:43:20Z
2026-09-04T05:42:20Z,2026-09-04T07:42:20+0200,6bcc2458-d8ca-4b45-a21e-3b99293d3a28,2026-08-31T15:00:00Z,2026-08-31T17:00:00+0200,10815.08,MW,FR,FR,actual_onshore_wind_generation,Wind Onshore,2026-09-04T05:43:20Z
2026-09-04T05:42:20Z,2026-09-04T07:42:20+0200,6bcc2458-d8ca-4b45-a21e-3b99293d3a28,2026-08-31T15:15:00Z,2026-08-31T17:15:00+0200,10809.09,MW,FR,FR,actual_onshore_wind_generation,Wind Onshore,2026-09-04T05:43:20Z
2026-09-04T05:42:20Z,2026-09-04T07:42:20+0200,6bcc2458-d8ca-4b45-a21e-3b99293d3a28,2026-08-31T15:30:00Z,2026-08-31T17:30:00+0200,10605.48,MW,FR,FR,actual_onshore_wind_generation,Wind Onshore,2026-09-04T05:43:20Z
2026-09-04T05:42:20Z,2026-09-04T07:42:20+0200,6bcc2458-d8ca-4b45-a21e-3b99293d3a28,2026-08-31T15:45:00Z,2026-08-31T17:45:00+0200,10338.03,MW,FR,FR,actual_onshore_wind_generation,Wind Onshore,2026-09-04T05:43:20Z
2026-09-04T05:42:20Z,2026-09-04T07:42:20+0200,6bcc2458-d8ca-4b45-a21e-3b99293d3a28,2026-08-31T16:00:00Z,2026-08-31T18:00:00+0200,10075.2,MW,FR,FR,actual_onshore_wind_generation,Wind Onshore,2026-09-04T05:43:20Z
2026-09-04T05:42:20Z,2026-09-04T07:42:20+0200,6bcc2458-d8ca-4b45-a21e-3b99293d3a28,2026-08-31T16:15:00Z,2026-08-31T18:15:00+0200,9622.59,MW,FR,FR,actual_onshore_wind_generation,Wind Onshore,2026-09-04T05:43:20Z
2026-09-04T05:42:20Z,2026-09-04T07:42:20+0200,6bcc2458-d8ca-4b45-a21e-3b99293d3a28,2026-08-31T16:30:00Z,2026-08-31T18:30:00+0200,9130.83,MW,FR,FR,actual_onshore_wind_generation,Wind Onshore,2026-09-04T05:43:20Z
2026-09-04T05:42:20Z,2026-09-04T07:42:20+0200,6bcc2458-d8ca-4b45-a21e-3b99293d3a28,2026-08-31T16:45:00Z,2026-08-31T18:45:00+0200,8645.45,MW,FR,FR,actual_onshore_wind_generation,Wind Onshore,2026-09-04T05:43:20Z
2026-09-04T05:42:20Z,2026-09-04T07:42:20+0200,6bcc2458-d8ca-4b45-a21e-3b99293d3a28,2026-08-31T17:00:00Z,2026-08-31T19:00:00+0200,8077.54,MW,FR,FR,actual_onshore_wind_generation,Wind Onshore,2026-09-04T05:43:20Z
2026-09-04T05:42:20Z,2026-09-04T07:42:20+0200,6bcc2458-d8ca-4b45-a21e-3b99293d3a28,2026-08-31T17:15:00Z,2026-08-31T19:15:00+0200,7566.7,MW,FR,FR,actual_onshore_wind_generation,Wind Onshore,2026-09-04T05:43:20Z
2026-09-04T05:42:20Z,2026-09-04T07:42:20+0200,6bcc2458-d8ca-4b45-a21e-3b99293d3a28,2026-08-31T17:30:00Z,2026-08-31T19:30:00+0200,6995.41,MW,FR,FR,actual_onshore_wind_generation,Wind Onshore,2026-09-04T05:43:20Z
2026-09-04T05:42:20Z,2026-09-04T07:42:20+0200,6bcc2458-d8ca-4b45-a21e-3b99293d3a28,2026-08-31T17:45:00Z,2026-08-31T19:45:00+0200,6326.67,MW,FR,FR,actual_onshore_wind_generation,Wind Onshore,2026-09-04T05:43:20Z
2026-09-04T05:42:20Z,2026-09-04T07:42:20+0200,6bcc2458-d8ca-4b45-a21e-3b99293d3a28,2026-08-31T18:00:00Z,2026-08-31T20:00:00+0200,5691.44,MW,FR,FR,actual_onshore_wind_generation,Wind Onshore,2026-09-04T05:43:20Z
2026-09-04T05:42:20Z,2026-09-04T07:42:20+0200,6bcc2458-d8ca-4b45-a21e-3b99293d3a28,2026-08-31T18:15:00Z,2026-08-31T20:15:00+0200,5315.88,MW,FR,FR,actual_onshore_wind_generation,Wind Onshore,2026-09-04T05:43:20Z
2026-09-04T05:42:20Z,2026-09-04T07:42:20+0200,6bcc2458-d8ca-4b45-a21e-3b99293d3a28,2026-08-31T18:30:00Z,2026-08-31T20:30:00+0200,4769.3,MW,FR,FR,actual_onshore_wind_generation,Wind Onshore,2026-09-04T05:43:20Z
2026-09-04T05:42:20Z,2026-09-04T07:42:20+0200,6bcc2458-d8ca-4b45-a21e-3b99293d3a28,2026-08-31T18:45:00Z,2026-08-31T20:45:00+0200,4380.41,MW,FR,FR,actual_onshore_wind_generation,Wind Onshore,2026-09-04T05:43:20Z
2026-09-04T05:42:20Z,2026-09-04T07:42:20+0200,6bcc2458-d8ca-4b45-a21e-3b99293d3a28,2026-08-31T19:00:00Z,2026-08-31T21:00:00+0200,4085.08,MW,FR,FR,actual_onshore_wind_generation,Wind Onshore,2026-09-04T05:43:20Z
2026-09-04T05:42:20Z,2026-09-04T07:42:20+0200,6bcc2458-d8ca-4b45-a21e-3b99293d3a28,2026-08-31T19:15:00Z,2026-08-31T21:15:00+0200,3847.61,MW,FR,FR,actual_onshore_wind_generation,Wind Onshore,2026-09-04T05:43:20Z
2026-09-04T05:42:20Z,2026-09-04T07:42:20+0200,6bcc2458-d8ca-4b45-a21e-3b99293d3a28,2026-08-31T19:30:00Z,2026-08-31T21:30:00+0200,3691.71,MW,FR,FR,actual_onshore_wind_generation,Wind Onshore,2026-09-04T05:43:20Z
2026-09-04T05:42:20Z,2026-09-04T07:42:20+0200,6bcc2458-d8ca-4b45-a21e-3b99293d3a28,2026-08-31T19:45:00Z,2026-08-31T21:45:00+0200,3594.91,MW,FR,FR,actual_onshore_wind_generation,Wind Onshore,2026-09-04T05:43:20Z
2026-09-04T05:42:20Z,2026-09-04T07:42:20+0200,6bcc2458-d8ca-4b45-a21e-3b99293d3a28,2026-08-31T20:00:00Z,2026-08-31T22:00:00+0200,3465.85,MW,FR,FR,actual_onshore_wind_generation,Wind Onshore,2026-09-04T05:43:20Z
2026-09-04T05:42:20Z,2026-09-04T07:42:20+0200,6bcc2458-d8ca-4b45-a21e-3b99293d3a28,2026-08-31T20:15:00Z,2026-08-31T22:15:00+0200,3382.11,MW,FR,FR,actual_onshore_wind_generation,Wind Onshore,2026-09-04T05:43:20Z
2026-09-04T05:42:20Z,2026-09-04T07:42:20+0200,6bcc2458-d8ca-4b45-a21e-3b99293d3a28,2026-08-31T20:30:00Z,2026-08-31T22:30:00+0200,3306.89,MW,FR,FR,actual_onshore_wind_generation,Wind Onshore,2026-09-04T05:43:20Z
2026-09-04T05:42:20Z,2026-09-04T07:42:20+0200,6bcc2458-d8ca-4b45-a21e-3b99293d3a28,2026-08-31T20:45:00Z,2026-08-31T22:45:00+0200,3307.78,MW,FR,FR,actual_onshore_wind_generation,Wind Onshore,2026-09-04T05:43:20Z
2026-09-04T05:42:20Z,2026-09-04T07:42:20+0200,6bcc2458-d8ca-4b45-a21e-3b99293d3a28,2026-08-31T21:00:00Z,2026-08-31T23:00:00+0200,3274.48,MW,FR,FR,actual_onshore_wind_generation,Wind Onshore,2026-09-04T05:43:20Z
2026-09-04T05:42:20Z,2026-09-04T07:42:20+0200,6bcc2458-d8ca-4b45-a21e-3b99293d3a28,2026-08-31T21:15:00Z,2026-08-31T23:15:00+0200,3198.93,MW,FR,FR,actual_onshore_wind_generation,Wind Onshore,2026-09-04T05:43:20Z
2026-09-04T05:42:20Z,2026-09-04T07:42:20+0200,6bcc2458-d8ca-4b45-a21e-3b99293d3a28,2026-08-31T21:30:00Z,2026-08-31T23:30:00+0200,3090.39,MW,FR,FR,actual_onshore_wind_generation,Wind Onshore,2026-09-04T05:43:20Z
2026-09-04T05:42:20Z,2026-09-04T07:42:20+0200,6bcc2458-d8ca-4b45-a21e-3b99293d3a28,2026-08-31T21:45:00Z,2026-08-31T23:45:00+0200,2981.66,MW,FR,FR,actual_onshore_wind_generation,Wind Onshore,2026-09-04T05:43:20Z
2026-09-04T05:42:20Z,2026-09-04T07:42:20+0200,6bcc2458-d8ca-4b45-a21e-3b99293d3a28,2026-08-31T22:00:00Z,2026-09-01T00:00:00+0200,2822.76,MW,FR,FR,actual_onshore_wind_generation,Wind Onshore,2026-09-04T05:43:20Z
2026-09-04T05:42:20Z,2026-09-04T07:42:20+0200,6bcc2458-d8ca-4b45-a21e-3b99293d3a28,2026-08-31T22:15:00Z,2026-09-01T00:15:00+0200,2724.06,MW,FR,FR,actual_onshore_wind_generation,Wind Onshore,2026-09-04T05:43:20Z
2026-09-04T05:42:20Z,2026-09-04T07:42:20+0200,6bcc2458-d8ca-4b45-a21e-3b99293d3a28,2026-08-31T22:30:00Z,2026-09-01T00:30:00+0200,2619.81,MW,FR,FR,actual_onshore_wind_generation,Wind Onshore,2026-09-04T05:43:20Z
2026-09-04T05:42:20Z,2026-09-04T07:42:20+0200,6bcc2458-d8ca-4b45-a21e-3b99293d3a28,2026-08-31T22:45:00Z,2026-09-01T00:45:00+0200,2488.18,MW,FR,FR,actual_onshore_wind_generation,Wind Onshore,2026-09-04T05:43:20Z
2026-09-04T05:42:20Z,2026-09-04T07:42:20+0200,6bcc2458-d8ca-4b45-a21e-3b99293d3a28,2026-08-31T23:00:00Z,2026-09-01T01:00:00+0200,2382.35,MW,FR,FR,actual_onshore_wind_generation,Wind Onshore,2026-09-04T05:43:20Z
2026-09-04T05:42:20Z,2026-09-04T07:42:20+0200,6bcc2458-d8ca-4b45-a21e-3b99293d3a28,2026-08-31T23:15:00Z,2026-09-01T01:15:00+0200,2337.49,MW,FR,FR,actual_onshore_wind_generation,Wind Onshore,2026-09-04T05:43:20Z
2026-09-04T05:42:20Z,2026-09-04T07:42:20+0200,6bcc2458-d8ca-4b45-a21e-3b99293d3a28,2026-08-31T23:30:00Z,2026-09-01T01:30:00+0200,2246.05,MW,FR,FR,actual_onshore_wind_generation,Wind Onshore,2026-09-04T05:43:20Z
2026-09-04T05:42:20Z,2026-09-04T07:42:20+0200,6bcc2458-d8ca-4b45-a21e-3b99293d3a28,2026-08-31T23:45:00Z,2026-09-01T01:45:00+0200,2143.89,MW,FR,FR,actual_onshore_wind_generation,Wind Onshore,2026-09-04T05:43:20Z
2026-09-04T05:42:20Z,2026-09-04T07:42:20+0200,6bcc2458-d8ca-4b45-a21e-3b99293d3a28,2026-09-01T00:00:00Z,2026-09-01T02:00:00+0200,2118.33,MW,FR,FR,actual_onshore_wind_generation,Wind Onshore,2026-09-04T05:43:20Z
2026-09-04T05:42:20Z,2026-09-04T07:42:20+0200,6bcc2458-d8ca-4b45-a21e-3b99293d3a28,2026-09-01T00:15:00Z,2026-09-01T02:15:00+0200,2095.4,MW,FR,FR,actual_onshore_wind_generation,Wind Onshore,2026-09-04T05:43:20Z
2026-09-04T05:42:20Z,2026-09-04T07:42:20+0200,6bcc2458-d8ca-4b45-a21e-3b99293d3a28,2026-09-01T00:30:00Z,2026-09-01T02:30:00+0200,2071.52,MW,FR,FR,actual_onshore_wind_generation,Wind Onshore,2026-09-04T05:43:20Z
2026-09-04T05:42:20Z,2026-09-04T07:42:20+0200,6bcc2458-d8ca-4b45-a21e-3b99293d3a28,2026-09-01T00:45:00Z,2026-09-01T02:45:00+0200,2048.79,MW,FR,FR,actual_onshore_wind_generation,Wind Onshore,2026-09-04T05:43:20Z
2026-09-04T05:42:20Z,2026-09-04T07:42:20+0200,6bcc2458-d8ca-4b45-a21e-3b99293d3a28,2026-09-01T01:00:00Z,2026-09-01T03:00:00+0200,2028.27,MW,FR,FR,actual_onshore_wind_generation,Wind Onshore,2026-09-04T05:43:20Z
2026-09-04T05:42:20Z,2026-09-04T07:42:20+0200,6bcc2458-d8ca-4b45-a21e-3b99293d3a28,2026-09-01T01:15:00Z,2026-09-01T03:15:00+0200,2006.58,MW,FR,FR,actual_onshore_wind_generation,Wind Onshore,2026-09-04T05:43:20Z
2026-09-04T05:42:20Z,2026-09-04T07:42:20+0200,6bcc2458-d8ca-4b45-a21e-3b99293d3a28,2026-09-01T01:30:00Z,2026-09-01T03:30:00+0200,1980.43,MW,FR,FR,actual_onshore_wind_generation,Wind Onshore,2026-09-04T05:43:20Z
2026-09-04T05:42:20Z,2026-09-04T07:42:20+0200,6bcc2458-d8ca-4b45-a21e-3b99293d3a28,2026-09-01T01:45:00Z,2026-09-01T03:45:00+0200,2001.55,MW,FR,FR,actual_onshore_wind_generation,Wind Onshore,2026-09-04T05:43:20Z
2026-09-04T05:42:20Z,2026-09-04T07:42:20+0200,6bcc2458-d8ca-4b45-a21e-3b99293d3a28,2026-09-01T02:00:00Z,2026-09-01T04:00:00+0200,2034.75,MW,FR,FR,actual_onshore_wind_generation,Wind Onshore,2026-09-04T05:43:20Z
2026-09-04T05:42:20Z,2026-09-04T07:42:20+0200,6bcc2458-d8ca-4b45-a21e-3b99293d3a28,2026-09-01T02:15:00Z,2026-09-01T04:15:00+0200,2009.03,MW,FR,FR,actual_onshore_wind_generation,Wind Onshore,2026-09-04T05:43:20Z
2026-09-04T05:42:20Z,2026-09-04T07:42:20+0200,6bcc2458-d8ca-4b45-a21e-3b99293d3a28,2026-09-01T02:30:00Z,2026-09-01T04:30:00+0200,1930.12,MW,FR,FR,actual_onshore_wind_generation,Wind Onshore,2026-09-04T05:43:20Z
2026-09-04T05:42:20Z,2026-09-04T07:42:20+0200,6bcc2458-d8ca-4b45-a21e-3b99293d3a28,2026-09-01T02:45:00Z,2026-09-01T04:45:00+0200,1879.9,MW,FR,FR,actual_onshore_wind_generation,Wind Onshore,2026-09-04T05:43:20Z
2026-09-04T05:42:20Z,2026-09-04T07:42:20+0200,6bcc2458-d8ca-4b45-a21e-3b99293d3a28,2026-09-01T03:00:00Z,2026-09-01T05:00:00+0200,1790.62,MW,FR,FR,actual_onshore_wind_generation,Wind Onshore,2026-09-04T05:43:20Z
2026-09-04T05:42:20Z,2026-09-04T07:42:20+0200,6bcc2458-d8ca-4b45-a21e-3b99293d3a28,2026-09-01T03:15:00Z,2026-09-01T05:15:00+0200,1754.98,MW,FR,FR,actual_onshore_wind_generation,Wind Onshore,2026-09-04T05:43:20Z
2026-09-04T05:42:20Z,2026-09-04T07:42:20+0200,6bcc2458-d8ca-4b45-a21e-3b99293d3a28,2026-09-01T03:30:00Z,2026-09-01T05:30:00+0200,1730.16,MW,FR,FR,actual_onshore_wind_generation,Wind Onshore,2026-09-04T05:43:20Z
2026-09-04T05:42:20Z,2026-09-04T07:42:20+0200,6bcc2458-d8ca-4b45-a21e-3b99293d3a28,2026-09-01T03:45:00Z,2026-09-01T05:45:00+0200,1711.13,MW,FR,FR,actual_onshore_wind_generation,Wind Onshore,2026-09-04T05:43:20Z
2026-09-04T05:42:20Z,2026-09-04T07:42:20+0200,6bcc2458-d8ca-4b45-a21e-3b99293d3a28,2026-09-01T04:00:00Z,2026-09-01T06:00:00+0200,1645.26,MW,FR,FR,actual_onshore_wind_generation,Wind Onshore,2026-09-04T05:43:20Z
2026-09-04T05:42:20Z,2026-09-04T07:42:20+0200,6bcc2458-d8ca-4b45-a21e-3b99293d3a28,2026-09-01T04:15:00Z,2026-09-01T06:15:00+0200,1582.72,MW,FR,FR,actual_onshore_wind_generation,Wind Onshore,2026-09-04T05:43:20Z
2026-09-04T05:42:20Z,2026-09-04T07:42:20+0200,6bcc2458-d8ca-4b45-a21e-3b99293d3a28,2026-09-01T04:30:00Z,2026-09-01T06:30:00+0200,1546.61,MW,FR,FR,actual_onshore_wind_generation,Wind Onshore,2026-09-04T05:43:20Z
2026-09-04T05:42:20Z,2026-09-04T07:42:20+0200,6bcc2458-d8ca-4b45-a21e-3b99293d3a28,2026-09-01T04:45:00Z,2026-09-01T06:45:00+0200,1516.56,MW,FR,FR,actual_onshore_wind_generation,Wind Onshore,2026-09-04T05:43:20Z
2026-09-04T05:42:20Z,2026-09-04T07:42:20+0200,6bcc2458-d8ca-4b45-a21e-3b99293d3a28,2026-09-01T05:00:00Z,2026-09-01T07:00:00+0200,1498.73,MW,FR,FR,actual_onshore_wind_generation,Wind Onshore,2026-09-04T05:43:20Z
2026-09-04T05:42:20Z,2026-09-04T07:42:20+0200,6bcc2458-d8ca-4b45-a21e-3b99293d3a28,2026-09-01T05:15:00Z,2026-09-01T07:15:00+0200,1537.04,MW,FR,FR,actual_onshore_wind_generation,Wind Onshore,2026-09-04T05:43:20Z
2026-09-04T05:42:20Z,2026-09-04T07:42:20+0200,6bcc2458-d8ca-4b45-a21e-3b99293d3a28,2026-09-01T05:30:00Z,2026-09-01T07:30:00+0200,1522.17,MW,FR,FR,actual_onshore_wind_generation,Wind Onshore,2026-09-04T05:43:20Z
2026-09-04T05:42:20Z,2026-09-04T07:42:20+0200,6bcc2458-d8ca-4b45-a21e-3b99293d3a28,2026-09-01T05:45:00Z,2026-09-01T07:45:00+0200,1465.17,MW,FR,FR,actual_onshore_wind_generation,Wind Onshore,2026-09-04T05:43:20Z
2026-09-04T05:42:20Z,2026-09-04T07:42:20+0200,6bcc2458-d8ca-4b45-a21e-3b99293d3a28,2026-09-01T06:00:00Z,2026-09-01T08:00:00+0200,1369.74,MW,FR,FR,actual_onshore_wind_generation,Wind Onshore,2026-09-04T05:43:20Z
2026-09-04T05:42:20Z,2026-09-04T07:42:20+0200,6bcc2458-d8ca-4b45-a21e-3b99293d3a28,2026-09-01T06:15:00Z,2026-09-01T08:15:00+0200,1289.15,MW,FR,FR,actual_onshore_wind_generation,Wind Onshore,2026-09-04T05:43:20Z
2026-09-04T05:42:20Z,2026-09-04T07:42:20+0200,6bcc2458-d8ca-4b45-a21e-3b99293d3a28,2026-09-01T06:30:00Z,2026-09-01T08:30:00+0200,1200.15,MW,FR,FR,actual_onshore_wind_generation,Wind Onshore,2026-09-04T05:43:20Z
2026-09-04T05:42:20Z,2026-09-04T07:42:20+0200,6bcc2458-d8ca-4b45-a21e-3b99293d3a28,2026-09-01T06:45:00Z,2026-09-01T08:45:00+0200,1085.39,MW,FR,FR,actual_onshore_wind_generation,Wind Onshore,2026-09-04T05:43:20Z
2026-09-04T05:42:20Z,2026-09-04T07:42:20+0200,6bcc2458-d8ca-4b45-a21e-3b99293d3a28,2026-09-01T07:00:00Z,2026-09-01T09:00:00+0200,969.49,MW,FR,FR,actual_onshore_wind_generation,Wind Onshore,2026-09-04T05:43:20Z
2026-09-04T05:42:20Z,2026-09-04T07:42:20+0200,6bcc2458-d8ca-4b45-a21e-3b99293d3a28,2026-09-01T07:15:00Z,2026-09-01T09:15:00+0200,864.63,MW,FR,FR,actual_onshore_wind_generation,Wind Onshore,2026-09-04T05:43:20Z
2026-09-04T05:42:20Z,2026-09-04T07:42:20+0200,6bcc2458-d8ca-4b45-a21e-3b99293d3a28,2026-09-01T07:30:00Z,2026-09-01T09:30:00+0200,799.98,MW,FR,FR,actual_onshore_wind_generation,Wind Onshore,2026-09-04T05:43:20Z
2026-09-04T05:42:20Z,2026-09-04T07:42:20+0200,6bcc2458-d8ca-4b45-a21e-3b99293d3a28,2026-09-01T07:45:00Z,2026-09-01T09:45:00+0200,781.8,MW,FR,FR,actual_onshore_wind_generation,Wind Onshore,2026-09-04T05:43:20Z
2026-09-04T05:42:20Z,2026-09-04T07:42:20+0200,6bcc2458-d8ca-4b45-a21e-3b99293d3a28,2026-09-01T08:00:00Z,2026-09-01T10:00:00+0200,799.27,MW,FR,FR,actual_onshore_wind_generation,Wind Onshore,2026-09-04T05:43:20Z
2026-09-04T05:42:20Z,2026-09-04T07:42:20+0200,6bcc2458-d8ca-4b45-a21e-3b99293d3a28,2026-09-01T08:15:00Z,2026-09-01T10:15:00+0200,852.36,MW,FR,FR,actual_onshore_wind_generation,Wind Onshore,2026-09-04T05:43:20Z
2026-09-04T05:42:20Z,2026-09-04T07:42:20+0200,6bcc2458-d8ca-4b45-a21e-3b99293d3a28,2026-09-01T08:30:00Z,2026-09-01T10:30:00+0200,914.6,MW,FR,FR,actual_onshore_wind_generation,Wind Onshore,2026-09-04T05:43:20Z
2026-09-04T05:42:20Z,2026-09-04T07:42:20+0200,6bcc2458-d8ca-4b45-a21e-3b99293d3a28,2026-09-01T08:45:00Z,2026-09-01T10:45:00+0200,981.71,MW,FR,FR,actual_onshore_wind_generation,Wind Onshore,2026-09-04T05:43:20Z
2026-09-04T05:42:20Z,2026-09-04T07:42:20+0200,6bcc2458-d8ca-4b45-a21e-3b99293d3a28,2026-09-01T09:00:00Z,2026-09-01T11:00:00+0200,1054.81,MW,FR,FR,actual_onshore_wind_generation,Wind Onshore,2026-09-04T05:43:20Z
2026-09-04T05:42:20Z,2026-09-04T07:42:20+0200,6bcc2458-d8ca-4b45-a21e-3b99293d3a28,2026-09-01T09:15:00Z,2026-09-01T11:15:00+0200,1053.42,MW,FR,FR,actual_onshore_wind_generation,Wind Onshore,2026-09-04T05:43:20Z
2026-09-04T05:42:20Z,2026-09-04T07:42:20+0200,6bcc2458-d8ca-4b45-a21e-3b99293d3a28,2026-09-01T09:30:00Z,2026-09-01T11:30:00+0200,1103.56,MW,FR,FR,actual_onshore_wind_generation,Wind Onshore,2026-09-04T05:43:20Z
2026-09-04T05:42:20Z,2026-09-04T07:42:20+0200,6bcc2458-d8ca-4b45-a21e-3b99293d3a28,2026-09-01T09:45:00Z,2026-09-01T11:45:00+0200,1134.77,MW,FR,FR,actual_onshore_wind_generation,Wind Onshore,2026-09-04T05:43:20Z
2026-09-04T05:42:20Z,2026-09-04T07:42:20+0200,6bcc2458-d8ca-4b45-a21e-3b99293d3a28,2026-09-01T10:00:00Z,2026-09-01T12:00:00+0200,1180.48,MW,FR,FR,actual_onshore_wind_generation,Wind Onshore,2026-09-04T05:43:20Z
2026-09-04T05:42:20Z,2026-09-04T07:42:20+0200,6bcc2458-d8ca-4b45-a21e-3b99293d3a28,2026-09-01T10:15:00Z,2026-09-01T12:15:00+0200,1218.12,MW,FR,FR,actual_onshore_wind_generation,Wind Onshore,2026-09-04T05:43:20Z
2026-09-04T05:42:20Z,2026-09-04T07:42:20+0200,6bcc2458-d8ca-4b45-a21e-3b99293d3a28,2026-09-01T10:30:00Z,2026-09-01T12:30:00+0200,1240.95,MW,FR,FR,actual_onshore_wind_generation,Wind Onshore,2026-09-04T05:43:20Z
2026-09-04T05:42:20Z,2026-09-04T07:42:20+0200,6bcc2458-d8ca-4b45-a21e-3b99293d3a28,2026-09-01T10:45:00Z,2026-09-01T12:45:00+0200,1255.86,MW,FR,FR,actual_onshore_wind_generation,Wind Onshore,2026-09-04T05:43:20Z
2026-09-04T05:42:20Z,2026-09-04T07:42:20+0200,6bcc2458-d8ca-4b45-a21e-3b99293d3a28,2026-09-01T11:00:00Z,2026-09-01T13:00:00+0200,1276.72,MW,FR,FR,actual_onshore_wind_generation,Wind Onshore,2026-09-04T05:43:20Z
2026-09-04T05:42:20Z,2026-09-04T07:42:20+0200,6bcc2458-d8ca-4b45-a21e-3b99293d3a28,2026-09-01T11:15:00Z,2026-09-01T13:15:00+0200,1319.74,MW,FR,FR,actual_onshore_wind_generation,Wind Onshore,2026-09-04T05:43:20Z
2026-09-04T05:42:20Z,2026-09-04T07:42:20+0200,6bcc2458-d8ca-4b45-a21e-3b99293d3a28,2026-09-01T11:30:00Z,2026-09-01T13:30:00+0200,1311.06,MW,FR,FR,actual_onshore_wind_generation,Wind Onshore,2026-09-04T05:43:20Z
2026-09-04T05:42:20Z,2026-09-04T07:42:20+0200,6bcc2458-d8ca-4b45-a21e-3b99293d3a28,2026-09-01T11:45:00Z,2026-09-01T13:45:00+0200,1310.27,MW,FR,FR,actual_onshore_wind_generation,Wind Onshore,2026-09-04T05:43:20Z
2026-09-04T05:42:20Z,2026-09-04T07:42:20+0200,6bcc2458-d8ca-4b45-a21e-3b99293d3a28,2026-09-01T12:00:00Z,2026-09-01T14:00:00+0200,1310.22,MW,FR,FR,actual_onshore_wind_generation,Wind Onshore,2026-09-04T05:43:20Z
2026-09-04T05:42:20Z,2026-09-04T07:42:20+0200,6bcc2458-d8ca-4b45-a21e-3b99293d3a28,2026-09-01T12:15:00Z,2026-09-01T14:15:00+0200,1281.89,MW,FR,FR,actual_onshore_wind_generation,Wind Onshore,2026-09-04T05:43:20Z
2026-09-04T05:42:20Z,2026-09-04T07:42:20+0200,6bcc2458-d8ca-4b45-a21e-3b99293d3a28,2026-09-01T12:30:00Z,2026-09-01T14:30:00+0200,1220.72,MW,FR,FR,actual_onshore_wind_generation,Wind Onshore,2026-09-04T05:43:20Z
2026-09-04T05:42:20Z,2026-09-04T07:42:20+0200,6bcc2458-d8ca-4b45-a21e-3b99293d3a28,2026-09-01T12:45:00Z,2026-09-01T14:45:00+0200,1185.58,MW,FR,FR,actual_onshore_wind_generation,Wind Onshore,2026-09-04T05:43:20Z
2026-09-04T05:42:20Z,2026-09-04T07:42:20+0200,6bcc2458-d8ca-4b45-a21e-3b99293d3a28,2026-09-01T13:00:00Z,2026-09-01T15:00:00+0200,1191.62,MW,FR,FR,actual_onshore_wind_generation,Wind Onshore,2026-09-04T05:43:20Z
2026-09-04T05:42:20Z,2026-09-04T07:42:20+0200,6bcc2458-d8ca-4b45-a21e-3b99293d3a28,2026-09-01T13:15:00Z,2026-09-01T15:15:00+0200,1145.2,MW,FR,FR,actual_onshore_wind_generation,Wind Onshore,2026-09-04T05:43:20Z
2026-09-04T05:42:20Z,2026-09-04T07:42:20+0200,6bcc2458-d8ca-4b45-a21e-3b99293d3a28,2026-09-01T13:30:00Z,2026-09-01T15:30:00+0200,1157.08,MW,FR,FR,actual_onshore_wind_generation,Wind Onshore,2026-09-04T05:43:20Z
2026-09-04T05:42:20Z,2026-09-04T07:42:20+0200,6bcc2458-d8ca-4b45-a21e-3b99293d3a28,2026-09-01T13:45:00Z,2026-09-01T15:45:00+0200,1124.29,MW,FR,FR,actual_onshore_wind_generation,Wind Onshore,2026-09-04T05:43:20Z
2026-09-04T05:42:20Z,2026-09-04T07:42:20+0200,6bcc2458-d8ca-4b45-a21e-3b99293d3a28,2026-09-01T14:00:00Z,2026-09-01T16:00:00+0200,1114.96,MW,FR,FR,actual_onshore_wind_generation,Wind Onshore,2026-09-04T05:43:20Z
2026-09-04T05:42:20Z,2026-09-04T07:42:20+0200,6bcc2458-d8ca-4b45-a21e-3b99293d3a28,2026-09-01T14:15:00Z,2026-09-01T16:15:00+0200,1130.6,MW,FR,FR,actual_onshore_wind_generation,Wind Onshore,2026-09-04T05:43:20Z
2026-09-04T05:42:20Z,2026-09-04T07:42:20+0200,6bcc2458-d8ca-4b45-a21e-3b99293d3a28,2026-09-01T14:30:00Z,2026-09-01T16:30:00+0200,1150.14,MW,FR,FR,actual_onshore_wind_generation,Wind Onshore,2026-09-04T05:43:20Z
2026-09-04T05:42:20Z,2026-09-04T07:42:20+0200,6bcc2458-d8ca-4b45-a21e-3b99293d3a28,2026-09-01T14:45:00Z,2026-09-01T16:45:00+0200,1140.26,MW,FR,FR,actual_onshore_wind_generation,Wind Onshore,2026-09-04T05:43:20Z
2026-09-04T05:42:20Z,2026-09-04T07:42:20+0200,6bcc2458-d8ca-4b45-a21e-3b99293d3a28,2026-09-01T15:00:00Z,2026-09-01T17:00:00+0200,1179.24,MW,FR,FR,actual_onshore_wind_generation,Wind Onshore,2026-09-04T05:43:20Z
2026-09-04T05:42:20Z,2026-09-04T07:42:20+0200,6bcc2458-d8ca-4b45-a21e-3b99293d3a28,2026-09-01T15:15:00Z,2026-09-01T17:15:00+0200,1157.13,MW,FR,FR,actual_onshore_wind_generation,Wind Onshore,2026-09-04T05:43:20Z
2026-09-04T05:42:20Z,2026-09-04T07:42:20+0200,6bcc2458-d8ca-4b45-a21e-3b99293d3a28,2026-09-01T15:30:00Z,2026-09-01T17:30:00+0200,1148.39,MW,FR,FR,actual_onshore_wind_generation,Wind Onshore,2026-09-04T05:43:20Z
2026-09-04T05:42:20Z,2026-09-04T07:42:20+0200,6bcc2458-d8ca-4b45-a21e-3b99293d3a28,2026-09-01T15:45:00Z,2026-09-01T17:45:00+0200,1145.94,MW,FR,FR,actual_onshore_wind_generation,Wind Onshore,2026-09-04T05:43:20Z
2026-09-04T05:42:20Z,2026-09-04T07:42:20+0200,6bcc2458-d8ca-4b45-a21e-3b99293d3a28,2026-09-01T16:00:00Z,2026-09-01T18:00:00+0200,1115.16,MW,FR,FR,actual_onshore_wind_generation,Wind Onshore,2026-09-04T05:43:20Z
2026-09-04T05:42:20Z,2026-09-04T07:42:20+0200,6bcc2458-d8ca-4b45-a21e-3b99293d3a28,2026-09-01T16:15:00Z,2026-09-01T18:15:00+0200,1097.71,MW,FR,FR,actual_onshore_wind_generation,Wind Onshore,2026-09-04T05:43:20Z
2026-09-04T05:42:20Z,2026-09-04T07:42:20+0200,6bcc2458-d8ca-4b45-a21e-3b99293d3a28,2026-09-01T16:30:00Z,2026-09-01T18:30:00+0200,1079.11,MW,FR,FR,actual_onshore_wind_generation,Wind Onshore,2026-09-04T05:43:20Z
2026-09-04T05:42:20Z,2026-09-04T07:42:20+0200,6bcc2458-d8ca-4b45-a21e-3b99293d3a28,2026-09-01T16:45:00Z,2026-09-01T18:45:00+0200,1042.94,MW,FR,FR,actual_onshore_wind_generation,Wind Onshore,2026-09-04T05:43:20Z
2026-09-04T05:42:20Z,2026-09-04T07:42:20+0200,6bcc2458-d8ca-4b45-a21e-3b99293d3a28,2026-09-01T17:00:00Z,2026-09-01T19:00:00+0200,997.99,MW,FR,FR,actual_onshore_wind_generation,Wind Onshore,2026-09-04T05:43:20Z
2026-09-04T05:42:20Z,2026-09-04T07:42:20+0200,6bcc2458-d8ca-4b45-a21e-3b99293d3a28,2026-09-01T17:15:00Z,2026-09-01T19:15:00+0200,974.07,MW,FR,FR,actual_onshore_wind_generation,Wind Onshore,2026-09-04T05:43:20Z
2026-09-04T05:42:20Z,2026-09-04T07:42:20+0200,6bcc2458-d8ca-4b45-a21e-3b99293d3a28,2026-09-01T17:30:00Z,2026-09-01T19:30:00+0200,926.37,MW,FR,FR,actual_onshore_wind_generation,Wind Onshore,2026-09-04T05:43:20Z
2026-09-04T05:42:20Z,2026-09-04T07:42:20+0200,6bcc2458-d8ca-4b45-a21e-3b99293d3a28,2026-09-01T17:45:00Z,2026-09-01T19:45:00+0200,918.44,MW,FR,FR,actual_onshore_wind_generation,Wind Onshore,2026-09-04T05:43:20Z
2026-09-04T05:42:20Z,2026-09-04T07:42:20+0200,6bcc2458-d8ca-4b45-a21e-3b99293d3a28,2026-09-01T18:00:00Z,2026-09-01T20:00:00+0200,957.82,MW,FR,FR,actual_onshore_wind_generation,Wind Onshore,2026-09-04T05:43:20Z
2026-09-04T05:42:20Z,2026-09-04T07:42:20+0200,6bcc2458-d8ca-4b45-a21e-3b99293d3a28,2026-09-01T18:15:00Z,2026-09-01T20:15:00+0200,1012.11,MW,FR,FR,actual_onshore_wind_generation,Wind Onshore,2026-09-04T05:43:20Z
2026-09-04T05:42:20Z,2026-09-04T07:42:20+0200,6bcc2458-d8ca-4b45-a21e-3b99293d3a28,2026-09-01T18:30:00Z,2026-09-01T20:30:00+0200,1022.78,MW,FR,FR,actual_onshore_wind_generation,Wind Onshore,2026-09-04T05:43:20Z
2026-09-04T05:42:20Z,2026-09-04T07:42:20+0200,6bcc2458-d8ca-4b45-a21e-3b99293d3a28,2026-09-01T18:45:00Z,2026-09-01T20:45:00+0200,1052.4,MW,FR,FR,actual_onshore_wind_generation,Wind Onshore,2026-09-04T05:43:20Z
2026-09-04T05:42:20Z,2026-09-04T07:42:20+0200,6bcc2458-d8ca-4b45-a21e-3b99293d3a28,2026-09-01T19:00:00Z,2026-09-01T21:00:00+0200,1108.78,MW,FR,FR,actual_onshore_wind_generation,Wind Onshore,2026-09-04T05:43:20Z
2026-09-04T05:42:20Z,2026-09-04T07:42:20+0200,6bcc2458-d8ca-4b45-a21e-3b99293d3a28,2026-09-01T19:15:00Z,2026-09-01T21:15:00+0200,1145.91,MW,FR,FR,actual_onshore_wind_generation,Wind Onshore,2026-09-04T05:43:20Z
2026-09-04T05:42:20Z,2026-09-04T07:42:20+0200,6bcc2458-d8ca-4b45-a21e-3b99293d3a28,2026-09-01T19:30:00Z,2026-09-01T21:30:00+0200,1167.84,MW,FR,FR,actual_onshore_wind_generation,Wind Onshore,2026-09-04T05:43:20Z
2026-09-04T05:42:20Z,2026-09-04T07:42:20+0200,6bcc2458-d8ca-4b45-a21e-3b99293d3a28,2026-09-01T19:45:00Z,2026-09-01T21:45:00+0200,1199.1,MW,FR,FR,actual_onshore_wind_generation,Wind Onshore,2026-09-04T05:43:20Z
2026-09-04T05:42:20Z,2026-09-04T07:42:20+0200,6bcc2458-d8ca-4b45-a21e-3b99293d3a28,2026-09-01T20:00:00Z,2026-09-01T22:00:00+0200,1244.41,MW,FR,FR,actual_onshore_wind_generation,Wind Onshore,2026-09-04T05:43:20Z
2026-09-04T05:42:20Z,2026-09-04T07:42:20+0200,6bcc2458-d8ca-4b45-a21e-3b99293d3a28,2026-09-01T20:15:00Z,2026-09-01T22:15:00+0200,1327.27,MW,FR,FR,actual_onshore_wind_generation,Wind Onshore,2026-09-04T05:43:20Z
2026-09-04T05:42:20Z,2026-09-04T07:42:20+0200,6bcc2458-d8ca-4b45-a21e-3b99293d3a28,2026-09-01T20:30:00Z,2026-09-01T22:30:00+0200,1371.33,MW,FR,FR,actual_onshore_wind_generation,Wind Onshore,2026-09-04T05:43:20Z
2026-09-04T05:42:20Z,2026-09-04T07:42:20+0200,6bcc2458-d8ca-4b45-a21e-3b99293d3a28,2026-09-01T20:45:00Z,2026-09-01T22:45:00+0200,1409.35,MW,FR,FR,actual_onshore_wind_generation,Wind Onshore,2026-09-04T05:43:20Z
2026-09-04T05:42:20Z,2026-09-04T07:42:20+0200,6bcc2458-d8ca-4b45-a21e-3b99293d3a28,2026-09-01T21:00:00Z,2026-09-01T23:00:00+0200,1437.24,MW,FR,FR,actual_onshore_wind_generation,Wind Onshore,2026-09-04T05:43:20Z
2026-09-04T05:42:20Z,2026-09-04T07:42:20+0200,6bcc2458-d8ca-4b45-a21e-3b99293d3a28,2026-09-01T21:15:00Z,2026-09-01T23:15:00+0200,1447.01,MW,FR,FR,actual_onshore_wind_generation,Wind Onshore,2026-09-04T05:43:20Z
2026-09-04T05:42:20Z,2026-09-04T07:42:20+0200,6bcc2458-d8ca-4b45-a21e-3b99293d3a28,2026-09-01T21:30:00Z,2026-09-01T23:30:00+0200,1474.23,MW,FR,FR,actual_onshore_wind_generation,Wind Onshore,2026-09-04T05:43:20Z
2026-09-04T05:42:20Z,2026-09-04T07:42:20+0200,6bcc2458-d8ca-4b45-a21e-3b99293d3a28,2026-09-01T21:45:00Z,2026-09-01T23:45:00+0200,1536.5,MW,FR,FR,actual_onshore_wind_generation,Wind Onshore,2026-09-04T05:43:20Z
2026-09-04T05:42:20Z,2026-09-04T07:42:20+0200,6bcc2458-d8ca-4b45-a21e-3b99293d3a28,2026-09-01T22:00:00Z,2026-09-02T00:00:00+0200,1525.68,MW,FR,FR,actual_onshore_wind_generation,Wind Onshore,2026-09-04T05:43:20Z
2026-09-04T05:42:20Z,2026-09-04T07:42:20+0200,6bcc2458-d8ca-4b45-a21e-3b99293d3a28,2026-09-01T22:15:00Z,2026-09-02T00:15:00+0200,1497.54,MW,FR,FR,actual_onshore_wind_generation,Wind Onshore,2026-09-04T05:43:20Z
2026-09-04T05:42:20Z,2026-09-04T07:42:20+0200,6bcc2458-d8ca-4b45-a21e-3b99293d3a28,2026-09-01T22:30:00Z,2026-09-02T00:30:00+0200,1435.64,MW,FR,FR,actual_onshore_wind_generation,Wind Onshore,2026-09-04T05:43:20Z
2026-09-04T05:42:20Z,2026-09-04T07:42:20+0200,6bcc2458-d8ca-4b45-a21e-3b99293d3a28,2026-09-01T22:45:00Z,2026-09-02T00:45:00+0200,1391.11,MW,FR,FR,actual_onshore_wind_generation,Wind Onshore,2026-09-04T05:43:20Z
2026-09-04T05:42:20Z,2026-09-04T07:42:20+0200,6bcc2458-d8ca-4b45-a21e-3b99293d3a28,2026-09-01T23:00:00Z,2026-09-02T01:00:00+0200,1338.05,MW,FR,FR,actual_onshore_wind_generation,Wind Onshore,2026-09-04T05:43:20Z
2026-09-04T05:42:20Z,2026-09-04T07:42:20+0200,6bcc2458-d8ca-4b45-a21e-3b99293d3a28,2026-09-01T23:15:00Z,2026-09-02T01:15:00+0200,1267.19,MW,FR,FR,actual_onshore_wind_generation,Wind Onshore,2026-09-04T05:43:20Z
2026-09-04T05:42:20Z,2026-09-04T07:42:20+0200,6bcc2458-d8ca-4b45-a21e-3b99293d3a28,2026-09-01T23:30:00Z,2026-09-02T01:30:00+0200,1197.59,MW,FR,FR,actual_onshore_wind_generation,Wind Onshore,2026-09-04T05:43:20Z
2026-09-04T05:42:20Z,2026-09-04T07:42:20+0200,6bcc2458-d8ca-4b45-a21e-3b99293d3a28,2026-09-01T23:45:00Z,2026-09-02T01:45:00+0200,1138.33,MW,FR,FR,actual_onshore_wind_generation,Wind Onshore,2026-09-04T05:43:20Z
2026-09-04T05:42:20Z,2026-09-04T07:42:20+0200,6bcc2458-d8ca-4b45-a21e-3b99293d3a28,2026-09-02T00:00:00Z,2026-09-02T02:00:00+0200,1086.32,MW,FR,FR,actual_onshore_wind_generation,Wind Onshore,2026-09-04T05:43:20Z
2026-09-04T05:42:20Z,2026-09-04T07:42:20+0200,6bcc2458-d8ca-4b45-a21e-3b99293d3a28,2026-09-02T00:15:00Z,2026-09-02T02:15:00+0200,1066.35,MW,FR,FR,actual_onshore_wind_generation,Wind Onshore,2026-09-04T05:43:20Z
2026-09-04T05:42:20Z,2026-09-04T07:42:20+0200,6bcc2458-d8ca-4b45-a21e-3b99293d3a28,2026-09-02T00:30:00Z,2026-09-02T02:30:00+0200,1085.03,MW,FR,FR,actual_onshore_wind_generation,Wind Onshore,2026-09-04T05:43:20Z
2026-09-04T05:42:20Z,2026-09-04T07:42:20+0200,6bcc2458-d8ca-4b45-a21e-3b99293d3a28,2026-09-02T00:45:00Z,2026-09-02T02:45:00+0200,1062.76,MW,FR,FR,actual_onshore_wind_generation,Wind Onshore,2026-09-04T05:43:20Z
2026-09-04T05:42:20Z,2026-09-04T07:42:20+0200,6bcc2458-d8ca-4b45-a21e-3b99293d3a28,2026-09-02T01:00:00Z,2026-09-02T03:00:00+0200,1033.56,MW,FR,FR,actual_onshore_wind_generation,Wind Onshore,2026-09-04T05:43:20Z
2026-09-04T05:42:20Z,2026-09-04T07:42:20+0200,6bcc2458-d8ca-4b45-a21e-3b99293d3a28,2026-09-02T01:15:00Z,2026-09-02T03:15:00+0200,999.19,MW,FR,FR,actual_onshore_wind_generation,Wind Onshore,2026-09-04T05:43:20Z
2026-09-04T05:42:20Z,2026-09-04T07:42:20+0200,6bcc2458-d8ca-4b45-a21e-3b99293d3a28,2026-09-02T01:30:00Z,2026-09-02T03:30:00+0200,964.86,MW,FR,FR,actual_onshore_wind_generation,Wind Onshore,2026-09-04T05:43:20Z
2026-09-04T05:42:20Z,2026-09-04T07:42:20+0200,6bcc2458-d8ca-4b45-a21e-3b99293d3a28,2026-09-02T01:45:00Z,2026-09-02T03:45:00+0200,940.56,MW,FR,FR,actual_onshore_wind_generation,Wind Onshore,2026-09-04T05:43:20Z
2026-09-04T05:42:20Z,2026-09-04T07:42:20+0200,6bcc2458-d8ca-4b45-a21e-3b99293d3a28,2026-09-02T02:00:00Z,2026-09-02T04:00:00+0200,960.41,MW,FR,FR,actual_onshore_wind_generation,Wind Onshore,2026-09-04T05:43:20Z
2026-09-04T05:42:20Z,2026-09-04T07:42:20+0200,6bcc2458-d8ca-4b45-a21e-3b99293d3a28,2026-09-02T02:15:00Z,2026-09-02T04:15:00+0200,979.83,MW,FR,FR,actual_onshore_wind_generation,Wind Onshore,2026-09-04T05:43:20Z
2026-09-04T05:42:20Z,2026-09-04T07:42:20+0200,6bcc2458-d8ca-4b45-a21e-3b99293d3a28,2026-09-02T02:30:00Z,2026-09-02T04:30:00+0200,995.69,MW,FR,FR,actual_onshore_wind_generation,Wind Onshore,2026-09-04T05:43:20Z
2026-09-04T05:42:20Z,2026-09-04T07:42:20+0200,6bcc2458-d8ca-4b45-a21e-3b99293d3a28,2026-09-02T02:45:00Z,2026-09-02T04:45:00+0200,1021.03,MW,FR,FR,actual_onshore_wind_generation,Wind Onshore,2026-09-04T05:43:20Z
2026-09-04T05:42:20Z,2026-09-04T07:42:20+0200,6bcc2458-d8ca-4b45-a21e-3b99293d3a28,2026-09-02T03:00:00Z,2026-09-02T05:00:00+0200,1041.33,MW,FR,FR,actual_onshore_wind_generation,Wind Onshore,2026-09-04T05:43:20Z
2026-09-04T05:42:20Z,2026-09-04T07:42:20+0200,6bcc2458-d8ca-4b45-a21e-3b99293d3a28,2026-09-02T03:15:00Z,2026-09-02T05:15:00+0200,1094.07,MW,FR,FR,actual_onshore_wind_generation,Wind Onshore,2026-09-04T05:43:20Z
2026-09-04T05:42:20Z,2026-09-04T07:42:20+0200,6bcc2458-d8ca-4b45-a21e-3b99293d3a28,2026-09-02T03:30:00Z,2026-09-02T05:30:00+0200,1135.46,MW,FR,FR,actual_onshore_wind_generation,Wind Onshore,2026-09-04T05:43:20Z
2026-09-04T05:42:20Z,2026-09-04T07:42:20+0200,6bcc2458-d8ca-4b45-a21e-3b99293d3a28,2026-09-02T03:45:00Z,2026-09-02T05:45:00+0200,1142.39,MW,FR,FR,actual_onshore_wind_generation,Wind Onshore,2026-09-04T05:43:20Z
2026-09-04T05:42:20Z,2026-09-04T07:42:20+0200,6bcc2458-d8ca-4b45-a21e-3b99293d3a28,2026-09-02T04:00:00Z,2026-09-02T06:00:00+0200,1157.56,MW,FR,FR,actual_onshore_wind_generation,Wind Onshore,2026-09-04T05:43:20Z
2026-09-04T05:42:20Z,2026-09-04T07:42:20+0200,6bcc2458-d8ca-4b45-a21e-3b99293d3a28,2026-09-02T04:15:00Z,2026-09-02T06:15:00+0200,1143.21,MW,FR,FR,actual_onshore_wind_generation,Wind Onshore,2026-09-04T05:43:20Z
2026-09-04T05:42:20Z,2026-09-04T07:42:20+0200,6bcc2458-d8ca-4b45-a21e-3b99293d3a28,2026-09-02T04:30:00Z,2026-09-02T06:30:00+0200,1127.9,MW,FR,FR,actual_onshore_wind_generation,Wind Onshore,2026-09-04T05:43:20Z
2026-09-04T05:42:20Z,2026-09-04T07:42:20+0200,6bcc2458-d8ca-4b45-a21e-3b99293d3a28,2026-09-02T04:45:00Z,2026-09-02T06:45:00+0200,1117.8,MW,FR,FR,actual_onshore_wind_generation,Wind Onshore,2026-09-04T05:43:20Z
2026-09-04T05:42:20Z,2026-09-04T07:42:20+0200,6bcc2458-d8ca-4b45-a21e-3b99293d3a28,2026-09-02T05:00:00Z,2026-09-02T07:00:00+0200,1112.49,MW,FR,FR,actual_onshore_wind_generation,Wind Onshore,2026-09-04T05:43:20Z
2026-09-04T05:42:20Z,2026-09-04T07:42:20+0200,6bcc2458-d8ca-4b45-a21e-3b99293d3a28,2026-09-02T05:15:00Z,2026-09-02T07:15:00+0200,1146.74,MW,FR,FR,actual_onshore_wind_generation,Wind Onshore,2026-09-04T05:43:20Z
2026-09-04T05:42:20Z,2026-09-04T07:42:20+0200,6bcc2458-d8ca-4b45-a21e-3b99293d3a28,2026-09-02T05:30:00Z,2026-09-02T07:30:00+0200,1157.31,MW,FR,FR,actual_onshore_wind_generation,Wind Onshore,2026-09-04T05:43:20Z
2026-09-04T05:42:20Z,2026-09-04T07:42:20+0200,6bcc2458-d8ca-4b45-a21e-3b99293d3a28,2026-09-02T05:45:00Z,2026-09-02T07:45:00+0200,1175.32,MW,FR,FR,actual_onshore_wind_generation,Wind Onshore,2026-09-04T05:43:20Z
2026-09-04T05:42:20Z,2026-09-04T07:42:20+0200,6bcc2458-d8ca-4b45-a21e-3b99293d3a28,2026-09-02T06:00:00Z,2026-09-02T08:00:00+0200,1192.45,MW,FR,FR,actual_onshore_wind_generation,Wind Onshore,2026-09-04T05:43:20Z
2026-09-04T05:42:20Z,2026-09-04T07:42:20+0200,6bcc2458-d8ca-4b45-a21e-3b99293d3a28,2026-09-02T06:15:00Z,2026-09-02T08:15:00+0200,1201.04,MW,FR,FR,actual_onshore_wind_generation,Wind Onshore,2026-09-04T05:43:20Z
2026-09-04T05:42:20Z,2026-09-04T07:42:20+0200,6bcc2458-d8ca-4b45-a21e-3b99293d3a28,2026-09-02T06:30:00Z,2026-09-02T08:30:00+0200,1153.82,MW,FR,FR,actual_onshore_wind_generation,Wind Onshore,2026-09-04T05:43:20Z
2026-09-04T05:42:20Z,2026-09-04T07:42:20+0200,6bcc2458-d8ca-4b45-a21e-3b99293d3a28,2026-09-02T06:45:00Z,2026-09-02T08:45:00+0200,1111.63,MW,FR,FR,actual_onshore_wind_generation,Wind Onshore,2026-09-04T05:43:20Z
2026-09-04T05:42:20Z,2026-09-04T07:42:20+0200,6bcc2458-d8ca-4b45-a21e-3b99293d3a28,2026-09-02T07:00:00Z,2026-09-02T09:00:00+0200,1069.87,MW,FR,FR,actual_onshore_wind_generation,Wind Onshore,2026-09-04T05:43:20Z
2026-09-04T05:42:20Z,2026-09-04T07:42:20+0200,6bcc2458-d8ca-4b45-a21e-3b99293d3a28,2026-09-02T07:15:00Z,2026-09-02T09:15:00+0200,1012.89,MW,FR,FR,actual_onshore_wind_generation,Wind Onshore,2026-09-04T05:43:20Z
2026-09-04T05:42:20Z,2026-09-04T07:42:20+0200,6bcc2458-d8ca-4b45-a21e-3b99293d3a28,2026-09-02T07:30:00Z,2026-09-02T09:30:00+0200,959.96,MW,FR,FR,actual_onshore_wind_generation,Wind Onshore,2026-09-04T05:43:20Z
2026-09-04T05:42:20Z,2026-09-04T07:42:20+0200,6bcc2458-d8ca-4b45-a21e-3b99293d3a28,2026-09-02T07:45:00Z,2026-09-02T09:45:00+0200,905.39,MW,FR,FR,actual_onshore_wind_generation,Wind Onshore,2026-09-04T05:43:20Z
2026-09-04T05:42:20Z,2026-09-04T07:42:20+0200,6bcc2458-d8ca-4b45-a21e-3b99293d3a28,2026-09-02T08:00:00Z,2026-09-02T10:00:00+0200,913.69,MW,FR,FR,actual_onshore_wind_generation,Wind Onshore,2026-09-04T05:43:20Z
2026-09-04T05:42:20Z,2026-09-04T07:42:20+0200,6bcc2458-d8ca-4b45-a21e-3b99293d3a28,2026-09-02T08:15:00Z,2026-09-02T10:15:00+0200,943.62,MW,FR,FR,actual_onshore_wind_generation,Wind Onshore,2026-09-04T05:43:20Z
2026-09-04T05:42:20Z,2026-09-04T07:42:20+0200,6bcc2458-d8ca-4b45-a21e-3b99293d3a28,2026-09-02T08:30:00Z,2026-09-02T10:30:00+0200,999.74,MW,FR,FR,actual_onshore_wind_generation,Wind Onshore,2026-09-04T05:43:20Z
2026-09-04T05:42:20Z,2026-09-04T07:42:20+0200,6bcc2458-d8ca-4b45-a21e-3b99293d3a28,2026-09-02T08:45:00Z,2026-09-02T10:45:00+0200,1054.55,MW,FR,FR,actual_onshore_wind_generation,Wind Onshore,2026-09-04T05:43:20Z
2026-09-04T05:42:20Z,2026-09-04T07:42:20+0200,6bcc2458-d8ca-4b45-a21e-3b99293d3a28,2026-09-02T09:00:00Z,2026-09-02T11:00:00+0200,1123.41,MW,FR,FR,actual_onshore_wind_generation,Wind Onshore,2026-09-04T05:43:20Z
2026-09-04T05:42:20Z,2026-09-04T07:42:20+0200,6bcc2458-d8ca-4b45-a21e-3b99293d3a28,2026-09-02T09:15:00Z,2026-09-02T11:15:00+0200,1155.22,MW,FR,FR,actual_onshore_wind_generation,Wind Onshore,2026-09-04T05:43:20Z
2026-09-04T05:42:20Z,2026-09-04T07:42:20+0200,6bcc2458-d8ca-4b45-a21e-3b99293d3a28,2026-09-02T09:30:00Z,2026-09-02T11:30:00+0200,1163.93,MW,FR,FR,actual_onshore_wind_generation,Wind Onshore,2026-09-04T05:43:20Z
2026-09-04T05:42:20Z,2026-09-04T07:42:20+0200,6bcc2458-d8ca-4b45-a21e-3b99293d3a28,2026-09-02T09:45:00Z,2026-09-02T11:45:00+0200,1192.63,MW,FR,FR,actual_onshore_wind_generation,Wind Onshore,2026-09-04T05:43:20Z
2026-09-04T05:42:20Z,2026-09-04T07:42:20+0200,6bcc2458-d8ca-4b45-a21e-3b99293d3a28,2026-09-02T10:00:00Z,2026-09-02T12:00:00+0200,1234.9,MW,FR,FR,actual_onshore_wind_generation,Wind Onshore,2026-09-04T05:43:20Z
2026-09-04T05:42:20Z,2026-09-04T07:42:20+0200,6bcc2458-d8ca-4b45-a21e-3b99293d3a28,2026-09-02T10:15:00Z,2026-09-02T12:15:00+0200,1259.44,MW,FR,FR,actual_onshore_wind_generation,Wind Onshore,2026-09-04T05:43:20Z
2026-09-04T05:42:20Z,2026-09-04T07:42:20+0200,6bcc2458-d8ca-4b45-a21e-3b99293d3a28,2026-09-02T10:30:00Z,2026-09-02T12:30:00+0200,1292.37,MW,FR,FR,actual_onshore_wind_generation,Wind Onshore,2026-09-04T05:43:20Z
2026-09-04T05:42:20Z,2026-09-04T07:42:20+0200,6bcc2458-d8ca-4b45-a21e-3b99293d3a28,2026-09-02T10:45:00Z,2026-09-02T12:45:00+0200,1305.34,MW,FR,FR,actual_onshore_wind_generation,Wind Onshore,2026-09-04T05:43:20Z
2026-09-04T05:42:20Z,2026-09-04T07:42:20+0200,6bcc2458-d8ca-4b45-a21e-3b99293d3a28,2026-09-02T11:00:00Z,2026-09-02T13:00:00+0200,1385.19,MW,FR,FR,actual_onshore_wind_generation,Wind Onshore,2026-09-04T05:43:20Z
2026-09-04T05:42:20Z,2026-09-04T07:42:20+0200,6bcc2458-d8ca-4b45-a21e-3b99293d3a28,2026-09-02T11:15:00Z,2026-09-02T13:15:00+0200,1478.01,MW,FR,FR,actual_onshore_wind_generation,Wind Onshore,2026-09-04T05:43:20Z
2026-09-04T05:42:20Z,2026-09-04T07:42:20+0200,6bcc2458-d8ca-4b45-a21e-3b99293d3a28,2026-09-02T11:30:00Z,2026-09-02T13:30:00+0200,1552.8,MW,FR,FR,actual_onshore_wind_generation,Wind Onshore,2026-09-04T05:43:20Z
2026-09-04T05:42:20Z,2026-09-04T07:42:20+0200,6bcc2458-d8ca-4b45-a21e-3b99293d3a28,2026-09-02T11:45:00Z,2026-09-02T13:45:00+0200,1587.81,MW,FR,FR,actual_onshore_wind_generation,Wind Onshore,2026-09-04T05:43:20Z
2026-09-04T05:42:20Z,2026-09-04T07:42:20+0200,6bcc2458-d8ca-4b45-a21e-3b99293d3a28,2026-09-02T12:00:00Z,2026-09-02T14:00:00+0200,1655.6,MW,FR,FR,actual_onshore_wind_generation,Wind Onshore,2026-09-04T05:43:20Z
2026-09-04T05:42:20Z,2026-09-04T07:42:20+0200,6bcc2458-d8ca-4b45-a21e-3b99293d3a28,2026-09-02T12:15:00Z,2026-09-02T14:15:00+0200,1725.0,MW,FR,FR,actual_onshore_wind_generation,Wind Onshore,2026-09-04T05:43:20Z
2026-09-04T05:42:20Z,2026-09-04T07:42:20+0200,6bcc2458-d8ca-4b45-a21e-3b99293d3a28,2026-09-02T12:30:00Z,2026-09-02T14:30:00+0200,1764.37,MW,FR,FR,actual_onshore_wind_generation,Wind Onshore,2026-09-04T05:43:20Z
2026-09-04T05:42:20Z,2026-09-04T07:42:20+0200,6bcc2458-d8ca-4b45-a21e-3b99293d3a28,2026-09-02T12:45:00Z,2026-09-02T14:45:00+0200,1780.51,MW,FR,FR,actual_onshore_wind_generation,Wind Onshore,2026-09-04T05:43:20Z
2026-09-04T05:42:20Z,2026-09-04T07:42:20+0200,6bcc2458-d8ca-4b45-a21e-3b99293d3a28,2026-09-02T13:00:00Z,2026-09-02T15:00:00+0200,1863.04,MW,FR,FR,actual_onshore_wind_generation,Wind Onshore,2026-09-04T05:43:20Z
2026-09-04T05:42:20Z,2026-09-04T07:42:20+0200,6bcc2458-d8ca-4b45-a21e-3b99293d3a28,2026-09-02T13:15:00Z,2026-09-02T15:15:00+0200,1940.63,MW,FR,FR,actual_onshore_wind_generation,Wind Onshore,2026-09-04T05:43:20Z
2026-09-04T05:42:20Z,2026-09-04T07:42:20+0200,6bcc2458-d8ca-4b45-a21e-3b99293d3a28,2026-09-02T13:30:00Z,2026-09-02T15:30:00+0200,2043.86,MW,FR,FR,actual_onshore_wind_generation,Wind Onshore,2026-09-04T05:43:20Z
2026-09-04T05:42:20Z,2026-09-04T07:42:20+0200,6bcc2458-d8ca-4b45-a21e-3b99293d3a28,2026-09-02T13:45:00Z,2026-09-02T15:45:00+0200,2093.32,MW,FR,FR,actual_onshore_wind_generation,Wind Onshore,2026-09-04T05:43:20Z
2026-09-04T05:42:20Z,2026-09-04T07:42:20+0200,6bcc2458-d8ca-4b45-a21e-3b99293d3a28,2026-09-02T14:00:00Z,2026-09-02T16:00:00+0200,2029.34,MW,FR,FR,actual_onshore_wind_generation,Wind Onshore,2026-09-04T05:43:20Z
2026-09-04T05:42:20Z,2026-09-04T07:42:20+0200,6bcc2458-d8ca-4b45-a21e-3b99293d3a28,2026-09-02T14:15:00Z,2026-09-02T16:15:00+0200,2112.57,MW,FR,FR,actual_onshore_wind_generation,Wind Onshore,2026-09-04T05:43:20Z
2026-09-04T05:42:20Z,2026-09-04T07:42:20+0200,6bcc2458-d8ca-4b45-a21e-3b99293d3a28,2026-09-02T14:30:00Z,2026-09-02T16:30:00+0200,2319.89,MW,FR,FR,actual_onshore_wind_generation,Wind Onshore,2026-09-04T05:43:20Z
2026-09-04T05:42:20Z,2026-09-04T07:42:20+0200,6bcc2458-d8ca-4b45-a21e-3b99293d3a28,2026-09-02T14:45:00Z,2026-09-02T16:45:00+0200,2329.5,MW,FR,FR,actual_onshore_wind_generation,Wind Onshore,2026-09-04T05:43:20Z
2026-09-04T05:42:20Z,2026-09-04T07:42:20+0200,6bcc2458-d8ca-4b45-a21e-3b99293d3a28,2026-09-02T15:00:00Z,2026-09-02T17:00:00+0200,2382.76,MW,FR,FR,actual_onshore_wind_generation,Wind Onshore,2026-09-04T05:43:20Z
2026-09-04T05:42:20Z,2026-09-04T07:42:20+0200,6bcc2458-d8ca-4b45-a21e-3b99293d3a28,2026-09-02T15:15:00Z,2026-09-02T17:15:00+0200,2383.84,MW,FR,FR,actual_onshore_wind_generation,Wind Onshore,2026-09-04T05:43:20Z
2026-09-04T05:42:20Z,2026-09-04T07:42:20+0200,6bcc2458-d8ca-4b45-a21e-3b99293d3a28,2026-09-02T15:30:00Z,2026-09-02T17:30:00+0200,2387.63,MW,FR,FR,actual_onshore_wind_generation,Wind Onshore,2026-09-04T05:43:20Z
2026-09-04T05:42:20Z,2026-09-04T07:42:20+0200,6bcc2458-d8ca-4b45-a21e-3b99293d3a28,2026-09-02T15:45:00Z,2026-09-02T17:45:00+0200,2441.17,MW,FR,FR,actual_onshore_wind_generation,Wind Onshore,2026-09-04T05:43:20Z
2026-09-04T05:42:20Z,2026-09-04T07:42:20+0200,6bcc2458-d8ca-4b45-a21e-3b99293d3a28,2026-09-02T16:00:00Z,2026-09-02T18:00:00+0200,2470.09,MW,FR,FR,actual_onshore_wind_generation,Wind Onshore,2026-09-04T05:43:20Z
2026-09-04T05:42:20Z,2026-09-04T07:42:20+0200,6bcc2458-d8ca-4b45-a21e-3b99293d3a28,2026-09-02T16:15:00Z,2026-09-02T18:15:00+0200,2458.18,MW,FR,FR,actual_onshore_wind_generation,Wind Onshore,2026-09-04T05:43:20Z
2026-09-04T05:42:20Z,2026-09-04T07:42:20+0200,6bcc2458-d8ca-4b45-a21e-3b99293d3a28,2026-09-02T16:30:00Z,2026-09-02T18:30:00+0200,2377.93,MW,FR,FR,actual_onshore_wind_generation,Wind Onshore,2026-09-04T05:43:20Z
2026-09-04T05:42:20Z,2026-09-04T07:42:20+0200,6bcc2458-d8ca-4b45-a21e-3b99293d3a28,2026-09-02T16:45:00Z,2026-09-02T18:45:00+0200,2298.9,MW,FR,FR,actual_onshore_wind_generation,Wind Onshore,2026-09-04T05:43:20Z
2026-09-04T05:42:20Z,2026-09-04T07:42:20+0200,6bcc2458-d8ca-4b45-a21e-3b99293d3a28,2026-09-02T17:00:00Z,2026-09-02T19:00:00+0200,2169.35,MW,FR,FR,actual_onshore_wind_generation,Wind Onshore,2026-09-04T05:43:20Z
2026-09-04T05:42:20Z,2026-09-04T07:42:20+0200,6bcc2458-d8ca-4b45-a21e-3b99293d3a28,2026-09-02T17:15:00Z,2026-09-02T19:15:00+0200,2039.13,MW,FR,FR,actual_onshore_wind_generation,Wind Onshore,2026-09-04T05:43:20Z
2026-09-04T05:42:20Z,2026-09-04T07:42:20+0200,6bcc2458-d8ca-4b45-a21e-3b99293d3a28,2026-09-02T17:30:00Z,2026-09-02T19:30:00+0200,1923.46,MW,FR,FR,actual_onshore_wind_generation,Wind Onshore,2026-09-04T05:43:20Z
2026-09-04T05:42:20Z,2026-09-04T07:42:20+0200,6bcc2458-d8ca-4b45-a21e-3b99293d3a28,2026-09-02T17:45:00Z,2026-09-02T19:45:00+0200,1868.25,MW,FR,FR,actual_onshore_wind_generation,Wind Onshore,2026-09-04T05:43:20Z
2026-09-04T05:42:20Z,2026-09-04T07:42:20+0200,6bcc2458-d8ca-4b45-a21e-3b99293d3a28,2026-09-02T18:00:00Z,2026-09-02T20:00:00+0200,1792.84,MW,FR,FR,actual_onshore_wind_generation,Wind Onshore,2026-09-04T05:43:20Z
2026-09-04T05:42:20Z,2026-09-04T07:42:20+0200,6bcc2458-d8ca-4b45-a21e-3b99293d3a28,2026-09-02T18:15:00Z,2026-09-02T20:15:00+0200,1750.55,MW,FR,FR,actual_onshore_wind_generation,Wind Onshore,2026-09-04T05:43:20Z
2026-09-04T05:42:20Z,2026-09-04T07:42:20+0200,6bcc2458-d8ca-4b45-a21e-3b99293d3a28,2026-09-02T18:30:00Z,2026-09-02T20:30:00+0200,1692.93,MW,FR,FR,actual_onshore_wind_generation,Wind Onshore,2026-09-04T05:43:20Z
2026-09-04T05:42:20Z,2026-09-04T07:42:20+0200,6bcc2458-d8ca-4b45-a21e-3b99293d3a28,2026-09-02T18:45:00Z,2026-09-02T20:45:00+0200,1703.53,MW,FR,FR,actual_onshore_wind_generation,Wind Onshore,2026-09-04T05:43:20Z
2026-09-04T05:42:20Z,2026-09-04T07:42:20+0200,6bcc2458-d8ca-4b45-a21e-3b99293d3a28,2026-09-02T19:00:00Z,2026-09-02T21:00:00+0200,1718.0,MW,FR,FR,actual_onshore_wind_generation,Wind Onshore,2026-09-04T05:43:20Z
2026-09-04T05:42:20Z,2026-09-04T07:42:20+0200,6bcc2458-d8ca-4b45-a21e-3b99293d3a28,2026-09-02T19:15:00Z,2026-09-02T21:15:00+0200,1768.94,MW,FR,FR,actual_onshore_wind_generation,Wind Onshore,2026-09-04T05:43:20Z
2026-09-04T05:42:20Z,2026-09-04T07:42:20+0200,6bcc2458-d8ca-4b45-a21e-3b99293d3a28,2026-09-02T19:30:00Z,2026-09-02T21:30:00+0200,1808.65,MW,FR,FR,actual_onshore_wind_generation,Wind Onshore,2026-09-04T05:43:20Z
2026-09-04T05:42:20Z,2026-09-04T07:42:20+0200,6bcc2458-d8ca-4b45-a21e-3b99293d3a28,2026-09-02T19:45:00Z,2026-09-02T21:45:00+0200,1865.84,MW,FR,FR,actual_onshore_wind_generation,Wind Onshore,2026-09-04T05:43:20Z
2026-09-04T05:42:20Z,2026-09-04T07:42:20+0200,6bcc2458-d8ca-4b45-a21e-3b99293d3a28,2026-09-02T20:00:00Z,2026-09-02T22:00:00+0200,1876.04,MW,FR,FR,actual_onshore_wind_generation,Wind Onshore,2026-09-04T05:43:20Z
2026-09-04T05:42:20Z,2026-09-04T07:42:20+0200,6bcc2458-d8ca-4b45-a21e-3b99293d3a28,2026-09-02T20:15:00Z,2026-09-02T22:15:00+0200,1907.09,MW,FR,FR,actual_onshore_wind_generation,Wind Onshore,2026-09-04T05:43:20Z
2026-09-04T05:42:20Z,2026-09-04T07:42:20+0200,6bcc2458-d8ca-4b45-a21e-3b99293d3a28,2026-09-02T20:30:00Z,2026-09-02T22:30:00+0200,1940.41,MW,FR,FR,actual_onshore_wind_generation,Wind Onshore,2026-09-04T05:43:20Z
2026-09-04T05:42:20Z,2026-09-04T07:42:20+0200,6bcc2458-d8ca-4b45-a21e-3b99293d3a28,2026-09-02T20:45:00Z,2026-09-02T22:45:00+0200,2087.78,MW,FR,FR,actual_onshore_wind_generation,Wind Onshore,2026-09-04T05:43:20Z
2026-09-04T05:42:20Z,2026-09-04T07:42:20+0200,6bcc2458-d8ca-4b45-a21e-3b99293d3a28,2026-09-02T21:00:00Z,2026-09-02T23:00:00+0200,2195.3,MW,FR,FR,actual_onshore_wind_generation,Wind Onshore,2026-09-04T05:43:20Z
2026-09-04T05:42:20Z,2026-09-04T07:42:20+0200,6bcc2458-d8ca-4b45-a21e-3b99293d3a28,2026-09-02T21:15:00Z,2026-09-02T23:15:00+0200,2281.53,MW,FR,FR,actual_onshore_wind_generation,Wind Onshore,2026-09-04T05:43:20Z
2026-09-04T05:42:20Z,2026-09-04T07:42:20+0200,6bcc2458-d8ca-4b45-a21e-3b99293d3a28,2026-09-02T21:30:00Z,2026-09-02T23:30:00+0200,2327.86,MW,FR,FR,actual_onshore_wind_generation,Wind Onshore,2026-09-04T05:43:20Z
2026-09-04T05:42:20Z,2026-09-04T07:42:20+0200,6bcc2458-d8ca-4b45-a21e-3b99293d3a28,2026-09-02T21:45:00Z,2026-09-02T23:45:00+0200,2477.5,MW,FR,FR,actual_onshore_wind_generation,Wind Onshore,2026-09-04T05:43:20Z
2026-09-04T05:42:20Z,2026-09-04T07:42:20+0200,6bcc2458-d8ca-4b45-a21e-3b99293d3a28,2026-09-02T22:00:00Z,2026-09-03T00:00:00+0200,2556.52,MW,FR,FR,actual_onshore_wind_generation,Wind Onshore,2026-09-04T05:43:20Z
2026-09-04T05:42:20Z,2026-09-04T07:42:20+0200,6bcc2458-d8ca-4b45-a21e-3b99293d3a28,2026-09-02T22:15:00Z,2026-09-03T00:15:00+0200,2574.68,MW,FR,FR,actual_onshore_wind_generation,Wind Onshore,2026-09-04T05:43:20Z
2026-09-04T05:42:20Z,2026-09-04T07:42:20+0200,6bcc2458-d8ca-4b45-a21e-3b99293d3a28,2026-09-02T22:30:00Z,2026-09-03T00:30:00+0200,2656.43,MW,FR,FR,actual_onshore_wind_generation,Wind Onshore,2026-09-04T05:43:20Z
2026-09-04T05:42:20Z,2026-09-04T07:42:20+0200,6bcc2458-d8ca-4b45-a21e-3b99293d3a28,2026-09-02T22:45:00Z,2026-09-03T00:45:00+0200,2756.21,MW,FR,FR,actual_onshore_wind_generation,Wind Onshore,2026-09-04T05:43:20Z
2026-09-04T05:42:20Z,2026-09-04T07:42:20+0200,6bcc2458-d8ca-4b45-a21e-3b99293d3a28,2026-09-02T23:00:00Z,2026-09-03T01:00:00+0200,2849.05,MW,FR,FR,actual_onshore_wind_generation,Wind Onshore,2026-09-04T05:43:20Z
2026-09-04T05:42:20Z,2026-09-04T07:42:20+0200,6bcc2458-d8ca-4b45-a21e-3b99293d3a28,2026-09-02T23:15:00Z,2026-09-03T01:15:00+0200,2974.8,MW,FR,FR,actual_onshore_wind_generation,Wind Onshore,2026-09-04T05:43:20Z
2026-09-04T05:42:20Z,2026-09-04T07:42:20+0200,6bcc2458-d8ca-4b45-a21e-3b99293d3a28,2026-09-02T23:30:00Z,2026-09-03T01:30:00+0200,3063.64,MW,FR,FR,actual_onshore_wind_generation,Wind Onshore,2026-09-04T05:43:20Z
2026-09-04T05:42:20Z,2026-09-04T07:42:20+0200,6bcc2458-d8ca-4b45-a21e-3b99293d3a28,2026-09-02T23:45:00Z,2026-09-03T01:45:00+0200,3091.05,MW,FR,FR,actual_onshore_wind_generation,Wind Onshore,2026-09-04T05:43:20Z
2026-09-04T05:42:20Z,2026-09-04T07:42:20+0200,6bcc2458-d8ca-4b45-a21e-3b99293d3a28,2026-09-03T00:00:00Z,2026-09-03T02:00:00+0200,3126.86,MW,FR,FR,actual_onshore_wind_generation,Wind Onshore,2026-09-04T05:43:20Z
2026-09-04T05:42:20Z,2026-09-04T07:42:20+0200,6bcc2458-d8ca-4b45-a21e-3b99293d3a28,2026-09-03T00:15:00Z,2026-09-03T02:15:00+0200,3264.64,MW,FR,FR,actual_onshore_wind_generation,Wind Onshore,2026-09-04T05:43:20Z
2026-09-04T05:42:20Z,2026-09-04T07:42:20+0200,6bcc2458-d8ca-4b45-a21e-3b99293d3a28,2026-09-03T00:30:00Z,2026-09-03T02:30:00+0200,3422.21,MW,FR,FR,actual_onshore_wind_generation,Wind Onshore,2026-09-04T05:43:20Z
2026-09-04T05:42:20Z,2026-09-04T07:42:20+0200,6bcc2458-d8ca-4b45-a21e-3b99293d3a28,2026-09-03T00:45:00Z,2026-09-03T02:45:00+0200,3608.63,MW,FR,FR,actual_onshore_wind_generation,Wind Onshore,2026-09-04T05:43:20Z
2026-09-04T05:42:20Z,2026-09-04T07:42:20+0200,6bcc2458-d8ca-4b45-a21e-3b99293d3a28,2026-09-03T01:00:00Z,2026-09-03T03:00:00+0200,3655.31,MW,FR,FR,actual_onshore_wind_generation,Wind Onshore,2026-09-04T05:43:20Z
2026-09-04T05:42:20Z,2026-09-04T07:42:20+0200,6bcc2458-d8ca-4b45-a21e-3b99293d3a28,2026-09-03T01:15:00Z,2026-09-03T03:15:00+0200,3721.72,MW,FR,FR,actual_onshore_wind_generation,Wind Onshore,2026-09-04T05:43:20Z
2026-09-04T05:42:20Z,2026-09-04T07:42:20+0200,6bcc2458-d8ca-4b45-a21e-3b99293d3a28,2026-09-03T01:30:00Z,2026-09-03T03:30:00+0200,3745.28,MW,FR,FR,actual_onshore_wind_generation,Wind Onshore,2026-09-04T05:43:20Z
2026-09-04T05:42:20Z,2026-09-04T07:42:20+0200,6bcc2458-d8ca-4b45-a21e-3b99293d3a28,2026-09-03T01:45:00Z,2026-09-03T03:45:00+0200,3787.68,MW,FR,FR,actual_onshore_wind_generation,Wind Onshore,2026-09-04T05:43:20Z
2026-09-04T05:42:20Z,2026-09-04T07:42:20+0200,6bcc2458-d8ca-4b45-a21e-3b99293d3a28,2026-09-03T02:00:00Z,2026-09-03T04:00:00+0200,3909.86,MW,FR,FR,actual_onshore_wind_generation,Wind Onshore,2026-09-04T05:43:20Z
2026-09-04T05:42:20Z,2026-09-04T07:42:20+0200,6bcc2458-d8ca-4b45-a21e-3b99293d3a28,2026-09-03T02:15:00Z,2026-09-03T04:15:00+0200,4030.35,MW,FR,FR,actual_onshore_wind_generation,Wind Onshore,2026-09-04T05:43:20Z
2026-09-04T05:42:20Z,2026-09-04T07:42:20+0200,6bcc2458-d8ca-4b45-a21e-3b99293d3a28,2026-09-03T02:30:00Z,2026-09-03T04:30:00+0200,4025.56,MW,FR,FR,actual_onshore_wind_generation,Wind Onshore,2026-09-04T05:43:20Z
2026-09-04T05:42:20Z,2026-09-04T07:42:20+0200,6bcc2458-d8ca-4b45-a21e-3b99293d3a28,2026-09-03T02:45:00Z,2026-09-03T04:45:00+0200,4025.5,MW,FR,FR,actual_onshore_wind_generation,Wind Onshore,2026-09-04T05:43:20Z
2026-09-04T05:42:20Z,2026-09-04T07:42:20+0200,6bcc2458-d8ca-4b45-a21e-3b99293d3a28,2026-09-03T03:00:00Z,2026-09-03T05:00:00+0200,4128.2,MW,FR,FR,actual_onshore_wind_generation,Wind Onshore,2026-09-04T05:43:20Z
2026-09-04T05:42:20Z,2026-09-04T07:42:20+0200,6bcc2458-d8ca-4b45-a21e-3b99293d3a28,2026-09-03T03:15:00Z,2026-09-03T05:15:00+0200,4173.08,MW,FR,FR,actual_onshore_wind_generation,Wind Onshore,2026-09-04T05:43:20Z
2026-09-04T05:42:20Z,2026-09-04T07:42:20+0200,6bcc2458-d8ca-4b45-a21e-3b99293d3a28,2026-09-03T03:30:00Z,2026-09-03T05:30:00+0200,4250.05,MW,FR,FR,actual_onshore_wind_generation,Wind Onshore,2026-09-04T05:43:20Z
2026-09-04T05:42:20Z,2026-09-04T07:42:20+0200,6bcc2458-d8ca-4b45-a21e-3b99293d3a28,2026-09-03T03:45:00Z,2026-09-03T05:45:00+0200,4319.52,MW,FR,FR,actual_onshore_wind_generation,Wind Onshore,2026-09-04T05:43:20Z
2026-09-04T05:42:20Z,2026-09-04T07:42:20+0200,6bcc2458-d8ca-4b45-a21e-3b99293d3a28,2026-09-03T04:00:00Z,2026-09-03T06:00:00+0200,4316.12,MW,FR,FR,actual_onshore_wind_generation,Wind Onshore,2026-09-04T05:43:20Z
2026-09-04T05:42:20Z,2026-09-04T07:42:20+0200,6bcc2458-d8ca-4b45-a21e-3b99293d3a28,2026-09-03T04:15:00Z,2026-09-03T06:15:00+0200,4284.32,MW,FR,FR,actual_onshore_wind_generation,Wind Onshore,2026-09-04T05:43:20Z
2026-09-04T05:42:20Z,2026-09-04T07:42:20+0200,6bcc2458-d8ca-4b45-a21e-3b99293d3a28,2026-09-03T04:30:00Z,2026-09-03T06:30:00+0200,4347.63,MW,FR,FR,actual_onshore_wind_generation,Wind Onshore,2026-09-04T05:43:20Z
2026-09-04T05:42:20Z,2026-09-04T07:42:20+0200,6bcc2458-d8ca-4b45-a21e-3b99293d3a28,2026-09-03T04:45:00Z,2026-09-03T06:45:00+0200,4431.27,MW,FR,FR,actual_onshore_wind_generation,Wind Onshore,2026-09-04T05:43:20Z
2026-09-04T05:42:20Z,2026-09-04T07:42:20+0200,6bcc2458-d8ca-4b45-a21e-3b99293d3a28,2026-09-03T05:00:00Z,2026-09-03T07:00:00+0200,4612.41,MW,FR,FR,actual_onshore_wind_generation,Wind Onshore,2026-09-04T05:43:20Z
2026-09-04T05:42:20Z,2026-09-04T07:42:20+0200,6bcc2458-d8ca-4b45-a21e-3b99293d3a28,2026-09-03T05:15:00Z,2026-09-03T07:15:00+0200,4815.9,MW,FR,FR,actual_onshore_wind_generation,Wind Onshore,2026-09-04T05:43:20Z
2026-09-04T05:42:20Z,2026-09-04T07:42:20+0200,6bcc2458-d8ca-4b45-a21e-3b99293d3a28,2026-09-03T05:30:00Z,2026-09-03T07:30:00+0200,4962.89,MW,FR,FR,actual_onshore_wind_generation,Wind Onshore,2026-09-04T05:43:20Z
2026-09-04T05:42:20Z,2026-09-04T07:42:20+0200,6bcc2458-d8ca-4b45-a21e-3b99293d3a28,2026-09-03T05:45:00Z,2026-09-03T07:45:00+0200,4963.49,MW,FR,FR,actual_onshore_wind_generation,Wind Onshore,2026-09-04T05:43:20Z
2026-09-04T05:42:20Z,2026-09-04T07:42:20+0200,6bcc2458-d8ca-4b45-a21e-3b99293d3a28,2026-09-03T06:00:00Z,2026-09-03T08:00:00+0200,4900.85,MW,FR,FR,actual_onshore_wind_generation,Wind Onshore,2026-09-04T05:43:20Z
2026-09-04T05:42:20Z,2026-09-04T07:42:20+0200,6bcc2458-d8ca-4b45-a21e-3b99293d3a28,2026-09-03T06:15:00Z,2026-09-03T08:15:00+0200,4766.46,MW,FR,FR,actual_onshore_wind_generation,Wind Onshore,2026-09-04T05:43:20Z
2026-09-04T05:42:20Z,2026-09-04T07:42:20+0200,6bcc2458-d8ca-4b45-a21e-3b99293d3a28,2026-09-03T06:30:00Z,2026-09-03T08:30:00+0200,4569.49,MW,FR,FR,actual_onshore_wind_generation,Wind Onshore,2026-09-04T05:43:20Z
2026-09-04T05:42:20Z,2026-09-04T07:42:20+0200,6bcc2458-d8ca-4b45-a21e-3b99293d3a28,2026-09-03T06:45:00Z,2026-09-03T08:45:00+0200,4299.69,MW,FR,FR,actual_onshore_wind_generation,Wind Onshore,2026-09-04T05:43:20Z
2026-09-04T05:42:20Z,2026-09-04T07:42:20+0200,6bcc2458-d8ca-4b45-a21e-3b99293d3a28,2026-09-03T07:00:00Z,2026-09-03T09:00:00+0200,4152.43,MW,FR,FR,actual_onshore_wind_generation,Wind Onshore,2026-09-04T05:43:20Z
2026-09-04T05:42:20Z,2026-09-04T07:42:20+0200,6bcc2458-d8ca-4b45-a21e-3b99293d3a28,2026-09-03T07:15:00Z,2026-09-03T09:15:00+0200,4034.5,MW,FR,FR,actual_onshore_wind_generation,Wind Onshore,2026-09-04T05:43:20Z
2026-09-04T05:42:20Z,2026-09-04T07:42:20+0200,6bcc2458-d8ca-4b45-a21e-3b99293d3a28,2026-09-03T07:30:00Z,2026-09-03T09:30:00+0200,4053.73,MW,FR,FR,actual_onshore_wind_generation,Wind Onshore,2026-09-04T05:43:20Z
2026-09-04T05:42:20Z,2026-09-04T07:42:20+0200,6bcc2458-d8ca-4b45-a21e-3b99293d3a28,2026-09-03T07:45:00Z,2026-09-03T09:45:00+0200,4080.25,MW,FR,FR,actual_onshore_wind_generation,Wind Onshore,2026-09-04T05:43:20Z
2026-09-04T05:42:20Z,2026-09-04T07:42:20+0200,6bcc2458-d8ca-4b45-a21e-3b99293d3a28,2026-09-03T08:00:00Z,2026-09-03T10:00:00+0200,4163.22,MW,FR,FR,actual_onshore_wind_generation,Wind Onshore,2026-09-04T05:43:20Z
2026-09-04T05:42:20Z,2026-09-04T07:42:20+0200,6bcc2458-d8ca-4b45-a21e-3b99293d3a28,2026-09-03T08:15:00Z,2026-09-03T10:15:00+0200,4263.82,MW,FR,FR,actual_onshore_wind_generation,Wind Onshore,2026-09-04T05:43:20Z
2026-09-04T05:42:20Z,2026-09-04T07:42:20+0200,6bcc2458-d8ca-4b45-a21e-3b99293d3a28,2026-09-03T08:30:00Z,2026-09-03T10:30:00+0200,4306.82,MW,FR,FR,actual_onshore_wind_generation,Wind Onshore,2026-09-04T05:43:20Z
2026-09-04T05:42:20Z,2026-09-04T07:42:20+0200,6bcc2458-d8ca-4b45-a21e-3b99293d3a28,2026-09-03T08:45:00Z,2026-09-03T10:45:00+0200,4369.32,MW,FR,FR,actual_onshore_wind_generation,Wind Onshore,2026-09-04T05:43:20Z
2026-09-04T05:42:20Z,2026-09-04T07:42:20+0200,6bcc2458-d8ca-4b45-a21e-3b99293d3a28,2026-09-03T09:00:00Z,2026-09-03T11:00:00+0200,4520.75,MW,FR,FR,actual_onshore_wind_generation,Wind Onshore,2026-09-04T05:43:20Z
2026-09-04T05:42:20Z,2026-09-04T07:42:20+0200,6bcc2458-d8ca-4b45-a21e-3b99293d3a28,2026-09-03T09:15:00Z,2026-09-03T11:15:00+0200,4687.08,MW,FR,FR,actual_onshore_wind_generation,Wind Onshore,2026-09-04T05:43:20Z
2026-09-04T05:42:20Z,2026-09-04T07:42:20+0200,6bcc2458-d8ca-4b45-a21e-3b99293d3a28,2026-09-03T09:30:00Z,2026-09-03T11:30:00+0200,4935.3,MW,FR,FR,actual_onshore_wind_generation,Wind Onshore,2026-09-04T05:43:20Z
2026-09-04T05:42:20Z,2026-09-04T07:42:20+0200,6bcc2458-d8ca-4b45-a21e-3b99293d3a28,2026-09-03T09:45:00Z,2026-09-03T11:45:00+0200,5142.8,MW,FR,FR,actual_onshore_wind_generation,Wind Onshore,2026-09-04T05:43:20Z
2026-09-04T05:42:20Z,2026-09-04T07:42:20+0200,6bcc2458-d8ca-4b45-a21e-3b99293d3a28,2026-09-03T10:00:00Z,2026-09-03T12:00:00+0200,5394.01,MW,FR,FR,actual_onshore_wind_generation,Wind Onshore,2026-09-04T05:43:20Z
2026-09-04T05:42:20Z,2026-09-04T07:42:20+0200,6bcc2458-d8ca-4b45-a21e-3b99293d3a28,2026-09-03T10:15:00Z,2026-09-03T12:15:00+0200,5535.12,MW,FR,FR,actual_onshore_wind_generation,Wind Onshore,2026-09-04T05:43:20Z
2026-09-04T05:42:20Z,2026-09-04T07:42:20+0200,6bcc2458-d8ca-4b45-a21e-3b99293d3a28,2026-09-03T10:30:00Z,2026-09-03T12:30:00+0200,5674.31,MW,FR,FR,actual_onshore_wind_generation,Wind Onshore,2026-09-04T05:43:20Z
2026-09-04T05:42:20Z,2026-09-04T07:42:20+0200,6bcc2458-d8ca-4b45-a21e-3b99293d3a28,2026-09-03T10:45:00Z,2026-09-03T12:45:00+0200,5669.4,MW,FR,FR,actual_onshore_wind_generation,Wind Onshore,2026-09-04T05:43:20Z
2026-09-04T05:42:20Z,2026-09-04T07:42:20+0200,6bcc2458-d8ca-4b45-a21e-3b99293d3a28,2026-09-03T11:00:00Z,2026-09-03T13:00:00+0200,5631.75,MW,FR,FR,actual_onshore_wind_generation,Wind Onshore,2026-09-04T05:43:20Z
2026-09-04T05:42:20Z,2026-09-04T07:42:20+0200,6bcc2458-d8ca-4b45-a21e-3b99293d3a28,2026-09-03T11:15:00Z,2026-09-03T13:15:00+0200,5643.11,MW,FR,FR,actual_onshore_wind_generation,Wind Onshore,2026-09-04T05:43:20Z
2026-09-04T05:42:20Z,2026-09-04T07:42:20+0200,6bcc2458-d8ca-4b45-a21e-3b99293d3a28,2026-09-03T11:30:00Z,2026-09-03T13:30:00+0200,5685.29,MW,FR,FR,actual_onshore_wind_generation,Wind Onshore,2026-09-04T05:43:20Z
2026-09-04T05:42:20Z,2026-09-04T07:42:20+0200,6bcc2458-d8ca-4b45-a21e-3b99293d3a28,2026-09-03T11:45:00Z,2026-09-03T13:45:00+0200,5717.26,MW,FR,FR,actual_onshore_wind_generation,Wind Onshore,2026-09-04T05:43:20Z
2026-09-04T05:42:20Z,2026-09-04T07:42:20+0200,6bcc2458-d8ca-4b45-a21e-3b99293d3a28,2026-09-03T12:00:00Z,2026-09-03T14:00:00+0200,5771.15,MW,FR,FR,actual_onshore_wind_generation,Wind Onshore,2026-09-04T05:43:20Z
2026-09-04T05:42:20Z,2026-09-04T07:42:20+0200,6bcc2458-d8ca-4b45-a21e-3b99293d3a28,2026-09-03T12:15:00Z,2026-09-03T14:15:00+0200,5660.24,MW,FR,FR,actual_onshore_wind_generation,Wind Onshore,2026-09-04T05:43:20Z
2026-09-04T05:42:20Z,2026-09-04T07:42:20+0200,6bcc2458-d8ca-4b45-a21e-3b99293d3a28,2026-09-03T12:30:00Z,2026-09-03T14:30:00+0200,5609.68,MW,FR,FR,actual_onshore_wind_generation,Wind Onshore,2026-09-04T05:43:20Z
2026-09-04T05:42:20Z,2026-09-04T07:42:20+0200,6bcc2458-d8ca-4b45-a21e-3b99293d3a28,2026-09-03T12:45:00Z,2026-09-03T14:45:00+0200,5555.46,MW,FR,FR,actual_onshore_wind_generation,Wind Onshore,2026-09-04T05:43:20Z
2026-09-04T05:42:20Z,2026-09-04T07:42:20+0200,6bcc2458-d8ca-4b45-a21e-3b99293d3a28,2026-09-03T13:00:00Z,2026-09-03T15:00:00+0200,5536.06,MW,FR,FR,actual_onshore_wind_generation,Wind Onshore,2026-09-04T05:43:20Z
2026-09-04T05:42:20Z,2026-09-04T07:42:20+0200,6bcc2458-d8ca-4b45-a21e-3b99293d3a28,2026-09-03T13:15:00Z,2026-09-03T15:15:00+0200,5459.74,MW,FR,FR,actual_onshore_wind_generation,Wind Onshore,2026-09-04T05:43:20Z
2026-09-04T05:42:20Z,2026-09-04T07:42:20+0200,6bcc2458-d8ca-4b45-a21e-3b99293d3a28,2026-09-03T13:30:00Z,2026-09-03T15:30:00+0200,5456.19,MW,FR,FR,actual_onshore_wind_generation,Wind Onshore,2026-09-04T05:43:20Z
2026-09-04T05:42:20Z,2026-09-04T07:42:20+0200,6bcc2458-d8ca-4b45-a21e-3b99293d3a28,2026-09-03T13:45:00Z,2026-09-03T15:45:00+0200,5366.1,MW,FR,FR,actual_onshore_wind_generation,Wind Onshore,2026-09-04T05:43:20Z
2026-09-04T05:42:20Z,2026-09-04T07:42:20+0200,6bcc2458-d8ca-4b45-a21e-3b99293d3a28,2026-09-03T14:00:00Z,2026-09-03T16:00:00+0200,5201.76,MW,FR,FR,actual_onshore_wind_generation,Wind Onshore,2026-09-04T05:43:20Z
2026-09-04T05:42:20Z,2026-09-04T07:42:20+0200,6bcc2458-d8ca-4b45-a21e-3b99293d3a28,2026-09-03T14:15:00Z,2026-09-03T16:15:00+0200,5064.3,MW,FR,FR,actual_onshore_wind_generation,Wind Onshore,2026-09-04T05:43:20Z
2026-09-04T05:42:20Z,2026-09-04T07:42:20+0200,6bcc2458-d8ca-4b45-a21e-3b99293d3a28,2026-09-03T14:30:00Z,2026-09-03T16:30:00+0200,5031.83,MW,FR,FR,actual_onshore_wind_generation,Wind Onshore,2026-09-04T05:43:20Z
2026-09-04T05:42:20Z,2026-09-04T07:42:20+0200,6bcc2458-d8ca-4b45-a21e-3b99293d3a28,2026-09-03T14:45:00Z,2026-09-03T16:45:00+0200,5036.55,MW,FR,FR,actual_onshore_wind_generation,Wind Onshore,2026-09-04T05:43:20Z
2026-09-04T05:42:20Z,2026-09-04T07:42:20+0200,6bcc2458-d8ca-4b45-a21e-3b99293d3a28,2026-09-03T15:00:00Z,2026-09-03T17:00:00+0200,5081.39,MW,FR,FR,actual_onshore_wind_generation,Wind Onshore,2026-09-04T05:43:20Z
2026-09-04T05:42:20Z,2026-09-04T07:42:20+0200,6bcc2458-d8ca-4b45-a21e-3b99293d3a28,2026-09-03T15:15:00Z,2026-09-03T17:15:00+0200,5074.25,MW,FR,FR,actual_onshore_wind_generation,Wind Onshore,2026-09-04T05:43:20Z
2026-09-04T05:42:20Z,2026-09-04T07:42:20+0200,6bcc2458-d8ca-4b45-a21e-3b99293d3a28,2026-09-03T15:30:00Z,2026-09-03T17:30:00+0200,4976.64,MW,FR,FR,actual_onshore_wind_generation,Wind Onshore,2026-09-04T05:43:20Z
2026-09-04T05:42:20Z,2026-09-04T07:42:20+0200,6bcc2458-d8ca-4b45-a21e-3b99293d3a28,2026-09-03T15:45:00Z,2026-09-03T17:45:00+0200,4965.37,MW,FR,FR,actual_onshore_wind_generation,Wind Onshore,2026-09-04T05:43:20Z
2026-09-04T05:42:20Z,2026-09-04T07:42:20+0200,6bcc2458-d8ca-4b45-a21e-3b99293d3a28,2026-09-03T16:00:00Z,2026-09-03T18:00:00+0200,4870.69,MW,FR,FR,actual_onshore_wind_generation,Wind Onshore,2026-09-04T05:43:20Z
2026-09-04T05:42:20Z,2026-09-04T07:42:20+0200,6bcc2458-d8ca-4b45-a21e-3b99293d3a28,2026-09-03T16:15:00Z,2026-09-03T18:15:00+0200,4758.77,MW,FR,FR,actual_onshore_wind_generation,Wind Onshore,2026-09-04T05:43:20Z
2026-09-04T05:42:20Z,2026-09-04T07:42:20+0200,6bcc2458-d8ca-4b45-a21e-3b99293d3a28,2026-09-03T16:30:00Z,2026-09-03T18:30:00+0200,4675.79,MW,FR,FR,actual_onshore_wind_generation,Wind Onshore,2026-09-04T05:43:20Z
2026-09-04T05:42:20Z,2026-09-04T07:42:20+0200,6bcc2458-d8ca-4b45-a21e-3b99293d3a28,2026-09-03T16:45:00Z,2026-09-03T18:45:00+0200,4513.99,MW,FR,FR,actual_onshore_wind_generation,Wind Onshore,2026-09-04T05:43:20Z
2026-09-04T05:42:20Z,2026-09-04T07:42:20+0200,6bcc2458-d8ca-4b45-a21e-3b99293d3a28,2026-09-03T17:00:00Z,2026-09-03T19:00:00+0200,4379.87,MW,FR,FR,actual_onshore_wind_generation,Wind Onshore,2026-09-04T05:43:20Z
2026-09-04T05:42:20Z,2026-09-04T07:42:20+0200,6bcc2458-d8ca-4b45-a21e-3b99293d3a28,2026-09-03T17:15:00Z,2026-09-03T19:15:00+0200,4212.42,MW,FR,FR,actual_onshore_wind_generation,Wind Onshore,2026-09-04T05:43:20Z
2026-09-04T05:42:20Z,2026-09-04T07:42:20+0200,6bcc2458-d8ca-4b45-a21e-3b99293d3a28,2026-09-03T17:30:00Z,2026-09-03T19:30:00+0200,3942.76,MW,FR,FR,actual_onshore_wind_generation,Wind Onshore,2026-09-04T05:43:20Z
2026-09-04T05:42:20Z,2026-09-04T07:42:20+0200,6bcc2458-d8ca-4b45-a21e-3b99293d3a28,2026-09-03T17:45:00Z,2026-09-03T19:45:00+0200,3742.39,MW,FR,FR,actual_onshore_wind_generation,Wind Onshore,2026-09-04T05:43:20Z
2026-09-04T05:42:20Z,2026-09-04T07:42:20+0200,6bcc2458-d8ca-4b45-a21e-3b99293d3a28,2026-09-03T18:00:00Z,2026-09-03T20:00:00+0200,3609.94,MW,FR,FR,actual_onshore_wind_generation,Wind Onshore,2026-09-04T05:43:20Z
2026-09-04T05:42:20Z,2026-09-04T07:42:20+0200,6bcc2458-d8ca-4b45-a21e-3b99293d3a28,2026-09-03T18:15:00Z,2026-09-03T20:15:00+0200,3497.89,MW,FR,FR,actual_onshore_wind_generation,Wind Onshore,2026-09-04T05:43:20Z
2026-09-04T05:42:20Z,2026-09-04T07:42:20+0200,6bcc2458-d8ca-4b45-a21e-3b99293d3a28,2026-09-03T18:30:00Z,2026-09-03T20:30:00+0200,3317.5,MW,FR,FR,actual_onshore_wind_generation,Wind Onshore,2026-09-04T05:43:20Z
2026-09-04T05:42:20Z,2026-09-04T07:42:20+0200,6bcc2458-d8ca-4b45-a21e-3b99293d3a28,2026-09-03T18:45:00Z,2026-09-03T20:45:00+0200,3195.9,MW,FR,FR,actual_onshore_wind_generation,Wind Onshore,2026-09-04T05:43:20Z
2026-09-04T05:42:20Z,2026-09-04T07:42:20+0200,6bcc2458-d8ca-4b45-a21e-3b99293d3a28,2026-09-03T19:00:00Z,2026-09-03T21:00:00+0200,3134.59,MW,FR,FR,actual_onshore_wind_generation,Wind Onshore,2026-09-04T05:43:20Z
2026-09-04T05:42:20Z,2026-09-04T07:42:20+0200,6bcc2458-d8ca-4b45-a21e-3b99293d3a28,2026-09-03T19:15:00Z,2026-09-03T21:15:00+0200,3090.47,MW,FR,FR,actual_onshore_wind_generation,Wind Onshore,2026-09-04T05:43:20Z
2026-09-04T05:42:20Z,2026-09-04T07:42:20+0200,6bcc2458-d8ca-4b45-a21e-3b99293d3a28,2026-09-03T19:30:00Z,2026-09-03T21:30:00+0200,3072.41,MW,FR,FR,actual_onshore_wind_generation,Wind Onshore,2026-09-04T05:43:20Z
2026-09-04T05:42:20Z,2026-09-04T07:42:20+0200,6bcc2458-d8ca-4b45-a21e-3b99293d3a28,2026-09-03T19:45:00Z,2026-09-03T21:45:00+0200,3010.16,MW,FR,FR,actual_onshore_wind_generation,Wind Onshore,2026-09-04T05:43:20Z
2026-09-04T05:42:20Z,2026-09-04T07:42:20+0200,6bcc2458-d8ca-4b45-a21e-3b99293d3a28,2026-09-03T20:00:00Z,2026-09-03T22:00:00+0200,2946.14,MW,FR,FR,actual_onshore_wind_generation,Wind Onshore,2026-09-04T05:43:20Z
2026-09-04T05:42:20Z,2026-09-04T07:42:20+0200,6bcc2458-d8ca-4b45-a21e-3b99293d3a28,2026-09-03T20:15:00Z,2026-09-03T22:15:00+0200,2914.34,MW,FR,FR,actual_onshore_wind_generation,Wind Onshore,2026-09-04T05:43:20Z
2026-09-04T05:42:20Z,2026-09-04T07:42:20+0200,6bcc2458-d8ca-4b45-a21e-3b99293d3a28,2026-09-03T20:30:00Z,2026-09-03T22:30:00+0200,2913.67,MW,FR,FR,actual_onshore_wind_generation,Wind Onshore,2026-09-04T05:43:20Z
2026-09-04T05:42:20Z,2026-09-04T07:42:20+0200,6bcc2458-d8ca-4b45-a21e-3b99293d3a28,2026-09-03T20:45:00Z,2026-09-03T22:45:00+0200,2982.88,MW,FR,FR,actual_onshore_wind_generation,Wind Onshore,2026-09-04T05:43:20Z
2026-09-04T05:42:20Z,2026-09-04T07:42:20+0200,6bcc2458-d8ca-4b45-a21e-3b99293d3a28,2026-09-03T21:00:00Z,2026-09-03T23:00:00+0200,2958.03,MW,FR,FR,actual_onshore_wind_generation,Wind Onshore,2026-09-04T05:43:20Z
2026-09-04T05:42:20Z,2026-09-04T07:42:20+0200,6bcc2458-d8ca-4b45-a21e-3b99293d3a28,2026-09-03T21:15:00Z,2026-09-03T23:15:00+0200,2848.91,MW,FR,FR,actual_onshore_wind_generation,Wind Onshore,2026-09-04T05:43:20Z
2026-09-04T05:42:20Z,2026-09-04T07:42:20+0200,6bcc2458-d8ca-4b45-a21e-3b99293d3a28,2026-09-03T21:30:00Z,2026-09-03T23:30:00+0200,2802.65,MW,FR,FR,actual_onshore_wind_generation,Wind Onshore,2026-09-04T05:43:20Z
2026-09-04T05:42:20Z,2026-09-04T07:42:20+0200,6bcc2458-d8ca-4b45-a21e-3b99293d3a28,2026-09-03T21:45:00Z,2026-09-03T23:45:00+0200,2768.63,MW,FR,FR,actual_onshore_wind_generation,Wind Onshore,2026-09-04T05:43:20Z
2026-09-04T05:42:20Z,2026-09-04T07:42:20+0200,6bcc2458-d8ca-4b45-a21e-3b99293d3a28,2026-09-03T22:00:00Z,2026-09-04T00:00:00+0200,2747.83,MW,FR,FR,actual_onshore_wind_generation,Wind Onshore,2026-09-04T05:43:20Z
2026-09-04T05:42:20Z,2026-09-04T07:42:20+0200,6bcc2458-d8ca-4b45-a21e-3b99293d3a28,2026-09-03T22:15:00Z,2026-09-04T00:15:00+0200,2779.37,MW,FR,FR,actual_onshore_wind_generation,Wind Onshore,2026-09-04T05:43:20Z
2026-09-04T05:42:20Z,2026-09-04T07:42:20+0200,6bcc2458-d8ca-4b45-a21e-3b99293d3a28,2026-09-03T22:30:00Z,2026-09-04T00:30:00+0200,2804.58,MW,FR,FR,actual_onshore_wind_generation,Wind Onshore,2026-09-04T05:43:20Z
2026-09-04T05:42:20Z,2026-09-04T07:42:20+0200,6bcc2458-d8ca-4b45-a21e-3b99293d3a28,2026-09-03T22:45:00Z,2026-09-04T00:45:00+0200,2749.14,MW,FR,FR,actual_onshore_wind_generation,Wind Onshore,2026-09-04T05:43:20Z
2026-09-04T05:42:20Z,2026-09-04T07:42:20+0200,6bcc2458-d8ca-4b45-a21e-3b99293d3a28,2026-09-03T23:00:00Z,2026-09-04T01:00:00+0200,2754.75,MW,FR,FR,actual_onshore_wind_generation,Wind Onshore,2026-09-04T05:43:20Z
2026-09-04T05:42:20Z,2026-09-04T07:42:20+0200,6bcc2458-d8ca-4b45-a21e-3b99293d3a28,2026-09-03T23:15:00Z,2026-09-04T01:15:00+0200,2806.69,MW,FR,FR,actual_onshore_wind_generation,Wind Onshore,2026-09-04T05:43:20Z
2026-09-04T05:42:20Z,2026-09-04T07:42:20+0200,6bcc2458-d8ca-4b45-a21e-3b99293d3a28,2026-09-03T23:30:00Z,2026-09-04T01:30:00+0200,2775.75,MW,FR,FR,actual_onshore_wind_generation,Wind Onshore,2026-09-04T05:43:20Z
2026-09-04T05:42:20Z,2026-09-04T07:42:20+0200,6bcc2458-d8ca-4b45-a21e-3b99293d3a28,2026-09-03T23:45:00Z,2026-09-04T01:45:00+0200,2810.33,MW,FR,FR,actual_onshore_wind_generation,Wind Onshore,2026-09-04T05:43:20Z
2026-09-04T05:42:20Z,2026-09-04T07:42:20+0200,6bcc2458-d8ca-4b45-a21e-3b99293d3a28,2026-09-04T00:00:00Z,2026-09-04T02:00:00+0200,2825.77,MW,FR,FR,actual_onshore_wind_generation,Wind Onshore,2026-09-04T05:43:20Z
2026-09-04T05:42:20Z,2026-09-04T07:42:20+0200,6bcc2458-d8ca-4b45-a21e-3b99293d3a28,2026-09-04T00:15:00Z,2026-09-04T02:15:00+0200,2832.7,MW,FR,FR,actual_onshore_wind_generation,Wind Onshore,2026-09-04T05:43:20Z
2026-09-04T05:42:20Z,2026-09-04T07:42:20+0200,6bcc2458-d8ca-4b45-a21e-3b99293d3a28,2026-09-04T00:30:00Z,2026-09-04T02:30:00+0200,2776.84,MW,FR,FR,actual_onshore_wind_generation,Wind Onshore,2026-09-04T05:43:20Z
2026-09-04T05:42:20Z,2026-09-04T07:42:20+0200,6bcc2458-d8ca-4b45-a21e-3b99293d3a28,2026-09-04T00:45:00Z,2026-09-04T02:45:00+0200,2762.63,MW,FR,FR,actual_onshore_wind_generation,Wind Onshore,2026-09-04T05:43:20Z
2026-09-04T05:42:20Z,2026-09-04T07:42:20+0200,6bcc2458-d8ca-4b45-a21e-3b99293d3a28,2026-09-04T01:00:00Z,2026-09-04T03:00:00+0200,2730.09,MW,FR,FR,actual_onshore_wind_generation,Wind Onshore,2026-09-04T05:43:20Z
2026-09-04T05:42:20Z,2026-09-04T07:42:20+0200,6bcc2458-d8ca-4b45-a21e-3b99293d3a28,2026-09-04T01:15:00Z,2026-09-04T03:15:00+0200,2755.26,MW,FR,FR,actual_onshore_wind_generation,Wind Onshore,2026-09-04T05:43:20Z
2026-09-04T05:42:20Z,2026-09-04T07:42:20+0200,6bcc2458-d8ca-4b45-a21e-3b99293d3a28,2026-09-04T01:30:00Z,2026-09-04T03:30:00+0200,2708.68,MW,FR,FR,actual_onshore_wind_generation,Wind Onshore,2026-09-04T05:43:20Z
2026-09-04T05:42:20Z,2026-09-04T07:42:20+0200,6bcc2458-d8ca-4b45-a21e-3b99293d3a28,2026-09-04T01:45:00Z,2026-09-04T03:45:00+0200,2711.5,MW,FR,FR,actual_onshore_wind_generation,Wind Onshore,2026-09-04T05:43:20Z
2026-09-04T05:42:20Z,2026-09-04T07:42:20+0200,6bcc2458-d8ca-4b45-a21e-3b99293d3a28,2026-09-04T02:00:00Z,2026-09-04T04:00:00+0200,2763.54,MW,FR,FR,actual_onshore_wind_generation,Wind Onshore,2026-09-04T05:43:20Z
2026-09-04T05:42:20Z,2026-09-04T07:42:20+0200,6bcc2458-d8ca-4b45-a21e-3b99293d3a28,2026-09-04T02:15:00Z,2026-09-04T04:15:00+0200,2795.34,MW,FR,FR,actual_onshore_wind_generation,Wind Onshore,2026-09-04T05:43:20Z
2026-09-04T05:42:20Z,2026-09-04T07:42:20+0200,6bcc2458-d8ca-4b45-a21e-3b99293d3a28,2026-09-04T02:30:00Z,2026-09-04T04:30:00+0200,2806.66,MW,FR,FR,actual_onshore_wind_generation,Wind Onshore,2026-09-04T05:43:20Z
2026-09-04T05:42:20Z,2026-09-04T07:42:20+0200,6bcc2458-d8ca-4b45-a21e-3b99293d3a28,2026-09-04T02:45:00Z,2026-09-04T04:45:00+0200,2857.12,MW,FR,FR,actual_onshore_wind_generation,Wind Onshore,2026-09-04T05:43:20Z
2026-09-04T05:42:20Z,2026-09-04T07:42:20+0200,6bcc2458-d8ca-4b45-a21e-3b99293d3a28,2026-09-04T03:00:00Z,2026-09-04T05:00:00+0200,2958.38,MW,FR,FR,actual_onshore_wind_generation,Wind Onshore,2026-09-04T05:43:20Z
2026-09-04T05:42:20Z,2026-09-04T07:42:20+0200,6bcc2458-d8ca-4b45-a21e-3b99293d3a28,2026-09-04T03:15:00Z,2026-09-04T05:15:00+0200,3068.61,MW,FR,FR,actual_onshore_wind_generation,Wind Onshore,2026-09-04T05:43:20Z
2026-09-04T05:42:20Z,2026-09-04T07:42:20+0200,6bcc2458-d8ca-4b45-a21e-3b99293d3a28,2026-09-04T03:30:00Z,2026-09-04T05:30:00+0200,3207.33,MW,FR,FR,actual_onshore_wind_generation,Wind Onshore,2026-09-04T05:43:20Z
2026-09-04T05:42:20Z,2026-09-04T07:42:20+0200,6bcc2458-d8ca-4b45-a21e-3b99293d3a28,2026-09-04T03:45:00Z,2026-09-04T05:45:00+0200,3359.45,MW,FR,FR,actual_onshore_wind_generation,Wind Onshore,2026-09-04T05:43:20Z
2026-09-04T05:42:20Z,2026-09-04T07:42:20+0200,6bcc2458-d8ca-4b45-a21e-3b99293d3a28,2026-09-04T04:00:00Z,2026-09-04T06:00:00+0200,3538.46,MW,FR,FR,actual_onshore_wind_generation,Wind Onshore,2026-09-04T05:43:20Z
2026-09-04T05:42:20Z,2026-09-04T07:42:20+0200,6bcc2458-d8ca-4b45-a21e-3b99293d3a28,2026-09-04T04:15:00Z,2026-09-04T06:15:00+0200,3743.49,MW,FR,FR,actual_onshore_wind_generation,Wind Onshore,2026-09-04T05:43:20Z
2026-09-04T05:42:20Z,2026-09-04T07:42:20+0200,6bcc2458-d8ca-4b45-a21e-3b99293d3a28,2026-09-04T04:30:00Z,2026-09-04T06:30:00+0200,3891.2,MW,FR,FR,actual_onshore_wind_generation,Wind Onshore,2026-09-04T05:43:20Z
2026-09-04T05:42:20Z,2026-09-04T07:42:20+0200,6bcc2458-d8ca-4b45-a21e-3b99293d3a28,2026-09-04T04:45:00Z,2026-09-04T06:45:00+0200,4010.3,MW,FR,FR,actual_onshore_wind_generation,Wind Onshore,2026-09-04T05:43:20Z
