collection_time_utc,collection_time_local,run_id,timestamp_utc,timestamp_local,value,unit,country,entsoe_area,variable,source,updated_at_utc
2026-05-23T19:11:13Z,2026-05-23T21:11:13+0200,3f7e4d3d-8fdb-4ead-ba3f-db913921b078,2026-04-22T19:15:00Z,2026-04-22T21:15:00+0200,29.5,EUR/MWh,FR,FR,day_ahead_price,value,2026-05-23T19:12:02Z
2026-05-23T19:11:13Z,2026-05-23T21:11:13+0200,3f7e4d3d-8fdb-4ead-ba3f-db913921b078,2026-04-22T19:30:00Z,2026-04-22T21:30:00+0200,35.6,EUR/MWh,FR,FR,day_ahead_price,value,2026-05-23T19:12:02Z
2026-05-23T19:11:13Z,2026-05-23T21:11:13+0200,3f7e4d3d-8fdb-4ead-ba3f-db913921b078,2026-04-22T19:45:00Z,2026-04-22T21:45:00+0200,0.1,EUR/MWh,FR,FR,day_ahead_price,value,2026-05-23T19:12:02Z
2026-05-23T19:11:13Z,2026-05-23T21:11:13+0200,3f7e4d3d-8fdb-4ead-ba3f-db913921b078,2026-04-22T20:00:00Z,2026-04-22T22:00:00+0200,39.74,EUR/MWh,FR,FR,day_ahead_price,value,2026-05-23T19:12:02Z
2026-05-23T19:11:13Z,2026-05-23T21:11:13+0200,3f7e4d3d-8fdb-4ead-ba3f-db913921b078,2026-04-22T20:15:00Z,2026-04-22T22:15:00+0200,9.96,EUR/MWh,FR,FR,day_ahead_price,value,2026-05-23T19:12:02Z
2026-05-23T19:11:13Z,2026-05-23T21:11:13+0200,3f7e4d3d-8fdb-4ead-ba3f-db913921b078,2026-04-22T20:30:00Z,2026-04-22T22:30:00+0200,51.48,EUR/MWh,FR,FR,day_ahead_price,value,2026-05-23T19:12:02Z
2026-05-23T19:11:13Z,2026-05-23T21:11:13+0200,3f7e4d3d-8fdb-4ead-ba3f-db913921b078,2026-04-22T20:45:00Z,2026-04-22T22:45:00+0200,16.9,EUR/MWh,FR,FR,day_ahead_price,value,2026-05-23T19:12:02Z
2026-05-23T19:11:13Z,2026-05-23T21:11:13+0200,3f7e4d3d-8fdb-4ead-ba3f-db913921b078,2026-04-22T21:00:00Z,2026-04-22T23:00:00+0200,37.17,EUR/MWh,FR,FR,day_ahead_price,value,2026-05-23T19:12:02Z
2026-05-23T19:11:13Z,2026-05-23T21:11:13+0200,3f7e4d3d-8fdb-4ead-ba3f-db913921b078,2026-04-22T21:15:00Z,2026-04-22T23:15:00+0200,14.43,EUR/MWh,FR,FR,day_ahead_price,value,2026-05-23T19:12:02Z
2026-05-23T19:11:13Z,2026-05-23T21:11:13+0200,3f7e4d3d-8fdb-4ead-ba3f-db913921b078,2026-04-22T21:30:00Z,2026-04-22T23:30:00+0200,34.99,EUR/MWh,FR,FR,day_ahead_price,value,2026-05-23T19:12:02Z
2026-05-23T19:11:13Z,2026-05-23T21:11:13+0200,3f7e4d3d-8fdb-4ead-ba3f-db913921b078,2026-04-22T21:45:00Z,2026-04-22T23:45:00+0200,3.03,EUR/MWh,FR,FR,day_ahead_price,value,2026-05-23T19:12:02Z
2026-05-23T19:11:13Z,2026-05-23T21:11:13+0200,3f7e4d3d-8fdb-4ead-ba3f-db913921b078,2026-04-22T22:00:00Z,2026-04-23T00:00:00+0200,95.47,EUR/MWh,FR,FR,day_ahead_price,value,2026-05-23T19:12:02Z
2026-05-23T19:11:13Z,2026-05-23T21:11:13+0200,3f7e4d3d-8fdb-4ead-ba3f-db913921b078,2026-04-22T22:15:00Z,2026-04-23T00:15:00+0200,91.27,EUR/MWh,FR,FR,day_ahead_price,value,2026-05-23T19:12:02Z
2026-05-23T19:11:13Z,2026-05-23T21:11:13+0200,3f7e4d3d-8fdb-4ead-ba3f-db913921b078,2026-04-22T22:30:00Z,2026-04-23T00:30:00+0200,55.5,EUR/MWh,FR,FR,day_ahead_price,value,2026-05-23T19:12:02Z
2026-05-23T19:11:13Z,2026-05-23T21:11:13+0200,3f7e4d3d-8fdb-4ead-ba3f-db913921b078,2026-04-22T22:45:00Z,2026-04-23T00:45:00+0200,23.0,EUR/MWh,FR,FR,day_ahead_price,value,2026-05-23T19:12:02Z
2026-05-23T19:11:13Z,2026-05-23T21:11:13+0200,3f7e4d3d-8fdb-4ead-ba3f-db913921b078,2026-04-22T23:00:00Z,2026-04-23T01:00:00+0200,59.49,EUR/MWh,FR,FR,day_ahead_price,value,2026-05-23T19:12:02Z
2026-05-23T19:11:13Z,2026-05-23T21:11:13+0200,3f7e4d3d-8fdb-4ead-ba3f-db913921b078,2026-04-22T23:15:00Z,2026-04-23T01:15:00+0200,56.15,EUR/MWh,FR,FR,day_ahead_price,value,2026-05-23T19:12:02Z
2026-05-23T19:11:13Z,2026-05-23T21:11:13+0200,3f7e4d3d-8fdb-4ead-ba3f-db913921b078,2026-04-22T23:30:00Z,2026-04-23T01:30:00+0200,50.99,EUR/MWh,FR,FR,day_ahead_price,value,2026-05-23T19:12:02Z
2026-05-23T19:11:13Z,2026-05-23T21:11:13+0200,3f7e4d3d-8fdb-4ead-ba3f-db913921b078,2026-04-22T23:45:00Z,2026-04-23T01:45:00+0200,22.0,EUR/MWh,FR,FR,day_ahead_price,value,2026-05-23T19:12:02Z
2026-05-23T19:11:13Z,2026-05-23T21:11:13+0200,3f7e4d3d-8fdb-4ead-ba3f-db913921b078,2026-04-23T00:00:00Z,2026-04-23T02:00:00+0200,31.18,EUR/MWh,FR,FR,day_ahead_price,value,2026-05-23T19:12:02Z
2026-05-23T19:11:13Z,2026-05-23T21:11:13+0200,3f7e4d3d-8fdb-4ead-ba3f-db913921b078,2026-04-23T00:15:00Z,2026-04-23T02:15:00+0200,43.48,EUR/MWh,FR,FR,day_ahead_price,value,2026-05-23T19:12:02Z
2026-05-23T19:11:13Z,2026-05-23T21:11:13+0200,3f7e4d3d-8fdb-4ead-ba3f-db913921b078,2026-04-23T00:30:00Z,2026-04-23T02:30:00+0200,36.55,EUR/MWh,FR,FR,day_ahead_price,value,2026-05-23T19:12:02Z
2026-05-23T19:11:13Z,2026-05-23T21:11:13+0200,3f7e4d3d-8fdb-4ead-ba3f-db913921b078,2026-04-23T00:45:00Z,2026-04-23T02:45:00+0200,9.71,EUR/MWh,FR,FR,day_ahead_price,value,2026-05-23T19:12:02Z
2026-05-23T19:11:13Z,2026-05-23T21:11:13+0200,3f7e4d3d-8fdb-4ead-ba3f-db913921b078,2026-04-23T01:00:00Z,2026-04-23T03:00:00+0200,21.66,EUR/MWh,FR,FR,day_ahead_price,value,2026-05-23T19:12:02Z
2026-05-23T19:11:13Z,2026-05-23T21:11:13+0200,3f7e4d3d-8fdb-4ead-ba3f-db913921b078,2026-04-23T01:15:00Z,2026-04-23T03:15:00+0200,26.35,EUR/MWh,FR,FR,day_ahead_price,value,2026-05-23T19:12:02Z
2026-05-23T19:11:13Z,2026-05-23T21:11:13+0200,3f7e4d3d-8fdb-4ead-ba3f-db913921b078,2026-04-23T01:30:00Z,2026-04-23T03:30:00+0200,13.81,EUR/MWh,FR,FR,day_ahead_price,value,2026-05-23T19:12:02Z
2026-05-23T19:11:13Z,2026-05-23T21:11:13+0200,3f7e4d3d-8fdb-4ead-ba3f-db913921b078,2026-04-23T01:45:00Z,2026-04-23T03:45:00+0200,15.46,EUR/MWh,FR,FR,day_ahead_price,value,2026-05-23T19:12:02Z
2026-05-23T19:11:13Z,2026-05-23T21:11:13+0200,3f7e4d3d-8fdb-4ead-ba3f-db913921b078,2026-04-23T02:00:00Z,2026-04-23T04:00:00+0200,8.38,EUR/MWh,FR,FR,day_ahead_price,value,2026-05-23T19:12:02Z
2026-05-23T19:11:13Z,2026-05-23T21:11:13+0200,3f7e4d3d-8fdb-4ead-ba3f-db913921b078,2026-04-23T02:15:00Z,2026-04-23T04:15:00+0200,17.78,EUR/MWh,FR,FR,day_ahead_price,value,2026-05-23T19:12:02Z
2026-05-23T19:11:13Z,2026-05-23T21:11:13+0200,3f7e4d3d-8fdb-4ead-ba3f-db913921b078,2026-04-23T02:30:00Z,2026-04-23T04:30:00+0200,13.86,EUR/MWh,FR,FR,day_ahead_price,value,2026-05-23T19:12:02Z
2026-05-23T19:11:13Z,2026-05-23T21:11:13+0200,3f7e4d3d-8fdb-4ead-ba3f-db913921b078,2026-04-23T02:45:00Z,2026-04-23T04:45:00+0200,23.24,EUR/MWh,FR,FR,day_ahead_price,value,2026-05-23T19:12:02Z
2026-05-23T19:11:13Z,2026-05-23T21:11:13+0200,3f7e4d3d-8fdb-4ead-ba3f-db913921b078,2026-04-23T03:00:00Z,2026-04-23T05:00:00+0200,21.78,EUR/MWh,FR,FR,day_ahead_price,value,2026-05-23T19:12:02Z
2026-05-23T19:11:13Z,2026-05-23T21:11:13+0200,3f7e4d3d-8fdb-4ead-ba3f-db913921b078,2026-04-23T03:15:00Z,2026-04-23T05:15:00+0200,26.99,EUR/MWh,FR,FR,day_ahead_price,value,2026-05-23T19:12:02Z
2026-05-23T19:11:13Z,2026-05-23T21:11:13+0200,3f7e4d3d-8fdb-4ead-ba3f-db913921b078,2026-04-23T03:30:00Z,2026-04-23T05:30:00+0200,19.08,EUR/MWh,FR,FR,day_ahead_price,value,2026-05-23T19:12:02Z
2026-05-23T19:11:13Z,2026-05-23T21:11:13+0200,3f7e4d3d-8fdb-4ead-ba3f-db913921b078,2026-04-23T03:45:00Z,2026-04-23T05:45:00+0200,40.73,EUR/MWh,FR,FR,day_ahead_price,value,2026-05-23T19:12:02Z
2026-05-23T19:11:13Z,2026-05-23T21:11:13+0200,3f7e4d3d-8fdb-4ead-ba3f-db913921b078,2026-04-23T04:00:00Z,2026-04-23T06:00:00+0200,67.28,EUR/MWh,FR,FR,day_ahead_price,value,2026-05-23T19:12:02Z
2026-05-23T19:11:13Z,2026-05-23T21:11:13+0200,3f7e4d3d-8fdb-4ead-ba3f-db913921b078,2026-04-23T04:15:00Z,2026-04-23T06:15:00+0200,81.02,EUR/MWh,FR,FR,day_ahead_price,value,2026-05-23T19:12:02Z
2026-05-23T19:11:13Z,2026-05-23T21:11:13+0200,3f7e4d3d-8fdb-4ead-ba3f-db913921b078,2026-04-23T04:30:00Z,2026-04-23T06:30:00+0200,40.36,EUR/MWh,FR,FR,day_ahead_price,value,2026-05-23T19:12:02Z
2026-05-23T19:11:13Z,2026-05-23T21:11:13+0200,3f7e4d3d-8fdb-4ead-ba3f-db913921b078,2026-04-23T04:45:00Z,2026-04-23T06:45:00+0200,33.77,EUR/MWh,FR,FR,day_ahead_price,value,2026-05-23T19:12:02Z
2026-05-23T19:11:13Z,2026-05-23T21:11:13+0200,3f7e4d3d-8fdb-4ead-ba3f-db913921b078,2026-04-23T05:00:00Z,2026-04-23T07:00:00+0200,57.99,EUR/MWh,FR,FR,day_ahead_price,value,2026-05-23T19:12:02Z
2026-05-23T19:11:13Z,2026-05-23T21:11:13+0200,3f7e4d3d-8fdb-4ead-ba3f-db913921b078,2026-04-23T05:15:00Z,2026-04-23T07:15:00+0200,91.5,EUR/MWh,FR,FR,day_ahead_price,value,2026-05-23T19:12:02Z
2026-05-23T19:11:13Z,2026-05-23T21:11:13+0200,3f7e4d3d-8fdb-4ead-ba3f-db913921b078,2026-04-23T05:30:00Z,2026-04-23T07:30:00+0200,92.36,EUR/MWh,FR,FR,day_ahead_price,value,2026-05-23T19:12:02Z
2026-05-23T19:11:13Z,2026-05-23T21:11:13+0200,3f7e4d3d-8fdb-4ead-ba3f-db913921b078,2026-04-23T05:45:00Z,2026-04-23T07:45:00+0200,89.0,EUR/MWh,FR,FR,day_ahead_price,value,2026-05-23T19:12:02Z
2026-05-23T19:11:13Z,2026-05-23T21:11:13+0200,3f7e4d3d-8fdb-4ead-ba3f-db913921b078,2026-04-23T06:00:00Z,2026-04-23T08:00:00+0200,100.22,EUR/MWh,FR,FR,day_ahead_price,value,2026-05-23T19:12:02Z
2026-05-23T19:11:13Z,2026-05-23T21:11:13+0200,3f7e4d3d-8fdb-4ead-ba3f-db913921b078,2026-04-23T06:15:00Z,2026-04-23T08:15:00+0200,92.36,EUR/MWh,FR,FR,day_ahead_price,value,2026-05-23T19:12:02Z
2026-05-23T19:11:13Z,2026-05-23T21:11:13+0200,3f7e4d3d-8fdb-4ead-ba3f-db913921b078,2026-04-23T06:30:00Z,2026-04-23T08:30:00+0200,80.62,EUR/MWh,FR,FR,day_ahead_price,value,2026-05-23T19:12:02Z
2026-05-23T19:11:13Z,2026-05-23T21:11:13+0200,3f7e4d3d-8fdb-4ead-ba3f-db913921b078,2026-04-23T06:45:00Z,2026-04-23T08:45:00+0200,46.77,EUR/MWh,FR,FR,day_ahead_price,value,2026-05-23T19:12:02Z
2026-05-23T19:11:13Z,2026-05-23T21:11:13+0200,3f7e4d3d-8fdb-4ead-ba3f-db913921b078,2026-04-23T07:00:00Z,2026-04-23T09:00:00+0200,59.04,EUR/MWh,FR,FR,day_ahead_price,value,2026-05-23T19:12:02Z
2026-05-23T19:11:13Z,2026-05-23T21:11:13+0200,3f7e4d3d-8fdb-4ead-ba3f-db913921b078,2026-04-23T07:15:00Z,2026-04-23T09:15:00+0200,27.31,EUR/MWh,FR,FR,day_ahead_price,value,2026-05-23T19:12:02Z
2026-05-23T19:11:13Z,2026-05-23T21:11:13+0200,3f7e4d3d-8fdb-4ead-ba3f-db913921b078,2026-04-23T07:30:00Z,2026-04-23T09:30:00+0200,26.97,EUR/MWh,FR,FR,day_ahead_price,value,2026-05-23T19:12:02Z
2026-05-23T19:11:13Z,2026-05-23T21:11:13+0200,3f7e4d3d-8fdb-4ead-ba3f-db913921b078,2026-04-23T07:45:00Z,2026-04-23T09:45:00+0200,9.13,EUR/MWh,FR,FR,day_ahead_price,value,2026-05-23T19:12:02Z
2026-05-23T19:11:13Z,2026-05-23T21:11:13+0200,3f7e4d3d-8fdb-4ead-ba3f-db913921b078,2026-04-23T08:00:00Z,2026-04-23T10:00:00+0200,8.71,EUR/MWh,FR,FR,day_ahead_price,value,2026-05-23T19:12:02Z
2026-05-23T19:11:13Z,2026-05-23T21:11:13+0200,3f7e4d3d-8fdb-4ead-ba3f-db913921b078,2026-04-23T08:15:00Z,2026-04-23T10:15:00+0200,1.15,EUR/MWh,FR,FR,day_ahead_price,value,2026-05-23T19:12:02Z
2026-05-23T19:11:13Z,2026-05-23T21:11:13+0200,3f7e4d3d-8fdb-4ead-ba3f-db913921b078,2026-04-23T08:30:00Z,2026-04-23T10:30:00+0200,-0.05,EUR/MWh,FR,FR,day_ahead_price,value,2026-05-23T19:12:02Z
2026-05-23T19:11:13Z,2026-05-23T21:11:13+0200,3f7e4d3d-8fdb-4ead-ba3f-db913921b078,2026-04-23T08:45:00Z,2026-04-23T10:45:00+0200,-0.37,EUR/MWh,FR,FR,day_ahead_price,value,2026-05-23T19:12:02Z
2026-05-23T19:11:13Z,2026-05-23T21:11:13+0200,3f7e4d3d-8fdb-4ead-ba3f-db913921b078,2026-04-23T09:00:00Z,2026-04-23T11:00:00+0200,-0.02,EUR/MWh,FR,FR,day_ahead_price,value,2026-05-23T19:12:02Z
2026-05-23T19:11:13Z,2026-05-23T21:11:13+0200,3f7e4d3d-8fdb-4ead-ba3f-db913921b078,2026-04-23T09:15:00Z,2026-04-23T11:15:00+0200,-0.82,EUR/MWh,FR,FR,day_ahead_price,value,2026-05-23T19:12:02Z
2026-05-23T19:11:13Z,2026-05-23T21:11:13+0200,3f7e4d3d-8fdb-4ead-ba3f-db913921b078,2026-04-23T09:30:00Z,2026-04-23T11:30:00+0200,-4.64,EUR/MWh,FR,FR,day_ahead_price,value,2026-05-23T19:12:02Z
2026-05-23T19:11:13Z,2026-05-23T21:11:13+0200,3f7e4d3d-8fdb-4ead-ba3f-db913921b078,2026-04-23T09:45:00Z,2026-04-23T11:45:00+0200,-9.07,EUR/MWh,FR,FR,day_ahead_price,value,2026-05-23T19:12:02Z
2026-05-23T19:11:13Z,2026-05-23T21:11:13+0200,3f7e4d3d-8fdb-4ead-ba3f-db913921b078,2026-04-23T10:00:00Z,2026-04-23T12:00:00+0200,-11.94,EUR/MWh,FR,FR,day_ahead_price,value,2026-05-23T19:12:02Z
2026-05-23T19:11:13Z,2026-05-23T21:11:13+0200,3f7e4d3d-8fdb-4ead-ba3f-db913921b078,2026-04-23T10:15:00Z,2026-04-23T12:15:00+0200,-22.75,EUR/MWh,FR,FR,day_ahead_price,value,2026-05-23T19:12:02Z
2026-05-23T19:11:13Z,2026-05-23T21:11:13+0200,3f7e4d3d-8fdb-4ead-ba3f-db913921b078,2026-04-23T10:30:00Z,2026-04-23T12:30:00+0200,-31.3,EUR/MWh,FR,FR,day_ahead_price,value,2026-05-23T19:12:02Z
2026-05-23T19:11:13Z,2026-05-23T21:11:13+0200,3f7e4d3d-8fdb-4ead-ba3f-db913921b078,2026-04-23T10:45:00Z,2026-04-23T12:45:00+0200,-45.36,EUR/MWh,FR,FR,day_ahead_price,value,2026-05-23T19:12:02Z
2026-05-23T19:11:13Z,2026-05-23T21:11:13+0200,3f7e4d3d-8fdb-4ead-ba3f-db913921b078,2026-04-23T11:00:00Z,2026-04-23T13:00:00+0200,-39.47,EUR/MWh,FR,FR,day_ahead_price,value,2026-05-23T19:12:02Z
2026-05-23T19:11:13Z,2026-05-23T21:11:13+0200,3f7e4d3d-8fdb-4ead-ba3f-db913921b078,2026-04-23T11:15:00Z,2026-04-23T13:15:00+0200,-49.09,EUR/MWh,FR,FR,day_ahead_price,value,2026-05-23T19:12:02Z
2026-05-23T19:11:13Z,2026-05-23T21:11:13+0200,3f7e4d3d-8fdb-4ead-ba3f-db913921b078,2026-04-23T11:30:00Z,2026-04-23T13:30:00+0200,-51.01,EUR/MWh,FR,FR,day_ahead_price,value,2026-05-23T19:12:02Z
2026-05-23T19:11:13Z,2026-05-23T21:11:13+0200,3f7e4d3d-8fdb-4ead-ba3f-db913921b078,2026-04-23T11:45:00Z,2026-04-23T13:45:00+0200,-56.31,EUR/MWh,FR,FR,day_ahead_price,value,2026-05-23T19:12:02Z
2026-05-23T19:11:13Z,2026-05-23T21:11:13+0200,3f7e4d3d-8fdb-4ead-ba3f-db913921b078,2026-04-23T12:00:00Z,2026-04-23T14:00:00+0200,-55.55,EUR/MWh,FR,FR,day_ahead_price,value,2026-05-23T19:12:02Z
2026-05-23T19:11:13Z,2026-05-23T21:11:13+0200,3f7e4d3d-8fdb-4ead-ba3f-db913921b078,2026-04-23T12:15:00Z,2026-04-23T14:15:00+0200,-50.33,EUR/MWh,FR,FR,day_ahead_price,value,2026-05-23T19:12:02Z
2026-05-23T19:11:13Z,2026-05-23T21:11:13+0200,3f7e4d3d-8fdb-4ead-ba3f-db913921b078,2026-04-23T12:30:00Z,2026-04-23T14:30:00+0200,-47.7,EUR/MWh,FR,FR,day_ahead_price,value,2026-05-23T19:12:02Z
2026-05-23T19:11:13Z,2026-05-23T21:11:13+0200,3f7e4d3d-8fdb-4ead-ba3f-db913921b078,2026-04-23T12:45:00Z,2026-04-23T14:45:00+0200,-38.58,EUR/MWh,FR,FR,day_ahead_price,value,2026-05-23T19:12:02Z
2026-05-23T19:11:13Z,2026-05-23T21:11:13+0200,3f7e4d3d-8fdb-4ead-ba3f-db913921b078,2026-04-23T13:00:00Z,2026-04-23T15:00:00+0200,-37.88,EUR/MWh,FR,FR,day_ahead_price,value,2026-05-23T19:12:02Z
2026-05-23T19:11:13Z,2026-05-23T21:11:13+0200,3f7e4d3d-8fdb-4ead-ba3f-db913921b078,2026-04-23T13:15:00Z,2026-04-23T15:15:00+0200,-27.07,EUR/MWh,FR,FR,day_ahead_price,value,2026-05-23T19:12:02Z
2026-05-23T19:11:13Z,2026-05-23T21:11:13+0200,3f7e4d3d-8fdb-4ead-ba3f-db913921b078,2026-04-23T13:30:00Z,2026-04-23T15:30:00+0200,-14.42,EUR/MWh,FR,FR,day_ahead_price,value,2026-05-23T19:12:02Z
2026-05-23T19:11:13Z,2026-05-23T21:11:13+0200,3f7e4d3d-8fdb-4ead-ba3f-db913921b078,2026-04-23T13:45:00Z,2026-04-23T15:45:00+0200,-8.73,EUR/MWh,FR,FR,day_ahead_price,value,2026-05-23T19:12:02Z
2026-05-23T19:11:13Z,2026-05-23T21:11:13+0200,3f7e4d3d-8fdb-4ead-ba3f-db913921b078,2026-04-23T14:00:00Z,2026-04-23T16:00:00+0200,-6.25,EUR/MWh,FR,FR,day_ahead_price,value,2026-05-23T19:12:02Z
2026-05-23T19:11:13Z,2026-05-23T21:11:13+0200,3f7e4d3d-8fdb-4ead-ba3f-db913921b078,2026-04-23T14:15:00Z,2026-04-23T16:15:00+0200,-0.89,EUR/MWh,FR,FR,day_ahead_price,value,2026-05-23T19:12:02Z
2026-05-23T19:11:13Z,2026-05-23T21:11:13+0200,3f7e4d3d-8fdb-4ead-ba3f-db913921b078,2026-04-23T14:30:00Z,2026-04-23T16:30:00+0200,-0.09,EUR/MWh,FR,FR,day_ahead_price,value,2026-05-23T19:12:02Z
2026-05-23T19:11:13Z,2026-05-23T21:11:13+0200,3f7e4d3d-8fdb-4ead-ba3f-db913921b078,2026-04-23T14:45:00Z,2026-04-23T16:45:00+0200,0.0,EUR/MWh,FR,FR,day_ahead_price,value,2026-05-23T19:12:02Z
2026-05-23T19:11:13Z,2026-05-23T21:11:13+0200,3f7e4d3d-8fdb-4ead-ba3f-db913921b078,2026-04-23T15:00:00Z,2026-04-23T17:00:00+0200,0.0,EUR/MWh,FR,FR,day_ahead_price,value,2026-05-23T19:12:02Z
2026-05-23T19:11:13Z,2026-05-23T21:11:13+0200,3f7e4d3d-8fdb-4ead-ba3f-db913921b078,2026-04-23T15:15:00Z,2026-04-23T17:15:00+0200,0.01,EUR/MWh,FR,FR,day_ahead_price,value,2026-05-23T19:12:02Z
2026-05-23T19:11:13Z,2026-05-23T21:11:13+0200,3f7e4d3d-8fdb-4ead-ba3f-db913921b078,2026-04-23T15:30:00Z,2026-04-23T17:30:00+0200,1.0,EUR/MWh,FR,FR,day_ahead_price,value,2026-05-23T19:12:02Z
2026-05-23T19:11:13Z,2026-05-23T21:11:13+0200,3f7e4d3d-8fdb-4ead-ba3f-db913921b078,2026-04-23T15:45:00Z,2026-04-23T17:45:00+0200,2.0,EUR/MWh,FR,FR,day_ahead_price,value,2026-05-23T19:12:02Z
2026-05-23T19:11:13Z,2026-05-23T21:11:13+0200,3f7e4d3d-8fdb-4ead-ba3f-db913921b078,2026-04-23T16:00:00Z,2026-04-23T18:00:00+0200,1.49,EUR/MWh,FR,FR,day_ahead_price,value,2026-05-23T19:12:02Z
2026-05-23T19:11:13Z,2026-05-23T21:11:13+0200,3f7e4d3d-8fdb-4ead-ba3f-db913921b078,2026-04-23T16:15:00Z,2026-04-23T18:15:00+0200,7.16,EUR/MWh,FR,FR,day_ahead_price,value,2026-05-23T19:12:02Z
2026-05-23T19:11:13Z,2026-05-23T21:11:13+0200,3f7e4d3d-8fdb-4ead-ba3f-db913921b078,2026-04-23T16:30:00Z,2026-04-23T18:30:00+0200,11.1,EUR/MWh,FR,FR,day_ahead_price,value,2026-05-23T19:12:02Z
2026-05-23T19:11:13Z,2026-05-23T21:11:13+0200,3f7e4d3d-8fdb-4ead-ba3f-db913921b078,2026-04-23T16:45:00Z,2026-04-23T18:45:00+0200,31.05,EUR/MWh,FR,FR,day_ahead_price,value,2026-05-23T19:12:02Z
2026-05-23T19:11:13Z,2026-05-23T21:11:13+0200,3f7e4d3d-8fdb-4ead-ba3f-db913921b078,2026-04-23T17:00:00Z,2026-04-23T19:00:00+0200,20.23,EUR/MWh,FR,FR,day_ahead_price,value,2026-05-23T19:12:02Z
2026-05-23T19:11:13Z,2026-05-23T21:11:13+0200,3f7e4d3d-8fdb-4ead-ba3f-db913921b078,2026-04-23T17:15:00Z,2026-04-23T19:15:00+0200,42.73,EUR/MWh,FR,FR,day_ahead_price,value,2026-05-23T19:12:02Z
2026-05-23T19:11:13Z,2026-05-23T21:11:13+0200,3f7e4d3d-8fdb-4ead-ba3f-db913921b078,2026-04-23T17:30:00Z,2026-04-23T19:30:00+0200,49.05,EUR/MWh,FR,FR,day_ahead_price,value,2026-05-23T19:12:02Z
2026-05-23T19:11:13Z,2026-05-23T21:11:13+0200,3f7e4d3d-8fdb-4ead-ba3f-db913921b078,2026-04-23T17:45:00Z,2026-04-23T19:45:00+0200,67.32,EUR/MWh,FR,FR,day_ahead_price,value,2026-05-23T19:12:02Z
2026-05-23T19:11:13Z,2026-05-23T21:11:13+0200,3f7e4d3d-8fdb-4ead-ba3f-db913921b078,2026-04-23T18:00:00Z,2026-04-23T20:00:00+0200,44.95,EUR/MWh,FR,FR,day_ahead_price,value,2026-05-23T19:12:02Z
2026-05-23T19:11:13Z,2026-05-23T21:11:13+0200,3f7e4d3d-8fdb-4ead-ba3f-db913921b078,2026-04-23T18:15:00Z,2026-04-23T20:15:00+0200,42.13,EUR/MWh,FR,FR,day_ahead_price,value,2026-05-23T19:12:02Z
2026-05-23T19:11:13Z,2026-05-23T21:11:13+0200,3f7e4d3d-8fdb-4ead-ba3f-db913921b078,2026-04-23T18:30:00Z,2026-04-23T20:30:00+0200,32.15,EUR/MWh,FR,FR,day_ahead_price,value,2026-05-23T19:12:02Z
2026-05-23T19:11:13Z,2026-05-23T21:11:13+0200,3f7e4d3d-8fdb-4ead-ba3f-db913921b078,2026-04-23T18:45:00Z,2026-04-23T20:45:00+0200,25.41,EUR/MWh,FR,FR,day_ahead_price,value,2026-05-23T19:12:02Z
2026-05-23T19:11:13Z,2026-05-23T21:11:13+0200,3f7e4d3d-8fdb-4ead-ba3f-db913921b078,2026-04-23T19:00:00Z,2026-04-23T21:00:00+0200,51.45,EUR/MWh,FR,FR,day_ahead_price,value,2026-05-23T19:12:02Z
2026-05-23T19:11:13Z,2026-05-23T21:11:13+0200,3f7e4d3d-8fdb-4ead-ba3f-db913921b078,2026-04-23T19:15:00Z,2026-04-23T21:15:00+0200,31.83,EUR/MWh,FR,FR,day_ahead_price,value,2026-05-23T19:12:02Z
2026-05-23T19:11:13Z,2026-05-23T21:11:13+0200,3f7e4d3d-8fdb-4ead-ba3f-db913921b078,2026-04-23T19:30:00Z,2026-04-23T21:30:00+0200,34.16,EUR/MWh,FR,FR,day_ahead_price,value,2026-05-23T19:12:02Z
2026-05-23T19:11:13Z,2026-05-23T21:11:13+0200,3f7e4d3d-8fdb-4ead-ba3f-db913921b078,2026-04-23T19:45:00Z,2026-04-23T21:45:00+0200,15.64,EUR/MWh,FR,FR,day_ahead_price,value,2026-05-23T19:12:02Z
2026-05-23T19:11:13Z,2026-05-23T21:11:13+0200,3f7e4d3d-8fdb-4ead-ba3f-db913921b078,2026-04-23T20:00:00Z,2026-04-23T22:00:00+0200,43.73,EUR/MWh,FR,FR,day_ahead_price,value,2026-05-23T19:12:02Z
2026-05-23T19:11:13Z,2026-05-23T21:11:13+0200,3f7e4d3d-8fdb-4ead-ba3f-db913921b078,2026-04-23T20:15:00Z,2026-04-23T22:15:00+0200,27.21,EUR/MWh,FR,FR,day_ahead_price,value,2026-05-23T19:12:02Z
2026-05-23T19:11:13Z,2026-05-23T21:11:13+0200,3f7e4d3d-8fdb-4ead-ba3f-db913921b078,2026-04-23T20:30:00Z,2026-04-23T22:30:00+0200,54.19,EUR/MWh,FR,FR,day_ahead_price,value,2026-05-23T19:12:02Z
2026-05-23T19:11:13Z,2026-05-23T21:11:13+0200,3f7e4d3d-8fdb-4ead-ba3f-db913921b078,2026-04-23T20:45:00Z,2026-04-23T22:45:00+0200,31.31,EUR/MWh,FR,FR,day_ahead_price,value,2026-05-23T19:12:02Z
2026-05-23T19:11:13Z,2026-05-23T21:11:13+0200,3f7e4d3d-8fdb-4ead-ba3f-db913921b078,2026-04-23T21:00:00Z,2026-04-23T23:00:00+0200,40.94,EUR/MWh,FR,FR,day_ahead_price,value,2026-05-23T19:12:02Z
2026-05-23T19:11:13Z,2026-05-23T21:11:13+0200,3f7e4d3d-8fdb-4ead-ba3f-db913921b078,2026-04-23T21:15:00Z,2026-04-23T23:15:00+0200,26.18,EUR/MWh,FR,FR,day_ahead_price,value,2026-05-23T19:12:02Z
2026-05-23T19:11:13Z,2026-05-23T21:11:13+0200,3f7e4d3d-8fdb-4ead-ba3f-db913921b078,2026-04-23T21:30:00Z,2026-04-23T23:30:00+0200,38.47,EUR/MWh,FR,FR,day_ahead_price,value,2026-05-23T19:12:02Z
2026-05-23T19:11:13Z,2026-05-23T21:11:13+0200,3f7e4d3d-8fdb-4ead-ba3f-db913921b078,2026-04-23T21:45:00Z,2026-04-23T23:45:00+0200,3.99,EUR/MWh,FR,FR,day_ahead_price,value,2026-05-23T19:12:02Z
2026-05-23T19:11:13Z,2026-05-23T21:11:13+0200,3f7e4d3d-8fdb-4ead-ba3f-db913921b078,2026-04-23T22:00:00Z,2026-04-24T00:00:00+0200,31.79,EUR/MWh,FR,FR,day_ahead_price,value,2026-05-23T19:12:02Z
2026-05-23T19:11:13Z,2026-05-23T21:11:13+0200,3f7e4d3d-8fdb-4ead-ba3f-db913921b078,2026-04-23T22:15:00Z,2026-04-24T00:15:00+0200,21.79,EUR/MWh,FR,FR,day_ahead_price,value,2026-05-23T19:12:02Z
2026-05-23T19:11:13Z,2026-05-23T21:11:13+0200,3f7e4d3d-8fdb-4ead-ba3f-db913921b078,2026-04-23T22:30:00Z,2026-04-24T00:30:00+0200,24.93,EUR/MWh,FR,FR,day_ahead_price,value,2026-05-23T19:12:02Z
2026-05-23T19:11:13Z,2026-05-23T21:11:13+0200,3f7e4d3d-8fdb-4ead-ba3f-db913921b078,2026-04-23T22:45:00Z,2026-04-24T00:45:00+0200,4.94,EUR/MWh,FR,FR,day_ahead_price,value,2026-05-23T19:12:02Z
2026-05-23T19:11:13Z,2026-05-23T21:11:13+0200,3f7e4d3d-8fdb-4ead-ba3f-db913921b078,2026-04-23T23:00:00Z,2026-04-24T01:00:00+0200,26.12,EUR/MWh,FR,FR,day_ahead_price,value,2026-05-23T19:12:02Z
2026-05-23T19:11:13Z,2026-05-23T21:11:13+0200,3f7e4d3d-8fdb-4ead-ba3f-db913921b078,2026-04-23T23:15:00Z,2026-04-24T01:15:00+0200,16.12,EUR/MWh,FR,FR,day_ahead_price,value,2026-05-23T19:12:02Z
2026-05-23T19:11:13Z,2026-05-23T21:11:13+0200,3f7e4d3d-8fdb-4ead-ba3f-db913921b078,2026-04-23T23:30:00Z,2026-04-24T01:30:00+0200,29.01,EUR/MWh,FR,FR,day_ahead_price,value,2026-05-23T19:12:02Z
2026-05-23T19:11:13Z,2026-05-23T21:11:13+0200,3f7e4d3d-8fdb-4ead-ba3f-db913921b078,2026-04-23T23:45:00Z,2026-04-24T01:45:00+0200,11.93,EUR/MWh,FR,FR,day_ahead_price,value,2026-05-23T19:12:02Z
2026-05-23T19:11:13Z,2026-05-23T21:11:13+0200,3f7e4d3d-8fdb-4ead-ba3f-db913921b078,2026-04-24T00:00:00Z,2026-04-24T02:00:00+0200,20.33,EUR/MWh,FR,FR,day_ahead_price,value,2026-05-23T19:12:02Z
2026-05-23T19:11:13Z,2026-05-23T21:11:13+0200,3f7e4d3d-8fdb-4ead-ba3f-db913921b078,2026-04-24T00:15:00Z,2026-04-24T02:15:00+0200,12.34,EUR/MWh,FR,FR,day_ahead_price,value,2026-05-23T19:12:02Z
2026-05-23T19:11:13Z,2026-05-23T21:11:13+0200,3f7e4d3d-8fdb-4ead-ba3f-db913921b078,2026-04-24T00:30:00Z,2026-04-24T02:30:00+0200,17.89,EUR/MWh,FR,FR,day_ahead_price,value,2026-05-23T19:12:02Z
2026-05-23T19:11:13Z,2026-05-23T21:11:13+0200,3f7e4d3d-8fdb-4ead-ba3f-db913921b078,2026-04-24T00:45:00Z,2026-04-24T02:45:00+0200,14.57,EUR/MWh,FR,FR,day_ahead_price,value,2026-05-23T19:12:02Z
2026-05-23T19:11:13Z,2026-05-23T21:11:13+0200,3f7e4d3d-8fdb-4ead-ba3f-db913921b078,2026-04-24T01:00:00Z,2026-04-24T03:00:00+0200,14.53,EUR/MWh,FR,FR,day_ahead_price,value,2026-05-23T19:12:02Z
2026-05-23T19:11:13Z,2026-05-23T21:11:13+0200,3f7e4d3d-8fdb-4ead-ba3f-db913921b078,2026-04-24T01:15:00Z,2026-04-24T03:15:00+0200,9.32,EUR/MWh,FR,FR,day_ahead_price,value,2026-05-23T19:12:02Z
2026-05-23T19:11:13Z,2026-05-23T21:11:13+0200,3f7e4d3d-8fdb-4ead-ba3f-db913921b078,2026-04-24T01:30:00Z,2026-04-24T03:30:00+0200,8.38,EUR/MWh,FR,FR,day_ahead_price,value,2026-05-23T19:12:02Z
2026-05-23T19:11:13Z,2026-05-23T21:11:13+0200,3f7e4d3d-8fdb-4ead-ba3f-db913921b078,2026-04-24T01:45:00Z,2026-04-24T03:45:00+0200,22.03,EUR/MWh,FR,FR,day_ahead_price,value,2026-05-23T19:12:02Z
2026-05-23T19:11:13Z,2026-05-23T21:11:13+0200,3f7e4d3d-8fdb-4ead-ba3f-db913921b078,2026-04-24T02:00:00Z,2026-04-24T04:00:00+0200,7.61,EUR/MWh,FR,FR,day_ahead_price,value,2026-05-23T19:12:02Z
2026-05-23T19:11:13Z,2026-05-23T21:11:13+0200,3f7e4d3d-8fdb-4ead-ba3f-db913921b078,2026-04-24T02:15:00Z,2026-04-24T04:15:00+0200,15.17,EUR/MWh,FR,FR,day_ahead_price,value,2026-05-23T19:12:02Z
2026-05-23T19:11:13Z,2026-05-23T21:11:13+0200,3f7e4d3d-8fdb-4ead-ba3f-db913921b078,2026-04-24T02:30:00Z,2026-04-24T04:30:00+0200,14.82,EUR/MWh,FR,FR,day_ahead_price,value,2026-05-23T19:12:02Z
2026-05-23T19:11:13Z,2026-05-23T21:11:13+0200,3f7e4d3d-8fdb-4ead-ba3f-db913921b078,2026-04-24T02:45:00Z,2026-04-24T04:45:00+0200,15.68,EUR/MWh,FR,FR,day_ahead_price,value,2026-05-23T19:12:02Z
2026-05-23T19:11:13Z,2026-05-23T21:11:13+0200,3f7e4d3d-8fdb-4ead-ba3f-db913921b078,2026-04-24T03:00:00Z,2026-04-24T05:00:00+0200,18.11,EUR/MWh,FR,FR,day_ahead_price,value,2026-05-23T19:12:02Z
2026-05-23T19:11:13Z,2026-05-23T21:11:13+0200,3f7e4d3d-8fdb-4ead-ba3f-db913921b078,2026-04-24T03:15:00Z,2026-04-24T05:15:00+0200,24.31,EUR/MWh,FR,FR,day_ahead_price,value,2026-05-23T19:12:02Z
2026-05-23T19:11:13Z,2026-05-23T21:11:13+0200,3f7e4d3d-8fdb-4ead-ba3f-db913921b078,2026-04-24T03:30:00Z,2026-04-24T05:30:00+0200,14.79,EUR/MWh,FR,FR,day_ahead_price,value,2026-05-23T19:12:02Z
2026-05-23T19:11:13Z,2026-05-23T21:11:13+0200,3f7e4d3d-8fdb-4ead-ba3f-db913921b078,2026-04-24T03:45:00Z,2026-04-24T05:45:00+0200,19.27,EUR/MWh,FR,FR,day_ahead_price,value,2026-05-23T19:12:02Z
2026-05-23T19:11:13Z,2026-05-23T21:11:13+0200,3f7e4d3d-8fdb-4ead-ba3f-db913921b078,2026-04-24T04:00:00Z,2026-04-24T06:00:00+0200,34.01,EUR/MWh,FR,FR,day_ahead_price,value,2026-05-23T19:12:02Z
2026-05-23T19:11:13Z,2026-05-23T21:11:13+0200,3f7e4d3d-8fdb-4ead-ba3f-db913921b078,2026-04-24T04:15:00Z,2026-04-24T06:15:00+0200,54.12,EUR/MWh,FR,FR,day_ahead_price,value,2026-05-23T19:12:02Z
2026-05-23T19:11:13Z,2026-05-23T21:11:13+0200,3f7e4d3d-8fdb-4ead-ba3f-db913921b078,2026-04-24T04:30:00Z,2026-04-24T06:30:00+0200,27.65,EUR/MWh,FR,FR,day_ahead_price,value,2026-05-23T19:12:02Z
2026-05-23T19:11:13Z,2026-05-23T21:11:13+0200,3f7e4d3d-8fdb-4ead-ba3f-db913921b078,2026-04-24T04:45:00Z,2026-04-24T06:45:00+0200,33.64,EUR/MWh,FR,FR,day_ahead_price,value,2026-05-23T19:12:02Z
2026-05-23T19:11:13Z,2026-05-23T21:11:13+0200,3f7e4d3d-8fdb-4ead-ba3f-db913921b078,2026-04-24T05:00:00Z,2026-04-24T07:00:00+0200,40.54,EUR/MWh,FR,FR,day_ahead_price,value,2026-05-23T19:12:02Z
2026-05-23T19:11:13Z,2026-05-23T21:11:13+0200,3f7e4d3d-8fdb-4ead-ba3f-db913921b078,2026-04-24T05:15:00Z,2026-04-24T07:15:00+0200,46.97,EUR/MWh,FR,FR,day_ahead_price,value,2026-05-23T19:12:02Z
2026-05-23T19:11:13Z,2026-05-23T21:11:13+0200,3f7e4d3d-8fdb-4ead-ba3f-db913921b078,2026-04-24T05:30:00Z,2026-04-24T07:30:00+0200,57.65,EUR/MWh,FR,FR,day_ahead_price,value,2026-05-23T19:12:02Z
2026-05-23T19:11:13Z,2026-05-23T21:11:13+0200,3f7e4d3d-8fdb-4ead-ba3f-db913921b078,2026-04-24T05:45:00Z,2026-04-24T07:45:00+0200,68.71,EUR/MWh,FR,FR,day_ahead_price,value,2026-05-23T19:12:02Z
2026-05-23T19:11:13Z,2026-05-23T21:11:13+0200,3f7e4d3d-8fdb-4ead-ba3f-db913921b078,2026-04-24T06:00:00Z,2026-04-24T08:00:00+0200,94.36,EUR/MWh,FR,FR,day_ahead_price,value,2026-05-23T19:12:02Z
2026-05-23T19:11:13Z,2026-05-23T21:11:13+0200,3f7e4d3d-8fdb-4ead-ba3f-db913921b078,2026-04-24T06:15:00Z,2026-04-24T08:15:00+0200,67.44,EUR/MWh,FR,FR,day_ahead_price,value,2026-05-23T19:12:02Z
2026-05-23T19:11:13Z,2026-05-23T21:11:13+0200,3f7e4d3d-8fdb-4ead-ba3f-db913921b078,2026-04-24T06:30:00Z,2026-04-24T08:30:00+0200,45.72,EUR/MWh,FR,FR,day_ahead_price,value,2026-05-23T19:12:02Z
2026-05-23T19:11:13Z,2026-05-23T21:11:13+0200,3f7e4d3d-8fdb-4ead-ba3f-db913921b078,2026-04-24T06:45:00Z,2026-04-24T08:45:00+0200,24.32,EUR/MWh,FR,FR,day_ahead_price,value,2026-05-23T19:12:02Z
2026-05-23T19:11:13Z,2026-05-23T21:11:13+0200,3f7e4d3d-8fdb-4ead-ba3f-db913921b078,2026-04-24T07:00:00Z,2026-04-24T09:00:00+0200,41.37,EUR/MWh,FR,FR,day_ahead_price,value,2026-05-23T19:12:02Z
2026-05-23T19:11:13Z,2026-05-23T21:11:13+0200,3f7e4d3d-8fdb-4ead-ba3f-db913921b078,2026-04-24T07:15:00Z,2026-04-24T09:15:00+0200,32.86,EUR/MWh,FR,FR,day_ahead_price,value,2026-05-23T19:12:02Z
2026-05-23T19:11:13Z,2026-05-23T21:11:13+0200,3f7e4d3d-8fdb-4ead-ba3f-db913921b078,2026-04-24T07:30:00Z,2026-04-24T09:30:00+0200,17.15,EUR/MWh,FR,FR,day_ahead_price,value,2026-05-23T19:12:02Z
2026-05-23T19:11:13Z,2026-05-23T21:11:13+0200,3f7e4d3d-8fdb-4ead-ba3f-db913921b078,2026-04-24T07:45:00Z,2026-04-24T09:45:00+0200,0.0,EUR/MWh,FR,FR,day_ahead_price,value,2026-05-23T19:12:02Z
2026-05-23T19:11:13Z,2026-05-23T21:11:13+0200,3f7e4d3d-8fdb-4ead-ba3f-db913921b078,2026-04-24T08:00:00Z,2026-04-24T10:00:00+0200,25.18,EUR/MWh,FR,FR,day_ahead_price,value,2026-05-23T19:12:02Z
2026-05-23T19:11:13Z,2026-05-23T21:11:13+0200,3f7e4d3d-8fdb-4ead-ba3f-db913921b078,2026-04-24T08:15:00Z,2026-04-24T10:15:00+0200,8.78,EUR/MWh,FR,FR,day_ahead_price,value,2026-05-23T19:12:02Z
2026-05-23T19:11:13Z,2026-05-23T21:11:13+0200,3f7e4d3d-8fdb-4ead-ba3f-db913921b078,2026-04-24T08:30:00Z,2026-04-24T10:30:00+0200,1.23,EUR/MWh,FR,FR,day_ahead_price,value,2026-05-23T19:12:02Z
2026-05-23T19:11:13Z,2026-05-23T21:11:13+0200,3f7e4d3d-8fdb-4ead-ba3f-db913921b078,2026-04-24T08:45:00Z,2026-04-24T10:45:00+0200,0.0,EUR/MWh,FR,FR,day_ahead_price,value,2026-05-23T19:12:02Z
2026-05-23T19:11:13Z,2026-05-23T21:11:13+0200,3f7e4d3d-8fdb-4ead-ba3f-db913921b078,2026-04-24T09:00:00Z,2026-04-24T11:00:00+0200,0.09,EUR/MWh,FR,FR,day_ahead_price,value,2026-05-23T19:12:02Z
2026-05-23T19:11:13Z,2026-05-23T21:11:13+0200,3f7e4d3d-8fdb-4ead-ba3f-db913921b078,2026-04-24T09:15:00Z,2026-04-24T11:15:00+0200,0.0,EUR/MWh,FR,FR,day_ahead_price,value,2026-05-23T19:12:02Z
2026-05-23T19:11:13Z,2026-05-23T21:11:13+0200,3f7e4d3d-8fdb-4ead-ba3f-db913921b078,2026-04-24T09:30:00Z,2026-04-24T11:30:00+0200,-0.03,EUR/MWh,FR,FR,day_ahead_price,value,2026-05-23T19:12:02Z
2026-05-23T19:11:13Z,2026-05-23T21:11:13+0200,3f7e4d3d-8fdb-4ead-ba3f-db913921b078,2026-04-24T09:45:00Z,2026-04-24T11:45:00+0200,-0.2,EUR/MWh,FR,FR,day_ahead_price,value,2026-05-23T19:12:02Z
2026-05-23T19:11:13Z,2026-05-23T21:11:13+0200,3f7e4d3d-8fdb-4ead-ba3f-db913921b078,2026-04-24T10:00:00Z,2026-04-24T12:00:00+0200,-1.5,EUR/MWh,FR,FR,day_ahead_price,value,2026-05-23T19:12:02Z
2026-05-23T19:11:13Z,2026-05-23T21:11:13+0200,3f7e4d3d-8fdb-4ead-ba3f-db913921b078,2026-04-24T10:15:00Z,2026-04-24T12:15:00+0200,-4.51,EUR/MWh,FR,FR,day_ahead_price,value,2026-05-23T19:12:02Z
2026-05-23T19:11:13Z,2026-05-23T21:11:13+0200,3f7e4d3d-8fdb-4ead-ba3f-db913921b078,2026-04-24T10:30:00Z,2026-04-24T12:30:00+0200,-7.05,EUR/MWh,FR,FR,day_ahead_price,value,2026-05-23T19:12:02Z
2026-05-23T19:11:13Z,2026-05-23T21:11:13+0200,3f7e4d3d-8fdb-4ead-ba3f-db913921b078,2026-04-24T10:45:00Z,2026-04-24T12:45:00+0200,-14.57,EUR/MWh,FR,FR,day_ahead_price,value,2026-05-23T19:12:02Z
2026-05-23T19:11:13Z,2026-05-23T21:11:13+0200,3f7e4d3d-8fdb-4ead-ba3f-db913921b078,2026-04-24T11:00:00Z,2026-04-24T13:00:00+0200,-15.0,EUR/MWh,FR,FR,day_ahead_price,value,2026-05-23T19:12:02Z
2026-05-23T19:11:13Z,2026-05-23T21:11:13+0200,3f7e4d3d-8fdb-4ead-ba3f-db913921b078,2026-04-24T11:15:00Z,2026-04-24T13:15:00+0200,-20.02,EUR/MWh,FR,FR,day_ahead_price,value,2026-05-23T19:12:02Z
2026-05-23T19:11:13Z,2026-05-23T21:11:13+0200,3f7e4d3d-8fdb-4ead-ba3f-db913921b078,2026-04-24T11:30:00Z,2026-04-24T13:30:00+0200,-29.85,EUR/MWh,FR,FR,day_ahead_price,value,2026-05-23T19:12:02Z
2026-05-23T19:11:13Z,2026-05-23T21:11:13+0200,3f7e4d3d-8fdb-4ead-ba3f-db913921b078,2026-04-24T11:45:00Z,2026-04-24T13:45:00+0200,-39.27,EUR/MWh,FR,FR,day_ahead_price,value,2026-05-23T19:12:02Z
2026-05-23T19:11:13Z,2026-05-23T21:11:13+0200,3f7e4d3d-8fdb-4ead-ba3f-db913921b078,2026-04-24T12:00:00Z,2026-04-24T14:00:00+0200,-32.49,EUR/MWh,FR,FR,day_ahead_price,value,2026-05-23T19:12:02Z
2026-05-23T19:11:13Z,2026-05-23T21:11:13+0200,3f7e4d3d-8fdb-4ead-ba3f-db913921b078,2026-04-24T12:15:00Z,2026-04-24T14:15:00+0200,-31.08,EUR/MWh,FR,FR,day_ahead_price,value,2026-05-23T19:12:02Z
2026-05-23T19:11:13Z,2026-05-23T21:11:13+0200,3f7e4d3d-8fdb-4ead-ba3f-db913921b078,2026-04-24T12:30:00Z,2026-04-24T14:30:00+0200,-29.79,EUR/MWh,FR,FR,day_ahead_price,value,2026-05-23T19:12:02Z
2026-05-23T19:11:13Z,2026-05-23T21:11:13+0200,3f7e4d3d-8fdb-4ead-ba3f-db913921b078,2026-04-24T12:45:00Z,2026-04-24T14:45:00+0200,-25.89,EUR/MWh,FR,FR,day_ahead_price,value,2026-05-23T19:12:02Z
2026-05-23T19:11:13Z,2026-05-23T21:11:13+0200,3f7e4d3d-8fdb-4ead-ba3f-db913921b078,2026-04-24T13:00:00Z,2026-04-24T15:00:00+0200,-26.46,EUR/MWh,FR,FR,day_ahead_price,value,2026-05-23T19:12:02Z
2026-05-23T19:11:13Z,2026-05-23T21:11:13+0200,3f7e4d3d-8fdb-4ead-ba3f-db913921b078,2026-04-24T13:15:00Z,2026-04-24T15:15:00+0200,-19.68,EUR/MWh,FR,FR,day_ahead_price,value,2026-05-23T19:12:02Z
2026-05-23T19:11:13Z,2026-05-23T21:11:13+0200,3f7e4d3d-8fdb-4ead-ba3f-db913921b078,2026-04-24T13:30:00Z,2026-04-24T15:30:00+0200,-12.8,EUR/MWh,FR,FR,day_ahead_price,value,2026-05-23T19:12:02Z
2026-05-23T19:11:13Z,2026-05-23T21:11:13+0200,3f7e4d3d-8fdb-4ead-ba3f-db913921b078,2026-04-24T13:45:00Z,2026-04-24T15:45:00+0200,-7.0,EUR/MWh,FR,FR,day_ahead_price,value,2026-05-23T19:12:02Z
2026-05-23T19:11:13Z,2026-05-23T21:11:13+0200,3f7e4d3d-8fdb-4ead-ba3f-db913921b078,2026-04-24T14:00:00Z,2026-04-24T16:00:00+0200,-5.24,EUR/MWh,FR,FR,day_ahead_price,value,2026-05-23T19:12:02Z
2026-05-23T19:11:13Z,2026-05-23T21:11:13+0200,3f7e4d3d-8fdb-4ead-ba3f-db913921b078,2026-04-24T14:15:00Z,2026-04-24T16:15:00+0200,-0.97,EUR/MWh,FR,FR,day_ahead_price,value,2026-05-23T19:12:02Z
2026-05-23T19:11:13Z,2026-05-23T21:11:13+0200,3f7e4d3d-8fdb-4ead-ba3f-db913921b078,2026-04-24T14:30:00Z,2026-04-24T16:30:00+0200,-0.02,EUR/MWh,FR,FR,day_ahead_price,value,2026-05-23T19:12:02Z
2026-05-23T19:11:13Z,2026-05-23T21:11:13+0200,3f7e4d3d-8fdb-4ead-ba3f-db913921b078,2026-04-24T14:45:00Z,2026-04-24T16:45:00+0200,0.01,EUR/MWh,FR,FR,day_ahead_price,value,2026-05-23T19:12:02Z
2026-05-23T19:11:13Z,2026-05-23T21:11:13+0200,3f7e4d3d-8fdb-4ead-ba3f-db913921b078,2026-04-24T15:00:00Z,2026-04-24T17:00:00+0200,-0.02,EUR/MWh,FR,FR,day_ahead_price,value,2026-05-23T19:12:02Z
2026-05-23T19:11:13Z,2026-05-23T21:11:13+0200,3f7e4d3d-8fdb-4ead-ba3f-db913921b078,2026-04-24T15:15:00Z,2026-04-24T17:15:00+0200,0.0,EUR/MWh,FR,FR,day_ahead_price,value,2026-05-23T19:12:02Z
2026-05-23T19:11:13Z,2026-05-23T21:11:13+0200,3f7e4d3d-8fdb-4ead-ba3f-db913921b078,2026-04-24T15:30:00Z,2026-04-24T17:30:00+0200,10.46,EUR/MWh,FR,FR,day_ahead_price,value,2026-05-23T19:12:02Z
2026-05-23T19:11:13Z,2026-05-23T21:11:13+0200,3f7e4d3d-8fdb-4ead-ba3f-db913921b078,2026-04-24T15:45:00Z,2026-04-24T17:45:00+0200,33.11,EUR/MWh,FR,FR,day_ahead_price,value,2026-05-23T19:12:02Z
2026-05-23T19:11:13Z,2026-05-23T21:11:13+0200,3f7e4d3d-8fdb-4ead-ba3f-db913921b078,2026-04-24T16:00:00Z,2026-04-24T18:00:00+0200,21.38,EUR/MWh,FR,FR,day_ahead_price,value,2026-05-23T19:12:02Z
2026-05-23T19:11:13Z,2026-05-23T21:11:13+0200,3f7e4d3d-8fdb-4ead-ba3f-db913921b078,2026-04-24T16:15:00Z,2026-04-24T18:15:00+0200,21.11,EUR/MWh,FR,FR,day_ahead_price,value,2026-05-23T19:12:02Z
2026-05-23T19:11:13Z,2026-05-23T21:11:13+0200,3f7e4d3d-8fdb-4ead-ba3f-db913921b078,2026-04-24T16:30:00Z,2026-04-24T18:30:00+0200,20.0,EUR/MWh,FR,FR,day_ahead_price,value,2026-05-23T19:12:02Z
2026-05-23T19:11:13Z,2026-05-23T21:11:13+0200,3f7e4d3d-8fdb-4ead-ba3f-db913921b078,2026-04-24T16:45:00Z,2026-04-24T18:45:00+0200,44.12,EUR/MWh,FR,FR,day_ahead_price,value,2026-05-23T19:12:02Z
2026-05-23T19:11:13Z,2026-05-23T21:11:13+0200,3f7e4d3d-8fdb-4ead-ba3f-db913921b078,2026-04-24T17:00:00Z,2026-04-24T19:00:00+0200,28.28,EUR/MWh,FR,FR,day_ahead_price,value,2026-05-23T19:12:02Z
2026-05-23T19:11:13Z,2026-05-23T21:11:13+0200,3f7e4d3d-8fdb-4ead-ba3f-db913921b078,2026-04-24T17:15:00Z,2026-04-24T19:15:00+0200,51.16,EUR/MWh,FR,FR,day_ahead_price,value,2026-05-23T19:12:02Z
2026-05-23T19:11:13Z,2026-05-23T21:11:13+0200,3f7e4d3d-8fdb-4ead-ba3f-db913921b078,2026-04-24T17:30:00Z,2026-04-24T19:30:00+0200,71.52,EUR/MWh,FR,FR,day_ahead_price,value,2026-05-23T19:12:02Z
2026-05-23T19:11:13Z,2026-05-23T21:11:13+0200,3f7e4d3d-8fdb-4ead-ba3f-db913921b078,2026-04-24T17:45:00Z,2026-04-24T19:45:00+0200,88.79,EUR/MWh,FR,FR,day_ahead_price,value,2026-05-23T19:12:02Z
2026-05-23T19:11:13Z,2026-05-23T21:11:13+0200,3f7e4d3d-8fdb-4ead-ba3f-db913921b078,2026-04-24T18:00:00Z,2026-04-24T20:00:00+0200,88.77,EUR/MWh,FR,FR,day_ahead_price,value,2026-05-23T19:12:02Z
2026-05-23T19:11:13Z,2026-05-23T21:11:13+0200,3f7e4d3d-8fdb-4ead-ba3f-db913921b078,2026-04-24T18:15:00Z,2026-04-24T20:15:00+0200,69.7,EUR/MWh,FR,FR,day_ahead_price,value,2026-05-23T19:12:02Z
2026-05-23T19:11:13Z,2026-05-23T21:11:13+0200,3f7e4d3d-8fdb-4ead-ba3f-db913921b078,2026-04-24T18:30:00Z,2026-04-24T20:30:00+0200,58.76,EUR/MWh,FR,FR,day_ahead_price,value,2026-05-23T19:12:02Z
2026-05-23T19:11:13Z,2026-05-23T21:11:13+0200,3f7e4d3d-8fdb-4ead-ba3f-db913921b078,2026-04-24T18:45:00Z,2026-04-24T20:45:00+0200,49.97,EUR/MWh,FR,FR,day_ahead_price,value,2026-05-23T19:12:02Z
2026-05-23T19:11:13Z,2026-05-23T21:11:13+0200,3f7e4d3d-8fdb-4ead-ba3f-db913921b078,2026-04-24T19:00:00Z,2026-04-24T21:00:00+0200,83.87,EUR/MWh,FR,FR,day_ahead_price,value,2026-05-23T19:12:02Z
2026-05-23T19:11:13Z,2026-05-23T21:11:13+0200,3f7e4d3d-8fdb-4ead-ba3f-db913921b078,2026-04-24T19:15:00Z,2026-04-24T21:15:00+0200,64.14,EUR/MWh,FR,FR,day_ahead_price,value,2026-05-23T19:12:02Z
2026-05-23T19:11:13Z,2026-05-23T21:11:13+0200,3f7e4d3d-8fdb-4ead-ba3f-db913921b078,2026-04-24T19:30:00Z,2026-04-24T21:30:00+0200,53.8,EUR/MWh,FR,FR,day_ahead_price,value,2026-05-23T19:12:02Z
2026-05-23T19:11:13Z,2026-05-23T21:11:13+0200,3f7e4d3d-8fdb-4ead-ba3f-db913921b078,2026-04-24T19:45:00Z,2026-04-24T21:45:00+0200,57.0,EUR/MWh,FR,FR,day_ahead_price,value,2026-05-23T19:12:02Z
2026-05-23T19:11:13Z,2026-05-23T21:11:13+0200,3f7e4d3d-8fdb-4ead-ba3f-db913921b078,2026-04-24T20:00:00Z,2026-04-24T22:00:00+0200,49.9,EUR/MWh,FR,FR,day_ahead_price,value,2026-05-23T19:12:02Z
2026-05-23T19:11:13Z,2026-05-23T21:11:13+0200,3f7e4d3d-8fdb-4ead-ba3f-db913921b078,2026-04-24T20:15:00Z,2026-04-24T22:15:00+0200,64.0,EUR/MWh,FR,FR,day_ahead_price,value,2026-05-23T19:12:02Z
2026-05-23T19:11:13Z,2026-05-23T21:11:13+0200,3f7e4d3d-8fdb-4ead-ba3f-db913921b078,2026-04-24T20:30:00Z,2026-04-24T22:30:00+0200,73.69,EUR/MWh,FR,FR,day_ahead_price,value,2026-05-23T19:12:02Z
2026-05-23T19:11:13Z,2026-05-23T21:11:13+0200,3f7e4d3d-8fdb-4ead-ba3f-db913921b078,2026-04-24T20:45:00Z,2026-04-24T22:45:00+0200,58.76,EUR/MWh,FR,FR,day_ahead_price,value,2026-05-23T19:12:02Z
2026-05-23T19:11:13Z,2026-05-23T21:11:13+0200,3f7e4d3d-8fdb-4ead-ba3f-db913921b078,2026-04-24T21:00:00Z,2026-04-24T23:00:00+0200,50.19,EUR/MWh,FR,FR,day_ahead_price,value,2026-05-23T19:12:02Z
2026-05-23T19:11:13Z,2026-05-23T21:11:13+0200,3f7e4d3d-8fdb-4ead-ba3f-db913921b078,2026-04-24T21:15:00Z,2026-04-24T23:15:00+0200,60.98,EUR/MWh,FR,FR,day_ahead_price,value,2026-05-23T19:12:02Z
2026-05-23T19:11:13Z,2026-05-23T21:11:13+0200,3f7e4d3d-8fdb-4ead-ba3f-db913921b078,2026-04-24T21:30:00Z,2026-04-24T23:30:00+0200,71.24,EUR/MWh,FR,FR,day_ahead_price,value,2026-05-23T19:12:02Z
2026-05-23T19:11:13Z,2026-05-23T21:11:13+0200,3f7e4d3d-8fdb-4ead-ba3f-db913921b078,2026-04-24T21:45:00Z,2026-04-24T23:45:00+0200,48.97,EUR/MWh,FR,FR,day_ahead_price,value,2026-05-23T19:12:02Z
2026-05-23T19:11:13Z,2026-05-23T21:11:13+0200,3f7e4d3d-8fdb-4ead-ba3f-db913921b078,2026-04-24T22:00:00Z,2026-04-25T00:00:00+0200,84.1,EUR/MWh,FR,FR,day_ahead_price,value,2026-05-23T19:12:02Z
2026-05-23T19:11:13Z,2026-05-23T21:11:13+0200,3f7e4d3d-8fdb-4ead-ba3f-db913921b078,2026-04-24T22:15:00Z,2026-04-25T00:15:00+0200,58.31,EUR/MWh,FR,FR,day_ahead_price,value,2026-05-23T19:12:02Z
2026-05-23T19:11:13Z,2026-05-23T21:11:13+0200,3f7e4d3d-8fdb-4ead-ba3f-db913921b078,2026-04-24T22:30:00Z,2026-04-25T00:30:00+0200,34.66,EUR/MWh,FR,FR,day_ahead_price,value,2026-05-23T19:12:02Z
2026-05-23T19:11:13Z,2026-05-23T21:11:13+0200,3f7e4d3d-8fdb-4ead-ba3f-db913921b078,2026-04-24T22:45:00Z,2026-04-25T00:45:00+0200,43.89,EUR/MWh,FR,FR,day_ahead_price,value,2026-05-23T19:12:02Z
2026-05-23T19:11:13Z,2026-05-23T21:11:13+0200,3f7e4d3d-8fdb-4ead-ba3f-db913921b078,2026-04-24T23:00:00Z,2026-04-25T01:00:00+0200,82.85,EUR/MWh,FR,FR,day_ahead_price,value,2026-05-23T19:12:02Z
2026-05-23T19:11:13Z,2026-05-23T21:11:13+0200,3f7e4d3d-8fdb-4ead-ba3f-db913921b078,2026-04-24T23:15:00Z,2026-04-25T01:15:00+0200,53.52,EUR/MWh,FR,FR,day_ahead_price,value,2026-05-23T19:12:02Z
2026-05-23T19:11:13Z,2026-05-23T21:11:13+0200,3f7e4d3d-8fdb-4ead-ba3f-db913921b078,2026-04-24T23:30:00Z,2026-04-25T01:30:00+0200,61.13,EUR/MWh,FR,FR,day_ahead_price,value,2026-05-23T19:12:02Z
2026-05-23T19:11:13Z,2026-05-23T21:11:13+0200,3f7e4d3d-8fdb-4ead-ba3f-db913921b078,2026-04-24T23:45:00Z,2026-04-25T01:45:00+0200,52.98,EUR/MWh,FR,FR,day_ahead_price,value,2026-05-23T19:12:02Z
2026-05-23T19:11:13Z,2026-05-23T21:11:13+0200,3f7e4d3d-8fdb-4ead-ba3f-db913921b078,2026-04-25T00:00:00Z,2026-04-25T02:00:00+0200,87.45,EUR/MWh,FR,FR,day_ahead_price,value,2026-05-23T19:12:02Z
2026-05-23T19:11:13Z,2026-05-23T21:11:13+0200,3f7e4d3d-8fdb-4ead-ba3f-db913921b078,2026-04-25T00:15:00Z,2026-04-25T02:15:00+0200,47.97,EUR/MWh,FR,FR,day_ahead_price,value,2026-05-23T19:12:02Z
2026-05-23T19:11:13Z,2026-05-23T21:11:13+0200,3f7e4d3d-8fdb-4ead-ba3f-db913921b078,2026-04-25T00:30:00Z,2026-04-25T02:30:00+0200,33.39,EUR/MWh,FR,FR,day_ahead_price,value,2026-05-23T19:12:02Z
2026-05-23T19:11:13Z,2026-05-23T21:11:13+0200,3f7e4d3d-8fdb-4ead-ba3f-db913921b078,2026-04-25T00:45:00Z,2026-04-25T02:45:00+0200,33.01,EUR/MWh,FR,FR,day_ahead_price,value,2026-05-23T19:12:02Z
2026-05-23T19:11:13Z,2026-05-23T21:11:13+0200,3f7e4d3d-8fdb-4ead-ba3f-db913921b078,2026-04-25T01:00:00Z,2026-04-25T03:00:00+0200,35.34,EUR/MWh,FR,FR,day_ahead_price,value,2026-05-23T19:12:02Z
2026-05-23T19:11:13Z,2026-05-23T21:11:13+0200,3f7e4d3d-8fdb-4ead-ba3f-db913921b078,2026-04-25T01:15:00Z,2026-04-25T03:15:00+0200,28.87,EUR/MWh,FR,FR,day_ahead_price,value,2026-05-23T19:12:02Z
2026-05-23T19:11:13Z,2026-05-23T21:11:13+0200,3f7e4d3d-8fdb-4ead-ba3f-db913921b078,2026-04-25T01:30:00Z,2026-04-25T03:30:00+0200,38.69,EUR/MWh,FR,FR,day_ahead_price,value,2026-05-23T19:12:02Z
2026-05-23T19:11:13Z,2026-05-23T21:11:13+0200,3f7e4d3d-8fdb-4ead-ba3f-db913921b078,2026-04-25T01:45:00Z,2026-04-25T03:45:00+0200,52.67,EUR/MWh,FR,FR,day_ahead_price,value,2026-05-23T19:12:02Z
2026-05-23T19:11:13Z,2026-05-23T21:11:13+0200,3f7e4d3d-8fdb-4ead-ba3f-db913921b078,2026-04-25T02:00:00Z,2026-04-25T04:00:00+0200,42.79,EUR/MWh,FR,FR,day_ahead_price,value,2026-05-23T19:12:02Z
2026-05-23T19:11:13Z,2026-05-23T21:11:13+0200,3f7e4d3d-8fdb-4ead-ba3f-db913921b078,2026-04-25T02:15:00Z,2026-04-25T04:15:00+0200,44.64,EUR/MWh,FR,FR,day_ahead_price,value,2026-05-23T19:12:02Z
2026-05-23T19:11:13Z,2026-05-23T21:11:13+0200,3f7e4d3d-8fdb-4ead-ba3f-db913921b078,2026-04-25T02:30:00Z,2026-04-25T04:30:00+0200,44.23,EUR/MWh,FR,FR,day_ahead_price,value,2026-05-23T19:12:02Z
2026-05-23T19:11:13Z,2026-05-23T21:11:13+0200,3f7e4d3d-8fdb-4ead-ba3f-db913921b078,2026-04-25T02:45:00Z,2026-04-25T04:45:00+0200,44.38,EUR/MWh,FR,FR,day_ahead_price,value,2026-05-23T19:12:02Z
2026-05-23T19:11:13Z,2026-05-23T21:11:13+0200,3f7e4d3d-8fdb-4ead-ba3f-db913921b078,2026-04-25T03:00:00Z,2026-04-25T05:00:00+0200,36.94,EUR/MWh,FR,FR,day_ahead_price,value,2026-05-23T19:12:02Z
2026-05-23T19:11:13Z,2026-05-23T21:11:13+0200,3f7e4d3d-8fdb-4ead-ba3f-db913921b078,2026-04-25T03:15:00Z,2026-04-25T05:15:00+0200,44.19,EUR/MWh,FR,FR,day_ahead_price,value,2026-05-23T19:12:02Z
2026-05-23T19:11:13Z,2026-05-23T21:11:13+0200,3f7e4d3d-8fdb-4ead-ba3f-db913921b078,2026-04-25T03:30:00Z,2026-04-25T05:30:00+0200,52.71,EUR/MWh,FR,FR,day_ahead_price,value,2026-05-23T19:12:02Z
2026-05-23T19:11:13Z,2026-05-23T21:11:13+0200,3f7e4d3d-8fdb-4ead-ba3f-db913921b078,2026-04-25T03:45:00Z,2026-04-25T05:45:00+0200,66.15,EUR/MWh,FR,FR,day_ahead_price,value,2026-05-23T19:12:02Z
2026-05-23T19:11:13Z,2026-05-23T21:11:13+0200,3f7e4d3d-8fdb-4ead-ba3f-db913921b078,2026-04-25T04:00:00Z,2026-04-25T06:00:00+0200,49.67,EUR/MWh,FR,FR,day_ahead_price,value,2026-05-23T19:12:02Z
2026-05-23T19:11:13Z,2026-05-23T21:11:13+0200,3f7e4d3d-8fdb-4ead-ba3f-db913921b078,2026-04-25T04:15:00Z,2026-04-25T06:15:00+0200,47.05,EUR/MWh,FR,FR,day_ahead_price,value,2026-05-23T19:12:02Z
2026-05-23T19:11:13Z,2026-05-23T21:11:13+0200,3f7e4d3d-8fdb-4ead-ba3f-db913921b078,2026-04-25T04:30:00Z,2026-04-25T06:30:00+0200,32.26,EUR/MWh,FR,FR,day_ahead_price,value,2026-05-23T19:12:02Z
2026-05-23T19:11:13Z,2026-05-23T21:11:13+0200,3f7e4d3d-8fdb-4ead-ba3f-db913921b078,2026-04-25T04:45:00Z,2026-04-25T06:45:00+0200,35.61,EUR/MWh,FR,FR,day_ahead_price,value,2026-05-23T19:12:02Z
2026-05-23T19:11:13Z,2026-05-23T21:11:13+0200,3f7e4d3d-8fdb-4ead-ba3f-db913921b078,2026-04-25T05:00:00Z,2026-04-25T07:00:00+0200,47.95,EUR/MWh,FR,FR,day_ahead_price,value,2026-05-23T19:12:02Z
2026-05-23T19:11:13Z,2026-05-23T21:11:13+0200,3f7e4d3d-8fdb-4ead-ba3f-db913921b078,2026-04-25T05:15:00Z,2026-04-25T07:15:00+0200,19.81,EUR/MWh,FR,FR,day_ahead_price,value,2026-05-23T19:12:02Z
2026-05-23T19:11:13Z,2026-05-23T21:11:13+0200,3f7e4d3d-8fdb-4ead-ba3f-db913921b078,2026-04-25T05:30:00Z,2026-04-25T07:30:00+0200,27.73,EUR/MWh,FR,FR,day_ahead_price,value,2026-05-23T19:12:02Z
2026-05-23T19:11:13Z,2026-05-23T21:11:13+0200,3f7e4d3d-8fdb-4ead-ba3f-db913921b078,2026-04-25T05:45:00Z,2026-04-25T07:45:00+0200,22.39,EUR/MWh,FR,FR,day_ahead_price,value,2026-05-23T19:12:02Z
2026-05-23T19:11:13Z,2026-05-23T21:11:13+0200,3f7e4d3d-8fdb-4ead-ba3f-db913921b078,2026-04-25T06:00:00Z,2026-04-25T08:00:00+0200,40.03,EUR/MWh,FR,FR,day_ahead_price,value,2026-05-23T19:12:02Z
2026-05-23T19:11:13Z,2026-05-23T21:11:13+0200,3f7e4d3d-8fdb-4ead-ba3f-db913921b078,2026-04-25T06:15:00Z,2026-04-25T08:15:00+0200,22.1,EUR/MWh,FR,FR,day_ahead_price,value,2026-05-23T19:12:02Z
2026-05-23T19:11:13Z,2026-05-23T21:11:13+0200,3f7e4d3d-8fdb-4ead-ba3f-db913921b078,2026-04-25T06:30:00Z,2026-04-25T08:30:00+0200,8.89,EUR/MWh,FR,FR,day_ahead_price,value,2026-05-23T19:12:02Z
2026-05-23T19:11:13Z,2026-05-23T21:11:13+0200,3f7e4d3d-8fdb-4ead-ba3f-db913921b078,2026-04-25T06:45:00Z,2026-04-25T08:45:00+0200,3.59,EUR/MWh,FR,FR,day_ahead_price,value,2026-05-23T19:12:02Z
2026-05-23T19:11:13Z,2026-05-23T21:11:13+0200,3f7e4d3d-8fdb-4ead-ba3f-db913921b078,2026-04-25T07:00:00Z,2026-04-25T09:00:00+0200,17.0,EUR/MWh,FR,FR,day_ahead_price,value,2026-05-23T19:12:02Z
2026-05-23T19:11:13Z,2026-05-23T21:11:13+0200,3f7e4d3d-8fdb-4ead-ba3f-db913921b078,2026-04-25T07:15:00Z,2026-04-25T09:15:00+0200,11.14,EUR/MWh,FR,FR,day_ahead_price,value,2026-05-23T19:12:02Z
2026-05-23T19:11:13Z,2026-05-23T21:11:13+0200,3f7e4d3d-8fdb-4ead-ba3f-db913921b078,2026-04-25T07:30:00Z,2026-04-25T09:30:00+0200,0.03,EUR/MWh,FR,FR,day_ahead_price,value,2026-05-23T19:12:02Z
2026-05-23T19:11:13Z,2026-05-23T21:11:13+0200,3f7e4d3d-8fdb-4ead-ba3f-db913921b078,2026-04-25T07:45:00Z,2026-04-25T09:45:00+0200,-0.28,EUR/MWh,FR,FR,day_ahead_price,value,2026-05-23T19:12:02Z
2026-05-23T19:11:13Z,2026-05-23T21:11:13+0200,3f7e4d3d-8fdb-4ead-ba3f-db913921b078,2026-04-25T08:00:00Z,2026-04-25T10:00:00+0200,-0.01,EUR/MWh,FR,FR,day_ahead_price,value,2026-05-23T19:12:02Z
2026-05-23T19:11:13Z,2026-05-23T21:11:13+0200,3f7e4d3d-8fdb-4ead-ba3f-db913921b078,2026-04-25T08:15:00Z,2026-04-25T10:15:00+0200,-1.53,EUR/MWh,FR,FR,day_ahead_price,value,2026-05-23T19:12:02Z
2026-05-23T19:11:13Z,2026-05-23T21:11:13+0200,3f7e4d3d-8fdb-4ead-ba3f-db913921b078,2026-04-25T08:30:00Z,2026-04-25T10:30:00+0200,-5.5,EUR/MWh,FR,FR,day_ahead_price,value,2026-05-23T19:12:02Z
2026-05-23T19:11:13Z,2026-05-23T21:11:13+0200,3f7e4d3d-8fdb-4ead-ba3f-db913921b078,2026-04-25T08:45:00Z,2026-04-25T10:45:00+0200,-16.01,EUR/MWh,FR,FR,day_ahead_price,value,2026-05-23T19:12:02Z
2026-05-23T19:11:13Z,2026-05-23T21:11:13+0200,3f7e4d3d-8fdb-4ead-ba3f-db913921b078,2026-04-25T09:00:00Z,2026-04-25T11:00:00+0200,-15.03,EUR/MWh,FR,FR,day_ahead_price,value,2026-05-23T19:12:02Z
2026-05-23T19:11:13Z,2026-05-23T21:11:13+0200,3f7e4d3d-8fdb-4ead-ba3f-db913921b078,2026-04-25T09:15:00Z,2026-04-25T11:15:00+0200,-30.0,EUR/MWh,FR,FR,day_ahead_price,value,2026-05-23T19:12:02Z
2026-05-23T19:11:13Z,2026-05-23T21:11:13+0200,3f7e4d3d-8fdb-4ead-ba3f-db913921b078,2026-04-25T09:30:00Z,2026-04-25T11:30:00+0200,-51.34,EUR/MWh,FR,FR,day_ahead_price,value,2026-05-23T19:12:02Z
2026-05-23T19:11:13Z,2026-05-23T21:11:13+0200,3f7e4d3d-8fdb-4ead-ba3f-db913921b078,2026-04-25T09:45:00Z,2026-04-25T11:45:00+0200,-71.81,EUR/MWh,FR,FR,day_ahead_price,value,2026-05-23T19:12:02Z
2026-05-23T19:11:13Z,2026-05-23T21:11:13+0200,3f7e4d3d-8fdb-4ead-ba3f-db913921b078,2026-04-25T10:00:00Z,2026-04-25T12:00:00+0200,-70.01,EUR/MWh,FR,FR,day_ahead_price,value,2026-05-23T19:12:02Z
2026-05-23T19:11:13Z,2026-05-23T21:11:13+0200,3f7e4d3d-8fdb-4ead-ba3f-db913921b078,2026-04-25T10:15:00Z,2026-04-25T12:15:00+0200,-89.37,EUR/MWh,FR,FR,day_ahead_price,value,2026-05-23T19:12:02Z
2026-05-23T19:11:13Z,2026-05-23T21:11:13+0200,3f7e4d3d-8fdb-4ead-ba3f-db913921b078,2026-04-25T10:30:00Z,2026-04-25T12:30:00+0200,-109.11,EUR/MWh,FR,FR,day_ahead_price,value,2026-05-23T19:12:02Z
2026-05-23T19:11:13Z,2026-05-23T21:11:13+0200,3f7e4d3d-8fdb-4ead-ba3f-db913921b078,2026-04-25T10:45:00Z,2026-04-25T12:45:00+0200,-130.71,EUR/MWh,FR,FR,day_ahead_price,value,2026-05-23T19:12:02Z
2026-05-23T19:11:13Z,2026-05-23T21:11:13+0200,3f7e4d3d-8fdb-4ead-ba3f-db913921b078,2026-04-25T11:00:00Z,2026-04-25T13:00:00+0200,-128.97,EUR/MWh,FR,FR,day_ahead_price,value,2026-05-23T19:12:02Z
2026-05-23T19:11:13Z,2026-05-23T21:11:13+0200,3f7e4d3d-8fdb-4ead-ba3f-db913921b078,2026-04-25T11:15:00Z,2026-04-25T13:15:00+0200,-181.76,EUR/MWh,FR,FR,day_ahead_price,value,2026-05-23T19:12:02Z
2026-05-23T19:11:13Z,2026-05-23T21:11:13+0200,3f7e4d3d-8fdb-4ead-ba3f-db913921b078,2026-04-25T11:30:00Z,2026-04-25T13:30:00+0200,-188.59,EUR/MWh,FR,FR,day_ahead_price,value,2026-05-23T19:12:02Z
2026-05-23T19:11:13Z,2026-05-23T21:11:13+0200,3f7e4d3d-8fdb-4ead-ba3f-db913921b078,2026-04-25T11:45:00Z,2026-04-25T13:45:00+0200,-200.1,EUR/MWh,FR,FR,day_ahead_price,value,2026-05-23T19:12:02Z
2026-05-23T19:11:13Z,2026-05-23T21:11:13+0200,3f7e4d3d-8fdb-4ead-ba3f-db913921b078,2026-04-25T12:00:00Z,2026-04-25T14:00:00+0200,-193.89,EUR/MWh,FR,FR,day_ahead_price,value,2026-05-23T19:12:02Z
2026-05-23T19:11:13Z,2026-05-23T21:11:13+0200,3f7e4d3d-8fdb-4ead-ba3f-db913921b078,2026-04-25T12:15:00Z,2026-04-25T14:15:00+0200,-191.62,EUR/MWh,FR,FR,day_ahead_price,value,2026-05-23T19:12:02Z
2026-05-23T19:11:13Z,2026-05-23T21:11:13+0200,3f7e4d3d-8fdb-4ead-ba3f-db913921b078,2026-04-25T12:30:00Z,2026-04-25T14:30:00+0200,-189.03,EUR/MWh,FR,FR,day_ahead_price,value,2026-05-23T19:12:02Z
2026-05-23T19:11:13Z,2026-05-23T21:11:13+0200,3f7e4d3d-8fdb-4ead-ba3f-db913921b078,2026-04-25T12:45:00Z,2026-04-25T14:45:00+0200,-181.39,EUR/MWh,FR,FR,day_ahead_price,value,2026-05-23T19:12:02Z
2026-05-23T19:11:13Z,2026-05-23T21:11:13+0200,3f7e4d3d-8fdb-4ead-ba3f-db913921b078,2026-04-25T13:00:00Z,2026-04-25T15:00:00+0200,-166.07,EUR/MWh,FR,FR,day_ahead_price,value,2026-05-23T19:12:02Z
2026-05-23T19:11:13Z,2026-05-23T21:11:13+0200,3f7e4d3d-8fdb-4ead-ba3f-db913921b078,2026-04-25T13:15:00Z,2026-04-25T15:15:00+0200,-152.83,EUR/MWh,FR,FR,day_ahead_price,value,2026-05-23T19:12:02Z
2026-05-23T19:11:13Z,2026-05-23T21:11:13+0200,3f7e4d3d-8fdb-4ead-ba3f-db913921b078,2026-04-25T13:30:00Z,2026-04-25T15:30:00+0200,-119.51,EUR/MWh,FR,FR,day_ahead_price,value,2026-05-23T19:12:02Z
2026-05-23T19:11:13Z,2026-05-23T21:11:13+0200,3f7e4d3d-8fdb-4ead-ba3f-db913921b078,2026-04-25T13:45:00Z,2026-04-25T15:45:00+0200,-93.21,EUR/MWh,FR,FR,day_ahead_price,value,2026-05-23T19:12:02Z
2026-05-23T19:11:13Z,2026-05-23T21:11:13+0200,3f7e4d3d-8fdb-4ead-ba3f-db913921b078,2026-04-25T14:00:00Z,2026-04-25T16:00:00+0200,-93.08,EUR/MWh,FR,FR,day_ahead_price,value,2026-05-23T19:12:02Z
2026-05-23T19:11:13Z,2026-05-23T21:11:13+0200,3f7e4d3d-8fdb-4ead-ba3f-db913921b078,2026-04-25T14:15:00Z,2026-04-25T16:15:00+0200,-66.21,EUR/MWh,FR,FR,day_ahead_price,value,2026-05-23T19:12:02Z
2026-05-23T19:11:13Z,2026-05-23T21:11:13+0200,3f7e4d3d-8fdb-4ead-ba3f-db913921b078,2026-04-25T14:30:00Z,2026-04-25T16:30:00+0200,-37.95,EUR/MWh,FR,FR,day_ahead_price,value,2026-05-23T19:12:02Z
2026-05-23T19:11:13Z,2026-05-23T21:11:13+0200,3f7e4d3d-8fdb-4ead-ba3f-db913921b078,2026-04-25T14:45:00Z,2026-04-25T16:45:00+0200,-15.54,EUR/MWh,FR,FR,day_ahead_price,value,2026-05-23T19:12:02Z
2026-05-23T19:11:13Z,2026-05-23T21:11:13+0200,3f7e4d3d-8fdb-4ead-ba3f-db913921b078,2026-04-25T15:00:00Z,2026-04-25T17:00:00+0200,-12.42,EUR/MWh,FR,FR,day_ahead_price,value,2026-05-23T19:12:02Z
2026-05-23T19:11:13Z,2026-05-23T21:11:13+0200,3f7e4d3d-8fdb-4ead-ba3f-db913921b078,2026-04-25T15:15:00Z,2026-04-25T17:15:00+0200,-3.47,EUR/MWh,FR,FR,day_ahead_price,value,2026-05-23T19:12:02Z
2026-05-23T19:11:13Z,2026-05-23T21:11:13+0200,3f7e4d3d-8fdb-4ead-ba3f-db913921b078,2026-04-25T15:30:00Z,2026-04-25T17:30:00+0200,-0.62,EUR/MWh,FR,FR,day_ahead_price,value,2026-05-23T19:12:02Z
2026-05-23T19:11:13Z,2026-05-23T21:11:13+0200,3f7e4d3d-8fdb-4ead-ba3f-db913921b078,2026-04-25T15:45:00Z,2026-04-25T17:45:00+0200,3.31,EUR/MWh,FR,FR,day_ahead_price,value,2026-05-23T19:12:02Z
2026-05-23T19:11:13Z,2026-05-23T21:11:13+0200,3f7e4d3d-8fdb-4ead-ba3f-db913921b078,2026-04-25T16:00:00Z,2026-04-25T18:00:00+0200,-0.01,EUR/MWh,FR,FR,day_ahead_price,value,2026-05-23T19:12:02Z
2026-05-23T19:11:13Z,2026-05-23T21:11:13+0200,3f7e4d3d-8fdb-4ead-ba3f-db913921b078,2026-04-25T16:15:00Z,2026-04-25T18:15:00+0200,7.1,EUR/MWh,FR,FR,day_ahead_price,value,2026-05-23T19:12:02Z
2026-05-23T19:11:13Z,2026-05-23T21:11:13+0200,3f7e4d3d-8fdb-4ead-ba3f-db913921b078,2026-04-25T16:30:00Z,2026-04-25T18:30:00+0200,15.0,EUR/MWh,FR,FR,day_ahead_price,value,2026-05-23T19:12:02Z
2026-05-23T19:11:13Z,2026-05-23T21:11:13+0200,3f7e4d3d-8fdb-4ead-ba3f-db913921b078,2026-04-25T16:45:00Z,2026-04-25T18:45:00+0200,36.9,EUR/MWh,FR,FR,day_ahead_price,value,2026-05-23T19:12:02Z
2026-05-23T19:11:13Z,2026-05-23T21:11:13+0200,3f7e4d3d-8fdb-4ead-ba3f-db913921b078,2026-04-25T17:00:00Z,2026-04-25T19:00:00+0200,34.12,EUR/MWh,FR,FR,day_ahead_price,value,2026-05-23T19:12:02Z
2026-05-23T19:11:13Z,2026-05-23T21:11:13+0200,3f7e4d3d-8fdb-4ead-ba3f-db913921b078,2026-04-25T17:15:00Z,2026-04-25T19:15:00+0200,46.17,EUR/MWh,FR,FR,day_ahead_price,value,2026-05-23T19:12:02Z
2026-05-23T19:11:13Z,2026-05-23T21:11:13+0200,3f7e4d3d-8fdb-4ead-ba3f-db913921b078,2026-04-25T17:30:00Z,2026-04-25T19:30:00+0200,50.0,EUR/MWh,FR,FR,day_ahead_price,value,2026-05-23T19:12:02Z
2026-05-23T19:11:13Z,2026-05-23T21:11:13+0200,3f7e4d3d-8fdb-4ead-ba3f-db913921b078,2026-04-25T17:45:00Z,2026-04-25T19:45:00+0200,80.0,EUR/MWh,FR,FR,day_ahead_price,value,2026-05-23T19:12:02Z
2026-05-23T19:11:13Z,2026-05-23T21:11:13+0200,3f7e4d3d-8fdb-4ead-ba3f-db913921b078,2026-04-25T18:00:00Z,2026-04-25T20:00:00+0200,50.0,EUR/MWh,FR,FR,day_ahead_price,value,2026-05-23T19:12:02Z
2026-05-23T19:11:13Z,2026-05-23T21:11:13+0200,3f7e4d3d-8fdb-4ead-ba3f-db913921b078,2026-04-25T18:15:00Z,2026-04-25T20:15:00+0200,56.09,EUR/MWh,FR,FR,day_ahead_price,value,2026-05-23T19:12:02Z
2026-05-23T19:11:13Z,2026-05-23T21:11:13+0200,3f7e4d3d-8fdb-4ead-ba3f-db913921b078,2026-04-25T18:30:00Z,2026-04-25T20:30:00+0200,70.44,EUR/MWh,FR,FR,day_ahead_price,value,2026-05-23T19:12:02Z
2026-05-23T19:11:13Z,2026-05-23T21:11:13+0200,3f7e4d3d-8fdb-4ead-ba3f-db913921b078,2026-04-25T18:45:00Z,2026-04-25T20:45:00+0200,63.47,EUR/MWh,FR,FR,day_ahead_price,value,2026-05-23T19:12:02Z
2026-05-23T19:11:13Z,2026-05-23T21:11:13+0200,3f7e4d3d-8fdb-4ead-ba3f-db913921b078,2026-04-25T19:00:00Z,2026-04-25T21:00:00+0200,74.8,EUR/MWh,FR,FR,day_ahead_price,value,2026-05-23T19:12:02Z
2026-05-23T19:11:13Z,2026-05-23T21:11:13+0200,3f7e4d3d-8fdb-4ead-ba3f-db913921b078,2026-04-25T19:15:00Z,2026-04-25T21:15:00+0200,76.33,EUR/MWh,FR,FR,day_ahead_price,value,2026-05-23T19:12:02Z
2026-05-23T19:11:13Z,2026-05-23T21:11:13+0200,3f7e4d3d-8fdb-4ead-ba3f-db913921b078,2026-04-25T19:30:00Z,2026-04-25T21:30:00+0200,69.76,EUR/MWh,FR,FR,day_ahead_price,value,2026-05-23T19:12:02Z
2026-05-23T19:11:13Z,2026-05-23T21:11:13+0200,3f7e4d3d-8fdb-4ead-ba3f-db913921b078,2026-04-25T19:45:00Z,2026-04-25T21:45:00+0200,42.91,EUR/MWh,FR,FR,day_ahead_price,value,2026-05-23T19:12:02Z
2026-05-23T19:11:13Z,2026-05-23T21:11:13+0200,3f7e4d3d-8fdb-4ead-ba3f-db913921b078,2026-04-25T20:00:00Z,2026-04-25T22:00:00+0200,79.88,EUR/MWh,FR,FR,day_ahead_price,value,2026-05-23T19:12:02Z
2026-05-23T19:11:13Z,2026-05-23T21:11:13+0200,3f7e4d3d-8fdb-4ead-ba3f-db913921b078,2026-04-25T20:15:00Z,2026-04-25T22:15:00+0200,73.15,EUR/MWh,FR,FR,day_ahead_price,value,2026-05-23T19:12:02Z
2026-05-23T19:11:13Z,2026-05-23T21:11:13+0200,3f7e4d3d-8fdb-4ead-ba3f-db913921b078,2026-04-25T20:30:00Z,2026-04-25T22:30:00+0200,82.62,EUR/MWh,FR,FR,day_ahead_price,value,2026-05-23T19:12:02Z
2026-05-23T19:11:13Z,2026-05-23T21:11:13+0200,3f7e4d3d-8fdb-4ead-ba3f-db913921b078,2026-04-25T20:45:00Z,2026-04-25T22:45:00+0200,66.5,EUR/MWh,FR,FR,day_ahead_price,value,2026-05-23T19:12:02Z
2026-05-23T19:11:13Z,2026-05-23T21:11:13+0200,3f7e4d3d-8fdb-4ead-ba3f-db913921b078,2026-04-25T21:00:00Z,2026-04-25T23:00:00+0200,72.8,EUR/MWh,FR,FR,day_ahead_price,value,2026-05-23T19:12:02Z
2026-05-23T19:11:13Z,2026-05-23T21:11:13+0200,3f7e4d3d-8fdb-4ead-ba3f-db913921b078,2026-04-25T21:15:00Z,2026-04-25T23:15:00+0200,65.71,EUR/MWh,FR,FR,day_ahead_price,value,2026-05-23T19:12:02Z
2026-05-23T19:11:13Z,2026-05-23T21:11:13+0200,3f7e4d3d-8fdb-4ead-ba3f-db913921b078,2026-04-25T21:30:00Z,2026-04-25T23:30:00+0200,71.89,EUR/MWh,FR,FR,day_ahead_price,value,2026-05-23T19:12:02Z
2026-05-23T19:11:13Z,2026-05-23T21:11:13+0200,3f7e4d3d-8fdb-4ead-ba3f-db913921b078,2026-04-25T21:45:00Z,2026-04-25T23:45:00+0200,54.12,EUR/MWh,FR,FR,day_ahead_price,value,2026-05-23T19:12:02Z
2026-05-23T19:11:13Z,2026-05-23T21:11:13+0200,3f7e4d3d-8fdb-4ead-ba3f-db913921b078,2026-04-25T22:00:00Z,2026-04-26T00:00:00+0200,80.7,EUR/MWh,FR,FR,day_ahead_price,value,2026-05-23T19:12:02Z
2026-05-23T19:11:13Z,2026-05-23T21:11:13+0200,3f7e4d3d-8fdb-4ead-ba3f-db913921b078,2026-04-25T22:15:00Z,2026-04-26T00:15:00+0200,58.71,EUR/MWh,FR,FR,day_ahead_price,value,2026-05-23T19:12:02Z
2026-05-23T19:11:13Z,2026-05-23T21:11:13+0200,3f7e4d3d-8fdb-4ead-ba3f-db913921b078,2026-04-25T22:30:00Z,2026-04-26T00:30:00+0200,26.76,EUR/MWh,FR,FR,day_ahead_price,value,2026-05-23T19:12:02Z
2026-05-23T19:11:13Z,2026-05-23T21:11:13+0200,3f7e4d3d-8fdb-4ead-ba3f-db913921b078,2026-04-25T22:45:00Z,2026-04-26T00:45:00+0200,0.1,EUR/MWh,FR,FR,day_ahead_price,value,2026-05-23T19:12:02Z
2026-05-23T19:11:13Z,2026-05-23T21:11:13+0200,3f7e4d3d-8fdb-4ead-ba3f-db913921b078,2026-04-25T23:00:00Z,2026-04-26T01:00:00+0200,26.0,EUR/MWh,FR,FR,day_ahead_price,value,2026-05-23T19:12:02Z
2026-05-23T19:11:13Z,2026-05-23T21:11:13+0200,3f7e4d3d-8fdb-4ead-ba3f-db913921b078,2026-04-25T23:15:00Z,2026-04-26T01:15:00+0200,29.7,EUR/MWh,FR,FR,day_ahead_price,value,2026-05-23T19:12:02Z
2026-05-23T19:11:13Z,2026-05-23T21:11:13+0200,3f7e4d3d-8fdb-4ead-ba3f-db913921b078,2026-04-25T23:30:00Z,2026-04-26T01:30:00+0200,42.0,EUR/MWh,FR,FR,day_ahead_price,value,2026-05-23T19:12:02Z
2026-05-23T19:11:13Z,2026-05-23T21:11:13+0200,3f7e4d3d-8fdb-4ead-ba3f-db913921b078,2026-04-25T23:45:00Z,2026-04-26T01:45:00+0200,23.87,EUR/MWh,FR,FR,day_ahead_price,value,2026-05-23T19:12:02Z
2026-05-23T19:11:13Z,2026-05-23T21:11:13+0200,3f7e4d3d-8fdb-4ead-ba3f-db913921b078,2026-04-26T00:00:00Z,2026-04-26T02:00:00+0200,39.01,EUR/MWh,FR,FR,day_ahead_price,value,2026-05-23T19:12:02Z
2026-05-23T19:11:13Z,2026-05-23T21:11:13+0200,3f7e4d3d-8fdb-4ead-ba3f-db913921b078,2026-04-26T00:15:00Z,2026-04-26T02:15:00+0200,14.3,EUR/MWh,FR,FR,day_ahead_price,value,2026-05-23T19:12:02Z
2026-05-23T19:11:13Z,2026-05-23T21:11:13+0200,3f7e4d3d-8fdb-4ead-ba3f-db913921b078,2026-04-26T00:30:00Z,2026-04-26T02:30:00+0200,23.7,EUR/MWh,FR,FR,day_ahead_price,value,2026-05-23T19:12:02Z
2026-05-23T19:11:13Z,2026-05-23T21:11:13+0200,3f7e4d3d-8fdb-4ead-ba3f-db913921b078,2026-04-26T00:45:00Z,2026-04-26T02:45:00+0200,16.7,EUR/MWh,FR,FR,day_ahead_price,value,2026-05-23T19:12:02Z
2026-05-23T19:11:13Z,2026-05-23T21:11:13+0200,3f7e4d3d-8fdb-4ead-ba3f-db913921b078,2026-04-26T01:00:00Z,2026-04-26T03:00:00+0200,16.83,EUR/MWh,FR,FR,day_ahead_price,value,2026-05-23T19:12:02Z
2026-05-23T19:11:13Z,2026-05-23T21:11:13+0200,3f7e4d3d-8fdb-4ead-ba3f-db913921b078,2026-04-26T01:15:00Z,2026-04-26T03:15:00+0200,19.53,EUR/MWh,FR,FR,day_ahead_price,value,2026-05-23T19:12:02Z
2026-05-23T19:11:13Z,2026-05-23T21:11:13+0200,3f7e4d3d-8fdb-4ead-ba3f-db913921b078,2026-04-26T01:30:00Z,2026-04-26T03:30:00+0200,19.05,EUR/MWh,FR,FR,day_ahead_price,value,2026-05-23T19:12:02Z
2026-05-23T19:11:13Z,2026-05-23T21:11:13+0200,3f7e4d3d-8fdb-4ead-ba3f-db913921b078,2026-04-26T01:45:00Z,2026-04-26T03:45:00+0200,10.72,EUR/MWh,FR,FR,day_ahead_price,value,2026-05-23T19:12:02Z
2026-05-23T19:11:13Z,2026-05-23T21:11:13+0200,3f7e4d3d-8fdb-4ead-ba3f-db913921b078,2026-04-26T02:00:00Z,2026-04-26T04:00:00+0200,19.96,EUR/MWh,FR,FR,day_ahead_price,value,2026-05-23T19:12:02Z
2026-05-23T19:11:13Z,2026-05-23T21:11:13+0200,3f7e4d3d-8fdb-4ead-ba3f-db913921b078,2026-04-26T02:15:00Z,2026-04-26T04:15:00+0200,12.27,EUR/MWh,FR,FR,day_ahead_price,value,2026-05-23T19:12:02Z
2026-05-23T19:11:13Z,2026-05-23T21:11:13+0200,3f7e4d3d-8fdb-4ead-ba3f-db913921b078,2026-04-26T02:30:00Z,2026-04-26T04:30:00+0200,16.14,EUR/MWh,FR,FR,day_ahead_price,value,2026-05-23T19:12:02Z
2026-05-23T19:11:13Z,2026-05-23T21:11:13+0200,3f7e4d3d-8fdb-4ead-ba3f-db913921b078,2026-04-26T02:45:00Z,2026-04-26T04:45:00+0200,17.76,EUR/MWh,FR,FR,day_ahead_price,value,2026-05-23T19:12:02Z
2026-05-23T19:11:13Z,2026-05-23T21:11:13+0200,3f7e4d3d-8fdb-4ead-ba3f-db913921b078,2026-04-26T03:00:00Z,2026-04-26T05:00:00+0200,18.48,EUR/MWh,FR,FR,day_ahead_price,value,2026-05-23T19:12:02Z
2026-05-23T19:11:13Z,2026-05-23T21:11:13+0200,3f7e4d3d-8fdb-4ead-ba3f-db913921b078,2026-04-26T03:15:00Z,2026-04-26T05:15:00+0200,25.01,EUR/MWh,FR,FR,day_ahead_price,value,2026-05-23T19:12:02Z
2026-05-23T19:11:13Z,2026-05-23T21:11:13+0200,3f7e4d3d-8fdb-4ead-ba3f-db913921b078,2026-04-26T03:30:00Z,2026-04-26T05:30:00+0200,11.0,EUR/MWh,FR,FR,day_ahead_price,value,2026-05-23T19:12:02Z
2026-05-23T19:11:13Z,2026-05-23T21:11:13+0200,3f7e4d3d-8fdb-4ead-ba3f-db913921b078,2026-04-26T03:45:00Z,2026-04-26T05:45:00+0200,22.28,EUR/MWh,FR,FR,day_ahead_price,value,2026-05-23T19:12:02Z
2026-05-23T19:11:13Z,2026-05-23T21:11:13+0200,3f7e4d3d-8fdb-4ead-ba3f-db913921b078,2026-04-26T04:00:00Z,2026-04-26T06:00:00+0200,21.42,EUR/MWh,FR,FR,day_ahead_price,value,2026-05-23T19:12:02Z
2026-05-23T19:11:13Z,2026-05-23T21:11:13+0200,3f7e4d3d-8fdb-4ead-ba3f-db913921b078,2026-04-26T04:15:00Z,2026-04-26T06:15:00+0200,20.01,EUR/MWh,FR,FR,day_ahead_price,value,2026-05-23T19:12:02Z
2026-05-23T19:11:13Z,2026-05-23T21:11:13+0200,3f7e4d3d-8fdb-4ead-ba3f-db913921b078,2026-04-26T04:30:00Z,2026-04-26T06:30:00+0200,11.89,EUR/MWh,FR,FR,day_ahead_price,value,2026-05-23T19:12:02Z
2026-05-23T19:11:13Z,2026-05-23T21:11:13+0200,3f7e4d3d-8fdb-4ead-ba3f-db913921b078,2026-04-26T04:45:00Z,2026-04-26T06:45:00+0200,15.47,EUR/MWh,FR,FR,day_ahead_price,value,2026-05-23T19:12:02Z
2026-05-23T19:11:13Z,2026-05-23T21:11:13+0200,3f7e4d3d-8fdb-4ead-ba3f-db913921b078,2026-04-26T05:00:00Z,2026-04-26T07:00:00+0200,21.37,EUR/MWh,FR,FR,day_ahead_price,value,2026-05-23T19:12:02Z
2026-05-23T19:11:13Z,2026-05-23T21:11:13+0200,3f7e4d3d-8fdb-4ead-ba3f-db913921b078,2026-04-26T05:15:00Z,2026-04-26T07:15:00+0200,7.57,EUR/MWh,FR,FR,day_ahead_price,value,2026-05-23T19:12:02Z
2026-05-23T19:11:13Z,2026-05-23T21:11:13+0200,3f7e4d3d-8fdb-4ead-ba3f-db913921b078,2026-04-26T05:30:00Z,2026-04-26T07:30:00+0200,14.27,EUR/MWh,FR,FR,day_ahead_price,value,2026-05-23T19:12:02Z
2026-05-23T19:11:13Z,2026-05-23T21:11:13+0200,3f7e4d3d-8fdb-4ead-ba3f-db913921b078,2026-04-26T05:45:00Z,2026-04-26T07:45:00+0200,10.91,EUR/MWh,FR,FR,day_ahead_price,value,2026-05-23T19:12:02Z
2026-05-23T19:11:13Z,2026-05-23T21:11:13+0200,3f7e4d3d-8fdb-4ead-ba3f-db913921b078,2026-04-26T06:00:00Z,2026-04-26T08:00:00+0200,23.53,EUR/MWh,FR,FR,day_ahead_price,value,2026-05-23T19:12:02Z
2026-05-23T19:11:13Z,2026-05-23T21:11:13+0200,3f7e4d3d-8fdb-4ead-ba3f-db913921b078,2026-04-26T06:15:00Z,2026-04-26T08:15:00+0200,14.99,EUR/MWh,FR,FR,day_ahead_price,value,2026-05-23T19:12:02Z
2026-05-23T19:11:13Z,2026-05-23T21:11:13+0200,3f7e4d3d-8fdb-4ead-ba3f-db913921b078,2026-04-26T06:30:00Z,2026-04-26T08:30:00+0200,10.81,EUR/MWh,FR,FR,day_ahead_price,value,2026-05-23T19:12:02Z
2026-05-23T19:11:13Z,2026-05-23T21:11:13+0200,3f7e4d3d-8fdb-4ead-ba3f-db913921b078,2026-04-26T06:45:00Z,2026-04-26T08:45:00+0200,1.15,EUR/MWh,FR,FR,day_ahead_price,value,2026-05-23T19:12:02Z
2026-05-23T19:11:13Z,2026-05-23T21:11:13+0200,3f7e4d3d-8fdb-4ead-ba3f-db913921b078,2026-04-26T07:00:00Z,2026-04-26T09:00:00+0200,2.2,EUR/MWh,FR,FR,day_ahead_price,value,2026-05-23T19:12:02Z
2026-05-23T19:11:13Z,2026-05-23T21:11:13+0200,3f7e4d3d-8fdb-4ead-ba3f-db913921b078,2026-04-26T07:15:00Z,2026-04-26T09:15:00+0200,0.26,EUR/MWh,FR,FR,day_ahead_price,value,2026-05-23T19:12:02Z
2026-05-23T19:11:13Z,2026-05-23T21:11:13+0200,3f7e4d3d-8fdb-4ead-ba3f-db913921b078,2026-04-26T07:30:00Z,2026-04-26T09:30:00+0200,-0.05,EUR/MWh,FR,FR,day_ahead_price,value,2026-05-23T19:12:02Z
2026-05-23T19:11:13Z,2026-05-23T21:11:13+0200,3f7e4d3d-8fdb-4ead-ba3f-db913921b078,2026-04-26T07:45:00Z,2026-04-26T09:45:00+0200,-2.0,EUR/MWh,FR,FR,day_ahead_price,value,2026-05-23T19:12:02Z
2026-05-23T19:11:13Z,2026-05-23T21:11:13+0200,3f7e4d3d-8fdb-4ead-ba3f-db913921b078,2026-04-26T08:00:00Z,2026-04-26T10:00:00+0200,-5.01,EUR/MWh,FR,FR,day_ahead_price,value,2026-05-23T19:12:02Z
2026-05-23T19:11:13Z,2026-05-23T21:11:13+0200,3f7e4d3d-8fdb-4ead-ba3f-db913921b078,2026-04-26T08:15:00Z,2026-04-26T10:15:00+0200,-19.64,EUR/MWh,FR,FR,day_ahead_price,value,2026-05-23T19:12:02Z
2026-05-23T19:11:13Z,2026-05-23T21:11:13+0200,3f7e4d3d-8fdb-4ead-ba3f-db913921b078,2026-04-26T08:30:00Z,2026-04-26T10:30:00+0200,-38.0,EUR/MWh,FR,FR,day_ahead_price,value,2026-05-23T19:12:02Z
2026-05-23T19:11:13Z,2026-05-23T21:11:13+0200,3f7e4d3d-8fdb-4ead-ba3f-db913921b078,2026-04-26T08:45:00Z,2026-04-26T10:45:00+0200,-50.09,EUR/MWh,FR,FR,day_ahead_price,value,2026-05-23T19:12:02Z
2026-05-23T19:11:13Z,2026-05-23T21:11:13+0200,3f7e4d3d-8fdb-4ead-ba3f-db913921b078,2026-04-26T09:00:00Z,2026-04-26T11:00:00+0200,-72.0,EUR/MWh,FR,FR,day_ahead_price,value,2026-05-23T19:12:02Z
2026-05-23T19:11:13Z,2026-05-23T21:11:13+0200,3f7e4d3d-8fdb-4ead-ba3f-db913921b078,2026-04-26T09:15:00Z,2026-04-26T11:15:00+0200,-86.72,EUR/MWh,FR,FR,day_ahead_price,value,2026-05-23T19:12:02Z
2026-05-23T19:11:13Z,2026-05-23T21:11:13+0200,3f7e4d3d-8fdb-4ead-ba3f-db913921b078,2026-04-26T09:30:00Z,2026-04-26T11:30:00+0200,-136.4,EUR/MWh,FR,FR,day_ahead_price,value,2026-05-23T19:12:02Z
2026-05-23T19:11:13Z,2026-05-23T21:11:13+0200,3f7e4d3d-8fdb-4ead-ba3f-db913921b078,2026-04-26T09:45:00Z,2026-04-26T11:45:00+0200,-212.18,EUR/MWh,FR,FR,day_ahead_price,value,2026-05-23T19:12:02Z
2026-05-23T19:11:13Z,2026-05-23T21:11:13+0200,3f7e4d3d-8fdb-4ead-ba3f-db913921b078,2026-04-26T10:00:00Z,2026-04-26T12:00:00+0200,-213.03,EUR/MWh,FR,FR,day_ahead_price,value,2026-05-23T19:12:02Z
2026-05-23T19:11:13Z,2026-05-23T21:11:13+0200,3f7e4d3d-8fdb-4ead-ba3f-db913921b078,2026-04-26T10:15:00Z,2026-04-26T12:15:00+0200,-247.17,EUR/MWh,FR,FR,day_ahead_price,value,2026-05-23T19:12:02Z
2026-05-23T19:11:13Z,2026-05-23T21:11:13+0200,3f7e4d3d-8fdb-4ead-ba3f-db913921b078,2026-04-26T10:30:00Z,2026-04-26T12:30:00+0200,-255.56,EUR/MWh,FR,FR,day_ahead_price,value,2026-05-23T19:12:02Z
2026-05-23T19:11:13Z,2026-05-23T21:11:13+0200,3f7e4d3d-8fdb-4ead-ba3f-db913921b078,2026-04-26T10:45:00Z,2026-04-26T12:45:00+0200,-321.61,EUR/MWh,FR,FR,day_ahead_price,value,2026-05-23T19:12:02Z
2026-05-23T19:11:13Z,2026-05-23T21:11:13+0200,3f7e4d3d-8fdb-4ead-ba3f-db913921b078,2026-04-26T11:00:00Z,2026-04-26T13:00:00+0200,-359.36,EUR/MWh,FR,FR,day_ahead_price,value,2026-05-23T19:12:02Z
2026-05-23T19:11:13Z,2026-05-23T21:11:13+0200,3f7e4d3d-8fdb-4ead-ba3f-db913921b078,2026-04-26T11:15:00Z,2026-04-26T13:15:00+0200,-375.04,EUR/MWh,FR,FR,day_ahead_price,value,2026-05-23T19:12:02Z
2026-05-23T19:11:13Z,2026-05-23T21:11:13+0200,3f7e4d3d-8fdb-4ead-ba3f-db913921b078,2026-04-26T11:30:00Z,2026-04-26T13:30:00+0200,-450.01,EUR/MWh,FR,FR,day_ahead_price,value,2026-05-23T19:12:02Z
2026-05-23T19:11:13Z,2026-05-23T21:11:13+0200,3f7e4d3d-8fdb-4ead-ba3f-db913921b078,2026-04-26T11:45:00Z,2026-04-26T13:45:00+0200,-465.79,EUR/MWh,FR,FR,day_ahead_price,value,2026-05-23T19:12:02Z
2026-05-23T19:11:13Z,2026-05-23T21:11:13+0200,3f7e4d3d-8fdb-4ead-ba3f-db913921b078,2026-04-26T12:00:00Z,2026-04-26T14:00:00+0200,-478.8,EUR/MWh,FR,FR,day_ahead_price,value,2026-05-23T19:12:02Z
2026-05-23T19:11:13Z,2026-05-23T21:11:13+0200,3f7e4d3d-8fdb-4ead-ba3f-db913921b078,2026-04-26T12:15:00Z,2026-04-26T14:15:00+0200,-450.0,EUR/MWh,FR,FR,day_ahead_price,value,2026-05-23T19:12:02Z
2026-05-23T19:11:13Z,2026-05-23T21:11:13+0200,3f7e4d3d-8fdb-4ead-ba3f-db913921b078,2026-04-26T12:30:00Z,2026-04-26T14:30:00+0200,-391.88,EUR/MWh,FR,FR,day_ahead_price,value,2026-05-23T19:12:02Z
2026-05-23T19:11:13Z,2026-05-23T21:11:13+0200,3f7e4d3d-8fdb-4ead-ba3f-db913921b078,2026-04-26T12:45:00Z,2026-04-26T14:45:00+0200,-328.32,EUR/MWh,FR,FR,day_ahead_price,value,2026-05-23T19:12:02Z
2026-05-23T19:11:13Z,2026-05-23T21:11:13+0200,3f7e4d3d-8fdb-4ead-ba3f-db913921b078,2026-04-26T13:00:00Z,2026-04-26T15:00:00+0200,-319.19,EUR/MWh,FR,FR,day_ahead_price,value,2026-05-23T19:12:02Z
2026-05-23T19:11:13Z,2026-05-23T21:11:13+0200,3f7e4d3d-8fdb-4ead-ba3f-db913921b078,2026-04-26T13:15:00Z,2026-04-26T15:15:00+0200,-275.21,EUR/MWh,FR,FR,day_ahead_price,value,2026-05-23T19:12:02Z
2026-05-23T19:11:13Z,2026-05-23T21:11:13+0200,3f7e4d3d-8fdb-4ead-ba3f-db913921b078,2026-04-26T13:30:00Z,2026-04-26T15:30:00+0200,-224.54,EUR/MWh,FR,FR,day_ahead_price,value,2026-05-23T19:12:02Z
2026-05-23T19:11:13Z,2026-05-23T21:11:13+0200,3f7e4d3d-8fdb-4ead-ba3f-db913921b078,2026-04-26T13:45:00Z,2026-04-26T15:45:00+0200,-119.35,EUR/MWh,FR,FR,day_ahead_price,value,2026-05-23T19:12:02Z
2026-05-23T19:11:13Z,2026-05-23T21:11:13+0200,3f7e4d3d-8fdb-4ead-ba3f-db913921b078,2026-04-26T14:00:00Z,2026-04-26T16:00:00+0200,-88.33,EUR/MWh,FR,FR,day_ahead_price,value,2026-05-23T19:12:02Z
2026-05-23T19:11:13Z,2026-05-23T21:11:13+0200,3f7e4d3d-8fdb-4ead-ba3f-db913921b078,2026-04-26T14:15:00Z,2026-04-26T16:15:00+0200,-44.99,EUR/MWh,FR,FR,day_ahead_price,value,2026-05-23T19:12:02Z
2026-05-23T19:11:13Z,2026-05-23T21:11:13+0200,3f7e4d3d-8fdb-4ead-ba3f-db913921b078,2026-04-26T14:30:00Z,2026-04-26T16:30:00+0200,-12.0,EUR/MWh,FR,FR,day_ahead_price,value,2026-05-23T19:12:02Z
2026-05-23T19:11:13Z,2026-05-23T21:11:13+0200,3f7e4d3d-8fdb-4ead-ba3f-db913921b078,2026-04-26T14:45:00Z,2026-04-26T16:45:00+0200,-3.01,EUR/MWh,FR,FR,day_ahead_price,value,2026-05-23T19:12:02Z
2026-05-23T19:11:13Z,2026-05-23T21:11:13+0200,3f7e4d3d-8fdb-4ead-ba3f-db913921b078,2026-04-26T15:00:00Z,2026-04-26T17:00:00+0200,-2.1,EUR/MWh,FR,FR,day_ahead_price,value,2026-05-23T19:12:02Z
2026-05-23T19:11:13Z,2026-05-23T21:11:13+0200,3f7e4d3d-8fdb-4ead-ba3f-db913921b078,2026-04-26T15:15:00Z,2026-04-26T17:15:00+0200,-0.13,EUR/MWh,FR,FR,day_ahead_price,value,2026-05-23T19:12:02Z
2026-05-23T19:11:13Z,2026-05-23T21:11:13+0200,3f7e4d3d-8fdb-4ead-ba3f-db913921b078,2026-04-26T15:30:00Z,2026-04-26T17:30:00+0200,-0.01,EUR/MWh,FR,FR,day_ahead_price,value,2026-05-23T19:12:02Z
2026-05-23T19:11:13Z,2026-05-23T21:11:13+0200,3f7e4d3d-8fdb-4ead-ba3f-db913921b078,2026-04-26T15:45:00Z,2026-04-26T17:45:00+0200,2.23,EUR/MWh,FR,FR,day_ahead_price,value,2026-05-23T19:12:02Z
2026-05-23T19:11:13Z,2026-05-23T21:11:13+0200,3f7e4d3d-8fdb-4ead-ba3f-db913921b078,2026-04-26T16:00:00Z,2026-04-26T18:00:00+0200,1.9,EUR/MWh,FR,FR,day_ahead_price,value,2026-05-23T19:12:02Z
2026-05-23T19:11:13Z,2026-05-23T21:11:13+0200,3f7e4d3d-8fdb-4ead-ba3f-db913921b078,2026-04-26T16:15:00Z,2026-04-26T18:15:00+0200,6.5,EUR/MWh,FR,FR,day_ahead_price,value,2026-05-23T19:12:02Z
2026-05-23T19:11:13Z,2026-05-23T21:11:13+0200,3f7e4d3d-8fdb-4ead-ba3f-db913921b078,2026-04-26T16:30:00Z,2026-04-26T18:30:00+0200,10.43,EUR/MWh,FR,FR,day_ahead_price,value,2026-05-23T19:12:02Z
2026-05-23T19:11:13Z,2026-05-23T21:11:13+0200,3f7e4d3d-8fdb-4ead-ba3f-db913921b078,2026-04-26T16:45:00Z,2026-04-26T18:45:00+0200,15.98,EUR/MWh,FR,FR,day_ahead_price,value,2026-05-23T19:12:02Z
2026-05-23T19:11:13Z,2026-05-23T21:11:13+0200,3f7e4d3d-8fdb-4ead-ba3f-db913921b078,2026-04-26T17:00:00Z,2026-04-26T19:00:00+0200,10.71,EUR/MWh,FR,FR,day_ahead_price,value,2026-05-23T19:12:02Z
2026-05-23T19:11:13Z,2026-05-23T21:11:13+0200,3f7e4d3d-8fdb-4ead-ba3f-db913921b078,2026-04-26T17:15:00Z,2026-04-26T19:15:00+0200,24.9,EUR/MWh,FR,FR,day_ahead_price,value,2026-05-23T19:12:02Z
2026-05-23T19:11:13Z,2026-05-23T21:11:13+0200,3f7e4d3d-8fdb-4ead-ba3f-db913921b078,2026-04-26T17:30:00Z,2026-04-26T19:30:00+0200,40.0,EUR/MWh,FR,FR,day_ahead_price,value,2026-05-23T19:12:02Z
2026-05-23T19:11:13Z,2026-05-23T21:11:13+0200,3f7e4d3d-8fdb-4ead-ba3f-db913921b078,2026-04-26T17:45:00Z,2026-04-26T19:45:00+0200,49.61,EUR/MWh,FR,FR,day_ahead_price,value,2026-05-23T19:12:02Z
2026-05-23T19:11:13Z,2026-05-23T21:11:13+0200,3f7e4d3d-8fdb-4ead-ba3f-db913921b078,2026-04-26T18:00:00Z,2026-04-26T20:00:00+0200,47.7,EUR/MWh,FR,FR,day_ahead_price,value,2026-05-23T19:12:02Z
2026-05-23T19:11:13Z,2026-05-23T21:11:13+0200,3f7e4d3d-8fdb-4ead-ba3f-db913921b078,2026-04-26T18:15:00Z,2026-04-26T20:15:00+0200,41.65,EUR/MWh,FR,FR,day_ahead_price,value,2026-05-23T19:12:02Z
2026-05-23T19:11:13Z,2026-05-23T21:11:13+0200,3f7e4d3d-8fdb-4ead-ba3f-db913921b078,2026-04-26T18:30:00Z,2026-04-26T20:30:00+0200,42.02,EUR/MWh,FR,FR,day_ahead_price,value,2026-05-23T19:12:02Z
2026-05-23T19:11:13Z,2026-05-23T21:11:13+0200,3f7e4d3d-8fdb-4ead-ba3f-db913921b078,2026-04-26T18:45:00Z,2026-04-26T20:45:00+0200,40.82,EUR/MWh,FR,FR,day_ahead_price,value,2026-05-23T19:12:02Z
2026-05-23T19:11:13Z,2026-05-23T21:11:13+0200,3f7e4d3d-8fdb-4ead-ba3f-db913921b078,2026-04-26T19:00:00Z,2026-04-26T21:00:00+0200,93.61,EUR/MWh,FR,FR,day_ahead_price,value,2026-05-23T19:12:02Z
2026-05-23T19:11:13Z,2026-05-23T21:11:13+0200,3f7e4d3d-8fdb-4ead-ba3f-db913921b078,2026-04-26T19:15:00Z,2026-04-26T21:15:00+0200,94.8,EUR/MWh,FR,FR,day_ahead_price,value,2026-05-23T19:12:02Z
2026-05-23T19:11:13Z,2026-05-23T21:11:13+0200,3f7e4d3d-8fdb-4ead-ba3f-db913921b078,2026-04-26T19:30:00Z,2026-04-26T21:30:00+0200,94.8,EUR/MWh,FR,FR,day_ahead_price,value,2026-05-23T19:12:02Z
2026-05-23T19:11:13Z,2026-05-23T21:11:13+0200,3f7e4d3d-8fdb-4ead-ba3f-db913921b078,2026-04-26T19:45:00Z,2026-04-26T21:45:00+0200,36.0,EUR/MWh,FR,FR,day_ahead_price,value,2026-05-23T19:12:02Z
2026-05-23T19:11:13Z,2026-05-23T21:11:13+0200,3f7e4d3d-8fdb-4ead-ba3f-db913921b078,2026-04-26T20:00:00Z,2026-04-26T22:00:00+0200,98.55,EUR/MWh,FR,FR,day_ahead_price,value,2026-05-23T19:12:02Z
2026-05-23T19:11:13Z,2026-05-23T21:11:13+0200,3f7e4d3d-8fdb-4ead-ba3f-db913921b078,2026-04-26T20:15:00Z,2026-04-26T22:15:00+0200,95.69,EUR/MWh,FR,FR,day_ahead_price,value,2026-05-23T19:12:02Z
2026-05-23T19:11:13Z,2026-05-23T21:11:13+0200,3f7e4d3d-8fdb-4ead-ba3f-db913921b078,2026-04-26T20:30:00Z,2026-04-26T22:30:00+0200,95.69,EUR/MWh,FR,FR,day_ahead_price,value,2026-05-23T19:12:02Z
2026-05-23T19:11:13Z,2026-05-23T21:11:13+0200,3f7e4d3d-8fdb-4ead-ba3f-db913921b078,2026-04-26T20:45:00Z,2026-04-26T22:45:00+0200,90.38,EUR/MWh,FR,FR,day_ahead_price,value,2026-05-23T19:12:02Z
2026-05-23T19:11:13Z,2026-05-23T21:11:13+0200,3f7e4d3d-8fdb-4ead-ba3f-db913921b078,2026-04-26T21:00:00Z,2026-04-26T23:00:00+0200,86.88,EUR/MWh,FR,FR,day_ahead_price,value,2026-05-23T19:12:02Z
2026-05-23T19:11:13Z,2026-05-23T21:11:13+0200,3f7e4d3d-8fdb-4ead-ba3f-db913921b078,2026-04-26T21:15:00Z,2026-04-26T23:15:00+0200,81.5,EUR/MWh,FR,FR,day_ahead_price,value,2026-05-23T19:12:02Z
2026-05-23T19:11:13Z,2026-05-23T21:11:13+0200,3f7e4d3d-8fdb-4ead-ba3f-db913921b078,2026-04-26T21:30:00Z,2026-04-26T23:30:00+0200,80.78,EUR/MWh,FR,FR,day_ahead_price,value,2026-05-23T19:12:02Z
2026-05-23T19:11:13Z,2026-05-23T21:11:13+0200,3f7e4d3d-8fdb-4ead-ba3f-db913921b078,2026-04-26T21:45:00Z,2026-04-26T23:45:00+0200,78.04,EUR/MWh,FR,FR,day_ahead_price,value,2026-05-23T19:12:02Z
2026-05-23T19:11:13Z,2026-05-23T21:11:13+0200,3f7e4d3d-8fdb-4ead-ba3f-db913921b078,2026-04-26T22:00:00Z,2026-04-27T00:00:00+0200,84.99,EUR/MWh,FR,FR,day_ahead_price,value,2026-05-23T19:12:02Z
2026-05-23T19:11:13Z,2026-05-23T21:11:13+0200,3f7e4d3d-8fdb-4ead-ba3f-db913921b078,2026-04-26T22:15:00Z,2026-04-27T00:15:00+0200,63.96,EUR/MWh,FR,FR,day_ahead_price,value,2026-05-23T19:12:02Z
2026-05-23T19:11:13Z,2026-05-23T21:11:13+0200,3f7e4d3d-8fdb-4ead-ba3f-db913921b078,2026-04-26T22:30:00Z,2026-04-27T00:30:00+0200,39.2,EUR/MWh,FR,FR,day_ahead_price,value,2026-05-23T19:12:02Z
2026-05-23T19:11:13Z,2026-05-23T21:11:13+0200,3f7e4d3d-8fdb-4ead-ba3f-db913921b078,2026-04-26T22:45:00Z,2026-04-27T00:45:00+0200,10.51,EUR/MWh,FR,FR,day_ahead_price,value,2026-05-23T19:12:02Z
2026-05-23T19:11:13Z,2026-05-23T21:11:13+0200,3f7e4d3d-8fdb-4ead-ba3f-db913921b078,2026-04-26T23:00:00Z,2026-04-27T01:00:00+0200,47.48,EUR/MWh,FR,FR,day_ahead_price,value,2026-05-23T19:12:02Z
2026-05-23T19:11:13Z,2026-05-23T21:11:13+0200,3f7e4d3d-8fdb-4ead-ba3f-db913921b078,2026-04-26T23:15:00Z,2026-04-27T01:15:00+0200,37.55,EUR/MWh,FR,FR,day_ahead_price,value,2026-05-23T19:12:02Z
2026-05-23T19:11:13Z,2026-05-23T21:11:13+0200,3f7e4d3d-8fdb-4ead-ba3f-db913921b078,2026-04-26T23:30:00Z,2026-04-27T01:30:00+0200,59.78,EUR/MWh,FR,FR,day_ahead_price,value,2026-05-23T19:12:02Z
2026-05-23T19:11:13Z,2026-05-23T21:11:13+0200,3f7e4d3d-8fdb-4ead-ba3f-db913921b078,2026-04-26T23:45:00Z,2026-04-27T01:45:00+0200,27.65,EUR/MWh,FR,FR,day_ahead_price,value,2026-05-23T19:12:02Z
2026-05-23T19:11:13Z,2026-05-23T21:11:13+0200,3f7e4d3d-8fdb-4ead-ba3f-db913921b078,2026-04-27T00:00:00Z,2026-04-27T02:00:00+0200,40.62,EUR/MWh,FR,FR,day_ahead_price,value,2026-05-23T19:12:02Z
2026-05-23T19:11:13Z,2026-05-23T21:11:13+0200,3f7e4d3d-8fdb-4ead-ba3f-db913921b078,2026-04-27T00:15:00Z,2026-04-27T02:15:00+0200,46.75,EUR/MWh,FR,FR,day_ahead_price,value,2026-05-23T19:12:02Z
2026-05-23T19:11:13Z,2026-05-23T21:11:13+0200,3f7e4d3d-8fdb-4ead-ba3f-db913921b078,2026-04-27T00:30:00Z,2026-04-27T02:30:00+0200,33.86,EUR/MWh,FR,FR,day_ahead_price,value,2026-05-23T19:12:02Z
2026-05-23T19:11:13Z,2026-05-23T21:11:13+0200,3f7e4d3d-8fdb-4ead-ba3f-db913921b078,2026-04-27T00:45:00Z,2026-04-27T02:45:00+0200,15.56,EUR/MWh,FR,FR,day_ahead_price,value,2026-05-23T19:12:02Z
2026-05-23T19:11:13Z,2026-05-23T21:11:13+0200,3f7e4d3d-8fdb-4ead-ba3f-db913921b078,2026-04-27T01:00:00Z,2026-04-27T03:00:00+0200,36.56,EUR/MWh,FR,FR,day_ahead_price,value,2026-05-23T19:12:02Z
2026-05-23T19:11:13Z,2026-05-23T21:11:13+0200,3f7e4d3d-8fdb-4ead-ba3f-db913921b078,2026-04-27T01:15:00Z,2026-04-27T03:15:00+0200,23.38,EUR/MWh,FR,FR,day_ahead_price,value,2026-05-23T19:12:02Z
2026-05-23T19:11:13Z,2026-05-23T21:11:13+0200,3f7e4d3d-8fdb-4ead-ba3f-db913921b078,2026-04-27T01:30:00Z,2026-04-27T03:30:00+0200,16.35,EUR/MWh,FR,FR,day_ahead_price,value,2026-05-23T19:12:02Z
2026-05-23T19:11:13Z,2026-05-23T21:11:13+0200,3f7e4d3d-8fdb-4ead-ba3f-db913921b078,2026-04-27T01:45:00Z,2026-04-27T03:45:00+0200,18.07,EUR/MWh,FR,FR,day_ahead_price,value,2026-05-23T19:12:02Z
2026-05-23T19:11:13Z,2026-05-23T21:11:13+0200,3f7e4d3d-8fdb-4ead-ba3f-db913921b078,2026-04-27T02:00:00Z,2026-04-27T04:00:00+0200,19.99,EUR/MWh,FR,FR,day_ahead_price,value,2026-05-23T19:12:02Z
2026-05-23T19:11:13Z,2026-05-23T21:11:13+0200,3f7e4d3d-8fdb-4ead-ba3f-db913921b078,2026-04-27T02:15:00Z,2026-04-27T04:15:00+0200,27.02,EUR/MWh,FR,FR,day_ahead_price,value,2026-05-23T19:12:02Z
2026-05-23T19:11:13Z,2026-05-23T21:11:13+0200,3f7e4d3d-8fdb-4ead-ba3f-db913921b078,2026-04-27T02:30:00Z,2026-04-27T04:30:00+0200,24.48,EUR/MWh,FR,FR,day_ahead_price,value,2026-05-23T19:12:02Z
2026-05-23T19:11:13Z,2026-05-23T21:11:13+0200,3f7e4d3d-8fdb-4ead-ba3f-db913921b078,2026-04-27T02:45:00Z,2026-04-27T04:45:00+0200,35.32,EUR/MWh,FR,FR,day_ahead_price,value,2026-05-23T19:12:02Z
2026-05-23T19:11:13Z,2026-05-23T21:11:13+0200,3f7e4d3d-8fdb-4ead-ba3f-db913921b078,2026-04-27T03:00:00Z,2026-04-27T05:00:00+0200,54.94,EUR/MWh,FR,FR,day_ahead_price,value,2026-05-23T19:12:02Z
2026-05-23T19:11:13Z,2026-05-23T21:11:13+0200,3f7e4d3d-8fdb-4ead-ba3f-db913921b078,2026-04-27T03:15:00Z,2026-04-27T05:15:00+0200,52.05,EUR/MWh,FR,FR,day_ahead_price,value,2026-05-23T19:12:02Z
2026-05-23T19:11:13Z,2026-05-23T21:11:13+0200,3f7e4d3d-8fdb-4ead-ba3f-db913921b078,2026-04-27T03:30:00Z,2026-04-27T05:30:00+0200,78.04,EUR/MWh,FR,FR,day_ahead_price,value,2026-05-23T19:12:02Z
2026-05-23T19:11:13Z,2026-05-23T21:11:13+0200,3f7e4d3d-8fdb-4ead-ba3f-db913921b078,2026-04-27T03:45:00Z,2026-04-27T05:45:00+0200,80.34,EUR/MWh,FR,FR,day_ahead_price,value,2026-05-23T19:12:02Z
2026-05-23T19:11:13Z,2026-05-23T21:11:13+0200,3f7e4d3d-8fdb-4ead-ba3f-db913921b078,2026-04-27T04:00:00Z,2026-04-27T06:00:00+0200,85.78,EUR/MWh,FR,FR,day_ahead_price,value,2026-05-23T19:12:02Z
2026-05-23T19:11:13Z,2026-05-23T21:11:13+0200,3f7e4d3d-8fdb-4ead-ba3f-db913921b078,2026-04-27T04:15:00Z,2026-04-27T06:15:00+0200,87.0,EUR/MWh,FR,FR,day_ahead_price,value,2026-05-23T19:12:02Z
2026-05-23T19:11:13Z,2026-05-23T21:11:13+0200,3f7e4d3d-8fdb-4ead-ba3f-db913921b078,2026-04-27T04:30:00Z,2026-04-27T06:30:00+0200,90.38,EUR/MWh,FR,FR,day_ahead_price,value,2026-05-23T19:12:02Z
2026-05-23T19:11:13Z,2026-05-23T21:11:13+0200,3f7e4d3d-8fdb-4ead-ba3f-db913921b078,2026-04-27T04:45:00Z,2026-04-27T06:45:00+0200,94.64,EUR/MWh,FR,FR,day_ahead_price,value,2026-05-23T19:12:02Z
2026-05-23T19:11:13Z,2026-05-23T21:11:13+0200,3f7e4d3d-8fdb-4ead-ba3f-db913921b078,2026-04-27T05:00:00Z,2026-04-27T07:00:00+0200,94.64,EUR/MWh,FR,FR,day_ahead_price,value,2026-05-23T19:12:02Z
2026-05-23T19:11:13Z,2026-05-23T21:11:13+0200,3f7e4d3d-8fdb-4ead-ba3f-db913921b078,2026-04-27T05:15:00Z,2026-04-27T07:15:00+0200,101.97,EUR/MWh,FR,FR,day_ahead_price,value,2026-05-23T19:12:02Z
2026-05-23T19:11:13Z,2026-05-23T21:11:13+0200,3f7e4d3d-8fdb-4ead-ba3f-db913921b078,2026-04-27T05:30:00Z,2026-04-27T07:30:00+0200,103.02,EUR/MWh,FR,FR,day_ahead_price,value,2026-05-23T19:12:02Z
2026-05-23T19:11:13Z,2026-05-23T21:11:13+0200,3f7e4d3d-8fdb-4ead-ba3f-db913921b078,2026-04-27T05:45:00Z,2026-04-27T07:45:00+0200,100.0,EUR/MWh,FR,FR,day_ahead_price,value,2026-05-23T19:12:02Z
2026-05-23T19:11:13Z,2026-05-23T21:11:13+0200,3f7e4d3d-8fdb-4ead-ba3f-db913921b078,2026-04-27T06:00:00Z,2026-04-27T08:00:00+0200,107.84,EUR/MWh,FR,FR,day_ahead_price,value,2026-05-23T19:12:02Z
2026-05-23T19:11:13Z,2026-05-23T21:11:13+0200,3f7e4d3d-8fdb-4ead-ba3f-db913921b078,2026-04-27T06:15:00Z,2026-04-27T08:15:00+0200,94.64,EUR/MWh,FR,FR,day_ahead_price,value,2026-05-23T19:12:02Z
2026-05-23T19:11:13Z,2026-05-23T21:11:13+0200,3f7e4d3d-8fdb-4ead-ba3f-db913921b078,2026-04-27T06:30:00Z,2026-04-27T08:30:00+0200,82.68,EUR/MWh,FR,FR,day_ahead_price,value,2026-05-23T19:12:02Z
2026-05-23T19:11:13Z,2026-05-23T21:11:13+0200,3f7e4d3d-8fdb-4ead-ba3f-db913921b078,2026-04-27T06:45:00Z,2026-04-27T08:45:00+0200,45.49,EUR/MWh,FR,FR,day_ahead_price,value,2026-05-23T19:12:02Z
2026-05-23T19:11:13Z,2026-05-23T21:11:13+0200,3f7e4d3d-8fdb-4ead-ba3f-db913921b078,2026-04-27T07:00:00Z,2026-04-27T09:00:00+0200,46.02,EUR/MWh,FR,FR,day_ahead_price,value,2026-05-23T19:12:02Z
2026-05-23T19:11:13Z,2026-05-23T21:11:13+0200,3f7e4d3d-8fdb-4ead-ba3f-db913921b078,2026-04-27T07:15:00Z,2026-04-27T09:15:00+0200,35.3,EUR/MWh,FR,FR,day_ahead_price,value,2026-05-23T19:12:02Z
2026-05-23T19:11:13Z,2026-05-23T21:11:13+0200,3f7e4d3d-8fdb-4ead-ba3f-db913921b078,2026-04-27T07:30:00Z,2026-04-27T09:30:00+0200,14.79,EUR/MWh,FR,FR,day_ahead_price,value,2026-05-23T19:12:02Z
2026-05-23T19:11:13Z,2026-05-23T21:11:13+0200,3f7e4d3d-8fdb-4ead-ba3f-db913921b078,2026-04-27T07:45:00Z,2026-04-27T09:45:00+0200,3.08,EUR/MWh,FR,FR,day_ahead_price,value,2026-05-23T19:12:02Z
2026-05-23T19:11:13Z,2026-05-23T21:11:13+0200,3f7e4d3d-8fdb-4ead-ba3f-db913921b078,2026-04-27T08:00:00Z,2026-04-27T10:00:00+0200,17.74,EUR/MWh,FR,FR,day_ahead_price,value,2026-05-23T19:12:02Z
2026-05-23T19:11:13Z,2026-05-23T21:11:13+0200,3f7e4d3d-8fdb-4ead-ba3f-db913921b078,2026-04-27T08:15:00Z,2026-04-27T10:15:00+0200,1.0,EUR/MWh,FR,FR,day_ahead_price,value,2026-05-23T19:12:02Z
2026-05-23T19:11:13Z,2026-05-23T21:11:13+0200,3f7e4d3d-8fdb-4ead-ba3f-db913921b078,2026-04-27T08:30:00Z,2026-04-27T10:30:00+0200,0.01,EUR/MWh,FR,FR,day_ahead_price,value,2026-05-23T19:12:02Z
2026-05-23T19:11:13Z,2026-05-23T21:11:13+0200,3f7e4d3d-8fdb-4ead-ba3f-db913921b078,2026-04-27T08:45:00Z,2026-04-27T10:45:00+0200,0.0,EUR/MWh,FR,FR,day_ahead_price,value,2026-05-23T19:12:02Z
2026-05-23T19:11:13Z,2026-05-23T21:11:13+0200,3f7e4d3d-8fdb-4ead-ba3f-db913921b078,2026-04-27T09:00:00Z,2026-04-27T11:00:00+0200,0.0,EUR/MWh,FR,FR,day_ahead_price,value,2026-05-23T19:12:02Z
2026-05-23T19:11:13Z,2026-05-23T21:11:13+0200,3f7e4d3d-8fdb-4ead-ba3f-db913921b078,2026-04-27T09:15:00Z,2026-04-27T11:15:00+0200,0.0,EUR/MWh,FR,FR,day_ahead_price,value,2026-05-23T19:12:02Z
2026-05-23T19:11:13Z,2026-05-23T21:11:13+0200,3f7e4d3d-8fdb-4ead-ba3f-db913921b078,2026-04-27T09:30:00Z,2026-04-27T11:30:00+0200,-0.01,EUR/MWh,FR,FR,day_ahead_price,value,2026-05-23T19:12:02Z
2026-05-23T19:11:13Z,2026-05-23T21:11:13+0200,3f7e4d3d-8fdb-4ead-ba3f-db913921b078,2026-04-27T09:45:00Z,2026-04-27T11:45:00+0200,-0.02,EUR/MWh,FR,FR,day_ahead_price,value,2026-05-23T19:12:02Z
2026-05-23T19:11:13Z,2026-05-23T21:11:13+0200,3f7e4d3d-8fdb-4ead-ba3f-db913921b078,2026-04-27T10:00:00Z,2026-04-27T12:00:00+0200,-0.01,EUR/MWh,FR,FR,day_ahead_price,value,2026-05-23T19:12:02Z
2026-05-23T19:11:13Z,2026-05-23T21:11:13+0200,3f7e4d3d-8fdb-4ead-ba3f-db913921b078,2026-04-27T10:15:00Z,2026-04-27T12:15:00+0200,-0.05,EUR/MWh,FR,FR,day_ahead_price,value,2026-05-23T19:12:02Z
2026-05-23T19:11:13Z,2026-05-23T21:11:13+0200,3f7e4d3d-8fdb-4ead-ba3f-db913921b078,2026-04-27T10:30:00Z,2026-04-27T12:30:00+0200,-0.1,EUR/MWh,FR,FR,day_ahead_price,value,2026-05-23T19:12:02Z
2026-05-23T19:11:13Z,2026-05-23T21:11:13+0200,3f7e4d3d-8fdb-4ead-ba3f-db913921b078,2026-04-27T10:45:00Z,2026-04-27T12:45:00+0200,-0.23,EUR/MWh,FR,FR,day_ahead_price,value,2026-05-23T19:12:02Z
2026-05-23T19:11:13Z,2026-05-23T21:11:13+0200,3f7e4d3d-8fdb-4ead-ba3f-db913921b078,2026-04-27T11:00:00Z,2026-04-27T13:00:00+0200,-0.5,EUR/MWh,FR,FR,day_ahead_price,value,2026-05-23T19:12:02Z
2026-05-23T19:11:13Z,2026-05-23T21:11:13+0200,3f7e4d3d-8fdb-4ead-ba3f-db913921b078,2026-04-27T11:15:00Z,2026-04-27T13:15:00+0200,-0.82,EUR/MWh,FR,FR,day_ahead_price,value,2026-05-23T19:12:02Z
2026-05-23T19:11:13Z,2026-05-23T21:11:13+0200,3f7e4d3d-8fdb-4ead-ba3f-db913921b078,2026-04-27T11:30:00Z,2026-04-27T13:30:00+0200,-1.0,EUR/MWh,FR,FR,day_ahead_price,value,2026-05-23T19:12:02Z
2026-05-23T19:11:13Z,2026-05-23T21:11:13+0200,3f7e4d3d-8fdb-4ead-ba3f-db913921b078,2026-04-27T11:45:00Z,2026-04-27T13:45:00+0200,-1.0,EUR/MWh,FR,FR,day_ahead_price,value,2026-05-23T19:12:02Z
2026-05-23T19:11:13Z,2026-05-23T21:11:13+0200,3f7e4d3d-8fdb-4ead-ba3f-db913921b078,2026-04-27T12:00:00Z,2026-04-27T14:00:00+0200,-0.5,EUR/MWh,FR,FR,day_ahead_price,value,2026-05-23T19:12:02Z
2026-05-23T19:11:13Z,2026-05-23T21:11:13+0200,3f7e4d3d-8fdb-4ead-ba3f-db913921b078,2026-04-27T12:15:00Z,2026-04-27T14:15:00+0200,-0.1,EUR/MWh,FR,FR,day_ahead_price,value,2026-05-23T19:12:02Z
2026-05-23T19:11:13Z,2026-05-23T21:11:13+0200,3f7e4d3d-8fdb-4ead-ba3f-db913921b078,2026-04-27T12:30:00Z,2026-04-27T14:30:00+0200,-0.05,EUR/MWh,FR,FR,day_ahead_price,value,2026-05-23T19:12:02Z
2026-05-23T19:11:13Z,2026-05-23T21:11:13+0200,3f7e4d3d-8fdb-4ead-ba3f-db913921b078,2026-04-27T12:45:00Z,2026-04-27T14:45:00+0200,0.0,EUR/MWh,FR,FR,day_ahead_price,value,2026-05-23T19:12:02Z
2026-05-23T19:11:13Z,2026-05-23T21:11:13+0200,3f7e4d3d-8fdb-4ead-ba3f-db913921b078,2026-04-27T13:00:00Z,2026-04-27T15:00:00+0200,-0.01,EUR/MWh,FR,FR,day_ahead_price,value,2026-05-23T19:12:02Z
2026-05-23T19:11:13Z,2026-05-23T21:11:13+0200,3f7e4d3d-8fdb-4ead-ba3f-db913921b078,2026-04-27T13:15:00Z,2026-04-27T15:15:00+0200,0.0,EUR/MWh,FR,FR,day_ahead_price,value,2026-05-23T19:12:02Z
2026-05-23T19:11:13Z,2026-05-23T21:11:13+0200,3f7e4d3d-8fdb-4ead-ba3f-db913921b078,2026-04-27T13:30:00Z,2026-04-27T15:30:00+0200,-0.01,EUR/MWh,FR,FR,day_ahead_price,value,2026-05-23T19:12:02Z
2026-05-23T19:11:13Z,2026-05-23T21:11:13+0200,3f7e4d3d-8fdb-4ead-ba3f-db913921b078,2026-04-27T13:45:00Z,2026-04-27T15:45:00+0200,-0.01,EUR/MWh,FR,FR,day_ahead_price,value,2026-05-23T19:12:02Z
2026-05-23T19:11:13Z,2026-05-23T21:11:13+0200,3f7e4d3d-8fdb-4ead-ba3f-db913921b078,2026-04-27T14:00:00Z,2026-04-27T16:00:00+0200,-0.11,EUR/MWh,FR,FR,day_ahead_price,value,2026-05-23T19:12:02Z
2026-05-23T19:11:13Z,2026-05-23T21:11:13+0200,3f7e4d3d-8fdb-4ead-ba3f-db913921b078,2026-04-27T14:15:00Z,2026-04-27T16:15:00+0200,-0.02,EUR/MWh,FR,FR,day_ahead_price,value,2026-05-23T19:12:02Z
2026-05-23T19:11:13Z,2026-05-23T21:11:13+0200,3f7e4d3d-8fdb-4ead-ba3f-db913921b078,2026-04-27T14:30:00Z,2026-04-27T16:30:00+0200,-0.01,EUR/MWh,FR,FR,day_ahead_price,value,2026-05-23T19:12:02Z
2026-05-23T19:11:13Z,2026-05-23T21:11:13+0200,3f7e4d3d-8fdb-4ead-ba3f-db913921b078,2026-04-27T14:45:00Z,2026-04-27T16:45:00+0200,0.13,EUR/MWh,FR,FR,day_ahead_price,value,2026-05-23T19:12:02Z
2026-05-23T19:11:13Z,2026-05-23T21:11:13+0200,3f7e4d3d-8fdb-4ead-ba3f-db913921b078,2026-04-27T15:00:00Z,2026-04-27T17:00:00+0200,0.0,EUR/MWh,FR,FR,day_ahead_price,value,2026-05-23T19:12:02Z
2026-05-23T19:11:13Z,2026-05-23T21:11:13+0200,3f7e4d3d-8fdb-4ead-ba3f-db913921b078,2026-04-27T15:15:00Z,2026-04-27T17:15:00+0200,2.99,EUR/MWh,FR,FR,day_ahead_price,value,2026-05-23T19:12:02Z
2026-05-23T19:11:13Z,2026-05-23T21:11:13+0200,3f7e4d3d-8fdb-4ead-ba3f-db913921b078,2026-04-27T15:30:00Z,2026-04-27T17:30:00+0200,8.48,EUR/MWh,FR,FR,day_ahead_price,value,2026-05-23T19:12:02Z
2026-05-23T19:11:13Z,2026-05-23T21:11:13+0200,3f7e4d3d-8fdb-4ead-ba3f-db913921b078,2026-04-27T15:45:00Z,2026-04-27T17:45:00+0200,17.2,EUR/MWh,FR,FR,day_ahead_price,value,2026-05-23T19:12:02Z
2026-05-23T19:11:13Z,2026-05-23T21:11:13+0200,3f7e4d3d-8fdb-4ead-ba3f-db913921b078,2026-04-27T16:00:00Z,2026-04-27T18:00:00+0200,7.76,EUR/MWh,FR,FR,day_ahead_price,value,2026-05-23T19:12:02Z
2026-05-23T19:11:13Z,2026-05-23T21:11:13+0200,3f7e4d3d-8fdb-4ead-ba3f-db913921b078,2026-04-27T16:15:00Z,2026-04-27T18:15:00+0200,21.1,EUR/MWh,FR,FR,day_ahead_price,value,2026-05-23T19:12:02Z
2026-05-23T19:11:13Z,2026-05-23T21:11:13+0200,3f7e4d3d-8fdb-4ead-ba3f-db913921b078,2026-04-27T16:30:00Z,2026-04-27T18:30:00+0200,44.63,EUR/MWh,FR,FR,day_ahead_price,value,2026-05-23T19:12:02Z
2026-05-23T19:11:13Z,2026-05-23T21:11:13+0200,3f7e4d3d-8fdb-4ead-ba3f-db913921b078,2026-04-27T16:45:00Z,2026-04-27T18:45:00+0200,40.3,EUR/MWh,FR,FR,day_ahead_price,value,2026-05-23T19:12:02Z
2026-05-23T19:11:13Z,2026-05-23T21:11:13+0200,3f7e4d3d-8fdb-4ead-ba3f-db913921b078,2026-04-27T17:00:00Z,2026-04-27T19:00:00+0200,40.02,EUR/MWh,FR,FR,day_ahead_price,value,2026-05-23T19:12:02Z
2026-05-23T19:11:13Z,2026-05-23T21:11:13+0200,3f7e4d3d-8fdb-4ead-ba3f-db913921b078,2026-04-27T17:15:00Z,2026-04-27T19:15:00+0200,50.0,EUR/MWh,FR,FR,day_ahead_price,value,2026-05-23T19:12:02Z
2026-05-23T19:11:13Z,2026-05-23T21:11:13+0200,3f7e4d3d-8fdb-4ead-ba3f-db913921b078,2026-04-27T17:30:00Z,2026-04-27T19:30:00+0200,78.04,EUR/MWh,FR,FR,day_ahead_price,value,2026-05-23T19:12:02Z
2026-05-23T19:11:13Z,2026-05-23T21:11:13+0200,3f7e4d3d-8fdb-4ead-ba3f-db913921b078,2026-04-27T17:45:00Z,2026-04-27T19:45:00+0200,87.34,EUR/MWh,FR,FR,day_ahead_price,value,2026-05-23T19:12:02Z
2026-05-23T19:11:13Z,2026-05-23T21:11:13+0200,3f7e4d3d-8fdb-4ead-ba3f-db913921b078,2026-04-27T18:00:00Z,2026-04-27T20:00:00+0200,78.04,EUR/MWh,FR,FR,day_ahead_price,value,2026-05-23T19:12:02Z
2026-05-23T19:11:13Z,2026-05-23T21:11:13+0200,3f7e4d3d-8fdb-4ead-ba3f-db913921b078,2026-04-27T18:15:00Z,2026-04-27T20:15:00+0200,84.2,EUR/MWh,FR,FR,day_ahead_price,value,2026-05-23T19:12:02Z
2026-05-23T19:11:13Z,2026-05-23T21:11:13+0200,3f7e4d3d-8fdb-4ead-ba3f-db913921b078,2026-04-27T18:30:00Z,2026-04-27T20:30:00+0200,65.99,EUR/MWh,FR,FR,day_ahead_price,value,2026-05-23T19:12:02Z
2026-05-23T19:11:13Z,2026-05-23T21:11:13+0200,3f7e4d3d-8fdb-4ead-ba3f-db913921b078,2026-04-27T18:45:00Z,2026-04-27T20:45:00+0200,62.22,EUR/MWh,FR,FR,day_ahead_price,value,2026-05-23T19:12:02Z
2026-05-23T19:11:13Z,2026-05-23T21:11:13+0200,3f7e4d3d-8fdb-4ead-ba3f-db913921b078,2026-04-27T19:00:00Z,2026-04-27T21:00:00+0200,92.12,EUR/MWh,FR,FR,day_ahead_price,value,2026-05-23T19:12:02Z
2026-05-23T19:11:13Z,2026-05-23T21:11:13+0200,3f7e4d3d-8fdb-4ead-ba3f-db913921b078,2026-04-27T19:15:00Z,2026-04-27T21:15:00+0200,77.69,EUR/MWh,FR,FR,day_ahead_price,value,2026-05-23T19:12:02Z
2026-05-23T19:11:13Z,2026-05-23T21:11:13+0200,3f7e4d3d-8fdb-4ead-ba3f-db913921b078,2026-04-27T19:30:00Z,2026-04-27T21:30:00+0200,56.93,EUR/MWh,FR,FR,day_ahead_price,value,2026-05-23T19:12:02Z
2026-05-23T19:11:13Z,2026-05-23T21:11:13+0200,3f7e4d3d-8fdb-4ead-ba3f-db913921b078,2026-04-27T19:45:00Z,2026-04-27T21:45:00+0200,24.26,EUR/MWh,FR,FR,day_ahead_price,value,2026-05-23T19:12:02Z
2026-05-23T19:11:13Z,2026-05-23T21:11:13+0200,3f7e4d3d-8fdb-4ead-ba3f-db913921b078,2026-04-27T20:00:00Z,2026-04-27T22:00:00+0200,69.98,EUR/MWh,FR,FR,day_ahead_price,value,2026-05-23T19:12:02Z
2026-05-23T19:11:13Z,2026-05-23T21:11:13+0200,3f7e4d3d-8fdb-4ead-ba3f-db913921b078,2026-04-27T20:15:00Z,2026-04-27T22:15:00+0200,46.69,EUR/MWh,FR,FR,day_ahead_price,value,2026-05-23T19:12:02Z
2026-05-23T19:11:13Z,2026-05-23T21:11:13+0200,3f7e4d3d-8fdb-4ead-ba3f-db913921b078,2026-04-27T20:30:00Z,2026-04-27T22:30:00+0200,85.78,EUR/MWh,FR,FR,day_ahead_price,value,2026-05-23T19:12:02Z
2026-05-23T19:11:13Z,2026-05-23T21:11:13+0200,3f7e4d3d-8fdb-4ead-ba3f-db913921b078,2026-04-27T20:45:00Z,2026-04-27T22:45:00+0200,59.55,EUR/MWh,FR,FR,day_ahead_price,value,2026-05-23T19:12:02Z
2026-05-23T19:11:13Z,2026-05-23T21:11:13+0200,3f7e4d3d-8fdb-4ead-ba3f-db913921b078,2026-04-27T21:00:00Z,2026-04-27T23:00:00+0200,39.7,EUR/MWh,FR,FR,day_ahead_price,value,2026-05-23T19:12:02Z
2026-05-23T19:11:13Z,2026-05-23T21:11:13+0200,3f7e4d3d-8fdb-4ead-ba3f-db913921b078,2026-04-27T21:15:00Z,2026-04-27T23:15:00+0200,24.0,EUR/MWh,FR,FR,day_ahead_price,value,2026-05-23T19:12:02Z
2026-05-23T19:11:13Z,2026-05-23T21:11:13+0200,3f7e4d3d-8fdb-4ead-ba3f-db913921b078,2026-04-27T21:30:00Z,2026-04-27T23:30:00+0200,63.26,EUR/MWh,FR,FR,day_ahead_price,value,2026-05-23T19:12:02Z
2026-05-23T19:11:13Z,2026-05-23T21:11:13+0200,3f7e4d3d-8fdb-4ead-ba3f-db913921b078,2026-04-27T21:45:00Z,2026-04-27T23:45:00+0200,39.08,EUR/MWh,FR,FR,day_ahead_price,value,2026-05-23T19:12:02Z
2026-05-23T19:11:13Z,2026-05-23T21:11:13+0200,3f7e4d3d-8fdb-4ead-ba3f-db913921b078,2026-04-27T22:00:00Z,2026-04-28T00:00:00+0200,87.57,EUR/MWh,FR,FR,day_ahead_price,value,2026-05-23T19:12:02Z
2026-05-23T19:11:13Z,2026-05-23T21:11:13+0200,3f7e4d3d-8fdb-4ead-ba3f-db913921b078,2026-04-27T22:15:00Z,2026-04-28T00:15:00+0200,84.26,EUR/MWh,FR,FR,day_ahead_price,value,2026-05-23T19:12:02Z
2026-05-23T19:11:13Z,2026-05-23T21:11:13+0200,3f7e4d3d-8fdb-4ead-ba3f-db913921b078,2026-04-27T22:30:00Z,2026-04-28T00:30:00+0200,38.06,EUR/MWh,FR,FR,day_ahead_price,value,2026-05-23T19:12:02Z
2026-05-23T19:11:13Z,2026-05-23T21:11:13+0200,3f7e4d3d-8fdb-4ead-ba3f-db913921b078,2026-04-27T22:45:00Z,2026-04-28T00:45:00+0200,26.26,EUR/MWh,FR,FR,day_ahead_price,value,2026-05-23T19:12:02Z
2026-05-23T19:11:13Z,2026-05-23T21:11:13+0200,3f7e4d3d-8fdb-4ead-ba3f-db913921b078,2026-04-27T23:00:00Z,2026-04-28T01:00:00+0200,61.22,EUR/MWh,FR,FR,day_ahead_price,value,2026-05-23T19:12:02Z
2026-05-23T19:11:13Z,2026-05-23T21:11:13+0200,3f7e4d3d-8fdb-4ead-ba3f-db913921b078,2026-04-27T23:15:00Z,2026-04-28T01:15:00+0200,36.78,EUR/MWh,FR,FR,day_ahead_price,value,2026-05-23T19:12:02Z
2026-05-23T19:11:13Z,2026-05-23T21:11:13+0200,3f7e4d3d-8fdb-4ead-ba3f-db913921b078,2026-04-27T23:30:00Z,2026-04-28T01:30:00+0200,41.65,EUR/MWh,FR,FR,day_ahead_price,value,2026-05-23T19:12:02Z
2026-05-23T19:11:13Z,2026-05-23T21:11:13+0200,3f7e4d3d-8fdb-4ead-ba3f-db913921b078,2026-04-27T23:45:00Z,2026-04-28T01:45:00+0200,19.21,EUR/MWh,FR,FR,day_ahead_price,value,2026-05-23T19:12:02Z
2026-05-23T19:11:13Z,2026-05-23T21:11:13+0200,3f7e4d3d-8fdb-4ead-ba3f-db913921b078,2026-04-28T00:00:00Z,2026-04-28T02:00:00+0200,38.07,EUR/MWh,FR,FR,day_ahead_price,value,2026-05-23T19:12:02Z
2026-05-23T19:11:13Z,2026-05-23T21:11:13+0200,3f7e4d3d-8fdb-4ead-ba3f-db913921b078,2026-04-28T00:15:00Z,2026-04-28T02:15:00+0200,22.01,EUR/MWh,FR,FR,day_ahead_price,value,2026-05-23T19:12:02Z
2026-05-23T19:11:13Z,2026-05-23T21:11:13+0200,3f7e4d3d-8fdb-4ead-ba3f-db913921b078,2026-04-28T00:30:00Z,2026-04-28T02:30:00+0200,27.99,EUR/MWh,FR,FR,day_ahead_price,value,2026-05-23T19:12:02Z
2026-05-23T19:11:13Z,2026-05-23T21:11:13+0200,3f7e4d3d-8fdb-4ead-ba3f-db913921b078,2026-04-28T00:45:00Z,2026-04-28T02:45:00+0200,21.31,EUR/MWh,FR,FR,day_ahead_price,value,2026-05-23T19:12:02Z
2026-05-23T19:11:13Z,2026-05-23T21:11:13+0200,3f7e4d3d-8fdb-4ead-ba3f-db913921b078,2026-04-28T01:00:00Z,2026-04-28T03:00:00+0200,24.01,EUR/MWh,FR,FR,day_ahead_price,value,2026-05-23T19:12:02Z
2026-05-23T19:11:13Z,2026-05-23T21:11:13+0200,3f7e4d3d-8fdb-4ead-ba3f-db913921b078,2026-04-28T01:15:00Z,2026-04-28T03:15:00+0200,22.07,EUR/MWh,FR,FR,day_ahead_price,value,2026-05-23T19:12:02Z
2026-05-23T19:11:13Z,2026-05-23T21:11:13+0200,3f7e4d3d-8fdb-4ead-ba3f-db913921b078,2026-04-28T01:30:00Z,2026-04-28T03:30:00+0200,28.12,EUR/MWh,FR,FR,day_ahead_price,value,2026-05-23T19:12:02Z
2026-05-23T19:11:13Z,2026-05-23T21:11:13+0200,3f7e4d3d-8fdb-4ead-ba3f-db913921b078,2026-04-28T01:45:00Z,2026-04-28T03:45:00+0200,19.75,EUR/MWh,FR,FR,day_ahead_price,value,2026-05-23T19:12:02Z
2026-05-23T19:11:13Z,2026-05-23T21:11:13+0200,3f7e4d3d-8fdb-4ead-ba3f-db913921b078,2026-04-28T02:00:00Z,2026-04-28T04:00:00+0200,27.43,EUR/MWh,FR,FR,day_ahead_price,value,2026-05-23T19:12:02Z
2026-05-23T19:11:13Z,2026-05-23T21:11:13+0200,3f7e4d3d-8fdb-4ead-ba3f-db913921b078,2026-04-28T02:15:00Z,2026-04-28T04:15:00+0200,23.08,EUR/MWh,FR,FR,day_ahead_price,value,2026-05-23T19:12:02Z
2026-05-23T19:11:13Z,2026-05-23T21:11:13+0200,3f7e4d3d-8fdb-4ead-ba3f-db913921b078,2026-04-28T02:30:00Z,2026-04-28T04:30:00+0200,14.67,EUR/MWh,FR,FR,day_ahead_price,value,2026-05-23T19:12:02Z
2026-05-23T19:11:13Z,2026-05-23T21:11:13+0200,3f7e4d3d-8fdb-4ead-ba3f-db913921b078,2026-04-28T02:45:00Z,2026-04-28T04:45:00+0200,15.4,EUR/MWh,FR,FR,day_ahead_price,value,2026-05-23T19:12:02Z
2026-05-23T19:11:13Z,2026-05-23T21:11:13+0200,3f7e4d3d-8fdb-4ead-ba3f-db913921b078,2026-04-28T03:00:00Z,2026-04-28T05:00:00+0200,8.9,EUR/MWh,FR,FR,day_ahead_price,value,2026-05-23T19:12:02Z
2026-05-23T19:11:13Z,2026-05-23T21:11:13+0200,3f7e4d3d-8fdb-4ead-ba3f-db913921b078,2026-04-28T03:15:00Z,2026-04-28T05:15:00+0200,15.01,EUR/MWh,FR,FR,day_ahead_price,value,2026-05-23T19:12:02Z
2026-05-23T19:11:13Z,2026-05-23T21:11:13+0200,3f7e4d3d-8fdb-4ead-ba3f-db913921b078,2026-04-28T03:30:00Z,2026-04-28T05:30:00+0200,20.77,EUR/MWh,FR,FR,day_ahead_price,value,2026-05-23T19:12:02Z
2026-05-23T19:11:13Z,2026-05-23T21:11:13+0200,3f7e4d3d-8fdb-4ead-ba3f-db913921b078,2026-04-28T03:45:00Z,2026-04-28T05:45:00+0200,27.75,EUR/MWh,FR,FR,day_ahead_price,value,2026-05-23T19:12:02Z
2026-05-23T19:11:13Z,2026-05-23T21:11:13+0200,3f7e4d3d-8fdb-4ead-ba3f-db913921b078,2026-04-28T04:00:00Z,2026-04-28T06:00:00+0200,28.13,EUR/MWh,FR,FR,day_ahead_price,value,2026-05-23T19:12:02Z
2026-05-23T19:11:13Z,2026-05-23T21:11:13+0200,3f7e4d3d-8fdb-4ead-ba3f-db913921b078,2026-04-28T04:15:00Z,2026-04-28T06:15:00+0200,17.01,EUR/MWh,FR,FR,day_ahead_price,value,2026-05-23T19:12:02Z
2026-05-23T19:11:13Z,2026-05-23T21:11:13+0200,3f7e4d3d-8fdb-4ead-ba3f-db913921b078,2026-04-28T04:30:00Z,2026-04-28T06:30:00+0200,-0.09,EUR/MWh,FR,FR,day_ahead_price,value,2026-05-23T19:12:02Z
2026-05-23T19:11:13Z,2026-05-23T21:11:13+0200,3f7e4d3d-8fdb-4ead-ba3f-db913921b078,2026-04-28T04:45:00Z,2026-04-28T06:45:00+0200,-0.11,EUR/MWh,FR,FR,day_ahead_price,value,2026-05-23T19:12:02Z
2026-05-23T19:11:13Z,2026-05-23T21:11:13+0200,3f7e4d3d-8fdb-4ead-ba3f-db913921b078,2026-04-28T05:00:00Z,2026-04-28T07:00:00+0200,13.46,EUR/MWh,FR,FR,day_ahead_price,value,2026-05-23T19:12:02Z
2026-05-23T19:11:13Z,2026-05-23T21:11:13+0200,3f7e4d3d-8fdb-4ead-ba3f-db913921b078,2026-04-28T05:15:00Z,2026-04-28T07:15:00+0200,12.02,EUR/MWh,FR,FR,day_ahead_price,value,2026-05-23T19:12:02Z
2026-05-23T19:11:13Z,2026-05-23T21:11:13+0200,3f7e4d3d-8fdb-4ead-ba3f-db913921b078,2026-04-28T05:30:00Z,2026-04-28T07:30:00+0200,28.64,EUR/MWh,FR,FR,day_ahead_price,value,2026-05-23T19:12:02Z
2026-05-23T19:11:13Z,2026-05-23T21:11:13+0200,3f7e4d3d-8fdb-4ead-ba3f-db913921b078,2026-04-28T05:45:00Z,2026-04-28T07:45:00+0200,41.4,EUR/MWh,FR,FR,day_ahead_price,value,2026-05-23T19:12:02Z
2026-05-23T19:11:13Z,2026-05-23T21:11:13+0200,3f7e4d3d-8fdb-4ead-ba3f-db913921b078,2026-04-28T06:00:00Z,2026-04-28T08:00:00+0200,83.0,EUR/MWh,FR,FR,day_ahead_price,value,2026-05-23T19:12:02Z
2026-05-23T19:11:13Z,2026-05-23T21:11:13+0200,3f7e4d3d-8fdb-4ead-ba3f-db913921b078,2026-04-28T06:15:00Z,2026-04-28T08:15:00+0200,56.9,EUR/MWh,FR,FR,day_ahead_price,value,2026-05-23T19:12:02Z
2026-05-23T19:11:13Z,2026-05-23T21:11:13+0200,3f7e4d3d-8fdb-4ead-ba3f-db913921b078,2026-04-28T06:30:00Z,2026-04-28T08:30:00+0200,85.36,EUR/MWh,FR,FR,day_ahead_price,value,2026-05-23T19:12:02Z
2026-05-23T19:11:13Z,2026-05-23T21:11:13+0200,3f7e4d3d-8fdb-4ead-ba3f-db913921b078,2026-04-28T06:45:00Z,2026-04-28T08:45:00+0200,54.74,EUR/MWh,FR,FR,day_ahead_price,value,2026-05-23T19:12:02Z
2026-05-23T19:11:13Z,2026-05-23T21:11:13+0200,3f7e4d3d-8fdb-4ead-ba3f-db913921b078,2026-04-28T07:00:00Z,2026-04-28T09:00:00+0200,88.02,EUR/MWh,FR,FR,day_ahead_price,value,2026-05-23T19:12:02Z
2026-05-23T19:11:13Z,2026-05-23T21:11:13+0200,3f7e4d3d-8fdb-4ead-ba3f-db913921b078,2026-04-28T07:15:00Z,2026-04-28T09:15:00+0200,66.67,EUR/MWh,FR,FR,day_ahead_price,value,2026-05-23T19:12:02Z
2026-05-23T19:11:13Z,2026-05-23T21:11:13+0200,3f7e4d3d-8fdb-4ead-ba3f-db913921b078,2026-04-28T07:30:00Z,2026-04-28T09:30:00+0200,21.1,EUR/MWh,FR,FR,day_ahead_price,value,2026-05-23T19:12:02Z
2026-05-23T19:11:13Z,2026-05-23T21:11:13+0200,3f7e4d3d-8fdb-4ead-ba3f-db913921b078,2026-04-28T07:45:00Z,2026-04-28T09:45:00+0200,0.07,EUR/MWh,FR,FR,day_ahead_price,value,2026-05-23T19:12:02Z
2026-05-23T19:11:13Z,2026-05-23T21:11:13+0200,3f7e4d3d-8fdb-4ead-ba3f-db913921b078,2026-04-28T08:00:00Z,2026-04-28T10:00:00+0200,27.36,EUR/MWh,FR,FR,day_ahead_price,value,2026-05-23T19:12:02Z
2026-05-23T19:11:13Z,2026-05-23T21:11:13+0200,3f7e4d3d-8fdb-4ead-ba3f-db913921b078,2026-04-28T08:15:00Z,2026-04-28T10:15:00+0200,5.22,EUR/MWh,FR,FR,day_ahead_price,value,2026-05-23T19:12:02Z
2026-05-23T19:11:13Z,2026-05-23T21:11:13+0200,3f7e4d3d-8fdb-4ead-ba3f-db913921b078,2026-04-28T08:30:00Z,2026-04-28T10:30:00+0200,5.41,EUR/MWh,FR,FR,day_ahead_price,value,2026-05-23T19:12:02Z
2026-05-23T19:11:13Z,2026-05-23T21:11:13+0200,3f7e4d3d-8fdb-4ead-ba3f-db913921b078,2026-04-28T08:45:00Z,2026-04-28T10:45:00+0200,0.0,EUR/MWh,FR,FR,day_ahead_price,value,2026-05-23T19:12:02Z
2026-05-23T19:11:13Z,2026-05-23T21:11:13+0200,3f7e4d3d-8fdb-4ead-ba3f-db913921b078,2026-04-28T09:00:00Z,2026-04-28T11:00:00+0200,0.12,EUR/MWh,FR,FR,day_ahead_price,value,2026-05-23T19:12:02Z
2026-05-23T19:11:13Z,2026-05-23T21:11:13+0200,3f7e4d3d-8fdb-4ead-ba3f-db913921b078,2026-04-28T09:15:00Z,2026-04-28T11:15:00+0200,0.0,EUR/MWh,FR,FR,day_ahead_price,value,2026-05-23T19:12:02Z
2026-05-23T19:11:13Z,2026-05-23T21:11:13+0200,3f7e4d3d-8fdb-4ead-ba3f-db913921b078,2026-04-28T09:30:00Z,2026-04-28T11:30:00+0200,-0.06,EUR/MWh,FR,FR,day_ahead_price,value,2026-05-23T19:12:02Z
2026-05-23T19:11:13Z,2026-05-23T21:11:13+0200,3f7e4d3d-8fdb-4ead-ba3f-db913921b078,2026-04-28T09:45:00Z,2026-04-28T11:45:00+0200,-0.1,EUR/MWh,FR,FR,day_ahead_price,value,2026-05-23T19:12:02Z
2026-05-23T19:11:13Z,2026-05-23T21:11:13+0200,3f7e4d3d-8fdb-4ead-ba3f-db913921b078,2026-04-28T10:00:00Z,2026-04-28T12:00:00+0200,-0.09,EUR/MWh,FR,FR,day_ahead_price,value,2026-05-23T19:12:02Z
2026-05-23T19:11:13Z,2026-05-23T21:11:13+0200,3f7e4d3d-8fdb-4ead-ba3f-db913921b078,2026-04-28T10:15:00Z,2026-04-28T12:15:00+0200,-0.11,EUR/MWh,FR,FR,day_ahead_price,value,2026-05-23T19:12:02Z
2026-05-23T19:11:13Z,2026-05-23T21:11:13+0200,3f7e4d3d-8fdb-4ead-ba3f-db913921b078,2026-04-28T10:30:00Z,2026-04-28T12:30:00+0200,-0.11,EUR/MWh,FR,FR,day_ahead_price,value,2026-05-23T19:12:02Z
2026-05-23T19:11:13Z,2026-05-23T21:11:13+0200,3f7e4d3d-8fdb-4ead-ba3f-db913921b078,2026-04-28T10:45:00Z,2026-04-28T12:45:00+0200,-3.86,EUR/MWh,FR,FR,day_ahead_price,value,2026-05-23T19:12:02Z
2026-05-23T19:11:13Z,2026-05-23T21:11:13+0200,3f7e4d3d-8fdb-4ead-ba3f-db913921b078,2026-04-28T11:00:00Z,2026-04-28T13:00:00+0200,-13.44,EUR/MWh,FR,FR,day_ahead_price,value,2026-05-23T19:12:02Z
2026-05-23T19:11:13Z,2026-05-23T21:11:13+0200,3f7e4d3d-8fdb-4ead-ba3f-db913921b078,2026-04-28T11:15:00Z,2026-04-28T13:15:00+0200,-17.31,EUR/MWh,FR,FR,day_ahead_price,value,2026-05-23T19:12:02Z
2026-05-23T19:11:13Z,2026-05-23T21:11:13+0200,3f7e4d3d-8fdb-4ead-ba3f-db913921b078,2026-04-28T11:30:00Z,2026-04-28T13:30:00+0200,-25.25,EUR/MWh,FR,FR,day_ahead_price,value,2026-05-23T19:12:02Z
2026-05-23T19:11:13Z,2026-05-23T21:11:13+0200,3f7e4d3d-8fdb-4ead-ba3f-db913921b078,2026-04-28T11:45:00Z,2026-04-28T13:45:00+0200,-30.01,EUR/MWh,FR,FR,day_ahead_price,value,2026-05-23T19:12:02Z
2026-05-23T19:11:13Z,2026-05-23T21:11:13+0200,3f7e4d3d-8fdb-4ead-ba3f-db913921b078,2026-04-28T12:00:00Z,2026-04-28T14:00:00+0200,-13.04,EUR/MWh,FR,FR,day_ahead_price,value,2026-05-23T19:12:02Z
2026-05-23T19:11:13Z,2026-05-23T21:11:13+0200,3f7e4d3d-8fdb-4ead-ba3f-db913921b078,2026-04-28T12:15:00Z,2026-04-28T14:15:00+0200,-12.53,EUR/MWh,FR,FR,day_ahead_price,value,2026-05-23T19:12:02Z
2026-05-23T19:11:13Z,2026-05-23T21:11:13+0200,3f7e4d3d-8fdb-4ead-ba3f-db913921b078,2026-04-28T12:30:00Z,2026-04-28T14:30:00+0200,-10.54,EUR/MWh,FR,FR,day_ahead_price,value,2026-05-23T19:12:02Z
2026-05-23T19:11:13Z,2026-05-23T21:11:13+0200,3f7e4d3d-8fdb-4ead-ba3f-db913921b078,2026-04-28T12:45:00Z,2026-04-28T14:45:00+0200,-5.1,EUR/MWh,FR,FR,day_ahead_price,value,2026-05-23T19:12:02Z
2026-05-23T19:11:13Z,2026-05-23T21:11:13+0200,3f7e4d3d-8fdb-4ead-ba3f-db913921b078,2026-04-28T13:00:00Z,2026-04-28T15:00:00+0200,-1.76,EUR/MWh,FR,FR,day_ahead_price,value,2026-05-23T19:12:02Z
2026-05-23T19:11:13Z,2026-05-23T21:11:13+0200,3f7e4d3d-8fdb-4ead-ba3f-db913921b078,2026-04-28T13:15:00Z,2026-04-28T15:15:00+0200,-1.7,EUR/MWh,FR,FR,day_ahead_price,value,2026-05-23T19:12:02Z
2026-05-23T19:11:13Z,2026-05-23T21:11:13+0200,3f7e4d3d-8fdb-4ead-ba3f-db913921b078,2026-04-28T13:30:00Z,2026-04-28T15:30:00+0200,-6.09,EUR/MWh,FR,FR,day_ahead_price,value,2026-05-23T19:12:02Z
2026-05-23T19:11:13Z,2026-05-23T21:11:13+0200,3f7e4d3d-8fdb-4ead-ba3f-db913921b078,2026-04-28T13:45:00Z,2026-04-28T15:45:00+0200,-0.13,EUR/MWh,FR,FR,day_ahead_price,value,2026-05-23T19:12:02Z
2026-05-23T19:11:13Z,2026-05-23T21:11:13+0200,3f7e4d3d-8fdb-4ead-ba3f-db913921b078,2026-04-28T14:00:00Z,2026-04-28T16:00:00+0200,-9.39,EUR/MWh,FR,FR,day_ahead_price,value,2026-05-23T19:12:02Z
2026-05-23T19:11:13Z,2026-05-23T21:11:13+0200,3f7e4d3d-8fdb-4ead-ba3f-db913921b078,2026-04-28T14:15:00Z,2026-04-28T16:15:00+0200,-0.11,EUR/MWh,FR,FR,day_ahead_price,value,2026-05-23T19:12:02Z
2026-05-23T19:11:13Z,2026-05-23T21:11:13+0200,3f7e4d3d-8fdb-4ead-ba3f-db913921b078,2026-04-28T14:30:00Z,2026-04-28T16:30:00+0200,-0.11,EUR/MWh,FR,FR,day_ahead_price,value,2026-05-23T19:12:02Z
2026-05-23T19:11:13Z,2026-05-23T21:11:13+0200,3f7e4d3d-8fdb-4ead-ba3f-db913921b078,2026-04-28T14:45:00Z,2026-04-28T16:45:00+0200,-0.01,EUR/MWh,FR,FR,day_ahead_price,value,2026-05-23T19:12:02Z
2026-05-23T19:11:13Z,2026-05-23T21:11:13+0200,3f7e4d3d-8fdb-4ead-ba3f-db913921b078,2026-04-28T15:00:00Z,2026-04-28T17:00:00+0200,-0.11,EUR/MWh,FR,FR,day_ahead_price,value,2026-05-23T19:12:02Z
2026-05-23T19:11:13Z,2026-05-23T21:11:13+0200,3f7e4d3d-8fdb-4ead-ba3f-db913921b078,2026-04-28T15:15:00Z,2026-04-28T17:15:00+0200,-0.05,EUR/MWh,FR,FR,day_ahead_price,value,2026-05-23T19:12:02Z
2026-05-23T19:11:13Z,2026-05-23T21:11:13+0200,3f7e4d3d-8fdb-4ead-ba3f-db913921b078,2026-04-28T15:30:00Z,2026-04-28T17:30:00+0200,0.0,EUR/MWh,FR,FR,day_ahead_price,value,2026-05-23T19:12:02Z
2026-05-23T19:11:13Z,2026-05-23T21:11:13+0200,3f7e4d3d-8fdb-4ead-ba3f-db913921b078,2026-04-28T15:45:00Z,2026-04-28T17:45:00+0200,0.14,EUR/MWh,FR,FR,day_ahead_price,value,2026-05-23T19:12:02Z
2026-05-23T19:11:13Z,2026-05-23T21:11:13+0200,3f7e4d3d-8fdb-4ead-ba3f-db913921b078,2026-04-28T16:00:00Z,2026-04-28T18:00:00+0200,19.51,EUR/MWh,FR,FR,day_ahead_price,value,2026-05-23T19:12:02Z
2026-05-23T19:11:13Z,2026-05-23T21:11:13+0200,3f7e4d3d-8fdb-4ead-ba3f-db913921b078,2026-04-28T16:15:00Z,2026-04-28T18:15:00+0200,43.54,EUR/MWh,FR,FR,day_ahead_price,value,2026-05-23T19:12:02Z
2026-05-23T19:11:13Z,2026-05-23T21:11:13+0200,3f7e4d3d-8fdb-4ead-ba3f-db913921b078,2026-04-28T16:30:00Z,2026-04-28T18:30:00+0200,10.83,EUR/MWh,FR,FR,day_ahead_price,value,2026-05-23T19:12:02Z
2026-05-23T19:11:13Z,2026-05-23T21:11:13+0200,3f7e4d3d-8fdb-4ead-ba3f-db913921b078,2026-04-28T16:45:00Z,2026-04-28T18:45:00+0200,39.17,EUR/MWh,FR,FR,day_ahead_price,value,2026-05-23T19:12:02Z
2026-05-23T19:11:13Z,2026-05-23T21:11:13+0200,3f7e4d3d-8fdb-4ead-ba3f-db913921b078,2026-04-28T17:00:00Z,2026-04-28T19:00:00+0200,43.46,EUR/MWh,FR,FR,day_ahead_price,value,2026-05-23T19:12:02Z
2026-05-23T19:11:13Z,2026-05-23T21:11:13+0200,3f7e4d3d-8fdb-4ead-ba3f-db913921b078,2026-04-28T17:15:00Z,2026-04-28T19:15:00+0200,46.29,EUR/MWh,FR,FR,day_ahead_price,value,2026-05-23T19:12:02Z
2026-05-23T19:11:13Z,2026-05-23T21:11:13+0200,3f7e4d3d-8fdb-4ead-ba3f-db913921b078,2026-04-28T17:30:00Z,2026-04-28T19:30:00+0200,45.98,EUR/MWh,FR,FR,day_ahead_price,value,2026-05-23T19:12:02Z
2026-05-23T19:11:13Z,2026-05-23T21:11:13+0200,3f7e4d3d-8fdb-4ead-ba3f-db913921b078,2026-04-28T17:45:00Z,2026-04-28T19:45:00+0200,50.26,EUR/MWh,FR,FR,day_ahead_price,value,2026-05-23T19:12:02Z
2026-05-23T19:11:13Z,2026-05-23T21:11:13+0200,3f7e4d3d-8fdb-4ead-ba3f-db913921b078,2026-04-28T18:00:00Z,2026-04-28T20:00:00+0200,57.02,EUR/MWh,FR,FR,day_ahead_price,value,2026-05-23T19:12:02Z
2026-05-23T19:11:13Z,2026-05-23T21:11:13+0200,3f7e4d3d-8fdb-4ead-ba3f-db913921b078,2026-04-28T18:15:00Z,2026-04-28T20:15:00+0200,39.01,EUR/MWh,FR,FR,day_ahead_price,value,2026-05-23T19:12:02Z
2026-05-23T19:11:13Z,2026-05-23T21:11:13+0200,3f7e4d3d-8fdb-4ead-ba3f-db913921b078,2026-04-28T18:30:00Z,2026-04-28T20:30:00+0200,14.73,EUR/MWh,FR,FR,day_ahead_price,value,2026-05-23T19:12:02Z
2026-05-23T19:11:13Z,2026-05-23T21:11:13+0200,3f7e4d3d-8fdb-4ead-ba3f-db913921b078,2026-04-28T18:45:00Z,2026-04-28T20:45:00+0200,9.09,EUR/MWh,FR,FR,day_ahead_price,value,2026-05-23T19:12:02Z
2026-05-23T19:11:13Z,2026-05-23T21:11:13+0200,3f7e4d3d-8fdb-4ead-ba3f-db913921b078,2026-04-28T19:00:00Z,2026-04-28T21:00:00+0200,48.24,EUR/MWh,FR,FR,day_ahead_price,value,2026-05-23T19:12:02Z
2026-05-23T19:11:13Z,2026-05-23T21:11:13+0200,3f7e4d3d-8fdb-4ead-ba3f-db913921b078,2026-04-28T19:15:00Z,2026-04-28T21:15:00+0200,23.76,EUR/MWh,FR,FR,day_ahead_price,value,2026-05-23T19:12:02Z
2026-05-23T19:11:13Z,2026-05-23T21:11:13+0200,3f7e4d3d-8fdb-4ead-ba3f-db913921b078,2026-04-28T19:30:00Z,2026-04-28T21:30:00+0200,0.04,EUR/MWh,FR,FR,day_ahead_price,value,2026-05-23T19:12:02Z
2026-05-23T19:11:13Z,2026-05-23T21:11:13+0200,3f7e4d3d-8fdb-4ead-ba3f-db913921b078,2026-04-28T19:45:00Z,2026-04-28T21:45:00+0200,-0.01,EUR/MWh,FR,FR,day_ahead_price,value,2026-05-23T19:12:02Z
2026-05-23T19:11:13Z,2026-05-23T21:11:13+0200,3f7e4d3d-8fdb-4ead-ba3f-db913921b078,2026-04-28T20:00:00Z,2026-04-28T22:00:00+0200,21.54,EUR/MWh,FR,FR,day_ahead_price,value,2026-05-23T19:12:02Z
2026-05-23T19:11:13Z,2026-05-23T21:11:13+0200,3f7e4d3d-8fdb-4ead-ba3f-db913921b078,2026-04-28T20:15:00Z,2026-04-28T22:15:00+0200,0.01,EUR/MWh,FR,FR,day_ahead_price,value,2026-05-23T19:12:02Z
2026-05-23T19:11:13Z,2026-05-23T21:11:13+0200,3f7e4d3d-8fdb-4ead-ba3f-db913921b078,2026-04-28T20:30:00Z,2026-04-28T22:30:00+0200,31.68,EUR/MWh,FR,FR,day_ahead_price,value,2026-05-23T19:12:02Z
2026-05-23T19:11:13Z,2026-05-23T21:11:13+0200,3f7e4d3d-8fdb-4ead-ba3f-db913921b078,2026-04-28T20:45:00Z,2026-04-28T22:45:00+0200,16.33,EUR/MWh,FR,FR,day_ahead_price,value,2026-05-23T19:12:02Z
2026-05-23T19:11:13Z,2026-05-23T21:11:13+0200,3f7e4d3d-8fdb-4ead-ba3f-db913921b078,2026-04-28T21:00:00Z,2026-04-28T23:00:00+0200,13.64,EUR/MWh,FR,FR,day_ahead_price,value,2026-05-23T19:12:02Z
2026-05-23T19:11:13Z,2026-05-23T21:11:13+0200,3f7e4d3d-8fdb-4ead-ba3f-db913921b078,2026-04-28T21:15:00Z,2026-04-28T23:15:00+0200,0.0,EUR/MWh,FR,FR,day_ahead_price,value,2026-05-23T19:12:02Z
2026-05-23T19:11:13Z,2026-05-23T21:11:13+0200,3f7e4d3d-8fdb-4ead-ba3f-db913921b078,2026-04-28T21:30:00Z,2026-04-28T23:30:00+0200,0.1,EUR/MWh,FR,FR,day_ahead_price,value,2026-05-23T19:12:02Z
2026-05-23T19:11:13Z,2026-05-23T21:11:13+0200,3f7e4d3d-8fdb-4ead-ba3f-db913921b078,2026-04-28T21:45:00Z,2026-04-28T23:45:00+0200,-0.01,EUR/MWh,FR,FR,day_ahead_price,value,2026-05-23T19:12:02Z
2026-05-23T19:11:13Z,2026-05-23T21:11:13+0200,3f7e4d3d-8fdb-4ead-ba3f-db913921b078,2026-04-28T22:00:00Z,2026-04-29T00:00:00+0200,60.96,EUR/MWh,FR,FR,day_ahead_price,value,2026-05-23T19:12:02Z
2026-05-23T19:11:13Z,2026-05-23T21:11:13+0200,3f7e4d3d-8fdb-4ead-ba3f-db913921b078,2026-04-28T22:15:00Z,2026-04-29T00:15:00+0200,16.43,EUR/MWh,FR,FR,day_ahead_price,value,2026-05-23T19:12:02Z
2026-05-23T19:11:13Z,2026-05-23T21:11:13+0200,3f7e4d3d-8fdb-4ead-ba3f-db913921b078,2026-04-28T22:30:00Z,2026-04-29T00:30:00+0200,17.56,EUR/MWh,FR,FR,day_ahead_price,value,2026-05-23T19:12:02Z
2026-05-23T19:11:13Z,2026-05-23T21:11:13+0200,3f7e4d3d-8fdb-4ead-ba3f-db913921b078,2026-04-28T22:45:00Z,2026-04-29T00:45:00+0200,0.02,EUR/MWh,FR,FR,day_ahead_price,value,2026-05-23T19:12:02Z
2026-05-23T19:11:13Z,2026-05-23T21:11:13+0200,3f7e4d3d-8fdb-4ead-ba3f-db913921b078,2026-04-28T23:00:00Z,2026-04-29T01:00:00+0200,14.85,EUR/MWh,FR,FR,day_ahead_price,value,2026-05-23T19:12:02Z
2026-05-23T19:11:13Z,2026-05-23T21:11:13+0200,3f7e4d3d-8fdb-4ead-ba3f-db913921b078,2026-04-28T23:15:00Z,2026-04-29T01:15:00+0200,20.75,EUR/MWh,FR,FR,day_ahead_price,value,2026-05-23T19:12:02Z
2026-05-23T19:11:13Z,2026-05-23T21:11:13+0200,3f7e4d3d-8fdb-4ead-ba3f-db913921b078,2026-04-28T23:30:00Z,2026-04-29T01:30:00+0200,27.52,EUR/MWh,FR,FR,day_ahead_price,value,2026-05-23T19:12:02Z
2026-05-23T19:11:13Z,2026-05-23T21:11:13+0200,3f7e4d3d-8fdb-4ead-ba3f-db913921b078,2026-04-28T23:45:00Z,2026-04-29T01:45:00+0200,18.69,EUR/MWh,FR,FR,day_ahead_price,value,2026-05-23T19:12:02Z
2026-05-23T19:11:13Z,2026-05-23T21:11:13+0200,3f7e4d3d-8fdb-4ead-ba3f-db913921b078,2026-04-29T00:00:00Z,2026-04-29T02:00:00+0200,6.49,EUR/MWh,FR,FR,day_ahead_price,value,2026-05-23T19:12:02Z
2026-05-23T19:11:13Z,2026-05-23T21:11:13+0200,3f7e4d3d-8fdb-4ead-ba3f-db913921b078,2026-04-29T00:15:00Z,2026-04-29T02:15:00+0200,10.63,EUR/MWh,FR,FR,day_ahead_price,value,2026-05-23T19:12:02Z
2026-05-23T19:11:13Z,2026-05-23T21:11:13+0200,3f7e4d3d-8fdb-4ead-ba3f-db913921b078,2026-04-29T00:30:00Z,2026-04-29T02:30:00+0200,0.8,EUR/MWh,FR,FR,day_ahead_price,value,2026-05-23T19:12:02Z
2026-05-23T19:11:13Z,2026-05-23T21:11:13+0200,3f7e4d3d-8fdb-4ead-ba3f-db913921b078,2026-04-29T00:45:00Z,2026-04-29T02:45:00+0200,0.0,EUR/MWh,FR,FR,day_ahead_price,value,2026-05-23T19:12:02Z
2026-05-23T19:11:13Z,2026-05-23T21:11:13+0200,3f7e4d3d-8fdb-4ead-ba3f-db913921b078,2026-04-29T01:00:00Z,2026-04-29T03:00:00+0200,0.03,EUR/MWh,FR,FR,day_ahead_price,value,2026-05-23T19:12:02Z
2026-05-23T19:11:13Z,2026-05-23T21:11:13+0200,3f7e4d3d-8fdb-4ead-ba3f-db913921b078,2026-04-29T01:15:00Z,2026-04-29T03:15:00+0200,0.0,EUR/MWh,FR,FR,day_ahead_price,value,2026-05-23T19:12:02Z
2026-05-23T19:11:13Z,2026-05-23T21:11:13+0200,3f7e4d3d-8fdb-4ead-ba3f-db913921b078,2026-04-29T01:30:00Z,2026-04-29T03:30:00+0200,-0.01,EUR/MWh,FR,FR,day_ahead_price,value,2026-05-23T19:12:02Z
2026-05-23T19:11:13Z,2026-05-23T21:11:13+0200,3f7e4d3d-8fdb-4ead-ba3f-db913921b078,2026-04-29T01:45:00Z,2026-04-29T03:45:00+0200,-0.01,EUR/MWh,FR,FR,day_ahead_price,value,2026-05-23T19:12:02Z
2026-05-23T19:11:13Z,2026-05-23T21:11:13+0200,3f7e4d3d-8fdb-4ead-ba3f-db913921b078,2026-04-29T02:00:00Z,2026-04-29T04:00:00+0200,0.0,EUR/MWh,FR,FR,day_ahead_price,value,2026-05-23T19:12:02Z
2026-05-23T19:11:13Z,2026-05-23T21:11:13+0200,3f7e4d3d-8fdb-4ead-ba3f-db913921b078,2026-04-29T02:15:00Z,2026-04-29T04:15:00+0200,-0.01,EUR/MWh,FR,FR,day_ahead_price,value,2026-05-23T19:12:02Z
2026-05-23T19:11:13Z,2026-05-23T21:11:13+0200,3f7e4d3d-8fdb-4ead-ba3f-db913921b078,2026-04-29T02:30:00Z,2026-04-29T04:30:00+0200,0.0,EUR/MWh,FR,FR,day_ahead_price,value,2026-05-23T19:12:02Z
2026-05-23T19:11:13Z,2026-05-23T21:11:13+0200,3f7e4d3d-8fdb-4ead-ba3f-db913921b078,2026-04-29T02:45:00Z,2026-04-29T04:45:00+0200,0.0,EUR/MWh,FR,FR,day_ahead_price,value,2026-05-23T19:12:02Z
2026-05-23T19:11:13Z,2026-05-23T21:11:13+0200,3f7e4d3d-8fdb-4ead-ba3f-db913921b078,2026-04-29T03:00:00Z,2026-04-29T05:00:00+0200,1.24,EUR/MWh,FR,FR,day_ahead_price,value,2026-05-23T19:12:02Z
2026-05-23T19:11:13Z,2026-05-23T21:11:13+0200,3f7e4d3d-8fdb-4ead-ba3f-db913921b078,2026-04-29T03:15:00Z,2026-04-29T05:15:00+0200,2.2,EUR/MWh,FR,FR,day_ahead_price,value,2026-05-23T19:12:02Z
2026-05-23T19:11:13Z,2026-05-23T21:11:13+0200,3f7e4d3d-8fdb-4ead-ba3f-db913921b078,2026-04-29T03:30:00Z,2026-04-29T05:30:00+0200,9.77,EUR/MWh,FR,FR,day_ahead_price,value,2026-05-23T19:12:02Z
2026-05-23T19:11:13Z,2026-05-23T21:11:13+0200,3f7e4d3d-8fdb-4ead-ba3f-db913921b078,2026-04-29T03:45:00Z,2026-04-29T05:45:00+0200,13.49,EUR/MWh,FR,FR,day_ahead_price,value,2026-05-23T19:12:02Z
2026-05-23T19:11:13Z,2026-05-23T21:11:13+0200,3f7e4d3d-8fdb-4ead-ba3f-db913921b078,2026-04-29T04:00:00Z,2026-04-29T06:00:00+0200,14.35,EUR/MWh,FR,FR,day_ahead_price,value,2026-05-23T19:12:02Z
2026-05-23T19:11:13Z,2026-05-23T21:11:13+0200,3f7e4d3d-8fdb-4ead-ba3f-db913921b078,2026-04-29T04:15:00Z,2026-04-29T06:15:00+0200,1.15,EUR/MWh,FR,FR,day_ahead_price,value,2026-05-23T19:12:02Z
2026-05-23T19:11:13Z,2026-05-23T21:11:13+0200,3f7e4d3d-8fdb-4ead-ba3f-db913921b078,2026-04-29T04:30:00Z,2026-04-29T06:30:00+0200,6.95,EUR/MWh,FR,FR,day_ahead_price,value,2026-05-23T19:12:02Z
2026-05-23T19:11:13Z,2026-05-23T21:11:13+0200,3f7e4d3d-8fdb-4ead-ba3f-db913921b078,2026-04-29T04:45:00Z,2026-04-29T06:45:00+0200,0.64,EUR/MWh,FR,FR,day_ahead_price,value,2026-05-23T19:12:02Z
2026-05-23T19:11:13Z,2026-05-23T21:11:13+0200,3f7e4d3d-8fdb-4ead-ba3f-db913921b078,2026-04-29T05:00:00Z,2026-04-29T07:00:00+0200,34.6,EUR/MWh,FR,FR,day_ahead_price,value,2026-05-23T19:12:02Z
2026-05-23T19:11:13Z,2026-05-23T21:11:13+0200,3f7e4d3d-8fdb-4ead-ba3f-db913921b078,2026-04-29T05:15:00Z,2026-04-29T07:15:00+0200,42.69,EUR/MWh,FR,FR,day_ahead_price,value,2026-05-23T19:12:02Z
2026-05-23T19:11:13Z,2026-05-23T21:11:13+0200,3f7e4d3d-8fdb-4ead-ba3f-db913921b078,2026-04-29T05:30:00Z,2026-04-29T07:30:00+0200,32.1,EUR/MWh,FR,FR,day_ahead_price,value,2026-05-23T19:12:02Z
2026-05-23T19:11:13Z,2026-05-23T21:11:13+0200,3f7e4d3d-8fdb-4ead-ba3f-db913921b078,2026-04-29T05:45:00Z,2026-04-29T07:45:00+0200,34.54,EUR/MWh,FR,FR,day_ahead_price,value,2026-05-23T19:12:02Z
2026-05-23T19:11:13Z,2026-05-23T21:11:13+0200,3f7e4d3d-8fdb-4ead-ba3f-db913921b078,2026-04-29T06:00:00Z,2026-04-29T08:00:00+0200,35.22,EUR/MWh,FR,FR,day_ahead_price,value,2026-05-23T19:12:02Z
2026-05-23T19:11:13Z,2026-05-23T21:11:13+0200,3f7e4d3d-8fdb-4ead-ba3f-db913921b078,2026-04-29T06:15:00Z,2026-04-29T08:15:00+0200,35.22,EUR/MWh,FR,FR,day_ahead_price,value,2026-05-23T19:12:02Z
2026-05-23T19:11:13Z,2026-05-23T21:11:13+0200,3f7e4d3d-8fdb-4ead-ba3f-db913921b078,2026-04-29T06:30:00Z,2026-04-29T08:30:00+0200,4.57,EUR/MWh,FR,FR,day_ahead_price,value,2026-05-23T19:12:02Z
2026-05-23T19:11:13Z,2026-05-23T21:11:13+0200,3f7e4d3d-8fdb-4ead-ba3f-db913921b078,2026-04-29T06:45:00Z,2026-04-29T08:45:00+0200,0.0,EUR/MWh,FR,FR,day_ahead_price,value,2026-05-23T19:12:02Z
2026-05-23T19:11:13Z,2026-05-23T21:11:13+0200,3f7e4d3d-8fdb-4ead-ba3f-db913921b078,2026-04-29T07:00:00Z,2026-04-29T09:00:00+0200,3.08,EUR/MWh,FR,FR,day_ahead_price,value,2026-05-23T19:12:02Z
2026-05-23T19:11:13Z,2026-05-23T21:11:13+0200,3f7e4d3d-8fdb-4ead-ba3f-db913921b078,2026-04-29T07:15:00Z,2026-04-29T09:15:00+0200,-0.01,EUR/MWh,FR,FR,day_ahead_price,value,2026-05-23T19:12:02Z
2026-05-23T19:11:13Z,2026-05-23T21:11:13+0200,3f7e4d3d-8fdb-4ead-ba3f-db913921b078,2026-04-29T07:30:00Z,2026-04-29T09:30:00+0200,-0.02,EUR/MWh,FR,FR,day_ahead_price,value,2026-05-23T19:12:02Z
2026-05-23T19:11:13Z,2026-05-23T21:11:13+0200,3f7e4d3d-8fdb-4ead-ba3f-db913921b078,2026-04-29T07:45:00Z,2026-04-29T09:45:00+0200,-0.11,EUR/MWh,FR,FR,day_ahead_price,value,2026-05-23T19:12:02Z
2026-05-23T19:11:13Z,2026-05-23T21:11:13+0200,3f7e4d3d-8fdb-4ead-ba3f-db913921b078,2026-04-29T08:00:00Z,2026-04-29T10:00:00+0200,3.43,EUR/MWh,FR,FR,day_ahead_price,value,2026-05-23T19:12:02Z
2026-05-23T19:11:13Z,2026-05-23T21:11:13+0200,3f7e4d3d-8fdb-4ead-ba3f-db913921b078,2026-04-29T08:15:00Z,2026-04-29T10:15:00+0200,-0.02,EUR/MWh,FR,FR,day_ahead_price,value,2026-05-23T19:12:02Z
2026-05-23T19:11:13Z,2026-05-23T21:11:13+0200,3f7e4d3d-8fdb-4ead-ba3f-db913921b078,2026-04-29T08:30:00Z,2026-04-29T10:30:00+0200,-0.11,EUR/MWh,FR,FR,day_ahead_price,value,2026-05-23T19:12:02Z
2026-05-23T19:11:13Z,2026-05-23T21:11:13+0200,3f7e4d3d-8fdb-4ead-ba3f-db913921b078,2026-04-29T08:45:00Z,2026-04-29T10:45:00+0200,-3.33,EUR/MWh,FR,FR,day_ahead_price,value,2026-05-23T19:12:02Z
2026-05-23T19:11:13Z,2026-05-23T21:11:13+0200,3f7e4d3d-8fdb-4ead-ba3f-db913921b078,2026-04-29T09:00:00Z,2026-04-29T11:00:00+0200,-0.02,EUR/MWh,FR,FR,day_ahead_price,value,2026-05-23T19:12:02Z
2026-05-23T19:11:13Z,2026-05-23T21:11:13+0200,3f7e4d3d-8fdb-4ead-ba3f-db913921b078,2026-04-29T09:15:00Z,2026-04-29T11:15:00+0200,-0.25,EUR/MWh,FR,FR,day_ahead_price,value,2026-05-23T19:12:02Z
2026-05-23T19:11:13Z,2026-05-23T21:11:13+0200,3f7e4d3d-8fdb-4ead-ba3f-db913921b078,2026-04-29T09:30:00Z,2026-04-29T11:30:00+0200,-4.97,EUR/MWh,FR,FR,day_ahead_price,value,2026-05-23T19:12:02Z
2026-05-23T19:11:13Z,2026-05-23T21:11:13+0200,3f7e4d3d-8fdb-4ead-ba3f-db913921b078,2026-04-29T09:45:00Z,2026-04-29T11:45:00+0200,-13.33,EUR/MWh,FR,FR,day_ahead_price,value,2026-05-23T19:12:02Z
2026-05-23T19:11:13Z,2026-05-23T21:11:13+0200,3f7e4d3d-8fdb-4ead-ba3f-db913921b078,2026-04-29T10:00:00Z,2026-04-29T12:00:00+0200,-13.33,EUR/MWh,FR,FR,day_ahead_price,value,2026-05-23T19:12:02Z
2026-05-23T19:11:13Z,2026-05-23T21:11:13+0200,3f7e4d3d-8fdb-4ead-ba3f-db913921b078,2026-04-29T10:15:00Z,2026-04-29T12:15:00+0200,-22.45,EUR/MWh,FR,FR,day_ahead_price,value,2026-05-23T19:12:02Z
2026-05-23T19:11:13Z,2026-05-23T21:11:13+0200,3f7e4d3d-8fdb-4ead-ba3f-db913921b078,2026-04-29T10:30:00Z,2026-04-29T12:30:00+0200,-27.54,EUR/MWh,FR,FR,day_ahead_price,value,2026-05-23T19:12:02Z
2026-05-23T19:11:13Z,2026-05-23T21:11:13+0200,3f7e4d3d-8fdb-4ead-ba3f-db913921b078,2026-04-29T10:45:00Z,2026-04-29T12:45:00+0200,-38.64,EUR/MWh,FR,FR,day_ahead_price,value,2026-05-23T19:12:02Z
2026-05-23T19:11:13Z,2026-05-23T21:11:13+0200,3f7e4d3d-8fdb-4ead-ba3f-db913921b078,2026-04-29T11:00:00Z,2026-04-29T13:00:00+0200,-39.66,EUR/MWh,FR,FR,day_ahead_price,value,2026-05-23T19:12:02Z
2026-05-23T19:11:13Z,2026-05-23T21:11:13+0200,3f7e4d3d-8fdb-4ead-ba3f-db913921b078,2026-04-29T11:15:00Z,2026-04-29T13:15:00+0200,-46.34,EUR/MWh,FR,FR,day_ahead_price,value,2026-05-23T19:12:02Z
2026-05-23T19:11:13Z,2026-05-23T21:11:13+0200,3f7e4d3d-8fdb-4ead-ba3f-db913921b078,2026-04-29T11:30:00Z,2026-04-29T13:30:00+0200,-51.47,EUR/MWh,FR,FR,day_ahead_price,value,2026-05-23T19:12:02Z
2026-05-23T19:11:13Z,2026-05-23T21:11:13+0200,3f7e4d3d-8fdb-4ead-ba3f-db913921b078,2026-04-29T11:45:00Z,2026-04-29T13:45:00+0200,-57.06,EUR/MWh,FR,FR,day_ahead_price,value,2026-05-23T19:12:02Z
2026-05-23T19:11:13Z,2026-05-23T21:11:13+0200,3f7e4d3d-8fdb-4ead-ba3f-db913921b078,2026-04-29T12:00:00Z,2026-04-29T14:00:00+0200,-51.51,EUR/MWh,FR,FR,day_ahead_price,value,2026-05-23T19:12:02Z
2026-05-23T19:11:13Z,2026-05-23T21:11:13+0200,3f7e4d3d-8fdb-4ead-ba3f-db913921b078,2026-04-29T12:15:00Z,2026-04-29T14:15:00+0200,-46.84,EUR/MWh,FR,FR,day_ahead_price,value,2026-05-23T19:12:02Z
2026-05-23T19:11:13Z,2026-05-23T21:11:13+0200,3f7e4d3d-8fdb-4ead-ba3f-db913921b078,2026-04-29T12:30:00Z,2026-04-29T14:30:00+0200,-41.73,EUR/MWh,FR,FR,day_ahead_price,value,2026-05-23T19:12:02Z
2026-05-23T19:11:13Z,2026-05-23T21:11:13+0200,3f7e4d3d-8fdb-4ead-ba3f-db913921b078,2026-04-29T12:45:00Z,2026-04-29T14:45:00+0200,-38.33,EUR/MWh,FR,FR,day_ahead_price,value,2026-05-23T19:12:02Z
2026-05-23T19:11:13Z,2026-05-23T21:11:13+0200,3f7e4d3d-8fdb-4ead-ba3f-db913921b078,2026-04-29T13:00:00Z,2026-04-29T15:00:00+0200,-38.84,EUR/MWh,FR,FR,day_ahead_price,value,2026-05-23T19:12:02Z
2026-05-23T19:11:13Z,2026-05-23T21:11:13+0200,3f7e4d3d-8fdb-4ead-ba3f-db913921b078,2026-04-29T13:15:00Z,2026-04-29T15:15:00+0200,-32.18,EUR/MWh,FR,FR,day_ahead_price,value,2026-05-23T19:12:02Z
2026-05-23T19:11:13Z,2026-05-23T21:11:13+0200,3f7e4d3d-8fdb-4ead-ba3f-db913921b078,2026-04-29T13:30:00Z,2026-04-29T15:30:00+0200,-28.4,EUR/MWh,FR,FR,day_ahead_price,value,2026-05-23T19:12:02Z
2026-05-23T19:11:13Z,2026-05-23T21:11:13+0200,3f7e4d3d-8fdb-4ead-ba3f-db913921b078,2026-04-29T13:45:00Z,2026-04-29T15:45:00+0200,-18.89,EUR/MWh,FR,FR,day_ahead_price,value,2026-05-23T19:12:02Z
2026-05-23T19:11:13Z,2026-05-23T21:11:13+0200,3f7e4d3d-8fdb-4ead-ba3f-db913921b078,2026-04-29T14:00:00Z,2026-04-29T16:00:00+0200,-26.47,EUR/MWh,FR,FR,day_ahead_price,value,2026-05-23T19:12:02Z
2026-05-23T19:11:13Z,2026-05-23T21:11:13+0200,3f7e4d3d-8fdb-4ead-ba3f-db913921b078,2026-04-29T14:15:00Z,2026-04-29T16:15:00+0200,-13.12,EUR/MWh,FR,FR,day_ahead_price,value,2026-05-23T19:12:02Z
2026-05-23T19:11:13Z,2026-05-23T21:11:13+0200,3f7e4d3d-8fdb-4ead-ba3f-db913921b078,2026-04-29T14:30:00Z,2026-04-29T16:30:00+0200,-4.08,EUR/MWh,FR,FR,day_ahead_price,value,2026-05-23T19:12:02Z
2026-05-23T19:11:13Z,2026-05-23T21:11:13+0200,3f7e4d3d-8fdb-4ead-ba3f-db913921b078,2026-04-29T14:45:00Z,2026-04-29T16:45:00+0200,-0.11,EUR/MWh,FR,FR,day_ahead_price,value,2026-05-23T19:12:02Z
2026-05-23T19:11:13Z,2026-05-23T21:11:13+0200,3f7e4d3d-8fdb-4ead-ba3f-db913921b078,2026-04-29T15:00:00Z,2026-04-29T17:00:00+0200,-0.11,EUR/MWh,FR,FR,day_ahead_price,value,2026-05-23T19:12:02Z
2026-05-23T19:11:13Z,2026-05-23T21:11:13+0200,3f7e4d3d-8fdb-4ead-ba3f-db913921b078,2026-04-29T15:15:00Z,2026-04-29T17:15:00+0200,-0.1,EUR/MWh,FR,FR,day_ahead_price,value,2026-05-23T19:12:02Z
2026-05-23T19:11:13Z,2026-05-23T21:11:13+0200,3f7e4d3d-8fdb-4ead-ba3f-db913921b078,2026-04-29T15:30:00Z,2026-04-29T17:30:00+0200,-0.01,EUR/MWh,FR,FR,day_ahead_price,value,2026-05-23T19:12:02Z
2026-05-23T19:11:13Z,2026-05-23T21:11:13+0200,3f7e4d3d-8fdb-4ead-ba3f-db913921b078,2026-04-29T15:45:00Z,2026-04-29T17:45:00+0200,0.18,EUR/MWh,FR,FR,day_ahead_price,value,2026-05-23T19:12:02Z
2026-05-23T19:11:13Z,2026-05-23T21:11:13+0200,3f7e4d3d-8fdb-4ead-ba3f-db913921b078,2026-04-29T16:00:00Z,2026-04-29T18:00:00+0200,0.0,EUR/MWh,FR,FR,day_ahead_price,value,2026-05-23T19:12:02Z
2026-05-23T19:11:13Z,2026-05-23T21:11:13+0200,3f7e4d3d-8fdb-4ead-ba3f-db913921b078,2026-04-29T16:15:00Z,2026-04-29T18:15:00+0200,4.98,EUR/MWh,FR,FR,day_ahead_price,value,2026-05-23T19:12:02Z
2026-05-23T19:11:13Z,2026-05-23T21:11:13+0200,3f7e4d3d-8fdb-4ead-ba3f-db913921b078,2026-04-29T16:30:00Z,2026-04-29T18:30:00+0200,5.39,EUR/MWh,FR,FR,day_ahead_price,value,2026-05-23T19:12:02Z
2026-05-23T19:11:13Z,2026-05-23T21:11:13+0200,3f7e4d3d-8fdb-4ead-ba3f-db913921b078,2026-04-29T16:45:00Z,2026-04-29T18:45:00+0200,21.91,EUR/MWh,FR,FR,day_ahead_price,value,2026-05-23T19:12:02Z
2026-05-23T19:11:13Z,2026-05-23T21:11:13+0200,3f7e4d3d-8fdb-4ead-ba3f-db913921b078,2026-04-29T17:00:00Z,2026-04-29T19:00:00+0200,40.35,EUR/MWh,FR,FR,day_ahead_price,value,2026-05-23T19:12:02Z
2026-05-23T19:11:13Z,2026-05-23T21:11:13+0200,3f7e4d3d-8fdb-4ead-ba3f-db913921b078,2026-04-29T17:15:00Z,2026-04-29T19:15:00+0200,45.58,EUR/MWh,FR,FR,day_ahead_price,value,2026-05-23T19:12:02Z
2026-05-23T19:11:13Z,2026-05-23T21:11:13+0200,3f7e4d3d-8fdb-4ead-ba3f-db913921b078,2026-04-29T17:30:00Z,2026-04-29T19:30:00+0200,12.2,EUR/MWh,FR,FR,day_ahead_price,value,2026-05-23T19:12:02Z
2026-05-23T19:11:13Z,2026-05-23T21:11:13+0200,3f7e4d3d-8fdb-4ead-ba3f-db913921b078,2026-04-29T17:45:00Z,2026-04-29T19:45:00+0200,19.87,EUR/MWh,FR,FR,day_ahead_price,value,2026-05-23T19:12:02Z
2026-05-23T19:11:13Z,2026-05-23T21:11:13+0200,3f7e4d3d-8fdb-4ead-ba3f-db913921b078,2026-04-29T18:00:00Z,2026-04-29T20:00:00+0200,36.41,EUR/MWh,FR,FR,day_ahead_price,value,2026-05-23T19:12:02Z
2026-05-23T19:11:13Z,2026-05-23T21:11:13+0200,3f7e4d3d-8fdb-4ead-ba3f-db913921b078,2026-04-29T18:15:00Z,2026-04-29T20:15:00+0200,18.81,EUR/MWh,FR,FR,day_ahead_price,value,2026-05-23T19:12:02Z
2026-05-23T19:11:13Z,2026-05-23T21:11:13+0200,3f7e4d3d-8fdb-4ead-ba3f-db913921b078,2026-04-29T18:30:00Z,2026-04-29T20:30:00+0200,15.0,EUR/MWh,FR,FR,day_ahead_price,value,2026-05-23T19:12:02Z
2026-05-23T19:11:13Z,2026-05-23T21:11:13+0200,3f7e4d3d-8fdb-4ead-ba3f-db913921b078,2026-04-29T18:45:00Z,2026-04-29T20:45:00+0200,9.05,EUR/MWh,FR,FR,day_ahead_price,value,2026-05-23T19:12:02Z
2026-05-23T19:11:13Z,2026-05-23T21:11:13+0200,3f7e4d3d-8fdb-4ead-ba3f-db913921b078,2026-04-29T19:00:00Z,2026-04-29T21:00:00+0200,20.84,EUR/MWh,FR,FR,day_ahead_price,value,2026-05-23T19:12:02Z
2026-05-23T19:11:13Z,2026-05-23T21:11:13+0200,3f7e4d3d-8fdb-4ead-ba3f-db913921b078,2026-04-29T19:15:00Z,2026-04-29T21:15:00+0200,17.61,EUR/MWh,FR,FR,day_ahead_price,value,2026-05-23T19:12:02Z
2026-05-23T19:11:13Z,2026-05-23T21:11:13+0200,3f7e4d3d-8fdb-4ead-ba3f-db913921b078,2026-04-29T19:30:00Z,2026-04-29T21:30:00+0200,41.53,EUR/MWh,FR,FR,day_ahead_price,value,2026-05-23T19:12:02Z
2026-05-23T19:11:13Z,2026-05-23T21:11:13+0200,3f7e4d3d-8fdb-4ead-ba3f-db913921b078,2026-04-29T19:45:00Z,2026-04-29T21:45:00+0200,10.48,EUR/MWh,FR,FR,day_ahead_price,value,2026-05-23T19:12:02Z
2026-05-23T19:11:13Z,2026-05-23T21:11:13+0200,3f7e4d3d-8fdb-4ead-ba3f-db913921b078,2026-04-29T20:00:00Z,2026-04-29T22:00:00+0200,22.21,EUR/MWh,FR,FR,day_ahead_price,value,2026-05-23T19:12:02Z
2026-05-23T19:11:13Z,2026-05-23T21:11:13+0200,3f7e4d3d-8fdb-4ead-ba3f-db913921b078,2026-04-29T20:15:00Z,2026-04-29T22:15:00+0200,7.73,EUR/MWh,FR,FR,day_ahead_price,value,2026-05-23T19:12:02Z
2026-05-23T19:11:13Z,2026-05-23T21:11:13+0200,3f7e4d3d-8fdb-4ead-ba3f-db913921b078,2026-04-29T20:30:00Z,2026-04-29T22:30:00+0200,47.2,EUR/MWh,FR,FR,day_ahead_price,value,2026-05-23T19:12:02Z
2026-05-23T19:11:13Z,2026-05-23T21:11:13+0200,3f7e4d3d-8fdb-4ead-ba3f-db913921b078,2026-04-29T20:45:00Z,2026-04-29T22:45:00+0200,31.16,EUR/MWh,FR,FR,day_ahead_price,value,2026-05-23T19:12:02Z
2026-05-23T19:11:13Z,2026-05-23T21:11:13+0200,3f7e4d3d-8fdb-4ead-ba3f-db913921b078,2026-04-29T21:00:00Z,2026-04-29T23:00:00+0200,17.75,EUR/MWh,FR,FR,day_ahead_price,value,2026-05-23T19:12:02Z
2026-05-23T19:11:13Z,2026-05-23T21:11:13+0200,3f7e4d3d-8fdb-4ead-ba3f-db913921b078,2026-04-29T21:15:00Z,2026-04-29T23:15:00+0200,4.62,EUR/MWh,FR,FR,day_ahead_price,value,2026-05-23T19:12:02Z
2026-05-23T19:11:13Z,2026-05-23T21:11:13+0200,3f7e4d3d-8fdb-4ead-ba3f-db913921b078,2026-04-29T21:30:00Z,2026-04-29T23:30:00+0200,32.99,EUR/MWh,FR,FR,day_ahead_price,value,2026-05-23T19:12:02Z
2026-05-23T19:11:13Z,2026-05-23T21:11:13+0200,3f7e4d3d-8fdb-4ead-ba3f-db913921b078,2026-04-29T21:45:00Z,2026-04-29T23:45:00+0200,24.08,EUR/MWh,FR,FR,day_ahead_price,value,2026-05-23T19:12:02Z
2026-05-23T19:11:13Z,2026-05-23T21:11:13+0200,3f7e4d3d-8fdb-4ead-ba3f-db913921b078,2026-04-29T22:00:00Z,2026-04-30T00:00:00+0200,39.55,EUR/MWh,FR,FR,day_ahead_price,value,2026-05-23T19:12:02Z
2026-05-23T19:11:13Z,2026-05-23T21:11:13+0200,3f7e4d3d-8fdb-4ead-ba3f-db913921b078,2026-04-29T22:15:00Z,2026-04-30T00:15:00+0200,23.79,EUR/MWh,FR,FR,day_ahead_price,value,2026-05-23T19:12:02Z
2026-05-23T19:11:13Z,2026-05-23T21:11:13+0200,3f7e4d3d-8fdb-4ead-ba3f-db913921b078,2026-04-29T22:30:00Z,2026-04-30T00:30:00+0200,14.31,EUR/MWh,FR,FR,day_ahead_price,value,2026-05-23T19:12:02Z
2026-05-23T19:11:13Z,2026-05-23T21:11:13+0200,3f7e4d3d-8fdb-4ead-ba3f-db913921b078,2026-04-29T22:45:00Z,2026-04-30T00:45:00+0200,3.35,EUR/MWh,FR,FR,day_ahead_price,value,2026-05-23T19:12:02Z
2026-05-23T19:11:13Z,2026-05-23T21:11:13+0200,3f7e4d3d-8fdb-4ead-ba3f-db913921b078,2026-04-29T23:00:00Z,2026-04-30T01:00:00+0200,20.7,EUR/MWh,FR,FR,day_ahead_price,value,2026-05-23T19:12:02Z
2026-05-23T19:11:13Z,2026-05-23T21:11:13+0200,3f7e4d3d-8fdb-4ead-ba3f-db913921b078,2026-04-29T23:15:00Z,2026-04-30T01:15:00+0200,10.99,EUR/MWh,FR,FR,day_ahead_price,value,2026-05-23T19:12:02Z
2026-05-23T19:11:13Z,2026-05-23T21:11:13+0200,3f7e4d3d-8fdb-4ead-ba3f-db913921b078,2026-04-29T23:30:00Z,2026-04-30T01:30:00+0200,11.66,EUR/MWh,FR,FR,day_ahead_price,value,2026-05-23T19:12:02Z
2026-05-23T19:11:13Z,2026-05-23T21:11:13+0200,3f7e4d3d-8fdb-4ead-ba3f-db913921b078,2026-04-29T23:45:00Z,2026-04-30T01:45:00+0200,11.1,EUR/MWh,FR,FR,day_ahead_price,value,2026-05-23T19:12:02Z
2026-05-23T19:11:13Z,2026-05-23T21:11:13+0200,3f7e4d3d-8fdb-4ead-ba3f-db913921b078,2026-04-30T00:00:00Z,2026-04-30T02:00:00+0200,-0.01,EUR/MWh,FR,FR,day_ahead_price,value,2026-05-23T19:12:02Z
2026-05-23T19:11:13Z,2026-05-23T21:11:13+0200,3f7e4d3d-8fdb-4ead-ba3f-db913921b078,2026-04-30T00:15:00Z,2026-04-30T02:15:00+0200,13.92,EUR/MWh,FR,FR,day_ahead_price,value,2026-05-23T19:12:02Z
2026-05-23T19:11:13Z,2026-05-23T21:11:13+0200,3f7e4d3d-8fdb-4ead-ba3f-db913921b078,2026-04-30T00:30:00Z,2026-04-30T02:30:00+0200,22.65,EUR/MWh,FR,FR,day_ahead_price,value,2026-05-23T19:12:02Z
2026-05-23T19:11:13Z,2026-05-23T21:11:13+0200,3f7e4d3d-8fdb-4ead-ba3f-db913921b078,2026-04-30T00:45:00Z,2026-04-30T02:45:00+0200,18.67,EUR/MWh,FR,FR,day_ahead_price,value,2026-05-23T19:12:02Z
2026-05-23T19:11:13Z,2026-05-23T21:11:13+0200,3f7e4d3d-8fdb-4ead-ba3f-db913921b078,2026-04-30T01:00:00Z,2026-04-30T03:00:00+0200,3.99,EUR/MWh,FR,FR,day_ahead_price,value,2026-05-23T19:12:02Z
2026-05-23T19:11:13Z,2026-05-23T21:11:13+0200,3f7e4d3d-8fdb-4ead-ba3f-db913921b078,2026-04-30T01:15:00Z,2026-04-30T03:15:00+0200,0.01,EUR/MWh,FR,FR,day_ahead_price,value,2026-05-23T19:12:02Z
2026-05-23T19:11:13Z,2026-05-23T21:11:13+0200,3f7e4d3d-8fdb-4ead-ba3f-db913921b078,2026-04-30T01:30:00Z,2026-04-30T03:30:00+0200,0.0,EUR/MWh,FR,FR,day_ahead_price,value,2026-05-23T19:12:02Z
2026-05-23T19:11:13Z,2026-05-23T21:11:13+0200,3f7e4d3d-8fdb-4ead-ba3f-db913921b078,2026-04-30T01:45:00Z,2026-04-30T03:45:00+0200,0.0,EUR/MWh,FR,FR,day_ahead_price,value,2026-05-23T19:12:02Z
2026-05-23T19:11:13Z,2026-05-23T21:11:13+0200,3f7e4d3d-8fdb-4ead-ba3f-db913921b078,2026-04-30T02:00:00Z,2026-04-30T04:00:00+0200,0.0,EUR/MWh,FR,FR,day_ahead_price,value,2026-05-23T19:12:02Z
2026-05-23T19:11:13Z,2026-05-23T21:11:13+0200,3f7e4d3d-8fdb-4ead-ba3f-db913921b078,2026-04-30T02:15:00Z,2026-04-30T04:15:00+0200,0.0,EUR/MWh,FR,FR,day_ahead_price,value,2026-05-23T19:12:02Z
2026-05-23T19:11:13Z,2026-05-23T21:11:13+0200,3f7e4d3d-8fdb-4ead-ba3f-db913921b078,2026-04-30T02:30:00Z,2026-04-30T04:30:00+0200,4.99,EUR/MWh,FR,FR,day_ahead_price,value,2026-05-23T19:12:02Z
2026-05-23T19:11:13Z,2026-05-23T21:11:13+0200,3f7e4d3d-8fdb-4ead-ba3f-db913921b078,2026-04-30T02:45:00Z,2026-04-30T04:45:00+0200,7.81,EUR/MWh,FR,FR,day_ahead_price,value,2026-05-23T19:12:02Z
2026-05-23T19:11:13Z,2026-05-23T21:11:13+0200,3f7e4d3d-8fdb-4ead-ba3f-db913921b078,2026-04-30T03:00:00Z,2026-04-30T05:00:00+0200,12.28,EUR/MWh,FR,FR,day_ahead_price,value,2026-05-23T19:12:02Z
2026-05-23T19:11:13Z,2026-05-23T21:11:13+0200,3f7e4d3d-8fdb-4ead-ba3f-db913921b078,2026-04-30T03:15:00Z,2026-04-30T05:15:00+0200,7.3,EUR/MWh,FR,FR,day_ahead_price,value,2026-05-23T19:12:02Z
2026-05-23T19:11:13Z,2026-05-23T21:11:13+0200,3f7e4d3d-8fdb-4ead-ba3f-db913921b078,2026-04-30T03:30:00Z,2026-04-30T05:30:00+0200,0.0,EUR/MWh,FR,FR,day_ahead_price,value,2026-05-23T19:12:02Z
2026-05-23T19:11:13Z,2026-05-23T21:11:13+0200,3f7e4d3d-8fdb-4ead-ba3f-db913921b078,2026-04-30T03:45:00Z,2026-04-30T05:45:00+0200,0.02,EUR/MWh,FR,FR,day_ahead_price,value,2026-05-23T19:12:02Z
2026-05-23T19:11:13Z,2026-05-23T21:11:13+0200,3f7e4d3d-8fdb-4ead-ba3f-db913921b078,2026-04-30T04:00:00Z,2026-04-30T06:00:00+0200,21.65,EUR/MWh,FR,FR,day_ahead_price,value,2026-05-23T19:12:02Z
2026-05-23T19:11:13Z,2026-05-23T21:11:13+0200,3f7e4d3d-8fdb-4ead-ba3f-db913921b078,2026-04-30T04:15:00Z,2026-04-30T06:15:00+0200,22.46,EUR/MWh,FR,FR,day_ahead_price,value,2026-05-23T19:12:02Z
2026-05-23T19:11:13Z,2026-05-23T21:11:13+0200,3f7e4d3d-8fdb-4ead-ba3f-db913921b078,2026-04-30T04:30:00Z,2026-04-30T06:30:00+0200,21.21,EUR/MWh,FR,FR,day_ahead_price,value,2026-05-23T19:12:02Z
2026-05-23T19:11:13Z,2026-05-23T21:11:13+0200,3f7e4d3d-8fdb-4ead-ba3f-db913921b078,2026-04-30T04:45:00Z,2026-04-30T06:45:00+0200,0.0,EUR/MWh,FR,FR,day_ahead_price,value,2026-05-23T19:12:02Z
2026-05-23T19:11:13Z,2026-05-23T21:11:13+0200,3f7e4d3d-8fdb-4ead-ba3f-db913921b078,2026-04-30T05:00:00Z,2026-04-30T07:00:00+0200,16.39,EUR/MWh,FR,FR,day_ahead_price,value,2026-05-23T19:12:02Z
2026-05-23T19:11:13Z,2026-05-23T21:11:13+0200,3f7e4d3d-8fdb-4ead-ba3f-db913921b078,2026-04-30T05:15:00Z,2026-04-30T07:15:00+0200,11.31,EUR/MWh,FR,FR,day_ahead_price,value,2026-05-23T19:12:02Z
2026-05-23T19:11:13Z,2026-05-23T21:11:13+0200,3f7e4d3d-8fdb-4ead-ba3f-db913921b078,2026-04-30T05:30:00Z,2026-04-30T07:30:00+0200,12.15,EUR/MWh,FR,FR,day_ahead_price,value,2026-05-23T19:12:02Z
2026-05-23T19:11:13Z,2026-05-23T21:11:13+0200,3f7e4d3d-8fdb-4ead-ba3f-db913921b078,2026-04-30T05:45:00Z,2026-04-30T07:45:00+0200,12.48,EUR/MWh,FR,FR,day_ahead_price,value,2026-05-23T19:12:02Z
2026-05-23T19:11:13Z,2026-05-23T21:11:13+0200,3f7e4d3d-8fdb-4ead-ba3f-db913921b078,2026-04-30T06:00:00Z,2026-04-30T08:00:00+0200,20.6,EUR/MWh,FR,FR,day_ahead_price,value,2026-05-23T19:12:02Z
2026-05-23T19:11:13Z,2026-05-23T21:11:13+0200,3f7e4d3d-8fdb-4ead-ba3f-db913921b078,2026-04-30T06:15:00Z,2026-04-30T08:15:00+0200,7.74,EUR/MWh,FR,FR,day_ahead_price,value,2026-05-23T19:12:02Z
2026-05-23T19:11:13Z,2026-05-23T21:11:13+0200,3f7e4d3d-8fdb-4ead-ba3f-db913921b078,2026-04-30T06:30:00Z,2026-04-30T08:30:00+0200,3.99,EUR/MWh,FR,FR,day_ahead_price,value,2026-05-23T19:12:02Z
2026-05-23T19:11:13Z,2026-05-23T21:11:13+0200,3f7e4d3d-8fdb-4ead-ba3f-db913921b078,2026-04-30T06:45:00Z,2026-04-30T08:45:00+0200,6.41,EUR/MWh,FR,FR,day_ahead_price,value,2026-05-23T19:12:02Z
2026-05-23T19:11:13Z,2026-05-23T21:11:13+0200,3f7e4d3d-8fdb-4ead-ba3f-db913921b078,2026-04-30T07:00:00Z,2026-04-30T09:00:00+0200,-0.01,EUR/MWh,FR,FR,day_ahead_price,value,2026-05-23T19:12:02Z
2026-05-23T19:11:13Z,2026-05-23T21:11:13+0200,3f7e4d3d-8fdb-4ead-ba3f-db913921b078,2026-04-30T07:15:00Z,2026-04-30T09:15:00+0200,24.8,EUR/MWh,FR,FR,day_ahead_price,value,2026-05-23T19:12:02Z
2026-05-23T19:11:13Z,2026-05-23T21:11:13+0200,3f7e4d3d-8fdb-4ead-ba3f-db913921b078,2026-04-30T07:30:00Z,2026-04-30T09:30:00+0200,14.66,EUR/MWh,FR,FR,day_ahead_price,value,2026-05-23T19:12:02Z
2026-05-23T19:11:13Z,2026-05-23T21:11:13+0200,3f7e4d3d-8fdb-4ead-ba3f-db913921b078,2026-04-30T07:45:00Z,2026-04-30T09:45:00+0200,0.01,EUR/MWh,FR,FR,day_ahead_price,value,2026-05-23T19:12:02Z
2026-05-23T19:11:13Z,2026-05-23T21:11:13+0200,3f7e4d3d-8fdb-4ead-ba3f-db913921b078,2026-04-30T08:00:00Z,2026-04-30T10:00:00+0200,1.82,EUR/MWh,FR,FR,day_ahead_price,value,2026-05-23T19:12:02Z
2026-05-23T19:11:13Z,2026-05-23T21:11:13+0200,3f7e4d3d-8fdb-4ead-ba3f-db913921b078,2026-04-30T08:15:00Z,2026-04-30T10:15:00+0200,0.0,EUR/MWh,FR,FR,day_ahead_price,value,2026-05-23T19:12:02Z
2026-05-23T19:11:13Z,2026-05-23T21:11:13+0200,3f7e4d3d-8fdb-4ead-ba3f-db913921b078,2026-04-30T08:30:00Z,2026-04-30T10:30:00+0200,-0.06,EUR/MWh,FR,FR,day_ahead_price,value,2026-05-23T19:12:02Z
2026-05-23T19:11:13Z,2026-05-23T21:11:13+0200,3f7e4d3d-8fdb-4ead-ba3f-db913921b078,2026-04-30T08:45:00Z,2026-04-30T10:45:00+0200,-1.74,EUR/MWh,FR,FR,day_ahead_price,value,2026-05-23T19:12:02Z
2026-05-23T19:11:13Z,2026-05-23T21:11:13+0200,3f7e4d3d-8fdb-4ead-ba3f-db913921b078,2026-04-30T09:00:00Z,2026-04-30T11:00:00+0200,-0.11,EUR/MWh,FR,FR,day_ahead_price,value,2026-05-23T19:12:02Z
2026-05-23T19:11:13Z,2026-05-23T21:11:13+0200,3f7e4d3d-8fdb-4ead-ba3f-db913921b078,2026-04-30T09:15:00Z,2026-04-30T11:15:00+0200,-0.71,EUR/MWh,FR,FR,day_ahead_price,value,2026-05-23T19:12:02Z
2026-05-23T19:11:13Z,2026-05-23T21:11:13+0200,3f7e4d3d-8fdb-4ead-ba3f-db913921b078,2026-04-30T09:30:00Z,2026-04-30T11:30:00+0200,-3.03,EUR/MWh,FR,FR,day_ahead_price,value,2026-05-23T19:12:02Z
2026-05-23T19:11:13Z,2026-05-23T21:11:13+0200,3f7e4d3d-8fdb-4ead-ba3f-db913921b078,2026-04-30T09:45:00Z,2026-04-30T11:45:00+0200,-7.78,EUR/MWh,FR,FR,day_ahead_price,value,2026-05-23T19:12:02Z
2026-05-23T19:11:13Z,2026-05-23T21:11:13+0200,3f7e4d3d-8fdb-4ead-ba3f-db913921b078,2026-04-30T10:00:00Z,2026-04-30T12:00:00+0200,-5.71,EUR/MWh,FR,FR,day_ahead_price,value,2026-05-23T19:12:02Z
2026-05-23T19:11:13Z,2026-05-23T21:11:13+0200,3f7e4d3d-8fdb-4ead-ba3f-db913921b078,2026-04-30T10:15:00Z,2026-04-30T12:15:00+0200,-12.25,EUR/MWh,FR,FR,day_ahead_price,value,2026-05-23T19:12:02Z
2026-05-23T19:11:13Z,2026-05-23T21:11:13+0200,3f7e4d3d-8fdb-4ead-ba3f-db913921b078,2026-04-30T10:30:00Z,2026-04-30T12:30:00+0200,-14.76,EUR/MWh,FR,FR,day_ahead_price,value,2026-05-23T19:12:02Z
2026-05-23T19:11:13Z,2026-05-23T21:11:13+0200,3f7e4d3d-8fdb-4ead-ba3f-db913921b078,2026-04-30T10:45:00Z,2026-04-30T12:45:00+0200,-21.26,EUR/MWh,FR,FR,day_ahead_price,value,2026-05-23T19:12:02Z
2026-05-23T19:11:13Z,2026-05-23T21:11:13+0200,3f7e4d3d-8fdb-4ead-ba3f-db913921b078,2026-04-30T11:00:00Z,2026-04-30T13:00:00+0200,-24.88,EUR/MWh,FR,FR,day_ahead_price,value,2026-05-23T19:12:02Z
2026-05-23T19:11:13Z,2026-05-23T21:11:13+0200,3f7e4d3d-8fdb-4ead-ba3f-db913921b078,2026-04-30T11:15:00Z,2026-04-30T13:15:00+0200,-28.69,EUR/MWh,FR,FR,day_ahead_price,value,2026-05-23T19:12:02Z
2026-05-23T19:11:13Z,2026-05-23T21:11:13+0200,3f7e4d3d-8fdb-4ead-ba3f-db913921b078,2026-04-30T11:30:00Z,2026-04-30T13:30:00+0200,-33.13,EUR/MWh,FR,FR,day_ahead_price,value,2026-05-23T19:12:02Z
2026-05-23T19:11:13Z,2026-05-23T21:11:13+0200,3f7e4d3d-8fdb-4ead-ba3f-db913921b078,2026-04-30T11:45:00Z,2026-04-30T13:45:00+0200,-35.74,EUR/MWh,FR,FR,day_ahead_price,value,2026-05-23T19:12:02Z
2026-05-23T19:11:13Z,2026-05-23T21:11:13+0200,3f7e4d3d-8fdb-4ead-ba3f-db913921b078,2026-04-30T12:00:00Z,2026-04-30T14:00:00+0200,-32.67,EUR/MWh,FR,FR,day_ahead_price,value,2026-05-23T19:12:02Z
2026-05-23T19:11:13Z,2026-05-23T21:11:13+0200,3f7e4d3d-8fdb-4ead-ba3f-db913921b078,2026-04-30T12:15:00Z,2026-04-30T14:15:00+0200,-26.72,EUR/MWh,FR,FR,day_ahead_price,value,2026-05-23T19:12:02Z
2026-05-23T19:11:13Z,2026-05-23T21:11:13+0200,3f7e4d3d-8fdb-4ead-ba3f-db913921b078,2026-04-30T12:30:00Z,2026-04-30T14:30:00+0200,-25.17,EUR/MWh,FR,FR,day_ahead_price,value,2026-05-23T19:12:02Z
2026-05-23T19:11:13Z,2026-05-23T21:11:13+0200,3f7e4d3d-8fdb-4ead-ba3f-db913921b078,2026-04-30T12:45:00Z,2026-04-30T14:45:00+0200,-18.87,EUR/MWh,FR,FR,day_ahead_price,value,2026-05-23T19:12:02Z
2026-05-23T19:11:13Z,2026-05-23T21:11:13+0200,3f7e4d3d-8fdb-4ead-ba3f-db913921b078,2026-04-30T13:00:00Z,2026-04-30T15:00:00+0200,-18.45,EUR/MWh,FR,FR,day_ahead_price,value,2026-05-23T19:12:02Z
2026-05-23T19:11:13Z,2026-05-23T21:11:13+0200,3f7e4d3d-8fdb-4ead-ba3f-db913921b078,2026-04-30T13:15:00Z,2026-04-30T15:15:00+0200,-13.22,EUR/MWh,FR,FR,day_ahead_price,value,2026-05-23T19:12:02Z
2026-05-23T19:11:13Z,2026-05-23T21:11:13+0200,3f7e4d3d-8fdb-4ead-ba3f-db913921b078,2026-04-30T13:30:00Z,2026-04-30T15:30:00+0200,-8.28,EUR/MWh,FR,FR,day_ahead_price,value,2026-05-23T19:12:02Z
2026-05-23T19:11:13Z,2026-05-23T21:11:13+0200,3f7e4d3d-8fdb-4ead-ba3f-db913921b078,2026-04-30T13:45:00Z,2026-04-30T15:45:00+0200,-2.38,EUR/MWh,FR,FR,day_ahead_price,value,2026-05-23T19:12:02Z
2026-05-23T19:11:13Z,2026-05-23T21:11:13+0200,3f7e4d3d-8fdb-4ead-ba3f-db913921b078,2026-04-30T14:00:00Z,2026-04-30T16:00:00+0200,-5.13,EUR/MWh,FR,FR,day_ahead_price,value,2026-05-23T19:12:02Z
2026-05-23T19:11:13Z,2026-05-23T21:11:13+0200,3f7e4d3d-8fdb-4ead-ba3f-db913921b078,2026-04-30T14:15:00Z,2026-04-30T16:15:00+0200,-0.88,EUR/MWh,FR,FR,day_ahead_price,value,2026-05-23T19:12:02Z
2026-05-23T19:11:13Z,2026-05-23T21:11:13+0200,3f7e4d3d-8fdb-4ead-ba3f-db913921b078,2026-04-30T14:30:00Z,2026-04-30T16:30:00+0200,-0.02,EUR/MWh,FR,FR,day_ahead_price,value,2026-05-23T19:12:02Z
2026-05-23T19:11:13Z,2026-05-23T21:11:13+0200,3f7e4d3d-8fdb-4ead-ba3f-db913921b078,2026-04-30T14:45:00Z,2026-04-30T16:45:00+0200,2.05,EUR/MWh,FR,FR,day_ahead_price,value,2026-05-23T19:12:02Z
2026-05-23T19:11:13Z,2026-05-23T21:11:13+0200,3f7e4d3d-8fdb-4ead-ba3f-db913921b078,2026-04-30T15:00:00Z,2026-04-30T17:00:00+0200,-0.11,EUR/MWh,FR,FR,day_ahead_price,value,2026-05-23T19:12:02Z
2026-05-23T19:11:13Z,2026-05-23T21:11:13+0200,3f7e4d3d-8fdb-4ead-ba3f-db913921b078,2026-04-30T15:15:00Z,2026-04-30T17:15:00+0200,-0.01,EUR/MWh,FR,FR,day_ahead_price,value,2026-05-23T19:12:02Z
2026-05-23T19:11:13Z,2026-05-23T21:11:13+0200,3f7e4d3d-8fdb-4ead-ba3f-db913921b078,2026-04-30T15:30:00Z,2026-04-30T17:30:00+0200,3.08,EUR/MWh,FR,FR,day_ahead_price,value,2026-05-23T19:12:02Z
2026-05-23T19:11:13Z,2026-05-23T21:11:13+0200,3f7e4d3d-8fdb-4ead-ba3f-db913921b078,2026-04-30T15:45:00Z,2026-04-30T17:45:00+0200,9.66,EUR/MWh,FR,FR,day_ahead_price,value,2026-05-23T19:12:02Z
2026-05-23T19:11:13Z,2026-05-23T21:11:13+0200,3f7e4d3d-8fdb-4ead-ba3f-db913921b078,2026-04-30T16:00:00Z,2026-04-30T18:00:00+0200,9.66,EUR/MWh,FR,FR,day_ahead_price,value,2026-05-23T19:12:02Z
2026-05-23T19:11:13Z,2026-05-23T21:11:13+0200,3f7e4d3d-8fdb-4ead-ba3f-db913921b078,2026-04-30T16:15:00Z,2026-04-30T18:15:00+0200,24.15,EUR/MWh,FR,FR,day_ahead_price,value,2026-05-23T19:12:02Z
2026-05-23T19:11:13Z,2026-05-23T21:11:13+0200,3f7e4d3d-8fdb-4ead-ba3f-db913921b078,2026-04-30T16:30:00Z,2026-04-30T18:30:00+0200,27.96,EUR/MWh,FR,FR,day_ahead_price,value,2026-05-23T19:12:02Z
2026-05-23T19:11:13Z,2026-05-23T21:11:13+0200,3f7e4d3d-8fdb-4ead-ba3f-db913921b078,2026-04-30T16:45:00Z,2026-04-30T18:45:00+0200,47.78,EUR/MWh,FR,FR,day_ahead_price,value,2026-05-23T19:12:02Z
2026-05-23T19:11:13Z,2026-05-23T21:11:13+0200,3f7e4d3d-8fdb-4ead-ba3f-db913921b078,2026-04-30T17:00:00Z,2026-04-30T19:00:00+0200,36.96,EUR/MWh,FR,FR,day_ahead_price,value,2026-05-23T19:12:02Z
2026-05-23T19:11:13Z,2026-05-23T21:11:13+0200,3f7e4d3d-8fdb-4ead-ba3f-db913921b078,2026-04-30T17:15:00Z,2026-04-30T19:15:00+0200,48.98,EUR/MWh,FR,FR,day_ahead_price,value,2026-05-23T19:12:02Z
2026-05-23T19:11:13Z,2026-05-23T21:11:13+0200,3f7e4d3d-8fdb-4ead-ba3f-db913921b078,2026-04-30T17:30:00Z,2026-04-30T19:30:00+0200,56.45,EUR/MWh,FR,FR,day_ahead_price,value,2026-05-23T19:12:02Z
2026-05-23T19:11:13Z,2026-05-23T21:11:13+0200,3f7e4d3d-8fdb-4ead-ba3f-db913921b078,2026-04-30T17:45:00Z,2026-04-30T19:45:00+0200,70.34,EUR/MWh,FR,FR,day_ahead_price,value,2026-05-23T19:12:02Z
2026-05-23T19:11:13Z,2026-05-23T21:11:13+0200,3f7e4d3d-8fdb-4ead-ba3f-db913921b078,2026-04-30T18:00:00Z,2026-04-30T20:00:00+0200,50.25,EUR/MWh,FR,FR,day_ahead_price,value,2026-05-23T19:12:02Z
2026-05-23T19:11:13Z,2026-05-23T21:11:13+0200,3f7e4d3d-8fdb-4ead-ba3f-db913921b078,2026-04-30T18:15:00Z,2026-04-30T20:15:00+0200,44.22,EUR/MWh,FR,FR,day_ahead_price,value,2026-05-23T19:12:02Z
2026-05-23T19:11:13Z,2026-05-23T21:11:13+0200,3f7e4d3d-8fdb-4ead-ba3f-db913921b078,2026-04-30T18:30:00Z,2026-04-30T20:30:00+0200,35.05,EUR/MWh,FR,FR,day_ahead_price,value,2026-05-23T19:12:02Z
2026-05-23T19:11:13Z,2026-05-23T21:11:13+0200,3f7e4d3d-8fdb-4ead-ba3f-db913921b078,2026-04-30T18:45:00Z,2026-04-30T20:45:00+0200,42.33,EUR/MWh,FR,FR,day_ahead_price,value,2026-05-23T19:12:02Z
2026-05-23T19:11:13Z,2026-05-23T21:11:13+0200,3f7e4d3d-8fdb-4ead-ba3f-db913921b078,2026-04-30T19:00:00Z,2026-04-30T21:00:00+0200,50.09,EUR/MWh,FR,FR,day_ahead_price,value,2026-05-23T19:12:02Z
2026-05-23T19:11:13Z,2026-05-23T21:11:13+0200,3f7e4d3d-8fdb-4ead-ba3f-db913921b078,2026-04-30T19:15:00Z,2026-04-30T21:15:00+0200,33.39,EUR/MWh,FR,FR,day_ahead_price,value,2026-05-23T19:12:02Z
2026-05-23T19:11:13Z,2026-05-23T21:11:13+0200,3f7e4d3d-8fdb-4ead-ba3f-db913921b078,2026-04-30T19:30:00Z,2026-04-30T21:30:00+0200,38.11,EUR/MWh,FR,FR,day_ahead_price,value,2026-05-23T19:12:02Z
2026-05-23T19:11:13Z,2026-05-23T21:11:13+0200,3f7e4d3d-8fdb-4ead-ba3f-db913921b078,2026-04-30T19:45:00Z,2026-04-30T21:45:00+0200,17.02,EUR/MWh,FR,FR,day_ahead_price,value,2026-05-23T19:12:02Z
2026-05-23T19:11:13Z,2026-05-23T21:11:13+0200,3f7e4d3d-8fdb-4ead-ba3f-db913921b078,2026-04-30T20:00:00Z,2026-04-30T22:00:00+0200,38.78,EUR/MWh,FR,FR,day_ahead_price,value,2026-05-23T19:12:02Z
2026-05-23T19:11:13Z,2026-05-23T21:11:13+0200,3f7e4d3d-8fdb-4ead-ba3f-db913921b078,2026-04-30T20:15:00Z,2026-04-30T22:15:00+0200,22.66,EUR/MWh,FR,FR,day_ahead_price,value,2026-05-23T19:12:02Z
2026-05-23T19:11:13Z,2026-05-23T21:11:13+0200,3f7e4d3d-8fdb-4ead-ba3f-db913921b078,2026-04-30T20:30:00Z,2026-04-30T22:30:00+0200,76.97,EUR/MWh,FR,FR,day_ahead_price,value,2026-05-23T19:12:02Z
2026-05-23T19:11:13Z,2026-05-23T21:11:13+0200,3f7e4d3d-8fdb-4ead-ba3f-db913921b078,2026-04-30T20:45:00Z,2026-04-30T22:45:00+0200,56.62,EUR/MWh,FR,FR,day_ahead_price,value,2026-05-23T19:12:02Z
2026-05-23T19:11:13Z,2026-05-23T21:11:13+0200,3f7e4d3d-8fdb-4ead-ba3f-db913921b078,2026-04-30T21:00:00Z,2026-04-30T23:00:00+0200,46.15,EUR/MWh,FR,FR,day_ahead_price,value,2026-05-23T19:12:02Z
2026-05-23T19:11:13Z,2026-05-23T21:11:13+0200,3f7e4d3d-8fdb-4ead-ba3f-db913921b078,2026-04-30T21:15:00Z,2026-04-30T23:15:00+0200,40.04,EUR/MWh,FR,FR,day_ahead_price,value,2026-05-23T19:12:02Z
2026-05-23T19:11:13Z,2026-05-23T21:11:13+0200,3f7e4d3d-8fdb-4ead-ba3f-db913921b078,2026-04-30T21:30:00Z,2026-04-30T23:30:00+0200,71.08,EUR/MWh,FR,FR,day_ahead_price,value,2026-05-23T19:12:02Z
2026-05-23T19:11:13Z,2026-05-23T21:11:13+0200,3f7e4d3d-8fdb-4ead-ba3f-db913921b078,2026-04-30T21:45:00Z,2026-04-30T23:45:00+0200,29.65,EUR/MWh,FR,FR,day_ahead_price,value,2026-05-23T19:12:02Z
2026-05-23T19:11:13Z,2026-05-23T21:11:13+0200,3f7e4d3d-8fdb-4ead-ba3f-db913921b078,2026-04-30T22:00:00Z,2026-05-01T00:00:00+0200,84.33,EUR/MWh,FR,FR,day_ahead_price,value,2026-05-23T19:12:02Z
2026-05-23T19:11:13Z,2026-05-23T21:11:13+0200,3f7e4d3d-8fdb-4ead-ba3f-db913921b078,2026-04-30T22:15:00Z,2026-05-01T00:15:00+0200,33.66,EUR/MWh,FR,FR,day_ahead_price,value,2026-05-23T19:12:02Z
2026-05-23T19:11:13Z,2026-05-23T21:11:13+0200,3f7e4d3d-8fdb-4ead-ba3f-db913921b078,2026-04-30T22:30:00Z,2026-05-01T00:30:00+0200,41.06,EUR/MWh,FR,FR,day_ahead_price,value,2026-05-23T19:12:02Z
2026-05-23T19:11:13Z,2026-05-23T21:11:13+0200,3f7e4d3d-8fdb-4ead-ba3f-db913921b078,2026-04-30T22:45:00Z,2026-05-01T00:45:00+0200,21.8,EUR/MWh,FR,FR,day_ahead_price,value,2026-05-23T19:12:02Z
2026-05-23T19:11:13Z,2026-05-23T21:11:13+0200,3f7e4d3d-8fdb-4ead-ba3f-db913921b078,2026-04-30T23:00:00Z,2026-05-01T01:00:00+0200,52.74,EUR/MWh,FR,FR,day_ahead_price,value,2026-05-23T19:12:02Z
2026-05-23T19:11:13Z,2026-05-23T21:11:13+0200,3f7e4d3d-8fdb-4ead-ba3f-db913921b078,2026-04-30T23:15:00Z,2026-05-01T01:15:00+0200,34.95,EUR/MWh,FR,FR,day_ahead_price,value,2026-05-23T19:12:02Z
2026-05-23T19:11:13Z,2026-05-23T21:11:13+0200,3f7e4d3d-8fdb-4ead-ba3f-db913921b078,2026-04-30T23:30:00Z,2026-05-01T01:30:00+0200,46.99,EUR/MWh,FR,FR,day_ahead_price,value,2026-05-23T19:12:02Z
2026-05-23T19:11:13Z,2026-05-23T21:11:13+0200,3f7e4d3d-8fdb-4ead-ba3f-db913921b078,2026-04-30T23:45:00Z,2026-05-01T01:45:00+0200,28.24,EUR/MWh,FR,FR,day_ahead_price,value,2026-05-23T19:12:02Z
2026-05-23T19:11:13Z,2026-05-23T21:11:13+0200,3f7e4d3d-8fdb-4ead-ba3f-db913921b078,2026-05-01T00:00:00Z,2026-05-01T02:00:00+0200,44.0,EUR/MWh,FR,FR,day_ahead_price,value,2026-05-23T19:12:02Z
2026-05-23T19:11:13Z,2026-05-23T21:11:13+0200,3f7e4d3d-8fdb-4ead-ba3f-db913921b078,2026-05-01T00:15:00Z,2026-05-01T02:15:00+0200,33.37,EUR/MWh,FR,FR,day_ahead_price,value,2026-05-23T19:12:02Z
2026-05-23T19:11:13Z,2026-05-23T21:11:13+0200,3f7e4d3d-8fdb-4ead-ba3f-db913921b078,2026-05-01T00:30:00Z,2026-05-01T02:30:00+0200,20.96,EUR/MWh,FR,FR,day_ahead_price,value,2026-05-23T19:12:02Z
2026-05-23T19:11:13Z,2026-05-23T21:11:13+0200,3f7e4d3d-8fdb-4ead-ba3f-db913921b078,2026-05-01T00:45:00Z,2026-05-01T02:45:00+0200,16.06,EUR/MWh,FR,FR,day_ahead_price,value,2026-05-23T19:12:02Z
2026-05-23T19:11:13Z,2026-05-23T21:11:13+0200,3f7e4d3d-8fdb-4ead-ba3f-db913921b078,2026-05-01T01:00:00Z,2026-05-01T03:00:00+0200,15.21,EUR/MWh,FR,FR,day_ahead_price,value,2026-05-23T19:12:02Z
2026-05-23T19:11:13Z,2026-05-23T21:11:13+0200,3f7e4d3d-8fdb-4ead-ba3f-db913921b078,2026-05-01T01:15:00Z,2026-05-01T03:15:00+0200,22.0,EUR/MWh,FR,FR,day_ahead_price,value,2026-05-23T19:12:02Z
2026-05-23T19:11:13Z,2026-05-23T21:11:13+0200,3f7e4d3d-8fdb-4ead-ba3f-db913921b078,2026-05-01T01:30:00Z,2026-05-01T03:30:00+0200,29.86,EUR/MWh,FR,FR,day_ahead_price,value,2026-05-23T19:12:02Z
2026-05-23T19:11:13Z,2026-05-23T21:11:13+0200,3f7e4d3d-8fdb-4ead-ba3f-db913921b078,2026-05-01T01:45:00Z,2026-05-01T03:45:00+0200,33.27,EUR/MWh,FR,FR,day_ahead_price,value,2026-05-23T19:12:02Z
2026-05-23T19:11:13Z,2026-05-23T21:11:13+0200,3f7e4d3d-8fdb-4ead-ba3f-db913921b078,2026-05-01T02:00:00Z,2026-05-01T04:00:00+0200,23.73,EUR/MWh,FR,FR,day_ahead_price,value,2026-05-23T19:12:02Z
2026-05-23T19:11:13Z,2026-05-23T21:11:13+0200,3f7e4d3d-8fdb-4ead-ba3f-db913921b078,2026-05-01T02:15:00Z,2026-05-01T04:15:00+0200,21.03,EUR/MWh,FR,FR,day_ahead_price,value,2026-05-23T19:12:02Z
2026-05-23T19:11:13Z,2026-05-23T21:11:13+0200,3f7e4d3d-8fdb-4ead-ba3f-db913921b078,2026-05-01T02:30:00Z,2026-05-01T04:30:00+0200,15.12,EUR/MWh,FR,FR,day_ahead_price,value,2026-05-23T19:12:02Z
2026-05-23T19:11:13Z,2026-05-23T21:11:13+0200,3f7e4d3d-8fdb-4ead-ba3f-db913921b078,2026-05-01T02:45:00Z,2026-05-01T04:45:00+0200,22.49,EUR/MWh,FR,FR,day_ahead_price,value,2026-05-23T19:12:02Z
2026-05-23T19:11:13Z,2026-05-23T21:11:13+0200,3f7e4d3d-8fdb-4ead-ba3f-db913921b078,2026-05-01T03:00:00Z,2026-05-01T05:00:00+0200,7.54,EUR/MWh,FR,FR,day_ahead_price,value,2026-05-23T19:12:02Z
2026-05-23T19:11:13Z,2026-05-23T21:11:13+0200,3f7e4d3d-8fdb-4ead-ba3f-db913921b078,2026-05-01T03:15:00Z,2026-05-01T05:15:00+0200,12.0,EUR/MWh,FR,FR,day_ahead_price,value,2026-05-23T19:12:02Z
2026-05-23T19:11:13Z,2026-05-23T21:11:13+0200,3f7e4d3d-8fdb-4ead-ba3f-db913921b078,2026-05-01T03:30:00Z,2026-05-01T05:30:00+0200,15.69,EUR/MWh,FR,FR,day_ahead_price,value,2026-05-23T19:12:02Z
2026-05-23T19:11:13Z,2026-05-23T21:11:13+0200,3f7e4d3d-8fdb-4ead-ba3f-db913921b078,2026-05-01T03:45:00Z,2026-05-01T05:45:00+0200,23.21,EUR/MWh,FR,FR,day_ahead_price,value,2026-05-23T19:12:02Z
2026-05-23T19:11:13Z,2026-05-23T21:11:13+0200,3f7e4d3d-8fdb-4ead-ba3f-db913921b078,2026-05-01T04:00:00Z,2026-05-01T06:00:00+0200,10.24,EUR/MWh,FR,FR,day_ahead_price,value,2026-05-23T19:12:02Z
2026-05-23T19:11:13Z,2026-05-23T21:11:13+0200,3f7e4d3d-8fdb-4ead-ba3f-db913921b078,2026-05-01T04:15:00Z,2026-05-01T06:15:00+0200,15.79,EUR/MWh,FR,FR,day_ahead_price,value,2026-05-23T19:12:02Z
2026-05-23T19:11:13Z,2026-05-23T21:11:13+0200,3f7e4d3d-8fdb-4ead-ba3f-db913921b078,2026-05-01T04:30:00Z,2026-05-01T06:30:00+0200,18.87,EUR/MWh,FR,FR,day_ahead_price,value,2026-05-23T19:12:02Z
2026-05-23T19:11:13Z,2026-05-23T21:11:13+0200,3f7e4d3d-8fdb-4ead-ba3f-db913921b078,2026-05-01T04:45:00Z,2026-05-01T06:45:00+0200,5.41,EUR/MWh,FR,FR,day_ahead_price,value,2026-05-23T19:12:02Z
2026-05-23T19:11:13Z,2026-05-23T21:11:13+0200,3f7e4d3d-8fdb-4ead-ba3f-db913921b078,2026-05-01T05:00:00Z,2026-05-01T07:00:00+0200,7.5,EUR/MWh,FR,FR,day_ahead_price,value,2026-05-23T19:12:02Z
2026-05-23T19:11:13Z,2026-05-23T21:11:13+0200,3f7e4d3d-8fdb-4ead-ba3f-db913921b078,2026-05-01T05:15:00Z,2026-05-01T07:15:00+0200,11.53,EUR/MWh,FR,FR,day_ahead_price,value,2026-05-23T19:12:02Z
2026-05-23T19:11:13Z,2026-05-23T21:11:13+0200,3f7e4d3d-8fdb-4ead-ba3f-db913921b078,2026-05-01T05:30:00Z,2026-05-01T07:30:00+0200,11.07,EUR/MWh,FR,FR,day_ahead_price,value,2026-05-23T19:12:02Z
2026-05-23T19:11:13Z,2026-05-23T21:11:13+0200,3f7e4d3d-8fdb-4ead-ba3f-db913921b078,2026-05-01T05:45:00Z,2026-05-01T07:45:00+0200,10.3,EUR/MWh,FR,FR,day_ahead_price,value,2026-05-23T19:12:02Z
2026-05-23T19:11:13Z,2026-05-23T21:11:13+0200,3f7e4d3d-8fdb-4ead-ba3f-db913921b078,2026-05-01T06:00:00Z,2026-05-01T08:00:00+0200,14.1,EUR/MWh,FR,FR,day_ahead_price,value,2026-05-23T19:12:02Z
2026-05-23T19:11:13Z,2026-05-23T21:11:13+0200,3f7e4d3d-8fdb-4ead-ba3f-db913921b078,2026-05-01T06:15:00Z,2026-05-01T08:15:00+0200,14.27,EUR/MWh,FR,FR,day_ahead_price,value,2026-05-23T19:12:02Z
2026-05-23T19:11:13Z,2026-05-23T21:11:13+0200,3f7e4d3d-8fdb-4ead-ba3f-db913921b078,2026-05-01T06:30:00Z,2026-05-01T08:30:00+0200,7.66,EUR/MWh,FR,FR,day_ahead_price,value,2026-05-23T19:12:02Z
2026-05-23T19:11:13Z,2026-05-23T21:11:13+0200,3f7e4d3d-8fdb-4ead-ba3f-db913921b078,2026-05-01T06:45:00Z,2026-05-01T08:45:00+0200,0.03,EUR/MWh,FR,FR,day_ahead_price,value,2026-05-23T19:12:02Z
2026-05-23T19:11:13Z,2026-05-23T21:11:13+0200,3f7e4d3d-8fdb-4ead-ba3f-db913921b078,2026-05-01T07:00:00Z,2026-05-01T09:00:00+0200,1.16,EUR/MWh,FR,FR,day_ahead_price,value,2026-05-23T19:12:02Z
2026-05-23T19:11:13Z,2026-05-23T21:11:13+0200,3f7e4d3d-8fdb-4ead-ba3f-db913921b078,2026-05-01T07:15:00Z,2026-05-01T09:15:00+0200,0.0,EUR/MWh,FR,FR,day_ahead_price,value,2026-05-23T19:12:02Z
2026-05-23T19:11:13Z,2026-05-23T21:11:13+0200,3f7e4d3d-8fdb-4ead-ba3f-db913921b078,2026-05-01T07:30:00Z,2026-05-01T09:30:00+0200,-0.01,EUR/MWh,FR,FR,day_ahead_price,value,2026-05-23T19:12:02Z
2026-05-23T19:11:13Z,2026-05-23T21:11:13+0200,3f7e4d3d-8fdb-4ead-ba3f-db913921b078,2026-05-01T07:45:00Z,2026-05-01T09:45:00+0200,-1.25,EUR/MWh,FR,FR,day_ahead_price,value,2026-05-23T19:12:02Z
2026-05-23T19:11:13Z,2026-05-23T21:11:13+0200,3f7e4d3d-8fdb-4ead-ba3f-db913921b078,2026-05-01T08:00:00Z,2026-05-01T10:00:00+0200,-1.36,EUR/MWh,FR,FR,day_ahead_price,value,2026-05-23T19:12:02Z
2026-05-23T19:11:13Z,2026-05-23T21:11:13+0200,3f7e4d3d-8fdb-4ead-ba3f-db913921b078,2026-05-01T08:15:00Z,2026-05-01T10:15:00+0200,-7.9,EUR/MWh,FR,FR,day_ahead_price,value,2026-05-23T19:12:02Z
2026-05-23T19:11:13Z,2026-05-23T21:11:13+0200,3f7e4d3d-8fdb-4ead-ba3f-db913921b078,2026-05-01T08:30:00Z,2026-05-01T10:30:00+0200,-24.7,EUR/MWh,FR,FR,day_ahead_price,value,2026-05-23T19:12:02Z
2026-05-23T19:11:13Z,2026-05-23T21:11:13+0200,3f7e4d3d-8fdb-4ead-ba3f-db913921b078,2026-05-01T08:45:00Z,2026-05-01T10:45:00+0200,-49.76,EUR/MWh,FR,FR,day_ahead_price,value,2026-05-23T19:12:02Z
2026-05-23T19:11:13Z,2026-05-23T21:11:13+0200,3f7e4d3d-8fdb-4ead-ba3f-db913921b078,2026-05-01T09:00:00Z,2026-05-01T11:00:00+0200,-69.11,EUR/MWh,FR,FR,day_ahead_price,value,2026-05-23T19:12:02Z
2026-05-23T19:11:13Z,2026-05-23T21:11:13+0200,3f7e4d3d-8fdb-4ead-ba3f-db913921b078,2026-05-01T09:15:00Z,2026-05-01T11:15:00+0200,-89.4,EUR/MWh,FR,FR,day_ahead_price,value,2026-05-23T19:12:02Z
2026-05-23T19:11:13Z,2026-05-23T21:11:13+0200,3f7e4d3d-8fdb-4ead-ba3f-db913921b078,2026-05-01T09:30:00Z,2026-05-01T11:30:00+0200,-118.49,EUR/MWh,FR,FR,day_ahead_price,value,2026-05-23T19:12:02Z
2026-05-23T19:11:13Z,2026-05-23T21:11:13+0200,3f7e4d3d-8fdb-4ead-ba3f-db913921b078,2026-05-01T09:45:00Z,2026-05-01T11:45:00+0200,-152.07,EUR/MWh,FR,FR,day_ahead_price,value,2026-05-23T19:12:02Z
2026-05-23T19:11:13Z,2026-05-23T21:11:13+0200,3f7e4d3d-8fdb-4ead-ba3f-db913921b078,2026-05-01T10:00:00Z,2026-05-01T12:00:00+0200,-157.95,EUR/MWh,FR,FR,day_ahead_price,value,2026-05-23T19:12:02Z
2026-05-23T19:11:13Z,2026-05-23T21:11:13+0200,3f7e4d3d-8fdb-4ead-ba3f-db913921b078,2026-05-01T10:15:00Z,2026-05-01T12:15:00+0200,-279.67,EUR/MWh,FR,FR,day_ahead_price,value,2026-05-23T19:12:02Z
2026-05-23T19:11:13Z,2026-05-23T21:11:13+0200,3f7e4d3d-8fdb-4ead-ba3f-db913921b078,2026-05-01T10:30:00Z,2026-05-01T12:30:00+0200,-335.8,EUR/MWh,FR,FR,day_ahead_price,value,2026-05-23T19:12:02Z
2026-05-23T19:11:13Z,2026-05-23T21:11:13+0200,3f7e4d3d-8fdb-4ead-ba3f-db913921b078,2026-05-01T10:45:00Z,2026-05-01T12:45:00+0200,-490.58,EUR/MWh,FR,FR,day_ahead_price,value,2026-05-23T19:12:02Z
2026-05-23T19:11:13Z,2026-05-23T21:11:13+0200,3f7e4d3d-8fdb-4ead-ba3f-db913921b078,2026-05-01T11:00:00Z,2026-05-01T13:00:00+0200,-493.64,EUR/MWh,FR,FR,day_ahead_price,value,2026-05-23T19:12:02Z
2026-05-23T19:11:13Z,2026-05-23T21:11:13+0200,3f7e4d3d-8fdb-4ead-ba3f-db913921b078,2026-05-01T11:15:00Z,2026-05-01T13:15:00+0200,-497.58,EUR/MWh,FR,FR,day_ahead_price,value,2026-05-23T19:12:02Z
2026-05-23T19:11:13Z,2026-05-23T21:11:13+0200,3f7e4d3d-8fdb-4ead-ba3f-db913921b078,2026-05-01T11:30:00Z,2026-05-01T13:30:00+0200,-498.65,EUR/MWh,FR,FR,day_ahead_price,value,2026-05-23T19:12:02Z
2026-05-23T19:11:13Z,2026-05-23T21:11:13+0200,3f7e4d3d-8fdb-4ead-ba3f-db913921b078,2026-05-01T11:45:00Z,2026-05-01T13:45:00+0200,-497.58,EUR/MWh,FR,FR,day_ahead_price,value,2026-05-23T19:12:02Z
2026-05-23T19:11:13Z,2026-05-23T21:11:13+0200,3f7e4d3d-8fdb-4ead-ba3f-db913921b078,2026-05-01T12:00:00Z,2026-05-01T14:00:00+0200,-497.8,EUR/MWh,FR,FR,day_ahead_price,value,2026-05-23T19:12:02Z
2026-05-23T19:11:13Z,2026-05-23T21:11:13+0200,3f7e4d3d-8fdb-4ead-ba3f-db913921b078,2026-05-01T12:15:00Z,2026-05-01T14:15:00+0200,-497.8,EUR/MWh,FR,FR,day_ahead_price,value,2026-05-23T19:12:02Z
2026-05-23T19:11:13Z,2026-05-23T21:11:13+0200,3f7e4d3d-8fdb-4ead-ba3f-db913921b078,2026-05-01T12:30:00Z,2026-05-01T14:30:00+0200,-493.65,EUR/MWh,FR,FR,day_ahead_price,value,2026-05-23T19:12:02Z
2026-05-23T19:11:13Z,2026-05-23T21:11:13+0200,3f7e4d3d-8fdb-4ead-ba3f-db913921b078,2026-05-01T12:45:00Z,2026-05-01T14:45:00+0200,-395.0,EUR/MWh,FR,FR,day_ahead_price,value,2026-05-23T19:12:02Z
2026-05-23T19:11:13Z,2026-05-23T21:11:13+0200,3f7e4d3d-8fdb-4ead-ba3f-db913921b078,2026-05-01T13:00:00Z,2026-05-01T15:00:00+0200,-395.02,EUR/MWh,FR,FR,day_ahead_price,value,2026-05-23T19:12:02Z
2026-05-23T19:11:13Z,2026-05-23T21:11:13+0200,3f7e4d3d-8fdb-4ead-ba3f-db913921b078,2026-05-01T13:15:00Z,2026-05-01T15:15:00+0200,-212.97,EUR/MWh,FR,FR,day_ahead_price,value,2026-05-23T19:12:02Z
2026-05-23T19:11:13Z,2026-05-23T21:11:13+0200,3f7e4d3d-8fdb-4ead-ba3f-db913921b078,2026-05-01T13:30:00Z,2026-05-01T15:30:00+0200,-128.33,EUR/MWh,FR,FR,day_ahead_price,value,2026-05-23T19:12:02Z
2026-05-23T19:11:13Z,2026-05-23T21:11:13+0200,3f7e4d3d-8fdb-4ead-ba3f-db913921b078,2026-05-01T13:45:00Z,2026-05-01T15:45:00+0200,-76.94,EUR/MWh,FR,FR,day_ahead_price,value,2026-05-23T19:12:02Z
2026-05-23T19:11:13Z,2026-05-23T21:11:13+0200,3f7e4d3d-8fdb-4ead-ba3f-db913921b078,2026-05-01T14:00:00Z,2026-05-01T16:00:00+0200,-63.15,EUR/MWh,FR,FR,day_ahead_price,value,2026-05-23T19:12:02Z
2026-05-23T19:11:13Z,2026-05-23T21:11:13+0200,3f7e4d3d-8fdb-4ead-ba3f-db913921b078,2026-05-01T14:15:00Z,2026-05-01T16:15:00+0200,-29.5,EUR/MWh,FR,FR,day_ahead_price,value,2026-05-23T19:12:02Z
2026-05-23T19:11:13Z,2026-05-23T21:11:13+0200,3f7e4d3d-8fdb-4ead-ba3f-db913921b078,2026-05-01T14:30:00Z,2026-05-01T16:30:00+0200,-9.71,EUR/MWh,FR,FR,day_ahead_price,value,2026-05-23T19:12:02Z
2026-05-23T19:11:13Z,2026-05-23T21:11:13+0200,3f7e4d3d-8fdb-4ead-ba3f-db913921b078,2026-05-01T14:45:00Z,2026-05-01T16:45:00+0200,-1.17,EUR/MWh,FR,FR,day_ahead_price,value,2026-05-23T19:12:02Z
2026-05-23T19:11:13Z,2026-05-23T21:11:13+0200,3f7e4d3d-8fdb-4ead-ba3f-db913921b078,2026-05-01T15:00:00Z,2026-05-01T17:00:00+0200,-1.52,EUR/MWh,FR,FR,day_ahead_price,value,2026-05-23T19:12:02Z
2026-05-23T19:11:13Z,2026-05-23T21:11:13+0200,3f7e4d3d-8fdb-4ead-ba3f-db913921b078,2026-05-01T15:15:00Z,2026-05-01T17:15:00+0200,-0.05,EUR/MWh,FR,FR,day_ahead_price,value,2026-05-23T19:12:02Z
2026-05-23T19:11:13Z,2026-05-23T21:11:13+0200,3f7e4d3d-8fdb-4ead-ba3f-db913921b078,2026-05-01T15:30:00Z,2026-05-01T17:30:00+0200,0.0,EUR/MWh,FR,FR,day_ahead_price,value,2026-05-23T19:12:02Z
2026-05-23T19:11:13Z,2026-05-23T21:11:13+0200,3f7e4d3d-8fdb-4ead-ba3f-db913921b078,2026-05-01T15:45:00Z,2026-05-01T17:45:00+0200,0.0,EUR/MWh,FR,FR,day_ahead_price,value,2026-05-23T19:12:02Z
2026-05-23T19:11:13Z,2026-05-23T21:11:13+0200,3f7e4d3d-8fdb-4ead-ba3f-db913921b078,2026-05-01T16:00:00Z,2026-05-01T18:00:00+0200,0.84,EUR/MWh,FR,FR,day_ahead_price,value,2026-05-23T19:12:02Z
2026-05-23T19:11:13Z,2026-05-23T21:11:13+0200,3f7e4d3d-8fdb-4ead-ba3f-db913921b078,2026-05-01T16:15:00Z,2026-05-01T18:15:00+0200,2.89,EUR/MWh,FR,FR,day_ahead_price,value,2026-05-23T19:12:02Z
2026-05-23T19:11:13Z,2026-05-23T21:11:13+0200,3f7e4d3d-8fdb-4ead-ba3f-db913921b078,2026-05-01T16:30:00Z,2026-05-01T18:30:00+0200,11.09,EUR/MWh,FR,FR,day_ahead_price,value,2026-05-23T19:12:02Z
2026-05-23T19:11:13Z,2026-05-23T21:11:13+0200,3f7e4d3d-8fdb-4ead-ba3f-db913921b078,2026-05-01T16:45:00Z,2026-05-01T18:45:00+0200,30.0,EUR/MWh,FR,FR,day_ahead_price,value,2026-05-23T19:12:02Z
2026-05-23T19:11:13Z,2026-05-23T21:11:13+0200,3f7e4d3d-8fdb-4ead-ba3f-db913921b078,2026-05-01T17:00:00Z,2026-05-01T19:00:00+0200,25.9,EUR/MWh,FR,FR,day_ahead_price,value,2026-05-23T19:12:02Z
2026-05-23T19:11:13Z,2026-05-23T21:11:13+0200,3f7e4d3d-8fdb-4ead-ba3f-db913921b078,2026-05-01T17:15:00Z,2026-05-01T19:15:00+0200,48.17,EUR/MWh,FR,FR,day_ahead_price,value,2026-05-23T19:12:02Z
2026-05-23T19:11:13Z,2026-05-23T21:11:13+0200,3f7e4d3d-8fdb-4ead-ba3f-db913921b078,2026-05-01T17:30:00Z,2026-05-01T19:30:00+0200,60.0,EUR/MWh,FR,FR,day_ahead_price,value,2026-05-23T19:12:02Z
2026-05-23T19:11:13Z,2026-05-23T21:11:13+0200,3f7e4d3d-8fdb-4ead-ba3f-db913921b078,2026-05-01T17:45:00Z,2026-05-01T19:45:00+0200,88.78,EUR/MWh,FR,FR,day_ahead_price,value,2026-05-23T19:12:02Z
2026-05-23T19:11:13Z,2026-05-23T21:11:13+0200,3f7e4d3d-8fdb-4ead-ba3f-db913921b078,2026-05-01T18:00:00Z,2026-05-01T20:00:00+0200,77.19,EUR/MWh,FR,FR,day_ahead_price,value,2026-05-23T19:12:02Z
2026-05-23T19:11:13Z,2026-05-23T21:11:13+0200,3f7e4d3d-8fdb-4ead-ba3f-db913921b078,2026-05-01T18:15:00Z,2026-05-01T20:15:00+0200,95.3,EUR/MWh,FR,FR,day_ahead_price,value,2026-05-23T19:12:02Z
2026-05-23T19:11:13Z,2026-05-23T21:11:13+0200,3f7e4d3d-8fdb-4ead-ba3f-db913921b078,2026-05-01T18:30:00Z,2026-05-01T20:30:00+0200,70.13,EUR/MWh,FR,FR,day_ahead_price,value,2026-05-23T19:12:02Z
2026-05-23T19:11:13Z,2026-05-23T21:11:13+0200,3f7e4d3d-8fdb-4ead-ba3f-db913921b078,2026-05-01T18:45:00Z,2026-05-01T20:45:00+0200,77.38,EUR/MWh,FR,FR,day_ahead_price,value,2026-05-23T19:12:02Z
2026-05-23T19:11:13Z,2026-05-23T21:11:13+0200,3f7e4d3d-8fdb-4ead-ba3f-db913921b078,2026-05-01T19:00:00Z,2026-05-01T21:00:00+0200,103.55,EUR/MWh,FR,FR,day_ahead_price,value,2026-05-23T19:12:02Z
2026-05-23T19:11:13Z,2026-05-23T21:11:13+0200,3f7e4d3d-8fdb-4ead-ba3f-db913921b078,2026-05-01T19:15:00Z,2026-05-01T21:15:00+0200,99.36,EUR/MWh,FR,FR,day_ahead_price,value,2026-05-23T19:12:02Z
2026-05-23T19:11:13Z,2026-05-23T21:11:13+0200,3f7e4d3d-8fdb-4ead-ba3f-db913921b078,2026-05-01T19:30:00Z,2026-05-01T21:30:00+0200,95.16,EUR/MWh,FR,FR,day_ahead_price,value,2026-05-23T19:12:02Z
2026-05-23T19:11:13Z,2026-05-23T21:11:13+0200,3f7e4d3d-8fdb-4ead-ba3f-db913921b078,2026-05-01T19:45:00Z,2026-05-01T21:45:00+0200,74.54,EUR/MWh,FR,FR,day_ahead_price,value,2026-05-23T19:12:02Z
2026-05-23T19:11:13Z,2026-05-23T21:11:13+0200,3f7e4d3d-8fdb-4ead-ba3f-db913921b078,2026-05-01T20:00:00Z,2026-05-01T22:00:00+0200,104.32,EUR/MWh,FR,FR,day_ahead_price,value,2026-05-23T19:12:02Z
2026-05-23T19:11:13Z,2026-05-23T21:11:13+0200,3f7e4d3d-8fdb-4ead-ba3f-db913921b078,2026-05-01T20:15:00Z,2026-05-01T22:15:00+0200,103.26,EUR/MWh,FR,FR,day_ahead_price,value,2026-05-23T19:12:02Z
2026-05-23T19:11:13Z,2026-05-23T21:11:13+0200,3f7e4d3d-8fdb-4ead-ba3f-db913921b078,2026-05-01T20:30:00Z,2026-05-01T22:30:00+0200,104.78,EUR/MWh,FR,FR,day_ahead_price,value,2026-05-23T19:12:02Z
2026-05-23T19:11:13Z,2026-05-23T21:11:13+0200,3f7e4d3d-8fdb-4ead-ba3f-db913921b078,2026-05-01T20:45:00Z,2026-05-01T22:45:00+0200,103.2,EUR/MWh,FR,FR,day_ahead_price,value,2026-05-23T19:12:02Z
2026-05-23T19:11:13Z,2026-05-23T21:11:13+0200,3f7e4d3d-8fdb-4ead-ba3f-db913921b078,2026-05-01T21:00:00Z,2026-05-01T23:00:00+0200,103.5,EUR/MWh,FR,FR,day_ahead_price,value,2026-05-23T19:12:02Z
2026-05-23T19:11:13Z,2026-05-23T21:11:13+0200,3f7e4d3d-8fdb-4ead-ba3f-db913921b078,2026-05-01T21:15:00Z,2026-05-01T23:15:00+0200,102.13,EUR/MWh,FR,FR,day_ahead_price,value,2026-05-23T19:12:02Z
2026-05-23T19:11:13Z,2026-05-23T21:11:13+0200,3f7e4d3d-8fdb-4ead-ba3f-db913921b078,2026-05-01T21:30:00Z,2026-05-01T23:30:00+0200,96.02,EUR/MWh,FR,FR,day_ahead_price,value,2026-05-23T19:12:02Z
2026-05-23T19:11:13Z,2026-05-23T21:11:13+0200,3f7e4d3d-8fdb-4ead-ba3f-db913921b078,2026-05-01T21:45:00Z,2026-05-01T23:45:00+0200,89.68,EUR/MWh,FR,FR,day_ahead_price,value,2026-05-23T19:12:02Z
2026-05-23T19:11:13Z,2026-05-23T21:11:13+0200,3f7e4d3d-8fdb-4ead-ba3f-db913921b078,2026-05-01T22:00:00Z,2026-05-02T00:00:00+0200,92.94,EUR/MWh,FR,FR,day_ahead_price,value,2026-05-23T19:12:02Z
2026-05-23T19:11:13Z,2026-05-23T21:11:13+0200,3f7e4d3d-8fdb-4ead-ba3f-db913921b078,2026-05-01T22:15:00Z,2026-05-02T00:15:00+0200,89.78,EUR/MWh,FR,FR,day_ahead_price,value,2026-05-23T19:12:02Z
2026-05-23T19:11:13Z,2026-05-23T21:11:13+0200,3f7e4d3d-8fdb-4ead-ba3f-db913921b078,2026-05-01T22:30:00Z,2026-05-02T00:30:00+0200,83.5,EUR/MWh,FR,FR,day_ahead_price,value,2026-05-23T19:12:02Z
2026-05-23T19:11:13Z,2026-05-23T21:11:13+0200,3f7e4d3d-8fdb-4ead-ba3f-db913921b078,2026-05-01T22:45:00Z,2026-05-02T00:45:00+0200,83.08,EUR/MWh,FR,FR,day_ahead_price,value,2026-05-23T19:12:02Z
2026-05-23T19:11:13Z,2026-05-23T21:11:13+0200,3f7e4d3d-8fdb-4ead-ba3f-db913921b078,2026-05-01T23:00:00Z,2026-05-02T01:00:00+0200,87.5,EUR/MWh,FR,FR,day_ahead_price,value,2026-05-23T19:12:02Z
2026-05-23T19:11:13Z,2026-05-23T21:11:13+0200,3f7e4d3d-8fdb-4ead-ba3f-db913921b078,2026-05-01T23:15:00Z,2026-05-02T01:15:00+0200,84.7,EUR/MWh,FR,FR,day_ahead_price,value,2026-05-23T19:12:02Z
2026-05-23T19:11:13Z,2026-05-23T21:11:13+0200,3f7e4d3d-8fdb-4ead-ba3f-db913921b078,2026-05-01T23:30:00Z,2026-05-02T01:30:00+0200,83.83,EUR/MWh,FR,FR,day_ahead_price,value,2026-05-23T19:12:02Z
2026-05-23T19:11:13Z,2026-05-23T21:11:13+0200,3f7e4d3d-8fdb-4ead-ba3f-db913921b078,2026-05-01T23:45:00Z,2026-05-02T01:45:00+0200,83.74,EUR/MWh,FR,FR,day_ahead_price,value,2026-05-23T19:12:02Z
2026-05-23T19:11:13Z,2026-05-23T21:11:13+0200,3f7e4d3d-8fdb-4ead-ba3f-db913921b078,2026-05-02T00:00:00Z,2026-05-02T02:00:00+0200,83.23,EUR/MWh,FR,FR,day_ahead_price,value,2026-05-23T19:12:02Z
2026-05-23T19:11:13Z,2026-05-23T21:11:13+0200,3f7e4d3d-8fdb-4ead-ba3f-db913921b078,2026-05-02T00:15:00Z,2026-05-02T02:15:00+0200,82.3,EUR/MWh,FR,FR,day_ahead_price,value,2026-05-23T19:12:02Z
2026-05-23T19:11:13Z,2026-05-23T21:11:13+0200,3f7e4d3d-8fdb-4ead-ba3f-db913921b078,2026-05-02T00:30:00Z,2026-05-02T02:30:00+0200,60.38,EUR/MWh,FR,FR,day_ahead_price,value,2026-05-23T19:12:02Z
2026-05-23T19:11:13Z,2026-05-23T21:11:13+0200,3f7e4d3d-8fdb-4ead-ba3f-db913921b078,2026-05-02T00:45:00Z,2026-05-02T02:45:00+0200,55.49,EUR/MWh,FR,FR,day_ahead_price,value,2026-05-23T19:12:02Z
2026-05-23T19:11:13Z,2026-05-23T21:11:13+0200,3f7e4d3d-8fdb-4ead-ba3f-db913921b078,2026-05-02T01:00:00Z,2026-05-02T03:00:00+0200,46.45,EUR/MWh,FR,FR,day_ahead_price,value,2026-05-23T19:12:02Z
2026-05-23T19:11:13Z,2026-05-23T21:11:13+0200,3f7e4d3d-8fdb-4ead-ba3f-db913921b078,2026-05-02T01:15:00Z,2026-05-02T03:15:00+0200,51.8,EUR/MWh,FR,FR,day_ahead_price,value,2026-05-23T19:12:02Z
2026-05-23T19:11:13Z,2026-05-23T21:11:13+0200,3f7e4d3d-8fdb-4ead-ba3f-db913921b078,2026-05-02T01:30:00Z,2026-05-02T03:30:00+0200,51.92,EUR/MWh,FR,FR,day_ahead_price,value,2026-05-23T19:12:02Z
2026-05-23T19:11:13Z,2026-05-23T21:11:13+0200,3f7e4d3d-8fdb-4ead-ba3f-db913921b078,2026-05-02T01:45:00Z,2026-05-02T03:45:00+0200,40.23,EUR/MWh,FR,FR,day_ahead_price,value,2026-05-23T19:12:02Z
2026-05-23T19:11:13Z,2026-05-23T21:11:13+0200,3f7e4d3d-8fdb-4ead-ba3f-db913921b078,2026-05-02T02:00:00Z,2026-05-02T04:00:00+0200,55.28,EUR/MWh,FR,FR,day_ahead_price,value,2026-05-23T19:12:02Z
2026-05-23T19:11:13Z,2026-05-23T21:11:13+0200,3f7e4d3d-8fdb-4ead-ba3f-db913921b078,2026-05-02T02:15:00Z,2026-05-02T04:15:00+0200,54.3,EUR/MWh,FR,FR,day_ahead_price,value,2026-05-23T19:12:02Z
2026-05-23T19:11:13Z,2026-05-23T21:11:13+0200,3f7e4d3d-8fdb-4ead-ba3f-db913921b078,2026-05-02T02:30:00Z,2026-05-02T04:30:00+0200,54.17,EUR/MWh,FR,FR,day_ahead_price,value,2026-05-23T19:12:02Z
2026-05-23T19:11:13Z,2026-05-23T21:11:13+0200,3f7e4d3d-8fdb-4ead-ba3f-db913921b078,2026-05-02T02:45:00Z,2026-05-02T04:45:00+0200,54.3,EUR/MWh,FR,FR,day_ahead_price,value,2026-05-23T19:12:02Z
2026-05-23T19:11:13Z,2026-05-23T21:11:13+0200,3f7e4d3d-8fdb-4ead-ba3f-db913921b078,2026-05-02T03:00:00Z,2026-05-02T05:00:00+0200,46.0,EUR/MWh,FR,FR,day_ahead_price,value,2026-05-23T19:12:02Z
2026-05-23T19:11:13Z,2026-05-23T21:11:13+0200,3f7e4d3d-8fdb-4ead-ba3f-db913921b078,2026-05-02T03:15:00Z,2026-05-02T05:15:00+0200,47.17,EUR/MWh,FR,FR,day_ahead_price,value,2026-05-23T19:12:02Z
2026-05-23T19:11:13Z,2026-05-23T21:11:13+0200,3f7e4d3d-8fdb-4ead-ba3f-db913921b078,2026-05-02T03:30:00Z,2026-05-02T05:30:00+0200,50.08,EUR/MWh,FR,FR,day_ahead_price,value,2026-05-23T19:12:02Z
2026-05-23T19:11:13Z,2026-05-23T21:11:13+0200,3f7e4d3d-8fdb-4ead-ba3f-db913921b078,2026-05-02T03:45:00Z,2026-05-02T05:45:00+0200,55.03,EUR/MWh,FR,FR,day_ahead_price,value,2026-05-23T19:12:02Z
2026-05-23T19:11:13Z,2026-05-23T21:11:13+0200,3f7e4d3d-8fdb-4ead-ba3f-db913921b078,2026-05-02T04:00:00Z,2026-05-02T06:00:00+0200,37.46,EUR/MWh,FR,FR,day_ahead_price,value,2026-05-23T19:12:02Z
2026-05-23T19:11:13Z,2026-05-23T21:11:13+0200,3f7e4d3d-8fdb-4ead-ba3f-db913921b078,2026-05-02T04:15:00Z,2026-05-02T06:15:00+0200,42.52,EUR/MWh,FR,FR,day_ahead_price,value,2026-05-23T19:12:02Z
2026-05-23T19:11:13Z,2026-05-23T21:11:13+0200,3f7e4d3d-8fdb-4ead-ba3f-db913921b078,2026-05-02T04:30:00Z,2026-05-02T06:30:00+0200,42.5,EUR/MWh,FR,FR,day_ahead_price,value,2026-05-23T19:12:02Z
2026-05-23T19:11:13Z,2026-05-23T21:11:13+0200,3f7e4d3d-8fdb-4ead-ba3f-db913921b078,2026-05-02T04:45:00Z,2026-05-02T06:45:00+0200,25.52,EUR/MWh,FR,FR,day_ahead_price,value,2026-05-23T19:12:02Z
2026-05-23T19:11:13Z,2026-05-23T21:11:13+0200,3f7e4d3d-8fdb-4ead-ba3f-db913921b078,2026-05-02T05:00:00Z,2026-05-02T07:00:00+0200,45.6,EUR/MWh,FR,FR,day_ahead_price,value,2026-05-23T19:12:02Z
2026-05-23T19:11:13Z,2026-05-23T21:11:13+0200,3f7e4d3d-8fdb-4ead-ba3f-db913921b078,2026-05-02T05:15:00Z,2026-05-02T07:15:00+0200,35.28,EUR/MWh,FR,FR,day_ahead_price,value,2026-05-23T19:12:02Z
2026-05-23T19:11:13Z,2026-05-23T21:11:13+0200,3f7e4d3d-8fdb-4ead-ba3f-db913921b078,2026-05-02T05:30:00Z,2026-05-02T07:30:00+0200,39.1,EUR/MWh,FR,FR,day_ahead_price,value,2026-05-23T19:12:02Z
2026-05-23T19:11:13Z,2026-05-23T21:11:13+0200,3f7e4d3d-8fdb-4ead-ba3f-db913921b078,2026-05-02T05:45:00Z,2026-05-02T07:45:00+0200,37.81,EUR/MWh,FR,FR,day_ahead_price,value,2026-05-23T19:12:02Z
2026-05-23T19:11:13Z,2026-05-23T21:11:13+0200,3f7e4d3d-8fdb-4ead-ba3f-db913921b078,2026-05-02T06:00:00Z,2026-05-02T08:00:00+0200,55.49,EUR/MWh,FR,FR,day_ahead_price,value,2026-05-23T19:12:02Z
2026-05-23T19:11:13Z,2026-05-23T21:11:13+0200,3f7e4d3d-8fdb-4ead-ba3f-db913921b078,2026-05-02T06:15:00Z,2026-05-02T08:15:00+0200,31.61,EUR/MWh,FR,FR,day_ahead_price,value,2026-05-23T19:12:02Z
2026-05-23T19:11:13Z,2026-05-23T21:11:13+0200,3f7e4d3d-8fdb-4ead-ba3f-db913921b078,2026-05-02T06:30:00Z,2026-05-02T08:30:00+0200,14.81,EUR/MWh,FR,FR,day_ahead_price,value,2026-05-23T19:12:02Z
2026-05-23T19:11:13Z,2026-05-23T21:11:13+0200,3f7e4d3d-8fdb-4ead-ba3f-db913921b078,2026-05-02T06:45:00Z,2026-05-02T08:45:00+0200,3.95,EUR/MWh,FR,FR,day_ahead_price,value,2026-05-23T19:12:02Z
2026-05-23T19:11:13Z,2026-05-23T21:11:13+0200,3f7e4d3d-8fdb-4ead-ba3f-db913921b078,2026-05-02T07:00:00Z,2026-05-02T09:00:00+0200,8.75,EUR/MWh,FR,FR,day_ahead_price,value,2026-05-23T19:12:02Z
2026-05-23T19:11:13Z,2026-05-23T21:11:13+0200,3f7e4d3d-8fdb-4ead-ba3f-db913921b078,2026-05-02T07:15:00Z,2026-05-02T09:15:00+0200,0.5,EUR/MWh,FR,FR,day_ahead_price,value,2026-05-23T19:12:02Z
2026-05-23T19:11:13Z,2026-05-23T21:11:13+0200,3f7e4d3d-8fdb-4ead-ba3f-db913921b078,2026-05-02T07:30:00Z,2026-05-02T09:30:00+0200,0.0,EUR/MWh,FR,FR,day_ahead_price,value,2026-05-23T19:12:02Z
2026-05-23T19:11:13Z,2026-05-23T21:11:13+0200,3f7e4d3d-8fdb-4ead-ba3f-db913921b078,2026-05-02T07:45:00Z,2026-05-02T09:45:00+0200,-0.03,EUR/MWh,FR,FR,day_ahead_price,value,2026-05-23T19:12:02Z
2026-05-23T19:11:13Z,2026-05-23T21:11:13+0200,3f7e4d3d-8fdb-4ead-ba3f-db913921b078,2026-05-02T08:00:00Z,2026-05-02T10:00:00+0200,-0.01,EUR/MWh,FR,FR,day_ahead_price,value,2026-05-23T19:12:02Z
2026-05-23T19:11:13Z,2026-05-23T21:11:13+0200,3f7e4d3d-8fdb-4ead-ba3f-db913921b078,2026-05-02T08:15:00Z,2026-05-02T10:15:00+0200,-0.08,EUR/MWh,FR,FR,day_ahead_price,value,2026-05-23T19:12:02Z
2026-05-23T19:11:13Z,2026-05-23T21:11:13+0200,3f7e4d3d-8fdb-4ead-ba3f-db913921b078,2026-05-02T08:30:00Z,2026-05-02T10:30:00+0200,-1.03,EUR/MWh,FR,FR,day_ahead_price,value,2026-05-23T19:12:02Z
2026-05-23T19:11:13Z,2026-05-23T21:11:13+0200,3f7e4d3d-8fdb-4ead-ba3f-db913921b078,2026-05-02T08:45:00Z,2026-05-02T10:45:00+0200,-6.45,EUR/MWh,FR,FR,day_ahead_price,value,2026-05-23T19:12:02Z
2026-05-23T19:11:13Z,2026-05-23T21:11:13+0200,3f7e4d3d-8fdb-4ead-ba3f-db913921b078,2026-05-02T09:00:00Z,2026-05-02T11:00:00+0200,-8.84,EUR/MWh,FR,FR,day_ahead_price,value,2026-05-23T19:12:02Z
2026-05-23T19:11:13Z,2026-05-23T21:11:13+0200,3f7e4d3d-8fdb-4ead-ba3f-db913921b078,2026-05-02T09:15:00Z,2026-05-02T11:15:00+0200,-12.39,EUR/MWh,FR,FR,day_ahead_price,value,2026-05-23T19:12:02Z
2026-05-23T19:11:13Z,2026-05-23T21:11:13+0200,3f7e4d3d-8fdb-4ead-ba3f-db913921b078,2026-05-02T09:30:00Z,2026-05-02T11:30:00+0200,-19.89,EUR/MWh,FR,FR,day_ahead_price,value,2026-05-23T19:12:02Z
2026-05-23T19:11:13Z,2026-05-23T21:11:13+0200,3f7e4d3d-8fdb-4ead-ba3f-db913921b078,2026-05-02T09:45:00Z,2026-05-02T11:45:00+0200,-33.26,EUR/MWh,FR,FR,day_ahead_price,value,2026-05-23T19:12:02Z
2026-05-23T19:11:13Z,2026-05-23T21:11:13+0200,3f7e4d3d-8fdb-4ead-ba3f-db913921b078,2026-05-02T10:00:00Z,2026-05-02T12:00:00+0200,-46.34,EUR/MWh,FR,FR,day_ahead_price,value,2026-05-23T19:12:02Z
2026-05-23T19:11:13Z,2026-05-23T21:11:13+0200,3f7e4d3d-8fdb-4ead-ba3f-db913921b078,2026-05-02T10:15:00Z,2026-05-02T12:15:00+0200,-57.67,EUR/MWh,FR,FR,day_ahead_price,value,2026-05-23T19:12:02Z
2026-05-23T19:11:13Z,2026-05-23T21:11:13+0200,3f7e4d3d-8fdb-4ead-ba3f-db913921b078,2026-05-02T10:30:00Z,2026-05-02T12:30:00+0200,-68.56,EUR/MWh,FR,FR,day_ahead_price,value,2026-05-23T19:12:02Z
2026-05-23T19:11:13Z,2026-05-23T21:11:13+0200,3f7e4d3d-8fdb-4ead-ba3f-db913921b078,2026-05-02T10:45:00Z,2026-05-02T12:45:00+0200,-87.6,EUR/MWh,FR,FR,day_ahead_price,value,2026-05-23T19:12:02Z
2026-05-23T19:11:13Z,2026-05-23T21:11:13+0200,3f7e4d3d-8fdb-4ead-ba3f-db913921b078,2026-05-02T11:00:00Z,2026-05-02T13:00:00+0200,-101.09,EUR/MWh,FR,FR,day_ahead_price,value,2026-05-23T19:12:02Z
2026-05-23T19:11:13Z,2026-05-23T21:11:13+0200,3f7e4d3d-8fdb-4ead-ba3f-db913921b078,2026-05-02T11:15:00Z,2026-05-02T13:15:00+0200,-114.27,EUR/MWh,FR,FR,day_ahead_price,value,2026-05-23T19:12:02Z
2026-05-23T19:11:13Z,2026-05-23T21:11:13+0200,3f7e4d3d-8fdb-4ead-ba3f-db913921b078,2026-05-02T11:30:00Z,2026-05-02T13:30:00+0200,-129.57,EUR/MWh,FR,FR,day_ahead_price,value,2026-05-23T19:12:02Z
2026-05-23T19:11:13Z,2026-05-23T21:11:13+0200,3f7e4d3d-8fdb-4ead-ba3f-db913921b078,2026-05-02T11:45:00Z,2026-05-02T13:45:00+0200,-114.99,EUR/MWh,FR,FR,day_ahead_price,value,2026-05-23T19:12:02Z
2026-05-23T19:11:13Z,2026-05-23T21:11:13+0200,3f7e4d3d-8fdb-4ead-ba3f-db913921b078,2026-05-02T12:00:00Z,2026-05-02T14:00:00+0200,-106.17,EUR/MWh,FR,FR,day_ahead_price,value,2026-05-23T19:12:02Z
2026-05-23T19:11:13Z,2026-05-23T21:11:13+0200,3f7e4d3d-8fdb-4ead-ba3f-db913921b078,2026-05-02T12:15:00Z,2026-05-02T14:15:00+0200,-84.48,EUR/MWh,FR,FR,day_ahead_price,value,2026-05-23T19:12:02Z
2026-05-23T19:11:13Z,2026-05-23T21:11:13+0200,3f7e4d3d-8fdb-4ead-ba3f-db913921b078,2026-05-02T12:30:00Z,2026-05-02T14:30:00+0200,-65.47,EUR/MWh,FR,FR,day_ahead_price,value,2026-05-23T19:12:02Z
2026-05-23T19:11:13Z,2026-05-23T21:11:13+0200,3f7e4d3d-8fdb-4ead-ba3f-db913921b078,2026-05-02T12:45:00Z,2026-05-02T14:45:00+0200,-51.19,EUR/MWh,FR,FR,day_ahead_price,value,2026-05-23T19:12:02Z
2026-05-23T19:11:13Z,2026-05-23T21:11:13+0200,3f7e4d3d-8fdb-4ead-ba3f-db913921b078,2026-05-02T13:00:00Z,2026-05-02T15:00:00+0200,-31.2,EUR/MWh,FR,FR,day_ahead_price,value,2026-05-23T19:12:02Z
2026-05-23T19:11:13Z,2026-05-23T21:11:13+0200,3f7e4d3d-8fdb-4ead-ba3f-db913921b078,2026-05-02T13:15:00Z,2026-05-02T15:15:00+0200,-14.27,EUR/MWh,FR,FR,day_ahead_price,value,2026-05-23T19:12:02Z
2026-05-23T19:11:13Z,2026-05-23T21:11:13+0200,3f7e4d3d-8fdb-4ead-ba3f-db913921b078,2026-05-02T13:30:00Z,2026-05-02T15:30:00+0200,-4.97,EUR/MWh,FR,FR,day_ahead_price,value,2026-05-23T19:12:02Z
2026-05-23T19:11:13Z,2026-05-23T21:11:13+0200,3f7e4d3d-8fdb-4ead-ba3f-db913921b078,2026-05-02T13:45:00Z,2026-05-02T15:45:00+0200,-1.07,EUR/MWh,FR,FR,day_ahead_price,value,2026-05-23T19:12:02Z
2026-05-23T19:11:13Z,2026-05-23T21:11:13+0200,3f7e4d3d-8fdb-4ead-ba3f-db913921b078,2026-05-02T14:00:00Z,2026-05-02T16:00:00+0200,-0.11,EUR/MWh,FR,FR,day_ahead_price,value,2026-05-23T19:12:02Z
2026-05-23T19:11:13Z,2026-05-23T21:11:13+0200,3f7e4d3d-8fdb-4ead-ba3f-db913921b078,2026-05-02T14:15:00Z,2026-05-02T16:15:00+0200,-0.01,EUR/MWh,FR,FR,day_ahead_price,value,2026-05-23T19:12:02Z
2026-05-23T19:11:13Z,2026-05-23T21:11:13+0200,3f7e4d3d-8fdb-4ead-ba3f-db913921b078,2026-05-02T14:30:00Z,2026-05-02T16:30:00+0200,0.0,EUR/MWh,FR,FR,day_ahead_price,value,2026-05-23T19:12:02Z
2026-05-23T19:11:13Z,2026-05-23T21:11:13+0200,3f7e4d3d-8fdb-4ead-ba3f-db913921b078,2026-05-02T14:45:00Z,2026-05-02T16:45:00+0200,0.0,EUR/MWh,FR,FR,day_ahead_price,value,2026-05-23T19:12:02Z
2026-05-23T19:11:13Z,2026-05-23T21:11:13+0200,3f7e4d3d-8fdb-4ead-ba3f-db913921b078,2026-05-02T15:00:00Z,2026-05-02T17:00:00+0200,0.51,EUR/MWh,FR,FR,day_ahead_price,value,2026-05-23T19:12:02Z
2026-05-23T19:11:13Z,2026-05-23T21:11:13+0200,3f7e4d3d-8fdb-4ead-ba3f-db913921b078,2026-05-02T15:15:00Z,2026-05-02T17:15:00+0200,0.84,EUR/MWh,FR,FR,day_ahead_price,value,2026-05-23T19:12:02Z
2026-05-23T19:11:13Z,2026-05-23T21:11:13+0200,3f7e4d3d-8fdb-4ead-ba3f-db913921b078,2026-05-02T15:30:00Z,2026-05-02T17:30:00+0200,2.09,EUR/MWh,FR,FR,day_ahead_price,value,2026-05-23T19:12:02Z
2026-05-23T19:11:13Z,2026-05-23T21:11:13+0200,3f7e4d3d-8fdb-4ead-ba3f-db913921b078,2026-05-02T15:45:00Z,2026-05-02T17:45:00+0200,6.93,EUR/MWh,FR,FR,day_ahead_price,value,2026-05-23T19:12:02Z
2026-05-23T19:11:13Z,2026-05-23T21:11:13+0200,3f7e4d3d-8fdb-4ead-ba3f-db913921b078,2026-05-02T16:00:00Z,2026-05-02T18:00:00+0200,2.17,EUR/MWh,FR,FR,day_ahead_price,value,2026-05-23T19:12:02Z
2026-05-23T19:11:13Z,2026-05-23T21:11:13+0200,3f7e4d3d-8fdb-4ead-ba3f-db913921b078,2026-05-02T16:15:00Z,2026-05-02T18:15:00+0200,5.83,EUR/MWh,FR,FR,day_ahead_price,value,2026-05-23T19:12:02Z
2026-05-23T19:11:13Z,2026-05-23T21:11:13+0200,3f7e4d3d-8fdb-4ead-ba3f-db913921b078,2026-05-02T16:30:00Z,2026-05-02T18:30:00+0200,17.18,EUR/MWh,FR,FR,day_ahead_price,value,2026-05-23T19:12:02Z
2026-05-23T19:11:13Z,2026-05-23T21:11:13+0200,3f7e4d3d-8fdb-4ead-ba3f-db913921b078,2026-05-02T16:45:00Z,2026-05-02T18:45:00+0200,25.8,EUR/MWh,FR,FR,day_ahead_price,value,2026-05-23T19:12:02Z
2026-05-23T19:11:13Z,2026-05-23T21:11:13+0200,3f7e4d3d-8fdb-4ead-ba3f-db913921b078,2026-05-02T17:00:00Z,2026-05-02T19:00:00+0200,29.51,EUR/MWh,FR,FR,day_ahead_price,value,2026-05-23T19:12:02Z
2026-05-23T19:11:13Z,2026-05-23T21:11:13+0200,3f7e4d3d-8fdb-4ead-ba3f-db913921b078,2026-05-02T17:15:00Z,2026-05-02T19:15:00+0200,48.35,EUR/MWh,FR,FR,day_ahead_price,value,2026-05-23T19:12:02Z
2026-05-23T19:11:13Z,2026-05-23T21:11:13+0200,3f7e4d3d-8fdb-4ead-ba3f-db913921b078,2026-05-02T17:30:00Z,2026-05-02T19:30:00+0200,55.03,EUR/MWh,FR,FR,day_ahead_price,value,2026-05-23T19:12:02Z
2026-05-23T19:11:13Z,2026-05-23T21:11:13+0200,3f7e4d3d-8fdb-4ead-ba3f-db913921b078,2026-05-02T17:45:00Z,2026-05-02T19:45:00+0200,75.61,EUR/MWh,FR,FR,day_ahead_price,value,2026-05-23T19:12:02Z
2026-05-23T19:11:13Z,2026-05-23T21:11:13+0200,3f7e4d3d-8fdb-4ead-ba3f-db913921b078,2026-05-02T18:00:00Z,2026-05-02T20:00:00+0200,55.0,EUR/MWh,FR,FR,day_ahead_price,value,2026-05-23T19:12:02Z
2026-05-23T19:11:13Z,2026-05-23T21:11:13+0200,3f7e4d3d-8fdb-4ead-ba3f-db913921b078,2026-05-02T18:15:00Z,2026-05-02T20:15:00+0200,73.02,EUR/MWh,FR,FR,day_ahead_price,value,2026-05-23T19:12:02Z
2026-05-23T19:11:13Z,2026-05-23T21:11:13+0200,3f7e4d3d-8fdb-4ead-ba3f-db913921b078,2026-05-02T18:30:00Z,2026-05-02T20:30:00+0200,79.78,EUR/MWh,FR,FR,day_ahead_price,value,2026-05-23T19:12:02Z
2026-05-23T19:11:13Z,2026-05-23T21:11:13+0200,3f7e4d3d-8fdb-4ead-ba3f-db913921b078,2026-05-02T18:45:00Z,2026-05-02T20:45:00+0200,85.03,EUR/MWh,FR,FR,day_ahead_price,value,2026-05-23T19:12:02Z
2026-05-23T19:11:13Z,2026-05-23T21:11:13+0200,3f7e4d3d-8fdb-4ead-ba3f-db913921b078,2026-05-02T19:00:00Z,2026-05-02T21:00:00+0200,86.29,EUR/MWh,FR,FR,day_ahead_price,value,2026-05-23T19:12:02Z
2026-05-23T19:11:13Z,2026-05-23T21:11:13+0200,3f7e4d3d-8fdb-4ead-ba3f-db913921b078,2026-05-02T19:15:00Z,2026-05-02T21:15:00+0200,88.0,EUR/MWh,FR,FR,day_ahead_price,value,2026-05-23T19:12:02Z
2026-05-23T19:11:13Z,2026-05-23T21:11:13+0200,3f7e4d3d-8fdb-4ead-ba3f-db913921b078,2026-05-02T19:30:00Z,2026-05-02T21:30:00+0200,94.71,EUR/MWh,FR,FR,day_ahead_price,value,2026-05-23T19:12:02Z
2026-05-23T19:11:13Z,2026-05-23T21:11:13+0200,3f7e4d3d-8fdb-4ead-ba3f-db913921b078,2026-05-02T19:45:00Z,2026-05-02T21:45:00+0200,93.42,EUR/MWh,FR,FR,day_ahead_price,value,2026-05-23T19:12:02Z
2026-05-23T19:11:13Z,2026-05-23T21:11:13+0200,3f7e4d3d-8fdb-4ead-ba3f-db913921b078,2026-05-02T20:00:00Z,2026-05-02T22:00:00+0200,94.71,EUR/MWh,FR,FR,day_ahead_price,value,2026-05-23T19:12:02Z
2026-05-23T19:11:13Z,2026-05-23T21:11:13+0200,3f7e4d3d-8fdb-4ead-ba3f-db913921b078,2026-05-02T20:15:00Z,2026-05-02T22:15:00+0200,92.68,EUR/MWh,FR,FR,day_ahead_price,value,2026-05-23T19:12:02Z
2026-05-23T19:11:13Z,2026-05-23T21:11:13+0200,3f7e4d3d-8fdb-4ead-ba3f-db913921b078,2026-05-02T20:30:00Z,2026-05-02T22:30:00+0200,90.22,EUR/MWh,FR,FR,day_ahead_price,value,2026-05-23T19:12:02Z
2026-05-23T19:11:13Z,2026-05-23T21:11:13+0200,3f7e4d3d-8fdb-4ead-ba3f-db913921b078,2026-05-02T20:45:00Z,2026-05-02T22:45:00+0200,85.8,EUR/MWh,FR,FR,day_ahead_price,value,2026-05-23T19:12:02Z
2026-05-23T19:11:13Z,2026-05-23T21:11:13+0200,3f7e4d3d-8fdb-4ead-ba3f-db913921b078,2026-05-02T21:00:00Z,2026-05-02T23:00:00+0200,83.83,EUR/MWh,FR,FR,day_ahead_price,value,2026-05-23T19:12:02Z
2026-05-23T19:11:13Z,2026-05-23T21:11:13+0200,3f7e4d3d-8fdb-4ead-ba3f-db913921b078,2026-05-02T21:15:00Z,2026-05-02T23:15:00+0200,83.23,EUR/MWh,FR,FR,day_ahead_price,value,2026-05-23T19:12:02Z
2026-05-23T19:11:13Z,2026-05-23T21:11:13+0200,3f7e4d3d-8fdb-4ead-ba3f-db913921b078,2026-05-02T21:30:00Z,2026-05-02T23:30:00+0200,83.08,EUR/MWh,FR,FR,day_ahead_price,value,2026-05-23T19:12:02Z
2026-05-23T19:11:13Z,2026-05-23T21:11:13+0200,3f7e4d3d-8fdb-4ead-ba3f-db913921b078,2026-05-02T21:45:00Z,2026-05-02T23:45:00+0200,81.36,EUR/MWh,FR,FR,day_ahead_price,value,2026-05-23T19:12:02Z
2026-05-23T19:11:13Z,2026-05-23T21:11:13+0200,3f7e4d3d-8fdb-4ead-ba3f-db913921b078,2026-05-02T22:00:00Z,2026-05-03T00:00:00+0200,89.5,EUR/MWh,FR,FR,day_ahead_price,value,2026-05-23T19:12:02Z
2026-05-23T19:11:13Z,2026-05-23T21:11:13+0200,3f7e4d3d-8fdb-4ead-ba3f-db913921b078,2026-05-02T22:15:00Z,2026-05-03T00:15:00+0200,87.0,EUR/MWh,FR,FR,day_ahead_price,value,2026-05-23T19:12:02Z
2026-05-23T19:11:13Z,2026-05-23T21:11:13+0200,3f7e4d3d-8fdb-4ead-ba3f-db913921b078,2026-05-02T22:30:00Z,2026-05-03T00:30:00+0200,85.8,EUR/MWh,FR,FR,day_ahead_price,value,2026-05-23T19:12:02Z
2026-05-23T19:11:13Z,2026-05-23T21:11:13+0200,3f7e4d3d-8fdb-4ead-ba3f-db913921b078,2026-05-02T22:45:00Z,2026-05-03T00:45:00+0200,29.16,EUR/MWh,FR,FR,day_ahead_price,value,2026-05-23T19:12:02Z
2026-05-23T19:11:13Z,2026-05-23T21:11:13+0200,3f7e4d3d-8fdb-4ead-ba3f-db913921b078,2026-05-02T23:00:00Z,2026-05-03T01:00:00+0200,85.0,EUR/MWh,FR,FR,day_ahead_price,value,2026-05-23T19:12:02Z
2026-05-23T19:11:13Z,2026-05-23T21:11:13+0200,3f7e4d3d-8fdb-4ead-ba3f-db913921b078,2026-05-02T23:15:00Z,2026-05-03T01:15:00+0200,78.31,EUR/MWh,FR,FR,day_ahead_price,value,2026-05-23T19:12:02Z
2026-05-23T19:11:13Z,2026-05-23T21:11:13+0200,3f7e4d3d-8fdb-4ead-ba3f-db913921b078,2026-05-02T23:30:00Z,2026-05-03T01:30:00+0200,31.0,EUR/MWh,FR,FR,day_ahead_price,value,2026-05-23T19:12:02Z
2026-05-23T19:11:13Z,2026-05-23T21:11:13+0200,3f7e4d3d-8fdb-4ead-ba3f-db913921b078,2026-05-02T23:45:00Z,2026-05-03T01:45:00+0200,20.49,EUR/MWh,FR,FR,day_ahead_price,value,2026-05-23T19:12:02Z
2026-05-23T19:11:13Z,2026-05-23T21:11:13+0200,3f7e4d3d-8fdb-4ead-ba3f-db913921b078,2026-05-03T00:00:00Z,2026-05-03T02:00:00+0200,18.66,EUR/MWh,FR,FR,day_ahead_price,value,2026-05-23T19:12:02Z
2026-05-23T19:11:13Z,2026-05-23T21:11:13+0200,3f7e4d3d-8fdb-4ead-ba3f-db913921b078,2026-05-03T00:15:00Z,2026-05-03T02:15:00+0200,11.4,EUR/MWh,FR,FR,day_ahead_price,value,2026-05-23T19:12:02Z
2026-05-23T19:11:13Z,2026-05-23T21:11:13+0200,3f7e4d3d-8fdb-4ead-ba3f-db913921b078,2026-05-03T00:30:00Z,2026-05-03T02:30:00+0200,12.84,EUR/MWh,FR,FR,day_ahead_price,value,2026-05-23T19:12:02Z
2026-05-23T19:11:13Z,2026-05-23T21:11:13+0200,3f7e4d3d-8fdb-4ead-ba3f-db913921b078,2026-05-03T00:45:00Z,2026-05-03T02:45:00+0200,15.47,EUR/MWh,FR,FR,day_ahead_price,value,2026-05-23T19:12:02Z
2026-05-23T19:11:13Z,2026-05-23T21:11:13+0200,3f7e4d3d-8fdb-4ead-ba3f-db913921b078,2026-05-03T01:00:00Z,2026-05-03T03:00:00+0200,19.52,EUR/MWh,FR,FR,day_ahead_price,value,2026-05-23T19:12:02Z
2026-05-23T19:11:13Z,2026-05-23T21:11:13+0200,3f7e4d3d-8fdb-4ead-ba3f-db913921b078,2026-05-03T01:15:00Z,2026-05-03T03:15:00+0200,13.07,EUR/MWh,FR,FR,day_ahead_price,value,2026-05-23T19:12:02Z
2026-05-23T19:11:13Z,2026-05-23T21:11:13+0200,3f7e4d3d-8fdb-4ead-ba3f-db913921b078,2026-05-03T01:30:00Z,2026-05-03T03:30:00+0200,24.96,EUR/MWh,FR,FR,day_ahead_price,value,2026-05-23T19:12:02Z
2026-05-23T19:11:13Z,2026-05-23T21:11:13+0200,3f7e4d3d-8fdb-4ead-ba3f-db913921b078,2026-05-03T01:45:00Z,2026-05-03T03:45:00+0200,17.8,EUR/MWh,FR,FR,day_ahead_price,value,2026-05-23T19:12:02Z
2026-05-23T19:11:13Z,2026-05-23T21:11:13+0200,3f7e4d3d-8fdb-4ead-ba3f-db913921b078,2026-05-03T02:00:00Z,2026-05-03T04:00:00+0200,29.27,EUR/MWh,FR,FR,day_ahead_price,value,2026-05-23T19:12:02Z
2026-05-23T19:11:13Z,2026-05-23T21:11:13+0200,3f7e4d3d-8fdb-4ead-ba3f-db913921b078,2026-05-03T02:15:00Z,2026-05-03T04:15:00+0200,17.36,EUR/MWh,FR,FR,day_ahead_price,value,2026-05-23T19:12:02Z
2026-05-23T19:11:13Z,2026-05-23T21:11:13+0200,3f7e4d3d-8fdb-4ead-ba3f-db913921b078,2026-05-03T02:30:00Z,2026-05-03T04:30:00+0200,17.09,EUR/MWh,FR,FR,day_ahead_price,value,2026-05-23T19:12:02Z
2026-05-23T19:11:13Z,2026-05-23T21:11:13+0200,3f7e4d3d-8fdb-4ead-ba3f-db913921b078,2026-05-03T02:45:00Z,2026-05-03T04:45:00+0200,11.48,EUR/MWh,FR,FR,day_ahead_price,value,2026-05-23T19:12:02Z
2026-05-23T19:11:13Z,2026-05-23T21:11:13+0200,3f7e4d3d-8fdb-4ead-ba3f-db913921b078,2026-05-03T03:00:00Z,2026-05-03T05:00:00+0200,22.94,EUR/MWh,FR,FR,day_ahead_price,value,2026-05-23T19:12:02Z
2026-05-23T19:11:13Z,2026-05-23T21:11:13+0200,3f7e4d3d-8fdb-4ead-ba3f-db913921b078,2026-05-03T03:15:00Z,2026-05-03T05:15:00+0200,18.8,EUR/MWh,FR,FR,day_ahead_price,value,2026-05-23T19:12:02Z
2026-05-23T19:11:13Z,2026-05-23T21:11:13+0200,3f7e4d3d-8fdb-4ead-ba3f-db913921b078,2026-05-03T03:30:00Z,2026-05-03T05:30:00+0200,27.35,EUR/MWh,FR,FR,day_ahead_price,value,2026-05-23T19:12:02Z
2026-05-23T19:11:13Z,2026-05-23T21:11:13+0200,3f7e4d3d-8fdb-4ead-ba3f-db913921b078,2026-05-03T03:45:00Z,2026-05-03T05:45:00+0200,8.72,EUR/MWh,FR,FR,day_ahead_price,value,2026-05-23T19:12:02Z
2026-05-23T19:11:13Z,2026-05-23T21:11:13+0200,3f7e4d3d-8fdb-4ead-ba3f-db913921b078,2026-05-03T04:00:00Z,2026-05-03T06:00:00+0200,25.56,EUR/MWh,FR,FR,day_ahead_price,value,2026-05-23T19:12:02Z
2026-05-23T19:11:13Z,2026-05-23T21:11:13+0200,3f7e4d3d-8fdb-4ead-ba3f-db913921b078,2026-05-03T04:15:00Z,2026-05-03T06:15:00+0200,13.86,EUR/MWh,FR,FR,day_ahead_price,value,2026-05-23T19:12:02Z
2026-05-23T19:11:13Z,2026-05-23T21:11:13+0200,3f7e4d3d-8fdb-4ead-ba3f-db913921b078,2026-05-03T04:30:00Z,2026-05-03T06:30:00+0200,12.28,EUR/MWh,FR,FR,day_ahead_price,value,2026-05-23T19:12:02Z
2026-05-23T19:11:13Z,2026-05-23T21:11:13+0200,3f7e4d3d-8fdb-4ead-ba3f-db913921b078,2026-05-03T04:45:00Z,2026-05-03T06:45:00+0200,0.07,EUR/MWh,FR,FR,day_ahead_price,value,2026-05-23T19:12:02Z
2026-05-23T19:11:13Z,2026-05-23T21:11:13+0200,3f7e4d3d-8fdb-4ead-ba3f-db913921b078,2026-05-03T05:00:00Z,2026-05-03T07:00:00+0200,30.45,EUR/MWh,FR,FR,day_ahead_price,value,2026-05-23T19:12:02Z
2026-05-23T19:11:13Z,2026-05-23T21:11:13+0200,3f7e4d3d-8fdb-4ead-ba3f-db913921b078,2026-05-03T05:15:00Z,2026-05-03T07:15:00+0200,13.04,EUR/MWh,FR,FR,day_ahead_price,value,2026-05-23T19:12:02Z
2026-05-23T19:11:13Z,2026-05-23T21:11:13+0200,3f7e4d3d-8fdb-4ead-ba3f-db913921b078,2026-05-03T05:30:00Z,2026-05-03T07:30:00+0200,12.0,EUR/MWh,FR,FR,day_ahead_price,value,2026-05-23T19:12:02Z
2026-05-23T19:11:13Z,2026-05-23T21:11:13+0200,3f7e4d3d-8fdb-4ead-ba3f-db913921b078,2026-05-03T05:45:00Z,2026-05-03T07:45:00+0200,3.7,EUR/MWh,FR,FR,day_ahead_price,value,2026-05-23T19:12:02Z
2026-05-23T19:11:13Z,2026-05-23T21:11:13+0200,3f7e4d3d-8fdb-4ead-ba3f-db913921b078,2026-05-03T06:00:00Z,2026-05-03T08:00:00+0200,62.5,EUR/MWh,FR,FR,day_ahead_price,value,2026-05-23T19:12:02Z
2026-05-23T19:11:13Z,2026-05-23T21:11:13+0200,3f7e4d3d-8fdb-4ead-ba3f-db913921b078,2026-05-03T06:15:00Z,2026-05-03T08:15:00+0200,40.96,EUR/MWh,FR,FR,day_ahead_price,value,2026-05-23T19:12:02Z
2026-05-23T19:11:13Z,2026-05-23T21:11:13+0200,3f7e4d3d-8fdb-4ead-ba3f-db913921b078,2026-05-03T06:30:00Z,2026-05-03T08:30:00+0200,28.76,EUR/MWh,FR,FR,day_ahead_price,value,2026-05-23T19:12:02Z
2026-05-23T19:11:13Z,2026-05-23T21:11:13+0200,3f7e4d3d-8fdb-4ead-ba3f-db913921b078,2026-05-03T06:45:00Z,2026-05-03T08:45:00+0200,11.66,EUR/MWh,FR,FR,day_ahead_price,value,2026-05-23T19:12:02Z
2026-05-23T19:11:13Z,2026-05-23T21:11:13+0200,3f7e4d3d-8fdb-4ead-ba3f-db913921b078,2026-05-03T07:00:00Z,2026-05-03T09:00:00+0200,23.39,EUR/MWh,FR,FR,day_ahead_price,value,2026-05-23T19:12:02Z
2026-05-23T19:11:13Z,2026-05-23T21:11:13+0200,3f7e4d3d-8fdb-4ead-ba3f-db913921b078,2026-05-03T07:15:00Z,2026-05-03T09:15:00+0200,28.77,EUR/MWh,FR,FR,day_ahead_price,value,2026-05-23T19:12:02Z
2026-05-23T19:11:13Z,2026-05-23T21:11:13+0200,3f7e4d3d-8fdb-4ead-ba3f-db913921b078,2026-05-03T07:30:00Z,2026-05-03T09:30:00+0200,14.63,EUR/MWh,FR,FR,day_ahead_price,value,2026-05-23T19:12:02Z
2026-05-23T19:11:13Z,2026-05-23T21:11:13+0200,3f7e4d3d-8fdb-4ead-ba3f-db913921b078,2026-05-03T07:45:00Z,2026-05-03T09:45:00+0200,9.06,EUR/MWh,FR,FR,day_ahead_price,value,2026-05-23T19:12:02Z
2026-05-23T19:11:13Z,2026-05-23T21:11:13+0200,3f7e4d3d-8fdb-4ead-ba3f-db913921b078,2026-05-03T08:00:00Z,2026-05-03T10:00:00+0200,9.06,EUR/MWh,FR,FR,day_ahead_price,value,2026-05-23T19:12:02Z
2026-05-23T19:11:13Z,2026-05-23T21:11:13+0200,3f7e4d3d-8fdb-4ead-ba3f-db913921b078,2026-05-03T08:15:00Z,2026-05-03T10:15:00+0200,4.76,EUR/MWh,FR,FR,day_ahead_price,value,2026-05-23T19:12:02Z
2026-05-23T19:11:13Z,2026-05-23T21:11:13+0200,3f7e4d3d-8fdb-4ead-ba3f-db913921b078,2026-05-03T08:30:00Z,2026-05-03T10:30:00+0200,1.97,EUR/MWh,FR,FR,day_ahead_price,value,2026-05-23T19:12:02Z
2026-05-23T19:11:13Z,2026-05-23T21:11:13+0200,3f7e4d3d-8fdb-4ead-ba3f-db913921b078,2026-05-03T08:45:00Z,2026-05-03T10:45:00+0200,1.0,EUR/MWh,FR,FR,day_ahead_price,value,2026-05-23T19:12:02Z
2026-05-23T19:11:13Z,2026-05-23T21:11:13+0200,3f7e4d3d-8fdb-4ead-ba3f-db913921b078,2026-05-03T09:00:00Z,2026-05-03T11:00:00+0200,0.75,EUR/MWh,FR,FR,day_ahead_price,value,2026-05-23T19:12:02Z
2026-05-23T19:11:13Z,2026-05-23T21:11:13+0200,3f7e4d3d-8fdb-4ead-ba3f-db913921b078,2026-05-03T09:15:00Z,2026-05-03T11:15:00+0200,0.51,EUR/MWh,FR,FR,day_ahead_price,value,2026-05-23T19:12:02Z
2026-05-23T19:11:13Z,2026-05-23T21:11:13+0200,3f7e4d3d-8fdb-4ead-ba3f-db913921b078,2026-05-03T09:30:00Z,2026-05-03T11:30:00+0200,0.08,EUR/MWh,FR,FR,day_ahead_price,value,2026-05-23T19:12:02Z
2026-05-23T19:11:13Z,2026-05-23T21:11:13+0200,3f7e4d3d-8fdb-4ead-ba3f-db913921b078,2026-05-03T09:45:00Z,2026-05-03T11:45:00+0200,0.01,EUR/MWh,FR,FR,day_ahead_price,value,2026-05-23T19:12:02Z
2026-05-23T19:11:13Z,2026-05-23T21:11:13+0200,3f7e4d3d-8fdb-4ead-ba3f-db913921b078,2026-05-03T10:00:00Z,2026-05-03T12:00:00+0200,0.03,EUR/MWh,FR,FR,day_ahead_price,value,2026-05-23T19:12:02Z
2026-05-23T19:11:13Z,2026-05-23T21:11:13+0200,3f7e4d3d-8fdb-4ead-ba3f-db913921b078,2026-05-03T10:15:00Z,2026-05-03T12:15:00+0200,0.0,EUR/MWh,FR,FR,day_ahead_price,value,2026-05-23T19:12:02Z
2026-05-23T19:11:13Z,2026-05-23T21:11:13+0200,3f7e4d3d-8fdb-4ead-ba3f-db913921b078,2026-05-03T10:30:00Z,2026-05-03T12:30:00+0200,0.0,EUR/MWh,FR,FR,day_ahead_price,value,2026-05-23T19:12:02Z
2026-05-23T19:11:13Z,2026-05-23T21:11:13+0200,3f7e4d3d-8fdb-4ead-ba3f-db913921b078,2026-05-03T10:45:00Z,2026-05-03T12:45:00+0200,0.0,EUR/MWh,FR,FR,day_ahead_price,value,2026-05-23T19:12:02Z
2026-05-23T19:11:13Z,2026-05-23T21:11:13+0200,3f7e4d3d-8fdb-4ead-ba3f-db913921b078,2026-05-03T11:00:00Z,2026-05-03T13:00:00+0200,-0.01,EUR/MWh,FR,FR,day_ahead_price,value,2026-05-23T19:12:02Z
2026-05-23T19:11:13Z,2026-05-23T21:11:13+0200,3f7e4d3d-8fdb-4ead-ba3f-db913921b078,2026-05-03T11:15:00Z,2026-05-03T13:15:00+0200,-0.09,EUR/MWh,FR,FR,day_ahead_price,value,2026-05-23T19:12:02Z
2026-05-23T19:11:13Z,2026-05-23T21:11:13+0200,3f7e4d3d-8fdb-4ead-ba3f-db913921b078,2026-05-03T11:30:00Z,2026-05-03T13:30:00+0200,-5.27,EUR/MWh,FR,FR,day_ahead_price,value,2026-05-23T19:12:02Z
2026-05-23T19:11:13Z,2026-05-23T21:11:13+0200,3f7e4d3d-8fdb-4ead-ba3f-db913921b078,2026-05-03T11:45:00Z,2026-05-03T13:45:00+0200,-5.14,EUR/MWh,FR,FR,day_ahead_price,value,2026-05-23T19:12:02Z
2026-05-23T19:11:13Z,2026-05-23T21:11:13+0200,3f7e4d3d-8fdb-4ead-ba3f-db913921b078,2026-05-03T12:00:00Z,2026-05-03T14:00:00+0200,-0.11,EUR/MWh,FR,FR,day_ahead_price,value,2026-05-23T19:12:02Z
2026-05-23T19:11:13Z,2026-05-23T21:11:13+0200,3f7e4d3d-8fdb-4ead-ba3f-db913921b078,2026-05-03T12:15:00Z,2026-05-03T14:15:00+0200,-0.08,EUR/MWh,FR,FR,day_ahead_price,value,2026-05-23T19:12:02Z
2026-05-23T19:11:13Z,2026-05-23T21:11:13+0200,3f7e4d3d-8fdb-4ead-ba3f-db913921b078,2026-05-03T12:30:00Z,2026-05-03T14:30:00+0200,-0.01,EUR/MWh,FR,FR,day_ahead_price,value,2026-05-23T19:12:02Z
2026-05-23T19:11:13Z,2026-05-23T21:11:13+0200,3f7e4d3d-8fdb-4ead-ba3f-db913921b078,2026-05-03T12:45:00Z,2026-05-03T14:45:00+0200,-0.02,EUR/MWh,FR,FR,day_ahead_price,value,2026-05-23T19:12:02Z
2026-05-23T19:11:13Z,2026-05-23T21:11:13+0200,3f7e4d3d-8fdb-4ead-ba3f-db913921b078,2026-05-03T13:00:00Z,2026-05-03T15:00:00+0200,-0.01,EUR/MWh,FR,FR,day_ahead_price,value,2026-05-23T19:12:02Z
2026-05-23T19:11:13Z,2026-05-23T21:11:13+0200,3f7e4d3d-8fdb-4ead-ba3f-db913921b078,2026-05-03T13:15:00Z,2026-05-03T15:15:00+0200,-0.01,EUR/MWh,FR,FR,day_ahead_price,value,2026-05-23T19:12:02Z
2026-05-23T19:11:13Z,2026-05-23T21:11:13+0200,3f7e4d3d-8fdb-4ead-ba3f-db913921b078,2026-05-03T13:30:00Z,2026-05-03T15:30:00+0200,-0.01,EUR/MWh,FR,FR,day_ahead_price,value,2026-05-23T19:12:02Z
2026-05-23T19:11:13Z,2026-05-23T21:11:13+0200,3f7e4d3d-8fdb-4ead-ba3f-db913921b078,2026-05-03T13:45:00Z,2026-05-03T15:45:00+0200,-0.01,EUR/MWh,FR,FR,day_ahead_price,value,2026-05-23T19:12:02Z
2026-05-23T19:11:13Z,2026-05-23T21:11:13+0200,3f7e4d3d-8fdb-4ead-ba3f-db913921b078,2026-05-03T14:00:00Z,2026-05-03T16:00:00+0200,-0.01,EUR/MWh,FR,FR,day_ahead_price,value,2026-05-23T19:12:02Z
2026-05-23T19:11:13Z,2026-05-23T21:11:13+0200,3f7e4d3d-8fdb-4ead-ba3f-db913921b078,2026-05-03T14:15:00Z,2026-05-03T16:15:00+0200,-0.01,EUR/MWh,FR,FR,day_ahead_price,value,2026-05-23T19:12:02Z
2026-05-23T19:11:13Z,2026-05-23T21:11:13+0200,3f7e4d3d-8fdb-4ead-ba3f-db913921b078,2026-05-03T14:30:00Z,2026-05-03T16:30:00+0200,0.0,EUR/MWh,FR,FR,day_ahead_price,value,2026-05-23T19:12:02Z
2026-05-23T19:11:13Z,2026-05-23T21:11:13+0200,3f7e4d3d-8fdb-4ead-ba3f-db913921b078,2026-05-03T14:45:00Z,2026-05-03T16:45:00+0200,0.0,EUR/MWh,FR,FR,day_ahead_price,value,2026-05-23T19:12:02Z
2026-05-23T19:11:13Z,2026-05-23T21:11:13+0200,3f7e4d3d-8fdb-4ead-ba3f-db913921b078,2026-05-03T15:00:00Z,2026-05-03T17:00:00+0200,0.01,EUR/MWh,FR,FR,day_ahead_price,value,2026-05-23T19:12:02Z
2026-05-23T19:11:13Z,2026-05-23T21:11:13+0200,3f7e4d3d-8fdb-4ead-ba3f-db913921b078,2026-05-03T15:15:00Z,2026-05-03T17:15:00+0200,0.84,EUR/MWh,FR,FR,day_ahead_price,value,2026-05-23T19:12:02Z
2026-05-23T19:11:13Z,2026-05-23T21:11:13+0200,3f7e4d3d-8fdb-4ead-ba3f-db913921b078,2026-05-03T15:30:00Z,2026-05-03T17:30:00+0200,3.55,EUR/MWh,FR,FR,day_ahead_price,value,2026-05-23T19:12:02Z
2026-05-23T19:11:13Z,2026-05-23T21:11:13+0200,3f7e4d3d-8fdb-4ead-ba3f-db913921b078,2026-05-03T15:45:00Z,2026-05-03T17:45:00+0200,9.5,EUR/MWh,FR,FR,day_ahead_price,value,2026-05-23T19:12:02Z
2026-05-23T19:11:13Z,2026-05-23T21:11:13+0200,3f7e4d3d-8fdb-4ead-ba3f-db913921b078,2026-05-03T16:00:00Z,2026-05-03T18:00:00+0200,3.08,EUR/MWh,FR,FR,day_ahead_price,value,2026-05-23T19:12:02Z
2026-05-23T19:11:13Z,2026-05-23T21:11:13+0200,3f7e4d3d-8fdb-4ead-ba3f-db913921b078,2026-05-03T16:15:00Z,2026-05-03T18:15:00+0200,10.39,EUR/MWh,FR,FR,day_ahead_price,value,2026-05-23T19:12:02Z
2026-05-23T19:11:13Z,2026-05-23T21:11:13+0200,3f7e4d3d-8fdb-4ead-ba3f-db913921b078,2026-05-03T16:30:00Z,2026-05-03T18:30:00+0200,20.0,EUR/MWh,FR,FR,day_ahead_price,value,2026-05-23T19:12:02Z
2026-05-23T19:11:13Z,2026-05-23T21:11:13+0200,3f7e4d3d-8fdb-4ead-ba3f-db913921b078,2026-05-03T16:45:00Z,2026-05-03T18:45:00+0200,39.52,EUR/MWh,FR,FR,day_ahead_price,value,2026-05-23T19:12:02Z
2026-05-23T19:11:13Z,2026-05-23T21:11:13+0200,3f7e4d3d-8fdb-4ead-ba3f-db913921b078,2026-05-03T17:00:00Z,2026-05-03T19:00:00+0200,40.17,EUR/MWh,FR,FR,day_ahead_price,value,2026-05-23T19:12:02Z
2026-05-23T19:11:13Z,2026-05-23T21:11:13+0200,3f7e4d3d-8fdb-4ead-ba3f-db913921b078,2026-05-03T17:15:00Z,2026-05-03T19:15:00+0200,60.0,EUR/MWh,FR,FR,day_ahead_price,value,2026-05-23T19:12:02Z
2026-05-23T19:11:13Z,2026-05-23T21:11:13+0200,3f7e4d3d-8fdb-4ead-ba3f-db913921b078,2026-05-03T17:30:00Z,2026-05-03T19:30:00+0200,85.35,EUR/MWh,FR,FR,day_ahead_price,value,2026-05-23T19:12:02Z
2026-05-23T19:11:13Z,2026-05-23T21:11:13+0200,3f7e4d3d-8fdb-4ead-ba3f-db913921b078,2026-05-03T17:45:00Z,2026-05-03T19:45:00+0200,89.26,EUR/MWh,FR,FR,day_ahead_price,value,2026-05-23T19:12:02Z
2026-05-23T19:11:13Z,2026-05-23T21:11:13+0200,3f7e4d3d-8fdb-4ead-ba3f-db913921b078,2026-05-03T18:00:00Z,2026-05-03T20:00:00+0200,85.48,EUR/MWh,FR,FR,day_ahead_price,value,2026-05-23T19:12:02Z
2026-05-23T19:11:13Z,2026-05-23T21:11:13+0200,3f7e4d3d-8fdb-4ead-ba3f-db913921b078,2026-05-03T18:15:00Z,2026-05-03T20:15:00+0200,91.2,EUR/MWh,FR,FR,day_ahead_price,value,2026-05-23T19:12:02Z
2026-05-23T19:11:13Z,2026-05-23T21:11:13+0200,3f7e4d3d-8fdb-4ead-ba3f-db913921b078,2026-05-03T18:30:00Z,2026-05-03T20:30:00+0200,102.0,EUR/MWh,FR,FR,day_ahead_price,value,2026-05-23T19:12:02Z
2026-05-23T19:11:13Z,2026-05-23T21:11:13+0200,3f7e4d3d-8fdb-4ead-ba3f-db913921b078,2026-05-03T18:45:00Z,2026-05-03T20:45:00+0200,107.0,EUR/MWh,FR,FR,day_ahead_price,value,2026-05-23T19:12:02Z
2026-05-23T19:11:13Z,2026-05-23T21:11:13+0200,3f7e4d3d-8fdb-4ead-ba3f-db913921b078,2026-05-03T19:00:00Z,2026-05-03T21:00:00+0200,101.77,EUR/MWh,FR,FR,day_ahead_price,value,2026-05-23T19:12:02Z
2026-05-23T19:11:13Z,2026-05-23T21:11:13+0200,3f7e4d3d-8fdb-4ead-ba3f-db913921b078,2026-05-03T19:15:00Z,2026-05-03T21:15:00+0200,105.0,EUR/MWh,FR,FR,day_ahead_price,value,2026-05-23T19:12:02Z
2026-05-23T19:11:13Z,2026-05-23T21:11:13+0200,3f7e4d3d-8fdb-4ead-ba3f-db913921b078,2026-05-03T19:30:00Z,2026-05-03T21:30:00+0200,103.7,EUR/MWh,FR,FR,day_ahead_price,value,2026-05-23T19:12:02Z
2026-05-23T19:11:13Z,2026-05-23T21:11:13+0200,3f7e4d3d-8fdb-4ead-ba3f-db913921b078,2026-05-03T19:45:00Z,2026-05-03T21:45:00+0200,101.77,EUR/MWh,FR,FR,day_ahead_price,value,2026-05-23T19:12:02Z
2026-05-23T19:11:13Z,2026-05-23T21:11:13+0200,3f7e4d3d-8fdb-4ead-ba3f-db913921b078,2026-05-03T20:00:00Z,2026-05-03T22:00:00+0200,105.5,EUR/MWh,FR,FR,day_ahead_price,value,2026-05-23T19:12:02Z
2026-05-23T19:11:13Z,2026-05-23T21:11:13+0200,3f7e4d3d-8fdb-4ead-ba3f-db913921b078,2026-05-03T20:15:00Z,2026-05-03T22:15:00+0200,105.3,EUR/MWh,FR,FR,day_ahead_price,value,2026-05-23T19:12:02Z
2026-05-23T19:11:13Z,2026-05-23T21:11:13+0200,3f7e4d3d-8fdb-4ead-ba3f-db913921b078,2026-05-03T20:30:00Z,2026-05-03T22:30:00+0200,106.3,EUR/MWh,FR,FR,day_ahead_price,value,2026-05-23T19:12:02Z
2026-05-23T19:11:13Z,2026-05-23T21:11:13+0200,3f7e4d3d-8fdb-4ead-ba3f-db913921b078,2026-05-03T20:45:00Z,2026-05-03T22:45:00+0200,103.99,EUR/MWh,FR,FR,day_ahead_price,value,2026-05-23T19:12:02Z
2026-05-23T19:11:13Z,2026-05-23T21:11:13+0200,3f7e4d3d-8fdb-4ead-ba3f-db913921b078,2026-05-03T21:00:00Z,2026-05-03T23:00:00+0200,104.3,EUR/MWh,FR,FR,day_ahead_price,value,2026-05-23T19:12:02Z
2026-05-23T19:11:13Z,2026-05-23T21:11:13+0200,3f7e4d3d-8fdb-4ead-ba3f-db913921b078,2026-05-03T21:15:00Z,2026-05-03T23:15:00+0200,98.69,EUR/MWh,FR,FR,day_ahead_price,value,2026-05-23T19:12:02Z
2026-05-23T19:11:13Z,2026-05-23T21:11:13+0200,3f7e4d3d-8fdb-4ead-ba3f-db913921b078,2026-05-03T21:30:00Z,2026-05-03T23:30:00+0200,95.77,EUR/MWh,FR,FR,day_ahead_price,value,2026-05-23T19:12:02Z
2026-05-23T19:11:13Z,2026-05-23T21:11:13+0200,3f7e4d3d-8fdb-4ead-ba3f-db913921b078,2026-05-03T21:45:00Z,2026-05-03T23:45:00+0200,90.56,EUR/MWh,FR,FR,day_ahead_price,value,2026-05-23T19:12:02Z
2026-05-23T19:11:13Z,2026-05-23T21:11:13+0200,3f7e4d3d-8fdb-4ead-ba3f-db913921b078,2026-05-03T22:00:00Z,2026-05-04T00:00:00+0200,120.8,EUR/MWh,FR,FR,day_ahead_price,value,2026-05-23T19:12:02Z
2026-05-23T19:11:13Z,2026-05-23T21:11:13+0200,3f7e4d3d-8fdb-4ead-ba3f-db913921b078,2026-05-03T22:15:00Z,2026-05-04T00:15:00+0200,120.05,EUR/MWh,FR,FR,day_ahead_price,value,2026-05-23T19:12:02Z
2026-05-23T19:11:13Z,2026-05-23T21:11:13+0200,3f7e4d3d-8fdb-4ead-ba3f-db913921b078,2026-05-03T22:30:00Z,2026-05-04T00:30:00+0200,111.82,EUR/MWh,FR,FR,day_ahead_price,value,2026-05-23T19:12:02Z
2026-05-23T19:11:13Z,2026-05-23T21:11:13+0200,3f7e4d3d-8fdb-4ead-ba3f-db913921b078,2026-05-03T22:45:00Z,2026-05-04T00:45:00+0200,106.62,EUR/MWh,FR,FR,day_ahead_price,value,2026-05-23T19:12:02Z
2026-05-23T19:11:13Z,2026-05-23T21:11:13+0200,3f7e4d3d-8fdb-4ead-ba3f-db913921b078,2026-05-03T23:00:00Z,2026-05-04T01:00:00+0200,109.83,EUR/MWh,FR,FR,day_ahead_price,value,2026-05-23T19:12:02Z
2026-05-23T19:11:13Z,2026-05-23T21:11:13+0200,3f7e4d3d-8fdb-4ead-ba3f-db913921b078,2026-05-03T23:15:00Z,2026-05-04T01:15:00+0200,104.69,EUR/MWh,FR,FR,day_ahead_price,value,2026-05-23T19:12:02Z
2026-05-23T19:11:13Z,2026-05-23T21:11:13+0200,3f7e4d3d-8fdb-4ead-ba3f-db913921b078,2026-05-03T23:30:00Z,2026-05-04T01:30:00+0200,104.61,EUR/MWh,FR,FR,day_ahead_price,value,2026-05-23T19:12:02Z
2026-05-23T19:11:13Z,2026-05-23T21:11:13+0200,3f7e4d3d-8fdb-4ead-ba3f-db913921b078,2026-05-03T23:45:00Z,2026-05-04T01:45:00+0200,101.35,EUR/MWh,FR,FR,day_ahead_price,value,2026-05-23T19:12:02Z
2026-05-23T19:11:13Z,2026-05-23T21:11:13+0200,3f7e4d3d-8fdb-4ead-ba3f-db913921b078,2026-05-04T00:00:00Z,2026-05-04T02:00:00+0200,101.54,EUR/MWh,FR,FR,day_ahead_price,value,2026-05-23T19:12:02Z
2026-05-23T19:11:13Z,2026-05-23T21:11:13+0200,3f7e4d3d-8fdb-4ead-ba3f-db913921b078,2026-05-04T00:15:00Z,2026-05-04T02:15:00+0200,99.78,EUR/MWh,FR,FR,day_ahead_price,value,2026-05-23T19:12:02Z
2026-05-23T19:11:13Z,2026-05-23T21:11:13+0200,3f7e4d3d-8fdb-4ead-ba3f-db913921b078,2026-05-04T00:30:00Z,2026-05-04T02:30:00+0200,95.0,EUR/MWh,FR,FR,day_ahead_price,value,2026-05-23T19:12:02Z
2026-05-23T19:11:13Z,2026-05-23T21:11:13+0200,3f7e4d3d-8fdb-4ead-ba3f-db913921b078,2026-05-04T00:45:00Z,2026-05-04T02:45:00+0200,93.46,EUR/MWh,FR,FR,day_ahead_price,value,2026-05-23T19:12:02Z
2026-05-23T19:11:13Z,2026-05-23T21:11:13+0200,3f7e4d3d-8fdb-4ead-ba3f-db913921b078,2026-05-04T01:00:00Z,2026-05-04T03:00:00+0200,96.34,EUR/MWh,FR,FR,day_ahead_price,value,2026-05-23T19:12:02Z
2026-05-23T19:11:13Z,2026-05-23T21:11:13+0200,3f7e4d3d-8fdb-4ead-ba3f-db913921b078,2026-05-04T01:15:00Z,2026-05-04T03:15:00+0200,94.44,EUR/MWh,FR,FR,day_ahead_price,value,2026-05-23T19:12:02Z
2026-05-23T19:11:13Z,2026-05-23T21:11:13+0200,3f7e4d3d-8fdb-4ead-ba3f-db913921b078,2026-05-04T01:30:00Z,2026-05-04T03:30:00+0200,93.46,EUR/MWh,FR,FR,day_ahead_price,value,2026-05-23T19:12:02Z
2026-05-23T19:11:13Z,2026-05-23T21:11:13+0200,3f7e4d3d-8fdb-4ead-ba3f-db913921b078,2026-05-04T01:45:00Z,2026-05-04T03:45:00+0200,92.56,EUR/MWh,FR,FR,day_ahead_price,value,2026-05-23T19:12:02Z
2026-05-23T19:11:13Z,2026-05-23T21:11:13+0200,3f7e4d3d-8fdb-4ead-ba3f-db913921b078,2026-05-04T02:00:00Z,2026-05-04T04:00:00+0200,94.11,EUR/MWh,FR,FR,day_ahead_price,value,2026-05-23T19:12:02Z
2026-05-23T19:11:13Z,2026-05-23T21:11:13+0200,3f7e4d3d-8fdb-4ead-ba3f-db913921b078,2026-05-04T02:15:00Z,2026-05-04T04:15:00+0200,94.94,EUR/MWh,FR,FR,day_ahead_price,value,2026-05-23T19:12:02Z
2026-05-23T19:11:13Z,2026-05-23T21:11:13+0200,3f7e4d3d-8fdb-4ead-ba3f-db913921b078,2026-05-04T02:30:00Z,2026-05-04T04:30:00+0200,94.18,EUR/MWh,FR,FR,day_ahead_price,value,2026-05-23T19:12:02Z
2026-05-23T19:11:13Z,2026-05-23T21:11:13+0200,3f7e4d3d-8fdb-4ead-ba3f-db913921b078,2026-05-04T02:45:00Z,2026-05-04T04:45:00+0200,95.47,EUR/MWh,FR,FR,day_ahead_price,value,2026-05-23T19:12:02Z
2026-05-23T19:11:13Z,2026-05-23T21:11:13+0200,3f7e4d3d-8fdb-4ead-ba3f-db913921b078,2026-05-04T03:00:00Z,2026-05-04T05:00:00+0200,99.78,EUR/MWh,FR,FR,day_ahead_price,value,2026-05-23T19:12:02Z
2026-05-23T19:11:13Z,2026-05-23T21:11:13+0200,3f7e4d3d-8fdb-4ead-ba3f-db913921b078,2026-05-04T03:15:00Z,2026-05-04T05:15:00+0200,101.36,EUR/MWh,FR,FR,day_ahead_price,value,2026-05-23T19:12:02Z
2026-05-23T19:11:13Z,2026-05-23T21:11:13+0200,3f7e4d3d-8fdb-4ead-ba3f-db913921b078,2026-05-04T03:30:00Z,2026-05-04T05:30:00+0200,101.78,EUR/MWh,FR,FR,day_ahead_price,value,2026-05-23T19:12:02Z
2026-05-23T19:11:13Z,2026-05-23T21:11:13+0200,3f7e4d3d-8fdb-4ead-ba3f-db913921b078,2026-05-04T03:45:00Z,2026-05-04T05:45:00+0200,102.74,EUR/MWh,FR,FR,day_ahead_price,value,2026-05-23T19:12:02Z
2026-05-23T19:11:13Z,2026-05-23T21:11:13+0200,3f7e4d3d-8fdb-4ead-ba3f-db913921b078,2026-05-04T04:00:00Z,2026-05-04T06:00:00+0200,109.98,EUR/MWh,FR,FR,day_ahead_price,value,2026-05-23T19:12:02Z
2026-05-23T19:11:13Z,2026-05-23T21:11:13+0200,3f7e4d3d-8fdb-4ead-ba3f-db913921b078,2026-05-04T04:15:00Z,2026-05-04T06:15:00+0200,113.89,EUR/MWh,FR,FR,day_ahead_price,value,2026-05-23T19:12:02Z
2026-05-23T19:11:13Z,2026-05-23T21:11:13+0200,3f7e4d3d-8fdb-4ead-ba3f-db913921b078,2026-05-04T04:30:00Z,2026-05-04T06:30:00+0200,114.63,EUR/MWh,FR,FR,day_ahead_price,value,2026-05-23T19:12:02Z
2026-05-23T19:11:13Z,2026-05-23T21:11:13+0200,3f7e4d3d-8fdb-4ead-ba3f-db913921b078,2026-05-04T04:45:00Z,2026-05-04T06:45:00+0200,120.0,EUR/MWh,FR,FR,day_ahead_price,value,2026-05-23T19:12:02Z
2026-05-23T19:11:13Z,2026-05-23T21:11:13+0200,3f7e4d3d-8fdb-4ead-ba3f-db913921b078,2026-05-04T05:00:00Z,2026-05-04T07:00:00+0200,130.86,EUR/MWh,FR,FR,day_ahead_price,value,2026-05-23T19:12:02Z
2026-05-23T19:11:13Z,2026-05-23T21:11:13+0200,3f7e4d3d-8fdb-4ead-ba3f-db913921b078,2026-05-04T05:15:00Z,2026-05-04T07:15:00+0200,134.11,EUR/MWh,FR,FR,day_ahead_price,value,2026-05-23T19:12:02Z
2026-05-23T19:11:13Z,2026-05-23T21:11:13+0200,3f7e4d3d-8fdb-4ead-ba3f-db913921b078,2026-05-04T05:30:00Z,2026-05-04T07:30:00+0200,136.71,EUR/MWh,FR,FR,day_ahead_price,value,2026-05-23T19:12:02Z
2026-05-23T19:11:13Z,2026-05-23T21:11:13+0200,3f7e4d3d-8fdb-4ead-ba3f-db913921b078,2026-05-04T05:45:00Z,2026-05-04T07:45:00+0200,134.11,EUR/MWh,FR,FR,day_ahead_price,value,2026-05-23T19:12:02Z
2026-05-23T19:11:13Z,2026-05-23T21:11:13+0200,3f7e4d3d-8fdb-4ead-ba3f-db913921b078,2026-05-04T06:00:00Z,2026-05-04T08:00:00+0200,155.51,EUR/MWh,FR,FR,day_ahead_price,value,2026-05-23T19:12:02Z
2026-05-23T19:11:13Z,2026-05-23T21:11:13+0200,3f7e4d3d-8fdb-4ead-ba3f-db913921b078,2026-05-04T06:15:00Z,2026-05-04T08:15:00+0200,134.24,EUR/MWh,FR,FR,day_ahead_price,value,2026-05-23T19:12:02Z
2026-05-23T19:11:13Z,2026-05-23T21:11:13+0200,3f7e4d3d-8fdb-4ead-ba3f-db913921b078,2026-05-04T06:30:00Z,2026-05-04T08:30:00+0200,131.09,EUR/MWh,FR,FR,day_ahead_price,value,2026-05-23T19:12:02Z
2026-05-23T19:11:13Z,2026-05-23T21:11:13+0200,3f7e4d3d-8fdb-4ead-ba3f-db913921b078,2026-05-04T06:45:00Z,2026-05-04T08:45:00+0200,110.89,EUR/MWh,FR,FR,day_ahead_price,value,2026-05-23T19:12:02Z
2026-05-23T19:11:13Z,2026-05-23T21:11:13+0200,3f7e4d3d-8fdb-4ead-ba3f-db913921b078,2026-05-04T07:00:00Z,2026-05-04T09:00:00+0200,130.66,EUR/MWh,FR,FR,day_ahead_price,value,2026-05-23T19:12:02Z
2026-05-23T19:11:13Z,2026-05-23T21:11:13+0200,3f7e4d3d-8fdb-4ead-ba3f-db913921b078,2026-05-04T07:15:00Z,2026-05-04T09:15:00+0200,119.3,EUR/MWh,FR,FR,day_ahead_price,value,2026-05-23T19:12:02Z
2026-05-23T19:11:13Z,2026-05-23T21:11:13+0200,3f7e4d3d-8fdb-4ead-ba3f-db913921b078,2026-05-04T07:30:00Z,2026-05-04T09:30:00+0200,126.67,EUR/MWh,FR,FR,day_ahead_price,value,2026-05-23T19:12:02Z
2026-05-23T19:11:13Z,2026-05-23T21:11:13+0200,3f7e4d3d-8fdb-4ead-ba3f-db913921b078,2026-05-04T07:45:00Z,2026-05-04T09:45:00+0200,125.33,EUR/MWh,FR,FR,day_ahead_price,value,2026-05-23T19:12:02Z
2026-05-23T19:11:13Z,2026-05-23T21:11:13+0200,3f7e4d3d-8fdb-4ead-ba3f-db913921b078,2026-05-04T08:00:00Z,2026-05-04T10:00:00+0200,141.75,EUR/MWh,FR,FR,day_ahead_price,value,2026-05-23T19:12:02Z
2026-05-23T19:11:13Z,2026-05-23T21:11:13+0200,3f7e4d3d-8fdb-4ead-ba3f-db913921b078,2026-05-04T08:15:00Z,2026-05-04T10:15:00+0200,119.86,EUR/MWh,FR,FR,day_ahead_price,value,2026-05-23T19:12:02Z
2026-05-23T19:11:13Z,2026-05-23T21:11:13+0200,3f7e4d3d-8fdb-4ead-ba3f-db913921b078,2026-05-04T08:30:00Z,2026-05-04T10:30:00+0200,118.99,EUR/MWh,FR,FR,day_ahead_price,value,2026-05-23T19:12:02Z
2026-05-23T19:11:13Z,2026-05-23T21:11:13+0200,3f7e4d3d-8fdb-4ead-ba3f-db913921b078,2026-05-04T08:45:00Z,2026-05-04T10:45:00+0200,105.49,EUR/MWh,FR,FR,day_ahead_price,value,2026-05-23T19:12:02Z
2026-05-23T19:11:13Z,2026-05-23T21:11:13+0200,3f7e4d3d-8fdb-4ead-ba3f-db913921b078,2026-05-04T09:00:00Z,2026-05-04T11:00:00+0200,119.52,EUR/MWh,FR,FR,day_ahead_price,value,2026-05-23T19:12:02Z
2026-05-23T19:11:13Z,2026-05-23T21:11:13+0200,3f7e4d3d-8fdb-4ead-ba3f-db913921b078,2026-05-04T09:15:00Z,2026-05-04T11:15:00+0200,114.54,EUR/MWh,FR,FR,day_ahead_price,value,2026-05-23T19:12:02Z
2026-05-23T19:11:13Z,2026-05-23T21:11:13+0200,3f7e4d3d-8fdb-4ead-ba3f-db913921b078,2026-05-04T09:30:00Z,2026-05-04T11:30:00+0200,115.06,EUR/MWh,FR,FR,day_ahead_price,value,2026-05-23T19:12:02Z
2026-05-23T19:11:13Z,2026-05-23T21:11:13+0200,3f7e4d3d-8fdb-4ead-ba3f-db913921b078,2026-05-04T09:45:00Z,2026-05-04T11:45:00+0200,108.21,EUR/MWh,FR,FR,day_ahead_price,value,2026-05-23T19:12:02Z
2026-05-23T19:11:13Z,2026-05-23T21:11:13+0200,3f7e4d3d-8fdb-4ead-ba3f-db913921b078,2026-05-04T10:00:00Z,2026-05-04T12:00:00+0200,124.19,EUR/MWh,FR,FR,day_ahead_price,value,2026-05-23T19:12:02Z
2026-05-23T19:11:13Z,2026-05-23T21:11:13+0200,3f7e4d3d-8fdb-4ead-ba3f-db913921b078,2026-05-04T10:15:00Z,2026-05-04T12:15:00+0200,107.02,EUR/MWh,FR,FR,day_ahead_price,value,2026-05-23T19:12:02Z
2026-05-23T19:11:13Z,2026-05-23T21:11:13+0200,3f7e4d3d-8fdb-4ead-ba3f-db913921b078,2026-05-04T10:30:00Z,2026-05-04T12:30:00+0200,100.99,EUR/MWh,FR,FR,day_ahead_price,value,2026-05-23T19:12:02Z
2026-05-23T19:11:13Z,2026-05-23T21:11:13+0200,3f7e4d3d-8fdb-4ead-ba3f-db913921b078,2026-05-04T10:45:00Z,2026-05-04T12:45:00+0200,96.14,EUR/MWh,FR,FR,day_ahead_price,value,2026-05-23T19:12:02Z
2026-05-23T19:11:13Z,2026-05-23T21:11:13+0200,3f7e4d3d-8fdb-4ead-ba3f-db913921b078,2026-05-04T11:00:00Z,2026-05-04T13:00:00+0200,103.75,EUR/MWh,FR,FR,day_ahead_price,value,2026-05-23T19:12:02Z
2026-05-23T19:11:13Z,2026-05-23T21:11:13+0200,3f7e4d3d-8fdb-4ead-ba3f-db913921b078,2026-05-04T11:15:00Z,2026-05-04T13:15:00+0200,96.49,EUR/MWh,FR,FR,day_ahead_price,value,2026-05-23T19:12:02Z
2026-05-23T19:11:13Z,2026-05-23T21:11:13+0200,3f7e4d3d-8fdb-4ead-ba3f-db913921b078,2026-05-04T11:30:00Z,2026-05-04T13:30:00+0200,89.0,EUR/MWh,FR,FR,day_ahead_price,value,2026-05-23T19:12:02Z
2026-05-23T19:11:13Z,2026-05-23T21:11:13+0200,3f7e4d3d-8fdb-4ead-ba3f-db913921b078,2026-05-04T11:45:00Z,2026-05-04T13:45:00+0200,105.8,EUR/MWh,FR,FR,day_ahead_price,value,2026-05-23T19:12:02Z
2026-05-23T19:11:13Z,2026-05-23T21:11:13+0200,3f7e4d3d-8fdb-4ead-ba3f-db913921b078,2026-05-04T12:00:00Z,2026-05-04T14:00:00+0200,104.5,EUR/MWh,FR,FR,day_ahead_price,value,2026-05-23T19:12:02Z
2026-05-23T19:11:13Z,2026-05-23T21:11:13+0200,3f7e4d3d-8fdb-4ead-ba3f-db913921b078,2026-05-04T12:15:00Z,2026-05-04T14:15:00+0200,112.6,EUR/MWh,FR,FR,day_ahead_price,value,2026-05-23T19:12:02Z
2026-05-23T19:11:13Z,2026-05-23T21:11:13+0200,3f7e4d3d-8fdb-4ead-ba3f-db913921b078,2026-05-04T12:30:00Z,2026-05-04T14:30:00+0200,112.5,EUR/MWh,FR,FR,day_ahead_price,value,2026-05-23T19:12:02Z
2026-05-23T19:11:13Z,2026-05-23T21:11:13+0200,3f7e4d3d-8fdb-4ead-ba3f-db913921b078,2026-05-04T12:45:00Z,2026-05-04T14:45:00+0200,113.19,EUR/MWh,FR,FR,day_ahead_price,value,2026-05-23T19:12:02Z
2026-05-23T19:11:13Z,2026-05-23T21:11:13+0200,3f7e4d3d-8fdb-4ead-ba3f-db913921b078,2026-05-04T13:00:00Z,2026-05-04T15:00:00+0200,106.92,EUR/MWh,FR,FR,day_ahead_price,value,2026-05-23T19:12:02Z
2026-05-23T19:11:13Z,2026-05-23T21:11:13+0200,3f7e4d3d-8fdb-4ead-ba3f-db913921b078,2026-05-04T13:15:00Z,2026-05-04T15:15:00+0200,110.04,EUR/MWh,FR,FR,day_ahead_price,value,2026-05-23T19:12:02Z
2026-05-23T19:11:13Z,2026-05-23T21:11:13+0200,3f7e4d3d-8fdb-4ead-ba3f-db913921b078,2026-05-04T13:30:00Z,2026-05-04T15:30:00+0200,112.67,EUR/MWh,FR,FR,day_ahead_price,value,2026-05-23T19:12:02Z
2026-05-23T19:11:13Z,2026-05-23T21:11:13+0200,3f7e4d3d-8fdb-4ead-ba3f-db913921b078,2026-05-04T13:45:00Z,2026-05-04T15:45:00+0200,114.25,EUR/MWh,FR,FR,day_ahead_price,value,2026-05-23T19:12:02Z
2026-05-23T19:11:13Z,2026-05-23T21:11:13+0200,3f7e4d3d-8fdb-4ead-ba3f-db913921b078,2026-05-04T14:00:00Z,2026-05-04T16:00:00+0200,75.79,EUR/MWh,FR,FR,day_ahead_price,value,2026-05-23T19:12:02Z
2026-05-23T19:11:13Z,2026-05-23T21:11:13+0200,3f7e4d3d-8fdb-4ead-ba3f-db913921b078,2026-05-04T14:15:00Z,2026-05-04T16:15:00+0200,87.15,EUR/MWh,FR,FR,day_ahead_price,value,2026-05-23T19:12:02Z
2026-05-23T19:11:13Z,2026-05-23T21:11:13+0200,3f7e4d3d-8fdb-4ead-ba3f-db913921b078,2026-05-04T14:30:00Z,2026-05-04T16:30:00+0200,87.06,EUR/MWh,FR,FR,day_ahead_price,value,2026-05-23T19:12:02Z
2026-05-23T19:11:13Z,2026-05-23T21:11:13+0200,3f7e4d3d-8fdb-4ead-ba3f-db913921b078,2026-05-04T14:45:00Z,2026-05-04T16:45:00+0200,105.56,EUR/MWh,FR,FR,day_ahead_price,value,2026-05-23T19:12:02Z
2026-05-23T19:11:13Z,2026-05-23T21:11:13+0200,3f7e4d3d-8fdb-4ead-ba3f-db913921b078,2026-05-04T15:00:00Z,2026-05-04T17:00:00+0200,60.95,EUR/MWh,FR,FR,day_ahead_price,value,2026-05-23T19:12:02Z
2026-05-23T19:11:13Z,2026-05-23T21:11:13+0200,3f7e4d3d-8fdb-4ead-ba3f-db913921b078,2026-05-04T15:15:00Z,2026-05-04T17:15:00+0200,84.11,EUR/MWh,FR,FR,day_ahead_price,value,2026-05-23T19:12:02Z
2026-05-23T19:11:13Z,2026-05-23T21:11:13+0200,3f7e4d3d-8fdb-4ead-ba3f-db913921b078,2026-05-04T15:30:00Z,2026-05-04T17:30:00+0200,74.99,EUR/MWh,FR,FR,day_ahead_price,value,2026-05-23T19:12:02Z
2026-05-23T19:11:13Z,2026-05-23T21:11:13+0200,3f7e4d3d-8fdb-4ead-ba3f-db913921b078,2026-05-04T15:45:00Z,2026-05-04T17:45:00+0200,67.95,EUR/MWh,FR,FR,day_ahead_price,value,2026-05-23T19:12:02Z
2026-05-23T19:11:13Z,2026-05-23T21:11:13+0200,3f7e4d3d-8fdb-4ead-ba3f-db913921b078,2026-05-04T16:00:00Z,2026-05-04T18:00:00+0200,62.8,EUR/MWh,FR,FR,day_ahead_price,value,2026-05-23T19:12:02Z
2026-05-23T19:11:13Z,2026-05-23T21:11:13+0200,3f7e4d3d-8fdb-4ead-ba3f-db913921b078,2026-05-04T16:15:00Z,2026-05-04T18:15:00+0200,68.4,EUR/MWh,FR,FR,day_ahead_price,value,2026-05-23T19:12:02Z
2026-05-23T19:11:13Z,2026-05-23T21:11:13+0200,3f7e4d3d-8fdb-4ead-ba3f-db913921b078,2026-05-04T16:30:00Z,2026-05-04T18:30:00+0200,95.85,EUR/MWh,FR,FR,day_ahead_price,value,2026-05-23T19:12:02Z
2026-05-23T19:11:13Z,2026-05-23T21:11:13+0200,3f7e4d3d-8fdb-4ead-ba3f-db913921b078,2026-05-04T16:45:00Z,2026-05-04T18:45:00+0200,137.3,EUR/MWh,FR,FR,day_ahead_price,value,2026-05-23T19:12:02Z
2026-05-23T19:11:13Z,2026-05-23T21:11:13+0200,3f7e4d3d-8fdb-4ead-ba3f-db913921b078,2026-05-04T17:00:00Z,2026-05-04T19:00:00+0200,124.99,EUR/MWh,FR,FR,day_ahead_price,value,2026-05-23T19:12:02Z
2026-05-23T19:11:13Z,2026-05-23T21:11:13+0200,3f7e4d3d-8fdb-4ead-ba3f-db913921b078,2026-05-04T17:15:00Z,2026-05-04T19:15:00+0200,126.0,EUR/MWh,FR,FR,day_ahead_price,value,2026-05-23T19:12:02Z
2026-05-23T19:11:13Z,2026-05-23T21:11:13+0200,3f7e4d3d-8fdb-4ead-ba3f-db913921b078,2026-05-04T17:30:00Z,2026-05-04T19:30:00+0200,153.9,EUR/MWh,FR,FR,day_ahead_price,value,2026-05-23T19:12:02Z
2026-05-23T19:11:13Z,2026-05-23T21:11:13+0200,3f7e4d3d-8fdb-4ead-ba3f-db913921b078,2026-05-04T17:45:00Z,2026-05-04T19:45:00+0200,137.7,EUR/MWh,FR,FR,day_ahead_price,value,2026-05-23T19:12:02Z
2026-05-23T19:11:13Z,2026-05-23T21:11:13+0200,3f7e4d3d-8fdb-4ead-ba3f-db913921b078,2026-05-04T18:00:00Z,2026-05-04T20:00:00+0200,92.26,EUR/MWh,FR,FR,day_ahead_price,value,2026-05-23T19:12:02Z
2026-05-23T19:11:13Z,2026-05-23T21:11:13+0200,3f7e4d3d-8fdb-4ead-ba3f-db913921b078,2026-05-04T18:15:00Z,2026-05-04T20:15:00+0200,104.61,EUR/MWh,FR,FR,day_ahead_price,value,2026-05-23T19:12:02Z
2026-05-23T19:11:13Z,2026-05-23T21:11:13+0200,3f7e4d3d-8fdb-4ead-ba3f-db913921b078,2026-05-04T18:30:00Z,2026-05-04T20:30:00+0200,112.37,EUR/MWh,FR,FR,day_ahead_price,value,2026-05-23T19:12:02Z
2026-05-23T19:11:13Z,2026-05-23T21:11:13+0200,3f7e4d3d-8fdb-4ead-ba3f-db913921b078,2026-05-04T18:45:00Z,2026-05-04T20:45:00+0200,130.0,EUR/MWh,FR,FR,day_ahead_price,value,2026-05-23T19:12:02Z
2026-05-23T19:11:13Z,2026-05-23T21:11:13+0200,3f7e4d3d-8fdb-4ead-ba3f-db913921b078,2026-05-04T19:00:00Z,2026-05-04T21:00:00+0200,127.21,EUR/MWh,FR,FR,day_ahead_price,value,2026-05-23T19:12:02Z
2026-05-23T19:11:13Z,2026-05-23T21:11:13+0200,3f7e4d3d-8fdb-4ead-ba3f-db913921b078,2026-05-04T19:15:00Z,2026-05-04T21:15:00+0200,137.11,EUR/MWh,FR,FR,day_ahead_price,value,2026-05-23T19:12:02Z
2026-05-23T19:11:13Z,2026-05-23T21:11:13+0200,3f7e4d3d-8fdb-4ead-ba3f-db913921b078,2026-05-04T19:30:00Z,2026-05-04T21:30:00+0200,140.0,EUR/MWh,FR,FR,day_ahead_price,value,2026-05-23T19:12:02Z
2026-05-23T19:11:13Z,2026-05-23T21:11:13+0200,3f7e4d3d-8fdb-4ead-ba3f-db913921b078,2026-05-04T19:45:00Z,2026-05-04T21:45:00+0200,130.86,EUR/MWh,FR,FR,day_ahead_price,value,2026-05-23T19:12:02Z
2026-05-23T19:11:13Z,2026-05-23T21:11:13+0200,3f7e4d3d-8fdb-4ead-ba3f-db913921b078,2026-05-04T20:00:00Z,2026-05-04T22:00:00+0200,163.83,EUR/MWh,FR,FR,day_ahead_price,value,2026-05-23T19:12:02Z
2026-05-23T19:11:13Z,2026-05-23T21:11:13+0200,3f7e4d3d-8fdb-4ead-ba3f-db913921b078,2026-05-04T20:15:00Z,2026-05-04T22:15:00+0200,130.86,EUR/MWh,FR,FR,day_ahead_price,value,2026-05-23T19:12:02Z
2026-05-23T19:11:13Z,2026-05-23T21:11:13+0200,3f7e4d3d-8fdb-4ead-ba3f-db913921b078,2026-05-04T20:30:00Z,2026-05-04T22:30:00+0200,140.81,EUR/MWh,FR,FR,day_ahead_price,value,2026-05-23T19:12:02Z
2026-05-23T19:11:13Z,2026-05-23T21:11:13+0200,3f7e4d3d-8fdb-4ead-ba3f-db913921b078,2026-05-04T20:45:00Z,2026-05-04T22:45:00+0200,130.86,EUR/MWh,FR,FR,day_ahead_price,value,2026-05-23T19:12:02Z
2026-05-23T19:11:13Z,2026-05-23T21:11:13+0200,3f7e4d3d-8fdb-4ead-ba3f-db913921b078,2026-05-04T21:00:00Z,2026-05-04T23:00:00+0200,136.61,EUR/MWh,FR,FR,day_ahead_price,value,2026-05-23T19:12:02Z
2026-05-23T19:11:13Z,2026-05-23T21:11:13+0200,3f7e4d3d-8fdb-4ead-ba3f-db913921b078,2026-05-04T21:15:00Z,2026-05-04T23:15:00+0200,122.01,EUR/MWh,FR,FR,day_ahead_price,value,2026-05-23T19:12:02Z
2026-05-23T19:11:13Z,2026-05-23T21:11:13+0200,3f7e4d3d-8fdb-4ead-ba3f-db913921b078,2026-05-04T21:30:00Z,2026-05-04T23:30:00+0200,119.78,EUR/MWh,FR,FR,day_ahead_price,value,2026-05-23T19:12:02Z
2026-05-23T19:11:13Z,2026-05-23T21:11:13+0200,3f7e4d3d-8fdb-4ead-ba3f-db913921b078,2026-05-04T21:45:00Z,2026-05-04T23:45:00+0200,111.0,EUR/MWh,FR,FR,day_ahead_price,value,2026-05-23T19:12:02Z
2026-05-23T19:11:13Z,2026-05-23T21:11:13+0200,3f7e4d3d-8fdb-4ead-ba3f-db913921b078,2026-05-04T22:00:00Z,2026-05-05T00:00:00+0200,115.23,EUR/MWh,FR,FR,day_ahead_price,value,2026-05-23T19:12:02Z
2026-05-23T19:11:13Z,2026-05-23T21:11:13+0200,3f7e4d3d-8fdb-4ead-ba3f-db913921b078,2026-05-04T22:15:00Z,2026-05-05T00:15:00+0200,110.04,EUR/MWh,FR,FR,day_ahead_price,value,2026-05-23T19:12:02Z
2026-05-23T19:11:13Z,2026-05-23T21:11:13+0200,3f7e4d3d-8fdb-4ead-ba3f-db913921b078,2026-05-04T22:30:00Z,2026-05-05T00:30:00+0200,105.19,EUR/MWh,FR,FR,day_ahead_price,value,2026-05-23T19:12:02Z
2026-05-23T19:11:13Z,2026-05-23T21:11:13+0200,3f7e4d3d-8fdb-4ead-ba3f-db913921b078,2026-05-04T22:45:00Z,2026-05-05T00:45:00+0200,101.5,EUR/MWh,FR,FR,day_ahead_price,value,2026-05-23T19:12:02Z
2026-05-23T19:11:13Z,2026-05-23T21:11:13+0200,3f7e4d3d-8fdb-4ead-ba3f-db913921b078,2026-05-04T23:00:00Z,2026-05-05T01:00:00+0200,105.1,EUR/MWh,FR,FR,day_ahead_price,value,2026-05-23T19:12:02Z
2026-05-23T19:11:13Z,2026-05-23T21:11:13+0200,3f7e4d3d-8fdb-4ead-ba3f-db913921b078,2026-05-04T23:15:00Z,2026-05-05T01:15:00+0200,101.5,EUR/MWh,FR,FR,day_ahead_price,value,2026-05-23T19:12:02Z
2026-05-23T19:11:13Z,2026-05-23T21:11:13+0200,3f7e4d3d-8fdb-4ead-ba3f-db913921b078,2026-05-04T23:30:00Z,2026-05-05T01:30:00+0200,101.74,EUR/MWh,FR,FR,day_ahead_price,value,2026-05-23T19:12:02Z
2026-05-23T19:11:13Z,2026-05-23T21:11:13+0200,3f7e4d3d-8fdb-4ead-ba3f-db913921b078,2026-05-04T23:45:00Z,2026-05-05T01:45:00+0200,100.78,EUR/MWh,FR,FR,day_ahead_price,value,2026-05-23T19:12:02Z
2026-05-23T19:11:13Z,2026-05-23T21:11:13+0200,3f7e4d3d-8fdb-4ead-ba3f-db913921b078,2026-05-05T00:00:00Z,2026-05-05T02:00:00+0200,100.54,EUR/MWh,FR,FR,day_ahead_price,value,2026-05-23T19:12:02Z
2026-05-23T19:11:13Z,2026-05-23T21:11:13+0200,3f7e4d3d-8fdb-4ead-ba3f-db913921b078,2026-05-05T00:15:00Z,2026-05-05T02:15:00+0200,86.82,EUR/MWh,FR,FR,day_ahead_price,value,2026-05-23T19:12:02Z
2026-05-23T19:11:13Z,2026-05-23T21:11:13+0200,3f7e4d3d-8fdb-4ead-ba3f-db913921b078,2026-05-05T00:30:00Z,2026-05-05T02:30:00+0200,85.0,EUR/MWh,FR,FR,day_ahead_price,value,2026-05-23T19:12:02Z
2026-05-23T19:11:13Z,2026-05-23T21:11:13+0200,3f7e4d3d-8fdb-4ead-ba3f-db913921b078,2026-05-05T00:45:00Z,2026-05-05T02:45:00+0200,86.39,EUR/MWh,FR,FR,day_ahead_price,value,2026-05-23T19:12:02Z
2026-05-23T19:11:13Z,2026-05-23T21:11:13+0200,3f7e4d3d-8fdb-4ead-ba3f-db913921b078,2026-05-05T01:00:00Z,2026-05-05T03:00:00+0200,87.93,EUR/MWh,FR,FR,day_ahead_price,value,2026-05-23T19:12:02Z
2026-05-23T19:11:13Z,2026-05-23T21:11:13+0200,3f7e4d3d-8fdb-4ead-ba3f-db913921b078,2026-05-05T01:15:00Z,2026-05-05T03:15:00+0200,88.32,EUR/MWh,FR,FR,day_ahead_price,value,2026-05-23T19:12:02Z
2026-05-23T19:11:13Z,2026-05-23T21:11:13+0200,3f7e4d3d-8fdb-4ead-ba3f-db913921b078,2026-05-05T01:30:00Z,2026-05-05T03:30:00+0200,96.56,EUR/MWh,FR,FR,day_ahead_price,value,2026-05-23T19:12:02Z
2026-05-23T19:11:13Z,2026-05-23T21:11:13+0200,3f7e4d3d-8fdb-4ead-ba3f-db913921b078,2026-05-05T01:45:00Z,2026-05-05T03:45:00+0200,78.29,EUR/MWh,FR,FR,day_ahead_price,value,2026-05-23T19:12:02Z
2026-05-23T19:11:13Z,2026-05-23T21:11:13+0200,3f7e4d3d-8fdb-4ead-ba3f-db913921b078,2026-05-05T02:00:00Z,2026-05-05T04:00:00+0200,91.02,EUR/MWh,FR,FR,day_ahead_price,value,2026-05-23T19:12:02Z
2026-05-23T19:11:13Z,2026-05-23T21:11:13+0200,3f7e4d3d-8fdb-4ead-ba3f-db913921b078,2026-05-05T02:15:00Z,2026-05-05T04:15:00+0200,79.0,EUR/MWh,FR,FR,day_ahead_price,value,2026-05-23T19:12:02Z
2026-05-23T19:11:13Z,2026-05-23T21:11:13+0200,3f7e4d3d-8fdb-4ead-ba3f-db913921b078,2026-05-05T02:30:00Z,2026-05-05T04:30:00+0200,97.89,EUR/MWh,FR,FR,day_ahead_price,value,2026-05-23T19:12:02Z
2026-05-23T19:11:13Z,2026-05-23T21:11:13+0200,3f7e4d3d-8fdb-4ead-ba3f-db913921b078,2026-05-05T02:45:00Z,2026-05-05T04:45:00+0200,93.76,EUR/MWh,FR,FR,day_ahead_price,value,2026-05-23T19:12:02Z
2026-05-23T19:11:13Z,2026-05-23T21:11:13+0200,3f7e4d3d-8fdb-4ead-ba3f-db913921b078,2026-05-05T03:00:00Z,2026-05-05T05:00:00+0200,100.78,EUR/MWh,FR,FR,day_ahead_price,value,2026-05-23T19:12:02Z
2026-05-23T19:11:13Z,2026-05-23T21:11:13+0200,3f7e4d3d-8fdb-4ead-ba3f-db913921b078,2026-05-05T03:15:00Z,2026-05-05T05:15:00+0200,101.0,EUR/MWh,FR,FR,day_ahead_price,value,2026-05-23T19:12:02Z
2026-05-23T19:11:13Z,2026-05-23T21:11:13+0200,3f7e4d3d-8fdb-4ead-ba3f-db913921b078,2026-05-05T03:30:00Z,2026-05-05T05:30:00+0200,85.87,EUR/MWh,FR,FR,day_ahead_price,value,2026-05-23T19:12:02Z
2026-05-23T19:11:13Z,2026-05-23T21:11:13+0200,3f7e4d3d-8fdb-4ead-ba3f-db913921b078,2026-05-05T03:45:00Z,2026-05-05T05:45:00+0200,94.41,EUR/MWh,FR,FR,day_ahead_price,value,2026-05-23T19:12:02Z
2026-05-23T19:11:13Z,2026-05-23T21:11:13+0200,3f7e4d3d-8fdb-4ead-ba3f-db913921b078,2026-05-05T04:00:00Z,2026-05-05T06:00:00+0200,97.8,EUR/MWh,FR,FR,day_ahead_price,value,2026-05-23T19:12:02Z
2026-05-23T19:11:13Z,2026-05-23T21:11:13+0200,3f7e4d3d-8fdb-4ead-ba3f-db913921b078,2026-05-05T04:15:00Z,2026-05-05T06:15:00+0200,101.5,EUR/MWh,FR,FR,day_ahead_price,value,2026-05-23T19:12:02Z
2026-05-23T19:11:13Z,2026-05-23T21:11:13+0200,3f7e4d3d-8fdb-4ead-ba3f-db913921b078,2026-05-05T04:30:00Z,2026-05-05T06:30:00+0200,105.0,EUR/MWh,FR,FR,day_ahead_price,value,2026-05-23T19:12:02Z
2026-05-23T19:11:13Z,2026-05-23T21:11:13+0200,3f7e4d3d-8fdb-4ead-ba3f-db913921b078,2026-05-05T04:45:00Z,2026-05-05T06:45:00+0200,108.2,EUR/MWh,FR,FR,day_ahead_price,value,2026-05-23T19:12:02Z
2026-05-23T19:11:13Z,2026-05-23T21:11:13+0200,3f7e4d3d-8fdb-4ead-ba3f-db913921b078,2026-05-05T05:00:00Z,2026-05-05T07:00:00+0200,119.35,EUR/MWh,FR,FR,day_ahead_price,value,2026-05-23T19:12:02Z
2026-05-23T19:11:13Z,2026-05-23T21:11:13+0200,3f7e4d3d-8fdb-4ead-ba3f-db913921b078,2026-05-05T05:15:00Z,2026-05-05T07:15:00+0200,120.0,EUR/MWh,FR,FR,day_ahead_price,value,2026-05-23T19:12:02Z
2026-05-23T19:11:13Z,2026-05-23T21:11:13+0200,3f7e4d3d-8fdb-4ead-ba3f-db913921b078,2026-05-05T05:30:00Z,2026-05-05T07:30:00+0200,119.35,EUR/MWh,FR,FR,day_ahead_price,value,2026-05-23T19:12:02Z
2026-05-23T19:11:13Z,2026-05-23T21:11:13+0200,3f7e4d3d-8fdb-4ead-ba3f-db913921b078,2026-05-05T05:45:00Z,2026-05-05T07:45:00+0200,116.5,EUR/MWh,FR,FR,day_ahead_price,value,2026-05-23T19:12:02Z
2026-05-23T19:11:13Z,2026-05-23T21:11:13+0200,3f7e4d3d-8fdb-4ead-ba3f-db913921b078,2026-05-05T06:00:00Z,2026-05-05T08:00:00+0200,120.99,EUR/MWh,FR,FR,day_ahead_price,value,2026-05-23T19:12:02Z
2026-05-23T19:11:13Z,2026-05-23T21:11:13+0200,3f7e4d3d-8fdb-4ead-ba3f-db913921b078,2026-05-05T06:15:00Z,2026-05-05T08:15:00+0200,115.29,EUR/MWh,FR,FR,day_ahead_price,value,2026-05-23T19:12:02Z
2026-05-23T19:11:13Z,2026-05-23T21:11:13+0200,3f7e4d3d-8fdb-4ead-ba3f-db913921b078,2026-05-05T06:30:00Z,2026-05-05T08:30:00+0200,109.08,EUR/MWh,FR,FR,day_ahead_price,value,2026-05-23T19:12:02Z
2026-05-23T19:11:13Z,2026-05-23T21:11:13+0200,3f7e4d3d-8fdb-4ead-ba3f-db913921b078,2026-05-05T06:45:00Z,2026-05-05T08:45:00+0200,109.24,EUR/MWh,FR,FR,day_ahead_price,value,2026-05-23T19:12:02Z
2026-05-23T19:11:13Z,2026-05-23T21:11:13+0200,3f7e4d3d-8fdb-4ead-ba3f-db913921b078,2026-05-05T07:00:00Z,2026-05-05T09:00:00+0200,118.0,EUR/MWh,FR,FR,day_ahead_price,value,2026-05-23T19:12:02Z
2026-05-23T19:11:13Z,2026-05-23T21:11:13+0200,3f7e4d3d-8fdb-4ead-ba3f-db913921b078,2026-05-05T07:15:00Z,2026-05-05T09:15:00+0200,115.34,EUR/MWh,FR,FR,day_ahead_price,value,2026-05-23T19:12:02Z
2026-05-23T19:11:13Z,2026-05-23T21:11:13+0200,3f7e4d3d-8fdb-4ead-ba3f-db913921b078,2026-05-05T07:30:00Z,2026-05-05T09:30:00+0200,105.98,EUR/MWh,FR,FR,day_ahead_price,value,2026-05-23T19:12:02Z
2026-05-23T19:11:13Z,2026-05-23T21:11:13+0200,3f7e4d3d-8fdb-4ead-ba3f-db913921b078,2026-05-05T07:45:00Z,2026-05-05T09:45:00+0200,109.52,EUR/MWh,FR,FR,day_ahead_price,value,2026-05-23T19:12:02Z
2026-05-23T19:11:13Z,2026-05-23T21:11:13+0200,3f7e4d3d-8fdb-4ead-ba3f-db913921b078,2026-05-05T08:00:00Z,2026-05-05T10:00:00+0200,123.07,EUR/MWh,FR,FR,day_ahead_price,value,2026-05-23T19:12:02Z
2026-05-23T19:11:13Z,2026-05-23T21:11:13+0200,3f7e4d3d-8fdb-4ead-ba3f-db913921b078,2026-05-05T08:15:00Z,2026-05-05T10:15:00+0200,114.65,EUR/MWh,FR,FR,day_ahead_price,value,2026-05-23T19:12:02Z
2026-05-23T19:11:13Z,2026-05-23T21:11:13+0200,3f7e4d3d-8fdb-4ead-ba3f-db913921b078,2026-05-05T08:30:00Z,2026-05-05T10:30:00+0200,102.87,EUR/MWh,FR,FR,day_ahead_price,value,2026-05-23T19:12:02Z
2026-05-23T19:11:13Z,2026-05-23T21:11:13+0200,3f7e4d3d-8fdb-4ead-ba3f-db913921b078,2026-05-05T08:45:00Z,2026-05-05T10:45:00+0200,101.2,EUR/MWh,FR,FR,day_ahead_price,value,2026-05-23T19:12:02Z
2026-05-23T19:11:13Z,2026-05-23T21:11:13+0200,3f7e4d3d-8fdb-4ead-ba3f-db913921b078,2026-05-05T09:00:00Z,2026-05-05T11:00:00+0200,110.85,EUR/MWh,FR,FR,day_ahead_price,value,2026-05-23T19:12:02Z
2026-05-23T19:11:13Z,2026-05-23T21:11:13+0200,3f7e4d3d-8fdb-4ead-ba3f-db913921b078,2026-05-05T09:15:00Z,2026-05-05T11:15:00+0200,80.9,EUR/MWh,FR,FR,day_ahead_price,value,2026-05-23T19:12:02Z
2026-05-23T19:11:13Z,2026-05-23T21:11:13+0200,3f7e4d3d-8fdb-4ead-ba3f-db913921b078,2026-05-05T09:30:00Z,2026-05-05T11:30:00+0200,81.38,EUR/MWh,FR,FR,day_ahead_price,value,2026-05-23T19:12:02Z
2026-05-23T19:11:13Z,2026-05-23T21:11:13+0200,3f7e4d3d-8fdb-4ead-ba3f-db913921b078,2026-05-05T09:45:00Z,2026-05-05T11:45:00+0200,70.43,EUR/MWh,FR,FR,day_ahead_price,value,2026-05-23T19:12:02Z
2026-05-23T19:11:13Z,2026-05-23T21:11:13+0200,3f7e4d3d-8fdb-4ead-ba3f-db913921b078,2026-05-05T10:00:00Z,2026-05-05T12:00:00+0200,90.45,EUR/MWh,FR,FR,day_ahead_price,value,2026-05-23T19:12:02Z
2026-05-23T19:11:13Z,2026-05-23T21:11:13+0200,3f7e4d3d-8fdb-4ead-ba3f-db913921b078,2026-05-05T10:15:00Z,2026-05-05T12:15:00+0200,64.58,EUR/MWh,FR,FR,day_ahead_price,value,2026-05-23T19:12:02Z
2026-05-23T19:11:13Z,2026-05-23T21:11:13+0200,3f7e4d3d-8fdb-4ead-ba3f-db913921b078,2026-05-05T10:30:00Z,2026-05-05T12:30:00+0200,78.2,EUR/MWh,FR,FR,day_ahead_price,value,2026-05-23T19:12:02Z
2026-05-23T19:11:13Z,2026-05-23T21:11:13+0200,3f7e4d3d-8fdb-4ead-ba3f-db913921b078,2026-05-05T10:45:00Z,2026-05-05T12:45:00+0200,77.68,EUR/MWh,FR,FR,day_ahead_price,value,2026-05-23T19:12:02Z
2026-05-23T19:11:13Z,2026-05-23T21:11:13+0200,3f7e4d3d-8fdb-4ead-ba3f-db913921b078,2026-05-05T11:00:00Z,2026-05-05T13:00:00+0200,85.23,EUR/MWh,FR,FR,day_ahead_price,value,2026-05-23T19:12:02Z
2026-05-23T19:11:13Z,2026-05-23T21:11:13+0200,3f7e4d3d-8fdb-4ead-ba3f-db913921b078,2026-05-05T11:15:00Z,2026-05-05T13:15:00+0200,63.65,EUR/MWh,FR,FR,day_ahead_price,value,2026-05-23T19:12:02Z
2026-05-23T19:11:13Z,2026-05-23T21:11:13+0200,3f7e4d3d-8fdb-4ead-ba3f-db913921b078,2026-05-05T11:30:00Z,2026-05-05T13:30:00+0200,54.34,EUR/MWh,FR,FR,day_ahead_price,value,2026-05-23T19:12:02Z
2026-05-23T19:11:13Z,2026-05-23T21:11:13+0200,3f7e4d3d-8fdb-4ead-ba3f-db913921b078,2026-05-05T11:45:00Z,2026-05-05T13:45:00+0200,49.96,EUR/MWh,FR,FR,day_ahead_price,value,2026-05-23T19:12:02Z
2026-05-23T19:11:13Z,2026-05-23T21:11:13+0200,3f7e4d3d-8fdb-4ead-ba3f-db913921b078,2026-05-05T12:00:00Z,2026-05-05T14:00:00+0200,74.57,EUR/MWh,FR,FR,day_ahead_price,value,2026-05-23T19:12:02Z
2026-05-23T19:11:13Z,2026-05-23T21:11:13+0200,3f7e4d3d-8fdb-4ead-ba3f-db913921b078,2026-05-05T12:15:00Z,2026-05-05T14:15:00+0200,60.91,EUR/MWh,FR,FR,day_ahead_price,value,2026-05-23T19:12:02Z
2026-05-23T19:11:13Z,2026-05-23T21:11:13+0200,3f7e4d3d-8fdb-4ead-ba3f-db913921b078,2026-05-05T12:30:00Z,2026-05-05T14:30:00+0200,81.68,EUR/MWh,FR,FR,day_ahead_price,value,2026-05-23T19:12:02Z
2026-05-23T19:11:13Z,2026-05-23T21:11:13+0200,3f7e4d3d-8fdb-4ead-ba3f-db913921b078,2026-05-05T12:45:00Z,2026-05-05T14:45:00+0200,61.4,EUR/MWh,FR,FR,day_ahead_price,value,2026-05-23T19:12:02Z
2026-05-23T19:11:13Z,2026-05-23T21:11:13+0200,3f7e4d3d-8fdb-4ead-ba3f-db913921b078,2026-05-05T13:00:00Z,2026-05-05T15:00:00+0200,94.17,EUR/MWh,FR,FR,day_ahead_price,value,2026-05-23T19:12:02Z
2026-05-23T19:11:13Z,2026-05-23T21:11:13+0200,3f7e4d3d-8fdb-4ead-ba3f-db913921b078,2026-05-05T13:15:00Z,2026-05-05T15:15:00+0200,68.04,EUR/MWh,FR,FR,day_ahead_price,value,2026-05-23T19:12:02Z
2026-05-23T19:11:13Z,2026-05-23T21:11:13+0200,3f7e4d3d-8fdb-4ead-ba3f-db913921b078,2026-05-05T13:30:00Z,2026-05-05T15:30:00+0200,37.0,EUR/MWh,FR,FR,day_ahead_price,value,2026-05-23T19:12:02Z
2026-05-23T19:11:13Z,2026-05-23T21:11:13+0200,3f7e4d3d-8fdb-4ead-ba3f-db913921b078,2026-05-05T13:45:00Z,2026-05-05T15:45:00+0200,39.98,EUR/MWh,FR,FR,day_ahead_price,value,2026-05-23T19:12:02Z
2026-05-23T19:11:13Z,2026-05-23T21:11:13+0200,3f7e4d3d-8fdb-4ead-ba3f-db913921b078,2026-05-05T14:00:00Z,2026-05-05T16:00:00+0200,30.23,EUR/MWh,FR,FR,day_ahead_price,value,2026-05-23T19:12:02Z
2026-05-23T19:11:13Z,2026-05-23T21:11:13+0200,3f7e4d3d-8fdb-4ead-ba3f-db913921b078,2026-05-05T14:15:00Z,2026-05-05T16:15:00+0200,34.5,EUR/MWh,FR,FR,day_ahead_price,value,2026-05-23T19:12:02Z
2026-05-23T19:11:13Z,2026-05-23T21:11:13+0200,3f7e4d3d-8fdb-4ead-ba3f-db913921b078,2026-05-05T14:30:00Z,2026-05-05T16:30:00+0200,10.99,EUR/MWh,FR,FR,day_ahead_price,value,2026-05-23T19:12:02Z
2026-05-23T19:11:13Z,2026-05-23T21:11:13+0200,3f7e4d3d-8fdb-4ead-ba3f-db913921b078,2026-05-05T14:45:00Z,2026-05-05T16:45:00+0200,44.3,EUR/MWh,FR,FR,day_ahead_price,value,2026-05-23T19:12:02Z
2026-05-23T19:11:13Z,2026-05-23T21:11:13+0200,3f7e4d3d-8fdb-4ead-ba3f-db913921b078,2026-05-05T15:00:00Z,2026-05-05T17:00:00+0200,16.26,EUR/MWh,FR,FR,day_ahead_price,value,2026-05-23T19:12:02Z
2026-05-23T19:11:13Z,2026-05-23T21:11:13+0200,3f7e4d3d-8fdb-4ead-ba3f-db913921b078,2026-05-05T15:15:00Z,2026-05-05T17:15:00+0200,37.47,EUR/MWh,FR,FR,day_ahead_price,value,2026-05-23T19:12:02Z
2026-05-23T19:11:13Z,2026-05-23T21:11:13+0200,3f7e4d3d-8fdb-4ead-ba3f-db913921b078,2026-05-05T15:30:00Z,2026-05-05T17:30:00+0200,56.35,EUR/MWh,FR,FR,day_ahead_price,value,2026-05-23T19:12:02Z
2026-05-23T19:11:13Z,2026-05-23T21:11:13+0200,3f7e4d3d-8fdb-4ead-ba3f-db913921b078,2026-05-05T15:45:00Z,2026-05-05T17:45:00+0200,86.12,EUR/MWh,FR,FR,day_ahead_price,value,2026-05-23T19:12:02Z
2026-05-23T19:11:13Z,2026-05-23T21:11:13+0200,3f7e4d3d-8fdb-4ead-ba3f-db913921b078,2026-05-05T16:00:00Z,2026-05-05T18:00:00+0200,60.92,EUR/MWh,FR,FR,day_ahead_price,value,2026-05-23T19:12:02Z
2026-05-23T19:11:13Z,2026-05-23T21:11:13+0200,3f7e4d3d-8fdb-4ead-ba3f-db913921b078,2026-05-05T16:15:00Z,2026-05-05T18:15:00+0200,44.46,EUR/MWh,FR,FR,day_ahead_price,value,2026-05-23T19:12:02Z
2026-05-23T19:11:13Z,2026-05-23T21:11:13+0200,3f7e4d3d-8fdb-4ead-ba3f-db913921b078,2026-05-05T16:30:00Z,2026-05-05T18:30:00+0200,121.0,EUR/MWh,FR,FR,day_ahead_price,value,2026-05-23T19:12:02Z
2026-05-23T19:11:13Z,2026-05-23T21:11:13+0200,3f7e4d3d-8fdb-4ead-ba3f-db913921b078,2026-05-05T16:45:00Z,2026-05-05T18:45:00+0200,162.44,EUR/MWh,FR,FR,day_ahead_price,value,2026-05-23T19:12:02Z
2026-05-23T19:11:13Z,2026-05-23T21:11:13+0200,3f7e4d3d-8fdb-4ead-ba3f-db913921b078,2026-05-05T17:00:00Z,2026-05-05T19:00:00+0200,146.03,EUR/MWh,FR,FR,day_ahead_price,value,2026-05-23T19:12:02Z
2026-05-23T19:11:13Z,2026-05-23T21:11:13+0200,3f7e4d3d-8fdb-4ead-ba3f-db913921b078,2026-05-05T17:15:00Z,2026-05-05T19:15:00+0200,153.91,EUR/MWh,FR,FR,day_ahead_price,value,2026-05-23T19:12:02Z
2026-05-23T19:11:13Z,2026-05-23T21:11:13+0200,3f7e4d3d-8fdb-4ead-ba3f-db913921b078,2026-05-05T17:30:00Z,2026-05-05T19:30:00+0200,124.55,EUR/MWh,FR,FR,day_ahead_price,value,2026-05-23T19:12:02Z
2026-05-23T19:11:13Z,2026-05-23T21:11:13+0200,3f7e4d3d-8fdb-4ead-ba3f-db913921b078,2026-05-05T17:45:00Z,2026-05-05T19:45:00+0200,123.5,EUR/MWh,FR,FR,day_ahead_price,value,2026-05-23T19:12:02Z
2026-05-23T19:11:13Z,2026-05-23T21:11:13+0200,3f7e4d3d-8fdb-4ead-ba3f-db913921b078,2026-05-05T18:00:00Z,2026-05-05T20:00:00+0200,90.0,EUR/MWh,FR,FR,day_ahead_price,value,2026-05-23T19:12:02Z
2026-05-23T19:11:13Z,2026-05-23T21:11:13+0200,3f7e4d3d-8fdb-4ead-ba3f-db913921b078,2026-05-05T18:15:00Z,2026-05-05T20:15:00+0200,99.0,EUR/MWh,FR,FR,day_ahead_price,value,2026-05-23T19:12:02Z
2026-05-23T19:11:13Z,2026-05-23T21:11:13+0200,3f7e4d3d-8fdb-4ead-ba3f-db913921b078,2026-05-05T18:30:00Z,2026-05-05T20:30:00+0200,106.09,EUR/MWh,FR,FR,day_ahead_price,value,2026-05-23T19:12:02Z
2026-05-23T19:11:13Z,2026-05-23T21:11:13+0200,3f7e4d3d-8fdb-4ead-ba3f-db913921b078,2026-05-05T18:45:00Z,2026-05-05T20:45:00+0200,113.35,EUR/MWh,FR,FR,day_ahead_price,value,2026-05-23T19:12:02Z
2026-05-23T19:11:13Z,2026-05-23T21:11:13+0200,3f7e4d3d-8fdb-4ead-ba3f-db913921b078,2026-05-05T19:00:00Z,2026-05-05T21:00:00+0200,110.0,EUR/MWh,FR,FR,day_ahead_price,value,2026-05-23T19:12:02Z
2026-05-23T19:11:13Z,2026-05-23T21:11:13+0200,3f7e4d3d-8fdb-4ead-ba3f-db913921b078,2026-05-05T19:15:00Z,2026-05-05T21:15:00+0200,111.7,EUR/MWh,FR,FR,day_ahead_price,value,2026-05-23T19:12:02Z
2026-05-23T19:11:13Z,2026-05-23T21:11:13+0200,3f7e4d3d-8fdb-4ead-ba3f-db913921b078,2026-05-05T19:30:00Z,2026-05-05T21:30:00+0200,101.2,EUR/MWh,FR,FR,day_ahead_price,value,2026-05-23T19:12:02Z
2026-05-23T19:11:13Z,2026-05-23T21:11:13+0200,3f7e4d3d-8fdb-4ead-ba3f-db913921b078,2026-05-05T19:45:00Z,2026-05-05T21:45:00+0200,79.86,EUR/MWh,FR,FR,day_ahead_price,value,2026-05-23T19:12:02Z
2026-05-23T19:11:13Z,2026-05-23T21:11:13+0200,3f7e4d3d-8fdb-4ead-ba3f-db913921b078,2026-05-05T20:00:00Z,2026-05-05T22:00:00+0200,114.63,EUR/MWh,FR,FR,day_ahead_price,value,2026-05-23T19:12:02Z
2026-05-23T19:11:13Z,2026-05-23T21:11:13+0200,3f7e4d3d-8fdb-4ead-ba3f-db913921b078,2026-05-05T20:15:00Z,2026-05-05T22:15:00+0200,98.73,EUR/MWh,FR,FR,day_ahead_price,value,2026-05-23T19:12:02Z
2026-05-23T19:11:13Z,2026-05-23T21:11:13+0200,3f7e4d3d-8fdb-4ead-ba3f-db913921b078,2026-05-05T20:30:00Z,2026-05-05T22:30:00+0200,110.0,EUR/MWh,FR,FR,day_ahead_price,value,2026-05-23T19:12:02Z
2026-05-23T19:11:13Z,2026-05-23T21:11:13+0200,3f7e4d3d-8fdb-4ead-ba3f-db913921b078,2026-05-05T20:45:00Z,2026-05-05T22:45:00+0200,105.1,EUR/MWh,FR,FR,day_ahead_price,value,2026-05-23T19:12:02Z
2026-05-23T19:11:13Z,2026-05-23T21:11:13+0200,3f7e4d3d-8fdb-4ead-ba3f-db913921b078,2026-05-05T21:00:00Z,2026-05-05T23:00:00+0200,105.92,EUR/MWh,FR,FR,day_ahead_price,value,2026-05-23T19:12:02Z
2026-05-23T19:11:13Z,2026-05-23T21:11:13+0200,3f7e4d3d-8fdb-4ead-ba3f-db913921b078,2026-05-05T21:15:00Z,2026-05-05T23:15:00+0200,91.39,EUR/MWh,FR,FR,day_ahead_price,value,2026-05-23T19:12:02Z
2026-05-23T19:11:13Z,2026-05-23T21:11:13+0200,3f7e4d3d-8fdb-4ead-ba3f-db913921b078,2026-05-05T21:30:00Z,2026-05-05T23:30:00+0200,101.44,EUR/MWh,FR,FR,day_ahead_price,value,2026-05-23T19:12:02Z
2026-05-23T19:11:13Z,2026-05-23T21:11:13+0200,3f7e4d3d-8fdb-4ead-ba3f-db913921b078,2026-05-05T21:45:00Z,2026-05-05T23:45:00+0200,92.94,EUR/MWh,FR,FR,day_ahead_price,value,2026-05-23T19:12:02Z
2026-05-23T19:11:13Z,2026-05-23T21:11:13+0200,3f7e4d3d-8fdb-4ead-ba3f-db913921b078,2026-05-05T22:00:00Z,2026-05-06T00:00:00+0200,119.35,EUR/MWh,FR,FR,day_ahead_price,value,2026-05-23T19:12:02Z
2026-05-23T19:11:13Z,2026-05-23T21:11:13+0200,3f7e4d3d-8fdb-4ead-ba3f-db913921b078,2026-05-05T22:15:00Z,2026-05-06T00:15:00+0200,117.81,EUR/MWh,FR,FR,day_ahead_price,value,2026-05-23T19:12:02Z
2026-05-23T19:11:13Z,2026-05-23T21:11:13+0200,3f7e4d3d-8fdb-4ead-ba3f-db913921b078,2026-05-05T22:30:00Z,2026-05-06T00:30:00+0200,112.47,EUR/MWh,FR,FR,day_ahead_price,value,2026-05-23T19:12:02Z
2026-05-23T19:11:13Z,2026-05-23T21:11:13+0200,3f7e4d3d-8fdb-4ead-ba3f-db913921b078,2026-05-05T22:45:00Z,2026-05-06T00:45:00+0200,110.0,EUR/MWh,FR,FR,day_ahead_price,value,2026-05-23T19:12:02Z
2026-05-23T19:11:13Z,2026-05-23T21:11:13+0200,3f7e4d3d-8fdb-4ead-ba3f-db913921b078,2026-05-05T23:00:00Z,2026-05-06T01:00:00+0200,111.02,EUR/MWh,FR,FR,day_ahead_price,value,2026-05-23T19:12:02Z
2026-05-23T19:11:13Z,2026-05-23T21:11:13+0200,3f7e4d3d-8fdb-4ead-ba3f-db913921b078,2026-05-05T23:15:00Z,2026-05-06T01:15:00+0200,107.14,EUR/MWh,FR,FR,day_ahead_price,value,2026-05-23T19:12:02Z
2026-05-23T19:11:13Z,2026-05-23T21:11:13+0200,3f7e4d3d-8fdb-4ead-ba3f-db913921b078,2026-05-05T23:30:00Z,2026-05-06T01:30:00+0200,108.01,EUR/MWh,FR,FR,day_ahead_price,value,2026-05-23T19:12:02Z
2026-05-23T19:11:13Z,2026-05-23T21:11:13+0200,3f7e4d3d-8fdb-4ead-ba3f-db913921b078,2026-05-05T23:45:00Z,2026-05-06T01:45:00+0200,107.51,EUR/MWh,FR,FR,day_ahead_price,value,2026-05-23T19:12:02Z
2026-05-23T19:11:13Z,2026-05-23T21:11:13+0200,3f7e4d3d-8fdb-4ead-ba3f-db913921b078,2026-05-06T00:00:00Z,2026-05-06T02:00:00+0200,110.54,EUR/MWh,FR,FR,day_ahead_price,value,2026-05-23T19:12:02Z
2026-05-23T19:11:13Z,2026-05-23T21:11:13+0200,3f7e4d3d-8fdb-4ead-ba3f-db913921b078,2026-05-06T00:15:00Z,2026-05-06T02:15:00+0200,102.22,EUR/MWh,FR,FR,day_ahead_price,value,2026-05-23T19:12:02Z
2026-05-23T19:11:13Z,2026-05-23T21:11:13+0200,3f7e4d3d-8fdb-4ead-ba3f-db913921b078,2026-05-06T00:30:00Z,2026-05-06T02:30:00+0200,94.09,EUR/MWh,FR,FR,day_ahead_price,value,2026-05-23T19:12:02Z
2026-05-23T19:11:13Z,2026-05-23T21:11:13+0200,3f7e4d3d-8fdb-4ead-ba3f-db913921b078,2026-05-06T00:45:00Z,2026-05-06T02:45:00+0200,95.63,EUR/MWh,FR,FR,day_ahead_price,value,2026-05-23T19:12:02Z
2026-05-23T19:11:13Z,2026-05-23T21:11:13+0200,3f7e4d3d-8fdb-4ead-ba3f-db913921b078,2026-05-06T01:00:00Z,2026-05-06T03:00:00+0200,106.86,EUR/MWh,FR,FR,day_ahead_price,value,2026-05-23T19:12:02Z
2026-05-23T19:11:13Z,2026-05-23T21:11:13+0200,3f7e4d3d-8fdb-4ead-ba3f-db913921b078,2026-05-06T01:15:00Z,2026-05-06T03:15:00+0200,97.33,EUR/MWh,FR,FR,day_ahead_price,value,2026-05-23T19:12:02Z
2026-05-23T19:11:13Z,2026-05-23T21:11:13+0200,3f7e4d3d-8fdb-4ead-ba3f-db913921b078,2026-05-06T01:30:00Z,2026-05-06T03:30:00+0200,99.23,EUR/MWh,FR,FR,day_ahead_price,value,2026-05-23T19:12:02Z
2026-05-23T19:11:13Z,2026-05-23T21:11:13+0200,3f7e4d3d-8fdb-4ead-ba3f-db913921b078,2026-05-06T01:45:00Z,2026-05-06T03:45:00+0200,91.59,EUR/MWh,FR,FR,day_ahead_price,value,2026-05-23T19:12:02Z
2026-05-23T19:11:13Z,2026-05-23T21:11:13+0200,3f7e4d3d-8fdb-4ead-ba3f-db913921b078,2026-05-06T02:00:00Z,2026-05-06T04:00:00+0200,90.2,EUR/MWh,FR,FR,day_ahead_price,value,2026-05-23T19:12:02Z
2026-05-23T19:11:13Z,2026-05-23T21:11:13+0200,3f7e4d3d-8fdb-4ead-ba3f-db913921b078,2026-05-06T02:15:00Z,2026-05-06T04:15:00+0200,92.06,EUR/MWh,FR,FR,day_ahead_price,value,2026-05-23T19:12:02Z
2026-05-23T19:11:13Z,2026-05-23T21:11:13+0200,3f7e4d3d-8fdb-4ead-ba3f-db913921b078,2026-05-06T02:30:00Z,2026-05-06T04:30:00+0200,101.51,EUR/MWh,FR,FR,day_ahead_price,value,2026-05-23T19:12:02Z
2026-05-23T19:11:13Z,2026-05-23T21:11:13+0200,3f7e4d3d-8fdb-4ead-ba3f-db913921b078,2026-05-06T02:45:00Z,2026-05-06T04:45:00+0200,100.57,EUR/MWh,FR,FR,day_ahead_price,value,2026-05-23T19:12:02Z
2026-05-23T19:11:13Z,2026-05-23T21:11:13+0200,3f7e4d3d-8fdb-4ead-ba3f-db913921b078,2026-05-06T03:00:00Z,2026-05-06T05:00:00+0200,90.53,EUR/MWh,FR,FR,day_ahead_price,value,2026-05-23T19:12:02Z
2026-05-23T19:11:13Z,2026-05-23T21:11:13+0200,3f7e4d3d-8fdb-4ead-ba3f-db913921b078,2026-05-06T03:15:00Z,2026-05-06T05:15:00+0200,88.16,EUR/MWh,FR,FR,day_ahead_price,value,2026-05-23T19:12:02Z
2026-05-23T19:11:13Z,2026-05-23T21:11:13+0200,3f7e4d3d-8fdb-4ead-ba3f-db913921b078,2026-05-06T03:30:00Z,2026-05-06T05:30:00+0200,110.0,EUR/MWh,FR,FR,day_ahead_price,value,2026-05-23T19:12:02Z
2026-05-23T19:11:13Z,2026-05-23T21:11:13+0200,3f7e4d3d-8fdb-4ead-ba3f-db913921b078,2026-05-06T03:45:00Z,2026-05-06T05:45:00+0200,86.51,EUR/MWh,FR,FR,day_ahead_price,value,2026-05-23T19:12:02Z
2026-05-23T19:11:13Z,2026-05-23T21:11:13+0200,3f7e4d3d-8fdb-4ead-ba3f-db913921b078,2026-05-06T04:00:00Z,2026-05-06T06:00:00+0200,114.86,EUR/MWh,FR,FR,day_ahead_price,value,2026-05-23T19:12:02Z
2026-05-23T19:11:13Z,2026-05-23T21:11:13+0200,3f7e4d3d-8fdb-4ead-ba3f-db913921b078,2026-05-06T04:15:00Z,2026-05-06T06:15:00+0200,116.74,EUR/MWh,FR,FR,day_ahead_price,value,2026-05-23T19:12:02Z
2026-05-23T19:11:13Z,2026-05-23T21:11:13+0200,3f7e4d3d-8fdb-4ead-ba3f-db913921b078,2026-05-06T04:30:00Z,2026-05-06T06:30:00+0200,119.7,EUR/MWh,FR,FR,day_ahead_price,value,2026-05-23T19:12:02Z
2026-05-23T19:11:13Z,2026-05-23T21:11:13+0200,3f7e4d3d-8fdb-4ead-ba3f-db913921b078,2026-05-06T04:45:00Z,2026-05-06T06:45:00+0200,119.7,EUR/MWh,FR,FR,day_ahead_price,value,2026-05-23T19:12:02Z
2026-05-23T19:11:13Z,2026-05-23T21:11:13+0200,3f7e4d3d-8fdb-4ead-ba3f-db913921b078,2026-05-06T05:00:00Z,2026-05-06T07:00:00+0200,122.0,EUR/MWh,FR,FR,day_ahead_price,value,2026-05-23T19:12:02Z
2026-05-23T19:11:13Z,2026-05-23T21:11:13+0200,3f7e4d3d-8fdb-4ead-ba3f-db913921b078,2026-05-06T05:15:00Z,2026-05-06T07:15:00+0200,125.01,EUR/MWh,FR,FR,day_ahead_price,value,2026-05-23T19:12:02Z
2026-05-23T19:11:13Z,2026-05-23T21:11:13+0200,3f7e4d3d-8fdb-4ead-ba3f-db913921b078,2026-05-06T05:30:00Z,2026-05-06T07:30:00+0200,127.0,EUR/MWh,FR,FR,day_ahead_price,value,2026-05-23T19:12:02Z
2026-05-23T19:11:13Z,2026-05-23T21:11:13+0200,3f7e4d3d-8fdb-4ead-ba3f-db913921b078,2026-05-06T05:45:00Z,2026-05-06T07:45:00+0200,122.91,EUR/MWh,FR,FR,day_ahead_price,value,2026-05-23T19:12:02Z
2026-05-23T19:11:13Z,2026-05-23T21:11:13+0200,3f7e4d3d-8fdb-4ead-ba3f-db913921b078,2026-05-06T06:00:00Z,2026-05-06T08:00:00+0200,128.36,EUR/MWh,FR,FR,day_ahead_price,value,2026-05-23T19:12:02Z
2026-05-23T19:11:13Z,2026-05-23T21:11:13+0200,3f7e4d3d-8fdb-4ead-ba3f-db913921b078,2026-05-06T06:15:00Z,2026-05-06T08:15:00+0200,128.84,EUR/MWh,FR,FR,day_ahead_price,value,2026-05-23T19:12:02Z
2026-05-23T19:11:13Z,2026-05-23T21:11:13+0200,3f7e4d3d-8fdb-4ead-ba3f-db913921b078,2026-05-06T06:30:00Z,2026-05-06T08:30:00+0200,121.9,EUR/MWh,FR,FR,day_ahead_price,value,2026-05-23T19:12:02Z
2026-05-23T19:11:13Z,2026-05-23T21:11:13+0200,3f7e4d3d-8fdb-4ead-ba3f-db913921b078,2026-05-06T06:45:00Z,2026-05-06T08:45:00+0200,112.93,EUR/MWh,FR,FR,day_ahead_price,value,2026-05-23T19:12:02Z
2026-05-23T19:11:13Z,2026-05-23T21:11:13+0200,3f7e4d3d-8fdb-4ead-ba3f-db913921b078,2026-05-06T07:00:00Z,2026-05-06T09:00:00+0200,136.86,EUR/MWh,FR,FR,day_ahead_price,value,2026-05-23T19:12:02Z
2026-05-23T19:11:13Z,2026-05-23T21:11:13+0200,3f7e4d3d-8fdb-4ead-ba3f-db913921b078,2026-05-06T07:15:00Z,2026-05-06T09:15:00+0200,125.49,EUR/MWh,FR,FR,day_ahead_price,value,2026-05-23T19:12:02Z
2026-05-23T19:11:13Z,2026-05-23T21:11:13+0200,3f7e4d3d-8fdb-4ead-ba3f-db913921b078,2026-05-06T07:30:00Z,2026-05-06T09:30:00+0200,119.06,EUR/MWh,FR,FR,day_ahead_price,value,2026-05-23T19:12:02Z
2026-05-23T19:11:13Z,2026-05-23T21:11:13+0200,3f7e4d3d-8fdb-4ead-ba3f-db913921b078,2026-05-06T07:45:00Z,2026-05-06T09:45:00+0200,110.99,EUR/MWh,FR,FR,day_ahead_price,value,2026-05-23T19:12:02Z
2026-05-23T19:11:13Z,2026-05-23T21:11:13+0200,3f7e4d3d-8fdb-4ead-ba3f-db913921b078,2026-05-06T08:00:00Z,2026-05-06T10:00:00+0200,123.3,EUR/MWh,FR,FR,day_ahead_price,value,2026-05-23T19:12:02Z
2026-05-23T19:11:13Z,2026-05-23T21:11:13+0200,3f7e4d3d-8fdb-4ead-ba3f-db913921b078,2026-05-06T08:15:00Z,2026-05-06T10:15:00+0200,114.67,EUR/MWh,FR,FR,day_ahead_price,value,2026-05-23T19:12:02Z
2026-05-23T19:11:13Z,2026-05-23T21:11:13+0200,3f7e4d3d-8fdb-4ead-ba3f-db913921b078,2026-05-06T08:30:00Z,2026-05-06T10:30:00+0200,111.15,EUR/MWh,FR,FR,day_ahead_price,value,2026-05-23T19:12:02Z
2026-05-23T19:11:13Z,2026-05-23T21:11:13+0200,3f7e4d3d-8fdb-4ead-ba3f-db913921b078,2026-05-06T08:45:00Z,2026-05-06T10:45:00+0200,94.99,EUR/MWh,FR,FR,day_ahead_price,value,2026-05-23T19:12:02Z
2026-05-23T19:11:13Z,2026-05-23T21:11:13+0200,3f7e4d3d-8fdb-4ead-ba3f-db913921b078,2026-05-06T09:00:00Z,2026-05-06T11:00:00+0200,118.53,EUR/MWh,FR,FR,day_ahead_price,value,2026-05-23T19:12:02Z
2026-05-23T19:11:13Z,2026-05-23T21:11:13+0200,3f7e4d3d-8fdb-4ead-ba3f-db913921b078,2026-05-06T09:15:00Z,2026-05-06T11:15:00+0200,106.41,EUR/MWh,FR,FR,day_ahead_price,value,2026-05-23T19:12:02Z
2026-05-23T19:11:13Z,2026-05-23T21:11:13+0200,3f7e4d3d-8fdb-4ead-ba3f-db913921b078,2026-05-06T09:30:00Z,2026-05-06T11:30:00+0200,107.06,EUR/MWh,FR,FR,day_ahead_price,value,2026-05-23T19:12:02Z
2026-05-23T19:11:13Z,2026-05-23T21:11:13+0200,3f7e4d3d-8fdb-4ead-ba3f-db913921b078,2026-05-06T09:45:00Z,2026-05-06T11:45:00+0200,110.76,EUR/MWh,FR,FR,day_ahead_price,value,2026-05-23T19:12:02Z
2026-05-23T19:11:13Z,2026-05-23T21:11:13+0200,3f7e4d3d-8fdb-4ead-ba3f-db913921b078,2026-05-06T10:00:00Z,2026-05-06T12:00:00+0200,103.16,EUR/MWh,FR,FR,day_ahead_price,value,2026-05-23T19:12:02Z
2026-05-23T19:11:13Z,2026-05-23T21:11:13+0200,3f7e4d3d-8fdb-4ead-ba3f-db913921b078,2026-05-06T10:15:00Z,2026-05-06T12:15:00+0200,104.94,EUR/MWh,FR,FR,day_ahead_price,value,2026-05-23T19:12:02Z
2026-05-23T19:11:13Z,2026-05-23T21:11:13+0200,3f7e4d3d-8fdb-4ead-ba3f-db913921b078,2026-05-06T10:30:00Z,2026-05-06T12:30:00+0200,112.34,EUR/MWh,FR,FR,day_ahead_price,value,2026-05-23T19:12:02Z
2026-05-23T19:11:13Z,2026-05-23T21:11:13+0200,3f7e4d3d-8fdb-4ead-ba3f-db913921b078,2026-05-06T10:45:00Z,2026-05-06T12:45:00+0200,107.01,EUR/MWh,FR,FR,day_ahead_price,value,2026-05-23T19:12:02Z
2026-05-23T19:11:13Z,2026-05-23T21:11:13+0200,3f7e4d3d-8fdb-4ead-ba3f-db913921b078,2026-05-06T11:00:00Z,2026-05-06T13:00:00+0200,101.58,EUR/MWh,FR,FR,day_ahead_price,value,2026-05-23T19:12:02Z
2026-05-23T19:11:13Z,2026-05-23T21:11:13+0200,3f7e4d3d-8fdb-4ead-ba3f-db913921b078,2026-05-06T11:15:00Z,2026-05-06T13:15:00+0200,92.57,EUR/MWh,FR,FR,day_ahead_price,value,2026-05-23T19:12:02Z
2026-05-23T19:11:13Z,2026-05-23T21:11:13+0200,3f7e4d3d-8fdb-4ead-ba3f-db913921b078,2026-05-06T11:30:00Z,2026-05-06T13:30:00+0200,81.44,EUR/MWh,FR,FR,day_ahead_price,value,2026-05-23T19:12:02Z
2026-05-23T19:11:13Z,2026-05-23T21:11:13+0200,3f7e4d3d-8fdb-4ead-ba3f-db913921b078,2026-05-06T11:45:00Z,2026-05-06T13:45:00+0200,85.0,EUR/MWh,FR,FR,day_ahead_price,value,2026-05-23T19:12:02Z
2026-05-23T19:11:13Z,2026-05-23T21:11:13+0200,3f7e4d3d-8fdb-4ead-ba3f-db913921b078,2026-05-06T12:00:00Z,2026-05-06T14:00:00+0200,88.98,EUR/MWh,FR,FR,day_ahead_price,value,2026-05-23T19:12:02Z
2026-05-23T19:11:13Z,2026-05-23T21:11:13+0200,3f7e4d3d-8fdb-4ead-ba3f-db913921b078,2026-05-06T12:15:00Z,2026-05-06T14:15:00+0200,89.69,EUR/MWh,FR,FR,day_ahead_price,value,2026-05-23T19:12:02Z
2026-05-23T19:11:13Z,2026-05-23T21:11:13+0200,3f7e4d3d-8fdb-4ead-ba3f-db913921b078,2026-05-06T12:30:00Z,2026-05-06T14:30:00+0200,91.48,EUR/MWh,FR,FR,day_ahead_price,value,2026-05-23T19:12:02Z
2026-05-23T19:11:13Z,2026-05-23T21:11:13+0200,3f7e4d3d-8fdb-4ead-ba3f-db913921b078,2026-05-06T12:45:00Z,2026-05-06T14:45:00+0200,97.85,EUR/MWh,FR,FR,day_ahead_price,value,2026-05-23T19:12:02Z
2026-05-23T19:11:13Z,2026-05-23T21:11:13+0200,3f7e4d3d-8fdb-4ead-ba3f-db913921b078,2026-05-06T13:00:00Z,2026-05-06T15:00:00+0200,103.91,EUR/MWh,FR,FR,day_ahead_price,value,2026-05-23T19:12:02Z
2026-05-23T19:11:13Z,2026-05-23T21:11:13+0200,3f7e4d3d-8fdb-4ead-ba3f-db913921b078,2026-05-06T13:15:00Z,2026-05-06T15:15:00+0200,95.33,EUR/MWh,FR,FR,day_ahead_price,value,2026-05-23T19:12:02Z
2026-05-23T19:11:13Z,2026-05-23T21:11:13+0200,3f7e4d3d-8fdb-4ead-ba3f-db913921b078,2026-05-06T13:30:00Z,2026-05-06T15:30:00+0200,88.37,EUR/MWh,FR,FR,day_ahead_price,value,2026-05-23T19:12:02Z
2026-05-23T19:11:13Z,2026-05-23T21:11:13+0200,3f7e4d3d-8fdb-4ead-ba3f-db913921b078,2026-05-06T13:45:00Z,2026-05-06T15:45:00+0200,83.22,EUR/MWh,FR,FR,day_ahead_price,value,2026-05-23T19:12:02Z
2026-05-23T19:11:13Z,2026-05-23T21:11:13+0200,3f7e4d3d-8fdb-4ead-ba3f-db913921b078,2026-05-06T14:00:00Z,2026-05-06T16:00:00+0200,77.25,EUR/MWh,FR,FR,day_ahead_price,value,2026-05-23T19:12:02Z
2026-05-23T19:11:13Z,2026-05-23T21:11:13+0200,3f7e4d3d-8fdb-4ead-ba3f-db913921b078,2026-05-06T14:15:00Z,2026-05-06T16:15:00+0200,90.62,EUR/MWh,FR,FR,day_ahead_price,value,2026-05-23T19:12:02Z
2026-05-23T19:11:13Z,2026-05-23T21:11:13+0200,3f7e4d3d-8fdb-4ead-ba3f-db913921b078,2026-05-06T14:30:00Z,2026-05-06T16:30:00+0200,88.59,EUR/MWh,FR,FR,day_ahead_price,value,2026-05-23T19:12:02Z
2026-05-23T19:11:13Z,2026-05-23T21:11:13+0200,3f7e4d3d-8fdb-4ead-ba3f-db913921b078,2026-05-06T14:45:00Z,2026-05-06T16:45:00+0200,89.53,EUR/MWh,FR,FR,day_ahead_price,value,2026-05-23T19:12:02Z
2026-05-23T19:11:13Z,2026-05-23T21:11:13+0200,3f7e4d3d-8fdb-4ead-ba3f-db913921b078,2026-05-06T15:00:00Z,2026-05-06T17:00:00+0200,71.64,EUR/MWh,FR,FR,day_ahead_price,value,2026-05-23T19:12:02Z
2026-05-23T19:11:13Z,2026-05-23T21:11:13+0200,3f7e4d3d-8fdb-4ead-ba3f-db913921b078,2026-05-06T15:15:00Z,2026-05-06T17:15:00+0200,87.68,EUR/MWh,FR,FR,day_ahead_price,value,2026-05-23T19:12:02Z
2026-05-23T19:11:13Z,2026-05-23T21:11:13+0200,3f7e4d3d-8fdb-4ead-ba3f-db913921b078,2026-05-06T15:30:00Z,2026-05-06T17:30:00+0200,60.78,EUR/MWh,FR,FR,day_ahead_price,value,2026-05-23T19:12:02Z
2026-05-23T19:11:13Z,2026-05-23T21:11:13+0200,3f7e4d3d-8fdb-4ead-ba3f-db913921b078,2026-05-06T15:45:00Z,2026-05-06T17:45:00+0200,96.38,EUR/MWh,FR,FR,day_ahead_price,value,2026-05-23T19:12:02Z
2026-05-23T19:11:13Z,2026-05-23T21:11:13+0200,3f7e4d3d-8fdb-4ead-ba3f-db913921b078,2026-05-06T16:00:00Z,2026-05-06T18:00:00+0200,87.46,EUR/MWh,FR,FR,day_ahead_price,value,2026-05-23T19:12:02Z
2026-05-23T19:11:13Z,2026-05-23T21:11:13+0200,3f7e4d3d-8fdb-4ead-ba3f-db913921b078,2026-05-06T16:15:00Z,2026-05-06T18:15:00+0200,129.04,EUR/MWh,FR,FR,day_ahead_price,value,2026-05-23T19:12:02Z
2026-05-23T19:11:13Z,2026-05-23T21:11:13+0200,3f7e4d3d-8fdb-4ead-ba3f-db913921b078,2026-05-06T16:30:00Z,2026-05-06T18:30:00+0200,99.78,EUR/MWh,FR,FR,day_ahead_price,value,2026-05-23T19:12:02Z
2026-05-23T19:11:13Z,2026-05-23T21:11:13+0200,3f7e4d3d-8fdb-4ead-ba3f-db913921b078,2026-05-06T16:45:00Z,2026-05-06T18:45:00+0200,155.0,EUR/MWh,FR,FR,day_ahead_price,value,2026-05-23T19:12:02Z
2026-05-23T19:11:13Z,2026-05-23T21:11:13+0200,3f7e4d3d-8fdb-4ead-ba3f-db913921b078,2026-05-06T17:00:00Z,2026-05-06T19:00:00+0200,135.56,EUR/MWh,FR,FR,day_ahead_price,value,2026-05-23T19:12:02Z
2026-05-23T19:11:13Z,2026-05-23T21:11:13+0200,3f7e4d3d-8fdb-4ead-ba3f-db913921b078,2026-05-06T17:15:00Z,2026-05-06T19:15:00+0200,150.01,EUR/MWh,FR,FR,day_ahead_price,value,2026-05-23T19:12:02Z
2026-05-23T19:11:13Z,2026-05-23T21:11:13+0200,3f7e4d3d-8fdb-4ead-ba3f-db913921b078,2026-05-06T17:30:00Z,2026-05-06T19:30:00+0200,157.24,EUR/MWh,FR,FR,day_ahead_price,value,2026-05-23T19:12:02Z
2026-05-23T19:11:13Z,2026-05-23T21:11:13+0200,3f7e4d3d-8fdb-4ead-ba3f-db913921b078,2026-05-06T17:45:00Z,2026-05-06T19:45:00+0200,170.42,EUR/MWh,FR,FR,day_ahead_price,value,2026-05-23T19:12:02Z
2026-05-23T19:11:13Z,2026-05-23T21:11:13+0200,3f7e4d3d-8fdb-4ead-ba3f-db913921b078,2026-05-06T18:00:00Z,2026-05-06T20:00:00+0200,127.2,EUR/MWh,FR,FR,day_ahead_price,value,2026-05-23T19:12:02Z
2026-05-23T19:11:13Z,2026-05-23T21:11:13+0200,3f7e4d3d-8fdb-4ead-ba3f-db913921b078,2026-05-06T18:15:00Z,2026-05-06T20:15:00+0200,151.87,EUR/MWh,FR,FR,day_ahead_price,value,2026-05-23T19:12:02Z
2026-05-23T19:11:13Z,2026-05-23T21:11:13+0200,3f7e4d3d-8fdb-4ead-ba3f-db913921b078,2026-05-06T18:30:00Z,2026-05-06T20:30:00+0200,161.8,EUR/MWh,FR,FR,day_ahead_price,value,2026-05-23T19:12:02Z
2026-05-23T19:11:13Z,2026-05-23T21:11:13+0200,3f7e4d3d-8fdb-4ead-ba3f-db913921b078,2026-05-06T18:45:00Z,2026-05-06T20:45:00+0200,170.67,EUR/MWh,FR,FR,day_ahead_price,value,2026-05-23T19:12:02Z
2026-05-23T19:11:13Z,2026-05-23T21:11:13+0200,3f7e4d3d-8fdb-4ead-ba3f-db913921b078,2026-05-06T19:00:00Z,2026-05-06T21:00:00+0200,164.26,EUR/MWh,FR,FR,day_ahead_price,value,2026-05-23T19:12:02Z
2026-05-23T19:11:13Z,2026-05-23T21:11:13+0200,3f7e4d3d-8fdb-4ead-ba3f-db913921b078,2026-05-06T19:15:00Z,2026-05-06T21:15:00+0200,162.3,EUR/MWh,FR,FR,day_ahead_price,value,2026-05-23T19:12:02Z
2026-05-23T19:11:13Z,2026-05-23T21:11:13+0200,3f7e4d3d-8fdb-4ead-ba3f-db913921b078,2026-05-06T19:30:00Z,2026-05-06T21:30:00+0200,153.0,EUR/MWh,FR,FR,day_ahead_price,value,2026-05-23T19:12:02Z
2026-05-23T19:11:13Z,2026-05-23T21:11:13+0200,3f7e4d3d-8fdb-4ead-ba3f-db913921b078,2026-05-06T19:45:00Z,2026-05-06T21:45:00+0200,139.42,EUR/MWh,FR,FR,day_ahead_price,value,2026-05-23T19:12:02Z
2026-05-23T19:11:13Z,2026-05-23T21:11:13+0200,3f7e4d3d-8fdb-4ead-ba3f-db913921b078,2026-05-06T20:00:00Z,2026-05-06T22:00:00+0200,155.83,EUR/MWh,FR,FR,day_ahead_price,value,2026-05-23T19:12:02Z
2026-05-23T19:11:13Z,2026-05-23T21:11:13+0200,3f7e4d3d-8fdb-4ead-ba3f-db913921b078,2026-05-06T20:15:00Z,2026-05-06T22:15:00+0200,148.44,EUR/MWh,FR,FR,day_ahead_price,value,2026-05-23T19:12:02Z
2026-05-23T19:11:13Z,2026-05-23T21:11:13+0200,3f7e4d3d-8fdb-4ead-ba3f-db913921b078,2026-05-06T20:30:00Z,2026-05-06T22:30:00+0200,141.07,EUR/MWh,FR,FR,day_ahead_price,value,2026-05-23T19:12:02Z
2026-05-23T19:11:13Z,2026-05-23T21:11:13+0200,3f7e4d3d-8fdb-4ead-ba3f-db913921b078,2026-05-06T20:45:00Z,2026-05-06T22:45:00+0200,130.66,EUR/MWh,FR,FR,day_ahead_price,value,2026-05-23T19:12:02Z
2026-05-23T19:11:13Z,2026-05-23T21:11:13+0200,3f7e4d3d-8fdb-4ead-ba3f-db913921b078,2026-05-06T21:00:00Z,2026-05-06T23:00:00+0200,137.85,EUR/MWh,FR,FR,day_ahead_price,value,2026-05-23T19:12:02Z
2026-05-23T19:11:13Z,2026-05-23T21:11:13+0200,3f7e4d3d-8fdb-4ead-ba3f-db913921b078,2026-05-06T21:15:00Z,2026-05-06T23:15:00+0200,130.52,EUR/MWh,FR,FR,day_ahead_price,value,2026-05-23T19:12:02Z
2026-05-23T19:11:13Z,2026-05-23T21:11:13+0200,3f7e4d3d-8fdb-4ead-ba3f-db913921b078,2026-05-06T21:30:00Z,2026-05-06T23:30:00+0200,126.92,EUR/MWh,FR,FR,day_ahead_price,value,2026-05-23T19:12:02Z
2026-05-23T19:11:13Z,2026-05-23T21:11:13+0200,3f7e4d3d-8fdb-4ead-ba3f-db913921b078,2026-05-06T21:45:00Z,2026-05-06T23:45:00+0200,120.93,EUR/MWh,FR,FR,day_ahead_price,value,2026-05-23T19:12:02Z
2026-05-23T19:11:13Z,2026-05-23T21:11:13+0200,3f7e4d3d-8fdb-4ead-ba3f-db913921b078,2026-05-06T22:00:00Z,2026-05-07T00:00:00+0200,132.74,EUR/MWh,FR,FR,day_ahead_price,value,2026-05-23T19:12:02Z
2026-05-23T19:11:13Z,2026-05-23T21:11:13+0200,3f7e4d3d-8fdb-4ead-ba3f-db913921b078,2026-05-06T22:15:00Z,2026-05-07T00:15:00+0200,126.0,EUR/MWh,FR,FR,day_ahead_price,value,2026-05-23T19:12:02Z
2026-05-23T19:11:13Z,2026-05-23T21:11:13+0200,3f7e4d3d-8fdb-4ead-ba3f-db913921b078,2026-05-06T22:30:00Z,2026-05-07T00:30:00+0200,123.09,EUR/MWh,FR,FR,day_ahead_price,value,2026-05-23T19:12:02Z
2026-05-23T19:11:13Z,2026-05-23T21:11:13+0200,3f7e4d3d-8fdb-4ead-ba3f-db913921b078,2026-05-06T22:45:00Z,2026-05-07T00:45:00+0200,118.99,EUR/MWh,FR,FR,day_ahead_price,value,2026-05-23T19:12:02Z
2026-05-23T19:11:13Z,2026-05-23T21:11:13+0200,3f7e4d3d-8fdb-4ead-ba3f-db913921b078,2026-05-06T23:00:00Z,2026-05-07T01:00:00+0200,118.17,EUR/MWh,FR,FR,day_ahead_price,value,2026-05-23T19:12:02Z
2026-05-23T19:11:13Z,2026-05-23T21:11:13+0200,3f7e4d3d-8fdb-4ead-ba3f-db913921b078,2026-05-06T23:15:00Z,2026-05-07T01:15:00+0200,116.5,EUR/MWh,FR,FR,day_ahead_price,value,2026-05-23T19:12:02Z
2026-05-23T19:11:13Z,2026-05-23T21:11:13+0200,3f7e4d3d-8fdb-4ead-ba3f-db913921b078,2026-05-06T23:30:00Z,2026-05-07T01:30:00+0200,116.02,EUR/MWh,FR,FR,day_ahead_price,value,2026-05-23T19:12:02Z
2026-05-23T19:11:13Z,2026-05-23T21:11:13+0200,3f7e4d3d-8fdb-4ead-ba3f-db913921b078,2026-05-06T23:45:00Z,2026-05-07T01:45:00+0200,115.3,EUR/MWh,FR,FR,day_ahead_price,value,2026-05-23T19:12:02Z
2026-05-23T19:11:13Z,2026-05-23T21:11:13+0200,3f7e4d3d-8fdb-4ead-ba3f-db913921b078,2026-05-07T00:00:00Z,2026-05-07T02:00:00+0200,114.48,EUR/MWh,FR,FR,day_ahead_price,value,2026-05-23T19:12:02Z
2026-05-23T19:11:13Z,2026-05-23T21:11:13+0200,3f7e4d3d-8fdb-4ead-ba3f-db913921b078,2026-05-07T00:15:00Z,2026-05-07T02:15:00+0200,113.63,EUR/MWh,FR,FR,day_ahead_price,value,2026-05-23T19:12:02Z
2026-05-23T19:11:13Z,2026-05-23T21:11:13+0200,3f7e4d3d-8fdb-4ead-ba3f-db913921b078,2026-05-07T00:30:00Z,2026-05-07T02:30:00+0200,114.23,EUR/MWh,FR,FR,day_ahead_price,value,2026-05-23T19:12:02Z
2026-05-23T19:11:13Z,2026-05-23T21:11:13+0200,3f7e4d3d-8fdb-4ead-ba3f-db913921b078,2026-05-07T00:45:00Z,2026-05-07T02:45:00+0200,113.02,EUR/MWh,FR,FR,day_ahead_price,value,2026-05-23T19:12:02Z
2026-05-23T19:11:13Z,2026-05-23T21:11:13+0200,3f7e4d3d-8fdb-4ead-ba3f-db913921b078,2026-05-07T01:00:00Z,2026-05-07T03:00:00+0200,111.18,EUR/MWh,FR,FR,day_ahead_price,value,2026-05-23T19:12:02Z
2026-05-23T19:11:13Z,2026-05-23T21:11:13+0200,3f7e4d3d-8fdb-4ead-ba3f-db913921b078,2026-05-07T01:15:00Z,2026-05-07T03:15:00+0200,108.68,EUR/MWh,FR,FR,day_ahead_price,value,2026-05-23T19:12:02Z
2026-05-23T19:11:13Z,2026-05-23T21:11:13+0200,3f7e4d3d-8fdb-4ead-ba3f-db913921b078,2026-05-07T01:30:00Z,2026-05-07T03:30:00+0200,107.0,EUR/MWh,FR,FR,day_ahead_price,value,2026-05-23T19:12:02Z
2026-05-23T19:11:13Z,2026-05-23T21:11:13+0200,3f7e4d3d-8fdb-4ead-ba3f-db913921b078,2026-05-07T01:45:00Z,2026-05-07T03:45:00+0200,108.2,EUR/MWh,FR,FR,day_ahead_price,value,2026-05-23T19:12:02Z
2026-05-23T19:11:13Z,2026-05-23T21:11:13+0200,3f7e4d3d-8fdb-4ead-ba3f-db913921b078,2026-05-07T02:00:00Z,2026-05-07T04:00:00+0200,106.76,EUR/MWh,FR,FR,day_ahead_price,value,2026-05-23T19:12:02Z
2026-05-23T19:11:13Z,2026-05-23T21:11:13+0200,3f7e4d3d-8fdb-4ead-ba3f-db913921b078,2026-05-07T02:15:00Z,2026-05-07T04:15:00+0200,107.0,EUR/MWh,FR,FR,day_ahead_price,value,2026-05-23T19:12:02Z
2026-05-23T19:11:13Z,2026-05-23T21:11:13+0200,3f7e4d3d-8fdb-4ead-ba3f-db913921b078,2026-05-07T02:30:00Z,2026-05-07T04:30:00+0200,108.72,EUR/MWh,FR,FR,day_ahead_price,value,2026-05-23T19:12:02Z
2026-05-23T19:11:13Z,2026-05-23T21:11:13+0200,3f7e4d3d-8fdb-4ead-ba3f-db913921b078,2026-05-07T02:45:00Z,2026-05-07T04:45:00+0200,110.0,EUR/MWh,FR,FR,day_ahead_price,value,2026-05-23T19:12:02Z
2026-05-23T19:11:13Z,2026-05-23T21:11:13+0200,3f7e4d3d-8fdb-4ead-ba3f-db913921b078,2026-05-07T03:00:00Z,2026-05-07T05:00:00+0200,111.8,EUR/MWh,FR,FR,day_ahead_price,value,2026-05-23T19:12:02Z
2026-05-23T19:11:13Z,2026-05-23T21:11:13+0200,3f7e4d3d-8fdb-4ead-ba3f-db913921b078,2026-05-07T03:15:00Z,2026-05-07T05:15:00+0200,114.23,EUR/MWh,FR,FR,day_ahead_price,value,2026-05-23T19:12:02Z
2026-05-23T19:11:13Z,2026-05-23T21:11:13+0200,3f7e4d3d-8fdb-4ead-ba3f-db913921b078,2026-05-07T03:30:00Z,2026-05-07T05:30:00+0200,115.54,EUR/MWh,FR,FR,day_ahead_price,value,2026-05-23T19:12:02Z
2026-05-23T19:11:13Z,2026-05-23T21:11:13+0200,3f7e4d3d-8fdb-4ead-ba3f-db913921b078,2026-05-07T03:45:00Z,2026-05-07T05:45:00+0200,117.75,EUR/MWh,FR,FR,day_ahead_price,value,2026-05-23T19:12:02Z
2026-05-23T19:11:13Z,2026-05-23T21:11:13+0200,3f7e4d3d-8fdb-4ead-ba3f-db913921b078,2026-05-07T04:00:00Z,2026-05-07T06:00:00+0200,117.35,EUR/MWh,FR,FR,day_ahead_price,value,2026-05-23T19:12:02Z
2026-05-23T19:11:13Z,2026-05-23T21:11:13+0200,3f7e4d3d-8fdb-4ead-ba3f-db913921b078,2026-05-07T04:15:00Z,2026-05-07T06:15:00+0200,119.86,EUR/MWh,FR,FR,day_ahead_price,value,2026-05-23T19:12:02Z
2026-05-23T19:11:13Z,2026-05-23T21:11:13+0200,3f7e4d3d-8fdb-4ead-ba3f-db913921b078,2026-05-07T04:30:00Z,2026-05-07T06:30:00+0200,126.35,EUR/MWh,FR,FR,day_ahead_price,value,2026-05-23T19:12:02Z
2026-05-23T19:11:13Z,2026-05-23T21:11:13+0200,3f7e4d3d-8fdb-4ead-ba3f-db913921b078,2026-05-07T04:45:00Z,2026-05-07T06:45:00+0200,130.54,EUR/MWh,FR,FR,day_ahead_price,value,2026-05-23T19:12:02Z
2026-05-23T19:11:13Z,2026-05-23T21:11:13+0200,3f7e4d3d-8fdb-4ead-ba3f-db913921b078,2026-05-07T05:00:00Z,2026-05-07T07:00:00+0200,135.85,EUR/MWh,FR,FR,day_ahead_price,value,2026-05-23T19:12:02Z
2026-05-23T19:11:13Z,2026-05-23T21:11:13+0200,3f7e4d3d-8fdb-4ead-ba3f-db913921b078,2026-05-07T05:15:00Z,2026-05-07T07:15:00+0200,135.85,EUR/MWh,FR,FR,day_ahead_price,value,2026-05-23T19:12:02Z
2026-05-23T19:11:13Z,2026-05-23T21:11:13+0200,3f7e4d3d-8fdb-4ead-ba3f-db913921b078,2026-05-07T05:30:00Z,2026-05-07T07:30:00+0200,135.85,EUR/MWh,FR,FR,day_ahead_price,value,2026-05-23T19:12:02Z
2026-05-23T19:11:13Z,2026-05-23T21:11:13+0200,3f7e4d3d-8fdb-4ead-ba3f-db913921b078,2026-05-07T05:45:00Z,2026-05-07T07:45:00+0200,130.61,EUR/MWh,FR,FR,day_ahead_price,value,2026-05-23T19:12:02Z
2026-05-23T19:11:13Z,2026-05-23T21:11:13+0200,3f7e4d3d-8fdb-4ead-ba3f-db913921b078,2026-05-07T06:00:00Z,2026-05-07T08:00:00+0200,186.15,EUR/MWh,FR,FR,day_ahead_price,value,2026-05-23T19:12:02Z
2026-05-23T19:11:13Z,2026-05-23T21:11:13+0200,3f7e4d3d-8fdb-4ead-ba3f-db913921b078,2026-05-07T06:15:00Z,2026-05-07T08:15:00+0200,135.3,EUR/MWh,FR,FR,day_ahead_price,value,2026-05-23T19:12:02Z
2026-05-23T19:11:13Z,2026-05-23T21:11:13+0200,3f7e4d3d-8fdb-4ead-ba3f-db913921b078,2026-05-07T06:30:00Z,2026-05-07T08:30:00+0200,148.93,EUR/MWh,FR,FR,day_ahead_price,value,2026-05-23T19:12:02Z
2026-05-23T19:11:13Z,2026-05-23T21:11:13+0200,3f7e4d3d-8fdb-4ead-ba3f-db913921b078,2026-05-07T06:45:00Z,2026-05-07T08:45:00+0200,110.2,EUR/MWh,FR,FR,day_ahead_price,value,2026-05-23T19:12:02Z
2026-05-23T19:11:13Z,2026-05-23T21:11:13+0200,3f7e4d3d-8fdb-4ead-ba3f-db913921b078,2026-05-07T07:00:00Z,2026-05-07T09:00:00+0200,132.65,EUR/MWh,FR,FR,day_ahead_price,value,2026-05-23T19:12:02Z
2026-05-23T19:11:13Z,2026-05-23T21:11:13+0200,3f7e4d3d-8fdb-4ead-ba3f-db913921b078,2026-05-07T07:15:00Z,2026-05-07T09:15:00+0200,95.25,EUR/MWh,FR,FR,day_ahead_price,value,2026-05-23T19:12:02Z
2026-05-23T19:11:13Z,2026-05-23T21:11:13+0200,3f7e4d3d-8fdb-4ead-ba3f-db913921b078,2026-05-07T07:30:00Z,2026-05-07T09:30:00+0200,87.4,EUR/MWh,FR,FR,day_ahead_price,value,2026-05-23T19:12:02Z
2026-05-23T19:11:13Z,2026-05-23T21:11:13+0200,3f7e4d3d-8fdb-4ead-ba3f-db913921b078,2026-05-07T07:45:00Z,2026-05-07T09:45:00+0200,70.0,EUR/MWh,FR,FR,day_ahead_price,value,2026-05-23T19:12:02Z
2026-05-23T19:11:13Z,2026-05-23T21:11:13+0200,3f7e4d3d-8fdb-4ead-ba3f-db913921b078,2026-05-07T08:00:00Z,2026-05-07T10:00:00+0200,103.73,EUR/MWh,FR,FR,day_ahead_price,value,2026-05-23T19:12:02Z
2026-05-23T19:11:13Z,2026-05-23T21:11:13+0200,3f7e4d3d-8fdb-4ead-ba3f-db913921b078,2026-05-07T08:15:00Z,2026-05-07T10:15:00+0200,54.39,EUR/MWh,FR,FR,day_ahead_price,value,2026-05-23T19:12:02Z
2026-05-23T19:11:13Z,2026-05-23T21:11:13+0200,3f7e4d3d-8fdb-4ead-ba3f-db913921b078,2026-05-07T08:30:00Z,2026-05-07T10:30:00+0200,57.33,EUR/MWh,FR,FR,day_ahead_price,value,2026-05-23T19:12:02Z
2026-05-23T19:11:13Z,2026-05-23T21:11:13+0200,3f7e4d3d-8fdb-4ead-ba3f-db913921b078,2026-05-07T08:45:00Z,2026-05-07T10:45:00+0200,29.54,EUR/MWh,FR,FR,day_ahead_price,value,2026-05-23T19:12:02Z
2026-05-23T19:11:13Z,2026-05-23T21:11:13+0200,3f7e4d3d-8fdb-4ead-ba3f-db913921b078,2026-05-07T09:00:00Z,2026-05-07T11:00:00+0200,75.32,EUR/MWh,FR,FR,day_ahead_price,value,2026-05-23T19:12:02Z
2026-05-23T19:11:13Z,2026-05-23T21:11:13+0200,3f7e4d3d-8fdb-4ead-ba3f-db913921b078,2026-05-07T09:15:00Z,2026-05-07T11:15:00+0200,61.47,EUR/MWh,FR,FR,day_ahead_price,value,2026-05-23T19:12:02Z
2026-05-23T19:11:13Z,2026-05-23T21:11:13+0200,3f7e4d3d-8fdb-4ead-ba3f-db913921b078,2026-05-07T09:30:00Z,2026-05-07T11:30:00+0200,58.52,EUR/MWh,FR,FR,day_ahead_price,value,2026-05-23T19:12:02Z
2026-05-23T19:11:13Z,2026-05-23T21:11:13+0200,3f7e4d3d-8fdb-4ead-ba3f-db913921b078,2026-05-07T09:45:00Z,2026-05-07T11:45:00+0200,38.31,EUR/MWh,FR,FR,day_ahead_price,value,2026-05-23T19:12:02Z
2026-05-23T19:11:13Z,2026-05-23T21:11:13+0200,3f7e4d3d-8fdb-4ead-ba3f-db913921b078,2026-05-07T10:00:00Z,2026-05-07T12:00:00+0200,76.64,EUR/MWh,FR,FR,day_ahead_price,value,2026-05-23T19:12:02Z
2026-05-23T19:11:13Z,2026-05-23T21:11:13+0200,3f7e4d3d-8fdb-4ead-ba3f-db913921b078,2026-05-07T10:15:00Z,2026-05-07T12:15:00+0200,50.03,EUR/MWh,FR,FR,day_ahead_price,value,2026-05-23T19:12:02Z
2026-05-23T19:11:13Z,2026-05-23T21:11:13+0200,3f7e4d3d-8fdb-4ead-ba3f-db913921b078,2026-05-07T10:30:00Z,2026-05-07T12:30:00+0200,59.3,EUR/MWh,FR,FR,day_ahead_price,value,2026-05-23T19:12:02Z
2026-05-23T19:11:13Z,2026-05-23T21:11:13+0200,3f7e4d3d-8fdb-4ead-ba3f-db913921b078,2026-05-07T10:45:00Z,2026-05-07T12:45:00+0200,26.83,EUR/MWh,FR,FR,day_ahead_price,value,2026-05-23T19:12:02Z
2026-05-23T19:11:13Z,2026-05-23T21:11:13+0200,3f7e4d3d-8fdb-4ead-ba3f-db913921b078,2026-05-07T11:00:00Z,2026-05-07T13:00:00+0200,59.8,EUR/MWh,FR,FR,day_ahead_price,value,2026-05-23T19:12:02Z
2026-05-23T19:11:13Z,2026-05-23T21:11:13+0200,3f7e4d3d-8fdb-4ead-ba3f-db913921b078,2026-05-07T11:15:00Z,2026-05-07T13:15:00+0200,44.17,EUR/MWh,FR,FR,day_ahead_price,value,2026-05-23T19:12:02Z
2026-05-23T19:11:13Z,2026-05-23T21:11:13+0200,3f7e4d3d-8fdb-4ead-ba3f-db913921b078,2026-05-07T11:30:00Z,2026-05-07T13:30:00+0200,25.2,EUR/MWh,FR,FR,day_ahead_price,value,2026-05-23T19:12:02Z
2026-05-23T19:11:13Z,2026-05-23T21:11:13+0200,3f7e4d3d-8fdb-4ead-ba3f-db913921b078,2026-05-07T11:45:00Z,2026-05-07T13:45:00+0200,20.49,EUR/MWh,FR,FR,day_ahead_price,value,2026-05-23T19:12:02Z
2026-05-23T19:11:13Z,2026-05-23T21:11:13+0200,3f7e4d3d-8fdb-4ead-ba3f-db913921b078,2026-05-07T12:00:00Z,2026-05-07T14:00:00+0200,45.88,EUR/MWh,FR,FR,day_ahead_price,value,2026-05-23T19:12:02Z
2026-05-23T19:11:13Z,2026-05-23T21:11:13+0200,3f7e4d3d-8fdb-4ead-ba3f-db913921b078,2026-05-07T12:15:00Z,2026-05-07T14:15:00+0200,43.46,EUR/MWh,FR,FR,day_ahead_price,value,2026-05-23T19:12:02Z
2026-05-23T19:11:13Z,2026-05-23T21:11:13+0200,3f7e4d3d-8fdb-4ead-ba3f-db913921b078,2026-05-07T12:30:00Z,2026-05-07T14:30:00+0200,48.21,EUR/MWh,FR,FR,day_ahead_price,value,2026-05-23T19:12:02Z
2026-05-23T19:11:13Z,2026-05-23T21:11:13+0200,3f7e4d3d-8fdb-4ead-ba3f-db913921b078,2026-05-07T12:45:00Z,2026-05-07T14:45:00+0200,45.56,EUR/MWh,FR,FR,day_ahead_price,value,2026-05-23T19:12:02Z
2026-05-23T19:11:13Z,2026-05-23T21:11:13+0200,3f7e4d3d-8fdb-4ead-ba3f-db913921b078,2026-05-07T13:00:00Z,2026-05-07T15:00:00+0200,51.01,EUR/MWh,FR,FR,day_ahead_price,value,2026-05-23T19:12:02Z
2026-05-23T19:11:13Z,2026-05-23T21:11:13+0200,3f7e4d3d-8fdb-4ead-ba3f-db913921b078,2026-05-07T13:15:00Z,2026-05-07T15:15:00+0200,48.01,EUR/MWh,FR,FR,day_ahead_price,value,2026-05-23T19:12:02Z
2026-05-23T19:11:13Z,2026-05-23T21:11:13+0200,3f7e4d3d-8fdb-4ead-ba3f-db913921b078,2026-05-07T13:30:00Z,2026-05-07T15:30:00+0200,27.79,EUR/MWh,FR,FR,day_ahead_price,value,2026-05-23T19:12:02Z
2026-05-23T19:11:13Z,2026-05-23T21:11:13+0200,3f7e4d3d-8fdb-4ead-ba3f-db913921b078,2026-05-07T13:45:00Z,2026-05-07T15:45:00+0200,36.28,EUR/MWh,FR,FR,day_ahead_price,value,2026-05-23T19:12:02Z
2026-05-23T19:11:13Z,2026-05-23T21:11:13+0200,3f7e4d3d-8fdb-4ead-ba3f-db913921b078,2026-05-07T14:00:00Z,2026-05-07T16:00:00+0200,20.0,EUR/MWh,FR,FR,day_ahead_price,value,2026-05-23T19:12:02Z
2026-05-23T19:11:13Z,2026-05-23T21:11:13+0200,3f7e4d3d-8fdb-4ead-ba3f-db913921b078,2026-05-07T14:15:00Z,2026-05-07T16:15:00+0200,26.01,EUR/MWh,FR,FR,day_ahead_price,value,2026-05-23T19:12:02Z
2026-05-23T19:11:13Z,2026-05-23T21:11:13+0200,3f7e4d3d-8fdb-4ead-ba3f-db913921b078,2026-05-07T14:30:00Z,2026-05-07T16:30:00+0200,39.21,EUR/MWh,FR,FR,day_ahead_price,value,2026-05-23T19:12:02Z
2026-05-23T19:11:13Z,2026-05-23T21:11:13+0200,3f7e4d3d-8fdb-4ead-ba3f-db913921b078,2026-05-07T14:45:00Z,2026-05-07T16:45:00+0200,67.82,EUR/MWh,FR,FR,day_ahead_price,value,2026-05-23T19:12:02Z
2026-05-23T19:11:13Z,2026-05-23T21:11:13+0200,3f7e4d3d-8fdb-4ead-ba3f-db913921b078,2026-05-07T15:00:00Z,2026-05-07T17:00:00+0200,30.3,EUR/MWh,FR,FR,day_ahead_price,value,2026-05-23T19:12:02Z
2026-05-23T19:11:13Z,2026-05-23T21:11:13+0200,3f7e4d3d-8fdb-4ead-ba3f-db913921b078,2026-05-07T15:15:00Z,2026-05-07T17:15:00+0200,43.88,EUR/MWh,FR,FR,day_ahead_price,value,2026-05-23T19:12:02Z
2026-05-23T19:11:13Z,2026-05-23T21:11:13+0200,3f7e4d3d-8fdb-4ead-ba3f-db913921b078,2026-05-07T15:30:00Z,2026-05-07T17:30:00+0200,65.86,EUR/MWh,FR,FR,day_ahead_price,value,2026-05-23T19:12:02Z
2026-05-23T19:11:13Z,2026-05-23T21:11:13+0200,3f7e4d3d-8fdb-4ead-ba3f-db913921b078,2026-05-07T15:45:00Z,2026-05-07T17:45:00+0200,74.82,EUR/MWh,FR,FR,day_ahead_price,value,2026-05-23T19:12:02Z
2026-05-23T19:11:13Z,2026-05-23T21:11:13+0200,3f7e4d3d-8fdb-4ead-ba3f-db913921b078,2026-05-07T16:00:00Z,2026-05-07T18:00:00+0200,58.0,EUR/MWh,FR,FR,day_ahead_price,value,2026-05-23T19:12:02Z
2026-05-23T19:11:13Z,2026-05-23T21:11:13+0200,3f7e4d3d-8fdb-4ead-ba3f-db913921b078,2026-05-07T16:15:00Z,2026-05-07T18:15:00+0200,96.64,EUR/MWh,FR,FR,day_ahead_price,value,2026-05-23T19:12:02Z
2026-05-23T19:11:13Z,2026-05-23T21:11:13+0200,3f7e4d3d-8fdb-4ead-ba3f-db913921b078,2026-05-07T16:30:00Z,2026-05-07T18:30:00+0200,113.51,EUR/MWh,FR,FR,day_ahead_price,value,2026-05-23T19:12:02Z
2026-05-23T19:11:13Z,2026-05-23T21:11:13+0200,3f7e4d3d-8fdb-4ead-ba3f-db913921b078,2026-05-07T16:45:00Z,2026-05-07T18:45:00+0200,124.06,EUR/MWh,FR,FR,day_ahead_price,value,2026-05-23T19:12:02Z
2026-05-23T19:11:13Z,2026-05-23T21:11:13+0200,3f7e4d3d-8fdb-4ead-ba3f-db913921b078,2026-05-07T17:00:00Z,2026-05-07T19:00:00+0200,77.52,EUR/MWh,FR,FR,day_ahead_price,value,2026-05-23T19:12:02Z
2026-05-23T19:11:13Z,2026-05-23T21:11:13+0200,3f7e4d3d-8fdb-4ead-ba3f-db913921b078,2026-05-07T17:15:00Z,2026-05-07T19:15:00+0200,116.6,EUR/MWh,FR,FR,day_ahead_price,value,2026-05-23T19:12:02Z
2026-05-23T19:11:13Z,2026-05-23T21:11:13+0200,3f7e4d3d-8fdb-4ead-ba3f-db913921b078,2026-05-07T17:30:00Z,2026-05-07T19:30:00+0200,188.89,EUR/MWh,FR,FR,day_ahead_price,value,2026-05-23T19:12:02Z
2026-05-23T19:11:13Z,2026-05-23T21:11:13+0200,3f7e4d3d-8fdb-4ead-ba3f-db913921b078,2026-05-07T17:45:00Z,2026-05-07T19:45:00+0200,206.03,EUR/MWh,FR,FR,day_ahead_price,value,2026-05-23T19:12:02Z
2026-05-23T19:11:13Z,2026-05-23T21:11:13+0200,3f7e4d3d-8fdb-4ead-ba3f-db913921b078,2026-05-07T18:00:00Z,2026-05-07T20:00:00+0200,118.22,EUR/MWh,FR,FR,day_ahead_price,value,2026-05-23T19:12:02Z
2026-05-23T19:11:13Z,2026-05-23T21:11:13+0200,3f7e4d3d-8fdb-4ead-ba3f-db913921b078,2026-05-07T18:15:00Z,2026-05-07T20:15:00+0200,129.36,EUR/MWh,FR,FR,day_ahead_price,value,2026-05-23T19:12:02Z
2026-05-23T19:11:13Z,2026-05-23T21:11:13+0200,3f7e4d3d-8fdb-4ead-ba3f-db913921b078,2026-05-07T18:30:00Z,2026-05-07T20:30:00+0200,130.05,EUR/MWh,FR,FR,day_ahead_price,value,2026-05-23T19:12:02Z
2026-05-23T19:11:13Z,2026-05-23T21:11:13+0200,3f7e4d3d-8fdb-4ead-ba3f-db913921b078,2026-05-07T18:45:00Z,2026-05-07T20:45:00+0200,136.45,EUR/MWh,FR,FR,day_ahead_price,value,2026-05-23T19:12:02Z
2026-05-23T19:11:13Z,2026-05-23T21:11:13+0200,3f7e4d3d-8fdb-4ead-ba3f-db913921b078,2026-05-07T19:00:00Z,2026-05-07T21:00:00+0200,140.33,EUR/MWh,FR,FR,day_ahead_price,value,2026-05-23T19:12:02Z
2026-05-23T19:11:13Z,2026-05-23T21:11:13+0200,3f7e4d3d-8fdb-4ead-ba3f-db913921b078,2026-05-07T19:15:00Z,2026-05-07T21:15:00+0200,144.2,EUR/MWh,FR,FR,day_ahead_price,value,2026-05-23T19:12:02Z
2026-05-23T19:11:13Z,2026-05-23T21:11:13+0200,3f7e4d3d-8fdb-4ead-ba3f-db913921b078,2026-05-07T19:30:00Z,2026-05-07T21:30:00+0200,155.63,EUR/MWh,FR,FR,day_ahead_price,value,2026-05-23T19:12:02Z
2026-05-23T19:11:13Z,2026-05-23T21:11:13+0200,3f7e4d3d-8fdb-4ead-ba3f-db913921b078,2026-05-07T19:45:00Z,2026-05-07T21:45:00+0200,140.43,EUR/MWh,FR,FR,day_ahead_price,value,2026-05-23T19:12:02Z
2026-05-23T19:11:13Z,2026-05-23T21:11:13+0200,3f7e4d3d-8fdb-4ead-ba3f-db913921b078,2026-05-07T20:00:00Z,2026-05-07T22:00:00+0200,152.0,EUR/MWh,FR,FR,day_ahead_price,value,2026-05-23T19:12:02Z
2026-05-23T19:11:13Z,2026-05-23T21:11:13+0200,3f7e4d3d-8fdb-4ead-ba3f-db913921b078,2026-05-07T20:15:00Z,2026-05-07T22:15:00+0200,137.19,EUR/MWh,FR,FR,day_ahead_price,value,2026-05-23T19:12:02Z
2026-05-23T19:11:13Z,2026-05-23T21:11:13+0200,3f7e4d3d-8fdb-4ead-ba3f-db913921b078,2026-05-07T20:30:00Z,2026-05-07T22:30:00+0200,154.16,EUR/MWh,FR,FR,day_ahead_price,value,2026-05-23T19:12:02Z
2026-05-23T19:11:13Z,2026-05-23T21:11:13+0200,3f7e4d3d-8fdb-4ead-ba3f-db913921b078,2026-05-07T20:45:00Z,2026-05-07T22:45:00+0200,136.69,EUR/MWh,FR,FR,day_ahead_price,value,2026-05-23T19:12:02Z
2026-05-23T19:11:13Z,2026-05-23T21:11:13+0200,3f7e4d3d-8fdb-4ead-ba3f-db913921b078,2026-05-07T21:00:00Z,2026-05-07T23:00:00+0200,130.71,EUR/MWh,FR,FR,day_ahead_price,value,2026-05-23T19:12:02Z
2026-05-23T19:11:13Z,2026-05-23T21:11:13+0200,3f7e4d3d-8fdb-4ead-ba3f-db913921b078,2026-05-07T21:15:00Z,2026-05-07T23:15:00+0200,126.35,EUR/MWh,FR,FR,day_ahead_price,value,2026-05-23T19:12:02Z
2026-05-23T19:11:13Z,2026-05-23T21:11:13+0200,3f7e4d3d-8fdb-4ead-ba3f-db913921b078,2026-05-07T21:30:00Z,2026-05-07T23:30:00+0200,127.03,EUR/MWh,FR,FR,day_ahead_price,value,2026-05-23T19:12:02Z
2026-05-23T19:11:13Z,2026-05-23T21:11:13+0200,3f7e4d3d-8fdb-4ead-ba3f-db913921b078,2026-05-07T21:45:00Z,2026-05-07T23:45:00+0200,118.93,EUR/MWh,FR,FR,day_ahead_price,value,2026-05-23T19:12:02Z
2026-05-23T19:11:13Z,2026-05-23T21:11:13+0200,3f7e4d3d-8fdb-4ead-ba3f-db913921b078,2026-05-07T22:00:00Z,2026-05-08T00:00:00+0200,111.85,EUR/MWh,FR,FR,day_ahead_price,value,2026-05-23T19:12:02Z
2026-05-23T19:11:13Z,2026-05-23T21:11:13+0200,3f7e4d3d-8fdb-4ead-ba3f-db913921b078,2026-05-07T22:15:00Z,2026-05-08T00:15:00+0200,111.5,EUR/MWh,FR,FR,day_ahead_price,value,2026-05-23T19:12:02Z
2026-05-23T19:11:13Z,2026-05-23T21:11:13+0200,3f7e4d3d-8fdb-4ead-ba3f-db913921b078,2026-05-07T22:30:00Z,2026-05-08T00:30:00+0200,107.2,EUR/MWh,FR,FR,day_ahead_price,value,2026-05-23T19:12:02Z
2026-05-23T19:11:13Z,2026-05-23T21:11:13+0200,3f7e4d3d-8fdb-4ead-ba3f-db913921b078,2026-05-07T22:45:00Z,2026-05-08T00:45:00+0200,104.24,EUR/MWh,FR,FR,day_ahead_price,value,2026-05-23T19:12:02Z
2026-05-23T19:11:13Z,2026-05-23T21:11:13+0200,3f7e4d3d-8fdb-4ead-ba3f-db913921b078,2026-05-07T23:00:00Z,2026-05-08T01:00:00+0200,107.9,EUR/MWh,FR,FR,day_ahead_price,value,2026-05-23T19:12:02Z
2026-05-23T19:11:13Z,2026-05-23T21:11:13+0200,3f7e4d3d-8fdb-4ead-ba3f-db913921b078,2026-05-07T23:15:00Z,2026-05-08T01:15:00+0200,105.55,EUR/MWh,FR,FR,day_ahead_price,value,2026-05-23T19:12:02Z
2026-05-23T19:11:13Z,2026-05-23T21:11:13+0200,3f7e4d3d-8fdb-4ead-ba3f-db913921b078,2026-05-07T23:30:00Z,2026-05-08T01:30:00+0200,104.47,EUR/MWh,FR,FR,day_ahead_price,value,2026-05-23T19:12:02Z
2026-05-23T19:11:13Z,2026-05-23T21:11:13+0200,3f7e4d3d-8fdb-4ead-ba3f-db913921b078,2026-05-07T23:45:00Z,2026-05-08T01:45:00+0200,104.24,EUR/MWh,FR,FR,day_ahead_price,value,2026-05-23T19:12:02Z
2026-05-23T19:11:13Z,2026-05-23T21:11:13+0200,3f7e4d3d-8fdb-4ead-ba3f-db913921b078,2026-05-08T00:00:00Z,2026-05-08T02:00:00+0200,104.4,EUR/MWh,FR,FR,day_ahead_price,value,2026-05-23T19:12:02Z
2026-05-23T19:11:13Z,2026-05-23T21:11:13+0200,3f7e4d3d-8fdb-4ead-ba3f-db913921b078,2026-05-08T00:15:00Z,2026-05-08T02:15:00+0200,102.55,EUR/MWh,FR,FR,day_ahead_price,value,2026-05-23T19:12:02Z
2026-05-23T19:11:13Z,2026-05-23T21:11:13+0200,3f7e4d3d-8fdb-4ead-ba3f-db913921b078,2026-05-08T00:30:00Z,2026-05-08T02:30:00+0200,101.02,EUR/MWh,FR,FR,day_ahead_price,value,2026-05-23T19:12:02Z
2026-05-23T19:11:13Z,2026-05-23T21:11:13+0200,3f7e4d3d-8fdb-4ead-ba3f-db913921b078,2026-05-08T00:45:00Z,2026-05-08T02:45:00+0200,84.63,EUR/MWh,FR,FR,day_ahead_price,value,2026-05-23T19:12:02Z
2026-05-23T19:11:13Z,2026-05-23T21:11:13+0200,3f7e4d3d-8fdb-4ead-ba3f-db913921b078,2026-05-08T01:00:00Z,2026-05-08T03:00:00+0200,84.84,EUR/MWh,FR,FR,day_ahead_price,value,2026-05-23T19:12:02Z
2026-05-23T19:11:13Z,2026-05-23T21:11:13+0200,3f7e4d3d-8fdb-4ead-ba3f-db913921b078,2026-05-08T01:15:00Z,2026-05-08T03:15:00+0200,74.08,EUR/MWh,FR,FR,day_ahead_price,value,2026-05-23T19:12:02Z
2026-05-23T19:11:13Z,2026-05-23T21:11:13+0200,3f7e4d3d-8fdb-4ead-ba3f-db913921b078,2026-05-08T01:30:00Z,2026-05-08T03:30:00+0200,69.84,EUR/MWh,FR,FR,day_ahead_price,value,2026-05-23T19:12:02Z
2026-05-23T19:11:13Z,2026-05-23T21:11:13+0200,3f7e4d3d-8fdb-4ead-ba3f-db913921b078,2026-05-08T01:45:00Z,2026-05-08T03:45:00+0200,63.2,EUR/MWh,FR,FR,day_ahead_price,value,2026-05-23T19:12:02Z
2026-05-23T19:11:13Z,2026-05-23T21:11:13+0200,3f7e4d3d-8fdb-4ead-ba3f-db913921b078,2026-05-08T02:00:00Z,2026-05-08T04:00:00+0200,62.59,EUR/MWh,FR,FR,day_ahead_price,value,2026-05-23T19:12:02Z
2026-05-23T19:11:13Z,2026-05-23T21:11:13+0200,3f7e4d3d-8fdb-4ead-ba3f-db913921b078,2026-05-08T02:15:00Z,2026-05-08T04:15:00+0200,55.48,EUR/MWh,FR,FR,day_ahead_price,value,2026-05-23T19:12:02Z
2026-05-23T19:11:13Z,2026-05-23T21:11:13+0200,3f7e4d3d-8fdb-4ead-ba3f-db913921b078,2026-05-08T02:30:00Z,2026-05-08T04:30:00+0200,55.3,EUR/MWh,FR,FR,day_ahead_price,value,2026-05-23T19:12:02Z
2026-05-23T19:11:13Z,2026-05-23T21:11:13+0200,3f7e4d3d-8fdb-4ead-ba3f-db913921b078,2026-05-08T02:45:00Z,2026-05-08T04:45:00+0200,56.01,EUR/MWh,FR,FR,day_ahead_price,value,2026-05-23T19:12:02Z
2026-05-23T19:11:13Z,2026-05-23T21:11:13+0200,3f7e4d3d-8fdb-4ead-ba3f-db913921b078,2026-05-08T03:00:00Z,2026-05-08T05:00:00+0200,59.26,EUR/MWh,FR,FR,day_ahead_price,value,2026-05-23T19:12:02Z
2026-05-23T19:11:13Z,2026-05-23T21:11:13+0200,3f7e4d3d-8fdb-4ead-ba3f-db913921b078,2026-05-08T03:15:00Z,2026-05-08T05:15:00+0200,64.7,EUR/MWh,FR,FR,day_ahead_price,value,2026-05-23T19:12:02Z
2026-05-23T19:11:13Z,2026-05-23T21:11:13+0200,3f7e4d3d-8fdb-4ead-ba3f-db913921b078,2026-05-08T03:30:00Z,2026-05-08T05:30:00+0200,68.0,EUR/MWh,FR,FR,day_ahead_price,value,2026-05-23T19:12:02Z
2026-05-23T19:11:13Z,2026-05-23T21:11:13+0200,3f7e4d3d-8fdb-4ead-ba3f-db913921b078,2026-05-08T03:45:00Z,2026-05-08T05:45:00+0200,80.0,EUR/MWh,FR,FR,day_ahead_price,value,2026-05-23T19:12:02Z
2026-05-23T19:11:13Z,2026-05-23T21:11:13+0200,3f7e4d3d-8fdb-4ead-ba3f-db913921b078,2026-05-08T04:00:00Z,2026-05-08T06:00:00+0200,102.57,EUR/MWh,FR,FR,day_ahead_price,value,2026-05-23T19:12:02Z
2026-05-23T19:11:13Z,2026-05-23T21:11:13+0200,3f7e4d3d-8fdb-4ead-ba3f-db913921b078,2026-05-08T04:15:00Z,2026-05-08T06:15:00+0200,97.9,EUR/MWh,FR,FR,day_ahead_price,value,2026-05-23T19:12:02Z
2026-05-23T19:11:13Z,2026-05-23T21:11:13+0200,3f7e4d3d-8fdb-4ead-ba3f-db913921b078,2026-05-08T04:30:00Z,2026-05-08T06:30:00+0200,104.24,EUR/MWh,FR,FR,day_ahead_price,value,2026-05-23T19:12:02Z
2026-05-23T19:11:13Z,2026-05-23T21:11:13+0200,3f7e4d3d-8fdb-4ead-ba3f-db913921b078,2026-05-08T04:45:00Z,2026-05-08T06:45:00+0200,104.24,EUR/MWh,FR,FR,day_ahead_price,value,2026-05-23T19:12:02Z
2026-05-23T19:11:13Z,2026-05-23T21:11:13+0200,3f7e4d3d-8fdb-4ead-ba3f-db913921b078,2026-05-08T05:00:00Z,2026-05-08T07:00:00+0200,106.4,EUR/MWh,FR,FR,day_ahead_price,value,2026-05-23T19:12:02Z
2026-05-23T19:11:13Z,2026-05-23T21:11:13+0200,3f7e4d3d-8fdb-4ead-ba3f-db913921b078,2026-05-08T05:15:00Z,2026-05-08T07:15:00+0200,105.55,EUR/MWh,FR,FR,day_ahead_price,value,2026-05-23T19:12:02Z
2026-05-23T19:11:13Z,2026-05-23T21:11:13+0200,3f7e4d3d-8fdb-4ead-ba3f-db913921b078,2026-05-08T05:30:00Z,2026-05-08T07:30:00+0200,74.73,EUR/MWh,FR,FR,day_ahead_price,value,2026-05-23T19:12:02Z
2026-05-23T19:11:13Z,2026-05-23T21:11:13+0200,3f7e4d3d-8fdb-4ead-ba3f-db913921b078,2026-05-08T05:45:00Z,2026-05-08T07:45:00+0200,36.58,EUR/MWh,FR,FR,day_ahead_price,value,2026-05-23T19:12:02Z
2026-05-23T19:11:13Z,2026-05-23T21:11:13+0200,3f7e4d3d-8fdb-4ead-ba3f-db913921b078,2026-05-08T06:00:00Z,2026-05-08T08:00:00+0200,91.09,EUR/MWh,FR,FR,day_ahead_price,value,2026-05-23T19:12:02Z
2026-05-23T19:11:13Z,2026-05-23T21:11:13+0200,3f7e4d3d-8fdb-4ead-ba3f-db913921b078,2026-05-08T06:15:00Z,2026-05-08T08:15:00+0200,31.85,EUR/MWh,FR,FR,day_ahead_price,value,2026-05-23T19:12:02Z
2026-05-23T19:11:13Z,2026-05-23T21:11:13+0200,3f7e4d3d-8fdb-4ead-ba3f-db913921b078,2026-05-08T06:30:00Z,2026-05-08T08:30:00+0200,44.77,EUR/MWh,FR,FR,day_ahead_price,value,2026-05-23T19:12:02Z
2026-05-23T19:11:13Z,2026-05-23T21:11:13+0200,3f7e4d3d-8fdb-4ead-ba3f-db913921b078,2026-05-08T06:45:00Z,2026-05-08T08:45:00+0200,19.88,EUR/MWh,FR,FR,day_ahead_price,value,2026-05-23T19:12:02Z
2026-05-23T19:11:13Z,2026-05-23T21:11:13+0200,3f7e4d3d-8fdb-4ead-ba3f-db913921b078,2026-05-08T07:00:00Z,2026-05-08T09:00:00+0200,48.72,EUR/MWh,FR,FR,day_ahead_price,value,2026-05-23T19:12:02Z
2026-05-23T19:11:13Z,2026-05-23T21:11:13+0200,3f7e4d3d-8fdb-4ead-ba3f-db913921b078,2026-05-08T07:15:00Z,2026-05-08T09:15:00+0200,30.03,EUR/MWh,FR,FR,day_ahead_price,value,2026-05-23T19:12:02Z
2026-05-23T19:11:13Z,2026-05-23T21:11:13+0200,3f7e4d3d-8fdb-4ead-ba3f-db913921b078,2026-05-08T07:30:00Z,2026-05-08T09:30:00+0200,17.21,EUR/MWh,FR,FR,day_ahead_price,value,2026-05-23T19:12:02Z
2026-05-23T19:11:13Z,2026-05-23T21:11:13+0200,3f7e4d3d-8fdb-4ead-ba3f-db913921b078,2026-05-08T07:45:00Z,2026-05-08T09:45:00+0200,0.0,EUR/MWh,FR,FR,day_ahead_price,value,2026-05-23T19:12:02Z
2026-05-23T19:11:13Z,2026-05-23T21:11:13+0200,3f7e4d3d-8fdb-4ead-ba3f-db913921b078,2026-05-08T08:00:00Z,2026-05-08T10:00:00+0200,11.01,EUR/MWh,FR,FR,day_ahead_price,value,2026-05-23T19:12:02Z
2026-05-23T19:11:13Z,2026-05-23T21:11:13+0200,3f7e4d3d-8fdb-4ead-ba3f-db913921b078,2026-05-08T08:15:00Z,2026-05-08T10:15:00+0200,0.0,EUR/MWh,FR,FR,day_ahead_price,value,2026-05-23T19:12:02Z
2026-05-23T19:11:13Z,2026-05-23T21:11:13+0200,3f7e4d3d-8fdb-4ead-ba3f-db913921b078,2026-05-08T08:30:00Z,2026-05-08T10:30:00+0200,0.0,EUR/MWh,FR,FR,day_ahead_price,value,2026-05-23T19:12:02Z
2026-05-23T19:11:13Z,2026-05-23T21:11:13+0200,3f7e4d3d-8fdb-4ead-ba3f-db913921b078,2026-05-08T08:45:00Z,2026-05-08T10:45:00+0200,0.0,EUR/MWh,FR,FR,day_ahead_price,value,2026-05-23T19:12:02Z
2026-05-23T19:11:13Z,2026-05-23T21:11:13+0200,3f7e4d3d-8fdb-4ead-ba3f-db913921b078,2026-05-08T09:00:00Z,2026-05-08T11:00:00+0200,0.04,EUR/MWh,FR,FR,day_ahead_price,value,2026-05-23T19:12:02Z
2026-05-23T19:11:13Z,2026-05-23T21:11:13+0200,3f7e4d3d-8fdb-4ead-ba3f-db913921b078,2026-05-08T09:15:00Z,2026-05-08T11:15:00+0200,0.0,EUR/MWh,FR,FR,day_ahead_price,value,2026-05-23T19:12:02Z
2026-05-23T19:11:13Z,2026-05-23T21:11:13+0200,3f7e4d3d-8fdb-4ead-ba3f-db913921b078,2026-05-08T09:30:00Z,2026-05-08T11:30:00+0200,0.0,EUR/MWh,FR,FR,day_ahead_price,value,2026-05-23T19:12:02Z
2026-05-23T19:11:13Z,2026-05-23T21:11:13+0200,3f7e4d3d-8fdb-4ead-ba3f-db913921b078,2026-05-08T09:45:00Z,2026-05-08T11:45:00+0200,0.0,EUR/MWh,FR,FR,day_ahead_price,value,2026-05-23T19:12:02Z
2026-05-23T19:11:13Z,2026-05-23T21:11:13+0200,3f7e4d3d-8fdb-4ead-ba3f-db913921b078,2026-05-08T10:00:00Z,2026-05-08T12:00:00+0200,4.0,EUR/MWh,FR,FR,day_ahead_price,value,2026-05-23T19:12:02Z
2026-05-23T19:11:13Z,2026-05-23T21:11:13+0200,3f7e4d3d-8fdb-4ead-ba3f-db913921b078,2026-05-08T10:15:00Z,2026-05-08T12:15:00+0200,1.99,EUR/MWh,FR,FR,day_ahead_price,value,2026-05-23T19:12:02Z
2026-05-23T19:11:13Z,2026-05-23T21:11:13+0200,3f7e4d3d-8fdb-4ead-ba3f-db913921b078,2026-05-08T10:30:00Z,2026-05-08T12:30:00+0200,1.31,EUR/MWh,FR,FR,day_ahead_price,value,2026-05-23T19:12:02Z
2026-05-23T19:11:13Z,2026-05-23T21:11:13+0200,3f7e4d3d-8fdb-4ead-ba3f-db913921b078,2026-05-08T10:45:00Z,2026-05-08T12:45:00+0200,0.87,EUR/MWh,FR,FR,day_ahead_price,value,2026-05-23T19:12:02Z
2026-05-23T19:11:13Z,2026-05-23T21:11:13+0200,3f7e4d3d-8fdb-4ead-ba3f-db913921b078,2026-05-08T11:00:00Z,2026-05-08T13:00:00+0200,0.05,EUR/MWh,FR,FR,day_ahead_price,value,2026-05-23T19:12:02Z
2026-05-23T19:11:13Z,2026-05-23T21:11:13+0200,3f7e4d3d-8fdb-4ead-ba3f-db913921b078,2026-05-08T11:15:00Z,2026-05-08T13:15:00+0200,0.0,EUR/MWh,FR,FR,day_ahead_price,value,2026-05-23T19:12:02Z
2026-05-23T19:11:13Z,2026-05-23T21:11:13+0200,3f7e4d3d-8fdb-4ead-ba3f-db913921b078,2026-05-08T11:30:00Z,2026-05-08T13:30:00+0200,0.0,EUR/MWh,FR,FR,day_ahead_price,value,2026-05-23T19:12:02Z
2026-05-23T19:11:13Z,2026-05-23T21:11:13+0200,3f7e4d3d-8fdb-4ead-ba3f-db913921b078,2026-05-08T11:45:00Z,2026-05-08T13:45:00+0200,0.0,EUR/MWh,FR,FR,day_ahead_price,value,2026-05-23T19:12:02Z
2026-05-23T19:11:13Z,2026-05-23T21:11:13+0200,3f7e4d3d-8fdb-4ead-ba3f-db913921b078,2026-05-08T12:00:00Z,2026-05-08T14:00:00+0200,0.0,EUR/MWh,FR,FR,day_ahead_price,value,2026-05-23T19:12:02Z
2026-05-23T19:11:13Z,2026-05-23T21:11:13+0200,3f7e4d3d-8fdb-4ead-ba3f-db913921b078,2026-05-08T12:15:00Z,2026-05-08T14:15:00+0200,0.0,EUR/MWh,FR,FR,day_ahead_price,value,2026-05-23T19:12:02Z
2026-05-23T19:11:13Z,2026-05-23T21:11:13+0200,3f7e4d3d-8fdb-4ead-ba3f-db913921b078,2026-05-08T12:30:00Z,2026-05-08T14:30:00+0200,0.0,EUR/MWh,FR,FR,day_ahead_price,value,2026-05-23T19:12:02Z
2026-05-23T19:11:13Z,2026-05-23T21:11:13+0200,3f7e4d3d-8fdb-4ead-ba3f-db913921b078,2026-05-08T12:45:00Z,2026-05-08T14:45:00+0200,0.0,EUR/MWh,FR,FR,day_ahead_price,value,2026-05-23T19:12:02Z
2026-05-23T19:11:13Z,2026-05-23T21:11:13+0200,3f7e4d3d-8fdb-4ead-ba3f-db913921b078,2026-05-08T13:00:00Z,2026-05-08T15:00:00+0200,0.0,EUR/MWh,FR,FR,day_ahead_price,value,2026-05-23T19:12:02Z
2026-05-23T19:11:13Z,2026-05-23T21:11:13+0200,3f7e4d3d-8fdb-4ead-ba3f-db913921b078,2026-05-08T13:15:00Z,2026-05-08T15:15:00+0200,0.0,EUR/MWh,FR,FR,day_ahead_price,value,2026-05-23T19:12:02Z
2026-05-23T19:11:13Z,2026-05-23T21:11:13+0200,3f7e4d3d-8fdb-4ead-ba3f-db913921b078,2026-05-08T13:30:00Z,2026-05-08T15:30:00+0200,0.0,EUR/MWh,FR,FR,day_ahead_price,value,2026-05-23T19:12:02Z
2026-05-23T19:11:13Z,2026-05-23T21:11:13+0200,3f7e4d3d-8fdb-4ead-ba3f-db913921b078,2026-05-08T13:45:00Z,2026-05-08T15:45:00+0200,0.0,EUR/MWh,FR,FR,day_ahead_price,value,2026-05-23T19:12:02Z
2026-05-23T19:11:13Z,2026-05-23T21:11:13+0200,3f7e4d3d-8fdb-4ead-ba3f-db913921b078,2026-05-08T14:00:00Z,2026-05-08T16:00:00+0200,-0.01,EUR/MWh,FR,FR,day_ahead_price,value,2026-05-23T19:12:02Z
2026-05-23T19:11:13Z,2026-05-23T21:11:13+0200,3f7e4d3d-8fdb-4ead-ba3f-db913921b078,2026-05-08T14:15:00Z,2026-05-08T16:15:00+0200,0.0,EUR/MWh,FR,FR,day_ahead_price,value,2026-05-23T19:12:02Z
2026-05-23T19:11:13Z,2026-05-23T21:11:13+0200,3f7e4d3d-8fdb-4ead-ba3f-db913921b078,2026-05-08T14:30:00Z,2026-05-08T16:30:00+0200,0.0,EUR/MWh,FR,FR,day_ahead_price,value,2026-05-23T19:12:02Z
2026-05-23T19:11:13Z,2026-05-23T21:11:13+0200,3f7e4d3d-8fdb-4ead-ba3f-db913921b078,2026-05-08T14:45:00Z,2026-05-08T16:45:00+0200,0.01,EUR/MWh,FR,FR,day_ahead_price,value,2026-05-23T19:12:02Z
2026-05-23T19:11:13Z,2026-05-23T21:11:13+0200,3f7e4d3d-8fdb-4ead-ba3f-db913921b078,2026-05-08T15:00:00Z,2026-05-08T17:00:00+0200,0.0,EUR/MWh,FR,FR,day_ahead_price,value,2026-05-23T19:12:02Z
2026-05-23T19:11:13Z,2026-05-23T21:11:13+0200,3f7e4d3d-8fdb-4ead-ba3f-db913921b078,2026-05-08T15:15:00Z,2026-05-08T17:15:00+0200,0.0,EUR/MWh,FR,FR,day_ahead_price,value,2026-05-23T19:12:02Z
2026-05-23T19:11:13Z,2026-05-23T21:11:13+0200,3f7e4d3d-8fdb-4ead-ba3f-db913921b078,2026-05-08T15:30:00Z,2026-05-08T17:30:00+0200,5.0,EUR/MWh,FR,FR,day_ahead_price,value,2026-05-23T19:12:02Z
2026-05-23T19:11:13Z,2026-05-23T21:11:13+0200,3f7e4d3d-8fdb-4ead-ba3f-db913921b078,2026-05-08T15:45:00Z,2026-05-08T17:45:00+0200,13.27,EUR/MWh,FR,FR,day_ahead_price,value,2026-05-23T19:12:02Z
2026-05-23T19:11:13Z,2026-05-23T21:11:13+0200,3f7e4d3d-8fdb-4ead-ba3f-db913921b078,2026-05-08T16:00:00Z,2026-05-08T18:00:00+0200,19.5,EUR/MWh,FR,FR,day_ahead_price,value,2026-05-23T19:12:02Z
2026-05-23T19:11:13Z,2026-05-23T21:11:13+0200,3f7e4d3d-8fdb-4ead-ba3f-db913921b078,2026-05-08T16:15:00Z,2026-05-08T18:15:00+0200,25.1,EUR/MWh,FR,FR,day_ahead_price,value,2026-05-23T19:12:02Z
2026-05-23T19:11:13Z,2026-05-23T21:11:13+0200,3f7e4d3d-8fdb-4ead-ba3f-db913921b078,2026-05-08T16:30:00Z,2026-05-08T18:30:00+0200,34.23,EUR/MWh,FR,FR,day_ahead_price,value,2026-05-23T19:12:02Z
2026-05-23T19:11:13Z,2026-05-23T21:11:13+0200,3f7e4d3d-8fdb-4ead-ba3f-db913921b078,2026-05-08T16:45:00Z,2026-05-08T18:45:00+0200,49.61,EUR/MWh,FR,FR,day_ahead_price,value,2026-05-23T19:12:02Z
2026-05-23T19:11:13Z,2026-05-23T21:11:13+0200,3f7e4d3d-8fdb-4ead-ba3f-db913921b078,2026-05-08T17:00:00Z,2026-05-08T19:00:00+0200,40.0,EUR/MWh,FR,FR,day_ahead_price,value,2026-05-23T19:12:02Z
2026-05-23T19:11:13Z,2026-05-23T21:11:13+0200,3f7e4d3d-8fdb-4ead-ba3f-db913921b078,2026-05-08T17:15:00Z,2026-05-08T19:15:00+0200,69.0,EUR/MWh,FR,FR,day_ahead_price,value,2026-05-23T19:12:02Z
2026-05-23T19:11:13Z,2026-05-23T21:11:13+0200,3f7e4d3d-8fdb-4ead-ba3f-db913921b078,2026-05-08T17:30:00Z,2026-05-08T19:30:00+0200,82.0,EUR/MWh,FR,FR,day_ahead_price,value,2026-05-23T19:12:02Z
2026-05-23T19:11:13Z,2026-05-23T21:11:13+0200,3f7e4d3d-8fdb-4ead-ba3f-db913921b078,2026-05-08T17:45:00Z,2026-05-08T19:45:00+0200,100.0,EUR/MWh,FR,FR,day_ahead_price,value,2026-05-23T19:12:02Z
2026-05-23T19:11:13Z,2026-05-23T21:11:13+0200,3f7e4d3d-8fdb-4ead-ba3f-db913921b078,2026-05-08T18:00:00Z,2026-05-08T20:00:00+0200,76.16,EUR/MWh,FR,FR,day_ahead_price,value,2026-05-23T19:12:02Z
2026-05-23T19:11:13Z,2026-05-23T21:11:13+0200,3f7e4d3d-8fdb-4ead-ba3f-db913921b078,2026-05-08T18:15:00Z,2026-05-08T20:15:00+0200,95.24,EUR/MWh,FR,FR,day_ahead_price,value,2026-05-23T19:12:02Z
2026-05-23T19:11:13Z,2026-05-23T21:11:13+0200,3f7e4d3d-8fdb-4ead-ba3f-db913921b078,2026-05-08T18:30:00Z,2026-05-08T20:30:00+0200,101.5,EUR/MWh,FR,FR,day_ahead_price,value,2026-05-23T19:12:02Z
2026-05-23T19:11:13Z,2026-05-23T21:11:13+0200,3f7e4d3d-8fdb-4ead-ba3f-db913921b078,2026-05-08T18:45:00Z,2026-05-08T20:45:00+0200,104.24,EUR/MWh,FR,FR,day_ahead_price,value,2026-05-23T19:12:02Z
2026-05-23T19:11:13Z,2026-05-23T21:11:13+0200,3f7e4d3d-8fdb-4ead-ba3f-db913921b078,2026-05-08T19:00:00Z,2026-05-08T21:00:00+0200,108.84,EUR/MWh,FR,FR,day_ahead_price,value,2026-05-23T19:12:02Z
2026-05-23T19:11:13Z,2026-05-23T21:11:13+0200,3f7e4d3d-8fdb-4ead-ba3f-db913921b078,2026-05-08T19:15:00Z,2026-05-08T21:15:00+0200,109.95,EUR/MWh,FR,FR,day_ahead_price,value,2026-05-23T19:12:02Z
2026-05-23T19:11:13Z,2026-05-23T21:11:13+0200,3f7e4d3d-8fdb-4ead-ba3f-db913921b078,2026-05-08T19:30:00Z,2026-05-08T21:30:00+0200,93.15,EUR/MWh,FR,FR,day_ahead_price,value,2026-05-23T19:12:02Z
2026-05-23T19:11:13Z,2026-05-23T21:11:13+0200,3f7e4d3d-8fdb-4ead-ba3f-db913921b078,2026-05-08T19:45:00Z,2026-05-08T21:45:00+0200,55.26,EUR/MWh,FR,FR,day_ahead_price,value,2026-05-23T19:12:02Z
2026-05-23T19:11:13Z,2026-05-23T21:11:13+0200,3f7e4d3d-8fdb-4ead-ba3f-db913921b078,2026-05-08T20:00:00Z,2026-05-08T22:00:00+0200,98.3,EUR/MWh,FR,FR,day_ahead_price,value,2026-05-23T19:12:02Z
2026-05-23T19:11:13Z,2026-05-23T21:11:13+0200,3f7e4d3d-8fdb-4ead-ba3f-db913921b078,2026-05-08T20:15:00Z,2026-05-08T22:15:00+0200,85.51,EUR/MWh,FR,FR,day_ahead_price,value,2026-05-23T19:12:02Z
2026-05-23T19:11:13Z,2026-05-23T21:11:13+0200,3f7e4d3d-8fdb-4ead-ba3f-db913921b078,2026-05-08T20:30:00Z,2026-05-08T22:30:00+0200,104.24,EUR/MWh,FR,FR,day_ahead_price,value,2026-05-23T19:12:02Z
2026-05-23T19:11:13Z,2026-05-23T21:11:13+0200,3f7e4d3d-8fdb-4ead-ba3f-db913921b078,2026-05-08T20:45:00Z,2026-05-08T22:45:00+0200,93.4,EUR/MWh,FR,FR,day_ahead_price,value,2026-05-23T19:12:02Z
2026-05-23T19:11:13Z,2026-05-23T21:11:13+0200,3f7e4d3d-8fdb-4ead-ba3f-db913921b078,2026-05-08T21:00:00Z,2026-05-08T23:00:00+0200,93.81,EUR/MWh,FR,FR,day_ahead_price,value,2026-05-23T19:12:02Z
2026-05-23T19:11:13Z,2026-05-23T21:11:13+0200,3f7e4d3d-8fdb-4ead-ba3f-db913921b078,2026-05-08T21:15:00Z,2026-05-08T23:15:00+0200,75.61,EUR/MWh,FR,FR,day_ahead_price,value,2026-05-23T19:12:02Z
2026-05-23T19:11:13Z,2026-05-23T21:11:13+0200,3f7e4d3d-8fdb-4ead-ba3f-db913921b078,2026-05-08T21:30:00Z,2026-05-08T23:30:00+0200,83.69,EUR/MWh,FR,FR,day_ahead_price,value,2026-05-23T19:12:02Z
2026-05-23T19:11:13Z,2026-05-23T21:11:13+0200,3f7e4d3d-8fdb-4ead-ba3f-db913921b078,2026-05-08T21:45:00Z,2026-05-08T23:45:00+0200,50.0,EUR/MWh,FR,FR,day_ahead_price,value,2026-05-23T19:12:02Z
2026-05-23T19:11:13Z,2026-05-23T21:11:13+0200,3f7e4d3d-8fdb-4ead-ba3f-db913921b078,2026-05-08T22:00:00Z,2026-05-09T00:00:00+0200,84.85,EUR/MWh,FR,FR,day_ahead_price,value,2026-05-23T19:12:02Z
2026-05-23T19:11:13Z,2026-05-23T21:11:13+0200,3f7e4d3d-8fdb-4ead-ba3f-db913921b078,2026-05-08T22:15:00Z,2026-05-09T00:15:00+0200,84.37,EUR/MWh,FR,FR,day_ahead_price,value,2026-05-23T19:12:02Z
2026-05-23T19:11:13Z,2026-05-23T21:11:13+0200,3f7e4d3d-8fdb-4ead-ba3f-db913921b078,2026-05-08T22:30:00Z,2026-05-09T00:30:00+0200,61.9,EUR/MWh,FR,FR,day_ahead_price,value,2026-05-23T19:12:02Z
2026-05-23T19:11:13Z,2026-05-23T21:11:13+0200,3f7e4d3d-8fdb-4ead-ba3f-db913921b078,2026-05-08T22:45:00Z,2026-05-09T00:45:00+0200,8.93,EUR/MWh,FR,FR,day_ahead_price,value,2026-05-23T19:12:02Z
2026-05-23T19:11:13Z,2026-05-23T21:11:13+0200,3f7e4d3d-8fdb-4ead-ba3f-db913921b078,2026-05-08T23:00:00Z,2026-05-09T01:00:00+0200,45.3,EUR/MWh,FR,FR,day_ahead_price,value,2026-05-23T19:12:02Z
2026-05-23T19:11:13Z,2026-05-23T21:11:13+0200,3f7e4d3d-8fdb-4ead-ba3f-db913921b078,2026-05-08T23:15:00Z,2026-05-09T01:15:00+0200,37.88,EUR/MWh,FR,FR,day_ahead_price,value,2026-05-23T19:12:02Z
2026-05-23T19:11:13Z,2026-05-23T21:11:13+0200,3f7e4d3d-8fdb-4ead-ba3f-db913921b078,2026-05-08T23:30:00Z,2026-05-09T01:30:00+0200,64.73,EUR/MWh,FR,FR,day_ahead_price,value,2026-05-23T19:12:02Z
2026-05-23T19:11:13Z,2026-05-23T21:11:13+0200,3f7e4d3d-8fdb-4ead-ba3f-db913921b078,2026-05-08T23:45:00Z,2026-05-09T01:45:00+0200,56.44,EUR/MWh,FR,FR,day_ahead_price,value,2026-05-23T19:12:02Z
2026-05-23T19:11:13Z,2026-05-23T21:11:13+0200,3f7e4d3d-8fdb-4ead-ba3f-db913921b078,2026-05-09T00:00:00Z,2026-05-09T02:00:00+0200,60.0,EUR/MWh,FR,FR,day_ahead_price,value,2026-05-23T19:12:02Z
2026-05-23T19:11:13Z,2026-05-23T21:11:13+0200,3f7e4d3d-8fdb-4ead-ba3f-db913921b078,2026-05-09T00:15:00Z,2026-05-09T02:15:00+0200,40.83,EUR/MWh,FR,FR,day_ahead_price,value,2026-05-23T19:12:02Z
2026-05-23T19:11:13Z,2026-05-23T21:11:13+0200,3f7e4d3d-8fdb-4ead-ba3f-db913921b078,2026-05-09T00:30:00Z,2026-05-09T02:30:00+0200,38.55,EUR/MWh,FR,FR,day_ahead_price,value,2026-05-23T19:12:02Z
2026-05-23T19:11:13Z,2026-05-23T21:11:13+0200,3f7e4d3d-8fdb-4ead-ba3f-db913921b078,2026-05-09T00:45:00Z,2026-05-09T02:45:00+0200,32.03,EUR/MWh,FR,FR,day_ahead_price,value,2026-05-23T19:12:02Z
2026-05-23T19:11:13Z,2026-05-23T21:11:13+0200,3f7e4d3d-8fdb-4ead-ba3f-db913921b078,2026-05-09T01:00:00Z,2026-05-09T03:00:00+0200,29.65,EUR/MWh,FR,FR,day_ahead_price,value,2026-05-23T19:12:02Z
2026-05-23T19:11:13Z,2026-05-23T21:11:13+0200,3f7e4d3d-8fdb-4ead-ba3f-db913921b078,2026-05-09T01:15:00Z,2026-05-09T03:15:00+0200,7.72,EUR/MWh,FR,FR,day_ahead_price,value,2026-05-23T19:12:02Z
2026-05-23T19:11:13Z,2026-05-23T21:11:13+0200,3f7e4d3d-8fdb-4ead-ba3f-db913921b078,2026-05-09T01:30:00Z,2026-05-09T03:30:00+0200,35.02,EUR/MWh,FR,FR,day_ahead_price,value,2026-05-23T19:12:02Z
2026-05-23T19:11:13Z,2026-05-23T21:11:13+0200,3f7e4d3d-8fdb-4ead-ba3f-db913921b078,2026-05-09T01:45:00Z,2026-05-09T03:45:00+0200,35.02,EUR/MWh,FR,FR,day_ahead_price,value,2026-05-23T19:12:02Z
2026-05-23T19:11:13Z,2026-05-23T21:11:13+0200,3f7e4d3d-8fdb-4ead-ba3f-db913921b078,2026-05-09T02:00:00Z,2026-05-09T04:00:00+0200,35.02,EUR/MWh,FR,FR,day_ahead_price,value,2026-05-23T19:12:02Z
2026-05-23T19:11:13Z,2026-05-23T21:11:13+0200,3f7e4d3d-8fdb-4ead-ba3f-db913921b078,2026-05-09T02:15:00Z,2026-05-09T04:15:00+0200,35.01,EUR/MWh,FR,FR,day_ahead_price,value,2026-05-23T19:12:02Z
2026-05-23T19:11:13Z,2026-05-23T21:11:13+0200,3f7e4d3d-8fdb-4ead-ba3f-db913921b078,2026-05-09T02:30:00Z,2026-05-09T04:30:00+0200,35.01,EUR/MWh,FR,FR,day_ahead_price,value,2026-05-23T19:12:02Z
2026-05-23T19:11:13Z,2026-05-23T21:11:13+0200,3f7e4d3d-8fdb-4ead-ba3f-db913921b078,2026-05-09T02:45:00Z,2026-05-09T04:45:00+0200,31.63,EUR/MWh,FR,FR,day_ahead_price,value,2026-05-23T19:12:02Z
2026-05-23T19:11:13Z,2026-05-23T21:11:13+0200,3f7e4d3d-8fdb-4ead-ba3f-db913921b078,2026-05-09T03:00:00Z,2026-05-09T05:00:00+0200,35.02,EUR/MWh,FR,FR,day_ahead_price,value,2026-05-23T19:12:02Z
2026-05-23T19:11:13Z,2026-05-23T21:11:13+0200,3f7e4d3d-8fdb-4ead-ba3f-db913921b078,2026-05-09T03:15:00Z,2026-05-09T05:15:00+0200,26.57,EUR/MWh,FR,FR,day_ahead_price,value,2026-05-23T19:12:02Z
2026-05-23T19:11:13Z,2026-05-23T21:11:13+0200,3f7e4d3d-8fdb-4ead-ba3f-db913921b078,2026-05-09T03:30:00Z,2026-05-09T05:30:00+0200,27.3,EUR/MWh,FR,FR,day_ahead_price,value,2026-05-23T19:12:02Z
2026-05-23T19:11:13Z,2026-05-23T21:11:13+0200,3f7e4d3d-8fdb-4ead-ba3f-db913921b078,2026-05-09T03:45:00Z,2026-05-09T05:45:00+0200,35.01,EUR/MWh,FR,FR,day_ahead_price,value,2026-05-23T19:12:02Z
2026-05-23T19:11:13Z,2026-05-23T21:11:13+0200,3f7e4d3d-8fdb-4ead-ba3f-db913921b078,2026-05-09T04:00:00Z,2026-05-09T06:00:00+0200,28.0,EUR/MWh,FR,FR,day_ahead_price,value,2026-05-23T19:12:02Z
2026-05-23T19:11:13Z,2026-05-23T21:11:13+0200,3f7e4d3d-8fdb-4ead-ba3f-db913921b078,2026-05-09T04:15:00Z,2026-05-09T06:15:00+0200,32.05,EUR/MWh,FR,FR,day_ahead_price,value,2026-05-23T19:12:02Z
2026-05-23T19:11:13Z,2026-05-23T21:11:13+0200,3f7e4d3d-8fdb-4ead-ba3f-db913921b078,2026-05-09T04:30:00Z,2026-05-09T06:30:00+0200,33.95,EUR/MWh,FR,FR,day_ahead_price,value,2026-05-23T19:12:02Z
2026-05-23T19:11:13Z,2026-05-23T21:11:13+0200,3f7e4d3d-8fdb-4ead-ba3f-db913921b078,2026-05-09T04:45:00Z,2026-05-09T06:45:00+0200,34.31,EUR/MWh,FR,FR,day_ahead_price,value,2026-05-23T19:12:02Z
2026-05-23T19:11:13Z,2026-05-23T21:11:13+0200,3f7e4d3d-8fdb-4ead-ba3f-db913921b078,2026-05-09T05:00:00Z,2026-05-09T07:00:00+0200,41.74,EUR/MWh,FR,FR,day_ahead_price,value,2026-05-23T19:12:02Z
2026-05-23T19:11:13Z,2026-05-23T21:11:13+0200,3f7e4d3d-8fdb-4ead-ba3f-db913921b078,2026-05-09T05:15:00Z,2026-05-09T07:15:00+0200,40.0,EUR/MWh,FR,FR,day_ahead_price,value,2026-05-23T19:12:02Z
2026-05-23T19:11:13Z,2026-05-23T21:11:13+0200,3f7e4d3d-8fdb-4ead-ba3f-db913921b078,2026-05-09T05:30:00Z,2026-05-09T07:30:00+0200,39.53,EUR/MWh,FR,FR,day_ahead_price,value,2026-05-23T19:12:02Z
2026-05-23T19:11:13Z,2026-05-23T21:11:13+0200,3f7e4d3d-8fdb-4ead-ba3f-db913921b078,2026-05-09T05:45:00Z,2026-05-09T07:45:00+0200,20.3,EUR/MWh,FR,FR,day_ahead_price,value,2026-05-23T19:12:02Z
2026-05-23T19:11:13Z,2026-05-23T21:11:13+0200,3f7e4d3d-8fdb-4ead-ba3f-db913921b078,2026-05-09T06:00:00Z,2026-05-09T08:00:00+0200,45.5,EUR/MWh,FR,FR,day_ahead_price,value,2026-05-23T19:12:02Z
2026-05-23T19:11:13Z,2026-05-23T21:11:13+0200,3f7e4d3d-8fdb-4ead-ba3f-db913921b078,2026-05-09T06:15:00Z,2026-05-09T08:15:00+0200,36.0,EUR/MWh,FR,FR,day_ahead_price,value,2026-05-23T19:12:02Z
2026-05-23T19:11:13Z,2026-05-23T21:11:13+0200,3f7e4d3d-8fdb-4ead-ba3f-db913921b078,2026-05-09T06:30:00Z,2026-05-09T08:30:00+0200,35.02,EUR/MWh,FR,FR,day_ahead_price,value,2026-05-23T19:12:02Z
2026-05-23T19:11:13Z,2026-05-23T21:11:13+0200,3f7e4d3d-8fdb-4ead-ba3f-db913921b078,2026-05-09T06:45:00Z,2026-05-09T08:45:00+0200,13.88,EUR/MWh,FR,FR,day_ahead_price,value,2026-05-23T19:12:02Z
2026-05-23T19:11:13Z,2026-05-23T21:11:13+0200,3f7e4d3d-8fdb-4ead-ba3f-db913921b078,2026-05-09T07:00:00Z,2026-05-09T09:00:00+0200,28.73,EUR/MWh,FR,FR,day_ahead_price,value,2026-05-23T19:12:02Z
2026-05-23T19:11:13Z,2026-05-23T21:11:13+0200,3f7e4d3d-8fdb-4ead-ba3f-db913921b078,2026-05-09T07:15:00Z,2026-05-09T09:15:00+0200,32.99,EUR/MWh,FR,FR,day_ahead_price,value,2026-05-23T19:12:02Z
2026-05-23T19:11:13Z,2026-05-23T21:11:13+0200,3f7e4d3d-8fdb-4ead-ba3f-db913921b078,2026-05-09T07:30:00Z,2026-05-09T09:30:00+0200,16.27,EUR/MWh,FR,FR,day_ahead_price,value,2026-05-23T19:12:02Z
2026-05-23T19:11:13Z,2026-05-23T21:11:13+0200,3f7e4d3d-8fdb-4ead-ba3f-db913921b078,2026-05-09T07:45:00Z,2026-05-09T09:45:00+0200,11.5,EUR/MWh,FR,FR,day_ahead_price,value,2026-05-23T19:12:02Z
2026-05-23T19:11:13Z,2026-05-23T21:11:13+0200,3f7e4d3d-8fdb-4ead-ba3f-db913921b078,2026-05-09T08:00:00Z,2026-05-09T10:00:00+0200,31.72,EUR/MWh,FR,FR,day_ahead_price,value,2026-05-23T19:12:02Z
2026-05-23T19:11:13Z,2026-05-23T21:11:13+0200,3f7e4d3d-8fdb-4ead-ba3f-db913921b078,2026-05-09T08:15:00Z,2026-05-09T10:15:00+0200,7.93,EUR/MWh,FR,FR,day_ahead_price,value,2026-05-23T19:12:02Z
2026-05-23T19:11:13Z,2026-05-23T21:11:13+0200,3f7e4d3d-8fdb-4ead-ba3f-db913921b078,2026-05-09T08:30:00Z,2026-05-09T10:30:00+0200,0.08,EUR/MWh,FR,FR,day_ahead_price,value,2026-05-23T19:12:02Z
2026-05-23T19:11:13Z,2026-05-23T21:11:13+0200,3f7e4d3d-8fdb-4ead-ba3f-db913921b078,2026-05-09T08:45:00Z,2026-05-09T10:45:00+0200,0.0,EUR/MWh,FR,FR,day_ahead_price,value,2026-05-23T19:12:02Z
2026-05-23T19:11:13Z,2026-05-23T21:11:13+0200,3f7e4d3d-8fdb-4ead-ba3f-db913921b078,2026-05-09T09:00:00Z,2026-05-09T11:00:00+0200,0.0,EUR/MWh,FR,FR,day_ahead_price,value,2026-05-23T19:12:02Z
2026-05-23T19:11:13Z,2026-05-23T21:11:13+0200,3f7e4d3d-8fdb-4ead-ba3f-db913921b078,2026-05-09T09:15:00Z,2026-05-09T11:15:00+0200,-0.01,EUR/MWh,FR,FR,day_ahead_price,value,2026-05-23T19:12:02Z
2026-05-23T19:11:13Z,2026-05-23T21:11:13+0200,3f7e4d3d-8fdb-4ead-ba3f-db913921b078,2026-05-09T09:30:00Z,2026-05-09T11:30:00+0200,-0.01,EUR/MWh,FR,FR,day_ahead_price,value,2026-05-23T19:12:02Z
2026-05-23T19:11:13Z,2026-05-23T21:11:13+0200,3f7e4d3d-8fdb-4ead-ba3f-db913921b078,2026-05-09T09:45:00Z,2026-05-09T11:45:00+0200,-0.01,EUR/MWh,FR,FR,day_ahead_price,value,2026-05-23T19:12:02Z
2026-05-23T19:11:13Z,2026-05-23T21:11:13+0200,3f7e4d3d-8fdb-4ead-ba3f-db913921b078,2026-05-09T10:00:00Z,2026-05-09T12:00:00+0200,-0.02,EUR/MWh,FR,FR,day_ahead_price,value,2026-05-23T19:12:02Z
2026-05-23T19:11:13Z,2026-05-23T21:11:13+0200,3f7e4d3d-8fdb-4ead-ba3f-db913921b078,2026-05-09T10:15:00Z,2026-05-09T12:15:00+0200,-0.01,EUR/MWh,FR,FR,day_ahead_price,value,2026-05-23T19:12:02Z
2026-05-23T19:11:13Z,2026-05-23T21:11:13+0200,3f7e4d3d-8fdb-4ead-ba3f-db913921b078,2026-05-09T10:30:00Z,2026-05-09T12:30:00+0200,-0.03,EUR/MWh,FR,FR,day_ahead_price,value,2026-05-23T19:12:02Z
2026-05-23T19:11:13Z,2026-05-23T21:11:13+0200,3f7e4d3d-8fdb-4ead-ba3f-db913921b078,2026-05-09T10:45:00Z,2026-05-09T12:45:00+0200,-0.03,EUR/MWh,FR,FR,day_ahead_price,value,2026-05-23T19:12:02Z
2026-05-23T19:11:13Z,2026-05-23T21:11:13+0200,3f7e4d3d-8fdb-4ead-ba3f-db913921b078,2026-05-09T11:00:00Z,2026-05-09T13:00:00+0200,-0.09,EUR/MWh,FR,FR,day_ahead_price,value,2026-05-23T19:12:02Z
2026-05-23T19:11:13Z,2026-05-23T21:11:13+0200,3f7e4d3d-8fdb-4ead-ba3f-db913921b078,2026-05-09T11:15:00Z,2026-05-09T13:15:00+0200,-0.1,EUR/MWh,FR,FR,day_ahead_price,value,2026-05-23T19:12:02Z
2026-05-23T19:11:13Z,2026-05-23T21:11:13+0200,3f7e4d3d-8fdb-4ead-ba3f-db913921b078,2026-05-09T11:30:00Z,2026-05-09T13:30:00+0200,-0.1,EUR/MWh,FR,FR,day_ahead_price,value,2026-05-23T19:12:02Z
2026-05-23T19:11:13Z,2026-05-23T21:11:13+0200,3f7e4d3d-8fdb-4ead-ba3f-db913921b078,2026-05-09T11:45:00Z,2026-05-09T13:45:00+0200,-0.09,EUR/MWh,FR,FR,day_ahead_price,value,2026-05-23T19:12:02Z
2026-05-23T19:11:13Z,2026-05-23T21:11:13+0200,3f7e4d3d-8fdb-4ead-ba3f-db913921b078,2026-05-09T12:00:00Z,2026-05-09T14:00:00+0200,-0.02,EUR/MWh,FR,FR,day_ahead_price,value,2026-05-23T19:12:02Z
2026-05-23T19:11:13Z,2026-05-23T21:11:13+0200,3f7e4d3d-8fdb-4ead-ba3f-db913921b078,2026-05-09T12:15:00Z,2026-05-09T14:15:00+0200,-0.01,EUR/MWh,FR,FR,day_ahead_price,value,2026-05-23T19:12:02Z
2026-05-23T19:11:13Z,2026-05-23T21:11:13+0200,3f7e4d3d-8fdb-4ead-ba3f-db913921b078,2026-05-09T12:30:00Z,2026-05-09T14:30:00+0200,-0.01,EUR/MWh,FR,FR,day_ahead_price,value,2026-05-23T19:12:02Z
2026-05-23T19:11:13Z,2026-05-23T21:11:13+0200,3f7e4d3d-8fdb-4ead-ba3f-db913921b078,2026-05-09T12:45:00Z,2026-05-09T14:45:00+0200,-0.01,EUR/MWh,FR,FR,day_ahead_price,value,2026-05-23T19:12:02Z
2026-05-23T19:11:13Z,2026-05-23T21:11:13+0200,3f7e4d3d-8fdb-4ead-ba3f-db913921b078,2026-05-09T13:00:00Z,2026-05-09T15:00:00+0200,0.0,EUR/MWh,FR,FR,day_ahead_price,value,2026-05-23T19:12:02Z
2026-05-23T19:11:13Z,2026-05-23T21:11:13+0200,3f7e4d3d-8fdb-4ead-ba3f-db913921b078,2026-05-09T13:15:00Z,2026-05-09T15:15:00+0200,0.0,EUR/MWh,FR,FR,day_ahead_price,value,2026-05-23T19:12:02Z
2026-05-23T19:11:13Z,2026-05-23T21:11:13+0200,3f7e4d3d-8fdb-4ead-ba3f-db913921b078,2026-05-09T13:30:00Z,2026-05-09T15:30:00+0200,0.0,EUR/MWh,FR,FR,day_ahead_price,value,2026-05-23T19:12:02Z
2026-05-23T19:11:13Z,2026-05-23T21:11:13+0200,3f7e4d3d-8fdb-4ead-ba3f-db913921b078,2026-05-09T13:45:00Z,2026-05-09T15:45:00+0200,0.0,EUR/MWh,FR,FR,day_ahead_price,value,2026-05-23T19:12:02Z
2026-05-23T19:11:13Z,2026-05-23T21:11:13+0200,3f7e4d3d-8fdb-4ead-ba3f-db913921b078,2026-05-09T14:00:00Z,2026-05-09T16:00:00+0200,0.05,EUR/MWh,FR,FR,day_ahead_price,value,2026-05-23T19:12:02Z
2026-05-23T19:11:13Z,2026-05-23T21:11:13+0200,3f7e4d3d-8fdb-4ead-ba3f-db913921b078,2026-05-09T14:15:00Z,2026-05-09T16:15:00+0200,0.01,EUR/MWh,FR,FR,day_ahead_price,value,2026-05-23T19:12:02Z
2026-05-23T19:11:13Z,2026-05-23T21:11:13+0200,3f7e4d3d-8fdb-4ead-ba3f-db913921b078,2026-05-09T14:30:00Z,2026-05-09T16:30:00+0200,0.29,EUR/MWh,FR,FR,day_ahead_price,value,2026-05-23T19:12:02Z
2026-05-23T19:11:13Z,2026-05-23T21:11:13+0200,3f7e4d3d-8fdb-4ead-ba3f-db913921b078,2026-05-09T14:45:00Z,2026-05-09T16:45:00+0200,0.02,EUR/MWh,FR,FR,day_ahead_price,value,2026-05-23T19:12:02Z
2026-05-23T19:11:13Z,2026-05-23T21:11:13+0200,3f7e4d3d-8fdb-4ead-ba3f-db913921b078,2026-05-09T15:00:00Z,2026-05-09T17:00:00+0200,0.01,EUR/MWh,FR,FR,day_ahead_price,value,2026-05-23T19:12:02Z
2026-05-23T19:11:13Z,2026-05-23T21:11:13+0200,3f7e4d3d-8fdb-4ead-ba3f-db913921b078,2026-05-09T15:15:00Z,2026-05-09T17:15:00+0200,0.51,EUR/MWh,FR,FR,day_ahead_price,value,2026-05-23T19:12:02Z
2026-05-23T19:11:13Z,2026-05-23T21:11:13+0200,3f7e4d3d-8fdb-4ead-ba3f-db913921b078,2026-05-09T15:30:00Z,2026-05-09T17:30:00+0200,0.84,EUR/MWh,FR,FR,day_ahead_price,value,2026-05-23T19:12:02Z
2026-05-23T19:11:13Z,2026-05-23T21:11:13+0200,3f7e4d3d-8fdb-4ead-ba3f-db913921b078,2026-05-09T15:45:00Z,2026-05-09T17:45:00+0200,1.1,EUR/MWh,FR,FR,day_ahead_price,value,2026-05-23T19:12:02Z
2026-05-23T19:11:13Z,2026-05-23T21:11:13+0200,3f7e4d3d-8fdb-4ead-ba3f-db913921b078,2026-05-09T16:00:00Z,2026-05-09T18:00:00+0200,3.08,EUR/MWh,FR,FR,day_ahead_price,value,2026-05-23T19:12:02Z
2026-05-23T19:11:13Z,2026-05-23T21:11:13+0200,3f7e4d3d-8fdb-4ead-ba3f-db913921b078,2026-05-09T16:15:00Z,2026-05-09T18:15:00+0200,14.58,EUR/MWh,FR,FR,day_ahead_price,value,2026-05-23T19:12:02Z
2026-05-23T19:11:13Z,2026-05-23T21:11:13+0200,3f7e4d3d-8fdb-4ead-ba3f-db913921b078,2026-05-09T16:30:00Z,2026-05-09T18:30:00+0200,36.78,EUR/MWh,FR,FR,day_ahead_price,value,2026-05-23T19:12:02Z
2026-05-23T19:11:13Z,2026-05-23T21:11:13+0200,3f7e4d3d-8fdb-4ead-ba3f-db913921b078,2026-05-09T16:45:00Z,2026-05-09T18:45:00+0200,33.96,EUR/MWh,FR,FR,day_ahead_price,value,2026-05-23T19:12:02Z
2026-05-23T19:11:13Z,2026-05-23T21:11:13+0200,3f7e4d3d-8fdb-4ead-ba3f-db913921b078,2026-05-09T17:00:00Z,2026-05-09T19:00:00+0200,33.91,EUR/MWh,FR,FR,day_ahead_price,value,2026-05-23T19:12:02Z
2026-05-23T19:11:13Z,2026-05-23T21:11:13+0200,3f7e4d3d-8fdb-4ead-ba3f-db913921b078,2026-05-09T17:15:00Z,2026-05-09T19:15:00+0200,35.01,EUR/MWh,FR,FR,day_ahead_price,value,2026-05-23T19:12:02Z
2026-05-23T19:11:13Z,2026-05-23T21:11:13+0200,3f7e4d3d-8fdb-4ead-ba3f-db913921b078,2026-05-09T17:30:00Z,2026-05-09T19:30:00+0200,35.02,EUR/MWh,FR,FR,day_ahead_price,value,2026-05-23T19:12:02Z
2026-05-23T19:11:13Z,2026-05-23T21:11:13+0200,3f7e4d3d-8fdb-4ead-ba3f-db913921b078,2026-05-09T17:45:00Z,2026-05-09T19:45:00+0200,63.78,EUR/MWh,FR,FR,day_ahead_price,value,2026-05-23T19:12:02Z
2026-05-23T19:11:13Z,2026-05-23T21:11:13+0200,3f7e4d3d-8fdb-4ead-ba3f-db913921b078,2026-05-09T18:00:00Z,2026-05-09T20:00:00+0200,50.0,EUR/MWh,FR,FR,day_ahead_price,value,2026-05-23T19:12:02Z
2026-05-23T19:11:13Z,2026-05-23T21:11:13+0200,3f7e4d3d-8fdb-4ead-ba3f-db913921b078,2026-05-09T18:15:00Z,2026-05-09T20:15:00+0200,66.2,EUR/MWh,FR,FR,day_ahead_price,value,2026-05-23T19:12:02Z
2026-05-23T19:11:13Z,2026-05-23T21:11:13+0200,3f7e4d3d-8fdb-4ead-ba3f-db913921b078,2026-05-09T18:30:00Z,2026-05-09T20:30:00+0200,68.26,EUR/MWh,FR,FR,day_ahead_price,value,2026-05-23T19:12:02Z
2026-05-23T19:11:13Z,2026-05-23T21:11:13+0200,3f7e4d3d-8fdb-4ead-ba3f-db913921b078,2026-05-09T18:45:00Z,2026-05-09T20:45:00+0200,76.34,EUR/MWh,FR,FR,day_ahead_price,value,2026-05-23T19:12:02Z
2026-05-23T19:11:13Z,2026-05-23T21:11:13+0200,3f7e4d3d-8fdb-4ead-ba3f-db913921b078,2026-05-09T19:00:00Z,2026-05-09T21:00:00+0200,81.0,EUR/MWh,FR,FR,day_ahead_price,value,2026-05-23T19:12:02Z
2026-05-23T19:11:13Z,2026-05-23T21:11:13+0200,3f7e4d3d-8fdb-4ead-ba3f-db913921b078,2026-05-09T19:15:00Z,2026-05-09T21:15:00+0200,79.74,EUR/MWh,FR,FR,day_ahead_price,value,2026-05-23T19:12:02Z
2026-05-23T19:11:13Z,2026-05-23T21:11:13+0200,3f7e4d3d-8fdb-4ead-ba3f-db913921b078,2026-05-09T19:30:00Z,2026-05-09T21:30:00+0200,68.76,EUR/MWh,FR,FR,day_ahead_price,value,2026-05-23T19:12:02Z
2026-05-23T19:11:13Z,2026-05-23T21:11:13+0200,3f7e4d3d-8fdb-4ead-ba3f-db913921b078,2026-05-09T19:45:00Z,2026-05-09T21:45:00+0200,31.5,EUR/MWh,FR,FR,day_ahead_price,value,2026-05-23T19:12:02Z
2026-05-23T19:11:13Z,2026-05-23T21:11:13+0200,3f7e4d3d-8fdb-4ead-ba3f-db913921b078,2026-05-09T20:00:00Z,2026-05-09T22:00:00+0200,78.53,EUR/MWh,FR,FR,day_ahead_price,value,2026-05-23T19:12:02Z
2026-05-23T19:11:13Z,2026-05-23T21:11:13+0200,3f7e4d3d-8fdb-4ead-ba3f-db913921b078,2026-05-09T20:15:00Z,2026-05-09T22:15:00+0200,52.01,EUR/MWh,FR,FR,day_ahead_price,value,2026-05-23T19:12:02Z
2026-05-23T19:11:13Z,2026-05-23T21:11:13+0200,3f7e4d3d-8fdb-4ead-ba3f-db913921b078,2026-05-09T20:30:00Z,2026-05-09T22:30:00+0200,75.0,EUR/MWh,FR,FR,day_ahead_price,value,2026-05-23T19:12:02Z
2026-05-23T19:11:13Z,2026-05-23T21:11:13+0200,3f7e4d3d-8fdb-4ead-ba3f-db913921b078,2026-05-09T20:45:00Z,2026-05-09T22:45:00+0200,70.0,EUR/MWh,FR,FR,day_ahead_price,value,2026-05-23T19:12:02Z
2026-05-23T19:11:13Z,2026-05-23T21:11:13+0200,3f7e4d3d-8fdb-4ead-ba3f-db913921b078,2026-05-09T21:00:00Z,2026-05-09T23:00:00+0200,68.5,EUR/MWh,FR,FR,day_ahead_price,value,2026-05-23T19:12:02Z
2026-05-23T19:11:13Z,2026-05-23T21:11:13+0200,3f7e4d3d-8fdb-4ead-ba3f-db913921b078,2026-05-09T21:15:00Z,2026-05-09T23:15:00+0200,67.54,EUR/MWh,FR,FR,day_ahead_price,value,2026-05-23T19:12:02Z
2026-05-23T19:11:13Z,2026-05-23T21:11:13+0200,3f7e4d3d-8fdb-4ead-ba3f-db913921b078,2026-05-09T21:30:00Z,2026-05-09T23:30:00+0200,67.3,EUR/MWh,FR,FR,day_ahead_price,value,2026-05-23T19:12:02Z
2026-05-23T19:11:13Z,2026-05-23T21:11:13+0200,3f7e4d3d-8fdb-4ead-ba3f-db913921b078,2026-05-09T21:45:00Z,2026-05-09T23:45:00+0200,60.0,EUR/MWh,FR,FR,day_ahead_price,value,2026-05-23T19:12:02Z
2026-05-23T19:11:13Z,2026-05-23T21:11:13+0200,3f7e4d3d-8fdb-4ead-ba3f-db913921b078,2026-05-09T22:00:00Z,2026-05-10T00:00:00+0200,46.48,EUR/MWh,FR,FR,day_ahead_price,value,2026-05-23T19:12:02Z
2026-05-23T19:11:13Z,2026-05-23T21:11:13+0200,3f7e4d3d-8fdb-4ead-ba3f-db913921b078,2026-05-09T22:15:00Z,2026-05-10T00:15:00+0200,42.07,EUR/MWh,FR,FR,day_ahead_price,value,2026-05-23T19:12:02Z
2026-05-23T19:11:13Z,2026-05-23T21:11:13+0200,3f7e4d3d-8fdb-4ead-ba3f-db913921b078,2026-05-09T22:30:00Z,2026-05-10T00:30:00+0200,35.02,EUR/MWh,FR,FR,day_ahead_price,value,2026-05-23T19:12:02Z
2026-05-23T19:11:13Z,2026-05-23T21:11:13+0200,3f7e4d3d-8fdb-4ead-ba3f-db913921b078,2026-05-09T22:45:00Z,2026-05-10T00:45:00+0200,35.01,EUR/MWh,FR,FR,day_ahead_price,value,2026-05-23T19:12:02Z
2026-05-23T19:11:13Z,2026-05-23T21:11:13+0200,3f7e4d3d-8fdb-4ead-ba3f-db913921b078,2026-05-09T23:00:00Z,2026-05-10T01:00:00+0200,35.01,EUR/MWh,FR,FR,day_ahead_price,value,2026-05-23T19:12:02Z
2026-05-23T19:11:13Z,2026-05-23T21:11:13+0200,3f7e4d3d-8fdb-4ead-ba3f-db913921b078,2026-05-09T23:15:00Z,2026-05-10T01:15:00+0200,35.01,EUR/MWh,FR,FR,day_ahead_price,value,2026-05-23T19:12:02Z
2026-05-23T19:11:13Z,2026-05-23T21:11:13+0200,3f7e4d3d-8fdb-4ead-ba3f-db913921b078,2026-05-09T23:30:00Z,2026-05-10T01:30:00+0200,35.01,EUR/MWh,FR,FR,day_ahead_price,value,2026-05-23T19:12:02Z
2026-05-23T19:11:13Z,2026-05-23T21:11:13+0200,3f7e4d3d-8fdb-4ead-ba3f-db913921b078,2026-05-09T23:45:00Z,2026-05-10T01:45:00+0200,30.0,EUR/MWh,FR,FR,day_ahead_price,value,2026-05-23T19:12:02Z
2026-05-23T19:11:13Z,2026-05-23T21:11:13+0200,3f7e4d3d-8fdb-4ead-ba3f-db913921b078,2026-05-10T00:00:00Z,2026-05-10T02:00:00+0200,20.0,EUR/MWh,FR,FR,day_ahead_price,value,2026-05-23T19:12:02Z
2026-05-23T19:11:13Z,2026-05-23T21:11:13+0200,3f7e4d3d-8fdb-4ead-ba3f-db913921b078,2026-05-10T00:15:00Z,2026-05-10T02:15:00+0200,17.76,EUR/MWh,FR,FR,day_ahead_price,value,2026-05-23T19:12:02Z
2026-05-23T19:11:13Z,2026-05-23T21:11:13+0200,3f7e4d3d-8fdb-4ead-ba3f-db913921b078,2026-05-10T00:30:00Z,2026-05-10T02:30:00+0200,18.0,EUR/MWh,FR,FR,day_ahead_price,value,2026-05-23T19:12:02Z
2026-05-23T19:11:13Z,2026-05-23T21:11:13+0200,3f7e4d3d-8fdb-4ead-ba3f-db913921b078,2026-05-10T00:45:00Z,2026-05-10T02:45:00+0200,16.5,EUR/MWh,FR,FR,day_ahead_price,value,2026-05-23T19:12:02Z
2026-05-23T19:11:13Z,2026-05-23T21:11:13+0200,3f7e4d3d-8fdb-4ead-ba3f-db913921b078,2026-05-10T01:00:00Z,2026-05-10T03:00:00+0200,14.69,EUR/MWh,FR,FR,day_ahead_price,value,2026-05-23T19:12:02Z
2026-05-23T19:11:13Z,2026-05-23T21:11:13+0200,3f7e4d3d-8fdb-4ead-ba3f-db913921b078,2026-05-10T01:15:00Z,2026-05-10T03:15:00+0200,14.48,EUR/MWh,FR,FR,day_ahead_price,value,2026-05-23T19:12:02Z
2026-05-23T19:11:13Z,2026-05-23T21:11:13+0200,3f7e4d3d-8fdb-4ead-ba3f-db913921b078,2026-05-10T01:30:00Z,2026-05-10T03:30:00+0200,14.48,EUR/MWh,FR,FR,day_ahead_price,value,2026-05-23T19:12:02Z
2026-05-23T19:11:13Z,2026-05-23T21:11:13+0200,3f7e4d3d-8fdb-4ead-ba3f-db913921b078,2026-05-10T01:45:00Z,2026-05-10T03:45:00+0200,14.23,EUR/MWh,FR,FR,day_ahead_price,value,2026-05-23T19:12:02Z
2026-05-23T19:11:13Z,2026-05-23T21:11:13+0200,3f7e4d3d-8fdb-4ead-ba3f-db913921b078,2026-05-10T02:00:00Z,2026-05-10T04:00:00+0200,8.01,EUR/MWh,FR,FR,day_ahead_price,value,2026-05-23T19:12:02Z
2026-05-23T19:11:13Z,2026-05-23T21:11:13+0200,3f7e4d3d-8fdb-4ead-ba3f-db913921b078,2026-05-10T02:15:00Z,2026-05-10T04:15:00+0200,16.17,EUR/MWh,FR,FR,day_ahead_price,value,2026-05-23T19:12:02Z
2026-05-23T19:11:13Z,2026-05-23T21:11:13+0200,3f7e4d3d-8fdb-4ead-ba3f-db913921b078,2026-05-10T02:30:00Z,2026-05-10T04:30:00+0200,13.92,EUR/MWh,FR,FR,day_ahead_price,value,2026-05-23T19:12:02Z
2026-05-23T19:11:13Z,2026-05-23T21:11:13+0200,3f7e4d3d-8fdb-4ead-ba3f-db913921b078,2026-05-10T02:45:00Z,2026-05-10T04:45:00+0200,15.38,EUR/MWh,FR,FR,day_ahead_price,value,2026-05-23T19:12:02Z
2026-05-23T19:11:13Z,2026-05-23T21:11:13+0200,3f7e4d3d-8fdb-4ead-ba3f-db913921b078,2026-05-10T03:00:00Z,2026-05-10T05:00:00+0200,12.4,EUR/MWh,FR,FR,day_ahead_price,value,2026-05-23T19:12:02Z
2026-05-23T19:11:13Z,2026-05-23T21:11:13+0200,3f7e4d3d-8fdb-4ead-ba3f-db913921b078,2026-05-10T03:15:00Z,2026-05-10T05:15:00+0200,14.23,EUR/MWh,FR,FR,day_ahead_price,value,2026-05-23T19:12:02Z
2026-05-23T19:11:13Z,2026-05-23T21:11:13+0200,3f7e4d3d-8fdb-4ead-ba3f-db913921b078,2026-05-10T03:30:00Z,2026-05-10T05:30:00+0200,13.54,EUR/MWh,FR,FR,day_ahead_price,value,2026-05-23T19:12:02Z
2026-05-23T19:11:13Z,2026-05-23T21:11:13+0200,3f7e4d3d-8fdb-4ead-ba3f-db913921b078,2026-05-10T03:45:00Z,2026-05-10T05:45:00+0200,15.77,EUR/MWh,FR,FR,day_ahead_price,value,2026-05-23T19:12:02Z
2026-05-23T19:11:13Z,2026-05-23T21:11:13+0200,3f7e4d3d-8fdb-4ead-ba3f-db913921b078,2026-05-10T04:00:00Z,2026-05-10T06:00:00+0200,8.39,EUR/MWh,FR,FR,day_ahead_price,value,2026-05-23T19:12:02Z
2026-05-23T19:11:13Z,2026-05-23T21:11:13+0200,3f7e4d3d-8fdb-4ead-ba3f-db913921b078,2026-05-10T04:15:00Z,2026-05-10T06:15:00+0200,11.84,EUR/MWh,FR,FR,day_ahead_price,value,2026-05-23T19:12:02Z
2026-05-23T19:11:13Z,2026-05-23T21:11:13+0200,3f7e4d3d-8fdb-4ead-ba3f-db913921b078,2026-05-10T04:30:00Z,2026-05-10T06:30:00+0200,12.11,EUR/MWh,FR,FR,day_ahead_price,value,2026-05-23T19:12:02Z
2026-05-23T19:11:13Z,2026-05-23T21:11:13+0200,3f7e4d3d-8fdb-4ead-ba3f-db913921b078,2026-05-10T04:45:00Z,2026-05-10T06:45:00+0200,9.34,EUR/MWh,FR,FR,day_ahead_price,value,2026-05-23T19:12:02Z
2026-05-23T19:11:13Z,2026-05-23T21:11:13+0200,3f7e4d3d-8fdb-4ead-ba3f-db913921b078,2026-05-10T05:00:00Z,2026-05-10T07:00:00+0200,19.77,EUR/MWh,FR,FR,day_ahead_price,value,2026-05-23T19:12:02Z
2026-05-23T19:11:13Z,2026-05-23T21:11:13+0200,3f7e4d3d-8fdb-4ead-ba3f-db913921b078,2026-05-10T05:15:00Z,2026-05-10T07:15:00+0200,19.25,EUR/MWh,FR,FR,day_ahead_price,value,2026-05-23T19:12:02Z
2026-05-23T19:11:13Z,2026-05-23T21:11:13+0200,3f7e4d3d-8fdb-4ead-ba3f-db913921b078,2026-05-10T05:30:00Z,2026-05-10T07:30:00+0200,12.02,EUR/MWh,FR,FR,day_ahead_price,value,2026-05-23T19:12:02Z
2026-05-23T19:11:13Z,2026-05-23T21:11:13+0200,3f7e4d3d-8fdb-4ead-ba3f-db913921b078,2026-05-10T05:45:00Z,2026-05-10T07:45:00+0200,11.44,EUR/MWh,FR,FR,day_ahead_price,value,2026-05-23T19:12:02Z
2026-05-23T19:11:13Z,2026-05-23T21:11:13+0200,3f7e4d3d-8fdb-4ead-ba3f-db913921b078,2026-05-10T06:00:00Z,2026-05-10T08:00:00+0200,20.0,EUR/MWh,FR,FR,day_ahead_price,value,2026-05-23T19:12:02Z
2026-05-23T19:11:13Z,2026-05-23T21:11:13+0200,3f7e4d3d-8fdb-4ead-ba3f-db913921b078,2026-05-10T06:15:00Z,2026-05-10T08:15:00+0200,12.3,EUR/MWh,FR,FR,day_ahead_price,value,2026-05-23T19:12:02Z
2026-05-23T19:11:13Z,2026-05-23T21:11:13+0200,3f7e4d3d-8fdb-4ead-ba3f-db913921b078,2026-05-10T06:30:00Z,2026-05-10T08:30:00+0200,11.91,EUR/MWh,FR,FR,day_ahead_price,value,2026-05-23T19:12:02Z
2026-05-23T19:11:13Z,2026-05-23T21:11:13+0200,3f7e4d3d-8fdb-4ead-ba3f-db913921b078,2026-05-10T06:45:00Z,2026-05-10T08:45:00+0200,5.41,EUR/MWh,FR,FR,day_ahead_price,value,2026-05-23T19:12:02Z
2026-05-23T19:11:13Z,2026-05-23T21:11:13+0200,3f7e4d3d-8fdb-4ead-ba3f-db913921b078,2026-05-10T07:00:00Z,2026-05-10T09:00:00+0200,33.59,EUR/MWh,FR,FR,day_ahead_price,value,2026-05-23T19:12:02Z
2026-05-23T19:11:13Z,2026-05-23T21:11:13+0200,3f7e4d3d-8fdb-4ead-ba3f-db913921b078,2026-05-10T07:15:00Z,2026-05-10T09:15:00+0200,9.96,EUR/MWh,FR,FR,day_ahead_price,value,2026-05-23T19:12:02Z
2026-05-23T19:11:13Z,2026-05-23T21:11:13+0200,3f7e4d3d-8fdb-4ead-ba3f-db913921b078,2026-05-10T07:30:00Z,2026-05-10T09:30:00+0200,1.15,EUR/MWh,FR,FR,day_ahead_price,value,2026-05-23T19:12:02Z
2026-05-23T19:11:13Z,2026-05-23T21:11:13+0200,3f7e4d3d-8fdb-4ead-ba3f-db913921b078,2026-05-10T07:45:00Z,2026-05-10T09:45:00+0200,0.02,EUR/MWh,FR,FR,day_ahead_price,value,2026-05-23T19:12:02Z
2026-05-23T19:11:13Z,2026-05-23T21:11:13+0200,3f7e4d3d-8fdb-4ead-ba3f-db913921b078,2026-05-10T08:00:00Z,2026-05-10T10:00:00+0200,0.07,EUR/MWh,FR,FR,day_ahead_price,value,2026-05-23T19:12:02Z
2026-05-23T19:11:13Z,2026-05-23T21:11:13+0200,3f7e4d3d-8fdb-4ead-ba3f-db913921b078,2026-05-10T08:15:00Z,2026-05-10T10:15:00+0200,0.0,EUR/MWh,FR,FR,day_ahead_price,value,2026-05-23T19:12:02Z
2026-05-23T19:11:13Z,2026-05-23T21:11:13+0200,3f7e4d3d-8fdb-4ead-ba3f-db913921b078,2026-05-10T08:30:00Z,2026-05-10T10:30:00+0200,-0.01,EUR/MWh,FR,FR,day_ahead_price,value,2026-05-23T19:12:02Z
2026-05-23T19:11:13Z,2026-05-23T21:11:13+0200,3f7e4d3d-8fdb-4ead-ba3f-db913921b078,2026-05-10T08:45:00Z,2026-05-10T10:45:00+0200,-0.01,EUR/MWh,FR,FR,day_ahead_price,value,2026-05-23T19:12:02Z
2026-05-23T19:11:13Z,2026-05-23T21:11:13+0200,3f7e4d3d-8fdb-4ead-ba3f-db913921b078,2026-05-10T09:00:00Z,2026-05-10T11:00:00+0200,-0.01,EUR/MWh,FR,FR,day_ahead_price,value,2026-05-23T19:12:02Z
2026-05-23T19:11:13Z,2026-05-23T21:11:13+0200,3f7e4d3d-8fdb-4ead-ba3f-db913921b078,2026-05-10T09:15:00Z,2026-05-10T11:15:00+0200,-0.01,EUR/MWh,FR,FR,day_ahead_price,value,2026-05-23T19:12:02Z
2026-05-23T19:11:13Z,2026-05-23T21:11:13+0200,3f7e4d3d-8fdb-4ead-ba3f-db913921b078,2026-05-10T09:30:00Z,2026-05-10T11:30:00+0200,-0.02,EUR/MWh,FR,FR,day_ahead_price,value,2026-05-23T19:12:02Z
2026-05-23T19:11:13Z,2026-05-23T21:11:13+0200,3f7e4d3d-8fdb-4ead-ba3f-db913921b078,2026-05-10T09:45:00Z,2026-05-10T11:45:00+0200,-0.02,EUR/MWh,FR,FR,day_ahead_price,value,2026-05-23T19:12:02Z
2026-05-23T19:11:13Z,2026-05-23T21:11:13+0200,3f7e4d3d-8fdb-4ead-ba3f-db913921b078,2026-05-10T10:00:00Z,2026-05-10T12:00:00+0200,-0.04,EUR/MWh,FR,FR,day_ahead_price,value,2026-05-23T19:12:02Z
2026-05-23T19:11:13Z,2026-05-23T21:11:13+0200,3f7e4d3d-8fdb-4ead-ba3f-db913921b078,2026-05-10T10:15:00Z,2026-05-10T12:15:00+0200,-0.05,EUR/MWh,FR,FR,day_ahead_price,value,2026-05-23T19:12:02Z
2026-05-23T19:11:13Z,2026-05-23T21:11:13+0200,3f7e4d3d-8fdb-4ead-ba3f-db913921b078,2026-05-10T10:30:00Z,2026-05-10T12:30:00+0200,-0.06,EUR/MWh,FR,FR,day_ahead_price,value,2026-05-23T19:12:02Z
2026-05-23T19:11:13Z,2026-05-23T21:11:13+0200,3f7e4d3d-8fdb-4ead-ba3f-db913921b078,2026-05-10T10:45:00Z,2026-05-10T12:45:00+0200,-0.1,EUR/MWh,FR,FR,day_ahead_price,value,2026-05-23T19:12:02Z
2026-05-23T19:11:13Z,2026-05-23T21:11:13+0200,3f7e4d3d-8fdb-4ead-ba3f-db913921b078,2026-05-10T11:00:00Z,2026-05-10T13:00:00+0200,-0.11,EUR/MWh,FR,FR,day_ahead_price,value,2026-05-23T19:12:02Z
2026-05-23T19:11:13Z,2026-05-23T21:11:13+0200,3f7e4d3d-8fdb-4ead-ba3f-db913921b078,2026-05-10T11:15:00Z,2026-05-10T13:15:00+0200,-0.5,EUR/MWh,FR,FR,day_ahead_price,value,2026-05-23T19:12:02Z
2026-05-23T19:11:13Z,2026-05-23T21:11:13+0200,3f7e4d3d-8fdb-4ead-ba3f-db913921b078,2026-05-10T11:30:00Z,2026-05-10T13:30:00+0200,-0.81,EUR/MWh,FR,FR,day_ahead_price,value,2026-05-23T19:12:02Z
2026-05-23T19:11:13Z,2026-05-23T21:11:13+0200,3f7e4d3d-8fdb-4ead-ba3f-db913921b078,2026-05-10T11:45:00Z,2026-05-10T13:45:00+0200,-0.81,EUR/MWh,FR,FR,day_ahead_price,value,2026-05-23T19:12:02Z
2026-05-23T19:11:13Z,2026-05-23T21:11:13+0200,3f7e4d3d-8fdb-4ead-ba3f-db913921b078,2026-05-10T12:00:00Z,2026-05-10T14:00:00+0200,-0.81,EUR/MWh,FR,FR,day_ahead_price,value,2026-05-23T19:12:02Z
2026-05-23T19:11:13Z,2026-05-23T21:11:13+0200,3f7e4d3d-8fdb-4ead-ba3f-db913921b078,2026-05-10T12:15:00Z,2026-05-10T14:15:00+0200,-0.5,EUR/MWh,FR,FR,day_ahead_price,value,2026-05-23T19:12:02Z
2026-05-23T19:11:13Z,2026-05-23T21:11:13+0200,3f7e4d3d-8fdb-4ead-ba3f-db913921b078,2026-05-10T12:30:00Z,2026-05-10T14:30:00+0200,-0.66,EUR/MWh,FR,FR,day_ahead_price,value,2026-05-23T19:12:02Z
2026-05-23T19:11:13Z,2026-05-23T21:11:13+0200,3f7e4d3d-8fdb-4ead-ba3f-db913921b078,2026-05-10T12:45:00Z,2026-05-10T14:45:00+0200,-0.19,EUR/MWh,FR,FR,day_ahead_price,value,2026-05-23T19:12:02Z
2026-05-23T19:11:13Z,2026-05-23T21:11:13+0200,3f7e4d3d-8fdb-4ead-ba3f-db913921b078,2026-05-10T13:00:00Z,2026-05-10T15:00:00+0200,-0.82,EUR/MWh,FR,FR,day_ahead_price,value,2026-05-23T19:12:02Z
2026-05-23T19:11:13Z,2026-05-23T21:11:13+0200,3f7e4d3d-8fdb-4ead-ba3f-db913921b078,2026-05-10T13:15:00Z,2026-05-10T15:15:00+0200,-0.11,EUR/MWh,FR,FR,day_ahead_price,value,2026-05-23T19:12:02Z
2026-05-23T19:11:13Z,2026-05-23T21:11:13+0200,3f7e4d3d-8fdb-4ead-ba3f-db913921b078,2026-05-10T13:30:00Z,2026-05-10T15:30:00+0200,-0.07,EUR/MWh,FR,FR,day_ahead_price,value,2026-05-23T19:12:02Z
2026-05-23T19:11:13Z,2026-05-23T21:11:13+0200,3f7e4d3d-8fdb-4ead-ba3f-db913921b078,2026-05-10T13:45:00Z,2026-05-10T15:45:00+0200,-0.01,EUR/MWh,FR,FR,day_ahead_price,value,2026-05-23T19:12:02Z
2026-05-23T19:11:13Z,2026-05-23T21:11:13+0200,3f7e4d3d-8fdb-4ead-ba3f-db913921b078,2026-05-10T14:00:00Z,2026-05-10T16:00:00+0200,-0.06,EUR/MWh,FR,FR,day_ahead_price,value,2026-05-23T19:12:02Z
2026-05-23T19:11:13Z,2026-05-23T21:11:13+0200,3f7e4d3d-8fdb-4ead-ba3f-db913921b078,2026-05-10T14:15:00Z,2026-05-10T16:15:00+0200,-0.01,EUR/MWh,FR,FR,day_ahead_price,value,2026-05-23T19:12:02Z
2026-05-23T19:11:13Z,2026-05-23T21:11:13+0200,3f7e4d3d-8fdb-4ead-ba3f-db913921b078,2026-05-10T14:30:00Z,2026-05-10T16:30:00+0200,0.48,EUR/MWh,FR,FR,day_ahead_price,value,2026-05-23T19:12:02Z
2026-05-23T19:11:13Z,2026-05-23T21:11:13+0200,3f7e4d3d-8fdb-4ead-ba3f-db913921b078,2026-05-10T14:45:00Z,2026-05-10T16:45:00+0200,9.78,EUR/MWh,FR,FR,day_ahead_price,value,2026-05-23T19:12:02Z
2026-05-23T19:11:13Z,2026-05-23T21:11:13+0200,3f7e4d3d-8fdb-4ead-ba3f-db913921b078,2026-05-10T15:00:00Z,2026-05-10T17:00:00+0200,0.01,EUR/MWh,FR,FR,day_ahead_price,value,2026-05-23T19:12:02Z
2026-05-23T19:11:13Z,2026-05-23T21:11:13+0200,3f7e4d3d-8fdb-4ead-ba3f-db913921b078,2026-05-10T15:15:00Z,2026-05-10T17:15:00+0200,3.25,EUR/MWh,FR,FR,day_ahead_price,value,2026-05-23T19:12:02Z
2026-05-23T19:11:13Z,2026-05-23T21:11:13+0200,3f7e4d3d-8fdb-4ead-ba3f-db913921b078,2026-05-10T15:30:00Z,2026-05-10T17:30:00+0200,3.06,EUR/MWh,FR,FR,day_ahead_price,value,2026-05-23T19:12:02Z
2026-05-23T19:11:13Z,2026-05-23T21:11:13+0200,3f7e4d3d-8fdb-4ead-ba3f-db913921b078,2026-05-10T15:45:00Z,2026-05-10T17:45:00+0200,4.94,EUR/MWh,FR,FR,day_ahead_price,value,2026-05-23T19:12:02Z
2026-05-23T19:11:13Z,2026-05-23T21:11:13+0200,3f7e4d3d-8fdb-4ead-ba3f-db913921b078,2026-05-10T16:00:00Z,2026-05-10T18:00:00+0200,0.03,EUR/MWh,FR,FR,day_ahead_price,value,2026-05-23T19:12:02Z
2026-05-23T19:11:13Z,2026-05-23T21:11:13+0200,3f7e4d3d-8fdb-4ead-ba3f-db913921b078,2026-05-10T16:15:00Z,2026-05-10T18:15:00+0200,16.99,EUR/MWh,FR,FR,day_ahead_price,value,2026-05-23T19:12:02Z
2026-05-23T19:11:13Z,2026-05-23T21:11:13+0200,3f7e4d3d-8fdb-4ead-ba3f-db913921b078,2026-05-10T16:30:00Z,2026-05-10T18:30:00+0200,31.4,EUR/MWh,FR,FR,day_ahead_price,value,2026-05-23T19:12:02Z
2026-05-23T19:11:13Z,2026-05-23T21:11:13+0200,3f7e4d3d-8fdb-4ead-ba3f-db913921b078,2026-05-10T16:45:00Z,2026-05-10T18:45:00+0200,22.99,EUR/MWh,FR,FR,day_ahead_price,value,2026-05-23T19:12:02Z
2026-05-23T19:11:13Z,2026-05-23T21:11:13+0200,3f7e4d3d-8fdb-4ead-ba3f-db913921b078,2026-05-10T17:00:00Z,2026-05-10T19:00:00+0200,38.87,EUR/MWh,FR,FR,day_ahead_price,value,2026-05-23T19:12:02Z
2026-05-23T19:11:13Z,2026-05-23T21:11:13+0200,3f7e4d3d-8fdb-4ead-ba3f-db913921b078,2026-05-10T17:15:00Z,2026-05-10T19:15:00+0200,17.25,EUR/MWh,FR,FR,day_ahead_price,value,2026-05-23T19:12:02Z
2026-05-23T19:11:13Z,2026-05-23T21:11:13+0200,3f7e4d3d-8fdb-4ead-ba3f-db913921b078,2026-05-10T17:30:00Z,2026-05-10T19:30:00+0200,16.28,EUR/MWh,FR,FR,day_ahead_price,value,2026-05-23T19:12:02Z
2026-05-23T19:11:13Z,2026-05-23T21:11:13+0200,3f7e4d3d-8fdb-4ead-ba3f-db913921b078,2026-05-10T17:45:00Z,2026-05-10T19:45:00+0200,35.01,EUR/MWh,FR,FR,day_ahead_price,value,2026-05-23T19:12:02Z
2026-05-23T19:11:13Z,2026-05-23T21:11:13+0200,3f7e4d3d-8fdb-4ead-ba3f-db913921b078,2026-05-10T18:00:00Z,2026-05-10T20:00:00+0200,30.0,EUR/MWh,FR,FR,day_ahead_price,value,2026-05-23T19:12:02Z
2026-05-23T19:11:13Z,2026-05-23T21:11:13+0200,3f7e4d3d-8fdb-4ead-ba3f-db913921b078,2026-05-10T18:15:00Z,2026-05-10T20:15:00+0200,40.0,EUR/MWh,FR,FR,day_ahead_price,value,2026-05-23T19:12:02Z
2026-05-23T19:11:13Z,2026-05-23T21:11:13+0200,3f7e4d3d-8fdb-4ead-ba3f-db913921b078,2026-05-10T18:30:00Z,2026-05-10T20:30:00+0200,63.02,EUR/MWh,FR,FR,day_ahead_price,value,2026-05-23T19:12:02Z
2026-05-23T19:11:13Z,2026-05-23T21:11:13+0200,3f7e4d3d-8fdb-4ead-ba3f-db913921b078,2026-05-10T18:45:00Z,2026-05-10T20:45:00+0200,75.07,EUR/MWh,FR,FR,day_ahead_price,value,2026-05-23T19:12:02Z
2026-05-23T19:11:13Z,2026-05-23T21:11:13+0200,3f7e4d3d-8fdb-4ead-ba3f-db913921b078,2026-05-10T19:00:00Z,2026-05-10T21:00:00+0200,71.82,EUR/MWh,FR,FR,day_ahead_price,value,2026-05-23T19:12:02Z
2026-05-23T19:11:13Z,2026-05-23T21:11:13+0200,3f7e4d3d-8fdb-4ead-ba3f-db913921b078,2026-05-10T19:15:00Z,2026-05-10T21:15:00+0200,79.73,EUR/MWh,FR,FR,day_ahead_price,value,2026-05-23T19:12:02Z
2026-05-23T19:11:13Z,2026-05-23T21:11:13+0200,3f7e4d3d-8fdb-4ead-ba3f-db913921b078,2026-05-10T19:30:00Z,2026-05-10T21:30:00+0200,76.89,EUR/MWh,FR,FR,day_ahead_price,value,2026-05-23T19:12:02Z
2026-05-23T19:11:13Z,2026-05-23T21:11:13+0200,3f7e4d3d-8fdb-4ead-ba3f-db913921b078,2026-05-10T19:45:00Z,2026-05-10T21:45:00+0200,66.75,EUR/MWh,FR,FR,day_ahead_price,value,2026-05-23T19:12:02Z
2026-05-23T19:11:13Z,2026-05-23T21:11:13+0200,3f7e4d3d-8fdb-4ead-ba3f-db913921b078,2026-05-10T20:00:00Z,2026-05-10T22:00:00+0200,88.04,EUR/MWh,FR,FR,day_ahead_price,value,2026-05-23T19:12:02Z
2026-05-23T19:11:13Z,2026-05-23T21:11:13+0200,3f7e4d3d-8fdb-4ead-ba3f-db913921b078,2026-05-10T20:15:00Z,2026-05-10T22:15:00+0200,78.67,EUR/MWh,FR,FR,day_ahead_price,value,2026-05-23T19:12:02Z
2026-05-23T19:11:13Z,2026-05-23T21:11:13+0200,3f7e4d3d-8fdb-4ead-ba3f-db913921b078,2026-05-10T20:30:00Z,2026-05-10T22:30:00+0200,94.37,EUR/MWh,FR,FR,day_ahead_price,value,2026-05-23T19:12:02Z
2026-05-23T19:11:13Z,2026-05-23T21:11:13+0200,3f7e4d3d-8fdb-4ead-ba3f-db913921b078,2026-05-10T20:45:00Z,2026-05-10T22:45:00+0200,83.78,EUR/MWh,FR,FR,day_ahead_price,value,2026-05-23T19:12:02Z
2026-05-23T19:11:13Z,2026-05-23T21:11:13+0200,3f7e4d3d-8fdb-4ead-ba3f-db913921b078,2026-05-10T21:00:00Z,2026-05-10T23:00:00+0200,71.6,EUR/MWh,FR,FR,day_ahead_price,value,2026-05-23T19:12:02Z
2026-05-23T19:11:13Z,2026-05-23T21:11:13+0200,3f7e4d3d-8fdb-4ead-ba3f-db913921b078,2026-05-10T21:15:00Z,2026-05-10T23:15:00+0200,60.74,EUR/MWh,FR,FR,day_ahead_price,value,2026-05-23T19:12:02Z
2026-05-23T19:11:13Z,2026-05-23T21:11:13+0200,3f7e4d3d-8fdb-4ead-ba3f-db913921b078,2026-05-10T21:30:00Z,2026-05-10T23:30:00+0200,66.71,EUR/MWh,FR,FR,day_ahead_price,value,2026-05-23T19:12:02Z
2026-05-23T19:11:13Z,2026-05-23T21:11:13+0200,3f7e4d3d-8fdb-4ead-ba3f-db913921b078,2026-05-10T21:45:00Z,2026-05-10T23:45:00+0200,63.74,EUR/MWh,FR,FR,day_ahead_price,value,2026-05-23T19:12:02Z
2026-05-23T19:11:13Z,2026-05-23T21:11:13+0200,3f7e4d3d-8fdb-4ead-ba3f-db913921b078,2026-05-10T22:00:00Z,2026-05-11T00:00:00+0200,61.94,EUR/MWh,FR,FR,day_ahead_price,value,2026-05-23T19:12:02Z
2026-05-23T19:11:13Z,2026-05-23T21:11:13+0200,3f7e4d3d-8fdb-4ead-ba3f-db913921b078,2026-05-10T22:15:00Z,2026-05-11T00:15:00+0200,7.14,EUR/MWh,FR,FR,day_ahead_price,value,2026-05-23T19:12:02Z
2026-05-23T19:11:13Z,2026-05-23T21:11:13+0200,3f7e4d3d-8fdb-4ead-ba3f-db913921b078,2026-05-10T22:30:00Z,2026-05-11T00:30:00+0200,8.96,EUR/MWh,FR,FR,day_ahead_price,value,2026-05-23T19:12:02Z
2026-05-23T19:11:13Z,2026-05-23T21:11:13+0200,3f7e4d3d-8fdb-4ead-ba3f-db913921b078,2026-05-10T22:45:00Z,2026-05-11T00:45:00+0200,0.0,EUR/MWh,FR,FR,day_ahead_price,value,2026-05-23T19:12:02Z
2026-05-23T19:11:13Z,2026-05-23T21:11:13+0200,3f7e4d3d-8fdb-4ead-ba3f-db913921b078,2026-05-10T23:00:00Z,2026-05-11T01:00:00+0200,44.07,EUR/MWh,FR,FR,day_ahead_price,value,2026-05-23T19:12:02Z
2026-05-23T19:11:13Z,2026-05-23T21:11:13+0200,3f7e4d3d-8fdb-4ead-ba3f-db913921b078,2026-05-10T23:15:00Z,2026-05-11T01:15:00+0200,32.08,EUR/MWh,FR,FR,day_ahead_price,value,2026-05-23T19:12:02Z
2026-05-23T19:11:13Z,2026-05-23T21:11:13+0200,3f7e4d3d-8fdb-4ead-ba3f-db913921b078,2026-05-10T23:30:00Z,2026-05-11T01:30:00+0200,34.64,EUR/MWh,FR,FR,day_ahead_price,value,2026-05-23T19:12:02Z
2026-05-23T19:11:13Z,2026-05-23T21:11:13+0200,3f7e4d3d-8fdb-4ead-ba3f-db913921b078,2026-05-10T23:45:00Z,2026-05-11T01:45:00+0200,19.6,EUR/MWh,FR,FR,day_ahead_price,value,2026-05-23T19:12:02Z
2026-05-23T19:11:13Z,2026-05-23T21:11:13+0200,3f7e4d3d-8fdb-4ead-ba3f-db913921b078,2026-05-11T00:00:00Z,2026-05-11T02:00:00+0200,18.47,EUR/MWh,FR,FR,day_ahead_price,value,2026-05-23T19:12:02Z
2026-05-23T19:11:13Z,2026-05-23T21:11:13+0200,3f7e4d3d-8fdb-4ead-ba3f-db913921b078,2026-05-11T00:15:00Z,2026-05-11T02:15:00+0200,13.78,EUR/MWh,FR,FR,day_ahead_price,value,2026-05-23T19:12:02Z
2026-05-23T19:11:13Z,2026-05-23T21:11:13+0200,3f7e4d3d-8fdb-4ead-ba3f-db913921b078,2026-05-11T00:30:00Z,2026-05-11T02:30:00+0200,8.0,EUR/MWh,FR,FR,day_ahead_price,value,2026-05-23T19:12:02Z
2026-05-23T19:11:13Z,2026-05-23T21:11:13+0200,3f7e4d3d-8fdb-4ead-ba3f-db913921b078,2026-05-11T00:45:00Z,2026-05-11T02:45:00+0200,29.1,EUR/MWh,FR,FR,day_ahead_price,value,2026-05-23T19:12:02Z
2026-05-23T19:11:13Z,2026-05-23T21:11:13+0200,3f7e4d3d-8fdb-4ead-ba3f-db913921b078,2026-05-11T01:00:00Z,2026-05-11T03:00:00+0200,6.8,EUR/MWh,FR,FR,day_ahead_price,value,2026-05-23T19:12:02Z
2026-05-23T19:11:13Z,2026-05-23T21:11:13+0200,3f7e4d3d-8fdb-4ead-ba3f-db913921b078,2026-05-11T01:15:00Z,2026-05-11T03:15:00+0200,0.02,EUR/MWh,FR,FR,day_ahead_price,value,2026-05-23T19:12:02Z
2026-05-23T19:11:13Z,2026-05-23T21:11:13+0200,3f7e4d3d-8fdb-4ead-ba3f-db913921b078,2026-05-11T01:30:00Z,2026-05-11T03:30:00+0200,0.0,EUR/MWh,FR,FR,day_ahead_price,value,2026-05-23T19:12:02Z
2026-05-23T19:11:13Z,2026-05-23T21:11:13+0200,3f7e4d3d-8fdb-4ead-ba3f-db913921b078,2026-05-11T01:45:00Z,2026-05-11T03:45:00+0200,0.0,EUR/MWh,FR,FR,day_ahead_price,value,2026-05-23T19:12:02Z
2026-05-23T19:11:13Z,2026-05-23T21:11:13+0200,3f7e4d3d-8fdb-4ead-ba3f-db913921b078,2026-05-11T02:00:00Z,2026-05-11T04:00:00+0200,11.54,EUR/MWh,FR,FR,day_ahead_price,value,2026-05-23T19:12:02Z
2026-05-23T19:11:13Z,2026-05-23T21:11:13+0200,3f7e4d3d-8fdb-4ead-ba3f-db913921b078,2026-05-11T02:15:00Z,2026-05-11T04:15:00+0200,14.01,EUR/MWh,FR,FR,day_ahead_price,value,2026-05-23T19:12:02Z
2026-05-23T19:11:13Z,2026-05-23T21:11:13+0200,3f7e4d3d-8fdb-4ead-ba3f-db913921b078,2026-05-11T02:30:00Z,2026-05-11T04:30:00+0200,19.96,EUR/MWh,FR,FR,day_ahead_price,value,2026-05-23T19:12:02Z
2026-05-23T19:11:13Z,2026-05-23T21:11:13+0200,3f7e4d3d-8fdb-4ead-ba3f-db913921b078,2026-05-11T02:45:00Z,2026-05-11T04:45:00+0200,14.48,EUR/MWh,FR,FR,day_ahead_price,value,2026-05-23T19:12:02Z
2026-05-23T19:11:13Z,2026-05-23T21:11:13+0200,3f7e4d3d-8fdb-4ead-ba3f-db913921b078,2026-05-11T03:00:00Z,2026-05-11T05:00:00+0200,15.06,EUR/MWh,FR,FR,day_ahead_price,value,2026-05-23T19:12:02Z
2026-05-23T19:11:13Z,2026-05-23T21:11:13+0200,3f7e4d3d-8fdb-4ead-ba3f-db913921b078,2026-05-11T03:15:00Z,2026-05-11T05:15:00+0200,18.49,EUR/MWh,FR,FR,day_ahead_price,value,2026-05-23T19:12:02Z
2026-05-23T19:11:13Z,2026-05-23T21:11:13+0200,3f7e4d3d-8fdb-4ead-ba3f-db913921b078,2026-05-11T03:30:00Z,2026-05-11T05:30:00+0200,1.8,EUR/MWh,FR,FR,day_ahead_price,value,2026-05-23T19:12:02Z
2026-05-23T19:11:13Z,2026-05-23T21:11:13+0200,3f7e4d3d-8fdb-4ead-ba3f-db913921b078,2026-05-11T03:45:00Z,2026-05-11T05:45:00+0200,18.27,EUR/MWh,FR,FR,day_ahead_price,value,2026-05-23T19:12:02Z
2026-05-23T19:11:13Z,2026-05-23T21:11:13+0200,3f7e4d3d-8fdb-4ead-ba3f-db913921b078,2026-05-11T04:00:00Z,2026-05-11T06:00:00+0200,10.69,EUR/MWh,FR,FR,day_ahead_price,value,2026-05-23T19:12:02Z
2026-05-23T19:11:13Z,2026-05-23T21:11:13+0200,3f7e4d3d-8fdb-4ead-ba3f-db913921b078,2026-05-11T04:15:00Z,2026-05-11T06:15:00+0200,33.6,EUR/MWh,FR,FR,day_ahead_price,value,2026-05-23T19:12:02Z
2026-05-23T19:11:13Z,2026-05-23T21:11:13+0200,3f7e4d3d-8fdb-4ead-ba3f-db913921b078,2026-05-11T04:30:00Z,2026-05-11T06:30:00+0200,34.08,EUR/MWh,FR,FR,day_ahead_price,value,2026-05-23T19:12:02Z
2026-05-23T19:11:13Z,2026-05-23T21:11:13+0200,3f7e4d3d-8fdb-4ead-ba3f-db913921b078,2026-05-11T04:45:00Z,2026-05-11T06:45:00+0200,50.15,EUR/MWh,FR,FR,day_ahead_price,value,2026-05-23T19:12:02Z
2026-05-23T19:11:13Z,2026-05-23T21:11:13+0200,3f7e4d3d-8fdb-4ead-ba3f-db913921b078,2026-05-11T05:00:00Z,2026-05-11T07:00:00+0200,39.04,EUR/MWh,FR,FR,day_ahead_price,value,2026-05-23T19:12:02Z
2026-05-23T19:11:13Z,2026-05-23T21:11:13+0200,3f7e4d3d-8fdb-4ead-ba3f-db913921b078,2026-05-11T05:15:00Z,2026-05-11T07:15:00+0200,42.94,EUR/MWh,FR,FR,day_ahead_price,value,2026-05-23T19:12:02Z
2026-05-23T19:11:13Z,2026-05-23T21:11:13+0200,3f7e4d3d-8fdb-4ead-ba3f-db913921b078,2026-05-11T05:30:00Z,2026-05-11T07:30:00+0200,69.14,EUR/MWh,FR,FR,day_ahead_price,value,2026-05-23T19:12:02Z
2026-05-23T19:11:13Z,2026-05-23T21:11:13+0200,3f7e4d3d-8fdb-4ead-ba3f-db913921b078,2026-05-11T05:45:00Z,2026-05-11T07:45:00+0200,57.8,EUR/MWh,FR,FR,day_ahead_price,value,2026-05-23T19:12:02Z
2026-05-23T19:11:13Z,2026-05-23T21:11:13+0200,3f7e4d3d-8fdb-4ead-ba3f-db913921b078,2026-05-11T06:00:00Z,2026-05-11T08:00:00+0200,87.79,EUR/MWh,FR,FR,day_ahead_price,value,2026-05-23T19:12:02Z
2026-05-23T19:11:13Z,2026-05-23T21:11:13+0200,3f7e4d3d-8fdb-4ead-ba3f-db913921b078,2026-05-11T06:15:00Z,2026-05-11T08:15:00+0200,66.71,EUR/MWh,FR,FR,day_ahead_price,value,2026-05-23T19:12:02Z
2026-05-23T19:11:13Z,2026-05-23T21:11:13+0200,3f7e4d3d-8fdb-4ead-ba3f-db913921b078,2026-05-11T06:30:00Z,2026-05-11T08:30:00+0200,59.78,EUR/MWh,FR,FR,day_ahead_price,value,2026-05-23T19:12:02Z
2026-05-23T19:11:13Z,2026-05-23T21:11:13+0200,3f7e4d3d-8fdb-4ead-ba3f-db913921b078,2026-05-11T06:45:00Z,2026-05-11T08:45:00+0200,45.0,EUR/MWh,FR,FR,day_ahead_price,value,2026-05-23T19:12:02Z
2026-05-23T19:11:13Z,2026-05-23T21:11:13+0200,3f7e4d3d-8fdb-4ead-ba3f-db913921b078,2026-05-11T07:00:00Z,2026-05-11T09:00:00+0200,58.6,EUR/MWh,FR,FR,day_ahead_price,value,2026-05-23T19:12:02Z
2026-05-23T19:11:13Z,2026-05-23T21:11:13+0200,3f7e4d3d-8fdb-4ead-ba3f-db913921b078,2026-05-11T07:15:00Z,2026-05-11T09:15:00+0200,31.31,EUR/MWh,FR,FR,day_ahead_price,value,2026-05-23T19:12:02Z
2026-05-23T19:11:13Z,2026-05-23T21:11:13+0200,3f7e4d3d-8fdb-4ead-ba3f-db913921b078,2026-05-11T07:30:00Z,2026-05-11T09:30:00+0200,25.1,EUR/MWh,FR,FR,day_ahead_price,value,2026-05-23T19:12:02Z
2026-05-23T19:11:13Z,2026-05-23T21:11:13+0200,3f7e4d3d-8fdb-4ead-ba3f-db913921b078,2026-05-11T07:45:00Z,2026-05-11T09:45:00+0200,20.0,EUR/MWh,FR,FR,day_ahead_price,value,2026-05-23T19:12:02Z
2026-05-23T19:11:13Z,2026-05-23T21:11:13+0200,3f7e4d3d-8fdb-4ead-ba3f-db913921b078,2026-05-11T08:00:00Z,2026-05-11T10:00:00+0200,23.45,EUR/MWh,FR,FR,day_ahead_price,value,2026-05-23T19:12:02Z
2026-05-23T19:11:13Z,2026-05-23T21:11:13+0200,3f7e4d3d-8fdb-4ead-ba3f-db913921b078,2026-05-11T08:15:00Z,2026-05-11T10:15:00+0200,17.76,EUR/MWh,FR,FR,day_ahead_price,value,2026-05-23T19:12:02Z
2026-05-23T19:11:13Z,2026-05-23T21:11:13+0200,3f7e4d3d-8fdb-4ead-ba3f-db913921b078,2026-05-11T08:30:00Z,2026-05-11T10:30:00+0200,16.28,EUR/MWh,FR,FR,day_ahead_price,value,2026-05-23T19:12:02Z
2026-05-23T19:11:13Z,2026-05-23T21:11:13+0200,3f7e4d3d-8fdb-4ead-ba3f-db913921b078,2026-05-11T08:45:00Z,2026-05-11T10:45:00+0200,10.49,EUR/MWh,FR,FR,day_ahead_price,value,2026-05-23T19:12:02Z
2026-05-23T19:11:13Z,2026-05-23T21:11:13+0200,3f7e4d3d-8fdb-4ead-ba3f-db913921b078,2026-05-11T09:00:00Z,2026-05-11T11:00:00+0200,6.0,EUR/MWh,FR,FR,day_ahead_price,value,2026-05-23T19:12:02Z
2026-05-23T19:11:13Z,2026-05-23T21:11:13+0200,3f7e4d3d-8fdb-4ead-ba3f-db913921b078,2026-05-11T09:15:00Z,2026-05-11T11:15:00+0200,5.0,EUR/MWh,FR,FR,day_ahead_price,value,2026-05-23T19:12:02Z
2026-05-23T19:11:13Z,2026-05-23T21:11:13+0200,3f7e4d3d-8fdb-4ead-ba3f-db913921b078,2026-05-11T09:30:00Z,2026-05-11T11:30:00+0200,3.08,EUR/MWh,FR,FR,day_ahead_price,value,2026-05-23T19:12:02Z
2026-05-23T19:11:13Z,2026-05-23T21:11:13+0200,3f7e4d3d-8fdb-4ead-ba3f-db913921b078,2026-05-11T09:45:00Z,2026-05-11T11:45:00+0200,2.5,EUR/MWh,FR,FR,day_ahead_price,value,2026-05-23T19:12:02Z
2026-05-23T19:11:13Z,2026-05-23T21:11:13+0200,3f7e4d3d-8fdb-4ead-ba3f-db913921b078,2026-05-11T10:00:00Z,2026-05-11T12:00:00+0200,6.74,EUR/MWh,FR,FR,day_ahead_price,value,2026-05-23T19:12:02Z
2026-05-23T19:11:13Z,2026-05-23T21:11:13+0200,3f7e4d3d-8fdb-4ead-ba3f-db913921b078,2026-05-11T10:15:00Z,2026-05-11T12:15:00+0200,3.08,EUR/MWh,FR,FR,day_ahead_price,value,2026-05-23T19:12:02Z
2026-05-23T19:11:13Z,2026-05-23T21:11:13+0200,3f7e4d3d-8fdb-4ead-ba3f-db913921b078,2026-05-11T10:30:00Z,2026-05-11T12:30:00+0200,3.0,EUR/MWh,FR,FR,day_ahead_price,value,2026-05-23T19:12:02Z
2026-05-23T19:11:13Z,2026-05-23T21:11:13+0200,3f7e4d3d-8fdb-4ead-ba3f-db913921b078,2026-05-11T10:45:00Z,2026-05-11T12:45:00+0200,2.5,EUR/MWh,FR,FR,day_ahead_price,value,2026-05-23T19:12:02Z
2026-05-23T19:11:13Z,2026-05-23T21:11:13+0200,3f7e4d3d-8fdb-4ead-ba3f-db913921b078,2026-05-11T11:00:00Z,2026-05-11T13:00:00+0200,1.5,EUR/MWh,FR,FR,day_ahead_price,value,2026-05-23T19:12:02Z
2026-05-23T19:11:13Z,2026-05-23T21:11:13+0200,3f7e4d3d-8fdb-4ead-ba3f-db913921b078,2026-05-11T11:15:00Z,2026-05-11T13:15:00+0200,1.25,EUR/MWh,FR,FR,day_ahead_price,value,2026-05-23T19:12:02Z
2026-05-23T19:11:13Z,2026-05-23T21:11:13+0200,3f7e4d3d-8fdb-4ead-ba3f-db913921b078,2026-05-11T11:30:00Z,2026-05-11T13:30:00+0200,1.25,EUR/MWh,FR,FR,day_ahead_price,value,2026-05-23T19:12:02Z
2026-05-23T19:11:13Z,2026-05-23T21:11:13+0200,3f7e4d3d-8fdb-4ead-ba3f-db913921b078,2026-05-11T11:45:00Z,2026-05-11T13:45:00+0200,1.1,EUR/MWh,FR,FR,day_ahead_price,value,2026-05-23T19:12:02Z
2026-05-23T19:11:13Z,2026-05-23T21:11:13+0200,3f7e4d3d-8fdb-4ead-ba3f-db913921b078,2026-05-11T12:00:00Z,2026-05-11T14:00:00+0200,1.5,EUR/MWh,FR,FR,day_ahead_price,value,2026-05-23T19:12:02Z
2026-05-23T19:11:13Z,2026-05-23T21:11:13+0200,3f7e4d3d-8fdb-4ead-ba3f-db913921b078,2026-05-11T12:15:00Z,2026-05-11T14:15:00+0200,1.43,EUR/MWh,FR,FR,day_ahead_price,value,2026-05-23T19:12:02Z
2026-05-23T19:11:13Z,2026-05-23T21:11:13+0200,3f7e4d3d-8fdb-4ead-ba3f-db913921b078,2026-05-11T12:30:00Z,2026-05-11T14:30:00+0200,1.1,EUR/MWh,FR,FR,day_ahead_price,value,2026-05-23T19:12:02Z
2026-05-23T19:11:13Z,2026-05-23T21:11:13+0200,3f7e4d3d-8fdb-4ead-ba3f-db913921b078,2026-05-11T12:45:00Z,2026-05-11T14:45:00+0200,1.0,EUR/MWh,FR,FR,day_ahead_price,value,2026-05-23T19:12:02Z
2026-05-23T19:11:13Z,2026-05-23T21:11:13+0200,3f7e4d3d-8fdb-4ead-ba3f-db913921b078,2026-05-11T13:00:00Z,2026-05-11T15:00:00+0200,0.84,EUR/MWh,FR,FR,day_ahead_price,value,2026-05-23T19:12:02Z
2026-05-23T19:11:13Z,2026-05-23T21:11:13+0200,3f7e4d3d-8fdb-4ead-ba3f-db913921b078,2026-05-11T13:15:00Z,2026-05-11T15:15:00+0200,0.84,EUR/MWh,FR,FR,day_ahead_price,value,2026-05-23T19:12:02Z
2026-05-23T19:11:13Z,2026-05-23T21:11:13+0200,3f7e4d3d-8fdb-4ead-ba3f-db913921b078,2026-05-11T13:30:00Z,2026-05-11T15:30:00+0200,0.51,EUR/MWh,FR,FR,day_ahead_price,value,2026-05-23T19:12:02Z
2026-05-23T19:11:13Z,2026-05-23T21:11:13+0200,3f7e4d3d-8fdb-4ead-ba3f-db913921b078,2026-05-11T13:45:00Z,2026-05-11T15:45:00+0200,0.51,EUR/MWh,FR,FR,day_ahead_price,value,2026-05-23T19:12:02Z
2026-05-23T19:11:13Z,2026-05-23T21:11:13+0200,3f7e4d3d-8fdb-4ead-ba3f-db913921b078,2026-05-11T14:00:00Z,2026-05-11T16:00:00+0200,0.0,EUR/MWh,FR,FR,day_ahead_price,value,2026-05-23T19:12:02Z
2026-05-23T19:11:13Z,2026-05-23T21:11:13+0200,3f7e4d3d-8fdb-4ead-ba3f-db913921b078,2026-05-11T14:15:00Z,2026-05-11T16:15:00+0200,0.0,EUR/MWh,FR,FR,day_ahead_price,value,2026-05-23T19:12:02Z
2026-05-23T19:11:13Z,2026-05-23T21:11:13+0200,3f7e4d3d-8fdb-4ead-ba3f-db913921b078,2026-05-11T14:30:00Z,2026-05-11T16:30:00+0200,0.0,EUR/MWh,FR,FR,day_ahead_price,value,2026-05-23T19:12:02Z
2026-05-23T19:11:13Z,2026-05-23T21:11:13+0200,3f7e4d3d-8fdb-4ead-ba3f-db913921b078,2026-05-11T14:45:00Z,2026-05-11T16:45:00+0200,0.51,EUR/MWh,FR,FR,day_ahead_price,value,2026-05-23T19:12:02Z
2026-05-23T19:11:13Z,2026-05-23T21:11:13+0200,3f7e4d3d-8fdb-4ead-ba3f-db913921b078,2026-05-11T15:00:00Z,2026-05-11T17:00:00+0200,0.84,EUR/MWh,FR,FR,day_ahead_price,value,2026-05-23T19:12:02Z
2026-05-23T19:11:13Z,2026-05-23T21:11:13+0200,3f7e4d3d-8fdb-4ead-ba3f-db913921b078,2026-05-11T15:15:00Z,2026-05-11T17:15:00+0200,0.84,EUR/MWh,FR,FR,day_ahead_price,value,2026-05-23T19:12:02Z
2026-05-23T19:11:13Z,2026-05-23T21:11:13+0200,3f7e4d3d-8fdb-4ead-ba3f-db913921b078,2026-05-11T15:30:00Z,2026-05-11T17:30:00+0200,1.1,EUR/MWh,FR,FR,day_ahead_price,value,2026-05-23T19:12:02Z
2026-05-23T19:11:13Z,2026-05-23T21:11:13+0200,3f7e4d3d-8fdb-4ead-ba3f-db913921b078,2026-05-11T15:45:00Z,2026-05-11T17:45:00+0200,2.0,EUR/MWh,FR,FR,day_ahead_price,value,2026-05-23T19:12:02Z
2026-05-23T19:11:13Z,2026-05-23T21:11:13+0200,3f7e4d3d-8fdb-4ead-ba3f-db913921b078,2026-05-11T16:00:00Z,2026-05-11T18:00:00+0200,2.0,EUR/MWh,FR,FR,day_ahead_price,value,2026-05-23T19:12:02Z
2026-05-23T19:11:13Z,2026-05-23T21:11:13+0200,3f7e4d3d-8fdb-4ead-ba3f-db913921b078,2026-05-11T16:15:00Z,2026-05-11T18:15:00+0200,17.76,EUR/MWh,FR,FR,day_ahead_price,value,2026-05-23T19:12:02Z
2026-05-23T19:11:13Z,2026-05-23T21:11:13+0200,3f7e4d3d-8fdb-4ead-ba3f-db913921b078,2026-05-11T16:30:00Z,2026-05-11T18:30:00+0200,28.01,EUR/MWh,FR,FR,day_ahead_price,value,2026-05-23T19:12:02Z
2026-05-23T19:11:13Z,2026-05-23T21:11:13+0200,3f7e4d3d-8fdb-4ead-ba3f-db913921b078,2026-05-11T16:45:00Z,2026-05-11T18:45:00+0200,52.29,EUR/MWh,FR,FR,day_ahead_price,value,2026-05-23T19:12:02Z
2026-05-23T19:11:13Z,2026-05-23T21:11:13+0200,3f7e4d3d-8fdb-4ead-ba3f-db913921b078,2026-05-11T17:00:00Z,2026-05-11T19:00:00+0200,53.11,EUR/MWh,FR,FR,day_ahead_price,value,2026-05-23T19:12:02Z
2026-05-23T19:11:13Z,2026-05-23T21:11:13+0200,3f7e4d3d-8fdb-4ead-ba3f-db913921b078,2026-05-11T17:15:00Z,2026-05-11T19:15:00+0200,60.36,EUR/MWh,FR,FR,day_ahead_price,value,2026-05-23T19:12:02Z
2026-05-23T19:11:13Z,2026-05-23T21:11:13+0200,3f7e4d3d-8fdb-4ead-ba3f-db913921b078,2026-05-11T17:30:00Z,2026-05-11T19:30:00+0200,87.73,EUR/MWh,FR,FR,day_ahead_price,value,2026-05-23T19:12:02Z
2026-05-23T19:11:13Z,2026-05-23T21:11:13+0200,3f7e4d3d-8fdb-4ead-ba3f-db913921b078,2026-05-11T17:45:00Z,2026-05-11T19:45:00+0200,108.8,EUR/MWh,FR,FR,day_ahead_price,value,2026-05-23T19:12:02Z
2026-05-23T19:11:13Z,2026-05-23T21:11:13+0200,3f7e4d3d-8fdb-4ead-ba3f-db913921b078,2026-05-11T18:00:00Z,2026-05-11T20:00:00+0200,103.01,EUR/MWh,FR,FR,day_ahead_price,value,2026-05-23T19:12:02Z
2026-05-23T19:11:13Z,2026-05-23T21:11:13+0200,3f7e4d3d-8fdb-4ead-ba3f-db913921b078,2026-05-11T18:15:00Z,2026-05-11T20:15:00+0200,117.35,EUR/MWh,FR,FR,day_ahead_price,value,2026-05-23T19:12:02Z
2026-05-23T19:11:13Z,2026-05-23T21:11:13+0200,3f7e4d3d-8fdb-4ead-ba3f-db913921b078,2026-05-11T18:30:00Z,2026-05-11T20:30:00+0200,127.97,EUR/MWh,FR,FR,day_ahead_price,value,2026-05-23T19:12:02Z
2026-05-23T19:11:13Z,2026-05-23T21:11:13+0200,3f7e4d3d-8fdb-4ead-ba3f-db913921b078,2026-05-11T18:45:00Z,2026-05-11T20:45:00+0200,135.08,EUR/MWh,FR,FR,day_ahead_price,value,2026-05-23T19:12:02Z
2026-05-23T19:11:13Z,2026-05-23T21:11:13+0200,3f7e4d3d-8fdb-4ead-ba3f-db913921b078,2026-05-11T19:00:00Z,2026-05-11T21:00:00+0200,134.18,EUR/MWh,FR,FR,day_ahead_price,value,2026-05-23T19:12:02Z
2026-05-23T19:11:13Z,2026-05-23T21:11:13+0200,3f7e4d3d-8fdb-4ead-ba3f-db913921b078,2026-05-11T19:15:00Z,2026-05-11T21:15:00+0200,129.91,EUR/MWh,FR,FR,day_ahead_price,value,2026-05-23T19:12:02Z
2026-05-23T19:11:13Z,2026-05-23T21:11:13+0200,3f7e4d3d-8fdb-4ead-ba3f-db913921b078,2026-05-11T19:30:00Z,2026-05-11T21:30:00+0200,123.99,EUR/MWh,FR,FR,day_ahead_price,value,2026-05-23T19:12:02Z
2026-05-23T19:11:13Z,2026-05-23T21:11:13+0200,3f7e4d3d-8fdb-4ead-ba3f-db913921b078,2026-05-11T19:45:00Z,2026-05-11T21:45:00+0200,100.9,EUR/MWh,FR,FR,day_ahead_price,value,2026-05-23T19:12:02Z
2026-05-23T19:11:13Z,2026-05-23T21:11:13+0200,3f7e4d3d-8fdb-4ead-ba3f-db913921b078,2026-05-11T20:00:00Z,2026-05-11T22:00:00+0200,126.86,EUR/MWh,FR,FR,day_ahead_price,value,2026-05-23T19:12:02Z
2026-05-23T19:11:13Z,2026-05-23T21:11:13+0200,3f7e4d3d-8fdb-4ead-ba3f-db913921b078,2026-05-11T20:15:00Z,2026-05-11T22:15:00+0200,121.01,EUR/MWh,FR,FR,day_ahead_price,value,2026-05-23T19:12:02Z
2026-05-23T19:11:13Z,2026-05-23T21:11:13+0200,3f7e4d3d-8fdb-4ead-ba3f-db913921b078,2026-05-11T20:30:00Z,2026-05-11T22:30:00+0200,121.86,EUR/MWh,FR,FR,day_ahead_price,value,2026-05-23T19:12:02Z
2026-05-23T19:11:13Z,2026-05-23T21:11:13+0200,3f7e4d3d-8fdb-4ead-ba3f-db913921b078,2026-05-11T20:45:00Z,2026-05-11T22:45:00+0200,113.68,EUR/MWh,FR,FR,day_ahead_price,value,2026-05-23T19:12:02Z
2026-05-23T19:11:13Z,2026-05-23T21:11:13+0200,3f7e4d3d-8fdb-4ead-ba3f-db913921b078,2026-05-11T21:00:00Z,2026-05-11T23:00:00+0200,119.35,EUR/MWh,FR,FR,day_ahead_price,value,2026-05-23T19:12:02Z
2026-05-23T19:11:13Z,2026-05-23T21:11:13+0200,3f7e4d3d-8fdb-4ead-ba3f-db913921b078,2026-05-11T21:15:00Z,2026-05-11T23:15:00+0200,108.8,EUR/MWh,FR,FR,day_ahead_price,value,2026-05-23T19:12:02Z
2026-05-23T19:11:13Z,2026-05-23T21:11:13+0200,3f7e4d3d-8fdb-4ead-ba3f-db913921b078,2026-05-11T21:30:00Z,2026-05-11T23:30:00+0200,108.3,EUR/MWh,FR,FR,day_ahead_price,value,2026-05-23T19:12:02Z
2026-05-23T19:11:13Z,2026-05-23T21:11:13+0200,3f7e4d3d-8fdb-4ead-ba3f-db913921b078,2026-05-11T21:45:00Z,2026-05-11T23:45:00+0200,102.95,EUR/MWh,FR,FR,day_ahead_price,value,2026-05-23T19:12:02Z
2026-05-23T19:11:13Z,2026-05-23T21:11:13+0200,3f7e4d3d-8fdb-4ead-ba3f-db913921b078,2026-05-11T22:00:00Z,2026-05-12T00:00:00+0200,106.33,EUR/MWh,FR,FR,day_ahead_price,value,2026-05-23T19:12:02Z
2026-05-23T19:11:13Z,2026-05-23T21:11:13+0200,3f7e4d3d-8fdb-4ead-ba3f-db913921b078,2026-05-11T22:15:00Z,2026-05-12T00:15:00+0200,101.38,EUR/MWh,FR,FR,day_ahead_price,value,2026-05-23T19:12:02Z
2026-05-23T19:11:13Z,2026-05-23T21:11:13+0200,3f7e4d3d-8fdb-4ead-ba3f-db913921b078,2026-05-11T22:30:00Z,2026-05-12T00:30:00+0200,97.21,EUR/MWh,FR,FR,day_ahead_price,value,2026-05-23T19:12:02Z
2026-05-23T19:11:13Z,2026-05-23T21:11:13+0200,3f7e4d3d-8fdb-4ead-ba3f-db913921b078,2026-05-11T22:45:00Z,2026-05-12T00:45:00+0200,92.44,EUR/MWh,FR,FR,day_ahead_price,value,2026-05-23T19:12:02Z
2026-05-23T19:11:13Z,2026-05-23T21:11:13+0200,3f7e4d3d-8fdb-4ead-ba3f-db913921b078,2026-05-11T23:00:00Z,2026-05-12T01:00:00+0200,96.0,EUR/MWh,FR,FR,day_ahead_price,value,2026-05-23T19:12:02Z
2026-05-23T19:11:13Z,2026-05-23T21:11:13+0200,3f7e4d3d-8fdb-4ead-ba3f-db913921b078,2026-05-11T23:15:00Z,2026-05-12T01:15:00+0200,88.76,EUR/MWh,FR,FR,day_ahead_price,value,2026-05-23T19:12:02Z
2026-05-23T19:11:13Z,2026-05-23T21:11:13+0200,3f7e4d3d-8fdb-4ead-ba3f-db913921b078,2026-05-11T23:30:00Z,2026-05-12T01:30:00+0200,93.01,EUR/MWh,FR,FR,day_ahead_price,value,2026-05-23T19:12:02Z
2026-05-23T19:11:13Z,2026-05-23T21:11:13+0200,3f7e4d3d-8fdb-4ead-ba3f-db913921b078,2026-05-11T23:45:00Z,2026-05-12T01:45:00+0200,65.01,EUR/MWh,FR,FR,day_ahead_price,value,2026-05-23T19:12:02Z
2026-05-23T19:11:13Z,2026-05-23T21:11:13+0200,3f7e4d3d-8fdb-4ead-ba3f-db913921b078,2026-05-12T00:00:00Z,2026-05-12T02:00:00+0200,71.5,EUR/MWh,FR,FR,day_ahead_price,value,2026-05-23T19:12:02Z
2026-05-23T19:11:13Z,2026-05-23T21:11:13+0200,3f7e4d3d-8fdb-4ead-ba3f-db913921b078,2026-05-12T00:15:00Z,2026-05-12T02:15:00+0200,91.22,EUR/MWh,FR,FR,day_ahead_price,value,2026-05-23T19:12:02Z
2026-05-23T19:11:13Z,2026-05-23T21:11:13+0200,3f7e4d3d-8fdb-4ead-ba3f-db913921b078,2026-05-12T00:30:00Z,2026-05-12T02:30:00+0200,67.8,EUR/MWh,FR,FR,day_ahead_price,value,2026-05-23T19:12:02Z
2026-05-23T19:11:13Z,2026-05-23T21:11:13+0200,3f7e4d3d-8fdb-4ead-ba3f-db913921b078,2026-05-12T00:45:00Z,2026-05-12T02:45:00+0200,26.6,EUR/MWh,FR,FR,day_ahead_price,value,2026-05-23T19:12:02Z
2026-05-23T19:11:13Z,2026-05-23T21:11:13+0200,3f7e4d3d-8fdb-4ead-ba3f-db913921b078,2026-05-12T01:00:00Z,2026-05-12T03:00:00+0200,80.2,EUR/MWh,FR,FR,day_ahead_price,value,2026-05-23T19:12:02Z
2026-05-23T19:11:13Z,2026-05-23T21:11:13+0200,3f7e4d3d-8fdb-4ead-ba3f-db913921b078,2026-05-12T01:15:00Z,2026-05-12T03:15:00+0200,60.28,EUR/MWh,FR,FR,day_ahead_price,value,2026-05-23T19:12:02Z
2026-05-23T19:11:13Z,2026-05-23T21:11:13+0200,3f7e4d3d-8fdb-4ead-ba3f-db913921b078,2026-05-12T01:30:00Z,2026-05-12T03:30:00+0200,57.8,EUR/MWh,FR,FR,day_ahead_price,value,2026-05-23T19:12:02Z
2026-05-23T19:11:13Z,2026-05-23T21:11:13+0200,3f7e4d3d-8fdb-4ead-ba3f-db913921b078,2026-05-12T01:45:00Z,2026-05-12T03:45:00+0200,79.61,EUR/MWh,FR,FR,day_ahead_price,value,2026-05-23T19:12:02Z
2026-05-23T19:11:13Z,2026-05-23T21:11:13+0200,3f7e4d3d-8fdb-4ead-ba3f-db913921b078,2026-05-12T02:00:00Z,2026-05-12T04:00:00+0200,80.0,EUR/MWh,FR,FR,day_ahead_price,value,2026-05-23T19:12:02Z
2026-05-23T19:11:13Z,2026-05-23T21:11:13+0200,3f7e4d3d-8fdb-4ead-ba3f-db913921b078,2026-05-12T02:15:00Z,2026-05-12T04:15:00+0200,89.16,EUR/MWh,FR,FR,day_ahead_price,value,2026-05-23T19:12:02Z
2026-05-23T19:11:13Z,2026-05-23T21:11:13+0200,3f7e4d3d-8fdb-4ead-ba3f-db913921b078,2026-05-12T02:30:00Z,2026-05-12T04:30:00+0200,90.59,EUR/MWh,FR,FR,day_ahead_price,value,2026-05-23T19:12:02Z
2026-05-23T19:11:13Z,2026-05-23T21:11:13+0200,3f7e4d3d-8fdb-4ead-ba3f-db913921b078,2026-05-12T02:45:00Z,2026-05-12T04:45:00+0200,67.01,EUR/MWh,FR,FR,day_ahead_price,value,2026-05-23T19:12:02Z
2026-05-23T19:11:13Z,2026-05-23T21:11:13+0200,3f7e4d3d-8fdb-4ead-ba3f-db913921b078,2026-05-12T03:00:00Z,2026-05-12T05:00:00+0200,84.02,EUR/MWh,FR,FR,day_ahead_price,value,2026-05-23T19:12:02Z
2026-05-23T19:11:13Z,2026-05-23T21:11:13+0200,3f7e4d3d-8fdb-4ead-ba3f-db913921b078,2026-05-12T03:15:00Z,2026-05-12T05:15:00+0200,87.61,EUR/MWh,FR,FR,day_ahead_price,value,2026-05-23T19:12:02Z
2026-05-23T19:11:13Z,2026-05-23T21:11:13+0200,3f7e4d3d-8fdb-4ead-ba3f-db913921b078,2026-05-12T03:30:00Z,2026-05-12T05:30:00+0200,91.57,EUR/MWh,FR,FR,day_ahead_price,value,2026-05-23T19:12:02Z
2026-05-23T19:11:13Z,2026-05-23T21:11:13+0200,3f7e4d3d-8fdb-4ead-ba3f-db913921b078,2026-05-12T03:45:00Z,2026-05-12T05:45:00+0200,92.2,EUR/MWh,FR,FR,day_ahead_price,value,2026-05-23T19:12:02Z
2026-05-23T19:11:13Z,2026-05-23T21:11:13+0200,3f7e4d3d-8fdb-4ead-ba3f-db913921b078,2026-05-12T04:00:00Z,2026-05-12T06:00:00+0200,98.46,EUR/MWh,FR,FR,day_ahead_price,value,2026-05-23T19:12:02Z
2026-05-23T19:11:13Z,2026-05-23T21:11:13+0200,3f7e4d3d-8fdb-4ead-ba3f-db913921b078,2026-05-12T04:15:00Z,2026-05-12T06:15:00+0200,110.0,EUR/MWh,FR,FR,day_ahead_price,value,2026-05-23T19:12:02Z
2026-05-23T19:11:13Z,2026-05-23T21:11:13+0200,3f7e4d3d-8fdb-4ead-ba3f-db913921b078,2026-05-12T04:30:00Z,2026-05-12T06:30:00+0200,114.17,EUR/MWh,FR,FR,day_ahead_price,value,2026-05-23T19:12:02Z
2026-05-23T19:11:13Z,2026-05-23T21:11:13+0200,3f7e4d3d-8fdb-4ead-ba3f-db913921b078,2026-05-12T04:45:00Z,2026-05-12T06:45:00+0200,119.86,EUR/MWh,FR,FR,day_ahead_price,value,2026-05-23T19:12:02Z
2026-05-23T19:11:13Z,2026-05-23T21:11:13+0200,3f7e4d3d-8fdb-4ead-ba3f-db913921b078,2026-05-12T05:00:00Z,2026-05-12T07:00:00+0200,126.09,EUR/MWh,FR,FR,day_ahead_price,value,2026-05-23T19:12:02Z
2026-05-23T19:11:13Z,2026-05-23T21:11:13+0200,3f7e4d3d-8fdb-4ead-ba3f-db913921b078,2026-05-12T05:15:00Z,2026-05-12T07:15:00+0200,125.01,EUR/MWh,FR,FR,day_ahead_price,value,2026-05-23T19:12:02Z
2026-05-23T19:11:13Z,2026-05-23T21:11:13+0200,3f7e4d3d-8fdb-4ead-ba3f-db913921b078,2026-05-12T05:30:00Z,2026-05-12T07:30:00+0200,122.85,EUR/MWh,FR,FR,day_ahead_price,value,2026-05-23T19:12:02Z
2026-05-23T19:11:13Z,2026-05-23T21:11:13+0200,3f7e4d3d-8fdb-4ead-ba3f-db913921b078,2026-05-12T05:45:00Z,2026-05-12T07:45:00+0200,117.0,EUR/MWh,FR,FR,day_ahead_price,value,2026-05-23T19:12:02Z
2026-05-23T19:11:13Z,2026-05-23T21:11:13+0200,3f7e4d3d-8fdb-4ead-ba3f-db913921b078,2026-05-12T06:00:00Z,2026-05-12T08:00:00+0200,125.05,EUR/MWh,FR,FR,day_ahead_price,value,2026-05-23T19:12:02Z
2026-05-23T19:11:13Z,2026-05-23T21:11:13+0200,3f7e4d3d-8fdb-4ead-ba3f-db913921b078,2026-05-12T06:15:00Z,2026-05-12T08:15:00+0200,118.0,EUR/MWh,FR,FR,day_ahead_price,value,2026-05-23T19:12:02Z
2026-05-23T19:11:13Z,2026-05-23T21:11:13+0200,3f7e4d3d-8fdb-4ead-ba3f-db913921b078,2026-05-12T06:30:00Z,2026-05-12T08:30:00+0200,108.53,EUR/MWh,FR,FR,day_ahead_price,value,2026-05-23T19:12:02Z
2026-05-23T19:11:13Z,2026-05-23T21:11:13+0200,3f7e4d3d-8fdb-4ead-ba3f-db913921b078,2026-05-12T06:45:00Z,2026-05-12T08:45:00+0200,97.0,EUR/MWh,FR,FR,day_ahead_price,value,2026-05-23T19:12:02Z
2026-05-23T19:11:13Z,2026-05-23T21:11:13+0200,3f7e4d3d-8fdb-4ead-ba3f-db913921b078,2026-05-12T07:00:00Z,2026-05-12T09:00:00+0200,108.53,EUR/MWh,FR,FR,day_ahead_price,value,2026-05-23T19:12:02Z
2026-05-23T19:11:13Z,2026-05-23T21:11:13+0200,3f7e4d3d-8fdb-4ead-ba3f-db913921b078,2026-05-12T07:15:00Z,2026-05-12T09:15:00+0200,100.0,EUR/MWh,FR,FR,day_ahead_price,value,2026-05-23T19:12:02Z
2026-05-23T19:11:13Z,2026-05-23T21:11:13+0200,3f7e4d3d-8fdb-4ead-ba3f-db913921b078,2026-05-12T07:30:00Z,2026-05-12T09:30:00+0200,92.78,EUR/MWh,FR,FR,day_ahead_price,value,2026-05-23T19:12:02Z
2026-05-23T19:11:13Z,2026-05-23T21:11:13+0200,3f7e4d3d-8fdb-4ead-ba3f-db913921b078,2026-05-12T07:45:00Z,2026-05-12T09:45:00+0200,74.99,EUR/MWh,FR,FR,day_ahead_price,value,2026-05-23T19:12:02Z
2026-05-23T19:11:13Z,2026-05-23T21:11:13+0200,3f7e4d3d-8fdb-4ead-ba3f-db913921b078,2026-05-12T08:00:00Z,2026-05-12T10:00:00+0200,80.72,EUR/MWh,FR,FR,day_ahead_price,value,2026-05-23T19:12:02Z
2026-05-23T19:11:13Z,2026-05-23T21:11:13+0200,3f7e4d3d-8fdb-4ead-ba3f-db913921b078,2026-05-12T08:15:00Z,2026-05-12T10:15:00+0200,47.06,EUR/MWh,FR,FR,day_ahead_price,value,2026-05-23T19:12:02Z
2026-05-23T19:11:13Z,2026-05-23T21:11:13+0200,3f7e4d3d-8fdb-4ead-ba3f-db913921b078,2026-05-12T08:30:00Z,2026-05-12T10:30:00+0200,25.1,EUR/MWh,FR,FR,day_ahead_price,value,2026-05-23T19:12:02Z
2026-05-23T19:11:13Z,2026-05-23T21:11:13+0200,3f7e4d3d-8fdb-4ead-ba3f-db913921b078,2026-05-12T08:45:00Z,2026-05-12T10:45:00+0200,20.84,EUR/MWh,FR,FR,day_ahead_price,value,2026-05-23T19:12:02Z
2026-05-23T19:11:13Z,2026-05-23T21:11:13+0200,3f7e4d3d-8fdb-4ead-ba3f-db913921b078,2026-05-12T09:00:00Z,2026-05-12T11:00:00+0200,22.23,EUR/MWh,FR,FR,day_ahead_price,value,2026-05-23T19:12:02Z
2026-05-23T19:11:13Z,2026-05-23T21:11:13+0200,3f7e4d3d-8fdb-4ead-ba3f-db913921b078,2026-05-12T09:15:00Z,2026-05-12T11:15:00+0200,20.45,EUR/MWh,FR,FR,day_ahead_price,value,2026-05-23T19:12:02Z
2026-05-23T19:11:13Z,2026-05-23T21:11:13+0200,3f7e4d3d-8fdb-4ead-ba3f-db913921b078,2026-05-12T09:30:00Z,2026-05-12T11:30:00+0200,16.39,EUR/MWh,FR,FR,day_ahead_price,value,2026-05-23T19:12:02Z
2026-05-23T19:11:13Z,2026-05-23T21:11:13+0200,3f7e4d3d-8fdb-4ead-ba3f-db913921b078,2026-05-12T09:45:00Z,2026-05-12T11:45:00+0200,16.13,EUR/MWh,FR,FR,day_ahead_price,value,2026-05-23T19:12:02Z
2026-05-23T19:11:13Z,2026-05-23T21:11:13+0200,3f7e4d3d-8fdb-4ead-ba3f-db913921b078,2026-05-12T10:00:00Z,2026-05-12T12:00:00+0200,19.75,EUR/MWh,FR,FR,day_ahead_price,value,2026-05-23T19:12:02Z
2026-05-23T19:11:13Z,2026-05-23T21:11:13+0200,3f7e4d3d-8fdb-4ead-ba3f-db913921b078,2026-05-12T10:15:00Z,2026-05-12T12:15:00+0200,16.13,EUR/MWh,FR,FR,day_ahead_price,value,2026-05-23T19:12:02Z
2026-05-23T19:11:13Z,2026-05-23T21:11:13+0200,3f7e4d3d-8fdb-4ead-ba3f-db913921b078,2026-05-12T10:30:00Z,2026-05-12T12:30:00+0200,15.23,EUR/MWh,FR,FR,day_ahead_price,value,2026-05-23T19:12:02Z
2026-05-23T19:11:13Z,2026-05-23T21:11:13+0200,3f7e4d3d-8fdb-4ead-ba3f-db913921b078,2026-05-12T10:45:00Z,2026-05-12T12:45:00+0200,11.0,EUR/MWh,FR,FR,day_ahead_price,value,2026-05-23T19:12:02Z
2026-05-23T19:11:13Z,2026-05-23T21:11:13+0200,3f7e4d3d-8fdb-4ead-ba3f-db913921b078,2026-05-12T11:00:00Z,2026-05-12T13:00:00+0200,5.41,EUR/MWh,FR,FR,day_ahead_price,value,2026-05-23T19:12:02Z
2026-05-23T19:11:13Z,2026-05-23T21:11:13+0200,3f7e4d3d-8fdb-4ead-ba3f-db913921b078,2026-05-12T11:15:00Z,2026-05-12T13:15:00+0200,3.08,EUR/MWh,FR,FR,day_ahead_price,value,2026-05-23T19:12:02Z
2026-05-23T19:11:13Z,2026-05-23T21:11:13+0200,3f7e4d3d-8fdb-4ead-ba3f-db913921b078,2026-05-12T11:30:00Z,2026-05-12T13:30:00+0200,2.0,EUR/MWh,FR,FR,day_ahead_price,value,2026-05-23T19:12:02Z
2026-05-23T19:11:13Z,2026-05-23T21:11:13+0200,3f7e4d3d-8fdb-4ead-ba3f-db913921b078,2026-05-12T11:45:00Z,2026-05-12T13:45:00+0200,1.2,EUR/MWh,FR,FR,day_ahead_price,value,2026-05-23T19:12:02Z
2026-05-23T19:11:13Z,2026-05-23T21:11:13+0200,3f7e4d3d-8fdb-4ead-ba3f-db913921b078,2026-05-12T12:00:00Z,2026-05-12T14:00:00+0200,1.28,EUR/MWh,FR,FR,day_ahead_price,value,2026-05-23T19:12:02Z
2026-05-23T19:11:13Z,2026-05-23T21:11:13+0200,3f7e4d3d-8fdb-4ead-ba3f-db913921b078,2026-05-12T12:15:00Z,2026-05-12T14:15:00+0200,1.09,EUR/MWh,FR,FR,day_ahead_price,value,2026-05-23T19:12:02Z
2026-05-23T19:11:13Z,2026-05-23T21:11:13+0200,3f7e4d3d-8fdb-4ead-ba3f-db913921b078,2026-05-12T12:30:00Z,2026-05-12T14:30:00+0200,0.84,EUR/MWh,FR,FR,day_ahead_price,value,2026-05-23T19:12:02Z
2026-05-23T19:11:13Z,2026-05-23T21:11:13+0200,3f7e4d3d-8fdb-4ead-ba3f-db913921b078,2026-05-12T12:45:00Z,2026-05-12T14:45:00+0200,0.84,EUR/MWh,FR,FR,day_ahead_price,value,2026-05-23T19:12:02Z
2026-05-23T19:11:13Z,2026-05-23T21:11:13+0200,3f7e4d3d-8fdb-4ead-ba3f-db913921b078,2026-05-12T13:00:00Z,2026-05-12T15:00:00+0200,0.51,EUR/MWh,FR,FR,day_ahead_price,value,2026-05-23T19:12:02Z
2026-05-23T19:11:13Z,2026-05-23T21:11:13+0200,3f7e4d3d-8fdb-4ead-ba3f-db913921b078,2026-05-12T13:15:00Z,2026-05-12T15:15:00+0200,0.51,EUR/MWh,FR,FR,day_ahead_price,value,2026-05-23T19:12:02Z
2026-05-23T19:11:13Z,2026-05-23T21:11:13+0200,3f7e4d3d-8fdb-4ead-ba3f-db913921b078,2026-05-12T13:30:00Z,2026-05-12T15:30:00+0200,0.01,EUR/MWh,FR,FR,day_ahead_price,value,2026-05-23T19:12:02Z
2026-05-23T19:11:13Z,2026-05-23T21:11:13+0200,3f7e4d3d-8fdb-4ead-ba3f-db913921b078,2026-05-12T13:45:00Z,2026-05-12T15:45:00+0200,0.01,EUR/MWh,FR,FR,day_ahead_price,value,2026-05-23T19:12:02Z
2026-05-23T19:11:13Z,2026-05-23T21:11:13+0200,3f7e4d3d-8fdb-4ead-ba3f-db913921b078,2026-05-12T14:00:00Z,2026-05-12T16:00:00+0200,0.0,EUR/MWh,FR,FR,day_ahead_price,value,2026-05-23T19:12:02Z
2026-05-23T19:11:13Z,2026-05-23T21:11:13+0200,3f7e4d3d-8fdb-4ead-ba3f-db913921b078,2026-05-12T14:15:00Z,2026-05-12T16:15:00+0200,0.01,EUR/MWh,FR,FR,day_ahead_price,value,2026-05-23T19:12:02Z
2026-05-23T19:11:13Z,2026-05-23T21:11:13+0200,3f7e4d3d-8fdb-4ead-ba3f-db913921b078,2026-05-12T14:30:00Z,2026-05-12T16:30:00+0200,0.51,EUR/MWh,FR,FR,day_ahead_price,value,2026-05-23T19:12:02Z
2026-05-23T19:11:13Z,2026-05-23T21:11:13+0200,3f7e4d3d-8fdb-4ead-ba3f-db913921b078,2026-05-12T14:45:00Z,2026-05-12T16:45:00+0200,0.65,EUR/MWh,FR,FR,day_ahead_price,value,2026-05-23T19:12:02Z
2026-05-23T19:11:13Z,2026-05-23T21:11:13+0200,3f7e4d3d-8fdb-4ead-ba3f-db913921b078,2026-05-12T15:00:00Z,2026-05-12T17:00:00+0200,0.84,EUR/MWh,FR,FR,day_ahead_price,value,2026-05-23T19:12:02Z
2026-05-23T19:11:13Z,2026-05-23T21:11:13+0200,3f7e4d3d-8fdb-4ead-ba3f-db913921b078,2026-05-12T15:15:00Z,2026-05-12T17:15:00+0200,1.09,EUR/MWh,FR,FR,day_ahead_price,value,2026-05-23T19:12:02Z
2026-05-23T19:11:13Z,2026-05-23T21:11:13+0200,3f7e4d3d-8fdb-4ead-ba3f-db913921b078,2026-05-12T15:30:00Z,2026-05-12T17:30:00+0200,3.08,EUR/MWh,FR,FR,day_ahead_price,value,2026-05-23T19:12:02Z
2026-05-23T19:11:13Z,2026-05-23T21:11:13+0200,3f7e4d3d-8fdb-4ead-ba3f-db913921b078,2026-05-12T15:45:00Z,2026-05-12T17:45:00+0200,55.37,EUR/MWh,FR,FR,day_ahead_price,value,2026-05-23T19:12:02Z
2026-05-23T19:11:13Z,2026-05-23T21:11:13+0200,3f7e4d3d-8fdb-4ead-ba3f-db913921b078,2026-05-12T16:00:00Z,2026-05-12T18:00:00+0200,33.22,EUR/MWh,FR,FR,day_ahead_price,value,2026-05-23T19:12:02Z
2026-05-23T19:11:13Z,2026-05-23T21:11:13+0200,3f7e4d3d-8fdb-4ead-ba3f-db913921b078,2026-05-12T16:15:00Z,2026-05-12T18:15:00+0200,75.97,EUR/MWh,FR,FR,day_ahead_price,value,2026-05-23T19:12:02Z
2026-05-23T19:11:13Z,2026-05-23T21:11:13+0200,3f7e4d3d-8fdb-4ead-ba3f-db913921b078,2026-05-12T16:30:00Z,2026-05-12T18:30:00+0200,68.5,EUR/MWh,FR,FR,day_ahead_price,value,2026-05-23T19:12:02Z
2026-05-23T19:11:13Z,2026-05-23T21:11:13+0200,3f7e4d3d-8fdb-4ead-ba3f-db913921b078,2026-05-12T16:45:00Z,2026-05-12T18:45:00+0200,118.47,EUR/MWh,FR,FR,day_ahead_price,value,2026-05-23T19:12:02Z
2026-05-23T19:11:13Z,2026-05-23T21:11:13+0200,3f7e4d3d-8fdb-4ead-ba3f-db913921b078,2026-05-12T17:00:00Z,2026-05-12T19:00:00+0200,58.39,EUR/MWh,FR,FR,day_ahead_price,value,2026-05-23T19:12:02Z
2026-05-23T19:11:13Z,2026-05-23T21:11:13+0200,3f7e4d3d-8fdb-4ead-ba3f-db913921b078,2026-05-12T17:15:00Z,2026-05-12T19:15:00+0200,96.13,EUR/MWh,FR,FR,day_ahead_price,value,2026-05-23T19:12:02Z
2026-05-23T19:11:13Z,2026-05-23T21:11:13+0200,3f7e4d3d-8fdb-4ead-ba3f-db913921b078,2026-05-12T17:30:00Z,2026-05-12T19:30:00+0200,137.91,EUR/MWh,FR,FR,day_ahead_price,value,2026-05-23T19:12:02Z
2026-05-23T19:11:13Z,2026-05-23T21:11:13+0200,3f7e4d3d-8fdb-4ead-ba3f-db913921b078,2026-05-12T17:45:00Z,2026-05-12T19:45:00+0200,153.03,EUR/MWh,FR,FR,day_ahead_price,value,2026-05-23T19:12:02Z
2026-05-23T19:11:13Z,2026-05-23T21:11:13+0200,3f7e4d3d-8fdb-4ead-ba3f-db913921b078,2026-05-12T18:00:00Z,2026-05-12T20:00:00+0200,92.78,EUR/MWh,FR,FR,day_ahead_price,value,2026-05-23T19:12:02Z
2026-05-23T19:11:13Z,2026-05-23T21:11:13+0200,3f7e4d3d-8fdb-4ead-ba3f-db913921b078,2026-05-12T18:15:00Z,2026-05-12T20:15:00+0200,104.06,EUR/MWh,FR,FR,day_ahead_price,value,2026-05-23T19:12:02Z
2026-05-23T19:11:13Z,2026-05-23T21:11:13+0200,3f7e4d3d-8fdb-4ead-ba3f-db913921b078,2026-05-12T18:30:00Z,2026-05-12T20:30:00+0200,112.0,EUR/MWh,FR,FR,day_ahead_price,value,2026-05-23T19:12:02Z
2026-05-23T19:11:13Z,2026-05-23T21:11:13+0200,3f7e4d3d-8fdb-4ead-ba3f-db913921b078,2026-05-12T18:45:00Z,2026-05-12T20:45:00+0200,119.6,EUR/MWh,FR,FR,day_ahead_price,value,2026-05-23T19:12:02Z
2026-05-23T19:11:13Z,2026-05-23T21:11:13+0200,3f7e4d3d-8fdb-4ead-ba3f-db913921b078,2026-05-12T19:00:00Z,2026-05-12T21:00:00+0200,121.0,EUR/MWh,FR,FR,day_ahead_price,value,2026-05-23T19:12:02Z
2026-05-23T19:11:13Z,2026-05-23T21:11:13+0200,3f7e4d3d-8fdb-4ead-ba3f-db913921b078,2026-05-12T19:15:00Z,2026-05-12T21:15:00+0200,125.5,EUR/MWh,FR,FR,day_ahead_price,value,2026-05-23T19:12:02Z
2026-05-23T19:11:13Z,2026-05-23T21:11:13+0200,3f7e4d3d-8fdb-4ead-ba3f-db913921b078,2026-05-12T19:30:00Z,2026-05-12T21:30:00+0200,126.04,EUR/MWh,FR,FR,day_ahead_price,value,2026-05-23T19:12:02Z
2026-05-23T19:11:13Z,2026-05-23T21:11:13+0200,3f7e4d3d-8fdb-4ead-ba3f-db913921b078,2026-05-12T19:45:00Z,2026-05-12T21:45:00+0200,121.34,EUR/MWh,FR,FR,day_ahead_price,value,2026-05-23T19:12:02Z
2026-05-23T19:11:13Z,2026-05-23T21:11:13+0200,3f7e4d3d-8fdb-4ead-ba3f-db913921b078,2026-05-12T20:00:00Z,2026-05-12T22:00:00+0200,126.53,EUR/MWh,FR,FR,day_ahead_price,value,2026-05-23T19:12:02Z
2026-05-23T19:11:13Z,2026-05-23T21:11:13+0200,3f7e4d3d-8fdb-4ead-ba3f-db913921b078,2026-05-12T20:15:00Z,2026-05-12T22:15:00+0200,122.09,EUR/MWh,FR,FR,day_ahead_price,value,2026-05-23T19:12:02Z
2026-05-23T19:11:13Z,2026-05-23T21:11:13+0200,3f7e4d3d-8fdb-4ead-ba3f-db913921b078,2026-05-12T20:30:00Z,2026-05-12T22:30:00+0200,121.01,EUR/MWh,FR,FR,day_ahead_price,value,2026-05-23T19:12:02Z
2026-05-23T19:11:13Z,2026-05-23T21:11:13+0200,3f7e4d3d-8fdb-4ead-ba3f-db913921b078,2026-05-12T20:45:00Z,2026-05-12T22:45:00+0200,117.0,EUR/MWh,FR,FR,day_ahead_price,value,2026-05-23T19:12:02Z
2026-05-23T19:11:13Z,2026-05-23T21:11:13+0200,3f7e4d3d-8fdb-4ead-ba3f-db913921b078,2026-05-12T21:00:00Z,2026-05-12T23:00:00+0200,113.06,EUR/MWh,FR,FR,day_ahead_price,value,2026-05-23T19:12:02Z
2026-05-23T19:11:13Z,2026-05-23T21:11:13+0200,3f7e4d3d-8fdb-4ead-ba3f-db913921b078,2026-05-12T21:15:00Z,2026-05-12T23:15:00+0200,108.53,EUR/MWh,FR,FR,day_ahead_price,value,2026-05-23T19:12:02Z
2026-05-23T19:11:13Z,2026-05-23T21:11:13+0200,3f7e4d3d-8fdb-4ead-ba3f-db913921b078,2026-05-12T21:30:00Z,2026-05-12T23:30:00+0200,107.03,EUR/MWh,FR,FR,day_ahead_price,value,2026-05-23T19:12:02Z
2026-05-23T19:11:13Z,2026-05-23T21:11:13+0200,3f7e4d3d-8fdb-4ead-ba3f-db913921b078,2026-05-12T21:45:00Z,2026-05-12T23:45:00+0200,100.0,EUR/MWh,FR,FR,day_ahead_price,value,2026-05-23T19:12:02Z
2026-05-23T19:11:13Z,2026-05-23T21:11:13+0200,3f7e4d3d-8fdb-4ead-ba3f-db913921b078,2026-05-12T22:00:00Z,2026-05-13T00:00:00+0200,93.3,EUR/MWh,FR,FR,day_ahead_price,value,2026-05-23T19:12:02Z
2026-05-23T19:11:13Z,2026-05-23T21:11:13+0200,3f7e4d3d-8fdb-4ead-ba3f-db913921b078,2026-05-12T22:15:00Z,2026-05-13T00:15:00+0200,84.55,EUR/MWh,FR,FR,day_ahead_price,value,2026-05-23T19:12:02Z
2026-05-23T19:11:13Z,2026-05-23T21:11:13+0200,3f7e4d3d-8fdb-4ead-ba3f-db913921b078,2026-05-12T22:30:00Z,2026-05-13T00:30:00+0200,50.01,EUR/MWh,FR,FR,day_ahead_price,value,2026-05-23T19:12:02Z
2026-05-23T19:11:13Z,2026-05-23T21:11:13+0200,3f7e4d3d-8fdb-4ead-ba3f-db913921b078,2026-05-12T22:45:00Z,2026-05-13T00:45:00+0200,48.94,EUR/MWh,FR,FR,day_ahead_price,value,2026-05-23T19:12:02Z
2026-05-23T19:11:13Z,2026-05-23T21:11:13+0200,3f7e4d3d-8fdb-4ead-ba3f-db913921b078,2026-05-12T23:00:00Z,2026-05-13T01:00:00+0200,83.33,EUR/MWh,FR,FR,day_ahead_price,value,2026-05-23T19:12:02Z
2026-05-23T19:11:13Z,2026-05-23T21:11:13+0200,3f7e4d3d-8fdb-4ead-ba3f-db913921b078,2026-05-12T23:15:00Z,2026-05-13T01:15:00+0200,83.33,EUR/MWh,FR,FR,day_ahead_price,value,2026-05-23T19:12:02Z
2026-05-23T19:11:13Z,2026-05-23T21:11:13+0200,3f7e4d3d-8fdb-4ead-ba3f-db913921b078,2026-05-12T23:30:00Z,2026-05-13T01:30:00+0200,83.09,EUR/MWh,FR,FR,day_ahead_price,value,2026-05-23T19:12:02Z
2026-05-23T19:11:13Z,2026-05-23T21:11:13+0200,3f7e4d3d-8fdb-4ead-ba3f-db913921b078,2026-05-12T23:45:00Z,2026-05-13T01:45:00+0200,76.87,EUR/MWh,FR,FR,day_ahead_price,value,2026-05-23T19:12:02Z
2026-05-23T19:11:13Z,2026-05-23T21:11:13+0200,3f7e4d3d-8fdb-4ead-ba3f-db913921b078,2026-05-13T00:00:00Z,2026-05-13T02:00:00+0200,81.0,EUR/MWh,FR,FR,day_ahead_price,value,2026-05-23T19:12:02Z
2026-05-23T19:11:13Z,2026-05-23T21:11:13+0200,3f7e4d3d-8fdb-4ead-ba3f-db913921b078,2026-05-13T00:15:00Z,2026-05-13T02:15:00+0200,80.0,EUR/MWh,FR,FR,day_ahead_price,value,2026-05-23T19:12:02Z
2026-05-23T19:11:13Z,2026-05-23T21:11:13+0200,3f7e4d3d-8fdb-4ead-ba3f-db913921b078,2026-05-13T00:30:00Z,2026-05-13T02:30:00+0200,30.11,EUR/MWh,FR,FR,day_ahead_price,value,2026-05-23T19:12:02Z
2026-05-23T19:11:13Z,2026-05-23T21:11:13+0200,3f7e4d3d-8fdb-4ead-ba3f-db913921b078,2026-05-13T00:45:00Z,2026-05-13T02:45:00+0200,32.47,EUR/MWh,FR,FR,day_ahead_price,value,2026-05-23T19:12:02Z
2026-05-23T19:11:13Z,2026-05-23T21:11:13+0200,3f7e4d3d-8fdb-4ead-ba3f-db913921b078,2026-05-13T01:00:00Z,2026-05-13T03:00:00+0200,37.6,EUR/MWh,FR,FR,day_ahead_price,value,2026-05-23T19:12:02Z
2026-05-23T19:11:13Z,2026-05-23T21:11:13+0200,3f7e4d3d-8fdb-4ead-ba3f-db913921b078,2026-05-13T01:15:00Z,2026-05-13T03:15:00+0200,32.5,EUR/MWh,FR,FR,day_ahead_price,value,2026-05-23T19:12:02Z
2026-05-23T19:11:13Z,2026-05-23T21:11:13+0200,3f7e4d3d-8fdb-4ead-ba3f-db913921b078,2026-05-13T01:30:00Z,2026-05-13T03:30:00+0200,25.0,EUR/MWh,FR,FR,day_ahead_price,value,2026-05-23T19:12:02Z
2026-05-23T19:11:13Z,2026-05-23T21:11:13+0200,3f7e4d3d-8fdb-4ead-ba3f-db913921b078,2026-05-13T01:45:00Z,2026-05-13T03:45:00+0200,32.95,EUR/MWh,FR,FR,day_ahead_price,value,2026-05-23T19:12:02Z
2026-05-23T19:11:13Z,2026-05-23T21:11:13+0200,3f7e4d3d-8fdb-4ead-ba3f-db913921b078,2026-05-13T02:00:00Z,2026-05-13T04:00:00+0200,33.99,EUR/MWh,FR,FR,day_ahead_price,value,2026-05-23T19:12:02Z
2026-05-23T19:11:13Z,2026-05-23T21:11:13+0200,3f7e4d3d-8fdb-4ead-ba3f-db913921b078,2026-05-13T02:15:00Z,2026-05-13T04:15:00+0200,32.88,EUR/MWh,FR,FR,day_ahead_price,value,2026-05-23T19:12:02Z
2026-05-23T19:11:13Z,2026-05-23T21:11:13+0200,3f7e4d3d-8fdb-4ead-ba3f-db913921b078,2026-05-13T02:30:00Z,2026-05-13T04:30:00+0200,34.81,EUR/MWh,FR,FR,day_ahead_price,value,2026-05-23T19:12:02Z
2026-05-23T19:11:13Z,2026-05-23T21:11:13+0200,3f7e4d3d-8fdb-4ead-ba3f-db913921b078,2026-05-13T02:45:00Z,2026-05-13T04:45:00+0200,44.75,EUR/MWh,FR,FR,day_ahead_price,value,2026-05-23T19:12:02Z
2026-05-23T19:11:13Z,2026-05-23T21:11:13+0200,3f7e4d3d-8fdb-4ead-ba3f-db913921b078,2026-05-13T03:00:00Z,2026-05-13T05:00:00+0200,82.01,EUR/MWh,FR,FR,day_ahead_price,value,2026-05-23T19:12:02Z
2026-05-23T19:11:13Z,2026-05-23T21:11:13+0200,3f7e4d3d-8fdb-4ead-ba3f-db913921b078,2026-05-13T03:15:00Z,2026-05-13T05:15:00+0200,42.99,EUR/MWh,FR,FR,day_ahead_price,value,2026-05-23T19:12:02Z
2026-05-23T19:11:13Z,2026-05-23T21:11:13+0200,3f7e4d3d-8fdb-4ead-ba3f-db913921b078,2026-05-13T03:30:00Z,2026-05-13T05:30:00+0200,23.0,EUR/MWh,FR,FR,day_ahead_price,value,2026-05-23T19:12:02Z
2026-05-23T19:11:13Z,2026-05-23T21:11:13+0200,3f7e4d3d-8fdb-4ead-ba3f-db913921b078,2026-05-13T03:45:00Z,2026-05-13T05:45:00+0200,6.83,EUR/MWh,FR,FR,day_ahead_price,value,2026-05-23T19:12:02Z
2026-05-23T19:11:13Z,2026-05-23T21:11:13+0200,3f7e4d3d-8fdb-4ead-ba3f-db913921b078,2026-05-13T04:00:00Z,2026-05-13T06:00:00+0200,34.56,EUR/MWh,FR,FR,day_ahead_price,value,2026-05-23T19:12:02Z
2026-05-23T19:11:13Z,2026-05-23T21:11:13+0200,3f7e4d3d-8fdb-4ead-ba3f-db913921b078,2026-05-13T04:15:00Z,2026-05-13T06:15:00+0200,33.71,EUR/MWh,FR,FR,day_ahead_price,value,2026-05-23T19:12:02Z
2026-05-23T19:11:13Z,2026-05-23T21:11:13+0200,3f7e4d3d-8fdb-4ead-ba3f-db913921b078,2026-05-13T04:30:00Z,2026-05-13T06:30:00+0200,61.0,EUR/MWh,FR,FR,day_ahead_price,value,2026-05-23T19:12:02Z
2026-05-23T19:11:13Z,2026-05-23T21:11:13+0200,3f7e4d3d-8fdb-4ead-ba3f-db913921b078,2026-05-13T04:45:00Z,2026-05-13T06:45:00+0200,47.01,EUR/MWh,FR,FR,day_ahead_price,value,2026-05-23T19:12:02Z
2026-05-23T19:11:13Z,2026-05-23T21:11:13+0200,3f7e4d3d-8fdb-4ead-ba3f-db913921b078,2026-05-13T05:00:00Z,2026-05-13T07:00:00+0200,85.75,EUR/MWh,FR,FR,day_ahead_price,value,2026-05-23T19:12:02Z
2026-05-23T19:11:13Z,2026-05-23T21:11:13+0200,3f7e4d3d-8fdb-4ead-ba3f-db913921b078,2026-05-13T05:15:00Z,2026-05-13T07:15:00+0200,81.11,EUR/MWh,FR,FR,day_ahead_price,value,2026-05-23T19:12:02Z
2026-05-23T19:11:13Z,2026-05-23T21:11:13+0200,3f7e4d3d-8fdb-4ead-ba3f-db913921b078,2026-05-13T05:30:00Z,2026-05-13T07:30:00+0200,72.8,EUR/MWh,FR,FR,day_ahead_price,value,2026-05-23T19:12:02Z
2026-05-23T19:11:13Z,2026-05-23T21:11:13+0200,3f7e4d3d-8fdb-4ead-ba3f-db913921b078,2026-05-13T05:45:00Z,2026-05-13T07:45:00+0200,62.74,EUR/MWh,FR,FR,day_ahead_price,value,2026-05-23T19:12:02Z
2026-05-23T19:11:13Z,2026-05-23T21:11:13+0200,3f7e4d3d-8fdb-4ead-ba3f-db913921b078,2026-05-13T06:00:00Z,2026-05-13T08:00:00+0200,84.56,EUR/MWh,FR,FR,day_ahead_price,value,2026-05-23T19:12:02Z
2026-05-23T19:11:13Z,2026-05-23T21:11:13+0200,3f7e4d3d-8fdb-4ead-ba3f-db913921b078,2026-05-13T06:15:00Z,2026-05-13T08:15:00+0200,73.01,EUR/MWh,FR,FR,day_ahead_price,value,2026-05-23T19:12:02Z
2026-05-23T19:11:13Z,2026-05-23T21:11:13+0200,3f7e4d3d-8fdb-4ead-ba3f-db913921b078,2026-05-13T06:30:00Z,2026-05-13T08:30:00+0200,70.0,EUR/MWh,FR,FR,day_ahead_price,value,2026-05-23T19:12:02Z
2026-05-23T19:11:13Z,2026-05-23T21:11:13+0200,3f7e4d3d-8fdb-4ead-ba3f-db913921b078,2026-05-13T06:45:00Z,2026-05-13T08:45:00+0200,40.0,EUR/MWh,FR,FR,day_ahead_price,value,2026-05-23T19:12:02Z
2026-05-23T19:11:13Z,2026-05-23T21:11:13+0200,3f7e4d3d-8fdb-4ead-ba3f-db913921b078,2026-05-13T07:00:00Z,2026-05-13T09:00:00+0200,36.24,EUR/MWh,FR,FR,day_ahead_price,value,2026-05-23T19:12:02Z
2026-05-23T19:11:13Z,2026-05-23T21:11:13+0200,3f7e4d3d-8fdb-4ead-ba3f-db913921b078,2026-05-13T07:15:00Z,2026-05-13T09:15:00+0200,21.17,EUR/MWh,FR,FR,day_ahead_price,value,2026-05-23T19:12:02Z
2026-05-23T19:11:13Z,2026-05-23T21:11:13+0200,3f7e4d3d-8fdb-4ead-ba3f-db913921b078,2026-05-13T07:30:00Z,2026-05-13T09:30:00+0200,1.15,EUR/MWh,FR,FR,day_ahead_price,value,2026-05-23T19:12:02Z
2026-05-23T19:11:13Z,2026-05-23T21:11:13+0200,3f7e4d3d-8fdb-4ead-ba3f-db913921b078,2026-05-13T07:45:00Z,2026-05-13T09:45:00+0200,0.0,EUR/MWh,FR,FR,day_ahead_price,value,2026-05-23T19:12:02Z
2026-05-23T19:11:13Z,2026-05-23T21:11:13+0200,3f7e4d3d-8fdb-4ead-ba3f-db913921b078,2026-05-13T08:00:00Z,2026-05-13T10:00:00+0200,0.01,EUR/MWh,FR,FR,day_ahead_price,value,2026-05-23T19:12:02Z
2026-05-23T19:11:13Z,2026-05-23T21:11:13+0200,3f7e4d3d-8fdb-4ead-ba3f-db913921b078,2026-05-13T08:15:00Z,2026-05-13T10:15:00+0200,0.0,EUR/MWh,FR,FR,day_ahead_price,value,2026-05-23T19:12:02Z
2026-05-23T19:11:13Z,2026-05-23T21:11:13+0200,3f7e4d3d-8fdb-4ead-ba3f-db913921b078,2026-05-13T08:30:00Z,2026-05-13T10:30:00+0200,-0.01,EUR/MWh,FR,FR,day_ahead_price,value,2026-05-23T19:12:02Z
2026-05-23T19:11:13Z,2026-05-23T21:11:13+0200,3f7e4d3d-8fdb-4ead-ba3f-db913921b078,2026-05-13T08:45:00Z,2026-05-13T10:45:00+0200,-0.01,EUR/MWh,FR,FR,day_ahead_price,value,2026-05-23T19:12:02Z
2026-05-23T19:11:13Z,2026-05-23T21:11:13+0200,3f7e4d3d-8fdb-4ead-ba3f-db913921b078,2026-05-13T09:00:00Z,2026-05-13T11:00:00+0200,-0.01,EUR/MWh,FR,FR,day_ahead_price,value,2026-05-23T19:12:02Z
2026-05-23T19:11:13Z,2026-05-23T21:11:13+0200,3f7e4d3d-8fdb-4ead-ba3f-db913921b078,2026-05-13T09:15:00Z,2026-05-13T11:15:00+0200,-0.01,EUR/MWh,FR,FR,day_ahead_price,value,2026-05-23T19:12:02Z
2026-05-23T19:11:13Z,2026-05-23T21:11:13+0200,3f7e4d3d-8fdb-4ead-ba3f-db913921b078,2026-05-13T09:30:00Z,2026-05-13T11:30:00+0200,-0.01,EUR/MWh,FR,FR,day_ahead_price,value,2026-05-23T19:12:02Z
2026-05-23T19:11:13Z,2026-05-23T21:11:13+0200,3f7e4d3d-8fdb-4ead-ba3f-db913921b078,2026-05-13T09:45:00Z,2026-05-13T11:45:00+0200,-0.01,EUR/MWh,FR,FR,day_ahead_price,value,2026-05-23T19:12:02Z
2026-05-23T19:11:13Z,2026-05-23T21:11:13+0200,3f7e4d3d-8fdb-4ead-ba3f-db913921b078,2026-05-13T10:00:00Z,2026-05-13T12:00:00+0200,-0.01,EUR/MWh,FR,FR,day_ahead_price,value,2026-05-23T19:12:02Z
2026-05-23T19:11:13Z,2026-05-23T21:11:13+0200,3f7e4d3d-8fdb-4ead-ba3f-db913921b078,2026-05-13T10:15:00Z,2026-05-13T12:15:00+0200,-0.01,EUR/MWh,FR,FR,day_ahead_price,value,2026-05-23T19:12:02Z
2026-05-23T19:11:13Z,2026-05-23T21:11:13+0200,3f7e4d3d-8fdb-4ead-ba3f-db913921b078,2026-05-13T10:30:00Z,2026-05-13T12:30:00+0200,-0.01,EUR/MWh,FR,FR,day_ahead_price,value,2026-05-23T19:12:02Z
2026-05-23T19:11:13Z,2026-05-23T21:11:13+0200,3f7e4d3d-8fdb-4ead-ba3f-db913921b078,2026-05-13T10:45:00Z,2026-05-13T12:45:00+0200,-0.01,EUR/MWh,FR,FR,day_ahead_price,value,2026-05-23T19:12:02Z
2026-05-23T19:11:13Z,2026-05-23T21:11:13+0200,3f7e4d3d-8fdb-4ead-ba3f-db913921b078,2026-05-13T11:00:00Z,2026-05-13T13:00:00+0200,-0.01,EUR/MWh,FR,FR,day_ahead_price,value,2026-05-23T19:12:02Z
2026-05-23T19:11:13Z,2026-05-23T21:11:13+0200,3f7e4d3d-8fdb-4ead-ba3f-db913921b078,2026-05-13T11:15:00Z,2026-05-13T13:15:00+0200,-0.01,EUR/MWh,FR,FR,day_ahead_price,value,2026-05-23T19:12:02Z
2026-05-23T19:11:13Z,2026-05-23T21:11:13+0200,3f7e4d3d-8fdb-4ead-ba3f-db913921b078,2026-05-13T11:30:00Z,2026-05-13T13:30:00+0200,-0.01,EUR/MWh,FR,FR,day_ahead_price,value,2026-05-23T19:12:02Z
2026-05-23T19:11:13Z,2026-05-23T21:11:13+0200,3f7e4d3d-8fdb-4ead-ba3f-db913921b078,2026-05-13T11:45:00Z,2026-05-13T13:45:00+0200,-0.01,EUR/MWh,FR,FR,day_ahead_price,value,2026-05-23T19:12:02Z
2026-05-23T19:11:13Z,2026-05-23T21:11:13+0200,3f7e4d3d-8fdb-4ead-ba3f-db913921b078,2026-05-13T12:00:00Z,2026-05-13T14:00:00+0200,-0.01,EUR/MWh,FR,FR,day_ahead_price,value,2026-05-23T19:12:02Z
2026-05-23T19:11:13Z,2026-05-23T21:11:13+0200,3f7e4d3d-8fdb-4ead-ba3f-db913921b078,2026-05-13T12:15:00Z,2026-05-13T14:15:00+0200,-0.01,EUR/MWh,FR,FR,day_ahead_price,value,2026-05-23T19:12:02Z
2026-05-23T19:11:13Z,2026-05-23T21:11:13+0200,3f7e4d3d-8fdb-4ead-ba3f-db913921b078,2026-05-13T12:30:00Z,2026-05-13T14:30:00+0200,-0.01,EUR/MWh,FR,FR,day_ahead_price,value,2026-05-23T19:12:02Z
2026-05-23T19:11:13Z,2026-05-23T21:11:13+0200,3f7e4d3d-8fdb-4ead-ba3f-db913921b078,2026-05-13T12:45:00Z,2026-05-13T14:45:00+0200,-0.01,EUR/MWh,FR,FR,day_ahead_price,value,2026-05-23T19:12:02Z
2026-05-23T19:11:13Z,2026-05-23T21:11:13+0200,3f7e4d3d-8fdb-4ead-ba3f-db913921b078,2026-05-13T13:00:00Z,2026-05-13T15:00:00+0200,-0.01,EUR/MWh,FR,FR,day_ahead_price,value,2026-05-23T19:12:02Z
2026-05-23T19:11:13Z,2026-05-23T21:11:13+0200,3f7e4d3d-8fdb-4ead-ba3f-db913921b078,2026-05-13T13:15:00Z,2026-05-13T15:15:00+0200,-0.01,EUR/MWh,FR,FR,day_ahead_price,value,2026-05-23T19:12:02Z
2026-05-23T19:11:13Z,2026-05-23T21:11:13+0200,3f7e4d3d-8fdb-4ead-ba3f-db913921b078,2026-05-13T13:30:00Z,2026-05-13T15:30:00+0200,-0.05,EUR/MWh,FR,FR,day_ahead_price,value,2026-05-23T19:12:02Z
2026-05-23T19:11:13Z,2026-05-23T21:11:13+0200,3f7e4d3d-8fdb-4ead-ba3f-db913921b078,2026-05-13T13:45:00Z,2026-05-13T15:45:00+0200,-0.06,EUR/MWh,FR,FR,day_ahead_price,value,2026-05-23T19:12:02Z
2026-05-23T19:11:13Z,2026-05-23T21:11:13+0200,3f7e4d3d-8fdb-4ead-ba3f-db913921b078,2026-05-13T14:00:00Z,2026-05-13T16:00:00+0200,-0.09,EUR/MWh,FR,FR,day_ahead_price,value,2026-05-23T19:12:02Z
2026-05-23T19:11:13Z,2026-05-23T21:11:13+0200,3f7e4d3d-8fdb-4ead-ba3f-db913921b078,2026-05-13T14:15:00Z,2026-05-13T16:15:00+0200,-0.08,EUR/MWh,FR,FR,day_ahead_price,value,2026-05-23T19:12:02Z
2026-05-23T19:11:13Z,2026-05-23T21:11:13+0200,3f7e4d3d-8fdb-4ead-ba3f-db913921b078,2026-05-13T14:30:00Z,2026-05-13T16:30:00+0200,-0.06,EUR/MWh,FR,FR,day_ahead_price,value,2026-05-23T19:12:02Z
2026-05-23T19:11:13Z,2026-05-23T21:11:13+0200,3f7e4d3d-8fdb-4ead-ba3f-db913921b078,2026-05-13T14:45:00Z,2026-05-13T16:45:00+0200,-0.05,EUR/MWh,FR,FR,day_ahead_price,value,2026-05-23T19:12:02Z
2026-05-23T19:11:13Z,2026-05-23T21:11:13+0200,3f7e4d3d-8fdb-4ead-ba3f-db913921b078,2026-05-13T15:00:00Z,2026-05-13T17:00:00+0200,-0.01,EUR/MWh,FR,FR,day_ahead_price,value,2026-05-23T19:12:02Z
2026-05-23T19:11:13Z,2026-05-23T21:11:13+0200,3f7e4d3d-8fdb-4ead-ba3f-db913921b078,2026-05-13T15:15:00Z,2026-05-13T17:15:00+0200,-0.01,EUR/MWh,FR,FR,day_ahead_price,value,2026-05-23T19:12:02Z
2026-05-23T19:11:13Z,2026-05-23T21:11:13+0200,3f7e4d3d-8fdb-4ead-ba3f-db913921b078,2026-05-13T15:30:00Z,2026-05-13T17:30:00+0200,-0.01,EUR/MWh,FR,FR,day_ahead_price,value,2026-05-23T19:12:02Z
2026-05-23T19:11:13Z,2026-05-23T21:11:13+0200,3f7e4d3d-8fdb-4ead-ba3f-db913921b078,2026-05-13T15:45:00Z,2026-05-13T17:45:00+0200,-0.01,EUR/MWh,FR,FR,day_ahead_price,value,2026-05-23T19:12:02Z
2026-05-23T19:11:13Z,2026-05-23T21:11:13+0200,3f7e4d3d-8fdb-4ead-ba3f-db913921b078,2026-05-13T16:00:00Z,2026-05-13T18:00:00+0200,0.0,EUR/MWh,FR,FR,day_ahead_price,value,2026-05-23T19:12:02Z
2026-05-23T19:11:13Z,2026-05-23T21:11:13+0200,3f7e4d3d-8fdb-4ead-ba3f-db913921b078,2026-05-13T16:15:00Z,2026-05-13T18:15:00+0200,0.01,EUR/MWh,FR,FR,day_ahead_price,value,2026-05-23T19:12:02Z
2026-05-23T19:11:13Z,2026-05-23T21:11:13+0200,3f7e4d3d-8fdb-4ead-ba3f-db913921b078,2026-05-13T16:30:00Z,2026-05-13T18:30:00+0200,1.44,EUR/MWh,FR,FR,day_ahead_price,value,2026-05-23T19:12:02Z
2026-05-23T19:11:13Z,2026-05-23T21:11:13+0200,3f7e4d3d-8fdb-4ead-ba3f-db913921b078,2026-05-13T16:45:00Z,2026-05-13T18:45:00+0200,5.41,EUR/MWh,FR,FR,day_ahead_price,value,2026-05-23T19:12:02Z
2026-05-23T19:11:13Z,2026-05-23T21:11:13+0200,3f7e4d3d-8fdb-4ead-ba3f-db913921b078,2026-05-13T17:00:00Z,2026-05-13T19:00:00+0200,14.03,EUR/MWh,FR,FR,day_ahead_price,value,2026-05-23T19:12:02Z
2026-05-23T19:11:13Z,2026-05-23T21:11:13+0200,3f7e4d3d-8fdb-4ead-ba3f-db913921b078,2026-05-13T17:15:00Z,2026-05-13T19:15:00+0200,22.76,EUR/MWh,FR,FR,day_ahead_price,value,2026-05-23T19:12:02Z
2026-05-23T19:11:13Z,2026-05-23T21:11:13+0200,3f7e4d3d-8fdb-4ead-ba3f-db913921b078,2026-05-13T17:30:00Z,2026-05-13T19:30:00+0200,34.58,EUR/MWh,FR,FR,day_ahead_price,value,2026-05-23T19:12:02Z
2026-05-23T19:11:13Z,2026-05-23T21:11:13+0200,3f7e4d3d-8fdb-4ead-ba3f-db913921b078,2026-05-13T17:45:00Z,2026-05-13T19:45:00+0200,69.0,EUR/MWh,FR,FR,day_ahead_price,value,2026-05-23T19:12:02Z
2026-05-23T19:11:13Z,2026-05-23T21:11:13+0200,3f7e4d3d-8fdb-4ead-ba3f-db913921b078,2026-05-13T18:00:00Z,2026-05-13T20:00:00+0200,65.0,EUR/MWh,FR,FR,day_ahead_price,value,2026-05-23T19:12:02Z
2026-05-23T19:11:13Z,2026-05-23T21:11:13+0200,3f7e4d3d-8fdb-4ead-ba3f-db913921b078,2026-05-13T18:15:00Z,2026-05-13T20:15:00+0200,77.59,EUR/MWh,FR,FR,day_ahead_price,value,2026-05-23T19:12:02Z
2026-05-23T19:11:13Z,2026-05-23T21:11:13+0200,3f7e4d3d-8fdb-4ead-ba3f-db913921b078,2026-05-13T18:30:00Z,2026-05-13T20:30:00+0200,50.35,EUR/MWh,FR,FR,day_ahead_price,value,2026-05-23T19:12:02Z
2026-05-23T19:11:13Z,2026-05-23T21:11:13+0200,3f7e4d3d-8fdb-4ead-ba3f-db913921b078,2026-05-13T18:45:00Z,2026-05-13T20:45:00+0200,73.02,EUR/MWh,FR,FR,day_ahead_price,value,2026-05-23T19:12:02Z
2026-05-23T19:11:13Z,2026-05-23T21:11:13+0200,3f7e4d3d-8fdb-4ead-ba3f-db913921b078,2026-05-13T19:00:00Z,2026-05-13T21:00:00+0200,60.39,EUR/MWh,FR,FR,day_ahead_price,value,2026-05-23T19:12:02Z
2026-05-23T19:11:13Z,2026-05-23T21:11:13+0200,3f7e4d3d-8fdb-4ead-ba3f-db913921b078,2026-05-13T19:15:00Z,2026-05-13T21:15:00+0200,71.54,EUR/MWh,FR,FR,day_ahead_price,value,2026-05-23T19:12:02Z
2026-05-23T19:11:13Z,2026-05-23T21:11:13+0200,3f7e4d3d-8fdb-4ead-ba3f-db913921b078,2026-05-13T19:30:00Z,2026-05-13T21:30:00+0200,58.6,EUR/MWh,FR,FR,day_ahead_price,value,2026-05-23T19:12:02Z
2026-05-23T19:11:13Z,2026-05-23T21:11:13+0200,3f7e4d3d-8fdb-4ead-ba3f-db913921b078,2026-05-13T19:45:00Z,2026-05-13T21:45:00+0200,57.8,EUR/MWh,FR,FR,day_ahead_price,value,2026-05-23T19:12:02Z
2026-05-23T19:11:13Z,2026-05-23T21:11:13+0200,3f7e4d3d-8fdb-4ead-ba3f-db913921b078,2026-05-13T20:00:00Z,2026-05-13T22:00:00+0200,70.45,EUR/MWh,FR,FR,day_ahead_price,value,2026-05-23T19:12:02Z
2026-05-23T19:11:13Z,2026-05-23T21:11:13+0200,3f7e4d3d-8fdb-4ead-ba3f-db913921b078,2026-05-13T20:15:00Z,2026-05-13T22:15:00+0200,66.07,EUR/MWh,FR,FR,day_ahead_price,value,2026-05-23T19:12:02Z
2026-05-23T19:11:13Z,2026-05-23T21:11:13+0200,3f7e4d3d-8fdb-4ead-ba3f-db913921b078,2026-05-13T20:30:00Z,2026-05-13T22:30:00+0200,93.75,EUR/MWh,FR,FR,day_ahead_price,value,2026-05-23T19:12:02Z
2026-05-23T19:11:13Z,2026-05-23T21:11:13+0200,3f7e4d3d-8fdb-4ead-ba3f-db913921b078,2026-05-13T20:45:00Z,2026-05-13T22:45:00+0200,89.95,EUR/MWh,FR,FR,day_ahead_price,value,2026-05-23T19:12:02Z
2026-05-23T19:11:13Z,2026-05-23T21:11:13+0200,3f7e4d3d-8fdb-4ead-ba3f-db913921b078,2026-05-13T21:00:00Z,2026-05-13T23:00:00+0200,87.4,EUR/MWh,FR,FR,day_ahead_price,value,2026-05-23T19:12:02Z
2026-05-23T19:11:13Z,2026-05-23T21:11:13+0200,3f7e4d3d-8fdb-4ead-ba3f-db913921b078,2026-05-13T21:15:00Z,2026-05-13T23:15:00+0200,71.16,EUR/MWh,FR,FR,day_ahead_price,value,2026-05-23T19:12:02Z
2026-05-23T19:11:13Z,2026-05-23T21:11:13+0200,3f7e4d3d-8fdb-4ead-ba3f-db913921b078,2026-05-13T21:30:00Z,2026-05-13T23:30:00+0200,85.0,EUR/MWh,FR,FR,day_ahead_price,value,2026-05-23T19:12:02Z
2026-05-23T19:11:13Z,2026-05-23T21:11:13+0200,3f7e4d3d-8fdb-4ead-ba3f-db913921b078,2026-05-13T21:45:00Z,2026-05-13T23:45:00+0200,82.85,EUR/MWh,FR,FR,day_ahead_price,value,2026-05-23T19:12:02Z
2026-05-23T19:11:13Z,2026-05-23T21:11:13+0200,3f7e4d3d-8fdb-4ead-ba3f-db913921b078,2026-05-13T22:00:00Z,2026-05-14T00:00:00+0200,5.5,EUR/MWh,FR,FR,day_ahead_price,value,2026-05-23T19:12:02Z
2026-05-23T19:11:13Z,2026-05-23T21:11:13+0200,3f7e4d3d-8fdb-4ead-ba3f-db913921b078,2026-05-13T22:15:00Z,2026-05-14T00:15:00+0200,30.43,EUR/MWh,FR,FR,day_ahead_price,value,2026-05-23T19:12:02Z
2026-05-23T19:11:13Z,2026-05-23T21:11:13+0200,3f7e4d3d-8fdb-4ead-ba3f-db913921b078,2026-05-13T22:30:00Z,2026-05-14T00:30:00+0200,5.68,EUR/MWh,FR,FR,day_ahead_price,value,2026-05-23T19:12:02Z
2026-05-23T19:11:13Z,2026-05-23T21:11:13+0200,3f7e4d3d-8fdb-4ead-ba3f-db913921b078,2026-05-13T22:45:00Z,2026-05-14T00:45:00+0200,0.0,EUR/MWh,FR,FR,day_ahead_price,value,2026-05-23T19:12:02Z
2026-05-23T19:11:13Z,2026-05-23T21:11:13+0200,3f7e4d3d-8fdb-4ead-ba3f-db913921b078,2026-05-13T23:00:00Z,2026-05-14T01:00:00+0200,12.47,EUR/MWh,FR,FR,day_ahead_price,value,2026-05-23T19:12:02Z
2026-05-23T19:11:13Z,2026-05-23T21:11:13+0200,3f7e4d3d-8fdb-4ead-ba3f-db913921b078,2026-05-13T23:15:00Z,2026-05-14T01:15:00+0200,11.65,EUR/MWh,FR,FR,day_ahead_price,value,2026-05-23T19:12:02Z
2026-05-23T19:11:13Z,2026-05-23T21:11:13+0200,3f7e4d3d-8fdb-4ead-ba3f-db913921b078,2026-05-13T23:30:00Z,2026-05-14T01:30:00+0200,14.61,EUR/MWh,FR,FR,day_ahead_price,value,2026-05-23T19:12:02Z
2026-05-23T19:11:13Z,2026-05-23T21:11:13+0200,3f7e4d3d-8fdb-4ead-ba3f-db913921b078,2026-05-13T23:45:00Z,2026-05-14T01:45:00+0200,15.15,EUR/MWh,FR,FR,day_ahead_price,value,2026-05-23T19:12:02Z
2026-05-23T19:11:13Z,2026-05-23T21:11:13+0200,3f7e4d3d-8fdb-4ead-ba3f-db913921b078,2026-05-14T00:00:00Z,2026-05-14T02:00:00+0200,4.96,EUR/MWh,FR,FR,day_ahead_price,value,2026-05-23T19:12:02Z
2026-05-23T19:11:13Z,2026-05-23T21:11:13+0200,3f7e4d3d-8fdb-4ead-ba3f-db913921b078,2026-05-14T00:15:00Z,2026-05-14T02:15:00+0200,11.89,EUR/MWh,FR,FR,day_ahead_price,value,2026-05-23T19:12:02Z
2026-05-23T19:11:13Z,2026-05-23T21:11:13+0200,3f7e4d3d-8fdb-4ead-ba3f-db913921b078,2026-05-14T00:30:00Z,2026-05-14T02:30:00+0200,32.5,EUR/MWh,FR,FR,day_ahead_price,value,2026-05-23T19:12:02Z
2026-05-23T19:11:13Z,2026-05-23T21:11:13+0200,3f7e4d3d-8fdb-4ead-ba3f-db913921b078,2026-05-14T00:45:00Z,2026-05-14T02:45:00+0200,16.82,EUR/MWh,FR,FR,day_ahead_price,value,2026-05-23T19:12:02Z
2026-05-23T19:11:13Z,2026-05-23T21:11:13+0200,3f7e4d3d-8fdb-4ead-ba3f-db913921b078,2026-05-14T01:00:00Z,2026-05-14T03:00:00+0200,3.01,EUR/MWh,FR,FR,day_ahead_price,value,2026-05-23T19:12:02Z
2026-05-23T19:11:13Z,2026-05-23T21:11:13+0200,3f7e4d3d-8fdb-4ead-ba3f-db913921b078,2026-05-14T01:15:00Z,2026-05-14T03:15:00+0200,1.8,EUR/MWh,FR,FR,day_ahead_price,value,2026-05-23T19:12:02Z
2026-05-23T19:11:13Z,2026-05-23T21:11:13+0200,3f7e4d3d-8fdb-4ead-ba3f-db913921b078,2026-05-14T01:30:00Z,2026-05-14T03:30:00+0200,0.33,EUR/MWh,FR,FR,day_ahead_price,value,2026-05-23T19:12:02Z
2026-05-23T19:11:13Z,2026-05-23T21:11:13+0200,3f7e4d3d-8fdb-4ead-ba3f-db913921b078,2026-05-14T01:45:00Z,2026-05-14T03:45:00+0200,2.01,EUR/MWh,FR,FR,day_ahead_price,value,2026-05-23T19:12:02Z
2026-05-23T19:11:13Z,2026-05-23T21:11:13+0200,3f7e4d3d-8fdb-4ead-ba3f-db913921b078,2026-05-14T02:00:00Z,2026-05-14T04:00:00+0200,3.03,EUR/MWh,FR,FR,day_ahead_price,value,2026-05-23T19:12:02Z
2026-05-23T19:11:13Z,2026-05-23T21:11:13+0200,3f7e4d3d-8fdb-4ead-ba3f-db913921b078,2026-05-14T02:15:00Z,2026-05-14T04:15:00+0200,6.94,EUR/MWh,FR,FR,day_ahead_price,value,2026-05-23T19:12:02Z
2026-05-23T19:11:13Z,2026-05-23T21:11:13+0200,3f7e4d3d-8fdb-4ead-ba3f-db913921b078,2026-05-14T02:30:00Z,2026-05-14T04:30:00+0200,3.91,EUR/MWh,FR,FR,day_ahead_price,value,2026-05-23T19:12:02Z
2026-05-23T19:11:13Z,2026-05-23T21:11:13+0200,3f7e4d3d-8fdb-4ead-ba3f-db913921b078,2026-05-14T02:45:00Z,2026-05-14T04:45:00+0200,10.17,EUR/MWh,FR,FR,day_ahead_price,value,2026-05-23T19:12:02Z
2026-05-23T19:11:13Z,2026-05-23T21:11:13+0200,3f7e4d3d-8fdb-4ead-ba3f-db913921b078,2026-05-14T03:00:00Z,2026-05-14T05:00:00+0200,14.7,EUR/MWh,FR,FR,day_ahead_price,value,2026-05-23T19:12:02Z
2026-05-23T19:11:13Z,2026-05-23T21:11:13+0200,3f7e4d3d-8fdb-4ead-ba3f-db913921b078,2026-05-14T03:15:00Z,2026-05-14T05:15:00+0200,0.01,EUR/MWh,FR,FR,day_ahead_price,value,2026-05-23T19:12:02Z
2026-05-23T19:11:13Z,2026-05-23T21:11:13+0200,3f7e4d3d-8fdb-4ead-ba3f-db913921b078,2026-05-14T03:30:00Z,2026-05-14T05:30:00+0200,0.95,EUR/MWh,FR,FR,day_ahead_price,value,2026-05-23T19:12:02Z
2026-05-23T19:11:13Z,2026-05-23T21:11:13+0200,3f7e4d3d-8fdb-4ead-ba3f-db913921b078,2026-05-14T03:45:00Z,2026-05-14T05:45:00+0200,1.64,EUR/MWh,FR,FR,day_ahead_price,value,2026-05-23T19:12:02Z
2026-05-23T19:11:13Z,2026-05-23T21:11:13+0200,3f7e4d3d-8fdb-4ead-ba3f-db913921b078,2026-05-14T04:00:00Z,2026-05-14T06:00:00+0200,20.2,EUR/MWh,FR,FR,day_ahead_price,value,2026-05-23T19:12:02Z
2026-05-23T19:11:13Z,2026-05-23T21:11:13+0200,3f7e4d3d-8fdb-4ead-ba3f-db913921b078,2026-05-14T04:15:00Z,2026-05-14T06:15:00+0200,12.97,EUR/MWh,FR,FR,day_ahead_price,value,2026-05-23T19:12:02Z
2026-05-23T19:11:13Z,2026-05-23T21:11:13+0200,3f7e4d3d-8fdb-4ead-ba3f-db913921b078,2026-05-14T04:30:00Z,2026-05-14T06:30:00+0200,8.0,EUR/MWh,FR,FR,day_ahead_price,value,2026-05-23T19:12:02Z
2026-05-23T19:11:13Z,2026-05-23T21:11:13+0200,3f7e4d3d-8fdb-4ead-ba3f-db913921b078,2026-05-14T04:45:00Z,2026-05-14T06:45:00+0200,7.72,EUR/MWh,FR,FR,day_ahead_price,value,2026-05-23T19:12:02Z
2026-05-23T19:11:13Z,2026-05-23T21:11:13+0200,3f7e4d3d-8fdb-4ead-ba3f-db913921b078,2026-05-14T05:00:00Z,2026-05-14T07:00:00+0200,94.78,EUR/MWh,FR,FR,day_ahead_price,value,2026-05-23T19:12:02Z
2026-05-23T19:11:13Z,2026-05-23T21:11:13+0200,3f7e4d3d-8fdb-4ead-ba3f-db913921b078,2026-05-14T05:15:00Z,2026-05-14T07:15:00+0200,29.19,EUR/MWh,FR,FR,day_ahead_price,value,2026-05-23T19:12:02Z
2026-05-23T19:11:13Z,2026-05-23T21:11:13+0200,3f7e4d3d-8fdb-4ead-ba3f-db913921b078,2026-05-14T05:30:00Z,2026-05-14T07:30:00+0200,30.99,EUR/MWh,FR,FR,day_ahead_price,value,2026-05-23T19:12:02Z
2026-05-23T19:11:13Z,2026-05-23T21:11:13+0200,3f7e4d3d-8fdb-4ead-ba3f-db913921b078,2026-05-14T05:45:00Z,2026-05-14T07:45:00+0200,2.5,EUR/MWh,FR,FR,day_ahead_price,value,2026-05-23T19:12:02Z
2026-05-23T19:11:13Z,2026-05-23T21:11:13+0200,3f7e4d3d-8fdb-4ead-ba3f-db913921b078,2026-05-14T06:00:00Z,2026-05-14T08:00:00+0200,20.0,EUR/MWh,FR,FR,day_ahead_price,value,2026-05-23T19:12:02Z
2026-05-23T19:11:13Z,2026-05-23T21:11:13+0200,3f7e4d3d-8fdb-4ead-ba3f-db913921b078,2026-05-14T06:15:00Z,2026-05-14T08:15:00+0200,28.56,EUR/MWh,FR,FR,day_ahead_price,value,2026-05-23T19:12:02Z
2026-05-23T19:11:13Z,2026-05-23T21:11:13+0200,3f7e4d3d-8fdb-4ead-ba3f-db913921b078,2026-05-14T06:30:00Z,2026-05-14T08:30:00+0200,29.92,EUR/MWh,FR,FR,day_ahead_price,value,2026-05-23T19:12:02Z
2026-05-23T19:11:13Z,2026-05-23T21:11:13+0200,3f7e4d3d-8fdb-4ead-ba3f-db913921b078,2026-05-14T06:45:00Z,2026-05-14T08:45:00+0200,12.42,EUR/MWh,FR,FR,day_ahead_price,value,2026-05-23T19:12:02Z
2026-05-23T19:11:13Z,2026-05-23T21:11:13+0200,3f7e4d3d-8fdb-4ead-ba3f-db913921b078,2026-05-14T07:00:00Z,2026-05-14T09:00:00+0200,17.27,EUR/MWh,FR,FR,day_ahead_price,value,2026-05-23T19:12:02Z
2026-05-23T19:11:13Z,2026-05-23T21:11:13+0200,3f7e4d3d-8fdb-4ead-ba3f-db913921b078,2026-05-14T07:15:00Z,2026-05-14T09:15:00+0200,20.32,EUR/MWh,FR,FR,day_ahead_price,value,2026-05-23T19:12:02Z
2026-05-23T19:11:13Z,2026-05-23T21:11:13+0200,3f7e4d3d-8fdb-4ead-ba3f-db913921b078,2026-05-14T07:30:00Z,2026-05-14T09:30:00+0200,10.0,EUR/MWh,FR,FR,day_ahead_price,value,2026-05-23T19:12:02Z
2026-05-23T19:11:13Z,2026-05-23T21:11:13+0200,3f7e4d3d-8fdb-4ead-ba3f-db913921b078,2026-05-14T07:45:00Z,2026-05-14T09:45:00+0200,1.09,EUR/MWh,FR,FR,day_ahead_price,value,2026-05-23T19:12:02Z
2026-05-23T19:11:13Z,2026-05-23T21:11:13+0200,3f7e4d3d-8fdb-4ead-ba3f-db913921b078,2026-05-14T08:00:00Z,2026-05-14T10:00:00+0200,5.45,EUR/MWh,FR,FR,day_ahead_price,value,2026-05-23T19:12:02Z
2026-05-23T19:11:13Z,2026-05-23T21:11:13+0200,3f7e4d3d-8fdb-4ead-ba3f-db913921b078,2026-05-14T08:15:00Z,2026-05-14T10:15:00+0200,2.0,EUR/MWh,FR,FR,day_ahead_price,value,2026-05-23T19:12:02Z
2026-05-23T19:11:13Z,2026-05-23T21:11:13+0200,3f7e4d3d-8fdb-4ead-ba3f-db913921b078,2026-05-14T08:30:00Z,2026-05-14T10:30:00+0200,0.84,EUR/MWh,FR,FR,day_ahead_price,value,2026-05-23T19:12:02Z
2026-05-23T19:11:13Z,2026-05-23T21:11:13+0200,3f7e4d3d-8fdb-4ead-ba3f-db913921b078,2026-05-14T08:45:00Z,2026-05-14T10:45:00+0200,0.01,EUR/MWh,FR,FR,day_ahead_price,value,2026-05-23T19:12:02Z
2026-05-23T19:11:13Z,2026-05-23T21:11:13+0200,3f7e4d3d-8fdb-4ead-ba3f-db913921b078,2026-05-14T09:00:00Z,2026-05-14T11:00:00+0200,0.51,EUR/MWh,FR,FR,day_ahead_price,value,2026-05-23T19:12:02Z
2026-05-23T19:11:13Z,2026-05-23T21:11:13+0200,3f7e4d3d-8fdb-4ead-ba3f-db913921b078,2026-05-14T09:15:00Z,2026-05-14T11:15:00+0200,0.01,EUR/MWh,FR,FR,day_ahead_price,value,2026-05-23T19:12:02Z
2026-05-23T19:11:13Z,2026-05-23T21:11:13+0200,3f7e4d3d-8fdb-4ead-ba3f-db913921b078,2026-05-14T09:30:00Z,2026-05-14T11:30:00+0200,0.01,EUR/MWh,FR,FR,day_ahead_price,value,2026-05-23T19:12:02Z
2026-05-23T19:11:13Z,2026-05-23T21:11:13+0200,3f7e4d3d-8fdb-4ead-ba3f-db913921b078,2026-05-14T09:45:00Z,2026-05-14T11:45:00+0200,0.0,EUR/MWh,FR,FR,day_ahead_price,value,2026-05-23T19:12:02Z
2026-05-23T19:11:13Z,2026-05-23T21:11:13+0200,3f7e4d3d-8fdb-4ead-ba3f-db913921b078,2026-05-14T10:00:00Z,2026-05-14T12:00:00+0200,6.67,EUR/MWh,FR,FR,day_ahead_price,value,2026-05-23T19:12:02Z
2026-05-23T19:11:13Z,2026-05-23T21:11:13+0200,3f7e4d3d-8fdb-4ead-ba3f-db913921b078,2026-05-14T10:15:00Z,2026-05-14T12:15:00+0200,7.93,EUR/MWh,FR,FR,day_ahead_price,value,2026-05-23T19:12:02Z
2026-05-23T19:11:13Z,2026-05-23T21:11:13+0200,3f7e4d3d-8fdb-4ead-ba3f-db913921b078,2026-05-14T10:30:00Z,2026-05-14T12:30:00+0200,14.22,EUR/MWh,FR,FR,day_ahead_price,value,2026-05-23T19:12:02Z
2026-05-23T19:11:13Z,2026-05-23T21:11:13+0200,3f7e4d3d-8fdb-4ead-ba3f-db913921b078,2026-05-14T10:45:00Z,2026-05-14T12:45:00+0200,10.25,EUR/MWh,FR,FR,day_ahead_price,value,2026-05-23T19:12:02Z
2026-05-23T19:11:13Z,2026-05-23T21:11:13+0200,3f7e4d3d-8fdb-4ead-ba3f-db913921b078,2026-05-14T11:00:00Z,2026-05-14T13:00:00+0200,10.21,EUR/MWh,FR,FR,day_ahead_price,value,2026-05-23T19:12:02Z
2026-05-23T19:11:13Z,2026-05-23T21:11:13+0200,3f7e4d3d-8fdb-4ead-ba3f-db913921b078,2026-05-14T11:15:00Z,2026-05-14T13:15:00+0200,4.37,EUR/MWh,FR,FR,day_ahead_price,value,2026-05-23T19:12:02Z
2026-05-23T19:11:13Z,2026-05-23T21:11:13+0200,3f7e4d3d-8fdb-4ead-ba3f-db913921b078,2026-05-14T11:30:00Z,2026-05-14T13:30:00+0200,1.35,EUR/MWh,FR,FR,day_ahead_price,value,2026-05-23T19:12:02Z
2026-05-23T19:11:13Z,2026-05-23T21:11:13+0200,3f7e4d3d-8fdb-4ead-ba3f-db913921b078,2026-05-14T11:45:00Z,2026-05-14T13:45:00+0200,0.08,EUR/MWh,FR,FR,day_ahead_price,value,2026-05-23T19:12:02Z
2026-05-23T19:11:13Z,2026-05-23T21:11:13+0200,3f7e4d3d-8fdb-4ead-ba3f-db913921b078,2026-05-14T12:00:00Z,2026-05-14T14:00:00+0200,1.6,EUR/MWh,FR,FR,day_ahead_price,value,2026-05-23T19:12:02Z
2026-05-23T19:11:13Z,2026-05-23T21:11:13+0200,3f7e4d3d-8fdb-4ead-ba3f-db913921b078,2026-05-14T12:15:00Z,2026-05-14T14:15:00+0200,1.35,EUR/MWh,FR,FR,day_ahead_price,value,2026-05-23T19:12:02Z
2026-05-23T19:11:13Z,2026-05-23T21:11:13+0200,3f7e4d3d-8fdb-4ead-ba3f-db913921b078,2026-05-14T12:30:00Z,2026-05-14T14:30:00+0200,0.43,EUR/MWh,FR,FR,day_ahead_price,value,2026-05-23T19:12:02Z
2026-05-23T19:11:13Z,2026-05-23T21:11:13+0200,3f7e4d3d-8fdb-4ead-ba3f-db913921b078,2026-05-14T12:45:00Z,2026-05-14T14:45:00+0200,0.0,EUR/MWh,FR,FR,day_ahead_price,value,2026-05-23T19:12:02Z
2026-05-23T19:11:13Z,2026-05-23T21:11:13+0200,3f7e4d3d-8fdb-4ead-ba3f-db913921b078,2026-05-14T13:00:00Z,2026-05-14T15:00:00+0200,0.0,EUR/MWh,FR,FR,day_ahead_price,value,2026-05-23T19:12:02Z
2026-05-23T19:11:13Z,2026-05-23T21:11:13+0200,3f7e4d3d-8fdb-4ead-ba3f-db913921b078,2026-05-14T13:15:00Z,2026-05-14T15:15:00+0200,0.0,EUR/MWh,FR,FR,day_ahead_price,value,2026-05-23T19:12:02Z
2026-05-23T19:11:13Z,2026-05-23T21:11:13+0200,3f7e4d3d-8fdb-4ead-ba3f-db913921b078,2026-05-14T13:30:00Z,2026-05-14T15:30:00+0200,0.0,EUR/MWh,FR,FR,day_ahead_price,value,2026-05-23T19:12:02Z
2026-05-23T19:11:13Z,2026-05-23T21:11:13+0200,3f7e4d3d-8fdb-4ead-ba3f-db913921b078,2026-05-14T13:45:00Z,2026-05-14T15:45:00+0200,0.0,EUR/MWh,FR,FR,day_ahead_price,value,2026-05-23T19:12:02Z
2026-05-23T19:11:13Z,2026-05-23T21:11:13+0200,3f7e4d3d-8fdb-4ead-ba3f-db913921b078,2026-05-14T14:00:00Z,2026-05-14T16:00:00+0200,-0.01,EUR/MWh,FR,FR,day_ahead_price,value,2026-05-23T19:12:02Z
2026-05-23T19:11:13Z,2026-05-23T21:11:13+0200,3f7e4d3d-8fdb-4ead-ba3f-db913921b078,2026-05-14T14:15:00Z,2026-05-14T16:15:00+0200,-0.01,EUR/MWh,FR,FR,day_ahead_price,value,2026-05-23T19:12:02Z
2026-05-23T19:11:13Z,2026-05-23T21:11:13+0200,3f7e4d3d-8fdb-4ead-ba3f-db913921b078,2026-05-14T14:30:00Z,2026-05-14T16:30:00+0200,-0.01,EUR/MWh,FR,FR,day_ahead_price,value,2026-05-23T19:12:02Z
2026-05-23T19:11:13Z,2026-05-23T21:11:13+0200,3f7e4d3d-8fdb-4ead-ba3f-db913921b078,2026-05-14T14:45:00Z,2026-05-14T16:45:00+0200,0.0,EUR/MWh,FR,FR,day_ahead_price,value,2026-05-23T19:12:02Z
2026-05-23T19:11:13Z,2026-05-23T21:11:13+0200,3f7e4d3d-8fdb-4ead-ba3f-db913921b078,2026-05-14T15:00:00Z,2026-05-14T17:00:00+0200,-0.01,EUR/MWh,FR,FR,day_ahead_price,value,2026-05-23T19:12:02Z
2026-05-23T19:11:13Z,2026-05-23T21:11:13+0200,3f7e4d3d-8fdb-4ead-ba3f-db913921b078,2026-05-14T15:15:00Z,2026-05-14T17:15:00+0200,0.0,EUR/MWh,FR,FR,day_ahead_price,value,2026-05-23T19:12:02Z
2026-05-23T19:11:13Z,2026-05-23T21:11:13+0200,3f7e4d3d-8fdb-4ead-ba3f-db913921b078,2026-05-14T15:30:00Z,2026-05-14T17:30:00+0200,0.0,EUR/MWh,FR,FR,day_ahead_price,value,2026-05-23T19:12:02Z
2026-05-23T19:11:13Z,2026-05-23T21:11:13+0200,3f7e4d3d-8fdb-4ead-ba3f-db913921b078,2026-05-14T15:45:00Z,2026-05-14T17:45:00+0200,0.0,EUR/MWh,FR,FR,day_ahead_price,value,2026-05-23T19:12:02Z
2026-05-23T19:11:13Z,2026-05-23T21:11:13+0200,3f7e4d3d-8fdb-4ead-ba3f-db913921b078,2026-05-14T16:00:00Z,2026-05-14T18:00:00+0200,0.98,EUR/MWh,FR,FR,day_ahead_price,value,2026-05-23T19:12:02Z
2026-05-23T19:11:13Z,2026-05-23T21:11:13+0200,3f7e4d3d-8fdb-4ead-ba3f-db913921b078,2026-05-14T16:15:00Z,2026-05-14T18:15:00+0200,0.63,EUR/MWh,FR,FR,day_ahead_price,value,2026-05-23T19:12:02Z
2026-05-23T19:11:13Z,2026-05-23T21:11:13+0200,3f7e4d3d-8fdb-4ead-ba3f-db913921b078,2026-05-14T16:30:00Z,2026-05-14T18:30:00+0200,16.65,EUR/MWh,FR,FR,day_ahead_price,value,2026-05-23T19:12:02Z
2026-05-23T19:11:13Z,2026-05-23T21:11:13+0200,3f7e4d3d-8fdb-4ead-ba3f-db913921b078,2026-05-14T16:45:00Z,2026-05-14T18:45:00+0200,43.74,EUR/MWh,FR,FR,day_ahead_price,value,2026-05-23T19:12:02Z
2026-05-23T19:11:13Z,2026-05-23T21:11:13+0200,3f7e4d3d-8fdb-4ead-ba3f-db913921b078,2026-05-14T17:00:00Z,2026-05-14T19:00:00+0200,18.67,EUR/MWh,FR,FR,day_ahead_price,value,2026-05-23T19:12:02Z
2026-05-23T19:11:13Z,2026-05-23T21:11:13+0200,3f7e4d3d-8fdb-4ead-ba3f-db913921b078,2026-05-14T17:15:00Z,2026-05-14T19:15:00+0200,35.62,EUR/MWh,FR,FR,day_ahead_price,value,2026-05-23T19:12:02Z
2026-05-23T19:11:13Z,2026-05-23T21:11:13+0200,3f7e4d3d-8fdb-4ead-ba3f-db913921b078,2026-05-14T17:30:00Z,2026-05-14T19:30:00+0200,44.71,EUR/MWh,FR,FR,day_ahead_price,value,2026-05-23T19:12:02Z
2026-05-23T19:11:13Z,2026-05-23T21:11:13+0200,3f7e4d3d-8fdb-4ead-ba3f-db913921b078,2026-05-14T17:45:00Z,2026-05-14T19:45:00+0200,70.5,EUR/MWh,FR,FR,day_ahead_price,value,2026-05-23T19:12:02Z
2026-05-23T19:11:13Z,2026-05-23T21:11:13+0200,3f7e4d3d-8fdb-4ead-ba3f-db913921b078,2026-05-14T18:00:00Z,2026-05-14T20:00:00+0200,59.34,EUR/MWh,FR,FR,day_ahead_price,value,2026-05-23T19:12:02Z
2026-05-23T19:11:13Z,2026-05-23T21:11:13+0200,3f7e4d3d-8fdb-4ead-ba3f-db913921b078,2026-05-14T18:15:00Z,2026-05-14T20:15:00+0200,82.3,EUR/MWh,FR,FR,day_ahead_price,value,2026-05-23T19:12:02Z
2026-05-23T19:11:13Z,2026-05-23T21:11:13+0200,3f7e4d3d-8fdb-4ead-ba3f-db913921b078,2026-05-14T18:30:00Z,2026-05-14T20:30:00+0200,89.69,EUR/MWh,FR,FR,day_ahead_price,value,2026-05-23T19:12:02Z
2026-05-23T19:11:13Z,2026-05-23T21:11:13+0200,3f7e4d3d-8fdb-4ead-ba3f-db913921b078,2026-05-14T18:45:00Z,2026-05-14T20:45:00+0200,98.0,EUR/MWh,FR,FR,day_ahead_price,value,2026-05-23T19:12:02Z
2026-05-23T19:11:13Z,2026-05-23T21:11:13+0200,3f7e4d3d-8fdb-4ead-ba3f-db913921b078,2026-05-14T19:00:00Z,2026-05-14T21:00:00+0200,93.24,EUR/MWh,FR,FR,day_ahead_price,value,2026-05-23T19:12:02Z
2026-05-23T19:11:13Z,2026-05-23T21:11:13+0200,3f7e4d3d-8fdb-4ead-ba3f-db913921b078,2026-05-14T19:15:00Z,2026-05-14T21:15:00+0200,98.0,EUR/MWh,FR,FR,day_ahead_price,value,2026-05-23T19:12:02Z
2026-05-23T19:11:13Z,2026-05-23T21:11:13+0200,3f7e4d3d-8fdb-4ead-ba3f-db913921b078,2026-05-14T19:30:00Z,2026-05-14T21:30:00+0200,101.5,EUR/MWh,FR,FR,day_ahead_price,value,2026-05-23T19:12:02Z
2026-05-23T19:11:13Z,2026-05-23T21:11:13+0200,3f7e4d3d-8fdb-4ead-ba3f-db913921b078,2026-05-14T19:45:00Z,2026-05-14T21:45:00+0200,99.47,EUR/MWh,FR,FR,day_ahead_price,value,2026-05-23T19:12:02Z
2026-05-23T19:11:13Z,2026-05-23T21:11:13+0200,3f7e4d3d-8fdb-4ead-ba3f-db913921b078,2026-05-14T20:00:00Z,2026-05-14T22:00:00+0200,102.0,EUR/MWh,FR,FR,day_ahead_price,value,2026-05-23T19:12:02Z
2026-05-23T19:11:13Z,2026-05-23T21:11:13+0200,3f7e4d3d-8fdb-4ead-ba3f-db913921b078,2026-05-14T20:15:00Z,2026-05-14T22:15:00+0200,98.0,EUR/MWh,FR,FR,day_ahead_price,value,2026-05-23T19:12:02Z
2026-05-23T19:11:13Z,2026-05-23T21:11:13+0200,3f7e4d3d-8fdb-4ead-ba3f-db913921b078,2026-05-14T20:30:00Z,2026-05-14T22:30:00+0200,99.68,EUR/MWh,FR,FR,day_ahead_price,value,2026-05-23T19:12:02Z
2026-05-23T19:11:13Z,2026-05-23T21:11:13+0200,3f7e4d3d-8fdb-4ead-ba3f-db913921b078,2026-05-14T20:45:00Z,2026-05-14T22:45:00+0200,95.0,EUR/MWh,FR,FR,day_ahead_price,value,2026-05-23T19:12:02Z
2026-05-23T19:11:13Z,2026-05-23T21:11:13+0200,3f7e4d3d-8fdb-4ead-ba3f-db913921b078,2026-05-14T21:00:00Z,2026-05-14T23:00:00+0200,94.87,EUR/MWh,FR,FR,day_ahead_price,value,2026-05-23T19:12:02Z
2026-05-23T19:11:13Z,2026-05-23T21:11:13+0200,3f7e4d3d-8fdb-4ead-ba3f-db913921b078,2026-05-14T21:15:00Z,2026-05-14T23:15:00+0200,92.47,EUR/MWh,FR,FR,day_ahead_price,value,2026-05-23T19:12:02Z
2026-05-23T19:11:13Z,2026-05-23T21:11:13+0200,3f7e4d3d-8fdb-4ead-ba3f-db913921b078,2026-05-14T21:30:00Z,2026-05-14T23:30:00+0200,92.47,EUR/MWh,FR,FR,day_ahead_price,value,2026-05-23T19:12:02Z
2026-05-23T19:11:13Z,2026-05-23T21:11:13+0200,3f7e4d3d-8fdb-4ead-ba3f-db913921b078,2026-05-14T21:45:00Z,2026-05-14T23:45:00+0200,88.1,EUR/MWh,FR,FR,day_ahead_price,value,2026-05-23T19:12:02Z
2026-05-23T19:11:13Z,2026-05-23T21:11:13+0200,3f7e4d3d-8fdb-4ead-ba3f-db913921b078,2026-05-14T22:00:00Z,2026-05-15T00:00:00+0200,90.0,EUR/MWh,FR,FR,day_ahead_price,value,2026-05-23T19:12:02Z
2026-05-23T19:11:13Z,2026-05-23T21:11:13+0200,3f7e4d3d-8fdb-4ead-ba3f-db913921b078,2026-05-14T22:15:00Z,2026-05-15T00:15:00+0200,84.04,EUR/MWh,FR,FR,day_ahead_price,value,2026-05-23T19:12:02Z
2026-05-23T19:11:13Z,2026-05-23T21:11:13+0200,3f7e4d3d-8fdb-4ead-ba3f-db913921b078,2026-05-14T22:30:00Z,2026-05-15T00:30:00+0200,75.1,EUR/MWh,FR,FR,day_ahead_price,value,2026-05-23T19:12:02Z
2026-05-23T19:11:13Z,2026-05-23T21:11:13+0200,3f7e4d3d-8fdb-4ead-ba3f-db913921b078,2026-05-14T22:45:00Z,2026-05-15T00:45:00+0200,74.02,EUR/MWh,FR,FR,day_ahead_price,value,2026-05-23T19:12:02Z
2026-05-23T19:11:13Z,2026-05-23T21:11:13+0200,3f7e4d3d-8fdb-4ead-ba3f-db913921b078,2026-05-14T23:00:00Z,2026-05-15T01:00:00+0200,73.92,EUR/MWh,FR,FR,day_ahead_price,value,2026-05-23T19:12:02Z
2026-05-23T19:11:13Z,2026-05-23T21:11:13+0200,3f7e4d3d-8fdb-4ead-ba3f-db913921b078,2026-05-14T23:15:00Z,2026-05-15T01:15:00+0200,72.08,EUR/MWh,FR,FR,day_ahead_price,value,2026-05-23T19:12:02Z
2026-05-23T19:11:13Z,2026-05-23T21:11:13+0200,3f7e4d3d-8fdb-4ead-ba3f-db913921b078,2026-05-14T23:30:00Z,2026-05-15T01:30:00+0200,70.01,EUR/MWh,FR,FR,day_ahead_price,value,2026-05-23T19:12:02Z
2026-05-23T19:11:13Z,2026-05-23T21:11:13+0200,3f7e4d3d-8fdb-4ead-ba3f-db913921b078,2026-05-14T23:45:00Z,2026-05-15T01:45:00+0200,65.2,EUR/MWh,FR,FR,day_ahead_price,value,2026-05-23T19:12:02Z
2026-05-23T19:11:13Z,2026-05-23T21:11:13+0200,3f7e4d3d-8fdb-4ead-ba3f-db913921b078,2026-05-15T00:00:00Z,2026-05-15T02:00:00+0200,68.36,EUR/MWh,FR,FR,day_ahead_price,value,2026-05-23T19:12:02Z
2026-05-23T19:11:13Z,2026-05-23T21:11:13+0200,3f7e4d3d-8fdb-4ead-ba3f-db913921b078,2026-05-15T00:15:00Z,2026-05-15T02:15:00+0200,65.15,EUR/MWh,FR,FR,day_ahead_price,value,2026-05-23T19:12:02Z
2026-05-23T19:11:13Z,2026-05-23T21:11:13+0200,3f7e4d3d-8fdb-4ead-ba3f-db913921b078,2026-05-15T00:30:00Z,2026-05-15T02:30:00+0200,59.66,EUR/MWh,FR,FR,day_ahead_price,value,2026-05-23T19:12:02Z
2026-05-23T19:11:13Z,2026-05-23T21:11:13+0200,3f7e4d3d-8fdb-4ead-ba3f-db913921b078,2026-05-15T00:45:00Z,2026-05-15T02:45:00+0200,55.45,EUR/MWh,FR,FR,day_ahead_price,value,2026-05-23T19:12:02Z
2026-05-23T19:11:13Z,2026-05-23T21:11:13+0200,3f7e4d3d-8fdb-4ead-ba3f-db913921b078,2026-05-15T01:00:00Z,2026-05-15T03:00:00+0200,58.25,EUR/MWh,FR,FR,day_ahead_price,value,2026-05-23T19:12:02Z
2026-05-23T19:11:13Z,2026-05-23T21:11:13+0200,3f7e4d3d-8fdb-4ead-ba3f-db913921b078,2026-05-15T01:15:00Z,2026-05-15T03:15:00+0200,50.0,EUR/MWh,FR,FR,day_ahead_price,value,2026-05-23T19:12:02Z
2026-05-23T19:11:13Z,2026-05-23T21:11:13+0200,3f7e4d3d-8fdb-4ead-ba3f-db913921b078,2026-05-15T01:30:00Z,2026-05-15T03:30:00+0200,47.6,EUR/MWh,FR,FR,day_ahead_price,value,2026-05-23T19:12:02Z
2026-05-23T19:11:13Z,2026-05-23T21:11:13+0200,3f7e4d3d-8fdb-4ead-ba3f-db913921b078,2026-05-15T01:45:00Z,2026-05-15T03:45:00+0200,41.31,EUR/MWh,FR,FR,day_ahead_price,value,2026-05-23T19:12:02Z
2026-05-23T19:11:13Z,2026-05-23T21:11:13+0200,3f7e4d3d-8fdb-4ead-ba3f-db913921b078,2026-05-15T02:00:00Z,2026-05-15T04:00:00+0200,44.5,EUR/MWh,FR,FR,day_ahead_price,value,2026-05-23T19:12:02Z
2026-05-23T19:11:13Z,2026-05-23T21:11:13+0200,3f7e4d3d-8fdb-4ead-ba3f-db913921b078,2026-05-15T02:15:00Z,2026-05-15T04:15:00+0200,40.1,EUR/MWh,FR,FR,day_ahead_price,value,2026-05-23T19:12:02Z
2026-05-23T19:11:13Z,2026-05-23T21:11:13+0200,3f7e4d3d-8fdb-4ead-ba3f-db913921b078,2026-05-15T02:30:00Z,2026-05-15T04:30:00+0200,40.1,EUR/MWh,FR,FR,day_ahead_price,value,2026-05-23T19:12:02Z
2026-05-23T19:11:13Z,2026-05-23T21:11:13+0200,3f7e4d3d-8fdb-4ead-ba3f-db913921b078,2026-05-15T02:45:00Z,2026-05-15T04:45:00+0200,40.1,EUR/MWh,FR,FR,day_ahead_price,value,2026-05-23T19:12:02Z
2026-05-23T19:11:13Z,2026-05-23T21:11:13+0200,3f7e4d3d-8fdb-4ead-ba3f-db913921b078,2026-05-15T03:00:00Z,2026-05-15T05:00:00+0200,45.0,EUR/MWh,FR,FR,day_ahead_price,value,2026-05-23T19:12:02Z
2026-05-23T19:11:13Z,2026-05-23T21:11:13+0200,3f7e4d3d-8fdb-4ead-ba3f-db913921b078,2026-05-15T03:15:00Z,2026-05-15T05:15:00+0200,45.0,EUR/MWh,FR,FR,day_ahead_price,value,2026-05-23T19:12:02Z
2026-05-23T19:11:13Z,2026-05-23T21:11:13+0200,3f7e4d3d-8fdb-4ead-ba3f-db913921b078,2026-05-15T03:30:00Z,2026-05-15T05:30:00+0200,50.0,EUR/MWh,FR,FR,day_ahead_price,value,2026-05-23T19:12:02Z
2026-05-23T19:11:13Z,2026-05-23T21:11:13+0200,3f7e4d3d-8fdb-4ead-ba3f-db913921b078,2026-05-15T03:45:00Z,2026-05-15T05:45:00+0200,50.0,EUR/MWh,FR,FR,day_ahead_price,value,2026-05-23T19:12:02Z
2026-05-23T19:11:13Z,2026-05-23T21:11:13+0200,3f7e4d3d-8fdb-4ead-ba3f-db913921b078,2026-05-15T04:00:00Z,2026-05-15T06:00:00+0200,65.24,EUR/MWh,FR,FR,day_ahead_price,value,2026-05-23T19:12:02Z
2026-05-23T19:11:13Z,2026-05-23T21:11:13+0200,3f7e4d3d-8fdb-4ead-ba3f-db913921b078,2026-05-15T04:15:00Z,2026-05-15T06:15:00+0200,66.09,EUR/MWh,FR,FR,day_ahead_price,value,2026-05-23T19:12:02Z
2026-05-23T19:11:13Z,2026-05-23T21:11:13+0200,3f7e4d3d-8fdb-4ead-ba3f-db913921b078,2026-05-15T04:30:00Z,2026-05-15T06:30:00+0200,68.36,EUR/MWh,FR,FR,day_ahead_price,value,2026-05-23T19:12:02Z
2026-05-23T19:11:13Z,2026-05-23T21:11:13+0200,3f7e4d3d-8fdb-4ead-ba3f-db913921b078,2026-05-15T04:45:00Z,2026-05-15T06:45:00+0200,70.0,EUR/MWh,FR,FR,day_ahead_price,value,2026-05-23T19:12:02Z
2026-05-23T19:11:13Z,2026-05-23T21:11:13+0200,3f7e4d3d-8fdb-4ead-ba3f-db913921b078,2026-05-15T05:00:00Z,2026-05-15T07:00:00+0200,74.5,EUR/MWh,FR,FR,day_ahead_price,value,2026-05-23T19:12:02Z
2026-05-23T19:11:13Z,2026-05-23T21:11:13+0200,3f7e4d3d-8fdb-4ead-ba3f-db913921b078,2026-05-15T05:15:00Z,2026-05-15T07:15:00+0200,74.74,EUR/MWh,FR,FR,day_ahead_price,value,2026-05-23T19:12:02Z
2026-05-23T19:11:13Z,2026-05-23T21:11:13+0200,3f7e4d3d-8fdb-4ead-ba3f-db913921b078,2026-05-15T05:30:00Z,2026-05-15T07:30:00+0200,74.02,EUR/MWh,FR,FR,day_ahead_price,value,2026-05-23T19:12:02Z
2026-05-23T19:11:13Z,2026-05-23T21:11:13+0200,3f7e4d3d-8fdb-4ead-ba3f-db913921b078,2026-05-15T05:45:00Z,2026-05-15T07:45:00+0200,69.94,EUR/MWh,FR,FR,day_ahead_price,value,2026-05-23T19:12:02Z
2026-05-23T19:11:13Z,2026-05-23T21:11:13+0200,3f7e4d3d-8fdb-4ead-ba3f-db913921b078,2026-05-15T06:00:00Z,2026-05-15T08:00:00+0200,73.78,EUR/MWh,FR,FR,day_ahead_price,value,2026-05-23T19:12:02Z
2026-05-23T19:11:13Z,2026-05-23T21:11:13+0200,3f7e4d3d-8fdb-4ead-ba3f-db913921b078,2026-05-15T06:15:00Z,2026-05-15T08:15:00+0200,62.4,EUR/MWh,FR,FR,day_ahead_price,value,2026-05-23T19:12:02Z
2026-05-23T19:11:13Z,2026-05-23T21:11:13+0200,3f7e4d3d-8fdb-4ead-ba3f-db913921b078,2026-05-15T06:30:00Z,2026-05-15T08:30:00+0200,54.09,EUR/MWh,FR,FR,day_ahead_price,value,2026-05-23T19:12:02Z
2026-05-23T19:11:13Z,2026-05-23T21:11:13+0200,3f7e4d3d-8fdb-4ead-ba3f-db913921b078,2026-05-15T06:45:00Z,2026-05-15T08:45:00+0200,47.21,EUR/MWh,FR,FR,day_ahead_price,value,2026-05-23T19:12:02Z
2026-05-23T19:11:13Z,2026-05-23T21:11:13+0200,3f7e4d3d-8fdb-4ead-ba3f-db913921b078,2026-05-15T07:00:00Z,2026-05-15T09:00:00+0200,67.55,EUR/MWh,FR,FR,day_ahead_price,value,2026-05-23T19:12:02Z
2026-05-23T19:11:13Z,2026-05-23T21:11:13+0200,3f7e4d3d-8fdb-4ead-ba3f-db913921b078,2026-05-15T07:15:00Z,2026-05-15T09:15:00+0200,54.9,EUR/MWh,FR,FR,day_ahead_price,value,2026-05-23T19:12:02Z
2026-05-23T19:11:13Z,2026-05-23T21:11:13+0200,3f7e4d3d-8fdb-4ead-ba3f-db913921b078,2026-05-15T07:30:00Z,2026-05-15T09:30:00+0200,47.34,EUR/MWh,FR,FR,day_ahead_price,value,2026-05-23T19:12:02Z
2026-05-23T19:11:13Z,2026-05-23T21:11:13+0200,3f7e4d3d-8fdb-4ead-ba3f-db913921b078,2026-05-15T07:45:00Z,2026-05-15T09:45:00+0200,16.6,EUR/MWh,FR,FR,day_ahead_price,value,2026-05-23T19:12:02Z
2026-05-23T19:11:13Z,2026-05-23T21:11:13+0200,3f7e4d3d-8fdb-4ead-ba3f-db913921b078,2026-05-15T08:00:00Z,2026-05-15T10:00:00+0200,49.05,EUR/MWh,FR,FR,day_ahead_price,value,2026-05-23T19:12:02Z
2026-05-23T19:11:13Z,2026-05-23T21:11:13+0200,3f7e4d3d-8fdb-4ead-ba3f-db913921b078,2026-05-15T08:15:00Z,2026-05-15T10:15:00+0200,12.0,EUR/MWh,FR,FR,day_ahead_price,value,2026-05-23T19:12:02Z
2026-05-23T19:11:13Z,2026-05-23T21:11:13+0200,3f7e4d3d-8fdb-4ead-ba3f-db913921b078,2026-05-15T08:30:00Z,2026-05-15T10:30:00+0200,17.8,EUR/MWh,FR,FR,day_ahead_price,value,2026-05-23T19:12:02Z
2026-05-23T19:11:13Z,2026-05-23T21:11:13+0200,3f7e4d3d-8fdb-4ead-ba3f-db913921b078,2026-05-15T08:45:00Z,2026-05-15T10:45:00+0200,0.9,EUR/MWh,FR,FR,day_ahead_price,value,2026-05-23T19:12:02Z
2026-05-23T19:11:13Z,2026-05-23T21:11:13+0200,3f7e4d3d-8fdb-4ead-ba3f-db913921b078,2026-05-15T09:00:00Z,2026-05-15T11:00:00+0200,9.62,EUR/MWh,FR,FR,day_ahead_price,value,2026-05-23T19:12:02Z
2026-05-23T19:11:13Z,2026-05-23T21:11:13+0200,3f7e4d3d-8fdb-4ead-ba3f-db913921b078,2026-05-15T09:15:00Z,2026-05-15T11:15:00+0200,4.82,EUR/MWh,FR,FR,day_ahead_price,value,2026-05-23T19:12:02Z
2026-05-23T19:11:13Z,2026-05-23T21:11:13+0200,3f7e4d3d-8fdb-4ead-ba3f-db913921b078,2026-05-15T09:30:00Z,2026-05-15T11:30:00+0200,7.07,EUR/MWh,FR,FR,day_ahead_price,value,2026-05-23T19:12:02Z
2026-05-23T19:11:13Z,2026-05-23T21:11:13+0200,3f7e4d3d-8fdb-4ead-ba3f-db913921b078,2026-05-15T09:45:00Z,2026-05-15T11:45:00+0200,2.6,EUR/MWh,FR,FR,day_ahead_price,value,2026-05-23T19:12:02Z
2026-05-23T19:11:13Z,2026-05-23T21:11:13+0200,3f7e4d3d-8fdb-4ead-ba3f-db913921b078,2026-05-15T10:00:00Z,2026-05-15T12:00:00+0200,19.04,EUR/MWh,FR,FR,day_ahead_price,value,2026-05-23T19:12:02Z
2026-05-23T19:11:13Z,2026-05-23T21:11:13+0200,3f7e4d3d-8fdb-4ead-ba3f-db913921b078,2026-05-15T10:15:00Z,2026-05-15T12:15:00+0200,11.71,EUR/MWh,FR,FR,day_ahead_price,value,2026-05-23T19:12:02Z
2026-05-23T19:11:13Z,2026-05-23T21:11:13+0200,3f7e4d3d-8fdb-4ead-ba3f-db913921b078,2026-05-15T10:30:00Z,2026-05-15T12:30:00+0200,13.52,EUR/MWh,FR,FR,day_ahead_price,value,2026-05-23T19:12:02Z
2026-05-23T19:11:13Z,2026-05-23T21:11:13+0200,3f7e4d3d-8fdb-4ead-ba3f-db913921b078,2026-05-15T10:45:00Z,2026-05-15T12:45:00+0200,7.82,EUR/MWh,FR,FR,day_ahead_price,value,2026-05-23T19:12:02Z
2026-05-23T19:11:13Z,2026-05-23T21:11:13+0200,3f7e4d3d-8fdb-4ead-ba3f-db913921b078,2026-05-15T11:00:00Z,2026-05-15T13:00:00+0200,2.0,EUR/MWh,FR,FR,day_ahead_price,value,2026-05-23T19:12:02Z
2026-05-23T19:11:13Z,2026-05-23T21:11:13+0200,3f7e4d3d-8fdb-4ead-ba3f-db913921b078,2026-05-15T11:15:00Z,2026-05-15T13:15:00+0200,10.3,EUR/MWh,FR,FR,day_ahead_price,value,2026-05-23T19:12:02Z
2026-05-23T19:11:13Z,2026-05-23T21:11:13+0200,3f7e4d3d-8fdb-4ead-ba3f-db913921b078,2026-05-15T11:30:00Z,2026-05-15T13:30:00+0200,0.0,EUR/MWh,FR,FR,day_ahead_price,value,2026-05-23T19:12:02Z
2026-05-23T19:11:13Z,2026-05-23T21:11:13+0200,3f7e4d3d-8fdb-4ead-ba3f-db913921b078,2026-05-15T11:45:00Z,2026-05-15T13:45:00+0200,0.0,EUR/MWh,FR,FR,day_ahead_price,value,2026-05-23T19:12:02Z
2026-05-23T19:11:13Z,2026-05-23T21:11:13+0200,3f7e4d3d-8fdb-4ead-ba3f-db913921b078,2026-05-15T12:00:00Z,2026-05-15T14:00:00+0200,12.24,EUR/MWh,FR,FR,day_ahead_price,value,2026-05-23T19:12:02Z
2026-05-23T19:11:13Z,2026-05-23T21:11:13+0200,3f7e4d3d-8fdb-4ead-ba3f-db913921b078,2026-05-15T12:15:00Z,2026-05-15T14:15:00+0200,5.0,EUR/MWh,FR,FR,day_ahead_price,value,2026-05-23T19:12:02Z
2026-05-23T19:11:13Z,2026-05-23T21:11:13+0200,3f7e4d3d-8fdb-4ead-ba3f-db913921b078,2026-05-15T12:30:00Z,2026-05-15T14:30:00+0200,0.0,EUR/MWh,FR,FR,day_ahead_price,value,2026-05-23T19:12:02Z
2026-05-23T19:11:13Z,2026-05-23T21:11:13+0200,3f7e4d3d-8fdb-4ead-ba3f-db913921b078,2026-05-15T12:45:00Z,2026-05-15T14:45:00+0200,0.0,EUR/MWh,FR,FR,day_ahead_price,value,2026-05-23T19:12:02Z
2026-05-23T19:11:13Z,2026-05-23T21:11:13+0200,3f7e4d3d-8fdb-4ead-ba3f-db913921b078,2026-05-15T13:00:00Z,2026-05-15T15:00:00+0200,0.01,EUR/MWh,FR,FR,day_ahead_price,value,2026-05-23T19:12:02Z
2026-05-23T19:11:13Z,2026-05-23T21:11:13+0200,3f7e4d3d-8fdb-4ead-ba3f-db913921b078,2026-05-15T13:15:00Z,2026-05-15T15:15:00+0200,0.0,EUR/MWh,FR,FR,day_ahead_price,value,2026-05-23T19:12:02Z
2026-05-23T19:11:13Z,2026-05-23T21:11:13+0200,3f7e4d3d-8fdb-4ead-ba3f-db913921b078,2026-05-15T13:30:00Z,2026-05-15T15:30:00+0200,0.0,EUR/MWh,FR,FR,day_ahead_price,value,2026-05-23T19:12:02Z
2026-05-23T19:11:13Z,2026-05-23T21:11:13+0200,3f7e4d3d-8fdb-4ead-ba3f-db913921b078,2026-05-15T13:45:00Z,2026-05-15T15:45:00+0200,0.0,EUR/MWh,FR,FR,day_ahead_price,value,2026-05-23T19:12:02Z
2026-05-23T19:11:13Z,2026-05-23T21:11:13+0200,3f7e4d3d-8fdb-4ead-ba3f-db913921b078,2026-05-15T14:00:00Z,2026-05-15T16:00:00+0200,-0.01,EUR/MWh,FR,FR,day_ahead_price,value,2026-05-23T19:12:02Z
2026-05-23T19:11:13Z,2026-05-23T21:11:13+0200,3f7e4d3d-8fdb-4ead-ba3f-db913921b078,2026-05-15T14:15:00Z,2026-05-15T16:15:00+0200,0.0,EUR/MWh,FR,FR,day_ahead_price,value,2026-05-23T19:12:02Z
2026-05-23T19:11:13Z,2026-05-23T21:11:13+0200,3f7e4d3d-8fdb-4ead-ba3f-db913921b078,2026-05-15T14:30:00Z,2026-05-15T16:30:00+0200,0.0,EUR/MWh,FR,FR,day_ahead_price,value,2026-05-23T19:12:02Z
2026-05-23T19:11:13Z,2026-05-23T21:11:13+0200,3f7e4d3d-8fdb-4ead-ba3f-db913921b078,2026-05-15T14:45:00Z,2026-05-15T16:45:00+0200,0.0,EUR/MWh,FR,FR,day_ahead_price,value,2026-05-23T19:12:02Z
2026-05-23T19:11:13Z,2026-05-23T21:11:13+0200,3f7e4d3d-8fdb-4ead-ba3f-db913921b078,2026-05-15T15:00:00Z,2026-05-15T17:00:00+0200,0.0,EUR/MWh,FR,FR,day_ahead_price,value,2026-05-23T19:12:02Z
2026-05-23T19:11:13Z,2026-05-23T21:11:13+0200,3f7e4d3d-8fdb-4ead-ba3f-db913921b078,2026-05-15T15:15:00Z,2026-05-15T17:15:00+0200,0.0,EUR/MWh,FR,FR,day_ahead_price,value,2026-05-23T19:12:02Z
2026-05-23T19:11:13Z,2026-05-23T21:11:13+0200,3f7e4d3d-8fdb-4ead-ba3f-db913921b078,2026-05-15T15:30:00Z,2026-05-15T17:30:00+0200,0.0,EUR/MWh,FR,FR,day_ahead_price,value,2026-05-23T19:12:02Z
2026-05-23T19:11:13Z,2026-05-23T21:11:13+0200,3f7e4d3d-8fdb-4ead-ba3f-db913921b078,2026-05-15T15:45:00Z,2026-05-15T17:45:00+0200,0.0,EUR/MWh,FR,FR,day_ahead_price,value,2026-05-23T19:12:02Z
2026-05-23T19:11:13Z,2026-05-23T21:11:13+0200,3f7e4d3d-8fdb-4ead-ba3f-db913921b078,2026-05-15T16:00:00Z,2026-05-15T18:00:00+0200,3.83,EUR/MWh,FR,FR,day_ahead_price,value,2026-05-23T19:12:02Z
2026-05-23T19:11:13Z,2026-05-23T21:11:13+0200,3f7e4d3d-8fdb-4ead-ba3f-db913921b078,2026-05-15T16:15:00Z,2026-05-15T18:15:00+0200,3.6,EUR/MWh,FR,FR,day_ahead_price,value,2026-05-23T19:12:02Z
2026-05-23T19:11:13Z,2026-05-23T21:11:13+0200,3f7e4d3d-8fdb-4ead-ba3f-db913921b078,2026-05-15T16:30:00Z,2026-05-15T18:30:00+0200,17.56,EUR/MWh,FR,FR,day_ahead_price,value,2026-05-23T19:12:02Z
2026-05-23T19:11:13Z,2026-05-23T21:11:13+0200,3f7e4d3d-8fdb-4ead-ba3f-db913921b078,2026-05-15T16:45:00Z,2026-05-15T18:45:00+0200,34.38,EUR/MWh,FR,FR,day_ahead_price,value,2026-05-23T19:12:02Z
2026-05-23T19:11:13Z,2026-05-23T21:11:13+0200,3f7e4d3d-8fdb-4ead-ba3f-db913921b078,2026-05-15T17:00:00Z,2026-05-15T19:00:00+0200,24.01,EUR/MWh,FR,FR,day_ahead_price,value,2026-05-23T19:12:02Z
2026-05-23T19:11:13Z,2026-05-23T21:11:13+0200,3f7e4d3d-8fdb-4ead-ba3f-db913921b078,2026-05-15T17:15:00Z,2026-05-15T19:15:00+0200,29.03,EUR/MWh,FR,FR,day_ahead_price,value,2026-05-23T19:12:02Z
2026-05-23T19:11:13Z,2026-05-23T21:11:13+0200,3f7e4d3d-8fdb-4ead-ba3f-db913921b078,2026-05-15T17:30:00Z,2026-05-15T19:30:00+0200,49.42,EUR/MWh,FR,FR,day_ahead_price,value,2026-05-23T19:12:02Z
2026-05-23T19:11:13Z,2026-05-23T21:11:13+0200,3f7e4d3d-8fdb-4ead-ba3f-db913921b078,2026-05-15T17:45:00Z,2026-05-15T19:45:00+0200,55.96,EUR/MWh,FR,FR,day_ahead_price,value,2026-05-23T19:12:02Z
2026-05-23T19:11:13Z,2026-05-23T21:11:13+0200,3f7e4d3d-8fdb-4ead-ba3f-db913921b078,2026-05-15T18:00:00Z,2026-05-15T20:00:00+0200,38.58,EUR/MWh,FR,FR,day_ahead_price,value,2026-05-23T19:12:02Z
2026-05-23T19:11:13Z,2026-05-23T21:11:13+0200,3f7e4d3d-8fdb-4ead-ba3f-db913921b078,2026-05-15T18:15:00Z,2026-05-15T20:15:00+0200,57.3,EUR/MWh,FR,FR,day_ahead_price,value,2026-05-23T19:12:02Z
2026-05-23T19:11:13Z,2026-05-23T21:11:13+0200,3f7e4d3d-8fdb-4ead-ba3f-db913921b078,2026-05-15T18:30:00Z,2026-05-15T20:30:00+0200,73.92,EUR/MWh,FR,FR,day_ahead_price,value,2026-05-23T19:12:02Z
2026-05-23T19:11:13Z,2026-05-23T21:11:13+0200,3f7e4d3d-8fdb-4ead-ba3f-db913921b078,2026-05-15T18:45:00Z,2026-05-15T20:45:00+0200,84.0,EUR/MWh,FR,FR,day_ahead_price,value,2026-05-23T19:12:02Z
2026-05-23T19:11:13Z,2026-05-23T21:11:13+0200,3f7e4d3d-8fdb-4ead-ba3f-db913921b078,2026-05-15T19:00:00Z,2026-05-15T21:00:00+0200,77.7,EUR/MWh,FR,FR,day_ahead_price,value,2026-05-23T19:12:02Z
2026-05-23T19:11:13Z,2026-05-23T21:11:13+0200,3f7e4d3d-8fdb-4ead-ba3f-db913921b078,2026-05-15T19:15:00Z,2026-05-15T21:15:00+0200,90.55,EUR/MWh,FR,FR,day_ahead_price,value,2026-05-23T19:12:02Z
2026-05-23T19:11:13Z,2026-05-23T21:11:13+0200,3f7e4d3d-8fdb-4ead-ba3f-db913921b078,2026-05-15T19:30:00Z,2026-05-15T21:30:00+0200,92.03,EUR/MWh,FR,FR,day_ahead_price,value,2026-05-23T19:12:02Z
2026-05-23T19:11:13Z,2026-05-23T21:11:13+0200,3f7e4d3d-8fdb-4ead-ba3f-db913921b078,2026-05-15T19:45:00Z,2026-05-15T21:45:00+0200,91.0,EUR/MWh,FR,FR,day_ahead_price,value,2026-05-23T19:12:02Z
2026-05-23T19:11:13Z,2026-05-23T21:11:13+0200,3f7e4d3d-8fdb-4ead-ba3f-db913921b078,2026-05-15T20:00:00Z,2026-05-15T22:00:00+0200,94.8,EUR/MWh,FR,FR,day_ahead_price,value,2026-05-23T19:12:02Z
2026-05-23T19:11:13Z,2026-05-23T21:11:13+0200,3f7e4d3d-8fdb-4ead-ba3f-db913921b078,2026-05-15T20:15:00Z,2026-05-15T22:15:00+0200,91.71,EUR/MWh,FR,FR,day_ahead_price,value,2026-05-23T19:12:02Z
2026-05-23T19:11:13Z,2026-05-23T21:11:13+0200,3f7e4d3d-8fdb-4ead-ba3f-db913921b078,2026-05-15T20:30:00Z,2026-05-15T22:30:00+0200,94.0,EUR/MWh,FR,FR,day_ahead_price,value,2026-05-23T19:12:02Z
2026-05-23T19:11:13Z,2026-05-23T21:11:13+0200,3f7e4d3d-8fdb-4ead-ba3f-db913921b078,2026-05-15T20:45:00Z,2026-05-15T22:45:00+0200,90.85,EUR/MWh,FR,FR,day_ahead_price,value,2026-05-23T19:12:02Z
2026-05-23T19:11:13Z,2026-05-23T21:11:13+0200,3f7e4d3d-8fdb-4ead-ba3f-db913921b078,2026-05-15T21:00:00Z,2026-05-15T23:00:00+0200,90.35,EUR/MWh,FR,FR,day_ahead_price,value,2026-05-23T19:12:02Z
2026-05-23T19:11:13Z,2026-05-23T21:11:13+0200,3f7e4d3d-8fdb-4ead-ba3f-db913921b078,2026-05-15T21:15:00Z,2026-05-15T23:15:00+0200,83.11,EUR/MWh,FR,FR,day_ahead_price,value,2026-05-23T19:12:02Z
2026-05-23T19:11:13Z,2026-05-23T21:11:13+0200,3f7e4d3d-8fdb-4ead-ba3f-db913921b078,2026-05-15T21:30:00Z,2026-05-15T23:30:00+0200,84.04,EUR/MWh,FR,FR,day_ahead_price,value,2026-05-23T19:12:02Z
2026-05-23T19:11:13Z,2026-05-23T21:11:13+0200,3f7e4d3d-8fdb-4ead-ba3f-db913921b078,2026-05-15T21:45:00Z,2026-05-15T23:45:00+0200,78.72,EUR/MWh,FR,FR,day_ahead_price,value,2026-05-23T19:12:02Z
2026-05-23T19:11:13Z,2026-05-23T21:11:13+0200,3f7e4d3d-8fdb-4ead-ba3f-db913921b078,2026-05-15T22:00:00Z,2026-05-16T00:00:00+0200,137.9,EUR/MWh,FR,FR,day_ahead_price,value,2026-05-23T19:12:02Z
2026-05-23T19:11:13Z,2026-05-23T21:11:13+0200,3f7e4d3d-8fdb-4ead-ba3f-db913921b078,2026-05-15T22:15:00Z,2026-05-16T00:15:00+0200,114.09,EUR/MWh,FR,FR,day_ahead_price,value,2026-05-23T19:12:02Z
2026-05-23T19:11:13Z,2026-05-23T21:11:13+0200,3f7e4d3d-8fdb-4ead-ba3f-db913921b078,2026-05-15T22:30:00Z,2026-05-16T00:30:00+0200,71.94,EUR/MWh,FR,FR,day_ahead_price,value,2026-05-23T19:12:02Z
2026-05-23T19:11:13Z,2026-05-23T21:11:13+0200,3f7e4d3d-8fdb-4ead-ba3f-db913921b078,2026-05-15T22:45:00Z,2026-05-16T00:45:00+0200,68.78,EUR/MWh,FR,FR,day_ahead_price,value,2026-05-23T19:12:02Z
2026-05-23T19:11:13Z,2026-05-23T21:11:13+0200,3f7e4d3d-8fdb-4ead-ba3f-db913921b078,2026-05-15T23:00:00Z,2026-05-16T01:00:00+0200,72.85,EUR/MWh,FR,FR,day_ahead_price,value,2026-05-23T19:12:02Z
2026-05-23T19:11:13Z,2026-05-23T21:11:13+0200,3f7e4d3d-8fdb-4ead-ba3f-db913921b078,2026-05-15T23:15:00Z,2026-05-16T01:15:00+0200,70.36,EUR/MWh,FR,FR,day_ahead_price,value,2026-05-23T19:12:02Z
2026-05-23T19:11:13Z,2026-05-23T21:11:13+0200,3f7e4d3d-8fdb-4ead-ba3f-db913921b078,2026-05-15T23:30:00Z,2026-05-16T01:30:00+0200,96.55,EUR/MWh,FR,FR,day_ahead_price,value,2026-05-23T19:12:02Z
2026-05-23T19:11:13Z,2026-05-23T21:11:13+0200,3f7e4d3d-8fdb-4ead-ba3f-db913921b078,2026-05-15T23:45:00Z,2026-05-16T01:45:00+0200,89.04,EUR/MWh,FR,FR,day_ahead_price,value,2026-05-23T19:12:02Z
2026-05-23T19:11:13Z,2026-05-23T21:11:13+0200,3f7e4d3d-8fdb-4ead-ba3f-db913921b078,2026-05-16T00:00:00Z,2026-05-16T02:00:00+0200,91.58,EUR/MWh,FR,FR,day_ahead_price,value,2026-05-23T19:12:02Z
2026-05-23T19:11:13Z,2026-05-23T21:11:13+0200,3f7e4d3d-8fdb-4ead-ba3f-db913921b078,2026-05-16T00:15:00Z,2026-05-16T02:15:00+0200,70.96,EUR/MWh,FR,FR,day_ahead_price,value,2026-05-23T19:12:02Z
2026-05-23T19:11:13Z,2026-05-23T21:11:13+0200,3f7e4d3d-8fdb-4ead-ba3f-db913921b078,2026-05-16T00:30:00Z,2026-05-16T02:30:00+0200,70.01,EUR/MWh,FR,FR,day_ahead_price,value,2026-05-23T19:12:02Z
2026-05-23T19:11:13Z,2026-05-23T21:11:13+0200,3f7e4d3d-8fdb-4ead-ba3f-db913921b078,2026-05-16T00:45:00Z,2026-05-16T02:45:00+0200,68.78,EUR/MWh,FR,FR,day_ahead_price,value,2026-05-23T19:12:02Z
2026-05-23T19:11:13Z,2026-05-23T21:11:13+0200,3f7e4d3d-8fdb-4ead-ba3f-db913921b078,2026-05-16T01:00:00Z,2026-05-16T03:00:00+0200,70.98,EUR/MWh,FR,FR,day_ahead_price,value,2026-05-23T19:12:02Z
2026-05-23T19:11:13Z,2026-05-23T21:11:13+0200,3f7e4d3d-8fdb-4ead-ba3f-db913921b078,2026-05-16T01:15:00Z,2026-05-16T03:15:00+0200,70.0,EUR/MWh,FR,FR,day_ahead_price,value,2026-05-23T19:12:02Z
2026-05-23T19:11:13Z,2026-05-23T21:11:13+0200,3f7e4d3d-8fdb-4ead-ba3f-db913921b078,2026-05-16T01:30:00Z,2026-05-16T03:30:00+0200,70.0,EUR/MWh,FR,FR,day_ahead_price,value,2026-05-23T19:12:02Z
2026-05-23T19:11:13Z,2026-05-23T21:11:13+0200,3f7e4d3d-8fdb-4ead-ba3f-db913921b078,2026-05-16T01:45:00Z,2026-05-16T03:45:00+0200,69.0,EUR/MWh,FR,FR,day_ahead_price,value,2026-05-23T19:12:02Z
2026-05-23T19:11:13Z,2026-05-23T21:11:13+0200,3f7e4d3d-8fdb-4ead-ba3f-db913921b078,2026-05-16T02:00:00Z,2026-05-16T04:00:00+0200,67.2,EUR/MWh,FR,FR,day_ahead_price,value,2026-05-23T19:12:02Z
2026-05-23T19:11:13Z,2026-05-23T21:11:13+0200,3f7e4d3d-8fdb-4ead-ba3f-db913921b078,2026-05-16T02:15:00Z,2026-05-16T04:15:00+0200,65.5,EUR/MWh,FR,FR,day_ahead_price,value,2026-05-23T19:12:02Z
2026-05-23T19:11:13Z,2026-05-23T21:11:13+0200,3f7e4d3d-8fdb-4ead-ba3f-db913921b078,2026-05-16T02:30:00Z,2026-05-16T04:30:00+0200,62.93,EUR/MWh,FR,FR,day_ahead_price,value,2026-05-23T19:12:02Z
2026-05-23T19:11:13Z,2026-05-23T21:11:13+0200,3f7e4d3d-8fdb-4ead-ba3f-db913921b078,2026-05-16T02:45:00Z,2026-05-16T04:45:00+0200,64.27,EUR/MWh,FR,FR,day_ahead_price,value,2026-05-23T19:12:02Z
2026-05-23T19:11:13Z,2026-05-23T21:11:13+0200,3f7e4d3d-8fdb-4ead-ba3f-db913921b078,2026-05-16T03:00:00Z,2026-05-16T05:00:00+0200,63.61,EUR/MWh,FR,FR,day_ahead_price,value,2026-05-23T19:12:02Z
2026-05-23T19:11:13Z,2026-05-23T21:11:13+0200,3f7e4d3d-8fdb-4ead-ba3f-db913921b078,2026-05-16T03:15:00Z,2026-05-16T05:15:00+0200,63.93,EUR/MWh,FR,FR,day_ahead_price,value,2026-05-23T19:12:02Z
2026-05-23T19:11:13Z,2026-05-23T21:11:13+0200,3f7e4d3d-8fdb-4ead-ba3f-db913921b078,2026-05-16T03:30:00Z,2026-05-16T05:30:00+0200,65.42,EUR/MWh,FR,FR,day_ahead_price,value,2026-05-23T19:12:02Z
2026-05-23T19:11:13Z,2026-05-23T21:11:13+0200,3f7e4d3d-8fdb-4ead-ba3f-db913921b078,2026-05-16T03:45:00Z,2026-05-16T05:45:00+0200,67.96,EUR/MWh,FR,FR,day_ahead_price,value,2026-05-23T19:12:02Z
2026-05-23T19:11:13Z,2026-05-23T21:11:13+0200,3f7e4d3d-8fdb-4ead-ba3f-db913921b078,2026-05-16T04:00:00Z,2026-05-16T06:00:00+0200,67.69,EUR/MWh,FR,FR,day_ahead_price,value,2026-05-23T19:12:02Z
2026-05-23T19:11:13Z,2026-05-23T21:11:13+0200,3f7e4d3d-8fdb-4ead-ba3f-db913921b078,2026-05-16T04:15:00Z,2026-05-16T06:15:00+0200,68.78,EUR/MWh,FR,FR,day_ahead_price,value,2026-05-23T19:12:02Z
2026-05-23T19:11:13Z,2026-05-23T21:11:13+0200,3f7e4d3d-8fdb-4ead-ba3f-db913921b078,2026-05-16T04:30:00Z,2026-05-16T06:30:00+0200,68.78,EUR/MWh,FR,FR,day_ahead_price,value,2026-05-23T19:12:02Z
2026-05-23T19:11:13Z,2026-05-23T21:11:13+0200,3f7e4d3d-8fdb-4ead-ba3f-db913921b078,2026-05-16T04:45:00Z,2026-05-16T06:45:00+0200,69.0,EUR/MWh,FR,FR,day_ahead_price,value,2026-05-23T19:12:02Z
2026-05-23T19:11:13Z,2026-05-23T21:11:13+0200,3f7e4d3d-8fdb-4ead-ba3f-db913921b078,2026-05-16T05:00:00Z,2026-05-16T07:00:00+0200,76.95,EUR/MWh,FR,FR,day_ahead_price,value,2026-05-23T19:12:02Z
2026-05-23T19:11:13Z,2026-05-23T21:11:13+0200,3f7e4d3d-8fdb-4ead-ba3f-db913921b078,2026-05-16T05:15:00Z,2026-05-16T07:15:00+0200,70.36,EUR/MWh,FR,FR,day_ahead_price,value,2026-05-23T19:12:02Z
2026-05-23T19:11:13Z,2026-05-23T21:11:13+0200,3f7e4d3d-8fdb-4ead-ba3f-db913921b078,2026-05-16T05:30:00Z,2026-05-16T07:30:00+0200,67.2,EUR/MWh,FR,FR,day_ahead_price,value,2026-05-23T19:12:02Z
2026-05-23T19:11:13Z,2026-05-23T21:11:13+0200,3f7e4d3d-8fdb-4ead-ba3f-db913921b078,2026-05-16T05:45:00Z,2026-05-16T07:45:00+0200,55.16,EUR/MWh,FR,FR,day_ahead_price,value,2026-05-23T19:12:02Z
2026-05-23T19:11:13Z,2026-05-23T21:11:13+0200,3f7e4d3d-8fdb-4ead-ba3f-db913921b078,2026-05-16T06:00:00Z,2026-05-16T08:00:00+0200,67.68,EUR/MWh,FR,FR,day_ahead_price,value,2026-05-23T19:12:02Z
2026-05-23T19:11:13Z,2026-05-23T21:11:13+0200,3f7e4d3d-8fdb-4ead-ba3f-db913921b078,2026-05-16T06:15:00Z,2026-05-16T08:15:00+0200,57.02,EUR/MWh,FR,FR,day_ahead_price,value,2026-05-23T19:12:02Z
2026-05-23T19:11:13Z,2026-05-23T21:11:13+0200,3f7e4d3d-8fdb-4ead-ba3f-db913921b078,2026-05-16T06:30:00Z,2026-05-16T08:30:00+0200,67.5,EUR/MWh,FR,FR,day_ahead_price,value,2026-05-23T19:12:02Z
2026-05-23T19:11:13Z,2026-05-23T21:11:13+0200,3f7e4d3d-8fdb-4ead-ba3f-db913921b078,2026-05-16T06:45:00Z,2026-05-16T08:45:00+0200,31.19,EUR/MWh,FR,FR,day_ahead_price,value,2026-05-23T19:12:02Z
2026-05-23T19:11:13Z,2026-05-23T21:11:13+0200,3f7e4d3d-8fdb-4ead-ba3f-db913921b078,2026-05-16T07:00:00Z,2026-05-16T09:00:00+0200,28.3,EUR/MWh,FR,FR,day_ahead_price,value,2026-05-23T19:12:02Z
2026-05-23T19:11:13Z,2026-05-23T21:11:13+0200,3f7e4d3d-8fdb-4ead-ba3f-db913921b078,2026-05-16T07:15:00Z,2026-05-16T09:15:00+0200,26.53,EUR/MWh,FR,FR,day_ahead_price,value,2026-05-23T19:12:02Z
2026-05-23T19:11:13Z,2026-05-23T21:11:13+0200,3f7e4d3d-8fdb-4ead-ba3f-db913921b078,2026-05-16T07:30:00Z,2026-05-16T09:30:00+0200,14.95,EUR/MWh,FR,FR,day_ahead_price,value,2026-05-23T19:12:02Z
2026-05-23T19:11:13Z,2026-05-23T21:11:13+0200,3f7e4d3d-8fdb-4ead-ba3f-db913921b078,2026-05-16T07:45:00Z,2026-05-16T09:45:00+0200,7.17,EUR/MWh,FR,FR,day_ahead_price,value,2026-05-23T19:12:02Z
2026-05-23T19:11:13Z,2026-05-23T21:11:13+0200,3f7e4d3d-8fdb-4ead-ba3f-db913921b078,2026-05-16T08:00:00Z,2026-05-16T10:00:00+0200,9.29,EUR/MWh,FR,FR,day_ahead_price,value,2026-05-23T19:12:02Z
2026-05-23T19:11:13Z,2026-05-23T21:11:13+0200,3f7e4d3d-8fdb-4ead-ba3f-db913921b078,2026-05-16T08:15:00Z,2026-05-16T10:15:00+0200,1.99,EUR/MWh,FR,FR,day_ahead_price,value,2026-05-23T19:12:02Z
2026-05-23T19:11:13Z,2026-05-23T21:11:13+0200,3f7e4d3d-8fdb-4ead-ba3f-db913921b078,2026-05-16T08:30:00Z,2026-05-16T10:30:00+0200,0.44,EUR/MWh,FR,FR,day_ahead_price,value,2026-05-23T19:12:02Z
2026-05-23T19:11:13Z,2026-05-23T21:11:13+0200,3f7e4d3d-8fdb-4ead-ba3f-db913921b078,2026-05-16T08:45:00Z,2026-05-16T10:45:00+0200,0.0,EUR/MWh,FR,FR,day_ahead_price,value,2026-05-23T19:12:02Z
2026-05-23T19:11:13Z,2026-05-23T21:11:13+0200,3f7e4d3d-8fdb-4ead-ba3f-db913921b078,2026-05-16T09:00:00Z,2026-05-16T11:00:00+0200,0.0,EUR/MWh,FR,FR,day_ahead_price,value,2026-05-23T19:12:02Z
2026-05-23T19:11:13Z,2026-05-23T21:11:13+0200,3f7e4d3d-8fdb-4ead-ba3f-db913921b078,2026-05-16T09:15:00Z,2026-05-16T11:15:00+0200,0.0,EUR/MWh,FR,FR,day_ahead_price,value,2026-05-23T19:12:02Z
2026-05-23T19:11:13Z,2026-05-23T21:11:13+0200,3f7e4d3d-8fdb-4ead-ba3f-db913921b078,2026-05-16T09:30:00Z,2026-05-16T11:30:00+0200,0.0,EUR/MWh,FR,FR,day_ahead_price,value,2026-05-23T19:12:02Z
2026-05-23T19:11:13Z,2026-05-23T21:11:13+0200,3f7e4d3d-8fdb-4ead-ba3f-db913921b078,2026-05-16T09:45:00Z,2026-05-16T11:45:00+0200,0.0,EUR/MWh,FR,FR,day_ahead_price,value,2026-05-23T19:12:02Z
2026-05-23T19:11:13Z,2026-05-23T21:11:13+0200,3f7e4d3d-8fdb-4ead-ba3f-db913921b078,2026-05-16T10:00:00Z,2026-05-16T12:00:00+0200,1.07,EUR/MWh,FR,FR,day_ahead_price,value,2026-05-23T19:12:02Z
2026-05-23T19:11:13Z,2026-05-23T21:11:13+0200,3f7e4d3d-8fdb-4ead-ba3f-db913921b078,2026-05-16T10:15:00Z,2026-05-16T12:15:00+0200,1.06,EUR/MWh,FR,FR,day_ahead_price,value,2026-05-23T19:12:02Z
2026-05-23T19:11:13Z,2026-05-23T21:11:13+0200,3f7e4d3d-8fdb-4ead-ba3f-db913921b078,2026-05-16T10:30:00Z,2026-05-16T12:30:00+0200,0.44,EUR/MWh,FR,FR,day_ahead_price,value,2026-05-23T19:12:02Z
2026-05-23T19:11:13Z,2026-05-23T21:11:13+0200,3f7e4d3d-8fdb-4ead-ba3f-db913921b078,2026-05-16T10:45:00Z,2026-05-16T12:45:00+0200,0.0,EUR/MWh,FR,FR,day_ahead_price,value,2026-05-23T19:12:02Z
2026-05-23T19:11:13Z,2026-05-23T21:11:13+0200,3f7e4d3d-8fdb-4ead-ba3f-db913921b078,2026-05-16T11:00:00Z,2026-05-16T13:00:00+0200,-0.01,EUR/MWh,FR,FR,day_ahead_price,value,2026-05-23T19:12:02Z
2026-05-23T19:11:13Z,2026-05-23T21:11:13+0200,3f7e4d3d-8fdb-4ead-ba3f-db913921b078,2026-05-16T11:15:00Z,2026-05-16T13:15:00+0200,-0.01,EUR/MWh,FR,FR,day_ahead_price,value,2026-05-23T19:12:02Z
2026-05-23T19:11:13Z,2026-05-23T21:11:13+0200,3f7e4d3d-8fdb-4ead-ba3f-db913921b078,2026-05-16T11:30:00Z,2026-05-16T13:30:00+0200,-0.05,EUR/MWh,FR,FR,day_ahead_price,value,2026-05-23T19:12:02Z
2026-05-23T19:11:13Z,2026-05-23T21:11:13+0200,3f7e4d3d-8fdb-4ead-ba3f-db913921b078,2026-05-16T11:45:00Z,2026-05-16T13:45:00+0200,-0.1,EUR/MWh,FR,FR,day_ahead_price,value,2026-05-23T19:12:02Z
2026-05-23T19:11:13Z,2026-05-23T21:11:13+0200,3f7e4d3d-8fdb-4ead-ba3f-db913921b078,2026-05-16T12:00:00Z,2026-05-16T14:00:00+0200,-0.09,EUR/MWh,FR,FR,day_ahead_price,value,2026-05-23T19:12:02Z
2026-05-23T19:11:13Z,2026-05-23T21:11:13+0200,3f7e4d3d-8fdb-4ead-ba3f-db913921b078,2026-05-16T12:15:00Z,2026-05-16T14:15:00+0200,-0.11,EUR/MWh,FR,FR,day_ahead_price,value,2026-05-23T19:12:02Z
2026-05-23T19:11:13Z,2026-05-23T21:11:13+0200,3f7e4d3d-8fdb-4ead-ba3f-db913921b078,2026-05-16T12:30:00Z,2026-05-16T14:30:00+0200,-0.11,EUR/MWh,FR,FR,day_ahead_price,value,2026-05-23T19:12:02Z
2026-05-23T19:11:13Z,2026-05-23T21:11:13+0200,3f7e4d3d-8fdb-4ead-ba3f-db913921b078,2026-05-16T12:45:00Z,2026-05-16T14:45:00+0200,-0.11,EUR/MWh,FR,FR,day_ahead_price,value,2026-05-23T19:12:02Z
2026-05-23T19:11:13Z,2026-05-23T21:11:13+0200,3f7e4d3d-8fdb-4ead-ba3f-db913921b078,2026-05-16T13:00:00Z,2026-05-16T15:00:00+0200,-0.01,EUR/MWh,FR,FR,day_ahead_price,value,2026-05-23T19:12:02Z
2026-05-23T19:11:13Z,2026-05-23T21:11:13+0200,3f7e4d3d-8fdb-4ead-ba3f-db913921b078,2026-05-16T13:15:00Z,2026-05-16T15:15:00+0200,-0.01,EUR/MWh,FR,FR,day_ahead_price,value,2026-05-23T19:12:02Z
2026-05-23T19:11:13Z,2026-05-23T21:11:13+0200,3f7e4d3d-8fdb-4ead-ba3f-db913921b078,2026-05-16T13:30:00Z,2026-05-16T15:30:00+0200,-0.01,EUR/MWh,FR,FR,day_ahead_price,value,2026-05-23T19:12:02Z
2026-05-23T19:11:13Z,2026-05-23T21:11:13+0200,3f7e4d3d-8fdb-4ead-ba3f-db913921b078,2026-05-16T13:45:00Z,2026-05-16T15:45:00+0200,-0.01,EUR/MWh,FR,FR,day_ahead_price,value,2026-05-23T19:12:02Z
2026-05-23T19:11:13Z,2026-05-23T21:11:13+0200,3f7e4d3d-8fdb-4ead-ba3f-db913921b078,2026-05-16T14:00:00Z,2026-05-16T16:00:00+0200,-0.01,EUR/MWh,FR,FR,day_ahead_price,value,2026-05-23T19:12:02Z
2026-05-23T19:11:13Z,2026-05-23T21:11:13+0200,3f7e4d3d-8fdb-4ead-ba3f-db913921b078,2026-05-16T14:15:00Z,2026-05-16T16:15:00+0200,-0.01,EUR/MWh,FR,FR,day_ahead_price,value,2026-05-23T19:12:02Z
2026-05-23T19:11:13Z,2026-05-23T21:11:13+0200,3f7e4d3d-8fdb-4ead-ba3f-db913921b078,2026-05-16T14:30:00Z,2026-05-16T16:30:00+0200,-0.01,EUR/MWh,FR,FR,day_ahead_price,value,2026-05-23T19:12:02Z
2026-05-23T19:11:13Z,2026-05-23T21:11:13+0200,3f7e4d3d-8fdb-4ead-ba3f-db913921b078,2026-05-16T14:45:00Z,2026-05-16T16:45:00+0200,-0.01,EUR/MWh,FR,FR,day_ahead_price,value,2026-05-23T19:12:02Z
2026-05-23T19:11:13Z,2026-05-23T21:11:13+0200,3f7e4d3d-8fdb-4ead-ba3f-db913921b078,2026-05-16T15:00:00Z,2026-05-16T17:00:00+0200,-0.01,EUR/MWh,FR,FR,day_ahead_price,value,2026-05-23T19:12:02Z
2026-05-23T19:11:13Z,2026-05-23T21:11:13+0200,3f7e4d3d-8fdb-4ead-ba3f-db913921b078,2026-05-16T15:15:00Z,2026-05-16T17:15:00+0200,-0.01,EUR/MWh,FR,FR,day_ahead_price,value,2026-05-23T19:12:02Z
2026-05-23T19:11:13Z,2026-05-23T21:11:13+0200,3f7e4d3d-8fdb-4ead-ba3f-db913921b078,2026-05-16T15:30:00Z,2026-05-16T17:30:00+0200,0.0,EUR/MWh,FR,FR,day_ahead_price,value,2026-05-23T19:12:02Z
2026-05-23T19:11:13Z,2026-05-23T21:11:13+0200,3f7e4d3d-8fdb-4ead-ba3f-db913921b078,2026-05-16T15:45:00Z,2026-05-16T17:45:00+0200,0.0,EUR/MWh,FR,FR,day_ahead_price,value,2026-05-23T19:12:02Z
2026-05-23T19:11:13Z,2026-05-23T21:11:13+0200,3f7e4d3d-8fdb-4ead-ba3f-db913921b078,2026-05-16T16:00:00Z,2026-05-16T18:00:00+0200,0.24,EUR/MWh,FR,FR,day_ahead_price,value,2026-05-23T19:12:02Z
2026-05-23T19:11:13Z,2026-05-23T21:11:13+0200,3f7e4d3d-8fdb-4ead-ba3f-db913921b078,2026-05-16T16:15:00Z,2026-05-16T18:15:00+0200,24.8,EUR/MWh,FR,FR,day_ahead_price,value,2026-05-23T19:12:02Z
2026-05-23T19:11:13Z,2026-05-23T21:11:13+0200,3f7e4d3d-8fdb-4ead-ba3f-db913921b078,2026-05-16T16:30:00Z,2026-05-16T18:30:00+0200,34.25,EUR/MWh,FR,FR,day_ahead_price,value,2026-05-23T19:12:02Z
2026-05-23T19:11:13Z,2026-05-23T21:11:13+0200,3f7e4d3d-8fdb-4ead-ba3f-db913921b078,2026-05-16T16:45:00Z,2026-05-16T18:45:00+0200,44.32,EUR/MWh,FR,FR,day_ahead_price,value,2026-05-23T19:12:02Z
2026-05-23T19:11:13Z,2026-05-23T21:11:13+0200,3f7e4d3d-8fdb-4ead-ba3f-db913921b078,2026-05-16T17:00:00Z,2026-05-16T19:00:00+0200,48.58,EUR/MWh,FR,FR,day_ahead_price,value,2026-05-23T19:12:02Z
2026-05-23T19:11:13Z,2026-05-23T21:11:13+0200,3f7e4d3d-8fdb-4ead-ba3f-db913921b078,2026-05-16T17:15:00Z,2026-05-16T19:15:00+0200,94.0,EUR/MWh,FR,FR,day_ahead_price,value,2026-05-23T19:12:02Z
2026-05-23T19:11:13Z,2026-05-23T21:11:13+0200,3f7e4d3d-8fdb-4ead-ba3f-db913921b078,2026-05-16T17:30:00Z,2026-05-16T19:30:00+0200,76.8,EUR/MWh,FR,FR,day_ahead_price,value,2026-05-23T19:12:02Z
2026-05-23T19:11:13Z,2026-05-23T21:11:13+0200,3f7e4d3d-8fdb-4ead-ba3f-db913921b078,2026-05-16T17:45:00Z,2026-05-16T19:45:00+0200,96.61,EUR/MWh,FR,FR,day_ahead_price,value,2026-05-23T19:12:02Z
2026-05-23T19:11:13Z,2026-05-23T21:11:13+0200,3f7e4d3d-8fdb-4ead-ba3f-db913921b078,2026-05-16T18:00:00Z,2026-05-16T20:00:00+0200,63.74,EUR/MWh,FR,FR,day_ahead_price,value,2026-05-23T19:12:02Z
2026-05-23T19:11:13Z,2026-05-23T21:11:13+0200,3f7e4d3d-8fdb-4ead-ba3f-db913921b078,2026-05-16T18:15:00Z,2026-05-16T20:15:00+0200,80.0,EUR/MWh,FR,FR,day_ahead_price,value,2026-05-23T19:12:02Z
2026-05-23T19:11:13Z,2026-05-23T21:11:13+0200,3f7e4d3d-8fdb-4ead-ba3f-db913921b078,2026-05-16T18:30:00Z,2026-05-16T20:30:00+0200,84.35,EUR/MWh,FR,FR,day_ahead_price,value,2026-05-23T19:12:02Z
2026-05-23T19:11:13Z,2026-05-23T21:11:13+0200,3f7e4d3d-8fdb-4ead-ba3f-db913921b078,2026-05-16T18:45:00Z,2026-05-16T20:45:00+0200,96.09,EUR/MWh,FR,FR,day_ahead_price,value,2026-05-23T19:12:02Z
2026-05-23T19:11:13Z,2026-05-23T21:11:13+0200,3f7e4d3d-8fdb-4ead-ba3f-db913921b078,2026-05-16T19:00:00Z,2026-05-16T21:00:00+0200,97.05,EUR/MWh,FR,FR,day_ahead_price,value,2026-05-23T19:12:02Z
2026-05-23T19:11:13Z,2026-05-23T21:11:13+0200,3f7e4d3d-8fdb-4ead-ba3f-db913921b078,2026-05-16T19:15:00Z,2026-05-16T21:15:00+0200,100.51,EUR/MWh,FR,FR,day_ahead_price,value,2026-05-23T19:12:02Z
2026-05-23T19:11:13Z,2026-05-23T21:11:13+0200,3f7e4d3d-8fdb-4ead-ba3f-db913921b078,2026-05-16T19:30:00Z,2026-05-16T21:30:00+0200,106.06,EUR/MWh,FR,FR,day_ahead_price,value,2026-05-23T19:12:02Z
2026-05-23T19:11:13Z,2026-05-23T21:11:13+0200,3f7e4d3d-8fdb-4ead-ba3f-db913921b078,2026-05-16T19:45:00Z,2026-05-16T21:45:00+0200,100.99,EUR/MWh,FR,FR,day_ahead_price,value,2026-05-23T19:12:02Z
2026-05-23T19:11:13Z,2026-05-23T21:11:13+0200,3f7e4d3d-8fdb-4ead-ba3f-db913921b078,2026-05-16T20:00:00Z,2026-05-16T22:00:00+0200,113.0,EUR/MWh,FR,FR,day_ahead_price,value,2026-05-23T19:12:02Z
2026-05-23T19:11:13Z,2026-05-23T21:11:13+0200,3f7e4d3d-8fdb-4ead-ba3f-db913921b078,2026-05-16T20:15:00Z,2026-05-16T22:15:00+0200,109.07,EUR/MWh,FR,FR,day_ahead_price,value,2026-05-23T19:12:02Z
2026-05-23T19:11:13Z,2026-05-23T21:11:13+0200,3f7e4d3d-8fdb-4ead-ba3f-db913921b078,2026-05-16T20:30:00Z,2026-05-16T22:30:00+0200,113.69,EUR/MWh,FR,FR,day_ahead_price,value,2026-05-23T19:12:02Z
2026-05-23T19:11:13Z,2026-05-23T21:11:13+0200,3f7e4d3d-8fdb-4ead-ba3f-db913921b078,2026-05-16T20:45:00Z,2026-05-16T22:45:00+0200,110.0,EUR/MWh,FR,FR,day_ahead_price,value,2026-05-23T19:12:02Z
2026-05-23T19:11:13Z,2026-05-23T21:11:13+0200,3f7e4d3d-8fdb-4ead-ba3f-db913921b078,2026-05-16T21:00:00Z,2026-05-16T23:00:00+0200,106.7,EUR/MWh,FR,FR,day_ahead_price,value,2026-05-23T19:12:02Z
2026-05-23T19:11:13Z,2026-05-23T21:11:13+0200,3f7e4d3d-8fdb-4ead-ba3f-db913921b078,2026-05-16T21:15:00Z,2026-05-16T23:15:00+0200,100.0,EUR/MWh,FR,FR,day_ahead_price,value,2026-05-23T19:12:02Z
2026-05-23T19:11:13Z,2026-05-23T21:11:13+0200,3f7e4d3d-8fdb-4ead-ba3f-db913921b078,2026-05-16T21:30:00Z,2026-05-16T23:30:00+0200,101.0,EUR/MWh,FR,FR,day_ahead_price,value,2026-05-23T19:12:02Z
2026-05-23T19:11:13Z,2026-05-23T21:11:13+0200,3f7e4d3d-8fdb-4ead-ba3f-db913921b078,2026-05-16T21:45:00Z,2026-05-16T23:45:00+0200,94.94,EUR/MWh,FR,FR,day_ahead_price,value,2026-05-23T19:12:02Z
2026-05-23T19:11:13Z,2026-05-23T21:11:13+0200,3f7e4d3d-8fdb-4ead-ba3f-db913921b078,2026-05-16T22:00:00Z,2026-05-17T00:00:00+0200,98.93,EUR/MWh,FR,FR,day_ahead_price,value,2026-05-23T19:12:02Z
2026-05-23T19:11:13Z,2026-05-23T21:11:13+0200,3f7e4d3d-8fdb-4ead-ba3f-db913921b078,2026-05-16T22:15:00Z,2026-05-17T00:15:00+0200,97.19,EUR/MWh,FR,FR,day_ahead_price,value,2026-05-23T19:12:02Z
2026-05-23T19:11:13Z,2026-05-23T21:11:13+0200,3f7e4d3d-8fdb-4ead-ba3f-db913921b078,2026-05-16T22:30:00Z,2026-05-17T00:30:00+0200,90.04,EUR/MWh,FR,FR,day_ahead_price,value,2026-05-23T19:12:02Z
2026-05-23T19:11:13Z,2026-05-23T21:11:13+0200,3f7e4d3d-8fdb-4ead-ba3f-db913921b078,2026-05-16T22:45:00Z,2026-05-17T00:45:00+0200,89.84,EUR/MWh,FR,FR,day_ahead_price,value,2026-05-23T19:12:02Z
2026-05-23T19:11:13Z,2026-05-23T21:11:13+0200,3f7e4d3d-8fdb-4ead-ba3f-db913921b078,2026-05-16T23:00:00Z,2026-05-17T01:00:00+0200,90.9,EUR/MWh,FR,FR,day_ahead_price,value,2026-05-23T19:12:02Z
2026-05-23T19:11:13Z,2026-05-23T21:11:13+0200,3f7e4d3d-8fdb-4ead-ba3f-db913921b078,2026-05-16T23:15:00Z,2026-05-17T01:15:00+0200,88.13,EUR/MWh,FR,FR,day_ahead_price,value,2026-05-23T19:12:02Z
2026-05-23T19:11:13Z,2026-05-23T21:11:13+0200,3f7e4d3d-8fdb-4ead-ba3f-db913921b078,2026-05-16T23:30:00Z,2026-05-17T01:30:00+0200,86.3,EUR/MWh,FR,FR,day_ahead_price,value,2026-05-23T19:12:02Z
2026-05-23T19:11:13Z,2026-05-23T21:11:13+0200,3f7e4d3d-8fdb-4ead-ba3f-db913921b078,2026-05-16T23:45:00Z,2026-05-17T01:45:00+0200,83.54,EUR/MWh,FR,FR,day_ahead_price,value,2026-05-23T19:12:02Z
2026-05-23T19:11:13Z,2026-05-23T21:11:13+0200,3f7e4d3d-8fdb-4ead-ba3f-db913921b078,2026-05-17T00:00:00Z,2026-05-17T02:00:00+0200,83.54,EUR/MWh,FR,FR,day_ahead_price,value,2026-05-23T19:12:02Z
2026-05-23T19:11:13Z,2026-05-23T21:11:13+0200,3f7e4d3d-8fdb-4ead-ba3f-db913921b078,2026-05-17T00:15:00Z,2026-05-17T02:15:00+0200,77.7,EUR/MWh,FR,FR,day_ahead_price,value,2026-05-23T19:12:02Z
2026-05-23T19:11:13Z,2026-05-23T21:11:13+0200,3f7e4d3d-8fdb-4ead-ba3f-db913921b078,2026-05-17T00:30:00Z,2026-05-17T02:30:00+0200,73.58,EUR/MWh,FR,FR,day_ahead_price,value,2026-05-23T19:12:02Z
2026-05-23T19:11:13Z,2026-05-23T21:11:13+0200,3f7e4d3d-8fdb-4ead-ba3f-db913921b078,2026-05-17T00:45:00Z,2026-05-17T02:45:00+0200,69.81,EUR/MWh,FR,FR,day_ahead_price,value,2026-05-23T19:12:02Z
2026-05-23T19:11:13Z,2026-05-23T21:11:13+0200,3f7e4d3d-8fdb-4ead-ba3f-db913921b078,2026-05-17T01:00:00Z,2026-05-17T03:00:00+0200,70.0,EUR/MWh,FR,FR,day_ahead_price,value,2026-05-23T19:12:02Z
2026-05-23T19:11:13Z,2026-05-23T21:11:13+0200,3f7e4d3d-8fdb-4ead-ba3f-db913921b078,2026-05-17T01:15:00Z,2026-05-17T03:15:00+0200,64.76,EUR/MWh,FR,FR,day_ahead_price,value,2026-05-23T19:12:02Z
2026-05-23T19:11:13Z,2026-05-23T21:11:13+0200,3f7e4d3d-8fdb-4ead-ba3f-db913921b078,2026-05-17T01:30:00Z,2026-05-17T03:30:00+0200,68.0,EUR/MWh,FR,FR,day_ahead_price,value,2026-05-23T19:12:02Z
2026-05-23T19:11:13Z,2026-05-23T21:11:13+0200,3f7e4d3d-8fdb-4ead-ba3f-db913921b078,2026-05-17T01:45:00Z,2026-05-17T03:45:00+0200,61.38,EUR/MWh,FR,FR,day_ahead_price,value,2026-05-23T19:12:02Z
2026-05-23T19:11:13Z,2026-05-23T21:11:13+0200,3f7e4d3d-8fdb-4ead-ba3f-db913921b078,2026-05-17T02:00:00Z,2026-05-17T04:00:00+0200,70.01,EUR/MWh,FR,FR,day_ahead_price,value,2026-05-23T19:12:02Z
2026-05-23T19:11:13Z,2026-05-23T21:11:13+0200,3f7e4d3d-8fdb-4ead-ba3f-db913921b078,2026-05-17T02:15:00Z,2026-05-17T04:15:00+0200,70.0,EUR/MWh,FR,FR,day_ahead_price,value,2026-05-23T19:12:02Z
2026-05-23T19:11:13Z,2026-05-23T21:11:13+0200,3f7e4d3d-8fdb-4ead-ba3f-db913921b078,2026-05-17T02:30:00Z,2026-05-17T04:30:00+0200,69.62,EUR/MWh,FR,FR,day_ahead_price,value,2026-05-23T19:12:02Z
2026-05-23T19:11:13Z,2026-05-23T21:11:13+0200,3f7e4d3d-8fdb-4ead-ba3f-db913921b078,2026-05-17T02:45:00Z,2026-05-17T04:45:00+0200,70.37,EUR/MWh,FR,FR,day_ahead_price,value,2026-05-23T19:12:02Z
2026-05-23T19:11:13Z,2026-05-23T21:11:13+0200,3f7e4d3d-8fdb-4ead-ba3f-db913921b078,2026-05-17T03:00:00Z,2026-05-17T05:00:00+0200,70.01,EUR/MWh,FR,FR,day_ahead_price,value,2026-05-23T19:12:02Z
2026-05-23T19:11:13Z,2026-05-23T21:11:13+0200,3f7e4d3d-8fdb-4ead-ba3f-db913921b078,2026-05-17T03:15:00Z,2026-05-17T05:15:00+0200,70.96,EUR/MWh,FR,FR,day_ahead_price,value,2026-05-23T19:12:02Z
2026-05-23T19:11:13Z,2026-05-23T21:11:13+0200,3f7e4d3d-8fdb-4ead-ba3f-db913921b078,2026-05-17T03:30:00Z,2026-05-17T05:30:00+0200,70.0,EUR/MWh,FR,FR,day_ahead_price,value,2026-05-23T19:12:02Z
2026-05-23T19:11:13Z,2026-05-23T21:11:13+0200,3f7e4d3d-8fdb-4ead-ba3f-db913921b078,2026-05-17T03:45:00Z,2026-05-17T05:45:00+0200,70.96,EUR/MWh,FR,FR,day_ahead_price,value,2026-05-23T19:12:02Z
2026-05-23T19:11:13Z,2026-05-23T21:11:13+0200,3f7e4d3d-8fdb-4ead-ba3f-db913921b078,2026-05-17T04:00:00Z,2026-05-17T06:00:00+0200,67.69,EUR/MWh,FR,FR,day_ahead_price,value,2026-05-23T19:12:02Z
2026-05-23T19:11:13Z,2026-05-23T21:11:13+0200,3f7e4d3d-8fdb-4ead-ba3f-db913921b078,2026-05-17T04:15:00Z,2026-05-17T06:15:00+0200,67.87,EUR/MWh,FR,FR,day_ahead_price,value,2026-05-23T19:12:02Z
2026-05-23T19:11:13Z,2026-05-23T21:11:13+0200,3f7e4d3d-8fdb-4ead-ba3f-db913921b078,2026-05-17T04:30:00Z,2026-05-17T06:30:00+0200,68.76,EUR/MWh,FR,FR,day_ahead_price,value,2026-05-23T19:12:02Z
2026-05-23T19:11:13Z,2026-05-23T21:11:13+0200,3f7e4d3d-8fdb-4ead-ba3f-db913921b078,2026-05-17T04:45:00Z,2026-05-17T06:45:00+0200,69.0,EUR/MWh,FR,FR,day_ahead_price,value,2026-05-23T19:12:02Z
2026-05-23T19:11:13Z,2026-05-23T21:11:13+0200,3f7e4d3d-8fdb-4ead-ba3f-db913921b078,2026-05-17T05:00:00Z,2026-05-17T07:00:00+0200,70.99,EUR/MWh,FR,FR,day_ahead_price,value,2026-05-23T19:12:02Z
2026-05-23T19:11:13Z,2026-05-23T21:11:13+0200,3f7e4d3d-8fdb-4ead-ba3f-db913921b078,2026-05-17T05:15:00Z,2026-05-17T07:15:00+0200,65.41,EUR/MWh,FR,FR,day_ahead_price,value,2026-05-23T19:12:02Z
2026-05-23T19:11:13Z,2026-05-23T21:11:13+0200,3f7e4d3d-8fdb-4ead-ba3f-db913921b078,2026-05-17T05:30:00Z,2026-05-17T07:30:00+0200,50.1,EUR/MWh,FR,FR,day_ahead_price,value,2026-05-23T19:12:02Z
2026-05-23T19:11:13Z,2026-05-23T21:11:13+0200,3f7e4d3d-8fdb-4ead-ba3f-db913921b078,2026-05-17T05:45:00Z,2026-05-17T07:45:00+0200,49.39,EUR/MWh,FR,FR,day_ahead_price,value,2026-05-23T19:12:02Z
2026-05-23T19:11:13Z,2026-05-23T21:11:13+0200,3f7e4d3d-8fdb-4ead-ba3f-db913921b078,2026-05-17T06:00:00Z,2026-05-17T08:00:00+0200,62.32,EUR/MWh,FR,FR,day_ahead_price,value,2026-05-23T19:12:02Z
2026-05-23T19:11:13Z,2026-05-23T21:11:13+0200,3f7e4d3d-8fdb-4ead-ba3f-db913921b078,2026-05-17T06:15:00Z,2026-05-17T08:15:00+0200,41.98,EUR/MWh,FR,FR,day_ahead_price,value,2026-05-23T19:12:02Z
2026-05-23T19:11:13Z,2026-05-23T21:11:13+0200,3f7e4d3d-8fdb-4ead-ba3f-db913921b078,2026-05-17T06:30:00Z,2026-05-17T08:30:00+0200,25.59,EUR/MWh,FR,FR,day_ahead_price,value,2026-05-23T19:12:02Z
2026-05-23T19:11:13Z,2026-05-23T21:11:13+0200,3f7e4d3d-8fdb-4ead-ba3f-db913921b078,2026-05-17T06:45:00Z,2026-05-17T08:45:00+0200,2.49,EUR/MWh,FR,FR,day_ahead_price,value,2026-05-23T19:12:02Z
2026-05-23T19:11:13Z,2026-05-23T21:11:13+0200,3f7e4d3d-8fdb-4ead-ba3f-db913921b078,2026-05-17T07:00:00Z,2026-05-17T09:00:00+0200,22.43,EUR/MWh,FR,FR,day_ahead_price,value,2026-05-23T19:12:02Z
2026-05-23T19:11:13Z,2026-05-23T21:11:13+0200,3f7e4d3d-8fdb-4ead-ba3f-db913921b078,2026-05-17T07:15:00Z,2026-05-17T09:15:00+0200,6.1,EUR/MWh,FR,FR,day_ahead_price,value,2026-05-23T19:12:02Z
2026-05-23T19:11:13Z,2026-05-23T21:11:13+0200,3f7e4d3d-8fdb-4ead-ba3f-db913921b078,2026-05-17T07:30:00Z,2026-05-17T09:30:00+0200,9.99,EUR/MWh,FR,FR,day_ahead_price,value,2026-05-23T19:12:02Z
2026-05-23T19:11:13Z,2026-05-23T21:11:13+0200,3f7e4d3d-8fdb-4ead-ba3f-db913921b078,2026-05-17T07:45:00Z,2026-05-17T09:45:00+0200,5.02,EUR/MWh,FR,FR,day_ahead_price,value,2026-05-23T19:12:02Z
2026-05-23T19:11:13Z,2026-05-23T21:11:13+0200,3f7e4d3d-8fdb-4ead-ba3f-db913921b078,2026-05-17T08:00:00Z,2026-05-17T10:00:00+0200,8.07,EUR/MWh,FR,FR,day_ahead_price,value,2026-05-23T19:12:02Z
2026-05-23T19:11:13Z,2026-05-23T21:11:13+0200,3f7e4d3d-8fdb-4ead-ba3f-db913921b078,2026-05-17T08:15:00Z,2026-05-17T10:15:00+0200,4.51,EUR/MWh,FR,FR,day_ahead_price,value,2026-05-23T19:12:02Z
2026-05-23T19:11:13Z,2026-05-23T21:11:13+0200,3f7e4d3d-8fdb-4ead-ba3f-db913921b078,2026-05-17T08:30:00Z,2026-05-17T10:30:00+0200,1.34,EUR/MWh,FR,FR,day_ahead_price,value,2026-05-23T19:12:02Z
2026-05-23T19:11:13Z,2026-05-23T21:11:13+0200,3f7e4d3d-8fdb-4ead-ba3f-db913921b078,2026-05-17T08:45:00Z,2026-05-17T10:45:00+0200,0.04,EUR/MWh,FR,FR,day_ahead_price,value,2026-05-23T19:12:02Z
2026-05-23T19:11:13Z,2026-05-23T21:11:13+0200,3f7e4d3d-8fdb-4ead-ba3f-db913921b078,2026-05-17T09:00:00Z,2026-05-17T11:00:00+0200,2.0,EUR/MWh,FR,FR,day_ahead_price,value,2026-05-23T19:12:02Z
2026-05-23T19:11:13Z,2026-05-23T21:11:13+0200,3f7e4d3d-8fdb-4ead-ba3f-db913921b078,2026-05-17T09:15:00Z,2026-05-17T11:15:00+0200,0.19,EUR/MWh,FR,FR,day_ahead_price,value,2026-05-23T19:12:02Z
2026-05-23T19:11:13Z,2026-05-23T21:11:13+0200,3f7e4d3d-8fdb-4ead-ba3f-db913921b078,2026-05-17T09:30:00Z,2026-05-17T11:30:00+0200,0.05,EUR/MWh,FR,FR,day_ahead_price,value,2026-05-23T19:12:02Z
2026-05-23T19:11:13Z,2026-05-23T21:11:13+0200,3f7e4d3d-8fdb-4ead-ba3f-db913921b078,2026-05-17T09:45:00Z,2026-05-17T11:45:00+0200,0.0,EUR/MWh,FR,FR,day_ahead_price,value,2026-05-23T19:12:02Z
2026-05-23T19:11:13Z,2026-05-23T21:11:13+0200,3f7e4d3d-8fdb-4ead-ba3f-db913921b078,2026-05-17T10:00:00Z,2026-05-17T12:00:00+0200,1.34,EUR/MWh,FR,FR,day_ahead_price,value,2026-05-23T19:12:02Z
2026-05-23T19:11:13Z,2026-05-23T21:11:13+0200,3f7e4d3d-8fdb-4ead-ba3f-db913921b078,2026-05-17T10:15:00Z,2026-05-17T12:15:00+0200,1.76,EUR/MWh,FR,FR,day_ahead_price,value,2026-05-23T19:12:02Z
2026-05-23T19:11:13Z,2026-05-23T21:11:13+0200,3f7e4d3d-8fdb-4ead-ba3f-db913921b078,2026-05-17T10:30:00Z,2026-05-17T12:30:00+0200,1.75,EUR/MWh,FR,FR,day_ahead_price,value,2026-05-23T19:12:02Z
2026-05-23T19:11:13Z,2026-05-23T21:11:13+0200,3f7e4d3d-8fdb-4ead-ba3f-db913921b078,2026-05-17T10:45:00Z,2026-05-17T12:45:00+0200,0.05,EUR/MWh,FR,FR,day_ahead_price,value,2026-05-23T19:12:02Z
2026-05-23T19:11:13Z,2026-05-23T21:11:13+0200,3f7e4d3d-8fdb-4ead-ba3f-db913921b078,2026-05-17T11:00:00Z,2026-05-17T13:00:00+0200,0.0,EUR/MWh,FR,FR,day_ahead_price,value,2026-05-23T19:12:02Z
2026-05-23T19:11:13Z,2026-05-23T21:11:13+0200,3f7e4d3d-8fdb-4ead-ba3f-db913921b078,2026-05-17T11:15:00Z,2026-05-17T13:15:00+0200,0.0,EUR/MWh,FR,FR,day_ahead_price,value,2026-05-23T19:12:02Z
2026-05-23T19:11:13Z,2026-05-23T21:11:13+0200,3f7e4d3d-8fdb-4ead-ba3f-db913921b078,2026-05-17T11:30:00Z,2026-05-17T13:30:00+0200,0.0,EUR/MWh,FR,FR,day_ahead_price,value,2026-05-23T19:12:02Z
2026-05-23T19:11:13Z,2026-05-23T21:11:13+0200,3f7e4d3d-8fdb-4ead-ba3f-db913921b078,2026-05-17T11:45:00Z,2026-05-17T13:45:00+0200,0.0,EUR/MWh,FR,FR,day_ahead_price,value,2026-05-23T19:12:02Z
2026-05-23T19:11:13Z,2026-05-23T21:11:13+0200,3f7e4d3d-8fdb-4ead-ba3f-db913921b078,2026-05-17T12:00:00Z,2026-05-17T14:00:00+0200,0.0,EUR/MWh,FR,FR,day_ahead_price,value,2026-05-23T19:12:02Z
2026-05-23T19:11:13Z,2026-05-23T21:11:13+0200,3f7e4d3d-8fdb-4ead-ba3f-db913921b078,2026-05-17T12:15:00Z,2026-05-17T14:15:00+0200,0.0,EUR/MWh,FR,FR,day_ahead_price,value,2026-05-23T19:12:02Z
2026-05-23T19:11:13Z,2026-05-23T21:11:13+0200,3f7e4d3d-8fdb-4ead-ba3f-db913921b078,2026-05-17T12:30:00Z,2026-05-17T14:30:00+0200,0.0,EUR/MWh,FR,FR,day_ahead_price,value,2026-05-23T19:12:02Z
2026-05-23T19:11:13Z,2026-05-23T21:11:13+0200,3f7e4d3d-8fdb-4ead-ba3f-db913921b078,2026-05-17T12:45:00Z,2026-05-17T14:45:00+0200,0.0,EUR/MWh,FR,FR,day_ahead_price,value,2026-05-23T19:12:02Z
2026-05-23T19:11:13Z,2026-05-23T21:11:13+0200,3f7e4d3d-8fdb-4ead-ba3f-db913921b078,2026-05-17T13:00:00Z,2026-05-17T15:00:00+0200,0.0,EUR/MWh,FR,FR,day_ahead_price,value,2026-05-23T19:12:02Z
2026-05-23T19:11:13Z,2026-05-23T21:11:13+0200,3f7e4d3d-8fdb-4ead-ba3f-db913921b078,2026-05-17T13:15:00Z,2026-05-17T15:15:00+0200,0.0,EUR/MWh,FR,FR,day_ahead_price,value,2026-05-23T19:12:02Z
2026-05-23T19:11:13Z,2026-05-23T21:11:13+0200,3f7e4d3d-8fdb-4ead-ba3f-db913921b078,2026-05-17T13:30:00Z,2026-05-17T15:30:00+0200,0.0,EUR/MWh,FR,FR,day_ahead_price,value,2026-05-23T19:12:02Z
2026-05-23T19:11:13Z,2026-05-23T21:11:13+0200,3f7e4d3d-8fdb-4ead-ba3f-db913921b078,2026-05-17T13:45:00Z,2026-05-17T15:45:00+0200,0.0,EUR/MWh,FR,FR,day_ahead_price,value,2026-05-23T19:12:02Z
2026-05-23T19:11:13Z,2026-05-23T21:11:13+0200,3f7e4d3d-8fdb-4ead-ba3f-db913921b078,2026-05-17T14:00:00Z,2026-05-17T16:00:00+0200,0.0,EUR/MWh,FR,FR,day_ahead_price,value,2026-05-23T19:12:02Z
2026-05-23T19:11:13Z,2026-05-23T21:11:13+0200,3f7e4d3d-8fdb-4ead-ba3f-db913921b078,2026-05-17T14:15:00Z,2026-05-17T16:15:00+0200,0.0,EUR/MWh,FR,FR,day_ahead_price,value,2026-05-23T19:12:02Z
2026-05-23T19:11:13Z,2026-05-23T21:11:13+0200,3f7e4d3d-8fdb-4ead-ba3f-db913921b078,2026-05-17T14:30:00Z,2026-05-17T16:30:00+0200,0.0,EUR/MWh,FR,FR,day_ahead_price,value,2026-05-23T19:12:02Z
2026-05-23T19:11:13Z,2026-05-23T21:11:13+0200,3f7e4d3d-8fdb-4ead-ba3f-db913921b078,2026-05-17T14:45:00Z,2026-05-17T16:45:00+0200,0.0,EUR/MWh,FR,FR,day_ahead_price,value,2026-05-23T19:12:02Z
2026-05-23T19:11:13Z,2026-05-23T21:11:13+0200,3f7e4d3d-8fdb-4ead-ba3f-db913921b078,2026-05-17T15:00:00Z,2026-05-17T17:00:00+0200,0.0,EUR/MWh,FR,FR,day_ahead_price,value,2026-05-23T19:12:02Z
2026-05-23T19:11:13Z,2026-05-23T21:11:13+0200,3f7e4d3d-8fdb-4ead-ba3f-db913921b078,2026-05-17T15:15:00Z,2026-05-17T17:15:00+0200,0.0,EUR/MWh,FR,FR,day_ahead_price,value,2026-05-23T19:12:02Z
2026-05-23T19:11:13Z,2026-05-23T21:11:13+0200,3f7e4d3d-8fdb-4ead-ba3f-db913921b078,2026-05-17T15:30:00Z,2026-05-17T17:30:00+0200,0.0,EUR/MWh,FR,FR,day_ahead_price,value,2026-05-23T19:12:02Z
2026-05-23T19:11:13Z,2026-05-23T21:11:13+0200,3f7e4d3d-8fdb-4ead-ba3f-db913921b078,2026-05-17T15:45:00Z,2026-05-17T17:45:00+0200,11.04,EUR/MWh,FR,FR,day_ahead_price,value,2026-05-23T19:12:02Z
2026-05-23T19:11:13Z,2026-05-23T21:11:13+0200,3f7e4d3d-8fdb-4ead-ba3f-db913921b078,2026-05-17T16:00:00Z,2026-05-17T18:00:00+0200,15.52,EUR/MWh,FR,FR,day_ahead_price,value,2026-05-23T19:12:02Z
2026-05-23T19:11:13Z,2026-05-23T21:11:13+0200,3f7e4d3d-8fdb-4ead-ba3f-db913921b078,2026-05-17T16:15:00Z,2026-05-17T18:15:00+0200,21.57,EUR/MWh,FR,FR,day_ahead_price,value,2026-05-23T19:12:02Z
2026-05-23T19:11:13Z,2026-05-23T21:11:13+0200,3f7e4d3d-8fdb-4ead-ba3f-db913921b078,2026-05-17T16:30:00Z,2026-05-17T18:30:00+0200,54.59,EUR/MWh,FR,FR,day_ahead_price,value,2026-05-23T19:12:02Z
2026-05-23T19:11:13Z,2026-05-23T21:11:13+0200,3f7e4d3d-8fdb-4ead-ba3f-db913921b078,2026-05-17T16:45:00Z,2026-05-17T18:45:00+0200,87.02,EUR/MWh,FR,FR,day_ahead_price,value,2026-05-23T19:12:02Z
2026-05-23T19:11:13Z,2026-05-23T21:11:13+0200,3f7e4d3d-8fdb-4ead-ba3f-db913921b078,2026-05-17T17:00:00Z,2026-05-17T19:00:00+0200,59.8,EUR/MWh,FR,FR,day_ahead_price,value,2026-05-23T19:12:02Z
2026-05-23T19:11:13Z,2026-05-23T21:11:13+0200,3f7e4d3d-8fdb-4ead-ba3f-db913921b078,2026-05-17T17:15:00Z,2026-05-17T19:15:00+0200,76.46,EUR/MWh,FR,FR,day_ahead_price,value,2026-05-23T19:12:02Z
2026-05-23T19:11:13Z,2026-05-23T21:11:13+0200,3f7e4d3d-8fdb-4ead-ba3f-db913921b078,2026-05-17T17:30:00Z,2026-05-17T19:30:00+0200,83.0,EUR/MWh,FR,FR,day_ahead_price,value,2026-05-23T19:12:02Z
2026-05-23T19:11:13Z,2026-05-23T21:11:13+0200,3f7e4d3d-8fdb-4ead-ba3f-db913921b078,2026-05-17T17:45:00Z,2026-05-17T19:45:00+0200,108.86,EUR/MWh,FR,FR,day_ahead_price,value,2026-05-23T19:12:02Z
2026-05-23T19:11:13Z,2026-05-23T21:11:13+0200,3f7e4d3d-8fdb-4ead-ba3f-db913921b078,2026-05-17T18:00:00Z,2026-05-17T20:00:00+0200,102.8,EUR/MWh,FR,FR,day_ahead_price,value,2026-05-23T19:12:02Z
2026-05-23T19:11:13Z,2026-05-23T21:11:13+0200,3f7e4d3d-8fdb-4ead-ba3f-db913921b078,2026-05-17T18:15:00Z,2026-05-17T20:15:00+0200,96.88,EUR/MWh,FR,FR,day_ahead_price,value,2026-05-23T19:12:02Z
2026-05-23T19:11:13Z,2026-05-23T21:11:13+0200,3f7e4d3d-8fdb-4ead-ba3f-db913921b078,2026-05-17T18:30:00Z,2026-05-17T20:30:00+0200,97.15,EUR/MWh,FR,FR,day_ahead_price,value,2026-05-23T19:12:02Z
2026-05-23T19:11:13Z,2026-05-23T21:11:13+0200,3f7e4d3d-8fdb-4ead-ba3f-db913921b078,2026-05-17T18:45:00Z,2026-05-17T20:45:00+0200,110.0,EUR/MWh,FR,FR,day_ahead_price,value,2026-05-23T19:12:02Z
2026-05-23T19:11:13Z,2026-05-23T21:11:13+0200,3f7e4d3d-8fdb-4ead-ba3f-db913921b078,2026-05-17T19:00:00Z,2026-05-17T21:00:00+0200,111.0,EUR/MWh,FR,FR,day_ahead_price,value,2026-05-23T19:12:02Z
2026-05-23T19:11:13Z,2026-05-23T21:11:13+0200,3f7e4d3d-8fdb-4ead-ba3f-db913921b078,2026-05-17T19:15:00Z,2026-05-17T21:15:00+0200,115.0,EUR/MWh,FR,FR,day_ahead_price,value,2026-05-23T19:12:02Z
2026-05-23T19:11:13Z,2026-05-23T21:11:13+0200,3f7e4d3d-8fdb-4ead-ba3f-db913921b078,2026-05-17T19:30:00Z,2026-05-17T21:30:00+0200,117.85,EUR/MWh,FR,FR,day_ahead_price,value,2026-05-23T19:12:02Z
2026-05-23T19:11:13Z,2026-05-23T21:11:13+0200,3f7e4d3d-8fdb-4ead-ba3f-db913921b078,2026-05-17T19:45:00Z,2026-05-17T21:45:00+0200,116.02,EUR/MWh,FR,FR,day_ahead_price,value,2026-05-23T19:12:02Z
2026-05-23T19:11:13Z,2026-05-23T21:11:13+0200,3f7e4d3d-8fdb-4ead-ba3f-db913921b078,2026-05-17T20:00:00Z,2026-05-17T22:00:00+0200,120.0,EUR/MWh,FR,FR,day_ahead_price,value,2026-05-23T19:12:02Z
2026-05-23T19:11:13Z,2026-05-23T21:11:13+0200,3f7e4d3d-8fdb-4ead-ba3f-db913921b078,2026-05-17T20:15:00Z,2026-05-17T22:15:00+0200,119.0,EUR/MWh,FR,FR,day_ahead_price,value,2026-05-23T19:12:02Z
2026-05-23T19:11:13Z,2026-05-23T21:11:13+0200,3f7e4d3d-8fdb-4ead-ba3f-db913921b078,2026-05-17T20:30:00Z,2026-05-17T22:30:00+0200,120.67,EUR/MWh,FR,FR,day_ahead_price,value,2026-05-23T19:12:02Z
2026-05-23T19:11:13Z,2026-05-23T21:11:13+0200,3f7e4d3d-8fdb-4ead-ba3f-db913921b078,2026-05-17T20:45:00Z,2026-05-17T22:45:00+0200,116.35,EUR/MWh,FR,FR,day_ahead_price,value,2026-05-23T19:12:02Z
2026-05-23T19:11:13Z,2026-05-23T21:11:13+0200,3f7e4d3d-8fdb-4ead-ba3f-db913921b078,2026-05-17T21:00:00Z,2026-05-17T23:00:00+0200,116.35,EUR/MWh,FR,FR,day_ahead_price,value,2026-05-23T19:12:02Z
2026-05-23T19:11:13Z,2026-05-23T21:11:13+0200,3f7e4d3d-8fdb-4ead-ba3f-db913921b078,2026-05-17T21:15:00Z,2026-05-17T23:15:00+0200,108.0,EUR/MWh,FR,FR,day_ahead_price,value,2026-05-23T19:12:02Z
2026-05-23T19:11:13Z,2026-05-23T21:11:13+0200,3f7e4d3d-8fdb-4ead-ba3f-db913921b078,2026-05-17T21:30:00Z,2026-05-17T23:30:00+0200,106.94,EUR/MWh,FR,FR,day_ahead_price,value,2026-05-23T19:12:02Z
2026-05-23T19:11:13Z,2026-05-23T21:11:13+0200,3f7e4d3d-8fdb-4ead-ba3f-db913921b078,2026-05-17T21:45:00Z,2026-05-17T23:45:00+0200,98.75,EUR/MWh,FR,FR,day_ahead_price,value,2026-05-23T19:12:02Z
2026-05-23T19:11:13Z,2026-05-23T21:11:13+0200,3f7e4d3d-8fdb-4ead-ba3f-db913921b078,2026-05-17T22:00:00Z,2026-05-18T00:00:00+0200,99.66,EUR/MWh,FR,FR,day_ahead_price,value,2026-05-23T19:12:02Z
2026-05-23T19:11:13Z,2026-05-23T21:11:13+0200,3f7e4d3d-8fdb-4ead-ba3f-db913921b078,2026-05-17T22:15:00Z,2026-05-18T00:15:00+0200,96.09,EUR/MWh,FR,FR,day_ahead_price,value,2026-05-23T19:12:02Z
2026-05-23T19:11:13Z,2026-05-23T21:11:13+0200,3f7e4d3d-8fdb-4ead-ba3f-db913921b078,2026-05-17T22:30:00Z,2026-05-18T00:30:00+0200,88.94,EUR/MWh,FR,FR,day_ahead_price,value,2026-05-23T19:12:02Z
2026-05-23T19:11:13Z,2026-05-23T21:11:13+0200,3f7e4d3d-8fdb-4ead-ba3f-db913921b078,2026-05-17T22:45:00Z,2026-05-18T00:45:00+0200,87.36,EUR/MWh,FR,FR,day_ahead_price,value,2026-05-23T19:12:02Z
2026-05-23T19:11:13Z,2026-05-23T21:11:13+0200,3f7e4d3d-8fdb-4ead-ba3f-db913921b078,2026-05-17T23:00:00Z,2026-05-18T01:00:00+0200,87.74,EUR/MWh,FR,FR,day_ahead_price,value,2026-05-23T19:12:02Z
2026-05-23T19:11:13Z,2026-05-23T21:11:13+0200,3f7e4d3d-8fdb-4ead-ba3f-db913921b078,2026-05-17T23:15:00Z,2026-05-18T01:15:00+0200,87.26,EUR/MWh,FR,FR,day_ahead_price,value,2026-05-23T19:12:02Z
2026-05-23T19:11:13Z,2026-05-23T21:11:13+0200,3f7e4d3d-8fdb-4ead-ba3f-db913921b078,2026-05-17T23:30:00Z,2026-05-18T01:30:00+0200,87.36,EUR/MWh,FR,FR,day_ahead_price,value,2026-05-23T19:12:02Z
2026-05-23T19:11:13Z,2026-05-23T21:11:13+0200,3f7e4d3d-8fdb-4ead-ba3f-db913921b078,2026-05-17T23:45:00Z,2026-05-18T01:45:00+0200,86.54,EUR/MWh,FR,FR,day_ahead_price,value,2026-05-23T19:12:02Z
2026-05-23T19:11:13Z,2026-05-23T21:11:13+0200,3f7e4d3d-8fdb-4ead-ba3f-db913921b078,2026-05-18T00:00:00Z,2026-05-18T02:00:00+0200,85.7,EUR/MWh,FR,FR,day_ahead_price,value,2026-05-23T19:12:02Z
2026-05-23T19:11:13Z,2026-05-23T21:11:13+0200,3f7e4d3d-8fdb-4ead-ba3f-db913921b078,2026-05-18T00:15:00Z,2026-05-18T02:15:00+0200,83.07,EUR/MWh,FR,FR,day_ahead_price,value,2026-05-23T19:12:02Z
2026-05-23T19:11:13Z,2026-05-23T21:11:13+0200,3f7e4d3d-8fdb-4ead-ba3f-db913921b078,2026-05-18T00:30:00Z,2026-05-18T02:30:00+0200,82.51,EUR/MWh,FR,FR,day_ahead_price,value,2026-05-23T19:12:02Z
2026-05-23T19:11:13Z,2026-05-23T21:11:13+0200,3f7e4d3d-8fdb-4ead-ba3f-db913921b078,2026-05-18T00:45:00Z,2026-05-18T02:45:00+0200,81.76,EUR/MWh,FR,FR,day_ahead_price,value,2026-05-23T19:12:02Z
2026-05-23T19:11:13Z,2026-05-23T21:11:13+0200,3f7e4d3d-8fdb-4ead-ba3f-db913921b078,2026-05-18T01:00:00Z,2026-05-18T03:00:00+0200,84.0,EUR/MWh,FR,FR,day_ahead_price,value,2026-05-23T19:12:02Z
2026-05-23T19:11:13Z,2026-05-23T21:11:13+0200,3f7e4d3d-8fdb-4ead-ba3f-db913921b078,2026-05-18T01:15:00Z,2026-05-18T03:15:00+0200,77.8,EUR/MWh,FR,FR,day_ahead_price,value,2026-05-23T19:12:02Z
2026-05-23T19:11:13Z,2026-05-23T21:11:13+0200,3f7e4d3d-8fdb-4ead-ba3f-db913921b078,2026-05-18T01:30:00Z,2026-05-18T03:30:00+0200,77.98,EUR/MWh,FR,FR,day_ahead_price,value,2026-05-23T19:12:02Z
2026-05-23T19:11:13Z,2026-05-23T21:11:13+0200,3f7e4d3d-8fdb-4ead-ba3f-db913921b078,2026-05-18T01:45:00Z,2026-05-18T03:45:00+0200,77.7,EUR/MWh,FR,FR,day_ahead_price,value,2026-05-23T19:12:02Z
2026-05-23T19:11:13Z,2026-05-23T21:11:13+0200,3f7e4d3d-8fdb-4ead-ba3f-db913921b078,2026-05-18T02:00:00Z,2026-05-18T04:00:00+0200,77.26,EUR/MWh,FR,FR,day_ahead_price,value,2026-05-23T19:12:02Z
2026-05-23T19:11:13Z,2026-05-23T21:11:13+0200,3f7e4d3d-8fdb-4ead-ba3f-db913921b078,2026-05-18T02:15:00Z,2026-05-18T04:15:00+0200,77.7,EUR/MWh,FR,FR,day_ahead_price,value,2026-05-23T19:12:02Z
2026-05-23T19:11:13Z,2026-05-23T21:11:13+0200,3f7e4d3d-8fdb-4ead-ba3f-db913921b078,2026-05-18T02:30:00Z,2026-05-18T04:30:00+0200,84.0,EUR/MWh,FR,FR,day_ahead_price,value,2026-05-23T19:12:02Z
2026-05-23T19:11:13Z,2026-05-23T21:11:13+0200,3f7e4d3d-8fdb-4ead-ba3f-db913921b078,2026-05-18T02:45:00Z,2026-05-18T04:45:00+0200,85.7,EUR/MWh,FR,FR,day_ahead_price,value,2026-05-23T19:12:02Z
2026-05-23T19:11:13Z,2026-05-23T21:11:13+0200,3f7e4d3d-8fdb-4ead-ba3f-db913921b078,2026-05-18T03:00:00Z,2026-05-18T05:00:00+0200,85.66,EUR/MWh,FR,FR,day_ahead_price,value,2026-05-23T19:12:02Z
2026-05-23T19:11:13Z,2026-05-23T21:11:13+0200,3f7e4d3d-8fdb-4ead-ba3f-db913921b078,2026-05-18T03:15:00Z,2026-05-18T05:15:00+0200,86.54,EUR/MWh,FR,FR,day_ahead_price,value,2026-05-23T19:12:02Z
2026-05-23T19:11:13Z,2026-05-23T21:11:13+0200,3f7e4d3d-8fdb-4ead-ba3f-db913921b078,2026-05-18T03:30:00Z,2026-05-18T05:30:00+0200,87.02,EUR/MWh,FR,FR,day_ahead_price,value,2026-05-23T19:12:02Z
2026-05-23T19:11:13Z,2026-05-23T21:11:13+0200,3f7e4d3d-8fdb-4ead-ba3f-db913921b078,2026-05-18T03:45:00Z,2026-05-18T05:45:00+0200,88.94,EUR/MWh,FR,FR,day_ahead_price,value,2026-05-23T19:12:02Z
2026-05-23T19:11:13Z,2026-05-23T21:11:13+0200,3f7e4d3d-8fdb-4ead-ba3f-db913921b078,2026-05-18T04:00:00Z,2026-05-18T06:00:00+0200,93.56,EUR/MWh,FR,FR,day_ahead_price,value,2026-05-23T19:12:02Z
2026-05-23T19:11:13Z,2026-05-23T21:11:13+0200,3f7e4d3d-8fdb-4ead-ba3f-db913921b078,2026-05-18T04:15:00Z,2026-05-18T06:15:00+0200,98.49,EUR/MWh,FR,FR,day_ahead_price,value,2026-05-23T19:12:02Z
2026-05-23T19:11:13Z,2026-05-23T21:11:13+0200,3f7e4d3d-8fdb-4ead-ba3f-db913921b078,2026-05-18T04:30:00Z,2026-05-18T06:30:00+0200,102.0,EUR/MWh,FR,FR,day_ahead_price,value,2026-05-23T19:12:02Z
2026-05-23T19:11:13Z,2026-05-23T21:11:13+0200,3f7e4d3d-8fdb-4ead-ba3f-db913921b078,2026-05-18T04:45:00Z,2026-05-18T06:45:00+0200,109.11,EUR/MWh,FR,FR,day_ahead_price,value,2026-05-23T19:12:02Z
2026-05-23T19:11:13Z,2026-05-23T21:11:13+0200,3f7e4d3d-8fdb-4ead-ba3f-db913921b078,2026-05-18T05:00:00Z,2026-05-18T07:00:00+0200,116.67,EUR/MWh,FR,FR,day_ahead_price,value,2026-05-23T19:12:02Z
2026-05-23T19:11:13Z,2026-05-23T21:11:13+0200,3f7e4d3d-8fdb-4ead-ba3f-db913921b078,2026-05-18T05:15:00Z,2026-05-18T07:15:00+0200,116.79,EUR/MWh,FR,FR,day_ahead_price,value,2026-05-23T19:12:02Z
2026-05-23T19:11:13Z,2026-05-23T21:11:13+0200,3f7e4d3d-8fdb-4ead-ba3f-db913921b078,2026-05-18T05:30:00Z,2026-05-18T07:30:00+0200,110.04,EUR/MWh,FR,FR,day_ahead_price,value,2026-05-23T19:12:02Z
2026-05-23T19:11:13Z,2026-05-23T21:11:13+0200,3f7e4d3d-8fdb-4ead-ba3f-db913921b078,2026-05-18T05:45:00Z,2026-05-18T07:45:00+0200,104.04,EUR/MWh,FR,FR,day_ahead_price,value,2026-05-23T19:12:02Z
2026-05-23T19:11:13Z,2026-05-23T21:11:13+0200,3f7e4d3d-8fdb-4ead-ba3f-db913921b078,2026-05-18T06:00:00Z,2026-05-18T08:00:00+0200,116.79,EUR/MWh,FR,FR,day_ahead_price,value,2026-05-23T19:12:02Z
2026-05-23T19:11:13Z,2026-05-23T21:11:13+0200,3f7e4d3d-8fdb-4ead-ba3f-db913921b078,2026-05-18T06:15:00Z,2026-05-18T08:15:00+0200,105.97,EUR/MWh,FR,FR,day_ahead_price,value,2026-05-23T19:12:02Z
2026-05-23T19:11:13Z,2026-05-23T21:11:13+0200,3f7e4d3d-8fdb-4ead-ba3f-db913921b078,2026-05-18T06:30:00Z,2026-05-18T08:30:00+0200,96.39,EUR/MWh,FR,FR,day_ahead_price,value,2026-05-23T19:12:02Z
2026-05-23T19:11:13Z,2026-05-23T21:11:13+0200,3f7e4d3d-8fdb-4ead-ba3f-db913921b078,2026-05-18T06:45:00Z,2026-05-18T08:45:00+0200,85.0,EUR/MWh,FR,FR,day_ahead_price,value,2026-05-23T19:12:02Z
2026-05-23T19:11:13Z,2026-05-23T21:11:13+0200,3f7e4d3d-8fdb-4ead-ba3f-db913921b078,2026-05-18T07:00:00Z,2026-05-18T09:00:00+0200,121.21,EUR/MWh,FR,FR,day_ahead_price,value,2026-05-23T19:12:02Z
2026-05-23T19:11:13Z,2026-05-23T21:11:13+0200,3f7e4d3d-8fdb-4ead-ba3f-db913921b078,2026-05-18T07:15:00Z,2026-05-18T09:15:00+0200,84.2,EUR/MWh,FR,FR,day_ahead_price,value,2026-05-23T19:12:02Z
2026-05-23T19:11:13Z,2026-05-23T21:11:13+0200,3f7e4d3d-8fdb-4ead-ba3f-db913921b078,2026-05-18T07:30:00Z,2026-05-18T09:30:00+0200,57.83,EUR/MWh,FR,FR,day_ahead_price,value,2026-05-23T19:12:02Z
2026-05-23T19:11:13Z,2026-05-23T21:11:13+0200,3f7e4d3d-8fdb-4ead-ba3f-db913921b078,2026-05-18T07:45:00Z,2026-05-18T09:45:00+0200,40.53,EUR/MWh,FR,FR,day_ahead_price,value,2026-05-23T19:12:02Z
2026-05-23T19:11:13Z,2026-05-23T21:11:13+0200,3f7e4d3d-8fdb-4ead-ba3f-db913921b078,2026-05-18T08:00:00Z,2026-05-18T10:00:00+0200,92.9,EUR/MWh,FR,FR,day_ahead_price,value,2026-05-23T19:12:02Z
2026-05-23T19:11:13Z,2026-05-23T21:11:13+0200,3f7e4d3d-8fdb-4ead-ba3f-db913921b078,2026-05-18T08:15:00Z,2026-05-18T10:15:00+0200,60.99,EUR/MWh,FR,FR,day_ahead_price,value,2026-05-23T19:12:02Z
2026-05-23T19:11:13Z,2026-05-23T21:11:13+0200,3f7e4d3d-8fdb-4ead-ba3f-db913921b078,2026-05-18T08:30:00Z,2026-05-18T10:30:00+0200,60.99,EUR/MWh,FR,FR,day_ahead_price,value,2026-05-23T19:12:02Z
2026-05-23T19:11:13Z,2026-05-23T21:11:13+0200,3f7e4d3d-8fdb-4ead-ba3f-db913921b078,2026-05-18T08:45:00Z,2026-05-18T10:45:00+0200,28.71,EUR/MWh,FR,FR,day_ahead_price,value,2026-05-23T19:12:02Z
2026-05-23T19:11:13Z,2026-05-23T21:11:13+0200,3f7e4d3d-8fdb-4ead-ba3f-db913921b078,2026-05-18T09:00:00Z,2026-05-18T11:00:00+0200,77.4,EUR/MWh,FR,FR,day_ahead_price,value,2026-05-23T19:12:02Z
2026-05-23T19:11:13Z,2026-05-23T21:11:13+0200,3f7e4d3d-8fdb-4ead-ba3f-db913921b078,2026-05-18T09:15:00Z,2026-05-18T11:15:00+0200,46.02,EUR/MWh,FR,FR,day_ahead_price,value,2026-05-23T19:12:02Z
2026-05-23T19:11:13Z,2026-05-23T21:11:13+0200,3f7e4d3d-8fdb-4ead-ba3f-db913921b078,2026-05-18T09:30:00Z,2026-05-18T11:30:00+0200,52.07,EUR/MWh,FR,FR,day_ahead_price,value,2026-05-23T19:12:02Z
2026-05-23T19:11:13Z,2026-05-23T21:11:13+0200,3f7e4d3d-8fdb-4ead-ba3f-db913921b078,2026-05-18T09:45:00Z,2026-05-18T11:45:00+0200,37.62,EUR/MWh,FR,FR,day_ahead_price,value,2026-05-23T19:12:02Z
2026-05-23T19:11:13Z,2026-05-23T21:11:13+0200,3f7e4d3d-8fdb-4ead-ba3f-db913921b078,2026-05-18T10:00:00Z,2026-05-18T12:00:00+0200,77.28,EUR/MWh,FR,FR,day_ahead_price,value,2026-05-23T19:12:02Z
2026-05-23T19:11:13Z,2026-05-23T21:11:13+0200,3f7e4d3d-8fdb-4ead-ba3f-db913921b078,2026-05-18T10:15:00Z,2026-05-18T12:15:00+0200,49.44,EUR/MWh,FR,FR,day_ahead_price,value,2026-05-23T19:12:02Z
2026-05-23T19:11:13Z,2026-05-23T21:11:13+0200,3f7e4d3d-8fdb-4ead-ba3f-db913921b078,2026-05-18T10:30:00Z,2026-05-18T12:30:00+0200,83.43,EUR/MWh,FR,FR,day_ahead_price,value,2026-05-23T19:12:02Z
2026-05-23T19:11:13Z,2026-05-23T21:11:13+0200,3f7e4d3d-8fdb-4ead-ba3f-db913921b078,2026-05-18T10:45:00Z,2026-05-18T12:45:00+0200,38.0,EUR/MWh,FR,FR,day_ahead_price,value,2026-05-23T19:12:02Z
2026-05-23T19:11:13Z,2026-05-23T21:11:13+0200,3f7e4d3d-8fdb-4ead-ba3f-db913921b078,2026-05-18T11:00:00Z,2026-05-18T13:00:00+0200,67.08,EUR/MWh,FR,FR,day_ahead_price,value,2026-05-23T19:12:02Z
2026-05-23T19:11:13Z,2026-05-23T21:11:13+0200,3f7e4d3d-8fdb-4ead-ba3f-db913921b078,2026-05-18T11:15:00Z,2026-05-18T13:15:00+0200,49.94,EUR/MWh,FR,FR,day_ahead_price,value,2026-05-23T19:12:02Z
2026-05-23T19:11:13Z,2026-05-23T21:11:13+0200,3f7e4d3d-8fdb-4ead-ba3f-db913921b078,2026-05-18T11:30:00Z,2026-05-18T13:30:00+0200,36.93,EUR/MWh,FR,FR,day_ahead_price,value,2026-05-23T19:12:02Z
2026-05-23T19:11:13Z,2026-05-23T21:11:13+0200,3f7e4d3d-8fdb-4ead-ba3f-db913921b078,2026-05-18T11:45:00Z,2026-05-18T13:45:00+0200,27.6,EUR/MWh,FR,FR,day_ahead_price,value,2026-05-23T19:12:02Z
2026-05-23T19:11:13Z,2026-05-23T21:11:13+0200,3f7e4d3d-8fdb-4ead-ba3f-db913921b078,2026-05-18T12:00:00Z,2026-05-18T14:00:00+0200,61.32,EUR/MWh,FR,FR,day_ahead_price,value,2026-05-23T19:12:02Z
2026-05-23T19:11:13Z,2026-05-23T21:11:13+0200,3f7e4d3d-8fdb-4ead-ba3f-db913921b078,2026-05-18T12:15:00Z,2026-05-18T14:15:00+0200,61.37,EUR/MWh,FR,FR,day_ahead_price,value,2026-05-23T19:12:02Z
2026-05-23T19:11:13Z,2026-05-23T21:11:13+0200,3f7e4d3d-8fdb-4ead-ba3f-db913921b078,2026-05-18T12:30:00Z,2026-05-18T14:30:00+0200,39.21,EUR/MWh,FR,FR,day_ahead_price,value,2026-05-23T19:12:02Z
2026-05-23T19:11:13Z,2026-05-23T21:11:13+0200,3f7e4d3d-8fdb-4ead-ba3f-db913921b078,2026-05-18T12:45:00Z,2026-05-18T14:45:00+0200,31.26,EUR/MWh,FR,FR,day_ahead_price,value,2026-05-23T19:12:02Z
2026-05-23T19:11:13Z,2026-05-23T21:11:13+0200,3f7e4d3d-8fdb-4ead-ba3f-db913921b078,2026-05-18T13:00:00Z,2026-05-18T15:00:00+0200,54.39,EUR/MWh,FR,FR,day_ahead_price,value,2026-05-23T19:12:02Z
2026-05-23T19:11:13Z,2026-05-23T21:11:13+0200,3f7e4d3d-8fdb-4ead-ba3f-db913921b078,2026-05-18T13:15:00Z,2026-05-18T15:15:00+0200,42.37,EUR/MWh,FR,FR,day_ahead_price,value,2026-05-23T19:12:02Z
2026-05-23T19:11:13Z,2026-05-23T21:11:13+0200,3f7e4d3d-8fdb-4ead-ba3f-db913921b078,2026-05-18T13:30:00Z,2026-05-18T15:30:00+0200,32.1,EUR/MWh,FR,FR,day_ahead_price,value,2026-05-23T19:12:02Z
2026-05-23T19:11:13Z,2026-05-23T21:11:13+0200,3f7e4d3d-8fdb-4ead-ba3f-db913921b078,2026-05-18T13:45:00Z,2026-05-18T15:45:00+0200,16.52,EUR/MWh,FR,FR,day_ahead_price,value,2026-05-23T19:12:02Z
2026-05-23T19:11:13Z,2026-05-23T21:11:13+0200,3f7e4d3d-8fdb-4ead-ba3f-db913921b078,2026-05-18T14:00:00Z,2026-05-18T16:00:00+0200,6.82,EUR/MWh,FR,FR,day_ahead_price,value,2026-05-23T19:12:02Z
2026-05-23T19:11:13Z,2026-05-23T21:11:13+0200,3f7e4d3d-8fdb-4ead-ba3f-db913921b078,2026-05-18T14:15:00Z,2026-05-18T16:15:00+0200,19.99,EUR/MWh,FR,FR,day_ahead_price,value,2026-05-23T19:12:02Z
2026-05-23T19:11:13Z,2026-05-23T21:11:13+0200,3f7e4d3d-8fdb-4ead-ba3f-db913921b078,2026-05-18T14:30:00Z,2026-05-18T16:30:00+0200,29.86,EUR/MWh,FR,FR,day_ahead_price,value,2026-05-23T19:12:02Z
2026-05-23T19:11:13Z,2026-05-23T21:11:13+0200,3f7e4d3d-8fdb-4ead-ba3f-db913921b078,2026-05-18T14:45:00Z,2026-05-18T16:45:00+0200,46.87,EUR/MWh,FR,FR,day_ahead_price,value,2026-05-23T19:12:02Z
2026-05-23T19:11:13Z,2026-05-23T21:11:13+0200,3f7e4d3d-8fdb-4ead-ba3f-db913921b078,2026-05-18T15:00:00Z,2026-05-18T17:00:00+0200,1.35,EUR/MWh,FR,FR,day_ahead_price,value,2026-05-23T19:12:02Z
2026-05-23T19:11:13Z,2026-05-23T21:11:13+0200,3f7e4d3d-8fdb-4ead-ba3f-db913921b078,2026-05-18T15:15:00Z,2026-05-18T17:15:00+0200,29.82,EUR/MWh,FR,FR,day_ahead_price,value,2026-05-23T19:12:02Z
2026-05-23T19:11:13Z,2026-05-23T21:11:13+0200,3f7e4d3d-8fdb-4ead-ba3f-db913921b078,2026-05-18T15:30:00Z,2026-05-18T17:30:00+0200,42.22,EUR/MWh,FR,FR,day_ahead_price,value,2026-05-23T19:12:02Z
2026-05-23T19:11:13Z,2026-05-23T21:11:13+0200,3f7e4d3d-8fdb-4ead-ba3f-db913921b078,2026-05-18T15:45:00Z,2026-05-18T17:45:00+0200,71.06,EUR/MWh,FR,FR,day_ahead_price,value,2026-05-23T19:12:02Z
2026-05-23T19:11:13Z,2026-05-23T21:11:13+0200,3f7e4d3d-8fdb-4ead-ba3f-db913921b078,2026-05-18T16:00:00Z,2026-05-18T18:00:00+0200,39.07,EUR/MWh,FR,FR,day_ahead_price,value,2026-05-23T19:12:02Z
2026-05-23T19:11:13Z,2026-05-23T21:11:13+0200,3f7e4d3d-8fdb-4ead-ba3f-db913921b078,2026-05-18T16:15:00Z,2026-05-18T18:15:00+0200,47.49,EUR/MWh,FR,FR,day_ahead_price,value,2026-05-23T19:12:02Z
2026-05-23T19:11:13Z,2026-05-23T21:11:13+0200,3f7e4d3d-8fdb-4ead-ba3f-db913921b078,2026-05-18T16:30:00Z,2026-05-18T18:30:00+0200,77.29,EUR/MWh,FR,FR,day_ahead_price,value,2026-05-23T19:12:02Z
2026-05-23T19:11:13Z,2026-05-23T21:11:13+0200,3f7e4d3d-8fdb-4ead-ba3f-db913921b078,2026-05-18T16:45:00Z,2026-05-18T18:45:00+0200,95.01,EUR/MWh,FR,FR,day_ahead_price,value,2026-05-23T19:12:02Z
2026-05-23T19:11:13Z,2026-05-23T21:11:13+0200,3f7e4d3d-8fdb-4ead-ba3f-db913921b078,2026-05-18T17:00:00Z,2026-05-18T19:00:00+0200,59.75,EUR/MWh,FR,FR,day_ahead_price,value,2026-05-23T19:12:02Z
2026-05-23T19:11:13Z,2026-05-23T21:11:13+0200,3f7e4d3d-8fdb-4ead-ba3f-db913921b078,2026-05-18T17:15:00Z,2026-05-18T19:15:00+0200,90.33,EUR/MWh,FR,FR,day_ahead_price,value,2026-05-23T19:12:02Z
2026-05-23T19:11:13Z,2026-05-23T21:11:13+0200,3f7e4d3d-8fdb-4ead-ba3f-db913921b078,2026-05-18T17:30:00Z,2026-05-18T19:30:00+0200,119.22,EUR/MWh,FR,FR,day_ahead_price,value,2026-05-23T19:12:02Z
2026-05-23T19:11:13Z,2026-05-23T21:11:13+0200,3f7e4d3d-8fdb-4ead-ba3f-db913921b078,2026-05-18T17:45:00Z,2026-05-18T19:45:00+0200,144.88,EUR/MWh,FR,FR,day_ahead_price,value,2026-05-23T19:12:02Z
2026-05-23T19:11:13Z,2026-05-23T21:11:13+0200,3f7e4d3d-8fdb-4ead-ba3f-db913921b078,2026-05-18T18:00:00Z,2026-05-18T20:00:00+0200,87.26,EUR/MWh,FR,FR,day_ahead_price,value,2026-05-23T19:12:02Z
2026-05-23T19:11:13Z,2026-05-23T21:11:13+0200,3f7e4d3d-8fdb-4ead-ba3f-db913921b078,2026-05-18T18:15:00Z,2026-05-18T20:15:00+0200,100.0,EUR/MWh,FR,FR,day_ahead_price,value,2026-05-23T19:12:02Z
2026-05-23T19:11:13Z,2026-05-23T21:11:13+0200,3f7e4d3d-8fdb-4ead-ba3f-db913921b078,2026-05-18T18:30:00Z,2026-05-18T20:30:00+0200,115.25,EUR/MWh,FR,FR,day_ahead_price,value,2026-05-23T19:12:02Z
2026-05-23T19:11:13Z,2026-05-23T21:11:13+0200,3f7e4d3d-8fdb-4ead-ba3f-db913921b078,2026-05-18T18:45:00Z,2026-05-18T20:45:00+0200,120.01,EUR/MWh,FR,FR,day_ahead_price,value,2026-05-23T19:12:02Z
2026-05-23T19:11:13Z,2026-05-23T21:11:13+0200,3f7e4d3d-8fdb-4ead-ba3f-db913921b078,2026-05-18T19:00:00Z,2026-05-18T21:00:00+0200,125.01,EUR/MWh,FR,FR,day_ahead_price,value,2026-05-23T19:12:02Z
2026-05-23T19:11:13Z,2026-05-23T21:11:13+0200,3f7e4d3d-8fdb-4ead-ba3f-db913921b078,2026-05-18T19:15:00Z,2026-05-18T21:15:00+0200,131.66,EUR/MWh,FR,FR,day_ahead_price,value,2026-05-23T19:12:02Z
2026-05-23T19:11:13Z,2026-05-23T21:11:13+0200,3f7e4d3d-8fdb-4ead-ba3f-db913921b078,2026-05-18T19:30:00Z,2026-05-18T21:30:00+0200,133.04,EUR/MWh,FR,FR,day_ahead_price,value,2026-05-23T19:12:02Z
2026-05-23T19:11:13Z,2026-05-23T21:11:13+0200,3f7e4d3d-8fdb-4ead-ba3f-db913921b078,2026-05-18T19:45:00Z,2026-05-18T21:45:00+0200,126.63,EUR/MWh,FR,FR,day_ahead_price,value,2026-05-23T19:12:02Z
2026-05-23T19:11:13Z,2026-05-23T21:11:13+0200,3f7e4d3d-8fdb-4ead-ba3f-db913921b078,2026-05-18T20:00:00Z,2026-05-18T22:00:00+0200,131.47,EUR/MWh,FR,FR,day_ahead_price,value,2026-05-23T19:12:02Z
2026-05-23T19:11:13Z,2026-05-23T21:11:13+0200,3f7e4d3d-8fdb-4ead-ba3f-db913921b078,2026-05-18T20:15:00Z,2026-05-18T22:15:00+0200,125.01,EUR/MWh,FR,FR,day_ahead_price,value,2026-05-23T19:12:02Z
2026-05-23T19:11:13Z,2026-05-23T21:11:13+0200,3f7e4d3d-8fdb-4ead-ba3f-db913921b078,2026-05-18T20:30:00Z,2026-05-18T22:30:00+0200,128.02,EUR/MWh,FR,FR,day_ahead_price,value,2026-05-23T19:12:02Z
2026-05-23T19:11:13Z,2026-05-23T21:11:13+0200,3f7e4d3d-8fdb-4ead-ba3f-db913921b078,2026-05-18T20:45:00Z,2026-05-18T22:45:00+0200,118.29,EUR/MWh,FR,FR,day_ahead_price,value,2026-05-23T19:12:02Z
2026-05-23T19:11:13Z,2026-05-23T21:11:13+0200,3f7e4d3d-8fdb-4ead-ba3f-db913921b078,2026-05-18T21:00:00Z,2026-05-18T23:00:00+0200,116.42,EUR/MWh,FR,FR,day_ahead_price,value,2026-05-23T19:12:02Z
2026-05-23T19:11:13Z,2026-05-23T21:11:13+0200,3f7e4d3d-8fdb-4ead-ba3f-db913921b078,2026-05-18T21:15:00Z,2026-05-18T23:15:00+0200,107.04,EUR/MWh,FR,FR,day_ahead_price,value,2026-05-23T19:12:02Z
2026-05-23T19:11:13Z,2026-05-23T21:11:13+0200,3f7e4d3d-8fdb-4ead-ba3f-db913921b078,2026-05-18T21:30:00Z,2026-05-18T23:30:00+0200,105.0,EUR/MWh,FR,FR,day_ahead_price,value,2026-05-23T19:12:02Z
2026-05-23T19:11:13Z,2026-05-23T21:11:13+0200,3f7e4d3d-8fdb-4ead-ba3f-db913921b078,2026-05-18T21:45:00Z,2026-05-18T23:45:00+0200,96.24,EUR/MWh,FR,FR,day_ahead_price,value,2026-05-23T19:12:02Z
2026-05-23T19:11:13Z,2026-05-23T21:11:13+0200,3f7e4d3d-8fdb-4ead-ba3f-db913921b078,2026-05-18T22:00:00Z,2026-05-19T00:00:00+0200,106.5,EUR/MWh,FR,FR,day_ahead_price,value,2026-05-23T19:12:02Z
2026-05-23T19:11:13Z,2026-05-23T21:11:13+0200,3f7e4d3d-8fdb-4ead-ba3f-db913921b078,2026-05-18T22:15:00Z,2026-05-19T00:15:00+0200,99.79,EUR/MWh,FR,FR,day_ahead_price,value,2026-05-23T19:12:02Z
2026-05-23T19:11:13Z,2026-05-23T21:11:13+0200,3f7e4d3d-8fdb-4ead-ba3f-db913921b078,2026-05-18T22:30:00Z,2026-05-19T00:30:00+0200,90.1,EUR/MWh,FR,FR,day_ahead_price,value,2026-05-23T19:12:02Z
2026-05-23T19:11:13Z,2026-05-23T21:11:13+0200,3f7e4d3d-8fdb-4ead-ba3f-db913921b078,2026-05-18T22:45:00Z,2026-05-19T00:45:00+0200,85.0,EUR/MWh,FR,FR,day_ahead_price,value,2026-05-23T19:12:02Z
2026-05-23T19:11:13Z,2026-05-23T21:11:13+0200,3f7e4d3d-8fdb-4ead-ba3f-db913921b078,2026-05-18T23:00:00Z,2026-05-19T01:00:00+0200,87.0,EUR/MWh,FR,FR,day_ahead_price,value,2026-05-23T19:12:02Z
2026-05-23T19:11:13Z,2026-05-23T21:11:13+0200,3f7e4d3d-8fdb-4ead-ba3f-db913921b078,2026-05-18T23:15:00Z,2026-05-19T01:15:00+0200,74.94,EUR/MWh,FR,FR,day_ahead_price,value,2026-05-23T19:12:02Z
2026-05-23T19:11:13Z,2026-05-23T21:11:13+0200,3f7e4d3d-8fdb-4ead-ba3f-db913921b078,2026-05-18T23:30:00Z,2026-05-19T01:30:00+0200,73.36,EUR/MWh,FR,FR,day_ahead_price,value,2026-05-23T19:12:02Z
2026-05-23T19:11:13Z,2026-05-23T21:11:13+0200,3f7e4d3d-8fdb-4ead-ba3f-db913921b078,2026-05-18T23:45:00Z,2026-05-19T01:45:00+0200,64.16,EUR/MWh,FR,FR,day_ahead_price,value,2026-05-23T19:12:02Z
2026-05-23T19:11:13Z,2026-05-23T21:11:13+0200,3f7e4d3d-8fdb-4ead-ba3f-db913921b078,2026-05-19T00:00:00Z,2026-05-19T02:00:00+0200,71.78,EUR/MWh,FR,FR,day_ahead_price,value,2026-05-23T19:12:02Z
2026-05-23T19:11:13Z,2026-05-23T21:11:13+0200,3f7e4d3d-8fdb-4ead-ba3f-db913921b078,2026-05-19T00:15:00Z,2026-05-19T02:15:00+0200,64.26,EUR/MWh,FR,FR,day_ahead_price,value,2026-05-23T19:12:02Z
2026-05-23T19:11:13Z,2026-05-23T21:11:13+0200,3f7e4d3d-8fdb-4ead-ba3f-db913921b078,2026-05-19T00:30:00Z,2026-05-19T02:30:00+0200,64.03,EUR/MWh,FR,FR,day_ahead_price,value,2026-05-23T19:12:02Z
2026-05-23T19:11:13Z,2026-05-23T21:11:13+0200,3f7e4d3d-8fdb-4ead-ba3f-db913921b078,2026-05-19T00:45:00Z,2026-05-19T02:45:00+0200,63.78,EUR/MWh,FR,FR,day_ahead_price,value,2026-05-23T19:12:02Z
2026-05-23T19:11:13Z,2026-05-23T21:11:13+0200,3f7e4d3d-8fdb-4ead-ba3f-db913921b078,2026-05-19T01:00:00Z,2026-05-19T03:00:00+0200,63.78,EUR/MWh,FR,FR,day_ahead_price,value,2026-05-23T19:12:02Z
2026-05-23T19:11:13Z,2026-05-23T21:11:13+0200,3f7e4d3d-8fdb-4ead-ba3f-db913921b078,2026-05-19T01:15:00Z,2026-05-19T03:15:00+0200,63.78,EUR/MWh,FR,FR,day_ahead_price,value,2026-05-23T19:12:02Z
2026-05-23T19:11:13Z,2026-05-23T21:11:13+0200,3f7e4d3d-8fdb-4ead-ba3f-db913921b078,2026-05-19T01:30:00Z,2026-05-19T03:30:00+0200,63.54,EUR/MWh,FR,FR,day_ahead_price,value,2026-05-23T19:12:02Z
2026-05-23T19:11:13Z,2026-05-23T21:11:13+0200,3f7e4d3d-8fdb-4ead-ba3f-db913921b078,2026-05-19T01:45:00Z,2026-05-19T03:45:00+0200,54.77,EUR/MWh,FR,FR,day_ahead_price,value,2026-05-23T19:12:02Z
2026-05-23T19:11:13Z,2026-05-23T21:11:13+0200,3f7e4d3d-8fdb-4ead-ba3f-db913921b078,2026-05-19T02:00:00Z,2026-05-19T04:00:00+0200,54.43,EUR/MWh,FR,FR,day_ahead_price,value,2026-05-23T19:12:02Z
2026-05-23T19:11:13Z,2026-05-23T21:11:13+0200,3f7e4d3d-8fdb-4ead-ba3f-db913921b078,2026-05-19T02:15:00Z,2026-05-19T04:15:00+0200,50.0,EUR/MWh,FR,FR,day_ahead_price,value,2026-05-23T19:12:02Z
2026-05-23T19:11:13Z,2026-05-23T21:11:13+0200,3f7e4d3d-8fdb-4ead-ba3f-db913921b078,2026-05-19T02:30:00Z,2026-05-19T04:30:00+0200,50.0,EUR/MWh,FR,FR,day_ahead_price,value,2026-05-23T19:12:02Z
2026-05-23T19:11:13Z,2026-05-23T21:11:13+0200,3f7e4d3d-8fdb-4ead-ba3f-db913921b078,2026-05-19T02:45:00Z,2026-05-19T04:45:00+0200,46.76,EUR/MWh,FR,FR,day_ahead_price,value,2026-05-23T19:12:02Z
2026-05-23T19:11:13Z,2026-05-23T21:11:13+0200,3f7e4d3d-8fdb-4ead-ba3f-db913921b078,2026-05-19T03:00:00Z,2026-05-19T05:00:00+0200,58.44,EUR/MWh,FR,FR,day_ahead_price,value,2026-05-23T19:12:02Z
2026-05-23T19:11:13Z,2026-05-23T21:11:13+0200,3f7e4d3d-8fdb-4ead-ba3f-db913921b078,2026-05-19T03:15:00Z,2026-05-19T05:15:00+0200,63.54,EUR/MWh,FR,FR,day_ahead_price,value,2026-05-23T19:12:02Z
2026-05-23T19:11:13Z,2026-05-23T21:11:13+0200,3f7e4d3d-8fdb-4ead-ba3f-db913921b078,2026-05-19T03:30:00Z,2026-05-19T05:30:00+0200,54.3,EUR/MWh,FR,FR,day_ahead_price,value,2026-05-23T19:12:02Z
2026-05-23T19:11:13Z,2026-05-23T21:11:13+0200,3f7e4d3d-8fdb-4ead-ba3f-db913921b078,2026-05-19T03:45:00Z,2026-05-19T05:45:00+0200,63.54,EUR/MWh,FR,FR,day_ahead_price,value,2026-05-23T19:12:02Z
2026-05-23T19:11:13Z,2026-05-23T21:11:13+0200,3f7e4d3d-8fdb-4ead-ba3f-db913921b078,2026-05-19T04:00:00Z,2026-05-19T06:00:00+0200,48.3,EUR/MWh,FR,FR,day_ahead_price,value,2026-05-23T19:12:02Z
2026-05-23T19:11:13Z,2026-05-23T21:11:13+0200,3f7e4d3d-8fdb-4ead-ba3f-db913921b078,2026-05-19T04:15:00Z,2026-05-19T06:15:00+0200,60.0,EUR/MWh,FR,FR,day_ahead_price,value,2026-05-23T19:12:02Z
2026-05-23T19:11:13Z,2026-05-23T21:11:13+0200,3f7e4d3d-8fdb-4ead-ba3f-db913921b078,2026-05-19T04:30:00Z,2026-05-19T06:30:00+0200,64.26,EUR/MWh,FR,FR,day_ahead_price,value,2026-05-23T19:12:02Z
2026-05-23T19:11:13Z,2026-05-23T21:11:13+0200,3f7e4d3d-8fdb-4ead-ba3f-db913921b078,2026-05-19T04:45:00Z,2026-05-19T06:45:00+0200,75.0,EUR/MWh,FR,FR,day_ahead_price,value,2026-05-23T19:12:02Z
2026-05-23T19:11:13Z,2026-05-23T21:11:13+0200,3f7e4d3d-8fdb-4ead-ba3f-db913921b078,2026-05-19T05:00:00Z,2026-05-19T07:00:00+0200,79.26,EUR/MWh,FR,FR,day_ahead_price,value,2026-05-23T19:12:02Z
2026-05-23T19:11:13Z,2026-05-23T21:11:13+0200,3f7e4d3d-8fdb-4ead-ba3f-db913921b078,2026-05-19T05:15:00Z,2026-05-19T07:15:00+0200,79.5,EUR/MWh,FR,FR,day_ahead_price,value,2026-05-23T19:12:02Z
2026-05-23T19:11:13Z,2026-05-23T21:11:13+0200,3f7e4d3d-8fdb-4ead-ba3f-db913921b078,2026-05-19T05:30:00Z,2026-05-19T07:30:00+0200,78.54,EUR/MWh,FR,FR,day_ahead_price,value,2026-05-23T19:12:02Z
2026-05-23T19:11:13Z,2026-05-23T21:11:13+0200,3f7e4d3d-8fdb-4ead-ba3f-db913921b078,2026-05-19T05:45:00Z,2026-05-19T07:45:00+0200,71.78,EUR/MWh,FR,FR,day_ahead_price,value,2026-05-23T19:12:02Z
2026-05-23T19:11:13Z,2026-05-23T21:11:13+0200,3f7e4d3d-8fdb-4ead-ba3f-db913921b078,2026-05-19T06:00:00Z,2026-05-19T08:00:00+0200,90.24,EUR/MWh,FR,FR,day_ahead_price,value,2026-05-23T19:12:02Z
2026-05-23T19:11:13Z,2026-05-23T21:11:13+0200,3f7e4d3d-8fdb-4ead-ba3f-db913921b078,2026-05-19T06:15:00Z,2026-05-19T08:15:00+0200,79.0,EUR/MWh,FR,FR,day_ahead_price,value,2026-05-23T19:12:02Z
2026-05-23T19:11:13Z,2026-05-23T21:11:13+0200,3f7e4d3d-8fdb-4ead-ba3f-db913921b078,2026-05-19T06:30:00Z,2026-05-19T08:30:00+0200,70.95,EUR/MWh,FR,FR,day_ahead_price,value,2026-05-23T19:12:02Z
2026-05-23T19:11:13Z,2026-05-23T21:11:13+0200,3f7e4d3d-8fdb-4ead-ba3f-db913921b078,2026-05-19T06:45:00Z,2026-05-19T08:45:00+0200,44.89,EUR/MWh,FR,FR,day_ahead_price,value,2026-05-23T19:12:02Z
2026-05-23T19:11:13Z,2026-05-23T21:11:13+0200,3f7e4d3d-8fdb-4ead-ba3f-db913921b078,2026-05-19T07:00:00Z,2026-05-19T09:00:00+0200,108.3,EUR/MWh,FR,FR,day_ahead_price,value,2026-05-23T19:12:02Z
2026-05-23T19:11:13Z,2026-05-23T21:11:13+0200,3f7e4d3d-8fdb-4ead-ba3f-db913921b078,2026-05-19T07:15:00Z,2026-05-19T09:15:00+0200,91.82,EUR/MWh,FR,FR,day_ahead_price,value,2026-05-23T19:12:02Z
2026-05-23T19:11:13Z,2026-05-23T21:11:13+0200,3f7e4d3d-8fdb-4ead-ba3f-db913921b078,2026-05-19T07:30:00Z,2026-05-19T09:30:00+0200,75.26,EUR/MWh,FR,FR,day_ahead_price,value,2026-05-23T19:12:02Z
2026-05-23T19:11:13Z,2026-05-23T21:11:13+0200,3f7e4d3d-8fdb-4ead-ba3f-db913921b078,2026-05-19T07:45:00Z,2026-05-19T09:45:00+0200,13.5,EUR/MWh,FR,FR,day_ahead_price,value,2026-05-23T19:12:02Z
2026-05-23T19:11:13Z,2026-05-23T21:11:13+0200,3f7e4d3d-8fdb-4ead-ba3f-db913921b078,2026-05-19T08:00:00Z,2026-05-19T10:00:00+0200,38.89,EUR/MWh,FR,FR,day_ahead_price,value,2026-05-23T19:12:02Z
2026-05-23T19:11:13Z,2026-05-23T21:11:13+0200,3f7e4d3d-8fdb-4ead-ba3f-db913921b078,2026-05-19T08:15:00Z,2026-05-19T10:15:00+0200,29.01,EUR/MWh,FR,FR,day_ahead_price,value,2026-05-23T19:12:02Z
2026-05-23T19:11:13Z,2026-05-23T21:11:13+0200,3f7e4d3d-8fdb-4ead-ba3f-db913921b078,2026-05-19T08:30:00Z,2026-05-19T10:30:00+0200,4.05,EUR/MWh,FR,FR,day_ahead_price,value,2026-05-23T19:12:02Z
2026-05-23T19:11:13Z,2026-05-23T21:11:13+0200,3f7e4d3d-8fdb-4ead-ba3f-db913921b078,2026-05-19T08:45:00Z,2026-05-19T10:45:00+0200,0.44,EUR/MWh,FR,FR,day_ahead_price,value,2026-05-23T19:12:02Z
2026-05-23T19:11:13Z,2026-05-23T21:11:13+0200,3f7e4d3d-8fdb-4ead-ba3f-db913921b078,2026-05-19T09:00:00Z,2026-05-19T11:00:00+0200,0.51,EUR/MWh,FR,FR,day_ahead_price,value,2026-05-23T19:12:02Z
2026-05-23T19:11:13Z,2026-05-23T21:11:13+0200,3f7e4d3d-8fdb-4ead-ba3f-db913921b078,2026-05-19T09:15:00Z,2026-05-19T11:15:00+0200,0.29,EUR/MWh,FR,FR,day_ahead_price,value,2026-05-23T19:12:02Z
2026-05-23T19:11:13Z,2026-05-23T21:11:13+0200,3f7e4d3d-8fdb-4ead-ba3f-db913921b078,2026-05-19T09:30:00Z,2026-05-19T11:30:00+0200,0.01,EUR/MWh,FR,FR,day_ahead_price,value,2026-05-23T19:12:02Z
2026-05-23T19:11:13Z,2026-05-23T21:11:13+0200,3f7e4d3d-8fdb-4ead-ba3f-db913921b078,2026-05-19T09:45:00Z,2026-05-19T11:45:00+0200,0.0,EUR/MWh,FR,FR,day_ahead_price,value,2026-05-23T19:12:02Z
2026-05-23T19:11:13Z,2026-05-23T21:11:13+0200,3f7e4d3d-8fdb-4ead-ba3f-db913921b078,2026-05-19T10:00:00Z,2026-05-19T12:00:00+0200,4.44,EUR/MWh,FR,FR,day_ahead_price,value,2026-05-23T19:12:02Z
2026-05-23T19:11:13Z,2026-05-23T21:11:13+0200,3f7e4d3d-8fdb-4ead-ba3f-db913921b078,2026-05-19T10:15:00Z,2026-05-19T12:15:00+0200,6.02,EUR/MWh,FR,FR,day_ahead_price,value,2026-05-23T19:12:02Z
2026-05-23T19:11:13Z,2026-05-23T21:11:13+0200,3f7e4d3d-8fdb-4ead-ba3f-db913921b078,2026-05-19T10:30:00Z,2026-05-19T12:30:00+0200,5.45,EUR/MWh,FR,FR,day_ahead_price,value,2026-05-23T19:12:02Z
2026-05-23T19:11:13Z,2026-05-23T21:11:13+0200,3f7e4d3d-8fdb-4ead-ba3f-db913921b078,2026-05-19T10:45:00Z,2026-05-19T12:45:00+0200,0.0,EUR/MWh,FR,FR,day_ahead_price,value,2026-05-23T19:12:02Z
2026-05-23T19:11:13Z,2026-05-23T21:11:13+0200,3f7e4d3d-8fdb-4ead-ba3f-db913921b078,2026-05-19T11:00:00Z,2026-05-19T13:00:00+0200,0.0,EUR/MWh,FR,FR,day_ahead_price,value,2026-05-23T19:12:02Z
2026-05-23T19:11:13Z,2026-05-23T21:11:13+0200,3f7e4d3d-8fdb-4ead-ba3f-db913921b078,2026-05-19T11:15:00Z,2026-05-19T13:15:00+0200,0.0,EUR/MWh,FR,FR,day_ahead_price,value,2026-05-23T19:12:02Z
2026-05-23T19:11:13Z,2026-05-23T21:11:13+0200,3f7e4d3d-8fdb-4ead-ba3f-db913921b078,2026-05-19T11:30:00Z,2026-05-19T13:30:00+0200,0.0,EUR/MWh,FR,FR,day_ahead_price,value,2026-05-23T19:12:02Z
2026-05-23T19:11:13Z,2026-05-23T21:11:13+0200,3f7e4d3d-8fdb-4ead-ba3f-db913921b078,2026-05-19T11:45:00Z,2026-05-19T13:45:00+0200,0.0,EUR/MWh,FR,FR,day_ahead_price,value,2026-05-23T19:12:02Z
2026-05-23T19:11:13Z,2026-05-23T21:11:13+0200,3f7e4d3d-8fdb-4ead-ba3f-db913921b078,2026-05-19T12:00:00Z,2026-05-19T14:00:00+0200,0.0,EUR/MWh,FR,FR,day_ahead_price,value,2026-05-23T19:12:02Z
2026-05-23T19:11:13Z,2026-05-23T21:11:13+0200,3f7e4d3d-8fdb-4ead-ba3f-db913921b078,2026-05-19T12:15:00Z,2026-05-19T14:15:00+0200,0.0,EUR/MWh,FR,FR,day_ahead_price,value,2026-05-23T19:12:02Z
2026-05-23T19:11:13Z,2026-05-23T21:11:13+0200,3f7e4d3d-8fdb-4ead-ba3f-db913921b078,2026-05-19T12:30:00Z,2026-05-19T14:30:00+0200,0.0,EUR/MWh,FR,FR,day_ahead_price,value,2026-05-23T19:12:02Z
2026-05-23T19:11:13Z,2026-05-23T21:11:13+0200,3f7e4d3d-8fdb-4ead-ba3f-db913921b078,2026-05-19T12:45:00Z,2026-05-19T14:45:00+0200,0.0,EUR/MWh,FR,FR,day_ahead_price,value,2026-05-23T19:12:02Z
2026-05-23T19:11:13Z,2026-05-23T21:11:13+0200,3f7e4d3d-8fdb-4ead-ba3f-db913921b078,2026-05-19T13:00:00Z,2026-05-19T15:00:00+0200,0.0,EUR/MWh,FR,FR,day_ahead_price,value,2026-05-23T19:12:02Z
2026-05-23T19:11:13Z,2026-05-23T21:11:13+0200,3f7e4d3d-8fdb-4ead-ba3f-db913921b078,2026-05-19T13:15:00Z,2026-05-19T15:15:00+0200,0.0,EUR/MWh,FR,FR,day_ahead_price,value,2026-05-23T19:12:02Z
2026-05-23T19:11:13Z,2026-05-23T21:11:13+0200,3f7e4d3d-8fdb-4ead-ba3f-db913921b078,2026-05-19T13:30:00Z,2026-05-19T15:30:00+0200,0.0,EUR/MWh,FR,FR,day_ahead_price,value,2026-05-23T19:12:02Z
2026-05-23T19:11:13Z,2026-05-23T21:11:13+0200,3f7e4d3d-8fdb-4ead-ba3f-db913921b078,2026-05-19T13:45:00Z,2026-05-19T15:45:00+0200,0.0,EUR/MWh,FR,FR,day_ahead_price,value,2026-05-23T19:12:02Z
2026-05-23T19:11:13Z,2026-05-23T21:11:13+0200,3f7e4d3d-8fdb-4ead-ba3f-db913921b078,2026-05-19T14:00:00Z,2026-05-19T16:00:00+0200,0.0,EUR/MWh,FR,FR,day_ahead_price,value,2026-05-23T19:12:02Z
2026-05-23T19:11:13Z,2026-05-23T21:11:13+0200,3f7e4d3d-8fdb-4ead-ba3f-db913921b078,2026-05-19T14:15:00Z,2026-05-19T16:15:00+0200,0.0,EUR/MWh,FR,FR,day_ahead_price,value,2026-05-23T19:12:02Z
2026-05-23T19:11:13Z,2026-05-23T21:11:13+0200,3f7e4d3d-8fdb-4ead-ba3f-db913921b078,2026-05-19T14:30:00Z,2026-05-19T16:30:00+0200,0.0,EUR/MWh,FR,FR,day_ahead_price,value,2026-05-23T19:12:02Z
2026-05-23T19:11:13Z,2026-05-23T21:11:13+0200,3f7e4d3d-8fdb-4ead-ba3f-db913921b078,2026-05-19T14:45:00Z,2026-05-19T16:45:00+0200,0.0,EUR/MWh,FR,FR,day_ahead_price,value,2026-05-23T19:12:02Z
2026-05-23T19:11:13Z,2026-05-23T21:11:13+0200,3f7e4d3d-8fdb-4ead-ba3f-db913921b078,2026-05-19T15:00:00Z,2026-05-19T17:00:00+0200,0.0,EUR/MWh,FR,FR,day_ahead_price,value,2026-05-23T19:12:02Z
2026-05-23T19:11:13Z,2026-05-23T21:11:13+0200,3f7e4d3d-8fdb-4ead-ba3f-db913921b078,2026-05-19T15:15:00Z,2026-05-19T17:15:00+0200,0.0,EUR/MWh,FR,FR,day_ahead_price,value,2026-05-23T19:12:02Z
2026-05-23T19:11:13Z,2026-05-23T21:11:13+0200,3f7e4d3d-8fdb-4ead-ba3f-db913921b078,2026-05-19T15:30:00Z,2026-05-19T17:30:00+0200,0.0,EUR/MWh,FR,FR,day_ahead_price,value,2026-05-23T19:12:02Z
2026-05-23T19:11:13Z,2026-05-23T21:11:13+0200,3f7e4d3d-8fdb-4ead-ba3f-db913921b078,2026-05-19T15:45:00Z,2026-05-19T17:45:00+0200,0.1,EUR/MWh,FR,FR,day_ahead_price,value,2026-05-23T19:12:02Z
2026-05-23T19:11:13Z,2026-05-23T21:11:13+0200,3f7e4d3d-8fdb-4ead-ba3f-db913921b078,2026-05-19T16:00:00Z,2026-05-19T18:00:00+0200,0.84,EUR/MWh,FR,FR,day_ahead_price,value,2026-05-23T19:12:02Z
2026-05-23T19:11:13Z,2026-05-23T21:11:13+0200,3f7e4d3d-8fdb-4ead-ba3f-db913921b078,2026-05-19T16:15:00Z,2026-05-19T18:15:00+0200,1.81,EUR/MWh,FR,FR,day_ahead_price,value,2026-05-23T19:12:02Z
2026-05-23T19:11:13Z,2026-05-23T21:11:13+0200,3f7e4d3d-8fdb-4ead-ba3f-db913921b078,2026-05-19T16:30:00Z,2026-05-19T18:30:00+0200,5.55,EUR/MWh,FR,FR,day_ahead_price,value,2026-05-23T19:12:02Z
2026-05-23T19:11:13Z,2026-05-23T21:11:13+0200,3f7e4d3d-8fdb-4ead-ba3f-db913921b078,2026-05-19T16:45:00Z,2026-05-19T18:45:00+0200,25.0,EUR/MWh,FR,FR,day_ahead_price,value,2026-05-23T19:12:02Z
2026-05-23T19:11:13Z,2026-05-23T21:11:13+0200,3f7e4d3d-8fdb-4ead-ba3f-db913921b078,2026-05-19T17:00:00Z,2026-05-19T19:00:00+0200,27.01,EUR/MWh,FR,FR,day_ahead_price,value,2026-05-23T19:12:02Z
2026-05-23T19:11:13Z,2026-05-23T21:11:13+0200,3f7e4d3d-8fdb-4ead-ba3f-db913921b078,2026-05-19T17:15:00Z,2026-05-19T19:15:00+0200,34.94,EUR/MWh,FR,FR,day_ahead_price,value,2026-05-23T19:12:02Z
2026-05-23T19:11:13Z,2026-05-23T21:11:13+0200,3f7e4d3d-8fdb-4ead-ba3f-db913921b078,2026-05-19T17:30:00Z,2026-05-19T19:30:00+0200,53.28,EUR/MWh,FR,FR,day_ahead_price,value,2026-05-23T19:12:02Z
2026-05-23T19:11:13Z,2026-05-23T21:11:13+0200,3f7e4d3d-8fdb-4ead-ba3f-db913921b078,2026-05-19T17:45:00Z,2026-05-19T19:45:00+0200,75.61,EUR/MWh,FR,FR,day_ahead_price,value,2026-05-23T19:12:02Z
2026-05-23T19:11:13Z,2026-05-23T21:11:13+0200,3f7e4d3d-8fdb-4ead-ba3f-db913921b078,2026-05-19T18:00:00Z,2026-05-19T20:00:00+0200,44.89,EUR/MWh,FR,FR,day_ahead_price,value,2026-05-23T19:12:02Z
2026-05-23T19:11:13Z,2026-05-23T21:11:13+0200,3f7e4d3d-8fdb-4ead-ba3f-db913921b078,2026-05-19T18:15:00Z,2026-05-19T20:15:00+0200,73.77,EUR/MWh,FR,FR,day_ahead_price,value,2026-05-23T19:12:02Z
2026-05-23T19:11:13Z,2026-05-23T21:11:13+0200,3f7e4d3d-8fdb-4ead-ba3f-db913921b078,2026-05-19T18:30:00Z,2026-05-19T20:30:00+0200,86.96,EUR/MWh,FR,FR,day_ahead_price,value,2026-05-23T19:12:02Z
2026-05-23T19:11:13Z,2026-05-23T21:11:13+0200,3f7e4d3d-8fdb-4ead-ba3f-db913921b078,2026-05-19T18:45:00Z,2026-05-19T20:45:00+0200,90.66,EUR/MWh,FR,FR,day_ahead_price,value,2026-05-23T19:12:02Z
2026-05-23T19:11:13Z,2026-05-23T21:11:13+0200,3f7e4d3d-8fdb-4ead-ba3f-db913921b078,2026-05-19T19:00:00Z,2026-05-19T21:00:00+0200,63.93,EUR/MWh,FR,FR,day_ahead_price,value,2026-05-23T19:12:02Z
2026-05-23T19:11:13Z,2026-05-23T21:11:13+0200,3f7e4d3d-8fdb-4ead-ba3f-db913921b078,2026-05-19T19:15:00Z,2026-05-19T21:15:00+0200,68.1,EUR/MWh,FR,FR,day_ahead_price,value,2026-05-23T19:12:02Z
2026-05-23T19:11:13Z,2026-05-23T21:11:13+0200,3f7e4d3d-8fdb-4ead-ba3f-db913921b078,2026-05-19T19:30:00Z,2026-05-19T21:30:00+0200,65.0,EUR/MWh,FR,FR,day_ahead_price,value,2026-05-23T19:12:02Z
2026-05-23T19:11:13Z,2026-05-23T21:11:13+0200,3f7e4d3d-8fdb-4ead-ba3f-db913921b078,2026-05-19T19:45:00Z,2026-05-19T21:45:00+0200,62.0,EUR/MWh,FR,FR,day_ahead_price,value,2026-05-23T19:12:02Z
2026-05-23T19:11:13Z,2026-05-23T21:11:13+0200,3f7e4d3d-8fdb-4ead-ba3f-db913921b078,2026-05-19T20:00:00Z,2026-05-19T22:00:00+0200,98.22,EUR/MWh,FR,FR,day_ahead_price,value,2026-05-23T19:12:02Z
2026-05-23T19:11:13Z,2026-05-23T21:11:13+0200,3f7e4d3d-8fdb-4ead-ba3f-db913921b078,2026-05-19T20:15:00Z,2026-05-19T22:15:00+0200,70.91,EUR/MWh,FR,FR,day_ahead_price,value,2026-05-23T19:12:02Z
2026-05-23T19:11:13Z,2026-05-23T21:11:13+0200,3f7e4d3d-8fdb-4ead-ba3f-db913921b078,2026-05-19T20:30:00Z,2026-05-19T22:30:00+0200,93.46,EUR/MWh,FR,FR,day_ahead_price,value,2026-05-23T19:12:02Z
2026-05-23T19:11:13Z,2026-05-23T21:11:13+0200,3f7e4d3d-8fdb-4ead-ba3f-db913921b078,2026-05-19T20:45:00Z,2026-05-19T22:45:00+0200,102.98,EUR/MWh,FR,FR,day_ahead_price,value,2026-05-23T19:12:02Z
2026-05-23T19:11:13Z,2026-05-23T21:11:13+0200,3f7e4d3d-8fdb-4ead-ba3f-db913921b078,2026-05-19T21:00:00Z,2026-05-19T23:00:00+0200,100.0,EUR/MWh,FR,FR,day_ahead_price,value,2026-05-23T19:12:02Z
2026-05-23T19:11:13Z,2026-05-23T21:11:13+0200,3f7e4d3d-8fdb-4ead-ba3f-db913921b078,2026-05-19T21:15:00Z,2026-05-19T23:15:00+0200,69.13,EUR/MWh,FR,FR,day_ahead_price,value,2026-05-23T19:12:02Z
2026-05-23T19:11:13Z,2026-05-23T21:11:13+0200,3f7e4d3d-8fdb-4ead-ba3f-db913921b078,2026-05-19T21:30:00Z,2026-05-19T23:30:00+0200,93.28,EUR/MWh,FR,FR,day_ahead_price,value,2026-05-23T19:12:02Z
2026-05-23T19:11:13Z,2026-05-23T21:11:13+0200,3f7e4d3d-8fdb-4ead-ba3f-db913921b078,2026-05-19T21:45:00Z,2026-05-19T23:45:00+0200,68.17,EUR/MWh,FR,FR,day_ahead_price,value,2026-05-23T19:12:02Z
2026-05-23T19:11:13Z,2026-05-23T21:11:13+0200,3f7e4d3d-8fdb-4ead-ba3f-db913921b078,2026-05-19T22:00:00Z,2026-05-20T00:00:00+0200,98.7,EUR/MWh,FR,FR,day_ahead_price,value,2026-05-23T19:12:02Z
2026-05-23T19:11:13Z,2026-05-23T21:11:13+0200,3f7e4d3d-8fdb-4ead-ba3f-db913921b078,2026-05-19T22:15:00Z,2026-05-20T00:15:00+0200,82.69,EUR/MWh,FR,FR,day_ahead_price,value,2026-05-23T19:12:02Z
2026-05-23T19:11:13Z,2026-05-23T21:11:13+0200,3f7e4d3d-8fdb-4ead-ba3f-db913921b078,2026-05-19T22:30:00Z,2026-05-20T00:30:00+0200,63.15,EUR/MWh,FR,FR,day_ahead_price,value,2026-05-23T19:12:02Z
2026-05-23T19:11:13Z,2026-05-23T21:11:13+0200,3f7e4d3d-8fdb-4ead-ba3f-db913921b078,2026-05-19T22:45:00Z,2026-05-20T00:45:00+0200,34.54,EUR/MWh,FR,FR,day_ahead_price,value,2026-05-23T19:12:02Z
2026-05-23T19:11:13Z,2026-05-23T21:11:13+0200,3f7e4d3d-8fdb-4ead-ba3f-db913921b078,2026-05-19T23:00:00Z,2026-05-20T01:00:00+0200,91.59,EUR/MWh,FR,FR,day_ahead_price,value,2026-05-23T19:12:02Z
2026-05-23T19:11:13Z,2026-05-23T21:11:13+0200,3f7e4d3d-8fdb-4ead-ba3f-db913921b078,2026-05-19T23:15:00Z,2026-05-20T01:15:00+0200,83.88,EUR/MWh,FR,FR,day_ahead_price,value,2026-05-23T19:12:02Z
2026-05-23T19:11:13Z,2026-05-23T21:11:13+0200,3f7e4d3d-8fdb-4ead-ba3f-db913921b078,2026-05-19T23:30:00Z,2026-05-20T01:30:00+0200,68.23,EUR/MWh,FR,FR,day_ahead_price,value,2026-05-23T19:12:02Z
2026-05-23T19:11:13Z,2026-05-23T21:11:13+0200,3f7e4d3d-8fdb-4ead-ba3f-db913921b078,2026-05-19T23:45:00Z,2026-05-20T01:45:00+0200,54.73,EUR/MWh,FR,FR,day_ahead_price,value,2026-05-23T19:12:02Z
2026-05-23T19:11:13Z,2026-05-23T21:11:13+0200,3f7e4d3d-8fdb-4ead-ba3f-db913921b078,2026-05-20T00:00:00Z,2026-05-20T02:00:00+0200,77.86,EUR/MWh,FR,FR,day_ahead_price,value,2026-05-23T19:12:02Z
2026-05-23T19:11:13Z,2026-05-23T21:11:13+0200,3f7e4d3d-8fdb-4ead-ba3f-db913921b078,2026-05-20T00:15:00Z,2026-05-20T02:15:00+0200,56.22,EUR/MWh,FR,FR,day_ahead_price,value,2026-05-23T19:12:02Z
2026-05-23T19:11:13Z,2026-05-23T21:11:13+0200,3f7e4d3d-8fdb-4ead-ba3f-db913921b078,2026-05-20T00:30:00Z,2026-05-20T02:30:00+0200,38.38,EUR/MWh,FR,FR,day_ahead_price,value,2026-05-23T19:12:02Z
2026-05-23T19:11:13Z,2026-05-23T21:11:13+0200,3f7e4d3d-8fdb-4ead-ba3f-db913921b078,2026-05-20T00:45:00Z,2026-05-20T02:45:00+0200,27.54,EUR/MWh,FR,FR,day_ahead_price,value,2026-05-23T19:12:02Z
2026-05-23T19:11:13Z,2026-05-23T21:11:13+0200,3f7e4d3d-8fdb-4ead-ba3f-db913921b078,2026-05-20T01:00:00Z,2026-05-20T03:00:00+0200,37.18,EUR/MWh,FR,FR,day_ahead_price,value,2026-05-23T19:12:02Z
2026-05-23T19:11:13Z,2026-05-23T21:11:13+0200,3f7e4d3d-8fdb-4ead-ba3f-db913921b078,2026-05-20T01:15:00Z,2026-05-20T03:15:00+0200,36.5,EUR/MWh,FR,FR,day_ahead_price,value,2026-05-23T19:12:02Z
2026-05-23T19:11:13Z,2026-05-23T21:11:13+0200,3f7e4d3d-8fdb-4ead-ba3f-db913921b078,2026-05-20T01:30:00Z,2026-05-20T03:30:00+0200,15.93,EUR/MWh,FR,FR,day_ahead_price,value,2026-05-23T19:12:02Z
2026-05-23T19:11:13Z,2026-05-23T21:11:13+0200,3f7e4d3d-8fdb-4ead-ba3f-db913921b078,2026-05-20T01:45:00Z,2026-05-20T03:45:00+0200,10.37,EUR/MWh,FR,FR,day_ahead_price,value,2026-05-23T19:12:02Z
2026-05-23T19:11:13Z,2026-05-23T21:11:13+0200,3f7e4d3d-8fdb-4ead-ba3f-db913921b078,2026-05-20T02:00:00Z,2026-05-20T04:00:00+0200,26.32,EUR/MWh,FR,FR,day_ahead_price,value,2026-05-23T19:12:02Z
2026-05-23T19:11:13Z,2026-05-23T21:11:13+0200,3f7e4d3d-8fdb-4ead-ba3f-db913921b078,2026-05-20T02:15:00Z,2026-05-20T04:15:00+0200,8.52,EUR/MWh,FR,FR,day_ahead_price,value,2026-05-23T19:12:02Z
2026-05-23T19:11:13Z,2026-05-23T21:11:13+0200,3f7e4d3d-8fdb-4ead-ba3f-db913921b078,2026-05-20T02:30:00Z,2026-05-20T04:30:00+0200,4.83,EUR/MWh,FR,FR,day_ahead_price,value,2026-05-23T19:12:02Z
2026-05-23T19:11:13Z,2026-05-23T21:11:13+0200,3f7e4d3d-8fdb-4ead-ba3f-db913921b078,2026-05-20T02:45:00Z,2026-05-20T04:45:00+0200,25.56,EUR/MWh,FR,FR,day_ahead_price,value,2026-05-23T19:12:02Z
2026-05-23T19:11:13Z,2026-05-23T21:11:13+0200,3f7e4d3d-8fdb-4ead-ba3f-db913921b078,2026-05-20T03:00:00Z,2026-05-20T05:00:00+0200,13.92,EUR/MWh,FR,FR,day_ahead_price,value,2026-05-23T19:12:02Z
2026-05-23T19:11:13Z,2026-05-23T21:11:13+0200,3f7e4d3d-8fdb-4ead-ba3f-db913921b078,2026-05-20T03:15:00Z,2026-05-20T05:15:00+0200,31.24,EUR/MWh,FR,FR,day_ahead_price,value,2026-05-23T19:12:02Z
2026-05-23T19:11:13Z,2026-05-23T21:11:13+0200,3f7e4d3d-8fdb-4ead-ba3f-db913921b078,2026-05-20T03:30:00Z,2026-05-20T05:30:00+0200,44.61,EUR/MWh,FR,FR,day_ahead_price,value,2026-05-23T19:12:02Z
2026-05-23T19:11:13Z,2026-05-23T21:11:13+0200,3f7e4d3d-8fdb-4ead-ba3f-db913921b078,2026-05-20T03:45:00Z,2026-05-20T05:45:00+0200,50.58,EUR/MWh,FR,FR,day_ahead_price,value,2026-05-23T19:12:02Z
2026-05-23T19:11:13Z,2026-05-23T21:11:13+0200,3f7e4d3d-8fdb-4ead-ba3f-db913921b078,2026-05-20T04:00:00Z,2026-05-20T06:00:00+0200,39.0,EUR/MWh,FR,FR,day_ahead_price,value,2026-05-23T19:12:02Z
2026-05-23T19:11:13Z,2026-05-23T21:11:13+0200,3f7e4d3d-8fdb-4ead-ba3f-db913921b078,2026-05-20T04:15:00Z,2026-05-20T06:15:00+0200,63.34,EUR/MWh,FR,FR,day_ahead_price,value,2026-05-23T19:12:02Z
2026-05-23T19:11:13Z,2026-05-23T21:11:13+0200,3f7e4d3d-8fdb-4ead-ba3f-db913921b078,2026-05-20T04:30:00Z,2026-05-20T06:30:00+0200,61.06,EUR/MWh,FR,FR,day_ahead_price,value,2026-05-23T19:12:02Z
2026-05-23T19:11:13Z,2026-05-23T21:11:13+0200,3f7e4d3d-8fdb-4ead-ba3f-db913921b078,2026-05-20T04:45:00Z,2026-05-20T06:45:00+0200,65.17,EUR/MWh,FR,FR,day_ahead_price,value,2026-05-23T19:12:02Z
2026-05-23T19:11:13Z,2026-05-23T21:11:13+0200,3f7e4d3d-8fdb-4ead-ba3f-db913921b078,2026-05-20T05:00:00Z,2026-05-20T07:00:00+0200,77.98,EUR/MWh,FR,FR,day_ahead_price,value,2026-05-23T19:12:02Z
2026-05-23T19:11:13Z,2026-05-23T21:11:13+0200,3f7e4d3d-8fdb-4ead-ba3f-db913921b078,2026-05-20T05:15:00Z,2026-05-20T07:15:00+0200,89.16,EUR/MWh,FR,FR,day_ahead_price,value,2026-05-23T19:12:02Z
2026-05-23T19:11:13Z,2026-05-23T21:11:13+0200,3f7e4d3d-8fdb-4ead-ba3f-db913921b078,2026-05-20T05:30:00Z,2026-05-20T07:30:00+0200,82.52,EUR/MWh,FR,FR,day_ahead_price,value,2026-05-23T19:12:02Z
2026-05-23T19:11:13Z,2026-05-23T21:11:13+0200,3f7e4d3d-8fdb-4ead-ba3f-db913921b078,2026-05-20T05:45:00Z,2026-05-20T07:45:00+0200,82.7,EUR/MWh,FR,FR,day_ahead_price,value,2026-05-23T19:12:02Z
2026-05-23T19:11:13Z,2026-05-23T21:11:13+0200,3f7e4d3d-8fdb-4ead-ba3f-db913921b078,2026-05-20T06:00:00Z,2026-05-20T08:00:00+0200,109.96,EUR/MWh,FR,FR,day_ahead_price,value,2026-05-23T19:12:02Z
2026-05-23T19:11:13Z,2026-05-23T21:11:13+0200,3f7e4d3d-8fdb-4ead-ba3f-db913921b078,2026-05-20T06:15:00Z,2026-05-20T08:15:00+0200,87.38,EUR/MWh,FR,FR,day_ahead_price,value,2026-05-23T19:12:02Z
2026-05-23T19:11:13Z,2026-05-23T21:11:13+0200,3f7e4d3d-8fdb-4ead-ba3f-db913921b078,2026-05-20T06:30:00Z,2026-05-20T08:30:00+0200,74.67,EUR/MWh,FR,FR,day_ahead_price,value,2026-05-23T19:12:02Z
2026-05-23T19:11:13Z,2026-05-23T21:11:13+0200,3f7e4d3d-8fdb-4ead-ba3f-db913921b078,2026-05-20T06:45:00Z,2026-05-20T08:45:00+0200,43.99,EUR/MWh,FR,FR,day_ahead_price,value,2026-05-23T19:12:02Z
2026-05-23T19:11:13Z,2026-05-23T21:11:13+0200,3f7e4d3d-8fdb-4ead-ba3f-db913921b078,2026-05-20T07:00:00Z,2026-05-20T09:00:00+0200,53.8,EUR/MWh,FR,FR,day_ahead_price,value,2026-05-23T19:12:02Z
2026-05-23T19:11:13Z,2026-05-23T21:11:13+0200,3f7e4d3d-8fdb-4ead-ba3f-db913921b078,2026-05-20T07:15:00Z,2026-05-20T09:15:00+0200,39.9,EUR/MWh,FR,FR,day_ahead_price,value,2026-05-23T19:12:02Z
2026-05-23T19:11:13Z,2026-05-23T21:11:13+0200,3f7e4d3d-8fdb-4ead-ba3f-db913921b078,2026-05-20T07:30:00Z,2026-05-20T09:30:00+0200,20.0,EUR/MWh,FR,FR,day_ahead_price,value,2026-05-23T19:12:02Z
2026-05-23T19:11:13Z,2026-05-23T21:11:13+0200,3f7e4d3d-8fdb-4ead-ba3f-db913921b078,2026-05-20T07:45:00Z,2026-05-20T09:45:00+0200,0.87,EUR/MWh,FR,FR,day_ahead_price,value,2026-05-23T19:12:02Z
2026-05-23T19:11:13Z,2026-05-23T21:11:13+0200,3f7e4d3d-8fdb-4ead-ba3f-db913921b078,2026-05-20T08:00:00Z,2026-05-20T10:00:00+0200,0.84,EUR/MWh,FR,FR,day_ahead_price,value,2026-05-23T19:12:02Z
2026-05-23T19:11:13Z,2026-05-23T21:11:13+0200,3f7e4d3d-8fdb-4ead-ba3f-db913921b078,2026-05-20T08:15:00Z,2026-05-20T10:15:00+0200,0.51,EUR/MWh,FR,FR,day_ahead_price,value,2026-05-23T19:12:02Z
2026-05-23T19:11:13Z,2026-05-23T21:11:13+0200,3f7e4d3d-8fdb-4ead-ba3f-db913921b078,2026-05-20T08:30:00Z,2026-05-20T10:30:00+0200,0.01,EUR/MWh,FR,FR,day_ahead_price,value,2026-05-23T19:12:02Z
2026-05-23T19:11:13Z,2026-05-23T21:11:13+0200,3f7e4d3d-8fdb-4ead-ba3f-db913921b078,2026-05-20T08:45:00Z,2026-05-20T10:45:00+0200,0.0,EUR/MWh,FR,FR,day_ahead_price,value,2026-05-23T19:12:02Z
2026-05-23T19:11:13Z,2026-05-23T21:11:13+0200,3f7e4d3d-8fdb-4ead-ba3f-db913921b078,2026-05-20T09:00:00Z,2026-05-20T11:00:00+0200,0.0,EUR/MWh,FR,FR,day_ahead_price,value,2026-05-23T19:12:02Z
2026-05-23T19:11:13Z,2026-05-23T21:11:13+0200,3f7e4d3d-8fdb-4ead-ba3f-db913921b078,2026-05-20T09:15:00Z,2026-05-20T11:15:00+0200,0.0,EUR/MWh,FR,FR,day_ahead_price,value,2026-05-23T19:12:02Z
2026-05-23T19:11:13Z,2026-05-23T21:11:13+0200,3f7e4d3d-8fdb-4ead-ba3f-db913921b078,2026-05-20T09:30:00Z,2026-05-20T11:30:00+0200,0.0,EUR/MWh,FR,FR,day_ahead_price,value,2026-05-23T19:12:02Z
2026-05-23T19:11:13Z,2026-05-23T21:11:13+0200,3f7e4d3d-8fdb-4ead-ba3f-db913921b078,2026-05-20T09:45:00Z,2026-05-20T11:45:00+0200,-0.01,EUR/MWh,FR,FR,day_ahead_price,value,2026-05-23T19:12:02Z
2026-05-23T19:11:13Z,2026-05-23T21:11:13+0200,3f7e4d3d-8fdb-4ead-ba3f-db913921b078,2026-05-20T10:00:00Z,2026-05-20T12:00:00+0200,-0.01,EUR/MWh,FR,FR,day_ahead_price,value,2026-05-23T19:12:02Z
2026-05-23T19:11:13Z,2026-05-23T21:11:13+0200,3f7e4d3d-8fdb-4ead-ba3f-db913921b078,2026-05-20T10:15:00Z,2026-05-20T12:15:00+0200,-0.01,EUR/MWh,FR,FR,day_ahead_price,value,2026-05-23T19:12:02Z
2026-05-23T19:11:13Z,2026-05-23T21:11:13+0200,3f7e4d3d-8fdb-4ead-ba3f-db913921b078,2026-05-20T10:30:00Z,2026-05-20T12:30:00+0200,0.0,EUR/MWh,FR,FR,day_ahead_price,value,2026-05-23T19:12:02Z
2026-05-23T19:11:13Z,2026-05-23T21:11:13+0200,3f7e4d3d-8fdb-4ead-ba3f-db913921b078,2026-05-20T10:45:00Z,2026-05-20T12:45:00+0200,-0.01,EUR/MWh,FR,FR,day_ahead_price,value,2026-05-23T19:12:02Z
2026-05-23T19:11:13Z,2026-05-23T21:11:13+0200,3f7e4d3d-8fdb-4ead-ba3f-db913921b078,2026-05-20T11:00:00Z,2026-05-20T13:00:00+0200,-0.01,EUR/MWh,FR,FR,day_ahead_price,value,2026-05-23T19:12:02Z
2026-05-23T19:11:13Z,2026-05-23T21:11:13+0200,3f7e4d3d-8fdb-4ead-ba3f-db913921b078,2026-05-20T11:15:00Z,2026-05-20T13:15:00+0200,-0.01,EUR/MWh,FR,FR,day_ahead_price,value,2026-05-23T19:12:02Z
2026-05-23T19:11:13Z,2026-05-23T21:11:13+0200,3f7e4d3d-8fdb-4ead-ba3f-db913921b078,2026-05-20T11:30:00Z,2026-05-20T13:30:00+0200,-0.01,EUR/MWh,FR,FR,day_ahead_price,value,2026-05-23T19:12:02Z
2026-05-23T19:11:13Z,2026-05-23T21:11:13+0200,3f7e4d3d-8fdb-4ead-ba3f-db913921b078,2026-05-20T11:45:00Z,2026-05-20T13:45:00+0200,-0.01,EUR/MWh,FR,FR,day_ahead_price,value,2026-05-23T19:12:02Z
2026-05-23T19:11:13Z,2026-05-23T21:11:13+0200,3f7e4d3d-8fdb-4ead-ba3f-db913921b078,2026-05-20T12:00:00Z,2026-05-20T14:00:00+0200,-0.01,EUR/MWh,FR,FR,day_ahead_price,value,2026-05-23T19:12:02Z
2026-05-23T19:11:13Z,2026-05-23T21:11:13+0200,3f7e4d3d-8fdb-4ead-ba3f-db913921b078,2026-05-20T12:15:00Z,2026-05-20T14:15:00+0200,-0.01,EUR/MWh,FR,FR,day_ahead_price,value,2026-05-23T19:12:02Z
2026-05-23T19:11:13Z,2026-05-23T21:11:13+0200,3f7e4d3d-8fdb-4ead-ba3f-db913921b078,2026-05-20T12:30:00Z,2026-05-20T14:30:00+0200,-0.01,EUR/MWh,FR,FR,day_ahead_price,value,2026-05-23T19:12:02Z
2026-05-23T19:11:13Z,2026-05-23T21:11:13+0200,3f7e4d3d-8fdb-4ead-ba3f-db913921b078,2026-05-20T12:45:00Z,2026-05-20T14:45:00+0200,-0.01,EUR/MWh,FR,FR,day_ahead_price,value,2026-05-23T19:12:02Z
2026-05-23T19:11:13Z,2026-05-23T21:11:13+0200,3f7e4d3d-8fdb-4ead-ba3f-db913921b078,2026-05-20T13:00:00Z,2026-05-20T15:00:00+0200,-0.01,EUR/MWh,FR,FR,day_ahead_price,value,2026-05-23T19:12:02Z
2026-05-23T19:11:13Z,2026-05-23T21:11:13+0200,3f7e4d3d-8fdb-4ead-ba3f-db913921b078,2026-05-20T13:15:00Z,2026-05-20T15:15:00+0200,-0.01,EUR/MWh,FR,FR,day_ahead_price,value,2026-05-23T19:12:02Z
2026-05-23T19:11:13Z,2026-05-23T21:11:13+0200,3f7e4d3d-8fdb-4ead-ba3f-db913921b078,2026-05-20T13:30:00Z,2026-05-20T15:30:00+0200,-0.01,EUR/MWh,FR,FR,day_ahead_price,value,2026-05-23T19:12:02Z
2026-05-23T19:11:13Z,2026-05-23T21:11:13+0200,3f7e4d3d-8fdb-4ead-ba3f-db913921b078,2026-05-20T13:45:00Z,2026-05-20T15:45:00+0200,-0.01,EUR/MWh,FR,FR,day_ahead_price,value,2026-05-23T19:12:02Z
2026-05-23T19:11:13Z,2026-05-23T21:11:13+0200,3f7e4d3d-8fdb-4ead-ba3f-db913921b078,2026-05-20T14:00:00Z,2026-05-20T16:00:00+0200,-0.01,EUR/MWh,FR,FR,day_ahead_price,value,2026-05-23T19:12:02Z
2026-05-23T19:11:13Z,2026-05-23T21:11:13+0200,3f7e4d3d-8fdb-4ead-ba3f-db913921b078,2026-05-20T14:15:00Z,2026-05-20T16:15:00+0200,-0.01,EUR/MWh,FR,FR,day_ahead_price,value,2026-05-23T19:12:02Z
2026-05-23T19:11:13Z,2026-05-23T21:11:13+0200,3f7e4d3d-8fdb-4ead-ba3f-db913921b078,2026-05-20T14:30:00Z,2026-05-20T16:30:00+0200,-0.01,EUR/MWh,FR,FR,day_ahead_price,value,2026-05-23T19:12:02Z
2026-05-23T19:11:13Z,2026-05-23T21:11:13+0200,3f7e4d3d-8fdb-4ead-ba3f-db913921b078,2026-05-20T14:45:00Z,2026-05-20T16:45:00+0200,-0.01,EUR/MWh,FR,FR,day_ahead_price,value,2026-05-23T19:12:02Z
2026-05-23T19:11:13Z,2026-05-23T21:11:13+0200,3f7e4d3d-8fdb-4ead-ba3f-db913921b078,2026-05-20T15:00:00Z,2026-05-20T17:00:00+0200,-0.01,EUR/MWh,FR,FR,day_ahead_price,value,2026-05-23T19:12:02Z
2026-05-23T19:11:13Z,2026-05-23T21:11:13+0200,3f7e4d3d-8fdb-4ead-ba3f-db913921b078,2026-05-20T15:15:00Z,2026-05-20T17:15:00+0200,0.0,EUR/MWh,FR,FR,day_ahead_price,value,2026-05-23T19:12:02Z
2026-05-23T19:11:13Z,2026-05-23T21:11:13+0200,3f7e4d3d-8fdb-4ead-ba3f-db913921b078,2026-05-20T15:30:00Z,2026-05-20T17:30:00+0200,0.0,EUR/MWh,FR,FR,day_ahead_price,value,2026-05-23T19:12:02Z
2026-05-23T19:11:13Z,2026-05-23T21:11:13+0200,3f7e4d3d-8fdb-4ead-ba3f-db913921b078,2026-05-20T15:45:00Z,2026-05-20T17:45:00+0200,0.0,EUR/MWh,FR,FR,day_ahead_price,value,2026-05-23T19:12:02Z
2026-05-23T19:11:13Z,2026-05-23T21:11:13+0200,3f7e4d3d-8fdb-4ead-ba3f-db913921b078,2026-05-20T16:00:00Z,2026-05-20T18:00:00+0200,0.01,EUR/MWh,FR,FR,day_ahead_price,value,2026-05-23T19:12:02Z
2026-05-23T19:11:13Z,2026-05-23T21:11:13+0200,3f7e4d3d-8fdb-4ead-ba3f-db913921b078,2026-05-20T16:15:00Z,2026-05-20T18:15:00+0200,9.29,EUR/MWh,FR,FR,day_ahead_price,value,2026-05-23T19:12:02Z
2026-05-23T19:11:13Z,2026-05-23T21:11:13+0200,3f7e4d3d-8fdb-4ead-ba3f-db913921b078,2026-05-20T16:30:00Z,2026-05-20T18:30:00+0200,36.7,EUR/MWh,FR,FR,day_ahead_price,value,2026-05-23T19:12:02Z
2026-05-23T19:11:13Z,2026-05-23T21:11:13+0200,3f7e4d3d-8fdb-4ead-ba3f-db913921b078,2026-05-20T16:45:00Z,2026-05-20T18:45:00+0200,67.82,EUR/MWh,FR,FR,day_ahead_price,value,2026-05-23T19:12:02Z
2026-05-23T19:11:13Z,2026-05-23T21:11:13+0200,3f7e4d3d-8fdb-4ead-ba3f-db913921b078,2026-05-20T17:00:00Z,2026-05-20T19:00:00+0200,41.86,EUR/MWh,FR,FR,day_ahead_price,value,2026-05-23T19:12:02Z
2026-05-23T19:11:13Z,2026-05-23T21:11:13+0200,3f7e4d3d-8fdb-4ead-ba3f-db913921b078,2026-05-20T17:15:00Z,2026-05-20T19:15:00+0200,74.75,EUR/MWh,FR,FR,day_ahead_price,value,2026-05-23T19:12:02Z
2026-05-23T19:11:13Z,2026-05-23T21:11:13+0200,3f7e4d3d-8fdb-4ead-ba3f-db913921b078,2026-05-20T17:30:00Z,2026-05-20T19:30:00+0200,84.47,EUR/MWh,FR,FR,day_ahead_price,value,2026-05-23T19:12:02Z
2026-05-23T19:11:13Z,2026-05-23T21:11:13+0200,3f7e4d3d-8fdb-4ead-ba3f-db913921b078,2026-05-20T17:45:00Z,2026-05-20T19:45:00+0200,106.22,EUR/MWh,FR,FR,day_ahead_price,value,2026-05-23T19:12:02Z
2026-05-23T19:11:13Z,2026-05-23T21:11:13+0200,3f7e4d3d-8fdb-4ead-ba3f-db913921b078,2026-05-20T18:00:00Z,2026-05-20T20:00:00+0200,70.0,EUR/MWh,FR,FR,day_ahead_price,value,2026-05-23T19:12:02Z
2026-05-23T19:11:13Z,2026-05-23T21:11:13+0200,3f7e4d3d-8fdb-4ead-ba3f-db913921b078,2026-05-20T18:15:00Z,2026-05-20T20:15:00+0200,96.95,EUR/MWh,FR,FR,day_ahead_price,value,2026-05-23T19:12:02Z
2026-05-23T19:11:13Z,2026-05-23T21:11:13+0200,3f7e4d3d-8fdb-4ead-ba3f-db913921b078,2026-05-20T18:30:00Z,2026-05-20T20:30:00+0200,116.04,EUR/MWh,FR,FR,day_ahead_price,value,2026-05-23T19:12:02Z
2026-05-23T19:11:13Z,2026-05-23T21:11:13+0200,3f7e4d3d-8fdb-4ead-ba3f-db913921b078,2026-05-20T18:45:00Z,2026-05-20T20:45:00+0200,125.1,EUR/MWh,FR,FR,day_ahead_price,value,2026-05-23T19:12:02Z
2026-05-23T19:11:13Z,2026-05-23T21:11:13+0200,3f7e4d3d-8fdb-4ead-ba3f-db913921b078,2026-05-20T19:00:00Z,2026-05-20T21:00:00+0200,120.01,EUR/MWh,FR,FR,day_ahead_price,value,2026-05-23T19:12:02Z
2026-05-23T19:11:13Z,2026-05-23T21:11:13+0200,3f7e4d3d-8fdb-4ead-ba3f-db913921b078,2026-05-20T19:15:00Z,2026-05-20T21:15:00+0200,130.0,EUR/MWh,FR,FR,day_ahead_price,value,2026-05-23T19:12:02Z
2026-05-23T19:11:13Z,2026-05-23T21:11:13+0200,3f7e4d3d-8fdb-4ead-ba3f-db913921b078,2026-05-20T19:30:00Z,2026-05-20T21:30:00+0200,135.2,EUR/MWh,FR,FR,day_ahead_price,value,2026-05-23T19:12:02Z
2026-05-23T19:11:13Z,2026-05-23T21:11:13+0200,3f7e4d3d-8fdb-4ead-ba3f-db913921b078,2026-05-20T19:45:00Z,2026-05-20T21:45:00+0200,131.47,EUR/MWh,FR,FR,day_ahead_price,value,2026-05-23T19:12:02Z
2026-05-23T19:11:13Z,2026-05-23T21:11:13+0200,3f7e4d3d-8fdb-4ead-ba3f-db913921b078,2026-05-20T20:00:00Z,2026-05-20T22:00:00+0200,139.39,EUR/MWh,FR,FR,day_ahead_price,value,2026-05-23T19:12:02Z
2026-05-23T19:11:13Z,2026-05-23T21:11:13+0200,3f7e4d3d-8fdb-4ead-ba3f-db913921b078,2026-05-20T20:15:00Z,2026-05-20T22:15:00+0200,130.04,EUR/MWh,FR,FR,day_ahead_price,value,2026-05-23T19:12:02Z
2026-05-23T19:11:13Z,2026-05-23T21:11:13+0200,3f7e4d3d-8fdb-4ead-ba3f-db913921b078,2026-05-20T20:30:00Z,2026-05-20T22:30:00+0200,135.2,EUR/MWh,FR,FR,day_ahead_price,value,2026-05-23T19:12:02Z
2026-05-23T19:11:13Z,2026-05-23T21:11:13+0200,3f7e4d3d-8fdb-4ead-ba3f-db913921b078,2026-05-20T20:45:00Z,2026-05-20T22:45:00+0200,123.63,EUR/MWh,FR,FR,day_ahead_price,value,2026-05-23T19:12:02Z
2026-05-23T19:11:13Z,2026-05-23T21:11:13+0200,3f7e4d3d-8fdb-4ead-ba3f-db913921b078,2026-05-20T21:00:00Z,2026-05-20T23:00:00+0200,121.06,EUR/MWh,FR,FR,day_ahead_price,value,2026-05-23T19:12:02Z
2026-05-23T19:11:13Z,2026-05-23T21:11:13+0200,3f7e4d3d-8fdb-4ead-ba3f-db913921b078,2026-05-20T21:15:00Z,2026-05-20T23:15:00+0200,117.25,EUR/MWh,FR,FR,day_ahead_price,value,2026-05-23T19:12:02Z
2026-05-23T19:11:13Z,2026-05-23T21:11:13+0200,3f7e4d3d-8fdb-4ead-ba3f-db913921b078,2026-05-20T21:30:00Z,2026-05-20T23:30:00+0200,116.58,EUR/MWh,FR,FR,day_ahead_price,value,2026-05-23T19:12:02Z
2026-05-23T19:11:13Z,2026-05-23T21:11:13+0200,3f7e4d3d-8fdb-4ead-ba3f-db913921b078,2026-05-20T21:45:00Z,2026-05-20T23:45:00+0200,114.55,EUR/MWh,FR,FR,day_ahead_price,value,2026-05-23T19:12:02Z
2026-05-23T19:11:13Z,2026-05-23T21:11:13+0200,3f7e4d3d-8fdb-4ead-ba3f-db913921b078,2026-05-20T22:00:00Z,2026-05-21T00:00:00+0200,124.6,EUR/MWh,FR,FR,day_ahead_price,value,2026-05-23T19:12:02Z
2026-05-23T19:11:13Z,2026-05-23T21:11:13+0200,3f7e4d3d-8fdb-4ead-ba3f-db913921b078,2026-05-20T22:15:00Z,2026-05-21T00:15:00+0200,119.44,EUR/MWh,FR,FR,day_ahead_price,value,2026-05-23T19:12:02Z
2026-05-23T19:11:13Z,2026-05-23T21:11:13+0200,3f7e4d3d-8fdb-4ead-ba3f-db913921b078,2026-05-20T22:30:00Z,2026-05-21T00:30:00+0200,106.12,EUR/MWh,FR,FR,day_ahead_price,value,2026-05-23T19:12:02Z
2026-05-23T19:11:13Z,2026-05-23T21:11:13+0200,3f7e4d3d-8fdb-4ead-ba3f-db913921b078,2026-05-20T22:45:00Z,2026-05-21T00:45:00+0200,98.59,EUR/MWh,FR,FR,day_ahead_price,value,2026-05-23T19:12:02Z
2026-05-23T19:11:13Z,2026-05-23T21:11:13+0200,3f7e4d3d-8fdb-4ead-ba3f-db913921b078,2026-05-20T23:00:00Z,2026-05-21T01:00:00+0200,106.0,EUR/MWh,FR,FR,day_ahead_price,value,2026-05-23T19:12:02Z
2026-05-23T19:11:13Z,2026-05-23T21:11:13+0200,3f7e4d3d-8fdb-4ead-ba3f-db913921b078,2026-05-20T23:15:00Z,2026-05-21T01:15:00+0200,99.19,EUR/MWh,FR,FR,day_ahead_price,value,2026-05-23T19:12:02Z
2026-05-23T19:11:13Z,2026-05-23T21:11:13+0200,3f7e4d3d-8fdb-4ead-ba3f-db913921b078,2026-05-20T23:30:00Z,2026-05-21T01:30:00+0200,98.89,EUR/MWh,FR,FR,day_ahead_price,value,2026-05-23T19:12:02Z
2026-05-23T19:11:13Z,2026-05-23T21:11:13+0200,3f7e4d3d-8fdb-4ead-ba3f-db913921b078,2026-05-20T23:45:00Z,2026-05-21T01:45:00+0200,93.17,EUR/MWh,FR,FR,day_ahead_price,value,2026-05-23T19:12:02Z
2026-05-23T19:11:13Z,2026-05-23T21:11:13+0200,3f7e4d3d-8fdb-4ead-ba3f-db913921b078,2026-05-21T00:00:00Z,2026-05-21T02:00:00+0200,100.34,EUR/MWh,FR,FR,day_ahead_price,value,2026-05-23T19:12:02Z
2026-05-23T19:11:13Z,2026-05-23T21:11:13+0200,3f7e4d3d-8fdb-4ead-ba3f-db913921b078,2026-05-21T00:15:00Z,2026-05-21T02:15:00+0200,98.74,EUR/MWh,FR,FR,day_ahead_price,value,2026-05-23T19:12:02Z
2026-05-23T19:11:13Z,2026-05-23T21:11:13+0200,3f7e4d3d-8fdb-4ead-ba3f-db913921b078,2026-05-21T00:30:00Z,2026-05-21T02:30:00+0200,95.0,EUR/MWh,FR,FR,day_ahead_price,value,2026-05-23T19:12:02Z
2026-05-23T19:11:13Z,2026-05-23T21:11:13+0200,3f7e4d3d-8fdb-4ead-ba3f-db913921b078,2026-05-21T00:45:00Z,2026-05-21T02:45:00+0200,90.0,EUR/MWh,FR,FR,day_ahead_price,value,2026-05-23T19:12:02Z
2026-05-23T19:11:13Z,2026-05-23T21:11:13+0200,3f7e4d3d-8fdb-4ead-ba3f-db913921b078,2026-05-21T01:00:00Z,2026-05-21T03:00:00+0200,90.1,EUR/MWh,FR,FR,day_ahead_price,value,2026-05-23T19:12:02Z
2026-05-23T19:11:13Z,2026-05-23T21:11:13+0200,3f7e4d3d-8fdb-4ead-ba3f-db913921b078,2026-05-21T01:15:00Z,2026-05-21T03:15:00+0200,88.0,EUR/MWh,FR,FR,day_ahead_price,value,2026-05-23T19:12:02Z
2026-05-23T19:11:13Z,2026-05-23T21:11:13+0200,3f7e4d3d-8fdb-4ead-ba3f-db913921b078,2026-05-21T01:30:00Z,2026-05-21T03:30:00+0200,86.3,EUR/MWh,FR,FR,day_ahead_price,value,2026-05-23T19:12:02Z
2026-05-23T19:11:13Z,2026-05-23T21:11:13+0200,3f7e4d3d-8fdb-4ead-ba3f-db913921b078,2026-05-21T01:45:00Z,2026-05-21T03:45:00+0200,84.56,EUR/MWh,FR,FR,day_ahead_price,value,2026-05-23T19:12:02Z
2026-05-23T19:11:13Z,2026-05-23T21:11:13+0200,3f7e4d3d-8fdb-4ead-ba3f-db913921b078,2026-05-21T02:00:00Z,2026-05-21T04:00:00+0200,82.36,EUR/MWh,FR,FR,day_ahead_price,value,2026-05-23T19:12:02Z
2026-05-23T19:11:13Z,2026-05-23T21:11:13+0200,3f7e4d3d-8fdb-4ead-ba3f-db913921b078,2026-05-21T02:15:00Z,2026-05-21T04:15:00+0200,81.74,EUR/MWh,FR,FR,day_ahead_price,value,2026-05-23T19:12:02Z
2026-05-23T19:11:13Z,2026-05-23T21:11:13+0200,3f7e4d3d-8fdb-4ead-ba3f-db913921b078,2026-05-21T02:30:00Z,2026-05-21T04:30:00+0200,82.36,EUR/MWh,FR,FR,day_ahead_price,value,2026-05-23T19:12:02Z
2026-05-23T19:11:13Z,2026-05-23T21:11:13+0200,3f7e4d3d-8fdb-4ead-ba3f-db913921b078,2026-05-21T02:45:00Z,2026-05-21T04:45:00+0200,85.7,EUR/MWh,FR,FR,day_ahead_price,value,2026-05-23T19:12:02Z
2026-05-23T19:11:13Z,2026-05-23T21:11:13+0200,3f7e4d3d-8fdb-4ead-ba3f-db913921b078,2026-05-21T03:00:00Z,2026-05-21T05:00:00+0200,88.7,EUR/MWh,FR,FR,day_ahead_price,value,2026-05-23T19:12:02Z
2026-05-23T19:11:13Z,2026-05-23T21:11:13+0200,3f7e4d3d-8fdb-4ead-ba3f-db913921b078,2026-05-21T03:15:00Z,2026-05-21T05:15:00+0200,90.0,EUR/MWh,FR,FR,day_ahead_price,value,2026-05-23T19:12:02Z
2026-05-23T19:11:13Z,2026-05-23T21:11:13+0200,3f7e4d3d-8fdb-4ead-ba3f-db913921b078,2026-05-21T03:30:00Z,2026-05-21T05:30:00+0200,94.81,EUR/MWh,FR,FR,day_ahead_price,value,2026-05-23T19:12:02Z
2026-05-23T19:11:13Z,2026-05-23T21:11:13+0200,3f7e4d3d-8fdb-4ead-ba3f-db913921b078,2026-05-21T03:45:00Z,2026-05-21T05:45:00+0200,96.57,EUR/MWh,FR,FR,day_ahead_price,value,2026-05-23T19:12:02Z
2026-05-23T19:11:13Z,2026-05-23T21:11:13+0200,3f7e4d3d-8fdb-4ead-ba3f-db913921b078,2026-05-21T04:00:00Z,2026-05-21T06:00:00+0200,93.17,EUR/MWh,FR,FR,day_ahead_price,value,2026-05-23T19:12:02Z
2026-05-23T19:11:13Z,2026-05-23T21:11:13+0200,3f7e4d3d-8fdb-4ead-ba3f-db913921b078,2026-05-21T04:15:00Z,2026-05-21T06:15:00+0200,98.74,EUR/MWh,FR,FR,day_ahead_price,value,2026-05-23T19:12:02Z
2026-05-23T19:11:13Z,2026-05-23T21:11:13+0200,3f7e4d3d-8fdb-4ead-ba3f-db913921b078,2026-05-21T04:30:00Z,2026-05-21T06:30:00+0200,98.59,EUR/MWh,FR,FR,day_ahead_price,value,2026-05-23T19:12:02Z
2026-05-23T19:11:13Z,2026-05-23T21:11:13+0200,3f7e4d3d-8fdb-4ead-ba3f-db913921b078,2026-05-21T04:45:00Z,2026-05-21T06:45:00+0200,99.04,EUR/MWh,FR,FR,day_ahead_price,value,2026-05-23T19:12:02Z
2026-05-23T19:11:13Z,2026-05-23T21:11:13+0200,3f7e4d3d-8fdb-4ead-ba3f-db913921b078,2026-05-21T05:00:00Z,2026-05-21T07:00:00+0200,116.42,EUR/MWh,FR,FR,day_ahead_price,value,2026-05-23T19:12:02Z
2026-05-23T19:11:13Z,2026-05-23T21:11:13+0200,3f7e4d3d-8fdb-4ead-ba3f-db913921b078,2026-05-21T05:15:00Z,2026-05-21T07:15:00+0200,113.59,EUR/MWh,FR,FR,day_ahead_price,value,2026-05-23T19:12:02Z
2026-05-23T19:11:13Z,2026-05-23T21:11:13+0200,3f7e4d3d-8fdb-4ead-ba3f-db913921b078,2026-05-21T05:30:00Z,2026-05-21T07:30:00+0200,105.0,EUR/MWh,FR,FR,day_ahead_price,value,2026-05-23T19:12:02Z
2026-05-23T19:11:13Z,2026-05-23T21:11:13+0200,3f7e4d3d-8fdb-4ead-ba3f-db913921b078,2026-05-21T05:45:00Z,2026-05-21T07:45:00+0200,90.0,EUR/MWh,FR,FR,day_ahead_price,value,2026-05-23T19:12:02Z
2026-05-23T19:11:13Z,2026-05-23T21:11:13+0200,3f7e4d3d-8fdb-4ead-ba3f-db913921b078,2026-05-21T06:00:00Z,2026-05-21T08:00:00+0200,102.99,EUR/MWh,FR,FR,day_ahead_price,value,2026-05-23T19:12:02Z
2026-05-23T19:11:13Z,2026-05-23T21:11:13+0200,3f7e4d3d-8fdb-4ead-ba3f-db913921b078,2026-05-21T06:15:00Z,2026-05-21T08:15:00+0200,86.82,EUR/MWh,FR,FR,day_ahead_price,value,2026-05-23T19:12:02Z
2026-05-23T19:11:13Z,2026-05-23T21:11:13+0200,3f7e4d3d-8fdb-4ead-ba3f-db913921b078,2026-05-21T06:30:00Z,2026-05-21T08:30:00+0200,80.3,EUR/MWh,FR,FR,day_ahead_price,value,2026-05-23T19:12:02Z
2026-05-23T19:11:13Z,2026-05-23T21:11:13+0200,3f7e4d3d-8fdb-4ead-ba3f-db913921b078,2026-05-21T06:45:00Z,2026-05-21T08:45:00+0200,43.32,EUR/MWh,FR,FR,day_ahead_price,value,2026-05-23T19:12:02Z
2026-05-23T19:11:13Z,2026-05-23T21:11:13+0200,3f7e4d3d-8fdb-4ead-ba3f-db913921b078,2026-05-21T07:00:00Z,2026-05-21T09:00:00+0200,43.71,EUR/MWh,FR,FR,day_ahead_price,value,2026-05-23T19:12:02Z
2026-05-23T19:11:13Z,2026-05-23T21:11:13+0200,3f7e4d3d-8fdb-4ead-ba3f-db913921b078,2026-05-21T07:15:00Z,2026-05-21T09:15:00+0200,15.96,EUR/MWh,FR,FR,day_ahead_price,value,2026-05-23T19:12:02Z
2026-05-23T19:11:13Z,2026-05-23T21:11:13+0200,3f7e4d3d-8fdb-4ead-ba3f-db913921b078,2026-05-21T07:30:00Z,2026-05-21T09:30:00+0200,0.84,EUR/MWh,FR,FR,day_ahead_price,value,2026-05-23T19:12:02Z
2026-05-23T19:11:13Z,2026-05-23T21:11:13+0200,3f7e4d3d-8fdb-4ead-ba3f-db913921b078,2026-05-21T07:45:00Z,2026-05-21T09:45:00+0200,0.0,EUR/MWh,FR,FR,day_ahead_price,value,2026-05-23T19:12:02Z
2026-05-23T19:11:13Z,2026-05-23T21:11:13+0200,3f7e4d3d-8fdb-4ead-ba3f-db913921b078,2026-05-21T08:00:00Z,2026-05-21T10:00:00+0200,0.01,EUR/MWh,FR,FR,day_ahead_price,value,2026-05-23T19:12:02Z
2026-05-23T19:11:13Z,2026-05-23T21:11:13+0200,3f7e4d3d-8fdb-4ead-ba3f-db913921b078,2026-05-21T08:15:00Z,2026-05-21T10:15:00+0200,0.0,EUR/MWh,FR,FR,day_ahead_price,value,2026-05-23T19:12:02Z
2026-05-23T19:11:13Z,2026-05-23T21:11:13+0200,3f7e4d3d-8fdb-4ead-ba3f-db913921b078,2026-05-21T08:30:00Z,2026-05-21T10:30:00+0200,0.0,EUR/MWh,FR,FR,day_ahead_price,value,2026-05-23T19:12:02Z
2026-05-23T19:11:13Z,2026-05-23T21:11:13+0200,3f7e4d3d-8fdb-4ead-ba3f-db913921b078,2026-05-21T08:45:00Z,2026-05-21T10:45:00+0200,-0.01,EUR/MWh,FR,FR,day_ahead_price,value,2026-05-23T19:12:02Z
2026-05-23T19:11:13Z,2026-05-23T21:11:13+0200,3f7e4d3d-8fdb-4ead-ba3f-db913921b078,2026-05-21T09:00:00Z,2026-05-21T11:00:00+0200,-0.01,EUR/MWh,FR,FR,day_ahead_price,value,2026-05-23T19:12:02Z
2026-05-23T19:11:13Z,2026-05-23T21:11:13+0200,3f7e4d3d-8fdb-4ead-ba3f-db913921b078,2026-05-21T09:15:00Z,2026-05-21T11:15:00+0200,-0.01,EUR/MWh,FR,FR,day_ahead_price,value,2026-05-23T19:12:02Z
2026-05-23T19:11:13Z,2026-05-23T21:11:13+0200,3f7e4d3d-8fdb-4ead-ba3f-db913921b078,2026-05-21T09:30:00Z,2026-05-21T11:30:00+0200,-0.01,EUR/MWh,FR,FR,day_ahead_price,value,2026-05-23T19:12:02Z
2026-05-23T19:11:13Z,2026-05-23T21:11:13+0200,3f7e4d3d-8fdb-4ead-ba3f-db913921b078,2026-05-21T09:45:00Z,2026-05-21T11:45:00+0200,-0.01,EUR/MWh,FR,FR,day_ahead_price,value,2026-05-23T19:12:02Z
2026-05-23T19:11:13Z,2026-05-23T21:11:13+0200,3f7e4d3d-8fdb-4ead-ba3f-db913921b078,2026-05-21T10:00:00Z,2026-05-21T12:00:00+0200,0.0,EUR/MWh,FR,FR,day_ahead_price,value,2026-05-23T19:12:02Z
2026-05-23T19:11:13Z,2026-05-23T21:11:13+0200,3f7e4d3d-8fdb-4ead-ba3f-db913921b078,2026-05-21T10:15:00Z,2026-05-21T12:15:00+0200,0.0,EUR/MWh,FR,FR,day_ahead_price,value,2026-05-23T19:12:02Z
2026-05-23T19:11:13Z,2026-05-23T21:11:13+0200,3f7e4d3d-8fdb-4ead-ba3f-db913921b078,2026-05-21T10:30:00Z,2026-05-21T12:30:00+0200,0.0,EUR/MWh,FR,FR,day_ahead_price,value,2026-05-23T19:12:02Z
2026-05-23T19:11:13Z,2026-05-23T21:11:13+0200,3f7e4d3d-8fdb-4ead-ba3f-db913921b078,2026-05-21T10:45:00Z,2026-05-21T12:45:00+0200,0.0,EUR/MWh,FR,FR,day_ahead_price,value,2026-05-23T19:12:02Z
2026-05-23T19:11:13Z,2026-05-23T21:11:13+0200,3f7e4d3d-8fdb-4ead-ba3f-db913921b078,2026-05-21T11:00:00Z,2026-05-21T13:00:00+0200,-0.01,EUR/MWh,FR,FR,day_ahead_price,value,2026-05-23T19:12:02Z
2026-05-23T19:11:13Z,2026-05-23T21:11:13+0200,3f7e4d3d-8fdb-4ead-ba3f-db913921b078,2026-05-21T11:15:00Z,2026-05-21T13:15:00+0200,-0.01,EUR/MWh,FR,FR,day_ahead_price,value,2026-05-23T19:12:02Z
2026-05-23T19:11:13Z,2026-05-23T21:11:13+0200,3f7e4d3d-8fdb-4ead-ba3f-db913921b078,2026-05-21T11:30:00Z,2026-05-21T13:30:00+0200,-0.01,EUR/MWh,FR,FR,day_ahead_price,value,2026-05-23T19:12:02Z
2026-05-23T19:11:13Z,2026-05-23T21:11:13+0200,3f7e4d3d-8fdb-4ead-ba3f-db913921b078,2026-05-21T11:45:00Z,2026-05-21T13:45:00+0200,-0.01,EUR/MWh,FR,FR,day_ahead_price,value,2026-05-23T19:12:02Z
2026-05-23T19:11:13Z,2026-05-23T21:11:13+0200,3f7e4d3d-8fdb-4ead-ba3f-db913921b078,2026-05-21T12:00:00Z,2026-05-21T14:00:00+0200,-0.01,EUR/MWh,FR,FR,day_ahead_price,value,2026-05-23T19:12:02Z
2026-05-23T19:11:13Z,2026-05-23T21:11:13+0200,3f7e4d3d-8fdb-4ead-ba3f-db913921b078,2026-05-21T12:15:00Z,2026-05-21T14:15:00+0200,-0.01,EUR/MWh,FR,FR,day_ahead_price,value,2026-05-23T19:12:02Z
2026-05-23T19:11:13Z,2026-05-23T21:11:13+0200,3f7e4d3d-8fdb-4ead-ba3f-db913921b078,2026-05-21T12:30:00Z,2026-05-21T14:30:00+0200,-0.01,EUR/MWh,FR,FR,day_ahead_price,value,2026-05-23T19:12:02Z
2026-05-23T19:11:13Z,2026-05-23T21:11:13+0200,3f7e4d3d-8fdb-4ead-ba3f-db913921b078,2026-05-21T12:45:00Z,2026-05-21T14:45:00+0200,-0.01,EUR/MWh,FR,FR,day_ahead_price,value,2026-05-23T19:12:02Z
2026-05-23T19:11:13Z,2026-05-23T21:11:13+0200,3f7e4d3d-8fdb-4ead-ba3f-db913921b078,2026-05-21T13:00:00Z,2026-05-21T15:00:00+0200,-0.01,EUR/MWh,FR,FR,day_ahead_price,value,2026-05-23T19:12:02Z
2026-05-23T19:11:13Z,2026-05-23T21:11:13+0200,3f7e4d3d-8fdb-4ead-ba3f-db913921b078,2026-05-21T13:15:00Z,2026-05-21T15:15:00+0200,-0.01,EUR/MWh,FR,FR,day_ahead_price,value,2026-05-23T19:12:02Z
2026-05-23T19:11:13Z,2026-05-23T21:11:13+0200,3f7e4d3d-8fdb-4ead-ba3f-db913921b078,2026-05-21T13:30:00Z,2026-05-21T15:30:00+0200,-0.01,EUR/MWh,FR,FR,day_ahead_price,value,2026-05-23T19:12:02Z
2026-05-23T19:11:13Z,2026-05-23T21:11:13+0200,3f7e4d3d-8fdb-4ead-ba3f-db913921b078,2026-05-21T13:45:00Z,2026-05-21T15:45:00+0200,-0.01,EUR/MWh,FR,FR,day_ahead_price,value,2026-05-23T19:12:02Z
2026-05-23T19:11:13Z,2026-05-23T21:11:13+0200,3f7e4d3d-8fdb-4ead-ba3f-db913921b078,2026-05-21T14:00:00Z,2026-05-21T16:00:00+0200,-0.01,EUR/MWh,FR,FR,day_ahead_price,value,2026-05-23T19:12:02Z
2026-05-23T19:11:13Z,2026-05-23T21:11:13+0200,3f7e4d3d-8fdb-4ead-ba3f-db913921b078,2026-05-21T14:15:00Z,2026-05-21T16:15:00+0200,-0.01,EUR/MWh,FR,FR,day_ahead_price,value,2026-05-23T19:12:02Z
2026-05-23T19:11:13Z,2026-05-23T21:11:13+0200,3f7e4d3d-8fdb-4ead-ba3f-db913921b078,2026-05-21T14:30:00Z,2026-05-21T16:30:00+0200,-0.01,EUR/MWh,FR,FR,day_ahead_price,value,2026-05-23T19:12:02Z
2026-05-23T19:11:13Z,2026-05-23T21:11:13+0200,3f7e4d3d-8fdb-4ead-ba3f-db913921b078,2026-05-21T14:45:00Z,2026-05-21T16:45:00+0200,-0.01,EUR/MWh,FR,FR,day_ahead_price,value,2026-05-23T19:12:02Z
2026-05-23T19:11:13Z,2026-05-23T21:11:13+0200,3f7e4d3d-8fdb-4ead-ba3f-db913921b078,2026-05-21T15:00:00Z,2026-05-21T17:00:00+0200,-0.01,EUR/MWh,FR,FR,day_ahead_price,value,2026-05-23T19:12:02Z
2026-05-23T19:11:13Z,2026-05-23T21:11:13+0200,3f7e4d3d-8fdb-4ead-ba3f-db913921b078,2026-05-21T15:15:00Z,2026-05-21T17:15:00+0200,0.0,EUR/MWh,FR,FR,day_ahead_price,value,2026-05-23T19:12:02Z
2026-05-23T19:11:13Z,2026-05-23T21:11:13+0200,3f7e4d3d-8fdb-4ead-ba3f-db913921b078,2026-05-21T15:30:00Z,2026-05-21T17:30:00+0200,0.0,EUR/MWh,FR,FR,day_ahead_price,value,2026-05-23T19:12:02Z
2026-05-23T19:11:13Z,2026-05-23T21:11:13+0200,3f7e4d3d-8fdb-4ead-ba3f-db913921b078,2026-05-21T15:45:00Z,2026-05-21T17:45:00+0200,0.09,EUR/MWh,FR,FR,day_ahead_price,value,2026-05-23T19:12:02Z
2026-05-23T19:11:13Z,2026-05-23T21:11:13+0200,3f7e4d3d-8fdb-4ead-ba3f-db913921b078,2026-05-21T16:00:00Z,2026-05-21T18:00:00+0200,0.84,EUR/MWh,FR,FR,day_ahead_price,value,2026-05-23T19:12:02Z
2026-05-23T19:11:13Z,2026-05-23T21:11:13+0200,3f7e4d3d-8fdb-4ead-ba3f-db913921b078,2026-05-21T16:15:00Z,2026-05-21T18:15:00+0200,49.89,EUR/MWh,FR,FR,day_ahead_price,value,2026-05-23T19:12:02Z
2026-05-23T19:11:13Z,2026-05-23T21:11:13+0200,3f7e4d3d-8fdb-4ead-ba3f-db913921b078,2026-05-21T16:30:00Z,2026-05-21T18:30:00+0200,50.01,EUR/MWh,FR,FR,day_ahead_price,value,2026-05-23T19:12:02Z
2026-05-23T19:11:13Z,2026-05-23T21:11:13+0200,3f7e4d3d-8fdb-4ead-ba3f-db913921b078,2026-05-21T16:45:00Z,2026-05-21T18:45:00+0200,89.03,EUR/MWh,FR,FR,day_ahead_price,value,2026-05-23T19:12:02Z
2026-05-23T19:11:13Z,2026-05-23T21:11:13+0200,3f7e4d3d-8fdb-4ead-ba3f-db913921b078,2026-05-21T17:00:00Z,2026-05-21T19:00:00+0200,80.83,EUR/MWh,FR,FR,day_ahead_price,value,2026-05-23T19:12:02Z
2026-05-23T19:11:13Z,2026-05-23T21:11:13+0200,3f7e4d3d-8fdb-4ead-ba3f-db913921b078,2026-05-21T17:15:00Z,2026-05-21T19:15:00+0200,83.4,EUR/MWh,FR,FR,day_ahead_price,value,2026-05-23T19:12:02Z
2026-05-23T19:11:13Z,2026-05-23T21:11:13+0200,3f7e4d3d-8fdb-4ead-ba3f-db913921b078,2026-05-21T17:30:00Z,2026-05-21T19:30:00+0200,81.02,EUR/MWh,FR,FR,day_ahead_price,value,2026-05-23T19:12:02Z
2026-05-23T19:11:13Z,2026-05-23T21:11:13+0200,3f7e4d3d-8fdb-4ead-ba3f-db913921b078,2026-05-21T17:45:00Z,2026-05-21T19:45:00+0200,107.64,EUR/MWh,FR,FR,day_ahead_price,value,2026-05-23T19:12:02Z
2026-05-23T19:11:13Z,2026-05-23T21:11:13+0200,3f7e4d3d-8fdb-4ead-ba3f-db913921b078,2026-05-21T18:00:00Z,2026-05-21T20:00:00+0200,81.5,EUR/MWh,FR,FR,day_ahead_price,value,2026-05-23T19:12:02Z
2026-05-23T19:11:13Z,2026-05-23T21:11:13+0200,3f7e4d3d-8fdb-4ead-ba3f-db913921b078,2026-05-21T18:15:00Z,2026-05-21T20:15:00+0200,99.4,EUR/MWh,FR,FR,day_ahead_price,value,2026-05-23T19:12:02Z
2026-05-23T19:11:13Z,2026-05-23T21:11:13+0200,3f7e4d3d-8fdb-4ead-ba3f-db913921b078,2026-05-21T18:30:00Z,2026-05-21T20:30:00+0200,112.47,EUR/MWh,FR,FR,day_ahead_price,value,2026-05-23T19:12:02Z
2026-05-23T19:11:13Z,2026-05-23T21:11:13+0200,3f7e4d3d-8fdb-4ead-ba3f-db913921b078,2026-05-21T18:45:00Z,2026-05-21T20:45:00+0200,119.44,EUR/MWh,FR,FR,day_ahead_price,value,2026-05-23T19:12:02Z
2026-05-23T19:11:13Z,2026-05-23T21:11:13+0200,3f7e4d3d-8fdb-4ead-ba3f-db913921b078,2026-05-21T19:00:00Z,2026-05-21T21:00:00+0200,120.9,EUR/MWh,FR,FR,day_ahead_price,value,2026-05-23T19:12:02Z
2026-05-23T19:11:13Z,2026-05-23T21:11:13+0200,3f7e4d3d-8fdb-4ead-ba3f-db913921b078,2026-05-21T19:15:00Z,2026-05-21T21:15:00+0200,123.87,EUR/MWh,FR,FR,day_ahead_price,value,2026-05-23T19:12:02Z
2026-05-23T19:11:13Z,2026-05-23T21:11:13+0200,3f7e4d3d-8fdb-4ead-ba3f-db913921b078,2026-05-21T19:30:00Z,2026-05-21T21:30:00+0200,125.01,EUR/MWh,FR,FR,day_ahead_price,value,2026-05-23T19:12:02Z
2026-05-23T19:11:13Z,2026-05-23T21:11:13+0200,3f7e4d3d-8fdb-4ead-ba3f-db913921b078,2026-05-21T19:45:00Z,2026-05-21T21:45:00+0200,123.01,EUR/MWh,FR,FR,day_ahead_price,value,2026-05-23T19:12:02Z
2026-05-23T19:11:13Z,2026-05-23T21:11:13+0200,3f7e4d3d-8fdb-4ead-ba3f-db913921b078,2026-05-21T20:00:00Z,2026-05-21T22:00:00+0200,122.69,EUR/MWh,FR,FR,day_ahead_price,value,2026-05-23T19:12:02Z
2026-05-23T19:11:13Z,2026-05-23T21:11:13+0200,3f7e4d3d-8fdb-4ead-ba3f-db913921b078,2026-05-21T20:15:00Z,2026-05-21T22:15:00+0200,120.01,EUR/MWh,FR,FR,day_ahead_price,value,2026-05-23T19:12:02Z
2026-05-23T19:11:13Z,2026-05-23T21:11:13+0200,3f7e4d3d-8fdb-4ead-ba3f-db913921b078,2026-05-21T20:30:00Z,2026-05-21T22:30:00+0200,119.44,EUR/MWh,FR,FR,day_ahead_price,value,2026-05-23T19:12:02Z
2026-05-23T19:11:13Z,2026-05-23T21:11:13+0200,3f7e4d3d-8fdb-4ead-ba3f-db913921b078,2026-05-21T20:45:00Z,2026-05-21T22:45:00+0200,116.04,EUR/MWh,FR,FR,day_ahead_price,value,2026-05-23T19:12:02Z
2026-05-23T19:11:13Z,2026-05-23T21:11:13+0200,3f7e4d3d-8fdb-4ead-ba3f-db913921b078,2026-05-21T21:00:00Z,2026-05-21T23:00:00+0200,110.0,EUR/MWh,FR,FR,day_ahead_price,value,2026-05-23T19:12:02Z
2026-05-23T19:11:13Z,2026-05-23T21:11:13+0200,3f7e4d3d-8fdb-4ead-ba3f-db913921b078,2026-05-21T21:15:00Z,2026-05-21T23:15:00+0200,104.1,EUR/MWh,FR,FR,day_ahead_price,value,2026-05-23T19:12:02Z
2026-05-23T19:11:13Z,2026-05-23T21:11:13+0200,3f7e4d3d-8fdb-4ead-ba3f-db913921b078,2026-05-21T21:30:00Z,2026-05-21T23:30:00+0200,104.1,EUR/MWh,FR,FR,day_ahead_price,value,2026-05-23T19:12:02Z
2026-05-23T19:11:13Z,2026-05-23T21:11:13+0200,3f7e4d3d-8fdb-4ead-ba3f-db913921b078,2026-05-21T21:45:00Z,2026-05-21T23:45:00+0200,96.72,EUR/MWh,FR,FR,day_ahead_price,value,2026-05-23T19:12:02Z
2026-05-23T19:11:13Z,2026-05-23T21:11:13+0200,3f7e4d3d-8fdb-4ead-ba3f-db913921b078,2026-05-21T22:00:00Z,2026-05-22T00:00:00+0200,120.0,EUR/MWh,FR,FR,day_ahead_price,value,2026-05-23T19:12:02Z
2026-05-23T19:11:13Z,2026-05-23T21:11:13+0200,3f7e4d3d-8fdb-4ead-ba3f-db913921b078,2026-05-21T22:15:00Z,2026-05-22T00:15:00+0200,116.04,EUR/MWh,FR,FR,day_ahead_price,value,2026-05-23T19:12:02Z
2026-05-23T19:11:13Z,2026-05-23T21:11:13+0200,3f7e4d3d-8fdb-4ead-ba3f-db913921b078,2026-05-21T22:30:00Z,2026-05-22T00:30:00+0200,109.23,EUR/MWh,FR,FR,day_ahead_price,value,2026-05-23T19:12:02Z
2026-05-23T19:11:13Z,2026-05-23T21:11:13+0200,3f7e4d3d-8fdb-4ead-ba3f-db913921b078,2026-05-21T22:45:00Z,2026-05-22T00:45:00+0200,96.17,EUR/MWh,FR,FR,day_ahead_price,value,2026-05-23T19:12:02Z
2026-05-23T19:11:13Z,2026-05-23T21:11:13+0200,3f7e4d3d-8fdb-4ead-ba3f-db913921b078,2026-05-21T23:00:00Z,2026-05-22T01:00:00+0200,105.87,EUR/MWh,FR,FR,day_ahead_price,value,2026-05-23T19:12:02Z
2026-05-23T19:11:13Z,2026-05-23T21:11:13+0200,3f7e4d3d-8fdb-4ead-ba3f-db913921b078,2026-05-21T23:15:00Z,2026-05-22T01:15:00+0200,99.0,EUR/MWh,FR,FR,day_ahead_price,value,2026-05-23T19:12:02Z
2026-05-23T19:11:13Z,2026-05-23T21:11:13+0200,3f7e4d3d-8fdb-4ead-ba3f-db913921b078,2026-05-21T23:30:00Z,2026-05-22T01:30:00+0200,95.82,EUR/MWh,FR,FR,day_ahead_price,value,2026-05-23T19:12:02Z
2026-05-23T19:11:13Z,2026-05-23T21:11:13+0200,3f7e4d3d-8fdb-4ead-ba3f-db913921b078,2026-05-21T23:45:00Z,2026-05-22T01:45:00+0200,90.69,EUR/MWh,FR,FR,day_ahead_price,value,2026-05-23T19:12:02Z
2026-05-23T19:11:13Z,2026-05-23T21:11:13+0200,3f7e4d3d-8fdb-4ead-ba3f-db913921b078,2026-05-22T00:00:00Z,2026-05-22T02:00:00+0200,90.69,EUR/MWh,FR,FR,day_ahead_price,value,2026-05-23T19:12:02Z
2026-05-23T19:11:13Z,2026-05-23T21:11:13+0200,3f7e4d3d-8fdb-4ead-ba3f-db913921b078,2026-05-22T00:15:00Z,2026-05-22T02:15:00+0200,85.1,EUR/MWh,FR,FR,day_ahead_price,value,2026-05-23T19:12:02Z
2026-05-23T19:11:13Z,2026-05-23T21:11:13+0200,3f7e4d3d-8fdb-4ead-ba3f-db913921b078,2026-05-22T00:30:00Z,2026-05-22T02:30:00+0200,81.56,EUR/MWh,FR,FR,day_ahead_price,value,2026-05-23T19:12:02Z
2026-05-23T19:11:13Z,2026-05-23T21:11:13+0200,3f7e4d3d-8fdb-4ead-ba3f-db913921b078,2026-05-22T00:45:00Z,2026-05-22T02:45:00+0200,80.36,EUR/MWh,FR,FR,day_ahead_price,value,2026-05-23T19:12:02Z
2026-05-23T19:11:13Z,2026-05-23T21:11:13+0200,3f7e4d3d-8fdb-4ead-ba3f-db913921b078,2026-05-22T01:00:00Z,2026-05-22T03:00:00+0200,85.0,EUR/MWh,FR,FR,day_ahead_price,value,2026-05-23T19:12:02Z
2026-05-23T19:11:13Z,2026-05-23T21:11:13+0200,3f7e4d3d-8fdb-4ead-ba3f-db913921b078,2026-05-22T01:15:00Z,2026-05-22T03:15:00+0200,81.56,EUR/MWh,FR,FR,day_ahead_price,value,2026-05-23T19:12:02Z
2026-05-23T19:11:13Z,2026-05-23T21:11:13+0200,3f7e4d3d-8fdb-4ead-ba3f-db913921b078,2026-05-22T01:30:00Z,2026-05-22T03:30:00+0200,81.56,EUR/MWh,FR,FR,day_ahead_price,value,2026-05-23T19:12:02Z
2026-05-23T19:11:13Z,2026-05-23T21:11:13+0200,3f7e4d3d-8fdb-4ead-ba3f-db913921b078,2026-05-22T01:45:00Z,2026-05-22T03:45:00+0200,80.36,EUR/MWh,FR,FR,day_ahead_price,value,2026-05-23T19:12:02Z
2026-05-23T19:11:13Z,2026-05-23T21:11:13+0200,3f7e4d3d-8fdb-4ead-ba3f-db913921b078,2026-05-22T02:00:00Z,2026-05-22T04:00:00+0200,81.56,EUR/MWh,FR,FR,day_ahead_price,value,2026-05-23T19:12:02Z
2026-05-23T19:11:13Z,2026-05-23T21:11:13+0200,3f7e4d3d-8fdb-4ead-ba3f-db913921b078,2026-05-22T02:15:00Z,2026-05-22T04:15:00+0200,80.84,EUR/MWh,FR,FR,day_ahead_price,value,2026-05-23T19:12:02Z
2026-05-23T19:11:13Z,2026-05-23T21:11:13+0200,3f7e4d3d-8fdb-4ead-ba3f-db913921b078,2026-05-22T02:30:00Z,2026-05-22T04:30:00+0200,81.56,EUR/MWh,FR,FR,day_ahead_price,value,2026-05-23T19:12:02Z
2026-05-23T19:11:13Z,2026-05-23T21:11:13+0200,3f7e4d3d-8fdb-4ead-ba3f-db913921b078,2026-05-22T02:45:00Z,2026-05-22T04:45:00+0200,83.14,EUR/MWh,FR,FR,day_ahead_price,value,2026-05-23T19:12:02Z
2026-05-23T19:11:13Z,2026-05-23T21:11:13+0200,3f7e4d3d-8fdb-4ead-ba3f-db913921b078,2026-05-22T03:00:00Z,2026-05-22T05:00:00+0200,83.14,EUR/MWh,FR,FR,day_ahead_price,value,2026-05-23T19:12:02Z
2026-05-23T19:11:13Z,2026-05-23T21:11:13+0200,3f7e4d3d-8fdb-4ead-ba3f-db913921b078,2026-05-22T03:15:00Z,2026-05-22T05:15:00+0200,85.3,EUR/MWh,FR,FR,day_ahead_price,value,2026-05-23T19:12:02Z
2026-05-23T19:11:13Z,2026-05-23T21:11:13+0200,3f7e4d3d-8fdb-4ead-ba3f-db913921b078,2026-05-22T03:30:00Z,2026-05-22T05:30:00+0200,88.87,EUR/MWh,FR,FR,day_ahead_price,value,2026-05-23T19:12:02Z
2026-05-23T19:11:13Z,2026-05-23T21:11:13+0200,3f7e4d3d-8fdb-4ead-ba3f-db913921b078,2026-05-22T03:45:00Z,2026-05-22T05:45:00+0200,95.57,EUR/MWh,FR,FR,day_ahead_price,value,2026-05-23T19:12:02Z
2026-05-23T19:11:13Z,2026-05-23T21:11:13+0200,3f7e4d3d-8fdb-4ead-ba3f-db913921b078,2026-05-22T04:00:00Z,2026-05-22T06:00:00+0200,95.72,EUR/MWh,FR,FR,day_ahead_price,value,2026-05-23T19:12:02Z
2026-05-23T19:11:13Z,2026-05-23T21:11:13+0200,3f7e4d3d-8fdb-4ead-ba3f-db913921b078,2026-05-22T04:15:00Z,2026-05-22T06:15:00+0200,97.62,EUR/MWh,FR,FR,day_ahead_price,value,2026-05-23T19:12:02Z
2026-05-23T19:11:13Z,2026-05-23T21:11:13+0200,3f7e4d3d-8fdb-4ead-ba3f-db913921b078,2026-05-22T04:30:00Z,2026-05-22T06:30:00+0200,105.02,EUR/MWh,FR,FR,day_ahead_price,value,2026-05-23T19:12:02Z
2026-05-23T19:11:13Z,2026-05-23T21:11:13+0200,3f7e4d3d-8fdb-4ead-ba3f-db913921b078,2026-05-22T04:45:00Z,2026-05-22T06:45:00+0200,109.88,EUR/MWh,FR,FR,day_ahead_price,value,2026-05-23T19:12:02Z
2026-05-23T19:11:13Z,2026-05-23T21:11:13+0200,3f7e4d3d-8fdb-4ead-ba3f-db913921b078,2026-05-22T05:00:00Z,2026-05-22T07:00:00+0200,115.89,EUR/MWh,FR,FR,day_ahead_price,value,2026-05-23T19:12:02Z
2026-05-23T19:11:13Z,2026-05-23T21:11:13+0200,3f7e4d3d-8fdb-4ead-ba3f-db913921b078,2026-05-22T05:15:00Z,2026-05-22T07:15:00+0200,110.57,EUR/MWh,FR,FR,day_ahead_price,value,2026-05-23T19:12:02Z
2026-05-23T19:11:13Z,2026-05-23T21:11:13+0200,3f7e4d3d-8fdb-4ead-ba3f-db913921b078,2026-05-22T05:30:00Z,2026-05-22T07:30:00+0200,102.0,EUR/MWh,FR,FR,day_ahead_price,value,2026-05-23T19:12:02Z
2026-05-23T19:11:13Z,2026-05-23T21:11:13+0200,3f7e4d3d-8fdb-4ead-ba3f-db913921b078,2026-05-22T05:45:00Z,2026-05-22T07:45:00+0200,89.02,EUR/MWh,FR,FR,day_ahead_price,value,2026-05-23T19:12:02Z
2026-05-23T19:11:13Z,2026-05-23T21:11:13+0200,3f7e4d3d-8fdb-4ead-ba3f-db913921b078,2026-05-22T06:00:00Z,2026-05-22T08:00:00+0200,106.47,EUR/MWh,FR,FR,day_ahead_price,value,2026-05-23T19:12:02Z
2026-05-23T19:11:13Z,2026-05-23T21:11:13+0200,3f7e4d3d-8fdb-4ead-ba3f-db913921b078,2026-05-22T06:15:00Z,2026-05-22T08:15:00+0200,85.44,EUR/MWh,FR,FR,day_ahead_price,value,2026-05-23T19:12:02Z
2026-05-23T19:11:13Z,2026-05-23T21:11:13+0200,3f7e4d3d-8fdb-4ead-ba3f-db913921b078,2026-05-22T06:30:00Z,2026-05-22T08:30:00+0200,71.44,EUR/MWh,FR,FR,day_ahead_price,value,2026-05-23T19:12:02Z
2026-05-23T19:11:13Z,2026-05-23T21:11:13+0200,3f7e4d3d-8fdb-4ead-ba3f-db913921b078,2026-05-22T06:45:00Z,2026-05-22T08:45:00+0200,38.12,EUR/MWh,FR,FR,day_ahead_price,value,2026-05-23T19:12:02Z
2026-05-23T19:11:13Z,2026-05-23T21:11:13+0200,3f7e4d3d-8fdb-4ead-ba3f-db913921b078,2026-05-22T07:00:00Z,2026-05-22T09:00:00+0200,45.27,EUR/MWh,FR,FR,day_ahead_price,value,2026-05-23T19:12:02Z
2026-05-23T19:11:13Z,2026-05-23T21:11:13+0200,3f7e4d3d-8fdb-4ead-ba3f-db913921b078,2026-05-22T07:15:00Z,2026-05-22T09:15:00+0200,30.33,EUR/MWh,FR,FR,day_ahead_price,value,2026-05-23T19:12:02Z
2026-05-23T19:11:13Z,2026-05-23T21:11:13+0200,3f7e4d3d-8fdb-4ead-ba3f-db913921b078,2026-05-22T07:30:00Z,2026-05-22T09:30:00+0200,15.26,EUR/MWh,FR,FR,day_ahead_price,value,2026-05-23T19:12:02Z
2026-05-23T19:11:13Z,2026-05-23T21:11:13+0200,3f7e4d3d-8fdb-4ead-ba3f-db913921b078,2026-05-22T07:45:00Z,2026-05-22T09:45:00+0200,1.82,EUR/MWh,FR,FR,day_ahead_price,value,2026-05-23T19:12:02Z
2026-05-23T19:11:13Z,2026-05-23T21:11:13+0200,3f7e4d3d-8fdb-4ead-ba3f-db913921b078,2026-05-22T08:00:00Z,2026-05-22T10:00:00+0200,2.2,EUR/MWh,FR,FR,day_ahead_price,value,2026-05-23T19:12:02Z
2026-05-23T19:11:13Z,2026-05-23T21:11:13+0200,3f7e4d3d-8fdb-4ead-ba3f-db913921b078,2026-05-22T08:15:00Z,2026-05-22T10:15:00+0200,0.84,EUR/MWh,FR,FR,day_ahead_price,value,2026-05-23T19:12:02Z
2026-05-23T19:11:13Z,2026-05-23T21:11:13+0200,3f7e4d3d-8fdb-4ead-ba3f-db913921b078,2026-05-22T08:30:00Z,2026-05-22T10:30:00+0200,0.01,EUR/MWh,FR,FR,day_ahead_price,value,2026-05-23T19:12:02Z
2026-05-23T19:11:13Z,2026-05-23T21:11:13+0200,3f7e4d3d-8fdb-4ead-ba3f-db913921b078,2026-05-22T08:45:00Z,2026-05-22T10:45:00+0200,0.0,EUR/MWh,FR,FR,day_ahead_price,value,2026-05-23T19:12:02Z
2026-05-23T19:11:13Z,2026-05-23T21:11:13+0200,3f7e4d3d-8fdb-4ead-ba3f-db913921b078,2026-05-22T09:00:00Z,2026-05-22T11:00:00+0200,0.0,EUR/MWh,FR,FR,day_ahead_price,value,2026-05-23T19:12:02Z
2026-05-23T19:11:13Z,2026-05-23T21:11:13+0200,3f7e4d3d-8fdb-4ead-ba3f-db913921b078,2026-05-22T09:15:00Z,2026-05-22T11:15:00+0200,0.0,EUR/MWh,FR,FR,day_ahead_price,value,2026-05-23T19:12:02Z
2026-05-23T19:11:13Z,2026-05-23T21:11:13+0200,3f7e4d3d-8fdb-4ead-ba3f-db913921b078,2026-05-22T09:30:00Z,2026-05-22T11:30:00+0200,0.0,EUR/MWh,FR,FR,day_ahead_price,value,2026-05-23T19:12:02Z
2026-05-23T19:11:13Z,2026-05-23T21:11:13+0200,3f7e4d3d-8fdb-4ead-ba3f-db913921b078,2026-05-22T09:45:00Z,2026-05-22T11:45:00+0200,0.0,EUR/MWh,FR,FR,day_ahead_price,value,2026-05-23T19:12:02Z
2026-05-23T19:11:13Z,2026-05-23T21:11:13+0200,3f7e4d3d-8fdb-4ead-ba3f-db913921b078,2026-05-22T10:00:00Z,2026-05-22T12:00:00+0200,0.0,EUR/MWh,FR,FR,day_ahead_price,value,2026-05-23T19:12:02Z
2026-05-23T19:11:13Z,2026-05-23T21:11:13+0200,3f7e4d3d-8fdb-4ead-ba3f-db913921b078,2026-05-22T10:15:00Z,2026-05-22T12:15:00+0200,0.0,EUR/MWh,FR,FR,day_ahead_price,value,2026-05-23T19:12:02Z
2026-05-23T19:11:13Z,2026-05-23T21:11:13+0200,3f7e4d3d-8fdb-4ead-ba3f-db913921b078,2026-05-22T10:30:00Z,2026-05-22T12:30:00+0200,0.0,EUR/MWh,FR,FR,day_ahead_price,value,2026-05-23T19:12:02Z
2026-05-23T19:11:13Z,2026-05-23T21:11:13+0200,3f7e4d3d-8fdb-4ead-ba3f-db913921b078,2026-05-22T10:45:00Z,2026-05-22T12:45:00+0200,-0.01,EUR/MWh,FR,FR,day_ahead_price,value,2026-05-23T19:12:02Z
2026-05-23T19:11:13Z,2026-05-23T21:11:13+0200,3f7e4d3d-8fdb-4ead-ba3f-db913921b078,2026-05-22T11:00:00Z,2026-05-22T13:00:00+0200,-0.01,EUR/MWh,FR,FR,day_ahead_price,value,2026-05-23T19:12:02Z
2026-05-23T19:11:13Z,2026-05-23T21:11:13+0200,3f7e4d3d-8fdb-4ead-ba3f-db913921b078,2026-05-22T11:15:00Z,2026-05-22T13:15:00+0200,-0.01,EUR/MWh,FR,FR,day_ahead_price,value,2026-05-23T19:12:02Z
2026-05-23T19:11:13Z,2026-05-23T21:11:13+0200,3f7e4d3d-8fdb-4ead-ba3f-db913921b078,2026-05-22T11:30:00Z,2026-05-22T13:30:00+0200,-0.01,EUR/MWh,FR,FR,day_ahead_price,value,2026-05-23T19:12:02Z
2026-05-23T19:11:13Z,2026-05-23T21:11:13+0200,3f7e4d3d-8fdb-4ead-ba3f-db913921b078,2026-05-22T11:45:00Z,2026-05-22T13:45:00+0200,-0.01,EUR/MWh,FR,FR,day_ahead_price,value,2026-05-23T19:12:02Z
2026-05-23T19:11:13Z,2026-05-23T21:11:13+0200,3f7e4d3d-8fdb-4ead-ba3f-db913921b078,2026-05-22T12:00:00Z,2026-05-22T14:00:00+0200,-0.01,EUR/MWh,FR,FR,day_ahead_price,value,2026-05-23T19:12:02Z
2026-05-23T19:11:13Z,2026-05-23T21:11:13+0200,3f7e4d3d-8fdb-4ead-ba3f-db913921b078,2026-05-22T12:15:00Z,2026-05-22T14:15:00+0200,-0.01,EUR/MWh,FR,FR,day_ahead_price,value,2026-05-23T19:12:02Z
2026-05-23T19:11:13Z,2026-05-23T21:11:13+0200,3f7e4d3d-8fdb-4ead-ba3f-db913921b078,2026-05-22T12:30:00Z,2026-05-22T14:30:00+0200,-0.01,EUR/MWh,FR,FR,day_ahead_price,value,2026-05-23T19:12:02Z
2026-05-23T19:11:13Z,2026-05-23T21:11:13+0200,3f7e4d3d-8fdb-4ead-ba3f-db913921b078,2026-05-22T12:45:00Z,2026-05-22T14:45:00+0200,-0.01,EUR/MWh,FR,FR,day_ahead_price,value,2026-05-23T19:12:02Z
2026-05-23T19:11:13Z,2026-05-23T21:11:13+0200,3f7e4d3d-8fdb-4ead-ba3f-db913921b078,2026-05-22T13:00:00Z,2026-05-22T15:00:00+0200,-0.01,EUR/MWh,FR,FR,day_ahead_price,value,2026-05-23T19:12:02Z
2026-05-23T19:11:13Z,2026-05-23T21:11:13+0200,3f7e4d3d-8fdb-4ead-ba3f-db913921b078,2026-05-22T13:15:00Z,2026-05-22T15:15:00+0200,-0.01,EUR/MWh,FR,FR,day_ahead_price,value,2026-05-23T19:12:02Z
2026-05-23T19:11:13Z,2026-05-23T21:11:13+0200,3f7e4d3d-8fdb-4ead-ba3f-db913921b078,2026-05-22T13:30:00Z,2026-05-22T15:30:00+0200,-0.01,EUR/MWh,FR,FR,day_ahead_price,value,2026-05-23T19:12:02Z
2026-05-23T19:11:13Z,2026-05-23T21:11:13+0200,3f7e4d3d-8fdb-4ead-ba3f-db913921b078,2026-05-22T13:45:00Z,2026-05-22T15:45:00+0200,-0.01,EUR/MWh,FR,FR,day_ahead_price,value,2026-05-23T19:12:02Z
2026-05-23T19:11:13Z,2026-05-23T21:11:13+0200,3f7e4d3d-8fdb-4ead-ba3f-db913921b078,2026-05-22T14:00:00Z,2026-05-22T16:00:00+0200,-0.01,EUR/MWh,FR,FR,day_ahead_price,value,2026-05-23T19:12:02Z
2026-05-23T19:11:13Z,2026-05-23T21:11:13+0200,3f7e4d3d-8fdb-4ead-ba3f-db913921b078,2026-05-22T14:15:00Z,2026-05-22T16:15:00+0200,-0.01,EUR/MWh,FR,FR,day_ahead_price,value,2026-05-23T19:12:02Z
2026-05-23T19:11:13Z,2026-05-23T21:11:13+0200,3f7e4d3d-8fdb-4ead-ba3f-db913921b078,2026-05-22T14:30:00Z,2026-05-22T16:30:00+0200,-0.01,EUR/MWh,FR,FR,day_ahead_price,value,2026-05-23T19:12:02Z
2026-05-23T19:11:13Z,2026-05-23T21:11:13+0200,3f7e4d3d-8fdb-4ead-ba3f-db913921b078,2026-05-22T14:45:00Z,2026-05-22T16:45:00+0200,0.0,EUR/MWh,FR,FR,day_ahead_price,value,2026-05-23T19:12:02Z
2026-05-23T19:11:13Z,2026-05-23T21:11:13+0200,3f7e4d3d-8fdb-4ead-ba3f-db913921b078,2026-05-22T15:00:00Z,2026-05-22T17:00:00+0200,0.0,EUR/MWh,FR,FR,day_ahead_price,value,2026-05-23T19:12:02Z
2026-05-23T19:11:13Z,2026-05-23T21:11:13+0200,3f7e4d3d-8fdb-4ead-ba3f-db913921b078,2026-05-22T15:15:00Z,2026-05-22T17:15:00+0200,0.0,EUR/MWh,FR,FR,day_ahead_price,value,2026-05-23T19:12:02Z
2026-05-23T19:11:13Z,2026-05-23T21:11:13+0200,3f7e4d3d-8fdb-4ead-ba3f-db913921b078,2026-05-22T15:30:00Z,2026-05-22T17:30:00+0200,0.0,EUR/MWh,FR,FR,day_ahead_price,value,2026-05-23T19:12:02Z
2026-05-23T19:11:13Z,2026-05-23T21:11:13+0200,3f7e4d3d-8fdb-4ead-ba3f-db913921b078,2026-05-22T15:45:00Z,2026-05-22T17:45:00+0200,0.51,EUR/MWh,FR,FR,day_ahead_price,value,2026-05-23T19:12:02Z
2026-05-23T19:11:13Z,2026-05-23T21:11:13+0200,3f7e4d3d-8fdb-4ead-ba3f-db913921b078,2026-05-22T16:00:00Z,2026-05-22T18:00:00+0200,8.99,EUR/MWh,FR,FR,day_ahead_price,value,2026-05-23T19:12:02Z
2026-05-23T19:11:13Z,2026-05-23T21:11:13+0200,3f7e4d3d-8fdb-4ead-ba3f-db913921b078,2026-05-22T16:15:00Z,2026-05-22T18:15:00+0200,32.9,EUR/MWh,FR,FR,day_ahead_price,value,2026-05-23T19:12:02Z
2026-05-23T19:11:13Z,2026-05-23T21:11:13+0200,3f7e4d3d-8fdb-4ead-ba3f-db913921b078,2026-05-22T16:30:00Z,2026-05-22T18:30:00+0200,49.3,EUR/MWh,FR,FR,day_ahead_price,value,2026-05-23T19:12:02Z
2026-05-23T19:11:13Z,2026-05-23T21:11:13+0200,3f7e4d3d-8fdb-4ead-ba3f-db913921b078,2026-05-22T16:45:00Z,2026-05-22T18:45:00+0200,101.21,EUR/MWh,FR,FR,day_ahead_price,value,2026-05-23T19:12:02Z
2026-05-23T19:11:13Z,2026-05-23T21:11:13+0200,3f7e4d3d-8fdb-4ead-ba3f-db913921b078,2026-05-22T17:00:00Z,2026-05-22T19:00:00+0200,42.96,EUR/MWh,FR,FR,day_ahead_price,value,2026-05-23T19:12:02Z
2026-05-23T19:11:13Z,2026-05-23T21:11:13+0200,3f7e4d3d-8fdb-4ead-ba3f-db913921b078,2026-05-22T17:15:00Z,2026-05-22T19:15:00+0200,84.49,EUR/MWh,FR,FR,day_ahead_price,value,2026-05-23T19:12:02Z
2026-05-23T19:11:13Z,2026-05-23T21:11:13+0200,3f7e4d3d-8fdb-4ead-ba3f-db913921b078,2026-05-22T17:30:00Z,2026-05-22T19:30:00+0200,90.31,EUR/MWh,FR,FR,day_ahead_price,value,2026-05-23T19:12:02Z
2026-05-23T19:11:13Z,2026-05-23T21:11:13+0200,3f7e4d3d-8fdb-4ead-ba3f-db913921b078,2026-05-22T17:45:00Z,2026-05-22T19:45:00+0200,114.0,EUR/MWh,FR,FR,day_ahead_price,value,2026-05-23T19:12:02Z
2026-05-23T19:11:13Z,2026-05-23T21:11:13+0200,3f7e4d3d-8fdb-4ead-ba3f-db913921b078,2026-05-22T18:00:00Z,2026-05-22T20:00:00+0200,97.88,EUR/MWh,FR,FR,day_ahead_price,value,2026-05-23T19:12:02Z
2026-05-23T19:11:13Z,2026-05-23T21:11:13+0200,3f7e4d3d-8fdb-4ead-ba3f-db913921b078,2026-05-22T18:15:00Z,2026-05-22T20:15:00+0200,108.2,EUR/MWh,FR,FR,day_ahead_price,value,2026-05-23T19:12:02Z
2026-05-23T19:11:13Z,2026-05-23T21:11:13+0200,3f7e4d3d-8fdb-4ead-ba3f-db913921b078,2026-05-22T18:30:00Z,2026-05-22T20:30:00+0200,99.0,EUR/MWh,FR,FR,day_ahead_price,value,2026-05-23T19:12:02Z
2026-05-23T19:11:13Z,2026-05-23T21:11:13+0200,3f7e4d3d-8fdb-4ead-ba3f-db913921b078,2026-05-22T18:45:00Z,2026-05-22T20:45:00+0200,114.92,EUR/MWh,FR,FR,day_ahead_price,value,2026-05-23T19:12:02Z
2026-05-23T19:11:13Z,2026-05-23T21:11:13+0200,3f7e4d3d-8fdb-4ead-ba3f-db913921b078,2026-05-22T19:00:00Z,2026-05-22T21:00:00+0200,114.92,EUR/MWh,FR,FR,day_ahead_price,value,2026-05-23T19:12:02Z
2026-05-23T19:11:13Z,2026-05-23T21:11:13+0200,3f7e4d3d-8fdb-4ead-ba3f-db913921b078,2026-05-22T19:15:00Z,2026-05-22T21:15:00+0200,116.42,EUR/MWh,FR,FR,day_ahead_price,value,2026-05-23T19:12:02Z
2026-05-23T19:11:13Z,2026-05-23T21:11:13+0200,3f7e4d3d-8fdb-4ead-ba3f-db913921b078,2026-05-22T19:30:00Z,2026-05-22T21:30:00+0200,117.92,EUR/MWh,FR,FR,day_ahead_price,value,2026-05-23T19:12:02Z
2026-05-23T19:11:13Z,2026-05-23T21:11:13+0200,3f7e4d3d-8fdb-4ead-ba3f-db913921b078,2026-05-22T19:45:00Z,2026-05-22T21:45:00+0200,116.42,EUR/MWh,FR,FR,day_ahead_price,value,2026-05-23T19:12:02Z
2026-05-23T19:11:13Z,2026-05-23T21:11:13+0200,3f7e4d3d-8fdb-4ead-ba3f-db913921b078,2026-05-22T20:00:00Z,2026-05-22T22:00:00+0200,125.01,EUR/MWh,FR,FR,day_ahead_price,value,2026-05-23T19:12:02Z
2026-05-23T19:11:13Z,2026-05-23T21:11:13+0200,3f7e4d3d-8fdb-4ead-ba3f-db913921b078,2026-05-22T20:15:00Z,2026-05-22T22:15:00+0200,118.58,EUR/MWh,FR,FR,day_ahead_price,value,2026-05-23T19:12:02Z
2026-05-23T19:11:13Z,2026-05-23T21:11:13+0200,3f7e4d3d-8fdb-4ead-ba3f-db913921b078,2026-05-22T20:30:00Z,2026-05-22T22:30:00+0200,120.01,EUR/MWh,FR,FR,day_ahead_price,value,2026-05-23T19:12:02Z
2026-05-23T19:11:13Z,2026-05-23T21:11:13+0200,3f7e4d3d-8fdb-4ead-ba3f-db913921b078,2026-05-22T20:45:00Z,2026-05-22T22:45:00+0200,116.42,EUR/MWh,FR,FR,day_ahead_price,value,2026-05-23T19:12:02Z
2026-05-23T19:11:13Z,2026-05-23T21:11:13+0200,3f7e4d3d-8fdb-4ead-ba3f-db913921b078,2026-05-22T21:00:00Z,2026-05-22T23:00:00+0200,116.04,EUR/MWh,FR,FR,day_ahead_price,value,2026-05-23T19:12:02Z
2026-05-23T19:11:13Z,2026-05-23T21:11:13+0200,3f7e4d3d-8fdb-4ead-ba3f-db913921b078,2026-05-22T21:15:00Z,2026-05-22T23:15:00+0200,114.92,EUR/MWh,FR,FR,day_ahead_price,value,2026-05-23T19:12:02Z
2026-05-23T19:11:13Z,2026-05-23T21:11:13+0200,3f7e4d3d-8fdb-4ead-ba3f-db913921b078,2026-05-22T21:30:00Z,2026-05-22T23:30:00+0200,115.61,EUR/MWh,FR,FR,day_ahead_price,value,2026-05-23T19:12:02Z
2026-05-23T19:11:13Z,2026-05-23T21:11:13+0200,3f7e4d3d-8fdb-4ead-ba3f-db913921b078,2026-05-22T21:45:00Z,2026-05-22T23:45:00+0200,98.77,EUR/MWh,FR,FR,day_ahead_price,value,2026-05-23T19:12:02Z
2026-05-23T19:11:13Z,2026-05-23T21:11:13+0200,3f7e4d3d-8fdb-4ead-ba3f-db913921b078,2026-05-22T22:00:00Z,2026-05-23T00:00:00+0200,115.0,EUR/MWh,FR,FR,day_ahead_price,value,2026-05-23T19:12:02Z
2026-05-23T19:11:13Z,2026-05-23T21:11:13+0200,3f7e4d3d-8fdb-4ead-ba3f-db913921b078,2026-05-22T22:15:00Z,2026-05-23T00:15:00+0200,110.0,EUR/MWh,FR,FR,day_ahead_price,value,2026-05-23T19:12:02Z
2026-05-23T19:11:13Z,2026-05-23T21:11:13+0200,3f7e4d3d-8fdb-4ead-ba3f-db913921b078,2026-05-22T22:30:00Z,2026-05-23T00:30:00+0200,97.55,EUR/MWh,FR,FR,day_ahead_price,value,2026-05-23T19:12:02Z
2026-05-23T19:11:13Z,2026-05-23T21:11:13+0200,3f7e4d3d-8fdb-4ead-ba3f-db913921b078,2026-05-22T22:45:00Z,2026-05-23T00:45:00+0200,91.37,EUR/MWh,FR,FR,day_ahead_price,value,2026-05-23T19:12:02Z
2026-05-23T19:11:13Z,2026-05-23T21:11:13+0200,3f7e4d3d-8fdb-4ead-ba3f-db913921b078,2026-05-22T23:00:00Z,2026-05-23T01:00:00+0200,89.62,EUR/MWh,FR,FR,day_ahead_price,value,2026-05-23T19:12:02Z
2026-05-23T19:11:13Z,2026-05-23T21:11:13+0200,3f7e4d3d-8fdb-4ead-ba3f-db913921b078,2026-05-22T23:15:00Z,2026-05-23T01:15:00+0200,85.0,EUR/MWh,FR,FR,day_ahead_price,value,2026-05-23T19:12:02Z
2026-05-23T19:11:13Z,2026-05-23T21:11:13+0200,3f7e4d3d-8fdb-4ead-ba3f-db913921b078,2026-05-22T23:30:00Z,2026-05-23T01:30:00+0200,80.0,EUR/MWh,FR,FR,day_ahead_price,value,2026-05-23T19:12:02Z
2026-05-23T19:11:13Z,2026-05-23T21:11:13+0200,3f7e4d3d-8fdb-4ead-ba3f-db913921b078,2026-05-22T23:45:00Z,2026-05-23T01:45:00+0200,67.14,EUR/MWh,FR,FR,day_ahead_price,value,2026-05-23T19:12:02Z
2026-05-23T19:11:13Z,2026-05-23T21:11:13+0200,3f7e4d3d-8fdb-4ead-ba3f-db913921b078,2026-05-23T00:00:00Z,2026-05-23T02:00:00+0200,65.56,EUR/MWh,FR,FR,day_ahead_price,value,2026-05-23T19:12:02Z
2026-05-23T19:11:13Z,2026-05-23T21:11:13+0200,3f7e4d3d-8fdb-4ead-ba3f-db913921b078,2026-05-23T00:15:00Z,2026-05-23T02:15:00+0200,62.4,EUR/MWh,FR,FR,day_ahead_price,value,2026-05-23T19:12:02Z
2026-05-23T19:11:13Z,2026-05-23T21:11:13+0200,3f7e4d3d-8fdb-4ead-ba3f-db913921b078,2026-05-23T00:30:00Z,2026-05-23T02:30:00+0200,61.88,EUR/MWh,FR,FR,day_ahead_price,value,2026-05-23T19:12:02Z
2026-05-23T19:11:13Z,2026-05-23T21:11:13+0200,3f7e4d3d-8fdb-4ead-ba3f-db913921b078,2026-05-23T00:45:00Z,2026-05-23T02:45:00+0200,54.39,EUR/MWh,FR,FR,day_ahead_price,value,2026-05-23T19:12:02Z
2026-05-23T19:11:13Z,2026-05-23T21:11:13+0200,3f7e4d3d-8fdb-4ead-ba3f-db913921b078,2026-05-23T01:00:00Z,2026-05-23T03:00:00+0200,49.81,EUR/MWh,FR,FR,day_ahead_price,value,2026-05-23T19:12:02Z
2026-05-23T19:11:13Z,2026-05-23T21:11:13+0200,3f7e4d3d-8fdb-4ead-ba3f-db913921b078,2026-05-23T01:15:00Z,2026-05-23T03:15:00+0200,45.98,EUR/MWh,FR,FR,day_ahead_price,value,2026-05-23T19:12:02Z
2026-05-23T19:11:13Z,2026-05-23T21:11:13+0200,3f7e4d3d-8fdb-4ead-ba3f-db913921b078,2026-05-23T01:30:00Z,2026-05-23T03:30:00+0200,45.98,EUR/MWh,FR,FR,day_ahead_price,value,2026-05-23T19:12:02Z
2026-05-23T19:11:13Z,2026-05-23T21:11:13+0200,3f7e4d3d-8fdb-4ead-ba3f-db913921b078,2026-05-23T01:45:00Z,2026-05-23T03:45:00+0200,45.73,EUR/MWh,FR,FR,day_ahead_price,value,2026-05-23T19:12:02Z
2026-05-23T19:11:13Z,2026-05-23T21:11:13+0200,3f7e4d3d-8fdb-4ead-ba3f-db913921b078,2026-05-23T02:00:00Z,2026-05-23T04:00:00+0200,50.0,EUR/MWh,FR,FR,day_ahead_price,value,2026-05-23T19:12:02Z
2026-05-23T19:11:13Z,2026-05-23T21:11:13+0200,3f7e4d3d-8fdb-4ead-ba3f-db913921b078,2026-05-23T02:15:00Z,2026-05-23T04:15:00+0200,50.0,EUR/MWh,FR,FR,day_ahead_price,value,2026-05-23T19:12:02Z
2026-05-23T19:11:13Z,2026-05-23T21:11:13+0200,3f7e4d3d-8fdb-4ead-ba3f-db913921b078,2026-05-23T02:30:00Z,2026-05-23T04:30:00+0200,50.0,EUR/MWh,FR,FR,day_ahead_price,value,2026-05-23T19:12:02Z
2026-05-23T19:11:13Z,2026-05-23T21:11:13+0200,3f7e4d3d-8fdb-4ead-ba3f-db913921b078,2026-05-23T02:45:00Z,2026-05-23T04:45:00+0200,50.0,EUR/MWh,FR,FR,day_ahead_price,value,2026-05-23T19:12:02Z
2026-05-23T19:11:13Z,2026-05-23T21:11:13+0200,3f7e4d3d-8fdb-4ead-ba3f-db913921b078,2026-05-23T03:00:00Z,2026-05-23T05:00:00+0200,45.98,EUR/MWh,FR,FR,day_ahead_price,value,2026-05-23T19:12:02Z
2026-05-23T19:11:13Z,2026-05-23T21:11:13+0200,3f7e4d3d-8fdb-4ead-ba3f-db913921b078,2026-05-23T03:15:00Z,2026-05-23T05:15:00+0200,46.19,EUR/MWh,FR,FR,day_ahead_price,value,2026-05-23T19:12:02Z
2026-05-23T19:11:13Z,2026-05-23T21:11:13+0200,3f7e4d3d-8fdb-4ead-ba3f-db913921b078,2026-05-23T03:30:00Z,2026-05-23T05:30:00+0200,44.78,EUR/MWh,FR,FR,day_ahead_price,value,2026-05-23T19:12:02Z
2026-05-23T19:11:13Z,2026-05-23T21:11:13+0200,3f7e4d3d-8fdb-4ead-ba3f-db913921b078,2026-05-23T03:45:00Z,2026-05-23T05:45:00+0200,45.73,EUR/MWh,FR,FR,day_ahead_price,value,2026-05-23T19:12:02Z
2026-05-23T19:11:13Z,2026-05-23T21:11:13+0200,3f7e4d3d-8fdb-4ead-ba3f-db913921b078,2026-05-23T04:00:00Z,2026-05-23T06:00:00+0200,46.19,EUR/MWh,FR,FR,day_ahead_price,value,2026-05-23T19:12:02Z
2026-05-23T19:11:13Z,2026-05-23T21:11:13+0200,3f7e4d3d-8fdb-4ead-ba3f-db913921b078,2026-05-23T04:15:00Z,2026-05-23T06:15:00+0200,43.0,EUR/MWh,FR,FR,day_ahead_price,value,2026-05-23T19:12:02Z
2026-05-23T19:11:13Z,2026-05-23T21:11:13+0200,3f7e4d3d-8fdb-4ead-ba3f-db913921b078,2026-05-23T04:30:00Z,2026-05-23T06:30:00+0200,46.4,EUR/MWh,FR,FR,day_ahead_price,value,2026-05-23T19:12:02Z
2026-05-23T19:11:13Z,2026-05-23T21:11:13+0200,3f7e4d3d-8fdb-4ead-ba3f-db913921b078,2026-05-23T04:45:00Z,2026-05-23T06:45:00+0200,46.4,EUR/MWh,FR,FR,day_ahead_price,value,2026-05-23T19:12:02Z
2026-05-23T19:11:13Z,2026-05-23T21:11:13+0200,3f7e4d3d-8fdb-4ead-ba3f-db913921b078,2026-05-23T05:00:00Z,2026-05-23T07:00:00+0200,61.88,EUR/MWh,FR,FR,day_ahead_price,value,2026-05-23T19:12:02Z
2026-05-23T19:11:13Z,2026-05-23T21:11:13+0200,3f7e4d3d-8fdb-4ead-ba3f-db913921b078,2026-05-23T05:15:00Z,2026-05-23T07:15:00+0200,49.26,EUR/MWh,FR,FR,day_ahead_price,value,2026-05-23T19:12:02Z
2026-05-23T19:11:13Z,2026-05-23T21:11:13+0200,3f7e4d3d-8fdb-4ead-ba3f-db913921b078,2026-05-23T05:30:00Z,2026-05-23T07:30:00+0200,45.73,EUR/MWh,FR,FR,day_ahead_price,value,2026-05-23T19:12:02Z
2026-05-23T19:11:13Z,2026-05-23T21:11:13+0200,3f7e4d3d-8fdb-4ead-ba3f-db913921b078,2026-05-23T05:45:00Z,2026-05-23T07:45:00+0200,40.0,EUR/MWh,FR,FR,day_ahead_price,value,2026-05-23T19:12:02Z
2026-05-23T19:11:13Z,2026-05-23T21:11:13+0200,3f7e4d3d-8fdb-4ead-ba3f-db913921b078,2026-05-23T06:00:00Z,2026-05-23T08:00:00+0200,44.9,EUR/MWh,FR,FR,day_ahead_price,value,2026-05-23T19:12:02Z
2026-05-23T19:11:13Z,2026-05-23T21:11:13+0200,3f7e4d3d-8fdb-4ead-ba3f-db913921b078,2026-05-23T06:15:00Z,2026-05-23T08:15:00+0200,34.0,EUR/MWh,FR,FR,day_ahead_price,value,2026-05-23T19:12:02Z
2026-05-23T19:11:13Z,2026-05-23T21:11:13+0200,3f7e4d3d-8fdb-4ead-ba3f-db913921b078,2026-05-23T06:30:00Z,2026-05-23T08:30:00+0200,5.27,EUR/MWh,FR,FR,day_ahead_price,value,2026-05-23T19:12:02Z
2026-05-23T19:11:13Z,2026-05-23T21:11:13+0200,3f7e4d3d-8fdb-4ead-ba3f-db913921b078,2026-05-23T06:45:00Z,2026-05-23T08:45:00+0200,0.51,EUR/MWh,FR,FR,day_ahead_price,value,2026-05-23T19:12:02Z
2026-05-23T19:11:13Z,2026-05-23T21:11:13+0200,3f7e4d3d-8fdb-4ead-ba3f-db913921b078,2026-05-23T07:00:00Z,2026-05-23T09:00:00+0200,5.4,EUR/MWh,FR,FR,day_ahead_price,value,2026-05-23T19:12:02Z
2026-05-23T19:11:13Z,2026-05-23T21:11:13+0200,3f7e4d3d-8fdb-4ead-ba3f-db913921b078,2026-05-23T07:15:00Z,2026-05-23T09:15:00+0200,1.0,EUR/MWh,FR,FR,day_ahead_price,value,2026-05-23T19:12:02Z
2026-05-23T19:11:13Z,2026-05-23T21:11:13+0200,3f7e4d3d-8fdb-4ead-ba3f-db913921b078,2026-05-23T07:30:00Z,2026-05-23T09:30:00+0200,0.0,EUR/MWh,FR,FR,day_ahead_price,value,2026-05-23T19:12:02Z
2026-05-23T19:11:13Z,2026-05-23T21:11:13+0200,3f7e4d3d-8fdb-4ead-ba3f-db913921b078,2026-05-23T07:45:00Z,2026-05-23T09:45:00+0200,0.0,EUR/MWh,FR,FR,day_ahead_price,value,2026-05-23T19:12:02Z
2026-05-23T19:11:13Z,2026-05-23T21:11:13+0200,3f7e4d3d-8fdb-4ead-ba3f-db913921b078,2026-05-23T08:00:00Z,2026-05-23T10:00:00+0200,-0.01,EUR/MWh,FR,FR,day_ahead_price,value,2026-05-23T19:12:02Z
2026-05-23T19:11:13Z,2026-05-23T21:11:13+0200,3f7e4d3d-8fdb-4ead-ba3f-db913921b078,2026-05-23T08:15:00Z,2026-05-23T10:15:00+0200,-0.02,EUR/MWh,FR,FR,day_ahead_price,value,2026-05-23T19:12:02Z
2026-05-23T19:11:13Z,2026-05-23T21:11:13+0200,3f7e4d3d-8fdb-4ead-ba3f-db913921b078,2026-05-23T08:30:00Z,2026-05-23T10:30:00+0200,-0.3,EUR/MWh,FR,FR,day_ahead_price,value,2026-05-23T19:12:02Z
2026-05-23T19:11:13Z,2026-05-23T21:11:13+0200,3f7e4d3d-8fdb-4ead-ba3f-db913921b078,2026-05-23T08:45:00Z,2026-05-23T10:45:00+0200,-1.0,EUR/MWh,FR,FR,day_ahead_price,value,2026-05-23T19:12:02Z
2026-05-23T19:11:13Z,2026-05-23T21:11:13+0200,3f7e4d3d-8fdb-4ead-ba3f-db913921b078,2026-05-23T09:00:00Z,2026-05-23T11:00:00+0200,-2.0,EUR/MWh,FR,FR,day_ahead_price,value,2026-05-23T19:12:02Z
2026-05-23T19:11:13Z,2026-05-23T21:11:13+0200,3f7e4d3d-8fdb-4ead-ba3f-db913921b078,2026-05-23T09:15:00Z,2026-05-23T11:15:00+0200,-2.09,EUR/MWh,FR,FR,day_ahead_price,value,2026-05-23T19:12:02Z
2026-05-23T19:11:13Z,2026-05-23T21:11:13+0200,3f7e4d3d-8fdb-4ead-ba3f-db913921b078,2026-05-23T09:30:00Z,2026-05-23T11:30:00+0200,-5.94,EUR/MWh,FR,FR,day_ahead_price,value,2026-05-23T19:12:02Z
2026-05-23T19:11:13Z,2026-05-23T21:11:13+0200,3f7e4d3d-8fdb-4ead-ba3f-db913921b078,2026-05-23T09:45:00Z,2026-05-23T11:45:00+0200,-5.43,EUR/MWh,FR,FR,day_ahead_price,value,2026-05-23T19:12:02Z
2026-05-23T19:11:13Z,2026-05-23T21:11:13+0200,3f7e4d3d-8fdb-4ead-ba3f-db913921b078,2026-05-23T10:00:00Z,2026-05-23T12:00:00+0200,-5.96,EUR/MWh,FR,FR,day_ahead_price,value,2026-05-23T19:12:02Z
2026-05-23T19:11:13Z,2026-05-23T21:11:13+0200,3f7e4d3d-8fdb-4ead-ba3f-db913921b078,2026-05-23T10:15:00Z,2026-05-23T12:15:00+0200,-9.94,EUR/MWh,FR,FR,day_ahead_price,value,2026-05-23T19:12:02Z
2026-05-23T19:11:13Z,2026-05-23T21:11:13+0200,3f7e4d3d-8fdb-4ead-ba3f-db913921b078,2026-05-23T10:30:00Z,2026-05-23T12:30:00+0200,-13.42,EUR/MWh,FR,FR,day_ahead_price,value,2026-05-23T19:12:02Z
2026-05-23T19:11:13Z,2026-05-23T21:11:13+0200,3f7e4d3d-8fdb-4ead-ba3f-db913921b078,2026-05-23T10:45:00Z,2026-05-23T12:45:00+0200,-19.82,EUR/MWh,FR,FR,day_ahead_price,value,2026-05-23T19:12:02Z
2026-05-23T19:11:13Z,2026-05-23T21:11:13+0200,3f7e4d3d-8fdb-4ead-ba3f-db913921b078,2026-05-23T11:00:00Z,2026-05-23T13:00:00+0200,-24.79,EUR/MWh,FR,FR,day_ahead_price,value,2026-05-23T19:12:02Z
2026-05-23T19:11:13Z,2026-05-23T21:11:13+0200,3f7e4d3d-8fdb-4ead-ba3f-db913921b078,2026-05-23T11:15:00Z,2026-05-23T13:15:00+0200,-29.74,EUR/MWh,FR,FR,day_ahead_price,value,2026-05-23T19:12:02Z
2026-05-23T19:11:13Z,2026-05-23T21:11:13+0200,3f7e4d3d-8fdb-4ead-ba3f-db913921b078,2026-05-23T11:30:00Z,2026-05-23T13:30:00+0200,-36.35,EUR/MWh,FR,FR,day_ahead_price,value,2026-05-23T19:12:02Z
2026-05-23T19:11:13Z,2026-05-23T21:11:13+0200,3f7e4d3d-8fdb-4ead-ba3f-db913921b078,2026-05-23T11:45:00Z,2026-05-23T13:45:00+0200,-35.32,EUR/MWh,FR,FR,day_ahead_price,value,2026-05-23T19:12:02Z
2026-05-23T19:11:13Z,2026-05-23T21:11:13+0200,3f7e4d3d-8fdb-4ead-ba3f-db913921b078,2026-05-23T12:00:00Z,2026-05-23T14:00:00+0200,-26.8,EUR/MWh,FR,FR,day_ahead_price,value,2026-05-23T19:12:02Z
2026-05-23T19:11:13Z,2026-05-23T21:11:13+0200,3f7e4d3d-8fdb-4ead-ba3f-db913921b078,2026-05-23T12:15:00Z,2026-05-23T14:15:00+0200,-19.89,EUR/MWh,FR,FR,day_ahead_price,value,2026-05-23T19:12:02Z
2026-05-23T19:11:13Z,2026-05-23T21:11:13+0200,3f7e4d3d-8fdb-4ead-ba3f-db913921b078,2026-05-23T12:30:00Z,2026-05-23T14:30:00+0200,-13.42,EUR/MWh,FR,FR,day_ahead_price,value,2026-05-23T19:12:02Z
2026-05-23T19:11:13Z,2026-05-23T21:11:13+0200,3f7e4d3d-8fdb-4ead-ba3f-db913921b078,2026-05-23T12:45:00Z,2026-05-23T14:45:00+0200,-12.94,EUR/MWh,FR,FR,day_ahead_price,value,2026-05-23T19:12:02Z
2026-05-23T19:11:13Z,2026-05-23T21:11:13+0200,3f7e4d3d-8fdb-4ead-ba3f-db913921b078,2026-05-23T13:00:00Z,2026-05-23T15:00:00+0200,-8.67,EUR/MWh,FR,FR,day_ahead_price,value,2026-05-23T19:12:02Z
2026-05-23T19:11:13Z,2026-05-23T21:11:13+0200,3f7e4d3d-8fdb-4ead-ba3f-db913921b078,2026-05-23T13:15:00Z,2026-05-23T15:15:00+0200,-3.23,EUR/MWh,FR,FR,day_ahead_price,value,2026-05-23T19:12:02Z
2026-05-23T19:11:13Z,2026-05-23T21:11:13+0200,3f7e4d3d-8fdb-4ead-ba3f-db913921b078,2026-05-23T13:30:00Z,2026-05-23T15:30:00+0200,-2.1,EUR/MWh,FR,FR,day_ahead_price,value,2026-05-23T19:12:02Z
2026-05-23T19:11:13Z,2026-05-23T21:11:13+0200,3f7e4d3d-8fdb-4ead-ba3f-db913921b078,2026-05-23T13:45:00Z,2026-05-23T15:45:00+0200,-2.0,EUR/MWh,FR,FR,day_ahead_price,value,2026-05-23T19:12:02Z
2026-05-23T19:11:13Z,2026-05-23T21:11:13+0200,3f7e4d3d-8fdb-4ead-ba3f-db913921b078,2026-05-23T14:00:00Z,2026-05-23T16:00:00+0200,-1.07,EUR/MWh,FR,FR,day_ahead_price,value,2026-05-23T19:12:02Z
2026-05-23T19:11:13Z,2026-05-23T21:11:13+0200,3f7e4d3d-8fdb-4ead-ba3f-db913921b078,2026-05-23T14:15:00Z,2026-05-23T16:15:00+0200,-0.09,EUR/MWh,FR,FR,day_ahead_price,value,2026-05-23T19:12:02Z
2026-05-23T19:11:13Z,2026-05-23T21:11:13+0200,3f7e4d3d-8fdb-4ead-ba3f-db913921b078,2026-05-23T14:30:00Z,2026-05-23T16:30:00+0200,-0.01,EUR/MWh,FR,FR,day_ahead_price,value,2026-05-23T19:12:02Z
2026-05-23T19:11:13Z,2026-05-23T21:11:13+0200,3f7e4d3d-8fdb-4ead-ba3f-db913921b078,2026-05-23T14:45:00Z,2026-05-23T16:45:00+0200,-0.01,EUR/MWh,FR,FR,day_ahead_price,value,2026-05-23T19:12:02Z
2026-05-23T19:11:13Z,2026-05-23T21:11:13+0200,3f7e4d3d-8fdb-4ead-ba3f-db913921b078,2026-05-23T15:00:00Z,2026-05-23T17:00:00+0200,-0.01,EUR/MWh,FR,FR,day_ahead_price,value,2026-05-23T19:12:02Z
2026-05-23T19:11:13Z,2026-05-23T21:11:13+0200,3f7e4d3d-8fdb-4ead-ba3f-db913921b078,2026-05-23T15:15:00Z,2026-05-23T17:15:00+0200,-0.01,EUR/MWh,FR,FR,day_ahead_price,value,2026-05-23T19:12:02Z
2026-05-23T19:11:13Z,2026-05-23T21:11:13+0200,3f7e4d3d-8fdb-4ead-ba3f-db913921b078,2026-05-23T15:30:00Z,2026-05-23T17:30:00+0200,-0.01,EUR/MWh,FR,FR,day_ahead_price,value,2026-05-23T19:12:02Z
2026-05-23T19:11:13Z,2026-05-23T21:11:13+0200,3f7e4d3d-8fdb-4ead-ba3f-db913921b078,2026-05-23T15:45:00Z,2026-05-23T17:45:00+0200,0.0,EUR/MWh,FR,FR,day_ahead_price,value,2026-05-23T19:12:02Z
2026-05-23T19:11:13Z,2026-05-23T21:11:13+0200,3f7e4d3d-8fdb-4ead-ba3f-db913921b078,2026-05-23T16:00:00Z,2026-05-23T18:00:00+0200,0.01,EUR/MWh,FR,FR,day_ahead_price,value,2026-05-23T19:12:02Z
2026-05-23T19:11:13Z,2026-05-23T21:11:13+0200,3f7e4d3d-8fdb-4ead-ba3f-db913921b078,2026-05-23T16:15:00Z,2026-05-23T18:15:00+0200,1.61,EUR/MWh,FR,FR,day_ahead_price,value,2026-05-23T19:12:02Z
2026-05-23T19:11:13Z,2026-05-23T21:11:13+0200,3f7e4d3d-8fdb-4ead-ba3f-db913921b078,2026-05-23T16:30:00Z,2026-05-23T18:30:00+0200,9.62,EUR/MWh,FR,FR,day_ahead_price,value,2026-05-23T19:12:02Z
2026-05-23T19:11:13Z,2026-05-23T21:11:13+0200,3f7e4d3d-8fdb-4ead-ba3f-db913921b078,2026-05-23T16:45:00Z,2026-05-23T18:45:00+0200,32.8,EUR/MWh,FR,FR,day_ahead_price,value,2026-05-23T19:12:02Z
2026-05-23T19:11:13Z,2026-05-23T21:11:13+0200,3f7e4d3d-8fdb-4ead-ba3f-db913921b078,2026-05-23T17:00:00Z,2026-05-23T19:00:00+0200,5.02,EUR/MWh,FR,FR,day_ahead_price,value,2026-05-23T19:12:02Z
2026-05-23T19:11:13Z,2026-05-23T21:11:13+0200,3f7e4d3d-8fdb-4ead-ba3f-db913921b078,2026-05-23T17:15:00Z,2026-05-23T19:15:00+0200,36.5,EUR/MWh,FR,FR,day_ahead_price,value,2026-05-23T19:12:02Z
2026-05-23T19:11:13Z,2026-05-23T21:11:13+0200,3f7e4d3d-8fdb-4ead-ba3f-db913921b078,2026-05-23T17:30:00Z,2026-05-23T19:30:00+0200,45.73,EUR/MWh,FR,FR,day_ahead_price,value,2026-05-23T19:12:02Z
2026-05-23T19:11:13Z,2026-05-23T21:11:13+0200,3f7e4d3d-8fdb-4ead-ba3f-db913921b078,2026-05-23T17:45:00Z,2026-05-23T19:45:00+0200,66.56,EUR/MWh,FR,FR,day_ahead_price,value,2026-05-23T19:12:02Z
2026-05-23T19:11:13Z,2026-05-23T21:11:13+0200,3f7e4d3d-8fdb-4ead-ba3f-db913921b078,2026-05-23T18:00:00Z,2026-05-23T20:00:00+0200,43.88,EUR/MWh,FR,FR,day_ahead_price,value,2026-05-23T19:12:02Z
2026-05-23T19:11:13Z,2026-05-23T21:11:13+0200,3f7e4d3d-8fdb-4ead-ba3f-db913921b078,2026-05-23T18:15:00Z,2026-05-23T20:15:00+0200,56.96,EUR/MWh,FR,FR,day_ahead_price,value,2026-05-23T19:12:02Z
2026-05-23T19:11:13Z,2026-05-23T21:11:13+0200,3f7e4d3d-8fdb-4ead-ba3f-db913921b078,2026-05-23T18:30:00Z,2026-05-23T20:30:00+0200,65.56,EUR/MWh,FR,FR,day_ahead_price,value,2026-05-23T19:12:02Z
2026-05-23T19:11:13Z,2026-05-23T21:11:13+0200,3f7e4d3d-8fdb-4ead-ba3f-db913921b078,2026-05-23T18:45:00Z,2026-05-23T20:45:00+0200,83.44,EUR/MWh,FR,FR,day_ahead_price,value,2026-05-23T19:12:02Z
2026-05-23T19:11:13Z,2026-05-23T21:11:13+0200,3f7e4d3d-8fdb-4ead-ba3f-db913921b078,2026-05-23T19:00:00Z,2026-05-23T21:00:00+0200,91.37,EUR/MWh,FR,FR,day_ahead_price,value,2026-05-23T19:12:02Z
2026-05-23T19:11:13Z,2026-05-23T21:11:13+0200,3f7e4d3d-8fdb-4ead-ba3f-db913921b078,2026-05-23T19:15:00Z,2026-05-23T21:15:00+0200,95.7,EUR/MWh,FR,FR,day_ahead_price,value,2026-05-23T19:12:02Z
