collection_time_utc,collection_time_local,run_id,timestamp_utc,timestamp_local,value,unit,country,entsoe_area,variable,source,updated_at_utc
2026-09-16T08:15:06Z,2026-09-16T10:15:06+0200,2f3d54eb-4233-4144-b05e-f166a3215a4a,2026-09-09T08:30:00Z,2026-09-09T10:30:00+0200,129.972,EUR/MWh,DE,DE,imbalance_price,Long,2026-09-16T08:18:27Z
2026-09-16T08:15:06Z,2026-09-16T10:15:06+0200,2f3d54eb-4233-4144-b05e-f166a3215a4a,2026-09-09T08:30:00Z,2026-09-09T10:30:00+0200,129.972,EUR/MWh,DE,DE,imbalance_price,Short,2026-09-16T08:18:27Z
2026-09-16T08:15:06Z,2026-09-16T10:15:06+0200,2f3d54eb-4233-4144-b05e-f166a3215a4a,2026-09-09T08:45:00Z,2026-09-09T10:45:00+0200,97.833,EUR/MWh,DE,DE,imbalance_price,Long,2026-09-16T08:18:27Z
2026-09-16T08:15:06Z,2026-09-16T10:15:06+0200,2f3d54eb-4233-4144-b05e-f166a3215a4a,2026-09-09T08:45:00Z,2026-09-09T10:45:00+0200,97.833,EUR/MWh,DE,DE,imbalance_price,Short,2026-09-16T08:18:27Z
2026-09-16T08:15:06Z,2026-09-16T10:15:06+0200,2f3d54eb-4233-4144-b05e-f166a3215a4a,2026-09-09T09:00:00Z,2026-09-09T11:00:00+0200,170.271,EUR/MWh,DE,DE,imbalance_price,Long,2026-09-16T08:18:27Z
2026-09-16T08:15:06Z,2026-09-16T10:15:06+0200,2f3d54eb-4233-4144-b05e-f166a3215a4a,2026-09-09T09:00:00Z,2026-09-09T11:00:00+0200,170.271,EUR/MWh,DE,DE,imbalance_price,Short,2026-09-16T08:18:27Z
2026-09-16T08:15:06Z,2026-09-16T10:15:06+0200,2f3d54eb-4233-4144-b05e-f166a3215a4a,2026-09-09T09:15:00Z,2026-09-09T11:15:00+0200,112.673,EUR/MWh,DE,DE,imbalance_price,Long,2026-09-16T08:18:27Z
2026-09-16T08:15:06Z,2026-09-16T10:15:06+0200,2f3d54eb-4233-4144-b05e-f166a3215a4a,2026-09-09T09:15:00Z,2026-09-09T11:15:00+0200,112.673,EUR/MWh,DE,DE,imbalance_price,Short,2026-09-16T08:18:27Z
2026-09-16T08:15:06Z,2026-09-16T10:15:06+0200,2f3d54eb-4233-4144-b05e-f166a3215a4a,2026-09-09T09:30:00Z,2026-09-09T11:30:00+0200,108.953,EUR/MWh,DE,DE,imbalance_price,Long,2026-09-16T08:18:27Z
2026-09-16T08:15:06Z,2026-09-16T10:15:06+0200,2f3d54eb-4233-4144-b05e-f166a3215a4a,2026-09-09T09:30:00Z,2026-09-09T11:30:00+0200,108.953,EUR/MWh,DE,DE,imbalance_price,Short,2026-09-16T08:18:27Z
2026-09-16T08:15:06Z,2026-09-16T10:15:06+0200,2f3d54eb-4233-4144-b05e-f166a3215a4a,2026-09-09T09:45:00Z,2026-09-09T11:45:00+0200,89.803,EUR/MWh,DE,DE,imbalance_price,Long,2026-09-16T08:18:27Z
2026-09-16T08:15:06Z,2026-09-16T10:15:06+0200,2f3d54eb-4233-4144-b05e-f166a3215a4a,2026-09-09T09:45:00Z,2026-09-09T11:45:00+0200,89.803,EUR/MWh,DE,DE,imbalance_price,Short,2026-09-16T08:18:27Z
2026-09-16T08:15:06Z,2026-09-16T10:15:06+0200,2f3d54eb-4233-4144-b05e-f166a3215a4a,2026-09-09T10:00:00Z,2026-09-09T12:00:00+0200,191.881,EUR/MWh,DE,DE,imbalance_price,Long,2026-09-16T08:18:27Z
2026-09-16T08:15:06Z,2026-09-16T10:15:06+0200,2f3d54eb-4233-4144-b05e-f166a3215a4a,2026-09-09T10:00:00Z,2026-09-09T12:00:00+0200,191.881,EUR/MWh,DE,DE,imbalance_price,Short,2026-09-16T08:18:27Z
2026-09-16T08:15:06Z,2026-09-16T10:15:06+0200,2f3d54eb-4233-4144-b05e-f166a3215a4a,2026-09-09T10:15:00Z,2026-09-09T12:15:00+0200,150.134,EUR/MWh,DE,DE,imbalance_price,Long,2026-09-16T08:18:27Z
2026-09-16T08:15:06Z,2026-09-16T10:15:06+0200,2f3d54eb-4233-4144-b05e-f166a3215a4a,2026-09-09T10:15:00Z,2026-09-09T12:15:00+0200,150.134,EUR/MWh,DE,DE,imbalance_price,Short,2026-09-16T08:18:27Z
2026-09-16T08:15:06Z,2026-09-16T10:15:06+0200,2f3d54eb-4233-4144-b05e-f166a3215a4a,2026-09-09T10:30:00Z,2026-09-09T12:30:00+0200,133.242,EUR/MWh,DE,DE,imbalance_price,Long,2026-09-16T08:18:27Z
2026-09-16T08:15:06Z,2026-09-16T10:15:06+0200,2f3d54eb-4233-4144-b05e-f166a3215a4a,2026-09-09T10:30:00Z,2026-09-09T12:30:00+0200,133.242,EUR/MWh,DE,DE,imbalance_price,Short,2026-09-16T08:18:27Z
2026-09-16T08:15:06Z,2026-09-16T10:15:06+0200,2f3d54eb-4233-4144-b05e-f166a3215a4a,2026-09-09T10:45:00Z,2026-09-09T12:45:00+0200,176.315,EUR/MWh,DE,DE,imbalance_price,Long,2026-09-16T08:18:27Z
2026-09-16T08:15:06Z,2026-09-16T10:15:06+0200,2f3d54eb-4233-4144-b05e-f166a3215a4a,2026-09-09T10:45:00Z,2026-09-09T12:45:00+0200,176.315,EUR/MWh,DE,DE,imbalance_price,Short,2026-09-16T08:18:27Z
2026-09-16T08:15:06Z,2026-09-16T10:15:06+0200,2f3d54eb-4233-4144-b05e-f166a3215a4a,2026-09-09T11:00:00Z,2026-09-09T13:00:00+0200,9.733,EUR/MWh,DE,DE,imbalance_price,Long,2026-09-16T08:18:27Z
2026-09-16T08:15:06Z,2026-09-16T10:15:06+0200,2f3d54eb-4233-4144-b05e-f166a3215a4a,2026-09-09T11:00:00Z,2026-09-09T13:00:00+0200,9.733,EUR/MWh,DE,DE,imbalance_price,Short,2026-09-16T08:18:27Z
2026-09-16T08:15:06Z,2026-09-16T10:15:06+0200,2f3d54eb-4233-4144-b05e-f166a3215a4a,2026-09-09T11:15:00Z,2026-09-09T13:15:00+0200,22.55,EUR/MWh,DE,DE,imbalance_price,Long,2026-09-16T08:18:27Z
2026-09-16T08:15:06Z,2026-09-16T10:15:06+0200,2f3d54eb-4233-4144-b05e-f166a3215a4a,2026-09-09T11:15:00Z,2026-09-09T13:15:00+0200,22.55,EUR/MWh,DE,DE,imbalance_price,Short,2026-09-16T08:18:27Z
2026-09-16T08:15:06Z,2026-09-16T10:15:06+0200,2f3d54eb-4233-4144-b05e-f166a3215a4a,2026-09-09T11:30:00Z,2026-09-09T13:30:00+0200,43.008,EUR/MWh,DE,DE,imbalance_price,Long,2026-09-16T08:18:27Z
2026-09-16T08:15:06Z,2026-09-16T10:15:06+0200,2f3d54eb-4233-4144-b05e-f166a3215a4a,2026-09-09T11:30:00Z,2026-09-09T13:30:00+0200,43.008,EUR/MWh,DE,DE,imbalance_price,Short,2026-09-16T08:18:27Z
2026-09-16T08:15:06Z,2026-09-16T10:15:06+0200,2f3d54eb-4233-4144-b05e-f166a3215a4a,2026-09-09T11:45:00Z,2026-09-09T13:45:00+0200,18.654,EUR/MWh,DE,DE,imbalance_price,Long,2026-09-16T08:18:27Z
2026-09-16T08:15:06Z,2026-09-16T10:15:06+0200,2f3d54eb-4233-4144-b05e-f166a3215a4a,2026-09-09T11:45:00Z,2026-09-09T13:45:00+0200,18.654,EUR/MWh,DE,DE,imbalance_price,Short,2026-09-16T08:18:27Z
2026-09-16T08:15:06Z,2026-09-16T10:15:06+0200,2f3d54eb-4233-4144-b05e-f166a3215a4a,2026-09-09T12:00:00Z,2026-09-09T14:00:00+0200,48.847,EUR/MWh,DE,DE,imbalance_price,Long,2026-09-16T08:18:27Z
2026-09-16T08:15:06Z,2026-09-16T10:15:06+0200,2f3d54eb-4233-4144-b05e-f166a3215a4a,2026-09-09T12:00:00Z,2026-09-09T14:00:00+0200,48.847,EUR/MWh,DE,DE,imbalance_price,Short,2026-09-16T08:18:27Z
2026-09-16T08:15:06Z,2026-09-16T10:15:06+0200,2f3d54eb-4233-4144-b05e-f166a3215a4a,2026-09-09T12:15:00Z,2026-09-09T14:15:00+0200,-7.125,EUR/MWh,DE,DE,imbalance_price,Long,2026-09-16T08:18:27Z
2026-09-16T08:15:06Z,2026-09-16T10:15:06+0200,2f3d54eb-4233-4144-b05e-f166a3215a4a,2026-09-09T12:15:00Z,2026-09-09T14:15:00+0200,-7.125,EUR/MWh,DE,DE,imbalance_price,Short,2026-09-16T08:18:27Z
2026-09-16T08:15:06Z,2026-09-16T10:15:06+0200,2f3d54eb-4233-4144-b05e-f166a3215a4a,2026-09-09T12:30:00Z,2026-09-09T14:30:00+0200,-14.152,EUR/MWh,DE,DE,imbalance_price,Long,2026-09-16T08:18:27Z
2026-09-16T08:15:06Z,2026-09-16T10:15:06+0200,2f3d54eb-4233-4144-b05e-f166a3215a4a,2026-09-09T12:30:00Z,2026-09-09T14:30:00+0200,-14.152,EUR/MWh,DE,DE,imbalance_price,Short,2026-09-16T08:18:27Z
2026-09-16T08:15:06Z,2026-09-16T10:15:06+0200,2f3d54eb-4233-4144-b05e-f166a3215a4a,2026-09-09T12:45:00Z,2026-09-09T14:45:00+0200,-6.689,EUR/MWh,DE,DE,imbalance_price,Long,2026-09-16T08:18:27Z
2026-09-16T08:15:06Z,2026-09-16T10:15:06+0200,2f3d54eb-4233-4144-b05e-f166a3215a4a,2026-09-09T12:45:00Z,2026-09-09T14:45:00+0200,-6.689,EUR/MWh,DE,DE,imbalance_price,Short,2026-09-16T08:18:27Z
2026-09-16T08:15:06Z,2026-09-16T10:15:06+0200,2f3d54eb-4233-4144-b05e-f166a3215a4a,2026-09-09T13:00:00Z,2026-09-09T15:00:00+0200,-26.504,EUR/MWh,DE,DE,imbalance_price,Long,2026-09-16T08:18:27Z
2026-09-16T08:15:06Z,2026-09-16T10:15:06+0200,2f3d54eb-4233-4144-b05e-f166a3215a4a,2026-09-09T13:00:00Z,2026-09-09T15:00:00+0200,-26.504,EUR/MWh,DE,DE,imbalance_price,Short,2026-09-16T08:18:27Z
2026-09-16T08:15:06Z,2026-09-16T10:15:06+0200,2f3d54eb-4233-4144-b05e-f166a3215a4a,2026-09-09T13:15:00Z,2026-09-09T15:15:00+0200,-2.815,EUR/MWh,DE,DE,imbalance_price,Long,2026-09-16T08:18:27Z
2026-09-16T08:15:06Z,2026-09-16T10:15:06+0200,2f3d54eb-4233-4144-b05e-f166a3215a4a,2026-09-09T13:15:00Z,2026-09-09T15:15:00+0200,-2.815,EUR/MWh,DE,DE,imbalance_price,Short,2026-09-16T08:18:27Z
2026-09-16T08:15:06Z,2026-09-16T10:15:06+0200,2f3d54eb-4233-4144-b05e-f166a3215a4a,2026-09-09T13:30:00Z,2026-09-09T15:30:00+0200,108.617,EUR/MWh,DE,DE,imbalance_price,Long,2026-09-16T08:18:27Z
2026-09-16T08:15:06Z,2026-09-16T10:15:06+0200,2f3d54eb-4233-4144-b05e-f166a3215a4a,2026-09-09T13:30:00Z,2026-09-09T15:30:00+0200,108.617,EUR/MWh,DE,DE,imbalance_price,Short,2026-09-16T08:18:27Z
2026-09-16T08:15:06Z,2026-09-16T10:15:06+0200,2f3d54eb-4233-4144-b05e-f166a3215a4a,2026-09-09T13:45:00Z,2026-09-09T15:45:00+0200,-8.134,EUR/MWh,DE,DE,imbalance_price,Long,2026-09-16T08:18:27Z
2026-09-16T08:15:06Z,2026-09-16T10:15:06+0200,2f3d54eb-4233-4144-b05e-f166a3215a4a,2026-09-09T13:45:00Z,2026-09-09T15:45:00+0200,-8.134,EUR/MWh,DE,DE,imbalance_price,Short,2026-09-16T08:18:27Z
2026-09-16T08:15:06Z,2026-09-16T10:15:06+0200,2f3d54eb-4233-4144-b05e-f166a3215a4a,2026-09-09T14:00:00Z,2026-09-09T16:00:00+0200,59.717,EUR/MWh,DE,DE,imbalance_price,Long,2026-09-16T08:18:27Z
2026-09-16T08:15:06Z,2026-09-16T10:15:06+0200,2f3d54eb-4233-4144-b05e-f166a3215a4a,2026-09-09T14:00:00Z,2026-09-09T16:00:00+0200,59.717,EUR/MWh,DE,DE,imbalance_price,Short,2026-09-16T08:18:27Z
2026-09-16T08:15:06Z,2026-09-16T10:15:06+0200,2f3d54eb-4233-4144-b05e-f166a3215a4a,2026-09-09T14:15:00Z,2026-09-09T16:15:00+0200,88.812,EUR/MWh,DE,DE,imbalance_price,Long,2026-09-16T08:18:27Z
2026-09-16T08:15:06Z,2026-09-16T10:15:06+0200,2f3d54eb-4233-4144-b05e-f166a3215a4a,2026-09-09T14:15:00Z,2026-09-09T16:15:00+0200,88.812,EUR/MWh,DE,DE,imbalance_price,Short,2026-09-16T08:18:27Z
2026-09-16T08:15:06Z,2026-09-16T10:15:06+0200,2f3d54eb-4233-4144-b05e-f166a3215a4a,2026-09-09T14:30:00Z,2026-09-09T16:30:00+0200,83.941,EUR/MWh,DE,DE,imbalance_price,Long,2026-09-16T08:18:27Z
2026-09-16T08:15:06Z,2026-09-16T10:15:06+0200,2f3d54eb-4233-4144-b05e-f166a3215a4a,2026-09-09T14:30:00Z,2026-09-09T16:30:00+0200,83.941,EUR/MWh,DE,DE,imbalance_price,Short,2026-09-16T08:18:27Z
2026-09-16T08:15:06Z,2026-09-16T10:15:06+0200,2f3d54eb-4233-4144-b05e-f166a3215a4a,2026-09-09T14:45:00Z,2026-09-09T16:45:00+0200,33.937,EUR/MWh,DE,DE,imbalance_price,Long,2026-09-16T08:18:27Z
2026-09-16T08:15:06Z,2026-09-16T10:15:06+0200,2f3d54eb-4233-4144-b05e-f166a3215a4a,2026-09-09T14:45:00Z,2026-09-09T16:45:00+0200,33.937,EUR/MWh,DE,DE,imbalance_price,Short,2026-09-16T08:18:27Z
2026-09-16T08:15:06Z,2026-09-16T10:15:06+0200,2f3d54eb-4233-4144-b05e-f166a3215a4a,2026-09-09T15:00:00Z,2026-09-09T17:00:00+0200,1.927,EUR/MWh,DE,DE,imbalance_price,Long,2026-09-16T08:18:27Z
2026-09-16T08:15:06Z,2026-09-16T10:15:06+0200,2f3d54eb-4233-4144-b05e-f166a3215a4a,2026-09-09T15:00:00Z,2026-09-09T17:00:00+0200,1.927,EUR/MWh,DE,DE,imbalance_price,Short,2026-09-16T08:18:27Z
2026-09-16T08:15:06Z,2026-09-16T10:15:06+0200,2f3d54eb-4233-4144-b05e-f166a3215a4a,2026-09-09T15:15:00Z,2026-09-09T17:15:00+0200,5.346,EUR/MWh,DE,DE,imbalance_price,Long,2026-09-16T08:18:27Z
2026-09-16T08:15:06Z,2026-09-16T10:15:06+0200,2f3d54eb-4233-4144-b05e-f166a3215a4a,2026-09-09T15:15:00Z,2026-09-09T17:15:00+0200,5.346,EUR/MWh,DE,DE,imbalance_price,Short,2026-09-16T08:18:27Z
2026-09-16T08:15:06Z,2026-09-16T10:15:06+0200,2f3d54eb-4233-4144-b05e-f166a3215a4a,2026-09-09T15:30:00Z,2026-09-09T17:30:00+0200,-2.337,EUR/MWh,DE,DE,imbalance_price,Long,2026-09-16T08:18:27Z
2026-09-16T08:15:06Z,2026-09-16T10:15:06+0200,2f3d54eb-4233-4144-b05e-f166a3215a4a,2026-09-09T15:30:00Z,2026-09-09T17:30:00+0200,-2.337,EUR/MWh,DE,DE,imbalance_price,Short,2026-09-16T08:18:27Z
2026-09-16T08:15:06Z,2026-09-16T10:15:06+0200,2f3d54eb-4233-4144-b05e-f166a3215a4a,2026-09-09T15:45:00Z,2026-09-09T17:45:00+0200,147.445,EUR/MWh,DE,DE,imbalance_price,Long,2026-09-16T08:18:27Z
2026-09-16T08:15:06Z,2026-09-16T10:15:06+0200,2f3d54eb-4233-4144-b05e-f166a3215a4a,2026-09-09T15:45:00Z,2026-09-09T17:45:00+0200,147.445,EUR/MWh,DE,DE,imbalance_price,Short,2026-09-16T08:18:27Z
2026-09-16T08:15:06Z,2026-09-16T10:15:06+0200,2f3d54eb-4233-4144-b05e-f166a3215a4a,2026-09-09T16:00:00Z,2026-09-09T18:00:00+0200,66.219,EUR/MWh,DE,DE,imbalance_price,Long,2026-09-16T08:18:27Z
2026-09-16T08:15:06Z,2026-09-16T10:15:06+0200,2f3d54eb-4233-4144-b05e-f166a3215a4a,2026-09-09T16:00:00Z,2026-09-09T18:00:00+0200,66.219,EUR/MWh,DE,DE,imbalance_price,Short,2026-09-16T08:18:27Z
2026-09-16T08:15:06Z,2026-09-16T10:15:06+0200,2f3d54eb-4233-4144-b05e-f166a3215a4a,2026-09-09T16:15:00Z,2026-09-09T18:15:00+0200,47.496,EUR/MWh,DE,DE,imbalance_price,Long,2026-09-16T08:18:27Z
2026-09-16T08:15:06Z,2026-09-16T10:15:06+0200,2f3d54eb-4233-4144-b05e-f166a3215a4a,2026-09-09T16:15:00Z,2026-09-09T18:15:00+0200,47.496,EUR/MWh,DE,DE,imbalance_price,Short,2026-09-16T08:18:27Z
2026-09-16T08:15:06Z,2026-09-16T10:15:06+0200,2f3d54eb-4233-4144-b05e-f166a3215a4a,2026-09-09T16:30:00Z,2026-09-09T18:30:00+0200,99.448,EUR/MWh,DE,DE,imbalance_price,Long,2026-09-16T08:18:27Z
2026-09-16T08:15:06Z,2026-09-16T10:15:06+0200,2f3d54eb-4233-4144-b05e-f166a3215a4a,2026-09-09T16:30:00Z,2026-09-09T18:30:00+0200,99.448,EUR/MWh,DE,DE,imbalance_price,Short,2026-09-16T08:18:27Z
2026-09-16T08:15:06Z,2026-09-16T10:15:06+0200,2f3d54eb-4233-4144-b05e-f166a3215a4a,2026-09-09T16:45:00Z,2026-09-09T18:45:00+0200,201.399,EUR/MWh,DE,DE,imbalance_price,Long,2026-09-16T08:18:27Z
2026-09-16T08:15:06Z,2026-09-16T10:15:06+0200,2f3d54eb-4233-4144-b05e-f166a3215a4a,2026-09-09T16:45:00Z,2026-09-09T18:45:00+0200,201.399,EUR/MWh,DE,DE,imbalance_price,Short,2026-09-16T08:18:27Z
2026-09-16T08:15:06Z,2026-09-16T10:15:06+0200,2f3d54eb-4233-4144-b05e-f166a3215a4a,2026-09-09T17:00:00Z,2026-09-09T19:00:00+0200,207.88,EUR/MWh,DE,DE,imbalance_price,Long,2026-09-16T08:18:27Z
2026-09-16T08:15:06Z,2026-09-16T10:15:06+0200,2f3d54eb-4233-4144-b05e-f166a3215a4a,2026-09-09T17:00:00Z,2026-09-09T19:00:00+0200,207.88,EUR/MWh,DE,DE,imbalance_price,Short,2026-09-16T08:18:27Z
2026-09-16T08:15:06Z,2026-09-16T10:15:06+0200,2f3d54eb-4233-4144-b05e-f166a3215a4a,2026-09-09T17:15:00Z,2026-09-09T19:15:00+0200,251.773,EUR/MWh,DE,DE,imbalance_price,Long,2026-09-16T08:18:27Z
2026-09-16T08:15:06Z,2026-09-16T10:15:06+0200,2f3d54eb-4233-4144-b05e-f166a3215a4a,2026-09-09T17:15:00Z,2026-09-09T19:15:00+0200,251.773,EUR/MWh,DE,DE,imbalance_price,Short,2026-09-16T08:18:27Z
2026-09-16T08:15:06Z,2026-09-16T10:15:06+0200,2f3d54eb-4233-4144-b05e-f166a3215a4a,2026-09-09T17:30:00Z,2026-09-09T19:30:00+0200,209.363,EUR/MWh,DE,DE,imbalance_price,Long,2026-09-16T08:18:27Z
2026-09-16T08:15:06Z,2026-09-16T10:15:06+0200,2f3d54eb-4233-4144-b05e-f166a3215a4a,2026-09-09T17:30:00Z,2026-09-09T19:30:00+0200,209.363,EUR/MWh,DE,DE,imbalance_price,Short,2026-09-16T08:18:27Z
2026-09-16T08:15:06Z,2026-09-16T10:15:06+0200,2f3d54eb-4233-4144-b05e-f166a3215a4a,2026-09-09T17:45:00Z,2026-09-09T19:45:00+0200,186.51,EUR/MWh,DE,DE,imbalance_price,Long,2026-09-16T08:18:27Z
2026-09-16T08:15:06Z,2026-09-16T10:15:06+0200,2f3d54eb-4233-4144-b05e-f166a3215a4a,2026-09-09T17:45:00Z,2026-09-09T19:45:00+0200,186.51,EUR/MWh,DE,DE,imbalance_price,Short,2026-09-16T08:18:27Z
2026-09-16T08:15:06Z,2026-09-16T10:15:06+0200,2f3d54eb-4233-4144-b05e-f166a3215a4a,2026-09-09T18:00:00Z,2026-09-09T20:00:00+0200,204.321,EUR/MWh,DE,DE,imbalance_price,Long,2026-09-16T08:18:27Z
2026-09-16T08:15:06Z,2026-09-16T10:15:06+0200,2f3d54eb-4233-4144-b05e-f166a3215a4a,2026-09-09T18:00:00Z,2026-09-09T20:00:00+0200,204.321,EUR/MWh,DE,DE,imbalance_price,Short,2026-09-16T08:18:27Z
2026-09-16T08:15:06Z,2026-09-16T10:15:06+0200,2f3d54eb-4233-4144-b05e-f166a3215a4a,2026-09-09T18:15:00Z,2026-09-09T20:15:00+0200,193.428,EUR/MWh,DE,DE,imbalance_price,Long,2026-09-16T08:18:27Z
2026-09-16T08:15:06Z,2026-09-16T10:15:06+0200,2f3d54eb-4233-4144-b05e-f166a3215a4a,2026-09-09T18:15:00Z,2026-09-09T20:15:00+0200,193.428,EUR/MWh,DE,DE,imbalance_price,Short,2026-09-16T08:18:27Z
2026-09-16T08:15:06Z,2026-09-16T10:15:06+0200,2f3d54eb-4233-4144-b05e-f166a3215a4a,2026-09-09T18:30:00Z,2026-09-09T20:30:00+0200,168.055,EUR/MWh,DE,DE,imbalance_price,Long,2026-09-16T08:18:27Z
2026-09-16T08:15:06Z,2026-09-16T10:15:06+0200,2f3d54eb-4233-4144-b05e-f166a3215a4a,2026-09-09T18:30:00Z,2026-09-09T20:30:00+0200,168.055,EUR/MWh,DE,DE,imbalance_price,Short,2026-09-16T08:18:27Z
2026-09-16T08:15:06Z,2026-09-16T10:15:06+0200,2f3d54eb-4233-4144-b05e-f166a3215a4a,2026-09-09T18:45:00Z,2026-09-09T20:45:00+0200,152.394,EUR/MWh,DE,DE,imbalance_price,Long,2026-09-16T08:18:27Z
2026-09-16T08:15:06Z,2026-09-16T10:15:06+0200,2f3d54eb-4233-4144-b05e-f166a3215a4a,2026-09-09T18:45:00Z,2026-09-09T20:45:00+0200,152.394,EUR/MWh,DE,DE,imbalance_price,Short,2026-09-16T08:18:27Z
2026-09-16T08:15:06Z,2026-09-16T10:15:06+0200,2f3d54eb-4233-4144-b05e-f166a3215a4a,2026-09-09T19:00:00Z,2026-09-09T21:00:00+0200,148.233,EUR/MWh,DE,DE,imbalance_price,Long,2026-09-16T08:18:27Z
2026-09-16T08:15:06Z,2026-09-16T10:15:06+0200,2f3d54eb-4233-4144-b05e-f166a3215a4a,2026-09-09T19:00:00Z,2026-09-09T21:00:00+0200,148.233,EUR/MWh,DE,DE,imbalance_price,Short,2026-09-16T08:18:27Z
2026-09-16T08:15:06Z,2026-09-16T10:15:06+0200,2f3d54eb-4233-4144-b05e-f166a3215a4a,2026-09-09T19:15:00Z,2026-09-09T21:15:00+0200,152.473,EUR/MWh,DE,DE,imbalance_price,Long,2026-09-16T08:18:27Z
2026-09-16T08:15:06Z,2026-09-16T10:15:06+0200,2f3d54eb-4233-4144-b05e-f166a3215a4a,2026-09-09T19:15:00Z,2026-09-09T21:15:00+0200,152.473,EUR/MWh,DE,DE,imbalance_price,Short,2026-09-16T08:18:27Z
2026-09-16T08:15:06Z,2026-09-16T10:15:06+0200,2f3d54eb-4233-4144-b05e-f166a3215a4a,2026-09-09T19:30:00Z,2026-09-09T21:30:00+0200,178.491,EUR/MWh,DE,DE,imbalance_price,Long,2026-09-16T08:18:27Z
2026-09-16T08:15:06Z,2026-09-16T10:15:06+0200,2f3d54eb-4233-4144-b05e-f166a3215a4a,2026-09-09T19:30:00Z,2026-09-09T21:30:00+0200,178.491,EUR/MWh,DE,DE,imbalance_price,Short,2026-09-16T08:18:27Z
2026-09-16T08:15:06Z,2026-09-16T10:15:06+0200,2f3d54eb-4233-4144-b05e-f166a3215a4a,2026-09-09T19:45:00Z,2026-09-09T21:45:00+0200,143.179,EUR/MWh,DE,DE,imbalance_price,Long,2026-09-16T08:18:27Z
2026-09-16T08:15:06Z,2026-09-16T10:15:06+0200,2f3d54eb-4233-4144-b05e-f166a3215a4a,2026-09-09T19:45:00Z,2026-09-09T21:45:00+0200,143.179,EUR/MWh,DE,DE,imbalance_price,Short,2026-09-16T08:18:27Z
2026-09-16T08:15:06Z,2026-09-16T10:15:06+0200,2f3d54eb-4233-4144-b05e-f166a3215a4a,2026-09-09T20:00:00Z,2026-09-09T22:00:00+0200,129.83,EUR/MWh,DE,DE,imbalance_price,Long,2026-09-16T08:18:27Z
2026-09-16T08:15:06Z,2026-09-16T10:15:06+0200,2f3d54eb-4233-4144-b05e-f166a3215a4a,2026-09-09T20:00:00Z,2026-09-09T22:00:00+0200,129.83,EUR/MWh,DE,DE,imbalance_price,Short,2026-09-16T08:18:27Z
2026-09-16T08:15:06Z,2026-09-16T10:15:06+0200,2f3d54eb-4233-4144-b05e-f166a3215a4a,2026-09-09T20:15:00Z,2026-09-09T22:15:00+0200,102.519,EUR/MWh,DE,DE,imbalance_price,Long,2026-09-16T08:18:27Z
2026-09-16T08:15:06Z,2026-09-16T10:15:06+0200,2f3d54eb-4233-4144-b05e-f166a3215a4a,2026-09-09T20:15:00Z,2026-09-09T22:15:00+0200,102.519,EUR/MWh,DE,DE,imbalance_price,Short,2026-09-16T08:18:27Z
2026-09-16T08:15:06Z,2026-09-16T10:15:06+0200,2f3d54eb-4233-4144-b05e-f166a3215a4a,2026-09-09T20:30:00Z,2026-09-09T22:30:00+0200,120.234,EUR/MWh,DE,DE,imbalance_price,Long,2026-09-16T08:18:27Z
2026-09-16T08:15:06Z,2026-09-16T10:15:06+0200,2f3d54eb-4233-4144-b05e-f166a3215a4a,2026-09-09T20:30:00Z,2026-09-09T22:30:00+0200,120.234,EUR/MWh,DE,DE,imbalance_price,Short,2026-09-16T08:18:27Z
2026-09-16T08:15:06Z,2026-09-16T10:15:06+0200,2f3d54eb-4233-4144-b05e-f166a3215a4a,2026-09-09T20:45:00Z,2026-09-09T22:45:00+0200,136.848,EUR/MWh,DE,DE,imbalance_price,Long,2026-09-16T08:18:27Z
2026-09-16T08:15:06Z,2026-09-16T10:15:06+0200,2f3d54eb-4233-4144-b05e-f166a3215a4a,2026-09-09T20:45:00Z,2026-09-09T22:45:00+0200,136.848,EUR/MWh,DE,DE,imbalance_price,Short,2026-09-16T08:18:27Z
2026-09-16T08:15:06Z,2026-09-16T10:15:06+0200,2f3d54eb-4233-4144-b05e-f166a3215a4a,2026-09-09T21:00:00Z,2026-09-09T23:00:00+0200,163.726,EUR/MWh,DE,DE,imbalance_price,Long,2026-09-16T08:18:27Z
2026-09-16T08:15:06Z,2026-09-16T10:15:06+0200,2f3d54eb-4233-4144-b05e-f166a3215a4a,2026-09-09T21:00:00Z,2026-09-09T23:00:00+0200,163.726,EUR/MWh,DE,DE,imbalance_price,Short,2026-09-16T08:18:27Z
2026-09-16T08:15:06Z,2026-09-16T10:15:06+0200,2f3d54eb-4233-4144-b05e-f166a3215a4a,2026-09-09T21:15:00Z,2026-09-09T23:15:00+0200,66.357,EUR/MWh,DE,DE,imbalance_price,Long,2026-09-16T08:18:27Z
2026-09-16T08:15:06Z,2026-09-16T10:15:06+0200,2f3d54eb-4233-4144-b05e-f166a3215a4a,2026-09-09T21:15:00Z,2026-09-09T23:15:00+0200,66.357,EUR/MWh,DE,DE,imbalance_price,Short,2026-09-16T08:18:27Z
2026-09-16T08:15:06Z,2026-09-16T10:15:06+0200,2f3d54eb-4233-4144-b05e-f166a3215a4a,2026-09-09T21:30:00Z,2026-09-09T23:30:00+0200,70.777,EUR/MWh,DE,DE,imbalance_price,Long,2026-09-16T08:18:27Z
2026-09-16T08:15:06Z,2026-09-16T10:15:06+0200,2f3d54eb-4233-4144-b05e-f166a3215a4a,2026-09-09T21:30:00Z,2026-09-09T23:30:00+0200,70.777,EUR/MWh,DE,DE,imbalance_price,Short,2026-09-16T08:18:27Z
2026-09-16T08:15:06Z,2026-09-16T10:15:06+0200,2f3d54eb-4233-4144-b05e-f166a3215a4a,2026-09-09T21:45:00Z,2026-09-09T23:45:00+0200,116.137,EUR/MWh,DE,DE,imbalance_price,Long,2026-09-16T08:18:27Z
2026-09-16T08:15:06Z,2026-09-16T10:15:06+0200,2f3d54eb-4233-4144-b05e-f166a3215a4a,2026-09-09T21:45:00Z,2026-09-09T23:45:00+0200,116.137,EUR/MWh,DE,DE,imbalance_price,Short,2026-09-16T08:18:27Z
2026-09-16T08:15:06Z,2026-09-16T10:15:06+0200,2f3d54eb-4233-4144-b05e-f166a3215a4a,2026-09-09T22:00:00Z,2026-09-10T00:00:00+0200,188.05,EUR/MWh,DE,DE,imbalance_price,Long,2026-09-16T08:18:27Z
2026-09-16T08:15:06Z,2026-09-16T10:15:06+0200,2f3d54eb-4233-4144-b05e-f166a3215a4a,2026-09-09T22:00:00Z,2026-09-10T00:00:00+0200,188.05,EUR/MWh,DE,DE,imbalance_price,Short,2026-09-16T08:18:27Z
2026-09-16T08:15:06Z,2026-09-16T10:15:06+0200,2f3d54eb-4233-4144-b05e-f166a3215a4a,2026-09-09T22:15:00Z,2026-09-10T00:15:00+0200,187.638,EUR/MWh,DE,DE,imbalance_price,Long,2026-09-16T08:18:27Z
2026-09-16T08:15:06Z,2026-09-16T10:15:06+0200,2f3d54eb-4233-4144-b05e-f166a3215a4a,2026-09-09T22:15:00Z,2026-09-10T00:15:00+0200,187.638,EUR/MWh,DE,DE,imbalance_price,Short,2026-09-16T08:18:27Z
2026-09-16T08:15:06Z,2026-09-16T10:15:06+0200,2f3d54eb-4233-4144-b05e-f166a3215a4a,2026-09-09T22:30:00Z,2026-09-10T00:30:00+0200,184.022,EUR/MWh,DE,DE,imbalance_price,Long,2026-09-16T08:18:27Z
2026-09-16T08:15:06Z,2026-09-16T10:15:06+0200,2f3d54eb-4233-4144-b05e-f166a3215a4a,2026-09-09T22:30:00Z,2026-09-10T00:30:00+0200,184.022,EUR/MWh,DE,DE,imbalance_price,Short,2026-09-16T08:18:27Z
2026-09-16T08:15:06Z,2026-09-16T10:15:06+0200,2f3d54eb-4233-4144-b05e-f166a3215a4a,2026-09-09T22:45:00Z,2026-09-10T00:45:00+0200,184.929,EUR/MWh,DE,DE,imbalance_price,Long,2026-09-16T08:18:27Z
2026-09-16T08:15:06Z,2026-09-16T10:15:06+0200,2f3d54eb-4233-4144-b05e-f166a3215a4a,2026-09-09T22:45:00Z,2026-09-10T00:45:00+0200,184.929,EUR/MWh,DE,DE,imbalance_price,Short,2026-09-16T08:18:27Z
2026-09-16T08:15:06Z,2026-09-16T10:15:06+0200,2f3d54eb-4233-4144-b05e-f166a3215a4a,2026-09-09T23:00:00Z,2026-09-10T01:00:00+0200,195.674,EUR/MWh,DE,DE,imbalance_price,Long,2026-09-16T08:18:27Z
2026-09-16T08:15:06Z,2026-09-16T10:15:06+0200,2f3d54eb-4233-4144-b05e-f166a3215a4a,2026-09-09T23:00:00Z,2026-09-10T01:00:00+0200,195.674,EUR/MWh,DE,DE,imbalance_price,Short,2026-09-16T08:18:27Z
2026-09-16T08:15:06Z,2026-09-16T10:15:06+0200,2f3d54eb-4233-4144-b05e-f166a3215a4a,2026-09-09T23:15:00Z,2026-09-10T01:15:00+0200,185.014,EUR/MWh,DE,DE,imbalance_price,Long,2026-09-16T08:18:27Z
2026-09-16T08:15:06Z,2026-09-16T10:15:06+0200,2f3d54eb-4233-4144-b05e-f166a3215a4a,2026-09-09T23:15:00Z,2026-09-10T01:15:00+0200,185.014,EUR/MWh,DE,DE,imbalance_price,Short,2026-09-16T08:18:27Z
2026-09-16T08:15:06Z,2026-09-16T10:15:06+0200,2f3d54eb-4233-4144-b05e-f166a3215a4a,2026-09-09T23:30:00Z,2026-09-10T01:30:00+0200,186.21,EUR/MWh,DE,DE,imbalance_price,Long,2026-09-16T08:18:27Z
2026-09-16T08:15:06Z,2026-09-16T10:15:06+0200,2f3d54eb-4233-4144-b05e-f166a3215a4a,2026-09-09T23:30:00Z,2026-09-10T01:30:00+0200,186.21,EUR/MWh,DE,DE,imbalance_price,Short,2026-09-16T08:18:27Z
2026-09-16T08:15:06Z,2026-09-16T10:15:06+0200,2f3d54eb-4233-4144-b05e-f166a3215a4a,2026-09-09T23:45:00Z,2026-09-10T01:45:00+0200,116.147,EUR/MWh,DE,DE,imbalance_price,Long,2026-09-16T08:18:27Z
2026-09-16T08:15:06Z,2026-09-16T10:15:06+0200,2f3d54eb-4233-4144-b05e-f166a3215a4a,2026-09-09T23:45:00Z,2026-09-10T01:45:00+0200,116.147,EUR/MWh,DE,DE,imbalance_price,Short,2026-09-16T08:18:27Z
2026-09-16T08:15:06Z,2026-09-16T10:15:06+0200,2f3d54eb-4233-4144-b05e-f166a3215a4a,2026-09-10T00:00:00Z,2026-09-10T02:00:00+0200,174.558,EUR/MWh,DE,DE,imbalance_price,Long,2026-09-16T08:18:27Z
2026-09-16T08:15:06Z,2026-09-16T10:15:06+0200,2f3d54eb-4233-4144-b05e-f166a3215a4a,2026-09-10T00:00:00Z,2026-09-10T02:00:00+0200,174.558,EUR/MWh,DE,DE,imbalance_price,Short,2026-09-16T08:18:27Z
2026-09-16T08:15:06Z,2026-09-16T10:15:06+0200,2f3d54eb-4233-4144-b05e-f166a3215a4a,2026-09-10T00:15:00Z,2026-09-10T02:15:00+0200,191.306,EUR/MWh,DE,DE,imbalance_price,Long,2026-09-16T08:18:27Z
2026-09-16T08:15:06Z,2026-09-16T10:15:06+0200,2f3d54eb-4233-4144-b05e-f166a3215a4a,2026-09-10T00:15:00Z,2026-09-10T02:15:00+0200,191.306,EUR/MWh,DE,DE,imbalance_price,Short,2026-09-16T08:18:27Z
2026-09-16T08:15:06Z,2026-09-16T10:15:06+0200,2f3d54eb-4233-4144-b05e-f166a3215a4a,2026-09-10T00:30:00Z,2026-09-10T02:30:00+0200,176.727,EUR/MWh,DE,DE,imbalance_price,Long,2026-09-16T08:18:27Z
2026-09-16T08:15:06Z,2026-09-16T10:15:06+0200,2f3d54eb-4233-4144-b05e-f166a3215a4a,2026-09-10T00:30:00Z,2026-09-10T02:30:00+0200,176.727,EUR/MWh,DE,DE,imbalance_price,Short,2026-09-16T08:18:27Z
2026-09-16T08:15:06Z,2026-09-16T10:15:06+0200,2f3d54eb-4233-4144-b05e-f166a3215a4a,2026-09-10T00:45:00Z,2026-09-10T02:45:00+0200,135.09,EUR/MWh,DE,DE,imbalance_price,Long,2026-09-16T08:18:27Z
2026-09-16T08:15:06Z,2026-09-16T10:15:06+0200,2f3d54eb-4233-4144-b05e-f166a3215a4a,2026-09-10T00:45:00Z,2026-09-10T02:45:00+0200,135.09,EUR/MWh,DE,DE,imbalance_price,Short,2026-09-16T08:18:27Z
2026-09-16T08:15:06Z,2026-09-16T10:15:06+0200,2f3d54eb-4233-4144-b05e-f166a3215a4a,2026-09-10T01:00:00Z,2026-09-10T03:00:00+0200,179.803,EUR/MWh,DE,DE,imbalance_price,Long,2026-09-16T08:18:27Z
2026-09-16T08:15:06Z,2026-09-16T10:15:06+0200,2f3d54eb-4233-4144-b05e-f166a3215a4a,2026-09-10T01:00:00Z,2026-09-10T03:00:00+0200,179.803,EUR/MWh,DE,DE,imbalance_price,Short,2026-09-16T08:18:27Z
2026-09-16T08:15:06Z,2026-09-16T10:15:06+0200,2f3d54eb-4233-4144-b05e-f166a3215a4a,2026-09-10T01:15:00Z,2026-09-10T03:15:00+0200,173.633,EUR/MWh,DE,DE,imbalance_price,Long,2026-09-16T08:18:27Z
2026-09-16T08:15:06Z,2026-09-16T10:15:06+0200,2f3d54eb-4233-4144-b05e-f166a3215a4a,2026-09-10T01:15:00Z,2026-09-10T03:15:00+0200,173.633,EUR/MWh,DE,DE,imbalance_price,Short,2026-09-16T08:18:27Z
2026-09-16T08:15:06Z,2026-09-16T10:15:06+0200,2f3d54eb-4233-4144-b05e-f166a3215a4a,2026-09-10T01:30:00Z,2026-09-10T03:30:00+0200,99.506,EUR/MWh,DE,DE,imbalance_price,Long,2026-09-16T08:18:27Z
2026-09-16T08:15:06Z,2026-09-16T10:15:06+0200,2f3d54eb-4233-4144-b05e-f166a3215a4a,2026-09-10T01:30:00Z,2026-09-10T03:30:00+0200,99.506,EUR/MWh,DE,DE,imbalance_price,Short,2026-09-16T08:18:27Z
2026-09-16T08:15:06Z,2026-09-16T10:15:06+0200,2f3d54eb-4233-4144-b05e-f166a3215a4a,2026-09-10T01:45:00Z,2026-09-10T03:45:00+0200,186.4,EUR/MWh,DE,DE,imbalance_price,Long,2026-09-16T08:18:27Z
2026-09-16T08:15:06Z,2026-09-16T10:15:06+0200,2f3d54eb-4233-4144-b05e-f166a3215a4a,2026-09-10T01:45:00Z,2026-09-10T03:45:00+0200,186.4,EUR/MWh,DE,DE,imbalance_price,Short,2026-09-16T08:18:27Z
2026-09-16T08:15:06Z,2026-09-16T10:15:06+0200,2f3d54eb-4233-4144-b05e-f166a3215a4a,2026-09-10T02:00:00Z,2026-09-10T04:00:00+0200,188.662,EUR/MWh,DE,DE,imbalance_price,Long,2026-09-16T08:18:27Z
2026-09-16T08:15:06Z,2026-09-16T10:15:06+0200,2f3d54eb-4233-4144-b05e-f166a3215a4a,2026-09-10T02:00:00Z,2026-09-10T04:00:00+0200,188.662,EUR/MWh,DE,DE,imbalance_price,Short,2026-09-16T08:18:27Z
2026-09-16T08:15:06Z,2026-09-16T10:15:06+0200,2f3d54eb-4233-4144-b05e-f166a3215a4a,2026-09-10T02:15:00Z,2026-09-10T04:15:00+0200,165.631,EUR/MWh,DE,DE,imbalance_price,Long,2026-09-16T08:18:27Z
2026-09-16T08:15:06Z,2026-09-16T10:15:06+0200,2f3d54eb-4233-4144-b05e-f166a3215a4a,2026-09-10T02:15:00Z,2026-09-10T04:15:00+0200,165.631,EUR/MWh,DE,DE,imbalance_price,Short,2026-09-16T08:18:27Z
2026-09-16T08:15:06Z,2026-09-16T10:15:06+0200,2f3d54eb-4233-4144-b05e-f166a3215a4a,2026-09-10T02:30:00Z,2026-09-10T04:30:00+0200,177.308,EUR/MWh,DE,DE,imbalance_price,Long,2026-09-16T08:18:27Z
2026-09-16T08:15:06Z,2026-09-16T10:15:06+0200,2f3d54eb-4233-4144-b05e-f166a3215a4a,2026-09-10T02:30:00Z,2026-09-10T04:30:00+0200,177.308,EUR/MWh,DE,DE,imbalance_price,Short,2026-09-16T08:18:27Z
2026-09-16T08:15:06Z,2026-09-16T10:15:06+0200,2f3d54eb-4233-4144-b05e-f166a3215a4a,2026-09-10T02:45:00Z,2026-09-10T04:45:00+0200,161.199,EUR/MWh,DE,DE,imbalance_price,Long,2026-09-16T08:18:27Z
2026-09-16T08:15:06Z,2026-09-16T10:15:06+0200,2f3d54eb-4233-4144-b05e-f166a3215a4a,2026-09-10T02:45:00Z,2026-09-10T04:45:00+0200,161.199,EUR/MWh,DE,DE,imbalance_price,Short,2026-09-16T08:18:27Z
2026-09-16T08:15:06Z,2026-09-16T10:15:06+0200,2f3d54eb-4233-4144-b05e-f166a3215a4a,2026-09-10T03:00:00Z,2026-09-10T05:00:00+0200,198.3,EUR/MWh,DE,DE,imbalance_price,Long,2026-09-16T08:18:27Z
2026-09-16T08:15:06Z,2026-09-16T10:15:06+0200,2f3d54eb-4233-4144-b05e-f166a3215a4a,2026-09-10T03:00:00Z,2026-09-10T05:00:00+0200,198.3,EUR/MWh,DE,DE,imbalance_price,Short,2026-09-16T08:18:27Z
2026-09-16T08:15:06Z,2026-09-16T10:15:06+0200,2f3d54eb-4233-4144-b05e-f166a3215a4a,2026-09-10T03:15:00Z,2026-09-10T05:15:00+0200,159.324,EUR/MWh,DE,DE,imbalance_price,Long,2026-09-16T08:18:27Z
2026-09-16T08:15:06Z,2026-09-16T10:15:06+0200,2f3d54eb-4233-4144-b05e-f166a3215a4a,2026-09-10T03:15:00Z,2026-09-10T05:15:00+0200,159.324,EUR/MWh,DE,DE,imbalance_price,Short,2026-09-16T08:18:27Z
2026-09-16T08:15:06Z,2026-09-16T10:15:06+0200,2f3d54eb-4233-4144-b05e-f166a3215a4a,2026-09-10T03:30:00Z,2026-09-10T05:30:00+0200,132.075,EUR/MWh,DE,DE,imbalance_price,Long,2026-09-16T08:18:27Z
2026-09-16T08:15:06Z,2026-09-16T10:15:06+0200,2f3d54eb-4233-4144-b05e-f166a3215a4a,2026-09-10T03:30:00Z,2026-09-10T05:30:00+0200,132.075,EUR/MWh,DE,DE,imbalance_price,Short,2026-09-16T08:18:27Z
2026-09-16T08:15:06Z,2026-09-16T10:15:06+0200,2f3d54eb-4233-4144-b05e-f166a3215a4a,2026-09-10T03:45:00Z,2026-09-10T05:45:00+0200,118.53,EUR/MWh,DE,DE,imbalance_price,Long,2026-09-16T08:18:27Z
2026-09-16T08:15:06Z,2026-09-16T10:15:06+0200,2f3d54eb-4233-4144-b05e-f166a3215a4a,2026-09-10T03:45:00Z,2026-09-10T05:45:00+0200,118.53,EUR/MWh,DE,DE,imbalance_price,Short,2026-09-16T08:18:27Z
2026-09-16T08:15:06Z,2026-09-16T10:15:06+0200,2f3d54eb-4233-4144-b05e-f166a3215a4a,2026-09-10T04:00:00Z,2026-09-10T06:00:00+0200,111.686,EUR/MWh,DE,DE,imbalance_price,Long,2026-09-16T08:18:27Z
2026-09-16T08:15:06Z,2026-09-16T10:15:06+0200,2f3d54eb-4233-4144-b05e-f166a3215a4a,2026-09-10T04:00:00Z,2026-09-10T06:00:00+0200,111.686,EUR/MWh,DE,DE,imbalance_price,Short,2026-09-16T08:18:27Z
2026-09-16T08:15:06Z,2026-09-16T10:15:06+0200,2f3d54eb-4233-4144-b05e-f166a3215a4a,2026-09-10T04:15:00Z,2026-09-10T06:15:00+0200,226.388,EUR/MWh,DE,DE,imbalance_price,Long,2026-09-16T08:18:27Z
2026-09-16T08:15:06Z,2026-09-16T10:15:06+0200,2f3d54eb-4233-4144-b05e-f166a3215a4a,2026-09-10T04:15:00Z,2026-09-10T06:15:00+0200,226.388,EUR/MWh,DE,DE,imbalance_price,Short,2026-09-16T08:18:27Z
2026-09-16T08:15:06Z,2026-09-16T10:15:06+0200,2f3d54eb-4233-4144-b05e-f166a3215a4a,2026-09-10T04:30:00Z,2026-09-10T06:30:00+0200,268.563,EUR/MWh,DE,DE,imbalance_price,Long,2026-09-16T08:18:27Z
2026-09-16T08:15:06Z,2026-09-16T10:15:06+0200,2f3d54eb-4233-4144-b05e-f166a3215a4a,2026-09-10T04:30:00Z,2026-09-10T06:30:00+0200,268.563,EUR/MWh,DE,DE,imbalance_price,Short,2026-09-16T08:18:27Z
2026-09-16T08:15:06Z,2026-09-16T10:15:06+0200,2f3d54eb-4233-4144-b05e-f166a3215a4a,2026-09-10T04:45:00Z,2026-09-10T06:45:00+0200,186.988,EUR/MWh,DE,DE,imbalance_price,Long,2026-09-16T08:18:27Z
2026-09-16T08:15:06Z,2026-09-16T10:15:06+0200,2f3d54eb-4233-4144-b05e-f166a3215a4a,2026-09-10T04:45:00Z,2026-09-10T06:45:00+0200,186.988,EUR/MWh,DE,DE,imbalance_price,Short,2026-09-16T08:18:27Z
2026-09-16T08:15:06Z,2026-09-16T10:15:06+0200,2f3d54eb-4233-4144-b05e-f166a3215a4a,2026-09-10T05:00:00Z,2026-09-10T07:00:00+0200,155.063,EUR/MWh,DE,DE,imbalance_price,Long,2026-09-16T08:18:27Z
2026-09-16T08:15:06Z,2026-09-16T10:15:06+0200,2f3d54eb-4233-4144-b05e-f166a3215a4a,2026-09-10T05:00:00Z,2026-09-10T07:00:00+0200,155.063,EUR/MWh,DE,DE,imbalance_price,Short,2026-09-16T08:18:27Z
2026-09-16T08:15:06Z,2026-09-16T10:15:06+0200,2f3d54eb-4233-4144-b05e-f166a3215a4a,2026-09-10T05:15:00Z,2026-09-10T07:15:00+0200,212.469,EUR/MWh,DE,DE,imbalance_price,Long,2026-09-16T08:18:27Z
2026-09-16T08:15:06Z,2026-09-16T10:15:06+0200,2f3d54eb-4233-4144-b05e-f166a3215a4a,2026-09-10T05:15:00Z,2026-09-10T07:15:00+0200,212.469,EUR/MWh,DE,DE,imbalance_price,Short,2026-09-16T08:18:27Z
2026-09-16T08:15:06Z,2026-09-16T10:15:06+0200,2f3d54eb-4233-4144-b05e-f166a3215a4a,2026-09-10T05:30:00Z,2026-09-10T07:30:00+0200,261.488,EUR/MWh,DE,DE,imbalance_price,Long,2026-09-16T08:18:27Z
2026-09-16T08:15:06Z,2026-09-16T10:15:06+0200,2f3d54eb-4233-4144-b05e-f166a3215a4a,2026-09-10T05:30:00Z,2026-09-10T07:30:00+0200,261.488,EUR/MWh,DE,DE,imbalance_price,Short,2026-09-16T08:18:27Z
2026-09-16T08:15:06Z,2026-09-16T10:15:06+0200,2f3d54eb-4233-4144-b05e-f166a3215a4a,2026-09-10T05:45:00Z,2026-09-10T07:45:00+0200,281.09,EUR/MWh,DE,DE,imbalance_price,Long,2026-09-16T08:18:27Z
2026-09-16T08:15:06Z,2026-09-16T10:15:06+0200,2f3d54eb-4233-4144-b05e-f166a3215a4a,2026-09-10T05:45:00Z,2026-09-10T07:45:00+0200,281.09,EUR/MWh,DE,DE,imbalance_price,Short,2026-09-16T08:18:27Z
2026-09-16T08:15:06Z,2026-09-16T10:15:06+0200,2f3d54eb-4233-4144-b05e-f166a3215a4a,2026-09-10T06:00:00Z,2026-09-10T08:00:00+0200,201.428,EUR/MWh,DE,DE,imbalance_price,Long,2026-09-16T08:18:27Z
2026-09-16T08:15:06Z,2026-09-16T10:15:06+0200,2f3d54eb-4233-4144-b05e-f166a3215a4a,2026-09-10T06:00:00Z,2026-09-10T08:00:00+0200,201.428,EUR/MWh,DE,DE,imbalance_price,Short,2026-09-16T08:18:27Z
2026-09-16T08:15:06Z,2026-09-16T10:15:06+0200,2f3d54eb-4233-4144-b05e-f166a3215a4a,2026-09-10T06:15:00Z,2026-09-10T08:15:00+0200,128.94,EUR/MWh,DE,DE,imbalance_price,Long,2026-09-16T08:18:27Z
2026-09-16T08:15:06Z,2026-09-16T10:15:06+0200,2f3d54eb-4233-4144-b05e-f166a3215a4a,2026-09-10T06:15:00Z,2026-09-10T08:15:00+0200,128.94,EUR/MWh,DE,DE,imbalance_price,Short,2026-09-16T08:18:27Z
2026-09-16T08:15:06Z,2026-09-16T10:15:06+0200,2f3d54eb-4233-4144-b05e-f166a3215a4a,2026-09-10T06:30:00Z,2026-09-10T08:30:00+0200,130.132,EUR/MWh,DE,DE,imbalance_price,Long,2026-09-16T08:18:27Z
2026-09-16T08:15:06Z,2026-09-16T10:15:06+0200,2f3d54eb-4233-4144-b05e-f166a3215a4a,2026-09-10T06:30:00Z,2026-09-10T08:30:00+0200,130.132,EUR/MWh,DE,DE,imbalance_price,Short,2026-09-16T08:18:27Z
2026-09-16T08:15:06Z,2026-09-16T10:15:06+0200,2f3d54eb-4233-4144-b05e-f166a3215a4a,2026-09-10T06:45:00Z,2026-09-10T08:45:00+0200,147.991,EUR/MWh,DE,DE,imbalance_price,Long,2026-09-16T08:18:27Z
2026-09-16T08:15:06Z,2026-09-16T10:15:06+0200,2f3d54eb-4233-4144-b05e-f166a3215a4a,2026-09-10T06:45:00Z,2026-09-10T08:45:00+0200,147.991,EUR/MWh,DE,DE,imbalance_price,Short,2026-09-16T08:18:27Z
2026-09-16T08:15:06Z,2026-09-16T10:15:06+0200,2f3d54eb-4233-4144-b05e-f166a3215a4a,2026-09-10T07:00:00Z,2026-09-10T09:00:00+0200,119.178,EUR/MWh,DE,DE,imbalance_price,Long,2026-09-16T08:18:27Z
2026-09-16T08:15:06Z,2026-09-16T10:15:06+0200,2f3d54eb-4233-4144-b05e-f166a3215a4a,2026-09-10T07:00:00Z,2026-09-10T09:00:00+0200,119.178,EUR/MWh,DE,DE,imbalance_price,Short,2026-09-16T08:18:27Z
2026-09-16T08:15:06Z,2026-09-16T10:15:06+0200,2f3d54eb-4233-4144-b05e-f166a3215a4a,2026-09-10T07:15:00Z,2026-09-10T09:15:00+0200,138.704,EUR/MWh,DE,DE,imbalance_price,Long,2026-09-16T08:18:27Z
2026-09-16T08:15:06Z,2026-09-16T10:15:06+0200,2f3d54eb-4233-4144-b05e-f166a3215a4a,2026-09-10T07:15:00Z,2026-09-10T09:15:00+0200,138.704,EUR/MWh,DE,DE,imbalance_price,Short,2026-09-16T08:18:27Z
2026-09-16T08:15:06Z,2026-09-16T10:15:06+0200,2f3d54eb-4233-4144-b05e-f166a3215a4a,2026-09-10T07:30:00Z,2026-09-10T09:30:00+0200,141.946,EUR/MWh,DE,DE,imbalance_price,Long,2026-09-16T08:18:27Z
2026-09-16T08:15:06Z,2026-09-16T10:15:06+0200,2f3d54eb-4233-4144-b05e-f166a3215a4a,2026-09-10T07:30:00Z,2026-09-10T09:30:00+0200,141.946,EUR/MWh,DE,DE,imbalance_price,Short,2026-09-16T08:18:27Z
2026-09-16T08:15:06Z,2026-09-16T10:15:06+0200,2f3d54eb-4233-4144-b05e-f166a3215a4a,2026-09-10T07:45:00Z,2026-09-10T09:45:00+0200,139.45,EUR/MWh,DE,DE,imbalance_price,Long,2026-09-16T08:18:27Z
2026-09-16T08:15:06Z,2026-09-16T10:15:06+0200,2f3d54eb-4233-4144-b05e-f166a3215a4a,2026-09-10T07:45:00Z,2026-09-10T09:45:00+0200,139.45,EUR/MWh,DE,DE,imbalance_price,Short,2026-09-16T08:18:27Z
2026-09-16T08:15:06Z,2026-09-16T10:15:06+0200,2f3d54eb-4233-4144-b05e-f166a3215a4a,2026-09-10T08:00:00Z,2026-09-10T10:00:00+0200,219.098,EUR/MWh,DE,DE,imbalance_price,Long,2026-09-16T08:18:27Z
2026-09-16T08:15:06Z,2026-09-16T10:15:06+0200,2f3d54eb-4233-4144-b05e-f166a3215a4a,2026-09-10T08:00:00Z,2026-09-10T10:00:00+0200,219.098,EUR/MWh,DE,DE,imbalance_price,Short,2026-09-16T08:18:27Z
2026-09-16T08:15:06Z,2026-09-16T10:15:06+0200,2f3d54eb-4233-4144-b05e-f166a3215a4a,2026-09-10T08:15:00Z,2026-09-10T10:15:00+0200,113.685,EUR/MWh,DE,DE,imbalance_price,Long,2026-09-16T08:18:27Z
2026-09-16T08:15:06Z,2026-09-16T10:15:06+0200,2f3d54eb-4233-4144-b05e-f166a3215a4a,2026-09-10T08:15:00Z,2026-09-10T10:15:00+0200,113.685,EUR/MWh,DE,DE,imbalance_price,Short,2026-09-16T08:18:27Z
2026-09-16T08:15:06Z,2026-09-16T10:15:06+0200,2f3d54eb-4233-4144-b05e-f166a3215a4a,2026-09-10T08:30:00Z,2026-09-10T10:30:00+0200,80.294,EUR/MWh,DE,DE,imbalance_price,Long,2026-09-16T08:18:27Z
2026-09-16T08:15:06Z,2026-09-16T10:15:06+0200,2f3d54eb-4233-4144-b05e-f166a3215a4a,2026-09-10T08:30:00Z,2026-09-10T10:30:00+0200,80.294,EUR/MWh,DE,DE,imbalance_price,Short,2026-09-16T08:18:27Z
2026-09-16T08:15:06Z,2026-09-16T10:15:06+0200,2f3d54eb-4233-4144-b05e-f166a3215a4a,2026-09-10T08:45:00Z,2026-09-10T10:45:00+0200,135.252,EUR/MWh,DE,DE,imbalance_price,Long,2026-09-16T08:18:27Z
2026-09-16T08:15:06Z,2026-09-16T10:15:06+0200,2f3d54eb-4233-4144-b05e-f166a3215a4a,2026-09-10T08:45:00Z,2026-09-10T10:45:00+0200,135.252,EUR/MWh,DE,DE,imbalance_price,Short,2026-09-16T08:18:27Z
2026-09-16T08:15:06Z,2026-09-16T10:15:06+0200,2f3d54eb-4233-4144-b05e-f166a3215a4a,2026-09-10T09:00:00Z,2026-09-10T11:00:00+0200,142.017,EUR/MWh,DE,DE,imbalance_price,Long,2026-09-16T08:18:27Z
2026-09-16T08:15:06Z,2026-09-16T10:15:06+0200,2f3d54eb-4233-4144-b05e-f166a3215a4a,2026-09-10T09:00:00Z,2026-09-10T11:00:00+0200,142.017,EUR/MWh,DE,DE,imbalance_price,Short,2026-09-16T08:18:27Z
2026-09-16T08:15:06Z,2026-09-16T10:15:06+0200,2f3d54eb-4233-4144-b05e-f166a3215a4a,2026-09-10T09:15:00Z,2026-09-10T11:15:00+0200,156.605,EUR/MWh,DE,DE,imbalance_price,Long,2026-09-16T08:18:27Z
2026-09-16T08:15:06Z,2026-09-16T10:15:06+0200,2f3d54eb-4233-4144-b05e-f166a3215a4a,2026-09-10T09:15:00Z,2026-09-10T11:15:00+0200,156.605,EUR/MWh,DE,DE,imbalance_price,Short,2026-09-16T08:18:27Z
2026-09-16T08:15:06Z,2026-09-16T10:15:06+0200,2f3d54eb-4233-4144-b05e-f166a3215a4a,2026-09-10T09:30:00Z,2026-09-10T11:30:00+0200,44.063,EUR/MWh,DE,DE,imbalance_price,Long,2026-09-16T08:18:27Z
2026-09-16T08:15:06Z,2026-09-16T10:15:06+0200,2f3d54eb-4233-4144-b05e-f166a3215a4a,2026-09-10T09:30:00Z,2026-09-10T11:30:00+0200,44.063,EUR/MWh,DE,DE,imbalance_price,Short,2026-09-16T08:18:27Z
2026-09-16T08:15:06Z,2026-09-16T10:15:06+0200,2f3d54eb-4233-4144-b05e-f166a3215a4a,2026-09-10T09:45:00Z,2026-09-10T11:45:00+0200,72.086,EUR/MWh,DE,DE,imbalance_price,Long,2026-09-16T08:18:27Z
2026-09-16T08:15:06Z,2026-09-16T10:15:06+0200,2f3d54eb-4233-4144-b05e-f166a3215a4a,2026-09-10T09:45:00Z,2026-09-10T11:45:00+0200,72.086,EUR/MWh,DE,DE,imbalance_price,Short,2026-09-16T08:18:27Z
2026-09-16T08:15:06Z,2026-09-16T10:15:06+0200,2f3d54eb-4233-4144-b05e-f166a3215a4a,2026-09-10T10:00:00Z,2026-09-10T12:00:00+0200,12.636,EUR/MWh,DE,DE,imbalance_price,Long,2026-09-16T08:18:27Z
2026-09-16T08:15:06Z,2026-09-16T10:15:06+0200,2f3d54eb-4233-4144-b05e-f166a3215a4a,2026-09-10T10:00:00Z,2026-09-10T12:00:00+0200,12.636,EUR/MWh,DE,DE,imbalance_price,Short,2026-09-16T08:18:27Z
2026-09-16T08:15:06Z,2026-09-16T10:15:06+0200,2f3d54eb-4233-4144-b05e-f166a3215a4a,2026-09-10T10:15:00Z,2026-09-10T12:15:00+0200,52.718,EUR/MWh,DE,DE,imbalance_price,Long,2026-09-16T08:18:27Z
2026-09-16T08:15:06Z,2026-09-16T10:15:06+0200,2f3d54eb-4233-4144-b05e-f166a3215a4a,2026-09-10T10:15:00Z,2026-09-10T12:15:00+0200,52.718,EUR/MWh,DE,DE,imbalance_price,Short,2026-09-16T08:18:27Z
2026-09-16T08:15:06Z,2026-09-16T10:15:06+0200,2f3d54eb-4233-4144-b05e-f166a3215a4a,2026-09-10T10:30:00Z,2026-09-10T12:30:00+0200,22.48,EUR/MWh,DE,DE,imbalance_price,Long,2026-09-16T08:18:27Z
2026-09-16T08:15:06Z,2026-09-16T10:15:06+0200,2f3d54eb-4233-4144-b05e-f166a3215a4a,2026-09-10T10:30:00Z,2026-09-10T12:30:00+0200,22.48,EUR/MWh,DE,DE,imbalance_price,Short,2026-09-16T08:18:27Z
2026-09-16T08:15:06Z,2026-09-16T10:15:06+0200,2f3d54eb-4233-4144-b05e-f166a3215a4a,2026-09-10T10:45:00Z,2026-09-10T12:45:00+0200,55.179,EUR/MWh,DE,DE,imbalance_price,Long,2026-09-16T08:18:27Z
2026-09-16T08:15:06Z,2026-09-16T10:15:06+0200,2f3d54eb-4233-4144-b05e-f166a3215a4a,2026-09-10T10:45:00Z,2026-09-10T12:45:00+0200,55.179,EUR/MWh,DE,DE,imbalance_price,Short,2026-09-16T08:18:27Z
2026-09-16T08:15:06Z,2026-09-16T10:15:06+0200,2f3d54eb-4233-4144-b05e-f166a3215a4a,2026-09-10T11:00:00Z,2026-09-10T13:00:00+0200,57.221,EUR/MWh,DE,DE,imbalance_price,Long,2026-09-16T08:18:27Z
2026-09-16T08:15:06Z,2026-09-16T10:15:06+0200,2f3d54eb-4233-4144-b05e-f166a3215a4a,2026-09-10T11:00:00Z,2026-09-10T13:00:00+0200,57.221,EUR/MWh,DE,DE,imbalance_price,Short,2026-09-16T08:18:27Z
2026-09-16T08:15:06Z,2026-09-16T10:15:06+0200,2f3d54eb-4233-4144-b05e-f166a3215a4a,2026-09-10T11:15:00Z,2026-09-10T13:15:00+0200,17.116,EUR/MWh,DE,DE,imbalance_price,Long,2026-09-16T08:18:27Z
2026-09-16T08:15:06Z,2026-09-16T10:15:06+0200,2f3d54eb-4233-4144-b05e-f166a3215a4a,2026-09-10T11:15:00Z,2026-09-10T13:15:00+0200,17.116,EUR/MWh,DE,DE,imbalance_price,Short,2026-09-16T08:18:27Z
2026-09-16T08:15:06Z,2026-09-16T10:15:06+0200,2f3d54eb-4233-4144-b05e-f166a3215a4a,2026-09-10T11:30:00Z,2026-09-10T13:30:00+0200,-4.893,EUR/MWh,DE,DE,imbalance_price,Long,2026-09-16T08:18:27Z
2026-09-16T08:15:06Z,2026-09-16T10:15:06+0200,2f3d54eb-4233-4144-b05e-f166a3215a4a,2026-09-10T11:30:00Z,2026-09-10T13:30:00+0200,-4.893,EUR/MWh,DE,DE,imbalance_price,Short,2026-09-16T08:18:27Z
2026-09-16T08:15:06Z,2026-09-16T10:15:06+0200,2f3d54eb-4233-4144-b05e-f166a3215a4a,2026-09-10T11:45:00Z,2026-09-10T13:45:00+0200,14.443,EUR/MWh,DE,DE,imbalance_price,Long,2026-09-16T08:18:27Z
2026-09-16T08:15:06Z,2026-09-16T10:15:06+0200,2f3d54eb-4233-4144-b05e-f166a3215a4a,2026-09-10T11:45:00Z,2026-09-10T13:45:00+0200,14.443,EUR/MWh,DE,DE,imbalance_price,Short,2026-09-16T08:18:27Z
2026-09-16T08:15:06Z,2026-09-16T10:15:06+0200,2f3d54eb-4233-4144-b05e-f166a3215a4a,2026-09-10T12:00:00Z,2026-09-10T14:00:00+0200,23.874,EUR/MWh,DE,DE,imbalance_price,Long,2026-09-16T08:18:27Z
2026-09-16T08:15:06Z,2026-09-16T10:15:06+0200,2f3d54eb-4233-4144-b05e-f166a3215a4a,2026-09-10T12:00:00Z,2026-09-10T14:00:00+0200,23.874,EUR/MWh,DE,DE,imbalance_price,Short,2026-09-16T08:18:27Z
2026-09-16T08:15:06Z,2026-09-16T10:15:06+0200,2f3d54eb-4233-4144-b05e-f166a3215a4a,2026-09-10T12:15:00Z,2026-09-10T14:15:00+0200,35.18,EUR/MWh,DE,DE,imbalance_price,Long,2026-09-16T08:18:27Z
2026-09-16T08:15:06Z,2026-09-16T10:15:06+0200,2f3d54eb-4233-4144-b05e-f166a3215a4a,2026-09-10T12:15:00Z,2026-09-10T14:15:00+0200,35.18,EUR/MWh,DE,DE,imbalance_price,Short,2026-09-16T08:18:27Z
2026-09-16T08:15:06Z,2026-09-16T10:15:06+0200,2f3d54eb-4233-4144-b05e-f166a3215a4a,2026-09-10T12:30:00Z,2026-09-10T14:30:00+0200,61.013,EUR/MWh,DE,DE,imbalance_price,Long,2026-09-16T08:18:27Z
2026-09-16T08:15:06Z,2026-09-16T10:15:06+0200,2f3d54eb-4233-4144-b05e-f166a3215a4a,2026-09-10T12:30:00Z,2026-09-10T14:30:00+0200,61.013,EUR/MWh,DE,DE,imbalance_price,Short,2026-09-16T08:18:27Z
2026-09-16T08:15:06Z,2026-09-16T10:15:06+0200,2f3d54eb-4233-4144-b05e-f166a3215a4a,2026-09-10T12:45:00Z,2026-09-10T14:45:00+0200,88.668,EUR/MWh,DE,DE,imbalance_price,Long,2026-09-16T08:18:27Z
2026-09-16T08:15:06Z,2026-09-16T10:15:06+0200,2f3d54eb-4233-4144-b05e-f166a3215a4a,2026-09-10T12:45:00Z,2026-09-10T14:45:00+0200,88.668,EUR/MWh,DE,DE,imbalance_price,Short,2026-09-16T08:18:27Z
2026-09-16T08:15:06Z,2026-09-16T10:15:06+0200,2f3d54eb-4233-4144-b05e-f166a3215a4a,2026-09-10T13:00:00Z,2026-09-10T15:00:00+0200,110.416,EUR/MWh,DE,DE,imbalance_price,Long,2026-09-16T08:18:27Z
2026-09-16T08:15:06Z,2026-09-16T10:15:06+0200,2f3d54eb-4233-4144-b05e-f166a3215a4a,2026-09-10T13:00:00Z,2026-09-10T15:00:00+0200,110.416,EUR/MWh,DE,DE,imbalance_price,Short,2026-09-16T08:18:27Z
2026-09-16T08:15:06Z,2026-09-16T10:15:06+0200,2f3d54eb-4233-4144-b05e-f166a3215a4a,2026-09-10T13:15:00Z,2026-09-10T15:15:00+0200,41.485,EUR/MWh,DE,DE,imbalance_price,Long,2026-09-16T08:18:27Z
2026-09-16T08:15:06Z,2026-09-16T10:15:06+0200,2f3d54eb-4233-4144-b05e-f166a3215a4a,2026-09-10T13:15:00Z,2026-09-10T15:15:00+0200,41.485,EUR/MWh,DE,DE,imbalance_price,Short,2026-09-16T08:18:27Z
2026-09-16T08:15:06Z,2026-09-16T10:15:06+0200,2f3d54eb-4233-4144-b05e-f166a3215a4a,2026-09-10T13:30:00Z,2026-09-10T15:30:00+0200,52.632,EUR/MWh,DE,DE,imbalance_price,Long,2026-09-16T08:18:27Z
2026-09-16T08:15:06Z,2026-09-16T10:15:06+0200,2f3d54eb-4233-4144-b05e-f166a3215a4a,2026-09-10T13:30:00Z,2026-09-10T15:30:00+0200,52.632,EUR/MWh,DE,DE,imbalance_price,Short,2026-09-16T08:18:27Z
2026-09-16T08:15:06Z,2026-09-16T10:15:06+0200,2f3d54eb-4233-4144-b05e-f166a3215a4a,2026-09-10T13:45:00Z,2026-09-10T15:45:00+0200,70.6,EUR/MWh,DE,DE,imbalance_price,Long,2026-09-16T08:18:27Z
2026-09-16T08:15:06Z,2026-09-16T10:15:06+0200,2f3d54eb-4233-4144-b05e-f166a3215a4a,2026-09-10T13:45:00Z,2026-09-10T15:45:00+0200,70.6,EUR/MWh,DE,DE,imbalance_price,Short,2026-09-16T08:18:27Z
2026-09-16T08:15:06Z,2026-09-16T10:15:06+0200,2f3d54eb-4233-4144-b05e-f166a3215a4a,2026-09-10T14:00:00Z,2026-09-10T16:00:00+0200,147.656,EUR/MWh,DE,DE,imbalance_price,Long,2026-09-16T08:18:27Z
2026-09-16T08:15:06Z,2026-09-16T10:15:06+0200,2f3d54eb-4233-4144-b05e-f166a3215a4a,2026-09-10T14:00:00Z,2026-09-10T16:00:00+0200,147.656,EUR/MWh,DE,DE,imbalance_price,Short,2026-09-16T08:18:27Z
2026-09-16T08:15:06Z,2026-09-16T10:15:06+0200,2f3d54eb-4233-4144-b05e-f166a3215a4a,2026-09-10T14:15:00Z,2026-09-10T16:15:00+0200,157.959,EUR/MWh,DE,DE,imbalance_price,Long,2026-09-16T08:18:27Z
2026-09-16T08:15:06Z,2026-09-16T10:15:06+0200,2f3d54eb-4233-4144-b05e-f166a3215a4a,2026-09-10T14:15:00Z,2026-09-10T16:15:00+0200,157.959,EUR/MWh,DE,DE,imbalance_price,Short,2026-09-16T08:18:27Z
2026-09-16T08:15:06Z,2026-09-16T10:15:06+0200,2f3d54eb-4233-4144-b05e-f166a3215a4a,2026-09-10T14:30:00Z,2026-09-10T16:30:00+0200,224.798,EUR/MWh,DE,DE,imbalance_price,Long,2026-09-16T08:18:27Z
2026-09-16T08:15:06Z,2026-09-16T10:15:06+0200,2f3d54eb-4233-4144-b05e-f166a3215a4a,2026-09-10T14:30:00Z,2026-09-10T16:30:00+0200,224.798,EUR/MWh,DE,DE,imbalance_price,Short,2026-09-16T08:18:27Z
2026-09-16T08:15:06Z,2026-09-16T10:15:06+0200,2f3d54eb-4233-4144-b05e-f166a3215a4a,2026-09-10T14:45:00Z,2026-09-10T16:45:00+0200,104.645,EUR/MWh,DE,DE,imbalance_price,Long,2026-09-16T08:18:27Z
2026-09-16T08:15:06Z,2026-09-16T10:15:06+0200,2f3d54eb-4233-4144-b05e-f166a3215a4a,2026-09-10T14:45:00Z,2026-09-10T16:45:00+0200,104.645,EUR/MWh,DE,DE,imbalance_price,Short,2026-09-16T08:18:27Z
2026-09-16T08:15:06Z,2026-09-16T10:15:06+0200,2f3d54eb-4233-4144-b05e-f166a3215a4a,2026-09-10T15:00:00Z,2026-09-10T17:00:00+0200,59.739,EUR/MWh,DE,DE,imbalance_price,Long,2026-09-16T08:18:27Z
2026-09-16T08:15:06Z,2026-09-16T10:15:06+0200,2f3d54eb-4233-4144-b05e-f166a3215a4a,2026-09-10T15:00:00Z,2026-09-10T17:00:00+0200,59.739,EUR/MWh,DE,DE,imbalance_price,Short,2026-09-16T08:18:27Z
2026-09-16T08:15:06Z,2026-09-16T10:15:06+0200,2f3d54eb-4233-4144-b05e-f166a3215a4a,2026-09-10T15:15:00Z,2026-09-10T17:15:00+0200,96.72,EUR/MWh,DE,DE,imbalance_price,Long,2026-09-16T08:18:27Z
2026-09-16T08:15:06Z,2026-09-16T10:15:06+0200,2f3d54eb-4233-4144-b05e-f166a3215a4a,2026-09-10T15:15:00Z,2026-09-10T17:15:00+0200,96.72,EUR/MWh,DE,DE,imbalance_price,Short,2026-09-16T08:18:27Z
2026-09-16T08:15:06Z,2026-09-16T10:15:06+0200,2f3d54eb-4233-4144-b05e-f166a3215a4a,2026-09-10T15:30:00Z,2026-09-10T17:30:00+0200,188.941,EUR/MWh,DE,DE,imbalance_price,Long,2026-09-16T08:18:27Z
2026-09-16T08:15:06Z,2026-09-16T10:15:06+0200,2f3d54eb-4233-4144-b05e-f166a3215a4a,2026-09-10T15:30:00Z,2026-09-10T17:30:00+0200,188.941,EUR/MWh,DE,DE,imbalance_price,Short,2026-09-16T08:18:27Z
2026-09-16T08:15:06Z,2026-09-16T10:15:06+0200,2f3d54eb-4233-4144-b05e-f166a3215a4a,2026-09-10T15:45:00Z,2026-09-10T17:45:00+0200,228.725,EUR/MWh,DE,DE,imbalance_price,Long,2026-09-16T08:18:27Z
2026-09-16T08:15:06Z,2026-09-16T10:15:06+0200,2f3d54eb-4233-4144-b05e-f166a3215a4a,2026-09-10T15:45:00Z,2026-09-10T17:45:00+0200,228.725,EUR/MWh,DE,DE,imbalance_price,Short,2026-09-16T08:18:27Z
2026-09-16T08:15:06Z,2026-09-16T10:15:06+0200,2f3d54eb-4233-4144-b05e-f166a3215a4a,2026-09-10T16:00:00Z,2026-09-10T18:00:00+0200,216.125,EUR/MWh,DE,DE,imbalance_price,Long,2026-09-16T08:18:27Z
2026-09-16T08:15:06Z,2026-09-16T10:15:06+0200,2f3d54eb-4233-4144-b05e-f166a3215a4a,2026-09-10T16:00:00Z,2026-09-10T18:00:00+0200,216.125,EUR/MWh,DE,DE,imbalance_price,Short,2026-09-16T08:18:27Z
2026-09-16T08:15:06Z,2026-09-16T10:15:06+0200,2f3d54eb-4233-4144-b05e-f166a3215a4a,2026-09-10T16:15:00Z,2026-09-10T18:15:00+0200,123.521,EUR/MWh,DE,DE,imbalance_price,Long,2026-09-16T08:18:27Z
2026-09-16T08:15:06Z,2026-09-16T10:15:06+0200,2f3d54eb-4233-4144-b05e-f166a3215a4a,2026-09-10T16:15:00Z,2026-09-10T18:15:00+0200,123.521,EUR/MWh,DE,DE,imbalance_price,Short,2026-09-16T08:18:27Z
2026-09-16T08:15:06Z,2026-09-16T10:15:06+0200,2f3d54eb-4233-4144-b05e-f166a3215a4a,2026-09-10T16:30:00Z,2026-09-10T18:30:00+0200,101.415,EUR/MWh,DE,DE,imbalance_price,Long,2026-09-16T08:18:27Z
2026-09-16T08:15:06Z,2026-09-16T10:15:06+0200,2f3d54eb-4233-4144-b05e-f166a3215a4a,2026-09-10T16:30:00Z,2026-09-10T18:30:00+0200,101.415,EUR/MWh,DE,DE,imbalance_price,Short,2026-09-16T08:18:27Z
2026-09-16T08:15:06Z,2026-09-16T10:15:06+0200,2f3d54eb-4233-4144-b05e-f166a3215a4a,2026-09-10T16:45:00Z,2026-09-10T18:45:00+0200,127.158,EUR/MWh,DE,DE,imbalance_price,Long,2026-09-16T08:18:27Z
2026-09-16T08:15:06Z,2026-09-16T10:15:06+0200,2f3d54eb-4233-4144-b05e-f166a3215a4a,2026-09-10T16:45:00Z,2026-09-10T18:45:00+0200,127.158,EUR/MWh,DE,DE,imbalance_price,Short,2026-09-16T08:18:27Z
2026-09-16T08:15:06Z,2026-09-16T10:15:06+0200,2f3d54eb-4233-4144-b05e-f166a3215a4a,2026-09-10T17:00:00Z,2026-09-10T19:00:00+0200,167.981,EUR/MWh,DE,DE,imbalance_price,Long,2026-09-16T08:18:27Z
2026-09-16T08:15:06Z,2026-09-16T10:15:06+0200,2f3d54eb-4233-4144-b05e-f166a3215a4a,2026-09-10T17:00:00Z,2026-09-10T19:00:00+0200,167.981,EUR/MWh,DE,DE,imbalance_price,Short,2026-09-16T08:18:27Z
2026-09-16T08:15:06Z,2026-09-16T10:15:06+0200,2f3d54eb-4233-4144-b05e-f166a3215a4a,2026-09-10T17:15:00Z,2026-09-10T19:15:00+0200,198.82,EUR/MWh,DE,DE,imbalance_price,Long,2026-09-16T08:18:27Z
2026-09-16T08:15:06Z,2026-09-16T10:15:06+0200,2f3d54eb-4233-4144-b05e-f166a3215a4a,2026-09-10T17:15:00Z,2026-09-10T19:15:00+0200,198.82,EUR/MWh,DE,DE,imbalance_price,Short,2026-09-16T08:18:27Z
2026-09-16T08:15:06Z,2026-09-16T10:15:06+0200,2f3d54eb-4233-4144-b05e-f166a3215a4a,2026-09-10T17:30:00Z,2026-09-10T19:30:00+0200,167.695,EUR/MWh,DE,DE,imbalance_price,Long,2026-09-16T08:18:27Z
2026-09-16T08:15:06Z,2026-09-16T10:15:06+0200,2f3d54eb-4233-4144-b05e-f166a3215a4a,2026-09-10T17:30:00Z,2026-09-10T19:30:00+0200,167.695,EUR/MWh,DE,DE,imbalance_price,Short,2026-09-16T08:18:27Z
2026-09-16T08:15:06Z,2026-09-16T10:15:06+0200,2f3d54eb-4233-4144-b05e-f166a3215a4a,2026-09-10T17:45:00Z,2026-09-10T19:45:00+0200,198.689,EUR/MWh,DE,DE,imbalance_price,Long,2026-09-16T08:18:27Z
2026-09-16T08:15:06Z,2026-09-16T10:15:06+0200,2f3d54eb-4233-4144-b05e-f166a3215a4a,2026-09-10T17:45:00Z,2026-09-10T19:45:00+0200,198.689,EUR/MWh,DE,DE,imbalance_price,Short,2026-09-16T08:18:27Z
2026-09-16T08:15:06Z,2026-09-16T10:15:06+0200,2f3d54eb-4233-4144-b05e-f166a3215a4a,2026-09-10T18:00:00Z,2026-09-10T20:00:00+0200,245.378,EUR/MWh,DE,DE,imbalance_price,Long,2026-09-16T08:18:27Z
2026-09-16T08:15:06Z,2026-09-16T10:15:06+0200,2f3d54eb-4233-4144-b05e-f166a3215a4a,2026-09-10T18:00:00Z,2026-09-10T20:00:00+0200,245.378,EUR/MWh,DE,DE,imbalance_price,Short,2026-09-16T08:18:27Z
2026-09-16T08:15:06Z,2026-09-16T10:15:06+0200,2f3d54eb-4233-4144-b05e-f166a3215a4a,2026-09-10T18:15:00Z,2026-09-10T20:15:00+0200,239.517,EUR/MWh,DE,DE,imbalance_price,Long,2026-09-16T08:18:27Z
2026-09-16T08:15:06Z,2026-09-16T10:15:06+0200,2f3d54eb-4233-4144-b05e-f166a3215a4a,2026-09-10T18:15:00Z,2026-09-10T20:15:00+0200,239.517,EUR/MWh,DE,DE,imbalance_price,Short,2026-09-16T08:18:27Z
2026-09-16T08:15:06Z,2026-09-16T10:15:06+0200,2f3d54eb-4233-4144-b05e-f166a3215a4a,2026-09-10T18:30:00Z,2026-09-10T20:30:00+0200,157.132,EUR/MWh,DE,DE,imbalance_price,Long,2026-09-16T08:18:27Z
2026-09-16T08:15:06Z,2026-09-16T10:15:06+0200,2f3d54eb-4233-4144-b05e-f166a3215a4a,2026-09-10T18:30:00Z,2026-09-10T20:30:00+0200,157.132,EUR/MWh,DE,DE,imbalance_price,Short,2026-09-16T08:18:27Z
2026-09-16T08:15:06Z,2026-09-16T10:15:06+0200,2f3d54eb-4233-4144-b05e-f166a3215a4a,2026-09-10T18:45:00Z,2026-09-10T20:45:00+0200,160.275,EUR/MWh,DE,DE,imbalance_price,Long,2026-09-16T08:18:27Z
2026-09-16T08:15:06Z,2026-09-16T10:15:06+0200,2f3d54eb-4233-4144-b05e-f166a3215a4a,2026-09-10T18:45:00Z,2026-09-10T20:45:00+0200,160.275,EUR/MWh,DE,DE,imbalance_price,Short,2026-09-16T08:18:27Z
2026-09-16T08:15:06Z,2026-09-16T10:15:06+0200,2f3d54eb-4233-4144-b05e-f166a3215a4a,2026-09-10T19:00:00Z,2026-09-10T21:00:00+0200,207.78,EUR/MWh,DE,DE,imbalance_price,Long,2026-09-16T08:18:27Z
2026-09-16T08:15:06Z,2026-09-16T10:15:06+0200,2f3d54eb-4233-4144-b05e-f166a3215a4a,2026-09-10T19:00:00Z,2026-09-10T21:00:00+0200,207.78,EUR/MWh,DE,DE,imbalance_price,Short,2026-09-16T08:18:27Z
2026-09-16T08:15:06Z,2026-09-16T10:15:06+0200,2f3d54eb-4233-4144-b05e-f166a3215a4a,2026-09-10T19:15:00Z,2026-09-10T21:15:00+0200,217.043,EUR/MWh,DE,DE,imbalance_price,Long,2026-09-16T08:18:27Z
2026-09-16T08:15:06Z,2026-09-16T10:15:06+0200,2f3d54eb-4233-4144-b05e-f166a3215a4a,2026-09-10T19:15:00Z,2026-09-10T21:15:00+0200,217.043,EUR/MWh,DE,DE,imbalance_price,Short,2026-09-16T08:18:27Z
2026-09-16T08:15:06Z,2026-09-16T10:15:06+0200,2f3d54eb-4233-4144-b05e-f166a3215a4a,2026-09-10T19:30:00Z,2026-09-10T21:30:00+0200,151.162,EUR/MWh,DE,DE,imbalance_price,Long,2026-09-16T08:18:27Z
2026-09-16T08:15:06Z,2026-09-16T10:15:06+0200,2f3d54eb-4233-4144-b05e-f166a3215a4a,2026-09-10T19:30:00Z,2026-09-10T21:30:00+0200,151.162,EUR/MWh,DE,DE,imbalance_price,Short,2026-09-16T08:18:27Z
2026-09-16T08:15:06Z,2026-09-16T10:15:06+0200,2f3d54eb-4233-4144-b05e-f166a3215a4a,2026-09-10T19:45:00Z,2026-09-10T21:45:00+0200,158.532,EUR/MWh,DE,DE,imbalance_price,Long,2026-09-16T08:18:27Z
2026-09-16T08:15:06Z,2026-09-16T10:15:06+0200,2f3d54eb-4233-4144-b05e-f166a3215a4a,2026-09-10T19:45:00Z,2026-09-10T21:45:00+0200,158.532,EUR/MWh,DE,DE,imbalance_price,Short,2026-09-16T08:18:27Z
2026-09-16T08:15:06Z,2026-09-16T10:15:06+0200,2f3d54eb-4233-4144-b05e-f166a3215a4a,2026-09-10T20:00:00Z,2026-09-10T22:00:00+0200,250.161,EUR/MWh,DE,DE,imbalance_price,Long,2026-09-16T08:18:27Z
2026-09-16T08:15:06Z,2026-09-16T10:15:06+0200,2f3d54eb-4233-4144-b05e-f166a3215a4a,2026-09-10T20:00:00Z,2026-09-10T22:00:00+0200,250.161,EUR/MWh,DE,DE,imbalance_price,Short,2026-09-16T08:18:27Z
2026-09-16T08:15:06Z,2026-09-16T10:15:06+0200,2f3d54eb-4233-4144-b05e-f166a3215a4a,2026-09-10T20:15:00Z,2026-09-10T22:15:00+0200,229.398,EUR/MWh,DE,DE,imbalance_price,Long,2026-09-16T08:18:27Z
2026-09-16T08:15:06Z,2026-09-16T10:15:06+0200,2f3d54eb-4233-4144-b05e-f166a3215a4a,2026-09-10T20:15:00Z,2026-09-10T22:15:00+0200,229.398,EUR/MWh,DE,DE,imbalance_price,Short,2026-09-16T08:18:27Z
2026-09-16T08:15:06Z,2026-09-16T10:15:06+0200,2f3d54eb-4233-4144-b05e-f166a3215a4a,2026-09-10T20:30:00Z,2026-09-10T22:30:00+0200,240.576,EUR/MWh,DE,DE,imbalance_price,Long,2026-09-16T08:18:27Z
2026-09-16T08:15:06Z,2026-09-16T10:15:06+0200,2f3d54eb-4233-4144-b05e-f166a3215a4a,2026-09-10T20:30:00Z,2026-09-10T22:30:00+0200,240.576,EUR/MWh,DE,DE,imbalance_price,Short,2026-09-16T08:18:27Z
2026-09-16T08:15:06Z,2026-09-16T10:15:06+0200,2f3d54eb-4233-4144-b05e-f166a3215a4a,2026-09-10T20:45:00Z,2026-09-10T22:45:00+0200,139.072,EUR/MWh,DE,DE,imbalance_price,Long,2026-09-16T08:18:27Z
2026-09-16T08:15:06Z,2026-09-16T10:15:06+0200,2f3d54eb-4233-4144-b05e-f166a3215a4a,2026-09-10T20:45:00Z,2026-09-10T22:45:00+0200,139.072,EUR/MWh,DE,DE,imbalance_price,Short,2026-09-16T08:18:27Z
2026-09-16T08:15:06Z,2026-09-16T10:15:06+0200,2f3d54eb-4233-4144-b05e-f166a3215a4a,2026-09-10T21:00:00Z,2026-09-10T23:00:00+0200,175.576,EUR/MWh,DE,DE,imbalance_price,Long,2026-09-16T08:18:27Z
2026-09-16T08:15:06Z,2026-09-16T10:15:06+0200,2f3d54eb-4233-4144-b05e-f166a3215a4a,2026-09-10T21:00:00Z,2026-09-10T23:00:00+0200,175.576,EUR/MWh,DE,DE,imbalance_price,Short,2026-09-16T08:18:27Z
2026-09-16T08:15:06Z,2026-09-16T10:15:06+0200,2f3d54eb-4233-4144-b05e-f166a3215a4a,2026-09-10T21:15:00Z,2026-09-10T23:15:00+0200,222.041,EUR/MWh,DE,DE,imbalance_price,Long,2026-09-16T08:18:27Z
2026-09-16T08:15:06Z,2026-09-16T10:15:06+0200,2f3d54eb-4233-4144-b05e-f166a3215a4a,2026-09-10T21:15:00Z,2026-09-10T23:15:00+0200,222.041,EUR/MWh,DE,DE,imbalance_price,Short,2026-09-16T08:18:27Z
2026-09-16T08:15:06Z,2026-09-16T10:15:06+0200,2f3d54eb-4233-4144-b05e-f166a3215a4a,2026-09-10T21:30:00Z,2026-09-10T23:30:00+0200,207.753,EUR/MWh,DE,DE,imbalance_price,Long,2026-09-16T08:18:27Z
2026-09-16T08:15:06Z,2026-09-16T10:15:06+0200,2f3d54eb-4233-4144-b05e-f166a3215a4a,2026-09-10T21:30:00Z,2026-09-10T23:30:00+0200,207.753,EUR/MWh,DE,DE,imbalance_price,Short,2026-09-16T08:18:27Z
2026-09-16T08:15:06Z,2026-09-16T10:15:06+0200,2f3d54eb-4233-4144-b05e-f166a3215a4a,2026-09-10T21:45:00Z,2026-09-10T23:45:00+0200,153.863,EUR/MWh,DE,DE,imbalance_price,Long,2026-09-16T08:18:27Z
2026-09-16T08:15:06Z,2026-09-16T10:15:06+0200,2f3d54eb-4233-4144-b05e-f166a3215a4a,2026-09-10T21:45:00Z,2026-09-10T23:45:00+0200,153.863,EUR/MWh,DE,DE,imbalance_price,Short,2026-09-16T08:18:27Z
2026-09-16T08:15:06Z,2026-09-16T10:15:06+0200,2f3d54eb-4233-4144-b05e-f166a3215a4a,2026-09-10T22:00:00Z,2026-09-11T00:00:00+0200,167.518,EUR/MWh,DE,DE,imbalance_price,Long,2026-09-16T08:18:27Z
2026-09-16T08:15:06Z,2026-09-16T10:15:06+0200,2f3d54eb-4233-4144-b05e-f166a3215a4a,2026-09-10T22:00:00Z,2026-09-11T00:00:00+0200,167.518,EUR/MWh,DE,DE,imbalance_price,Short,2026-09-16T08:18:27Z
2026-09-16T08:15:06Z,2026-09-16T10:15:06+0200,2f3d54eb-4233-4144-b05e-f166a3215a4a,2026-09-10T22:15:00Z,2026-09-11T00:15:00+0200,183.328,EUR/MWh,DE,DE,imbalance_price,Long,2026-09-16T08:18:27Z
2026-09-16T08:15:06Z,2026-09-16T10:15:06+0200,2f3d54eb-4233-4144-b05e-f166a3215a4a,2026-09-10T22:15:00Z,2026-09-11T00:15:00+0200,183.328,EUR/MWh,DE,DE,imbalance_price,Short,2026-09-16T08:18:27Z
2026-09-16T08:15:06Z,2026-09-16T10:15:06+0200,2f3d54eb-4233-4144-b05e-f166a3215a4a,2026-09-10T22:30:00Z,2026-09-11T00:30:00+0200,202.595,EUR/MWh,DE,DE,imbalance_price,Long,2026-09-16T08:18:27Z
2026-09-16T08:15:06Z,2026-09-16T10:15:06+0200,2f3d54eb-4233-4144-b05e-f166a3215a4a,2026-09-10T22:30:00Z,2026-09-11T00:30:00+0200,202.595,EUR/MWh,DE,DE,imbalance_price,Short,2026-09-16T08:18:27Z
2026-09-16T08:15:06Z,2026-09-16T10:15:06+0200,2f3d54eb-4233-4144-b05e-f166a3215a4a,2026-09-10T22:45:00Z,2026-09-11T00:45:00+0200,169.13,EUR/MWh,DE,DE,imbalance_price,Long,2026-09-16T08:18:27Z
2026-09-16T08:15:06Z,2026-09-16T10:15:06+0200,2f3d54eb-4233-4144-b05e-f166a3215a4a,2026-09-10T22:45:00Z,2026-09-11T00:45:00+0200,169.13,EUR/MWh,DE,DE,imbalance_price,Short,2026-09-16T08:18:27Z
2026-09-16T08:15:06Z,2026-09-16T10:15:06+0200,2f3d54eb-4233-4144-b05e-f166a3215a4a,2026-09-10T23:00:00Z,2026-09-11T01:00:00+0200,140.091,EUR/MWh,DE,DE,imbalance_price,Long,2026-09-16T08:18:27Z
2026-09-16T08:15:06Z,2026-09-16T10:15:06+0200,2f3d54eb-4233-4144-b05e-f166a3215a4a,2026-09-10T23:00:00Z,2026-09-11T01:00:00+0200,140.091,EUR/MWh,DE,DE,imbalance_price,Short,2026-09-16T08:18:27Z
2026-09-16T08:15:06Z,2026-09-16T10:15:06+0200,2f3d54eb-4233-4144-b05e-f166a3215a4a,2026-09-10T23:15:00Z,2026-09-11T01:15:00+0200,29.312,EUR/MWh,DE,DE,imbalance_price,Long,2026-09-16T08:18:27Z
2026-09-16T08:15:06Z,2026-09-16T10:15:06+0200,2f3d54eb-4233-4144-b05e-f166a3215a4a,2026-09-10T23:15:00Z,2026-09-11T01:15:00+0200,29.312,EUR/MWh,DE,DE,imbalance_price,Short,2026-09-16T08:18:27Z
2026-09-16T08:15:06Z,2026-09-16T10:15:06+0200,2f3d54eb-4233-4144-b05e-f166a3215a4a,2026-09-10T23:30:00Z,2026-09-11T01:30:00+0200,130.918,EUR/MWh,DE,DE,imbalance_price,Long,2026-09-16T08:18:27Z
2026-09-16T08:15:06Z,2026-09-16T10:15:06+0200,2f3d54eb-4233-4144-b05e-f166a3215a4a,2026-09-10T23:30:00Z,2026-09-11T01:30:00+0200,130.918,EUR/MWh,DE,DE,imbalance_price,Short,2026-09-16T08:18:27Z
2026-09-16T08:15:06Z,2026-09-16T10:15:06+0200,2f3d54eb-4233-4144-b05e-f166a3215a4a,2026-09-10T23:45:00Z,2026-09-11T01:45:00+0200,162.987,EUR/MWh,DE,DE,imbalance_price,Long,2026-09-16T08:18:27Z
2026-09-16T08:15:06Z,2026-09-16T10:15:06+0200,2f3d54eb-4233-4144-b05e-f166a3215a4a,2026-09-10T23:45:00Z,2026-09-11T01:45:00+0200,162.987,EUR/MWh,DE,DE,imbalance_price,Short,2026-09-16T08:18:27Z
2026-09-16T08:15:06Z,2026-09-16T10:15:06+0200,2f3d54eb-4233-4144-b05e-f166a3215a4a,2026-09-11T00:00:00Z,2026-09-11T02:00:00+0200,143.412,EUR/MWh,DE,DE,imbalance_price,Long,2026-09-16T08:18:27Z
2026-09-16T08:15:06Z,2026-09-16T10:15:06+0200,2f3d54eb-4233-4144-b05e-f166a3215a4a,2026-09-11T00:00:00Z,2026-09-11T02:00:00+0200,143.412,EUR/MWh,DE,DE,imbalance_price,Short,2026-09-16T08:18:27Z
2026-09-16T08:15:06Z,2026-09-16T10:15:06+0200,2f3d54eb-4233-4144-b05e-f166a3215a4a,2026-09-11T00:15:00Z,2026-09-11T02:15:00+0200,109.693,EUR/MWh,DE,DE,imbalance_price,Long,2026-09-16T08:18:27Z
2026-09-16T08:15:06Z,2026-09-16T10:15:06+0200,2f3d54eb-4233-4144-b05e-f166a3215a4a,2026-09-11T00:15:00Z,2026-09-11T02:15:00+0200,109.693,EUR/MWh,DE,DE,imbalance_price,Short,2026-09-16T08:18:27Z
2026-09-16T08:15:06Z,2026-09-16T10:15:06+0200,2f3d54eb-4233-4144-b05e-f166a3215a4a,2026-09-11T00:30:00Z,2026-09-11T02:30:00+0200,121.244,EUR/MWh,DE,DE,imbalance_price,Long,2026-09-16T08:18:27Z
2026-09-16T08:15:06Z,2026-09-16T10:15:06+0200,2f3d54eb-4233-4144-b05e-f166a3215a4a,2026-09-11T00:30:00Z,2026-09-11T02:30:00+0200,121.244,EUR/MWh,DE,DE,imbalance_price,Short,2026-09-16T08:18:27Z
2026-09-16T08:15:06Z,2026-09-16T10:15:06+0200,2f3d54eb-4233-4144-b05e-f166a3215a4a,2026-09-11T00:45:00Z,2026-09-11T02:45:00+0200,129.937,EUR/MWh,DE,DE,imbalance_price,Long,2026-09-16T08:18:27Z
2026-09-16T08:15:06Z,2026-09-16T10:15:06+0200,2f3d54eb-4233-4144-b05e-f166a3215a4a,2026-09-11T00:45:00Z,2026-09-11T02:45:00+0200,129.937,EUR/MWh,DE,DE,imbalance_price,Short,2026-09-16T08:18:27Z
2026-09-16T08:15:06Z,2026-09-16T10:15:06+0200,2f3d54eb-4233-4144-b05e-f166a3215a4a,2026-09-11T01:00:00Z,2026-09-11T03:00:00+0200,140.922,EUR/MWh,DE,DE,imbalance_price,Long,2026-09-16T08:18:27Z
2026-09-16T08:15:06Z,2026-09-16T10:15:06+0200,2f3d54eb-4233-4144-b05e-f166a3215a4a,2026-09-11T01:00:00Z,2026-09-11T03:00:00+0200,140.922,EUR/MWh,DE,DE,imbalance_price,Short,2026-09-16T08:18:27Z
2026-09-16T08:15:06Z,2026-09-16T10:15:06+0200,2f3d54eb-4233-4144-b05e-f166a3215a4a,2026-09-11T01:15:00Z,2026-09-11T03:15:00+0200,126.768,EUR/MWh,DE,DE,imbalance_price,Long,2026-09-16T08:18:27Z
2026-09-16T08:15:06Z,2026-09-16T10:15:06+0200,2f3d54eb-4233-4144-b05e-f166a3215a4a,2026-09-11T01:15:00Z,2026-09-11T03:15:00+0200,126.768,EUR/MWh,DE,DE,imbalance_price,Short,2026-09-16T08:18:27Z
2026-09-16T08:15:06Z,2026-09-16T10:15:06+0200,2f3d54eb-4233-4144-b05e-f166a3215a4a,2026-09-11T01:30:00Z,2026-09-11T03:30:00+0200,178.635,EUR/MWh,DE,DE,imbalance_price,Long,2026-09-16T08:18:27Z
2026-09-16T08:15:06Z,2026-09-16T10:15:06+0200,2f3d54eb-4233-4144-b05e-f166a3215a4a,2026-09-11T01:30:00Z,2026-09-11T03:30:00+0200,178.635,EUR/MWh,DE,DE,imbalance_price,Short,2026-09-16T08:18:27Z
2026-09-16T08:15:06Z,2026-09-16T10:15:06+0200,2f3d54eb-4233-4144-b05e-f166a3215a4a,2026-09-11T01:45:00Z,2026-09-11T03:45:00+0200,175.496,EUR/MWh,DE,DE,imbalance_price,Long,2026-09-16T08:18:27Z
2026-09-16T08:15:06Z,2026-09-16T10:15:06+0200,2f3d54eb-4233-4144-b05e-f166a3215a4a,2026-09-11T01:45:00Z,2026-09-11T03:45:00+0200,175.496,EUR/MWh,DE,DE,imbalance_price,Short,2026-09-16T08:18:27Z
2026-09-16T08:15:06Z,2026-09-16T10:15:06+0200,2f3d54eb-4233-4144-b05e-f166a3215a4a,2026-09-11T02:00:00Z,2026-09-11T04:00:00+0200,43.174,EUR/MWh,DE,DE,imbalance_price,Long,2026-09-16T08:18:27Z
2026-09-16T08:15:06Z,2026-09-16T10:15:06+0200,2f3d54eb-4233-4144-b05e-f166a3215a4a,2026-09-11T02:00:00Z,2026-09-11T04:00:00+0200,43.174,EUR/MWh,DE,DE,imbalance_price,Short,2026-09-16T08:18:27Z
2026-09-16T08:15:06Z,2026-09-16T10:15:06+0200,2f3d54eb-4233-4144-b05e-f166a3215a4a,2026-09-11T02:15:00Z,2026-09-11T04:15:00+0200,127.156,EUR/MWh,DE,DE,imbalance_price,Long,2026-09-16T08:18:27Z
2026-09-16T08:15:06Z,2026-09-16T10:15:06+0200,2f3d54eb-4233-4144-b05e-f166a3215a4a,2026-09-11T02:15:00Z,2026-09-11T04:15:00+0200,127.156,EUR/MWh,DE,DE,imbalance_price,Short,2026-09-16T08:18:27Z
2026-09-16T08:15:06Z,2026-09-16T10:15:06+0200,2f3d54eb-4233-4144-b05e-f166a3215a4a,2026-09-11T02:30:00Z,2026-09-11T04:30:00+0200,186.58,EUR/MWh,DE,DE,imbalance_price,Long,2026-09-16T08:18:27Z
2026-09-16T08:15:06Z,2026-09-16T10:15:06+0200,2f3d54eb-4233-4144-b05e-f166a3215a4a,2026-09-11T02:30:00Z,2026-09-11T04:30:00+0200,186.58,EUR/MWh,DE,DE,imbalance_price,Short,2026-09-16T08:18:27Z
2026-09-16T08:15:06Z,2026-09-16T10:15:06+0200,2f3d54eb-4233-4144-b05e-f166a3215a4a,2026-09-11T02:45:00Z,2026-09-11T04:45:00+0200,160.931,EUR/MWh,DE,DE,imbalance_price,Long,2026-09-16T08:18:27Z
2026-09-16T08:15:06Z,2026-09-16T10:15:06+0200,2f3d54eb-4233-4144-b05e-f166a3215a4a,2026-09-11T02:45:00Z,2026-09-11T04:45:00+0200,160.931,EUR/MWh,DE,DE,imbalance_price,Short,2026-09-16T08:18:27Z
2026-09-16T08:15:06Z,2026-09-16T10:15:06+0200,2f3d54eb-4233-4144-b05e-f166a3215a4a,2026-09-11T03:00:00Z,2026-09-11T05:00:00+0200,157.442,EUR/MWh,DE,DE,imbalance_price,Long,2026-09-16T08:18:27Z
2026-09-16T08:15:06Z,2026-09-16T10:15:06+0200,2f3d54eb-4233-4144-b05e-f166a3215a4a,2026-09-11T03:00:00Z,2026-09-11T05:00:00+0200,157.442,EUR/MWh,DE,DE,imbalance_price,Short,2026-09-16T08:18:27Z
2026-09-16T08:15:06Z,2026-09-16T10:15:06+0200,2f3d54eb-4233-4144-b05e-f166a3215a4a,2026-09-11T03:15:00Z,2026-09-11T05:15:00+0200,119.547,EUR/MWh,DE,DE,imbalance_price,Long,2026-09-16T08:18:27Z
2026-09-16T08:15:06Z,2026-09-16T10:15:06+0200,2f3d54eb-4233-4144-b05e-f166a3215a4a,2026-09-11T03:15:00Z,2026-09-11T05:15:00+0200,119.547,EUR/MWh,DE,DE,imbalance_price,Short,2026-09-16T08:18:27Z
2026-09-16T08:15:06Z,2026-09-16T10:15:06+0200,2f3d54eb-4233-4144-b05e-f166a3215a4a,2026-09-11T03:30:00Z,2026-09-11T05:30:00+0200,180.118,EUR/MWh,DE,DE,imbalance_price,Long,2026-09-16T08:18:27Z
2026-09-16T08:15:06Z,2026-09-16T10:15:06+0200,2f3d54eb-4233-4144-b05e-f166a3215a4a,2026-09-11T03:30:00Z,2026-09-11T05:30:00+0200,180.118,EUR/MWh,DE,DE,imbalance_price,Short,2026-09-16T08:18:27Z
2026-09-16T08:15:06Z,2026-09-16T10:15:06+0200,2f3d54eb-4233-4144-b05e-f166a3215a4a,2026-09-11T03:45:00Z,2026-09-11T05:45:00+0200,125.419,EUR/MWh,DE,DE,imbalance_price,Long,2026-09-16T08:18:27Z
2026-09-16T08:15:06Z,2026-09-16T10:15:06+0200,2f3d54eb-4233-4144-b05e-f166a3215a4a,2026-09-11T03:45:00Z,2026-09-11T05:45:00+0200,125.419,EUR/MWh,DE,DE,imbalance_price,Short,2026-09-16T08:18:27Z
2026-09-16T08:15:06Z,2026-09-16T10:15:06+0200,2f3d54eb-4233-4144-b05e-f166a3215a4a,2026-09-11T04:00:00Z,2026-09-11T06:00:00+0200,253.88,EUR/MWh,DE,DE,imbalance_price,Long,2026-09-16T08:18:27Z
2026-09-16T08:15:06Z,2026-09-16T10:15:06+0200,2f3d54eb-4233-4144-b05e-f166a3215a4a,2026-09-11T04:00:00Z,2026-09-11T06:00:00+0200,253.88,EUR/MWh,DE,DE,imbalance_price,Short,2026-09-16T08:18:27Z
2026-09-16T08:15:06Z,2026-09-16T10:15:06+0200,2f3d54eb-4233-4144-b05e-f166a3215a4a,2026-09-11T04:15:00Z,2026-09-11T06:15:00+0200,211.028,EUR/MWh,DE,DE,imbalance_price,Long,2026-09-16T08:18:27Z
2026-09-16T08:15:06Z,2026-09-16T10:15:06+0200,2f3d54eb-4233-4144-b05e-f166a3215a4a,2026-09-11T04:15:00Z,2026-09-11T06:15:00+0200,211.028,EUR/MWh,DE,DE,imbalance_price,Short,2026-09-16T08:18:27Z
2026-09-16T08:15:06Z,2026-09-16T10:15:06+0200,2f3d54eb-4233-4144-b05e-f166a3215a4a,2026-09-11T04:30:00Z,2026-09-11T06:30:00+0200,222.828,EUR/MWh,DE,DE,imbalance_price,Long,2026-09-16T08:18:27Z
2026-09-16T08:15:06Z,2026-09-16T10:15:06+0200,2f3d54eb-4233-4144-b05e-f166a3215a4a,2026-09-11T04:30:00Z,2026-09-11T06:30:00+0200,222.828,EUR/MWh,DE,DE,imbalance_price,Short,2026-09-16T08:18:27Z
2026-09-16T08:15:06Z,2026-09-16T10:15:06+0200,2f3d54eb-4233-4144-b05e-f166a3215a4a,2026-09-11T04:45:00Z,2026-09-11T06:45:00+0200,182.18,EUR/MWh,DE,DE,imbalance_price,Long,2026-09-16T08:18:27Z
2026-09-16T08:15:06Z,2026-09-16T10:15:06+0200,2f3d54eb-4233-4144-b05e-f166a3215a4a,2026-09-11T04:45:00Z,2026-09-11T06:45:00+0200,182.18,EUR/MWh,DE,DE,imbalance_price,Short,2026-09-16T08:18:27Z
2026-09-16T08:15:06Z,2026-09-16T10:15:06+0200,2f3d54eb-4233-4144-b05e-f166a3215a4a,2026-09-11T05:00:00Z,2026-09-11T07:00:00+0200,197.554,EUR/MWh,DE,DE,imbalance_price,Long,2026-09-16T08:18:27Z
2026-09-16T08:15:06Z,2026-09-16T10:15:06+0200,2f3d54eb-4233-4144-b05e-f166a3215a4a,2026-09-11T05:00:00Z,2026-09-11T07:00:00+0200,197.554,EUR/MWh,DE,DE,imbalance_price,Short,2026-09-16T08:18:27Z
2026-09-16T08:15:06Z,2026-09-16T10:15:06+0200,2f3d54eb-4233-4144-b05e-f166a3215a4a,2026-09-11T05:15:00Z,2026-09-11T07:15:00+0200,208.824,EUR/MWh,DE,DE,imbalance_price,Long,2026-09-16T08:18:27Z
2026-09-16T08:15:06Z,2026-09-16T10:15:06+0200,2f3d54eb-4233-4144-b05e-f166a3215a4a,2026-09-11T05:15:00Z,2026-09-11T07:15:00+0200,208.824,EUR/MWh,DE,DE,imbalance_price,Short,2026-09-16T08:18:27Z
2026-09-16T08:15:06Z,2026-09-16T10:15:06+0200,2f3d54eb-4233-4144-b05e-f166a3215a4a,2026-09-11T05:30:00Z,2026-09-11T07:30:00+0200,222.058,EUR/MWh,DE,DE,imbalance_price,Long,2026-09-16T08:18:27Z
2026-09-16T08:15:06Z,2026-09-16T10:15:06+0200,2f3d54eb-4233-4144-b05e-f166a3215a4a,2026-09-11T05:30:00Z,2026-09-11T07:30:00+0200,222.058,EUR/MWh,DE,DE,imbalance_price,Short,2026-09-16T08:18:27Z
2026-09-16T08:15:06Z,2026-09-16T10:15:06+0200,2f3d54eb-4233-4144-b05e-f166a3215a4a,2026-09-11T05:45:00Z,2026-09-11T07:45:00+0200,245.86,EUR/MWh,DE,DE,imbalance_price,Long,2026-09-16T08:18:27Z
2026-09-16T08:15:06Z,2026-09-16T10:15:06+0200,2f3d54eb-4233-4144-b05e-f166a3215a4a,2026-09-11T05:45:00Z,2026-09-11T07:45:00+0200,245.86,EUR/MWh,DE,DE,imbalance_price,Short,2026-09-16T08:18:27Z
2026-09-16T08:15:06Z,2026-09-16T10:15:06+0200,2f3d54eb-4233-4144-b05e-f166a3215a4a,2026-09-11T06:00:00Z,2026-09-11T08:00:00+0200,310.786,EUR/MWh,DE,DE,imbalance_price,Long,2026-09-16T08:18:27Z
2026-09-16T08:15:06Z,2026-09-16T10:15:06+0200,2f3d54eb-4233-4144-b05e-f166a3215a4a,2026-09-11T06:00:00Z,2026-09-11T08:00:00+0200,310.786,EUR/MWh,DE,DE,imbalance_price,Short,2026-09-16T08:18:27Z
2026-09-16T08:15:06Z,2026-09-16T10:15:06+0200,2f3d54eb-4233-4144-b05e-f166a3215a4a,2026-09-11T06:15:00Z,2026-09-11T08:15:00+0200,283.983,EUR/MWh,DE,DE,imbalance_price,Long,2026-09-16T08:18:27Z
2026-09-16T08:15:06Z,2026-09-16T10:15:06+0200,2f3d54eb-4233-4144-b05e-f166a3215a4a,2026-09-11T06:15:00Z,2026-09-11T08:15:00+0200,283.983,EUR/MWh,DE,DE,imbalance_price,Short,2026-09-16T08:18:27Z
2026-09-16T08:15:06Z,2026-09-16T10:15:06+0200,2f3d54eb-4233-4144-b05e-f166a3215a4a,2026-09-11T06:30:00Z,2026-09-11T08:30:00+0200,260.692,EUR/MWh,DE,DE,imbalance_price,Long,2026-09-16T08:18:27Z
2026-09-16T08:15:06Z,2026-09-16T10:15:06+0200,2f3d54eb-4233-4144-b05e-f166a3215a4a,2026-09-11T06:30:00Z,2026-09-11T08:30:00+0200,260.692,EUR/MWh,DE,DE,imbalance_price,Short,2026-09-16T08:18:27Z
2026-09-16T08:15:06Z,2026-09-16T10:15:06+0200,2f3d54eb-4233-4144-b05e-f166a3215a4a,2026-09-11T06:45:00Z,2026-09-11T08:45:00+0200,169.104,EUR/MWh,DE,DE,imbalance_price,Long,2026-09-16T08:18:27Z
2026-09-16T08:15:06Z,2026-09-16T10:15:06+0200,2f3d54eb-4233-4144-b05e-f166a3215a4a,2026-09-11T06:45:00Z,2026-09-11T08:45:00+0200,169.104,EUR/MWh,DE,DE,imbalance_price,Short,2026-09-16T08:18:27Z
2026-09-16T08:15:06Z,2026-09-16T10:15:06+0200,2f3d54eb-4233-4144-b05e-f166a3215a4a,2026-09-11T07:00:00Z,2026-09-11T09:00:00+0200,151.394,EUR/MWh,DE,DE,imbalance_price,Long,2026-09-16T08:18:27Z
2026-09-16T08:15:06Z,2026-09-16T10:15:06+0200,2f3d54eb-4233-4144-b05e-f166a3215a4a,2026-09-11T07:00:00Z,2026-09-11T09:00:00+0200,151.394,EUR/MWh,DE,DE,imbalance_price,Short,2026-09-16T08:18:27Z
2026-09-16T08:15:06Z,2026-09-16T10:15:06+0200,2f3d54eb-4233-4144-b05e-f166a3215a4a,2026-09-11T07:15:00Z,2026-09-11T09:15:00+0200,221.677,EUR/MWh,DE,DE,imbalance_price,Long,2026-09-16T08:18:27Z
2026-09-16T08:15:06Z,2026-09-16T10:15:06+0200,2f3d54eb-4233-4144-b05e-f166a3215a4a,2026-09-11T07:15:00Z,2026-09-11T09:15:00+0200,221.677,EUR/MWh,DE,DE,imbalance_price,Short,2026-09-16T08:18:27Z
2026-09-16T08:15:06Z,2026-09-16T10:15:06+0200,2f3d54eb-4233-4144-b05e-f166a3215a4a,2026-09-11T07:30:00Z,2026-09-11T09:30:00+0200,206.841,EUR/MWh,DE,DE,imbalance_price,Long,2026-09-16T08:18:27Z
2026-09-16T08:15:06Z,2026-09-16T10:15:06+0200,2f3d54eb-4233-4144-b05e-f166a3215a4a,2026-09-11T07:30:00Z,2026-09-11T09:30:00+0200,206.841,EUR/MWh,DE,DE,imbalance_price,Short,2026-09-16T08:18:27Z
2026-09-16T08:15:06Z,2026-09-16T10:15:06+0200,2f3d54eb-4233-4144-b05e-f166a3215a4a,2026-09-11T07:45:00Z,2026-09-11T09:45:00+0200,138.504,EUR/MWh,DE,DE,imbalance_price,Long,2026-09-16T08:18:27Z
2026-09-16T08:15:06Z,2026-09-16T10:15:06+0200,2f3d54eb-4233-4144-b05e-f166a3215a4a,2026-09-11T07:45:00Z,2026-09-11T09:45:00+0200,138.504,EUR/MWh,DE,DE,imbalance_price,Short,2026-09-16T08:18:27Z
2026-09-16T08:15:06Z,2026-09-16T10:15:06+0200,2f3d54eb-4233-4144-b05e-f166a3215a4a,2026-09-11T08:00:00Z,2026-09-11T10:00:00+0200,83.773,EUR/MWh,DE,DE,imbalance_price,Long,2026-09-16T08:18:27Z
2026-09-16T08:15:06Z,2026-09-16T10:15:06+0200,2f3d54eb-4233-4144-b05e-f166a3215a4a,2026-09-11T08:00:00Z,2026-09-11T10:00:00+0200,83.773,EUR/MWh,DE,DE,imbalance_price,Short,2026-09-16T08:18:27Z
2026-09-16T08:15:06Z,2026-09-16T10:15:06+0200,2f3d54eb-4233-4144-b05e-f166a3215a4a,2026-09-11T08:15:00Z,2026-09-11T10:15:00+0200,1.814,EUR/MWh,DE,DE,imbalance_price,Long,2026-09-16T08:18:27Z
2026-09-16T08:15:06Z,2026-09-16T10:15:06+0200,2f3d54eb-4233-4144-b05e-f166a3215a4a,2026-09-11T08:15:00Z,2026-09-11T10:15:00+0200,1.814,EUR/MWh,DE,DE,imbalance_price,Short,2026-09-16T08:18:27Z
2026-09-16T08:15:06Z,2026-09-16T10:15:06+0200,2f3d54eb-4233-4144-b05e-f166a3215a4a,2026-09-11T08:30:00Z,2026-09-11T10:30:00+0200,91.462,EUR/MWh,DE,DE,imbalance_price,Long,2026-09-16T08:18:27Z
2026-09-16T08:15:06Z,2026-09-16T10:15:06+0200,2f3d54eb-4233-4144-b05e-f166a3215a4a,2026-09-11T08:30:00Z,2026-09-11T10:30:00+0200,91.462,EUR/MWh,DE,DE,imbalance_price,Short,2026-09-16T08:18:27Z
2026-09-16T08:15:06Z,2026-09-16T10:15:06+0200,2f3d54eb-4233-4144-b05e-f166a3215a4a,2026-09-11T08:45:00Z,2026-09-11T10:45:00+0200,91.964,EUR/MWh,DE,DE,imbalance_price,Long,2026-09-16T08:18:27Z
2026-09-16T08:15:06Z,2026-09-16T10:15:06+0200,2f3d54eb-4233-4144-b05e-f166a3215a4a,2026-09-11T08:45:00Z,2026-09-11T10:45:00+0200,91.964,EUR/MWh,DE,DE,imbalance_price,Short,2026-09-16T08:18:27Z
2026-09-16T08:15:06Z,2026-09-16T10:15:06+0200,2f3d54eb-4233-4144-b05e-f166a3215a4a,2026-09-11T09:00:00Z,2026-09-11T11:00:00+0200,2.225,EUR/MWh,DE,DE,imbalance_price,Long,2026-09-16T08:18:27Z
2026-09-16T08:15:06Z,2026-09-16T10:15:06+0200,2f3d54eb-4233-4144-b05e-f166a3215a4a,2026-09-11T09:00:00Z,2026-09-11T11:00:00+0200,2.225,EUR/MWh,DE,DE,imbalance_price,Short,2026-09-16T08:18:27Z
2026-09-16T08:15:06Z,2026-09-16T10:15:06+0200,2f3d54eb-4233-4144-b05e-f166a3215a4a,2026-09-11T09:15:00Z,2026-09-11T11:15:00+0200,67.424,EUR/MWh,DE,DE,imbalance_price,Long,2026-09-16T08:18:27Z
2026-09-16T08:15:06Z,2026-09-16T10:15:06+0200,2f3d54eb-4233-4144-b05e-f166a3215a4a,2026-09-11T09:15:00Z,2026-09-11T11:15:00+0200,67.424,EUR/MWh,DE,DE,imbalance_price,Short,2026-09-16T08:18:27Z
2026-09-16T08:15:06Z,2026-09-16T10:15:06+0200,2f3d54eb-4233-4144-b05e-f166a3215a4a,2026-09-11T09:30:00Z,2026-09-11T11:30:00+0200,64.815,EUR/MWh,DE,DE,imbalance_price,Long,2026-09-16T08:18:27Z
2026-09-16T08:15:06Z,2026-09-16T10:15:06+0200,2f3d54eb-4233-4144-b05e-f166a3215a4a,2026-09-11T09:30:00Z,2026-09-11T11:30:00+0200,64.815,EUR/MWh,DE,DE,imbalance_price,Short,2026-09-16T08:18:27Z
2026-09-16T08:15:06Z,2026-09-16T10:15:06+0200,2f3d54eb-4233-4144-b05e-f166a3215a4a,2026-09-11T09:45:00Z,2026-09-11T11:45:00+0200,34.534,EUR/MWh,DE,DE,imbalance_price,Long,2026-09-16T08:18:27Z
2026-09-16T08:15:06Z,2026-09-16T10:15:06+0200,2f3d54eb-4233-4144-b05e-f166a3215a4a,2026-09-11T09:45:00Z,2026-09-11T11:45:00+0200,34.534,EUR/MWh,DE,DE,imbalance_price,Short,2026-09-16T08:18:27Z
2026-09-16T08:15:06Z,2026-09-16T10:15:06+0200,2f3d54eb-4233-4144-b05e-f166a3215a4a,2026-09-11T10:00:00Z,2026-09-11T12:00:00+0200,149.343,EUR/MWh,DE,DE,imbalance_price,Long,2026-09-16T08:18:27Z
2026-09-16T08:15:06Z,2026-09-16T10:15:06+0200,2f3d54eb-4233-4144-b05e-f166a3215a4a,2026-09-11T10:00:00Z,2026-09-11T12:00:00+0200,149.343,EUR/MWh,DE,DE,imbalance_price,Short,2026-09-16T08:18:27Z
2026-09-16T08:15:06Z,2026-09-16T10:15:06+0200,2f3d54eb-4233-4144-b05e-f166a3215a4a,2026-09-11T10:15:00Z,2026-09-11T12:15:00+0200,64.02,EUR/MWh,DE,DE,imbalance_price,Long,2026-09-16T08:18:27Z
2026-09-16T08:15:06Z,2026-09-16T10:15:06+0200,2f3d54eb-4233-4144-b05e-f166a3215a4a,2026-09-11T10:15:00Z,2026-09-11T12:15:00+0200,64.02,EUR/MWh,DE,DE,imbalance_price,Short,2026-09-16T08:18:27Z
2026-09-16T08:15:06Z,2026-09-16T10:15:06+0200,2f3d54eb-4233-4144-b05e-f166a3215a4a,2026-09-11T10:30:00Z,2026-09-11T12:30:00+0200,57.607,EUR/MWh,DE,DE,imbalance_price,Long,2026-09-16T08:18:27Z
2026-09-16T08:15:06Z,2026-09-16T10:15:06+0200,2f3d54eb-4233-4144-b05e-f166a3215a4a,2026-09-11T10:30:00Z,2026-09-11T12:30:00+0200,57.607,EUR/MWh,DE,DE,imbalance_price,Short,2026-09-16T08:18:27Z
2026-09-16T08:15:06Z,2026-09-16T10:15:06+0200,2f3d54eb-4233-4144-b05e-f166a3215a4a,2026-09-11T10:45:00Z,2026-09-11T12:45:00+0200,56.933,EUR/MWh,DE,DE,imbalance_price,Long,2026-09-16T08:18:27Z
2026-09-16T08:15:06Z,2026-09-16T10:15:06+0200,2f3d54eb-4233-4144-b05e-f166a3215a4a,2026-09-11T10:45:00Z,2026-09-11T12:45:00+0200,56.933,EUR/MWh,DE,DE,imbalance_price,Short,2026-09-16T08:18:27Z
2026-09-16T08:15:06Z,2026-09-16T10:15:06+0200,2f3d54eb-4233-4144-b05e-f166a3215a4a,2026-09-11T11:00:00Z,2026-09-11T13:00:00+0200,45.578,EUR/MWh,DE,DE,imbalance_price,Long,2026-09-16T08:18:27Z
2026-09-16T08:15:06Z,2026-09-16T10:15:06+0200,2f3d54eb-4233-4144-b05e-f166a3215a4a,2026-09-11T11:00:00Z,2026-09-11T13:00:00+0200,45.578,EUR/MWh,DE,DE,imbalance_price,Short,2026-09-16T08:18:27Z
2026-09-16T08:15:06Z,2026-09-16T10:15:06+0200,2f3d54eb-4233-4144-b05e-f166a3215a4a,2026-09-11T11:15:00Z,2026-09-11T13:15:00+0200,-2.88,EUR/MWh,DE,DE,imbalance_price,Long,2026-09-16T08:18:27Z
2026-09-16T08:15:06Z,2026-09-16T10:15:06+0200,2f3d54eb-4233-4144-b05e-f166a3215a4a,2026-09-11T11:15:00Z,2026-09-11T13:15:00+0200,-2.88,EUR/MWh,DE,DE,imbalance_price,Short,2026-09-16T08:18:27Z
2026-09-16T08:15:06Z,2026-09-16T10:15:06+0200,2f3d54eb-4233-4144-b05e-f166a3215a4a,2026-09-11T11:30:00Z,2026-09-11T13:30:00+0200,-8.67,EUR/MWh,DE,DE,imbalance_price,Long,2026-09-16T08:18:27Z
2026-09-16T08:15:06Z,2026-09-16T10:15:06+0200,2f3d54eb-4233-4144-b05e-f166a3215a4a,2026-09-11T11:30:00Z,2026-09-11T13:30:00+0200,-8.67,EUR/MWh,DE,DE,imbalance_price,Short,2026-09-16T08:18:27Z
2026-09-16T08:15:06Z,2026-09-16T10:15:06+0200,2f3d54eb-4233-4144-b05e-f166a3215a4a,2026-09-11T11:45:00Z,2026-09-11T13:45:00+0200,-14.68,EUR/MWh,DE,DE,imbalance_price,Long,2026-09-16T08:18:27Z
2026-09-16T08:15:06Z,2026-09-16T10:15:06+0200,2f3d54eb-4233-4144-b05e-f166a3215a4a,2026-09-11T11:45:00Z,2026-09-11T13:45:00+0200,-14.68,EUR/MWh,DE,DE,imbalance_price,Short,2026-09-16T08:18:27Z
2026-09-16T08:15:06Z,2026-09-16T10:15:06+0200,2f3d54eb-4233-4144-b05e-f166a3215a4a,2026-09-11T12:00:00Z,2026-09-11T14:00:00+0200,-33.942,EUR/MWh,DE,DE,imbalance_price,Long,2026-09-16T08:18:27Z
2026-09-16T08:15:06Z,2026-09-16T10:15:06+0200,2f3d54eb-4233-4144-b05e-f166a3215a4a,2026-09-11T12:00:00Z,2026-09-11T14:00:00+0200,-33.942,EUR/MWh,DE,DE,imbalance_price,Short,2026-09-16T08:18:27Z
2026-09-16T08:15:06Z,2026-09-16T10:15:06+0200,2f3d54eb-4233-4144-b05e-f166a3215a4a,2026-09-11T12:15:00Z,2026-09-11T14:15:00+0200,-31.426,EUR/MWh,DE,DE,imbalance_price,Long,2026-09-16T08:18:27Z
2026-09-16T08:15:06Z,2026-09-16T10:15:06+0200,2f3d54eb-4233-4144-b05e-f166a3215a4a,2026-09-11T12:15:00Z,2026-09-11T14:15:00+0200,-31.426,EUR/MWh,DE,DE,imbalance_price,Short,2026-09-16T08:18:27Z
2026-09-16T08:15:06Z,2026-09-16T10:15:06+0200,2f3d54eb-4233-4144-b05e-f166a3215a4a,2026-09-11T12:30:00Z,2026-09-11T14:30:00+0200,-80.501,EUR/MWh,DE,DE,imbalance_price,Long,2026-09-16T08:18:27Z
2026-09-16T08:15:06Z,2026-09-16T10:15:06+0200,2f3d54eb-4233-4144-b05e-f166a3215a4a,2026-09-11T12:30:00Z,2026-09-11T14:30:00+0200,-80.501,EUR/MWh,DE,DE,imbalance_price,Short,2026-09-16T08:18:27Z
2026-09-16T08:15:06Z,2026-09-16T10:15:06+0200,2f3d54eb-4233-4144-b05e-f166a3215a4a,2026-09-11T12:45:00Z,2026-09-11T14:45:00+0200,-8.08,EUR/MWh,DE,DE,imbalance_price,Long,2026-09-16T08:18:27Z
2026-09-16T08:15:06Z,2026-09-16T10:15:06+0200,2f3d54eb-4233-4144-b05e-f166a3215a4a,2026-09-11T12:45:00Z,2026-09-11T14:45:00+0200,-8.08,EUR/MWh,DE,DE,imbalance_price,Short,2026-09-16T08:18:27Z
2026-09-16T08:15:06Z,2026-09-16T10:15:06+0200,2f3d54eb-4233-4144-b05e-f166a3215a4a,2026-09-11T13:00:00Z,2026-09-11T15:00:00+0200,19.02,EUR/MWh,DE,DE,imbalance_price,Long,2026-09-16T08:18:27Z
2026-09-16T08:15:06Z,2026-09-16T10:15:06+0200,2f3d54eb-4233-4144-b05e-f166a3215a4a,2026-09-11T13:00:00Z,2026-09-11T15:00:00+0200,19.02,EUR/MWh,DE,DE,imbalance_price,Short,2026-09-16T08:18:27Z
2026-09-16T08:15:06Z,2026-09-16T10:15:06+0200,2f3d54eb-4233-4144-b05e-f166a3215a4a,2026-09-11T13:15:00Z,2026-09-11T15:15:00+0200,60.488,EUR/MWh,DE,DE,imbalance_price,Long,2026-09-16T08:18:27Z
2026-09-16T08:15:06Z,2026-09-16T10:15:06+0200,2f3d54eb-4233-4144-b05e-f166a3215a4a,2026-09-11T13:15:00Z,2026-09-11T15:15:00+0200,60.488,EUR/MWh,DE,DE,imbalance_price,Short,2026-09-16T08:18:27Z
2026-09-16T08:15:06Z,2026-09-16T10:15:06+0200,2f3d54eb-4233-4144-b05e-f166a3215a4a,2026-09-11T13:30:00Z,2026-09-11T15:30:00+0200,75.617,EUR/MWh,DE,DE,imbalance_price,Long,2026-09-16T08:18:27Z
2026-09-16T08:15:06Z,2026-09-16T10:15:06+0200,2f3d54eb-4233-4144-b05e-f166a3215a4a,2026-09-11T13:30:00Z,2026-09-11T15:30:00+0200,75.617,EUR/MWh,DE,DE,imbalance_price,Short,2026-09-16T08:18:27Z
2026-09-16T08:15:06Z,2026-09-16T10:15:06+0200,2f3d54eb-4233-4144-b05e-f166a3215a4a,2026-09-11T13:45:00Z,2026-09-11T15:45:00+0200,135.009,EUR/MWh,DE,DE,imbalance_price,Long,2026-09-16T08:18:27Z
2026-09-16T08:15:06Z,2026-09-16T10:15:06+0200,2f3d54eb-4233-4144-b05e-f166a3215a4a,2026-09-11T13:45:00Z,2026-09-11T15:45:00+0200,135.009,EUR/MWh,DE,DE,imbalance_price,Short,2026-09-16T08:18:27Z
2026-09-16T08:15:06Z,2026-09-16T10:15:06+0200,2f3d54eb-4233-4144-b05e-f166a3215a4a,2026-09-11T14:00:00Z,2026-09-11T16:00:00+0200,103.613,EUR/MWh,DE,DE,imbalance_price,Long,2026-09-16T08:18:27Z
2026-09-16T08:15:06Z,2026-09-16T10:15:06+0200,2f3d54eb-4233-4144-b05e-f166a3215a4a,2026-09-11T14:00:00Z,2026-09-11T16:00:00+0200,103.613,EUR/MWh,DE,DE,imbalance_price,Short,2026-09-16T08:18:27Z
2026-09-16T08:15:06Z,2026-09-16T10:15:06+0200,2f3d54eb-4233-4144-b05e-f166a3215a4a,2026-09-11T14:15:00Z,2026-09-11T16:15:00+0200,163.962,EUR/MWh,DE,DE,imbalance_price,Long,2026-09-16T08:18:27Z
2026-09-16T08:15:06Z,2026-09-16T10:15:06+0200,2f3d54eb-4233-4144-b05e-f166a3215a4a,2026-09-11T14:15:00Z,2026-09-11T16:15:00+0200,163.962,EUR/MWh,DE,DE,imbalance_price,Short,2026-09-16T08:18:27Z
2026-09-16T08:15:06Z,2026-09-16T10:15:06+0200,2f3d54eb-4233-4144-b05e-f166a3215a4a,2026-09-11T14:30:00Z,2026-09-11T16:30:00+0200,192.987,EUR/MWh,DE,DE,imbalance_price,Long,2026-09-16T08:18:27Z
2026-09-16T08:15:06Z,2026-09-16T10:15:06+0200,2f3d54eb-4233-4144-b05e-f166a3215a4a,2026-09-11T14:30:00Z,2026-09-11T16:30:00+0200,192.987,EUR/MWh,DE,DE,imbalance_price,Short,2026-09-16T08:18:27Z
2026-09-16T08:15:06Z,2026-09-16T10:15:06+0200,2f3d54eb-4233-4144-b05e-f166a3215a4a,2026-09-11T14:45:00Z,2026-09-11T16:45:00+0200,241.05,EUR/MWh,DE,DE,imbalance_price,Long,2026-09-16T08:18:27Z
2026-09-16T08:15:06Z,2026-09-16T10:15:06+0200,2f3d54eb-4233-4144-b05e-f166a3215a4a,2026-09-11T14:45:00Z,2026-09-11T16:45:00+0200,241.05,EUR/MWh,DE,DE,imbalance_price,Short,2026-09-16T08:18:27Z
2026-09-16T08:15:06Z,2026-09-16T10:15:06+0200,2f3d54eb-4233-4144-b05e-f166a3215a4a,2026-09-11T15:00:00Z,2026-09-11T17:00:00+0200,192.285,EUR/MWh,DE,DE,imbalance_price,Long,2026-09-16T08:18:27Z
2026-09-16T08:15:06Z,2026-09-16T10:15:06+0200,2f3d54eb-4233-4144-b05e-f166a3215a4a,2026-09-11T15:00:00Z,2026-09-11T17:00:00+0200,192.285,EUR/MWh,DE,DE,imbalance_price,Short,2026-09-16T08:18:27Z
2026-09-16T08:15:06Z,2026-09-16T10:15:06+0200,2f3d54eb-4233-4144-b05e-f166a3215a4a,2026-09-11T15:15:00Z,2026-09-11T17:15:00+0200,161.064,EUR/MWh,DE,DE,imbalance_price,Long,2026-09-16T08:18:27Z
2026-09-16T08:15:06Z,2026-09-16T10:15:06+0200,2f3d54eb-4233-4144-b05e-f166a3215a4a,2026-09-11T15:15:00Z,2026-09-11T17:15:00+0200,161.064,EUR/MWh,DE,DE,imbalance_price,Short,2026-09-16T08:18:27Z
2026-09-16T08:15:06Z,2026-09-16T10:15:06+0200,2f3d54eb-4233-4144-b05e-f166a3215a4a,2026-09-11T15:30:00Z,2026-09-11T17:30:00+0200,159.711,EUR/MWh,DE,DE,imbalance_price,Long,2026-09-16T08:18:27Z
2026-09-16T08:15:06Z,2026-09-16T10:15:06+0200,2f3d54eb-4233-4144-b05e-f166a3215a4a,2026-09-11T15:30:00Z,2026-09-11T17:30:00+0200,159.711,EUR/MWh,DE,DE,imbalance_price,Short,2026-09-16T08:18:27Z
2026-09-16T08:15:06Z,2026-09-16T10:15:06+0200,2f3d54eb-4233-4144-b05e-f166a3215a4a,2026-09-11T15:45:00Z,2026-09-11T17:45:00+0200,206.717,EUR/MWh,DE,DE,imbalance_price,Long,2026-09-16T08:18:27Z
2026-09-16T08:15:06Z,2026-09-16T10:15:06+0200,2f3d54eb-4233-4144-b05e-f166a3215a4a,2026-09-11T15:45:00Z,2026-09-11T17:45:00+0200,206.717,EUR/MWh,DE,DE,imbalance_price,Short,2026-09-16T08:18:27Z
2026-09-16T08:15:06Z,2026-09-16T10:15:06+0200,2f3d54eb-4233-4144-b05e-f166a3215a4a,2026-09-11T16:00:00Z,2026-09-11T18:00:00+0200,173.193,EUR/MWh,DE,DE,imbalance_price,Long,2026-09-16T08:18:27Z
2026-09-16T08:15:06Z,2026-09-16T10:15:06+0200,2f3d54eb-4233-4144-b05e-f166a3215a4a,2026-09-11T16:00:00Z,2026-09-11T18:00:00+0200,173.193,EUR/MWh,DE,DE,imbalance_price,Short,2026-09-16T08:18:27Z
2026-09-16T08:15:06Z,2026-09-16T10:15:06+0200,2f3d54eb-4233-4144-b05e-f166a3215a4a,2026-09-11T16:15:00Z,2026-09-11T18:15:00+0200,131.325,EUR/MWh,DE,DE,imbalance_price,Long,2026-09-16T08:18:27Z
2026-09-16T08:15:06Z,2026-09-16T10:15:06+0200,2f3d54eb-4233-4144-b05e-f166a3215a4a,2026-09-11T16:15:00Z,2026-09-11T18:15:00+0200,131.325,EUR/MWh,DE,DE,imbalance_price,Short,2026-09-16T08:18:27Z
2026-09-16T08:15:06Z,2026-09-16T10:15:06+0200,2f3d54eb-4233-4144-b05e-f166a3215a4a,2026-09-11T16:30:00Z,2026-09-11T18:30:00+0200,145.422,EUR/MWh,DE,DE,imbalance_price,Long,2026-09-16T08:18:27Z
2026-09-16T08:15:06Z,2026-09-16T10:15:06+0200,2f3d54eb-4233-4144-b05e-f166a3215a4a,2026-09-11T16:30:00Z,2026-09-11T18:30:00+0200,145.422,EUR/MWh,DE,DE,imbalance_price,Short,2026-09-16T08:18:27Z
2026-09-16T08:15:06Z,2026-09-16T10:15:06+0200,2f3d54eb-4233-4144-b05e-f166a3215a4a,2026-09-11T16:45:00Z,2026-09-11T18:45:00+0200,182.176,EUR/MWh,DE,DE,imbalance_price,Long,2026-09-16T08:18:27Z
2026-09-16T08:15:06Z,2026-09-16T10:15:06+0200,2f3d54eb-4233-4144-b05e-f166a3215a4a,2026-09-11T16:45:00Z,2026-09-11T18:45:00+0200,182.176,EUR/MWh,DE,DE,imbalance_price,Short,2026-09-16T08:18:27Z
2026-09-16T08:15:06Z,2026-09-16T10:15:06+0200,2f3d54eb-4233-4144-b05e-f166a3215a4a,2026-09-11T17:00:00Z,2026-09-11T19:00:00+0200,234.364,EUR/MWh,DE,DE,imbalance_price,Long,2026-09-16T08:18:27Z
2026-09-16T08:15:06Z,2026-09-16T10:15:06+0200,2f3d54eb-4233-4144-b05e-f166a3215a4a,2026-09-11T17:00:00Z,2026-09-11T19:00:00+0200,234.364,EUR/MWh,DE,DE,imbalance_price,Short,2026-09-16T08:18:27Z
2026-09-16T08:15:06Z,2026-09-16T10:15:06+0200,2f3d54eb-4233-4144-b05e-f166a3215a4a,2026-09-11T17:15:00Z,2026-09-11T19:15:00+0200,238.077,EUR/MWh,DE,DE,imbalance_price,Long,2026-09-16T08:18:27Z
2026-09-16T08:15:06Z,2026-09-16T10:15:06+0200,2f3d54eb-4233-4144-b05e-f166a3215a4a,2026-09-11T17:15:00Z,2026-09-11T19:15:00+0200,238.077,EUR/MWh,DE,DE,imbalance_price,Short,2026-09-16T08:18:27Z
2026-09-16T08:15:06Z,2026-09-16T10:15:06+0200,2f3d54eb-4233-4144-b05e-f166a3215a4a,2026-09-11T17:30:00Z,2026-09-11T19:30:00+0200,193.646,EUR/MWh,DE,DE,imbalance_price,Long,2026-09-16T08:18:27Z
2026-09-16T08:15:06Z,2026-09-16T10:15:06+0200,2f3d54eb-4233-4144-b05e-f166a3215a4a,2026-09-11T17:30:00Z,2026-09-11T19:30:00+0200,193.646,EUR/MWh,DE,DE,imbalance_price,Short,2026-09-16T08:18:27Z
2026-09-16T08:15:06Z,2026-09-16T10:15:06+0200,2f3d54eb-4233-4144-b05e-f166a3215a4a,2026-09-11T17:45:00Z,2026-09-11T19:45:00+0200,282.638,EUR/MWh,DE,DE,imbalance_price,Long,2026-09-16T08:18:27Z
2026-09-16T08:15:06Z,2026-09-16T10:15:06+0200,2f3d54eb-4233-4144-b05e-f166a3215a4a,2026-09-11T17:45:00Z,2026-09-11T19:45:00+0200,282.638,EUR/MWh,DE,DE,imbalance_price,Short,2026-09-16T08:18:27Z
2026-09-16T08:15:06Z,2026-09-16T10:15:06+0200,2f3d54eb-4233-4144-b05e-f166a3215a4a,2026-09-11T18:00:00Z,2026-09-11T20:00:00+0200,244.563,EUR/MWh,DE,DE,imbalance_price,Long,2026-09-16T08:18:27Z
2026-09-16T08:15:06Z,2026-09-16T10:15:06+0200,2f3d54eb-4233-4144-b05e-f166a3215a4a,2026-09-11T18:00:00Z,2026-09-11T20:00:00+0200,244.563,EUR/MWh,DE,DE,imbalance_price,Short,2026-09-16T08:18:27Z
2026-09-16T08:15:06Z,2026-09-16T10:15:06+0200,2f3d54eb-4233-4144-b05e-f166a3215a4a,2026-09-11T18:15:00Z,2026-09-11T20:15:00+0200,285.105,EUR/MWh,DE,DE,imbalance_price,Long,2026-09-16T08:18:27Z
2026-09-16T08:15:06Z,2026-09-16T10:15:06+0200,2f3d54eb-4233-4144-b05e-f166a3215a4a,2026-09-11T18:15:00Z,2026-09-11T20:15:00+0200,285.105,EUR/MWh,DE,DE,imbalance_price,Short,2026-09-16T08:18:27Z
2026-09-16T08:15:06Z,2026-09-16T10:15:06+0200,2f3d54eb-4233-4144-b05e-f166a3215a4a,2026-09-11T18:30:00Z,2026-09-11T20:30:00+0200,260.676,EUR/MWh,DE,DE,imbalance_price,Long,2026-09-16T08:18:27Z
2026-09-16T08:15:06Z,2026-09-16T10:15:06+0200,2f3d54eb-4233-4144-b05e-f166a3215a4a,2026-09-11T18:30:00Z,2026-09-11T20:30:00+0200,260.676,EUR/MWh,DE,DE,imbalance_price,Short,2026-09-16T08:18:27Z
2026-09-16T08:15:06Z,2026-09-16T10:15:06+0200,2f3d54eb-4233-4144-b05e-f166a3215a4a,2026-09-11T18:45:00Z,2026-09-11T20:45:00+0200,224.265,EUR/MWh,DE,DE,imbalance_price,Long,2026-09-16T08:18:27Z
2026-09-16T08:15:06Z,2026-09-16T10:15:06+0200,2f3d54eb-4233-4144-b05e-f166a3215a4a,2026-09-11T18:45:00Z,2026-09-11T20:45:00+0200,224.265,EUR/MWh,DE,DE,imbalance_price,Short,2026-09-16T08:18:27Z
2026-09-16T08:15:06Z,2026-09-16T10:15:06+0200,2f3d54eb-4233-4144-b05e-f166a3215a4a,2026-09-11T19:00:00Z,2026-09-11T21:00:00+0200,259.968,EUR/MWh,DE,DE,imbalance_price,Long,2026-09-16T08:18:27Z
2026-09-16T08:15:06Z,2026-09-16T10:15:06+0200,2f3d54eb-4233-4144-b05e-f166a3215a4a,2026-09-11T19:00:00Z,2026-09-11T21:00:00+0200,259.968,EUR/MWh,DE,DE,imbalance_price,Short,2026-09-16T08:18:27Z
2026-09-16T08:15:06Z,2026-09-16T10:15:06+0200,2f3d54eb-4233-4144-b05e-f166a3215a4a,2026-09-11T19:15:00Z,2026-09-11T21:15:00+0200,176.684,EUR/MWh,DE,DE,imbalance_price,Long,2026-09-16T08:18:27Z
2026-09-16T08:15:06Z,2026-09-16T10:15:06+0200,2f3d54eb-4233-4144-b05e-f166a3215a4a,2026-09-11T19:15:00Z,2026-09-11T21:15:00+0200,176.684,EUR/MWh,DE,DE,imbalance_price,Short,2026-09-16T08:18:27Z
2026-09-16T08:15:06Z,2026-09-16T10:15:06+0200,2f3d54eb-4233-4144-b05e-f166a3215a4a,2026-09-11T19:30:00Z,2026-09-11T21:30:00+0200,204.379,EUR/MWh,DE,DE,imbalance_price,Long,2026-09-16T08:18:27Z
2026-09-16T08:15:06Z,2026-09-16T10:15:06+0200,2f3d54eb-4233-4144-b05e-f166a3215a4a,2026-09-11T19:30:00Z,2026-09-11T21:30:00+0200,204.379,EUR/MWh,DE,DE,imbalance_price,Short,2026-09-16T08:18:27Z
2026-09-16T08:15:06Z,2026-09-16T10:15:06+0200,2f3d54eb-4233-4144-b05e-f166a3215a4a,2026-09-11T19:45:00Z,2026-09-11T21:45:00+0200,173.212,EUR/MWh,DE,DE,imbalance_price,Long,2026-09-16T08:18:27Z
2026-09-16T08:15:06Z,2026-09-16T10:15:06+0200,2f3d54eb-4233-4144-b05e-f166a3215a4a,2026-09-11T19:45:00Z,2026-09-11T21:45:00+0200,173.212,EUR/MWh,DE,DE,imbalance_price,Short,2026-09-16T08:18:27Z
2026-09-16T08:15:06Z,2026-09-16T10:15:06+0200,2f3d54eb-4233-4144-b05e-f166a3215a4a,2026-09-11T20:00:00Z,2026-09-11T22:00:00+0200,188.153,EUR/MWh,DE,DE,imbalance_price,Long,2026-09-16T08:18:27Z
2026-09-16T08:15:06Z,2026-09-16T10:15:06+0200,2f3d54eb-4233-4144-b05e-f166a3215a4a,2026-09-11T20:00:00Z,2026-09-11T22:00:00+0200,188.153,EUR/MWh,DE,DE,imbalance_price,Short,2026-09-16T08:18:27Z
2026-09-16T08:15:06Z,2026-09-16T10:15:06+0200,2f3d54eb-4233-4144-b05e-f166a3215a4a,2026-09-11T20:15:00Z,2026-09-11T22:15:00+0200,219.103,EUR/MWh,DE,DE,imbalance_price,Long,2026-09-16T08:18:27Z
2026-09-16T08:15:06Z,2026-09-16T10:15:06+0200,2f3d54eb-4233-4144-b05e-f166a3215a4a,2026-09-11T20:15:00Z,2026-09-11T22:15:00+0200,219.103,EUR/MWh,DE,DE,imbalance_price,Short,2026-09-16T08:18:27Z
2026-09-16T08:15:06Z,2026-09-16T10:15:06+0200,2f3d54eb-4233-4144-b05e-f166a3215a4a,2026-09-11T20:30:00Z,2026-09-11T22:30:00+0200,236.583,EUR/MWh,DE,DE,imbalance_price,Long,2026-09-16T08:18:27Z
2026-09-16T08:15:06Z,2026-09-16T10:15:06+0200,2f3d54eb-4233-4144-b05e-f166a3215a4a,2026-09-11T20:30:00Z,2026-09-11T22:30:00+0200,236.583,EUR/MWh,DE,DE,imbalance_price,Short,2026-09-16T08:18:27Z
2026-09-16T08:15:06Z,2026-09-16T10:15:06+0200,2f3d54eb-4233-4144-b05e-f166a3215a4a,2026-09-11T20:45:00Z,2026-09-11T22:45:00+0200,242.308,EUR/MWh,DE,DE,imbalance_price,Long,2026-09-16T08:18:27Z
2026-09-16T08:15:06Z,2026-09-16T10:15:06+0200,2f3d54eb-4233-4144-b05e-f166a3215a4a,2026-09-11T20:45:00Z,2026-09-11T22:45:00+0200,242.308,EUR/MWh,DE,DE,imbalance_price,Short,2026-09-16T08:18:27Z
2026-09-16T08:15:06Z,2026-09-16T10:15:06+0200,2f3d54eb-4233-4144-b05e-f166a3215a4a,2026-09-11T21:00:00Z,2026-09-11T23:00:00+0200,253.672,EUR/MWh,DE,DE,imbalance_price,Long,2026-09-16T08:18:27Z
2026-09-16T08:15:06Z,2026-09-16T10:15:06+0200,2f3d54eb-4233-4144-b05e-f166a3215a4a,2026-09-11T21:00:00Z,2026-09-11T23:00:00+0200,253.672,EUR/MWh,DE,DE,imbalance_price,Short,2026-09-16T08:18:27Z
2026-09-16T08:15:06Z,2026-09-16T10:15:06+0200,2f3d54eb-4233-4144-b05e-f166a3215a4a,2026-09-11T21:15:00Z,2026-09-11T23:15:00+0200,196.908,EUR/MWh,DE,DE,imbalance_price,Long,2026-09-16T08:18:27Z
2026-09-16T08:15:06Z,2026-09-16T10:15:06+0200,2f3d54eb-4233-4144-b05e-f166a3215a4a,2026-09-11T21:15:00Z,2026-09-11T23:15:00+0200,196.908,EUR/MWh,DE,DE,imbalance_price,Short,2026-09-16T08:18:27Z
2026-09-16T08:15:06Z,2026-09-16T10:15:06+0200,2f3d54eb-4233-4144-b05e-f166a3215a4a,2026-09-11T21:30:00Z,2026-09-11T23:30:00+0200,235.315,EUR/MWh,DE,DE,imbalance_price,Long,2026-09-16T08:18:27Z
2026-09-16T08:15:06Z,2026-09-16T10:15:06+0200,2f3d54eb-4233-4144-b05e-f166a3215a4a,2026-09-11T21:30:00Z,2026-09-11T23:30:00+0200,235.315,EUR/MWh,DE,DE,imbalance_price,Short,2026-09-16T08:18:27Z
2026-09-16T08:15:06Z,2026-09-16T10:15:06+0200,2f3d54eb-4233-4144-b05e-f166a3215a4a,2026-09-11T21:45:00Z,2026-09-11T23:45:00+0200,218.952,EUR/MWh,DE,DE,imbalance_price,Long,2026-09-16T08:18:27Z
2026-09-16T08:15:06Z,2026-09-16T10:15:06+0200,2f3d54eb-4233-4144-b05e-f166a3215a4a,2026-09-11T21:45:00Z,2026-09-11T23:45:00+0200,218.952,EUR/MWh,DE,DE,imbalance_price,Short,2026-09-16T08:18:27Z
2026-09-16T08:15:06Z,2026-09-16T10:15:06+0200,2f3d54eb-4233-4144-b05e-f166a3215a4a,2026-09-11T22:00:00Z,2026-09-12T00:00:00+0200,225.936,EUR/MWh,DE,DE,imbalance_price,Long,2026-09-16T08:18:27Z
2026-09-16T08:15:06Z,2026-09-16T10:15:06+0200,2f3d54eb-4233-4144-b05e-f166a3215a4a,2026-09-11T22:00:00Z,2026-09-12T00:00:00+0200,225.936,EUR/MWh,DE,DE,imbalance_price,Short,2026-09-16T08:18:27Z
2026-09-16T08:15:06Z,2026-09-16T10:15:06+0200,2f3d54eb-4233-4144-b05e-f166a3215a4a,2026-09-11T22:15:00Z,2026-09-12T00:15:00+0200,350.051,EUR/MWh,DE,DE,imbalance_price,Long,2026-09-16T08:18:27Z
2026-09-16T08:15:06Z,2026-09-16T10:15:06+0200,2f3d54eb-4233-4144-b05e-f166a3215a4a,2026-09-11T22:15:00Z,2026-09-12T00:15:00+0200,350.051,EUR/MWh,DE,DE,imbalance_price,Short,2026-09-16T08:18:27Z
2026-09-16T08:15:06Z,2026-09-16T10:15:06+0200,2f3d54eb-4233-4144-b05e-f166a3215a4a,2026-09-11T22:30:00Z,2026-09-12T00:30:00+0200,397.24,EUR/MWh,DE,DE,imbalance_price,Long,2026-09-16T08:18:27Z
2026-09-16T08:15:06Z,2026-09-16T10:15:06+0200,2f3d54eb-4233-4144-b05e-f166a3215a4a,2026-09-11T22:30:00Z,2026-09-12T00:30:00+0200,397.24,EUR/MWh,DE,DE,imbalance_price,Short,2026-09-16T08:18:27Z
2026-09-16T08:15:06Z,2026-09-16T10:15:06+0200,2f3d54eb-4233-4144-b05e-f166a3215a4a,2026-09-11T22:45:00Z,2026-09-12T00:45:00+0200,334.032,EUR/MWh,DE,DE,imbalance_price,Long,2026-09-16T08:18:27Z
2026-09-16T08:15:06Z,2026-09-16T10:15:06+0200,2f3d54eb-4233-4144-b05e-f166a3215a4a,2026-09-11T22:45:00Z,2026-09-12T00:45:00+0200,334.032,EUR/MWh,DE,DE,imbalance_price,Short,2026-09-16T08:18:27Z
2026-09-16T08:15:06Z,2026-09-16T10:15:06+0200,2f3d54eb-4233-4144-b05e-f166a3215a4a,2026-09-11T23:00:00Z,2026-09-12T01:00:00+0200,347.916,EUR/MWh,DE,DE,imbalance_price,Long,2026-09-16T08:18:27Z
2026-09-16T08:15:06Z,2026-09-16T10:15:06+0200,2f3d54eb-4233-4144-b05e-f166a3215a4a,2026-09-11T23:00:00Z,2026-09-12T01:00:00+0200,347.916,EUR/MWh,DE,DE,imbalance_price,Short,2026-09-16T08:18:27Z
2026-09-16T08:15:06Z,2026-09-16T10:15:06+0200,2f3d54eb-4233-4144-b05e-f166a3215a4a,2026-09-11T23:15:00Z,2026-09-12T01:15:00+0200,243.813,EUR/MWh,DE,DE,imbalance_price,Long,2026-09-16T08:18:27Z
2026-09-16T08:15:06Z,2026-09-16T10:15:06+0200,2f3d54eb-4233-4144-b05e-f166a3215a4a,2026-09-11T23:15:00Z,2026-09-12T01:15:00+0200,243.813,EUR/MWh,DE,DE,imbalance_price,Short,2026-09-16T08:18:27Z
2026-09-16T08:15:06Z,2026-09-16T10:15:06+0200,2f3d54eb-4233-4144-b05e-f166a3215a4a,2026-09-11T23:30:00Z,2026-09-12T01:30:00+0200,324.417,EUR/MWh,DE,DE,imbalance_price,Long,2026-09-16T08:18:27Z
2026-09-16T08:15:06Z,2026-09-16T10:15:06+0200,2f3d54eb-4233-4144-b05e-f166a3215a4a,2026-09-11T23:30:00Z,2026-09-12T01:30:00+0200,324.417,EUR/MWh,DE,DE,imbalance_price,Short,2026-09-16T08:18:27Z
2026-09-16T08:15:06Z,2026-09-16T10:15:06+0200,2f3d54eb-4233-4144-b05e-f166a3215a4a,2026-09-11T23:45:00Z,2026-09-12T01:45:00+0200,1132.262,EUR/MWh,DE,DE,imbalance_price,Long,2026-09-16T08:18:27Z
2026-09-16T08:15:06Z,2026-09-16T10:15:06+0200,2f3d54eb-4233-4144-b05e-f166a3215a4a,2026-09-11T23:45:00Z,2026-09-12T01:45:00+0200,1132.262,EUR/MWh,DE,DE,imbalance_price,Short,2026-09-16T08:18:27Z
2026-09-16T08:15:06Z,2026-09-16T10:15:06+0200,2f3d54eb-4233-4144-b05e-f166a3215a4a,2026-09-12T00:00:00Z,2026-09-12T02:00:00+0200,620.786,EUR/MWh,DE,DE,imbalance_price,Long,2026-09-16T08:18:27Z
2026-09-16T08:15:06Z,2026-09-16T10:15:06+0200,2f3d54eb-4233-4144-b05e-f166a3215a4a,2026-09-12T00:00:00Z,2026-09-12T02:00:00+0200,620.786,EUR/MWh,DE,DE,imbalance_price,Short,2026-09-16T08:18:27Z
2026-09-16T08:15:06Z,2026-09-16T10:15:06+0200,2f3d54eb-4233-4144-b05e-f166a3215a4a,2026-09-12T00:15:00Z,2026-09-12T02:15:00+0200,278.402,EUR/MWh,DE,DE,imbalance_price,Long,2026-09-16T08:18:27Z
2026-09-16T08:15:06Z,2026-09-16T10:15:06+0200,2f3d54eb-4233-4144-b05e-f166a3215a4a,2026-09-12T00:15:00Z,2026-09-12T02:15:00+0200,278.402,EUR/MWh,DE,DE,imbalance_price,Short,2026-09-16T08:18:27Z
2026-09-16T08:15:06Z,2026-09-16T10:15:06+0200,2f3d54eb-4233-4144-b05e-f166a3215a4a,2026-09-12T00:30:00Z,2026-09-12T02:30:00+0200,195.377,EUR/MWh,DE,DE,imbalance_price,Long,2026-09-16T08:18:27Z
2026-09-16T08:15:06Z,2026-09-16T10:15:06+0200,2f3d54eb-4233-4144-b05e-f166a3215a4a,2026-09-12T00:30:00Z,2026-09-12T02:30:00+0200,195.377,EUR/MWh,DE,DE,imbalance_price,Short,2026-09-16T08:18:27Z
2026-09-16T08:15:06Z,2026-09-16T10:15:06+0200,2f3d54eb-4233-4144-b05e-f166a3215a4a,2026-09-12T00:45:00Z,2026-09-12T02:45:00+0200,196.911,EUR/MWh,DE,DE,imbalance_price,Long,2026-09-16T08:18:27Z
2026-09-16T08:15:06Z,2026-09-16T10:15:06+0200,2f3d54eb-4233-4144-b05e-f166a3215a4a,2026-09-12T00:45:00Z,2026-09-12T02:45:00+0200,196.911,EUR/MWh,DE,DE,imbalance_price,Short,2026-09-16T08:18:27Z
2026-09-16T08:15:06Z,2026-09-16T10:15:06+0200,2f3d54eb-4233-4144-b05e-f166a3215a4a,2026-09-12T01:00:00Z,2026-09-12T03:00:00+0200,169.338,EUR/MWh,DE,DE,imbalance_price,Long,2026-09-16T08:18:27Z
2026-09-16T08:15:06Z,2026-09-16T10:15:06+0200,2f3d54eb-4233-4144-b05e-f166a3215a4a,2026-09-12T01:00:00Z,2026-09-12T03:00:00+0200,169.338,EUR/MWh,DE,DE,imbalance_price,Short,2026-09-16T08:18:27Z
2026-09-16T08:15:06Z,2026-09-16T10:15:06+0200,2f3d54eb-4233-4144-b05e-f166a3215a4a,2026-09-12T01:15:00Z,2026-09-12T03:15:00+0200,218.255,EUR/MWh,DE,DE,imbalance_price,Long,2026-09-16T08:18:27Z
2026-09-16T08:15:06Z,2026-09-16T10:15:06+0200,2f3d54eb-4233-4144-b05e-f166a3215a4a,2026-09-12T01:15:00Z,2026-09-12T03:15:00+0200,218.255,EUR/MWh,DE,DE,imbalance_price,Short,2026-09-16T08:18:27Z
2026-09-16T08:15:06Z,2026-09-16T10:15:06+0200,2f3d54eb-4233-4144-b05e-f166a3215a4a,2026-09-12T01:30:00Z,2026-09-12T03:30:00+0200,213.922,EUR/MWh,DE,DE,imbalance_price,Long,2026-09-16T08:18:27Z
2026-09-16T08:15:06Z,2026-09-16T10:15:06+0200,2f3d54eb-4233-4144-b05e-f166a3215a4a,2026-09-12T01:30:00Z,2026-09-12T03:30:00+0200,213.922,EUR/MWh,DE,DE,imbalance_price,Short,2026-09-16T08:18:27Z
2026-09-16T08:15:06Z,2026-09-16T10:15:06+0200,2f3d54eb-4233-4144-b05e-f166a3215a4a,2026-09-12T01:45:00Z,2026-09-12T03:45:00+0200,237.744,EUR/MWh,DE,DE,imbalance_price,Long,2026-09-16T08:18:27Z
2026-09-16T08:15:06Z,2026-09-16T10:15:06+0200,2f3d54eb-4233-4144-b05e-f166a3215a4a,2026-09-12T01:45:00Z,2026-09-12T03:45:00+0200,237.744,EUR/MWh,DE,DE,imbalance_price,Short,2026-09-16T08:18:27Z
2026-09-16T08:15:06Z,2026-09-16T10:15:06+0200,2f3d54eb-4233-4144-b05e-f166a3215a4a,2026-09-12T02:00:00Z,2026-09-12T04:00:00+0200,236.381,EUR/MWh,DE,DE,imbalance_price,Long,2026-09-16T08:18:27Z
2026-09-16T08:15:06Z,2026-09-16T10:15:06+0200,2f3d54eb-4233-4144-b05e-f166a3215a4a,2026-09-12T02:00:00Z,2026-09-12T04:00:00+0200,236.381,EUR/MWh,DE,DE,imbalance_price,Short,2026-09-16T08:18:27Z
2026-09-16T08:15:06Z,2026-09-16T10:15:06+0200,2f3d54eb-4233-4144-b05e-f166a3215a4a,2026-09-12T02:15:00Z,2026-09-12T04:15:00+0200,220.781,EUR/MWh,DE,DE,imbalance_price,Long,2026-09-16T08:18:27Z
2026-09-16T08:15:06Z,2026-09-16T10:15:06+0200,2f3d54eb-4233-4144-b05e-f166a3215a4a,2026-09-12T02:15:00Z,2026-09-12T04:15:00+0200,220.781,EUR/MWh,DE,DE,imbalance_price,Short,2026-09-16T08:18:27Z
2026-09-16T08:15:06Z,2026-09-16T10:15:06+0200,2f3d54eb-4233-4144-b05e-f166a3215a4a,2026-09-12T02:30:00Z,2026-09-12T04:30:00+0200,236.348,EUR/MWh,DE,DE,imbalance_price,Long,2026-09-16T08:18:27Z
2026-09-16T08:15:06Z,2026-09-16T10:15:06+0200,2f3d54eb-4233-4144-b05e-f166a3215a4a,2026-09-12T02:30:00Z,2026-09-12T04:30:00+0200,236.348,EUR/MWh,DE,DE,imbalance_price,Short,2026-09-16T08:18:27Z
2026-09-16T08:15:06Z,2026-09-16T10:15:06+0200,2f3d54eb-4233-4144-b05e-f166a3215a4a,2026-09-12T02:45:00Z,2026-09-12T04:45:00+0200,265.071,EUR/MWh,DE,DE,imbalance_price,Long,2026-09-16T08:18:27Z
2026-09-16T08:15:06Z,2026-09-16T10:15:06+0200,2f3d54eb-4233-4144-b05e-f166a3215a4a,2026-09-12T02:45:00Z,2026-09-12T04:45:00+0200,265.071,EUR/MWh,DE,DE,imbalance_price,Short,2026-09-16T08:18:27Z
2026-09-16T08:15:06Z,2026-09-16T10:15:06+0200,2f3d54eb-4233-4144-b05e-f166a3215a4a,2026-09-12T03:00:00Z,2026-09-12T05:00:00+0200,248.854,EUR/MWh,DE,DE,imbalance_price,Long,2026-09-16T08:18:27Z
2026-09-16T08:15:06Z,2026-09-16T10:15:06+0200,2f3d54eb-4233-4144-b05e-f166a3215a4a,2026-09-12T03:00:00Z,2026-09-12T05:00:00+0200,248.854,EUR/MWh,DE,DE,imbalance_price,Short,2026-09-16T08:18:27Z
2026-09-16T08:15:06Z,2026-09-16T10:15:06+0200,2f3d54eb-4233-4144-b05e-f166a3215a4a,2026-09-12T03:15:00Z,2026-09-12T05:15:00+0200,279.87,EUR/MWh,DE,DE,imbalance_price,Long,2026-09-16T08:18:27Z
2026-09-16T08:15:06Z,2026-09-16T10:15:06+0200,2f3d54eb-4233-4144-b05e-f166a3215a4a,2026-09-12T03:15:00Z,2026-09-12T05:15:00+0200,279.87,EUR/MWh,DE,DE,imbalance_price,Short,2026-09-16T08:18:27Z
2026-09-16T08:15:06Z,2026-09-16T10:15:06+0200,2f3d54eb-4233-4144-b05e-f166a3215a4a,2026-09-12T03:30:00Z,2026-09-12T05:30:00+0200,229.019,EUR/MWh,DE,DE,imbalance_price,Long,2026-09-16T08:18:27Z
2026-09-16T08:15:06Z,2026-09-16T10:15:06+0200,2f3d54eb-4233-4144-b05e-f166a3215a4a,2026-09-12T03:30:00Z,2026-09-12T05:30:00+0200,229.019,EUR/MWh,DE,DE,imbalance_price,Short,2026-09-16T08:18:27Z
2026-09-16T08:15:06Z,2026-09-16T10:15:06+0200,2f3d54eb-4233-4144-b05e-f166a3215a4a,2026-09-12T03:45:00Z,2026-09-12T05:45:00+0200,287.896,EUR/MWh,DE,DE,imbalance_price,Long,2026-09-16T08:18:27Z
2026-09-16T08:15:06Z,2026-09-16T10:15:06+0200,2f3d54eb-4233-4144-b05e-f166a3215a4a,2026-09-12T03:45:00Z,2026-09-12T05:45:00+0200,287.896,EUR/MWh,DE,DE,imbalance_price,Short,2026-09-16T08:18:27Z
2026-09-16T08:15:06Z,2026-09-16T10:15:06+0200,2f3d54eb-4233-4144-b05e-f166a3215a4a,2026-09-12T04:00:00Z,2026-09-12T06:00:00+0200,286.489,EUR/MWh,DE,DE,imbalance_price,Long,2026-09-16T08:18:27Z
2026-09-16T08:15:06Z,2026-09-16T10:15:06+0200,2f3d54eb-4233-4144-b05e-f166a3215a4a,2026-09-12T04:00:00Z,2026-09-12T06:00:00+0200,286.489,EUR/MWh,DE,DE,imbalance_price,Short,2026-09-16T08:18:27Z
2026-09-16T08:15:06Z,2026-09-16T10:15:06+0200,2f3d54eb-4233-4144-b05e-f166a3215a4a,2026-09-12T04:15:00Z,2026-09-12T06:15:00+0200,262.015,EUR/MWh,DE,DE,imbalance_price,Long,2026-09-16T08:18:27Z
2026-09-16T08:15:06Z,2026-09-16T10:15:06+0200,2f3d54eb-4233-4144-b05e-f166a3215a4a,2026-09-12T04:15:00Z,2026-09-12T06:15:00+0200,262.015,EUR/MWh,DE,DE,imbalance_price,Short,2026-09-16T08:18:27Z
2026-09-16T08:15:06Z,2026-09-16T10:15:06+0200,2f3d54eb-4233-4144-b05e-f166a3215a4a,2026-09-12T04:30:00Z,2026-09-12T06:30:00+0200,215.771,EUR/MWh,DE,DE,imbalance_price,Long,2026-09-16T08:18:27Z
2026-09-16T08:15:06Z,2026-09-16T10:15:06+0200,2f3d54eb-4233-4144-b05e-f166a3215a4a,2026-09-12T04:30:00Z,2026-09-12T06:30:00+0200,215.771,EUR/MWh,DE,DE,imbalance_price,Short,2026-09-16T08:18:27Z
2026-09-16T08:15:06Z,2026-09-16T10:15:06+0200,2f3d54eb-4233-4144-b05e-f166a3215a4a,2026-09-12T04:45:00Z,2026-09-12T06:45:00+0200,225.595,EUR/MWh,DE,DE,imbalance_price,Long,2026-09-16T08:18:27Z
2026-09-16T08:15:06Z,2026-09-16T10:15:06+0200,2f3d54eb-4233-4144-b05e-f166a3215a4a,2026-09-12T04:45:00Z,2026-09-12T06:45:00+0200,225.595,EUR/MWh,DE,DE,imbalance_price,Short,2026-09-16T08:18:27Z
2026-09-16T08:15:06Z,2026-09-16T10:15:06+0200,2f3d54eb-4233-4144-b05e-f166a3215a4a,2026-09-12T05:00:00Z,2026-09-12T07:00:00+0200,241.003,EUR/MWh,DE,DE,imbalance_price,Long,2026-09-16T08:18:27Z
2026-09-16T08:15:06Z,2026-09-16T10:15:06+0200,2f3d54eb-4233-4144-b05e-f166a3215a4a,2026-09-12T05:00:00Z,2026-09-12T07:00:00+0200,241.003,EUR/MWh,DE,DE,imbalance_price,Short,2026-09-16T08:18:27Z
2026-09-16T08:15:06Z,2026-09-16T10:15:06+0200,2f3d54eb-4233-4144-b05e-f166a3215a4a,2026-09-12T05:15:00Z,2026-09-12T07:15:00+0200,338.607,EUR/MWh,DE,DE,imbalance_price,Long,2026-09-16T08:18:27Z
2026-09-16T08:15:06Z,2026-09-16T10:15:06+0200,2f3d54eb-4233-4144-b05e-f166a3215a4a,2026-09-12T05:15:00Z,2026-09-12T07:15:00+0200,338.607,EUR/MWh,DE,DE,imbalance_price,Short,2026-09-16T08:18:27Z
2026-09-16T08:15:06Z,2026-09-16T10:15:06+0200,2f3d54eb-4233-4144-b05e-f166a3215a4a,2026-09-12T05:30:00Z,2026-09-12T07:30:00+0200,228.724,EUR/MWh,DE,DE,imbalance_price,Long,2026-09-16T08:18:27Z
2026-09-16T08:15:06Z,2026-09-16T10:15:06+0200,2f3d54eb-4233-4144-b05e-f166a3215a4a,2026-09-12T05:30:00Z,2026-09-12T07:30:00+0200,228.724,EUR/MWh,DE,DE,imbalance_price,Short,2026-09-16T08:18:27Z
2026-09-16T08:15:06Z,2026-09-16T10:15:06+0200,2f3d54eb-4233-4144-b05e-f166a3215a4a,2026-09-12T05:45:00Z,2026-09-12T07:45:00+0200,196.41,EUR/MWh,DE,DE,imbalance_price,Long,2026-09-16T08:18:27Z
2026-09-16T08:15:06Z,2026-09-16T10:15:06+0200,2f3d54eb-4233-4144-b05e-f166a3215a4a,2026-09-12T05:45:00Z,2026-09-12T07:45:00+0200,196.41,EUR/MWh,DE,DE,imbalance_price,Short,2026-09-16T08:18:27Z
2026-09-16T08:15:06Z,2026-09-16T10:15:06+0200,2f3d54eb-4233-4144-b05e-f166a3215a4a,2026-09-12T06:00:00Z,2026-09-12T08:00:00+0200,276.259,EUR/MWh,DE,DE,imbalance_price,Long,2026-09-16T08:18:27Z
2026-09-16T08:15:06Z,2026-09-16T10:15:06+0200,2f3d54eb-4233-4144-b05e-f166a3215a4a,2026-09-12T06:00:00Z,2026-09-12T08:00:00+0200,276.259,EUR/MWh,DE,DE,imbalance_price,Short,2026-09-16T08:18:27Z
2026-09-16T08:15:06Z,2026-09-16T10:15:06+0200,2f3d54eb-4233-4144-b05e-f166a3215a4a,2026-09-12T06:15:00Z,2026-09-12T08:15:00+0200,260.763,EUR/MWh,DE,DE,imbalance_price,Long,2026-09-16T08:18:27Z
2026-09-16T08:15:06Z,2026-09-16T10:15:06+0200,2f3d54eb-4233-4144-b05e-f166a3215a4a,2026-09-12T06:15:00Z,2026-09-12T08:15:00+0200,260.763,EUR/MWh,DE,DE,imbalance_price,Short,2026-09-16T08:18:27Z
2026-09-16T08:15:06Z,2026-09-16T10:15:06+0200,2f3d54eb-4233-4144-b05e-f166a3215a4a,2026-09-12T06:30:00Z,2026-09-12T08:30:00+0200,121.066,EUR/MWh,DE,DE,imbalance_price,Long,2026-09-16T08:18:27Z
2026-09-16T08:15:06Z,2026-09-16T10:15:06+0200,2f3d54eb-4233-4144-b05e-f166a3215a4a,2026-09-12T06:30:00Z,2026-09-12T08:30:00+0200,121.066,EUR/MWh,DE,DE,imbalance_price,Short,2026-09-16T08:18:27Z
2026-09-16T08:15:06Z,2026-09-16T10:15:06+0200,2f3d54eb-4233-4144-b05e-f166a3215a4a,2026-09-12T06:45:00Z,2026-09-12T08:45:00+0200,217.9,EUR/MWh,DE,DE,imbalance_price,Long,2026-09-16T08:18:27Z
2026-09-16T08:15:06Z,2026-09-16T10:15:06+0200,2f3d54eb-4233-4144-b05e-f166a3215a4a,2026-09-12T06:45:00Z,2026-09-12T08:45:00+0200,217.9,EUR/MWh,DE,DE,imbalance_price,Short,2026-09-16T08:18:27Z
2026-09-16T08:15:06Z,2026-09-16T10:15:06+0200,2f3d54eb-4233-4144-b05e-f166a3215a4a,2026-09-12T07:00:00Z,2026-09-12T09:00:00+0200,220.97,EUR/MWh,DE,DE,imbalance_price,Long,2026-09-16T08:18:27Z
2026-09-16T08:15:06Z,2026-09-16T10:15:06+0200,2f3d54eb-4233-4144-b05e-f166a3215a4a,2026-09-12T07:00:00Z,2026-09-12T09:00:00+0200,220.97,EUR/MWh,DE,DE,imbalance_price,Short,2026-09-16T08:18:27Z
2026-09-16T08:15:06Z,2026-09-16T10:15:06+0200,2f3d54eb-4233-4144-b05e-f166a3215a4a,2026-09-12T07:15:00Z,2026-09-12T09:15:00+0200,245.55,EUR/MWh,DE,DE,imbalance_price,Long,2026-09-16T08:18:27Z
2026-09-16T08:15:06Z,2026-09-16T10:15:06+0200,2f3d54eb-4233-4144-b05e-f166a3215a4a,2026-09-12T07:15:00Z,2026-09-12T09:15:00+0200,245.55,EUR/MWh,DE,DE,imbalance_price,Short,2026-09-16T08:18:27Z
2026-09-16T08:15:06Z,2026-09-16T10:15:06+0200,2f3d54eb-4233-4144-b05e-f166a3215a4a,2026-09-12T07:30:00Z,2026-09-12T09:30:00+0200,237.196,EUR/MWh,DE,DE,imbalance_price,Long,2026-09-16T08:18:27Z
2026-09-16T08:15:06Z,2026-09-16T10:15:06+0200,2f3d54eb-4233-4144-b05e-f166a3215a4a,2026-09-12T07:30:00Z,2026-09-12T09:30:00+0200,237.196,EUR/MWh,DE,DE,imbalance_price,Short,2026-09-16T08:18:27Z
2026-09-16T08:15:06Z,2026-09-16T10:15:06+0200,2f3d54eb-4233-4144-b05e-f166a3215a4a,2026-09-12T07:45:00Z,2026-09-12T09:45:00+0200,179.376,EUR/MWh,DE,DE,imbalance_price,Long,2026-09-16T08:18:27Z
2026-09-16T08:15:06Z,2026-09-16T10:15:06+0200,2f3d54eb-4233-4144-b05e-f166a3215a4a,2026-09-12T07:45:00Z,2026-09-12T09:45:00+0200,179.376,EUR/MWh,DE,DE,imbalance_price,Short,2026-09-16T08:18:27Z
2026-09-16T08:15:06Z,2026-09-16T10:15:06+0200,2f3d54eb-4233-4144-b05e-f166a3215a4a,2026-09-12T08:00:00Z,2026-09-12T10:00:00+0200,169.21,EUR/MWh,DE,DE,imbalance_price,Long,2026-09-16T08:18:27Z
2026-09-16T08:15:06Z,2026-09-16T10:15:06+0200,2f3d54eb-4233-4144-b05e-f166a3215a4a,2026-09-12T08:00:00Z,2026-09-12T10:00:00+0200,169.21,EUR/MWh,DE,DE,imbalance_price,Short,2026-09-16T08:18:27Z
2026-09-16T08:15:06Z,2026-09-16T10:15:06+0200,2f3d54eb-4233-4144-b05e-f166a3215a4a,2026-09-12T08:15:00Z,2026-09-12T10:15:00+0200,66.58,EUR/MWh,DE,DE,imbalance_price,Long,2026-09-16T08:18:27Z
2026-09-16T08:15:06Z,2026-09-16T10:15:06+0200,2f3d54eb-4233-4144-b05e-f166a3215a4a,2026-09-12T08:15:00Z,2026-09-12T10:15:00+0200,66.58,EUR/MWh,DE,DE,imbalance_price,Short,2026-09-16T08:18:27Z
2026-09-16T08:15:06Z,2026-09-16T10:15:06+0200,2f3d54eb-4233-4144-b05e-f166a3215a4a,2026-09-12T08:30:00Z,2026-09-12T10:30:00+0200,26.519,EUR/MWh,DE,DE,imbalance_price,Long,2026-09-16T08:18:27Z
2026-09-16T08:15:06Z,2026-09-16T10:15:06+0200,2f3d54eb-4233-4144-b05e-f166a3215a4a,2026-09-12T08:30:00Z,2026-09-12T10:30:00+0200,26.519,EUR/MWh,DE,DE,imbalance_price,Short,2026-09-16T08:18:27Z
2026-09-16T08:15:06Z,2026-09-16T10:15:06+0200,2f3d54eb-4233-4144-b05e-f166a3215a4a,2026-09-12T08:45:00Z,2026-09-12T10:45:00+0200,-5.4,EUR/MWh,DE,DE,imbalance_price,Long,2026-09-16T08:18:27Z
2026-09-16T08:15:06Z,2026-09-16T10:15:06+0200,2f3d54eb-4233-4144-b05e-f166a3215a4a,2026-09-12T08:45:00Z,2026-09-12T10:45:00+0200,-5.4,EUR/MWh,DE,DE,imbalance_price,Short,2026-09-16T08:18:27Z
2026-09-16T08:15:06Z,2026-09-16T10:15:06+0200,2f3d54eb-4233-4144-b05e-f166a3215a4a,2026-09-12T09:00:00Z,2026-09-12T11:00:00+0200,172.033,EUR/MWh,DE,DE,imbalance_price,Long,2026-09-16T08:18:27Z
2026-09-16T08:15:06Z,2026-09-16T10:15:06+0200,2f3d54eb-4233-4144-b05e-f166a3215a4a,2026-09-12T09:00:00Z,2026-09-12T11:00:00+0200,172.033,EUR/MWh,DE,DE,imbalance_price,Short,2026-09-16T08:18:27Z
2026-09-16T08:15:06Z,2026-09-16T10:15:06+0200,2f3d54eb-4233-4144-b05e-f166a3215a4a,2026-09-12T09:15:00Z,2026-09-12T11:15:00+0200,37.983,EUR/MWh,DE,DE,imbalance_price,Long,2026-09-16T08:18:27Z
2026-09-16T08:15:06Z,2026-09-16T10:15:06+0200,2f3d54eb-4233-4144-b05e-f166a3215a4a,2026-09-12T09:15:00Z,2026-09-12T11:15:00+0200,37.983,EUR/MWh,DE,DE,imbalance_price,Short,2026-09-16T08:18:27Z
2026-09-16T08:15:06Z,2026-09-16T10:15:06+0200,2f3d54eb-4233-4144-b05e-f166a3215a4a,2026-09-12T09:30:00Z,2026-09-12T11:30:00+0200,-2.528,EUR/MWh,DE,DE,imbalance_price,Long,2026-09-16T08:18:27Z
2026-09-16T08:15:06Z,2026-09-16T10:15:06+0200,2f3d54eb-4233-4144-b05e-f166a3215a4a,2026-09-12T09:30:00Z,2026-09-12T11:30:00+0200,-2.528,EUR/MWh,DE,DE,imbalance_price,Short,2026-09-16T08:18:27Z
2026-09-16T08:15:06Z,2026-09-16T10:15:06+0200,2f3d54eb-4233-4144-b05e-f166a3215a4a,2026-09-12T09:45:00Z,2026-09-12T11:45:00+0200,-8.899,EUR/MWh,DE,DE,imbalance_price,Long,2026-09-16T08:18:27Z
2026-09-16T08:15:06Z,2026-09-16T10:15:06+0200,2f3d54eb-4233-4144-b05e-f166a3215a4a,2026-09-12T09:45:00Z,2026-09-12T11:45:00+0200,-8.899,EUR/MWh,DE,DE,imbalance_price,Short,2026-09-16T08:18:27Z
2026-09-16T08:15:06Z,2026-09-16T10:15:06+0200,2f3d54eb-4233-4144-b05e-f166a3215a4a,2026-09-12T10:00:00Z,2026-09-12T12:00:00+0200,4.546,EUR/MWh,DE,DE,imbalance_price,Long,2026-09-16T08:18:27Z
2026-09-16T08:15:06Z,2026-09-16T10:15:06+0200,2f3d54eb-4233-4144-b05e-f166a3215a4a,2026-09-12T10:00:00Z,2026-09-12T12:00:00+0200,4.546,EUR/MWh,DE,DE,imbalance_price,Short,2026-09-16T08:18:27Z
2026-09-16T08:15:06Z,2026-09-16T10:15:06+0200,2f3d54eb-4233-4144-b05e-f166a3215a4a,2026-09-12T10:15:00Z,2026-09-12T12:15:00+0200,8.75,EUR/MWh,DE,DE,imbalance_price,Long,2026-09-16T08:18:27Z
2026-09-16T08:15:06Z,2026-09-16T10:15:06+0200,2f3d54eb-4233-4144-b05e-f166a3215a4a,2026-09-12T10:15:00Z,2026-09-12T12:15:00+0200,8.75,EUR/MWh,DE,DE,imbalance_price,Short,2026-09-16T08:18:27Z
2026-09-16T08:15:06Z,2026-09-16T10:15:06+0200,2f3d54eb-4233-4144-b05e-f166a3215a4a,2026-09-12T10:30:00Z,2026-09-12T12:30:00+0200,4.536,EUR/MWh,DE,DE,imbalance_price,Long,2026-09-16T08:18:27Z
2026-09-16T08:15:06Z,2026-09-16T10:15:06+0200,2f3d54eb-4233-4144-b05e-f166a3215a4a,2026-09-12T10:30:00Z,2026-09-12T12:30:00+0200,4.536,EUR/MWh,DE,DE,imbalance_price,Short,2026-09-16T08:18:27Z
2026-09-16T08:15:06Z,2026-09-16T10:15:06+0200,2f3d54eb-4233-4144-b05e-f166a3215a4a,2026-09-12T10:45:00Z,2026-09-12T12:45:00+0200,38.952,EUR/MWh,DE,DE,imbalance_price,Long,2026-09-16T08:18:27Z
2026-09-16T08:15:06Z,2026-09-16T10:15:06+0200,2f3d54eb-4233-4144-b05e-f166a3215a4a,2026-09-12T10:45:00Z,2026-09-12T12:45:00+0200,38.952,EUR/MWh,DE,DE,imbalance_price,Short,2026-09-16T08:18:27Z
2026-09-16T08:15:06Z,2026-09-16T10:15:06+0200,2f3d54eb-4233-4144-b05e-f166a3215a4a,2026-09-12T11:00:00Z,2026-09-12T13:00:00+0200,6.274,EUR/MWh,DE,DE,imbalance_price,Long,2026-09-16T08:18:27Z
2026-09-16T08:15:06Z,2026-09-16T10:15:06+0200,2f3d54eb-4233-4144-b05e-f166a3215a4a,2026-09-12T11:00:00Z,2026-09-12T13:00:00+0200,6.274,EUR/MWh,DE,DE,imbalance_price,Short,2026-09-16T08:18:27Z
2026-09-16T08:15:06Z,2026-09-16T10:15:06+0200,2f3d54eb-4233-4144-b05e-f166a3215a4a,2026-09-12T11:15:00Z,2026-09-12T13:15:00+0200,11.474,EUR/MWh,DE,DE,imbalance_price,Long,2026-09-16T08:18:27Z
2026-09-16T08:15:06Z,2026-09-16T10:15:06+0200,2f3d54eb-4233-4144-b05e-f166a3215a4a,2026-09-12T11:15:00Z,2026-09-12T13:15:00+0200,11.474,EUR/MWh,DE,DE,imbalance_price,Short,2026-09-16T08:18:27Z
2026-09-16T08:15:06Z,2026-09-16T10:15:06+0200,2f3d54eb-4233-4144-b05e-f166a3215a4a,2026-09-12T11:30:00Z,2026-09-12T13:30:00+0200,-9.509,EUR/MWh,DE,DE,imbalance_price,Long,2026-09-16T08:18:27Z
2026-09-16T08:15:06Z,2026-09-16T10:15:06+0200,2f3d54eb-4233-4144-b05e-f166a3215a4a,2026-09-12T11:30:00Z,2026-09-12T13:30:00+0200,-9.509,EUR/MWh,DE,DE,imbalance_price,Short,2026-09-16T08:18:27Z
2026-09-16T08:15:06Z,2026-09-16T10:15:06+0200,2f3d54eb-4233-4144-b05e-f166a3215a4a,2026-09-12T11:45:00Z,2026-09-12T13:45:00+0200,5.781,EUR/MWh,DE,DE,imbalance_price,Long,2026-09-16T08:18:27Z
2026-09-16T08:15:06Z,2026-09-16T10:15:06+0200,2f3d54eb-4233-4144-b05e-f166a3215a4a,2026-09-12T11:45:00Z,2026-09-12T13:45:00+0200,5.781,EUR/MWh,DE,DE,imbalance_price,Short,2026-09-16T08:18:27Z
2026-09-16T08:15:06Z,2026-09-16T10:15:06+0200,2f3d54eb-4233-4144-b05e-f166a3215a4a,2026-09-12T12:00:00Z,2026-09-12T14:00:00+0200,-5.894,EUR/MWh,DE,DE,imbalance_price,Long,2026-09-16T08:18:27Z
2026-09-16T08:15:06Z,2026-09-16T10:15:06+0200,2f3d54eb-4233-4144-b05e-f166a3215a4a,2026-09-12T12:00:00Z,2026-09-12T14:00:00+0200,-5.894,EUR/MWh,DE,DE,imbalance_price,Short,2026-09-16T08:18:27Z
2026-09-16T08:15:06Z,2026-09-16T10:15:06+0200,2f3d54eb-4233-4144-b05e-f166a3215a4a,2026-09-12T12:15:00Z,2026-09-12T14:15:00+0200,-13.31,EUR/MWh,DE,DE,imbalance_price,Long,2026-09-16T08:18:27Z
2026-09-16T08:15:06Z,2026-09-16T10:15:06+0200,2f3d54eb-4233-4144-b05e-f166a3215a4a,2026-09-12T12:15:00Z,2026-09-12T14:15:00+0200,-13.31,EUR/MWh,DE,DE,imbalance_price,Short,2026-09-16T08:18:27Z
2026-09-16T08:15:06Z,2026-09-16T10:15:06+0200,2f3d54eb-4233-4144-b05e-f166a3215a4a,2026-09-12T12:30:00Z,2026-09-12T14:30:00+0200,-10.796,EUR/MWh,DE,DE,imbalance_price,Long,2026-09-16T08:18:27Z
2026-09-16T08:15:06Z,2026-09-16T10:15:06+0200,2f3d54eb-4233-4144-b05e-f166a3215a4a,2026-09-12T12:30:00Z,2026-09-12T14:30:00+0200,-10.796,EUR/MWh,DE,DE,imbalance_price,Short,2026-09-16T08:18:27Z
2026-09-16T08:15:06Z,2026-09-16T10:15:06+0200,2f3d54eb-4233-4144-b05e-f166a3215a4a,2026-09-12T12:45:00Z,2026-09-12T14:45:00+0200,1.046,EUR/MWh,DE,DE,imbalance_price,Long,2026-09-16T08:18:27Z
2026-09-16T08:15:06Z,2026-09-16T10:15:06+0200,2f3d54eb-4233-4144-b05e-f166a3215a4a,2026-09-12T12:45:00Z,2026-09-12T14:45:00+0200,1.046,EUR/MWh,DE,DE,imbalance_price,Short,2026-09-16T08:18:27Z
2026-09-16T08:15:06Z,2026-09-16T10:15:06+0200,2f3d54eb-4233-4144-b05e-f166a3215a4a,2026-09-12T13:00:00Z,2026-09-12T15:00:00+0200,-15.058,EUR/MWh,DE,DE,imbalance_price,Long,2026-09-16T08:18:27Z
2026-09-16T08:15:06Z,2026-09-16T10:15:06+0200,2f3d54eb-4233-4144-b05e-f166a3215a4a,2026-09-12T13:00:00Z,2026-09-12T15:00:00+0200,-15.058,EUR/MWh,DE,DE,imbalance_price,Short,2026-09-16T08:18:27Z
2026-09-16T08:15:06Z,2026-09-16T10:15:06+0200,2f3d54eb-4233-4144-b05e-f166a3215a4a,2026-09-12T13:15:00Z,2026-09-12T15:15:00+0200,2.88,EUR/MWh,DE,DE,imbalance_price,Long,2026-09-16T08:18:27Z
2026-09-16T08:15:06Z,2026-09-16T10:15:06+0200,2f3d54eb-4233-4144-b05e-f166a3215a4a,2026-09-12T13:15:00Z,2026-09-12T15:15:00+0200,2.88,EUR/MWh,DE,DE,imbalance_price,Short,2026-09-16T08:18:27Z
2026-09-16T08:15:06Z,2026-09-16T10:15:06+0200,2f3d54eb-4233-4144-b05e-f166a3215a4a,2026-09-12T13:30:00Z,2026-09-12T15:30:00+0200,17.888,EUR/MWh,DE,DE,imbalance_price,Long,2026-09-16T08:18:27Z
2026-09-16T08:15:06Z,2026-09-16T10:15:06+0200,2f3d54eb-4233-4144-b05e-f166a3215a4a,2026-09-12T13:30:00Z,2026-09-12T15:30:00+0200,17.888,EUR/MWh,DE,DE,imbalance_price,Short,2026-09-16T08:18:27Z
2026-09-16T08:15:06Z,2026-09-16T10:15:06+0200,2f3d54eb-4233-4144-b05e-f166a3215a4a,2026-09-12T13:45:00Z,2026-09-12T15:45:00+0200,13.829,EUR/MWh,DE,DE,imbalance_price,Long,2026-09-16T08:18:27Z
2026-09-16T08:15:06Z,2026-09-16T10:15:06+0200,2f3d54eb-4233-4144-b05e-f166a3215a4a,2026-09-12T13:45:00Z,2026-09-12T15:45:00+0200,13.829,EUR/MWh,DE,DE,imbalance_price,Short,2026-09-16T08:18:27Z
2026-09-16T08:15:06Z,2026-09-16T10:15:06+0200,2f3d54eb-4233-4144-b05e-f166a3215a4a,2026-09-12T14:00:00Z,2026-09-12T16:00:00+0200,1.943,EUR/MWh,DE,DE,imbalance_price,Long,2026-09-16T08:18:27Z
2026-09-16T08:15:06Z,2026-09-16T10:15:06+0200,2f3d54eb-4233-4144-b05e-f166a3215a4a,2026-09-12T14:00:00Z,2026-09-12T16:00:00+0200,1.943,EUR/MWh,DE,DE,imbalance_price,Short,2026-09-16T08:18:27Z
2026-09-16T08:15:06Z,2026-09-16T10:15:06+0200,2f3d54eb-4233-4144-b05e-f166a3215a4a,2026-09-12T14:15:00Z,2026-09-12T16:15:00+0200,9.398,EUR/MWh,DE,DE,imbalance_price,Long,2026-09-16T08:18:27Z
2026-09-16T08:15:06Z,2026-09-16T10:15:06+0200,2f3d54eb-4233-4144-b05e-f166a3215a4a,2026-09-12T14:15:00Z,2026-09-12T16:15:00+0200,9.398,EUR/MWh,DE,DE,imbalance_price,Short,2026-09-16T08:18:27Z
2026-09-16T08:15:06Z,2026-09-16T10:15:06+0200,2f3d54eb-4233-4144-b05e-f166a3215a4a,2026-09-12T14:30:00Z,2026-09-12T16:30:00+0200,21.821,EUR/MWh,DE,DE,imbalance_price,Long,2026-09-16T08:18:27Z
2026-09-16T08:15:06Z,2026-09-16T10:15:06+0200,2f3d54eb-4233-4144-b05e-f166a3215a4a,2026-09-12T14:30:00Z,2026-09-12T16:30:00+0200,21.821,EUR/MWh,DE,DE,imbalance_price,Short,2026-09-16T08:18:27Z
2026-09-16T08:15:06Z,2026-09-16T10:15:06+0200,2f3d54eb-4233-4144-b05e-f166a3215a4a,2026-09-12T14:45:00Z,2026-09-12T16:45:00+0200,81.323,EUR/MWh,DE,DE,imbalance_price,Long,2026-09-16T08:18:27Z
2026-09-16T08:15:06Z,2026-09-16T10:15:06+0200,2f3d54eb-4233-4144-b05e-f166a3215a4a,2026-09-12T14:45:00Z,2026-09-12T16:45:00+0200,81.323,EUR/MWh,DE,DE,imbalance_price,Short,2026-09-16T08:18:27Z
2026-09-16T08:15:06Z,2026-09-16T10:15:06+0200,2f3d54eb-4233-4144-b05e-f166a3215a4a,2026-09-12T15:00:00Z,2026-09-12T17:00:00+0200,184.939,EUR/MWh,DE,DE,imbalance_price,Long,2026-09-16T08:18:27Z
2026-09-16T08:15:06Z,2026-09-16T10:15:06+0200,2f3d54eb-4233-4144-b05e-f166a3215a4a,2026-09-12T15:00:00Z,2026-09-12T17:00:00+0200,184.939,EUR/MWh,DE,DE,imbalance_price,Short,2026-09-16T08:18:27Z
2026-09-16T08:15:06Z,2026-09-16T10:15:06+0200,2f3d54eb-4233-4144-b05e-f166a3215a4a,2026-09-12T15:15:00Z,2026-09-12T17:15:00+0200,230.669,EUR/MWh,DE,DE,imbalance_price,Long,2026-09-16T08:18:27Z
2026-09-16T08:15:06Z,2026-09-16T10:15:06+0200,2f3d54eb-4233-4144-b05e-f166a3215a4a,2026-09-12T15:15:00Z,2026-09-12T17:15:00+0200,230.669,EUR/MWh,DE,DE,imbalance_price,Short,2026-09-16T08:18:27Z
2026-09-16T08:15:06Z,2026-09-16T10:15:06+0200,2f3d54eb-4233-4144-b05e-f166a3215a4a,2026-09-12T15:30:00Z,2026-09-12T17:30:00+0200,280.309,EUR/MWh,DE,DE,imbalance_price,Long,2026-09-16T08:18:27Z
2026-09-16T08:15:06Z,2026-09-16T10:15:06+0200,2f3d54eb-4233-4144-b05e-f166a3215a4a,2026-09-12T15:30:00Z,2026-09-12T17:30:00+0200,280.309,EUR/MWh,DE,DE,imbalance_price,Short,2026-09-16T08:18:27Z
2026-09-16T08:15:06Z,2026-09-16T10:15:06+0200,2f3d54eb-4233-4144-b05e-f166a3215a4a,2026-09-12T15:45:00Z,2026-09-12T17:45:00+0200,63.478,EUR/MWh,DE,DE,imbalance_price,Long,2026-09-16T08:18:27Z
2026-09-16T08:15:06Z,2026-09-16T10:15:06+0200,2f3d54eb-4233-4144-b05e-f166a3215a4a,2026-09-12T15:45:00Z,2026-09-12T17:45:00+0200,63.478,EUR/MWh,DE,DE,imbalance_price,Short,2026-09-16T08:18:27Z
2026-09-16T08:15:06Z,2026-09-16T10:15:06+0200,2f3d54eb-4233-4144-b05e-f166a3215a4a,2026-09-12T16:00:00Z,2026-09-12T18:00:00+0200,212.047,EUR/MWh,DE,DE,imbalance_price,Long,2026-09-16T08:18:27Z
2026-09-16T08:15:06Z,2026-09-16T10:15:06+0200,2f3d54eb-4233-4144-b05e-f166a3215a4a,2026-09-12T16:00:00Z,2026-09-12T18:00:00+0200,212.047,EUR/MWh,DE,DE,imbalance_price,Short,2026-09-16T08:18:27Z
2026-09-16T08:15:06Z,2026-09-16T10:15:06+0200,2f3d54eb-4233-4144-b05e-f166a3215a4a,2026-09-12T16:15:00Z,2026-09-12T18:15:00+0200,280.721,EUR/MWh,DE,DE,imbalance_price,Long,2026-09-16T08:18:27Z
2026-09-16T08:15:06Z,2026-09-16T10:15:06+0200,2f3d54eb-4233-4144-b05e-f166a3215a4a,2026-09-12T16:15:00Z,2026-09-12T18:15:00+0200,280.721,EUR/MWh,DE,DE,imbalance_price,Short,2026-09-16T08:18:27Z
2026-09-16T08:15:06Z,2026-09-16T10:15:06+0200,2f3d54eb-4233-4144-b05e-f166a3215a4a,2026-09-12T16:30:00Z,2026-09-12T18:30:00+0200,266.838,EUR/MWh,DE,DE,imbalance_price,Long,2026-09-16T08:18:27Z
2026-09-16T08:15:06Z,2026-09-16T10:15:06+0200,2f3d54eb-4233-4144-b05e-f166a3215a4a,2026-09-12T16:30:00Z,2026-09-12T18:30:00+0200,266.838,EUR/MWh,DE,DE,imbalance_price,Short,2026-09-16T08:18:27Z
2026-09-16T08:15:06Z,2026-09-16T10:15:06+0200,2f3d54eb-4233-4144-b05e-f166a3215a4a,2026-09-12T16:45:00Z,2026-09-12T18:45:00+0200,246.973,EUR/MWh,DE,DE,imbalance_price,Long,2026-09-16T08:18:27Z
2026-09-16T08:15:06Z,2026-09-16T10:15:06+0200,2f3d54eb-4233-4144-b05e-f166a3215a4a,2026-09-12T16:45:00Z,2026-09-12T18:45:00+0200,246.973,EUR/MWh,DE,DE,imbalance_price,Short,2026-09-16T08:18:27Z
2026-09-16T08:15:06Z,2026-09-16T10:15:06+0200,2f3d54eb-4233-4144-b05e-f166a3215a4a,2026-09-12T17:00:00Z,2026-09-12T19:00:00+0200,194.09,EUR/MWh,DE,DE,imbalance_price,Long,2026-09-16T08:18:27Z
2026-09-16T08:15:06Z,2026-09-16T10:15:06+0200,2f3d54eb-4233-4144-b05e-f166a3215a4a,2026-09-12T17:00:00Z,2026-09-12T19:00:00+0200,194.09,EUR/MWh,DE,DE,imbalance_price,Short,2026-09-16T08:18:27Z
2026-09-16T08:15:06Z,2026-09-16T10:15:06+0200,2f3d54eb-4233-4144-b05e-f166a3215a4a,2026-09-12T17:15:00Z,2026-09-12T19:15:00+0200,182.117,EUR/MWh,DE,DE,imbalance_price,Long,2026-09-16T08:18:27Z
2026-09-16T08:15:06Z,2026-09-16T10:15:06+0200,2f3d54eb-4233-4144-b05e-f166a3215a4a,2026-09-12T17:15:00Z,2026-09-12T19:15:00+0200,182.117,EUR/MWh,DE,DE,imbalance_price,Short,2026-09-16T08:18:27Z
2026-09-16T08:15:06Z,2026-09-16T10:15:06+0200,2f3d54eb-4233-4144-b05e-f166a3215a4a,2026-09-12T17:30:00Z,2026-09-12T19:30:00+0200,167.495,EUR/MWh,DE,DE,imbalance_price,Long,2026-09-16T08:18:27Z
2026-09-16T08:15:06Z,2026-09-16T10:15:06+0200,2f3d54eb-4233-4144-b05e-f166a3215a4a,2026-09-12T17:30:00Z,2026-09-12T19:30:00+0200,167.495,EUR/MWh,DE,DE,imbalance_price,Short,2026-09-16T08:18:27Z
2026-09-16T08:15:06Z,2026-09-16T10:15:06+0200,2f3d54eb-4233-4144-b05e-f166a3215a4a,2026-09-12T17:45:00Z,2026-09-12T19:45:00+0200,236.747,EUR/MWh,DE,DE,imbalance_price,Long,2026-09-16T08:18:27Z
2026-09-16T08:15:06Z,2026-09-16T10:15:06+0200,2f3d54eb-4233-4144-b05e-f166a3215a4a,2026-09-12T17:45:00Z,2026-09-12T19:45:00+0200,236.747,EUR/MWh,DE,DE,imbalance_price,Short,2026-09-16T08:18:27Z
2026-09-16T08:15:06Z,2026-09-16T10:15:06+0200,2f3d54eb-4233-4144-b05e-f166a3215a4a,2026-09-12T18:00:00Z,2026-09-12T20:00:00+0200,257.838,EUR/MWh,DE,DE,imbalance_price,Long,2026-09-16T08:18:27Z
2026-09-16T08:15:06Z,2026-09-16T10:15:06+0200,2f3d54eb-4233-4144-b05e-f166a3215a4a,2026-09-12T18:00:00Z,2026-09-12T20:00:00+0200,257.838,EUR/MWh,DE,DE,imbalance_price,Short,2026-09-16T08:18:27Z
2026-09-16T08:15:06Z,2026-09-16T10:15:06+0200,2f3d54eb-4233-4144-b05e-f166a3215a4a,2026-09-12T18:15:00Z,2026-09-12T20:15:00+0200,257.7,EUR/MWh,DE,DE,imbalance_price,Long,2026-09-16T08:18:27Z
2026-09-16T08:15:06Z,2026-09-16T10:15:06+0200,2f3d54eb-4233-4144-b05e-f166a3215a4a,2026-09-12T18:15:00Z,2026-09-12T20:15:00+0200,257.7,EUR/MWh,DE,DE,imbalance_price,Short,2026-09-16T08:18:27Z
2026-09-16T08:15:06Z,2026-09-16T10:15:06+0200,2f3d54eb-4233-4144-b05e-f166a3215a4a,2026-09-12T18:30:00Z,2026-09-12T20:30:00+0200,260.338,EUR/MWh,DE,DE,imbalance_price,Long,2026-09-16T08:18:27Z
2026-09-16T08:15:06Z,2026-09-16T10:15:06+0200,2f3d54eb-4233-4144-b05e-f166a3215a4a,2026-09-12T18:30:00Z,2026-09-12T20:30:00+0200,260.338,EUR/MWh,DE,DE,imbalance_price,Short,2026-09-16T08:18:27Z
2026-09-16T08:15:06Z,2026-09-16T10:15:06+0200,2f3d54eb-4233-4144-b05e-f166a3215a4a,2026-09-12T18:45:00Z,2026-09-12T20:45:00+0200,251.3,EUR/MWh,DE,DE,imbalance_price,Long,2026-09-16T08:18:27Z
2026-09-16T08:15:06Z,2026-09-16T10:15:06+0200,2f3d54eb-4233-4144-b05e-f166a3215a4a,2026-09-12T18:45:00Z,2026-09-12T20:45:00+0200,251.3,EUR/MWh,DE,DE,imbalance_price,Short,2026-09-16T08:18:27Z
2026-09-16T08:15:06Z,2026-09-16T10:15:06+0200,2f3d54eb-4233-4144-b05e-f166a3215a4a,2026-09-12T19:00:00Z,2026-09-12T21:00:00+0200,920.813,EUR/MWh,DE,DE,imbalance_price,Long,2026-09-16T08:18:27Z
2026-09-16T08:15:06Z,2026-09-16T10:15:06+0200,2f3d54eb-4233-4144-b05e-f166a3215a4a,2026-09-12T19:00:00Z,2026-09-12T21:00:00+0200,920.813,EUR/MWh,DE,DE,imbalance_price,Short,2026-09-16T08:18:27Z
2026-09-16T08:15:06Z,2026-09-16T10:15:06+0200,2f3d54eb-4233-4144-b05e-f166a3215a4a,2026-09-12T19:15:00Z,2026-09-12T21:15:00+0200,114.596,EUR/MWh,DE,DE,imbalance_price,Long,2026-09-16T08:18:27Z
2026-09-16T08:15:06Z,2026-09-16T10:15:06+0200,2f3d54eb-4233-4144-b05e-f166a3215a4a,2026-09-12T19:15:00Z,2026-09-12T21:15:00+0200,114.596,EUR/MWh,DE,DE,imbalance_price,Short,2026-09-16T08:18:27Z
2026-09-16T08:15:06Z,2026-09-16T10:15:06+0200,2f3d54eb-4233-4144-b05e-f166a3215a4a,2026-09-12T19:30:00Z,2026-09-12T21:30:00+0200,153.867,EUR/MWh,DE,DE,imbalance_price,Long,2026-09-16T08:18:27Z
2026-09-16T08:15:06Z,2026-09-16T10:15:06+0200,2f3d54eb-4233-4144-b05e-f166a3215a4a,2026-09-12T19:30:00Z,2026-09-12T21:30:00+0200,153.867,EUR/MWh,DE,DE,imbalance_price,Short,2026-09-16T08:18:27Z
2026-09-16T08:15:06Z,2026-09-16T10:15:06+0200,2f3d54eb-4233-4144-b05e-f166a3215a4a,2026-09-12T19:45:00Z,2026-09-12T21:45:00+0200,206.205,EUR/MWh,DE,DE,imbalance_price,Long,2026-09-16T08:18:27Z
2026-09-16T08:15:06Z,2026-09-16T10:15:06+0200,2f3d54eb-4233-4144-b05e-f166a3215a4a,2026-09-12T19:45:00Z,2026-09-12T21:45:00+0200,206.205,EUR/MWh,DE,DE,imbalance_price,Short,2026-09-16T08:18:27Z
2026-09-16T08:15:06Z,2026-09-16T10:15:06+0200,2f3d54eb-4233-4144-b05e-f166a3215a4a,2026-09-12T20:00:00Z,2026-09-12T22:00:00+0200,161.42,EUR/MWh,DE,DE,imbalance_price,Long,2026-09-16T08:18:27Z
2026-09-16T08:15:06Z,2026-09-16T10:15:06+0200,2f3d54eb-4233-4144-b05e-f166a3215a4a,2026-09-12T20:00:00Z,2026-09-12T22:00:00+0200,161.42,EUR/MWh,DE,DE,imbalance_price,Short,2026-09-16T08:18:27Z
2026-09-16T08:15:06Z,2026-09-16T10:15:06+0200,2f3d54eb-4233-4144-b05e-f166a3215a4a,2026-09-12T20:15:00Z,2026-09-12T22:15:00+0200,215.134,EUR/MWh,DE,DE,imbalance_price,Long,2026-09-16T08:18:27Z
2026-09-16T08:15:06Z,2026-09-16T10:15:06+0200,2f3d54eb-4233-4144-b05e-f166a3215a4a,2026-09-12T20:15:00Z,2026-09-12T22:15:00+0200,215.134,EUR/MWh,DE,DE,imbalance_price,Short,2026-09-16T08:18:27Z
2026-09-16T08:15:06Z,2026-09-16T10:15:06+0200,2f3d54eb-4233-4144-b05e-f166a3215a4a,2026-09-12T20:30:00Z,2026-09-12T22:30:00+0200,186.893,EUR/MWh,DE,DE,imbalance_price,Long,2026-09-16T08:18:27Z
2026-09-16T08:15:06Z,2026-09-16T10:15:06+0200,2f3d54eb-4233-4144-b05e-f166a3215a4a,2026-09-12T20:30:00Z,2026-09-12T22:30:00+0200,186.893,EUR/MWh,DE,DE,imbalance_price,Short,2026-09-16T08:18:27Z
2026-09-16T08:15:06Z,2026-09-16T10:15:06+0200,2f3d54eb-4233-4144-b05e-f166a3215a4a,2026-09-12T20:45:00Z,2026-09-12T22:45:00+0200,255.017,EUR/MWh,DE,DE,imbalance_price,Long,2026-09-16T08:18:27Z
2026-09-16T08:15:06Z,2026-09-16T10:15:06+0200,2f3d54eb-4233-4144-b05e-f166a3215a4a,2026-09-12T20:45:00Z,2026-09-12T22:45:00+0200,255.017,EUR/MWh,DE,DE,imbalance_price,Short,2026-09-16T08:18:27Z
2026-09-16T08:15:06Z,2026-09-16T10:15:06+0200,2f3d54eb-4233-4144-b05e-f166a3215a4a,2026-09-12T21:00:00Z,2026-09-12T23:00:00+0200,202.882,EUR/MWh,DE,DE,imbalance_price,Long,2026-09-16T08:18:27Z
2026-09-16T08:15:06Z,2026-09-16T10:15:06+0200,2f3d54eb-4233-4144-b05e-f166a3215a4a,2026-09-12T21:00:00Z,2026-09-12T23:00:00+0200,202.882,EUR/MWh,DE,DE,imbalance_price,Short,2026-09-16T08:18:27Z
2026-09-16T08:15:06Z,2026-09-16T10:15:06+0200,2f3d54eb-4233-4144-b05e-f166a3215a4a,2026-09-12T21:15:00Z,2026-09-12T23:15:00+0200,213.646,EUR/MWh,DE,DE,imbalance_price,Long,2026-09-16T08:18:27Z
2026-09-16T08:15:06Z,2026-09-16T10:15:06+0200,2f3d54eb-4233-4144-b05e-f166a3215a4a,2026-09-12T21:15:00Z,2026-09-12T23:15:00+0200,213.646,EUR/MWh,DE,DE,imbalance_price,Short,2026-09-16T08:18:27Z
2026-09-16T08:15:06Z,2026-09-16T10:15:06+0200,2f3d54eb-4233-4144-b05e-f166a3215a4a,2026-09-12T21:30:00Z,2026-09-12T23:30:00+0200,195.535,EUR/MWh,DE,DE,imbalance_price,Long,2026-09-16T08:18:27Z
2026-09-16T08:15:06Z,2026-09-16T10:15:06+0200,2f3d54eb-4233-4144-b05e-f166a3215a4a,2026-09-12T21:30:00Z,2026-09-12T23:30:00+0200,195.535,EUR/MWh,DE,DE,imbalance_price,Short,2026-09-16T08:18:27Z
2026-09-16T08:15:06Z,2026-09-16T10:15:06+0200,2f3d54eb-4233-4144-b05e-f166a3215a4a,2026-09-12T21:45:00Z,2026-09-12T23:45:00+0200,163.715,EUR/MWh,DE,DE,imbalance_price,Long,2026-09-16T08:18:27Z
2026-09-16T08:15:06Z,2026-09-16T10:15:06+0200,2f3d54eb-4233-4144-b05e-f166a3215a4a,2026-09-12T21:45:00Z,2026-09-12T23:45:00+0200,163.715,EUR/MWh,DE,DE,imbalance_price,Short,2026-09-16T08:18:27Z
2026-09-16T08:15:06Z,2026-09-16T10:15:06+0200,2f3d54eb-4233-4144-b05e-f166a3215a4a,2026-09-12T22:00:00Z,2026-09-13T00:00:00+0200,163.447,EUR/MWh,DE,DE,imbalance_price,Long,2026-09-16T08:18:27Z
2026-09-16T08:15:06Z,2026-09-16T10:15:06+0200,2f3d54eb-4233-4144-b05e-f166a3215a4a,2026-09-12T22:00:00Z,2026-09-13T00:00:00+0200,163.447,EUR/MWh,DE,DE,imbalance_price,Short,2026-09-16T08:18:27Z
2026-09-16T08:15:06Z,2026-09-16T10:15:06+0200,2f3d54eb-4233-4144-b05e-f166a3215a4a,2026-09-12T22:15:00Z,2026-09-13T00:15:00+0200,129.638,EUR/MWh,DE,DE,imbalance_price,Long,2026-09-16T08:18:27Z
2026-09-16T08:15:06Z,2026-09-16T10:15:06+0200,2f3d54eb-4233-4144-b05e-f166a3215a4a,2026-09-12T22:15:00Z,2026-09-13T00:15:00+0200,129.638,EUR/MWh,DE,DE,imbalance_price,Short,2026-09-16T08:18:27Z
2026-09-16T08:15:06Z,2026-09-16T10:15:06+0200,2f3d54eb-4233-4144-b05e-f166a3215a4a,2026-09-12T22:30:00Z,2026-09-13T00:30:00+0200,134.644,EUR/MWh,DE,DE,imbalance_price,Long,2026-09-16T08:18:27Z
2026-09-16T08:15:06Z,2026-09-16T10:15:06+0200,2f3d54eb-4233-4144-b05e-f166a3215a4a,2026-09-12T22:30:00Z,2026-09-13T00:30:00+0200,134.644,EUR/MWh,DE,DE,imbalance_price,Short,2026-09-16T08:18:27Z
2026-09-16T08:15:06Z,2026-09-16T10:15:06+0200,2f3d54eb-4233-4144-b05e-f166a3215a4a,2026-09-12T22:45:00Z,2026-09-13T00:45:00+0200,143.226,EUR/MWh,DE,DE,imbalance_price,Long,2026-09-16T08:18:27Z
2026-09-16T08:15:06Z,2026-09-16T10:15:06+0200,2f3d54eb-4233-4144-b05e-f166a3215a4a,2026-09-12T22:45:00Z,2026-09-13T00:45:00+0200,143.226,EUR/MWh,DE,DE,imbalance_price,Short,2026-09-16T08:18:27Z
2026-09-16T08:15:06Z,2026-09-16T10:15:06+0200,2f3d54eb-4233-4144-b05e-f166a3215a4a,2026-09-12T23:00:00Z,2026-09-13T01:00:00+0200,189.14,EUR/MWh,DE,DE,imbalance_price,Long,2026-09-16T08:18:27Z
2026-09-16T08:15:06Z,2026-09-16T10:15:06+0200,2f3d54eb-4233-4144-b05e-f166a3215a4a,2026-09-12T23:00:00Z,2026-09-13T01:00:00+0200,189.14,EUR/MWh,DE,DE,imbalance_price,Short,2026-09-16T08:18:27Z
2026-09-16T08:15:06Z,2026-09-16T10:15:06+0200,2f3d54eb-4233-4144-b05e-f166a3215a4a,2026-09-12T23:15:00Z,2026-09-13T01:15:00+0200,167.809,EUR/MWh,DE,DE,imbalance_price,Long,2026-09-16T08:18:27Z
2026-09-16T08:15:06Z,2026-09-16T10:15:06+0200,2f3d54eb-4233-4144-b05e-f166a3215a4a,2026-09-12T23:15:00Z,2026-09-13T01:15:00+0200,167.809,EUR/MWh,DE,DE,imbalance_price,Short,2026-09-16T08:18:27Z
2026-09-16T08:15:06Z,2026-09-16T10:15:06+0200,2f3d54eb-4233-4144-b05e-f166a3215a4a,2026-09-12T23:30:00Z,2026-09-13T01:30:00+0200,175.071,EUR/MWh,DE,DE,imbalance_price,Long,2026-09-16T08:18:27Z
2026-09-16T08:15:06Z,2026-09-16T10:15:06+0200,2f3d54eb-4233-4144-b05e-f166a3215a4a,2026-09-12T23:30:00Z,2026-09-13T01:30:00+0200,175.071,EUR/MWh,DE,DE,imbalance_price,Short,2026-09-16T08:18:27Z
2026-09-16T08:15:06Z,2026-09-16T10:15:06+0200,2f3d54eb-4233-4144-b05e-f166a3215a4a,2026-09-12T23:45:00Z,2026-09-13T01:45:00+0200,135.343,EUR/MWh,DE,DE,imbalance_price,Long,2026-09-16T08:18:27Z
2026-09-16T08:15:06Z,2026-09-16T10:15:06+0200,2f3d54eb-4233-4144-b05e-f166a3215a4a,2026-09-12T23:45:00Z,2026-09-13T01:45:00+0200,135.343,EUR/MWh,DE,DE,imbalance_price,Short,2026-09-16T08:18:27Z
2026-09-16T08:15:06Z,2026-09-16T10:15:06+0200,2f3d54eb-4233-4144-b05e-f166a3215a4a,2026-09-13T00:00:00Z,2026-09-13T02:00:00+0200,155.232,EUR/MWh,DE,DE,imbalance_price,Long,2026-09-16T08:18:27Z
2026-09-16T08:15:06Z,2026-09-16T10:15:06+0200,2f3d54eb-4233-4144-b05e-f166a3215a4a,2026-09-13T00:00:00Z,2026-09-13T02:00:00+0200,155.232,EUR/MWh,DE,DE,imbalance_price,Short,2026-09-16T08:18:27Z
2026-09-16T08:15:06Z,2026-09-16T10:15:06+0200,2f3d54eb-4233-4144-b05e-f166a3215a4a,2026-09-13T00:15:00Z,2026-09-13T02:15:00+0200,180.93,EUR/MWh,DE,DE,imbalance_price,Long,2026-09-16T08:18:27Z
2026-09-16T08:15:06Z,2026-09-16T10:15:06+0200,2f3d54eb-4233-4144-b05e-f166a3215a4a,2026-09-13T00:15:00Z,2026-09-13T02:15:00+0200,180.93,EUR/MWh,DE,DE,imbalance_price,Short,2026-09-16T08:18:27Z
2026-09-16T08:15:06Z,2026-09-16T10:15:06+0200,2f3d54eb-4233-4144-b05e-f166a3215a4a,2026-09-13T00:30:00Z,2026-09-13T02:30:00+0200,204.701,EUR/MWh,DE,DE,imbalance_price,Long,2026-09-16T08:18:27Z
2026-09-16T08:15:06Z,2026-09-16T10:15:06+0200,2f3d54eb-4233-4144-b05e-f166a3215a4a,2026-09-13T00:30:00Z,2026-09-13T02:30:00+0200,204.701,EUR/MWh,DE,DE,imbalance_price,Short,2026-09-16T08:18:27Z
2026-09-16T08:15:06Z,2026-09-16T10:15:06+0200,2f3d54eb-4233-4144-b05e-f166a3215a4a,2026-09-13T00:45:00Z,2026-09-13T02:45:00+0200,208.901,EUR/MWh,DE,DE,imbalance_price,Long,2026-09-16T08:18:27Z
2026-09-16T08:15:06Z,2026-09-16T10:15:06+0200,2f3d54eb-4233-4144-b05e-f166a3215a4a,2026-09-13T00:45:00Z,2026-09-13T02:45:00+0200,208.901,EUR/MWh,DE,DE,imbalance_price,Short,2026-09-16T08:18:27Z
2026-09-16T08:15:06Z,2026-09-16T10:15:06+0200,2f3d54eb-4233-4144-b05e-f166a3215a4a,2026-09-13T01:00:00Z,2026-09-13T03:00:00+0200,230.652,EUR/MWh,DE,DE,imbalance_price,Long,2026-09-16T08:18:27Z
2026-09-16T08:15:06Z,2026-09-16T10:15:06+0200,2f3d54eb-4233-4144-b05e-f166a3215a4a,2026-09-13T01:00:00Z,2026-09-13T03:00:00+0200,230.652,EUR/MWh,DE,DE,imbalance_price,Short,2026-09-16T08:18:27Z
2026-09-16T08:15:06Z,2026-09-16T10:15:06+0200,2f3d54eb-4233-4144-b05e-f166a3215a4a,2026-09-13T01:15:00Z,2026-09-13T03:15:00+0200,255.075,EUR/MWh,DE,DE,imbalance_price,Long,2026-09-16T08:18:27Z
2026-09-16T08:15:06Z,2026-09-16T10:15:06+0200,2f3d54eb-4233-4144-b05e-f166a3215a4a,2026-09-13T01:15:00Z,2026-09-13T03:15:00+0200,255.075,EUR/MWh,DE,DE,imbalance_price,Short,2026-09-16T08:18:27Z
2026-09-16T08:15:06Z,2026-09-16T10:15:06+0200,2f3d54eb-4233-4144-b05e-f166a3215a4a,2026-09-13T01:30:00Z,2026-09-13T03:30:00+0200,301.162,EUR/MWh,DE,DE,imbalance_price,Long,2026-09-16T08:18:27Z
2026-09-16T08:15:06Z,2026-09-16T10:15:06+0200,2f3d54eb-4233-4144-b05e-f166a3215a4a,2026-09-13T01:30:00Z,2026-09-13T03:30:00+0200,301.162,EUR/MWh,DE,DE,imbalance_price,Short,2026-09-16T08:18:27Z
2026-09-16T08:15:06Z,2026-09-16T10:15:06+0200,2f3d54eb-4233-4144-b05e-f166a3215a4a,2026-09-13T01:45:00Z,2026-09-13T03:45:00+0200,289.3,EUR/MWh,DE,DE,imbalance_price,Long,2026-09-16T08:18:27Z
2026-09-16T08:15:06Z,2026-09-16T10:15:06+0200,2f3d54eb-4233-4144-b05e-f166a3215a4a,2026-09-13T01:45:00Z,2026-09-13T03:45:00+0200,289.3,EUR/MWh,DE,DE,imbalance_price,Short,2026-09-16T08:18:27Z
2026-09-16T08:15:06Z,2026-09-16T10:15:06+0200,2f3d54eb-4233-4144-b05e-f166a3215a4a,2026-09-13T02:00:00Z,2026-09-13T04:00:00+0200,301.6,EUR/MWh,DE,DE,imbalance_price,Long,2026-09-16T08:18:27Z
2026-09-16T08:15:06Z,2026-09-16T10:15:06+0200,2f3d54eb-4233-4144-b05e-f166a3215a4a,2026-09-13T02:00:00Z,2026-09-13T04:00:00+0200,301.6,EUR/MWh,DE,DE,imbalance_price,Short,2026-09-16T08:18:27Z
2026-09-16T08:15:06Z,2026-09-16T10:15:06+0200,2f3d54eb-4233-4144-b05e-f166a3215a4a,2026-09-13T02:15:00Z,2026-09-13T04:15:00+0200,313.7,EUR/MWh,DE,DE,imbalance_price,Long,2026-09-16T08:18:27Z
2026-09-16T08:15:06Z,2026-09-16T10:15:06+0200,2f3d54eb-4233-4144-b05e-f166a3215a4a,2026-09-13T02:15:00Z,2026-09-13T04:15:00+0200,313.7,EUR/MWh,DE,DE,imbalance_price,Short,2026-09-16T08:18:27Z
2026-09-16T08:15:06Z,2026-09-16T10:15:06+0200,2f3d54eb-4233-4144-b05e-f166a3215a4a,2026-09-13T02:30:00Z,2026-09-13T04:30:00+0200,300.1,EUR/MWh,DE,DE,imbalance_price,Long,2026-09-16T08:18:27Z
2026-09-16T08:15:06Z,2026-09-16T10:15:06+0200,2f3d54eb-4233-4144-b05e-f166a3215a4a,2026-09-13T02:30:00Z,2026-09-13T04:30:00+0200,300.1,EUR/MWh,DE,DE,imbalance_price,Short,2026-09-16T08:18:27Z
2026-09-16T08:15:06Z,2026-09-16T10:15:06+0200,2f3d54eb-4233-4144-b05e-f166a3215a4a,2026-09-13T02:45:00Z,2026-09-13T04:45:00+0200,304.743,EUR/MWh,DE,DE,imbalance_price,Long,2026-09-16T08:18:27Z
2026-09-16T08:15:06Z,2026-09-16T10:15:06+0200,2f3d54eb-4233-4144-b05e-f166a3215a4a,2026-09-13T02:45:00Z,2026-09-13T04:45:00+0200,304.743,EUR/MWh,DE,DE,imbalance_price,Short,2026-09-16T08:18:27Z
2026-09-16T08:15:06Z,2026-09-16T10:15:06+0200,2f3d54eb-4233-4144-b05e-f166a3215a4a,2026-09-13T03:00:00Z,2026-09-13T05:00:00+0200,187.777,EUR/MWh,DE,DE,imbalance_price,Long,2026-09-16T08:18:27Z
2026-09-16T08:15:06Z,2026-09-16T10:15:06+0200,2f3d54eb-4233-4144-b05e-f166a3215a4a,2026-09-13T03:00:00Z,2026-09-13T05:00:00+0200,187.777,EUR/MWh,DE,DE,imbalance_price,Short,2026-09-16T08:18:27Z
2026-09-16T08:15:06Z,2026-09-16T10:15:06+0200,2f3d54eb-4233-4144-b05e-f166a3215a4a,2026-09-13T03:15:00Z,2026-09-13T05:15:00+0200,166.824,EUR/MWh,DE,DE,imbalance_price,Long,2026-09-16T08:18:27Z
2026-09-16T08:15:06Z,2026-09-16T10:15:06+0200,2f3d54eb-4233-4144-b05e-f166a3215a4a,2026-09-13T03:15:00Z,2026-09-13T05:15:00+0200,166.824,EUR/MWh,DE,DE,imbalance_price,Short,2026-09-16T08:18:27Z
2026-09-16T08:15:06Z,2026-09-16T10:15:06+0200,2f3d54eb-4233-4144-b05e-f166a3215a4a,2026-09-13T03:30:00Z,2026-09-13T05:30:00+0200,216.369,EUR/MWh,DE,DE,imbalance_price,Long,2026-09-16T08:18:27Z
2026-09-16T08:15:06Z,2026-09-16T10:15:06+0200,2f3d54eb-4233-4144-b05e-f166a3215a4a,2026-09-13T03:30:00Z,2026-09-13T05:30:00+0200,216.369,EUR/MWh,DE,DE,imbalance_price,Short,2026-09-16T08:18:27Z
2026-09-16T08:15:06Z,2026-09-16T10:15:06+0200,2f3d54eb-4233-4144-b05e-f166a3215a4a,2026-09-13T03:45:00Z,2026-09-13T05:45:00+0200,239.832,EUR/MWh,DE,DE,imbalance_price,Long,2026-09-16T08:18:27Z
2026-09-16T08:15:06Z,2026-09-16T10:15:06+0200,2f3d54eb-4233-4144-b05e-f166a3215a4a,2026-09-13T03:45:00Z,2026-09-13T05:45:00+0200,239.832,EUR/MWh,DE,DE,imbalance_price,Short,2026-09-16T08:18:27Z
2026-09-16T08:15:06Z,2026-09-16T10:15:06+0200,2f3d54eb-4233-4144-b05e-f166a3215a4a,2026-09-13T04:00:00Z,2026-09-13T06:00:00+0200,242.12,EUR/MWh,DE,DE,imbalance_price,Long,2026-09-16T08:18:27Z
2026-09-16T08:15:06Z,2026-09-16T10:15:06+0200,2f3d54eb-4233-4144-b05e-f166a3215a4a,2026-09-13T04:00:00Z,2026-09-13T06:00:00+0200,242.12,EUR/MWh,DE,DE,imbalance_price,Short,2026-09-16T08:18:27Z
2026-09-16T08:15:06Z,2026-09-16T10:15:06+0200,2f3d54eb-4233-4144-b05e-f166a3215a4a,2026-09-13T04:15:00Z,2026-09-13T06:15:00+0200,296.863,EUR/MWh,DE,DE,imbalance_price,Long,2026-09-16T08:18:27Z
2026-09-16T08:15:06Z,2026-09-16T10:15:06+0200,2f3d54eb-4233-4144-b05e-f166a3215a4a,2026-09-13T04:15:00Z,2026-09-13T06:15:00+0200,296.863,EUR/MWh,DE,DE,imbalance_price,Short,2026-09-16T08:18:27Z
2026-09-16T08:15:06Z,2026-09-16T10:15:06+0200,2f3d54eb-4233-4144-b05e-f166a3215a4a,2026-09-13T04:30:00Z,2026-09-13T06:30:00+0200,301.85,EUR/MWh,DE,DE,imbalance_price,Long,2026-09-16T08:18:27Z
2026-09-16T08:15:06Z,2026-09-16T10:15:06+0200,2f3d54eb-4233-4144-b05e-f166a3215a4a,2026-09-13T04:30:00Z,2026-09-13T06:30:00+0200,301.85,EUR/MWh,DE,DE,imbalance_price,Short,2026-09-16T08:18:27Z
2026-09-16T08:15:06Z,2026-09-16T10:15:06+0200,2f3d54eb-4233-4144-b05e-f166a3215a4a,2026-09-13T04:45:00Z,2026-09-13T06:45:00+0200,269.903,EUR/MWh,DE,DE,imbalance_price,Long,2026-09-16T08:18:27Z
2026-09-16T08:15:06Z,2026-09-16T10:15:06+0200,2f3d54eb-4233-4144-b05e-f166a3215a4a,2026-09-13T04:45:00Z,2026-09-13T06:45:00+0200,269.903,EUR/MWh,DE,DE,imbalance_price,Short,2026-09-16T08:18:27Z
2026-09-16T08:15:06Z,2026-09-16T10:15:06+0200,2f3d54eb-4233-4144-b05e-f166a3215a4a,2026-09-13T05:00:00Z,2026-09-13T07:00:00+0200,155.969,EUR/MWh,DE,DE,imbalance_price,Long,2026-09-16T08:18:27Z
2026-09-16T08:15:06Z,2026-09-16T10:15:06+0200,2f3d54eb-4233-4144-b05e-f166a3215a4a,2026-09-13T05:00:00Z,2026-09-13T07:00:00+0200,155.969,EUR/MWh,DE,DE,imbalance_price,Short,2026-09-16T08:18:27Z
2026-09-16T08:15:06Z,2026-09-16T10:15:06+0200,2f3d54eb-4233-4144-b05e-f166a3215a4a,2026-09-13T05:15:00Z,2026-09-13T07:15:00+0200,144.728,EUR/MWh,DE,DE,imbalance_price,Long,2026-09-16T08:18:27Z
2026-09-16T08:15:06Z,2026-09-16T10:15:06+0200,2f3d54eb-4233-4144-b05e-f166a3215a4a,2026-09-13T05:15:00Z,2026-09-13T07:15:00+0200,144.728,EUR/MWh,DE,DE,imbalance_price,Short,2026-09-16T08:18:27Z
2026-09-16T08:15:06Z,2026-09-16T10:15:06+0200,2f3d54eb-4233-4144-b05e-f166a3215a4a,2026-09-13T05:30:00Z,2026-09-13T07:30:00+0200,157.91,EUR/MWh,DE,DE,imbalance_price,Long,2026-09-16T08:18:27Z
2026-09-16T08:15:06Z,2026-09-16T10:15:06+0200,2f3d54eb-4233-4144-b05e-f166a3215a4a,2026-09-13T05:30:00Z,2026-09-13T07:30:00+0200,157.91,EUR/MWh,DE,DE,imbalance_price,Short,2026-09-16T08:18:27Z
2026-09-16T08:15:06Z,2026-09-16T10:15:06+0200,2f3d54eb-4233-4144-b05e-f166a3215a4a,2026-09-13T05:45:00Z,2026-09-13T07:45:00+0200,128.16,EUR/MWh,DE,DE,imbalance_price,Long,2026-09-16T08:18:27Z
2026-09-16T08:15:06Z,2026-09-16T10:15:06+0200,2f3d54eb-4233-4144-b05e-f166a3215a4a,2026-09-13T05:45:00Z,2026-09-13T07:45:00+0200,128.16,EUR/MWh,DE,DE,imbalance_price,Short,2026-09-16T08:18:27Z
2026-09-16T08:15:06Z,2026-09-16T10:15:06+0200,2f3d54eb-4233-4144-b05e-f166a3215a4a,2026-09-13T06:00:00Z,2026-09-13T08:00:00+0200,131.243,EUR/MWh,DE,DE,imbalance_price,Long,2026-09-16T08:18:27Z
2026-09-16T08:15:06Z,2026-09-16T10:15:06+0200,2f3d54eb-4233-4144-b05e-f166a3215a4a,2026-09-13T06:00:00Z,2026-09-13T08:00:00+0200,131.243,EUR/MWh,DE,DE,imbalance_price,Short,2026-09-16T08:18:27Z
2026-09-16T08:15:06Z,2026-09-16T10:15:06+0200,2f3d54eb-4233-4144-b05e-f166a3215a4a,2026-09-13T06:15:00Z,2026-09-13T08:15:00+0200,100.486,EUR/MWh,DE,DE,imbalance_price,Long,2026-09-16T08:18:27Z
2026-09-16T08:15:06Z,2026-09-16T10:15:06+0200,2f3d54eb-4233-4144-b05e-f166a3215a4a,2026-09-13T06:15:00Z,2026-09-13T08:15:00+0200,100.486,EUR/MWh,DE,DE,imbalance_price,Short,2026-09-16T08:18:27Z
2026-09-16T08:15:06Z,2026-09-16T10:15:06+0200,2f3d54eb-4233-4144-b05e-f166a3215a4a,2026-09-13T06:30:00Z,2026-09-13T08:30:00+0200,124.596,EUR/MWh,DE,DE,imbalance_price,Long,2026-09-16T08:18:27Z
2026-09-16T08:15:06Z,2026-09-16T10:15:06+0200,2f3d54eb-4233-4144-b05e-f166a3215a4a,2026-09-13T06:30:00Z,2026-09-13T08:30:00+0200,124.596,EUR/MWh,DE,DE,imbalance_price,Short,2026-09-16T08:18:27Z
2026-09-16T08:15:06Z,2026-09-16T10:15:06+0200,2f3d54eb-4233-4144-b05e-f166a3215a4a,2026-09-13T06:45:00Z,2026-09-13T08:45:00+0200,137.342,EUR/MWh,DE,DE,imbalance_price,Long,2026-09-16T08:18:27Z
2026-09-16T08:15:06Z,2026-09-16T10:15:06+0200,2f3d54eb-4233-4144-b05e-f166a3215a4a,2026-09-13T06:45:00Z,2026-09-13T08:45:00+0200,137.342,EUR/MWh,DE,DE,imbalance_price,Short,2026-09-16T08:18:27Z
2026-09-16T08:15:06Z,2026-09-16T10:15:06+0200,2f3d54eb-4233-4144-b05e-f166a3215a4a,2026-09-13T07:00:00Z,2026-09-13T09:00:00+0200,160.734,EUR/MWh,DE,DE,imbalance_price,Long,2026-09-16T08:18:27Z
2026-09-16T08:15:06Z,2026-09-16T10:15:06+0200,2f3d54eb-4233-4144-b05e-f166a3215a4a,2026-09-13T07:00:00Z,2026-09-13T09:00:00+0200,160.734,EUR/MWh,DE,DE,imbalance_price,Short,2026-09-16T08:18:27Z
2026-09-16T08:15:06Z,2026-09-16T10:15:06+0200,2f3d54eb-4233-4144-b05e-f166a3215a4a,2026-09-13T07:15:00Z,2026-09-13T09:15:00+0200,162.73,EUR/MWh,DE,DE,imbalance_price,Long,2026-09-16T08:18:27Z
2026-09-16T08:15:06Z,2026-09-16T10:15:06+0200,2f3d54eb-4233-4144-b05e-f166a3215a4a,2026-09-13T07:15:00Z,2026-09-13T09:15:00+0200,162.73,EUR/MWh,DE,DE,imbalance_price,Short,2026-09-16T08:18:27Z
2026-09-16T08:15:06Z,2026-09-16T10:15:06+0200,2f3d54eb-4233-4144-b05e-f166a3215a4a,2026-09-13T07:30:00Z,2026-09-13T09:30:00+0200,124.669,EUR/MWh,DE,DE,imbalance_price,Long,2026-09-16T08:18:27Z
2026-09-16T08:15:06Z,2026-09-16T10:15:06+0200,2f3d54eb-4233-4144-b05e-f166a3215a4a,2026-09-13T07:30:00Z,2026-09-13T09:30:00+0200,124.669,EUR/MWh,DE,DE,imbalance_price,Short,2026-09-16T08:18:27Z
2026-09-16T08:15:06Z,2026-09-16T10:15:06+0200,2f3d54eb-4233-4144-b05e-f166a3215a4a,2026-09-13T07:45:00Z,2026-09-13T09:45:00+0200,187.463,EUR/MWh,DE,DE,imbalance_price,Long,2026-09-16T08:18:27Z
2026-09-16T08:15:06Z,2026-09-16T10:15:06+0200,2f3d54eb-4233-4144-b05e-f166a3215a4a,2026-09-13T07:45:00Z,2026-09-13T09:45:00+0200,187.463,EUR/MWh,DE,DE,imbalance_price,Short,2026-09-16T08:18:27Z
2026-09-16T08:15:06Z,2026-09-16T10:15:06+0200,2f3d54eb-4233-4144-b05e-f166a3215a4a,2026-09-13T08:00:00Z,2026-09-13T10:00:00+0200,249.087,EUR/MWh,DE,DE,imbalance_price,Long,2026-09-16T08:18:27Z
2026-09-16T08:15:06Z,2026-09-16T10:15:06+0200,2f3d54eb-4233-4144-b05e-f166a3215a4a,2026-09-13T08:00:00Z,2026-09-13T10:00:00+0200,249.087,EUR/MWh,DE,DE,imbalance_price,Short,2026-09-16T08:18:27Z
2026-09-16T08:15:06Z,2026-09-16T10:15:06+0200,2f3d54eb-4233-4144-b05e-f166a3215a4a,2026-09-13T08:15:00Z,2026-09-13T10:15:00+0200,106.043,EUR/MWh,DE,DE,imbalance_price,Long,2026-09-16T08:18:27Z
2026-09-16T08:15:06Z,2026-09-16T10:15:06+0200,2f3d54eb-4233-4144-b05e-f166a3215a4a,2026-09-13T08:15:00Z,2026-09-13T10:15:00+0200,106.043,EUR/MWh,DE,DE,imbalance_price,Short,2026-09-16T08:18:27Z
2026-09-16T08:15:06Z,2026-09-16T10:15:06+0200,2f3d54eb-4233-4144-b05e-f166a3215a4a,2026-09-13T08:30:00Z,2026-09-13T10:30:00+0200,139.238,EUR/MWh,DE,DE,imbalance_price,Long,2026-09-16T08:18:27Z
2026-09-16T08:15:06Z,2026-09-16T10:15:06+0200,2f3d54eb-4233-4144-b05e-f166a3215a4a,2026-09-13T08:30:00Z,2026-09-13T10:30:00+0200,139.238,EUR/MWh,DE,DE,imbalance_price,Short,2026-09-16T08:18:27Z
2026-09-16T08:15:06Z,2026-09-16T10:15:06+0200,2f3d54eb-4233-4144-b05e-f166a3215a4a,2026-09-13T08:45:00Z,2026-09-13T10:45:00+0200,100.553,EUR/MWh,DE,DE,imbalance_price,Long,2026-09-16T08:18:27Z
2026-09-16T08:15:06Z,2026-09-16T10:15:06+0200,2f3d54eb-4233-4144-b05e-f166a3215a4a,2026-09-13T08:45:00Z,2026-09-13T10:45:00+0200,100.553,EUR/MWh,DE,DE,imbalance_price,Short,2026-09-16T08:18:27Z
2026-09-16T08:15:06Z,2026-09-16T10:15:06+0200,2f3d54eb-4233-4144-b05e-f166a3215a4a,2026-09-13T09:00:00Z,2026-09-13T11:00:00+0200,110.995,EUR/MWh,DE,DE,imbalance_price,Long,2026-09-16T08:18:27Z
2026-09-16T08:15:06Z,2026-09-16T10:15:06+0200,2f3d54eb-4233-4144-b05e-f166a3215a4a,2026-09-13T09:00:00Z,2026-09-13T11:00:00+0200,110.995,EUR/MWh,DE,DE,imbalance_price,Short,2026-09-16T08:18:27Z
2026-09-16T08:15:06Z,2026-09-16T10:15:06+0200,2f3d54eb-4233-4144-b05e-f166a3215a4a,2026-09-13T09:15:00Z,2026-09-13T11:15:00+0200,83.253,EUR/MWh,DE,DE,imbalance_price,Long,2026-09-16T08:18:27Z
2026-09-16T08:15:06Z,2026-09-16T10:15:06+0200,2f3d54eb-4233-4144-b05e-f166a3215a4a,2026-09-13T09:15:00Z,2026-09-13T11:15:00+0200,83.253,EUR/MWh,DE,DE,imbalance_price,Short,2026-09-16T08:18:27Z
2026-09-16T08:15:06Z,2026-09-16T10:15:06+0200,2f3d54eb-4233-4144-b05e-f166a3215a4a,2026-09-13T09:30:00Z,2026-09-13T11:30:00+0200,89.068,EUR/MWh,DE,DE,imbalance_price,Long,2026-09-16T08:18:27Z
2026-09-16T08:15:06Z,2026-09-16T10:15:06+0200,2f3d54eb-4233-4144-b05e-f166a3215a4a,2026-09-13T09:30:00Z,2026-09-13T11:30:00+0200,89.068,EUR/MWh,DE,DE,imbalance_price,Short,2026-09-16T08:18:27Z
2026-09-16T08:15:06Z,2026-09-16T10:15:06+0200,2f3d54eb-4233-4144-b05e-f166a3215a4a,2026-09-13T09:45:00Z,2026-09-13T11:45:00+0200,114.326,EUR/MWh,DE,DE,imbalance_price,Long,2026-09-16T08:18:27Z
2026-09-16T08:15:06Z,2026-09-16T10:15:06+0200,2f3d54eb-4233-4144-b05e-f166a3215a4a,2026-09-13T09:45:00Z,2026-09-13T11:45:00+0200,114.326,EUR/MWh,DE,DE,imbalance_price,Short,2026-09-16T08:18:27Z
2026-09-16T08:15:06Z,2026-09-16T10:15:06+0200,2f3d54eb-4233-4144-b05e-f166a3215a4a,2026-09-13T10:00:00Z,2026-09-13T12:00:00+0200,110.85,EUR/MWh,DE,DE,imbalance_price,Long,2026-09-16T08:18:27Z
2026-09-16T08:15:06Z,2026-09-16T10:15:06+0200,2f3d54eb-4233-4144-b05e-f166a3215a4a,2026-09-13T10:00:00Z,2026-09-13T12:00:00+0200,110.85,EUR/MWh,DE,DE,imbalance_price,Short,2026-09-16T08:18:27Z
2026-09-16T08:15:06Z,2026-09-16T10:15:06+0200,2f3d54eb-4233-4144-b05e-f166a3215a4a,2026-09-13T10:15:00Z,2026-09-13T12:15:00+0200,249.35,EUR/MWh,DE,DE,imbalance_price,Long,2026-09-16T08:18:27Z
2026-09-16T08:15:06Z,2026-09-16T10:15:06+0200,2f3d54eb-4233-4144-b05e-f166a3215a4a,2026-09-13T10:15:00Z,2026-09-13T12:15:00+0200,249.35,EUR/MWh,DE,DE,imbalance_price,Short,2026-09-16T08:18:27Z
2026-09-16T08:15:06Z,2026-09-16T10:15:06+0200,2f3d54eb-4233-4144-b05e-f166a3215a4a,2026-09-13T10:30:00Z,2026-09-13T12:30:00+0200,204.579,EUR/MWh,DE,DE,imbalance_price,Long,2026-09-16T08:18:27Z
2026-09-16T08:15:06Z,2026-09-16T10:15:06+0200,2f3d54eb-4233-4144-b05e-f166a3215a4a,2026-09-13T10:30:00Z,2026-09-13T12:30:00+0200,204.579,EUR/MWh,DE,DE,imbalance_price,Short,2026-09-16T08:18:27Z
2026-09-16T08:15:06Z,2026-09-16T10:15:06+0200,2f3d54eb-4233-4144-b05e-f166a3215a4a,2026-09-13T10:45:00Z,2026-09-13T12:45:00+0200,168.457,EUR/MWh,DE,DE,imbalance_price,Long,2026-09-16T08:18:27Z
2026-09-16T08:15:06Z,2026-09-16T10:15:06+0200,2f3d54eb-4233-4144-b05e-f166a3215a4a,2026-09-13T10:45:00Z,2026-09-13T12:45:00+0200,168.457,EUR/MWh,DE,DE,imbalance_price,Short,2026-09-16T08:18:27Z
2026-09-16T08:15:06Z,2026-09-16T10:15:06+0200,2f3d54eb-4233-4144-b05e-f166a3215a4a,2026-09-13T11:00:00Z,2026-09-13T13:00:00+0200,239.884,EUR/MWh,DE,DE,imbalance_price,Long,2026-09-16T08:18:27Z
2026-09-16T08:15:06Z,2026-09-16T10:15:06+0200,2f3d54eb-4233-4144-b05e-f166a3215a4a,2026-09-13T11:00:00Z,2026-09-13T13:00:00+0200,239.884,EUR/MWh,DE,DE,imbalance_price,Short,2026-09-16T08:18:27Z
2026-09-16T08:15:06Z,2026-09-16T10:15:06+0200,2f3d54eb-4233-4144-b05e-f166a3215a4a,2026-09-13T11:15:00Z,2026-09-13T13:15:00+0200,248.222,EUR/MWh,DE,DE,imbalance_price,Long,2026-09-16T08:18:27Z
2026-09-16T08:15:06Z,2026-09-16T10:15:06+0200,2f3d54eb-4233-4144-b05e-f166a3215a4a,2026-09-13T11:15:00Z,2026-09-13T13:15:00+0200,248.222,EUR/MWh,DE,DE,imbalance_price,Short,2026-09-16T08:18:27Z
2026-09-16T08:15:06Z,2026-09-16T10:15:06+0200,2f3d54eb-4233-4144-b05e-f166a3215a4a,2026-09-13T11:30:00Z,2026-09-13T13:30:00+0200,75.547,EUR/MWh,DE,DE,imbalance_price,Long,2026-09-16T08:18:27Z
2026-09-16T08:15:06Z,2026-09-16T10:15:06+0200,2f3d54eb-4233-4144-b05e-f166a3215a4a,2026-09-13T11:30:00Z,2026-09-13T13:30:00+0200,75.547,EUR/MWh,DE,DE,imbalance_price,Short,2026-09-16T08:18:27Z
2026-09-16T08:15:06Z,2026-09-16T10:15:06+0200,2f3d54eb-4233-4144-b05e-f166a3215a4a,2026-09-13T11:45:00Z,2026-09-13T13:45:00+0200,106.811,EUR/MWh,DE,DE,imbalance_price,Long,2026-09-16T08:18:27Z
2026-09-16T08:15:06Z,2026-09-16T10:15:06+0200,2f3d54eb-4233-4144-b05e-f166a3215a4a,2026-09-13T11:45:00Z,2026-09-13T13:45:00+0200,106.811,EUR/MWh,DE,DE,imbalance_price,Short,2026-09-16T08:18:27Z
2026-09-16T08:15:06Z,2026-09-16T10:15:06+0200,2f3d54eb-4233-4144-b05e-f166a3215a4a,2026-09-13T12:00:00Z,2026-09-13T14:00:00+0200,60.432,EUR/MWh,DE,DE,imbalance_price,Long,2026-09-16T08:18:27Z
2026-09-16T08:15:06Z,2026-09-16T10:15:06+0200,2f3d54eb-4233-4144-b05e-f166a3215a4a,2026-09-13T12:00:00Z,2026-09-13T14:00:00+0200,60.432,EUR/MWh,DE,DE,imbalance_price,Short,2026-09-16T08:18:27Z
2026-09-16T08:15:06Z,2026-09-16T10:15:06+0200,2f3d54eb-4233-4144-b05e-f166a3215a4a,2026-09-13T12:15:00Z,2026-09-13T14:15:00+0200,157.636,EUR/MWh,DE,DE,imbalance_price,Long,2026-09-16T08:18:27Z
2026-09-16T08:15:06Z,2026-09-16T10:15:06+0200,2f3d54eb-4233-4144-b05e-f166a3215a4a,2026-09-13T12:15:00Z,2026-09-13T14:15:00+0200,157.636,EUR/MWh,DE,DE,imbalance_price,Short,2026-09-16T08:18:27Z
2026-09-16T08:15:06Z,2026-09-16T10:15:06+0200,2f3d54eb-4233-4144-b05e-f166a3215a4a,2026-09-13T12:30:00Z,2026-09-13T14:30:00+0200,115.619,EUR/MWh,DE,DE,imbalance_price,Long,2026-09-16T08:18:27Z
2026-09-16T08:15:06Z,2026-09-16T10:15:06+0200,2f3d54eb-4233-4144-b05e-f166a3215a4a,2026-09-13T12:30:00Z,2026-09-13T14:30:00+0200,115.619,EUR/MWh,DE,DE,imbalance_price,Short,2026-09-16T08:18:27Z
2026-09-16T08:15:06Z,2026-09-16T10:15:06+0200,2f3d54eb-4233-4144-b05e-f166a3215a4a,2026-09-13T12:45:00Z,2026-09-13T14:45:00+0200,126.129,EUR/MWh,DE,DE,imbalance_price,Long,2026-09-16T08:18:27Z
2026-09-16T08:15:06Z,2026-09-16T10:15:06+0200,2f3d54eb-4233-4144-b05e-f166a3215a4a,2026-09-13T12:45:00Z,2026-09-13T14:45:00+0200,126.129,EUR/MWh,DE,DE,imbalance_price,Short,2026-09-16T08:18:27Z
2026-09-16T08:15:06Z,2026-09-16T10:15:06+0200,2f3d54eb-4233-4144-b05e-f166a3215a4a,2026-09-13T13:00:00Z,2026-09-13T15:00:00+0200,68.107,EUR/MWh,DE,DE,imbalance_price,Long,2026-09-16T08:18:27Z
2026-09-16T08:15:06Z,2026-09-16T10:15:06+0200,2f3d54eb-4233-4144-b05e-f166a3215a4a,2026-09-13T13:00:00Z,2026-09-13T15:00:00+0200,68.107,EUR/MWh,DE,DE,imbalance_price,Short,2026-09-16T08:18:27Z
2026-09-16T08:15:06Z,2026-09-16T10:15:06+0200,2f3d54eb-4233-4144-b05e-f166a3215a4a,2026-09-13T13:15:00Z,2026-09-13T15:15:00+0200,99.837,EUR/MWh,DE,DE,imbalance_price,Long,2026-09-16T08:18:27Z
2026-09-16T08:15:06Z,2026-09-16T10:15:06+0200,2f3d54eb-4233-4144-b05e-f166a3215a4a,2026-09-13T13:15:00Z,2026-09-13T15:15:00+0200,99.837,EUR/MWh,DE,DE,imbalance_price,Short,2026-09-16T08:18:27Z
2026-09-16T08:15:06Z,2026-09-16T10:15:06+0200,2f3d54eb-4233-4144-b05e-f166a3215a4a,2026-09-13T13:30:00Z,2026-09-13T15:30:00+0200,141.312,EUR/MWh,DE,DE,imbalance_price,Long,2026-09-16T08:18:27Z
2026-09-16T08:15:06Z,2026-09-16T10:15:06+0200,2f3d54eb-4233-4144-b05e-f166a3215a4a,2026-09-13T13:30:00Z,2026-09-13T15:30:00+0200,141.312,EUR/MWh,DE,DE,imbalance_price,Short,2026-09-16T08:18:27Z
2026-09-16T08:15:06Z,2026-09-16T10:15:06+0200,2f3d54eb-4233-4144-b05e-f166a3215a4a,2026-09-13T13:45:00Z,2026-09-13T15:45:00+0200,129.544,EUR/MWh,DE,DE,imbalance_price,Long,2026-09-16T08:18:27Z
2026-09-16T08:15:06Z,2026-09-16T10:15:06+0200,2f3d54eb-4233-4144-b05e-f166a3215a4a,2026-09-13T13:45:00Z,2026-09-13T15:45:00+0200,129.544,EUR/MWh,DE,DE,imbalance_price,Short,2026-09-16T08:18:27Z
2026-09-16T08:15:06Z,2026-09-16T10:15:06+0200,2f3d54eb-4233-4144-b05e-f166a3215a4a,2026-09-13T14:00:00Z,2026-09-13T16:00:00+0200,98.637,EUR/MWh,DE,DE,imbalance_price,Long,2026-09-16T08:18:27Z
2026-09-16T08:15:06Z,2026-09-16T10:15:06+0200,2f3d54eb-4233-4144-b05e-f166a3215a4a,2026-09-13T14:00:00Z,2026-09-13T16:00:00+0200,98.637,EUR/MWh,DE,DE,imbalance_price,Short,2026-09-16T08:18:27Z
2026-09-16T08:15:06Z,2026-09-16T10:15:06+0200,2f3d54eb-4233-4144-b05e-f166a3215a4a,2026-09-13T14:15:00Z,2026-09-13T16:15:00+0200,56.285,EUR/MWh,DE,DE,imbalance_price,Long,2026-09-16T08:18:27Z
2026-09-16T08:15:06Z,2026-09-16T10:15:06+0200,2f3d54eb-4233-4144-b05e-f166a3215a4a,2026-09-13T14:15:00Z,2026-09-13T16:15:00+0200,56.285,EUR/MWh,DE,DE,imbalance_price,Short,2026-09-16T08:18:27Z
2026-09-16T08:15:06Z,2026-09-16T10:15:06+0200,2f3d54eb-4233-4144-b05e-f166a3215a4a,2026-09-13T14:30:00Z,2026-09-13T16:30:00+0200,107.878,EUR/MWh,DE,DE,imbalance_price,Long,2026-09-16T08:18:27Z
2026-09-16T08:15:06Z,2026-09-16T10:15:06+0200,2f3d54eb-4233-4144-b05e-f166a3215a4a,2026-09-13T14:30:00Z,2026-09-13T16:30:00+0200,107.878,EUR/MWh,DE,DE,imbalance_price,Short,2026-09-16T08:18:27Z
2026-09-16T08:15:06Z,2026-09-16T10:15:06+0200,2f3d54eb-4233-4144-b05e-f166a3215a4a,2026-09-13T14:45:00Z,2026-09-13T16:45:00+0200,198.804,EUR/MWh,DE,DE,imbalance_price,Long,2026-09-16T08:18:27Z
2026-09-16T08:15:06Z,2026-09-16T10:15:06+0200,2f3d54eb-4233-4144-b05e-f166a3215a4a,2026-09-13T14:45:00Z,2026-09-13T16:45:00+0200,198.804,EUR/MWh,DE,DE,imbalance_price,Short,2026-09-16T08:18:27Z
2026-09-16T08:15:06Z,2026-09-16T10:15:06+0200,2f3d54eb-4233-4144-b05e-f166a3215a4a,2026-09-13T15:00:00Z,2026-09-13T17:00:00+0200,194.101,EUR/MWh,DE,DE,imbalance_price,Long,2026-09-16T08:18:27Z
2026-09-16T08:15:06Z,2026-09-16T10:15:06+0200,2f3d54eb-4233-4144-b05e-f166a3215a4a,2026-09-13T15:00:00Z,2026-09-13T17:00:00+0200,194.101,EUR/MWh,DE,DE,imbalance_price,Short,2026-09-16T08:18:27Z
2026-09-16T08:15:06Z,2026-09-16T10:15:06+0200,2f3d54eb-4233-4144-b05e-f166a3215a4a,2026-09-13T15:15:00Z,2026-09-13T17:15:00+0200,205.012,EUR/MWh,DE,DE,imbalance_price,Long,2026-09-16T08:18:27Z
2026-09-16T08:15:06Z,2026-09-16T10:15:06+0200,2f3d54eb-4233-4144-b05e-f166a3215a4a,2026-09-13T15:15:00Z,2026-09-13T17:15:00+0200,205.012,EUR/MWh,DE,DE,imbalance_price,Short,2026-09-16T08:18:27Z
2026-09-16T08:15:06Z,2026-09-16T10:15:06+0200,2f3d54eb-4233-4144-b05e-f166a3215a4a,2026-09-13T15:30:00Z,2026-09-13T17:30:00+0200,167.708,EUR/MWh,DE,DE,imbalance_price,Long,2026-09-16T08:18:27Z
2026-09-16T08:15:06Z,2026-09-16T10:15:06+0200,2f3d54eb-4233-4144-b05e-f166a3215a4a,2026-09-13T15:30:00Z,2026-09-13T17:30:00+0200,167.708,EUR/MWh,DE,DE,imbalance_price,Short,2026-09-16T08:18:27Z
2026-09-16T08:15:06Z,2026-09-16T10:15:06+0200,2f3d54eb-4233-4144-b05e-f166a3215a4a,2026-09-13T15:45:00Z,2026-09-13T17:45:00+0200,156.415,EUR/MWh,DE,DE,imbalance_price,Long,2026-09-16T08:18:27Z
2026-09-16T08:15:06Z,2026-09-16T10:15:06+0200,2f3d54eb-4233-4144-b05e-f166a3215a4a,2026-09-13T15:45:00Z,2026-09-13T17:45:00+0200,156.415,EUR/MWh,DE,DE,imbalance_price,Short,2026-09-16T08:18:27Z
2026-09-16T08:15:06Z,2026-09-16T10:15:06+0200,2f3d54eb-4233-4144-b05e-f166a3215a4a,2026-09-13T16:00:00Z,2026-09-13T18:00:00+0200,193.237,EUR/MWh,DE,DE,imbalance_price,Long,2026-09-16T08:18:27Z
2026-09-16T08:15:06Z,2026-09-16T10:15:06+0200,2f3d54eb-4233-4144-b05e-f166a3215a4a,2026-09-13T16:00:00Z,2026-09-13T18:00:00+0200,193.237,EUR/MWh,DE,DE,imbalance_price,Short,2026-09-16T08:18:27Z
2026-09-16T08:15:06Z,2026-09-16T10:15:06+0200,2f3d54eb-4233-4144-b05e-f166a3215a4a,2026-09-13T16:15:00Z,2026-09-13T18:15:00+0200,201.824,EUR/MWh,DE,DE,imbalance_price,Long,2026-09-16T08:18:27Z
2026-09-16T08:15:06Z,2026-09-16T10:15:06+0200,2f3d54eb-4233-4144-b05e-f166a3215a4a,2026-09-13T16:15:00Z,2026-09-13T18:15:00+0200,201.824,EUR/MWh,DE,DE,imbalance_price,Short,2026-09-16T08:18:27Z
2026-09-16T08:15:06Z,2026-09-16T10:15:06+0200,2f3d54eb-4233-4144-b05e-f166a3215a4a,2026-09-13T16:30:00Z,2026-09-13T18:30:00+0200,231.374,EUR/MWh,DE,DE,imbalance_price,Long,2026-09-16T08:18:27Z
2026-09-16T08:15:06Z,2026-09-16T10:15:06+0200,2f3d54eb-4233-4144-b05e-f166a3215a4a,2026-09-13T16:30:00Z,2026-09-13T18:30:00+0200,231.374,EUR/MWh,DE,DE,imbalance_price,Short,2026-09-16T08:18:27Z
2026-09-16T08:15:06Z,2026-09-16T10:15:06+0200,2f3d54eb-4233-4144-b05e-f166a3215a4a,2026-09-13T16:45:00Z,2026-09-13T18:45:00+0200,242.478,EUR/MWh,DE,DE,imbalance_price,Long,2026-09-16T08:18:27Z
2026-09-16T08:15:06Z,2026-09-16T10:15:06+0200,2f3d54eb-4233-4144-b05e-f166a3215a4a,2026-09-13T16:45:00Z,2026-09-13T18:45:00+0200,242.478,EUR/MWh,DE,DE,imbalance_price,Short,2026-09-16T08:18:27Z
2026-09-16T08:15:06Z,2026-09-16T10:15:06+0200,2f3d54eb-4233-4144-b05e-f166a3215a4a,2026-09-13T17:00:00Z,2026-09-13T19:00:00+0200,275.313,EUR/MWh,DE,DE,imbalance_price,Long,2026-09-16T08:18:27Z
2026-09-16T08:15:06Z,2026-09-16T10:15:06+0200,2f3d54eb-4233-4144-b05e-f166a3215a4a,2026-09-13T17:00:00Z,2026-09-13T19:00:00+0200,275.313,EUR/MWh,DE,DE,imbalance_price,Short,2026-09-16T08:18:27Z
2026-09-16T08:15:06Z,2026-09-16T10:15:06+0200,2f3d54eb-4233-4144-b05e-f166a3215a4a,2026-09-13T17:15:00Z,2026-09-13T19:15:00+0200,295.807,EUR/MWh,DE,DE,imbalance_price,Long,2026-09-16T08:18:27Z
2026-09-16T08:15:06Z,2026-09-16T10:15:06+0200,2f3d54eb-4233-4144-b05e-f166a3215a4a,2026-09-13T17:15:00Z,2026-09-13T19:15:00+0200,295.807,EUR/MWh,DE,DE,imbalance_price,Short,2026-09-16T08:18:27Z
2026-09-16T08:15:06Z,2026-09-16T10:15:06+0200,2f3d54eb-4233-4144-b05e-f166a3215a4a,2026-09-13T17:30:00Z,2026-09-13T19:30:00+0200,295.525,EUR/MWh,DE,DE,imbalance_price,Long,2026-09-16T08:18:27Z
2026-09-16T08:15:06Z,2026-09-16T10:15:06+0200,2f3d54eb-4233-4144-b05e-f166a3215a4a,2026-09-13T17:30:00Z,2026-09-13T19:30:00+0200,295.525,EUR/MWh,DE,DE,imbalance_price,Short,2026-09-16T08:18:27Z
2026-09-16T08:15:06Z,2026-09-16T10:15:06+0200,2f3d54eb-4233-4144-b05e-f166a3215a4a,2026-09-13T17:45:00Z,2026-09-13T19:45:00+0200,353.565,EUR/MWh,DE,DE,imbalance_price,Long,2026-09-16T08:18:27Z
2026-09-16T08:15:06Z,2026-09-16T10:15:06+0200,2f3d54eb-4233-4144-b05e-f166a3215a4a,2026-09-13T17:45:00Z,2026-09-13T19:45:00+0200,353.565,EUR/MWh,DE,DE,imbalance_price,Short,2026-09-16T08:18:27Z
2026-09-16T08:15:06Z,2026-09-16T10:15:06+0200,2f3d54eb-4233-4144-b05e-f166a3215a4a,2026-09-13T18:00:00Z,2026-09-13T20:00:00+0200,317.738,EUR/MWh,DE,DE,imbalance_price,Long,2026-09-16T08:18:27Z
2026-09-16T08:15:06Z,2026-09-16T10:15:06+0200,2f3d54eb-4233-4144-b05e-f166a3215a4a,2026-09-13T18:00:00Z,2026-09-13T20:00:00+0200,317.738,EUR/MWh,DE,DE,imbalance_price,Short,2026-09-16T08:18:27Z
2026-09-16T08:15:06Z,2026-09-16T10:15:06+0200,2f3d54eb-4233-4144-b05e-f166a3215a4a,2026-09-13T18:15:00Z,2026-09-13T20:15:00+0200,247.188,EUR/MWh,DE,DE,imbalance_price,Long,2026-09-16T08:18:27Z
2026-09-16T08:15:06Z,2026-09-16T10:15:06+0200,2f3d54eb-4233-4144-b05e-f166a3215a4a,2026-09-13T18:15:00Z,2026-09-13T20:15:00+0200,247.188,EUR/MWh,DE,DE,imbalance_price,Short,2026-09-16T08:18:27Z
2026-09-16T08:15:06Z,2026-09-16T10:15:06+0200,2f3d54eb-4233-4144-b05e-f166a3215a4a,2026-09-13T18:30:00Z,2026-09-13T20:30:00+0200,214.023,EUR/MWh,DE,DE,imbalance_price,Long,2026-09-16T08:18:27Z
2026-09-16T08:15:06Z,2026-09-16T10:15:06+0200,2f3d54eb-4233-4144-b05e-f166a3215a4a,2026-09-13T18:30:00Z,2026-09-13T20:30:00+0200,214.023,EUR/MWh,DE,DE,imbalance_price,Short,2026-09-16T08:18:27Z
2026-09-16T08:15:06Z,2026-09-16T10:15:06+0200,2f3d54eb-4233-4144-b05e-f166a3215a4a,2026-09-13T18:45:00Z,2026-09-13T20:45:00+0200,241.371,EUR/MWh,DE,DE,imbalance_price,Long,2026-09-16T08:18:27Z
2026-09-16T08:15:06Z,2026-09-16T10:15:06+0200,2f3d54eb-4233-4144-b05e-f166a3215a4a,2026-09-13T18:45:00Z,2026-09-13T20:45:00+0200,241.371,EUR/MWh,DE,DE,imbalance_price,Short,2026-09-16T08:18:27Z
2026-09-16T08:15:06Z,2026-09-16T10:15:06+0200,2f3d54eb-4233-4144-b05e-f166a3215a4a,2026-09-13T19:00:00Z,2026-09-13T21:00:00+0200,240.802,EUR/MWh,DE,DE,imbalance_price,Long,2026-09-16T08:18:27Z
2026-09-16T08:15:06Z,2026-09-16T10:15:06+0200,2f3d54eb-4233-4144-b05e-f166a3215a4a,2026-09-13T19:00:00Z,2026-09-13T21:00:00+0200,240.802,EUR/MWh,DE,DE,imbalance_price,Short,2026-09-16T08:18:27Z
2026-09-16T08:15:06Z,2026-09-16T10:15:06+0200,2f3d54eb-4233-4144-b05e-f166a3215a4a,2026-09-13T19:15:00Z,2026-09-13T21:15:00+0200,290.416,EUR/MWh,DE,DE,imbalance_price,Long,2026-09-16T08:18:27Z
2026-09-16T08:15:06Z,2026-09-16T10:15:06+0200,2f3d54eb-4233-4144-b05e-f166a3215a4a,2026-09-13T19:15:00Z,2026-09-13T21:15:00+0200,290.416,EUR/MWh,DE,DE,imbalance_price,Short,2026-09-16T08:18:27Z
2026-09-16T08:15:06Z,2026-09-16T10:15:06+0200,2f3d54eb-4233-4144-b05e-f166a3215a4a,2026-09-13T19:30:00Z,2026-09-13T21:30:00+0200,268.003,EUR/MWh,DE,DE,imbalance_price,Long,2026-09-16T08:18:27Z
2026-09-16T08:15:06Z,2026-09-16T10:15:06+0200,2f3d54eb-4233-4144-b05e-f166a3215a4a,2026-09-13T19:30:00Z,2026-09-13T21:30:00+0200,268.003,EUR/MWh,DE,DE,imbalance_price,Short,2026-09-16T08:18:27Z
2026-09-16T08:15:06Z,2026-09-16T10:15:06+0200,2f3d54eb-4233-4144-b05e-f166a3215a4a,2026-09-13T19:45:00Z,2026-09-13T21:45:00+0200,217.649,EUR/MWh,DE,DE,imbalance_price,Long,2026-09-16T08:18:27Z
2026-09-16T08:15:06Z,2026-09-16T10:15:06+0200,2f3d54eb-4233-4144-b05e-f166a3215a4a,2026-09-13T19:45:00Z,2026-09-13T21:45:00+0200,217.649,EUR/MWh,DE,DE,imbalance_price,Short,2026-09-16T08:18:27Z
2026-09-16T08:15:06Z,2026-09-16T10:15:06+0200,2f3d54eb-4233-4144-b05e-f166a3215a4a,2026-09-13T20:00:00Z,2026-09-13T22:00:00+0200,220.283,EUR/MWh,DE,DE,imbalance_price,Long,2026-09-16T08:18:27Z
2026-09-16T08:15:06Z,2026-09-16T10:15:06+0200,2f3d54eb-4233-4144-b05e-f166a3215a4a,2026-09-13T20:00:00Z,2026-09-13T22:00:00+0200,220.283,EUR/MWh,DE,DE,imbalance_price,Short,2026-09-16T08:18:27Z
2026-09-16T08:15:06Z,2026-09-16T10:15:06+0200,2f3d54eb-4233-4144-b05e-f166a3215a4a,2026-09-13T20:15:00Z,2026-09-13T22:15:00+0200,272.183,EUR/MWh,DE,DE,imbalance_price,Long,2026-09-16T08:18:27Z
2026-09-16T08:15:06Z,2026-09-16T10:15:06+0200,2f3d54eb-4233-4144-b05e-f166a3215a4a,2026-09-13T20:15:00Z,2026-09-13T22:15:00+0200,272.183,EUR/MWh,DE,DE,imbalance_price,Short,2026-09-16T08:18:27Z
2026-09-16T08:15:06Z,2026-09-16T10:15:06+0200,2f3d54eb-4233-4144-b05e-f166a3215a4a,2026-09-13T20:30:00Z,2026-09-13T22:30:00+0200,300.765,EUR/MWh,DE,DE,imbalance_price,Long,2026-09-16T08:18:27Z
2026-09-16T08:15:06Z,2026-09-16T10:15:06+0200,2f3d54eb-4233-4144-b05e-f166a3215a4a,2026-09-13T20:30:00Z,2026-09-13T22:30:00+0200,300.765,EUR/MWh,DE,DE,imbalance_price,Short,2026-09-16T08:18:27Z
2026-09-16T08:15:06Z,2026-09-16T10:15:06+0200,2f3d54eb-4233-4144-b05e-f166a3215a4a,2026-09-13T20:45:00Z,2026-09-13T22:45:00+0200,289.079,EUR/MWh,DE,DE,imbalance_price,Long,2026-09-16T08:18:27Z
2026-09-16T08:15:06Z,2026-09-16T10:15:06+0200,2f3d54eb-4233-4144-b05e-f166a3215a4a,2026-09-13T20:45:00Z,2026-09-13T22:45:00+0200,289.079,EUR/MWh,DE,DE,imbalance_price,Short,2026-09-16T08:18:27Z
2026-09-16T08:15:06Z,2026-09-16T10:15:06+0200,2f3d54eb-4233-4144-b05e-f166a3215a4a,2026-09-13T21:00:00Z,2026-09-13T23:00:00+0200,227.611,EUR/MWh,DE,DE,imbalance_price,Long,2026-09-16T08:18:27Z
2026-09-16T08:15:06Z,2026-09-16T10:15:06+0200,2f3d54eb-4233-4144-b05e-f166a3215a4a,2026-09-13T21:00:00Z,2026-09-13T23:00:00+0200,227.611,EUR/MWh,DE,DE,imbalance_price,Short,2026-09-16T08:18:27Z
2026-09-16T08:15:06Z,2026-09-16T10:15:06+0200,2f3d54eb-4233-4144-b05e-f166a3215a4a,2026-09-13T21:15:00Z,2026-09-13T23:15:00+0200,234.505,EUR/MWh,DE,DE,imbalance_price,Long,2026-09-16T08:18:27Z
2026-09-16T08:15:06Z,2026-09-16T10:15:06+0200,2f3d54eb-4233-4144-b05e-f166a3215a4a,2026-09-13T21:15:00Z,2026-09-13T23:15:00+0200,234.505,EUR/MWh,DE,DE,imbalance_price,Short,2026-09-16T08:18:27Z
2026-09-16T08:15:06Z,2026-09-16T10:15:06+0200,2f3d54eb-4233-4144-b05e-f166a3215a4a,2026-09-13T21:30:00Z,2026-09-13T23:30:00+0200,222.114,EUR/MWh,DE,DE,imbalance_price,Long,2026-09-16T08:18:27Z
2026-09-16T08:15:06Z,2026-09-16T10:15:06+0200,2f3d54eb-4233-4144-b05e-f166a3215a4a,2026-09-13T21:30:00Z,2026-09-13T23:30:00+0200,222.114,EUR/MWh,DE,DE,imbalance_price,Short,2026-09-16T08:18:27Z
2026-09-16T08:15:06Z,2026-09-16T10:15:06+0200,2f3d54eb-4233-4144-b05e-f166a3215a4a,2026-09-13T21:45:00Z,2026-09-13T23:45:00+0200,204.716,EUR/MWh,DE,DE,imbalance_price,Long,2026-09-16T08:18:27Z
2026-09-16T08:15:06Z,2026-09-16T10:15:06+0200,2f3d54eb-4233-4144-b05e-f166a3215a4a,2026-09-13T21:45:00Z,2026-09-13T23:45:00+0200,204.716,EUR/MWh,DE,DE,imbalance_price,Short,2026-09-16T08:18:27Z
2026-09-16T08:15:06Z,2026-09-16T10:15:06+0200,2f3d54eb-4233-4144-b05e-f166a3215a4a,2026-09-13T22:00:00Z,2026-09-14T00:00:00+0200,169.983,EUR/MWh,DE,DE,imbalance_price,Long,2026-09-16T08:18:27Z
2026-09-16T08:15:06Z,2026-09-16T10:15:06+0200,2f3d54eb-4233-4144-b05e-f166a3215a4a,2026-09-13T22:00:00Z,2026-09-14T00:00:00+0200,169.983,EUR/MWh,DE,DE,imbalance_price,Short,2026-09-16T08:18:27Z
2026-09-16T08:15:06Z,2026-09-16T10:15:06+0200,2f3d54eb-4233-4144-b05e-f166a3215a4a,2026-09-13T22:15:00Z,2026-09-14T00:15:00+0200,198.315,EUR/MWh,DE,DE,imbalance_price,Long,2026-09-16T08:18:27Z
2026-09-16T08:15:06Z,2026-09-16T10:15:06+0200,2f3d54eb-4233-4144-b05e-f166a3215a4a,2026-09-13T22:15:00Z,2026-09-14T00:15:00+0200,198.315,EUR/MWh,DE,DE,imbalance_price,Short,2026-09-16T08:18:27Z
2026-09-16T08:15:06Z,2026-09-16T10:15:06+0200,2f3d54eb-4233-4144-b05e-f166a3215a4a,2026-09-13T22:30:00Z,2026-09-14T00:30:00+0200,166.169,EUR/MWh,DE,DE,imbalance_price,Long,2026-09-16T08:18:27Z
2026-09-16T08:15:06Z,2026-09-16T10:15:06+0200,2f3d54eb-4233-4144-b05e-f166a3215a4a,2026-09-13T22:30:00Z,2026-09-14T00:30:00+0200,166.169,EUR/MWh,DE,DE,imbalance_price,Short,2026-09-16T08:18:27Z
2026-09-16T08:15:06Z,2026-09-16T10:15:06+0200,2f3d54eb-4233-4144-b05e-f166a3215a4a,2026-09-13T22:45:00Z,2026-09-14T00:45:00+0200,158.281,EUR/MWh,DE,DE,imbalance_price,Long,2026-09-16T08:18:27Z
2026-09-16T08:15:06Z,2026-09-16T10:15:06+0200,2f3d54eb-4233-4144-b05e-f166a3215a4a,2026-09-13T22:45:00Z,2026-09-14T00:45:00+0200,158.281,EUR/MWh,DE,DE,imbalance_price,Short,2026-09-16T08:18:27Z
2026-09-16T08:15:06Z,2026-09-16T10:15:06+0200,2f3d54eb-4233-4144-b05e-f166a3215a4a,2026-09-13T23:00:00Z,2026-09-14T01:00:00+0200,162.642,EUR/MWh,DE,DE,imbalance_price,Long,2026-09-16T08:18:27Z
2026-09-16T08:15:06Z,2026-09-16T10:15:06+0200,2f3d54eb-4233-4144-b05e-f166a3215a4a,2026-09-13T23:00:00Z,2026-09-14T01:00:00+0200,162.642,EUR/MWh,DE,DE,imbalance_price,Short,2026-09-16T08:18:27Z
2026-09-16T08:15:06Z,2026-09-16T10:15:06+0200,2f3d54eb-4233-4144-b05e-f166a3215a4a,2026-09-13T23:15:00Z,2026-09-14T01:15:00+0200,164.409,EUR/MWh,DE,DE,imbalance_price,Long,2026-09-16T08:18:27Z
2026-09-16T08:15:06Z,2026-09-16T10:15:06+0200,2f3d54eb-4233-4144-b05e-f166a3215a4a,2026-09-13T23:15:00Z,2026-09-14T01:15:00+0200,164.409,EUR/MWh,DE,DE,imbalance_price,Short,2026-09-16T08:18:27Z
2026-09-16T08:15:06Z,2026-09-16T10:15:06+0200,2f3d54eb-4233-4144-b05e-f166a3215a4a,2026-09-13T23:30:00Z,2026-09-14T01:30:00+0200,155.073,EUR/MWh,DE,DE,imbalance_price,Long,2026-09-16T08:18:27Z
2026-09-16T08:15:06Z,2026-09-16T10:15:06+0200,2f3d54eb-4233-4144-b05e-f166a3215a4a,2026-09-13T23:30:00Z,2026-09-14T01:30:00+0200,155.073,EUR/MWh,DE,DE,imbalance_price,Short,2026-09-16T08:18:27Z
2026-09-16T08:15:06Z,2026-09-16T10:15:06+0200,2f3d54eb-4233-4144-b05e-f166a3215a4a,2026-09-13T23:45:00Z,2026-09-14T01:45:00+0200,145.837,EUR/MWh,DE,DE,imbalance_price,Long,2026-09-16T08:18:27Z
2026-09-16T08:15:06Z,2026-09-16T10:15:06+0200,2f3d54eb-4233-4144-b05e-f166a3215a4a,2026-09-13T23:45:00Z,2026-09-14T01:45:00+0200,145.837,EUR/MWh,DE,DE,imbalance_price,Short,2026-09-16T08:18:27Z
2026-09-16T08:15:06Z,2026-09-16T10:15:06+0200,2f3d54eb-4233-4144-b05e-f166a3215a4a,2026-09-14T00:00:00Z,2026-09-14T02:00:00+0200,143.775,EUR/MWh,DE,DE,imbalance_price,Long,2026-09-16T08:18:27Z
2026-09-16T08:15:06Z,2026-09-16T10:15:06+0200,2f3d54eb-4233-4144-b05e-f166a3215a4a,2026-09-14T00:00:00Z,2026-09-14T02:00:00+0200,143.775,EUR/MWh,DE,DE,imbalance_price,Short,2026-09-16T08:18:27Z
2026-09-16T08:15:06Z,2026-09-16T10:15:06+0200,2f3d54eb-4233-4144-b05e-f166a3215a4a,2026-09-14T00:15:00Z,2026-09-14T02:15:00+0200,206.205,EUR/MWh,DE,DE,imbalance_price,Long,2026-09-16T08:18:27Z
2026-09-16T08:15:06Z,2026-09-16T10:15:06+0200,2f3d54eb-4233-4144-b05e-f166a3215a4a,2026-09-14T00:15:00Z,2026-09-14T02:15:00+0200,206.205,EUR/MWh,DE,DE,imbalance_price,Short,2026-09-16T08:18:27Z
2026-09-16T08:15:06Z,2026-09-16T10:15:06+0200,2f3d54eb-4233-4144-b05e-f166a3215a4a,2026-09-14T00:30:00Z,2026-09-14T02:30:00+0200,185.607,EUR/MWh,DE,DE,imbalance_price,Long,2026-09-16T08:18:27Z
2026-09-16T08:15:06Z,2026-09-16T10:15:06+0200,2f3d54eb-4233-4144-b05e-f166a3215a4a,2026-09-14T00:30:00Z,2026-09-14T02:30:00+0200,185.607,EUR/MWh,DE,DE,imbalance_price,Short,2026-09-16T08:18:27Z
2026-09-16T08:15:06Z,2026-09-16T10:15:06+0200,2f3d54eb-4233-4144-b05e-f166a3215a4a,2026-09-14T00:45:00Z,2026-09-14T02:45:00+0200,149.021,EUR/MWh,DE,DE,imbalance_price,Long,2026-09-16T08:18:27Z
2026-09-16T08:15:06Z,2026-09-16T10:15:06+0200,2f3d54eb-4233-4144-b05e-f166a3215a4a,2026-09-14T00:45:00Z,2026-09-14T02:45:00+0200,149.021,EUR/MWh,DE,DE,imbalance_price,Short,2026-09-16T08:18:27Z
2026-09-16T08:15:06Z,2026-09-16T10:15:06+0200,2f3d54eb-4233-4144-b05e-f166a3215a4a,2026-09-14T01:00:00Z,2026-09-14T03:00:00+0200,210.439,EUR/MWh,DE,DE,imbalance_price,Long,2026-09-16T08:18:27Z
2026-09-16T08:15:06Z,2026-09-16T10:15:06+0200,2f3d54eb-4233-4144-b05e-f166a3215a4a,2026-09-14T01:00:00Z,2026-09-14T03:00:00+0200,210.439,EUR/MWh,DE,DE,imbalance_price,Short,2026-09-16T08:18:27Z
2026-09-16T08:15:06Z,2026-09-16T10:15:06+0200,2f3d54eb-4233-4144-b05e-f166a3215a4a,2026-09-14T01:15:00Z,2026-09-14T03:15:00+0200,180.194,EUR/MWh,DE,DE,imbalance_price,Long,2026-09-16T08:18:27Z
2026-09-16T08:15:06Z,2026-09-16T10:15:06+0200,2f3d54eb-4233-4144-b05e-f166a3215a4a,2026-09-14T01:15:00Z,2026-09-14T03:15:00+0200,180.194,EUR/MWh,DE,DE,imbalance_price,Short,2026-09-16T08:18:27Z
2026-09-16T08:15:06Z,2026-09-16T10:15:06+0200,2f3d54eb-4233-4144-b05e-f166a3215a4a,2026-09-14T01:30:00Z,2026-09-14T03:30:00+0200,185.462,EUR/MWh,DE,DE,imbalance_price,Long,2026-09-16T08:18:27Z
2026-09-16T08:15:06Z,2026-09-16T10:15:06+0200,2f3d54eb-4233-4144-b05e-f166a3215a4a,2026-09-14T01:30:00Z,2026-09-14T03:30:00+0200,185.462,EUR/MWh,DE,DE,imbalance_price,Short,2026-09-16T08:18:27Z
2026-09-16T08:15:06Z,2026-09-16T10:15:06+0200,2f3d54eb-4233-4144-b05e-f166a3215a4a,2026-09-14T01:45:00Z,2026-09-14T03:45:00+0200,186.813,EUR/MWh,DE,DE,imbalance_price,Long,2026-09-16T08:18:27Z
2026-09-16T08:15:06Z,2026-09-16T10:15:06+0200,2f3d54eb-4233-4144-b05e-f166a3215a4a,2026-09-14T01:45:00Z,2026-09-14T03:45:00+0200,186.813,EUR/MWh,DE,DE,imbalance_price,Short,2026-09-16T08:18:27Z
2026-09-16T08:15:06Z,2026-09-16T10:15:06+0200,2f3d54eb-4233-4144-b05e-f166a3215a4a,2026-09-14T02:00:00Z,2026-09-14T04:00:00+0200,166.328,EUR/MWh,DE,DE,imbalance_price,Long,2026-09-16T08:18:27Z
2026-09-16T08:15:06Z,2026-09-16T10:15:06+0200,2f3d54eb-4233-4144-b05e-f166a3215a4a,2026-09-14T02:00:00Z,2026-09-14T04:00:00+0200,166.328,EUR/MWh,DE,DE,imbalance_price,Short,2026-09-16T08:18:27Z
2026-09-16T08:15:06Z,2026-09-16T10:15:06+0200,2f3d54eb-4233-4144-b05e-f166a3215a4a,2026-09-14T02:15:00Z,2026-09-14T04:15:00+0200,157.061,EUR/MWh,DE,DE,imbalance_price,Long,2026-09-16T08:18:27Z
2026-09-16T08:15:06Z,2026-09-16T10:15:06+0200,2f3d54eb-4233-4144-b05e-f166a3215a4a,2026-09-14T02:15:00Z,2026-09-14T04:15:00+0200,157.061,EUR/MWh,DE,DE,imbalance_price,Short,2026-09-16T08:18:27Z
2026-09-16T08:15:06Z,2026-09-16T10:15:06+0200,2f3d54eb-4233-4144-b05e-f166a3215a4a,2026-09-14T02:30:00Z,2026-09-14T04:30:00+0200,164.052,EUR/MWh,DE,DE,imbalance_price,Long,2026-09-16T08:18:27Z
2026-09-16T08:15:06Z,2026-09-16T10:15:06+0200,2f3d54eb-4233-4144-b05e-f166a3215a4a,2026-09-14T02:30:00Z,2026-09-14T04:30:00+0200,164.052,EUR/MWh,DE,DE,imbalance_price,Short,2026-09-16T08:18:27Z
2026-09-16T08:15:06Z,2026-09-16T10:15:06+0200,2f3d54eb-4233-4144-b05e-f166a3215a4a,2026-09-14T02:45:00Z,2026-09-14T04:45:00+0200,166.039,EUR/MWh,DE,DE,imbalance_price,Long,2026-09-16T08:18:27Z
2026-09-16T08:15:06Z,2026-09-16T10:15:06+0200,2f3d54eb-4233-4144-b05e-f166a3215a4a,2026-09-14T02:45:00Z,2026-09-14T04:45:00+0200,166.039,EUR/MWh,DE,DE,imbalance_price,Short,2026-09-16T08:18:27Z
2026-09-16T08:15:06Z,2026-09-16T10:15:06+0200,2f3d54eb-4233-4144-b05e-f166a3215a4a,2026-09-14T03:00:00Z,2026-09-14T05:00:00+0200,156.594,EUR/MWh,DE,DE,imbalance_price,Long,2026-09-16T08:18:27Z
2026-09-16T08:15:06Z,2026-09-16T10:15:06+0200,2f3d54eb-4233-4144-b05e-f166a3215a4a,2026-09-14T03:00:00Z,2026-09-14T05:00:00+0200,156.594,EUR/MWh,DE,DE,imbalance_price,Short,2026-09-16T08:18:27Z
2026-09-16T08:15:06Z,2026-09-16T10:15:06+0200,2f3d54eb-4233-4144-b05e-f166a3215a4a,2026-09-14T03:15:00Z,2026-09-14T05:15:00+0200,201.364,EUR/MWh,DE,DE,imbalance_price,Long,2026-09-16T08:18:27Z
2026-09-16T08:15:06Z,2026-09-16T10:15:06+0200,2f3d54eb-4233-4144-b05e-f166a3215a4a,2026-09-14T03:15:00Z,2026-09-14T05:15:00+0200,201.364,EUR/MWh,DE,DE,imbalance_price,Short,2026-09-16T08:18:27Z
2026-09-16T08:15:06Z,2026-09-16T10:15:06+0200,2f3d54eb-4233-4144-b05e-f166a3215a4a,2026-09-14T03:30:00Z,2026-09-14T05:30:00+0200,231.678,EUR/MWh,DE,DE,imbalance_price,Long,2026-09-16T08:18:27Z
2026-09-16T08:15:06Z,2026-09-16T10:15:06+0200,2f3d54eb-4233-4144-b05e-f166a3215a4a,2026-09-14T03:30:00Z,2026-09-14T05:30:00+0200,231.678,EUR/MWh,DE,DE,imbalance_price,Short,2026-09-16T08:18:27Z
2026-09-16T08:15:06Z,2026-09-16T10:15:06+0200,2f3d54eb-4233-4144-b05e-f166a3215a4a,2026-09-14T03:45:00Z,2026-09-14T05:45:00+0200,257.938,EUR/MWh,DE,DE,imbalance_price,Long,2026-09-16T08:18:27Z
2026-09-16T08:15:06Z,2026-09-16T10:15:06+0200,2f3d54eb-4233-4144-b05e-f166a3215a4a,2026-09-14T03:45:00Z,2026-09-14T05:45:00+0200,257.938,EUR/MWh,DE,DE,imbalance_price,Short,2026-09-16T08:18:27Z
2026-09-16T08:15:06Z,2026-09-16T10:15:06+0200,2f3d54eb-4233-4144-b05e-f166a3215a4a,2026-09-14T04:00:00Z,2026-09-14T06:00:00+0200,292.681,EUR/MWh,DE,DE,imbalance_price,Long,2026-09-16T08:18:27Z
2026-09-16T08:15:06Z,2026-09-16T10:15:06+0200,2f3d54eb-4233-4144-b05e-f166a3215a4a,2026-09-14T04:00:00Z,2026-09-14T06:00:00+0200,292.681,EUR/MWh,DE,DE,imbalance_price,Short,2026-09-16T08:18:27Z
2026-09-16T08:15:06Z,2026-09-16T10:15:06+0200,2f3d54eb-4233-4144-b05e-f166a3215a4a,2026-09-14T04:15:00Z,2026-09-14T06:15:00+0200,219.1,EUR/MWh,DE,DE,imbalance_price,Long,2026-09-16T08:18:27Z
2026-09-16T08:15:06Z,2026-09-16T10:15:06+0200,2f3d54eb-4233-4144-b05e-f166a3215a4a,2026-09-14T04:15:00Z,2026-09-14T06:15:00+0200,219.1,EUR/MWh,DE,DE,imbalance_price,Short,2026-09-16T08:18:27Z
2026-09-16T08:15:06Z,2026-09-16T10:15:06+0200,2f3d54eb-4233-4144-b05e-f166a3215a4a,2026-09-14T04:30:00Z,2026-09-14T06:30:00+0200,292.163,EUR/MWh,DE,DE,imbalance_price,Long,2026-09-16T08:18:27Z
2026-09-16T08:15:06Z,2026-09-16T10:15:06+0200,2f3d54eb-4233-4144-b05e-f166a3215a4a,2026-09-14T04:30:00Z,2026-09-14T06:30:00+0200,292.163,EUR/MWh,DE,DE,imbalance_price,Short,2026-09-16T08:18:27Z
2026-09-16T08:15:06Z,2026-09-16T10:15:06+0200,2f3d54eb-4233-4144-b05e-f166a3215a4a,2026-09-14T04:45:00Z,2026-09-14T06:45:00+0200,251.444,EUR/MWh,DE,DE,imbalance_price,Long,2026-09-16T08:18:27Z
2026-09-16T08:15:06Z,2026-09-16T10:15:06+0200,2f3d54eb-4233-4144-b05e-f166a3215a4a,2026-09-14T04:45:00Z,2026-09-14T06:45:00+0200,251.444,EUR/MWh,DE,DE,imbalance_price,Short,2026-09-16T08:18:27Z
2026-09-16T08:15:06Z,2026-09-16T10:15:06+0200,2f3d54eb-4233-4144-b05e-f166a3215a4a,2026-09-14T05:00:00Z,2026-09-14T07:00:00+0200,338.387,EUR/MWh,DE,DE,imbalance_price,Long,2026-09-16T08:18:27Z
2026-09-16T08:15:06Z,2026-09-16T10:15:06+0200,2f3d54eb-4233-4144-b05e-f166a3215a4a,2026-09-14T05:00:00Z,2026-09-14T07:00:00+0200,338.387,EUR/MWh,DE,DE,imbalance_price,Short,2026-09-16T08:18:27Z
2026-09-16T08:15:06Z,2026-09-16T10:15:06+0200,2f3d54eb-4233-4144-b05e-f166a3215a4a,2026-09-14T05:15:00Z,2026-09-14T07:15:00+0200,383.325,EUR/MWh,DE,DE,imbalance_price,Long,2026-09-16T08:18:27Z
2026-09-16T08:15:06Z,2026-09-16T10:15:06+0200,2f3d54eb-4233-4144-b05e-f166a3215a4a,2026-09-14T05:15:00Z,2026-09-14T07:15:00+0200,383.325,EUR/MWh,DE,DE,imbalance_price,Short,2026-09-16T08:18:27Z
2026-09-16T08:15:06Z,2026-09-16T10:15:06+0200,2f3d54eb-4233-4144-b05e-f166a3215a4a,2026-09-14T05:30:00Z,2026-09-14T07:30:00+0200,362.097,EUR/MWh,DE,DE,imbalance_price,Long,2026-09-16T08:18:27Z
2026-09-16T08:15:06Z,2026-09-16T10:15:06+0200,2f3d54eb-4233-4144-b05e-f166a3215a4a,2026-09-14T05:30:00Z,2026-09-14T07:30:00+0200,362.097,EUR/MWh,DE,DE,imbalance_price,Short,2026-09-16T08:18:27Z
2026-09-16T08:15:06Z,2026-09-16T10:15:06+0200,2f3d54eb-4233-4144-b05e-f166a3215a4a,2026-09-14T05:45:00Z,2026-09-14T07:45:00+0200,353.213,EUR/MWh,DE,DE,imbalance_price,Long,2026-09-16T08:18:27Z
2026-09-16T08:15:06Z,2026-09-16T10:15:06+0200,2f3d54eb-4233-4144-b05e-f166a3215a4a,2026-09-14T05:45:00Z,2026-09-14T07:45:00+0200,353.213,EUR/MWh,DE,DE,imbalance_price,Short,2026-09-16T08:18:27Z
2026-09-16T08:15:06Z,2026-09-16T10:15:06+0200,2f3d54eb-4233-4144-b05e-f166a3215a4a,2026-09-14T06:00:00Z,2026-09-14T08:00:00+0200,193.628,EUR/MWh,DE,DE,imbalance_price,Long,2026-09-16T08:18:27Z
2026-09-16T08:15:06Z,2026-09-16T10:15:06+0200,2f3d54eb-4233-4144-b05e-f166a3215a4a,2026-09-14T06:00:00Z,2026-09-14T08:00:00+0200,193.628,EUR/MWh,DE,DE,imbalance_price,Short,2026-09-16T08:18:27Z
2026-09-16T08:15:06Z,2026-09-16T10:15:06+0200,2f3d54eb-4233-4144-b05e-f166a3215a4a,2026-09-14T06:15:00Z,2026-09-14T08:15:00+0200,210.179,EUR/MWh,DE,DE,imbalance_price,Long,2026-09-16T08:18:27Z
2026-09-16T08:15:06Z,2026-09-16T10:15:06+0200,2f3d54eb-4233-4144-b05e-f166a3215a4a,2026-09-14T06:15:00Z,2026-09-14T08:15:00+0200,210.179,EUR/MWh,DE,DE,imbalance_price,Short,2026-09-16T08:18:27Z
2026-09-16T08:15:06Z,2026-09-16T10:15:06+0200,2f3d54eb-4233-4144-b05e-f166a3215a4a,2026-09-14T06:30:00Z,2026-09-14T08:30:00+0200,197.087,EUR/MWh,DE,DE,imbalance_price,Long,2026-09-16T08:18:27Z
2026-09-16T08:15:06Z,2026-09-16T10:15:06+0200,2f3d54eb-4233-4144-b05e-f166a3215a4a,2026-09-14T06:30:00Z,2026-09-14T08:30:00+0200,197.087,EUR/MWh,DE,DE,imbalance_price,Short,2026-09-16T08:18:27Z
2026-09-16T08:15:06Z,2026-09-16T10:15:06+0200,2f3d54eb-4233-4144-b05e-f166a3215a4a,2026-09-14T06:45:00Z,2026-09-14T08:45:00+0200,192.236,EUR/MWh,DE,DE,imbalance_price,Long,2026-09-16T08:18:27Z
2026-09-16T08:15:06Z,2026-09-16T10:15:06+0200,2f3d54eb-4233-4144-b05e-f166a3215a4a,2026-09-14T06:45:00Z,2026-09-14T08:45:00+0200,192.236,EUR/MWh,DE,DE,imbalance_price,Short,2026-09-16T08:18:27Z
2026-09-16T08:15:06Z,2026-09-16T10:15:06+0200,2f3d54eb-4233-4144-b05e-f166a3215a4a,2026-09-14T07:00:00Z,2026-09-14T09:00:00+0200,250.615,EUR/MWh,DE,DE,imbalance_price,Long,2026-09-16T08:18:27Z
2026-09-16T08:15:06Z,2026-09-16T10:15:06+0200,2f3d54eb-4233-4144-b05e-f166a3215a4a,2026-09-14T07:00:00Z,2026-09-14T09:00:00+0200,250.615,EUR/MWh,DE,DE,imbalance_price,Short,2026-09-16T08:18:27Z
2026-09-16T08:15:06Z,2026-09-16T10:15:06+0200,2f3d54eb-4233-4144-b05e-f166a3215a4a,2026-09-14T07:15:00Z,2026-09-14T09:15:00+0200,179.493,EUR/MWh,DE,DE,imbalance_price,Long,2026-09-16T08:18:27Z
2026-09-16T08:15:06Z,2026-09-16T10:15:06+0200,2f3d54eb-4233-4144-b05e-f166a3215a4a,2026-09-14T07:15:00Z,2026-09-14T09:15:00+0200,179.493,EUR/MWh,DE,DE,imbalance_price,Short,2026-09-16T08:18:27Z
2026-09-16T08:15:06Z,2026-09-16T10:15:06+0200,2f3d54eb-4233-4144-b05e-f166a3215a4a,2026-09-14T07:30:00Z,2026-09-14T09:30:00+0200,130.009,EUR/MWh,DE,DE,imbalance_price,Long,2026-09-16T08:18:27Z
2026-09-16T08:15:06Z,2026-09-16T10:15:06+0200,2f3d54eb-4233-4144-b05e-f166a3215a4a,2026-09-14T07:30:00Z,2026-09-14T09:30:00+0200,130.009,EUR/MWh,DE,DE,imbalance_price,Short,2026-09-16T08:18:27Z
2026-09-16T08:15:06Z,2026-09-16T10:15:06+0200,2f3d54eb-4233-4144-b05e-f166a3215a4a,2026-09-14T07:45:00Z,2026-09-14T09:45:00+0200,120.57,EUR/MWh,DE,DE,imbalance_price,Long,2026-09-16T08:18:27Z
2026-09-16T08:15:06Z,2026-09-16T10:15:06+0200,2f3d54eb-4233-4144-b05e-f166a3215a4a,2026-09-14T07:45:00Z,2026-09-14T09:45:00+0200,120.57,EUR/MWh,DE,DE,imbalance_price,Short,2026-09-16T08:18:27Z
2026-09-16T08:15:06Z,2026-09-16T10:15:06+0200,2f3d54eb-4233-4144-b05e-f166a3215a4a,2026-09-14T08:00:00Z,2026-09-14T10:00:00+0200,201.83,EUR/MWh,DE,DE,imbalance_price,Long,2026-09-16T08:18:27Z
2026-09-16T08:15:06Z,2026-09-16T10:15:06+0200,2f3d54eb-4233-4144-b05e-f166a3215a4a,2026-09-14T08:00:00Z,2026-09-14T10:00:00+0200,201.83,EUR/MWh,DE,DE,imbalance_price,Short,2026-09-16T08:18:27Z
2026-09-16T08:15:06Z,2026-09-16T10:15:06+0200,2f3d54eb-4233-4144-b05e-f166a3215a4a,2026-09-14T08:15:00Z,2026-09-14T10:15:00+0200,159.506,EUR/MWh,DE,DE,imbalance_price,Long,2026-09-16T08:18:27Z
2026-09-16T08:15:06Z,2026-09-16T10:15:06+0200,2f3d54eb-4233-4144-b05e-f166a3215a4a,2026-09-14T08:15:00Z,2026-09-14T10:15:00+0200,159.506,EUR/MWh,DE,DE,imbalance_price,Short,2026-09-16T08:18:27Z
2026-09-16T08:15:06Z,2026-09-16T10:15:06+0200,2f3d54eb-4233-4144-b05e-f166a3215a4a,2026-09-14T08:30:00Z,2026-09-14T10:30:00+0200,135.715,EUR/MWh,DE,DE,imbalance_price,Long,2026-09-16T08:18:27Z
2026-09-16T08:15:06Z,2026-09-16T10:15:06+0200,2f3d54eb-4233-4144-b05e-f166a3215a4a,2026-09-14T08:30:00Z,2026-09-14T10:30:00+0200,135.715,EUR/MWh,DE,DE,imbalance_price,Short,2026-09-16T08:18:27Z
2026-09-16T08:15:06Z,2026-09-16T10:15:06+0200,2f3d54eb-4233-4144-b05e-f166a3215a4a,2026-09-14T08:45:00Z,2026-09-14T10:45:00+0200,138.316,EUR/MWh,DE,DE,imbalance_price,Long,2026-09-16T08:18:27Z
2026-09-16T08:15:06Z,2026-09-16T10:15:06+0200,2f3d54eb-4233-4144-b05e-f166a3215a4a,2026-09-14T08:45:00Z,2026-09-14T10:45:00+0200,138.316,EUR/MWh,DE,DE,imbalance_price,Short,2026-09-16T08:18:27Z
2026-09-16T08:15:06Z,2026-09-16T10:15:06+0200,2f3d54eb-4233-4144-b05e-f166a3215a4a,2026-09-14T09:00:00Z,2026-09-14T11:00:00+0200,187.245,EUR/MWh,DE,DE,imbalance_price,Long,2026-09-16T08:18:27Z
2026-09-16T08:15:06Z,2026-09-16T10:15:06+0200,2f3d54eb-4233-4144-b05e-f166a3215a4a,2026-09-14T09:00:00Z,2026-09-14T11:00:00+0200,187.245,EUR/MWh,DE,DE,imbalance_price,Short,2026-09-16T08:18:27Z
2026-09-16T08:15:06Z,2026-09-16T10:15:06+0200,2f3d54eb-4233-4144-b05e-f166a3215a4a,2026-09-14T09:15:00Z,2026-09-14T11:15:00+0200,217.49,EUR/MWh,DE,DE,imbalance_price,Long,2026-09-16T08:18:27Z
2026-09-16T08:15:06Z,2026-09-16T10:15:06+0200,2f3d54eb-4233-4144-b05e-f166a3215a4a,2026-09-14T09:15:00Z,2026-09-14T11:15:00+0200,217.49,EUR/MWh,DE,DE,imbalance_price,Short,2026-09-16T08:18:27Z
2026-09-16T08:15:06Z,2026-09-16T10:15:06+0200,2f3d54eb-4233-4144-b05e-f166a3215a4a,2026-09-14T09:30:00Z,2026-09-14T11:30:00+0200,202.013,EUR/MWh,DE,DE,imbalance_price,Long,2026-09-16T08:18:27Z
2026-09-16T08:15:06Z,2026-09-16T10:15:06+0200,2f3d54eb-4233-4144-b05e-f166a3215a4a,2026-09-14T09:30:00Z,2026-09-14T11:30:00+0200,202.013,EUR/MWh,DE,DE,imbalance_price,Short,2026-09-16T08:18:27Z
2026-09-16T08:15:06Z,2026-09-16T10:15:06+0200,2f3d54eb-4233-4144-b05e-f166a3215a4a,2026-09-14T09:45:00Z,2026-09-14T11:45:00+0200,213.988,EUR/MWh,DE,DE,imbalance_price,Long,2026-09-16T08:18:27Z
2026-09-16T08:15:06Z,2026-09-16T10:15:06+0200,2f3d54eb-4233-4144-b05e-f166a3215a4a,2026-09-14T09:45:00Z,2026-09-14T11:45:00+0200,213.988,EUR/MWh,DE,DE,imbalance_price,Short,2026-09-16T08:18:27Z
2026-09-16T08:15:06Z,2026-09-16T10:15:06+0200,2f3d54eb-4233-4144-b05e-f166a3215a4a,2026-09-14T10:00:00Z,2026-09-14T12:00:00+0200,230.963,EUR/MWh,DE,DE,imbalance_price,Long,2026-09-16T08:18:27Z
2026-09-16T08:15:06Z,2026-09-16T10:15:06+0200,2f3d54eb-4233-4144-b05e-f166a3215a4a,2026-09-14T10:00:00Z,2026-09-14T12:00:00+0200,230.963,EUR/MWh,DE,DE,imbalance_price,Short,2026-09-16T08:18:27Z
2026-09-16T08:15:06Z,2026-09-16T10:15:06+0200,2f3d54eb-4233-4144-b05e-f166a3215a4a,2026-09-14T10:15:00Z,2026-09-14T12:15:00+0200,180.127,EUR/MWh,DE,DE,imbalance_price,Long,2026-09-16T08:18:27Z
2026-09-16T08:15:06Z,2026-09-16T10:15:06+0200,2f3d54eb-4233-4144-b05e-f166a3215a4a,2026-09-14T10:15:00Z,2026-09-14T12:15:00+0200,180.127,EUR/MWh,DE,DE,imbalance_price,Short,2026-09-16T08:18:27Z
2026-09-16T08:15:06Z,2026-09-16T10:15:06+0200,2f3d54eb-4233-4144-b05e-f166a3215a4a,2026-09-14T10:30:00Z,2026-09-14T12:30:00+0200,146.999,EUR/MWh,DE,DE,imbalance_price,Long,2026-09-16T08:18:27Z
2026-09-16T08:15:06Z,2026-09-16T10:15:06+0200,2f3d54eb-4233-4144-b05e-f166a3215a4a,2026-09-14T10:30:00Z,2026-09-14T12:30:00+0200,146.999,EUR/MWh,DE,DE,imbalance_price,Short,2026-09-16T08:18:27Z
2026-09-16T08:15:06Z,2026-09-16T10:15:06+0200,2f3d54eb-4233-4144-b05e-f166a3215a4a,2026-09-14T10:45:00Z,2026-09-14T12:45:00+0200,175.861,EUR/MWh,DE,DE,imbalance_price,Long,2026-09-16T08:18:27Z
2026-09-16T08:15:06Z,2026-09-16T10:15:06+0200,2f3d54eb-4233-4144-b05e-f166a3215a4a,2026-09-14T10:45:00Z,2026-09-14T12:45:00+0200,175.861,EUR/MWh,DE,DE,imbalance_price,Short,2026-09-16T08:18:27Z
2026-09-16T08:15:06Z,2026-09-16T10:15:06+0200,2f3d54eb-4233-4144-b05e-f166a3215a4a,2026-09-14T11:00:00Z,2026-09-14T13:00:00+0200,212.875,EUR/MWh,DE,DE,imbalance_price,Long,2026-09-16T08:18:27Z
2026-09-16T08:15:06Z,2026-09-16T10:15:06+0200,2f3d54eb-4233-4144-b05e-f166a3215a4a,2026-09-14T11:00:00Z,2026-09-14T13:00:00+0200,212.875,EUR/MWh,DE,DE,imbalance_price,Short,2026-09-16T08:18:27Z
2026-09-16T08:15:06Z,2026-09-16T10:15:06+0200,2f3d54eb-4233-4144-b05e-f166a3215a4a,2026-09-14T11:15:00Z,2026-09-14T13:15:00+0200,210.039,EUR/MWh,DE,DE,imbalance_price,Long,2026-09-16T08:18:27Z
2026-09-16T08:15:06Z,2026-09-16T10:15:06+0200,2f3d54eb-4233-4144-b05e-f166a3215a4a,2026-09-14T11:15:00Z,2026-09-14T13:15:00+0200,210.039,EUR/MWh,DE,DE,imbalance_price,Short,2026-09-16T08:18:27Z
2026-09-16T08:15:06Z,2026-09-16T10:15:06+0200,2f3d54eb-4233-4144-b05e-f166a3215a4a,2026-09-14T11:30:00Z,2026-09-14T13:30:00+0200,162.078,EUR/MWh,DE,DE,imbalance_price,Long,2026-09-16T08:18:27Z
2026-09-16T08:15:06Z,2026-09-16T10:15:06+0200,2f3d54eb-4233-4144-b05e-f166a3215a4a,2026-09-14T11:30:00Z,2026-09-14T13:30:00+0200,162.078,EUR/MWh,DE,DE,imbalance_price,Short,2026-09-16T08:18:27Z
2026-09-16T08:15:06Z,2026-09-16T10:15:06+0200,2f3d54eb-4233-4144-b05e-f166a3215a4a,2026-09-14T11:45:00Z,2026-09-14T13:45:00+0200,157.797,EUR/MWh,DE,DE,imbalance_price,Long,2026-09-16T08:18:27Z
2026-09-16T08:15:06Z,2026-09-16T10:15:06+0200,2f3d54eb-4233-4144-b05e-f166a3215a4a,2026-09-14T11:45:00Z,2026-09-14T13:45:00+0200,157.797,EUR/MWh,DE,DE,imbalance_price,Short,2026-09-16T08:18:27Z
2026-09-16T08:15:06Z,2026-09-16T10:15:06+0200,2f3d54eb-4233-4144-b05e-f166a3215a4a,2026-09-14T12:00:00Z,2026-09-14T14:00:00+0200,164.008,EUR/MWh,DE,DE,imbalance_price,Long,2026-09-16T08:18:27Z
2026-09-16T08:15:06Z,2026-09-16T10:15:06+0200,2f3d54eb-4233-4144-b05e-f166a3215a4a,2026-09-14T12:00:00Z,2026-09-14T14:00:00+0200,164.008,EUR/MWh,DE,DE,imbalance_price,Short,2026-09-16T08:18:27Z
2026-09-16T08:15:06Z,2026-09-16T10:15:06+0200,2f3d54eb-4233-4144-b05e-f166a3215a4a,2026-09-14T12:15:00Z,2026-09-14T14:15:00+0200,150.136,EUR/MWh,DE,DE,imbalance_price,Long,2026-09-16T08:18:27Z
2026-09-16T08:15:06Z,2026-09-16T10:15:06+0200,2f3d54eb-4233-4144-b05e-f166a3215a4a,2026-09-14T12:15:00Z,2026-09-14T14:15:00+0200,150.136,EUR/MWh,DE,DE,imbalance_price,Short,2026-09-16T08:18:27Z
2026-09-16T08:15:06Z,2026-09-16T10:15:06+0200,2f3d54eb-4233-4144-b05e-f166a3215a4a,2026-09-14T12:30:00Z,2026-09-14T14:30:00+0200,135.512,EUR/MWh,DE,DE,imbalance_price,Long,2026-09-16T08:18:27Z
2026-09-16T08:15:06Z,2026-09-16T10:15:06+0200,2f3d54eb-4233-4144-b05e-f166a3215a4a,2026-09-14T12:30:00Z,2026-09-14T14:30:00+0200,135.512,EUR/MWh,DE,DE,imbalance_price,Short,2026-09-16T08:18:27Z
2026-09-16T08:15:06Z,2026-09-16T10:15:06+0200,2f3d54eb-4233-4144-b05e-f166a3215a4a,2026-09-14T12:45:00Z,2026-09-14T14:45:00+0200,107.782,EUR/MWh,DE,DE,imbalance_price,Long,2026-09-16T08:18:27Z
2026-09-16T08:15:06Z,2026-09-16T10:15:06+0200,2f3d54eb-4233-4144-b05e-f166a3215a4a,2026-09-14T12:45:00Z,2026-09-14T14:45:00+0200,107.782,EUR/MWh,DE,DE,imbalance_price,Short,2026-09-16T08:18:27Z
2026-09-16T08:15:06Z,2026-09-16T10:15:06+0200,2f3d54eb-4233-4144-b05e-f166a3215a4a,2026-09-14T13:00:00Z,2026-09-14T15:00:00+0200,86.397,EUR/MWh,DE,DE,imbalance_price,Long,2026-09-16T08:18:27Z
2026-09-16T08:15:06Z,2026-09-16T10:15:06+0200,2f3d54eb-4233-4144-b05e-f166a3215a4a,2026-09-14T13:00:00Z,2026-09-14T15:00:00+0200,86.397,EUR/MWh,DE,DE,imbalance_price,Short,2026-09-16T08:18:27Z
2026-09-16T08:15:06Z,2026-09-16T10:15:06+0200,2f3d54eb-4233-4144-b05e-f166a3215a4a,2026-09-14T13:15:00Z,2026-09-14T15:15:00+0200,103.777,EUR/MWh,DE,DE,imbalance_price,Long,2026-09-16T08:18:27Z
2026-09-16T08:15:06Z,2026-09-16T10:15:06+0200,2f3d54eb-4233-4144-b05e-f166a3215a4a,2026-09-14T13:15:00Z,2026-09-14T15:15:00+0200,103.777,EUR/MWh,DE,DE,imbalance_price,Short,2026-09-16T08:18:27Z
2026-09-16T08:15:06Z,2026-09-16T10:15:06+0200,2f3d54eb-4233-4144-b05e-f166a3215a4a,2026-09-14T13:30:00Z,2026-09-14T15:30:00+0200,84.705,EUR/MWh,DE,DE,imbalance_price,Long,2026-09-16T08:18:27Z
2026-09-16T08:15:06Z,2026-09-16T10:15:06+0200,2f3d54eb-4233-4144-b05e-f166a3215a4a,2026-09-14T13:30:00Z,2026-09-14T15:30:00+0200,84.705,EUR/MWh,DE,DE,imbalance_price,Short,2026-09-16T08:18:27Z
2026-09-16T08:15:06Z,2026-09-16T10:15:06+0200,2f3d54eb-4233-4144-b05e-f166a3215a4a,2026-09-14T13:45:00Z,2026-09-14T15:45:00+0200,74.632,EUR/MWh,DE,DE,imbalance_price,Long,2026-09-16T08:18:27Z
2026-09-16T08:15:06Z,2026-09-16T10:15:06+0200,2f3d54eb-4233-4144-b05e-f166a3215a4a,2026-09-14T13:45:00Z,2026-09-14T15:45:00+0200,74.632,EUR/MWh,DE,DE,imbalance_price,Short,2026-09-16T08:18:27Z
2026-09-16T08:15:06Z,2026-09-16T10:15:06+0200,2f3d54eb-4233-4144-b05e-f166a3215a4a,2026-09-14T14:00:00Z,2026-09-14T16:00:00+0200,73.62,EUR/MWh,DE,DE,imbalance_price,Long,2026-09-16T08:18:27Z
2026-09-16T08:15:06Z,2026-09-16T10:15:06+0200,2f3d54eb-4233-4144-b05e-f166a3215a4a,2026-09-14T14:00:00Z,2026-09-14T16:00:00+0200,73.62,EUR/MWh,DE,DE,imbalance_price,Short,2026-09-16T08:18:27Z
2026-09-16T08:15:06Z,2026-09-16T10:15:06+0200,2f3d54eb-4233-4144-b05e-f166a3215a4a,2026-09-14T14:15:00Z,2026-09-14T16:15:00+0200,73.837,EUR/MWh,DE,DE,imbalance_price,Long,2026-09-16T08:18:27Z
2026-09-16T08:15:06Z,2026-09-16T10:15:06+0200,2f3d54eb-4233-4144-b05e-f166a3215a4a,2026-09-14T14:15:00Z,2026-09-14T16:15:00+0200,73.837,EUR/MWh,DE,DE,imbalance_price,Short,2026-09-16T08:18:27Z
2026-09-16T08:15:06Z,2026-09-16T10:15:06+0200,2f3d54eb-4233-4144-b05e-f166a3215a4a,2026-09-14T14:30:00Z,2026-09-14T16:30:00+0200,118.807,EUR/MWh,DE,DE,imbalance_price,Long,2026-09-16T08:18:27Z
2026-09-16T08:15:06Z,2026-09-16T10:15:06+0200,2f3d54eb-4233-4144-b05e-f166a3215a4a,2026-09-14T14:30:00Z,2026-09-14T16:30:00+0200,118.807,EUR/MWh,DE,DE,imbalance_price,Short,2026-09-16T08:18:27Z
2026-09-16T08:15:06Z,2026-09-16T10:15:06+0200,2f3d54eb-4233-4144-b05e-f166a3215a4a,2026-09-14T14:45:00Z,2026-09-14T16:45:00+0200,126.568,EUR/MWh,DE,DE,imbalance_price,Long,2026-09-16T08:18:27Z
2026-09-16T08:15:06Z,2026-09-16T10:15:06+0200,2f3d54eb-4233-4144-b05e-f166a3215a4a,2026-09-14T14:45:00Z,2026-09-14T16:45:00+0200,126.568,EUR/MWh,DE,DE,imbalance_price,Short,2026-09-16T08:18:27Z
2026-09-16T08:15:06Z,2026-09-16T10:15:06+0200,2f3d54eb-4233-4144-b05e-f166a3215a4a,2026-09-14T15:00:00Z,2026-09-14T17:00:00+0200,192.66,EUR/MWh,DE,DE,imbalance_price,Long,2026-09-16T08:18:27Z
2026-09-16T08:15:06Z,2026-09-16T10:15:06+0200,2f3d54eb-4233-4144-b05e-f166a3215a4a,2026-09-14T15:00:00Z,2026-09-14T17:00:00+0200,192.66,EUR/MWh,DE,DE,imbalance_price,Short,2026-09-16T08:18:27Z
2026-09-16T08:15:06Z,2026-09-16T10:15:06+0200,2f3d54eb-4233-4144-b05e-f166a3215a4a,2026-09-14T15:15:00Z,2026-09-14T17:15:00+0200,279.897,EUR/MWh,DE,DE,imbalance_price,Long,2026-09-16T08:18:27Z
2026-09-16T08:15:06Z,2026-09-16T10:15:06+0200,2f3d54eb-4233-4144-b05e-f166a3215a4a,2026-09-14T15:15:00Z,2026-09-14T17:15:00+0200,279.897,EUR/MWh,DE,DE,imbalance_price,Short,2026-09-16T08:18:27Z
2026-09-16T08:15:06Z,2026-09-16T10:15:06+0200,2f3d54eb-4233-4144-b05e-f166a3215a4a,2026-09-14T15:30:00Z,2026-09-14T17:30:00+0200,135.525,EUR/MWh,DE,DE,imbalance_price,Long,2026-09-16T08:18:27Z
2026-09-16T08:15:06Z,2026-09-16T10:15:06+0200,2f3d54eb-4233-4144-b05e-f166a3215a4a,2026-09-14T15:30:00Z,2026-09-14T17:30:00+0200,135.525,EUR/MWh,DE,DE,imbalance_price,Short,2026-09-16T08:18:27Z
2026-09-16T08:15:06Z,2026-09-16T10:15:06+0200,2f3d54eb-4233-4144-b05e-f166a3215a4a,2026-09-14T15:45:00Z,2026-09-14T17:45:00+0200,148.016,EUR/MWh,DE,DE,imbalance_price,Long,2026-09-16T08:18:27Z
2026-09-16T08:15:06Z,2026-09-16T10:15:06+0200,2f3d54eb-4233-4144-b05e-f166a3215a4a,2026-09-14T15:45:00Z,2026-09-14T17:45:00+0200,148.016,EUR/MWh,DE,DE,imbalance_price,Short,2026-09-16T08:18:27Z
2026-09-16T08:15:06Z,2026-09-16T10:15:06+0200,2f3d54eb-4233-4144-b05e-f166a3215a4a,2026-09-14T16:00:00Z,2026-09-14T18:00:00+0200,272.989,EUR/MWh,DE,DE,imbalance_price,Long,2026-09-16T08:18:27Z
2026-09-16T08:15:06Z,2026-09-16T10:15:06+0200,2f3d54eb-4233-4144-b05e-f166a3215a4a,2026-09-14T16:00:00Z,2026-09-14T18:00:00+0200,272.989,EUR/MWh,DE,DE,imbalance_price,Short,2026-09-16T08:18:27Z
2026-09-16T08:15:06Z,2026-09-16T10:15:06+0200,2f3d54eb-4233-4144-b05e-f166a3215a4a,2026-09-14T16:15:00Z,2026-09-14T18:15:00+0200,358.468,EUR/MWh,DE,DE,imbalance_price,Long,2026-09-16T08:18:27Z
2026-09-16T08:15:06Z,2026-09-16T10:15:06+0200,2f3d54eb-4233-4144-b05e-f166a3215a4a,2026-09-14T16:15:00Z,2026-09-14T18:15:00+0200,358.468,EUR/MWh,DE,DE,imbalance_price,Short,2026-09-16T08:18:27Z
2026-09-16T08:15:06Z,2026-09-16T10:15:06+0200,2f3d54eb-4233-4144-b05e-f166a3215a4a,2026-09-14T16:30:00Z,2026-09-14T18:30:00+0200,353.175,EUR/MWh,DE,DE,imbalance_price,Long,2026-09-16T08:18:27Z
2026-09-16T08:15:06Z,2026-09-16T10:15:06+0200,2f3d54eb-4233-4144-b05e-f166a3215a4a,2026-09-14T16:30:00Z,2026-09-14T18:30:00+0200,353.175,EUR/MWh,DE,DE,imbalance_price,Short,2026-09-16T08:18:27Z
2026-09-16T08:15:06Z,2026-09-16T10:15:06+0200,2f3d54eb-4233-4144-b05e-f166a3215a4a,2026-09-14T16:45:00Z,2026-09-14T18:45:00+0200,500.925,EUR/MWh,DE,DE,imbalance_price,Long,2026-09-16T08:18:27Z
2026-09-16T08:15:06Z,2026-09-16T10:15:06+0200,2f3d54eb-4233-4144-b05e-f166a3215a4a,2026-09-14T16:45:00Z,2026-09-14T18:45:00+0200,500.925,EUR/MWh,DE,DE,imbalance_price,Short,2026-09-16T08:18:27Z
2026-09-16T08:15:06Z,2026-09-16T10:15:06+0200,2f3d54eb-4233-4144-b05e-f166a3215a4a,2026-09-14T17:00:00Z,2026-09-14T19:00:00+0200,262.831,EUR/MWh,DE,DE,imbalance_price,Long,2026-09-16T08:18:27Z
2026-09-16T08:15:06Z,2026-09-16T10:15:06+0200,2f3d54eb-4233-4144-b05e-f166a3215a4a,2026-09-14T17:00:00Z,2026-09-14T19:00:00+0200,262.831,EUR/MWh,DE,DE,imbalance_price,Short,2026-09-16T08:18:27Z
2026-09-16T08:15:06Z,2026-09-16T10:15:06+0200,2f3d54eb-4233-4144-b05e-f166a3215a4a,2026-09-14T17:15:00Z,2026-09-14T19:15:00+0200,360.023,EUR/MWh,DE,DE,imbalance_price,Long,2026-09-16T08:18:27Z
2026-09-16T08:15:06Z,2026-09-16T10:15:06+0200,2f3d54eb-4233-4144-b05e-f166a3215a4a,2026-09-14T17:15:00Z,2026-09-14T19:15:00+0200,360.023,EUR/MWh,DE,DE,imbalance_price,Short,2026-09-16T08:18:27Z
2026-09-16T08:15:06Z,2026-09-16T10:15:06+0200,2f3d54eb-4233-4144-b05e-f166a3215a4a,2026-09-14T17:30:00Z,2026-09-14T19:30:00+0200,358.489,EUR/MWh,DE,DE,imbalance_price,Long,2026-09-16T08:18:27Z
2026-09-16T08:15:06Z,2026-09-16T10:15:06+0200,2f3d54eb-4233-4144-b05e-f166a3215a4a,2026-09-14T17:30:00Z,2026-09-14T19:30:00+0200,358.489,EUR/MWh,DE,DE,imbalance_price,Short,2026-09-16T08:18:27Z
2026-09-16T08:15:06Z,2026-09-16T10:15:06+0200,2f3d54eb-4233-4144-b05e-f166a3215a4a,2026-09-14T17:45:00Z,2026-09-14T19:45:00+0200,389.967,EUR/MWh,DE,DE,imbalance_price,Long,2026-09-16T08:18:27Z
2026-09-16T08:15:06Z,2026-09-16T10:15:06+0200,2f3d54eb-4233-4144-b05e-f166a3215a4a,2026-09-14T17:45:00Z,2026-09-14T19:45:00+0200,389.967,EUR/MWh,DE,DE,imbalance_price,Short,2026-09-16T08:18:27Z
2026-09-16T08:15:06Z,2026-09-16T10:15:06+0200,2f3d54eb-4233-4144-b05e-f166a3215a4a,2026-09-14T18:00:00Z,2026-09-14T20:00:00+0200,383.313,EUR/MWh,DE,DE,imbalance_price,Long,2026-09-16T08:18:27Z
2026-09-16T08:15:06Z,2026-09-16T10:15:06+0200,2f3d54eb-4233-4144-b05e-f166a3215a4a,2026-09-14T18:00:00Z,2026-09-14T20:00:00+0200,383.313,EUR/MWh,DE,DE,imbalance_price,Short,2026-09-16T08:18:27Z
2026-09-16T08:15:06Z,2026-09-16T10:15:06+0200,2f3d54eb-4233-4144-b05e-f166a3215a4a,2026-09-14T18:15:00Z,2026-09-14T20:15:00+0200,409.65,EUR/MWh,DE,DE,imbalance_price,Long,2026-09-16T08:18:27Z
2026-09-16T08:15:06Z,2026-09-16T10:15:06+0200,2f3d54eb-4233-4144-b05e-f166a3215a4a,2026-09-14T18:15:00Z,2026-09-14T20:15:00+0200,409.65,EUR/MWh,DE,DE,imbalance_price,Short,2026-09-16T08:18:27Z
2026-09-16T08:15:06Z,2026-09-16T10:15:06+0200,2f3d54eb-4233-4144-b05e-f166a3215a4a,2026-09-14T18:30:00Z,2026-09-14T20:30:00+0200,402.76,EUR/MWh,DE,DE,imbalance_price,Long,2026-09-16T08:18:27Z
2026-09-16T08:15:06Z,2026-09-16T10:15:06+0200,2f3d54eb-4233-4144-b05e-f166a3215a4a,2026-09-14T18:30:00Z,2026-09-14T20:30:00+0200,402.76,EUR/MWh,DE,DE,imbalance_price,Short,2026-09-16T08:18:27Z
2026-09-16T08:15:06Z,2026-09-16T10:15:06+0200,2f3d54eb-4233-4144-b05e-f166a3215a4a,2026-09-14T18:45:00Z,2026-09-14T20:45:00+0200,275.195,EUR/MWh,DE,DE,imbalance_price,Long,2026-09-16T08:18:27Z
2026-09-16T08:15:06Z,2026-09-16T10:15:06+0200,2f3d54eb-4233-4144-b05e-f166a3215a4a,2026-09-14T18:45:00Z,2026-09-14T20:45:00+0200,275.195,EUR/MWh,DE,DE,imbalance_price,Short,2026-09-16T08:18:27Z
2026-09-16T08:15:06Z,2026-09-16T10:15:06+0200,2f3d54eb-4233-4144-b05e-f166a3215a4a,2026-09-14T19:00:00Z,2026-09-14T21:00:00+0200,276.427,EUR/MWh,DE,DE,imbalance_price,Long,2026-09-16T08:18:27Z
2026-09-16T08:15:06Z,2026-09-16T10:15:06+0200,2f3d54eb-4233-4144-b05e-f166a3215a4a,2026-09-14T19:00:00Z,2026-09-14T21:00:00+0200,276.427,EUR/MWh,DE,DE,imbalance_price,Short,2026-09-16T08:18:27Z
2026-09-16T08:15:06Z,2026-09-16T10:15:06+0200,2f3d54eb-4233-4144-b05e-f166a3215a4a,2026-09-14T19:15:00Z,2026-09-14T21:15:00+0200,239.128,EUR/MWh,DE,DE,imbalance_price,Long,2026-09-16T08:18:27Z
2026-09-16T08:15:06Z,2026-09-16T10:15:06+0200,2f3d54eb-4233-4144-b05e-f166a3215a4a,2026-09-14T19:15:00Z,2026-09-14T21:15:00+0200,239.128,EUR/MWh,DE,DE,imbalance_price,Short,2026-09-16T08:18:27Z
2026-09-16T08:15:06Z,2026-09-16T10:15:06+0200,2f3d54eb-4233-4144-b05e-f166a3215a4a,2026-09-14T19:30:00Z,2026-09-14T21:30:00+0200,243.602,EUR/MWh,DE,DE,imbalance_price,Long,2026-09-16T08:18:27Z
2026-09-16T08:15:06Z,2026-09-16T10:15:06+0200,2f3d54eb-4233-4144-b05e-f166a3215a4a,2026-09-14T19:30:00Z,2026-09-14T21:30:00+0200,243.602,EUR/MWh,DE,DE,imbalance_price,Short,2026-09-16T08:18:27Z
2026-09-16T08:15:06Z,2026-09-16T10:15:06+0200,2f3d54eb-4233-4144-b05e-f166a3215a4a,2026-09-14T19:45:00Z,2026-09-14T21:45:00+0200,196.662,EUR/MWh,DE,DE,imbalance_price,Long,2026-09-16T08:18:27Z
2026-09-16T08:15:06Z,2026-09-16T10:15:06+0200,2f3d54eb-4233-4144-b05e-f166a3215a4a,2026-09-14T19:45:00Z,2026-09-14T21:45:00+0200,196.662,EUR/MWh,DE,DE,imbalance_price,Short,2026-09-16T08:18:27Z
2026-09-16T08:15:06Z,2026-09-16T10:15:06+0200,2f3d54eb-4233-4144-b05e-f166a3215a4a,2026-09-14T20:00:00Z,2026-09-14T22:00:00+0200,236.342,EUR/MWh,DE,DE,imbalance_price,Long,2026-09-16T08:18:27Z
2026-09-16T08:15:06Z,2026-09-16T10:15:06+0200,2f3d54eb-4233-4144-b05e-f166a3215a4a,2026-09-14T20:00:00Z,2026-09-14T22:00:00+0200,236.342,EUR/MWh,DE,DE,imbalance_price,Short,2026-09-16T08:18:27Z
2026-09-16T08:15:06Z,2026-09-16T10:15:06+0200,2f3d54eb-4233-4144-b05e-f166a3215a4a,2026-09-14T20:15:00Z,2026-09-14T22:15:00+0200,215.331,EUR/MWh,DE,DE,imbalance_price,Long,2026-09-16T08:18:27Z
2026-09-16T08:15:06Z,2026-09-16T10:15:06+0200,2f3d54eb-4233-4144-b05e-f166a3215a4a,2026-09-14T20:15:00Z,2026-09-14T22:15:00+0200,215.331,EUR/MWh,DE,DE,imbalance_price,Short,2026-09-16T08:18:27Z
2026-09-16T08:15:06Z,2026-09-16T10:15:06+0200,2f3d54eb-4233-4144-b05e-f166a3215a4a,2026-09-14T20:30:00Z,2026-09-14T22:30:00+0200,219.793,EUR/MWh,DE,DE,imbalance_price,Long,2026-09-16T08:18:27Z
2026-09-16T08:15:06Z,2026-09-16T10:15:06+0200,2f3d54eb-4233-4144-b05e-f166a3215a4a,2026-09-14T20:30:00Z,2026-09-14T22:30:00+0200,219.793,EUR/MWh,DE,DE,imbalance_price,Short,2026-09-16T08:18:27Z
2026-09-16T08:15:06Z,2026-09-16T10:15:06+0200,2f3d54eb-4233-4144-b05e-f166a3215a4a,2026-09-14T20:45:00Z,2026-09-14T22:45:00+0200,222.862,EUR/MWh,DE,DE,imbalance_price,Long,2026-09-16T08:18:27Z
2026-09-16T08:15:06Z,2026-09-16T10:15:06+0200,2f3d54eb-4233-4144-b05e-f166a3215a4a,2026-09-14T20:45:00Z,2026-09-14T22:45:00+0200,222.862,EUR/MWh,DE,DE,imbalance_price,Short,2026-09-16T08:18:27Z
2026-09-16T08:15:06Z,2026-09-16T10:15:06+0200,2f3d54eb-4233-4144-b05e-f166a3215a4a,2026-09-14T21:00:00Z,2026-09-14T23:00:00+0200,256.403,EUR/MWh,DE,DE,imbalance_price,Long,2026-09-16T08:18:27Z
2026-09-16T08:15:06Z,2026-09-16T10:15:06+0200,2f3d54eb-4233-4144-b05e-f166a3215a4a,2026-09-14T21:00:00Z,2026-09-14T23:00:00+0200,256.403,EUR/MWh,DE,DE,imbalance_price,Short,2026-09-16T08:18:27Z
2026-09-16T08:15:06Z,2026-09-16T10:15:06+0200,2f3d54eb-4233-4144-b05e-f166a3215a4a,2026-09-14T21:15:00Z,2026-09-14T23:15:00+0200,167.013,EUR/MWh,DE,DE,imbalance_price,Long,2026-09-16T08:18:27Z
2026-09-16T08:15:06Z,2026-09-16T10:15:06+0200,2f3d54eb-4233-4144-b05e-f166a3215a4a,2026-09-14T21:15:00Z,2026-09-14T23:15:00+0200,167.013,EUR/MWh,DE,DE,imbalance_price,Short,2026-09-16T08:18:27Z
2026-09-16T08:15:06Z,2026-09-16T10:15:06+0200,2f3d54eb-4233-4144-b05e-f166a3215a4a,2026-09-14T21:30:00Z,2026-09-14T23:30:00+0200,186.395,EUR/MWh,DE,DE,imbalance_price,Long,2026-09-16T08:18:27Z
2026-09-16T08:15:06Z,2026-09-16T10:15:06+0200,2f3d54eb-4233-4144-b05e-f166a3215a4a,2026-09-14T21:30:00Z,2026-09-14T23:30:00+0200,186.395,EUR/MWh,DE,DE,imbalance_price,Short,2026-09-16T08:18:27Z
2026-09-16T08:15:06Z,2026-09-16T10:15:06+0200,2f3d54eb-4233-4144-b05e-f166a3215a4a,2026-09-14T21:45:00Z,2026-09-14T23:45:00+0200,196.606,EUR/MWh,DE,DE,imbalance_price,Long,2026-09-16T08:18:27Z
2026-09-16T08:15:06Z,2026-09-16T10:15:06+0200,2f3d54eb-4233-4144-b05e-f166a3215a4a,2026-09-14T21:45:00Z,2026-09-14T23:45:00+0200,196.606,EUR/MWh,DE,DE,imbalance_price,Short,2026-09-16T08:18:27Z
2026-09-16T08:15:06Z,2026-09-16T10:15:06+0200,2f3d54eb-4233-4144-b05e-f166a3215a4a,2026-09-14T22:00:00Z,2026-09-15T00:00:00+0200,167.064,EUR/MWh,DE,DE,imbalance_price,Long,2026-09-16T08:18:27Z
2026-09-16T08:15:06Z,2026-09-16T10:15:06+0200,2f3d54eb-4233-4144-b05e-f166a3215a4a,2026-09-14T22:00:00Z,2026-09-15T00:00:00+0200,167.064,EUR/MWh,DE,DE,imbalance_price,Short,2026-09-16T08:18:27Z
2026-09-16T08:15:06Z,2026-09-16T10:15:06+0200,2f3d54eb-4233-4144-b05e-f166a3215a4a,2026-09-14T22:15:00Z,2026-09-15T00:15:00+0200,163.388,EUR/MWh,DE,DE,imbalance_price,Long,2026-09-16T08:18:27Z
2026-09-16T08:15:06Z,2026-09-16T10:15:06+0200,2f3d54eb-4233-4144-b05e-f166a3215a4a,2026-09-14T22:15:00Z,2026-09-15T00:15:00+0200,163.388,EUR/MWh,DE,DE,imbalance_price,Short,2026-09-16T08:18:27Z
2026-09-16T08:15:06Z,2026-09-16T10:15:06+0200,2f3d54eb-4233-4144-b05e-f166a3215a4a,2026-09-14T22:30:00Z,2026-09-15T00:30:00+0200,171.111,EUR/MWh,DE,DE,imbalance_price,Long,2026-09-16T08:18:27Z
2026-09-16T08:15:06Z,2026-09-16T10:15:06+0200,2f3d54eb-4233-4144-b05e-f166a3215a4a,2026-09-14T22:30:00Z,2026-09-15T00:30:00+0200,171.111,EUR/MWh,DE,DE,imbalance_price,Short,2026-09-16T08:18:27Z
2026-09-16T08:15:06Z,2026-09-16T10:15:06+0200,2f3d54eb-4233-4144-b05e-f166a3215a4a,2026-09-14T22:45:00Z,2026-09-15T00:45:00+0200,179.74,EUR/MWh,DE,DE,imbalance_price,Long,2026-09-16T08:18:27Z
2026-09-16T08:15:06Z,2026-09-16T10:15:06+0200,2f3d54eb-4233-4144-b05e-f166a3215a4a,2026-09-14T22:45:00Z,2026-09-15T00:45:00+0200,179.74,EUR/MWh,DE,DE,imbalance_price,Short,2026-09-16T08:18:27Z
2026-09-16T08:15:06Z,2026-09-16T10:15:06+0200,2f3d54eb-4233-4144-b05e-f166a3215a4a,2026-09-14T23:00:00Z,2026-09-15T01:00:00+0200,232.18,EUR/MWh,DE,DE,imbalance_price,Long,2026-09-16T08:18:27Z
2026-09-16T08:15:06Z,2026-09-16T10:15:06+0200,2f3d54eb-4233-4144-b05e-f166a3215a4a,2026-09-14T23:00:00Z,2026-09-15T01:00:00+0200,232.18,EUR/MWh,DE,DE,imbalance_price,Short,2026-09-16T08:18:27Z
2026-09-16T08:15:06Z,2026-09-16T10:15:06+0200,2f3d54eb-4233-4144-b05e-f166a3215a4a,2026-09-14T23:15:00Z,2026-09-15T01:15:00+0200,199.085,EUR/MWh,DE,DE,imbalance_price,Long,2026-09-16T08:18:27Z
2026-09-16T08:15:06Z,2026-09-16T10:15:06+0200,2f3d54eb-4233-4144-b05e-f166a3215a4a,2026-09-14T23:15:00Z,2026-09-15T01:15:00+0200,199.085,EUR/MWh,DE,DE,imbalance_price,Short,2026-09-16T08:18:27Z
2026-09-16T08:15:06Z,2026-09-16T10:15:06+0200,2f3d54eb-4233-4144-b05e-f166a3215a4a,2026-09-14T23:30:00Z,2026-09-15T01:30:00+0200,220.847,EUR/MWh,DE,DE,imbalance_price,Long,2026-09-16T08:18:27Z
2026-09-16T08:15:06Z,2026-09-16T10:15:06+0200,2f3d54eb-4233-4144-b05e-f166a3215a4a,2026-09-14T23:30:00Z,2026-09-15T01:30:00+0200,220.847,EUR/MWh,DE,DE,imbalance_price,Short,2026-09-16T08:18:27Z
2026-09-16T08:15:06Z,2026-09-16T10:15:06+0200,2f3d54eb-4233-4144-b05e-f166a3215a4a,2026-09-14T23:45:00Z,2026-09-15T01:45:00+0200,221.312,EUR/MWh,DE,DE,imbalance_price,Long,2026-09-16T08:18:27Z
2026-09-16T08:15:06Z,2026-09-16T10:15:06+0200,2f3d54eb-4233-4144-b05e-f166a3215a4a,2026-09-14T23:45:00Z,2026-09-15T01:45:00+0200,221.312,EUR/MWh,DE,DE,imbalance_price,Short,2026-09-16T08:18:27Z
2026-09-16T08:15:06Z,2026-09-16T10:15:06+0200,2f3d54eb-4233-4144-b05e-f166a3215a4a,2026-09-15T00:00:00Z,2026-09-15T02:00:00+0200,198.18,EUR/MWh,DE,DE,imbalance_price,Long,2026-09-16T08:18:27Z
2026-09-16T08:15:06Z,2026-09-16T10:15:06+0200,2f3d54eb-4233-4144-b05e-f166a3215a4a,2026-09-15T00:00:00Z,2026-09-15T02:00:00+0200,198.18,EUR/MWh,DE,DE,imbalance_price,Short,2026-09-16T08:18:27Z
2026-09-16T08:15:06Z,2026-09-16T10:15:06+0200,2f3d54eb-4233-4144-b05e-f166a3215a4a,2026-09-15T00:15:00Z,2026-09-15T02:15:00+0200,195.387,EUR/MWh,DE,DE,imbalance_price,Long,2026-09-16T08:18:27Z
2026-09-16T08:15:06Z,2026-09-16T10:15:06+0200,2f3d54eb-4233-4144-b05e-f166a3215a4a,2026-09-15T00:15:00Z,2026-09-15T02:15:00+0200,195.387,EUR/MWh,DE,DE,imbalance_price,Short,2026-09-16T08:18:27Z
2026-09-16T08:15:06Z,2026-09-16T10:15:06+0200,2f3d54eb-4233-4144-b05e-f166a3215a4a,2026-09-15T00:30:00Z,2026-09-15T02:30:00+0200,224.52,EUR/MWh,DE,DE,imbalance_price,Long,2026-09-16T08:18:27Z
2026-09-16T08:15:06Z,2026-09-16T10:15:06+0200,2f3d54eb-4233-4144-b05e-f166a3215a4a,2026-09-15T00:30:00Z,2026-09-15T02:30:00+0200,224.52,EUR/MWh,DE,DE,imbalance_price,Short,2026-09-16T08:18:27Z
2026-09-16T08:15:06Z,2026-09-16T10:15:06+0200,2f3d54eb-4233-4144-b05e-f166a3215a4a,2026-09-15T00:45:00Z,2026-09-15T02:45:00+0200,207.605,EUR/MWh,DE,DE,imbalance_price,Long,2026-09-16T08:18:27Z
2026-09-16T08:15:06Z,2026-09-16T10:15:06+0200,2f3d54eb-4233-4144-b05e-f166a3215a4a,2026-09-15T00:45:00Z,2026-09-15T02:45:00+0200,207.605,EUR/MWh,DE,DE,imbalance_price,Short,2026-09-16T08:18:27Z
2026-09-16T08:15:06Z,2026-09-16T10:15:06+0200,2f3d54eb-4233-4144-b05e-f166a3215a4a,2026-09-15T01:00:00Z,2026-09-15T03:00:00+0200,219.474,EUR/MWh,DE,DE,imbalance_price,Long,2026-09-16T08:18:27Z
2026-09-16T08:15:06Z,2026-09-16T10:15:06+0200,2f3d54eb-4233-4144-b05e-f166a3215a4a,2026-09-15T01:00:00Z,2026-09-15T03:00:00+0200,219.474,EUR/MWh,DE,DE,imbalance_price,Short,2026-09-16T08:18:27Z
2026-09-16T08:15:06Z,2026-09-16T10:15:06+0200,2f3d54eb-4233-4144-b05e-f166a3215a4a,2026-09-15T01:15:00Z,2026-09-15T03:15:00+0200,193.041,EUR/MWh,DE,DE,imbalance_price,Long,2026-09-16T08:18:27Z
2026-09-16T08:15:06Z,2026-09-16T10:15:06+0200,2f3d54eb-4233-4144-b05e-f166a3215a4a,2026-09-15T01:15:00Z,2026-09-15T03:15:00+0200,193.041,EUR/MWh,DE,DE,imbalance_price,Short,2026-09-16T08:18:27Z
2026-09-16T08:15:06Z,2026-09-16T10:15:06+0200,2f3d54eb-4233-4144-b05e-f166a3215a4a,2026-09-15T01:30:00Z,2026-09-15T03:30:00+0200,191.693,EUR/MWh,DE,DE,imbalance_price,Long,2026-09-16T08:18:27Z
2026-09-16T08:15:06Z,2026-09-16T10:15:06+0200,2f3d54eb-4233-4144-b05e-f166a3215a4a,2026-09-15T01:30:00Z,2026-09-15T03:30:00+0200,191.693,EUR/MWh,DE,DE,imbalance_price,Short,2026-09-16T08:18:27Z
2026-09-16T08:15:06Z,2026-09-16T10:15:06+0200,2f3d54eb-4233-4144-b05e-f166a3215a4a,2026-09-15T01:45:00Z,2026-09-15T03:45:00+0200,198.573,EUR/MWh,DE,DE,imbalance_price,Long,2026-09-16T08:18:27Z
2026-09-16T08:15:06Z,2026-09-16T10:15:06+0200,2f3d54eb-4233-4144-b05e-f166a3215a4a,2026-09-15T01:45:00Z,2026-09-15T03:45:00+0200,198.573,EUR/MWh,DE,DE,imbalance_price,Short,2026-09-16T08:18:27Z
2026-09-16T08:15:06Z,2026-09-16T10:15:06+0200,2f3d54eb-4233-4144-b05e-f166a3215a4a,2026-09-15T02:00:00Z,2026-09-15T04:00:00+0200,178.67,EUR/MWh,DE,DE,imbalance_price,Long,2026-09-16T08:18:27Z
2026-09-16T08:15:06Z,2026-09-16T10:15:06+0200,2f3d54eb-4233-4144-b05e-f166a3215a4a,2026-09-15T02:00:00Z,2026-09-15T04:00:00+0200,178.67,EUR/MWh,DE,DE,imbalance_price,Short,2026-09-16T08:18:27Z
2026-09-16T08:15:06Z,2026-09-16T10:15:06+0200,2f3d54eb-4233-4144-b05e-f166a3215a4a,2026-09-15T02:15:00Z,2026-09-15T04:15:00+0200,146.481,EUR/MWh,DE,DE,imbalance_price,Long,2026-09-16T08:18:27Z
2026-09-16T08:15:06Z,2026-09-16T10:15:06+0200,2f3d54eb-4233-4144-b05e-f166a3215a4a,2026-09-15T02:15:00Z,2026-09-15T04:15:00+0200,146.481,EUR/MWh,DE,DE,imbalance_price,Short,2026-09-16T08:18:27Z
2026-09-16T08:15:06Z,2026-09-16T10:15:06+0200,2f3d54eb-4233-4144-b05e-f166a3215a4a,2026-09-15T02:30:00Z,2026-09-15T04:30:00+0200,138.093,EUR/MWh,DE,DE,imbalance_price,Long,2026-09-16T08:18:27Z
2026-09-16T08:15:06Z,2026-09-16T10:15:06+0200,2f3d54eb-4233-4144-b05e-f166a3215a4a,2026-09-15T02:30:00Z,2026-09-15T04:30:00+0200,138.093,EUR/MWh,DE,DE,imbalance_price,Short,2026-09-16T08:18:27Z
2026-09-16T08:15:06Z,2026-09-16T10:15:06+0200,2f3d54eb-4233-4144-b05e-f166a3215a4a,2026-09-15T02:45:00Z,2026-09-15T04:45:00+0200,181.286,EUR/MWh,DE,DE,imbalance_price,Long,2026-09-16T08:18:27Z
2026-09-16T08:15:06Z,2026-09-16T10:15:06+0200,2f3d54eb-4233-4144-b05e-f166a3215a4a,2026-09-15T02:45:00Z,2026-09-15T04:45:00+0200,181.286,EUR/MWh,DE,DE,imbalance_price,Short,2026-09-16T08:18:27Z
2026-09-16T08:15:06Z,2026-09-16T10:15:06+0200,2f3d54eb-4233-4144-b05e-f166a3215a4a,2026-09-15T03:00:00Z,2026-09-15T05:00:00+0200,186.482,EUR/MWh,DE,DE,imbalance_price,Long,2026-09-16T08:18:27Z
2026-09-16T08:15:06Z,2026-09-16T10:15:06+0200,2f3d54eb-4233-4144-b05e-f166a3215a4a,2026-09-15T03:00:00Z,2026-09-15T05:00:00+0200,186.482,EUR/MWh,DE,DE,imbalance_price,Short,2026-09-16T08:18:27Z
2026-09-16T08:15:06Z,2026-09-16T10:15:06+0200,2f3d54eb-4233-4144-b05e-f166a3215a4a,2026-09-15T03:15:00Z,2026-09-15T05:15:00+0200,201.304,EUR/MWh,DE,DE,imbalance_price,Long,2026-09-16T08:18:27Z
2026-09-16T08:15:06Z,2026-09-16T10:15:06+0200,2f3d54eb-4233-4144-b05e-f166a3215a4a,2026-09-15T03:15:00Z,2026-09-15T05:15:00+0200,201.304,EUR/MWh,DE,DE,imbalance_price,Short,2026-09-16T08:18:27Z
2026-09-16T08:15:06Z,2026-09-16T10:15:06+0200,2f3d54eb-4233-4144-b05e-f166a3215a4a,2026-09-15T03:30:00Z,2026-09-15T05:30:00+0200,253.253,EUR/MWh,DE,DE,imbalance_price,Long,2026-09-16T08:18:27Z
2026-09-16T08:15:06Z,2026-09-16T10:15:06+0200,2f3d54eb-4233-4144-b05e-f166a3215a4a,2026-09-15T03:30:00Z,2026-09-15T05:30:00+0200,253.253,EUR/MWh,DE,DE,imbalance_price,Short,2026-09-16T08:18:27Z
2026-09-16T08:15:06Z,2026-09-16T10:15:06+0200,2f3d54eb-4233-4144-b05e-f166a3215a4a,2026-09-15T03:45:00Z,2026-09-15T05:45:00+0200,256.009,EUR/MWh,DE,DE,imbalance_price,Long,2026-09-16T08:18:27Z
2026-09-16T08:15:06Z,2026-09-16T10:15:06+0200,2f3d54eb-4233-4144-b05e-f166a3215a4a,2026-09-15T03:45:00Z,2026-09-15T05:45:00+0200,256.009,EUR/MWh,DE,DE,imbalance_price,Short,2026-09-16T08:18:27Z
2026-09-16T08:15:06Z,2026-09-16T10:15:06+0200,2f3d54eb-4233-4144-b05e-f166a3215a4a,2026-09-15T04:00:00Z,2026-09-15T06:00:00+0200,255.153,EUR/MWh,DE,DE,imbalance_price,Long,2026-09-16T08:18:27Z
2026-09-16T08:15:06Z,2026-09-16T10:15:06+0200,2f3d54eb-4233-4144-b05e-f166a3215a4a,2026-09-15T04:00:00Z,2026-09-15T06:00:00+0200,255.153,EUR/MWh,DE,DE,imbalance_price,Short,2026-09-16T08:18:27Z
2026-09-16T08:15:06Z,2026-09-16T10:15:06+0200,2f3d54eb-4233-4144-b05e-f166a3215a4a,2026-09-15T04:15:00Z,2026-09-15T06:15:00+0200,234.752,EUR/MWh,DE,DE,imbalance_price,Long,2026-09-16T08:18:27Z
2026-09-16T08:15:06Z,2026-09-16T10:15:06+0200,2f3d54eb-4233-4144-b05e-f166a3215a4a,2026-09-15T04:15:00Z,2026-09-15T06:15:00+0200,234.752,EUR/MWh,DE,DE,imbalance_price,Short,2026-09-16T08:18:27Z
2026-09-16T08:15:06Z,2026-09-16T10:15:06+0200,2f3d54eb-4233-4144-b05e-f166a3215a4a,2026-09-15T04:30:00Z,2026-09-15T06:30:00+0200,264.959,EUR/MWh,DE,DE,imbalance_price,Long,2026-09-16T08:18:27Z
2026-09-16T08:15:06Z,2026-09-16T10:15:06+0200,2f3d54eb-4233-4144-b05e-f166a3215a4a,2026-09-15T04:30:00Z,2026-09-15T06:30:00+0200,264.959,EUR/MWh,DE,DE,imbalance_price,Short,2026-09-16T08:18:27Z
2026-09-16T08:15:06Z,2026-09-16T10:15:06+0200,2f3d54eb-4233-4144-b05e-f166a3215a4a,2026-09-15T04:45:00Z,2026-09-15T06:45:00+0200,281.001,EUR/MWh,DE,DE,imbalance_price,Long,2026-09-16T08:18:27Z
2026-09-16T08:15:06Z,2026-09-16T10:15:06+0200,2f3d54eb-4233-4144-b05e-f166a3215a4a,2026-09-15T04:45:00Z,2026-09-15T06:45:00+0200,281.001,EUR/MWh,DE,DE,imbalance_price,Short,2026-09-16T08:18:27Z
2026-09-16T08:15:06Z,2026-09-16T10:15:06+0200,2f3d54eb-4233-4144-b05e-f166a3215a4a,2026-09-15T05:00:00Z,2026-09-15T07:00:00+0200,283.393,EUR/MWh,DE,DE,imbalance_price,Long,2026-09-16T08:18:27Z
2026-09-16T08:15:06Z,2026-09-16T10:15:06+0200,2f3d54eb-4233-4144-b05e-f166a3215a4a,2026-09-15T05:00:00Z,2026-09-15T07:00:00+0200,283.393,EUR/MWh,DE,DE,imbalance_price,Short,2026-09-16T08:18:27Z
2026-09-16T08:15:06Z,2026-09-16T10:15:06+0200,2f3d54eb-4233-4144-b05e-f166a3215a4a,2026-09-15T05:15:00Z,2026-09-15T07:15:00+0200,257.37,EUR/MWh,DE,DE,imbalance_price,Long,2026-09-16T08:18:27Z
2026-09-16T08:15:06Z,2026-09-16T10:15:06+0200,2f3d54eb-4233-4144-b05e-f166a3215a4a,2026-09-15T05:15:00Z,2026-09-15T07:15:00+0200,257.37,EUR/MWh,DE,DE,imbalance_price,Short,2026-09-16T08:18:27Z
2026-09-16T08:15:06Z,2026-09-16T10:15:06+0200,2f3d54eb-4233-4144-b05e-f166a3215a4a,2026-09-15T05:30:00Z,2026-09-15T07:30:00+0200,269.289,EUR/MWh,DE,DE,imbalance_price,Long,2026-09-16T08:18:27Z
2026-09-16T08:15:06Z,2026-09-16T10:15:06+0200,2f3d54eb-4233-4144-b05e-f166a3215a4a,2026-09-15T05:30:00Z,2026-09-15T07:30:00+0200,269.289,EUR/MWh,DE,DE,imbalance_price,Short,2026-09-16T08:18:27Z
2026-09-16T08:15:06Z,2026-09-16T10:15:06+0200,2f3d54eb-4233-4144-b05e-f166a3215a4a,2026-09-15T05:45:00Z,2026-09-15T07:45:00+0200,282.95,EUR/MWh,DE,DE,imbalance_price,Long,2026-09-16T08:18:27Z
2026-09-16T08:15:06Z,2026-09-16T10:15:06+0200,2f3d54eb-4233-4144-b05e-f166a3215a4a,2026-09-15T05:45:00Z,2026-09-15T07:45:00+0200,282.95,EUR/MWh,DE,DE,imbalance_price,Short,2026-09-16T08:18:27Z
2026-09-16T08:15:06Z,2026-09-16T10:15:06+0200,2f3d54eb-4233-4144-b05e-f166a3215a4a,2026-09-15T06:00:00Z,2026-09-15T08:00:00+0200,268.351,EUR/MWh,DE,DE,imbalance_price,Long,2026-09-16T08:18:27Z
2026-09-16T08:15:06Z,2026-09-16T10:15:06+0200,2f3d54eb-4233-4144-b05e-f166a3215a4a,2026-09-15T06:00:00Z,2026-09-15T08:00:00+0200,268.351,EUR/MWh,DE,DE,imbalance_price,Short,2026-09-16T08:18:27Z
2026-09-16T08:15:06Z,2026-09-16T10:15:06+0200,2f3d54eb-4233-4144-b05e-f166a3215a4a,2026-09-15T06:15:00Z,2026-09-15T08:15:00+0200,269.554,EUR/MWh,DE,DE,imbalance_price,Long,2026-09-16T08:18:27Z
2026-09-16T08:15:06Z,2026-09-16T10:15:06+0200,2f3d54eb-4233-4144-b05e-f166a3215a4a,2026-09-15T06:15:00Z,2026-09-15T08:15:00+0200,269.554,EUR/MWh,DE,DE,imbalance_price,Short,2026-09-16T08:18:27Z
2026-09-16T08:15:06Z,2026-09-16T10:15:06+0200,2f3d54eb-4233-4144-b05e-f166a3215a4a,2026-09-15T06:30:00Z,2026-09-15T08:30:00+0200,209.668,EUR/MWh,DE,DE,imbalance_price,Long,2026-09-16T08:18:27Z
2026-09-16T08:15:06Z,2026-09-16T10:15:06+0200,2f3d54eb-4233-4144-b05e-f166a3215a4a,2026-09-15T06:30:00Z,2026-09-15T08:30:00+0200,209.668,EUR/MWh,DE,DE,imbalance_price,Short,2026-09-16T08:18:27Z
2026-09-16T08:15:06Z,2026-09-16T10:15:06+0200,2f3d54eb-4233-4144-b05e-f166a3215a4a,2026-09-15T06:45:00Z,2026-09-15T08:45:00+0200,210.375,EUR/MWh,DE,DE,imbalance_price,Long,2026-09-16T08:18:27Z
2026-09-16T08:15:06Z,2026-09-16T10:15:06+0200,2f3d54eb-4233-4144-b05e-f166a3215a4a,2026-09-15T06:45:00Z,2026-09-15T08:45:00+0200,210.375,EUR/MWh,DE,DE,imbalance_price,Short,2026-09-16T08:18:27Z
2026-09-16T08:15:06Z,2026-09-16T10:15:06+0200,2f3d54eb-4233-4144-b05e-f166a3215a4a,2026-09-15T07:00:00Z,2026-09-15T09:00:00+0200,259.708,EUR/MWh,DE,DE,imbalance_price,Long,2026-09-16T08:18:27Z
2026-09-16T08:15:06Z,2026-09-16T10:15:06+0200,2f3d54eb-4233-4144-b05e-f166a3215a4a,2026-09-15T07:00:00Z,2026-09-15T09:00:00+0200,259.708,EUR/MWh,DE,DE,imbalance_price,Short,2026-09-16T08:18:27Z
2026-09-16T08:15:06Z,2026-09-16T10:15:06+0200,2f3d54eb-4233-4144-b05e-f166a3215a4a,2026-09-15T07:15:00Z,2026-09-15T09:15:00+0200,243.375,EUR/MWh,DE,DE,imbalance_price,Long,2026-09-16T08:18:27Z
2026-09-16T08:15:06Z,2026-09-16T10:15:06+0200,2f3d54eb-4233-4144-b05e-f166a3215a4a,2026-09-15T07:15:00Z,2026-09-15T09:15:00+0200,243.375,EUR/MWh,DE,DE,imbalance_price,Short,2026-09-16T08:18:27Z
2026-09-16T08:15:06Z,2026-09-16T10:15:06+0200,2f3d54eb-4233-4144-b05e-f166a3215a4a,2026-09-15T07:30:00Z,2026-09-15T09:30:00+0200,203.263,EUR/MWh,DE,DE,imbalance_price,Long,2026-09-16T08:18:27Z
2026-09-16T08:15:06Z,2026-09-16T10:15:06+0200,2f3d54eb-4233-4144-b05e-f166a3215a4a,2026-09-15T07:30:00Z,2026-09-15T09:30:00+0200,203.263,EUR/MWh,DE,DE,imbalance_price,Short,2026-09-16T08:18:27Z
2026-09-16T08:15:06Z,2026-09-16T10:15:06+0200,2f3d54eb-4233-4144-b05e-f166a3215a4a,2026-09-15T07:45:00Z,2026-09-15T09:45:00+0200,172.375,EUR/MWh,DE,DE,imbalance_price,Long,2026-09-16T08:18:27Z
2026-09-16T08:15:06Z,2026-09-16T10:15:06+0200,2f3d54eb-4233-4144-b05e-f166a3215a4a,2026-09-15T07:45:00Z,2026-09-15T09:45:00+0200,172.375,EUR/MWh,DE,DE,imbalance_price,Short,2026-09-16T08:18:27Z
2026-09-16T08:15:06Z,2026-09-16T10:15:06+0200,2f3d54eb-4233-4144-b05e-f166a3215a4a,2026-09-15T08:00:00Z,2026-09-15T10:00:00+0200,268.089,EUR/MWh,DE,DE,imbalance_price,Long,2026-09-16T08:18:27Z
2026-09-16T08:15:06Z,2026-09-16T10:15:06+0200,2f3d54eb-4233-4144-b05e-f166a3215a4a,2026-09-15T08:00:00Z,2026-09-15T10:00:00+0200,268.089,EUR/MWh,DE,DE,imbalance_price,Short,2026-09-16T08:18:27Z
2026-09-16T08:15:06Z,2026-09-16T10:15:06+0200,2f3d54eb-4233-4144-b05e-f166a3215a4a,2026-09-15T08:15:00Z,2026-09-15T10:15:00+0200,220.625,EUR/MWh,DE,DE,imbalance_price,Long,2026-09-16T08:18:27Z
2026-09-16T08:15:06Z,2026-09-16T10:15:06+0200,2f3d54eb-4233-4144-b05e-f166a3215a4a,2026-09-15T08:15:00Z,2026-09-15T10:15:00+0200,220.625,EUR/MWh,DE,DE,imbalance_price,Short,2026-09-16T08:18:27Z
2026-09-16T08:15:06Z,2026-09-16T10:15:06+0200,2f3d54eb-4233-4144-b05e-f166a3215a4a,2026-09-15T08:30:00Z,2026-09-15T10:30:00+0200,50.077,EUR/MWh,DE,DE,imbalance_price,Long,2026-09-16T08:18:27Z
2026-09-16T08:15:06Z,2026-09-16T10:15:06+0200,2f3d54eb-4233-4144-b05e-f166a3215a4a,2026-09-15T08:30:00Z,2026-09-15T10:30:00+0200,50.077,EUR/MWh,DE,DE,imbalance_price,Short,2026-09-16T08:18:27Z
2026-09-16T08:15:06Z,2026-09-16T10:15:06+0200,2f3d54eb-4233-4144-b05e-f166a3215a4a,2026-09-15T08:45:00Z,2026-09-15T10:45:00+0200,21.21,EUR/MWh,DE,DE,imbalance_price,Long,2026-09-16T08:18:27Z
2026-09-16T08:15:06Z,2026-09-16T10:15:06+0200,2f3d54eb-4233-4144-b05e-f166a3215a4a,2026-09-15T08:45:00Z,2026-09-15T10:45:00+0200,21.21,EUR/MWh,DE,DE,imbalance_price,Short,2026-09-16T08:18:27Z
2026-09-16T08:15:06Z,2026-09-16T10:15:06+0200,2f3d54eb-4233-4144-b05e-f166a3215a4a,2026-09-15T09:00:00Z,2026-09-15T11:00:00+0200,5.729,EUR/MWh,DE,DE,imbalance_price,Long,2026-09-16T08:18:27Z
2026-09-16T08:15:06Z,2026-09-16T10:15:06+0200,2f3d54eb-4233-4144-b05e-f166a3215a4a,2026-09-15T09:00:00Z,2026-09-15T11:00:00+0200,5.729,EUR/MWh,DE,DE,imbalance_price,Short,2026-09-16T08:18:27Z
2026-09-16T08:15:06Z,2026-09-16T10:15:06+0200,2f3d54eb-4233-4144-b05e-f166a3215a4a,2026-09-15T09:15:00Z,2026-09-15T11:15:00+0200,-3.493,EUR/MWh,DE,DE,imbalance_price,Long,2026-09-16T08:18:27Z
2026-09-16T08:15:06Z,2026-09-16T10:15:06+0200,2f3d54eb-4233-4144-b05e-f166a3215a4a,2026-09-15T09:15:00Z,2026-09-15T11:15:00+0200,-3.493,EUR/MWh,DE,DE,imbalance_price,Short,2026-09-16T08:18:27Z
2026-09-16T08:15:06Z,2026-09-16T10:15:06+0200,2f3d54eb-4233-4144-b05e-f166a3215a4a,2026-09-15T09:30:00Z,2026-09-15T11:30:00+0200,-4.994,EUR/MWh,DE,DE,imbalance_price,Long,2026-09-16T08:18:27Z
2026-09-16T08:15:06Z,2026-09-16T10:15:06+0200,2f3d54eb-4233-4144-b05e-f166a3215a4a,2026-09-15T09:30:00Z,2026-09-15T11:30:00+0200,-4.994,EUR/MWh,DE,DE,imbalance_price,Short,2026-09-16T08:18:27Z
2026-09-16T08:15:06Z,2026-09-16T10:15:06+0200,2f3d54eb-4233-4144-b05e-f166a3215a4a,2026-09-15T09:45:00Z,2026-09-15T11:45:00+0200,-5.465,EUR/MWh,DE,DE,imbalance_price,Long,2026-09-16T08:18:27Z
2026-09-16T08:15:06Z,2026-09-16T10:15:06+0200,2f3d54eb-4233-4144-b05e-f166a3215a4a,2026-09-15T09:45:00Z,2026-09-15T11:45:00+0200,-5.465,EUR/MWh,DE,DE,imbalance_price,Short,2026-09-16T08:18:27Z
2026-09-16T08:15:06Z,2026-09-16T10:15:06+0200,2f3d54eb-4233-4144-b05e-f166a3215a4a,2026-09-15T10:00:00Z,2026-09-15T12:00:00+0200,-6.095,EUR/MWh,DE,DE,imbalance_price,Long,2026-09-16T08:18:27Z
2026-09-16T08:15:06Z,2026-09-16T10:15:06+0200,2f3d54eb-4233-4144-b05e-f166a3215a4a,2026-09-15T10:00:00Z,2026-09-15T12:00:00+0200,-6.095,EUR/MWh,DE,DE,imbalance_price,Short,2026-09-16T08:18:27Z
2026-09-16T08:15:06Z,2026-09-16T10:15:06+0200,2f3d54eb-4233-4144-b05e-f166a3215a4a,2026-09-15T10:15:00Z,2026-09-15T12:15:00+0200,-4.342,EUR/MWh,DE,DE,imbalance_price,Long,2026-09-16T08:18:27Z
2026-09-16T08:15:06Z,2026-09-16T10:15:06+0200,2f3d54eb-4233-4144-b05e-f166a3215a4a,2026-09-15T10:15:00Z,2026-09-15T12:15:00+0200,-4.342,EUR/MWh,DE,DE,imbalance_price,Short,2026-09-16T08:18:27Z
2026-09-16T08:15:06Z,2026-09-16T10:15:06+0200,2f3d54eb-4233-4144-b05e-f166a3215a4a,2026-09-15T10:30:00Z,2026-09-15T12:30:00+0200,-10.418,EUR/MWh,DE,DE,imbalance_price,Long,2026-09-16T08:18:27Z
2026-09-16T08:15:06Z,2026-09-16T10:15:06+0200,2f3d54eb-4233-4144-b05e-f166a3215a4a,2026-09-15T10:30:00Z,2026-09-15T12:30:00+0200,-10.418,EUR/MWh,DE,DE,imbalance_price,Short,2026-09-16T08:18:27Z
2026-09-16T08:15:06Z,2026-09-16T10:15:06+0200,2f3d54eb-4233-4144-b05e-f166a3215a4a,2026-09-15T10:45:00Z,2026-09-15T12:45:00+0200,-3.387,EUR/MWh,DE,DE,imbalance_price,Long,2026-09-16T08:18:27Z
2026-09-16T08:15:06Z,2026-09-16T10:15:06+0200,2f3d54eb-4233-4144-b05e-f166a3215a4a,2026-09-15T10:45:00Z,2026-09-15T12:45:00+0200,-3.387,EUR/MWh,DE,DE,imbalance_price,Short,2026-09-16T08:18:27Z
2026-09-16T08:15:06Z,2026-09-16T10:15:06+0200,2f3d54eb-4233-4144-b05e-f166a3215a4a,2026-09-15T11:00:00Z,2026-09-15T13:00:00+0200,-18.335,EUR/MWh,DE,DE,imbalance_price,Long,2026-09-16T08:18:27Z
2026-09-16T08:15:06Z,2026-09-16T10:15:06+0200,2f3d54eb-4233-4144-b05e-f166a3215a4a,2026-09-15T11:00:00Z,2026-09-15T13:00:00+0200,-18.335,EUR/MWh,DE,DE,imbalance_price,Short,2026-09-16T08:18:27Z
2026-09-16T08:15:06Z,2026-09-16T10:15:06+0200,2f3d54eb-4233-4144-b05e-f166a3215a4a,2026-09-15T11:15:00Z,2026-09-15T13:15:00+0200,-6.529,EUR/MWh,DE,DE,imbalance_price,Long,2026-09-16T08:18:27Z
2026-09-16T08:15:06Z,2026-09-16T10:15:06+0200,2f3d54eb-4233-4144-b05e-f166a3215a4a,2026-09-15T11:15:00Z,2026-09-15T13:15:00+0200,-6.529,EUR/MWh,DE,DE,imbalance_price,Short,2026-09-16T08:18:27Z
2026-09-16T08:15:06Z,2026-09-16T10:15:06+0200,2f3d54eb-4233-4144-b05e-f166a3215a4a,2026-09-15T11:30:00Z,2026-09-15T13:30:00+0200,-20.882,EUR/MWh,DE,DE,imbalance_price,Long,2026-09-16T08:18:27Z
2026-09-16T08:15:06Z,2026-09-16T10:15:06+0200,2f3d54eb-4233-4144-b05e-f166a3215a4a,2026-09-15T11:30:00Z,2026-09-15T13:30:00+0200,-20.882,EUR/MWh,DE,DE,imbalance_price,Short,2026-09-16T08:18:27Z
2026-09-16T08:15:06Z,2026-09-16T10:15:06+0200,2f3d54eb-4233-4144-b05e-f166a3215a4a,2026-09-15T11:45:00Z,2026-09-15T13:45:00+0200,-3.578,EUR/MWh,DE,DE,imbalance_price,Long,2026-09-16T08:18:27Z
2026-09-16T08:15:06Z,2026-09-16T10:15:06+0200,2f3d54eb-4233-4144-b05e-f166a3215a4a,2026-09-15T11:45:00Z,2026-09-15T13:45:00+0200,-3.578,EUR/MWh,DE,DE,imbalance_price,Short,2026-09-16T08:18:27Z
2026-09-16T08:15:06Z,2026-09-16T10:15:06+0200,2f3d54eb-4233-4144-b05e-f166a3215a4a,2026-09-15T12:00:00Z,2026-09-15T14:00:00+0200,9.68,EUR/MWh,DE,DE,imbalance_price,Long,2026-09-16T08:18:27Z
2026-09-16T08:15:06Z,2026-09-16T10:15:06+0200,2f3d54eb-4233-4144-b05e-f166a3215a4a,2026-09-15T12:00:00Z,2026-09-15T14:00:00+0200,9.68,EUR/MWh,DE,DE,imbalance_price,Short,2026-09-16T08:18:27Z
2026-09-16T08:15:06Z,2026-09-16T10:15:06+0200,2f3d54eb-4233-4144-b05e-f166a3215a4a,2026-09-15T12:15:00Z,2026-09-15T14:15:00+0200,-146.034,EUR/MWh,DE,DE,imbalance_price,Long,2026-09-16T08:18:27Z
2026-09-16T08:15:06Z,2026-09-16T10:15:06+0200,2f3d54eb-4233-4144-b05e-f166a3215a4a,2026-09-15T12:15:00Z,2026-09-15T14:15:00+0200,-146.034,EUR/MWh,DE,DE,imbalance_price,Short,2026-09-16T08:18:27Z
2026-09-16T08:15:06Z,2026-09-16T10:15:06+0200,2f3d54eb-4233-4144-b05e-f166a3215a4a,2026-09-15T12:30:00Z,2026-09-15T14:30:00+0200,-3.113,EUR/MWh,DE,DE,imbalance_price,Long,2026-09-16T08:18:27Z
2026-09-16T08:15:06Z,2026-09-16T10:15:06+0200,2f3d54eb-4233-4144-b05e-f166a3215a4a,2026-09-15T12:30:00Z,2026-09-15T14:30:00+0200,-3.113,EUR/MWh,DE,DE,imbalance_price,Short,2026-09-16T08:18:27Z
2026-09-16T08:15:06Z,2026-09-16T10:15:06+0200,2f3d54eb-4233-4144-b05e-f166a3215a4a,2026-09-15T12:45:00Z,2026-09-15T14:45:00+0200,0.876,EUR/MWh,DE,DE,imbalance_price,Long,2026-09-16T08:18:27Z
2026-09-16T08:15:06Z,2026-09-16T10:15:06+0200,2f3d54eb-4233-4144-b05e-f166a3215a4a,2026-09-15T12:45:00Z,2026-09-15T14:45:00+0200,0.876,EUR/MWh,DE,DE,imbalance_price,Short,2026-09-16T08:18:27Z
2026-09-16T08:15:06Z,2026-09-16T10:15:06+0200,2f3d54eb-4233-4144-b05e-f166a3215a4a,2026-09-15T13:00:00Z,2026-09-15T15:00:00+0200,-8.309,EUR/MWh,DE,DE,imbalance_price,Long,2026-09-16T08:18:27Z
2026-09-16T08:15:06Z,2026-09-16T10:15:06+0200,2f3d54eb-4233-4144-b05e-f166a3215a4a,2026-09-15T13:00:00Z,2026-09-15T15:00:00+0200,-8.309,EUR/MWh,DE,DE,imbalance_price,Short,2026-09-16T08:18:27Z
2026-09-16T08:15:06Z,2026-09-16T10:15:06+0200,2f3d54eb-4233-4144-b05e-f166a3215a4a,2026-09-15T13:15:00Z,2026-09-15T15:15:00+0200,134.991,EUR/MWh,DE,DE,imbalance_price,Long,2026-09-16T08:18:27Z
2026-09-16T08:15:06Z,2026-09-16T10:15:06+0200,2f3d54eb-4233-4144-b05e-f166a3215a4a,2026-09-15T13:15:00Z,2026-09-15T15:15:00+0200,134.991,EUR/MWh,DE,DE,imbalance_price,Short,2026-09-16T08:18:27Z
2026-09-16T08:15:06Z,2026-09-16T10:15:06+0200,2f3d54eb-4233-4144-b05e-f166a3215a4a,2026-09-15T13:30:00Z,2026-09-15T15:30:00+0200,-33.038,EUR/MWh,DE,DE,imbalance_price,Long,2026-09-16T08:18:27Z
2026-09-16T08:15:06Z,2026-09-16T10:15:06+0200,2f3d54eb-4233-4144-b05e-f166a3215a4a,2026-09-15T13:30:00Z,2026-09-15T15:30:00+0200,-33.038,EUR/MWh,DE,DE,imbalance_price,Short,2026-09-16T08:18:27Z
2026-09-16T08:15:06Z,2026-09-16T10:15:06+0200,2f3d54eb-4233-4144-b05e-f166a3215a4a,2026-09-15T13:45:00Z,2026-09-15T15:45:00+0200,-78.308,EUR/MWh,DE,DE,imbalance_price,Long,2026-09-16T08:18:27Z
2026-09-16T08:15:06Z,2026-09-16T10:15:06+0200,2f3d54eb-4233-4144-b05e-f166a3215a4a,2026-09-15T13:45:00Z,2026-09-15T15:45:00+0200,-78.308,EUR/MWh,DE,DE,imbalance_price,Short,2026-09-16T08:18:27Z
2026-09-16T08:15:06Z,2026-09-16T10:15:06+0200,2f3d54eb-4233-4144-b05e-f166a3215a4a,2026-09-15T14:00:00Z,2026-09-15T16:00:00+0200,-67.263,EUR/MWh,DE,DE,imbalance_price,Long,2026-09-16T08:18:27Z
2026-09-16T08:15:06Z,2026-09-16T10:15:06+0200,2f3d54eb-4233-4144-b05e-f166a3215a4a,2026-09-15T14:00:00Z,2026-09-15T16:00:00+0200,-67.263,EUR/MWh,DE,DE,imbalance_price,Short,2026-09-16T08:18:27Z
2026-09-16T08:15:06Z,2026-09-16T10:15:06+0200,2f3d54eb-4233-4144-b05e-f166a3215a4a,2026-09-15T14:15:00Z,2026-09-15T16:15:00+0200,-8.79,EUR/MWh,DE,DE,imbalance_price,Long,2026-09-16T08:18:27Z
2026-09-16T08:15:06Z,2026-09-16T10:15:06+0200,2f3d54eb-4233-4144-b05e-f166a3215a4a,2026-09-15T14:15:00Z,2026-09-15T16:15:00+0200,-8.79,EUR/MWh,DE,DE,imbalance_price,Short,2026-09-16T08:18:27Z
2026-09-16T08:15:06Z,2026-09-16T10:15:06+0200,2f3d54eb-4233-4144-b05e-f166a3215a4a,2026-09-15T14:30:00Z,2026-09-15T16:30:00+0200,58.481,EUR/MWh,DE,DE,imbalance_price,Long,2026-09-16T08:18:27Z
2026-09-16T08:15:06Z,2026-09-16T10:15:06+0200,2f3d54eb-4233-4144-b05e-f166a3215a4a,2026-09-15T14:30:00Z,2026-09-15T16:30:00+0200,58.481,EUR/MWh,DE,DE,imbalance_price,Short,2026-09-16T08:18:27Z
2026-09-16T08:15:06Z,2026-09-16T10:15:06+0200,2f3d54eb-4233-4144-b05e-f166a3215a4a,2026-09-15T14:45:00Z,2026-09-15T16:45:00+0200,26.813,EUR/MWh,DE,DE,imbalance_price,Long,2026-09-16T08:18:27Z
2026-09-16T08:15:06Z,2026-09-16T10:15:06+0200,2f3d54eb-4233-4144-b05e-f166a3215a4a,2026-09-15T14:45:00Z,2026-09-15T16:45:00+0200,26.813,EUR/MWh,DE,DE,imbalance_price,Short,2026-09-16T08:18:27Z
2026-09-16T08:15:06Z,2026-09-16T10:15:06+0200,2f3d54eb-4233-4144-b05e-f166a3215a4a,2026-09-15T15:00:00Z,2026-09-15T17:00:00+0200,14.288,EUR/MWh,DE,DE,imbalance_price,Long,2026-09-16T08:18:27Z
2026-09-16T08:15:06Z,2026-09-16T10:15:06+0200,2f3d54eb-4233-4144-b05e-f166a3215a4a,2026-09-15T15:00:00Z,2026-09-15T17:00:00+0200,14.288,EUR/MWh,DE,DE,imbalance_price,Short,2026-09-16T08:18:27Z
2026-09-16T08:15:06Z,2026-09-16T10:15:06+0200,2f3d54eb-4233-4144-b05e-f166a3215a4a,2026-09-15T15:15:00Z,2026-09-15T17:15:00+0200,17.131,EUR/MWh,DE,DE,imbalance_price,Long,2026-09-16T08:18:27Z
2026-09-16T08:15:06Z,2026-09-16T10:15:06+0200,2f3d54eb-4233-4144-b05e-f166a3215a4a,2026-09-15T15:15:00Z,2026-09-15T17:15:00+0200,17.131,EUR/MWh,DE,DE,imbalance_price,Short,2026-09-16T08:18:27Z
2026-09-16T08:15:06Z,2026-09-16T10:15:06+0200,2f3d54eb-4233-4144-b05e-f166a3215a4a,2026-09-15T15:30:00Z,2026-09-15T17:30:00+0200,231.606,EUR/MWh,DE,DE,imbalance_price,Long,2026-09-16T08:18:27Z
2026-09-16T08:15:06Z,2026-09-16T10:15:06+0200,2f3d54eb-4233-4144-b05e-f166a3215a4a,2026-09-15T15:30:00Z,2026-09-15T17:30:00+0200,231.606,EUR/MWh,DE,DE,imbalance_price,Short,2026-09-16T08:18:27Z
2026-09-16T08:15:06Z,2026-09-16T10:15:06+0200,2f3d54eb-4233-4144-b05e-f166a3215a4a,2026-09-15T15:45:00Z,2026-09-15T17:45:00+0200,309.831,EUR/MWh,DE,DE,imbalance_price,Long,2026-09-16T08:18:27Z
2026-09-16T08:15:06Z,2026-09-16T10:15:06+0200,2f3d54eb-4233-4144-b05e-f166a3215a4a,2026-09-15T15:45:00Z,2026-09-15T17:45:00+0200,309.831,EUR/MWh,DE,DE,imbalance_price,Short,2026-09-16T08:18:27Z
2026-09-16T08:15:06Z,2026-09-16T10:15:06+0200,2f3d54eb-4233-4144-b05e-f166a3215a4a,2026-09-15T16:00:00Z,2026-09-15T18:00:00+0200,215.545,EUR/MWh,DE,DE,imbalance_price,Long,2026-09-16T08:18:27Z
2026-09-16T08:15:06Z,2026-09-16T10:15:06+0200,2f3d54eb-4233-4144-b05e-f166a3215a4a,2026-09-15T16:00:00Z,2026-09-15T18:00:00+0200,215.545,EUR/MWh,DE,DE,imbalance_price,Short,2026-09-16T08:18:27Z
2026-09-16T08:15:06Z,2026-09-16T10:15:06+0200,2f3d54eb-4233-4144-b05e-f166a3215a4a,2026-09-15T16:15:00Z,2026-09-15T18:15:00+0200,264.725,EUR/MWh,DE,DE,imbalance_price,Long,2026-09-16T08:18:27Z
2026-09-16T08:15:06Z,2026-09-16T10:15:06+0200,2f3d54eb-4233-4144-b05e-f166a3215a4a,2026-09-15T16:15:00Z,2026-09-15T18:15:00+0200,264.725,EUR/MWh,DE,DE,imbalance_price,Short,2026-09-16T08:18:27Z
2026-09-16T08:15:06Z,2026-09-16T10:15:06+0200,2f3d54eb-4233-4144-b05e-f166a3215a4a,2026-09-15T16:30:00Z,2026-09-15T18:30:00+0200,339.863,EUR/MWh,DE,DE,imbalance_price,Long,2026-09-16T08:18:27Z
2026-09-16T08:15:06Z,2026-09-16T10:15:06+0200,2f3d54eb-4233-4144-b05e-f166a3215a4a,2026-09-15T16:30:00Z,2026-09-15T18:30:00+0200,339.863,EUR/MWh,DE,DE,imbalance_price,Short,2026-09-16T08:18:27Z
2026-09-16T08:15:06Z,2026-09-16T10:15:06+0200,2f3d54eb-4233-4144-b05e-f166a3215a4a,2026-09-15T16:45:00Z,2026-09-15T18:45:00+0200,413.636,EUR/MWh,DE,DE,imbalance_price,Long,2026-09-16T08:18:27Z
2026-09-16T08:15:06Z,2026-09-16T10:15:06+0200,2f3d54eb-4233-4144-b05e-f166a3215a4a,2026-09-15T16:45:00Z,2026-09-15T18:45:00+0200,413.636,EUR/MWh,DE,DE,imbalance_price,Short,2026-09-16T08:18:27Z
2026-09-16T08:15:06Z,2026-09-16T10:15:06+0200,2f3d54eb-4233-4144-b05e-f166a3215a4a,2026-09-15T17:00:00Z,2026-09-15T19:00:00+0200,204.575,EUR/MWh,DE,DE,imbalance_price,Long,2026-09-16T08:18:27Z
2026-09-16T08:15:06Z,2026-09-16T10:15:06+0200,2f3d54eb-4233-4144-b05e-f166a3215a4a,2026-09-15T17:00:00Z,2026-09-15T19:00:00+0200,204.575,EUR/MWh,DE,DE,imbalance_price,Short,2026-09-16T08:18:27Z
2026-09-16T08:15:06Z,2026-09-16T10:15:06+0200,2f3d54eb-4233-4144-b05e-f166a3215a4a,2026-09-15T17:15:00Z,2026-09-15T19:15:00+0200,197.307,EUR/MWh,DE,DE,imbalance_price,Long,2026-09-16T08:18:27Z
2026-09-16T08:15:06Z,2026-09-16T10:15:06+0200,2f3d54eb-4233-4144-b05e-f166a3215a4a,2026-09-15T17:15:00Z,2026-09-15T19:15:00+0200,197.307,EUR/MWh,DE,DE,imbalance_price,Short,2026-09-16T08:18:27Z
2026-09-16T08:15:06Z,2026-09-16T10:15:06+0200,2f3d54eb-4233-4144-b05e-f166a3215a4a,2026-09-15T17:30:00Z,2026-09-15T19:30:00+0200,230.612,EUR/MWh,DE,DE,imbalance_price,Long,2026-09-16T08:18:27Z
2026-09-16T08:15:06Z,2026-09-16T10:15:06+0200,2f3d54eb-4233-4144-b05e-f166a3215a4a,2026-09-15T17:30:00Z,2026-09-15T19:30:00+0200,230.612,EUR/MWh,DE,DE,imbalance_price,Short,2026-09-16T08:18:27Z
2026-09-16T08:15:06Z,2026-09-16T10:15:06+0200,2f3d54eb-4233-4144-b05e-f166a3215a4a,2026-09-15T17:45:00Z,2026-09-15T19:45:00+0200,297.352,EUR/MWh,DE,DE,imbalance_price,Long,2026-09-16T08:18:27Z
2026-09-16T08:15:06Z,2026-09-16T10:15:06+0200,2f3d54eb-4233-4144-b05e-f166a3215a4a,2026-09-15T17:45:00Z,2026-09-15T19:45:00+0200,297.352,EUR/MWh,DE,DE,imbalance_price,Short,2026-09-16T08:18:27Z
2026-09-16T08:15:06Z,2026-09-16T10:15:06+0200,2f3d54eb-4233-4144-b05e-f166a3215a4a,2026-09-15T18:00:00Z,2026-09-15T20:00:00+0200,395.325,EUR/MWh,DE,DE,imbalance_price,Long,2026-09-16T08:18:27Z
2026-09-16T08:15:06Z,2026-09-16T10:15:06+0200,2f3d54eb-4233-4144-b05e-f166a3215a4a,2026-09-15T18:00:00Z,2026-09-15T20:00:00+0200,395.325,EUR/MWh,DE,DE,imbalance_price,Short,2026-09-16T08:18:27Z
2026-09-16T08:15:06Z,2026-09-16T10:15:06+0200,2f3d54eb-4233-4144-b05e-f166a3215a4a,2026-09-15T18:15:00Z,2026-09-15T20:15:00+0200,223.35,EUR/MWh,DE,DE,imbalance_price,Long,2026-09-16T08:18:27Z
2026-09-16T08:15:06Z,2026-09-16T10:15:06+0200,2f3d54eb-4233-4144-b05e-f166a3215a4a,2026-09-15T18:15:00Z,2026-09-15T20:15:00+0200,223.35,EUR/MWh,DE,DE,imbalance_price,Short,2026-09-16T08:18:27Z
2026-09-16T08:15:06Z,2026-09-16T10:15:06+0200,2f3d54eb-4233-4144-b05e-f166a3215a4a,2026-09-15T18:30:00Z,2026-09-15T20:30:00+0200,183.805,EUR/MWh,DE,DE,imbalance_price,Long,2026-09-16T08:18:27Z
2026-09-16T08:15:06Z,2026-09-16T10:15:06+0200,2f3d54eb-4233-4144-b05e-f166a3215a4a,2026-09-15T18:30:00Z,2026-09-15T20:30:00+0200,183.805,EUR/MWh,DE,DE,imbalance_price,Short,2026-09-16T08:18:27Z
2026-09-16T08:15:06Z,2026-09-16T10:15:06+0200,2f3d54eb-4233-4144-b05e-f166a3215a4a,2026-09-15T18:45:00Z,2026-09-15T20:45:00+0200,240.403,EUR/MWh,DE,DE,imbalance_price,Long,2026-09-16T08:18:27Z
2026-09-16T08:15:06Z,2026-09-16T10:15:06+0200,2f3d54eb-4233-4144-b05e-f166a3215a4a,2026-09-15T18:45:00Z,2026-09-15T20:45:00+0200,240.403,EUR/MWh,DE,DE,imbalance_price,Short,2026-09-16T08:18:27Z
2026-09-16T08:15:06Z,2026-09-16T10:15:06+0200,2f3d54eb-4233-4144-b05e-f166a3215a4a,2026-09-15T19:00:00Z,2026-09-15T21:00:00+0200,291.44,EUR/MWh,DE,DE,imbalance_price,Long,2026-09-16T08:18:27Z
2026-09-16T08:15:06Z,2026-09-16T10:15:06+0200,2f3d54eb-4233-4144-b05e-f166a3215a4a,2026-09-15T19:00:00Z,2026-09-15T21:00:00+0200,291.44,EUR/MWh,DE,DE,imbalance_price,Short,2026-09-16T08:18:27Z
2026-09-16T08:15:06Z,2026-09-16T10:15:06+0200,2f3d54eb-4233-4144-b05e-f166a3215a4a,2026-09-15T19:15:00Z,2026-09-15T21:15:00+0200,262.321,EUR/MWh,DE,DE,imbalance_price,Long,2026-09-16T08:18:27Z
2026-09-16T08:15:06Z,2026-09-16T10:15:06+0200,2f3d54eb-4233-4144-b05e-f166a3215a4a,2026-09-15T19:15:00Z,2026-09-15T21:15:00+0200,262.321,EUR/MWh,DE,DE,imbalance_price,Short,2026-09-16T08:18:27Z
2026-09-16T08:15:06Z,2026-09-16T10:15:06+0200,2f3d54eb-4233-4144-b05e-f166a3215a4a,2026-09-15T19:30:00Z,2026-09-15T21:30:00+0200,165.955,EUR/MWh,DE,DE,imbalance_price,Long,2026-09-16T08:18:27Z
2026-09-16T08:15:06Z,2026-09-16T10:15:06+0200,2f3d54eb-4233-4144-b05e-f166a3215a4a,2026-09-15T19:30:00Z,2026-09-15T21:30:00+0200,165.955,EUR/MWh,DE,DE,imbalance_price,Short,2026-09-16T08:18:27Z
2026-09-16T08:15:06Z,2026-09-16T10:15:06+0200,2f3d54eb-4233-4144-b05e-f166a3215a4a,2026-09-15T19:45:00Z,2026-09-15T21:45:00+0200,159.583,EUR/MWh,DE,DE,imbalance_price,Long,2026-09-16T08:18:27Z
2026-09-16T08:15:06Z,2026-09-16T10:15:06+0200,2f3d54eb-4233-4144-b05e-f166a3215a4a,2026-09-15T19:45:00Z,2026-09-15T21:45:00+0200,159.583,EUR/MWh,DE,DE,imbalance_price,Short,2026-09-16T08:18:27Z
2026-09-16T08:15:06Z,2026-09-16T10:15:06+0200,2f3d54eb-4233-4144-b05e-f166a3215a4a,2026-09-15T20:00:00Z,2026-09-15T22:00:00+0200,203.273,EUR/MWh,DE,DE,imbalance_price,Long,2026-09-16T08:18:27Z
2026-09-16T08:15:06Z,2026-09-16T10:15:06+0200,2f3d54eb-4233-4144-b05e-f166a3215a4a,2026-09-15T20:00:00Z,2026-09-15T22:00:00+0200,203.273,EUR/MWh,DE,DE,imbalance_price,Short,2026-09-16T08:18:27Z
2026-09-16T08:15:06Z,2026-09-16T10:15:06+0200,2f3d54eb-4233-4144-b05e-f166a3215a4a,2026-09-15T20:15:00Z,2026-09-15T22:15:00+0200,162.888,EUR/MWh,DE,DE,imbalance_price,Long,2026-09-16T08:18:27Z
2026-09-16T08:15:06Z,2026-09-16T10:15:06+0200,2f3d54eb-4233-4144-b05e-f166a3215a4a,2026-09-15T20:15:00Z,2026-09-15T22:15:00+0200,162.888,EUR/MWh,DE,DE,imbalance_price,Short,2026-09-16T08:18:27Z
2026-09-16T08:15:06Z,2026-09-16T10:15:06+0200,2f3d54eb-4233-4144-b05e-f166a3215a4a,2026-09-15T20:30:00Z,2026-09-15T22:30:00+0200,157.66,EUR/MWh,DE,DE,imbalance_price,Long,2026-09-16T08:18:27Z
2026-09-16T08:15:06Z,2026-09-16T10:15:06+0200,2f3d54eb-4233-4144-b05e-f166a3215a4a,2026-09-15T20:30:00Z,2026-09-15T22:30:00+0200,157.66,EUR/MWh,DE,DE,imbalance_price,Short,2026-09-16T08:18:27Z
2026-09-16T08:15:06Z,2026-09-16T10:15:06+0200,2f3d54eb-4233-4144-b05e-f166a3215a4a,2026-09-15T20:45:00Z,2026-09-15T22:45:00+0200,117.58,EUR/MWh,DE,DE,imbalance_price,Long,2026-09-16T08:18:27Z
2026-09-16T08:15:06Z,2026-09-16T10:15:06+0200,2f3d54eb-4233-4144-b05e-f166a3215a4a,2026-09-15T20:45:00Z,2026-09-15T22:45:00+0200,117.58,EUR/MWh,DE,DE,imbalance_price,Short,2026-09-16T08:18:27Z
2026-09-16T08:15:06Z,2026-09-16T10:15:06+0200,2f3d54eb-4233-4144-b05e-f166a3215a4a,2026-09-15T21:00:00Z,2026-09-15T23:00:00+0200,105.464,EUR/MWh,DE,DE,imbalance_price,Long,2026-09-16T08:18:27Z
2026-09-16T08:15:06Z,2026-09-16T10:15:06+0200,2f3d54eb-4233-4144-b05e-f166a3215a4a,2026-09-15T21:00:00Z,2026-09-15T23:00:00+0200,105.464,EUR/MWh,DE,DE,imbalance_price,Short,2026-09-16T08:18:27Z
2026-09-16T08:15:06Z,2026-09-16T10:15:06+0200,2f3d54eb-4233-4144-b05e-f166a3215a4a,2026-09-15T21:15:00Z,2026-09-15T23:15:00+0200,86.679,EUR/MWh,DE,DE,imbalance_price,Long,2026-09-16T08:18:27Z
2026-09-16T08:15:06Z,2026-09-16T10:15:06+0200,2f3d54eb-4233-4144-b05e-f166a3215a4a,2026-09-15T21:15:00Z,2026-09-15T23:15:00+0200,86.679,EUR/MWh,DE,DE,imbalance_price,Short,2026-09-16T08:18:27Z
2026-09-16T08:15:06Z,2026-09-16T10:15:06+0200,2f3d54eb-4233-4144-b05e-f166a3215a4a,2026-09-15T21:30:00Z,2026-09-15T23:30:00+0200,139.064,EUR/MWh,DE,DE,imbalance_price,Long,2026-09-16T08:18:27Z
2026-09-16T08:15:06Z,2026-09-16T10:15:06+0200,2f3d54eb-4233-4144-b05e-f166a3215a4a,2026-09-15T21:30:00Z,2026-09-15T23:30:00+0200,139.064,EUR/MWh,DE,DE,imbalance_price,Short,2026-09-16T08:18:27Z
2026-09-16T08:15:06Z,2026-09-16T10:15:06+0200,2f3d54eb-4233-4144-b05e-f166a3215a4a,2026-09-15T21:45:00Z,2026-09-15T23:45:00+0200,117.765,EUR/MWh,DE,DE,imbalance_price,Long,2026-09-16T08:18:27Z
2026-09-16T08:15:06Z,2026-09-16T10:15:06+0200,2f3d54eb-4233-4144-b05e-f166a3215a4a,2026-09-15T21:45:00Z,2026-09-15T23:45:00+0200,117.765,EUR/MWh,DE,DE,imbalance_price,Short,2026-09-16T08:18:27Z
2026-09-16T08:15:06Z,2026-09-16T10:15:06+0200,2f3d54eb-4233-4144-b05e-f166a3215a4a,2026-09-15T22:00:00Z,2026-09-16T00:00:00+0200,121.575,EUR/MWh,DE,DE,imbalance_price,Long,2026-09-16T08:18:27Z
2026-09-16T08:15:06Z,2026-09-16T10:15:06+0200,2f3d54eb-4233-4144-b05e-f166a3215a4a,2026-09-15T22:00:00Z,2026-09-16T00:00:00+0200,121.575,EUR/MWh,DE,DE,imbalance_price,Short,2026-09-16T08:18:27Z
2026-09-16T08:15:06Z,2026-09-16T10:15:06+0200,2f3d54eb-4233-4144-b05e-f166a3215a4a,2026-09-15T22:15:00Z,2026-09-16T00:15:00+0200,104.999,EUR/MWh,DE,DE,imbalance_price,Long,2026-09-16T08:18:27Z
2026-09-16T08:15:06Z,2026-09-16T10:15:06+0200,2f3d54eb-4233-4144-b05e-f166a3215a4a,2026-09-15T22:15:00Z,2026-09-16T00:15:00+0200,104.999,EUR/MWh,DE,DE,imbalance_price,Short,2026-09-16T08:18:27Z
2026-09-16T08:15:06Z,2026-09-16T10:15:06+0200,2f3d54eb-4233-4144-b05e-f166a3215a4a,2026-09-15T22:30:00Z,2026-09-16T00:30:00+0200,157.274,EUR/MWh,DE,DE,imbalance_price,Long,2026-09-16T08:18:27Z
2026-09-16T08:15:06Z,2026-09-16T10:15:06+0200,2f3d54eb-4233-4144-b05e-f166a3215a4a,2026-09-15T22:30:00Z,2026-09-16T00:30:00+0200,157.274,EUR/MWh,DE,DE,imbalance_price,Short,2026-09-16T08:18:27Z
2026-09-16T08:15:06Z,2026-09-16T10:15:06+0200,2f3d54eb-4233-4144-b05e-f166a3215a4a,2026-09-15T22:45:00Z,2026-09-16T00:45:00+0200,158.623,EUR/MWh,DE,DE,imbalance_price,Long,2026-09-16T08:18:27Z
2026-09-16T08:15:06Z,2026-09-16T10:15:06+0200,2f3d54eb-4233-4144-b05e-f166a3215a4a,2026-09-15T22:45:00Z,2026-09-16T00:45:00+0200,158.623,EUR/MWh,DE,DE,imbalance_price,Short,2026-09-16T08:18:27Z
2026-09-16T08:15:06Z,2026-09-16T10:15:06+0200,2f3d54eb-4233-4144-b05e-f166a3215a4a,2026-09-15T23:00:00Z,2026-09-16T01:00:00+0200,161.081,EUR/MWh,DE,DE,imbalance_price,Long,2026-09-16T08:18:27Z
2026-09-16T08:15:06Z,2026-09-16T10:15:06+0200,2f3d54eb-4233-4144-b05e-f166a3215a4a,2026-09-15T23:00:00Z,2026-09-16T01:00:00+0200,161.081,EUR/MWh,DE,DE,imbalance_price,Short,2026-09-16T08:18:27Z
2026-09-16T08:15:06Z,2026-09-16T10:15:06+0200,2f3d54eb-4233-4144-b05e-f166a3215a4a,2026-09-15T23:15:00Z,2026-09-16T01:15:00+0200,146.094,EUR/MWh,DE,DE,imbalance_price,Long,2026-09-16T08:18:27Z
2026-09-16T08:15:06Z,2026-09-16T10:15:06+0200,2f3d54eb-4233-4144-b05e-f166a3215a4a,2026-09-15T23:15:00Z,2026-09-16T01:15:00+0200,146.094,EUR/MWh,DE,DE,imbalance_price,Short,2026-09-16T08:18:27Z
2026-09-16T08:15:06Z,2026-09-16T10:15:06+0200,2f3d54eb-4233-4144-b05e-f166a3215a4a,2026-09-15T23:30:00Z,2026-09-16T01:30:00+0200,109.354,EUR/MWh,DE,DE,imbalance_price,Long,2026-09-16T08:18:27Z
2026-09-16T08:15:06Z,2026-09-16T10:15:06+0200,2f3d54eb-4233-4144-b05e-f166a3215a4a,2026-09-15T23:30:00Z,2026-09-16T01:30:00+0200,109.354,EUR/MWh,DE,DE,imbalance_price,Short,2026-09-16T08:18:27Z
2026-09-16T08:15:06Z,2026-09-16T10:15:06+0200,2f3d54eb-4233-4144-b05e-f166a3215a4a,2026-09-15T23:45:00Z,2026-09-16T01:45:00+0200,119.737,EUR/MWh,DE,DE,imbalance_price,Long,2026-09-16T08:18:27Z
2026-09-16T08:15:06Z,2026-09-16T10:15:06+0200,2f3d54eb-4233-4144-b05e-f166a3215a4a,2026-09-15T23:45:00Z,2026-09-16T01:45:00+0200,119.737,EUR/MWh,DE,DE,imbalance_price,Short,2026-09-16T08:18:27Z
2026-09-16T08:15:06Z,2026-09-16T10:15:06+0200,2f3d54eb-4233-4144-b05e-f166a3215a4a,2026-09-16T00:00:00Z,2026-09-16T02:00:00+0200,184.611,EUR/MWh,DE,DE,imbalance_price,Long,2026-09-16T08:18:27Z
2026-09-16T08:15:06Z,2026-09-16T10:15:06+0200,2f3d54eb-4233-4144-b05e-f166a3215a4a,2026-09-16T00:00:00Z,2026-09-16T02:00:00+0200,184.611,EUR/MWh,DE,DE,imbalance_price,Short,2026-09-16T08:18:27Z
2026-09-16T08:15:06Z,2026-09-16T10:15:06+0200,2f3d54eb-4233-4144-b05e-f166a3215a4a,2026-09-16T00:15:00Z,2026-09-16T02:15:00+0200,191.935,EUR/MWh,DE,DE,imbalance_price,Long,2026-09-16T08:18:27Z
2026-09-16T08:15:06Z,2026-09-16T10:15:06+0200,2f3d54eb-4233-4144-b05e-f166a3215a4a,2026-09-16T00:15:00Z,2026-09-16T02:15:00+0200,191.935,EUR/MWh,DE,DE,imbalance_price,Short,2026-09-16T08:18:27Z
2026-09-16T08:15:06Z,2026-09-16T10:15:06+0200,2f3d54eb-4233-4144-b05e-f166a3215a4a,2026-09-16T00:30:00Z,2026-09-16T02:30:00+0200,154.755,EUR/MWh,DE,DE,imbalance_price,Long,2026-09-16T08:18:27Z
2026-09-16T08:15:06Z,2026-09-16T10:15:06+0200,2f3d54eb-4233-4144-b05e-f166a3215a4a,2026-09-16T00:30:00Z,2026-09-16T02:30:00+0200,154.755,EUR/MWh,DE,DE,imbalance_price,Short,2026-09-16T08:18:27Z
2026-09-16T08:15:06Z,2026-09-16T10:15:06+0200,2f3d54eb-4233-4144-b05e-f166a3215a4a,2026-09-16T00:45:00Z,2026-09-16T02:45:00+0200,121.906,EUR/MWh,DE,DE,imbalance_price,Long,2026-09-16T08:18:27Z
2026-09-16T08:15:06Z,2026-09-16T10:15:06+0200,2f3d54eb-4233-4144-b05e-f166a3215a4a,2026-09-16T00:45:00Z,2026-09-16T02:45:00+0200,121.906,EUR/MWh,DE,DE,imbalance_price,Short,2026-09-16T08:18:27Z
2026-09-16T08:15:06Z,2026-09-16T10:15:06+0200,2f3d54eb-4233-4144-b05e-f166a3215a4a,2026-09-16T01:00:00Z,2026-09-16T03:00:00+0200,156.62,EUR/MWh,DE,DE,imbalance_price,Long,2026-09-16T08:18:27Z
2026-09-16T08:15:06Z,2026-09-16T10:15:06+0200,2f3d54eb-4233-4144-b05e-f166a3215a4a,2026-09-16T01:00:00Z,2026-09-16T03:00:00+0200,156.62,EUR/MWh,DE,DE,imbalance_price,Short,2026-09-16T08:18:27Z
2026-09-16T08:15:06Z,2026-09-16T10:15:06+0200,2f3d54eb-4233-4144-b05e-f166a3215a4a,2026-09-16T01:15:00Z,2026-09-16T03:15:00+0200,141.752,EUR/MWh,DE,DE,imbalance_price,Long,2026-09-16T08:18:27Z
2026-09-16T08:15:06Z,2026-09-16T10:15:06+0200,2f3d54eb-4233-4144-b05e-f166a3215a4a,2026-09-16T01:15:00Z,2026-09-16T03:15:00+0200,141.752,EUR/MWh,DE,DE,imbalance_price,Short,2026-09-16T08:18:27Z
2026-09-16T08:15:06Z,2026-09-16T10:15:06+0200,2f3d54eb-4233-4144-b05e-f166a3215a4a,2026-09-16T01:30:00Z,2026-09-16T03:30:00+0200,126.306,EUR/MWh,DE,DE,imbalance_price,Long,2026-09-16T08:18:27Z
2026-09-16T08:15:06Z,2026-09-16T10:15:06+0200,2f3d54eb-4233-4144-b05e-f166a3215a4a,2026-09-16T01:30:00Z,2026-09-16T03:30:00+0200,126.306,EUR/MWh,DE,DE,imbalance_price,Short,2026-09-16T08:18:27Z
2026-09-16T08:15:06Z,2026-09-16T10:15:06+0200,2f3d54eb-4233-4144-b05e-f166a3215a4a,2026-09-16T01:45:00Z,2026-09-16T03:45:00+0200,110.257,EUR/MWh,DE,DE,imbalance_price,Long,2026-09-16T08:18:27Z
2026-09-16T08:15:06Z,2026-09-16T10:15:06+0200,2f3d54eb-4233-4144-b05e-f166a3215a4a,2026-09-16T01:45:00Z,2026-09-16T03:45:00+0200,110.257,EUR/MWh,DE,DE,imbalance_price,Short,2026-09-16T08:18:27Z
2026-09-16T08:15:06Z,2026-09-16T10:15:06+0200,2f3d54eb-4233-4144-b05e-f166a3215a4a,2026-09-16T02:00:00Z,2026-09-16T04:00:00+0200,135.017,EUR/MWh,DE,DE,imbalance_price,Long,2026-09-16T08:18:27Z
2026-09-16T08:15:06Z,2026-09-16T10:15:06+0200,2f3d54eb-4233-4144-b05e-f166a3215a4a,2026-09-16T02:00:00Z,2026-09-16T04:00:00+0200,135.017,EUR/MWh,DE,DE,imbalance_price,Short,2026-09-16T08:18:27Z
2026-09-16T08:15:06Z,2026-09-16T10:15:06+0200,2f3d54eb-4233-4144-b05e-f166a3215a4a,2026-09-16T02:15:00Z,2026-09-16T04:15:00+0200,118.227,EUR/MWh,DE,DE,imbalance_price,Long,2026-09-16T08:18:27Z
2026-09-16T08:15:06Z,2026-09-16T10:15:06+0200,2f3d54eb-4233-4144-b05e-f166a3215a4a,2026-09-16T02:15:00Z,2026-09-16T04:15:00+0200,118.227,EUR/MWh,DE,DE,imbalance_price,Short,2026-09-16T08:18:27Z
2026-09-16T08:15:06Z,2026-09-16T10:15:06+0200,2f3d54eb-4233-4144-b05e-f166a3215a4a,2026-09-16T02:30:00Z,2026-09-16T04:30:00+0200,163.742,EUR/MWh,DE,DE,imbalance_price,Long,2026-09-16T08:18:27Z
2026-09-16T08:15:06Z,2026-09-16T10:15:06+0200,2f3d54eb-4233-4144-b05e-f166a3215a4a,2026-09-16T02:30:00Z,2026-09-16T04:30:00+0200,163.742,EUR/MWh,DE,DE,imbalance_price,Short,2026-09-16T08:18:27Z
2026-09-16T08:15:06Z,2026-09-16T10:15:06+0200,2f3d54eb-4233-4144-b05e-f166a3215a4a,2026-09-16T02:45:00Z,2026-09-16T04:45:00+0200,196.313,EUR/MWh,DE,DE,imbalance_price,Long,2026-09-16T08:18:27Z
2026-09-16T08:15:06Z,2026-09-16T10:15:06+0200,2f3d54eb-4233-4144-b05e-f166a3215a4a,2026-09-16T02:45:00Z,2026-09-16T04:45:00+0200,196.313,EUR/MWh,DE,DE,imbalance_price,Short,2026-09-16T08:18:27Z
2026-09-16T08:15:06Z,2026-09-16T10:15:06+0200,2f3d54eb-4233-4144-b05e-f166a3215a4a,2026-09-16T03:00:00Z,2026-09-16T05:00:00+0200,200.271,EUR/MWh,DE,DE,imbalance_price,Long,2026-09-16T08:18:27Z
2026-09-16T08:15:06Z,2026-09-16T10:15:06+0200,2f3d54eb-4233-4144-b05e-f166a3215a4a,2026-09-16T03:00:00Z,2026-09-16T05:00:00+0200,200.271,EUR/MWh,DE,DE,imbalance_price,Short,2026-09-16T08:18:27Z
2026-09-16T08:15:06Z,2026-09-16T10:15:06+0200,2f3d54eb-4233-4144-b05e-f166a3215a4a,2026-09-16T03:15:00Z,2026-09-16T05:15:00+0200,218.999,EUR/MWh,DE,DE,imbalance_price,Long,2026-09-16T08:18:27Z
2026-09-16T08:15:06Z,2026-09-16T10:15:06+0200,2f3d54eb-4233-4144-b05e-f166a3215a4a,2026-09-16T03:15:00Z,2026-09-16T05:15:00+0200,218.999,EUR/MWh,DE,DE,imbalance_price,Short,2026-09-16T08:18:27Z
2026-09-16T08:15:06Z,2026-09-16T10:15:06+0200,2f3d54eb-4233-4144-b05e-f166a3215a4a,2026-09-16T03:30:00Z,2026-09-16T05:30:00+0200,221.988,EUR/MWh,DE,DE,imbalance_price,Long,2026-09-16T08:18:27Z
2026-09-16T08:15:06Z,2026-09-16T10:15:06+0200,2f3d54eb-4233-4144-b05e-f166a3215a4a,2026-09-16T03:30:00Z,2026-09-16T05:30:00+0200,221.988,EUR/MWh,DE,DE,imbalance_price,Short,2026-09-16T08:18:27Z
2026-09-16T08:15:06Z,2026-09-16T10:15:06+0200,2f3d54eb-4233-4144-b05e-f166a3215a4a,2026-09-16T03:45:00Z,2026-09-16T05:45:00+0200,217.196,EUR/MWh,DE,DE,imbalance_price,Long,2026-09-16T08:18:27Z
2026-09-16T08:15:06Z,2026-09-16T10:15:06+0200,2f3d54eb-4233-4144-b05e-f166a3215a4a,2026-09-16T03:45:00Z,2026-09-16T05:45:00+0200,217.196,EUR/MWh,DE,DE,imbalance_price,Short,2026-09-16T08:18:27Z
2026-09-16T08:15:06Z,2026-09-16T10:15:06+0200,2f3d54eb-4233-4144-b05e-f166a3215a4a,2026-09-16T04:00:00Z,2026-09-16T06:00:00+0200,154.53,EUR/MWh,DE,DE,imbalance_price,Long,2026-09-16T08:18:27Z
2026-09-16T08:15:06Z,2026-09-16T10:15:06+0200,2f3d54eb-4233-4144-b05e-f166a3215a4a,2026-09-16T04:00:00Z,2026-09-16T06:00:00+0200,154.53,EUR/MWh,DE,DE,imbalance_price,Short,2026-09-16T08:18:27Z
2026-09-16T08:15:06Z,2026-09-16T10:15:06+0200,2f3d54eb-4233-4144-b05e-f166a3215a4a,2026-09-16T04:15:00Z,2026-09-16T06:15:00+0200,219.745,EUR/MWh,DE,DE,imbalance_price,Long,2026-09-16T08:18:27Z
2026-09-16T08:15:06Z,2026-09-16T10:15:06+0200,2f3d54eb-4233-4144-b05e-f166a3215a4a,2026-09-16T04:15:00Z,2026-09-16T06:15:00+0200,219.745,EUR/MWh,DE,DE,imbalance_price,Short,2026-09-16T08:18:27Z
2026-09-16T08:15:06Z,2026-09-16T10:15:06+0200,2f3d54eb-4233-4144-b05e-f166a3215a4a,2026-09-16T04:30:00Z,2026-09-16T06:30:00+0200,251.674,EUR/MWh,DE,DE,imbalance_price,Long,2026-09-16T08:18:27Z
2026-09-16T08:15:06Z,2026-09-16T10:15:06+0200,2f3d54eb-4233-4144-b05e-f166a3215a4a,2026-09-16T04:30:00Z,2026-09-16T06:30:00+0200,251.674,EUR/MWh,DE,DE,imbalance_price,Short,2026-09-16T08:18:27Z
2026-09-16T08:15:06Z,2026-09-16T10:15:06+0200,2f3d54eb-4233-4144-b05e-f166a3215a4a,2026-09-16T04:45:00Z,2026-09-16T06:45:00+0200,270.261,EUR/MWh,DE,DE,imbalance_price,Long,2026-09-16T08:18:27Z
2026-09-16T08:15:06Z,2026-09-16T10:15:06+0200,2f3d54eb-4233-4144-b05e-f166a3215a4a,2026-09-16T04:45:00Z,2026-09-16T06:45:00+0200,270.261,EUR/MWh,DE,DE,imbalance_price,Short,2026-09-16T08:18:27Z
2026-09-16T08:15:06Z,2026-09-16T10:15:06+0200,2f3d54eb-4233-4144-b05e-f166a3215a4a,2026-09-16T05:00:00Z,2026-09-16T07:00:00+0200,164.94,EUR/MWh,DE,DE,imbalance_price,Long,2026-09-16T08:18:27Z
2026-09-16T08:15:06Z,2026-09-16T10:15:06+0200,2f3d54eb-4233-4144-b05e-f166a3215a4a,2026-09-16T05:00:00Z,2026-09-16T07:00:00+0200,164.94,EUR/MWh,DE,DE,imbalance_price,Short,2026-09-16T08:18:27Z
2026-09-16T08:15:06Z,2026-09-16T10:15:06+0200,2f3d54eb-4233-4144-b05e-f166a3215a4a,2026-09-16T05:15:00Z,2026-09-16T07:15:00+0200,156.27,EUR/MWh,DE,DE,imbalance_price,Long,2026-09-16T08:18:27Z
2026-09-16T08:15:06Z,2026-09-16T10:15:06+0200,2f3d54eb-4233-4144-b05e-f166a3215a4a,2026-09-16T05:15:00Z,2026-09-16T07:15:00+0200,156.27,EUR/MWh,DE,DE,imbalance_price,Short,2026-09-16T08:18:27Z
2026-09-16T08:15:06Z,2026-09-16T10:15:06+0200,2f3d54eb-4233-4144-b05e-f166a3215a4a,2026-09-16T05:30:00Z,2026-09-16T07:30:00+0200,160.307,EUR/MWh,DE,DE,imbalance_price,Long,2026-09-16T08:18:27Z
2026-09-16T08:15:06Z,2026-09-16T10:15:06+0200,2f3d54eb-4233-4144-b05e-f166a3215a4a,2026-09-16T05:30:00Z,2026-09-16T07:30:00+0200,160.307,EUR/MWh,DE,DE,imbalance_price,Short,2026-09-16T08:18:27Z
2026-09-16T08:15:06Z,2026-09-16T10:15:06+0200,2f3d54eb-4233-4144-b05e-f166a3215a4a,2026-09-16T05:45:00Z,2026-09-16T07:45:00+0200,237.819,EUR/MWh,DE,DE,imbalance_price,Long,2026-09-16T08:18:27Z
2026-09-16T08:15:06Z,2026-09-16T10:15:06+0200,2f3d54eb-4233-4144-b05e-f166a3215a4a,2026-09-16T05:45:00Z,2026-09-16T07:45:00+0200,237.819,EUR/MWh,DE,DE,imbalance_price,Short,2026-09-16T08:18:27Z
2026-09-16T08:15:06Z,2026-09-16T10:15:06+0200,2f3d54eb-4233-4144-b05e-f166a3215a4a,2026-09-16T06:00:00Z,2026-09-16T08:00:00+0200,203.453,EUR/MWh,DE,DE,imbalance_price,Long,2026-09-16T08:18:27Z
2026-09-16T08:15:06Z,2026-09-16T10:15:06+0200,2f3d54eb-4233-4144-b05e-f166a3215a4a,2026-09-16T06:00:00Z,2026-09-16T08:00:00+0200,203.453,EUR/MWh,DE,DE,imbalance_price,Short,2026-09-16T08:18:27Z
2026-09-16T08:15:06Z,2026-09-16T10:15:06+0200,2f3d54eb-4233-4144-b05e-f166a3215a4a,2026-09-16T06:15:00Z,2026-09-16T08:15:00+0200,239.702,EUR/MWh,DE,DE,imbalance_price,Long,2026-09-16T08:18:27Z
2026-09-16T08:15:06Z,2026-09-16T10:15:06+0200,2f3d54eb-4233-4144-b05e-f166a3215a4a,2026-09-16T06:15:00Z,2026-09-16T08:15:00+0200,239.702,EUR/MWh,DE,DE,imbalance_price,Short,2026-09-16T08:18:27Z
2026-09-16T08:15:06Z,2026-09-16T10:15:06+0200,2f3d54eb-4233-4144-b05e-f166a3215a4a,2026-09-16T06:30:00Z,2026-09-16T08:30:00+0200,215.755,EUR/MWh,DE,DE,imbalance_price,Long,2026-09-16T08:18:27Z
2026-09-16T08:15:06Z,2026-09-16T10:15:06+0200,2f3d54eb-4233-4144-b05e-f166a3215a4a,2026-09-16T06:30:00Z,2026-09-16T08:30:00+0200,215.755,EUR/MWh,DE,DE,imbalance_price,Short,2026-09-16T08:18:27Z
2026-09-16T08:15:06Z,2026-09-16T10:15:06+0200,2f3d54eb-4233-4144-b05e-f166a3215a4a,2026-09-16T06:45:00Z,2026-09-16T08:45:00+0200,239.61,EUR/MWh,DE,DE,imbalance_price,Long,2026-09-16T08:18:27Z
2026-09-16T08:15:06Z,2026-09-16T10:15:06+0200,2f3d54eb-4233-4144-b05e-f166a3215a4a,2026-09-16T06:45:00Z,2026-09-16T08:45:00+0200,239.61,EUR/MWh,DE,DE,imbalance_price,Short,2026-09-16T08:18:27Z
2026-09-16T08:15:06Z,2026-09-16T10:15:06+0200,2f3d54eb-4233-4144-b05e-f166a3215a4a,2026-09-16T07:00:00Z,2026-09-16T09:00:00+0200,288.062,EUR/MWh,DE,DE,imbalance_price,Long,2026-09-16T08:18:27Z
2026-09-16T08:15:06Z,2026-09-16T10:15:06+0200,2f3d54eb-4233-4144-b05e-f166a3215a4a,2026-09-16T07:00:00Z,2026-09-16T09:00:00+0200,288.062,EUR/MWh,DE,DE,imbalance_price,Short,2026-09-16T08:18:27Z
2026-09-16T08:15:06Z,2026-09-16T10:15:06+0200,2f3d54eb-4233-4144-b05e-f166a3215a4a,2026-09-16T07:15:00Z,2026-09-16T09:15:00+0200,289.314,EUR/MWh,DE,DE,imbalance_price,Long,2026-09-16T08:18:27Z
2026-09-16T08:15:06Z,2026-09-16T10:15:06+0200,2f3d54eb-4233-4144-b05e-f166a3215a4a,2026-09-16T07:15:00Z,2026-09-16T09:15:00+0200,289.314,EUR/MWh,DE,DE,imbalance_price,Short,2026-09-16T08:18:27Z
2026-09-16T08:15:06Z,2026-09-16T10:15:06+0200,2f3d54eb-4233-4144-b05e-f166a3215a4a,2026-09-16T07:30:00Z,2026-09-16T09:30:00+0200,135.238,EUR/MWh,DE,DE,imbalance_price,Long,2026-09-16T08:18:27Z
2026-09-16T08:15:06Z,2026-09-16T10:15:06+0200,2f3d54eb-4233-4144-b05e-f166a3215a4a,2026-09-16T07:30:00Z,2026-09-16T09:30:00+0200,135.238,EUR/MWh,DE,DE,imbalance_price,Short,2026-09-16T08:18:27Z
