collection_time_utc,collection_time_local,run_id,timestamp_utc,timestamp_local,value,unit,country,entsoe_area,variable,source,updated_at_utc
2026-09-11T12:47:50Z,2026-09-11T14:47:50+0200,238a513b-fef2-4d46-9eee-fcc4634b3251,2026-09-04T13:00:00Z,2026-09-04T15:00:00+0200,28208.14858,MW,DE,DE_LU,actual_onshore_wind_generation,Wind Onshore,2026-09-11T12:49:02Z
2026-09-11T12:47:50Z,2026-09-11T14:47:50+0200,238a513b-fef2-4d46-9eee-fcc4634b3251,2026-09-04T13:15:00Z,2026-09-04T15:15:00+0200,28946.94739,MW,DE,DE_LU,actual_onshore_wind_generation,Wind Onshore,2026-09-11T12:49:02Z
2026-09-11T12:47:50Z,2026-09-11T14:47:50+0200,238a513b-fef2-4d46-9eee-fcc4634b3251,2026-09-04T13:30:00Z,2026-09-04T15:30:00+0200,29727.72016,MW,DE,DE_LU,actual_onshore_wind_generation,Wind Onshore,2026-09-11T12:49:02Z
2026-09-11T12:47:50Z,2026-09-11T14:47:50+0200,238a513b-fef2-4d46-9eee-fcc4634b3251,2026-09-04T13:45:00Z,2026-09-04T15:45:00+0200,30983.66768,MW,DE,DE_LU,actual_onshore_wind_generation,Wind Onshore,2026-09-11T12:49:02Z
2026-09-11T12:47:50Z,2026-09-11T14:47:50+0200,238a513b-fef2-4d46-9eee-fcc4634b3251,2026-09-04T14:00:00Z,2026-09-04T16:00:00+0200,31977.36695,MW,DE,DE_LU,actual_onshore_wind_generation,Wind Onshore,2026-09-11T12:49:02Z
2026-09-11T12:47:50Z,2026-09-11T14:47:50+0200,238a513b-fef2-4d46-9eee-fcc4634b3251,2026-09-04T14:15:00Z,2026-09-04T16:15:00+0200,33362.58776,MW,DE,DE_LU,actual_onshore_wind_generation,Wind Onshore,2026-09-11T12:49:02Z
2026-09-11T12:47:50Z,2026-09-11T14:47:50+0200,238a513b-fef2-4d46-9eee-fcc4634b3251,2026-09-04T14:30:00Z,2026-09-04T16:30:00+0200,34768.59788,MW,DE,DE_LU,actual_onshore_wind_generation,Wind Onshore,2026-09-11T12:49:02Z
2026-09-11T12:47:50Z,2026-09-11T14:47:50+0200,238a513b-fef2-4d46-9eee-fcc4634b3251,2026-09-04T14:45:00Z,2026-09-04T16:45:00+0200,35759.3235,MW,DE,DE_LU,actual_onshore_wind_generation,Wind Onshore,2026-09-11T12:49:02Z
2026-09-11T12:47:50Z,2026-09-11T14:47:50+0200,238a513b-fef2-4d46-9eee-fcc4634b3251,2026-09-04T15:00:00Z,2026-09-04T17:00:00+0200,36007.17653,MW,DE,DE_LU,actual_onshore_wind_generation,Wind Onshore,2026-09-11T12:49:02Z
2026-09-11T12:47:50Z,2026-09-11T14:47:50+0200,238a513b-fef2-4d46-9eee-fcc4634b3251,2026-09-04T15:15:00Z,2026-09-04T17:15:00+0200,37782.6488,MW,DE,DE_LU,actual_onshore_wind_generation,Wind Onshore,2026-09-11T12:49:02Z
2026-09-11T12:47:50Z,2026-09-11T14:47:50+0200,238a513b-fef2-4d46-9eee-fcc4634b3251,2026-09-04T15:30:00Z,2026-09-04T17:30:00+0200,38087.04821,MW,DE,DE_LU,actual_onshore_wind_generation,Wind Onshore,2026-09-11T12:49:02Z
2026-09-11T12:47:50Z,2026-09-11T14:47:50+0200,238a513b-fef2-4d46-9eee-fcc4634b3251,2026-09-04T15:45:00Z,2026-09-04T17:45:00+0200,40017.25306,MW,DE,DE_LU,actual_onshore_wind_generation,Wind Onshore,2026-09-11T12:49:02Z
2026-09-11T12:47:50Z,2026-09-11T14:47:50+0200,238a513b-fef2-4d46-9eee-fcc4634b3251,2026-09-04T16:00:00Z,2026-09-04T18:00:00+0200,40736.76256,MW,DE,DE_LU,actual_onshore_wind_generation,Wind Onshore,2026-09-11T12:49:02Z
2026-09-11T12:47:50Z,2026-09-11T14:47:50+0200,238a513b-fef2-4d46-9eee-fcc4634b3251,2026-09-04T16:15:00Z,2026-09-04T18:15:00+0200,41864.44071,MW,DE,DE_LU,actual_onshore_wind_generation,Wind Onshore,2026-09-11T12:49:02Z
2026-09-11T12:47:50Z,2026-09-11T14:47:50+0200,238a513b-fef2-4d46-9eee-fcc4634b3251,2026-09-04T16:30:00Z,2026-09-04T18:30:00+0200,41500.87019,MW,DE,DE_LU,actual_onshore_wind_generation,Wind Onshore,2026-09-11T12:49:02Z
2026-09-11T12:47:50Z,2026-09-11T14:47:50+0200,238a513b-fef2-4d46-9eee-fcc4634b3251,2026-09-04T16:45:00Z,2026-09-04T18:45:00+0200,40837.15035,MW,DE,DE_LU,actual_onshore_wind_generation,Wind Onshore,2026-09-11T12:49:02Z
2026-09-11T12:47:50Z,2026-09-11T14:47:50+0200,238a513b-fef2-4d46-9eee-fcc4634b3251,2026-09-04T17:00:00Z,2026-09-04T19:00:00+0200,39580.01031,MW,DE,DE_LU,actual_onshore_wind_generation,Wind Onshore,2026-09-11T12:49:02Z
2026-09-11T12:47:50Z,2026-09-11T14:47:50+0200,238a513b-fef2-4d46-9eee-fcc4634b3251,2026-09-04T17:15:00Z,2026-09-04T19:15:00+0200,38321.87188,MW,DE,DE_LU,actual_onshore_wind_generation,Wind Onshore,2026-09-11T12:49:02Z
2026-09-11T12:47:50Z,2026-09-11T14:47:50+0200,238a513b-fef2-4d46-9eee-fcc4634b3251,2026-09-04T17:30:00Z,2026-09-04T19:30:00+0200,37586.41988,MW,DE,DE_LU,actual_onshore_wind_generation,Wind Onshore,2026-09-11T12:49:02Z
2026-09-11T12:47:50Z,2026-09-11T14:47:50+0200,238a513b-fef2-4d46-9eee-fcc4634b3251,2026-09-04T17:45:00Z,2026-09-04T19:45:00+0200,37488.22574,MW,DE,DE_LU,actual_onshore_wind_generation,Wind Onshore,2026-09-11T12:49:02Z
2026-09-11T12:47:50Z,2026-09-11T14:47:50+0200,238a513b-fef2-4d46-9eee-fcc4634b3251,2026-09-04T18:00:00Z,2026-09-04T20:00:00+0200,37075.7072,MW,DE,DE_LU,actual_onshore_wind_generation,Wind Onshore,2026-09-11T12:49:02Z
2026-09-11T12:47:50Z,2026-09-11T14:47:50+0200,238a513b-fef2-4d46-9eee-fcc4634b3251,2026-09-04T18:15:00Z,2026-09-04T20:15:00+0200,36479.2028,MW,DE,DE_LU,actual_onshore_wind_generation,Wind Onshore,2026-09-11T12:49:02Z
2026-09-11T12:47:50Z,2026-09-11T14:47:50+0200,238a513b-fef2-4d46-9eee-fcc4634b3251,2026-09-04T18:30:00Z,2026-09-04T20:30:00+0200,36603.88375,MW,DE,DE_LU,actual_onshore_wind_generation,Wind Onshore,2026-09-11T12:49:02Z
2026-09-11T12:47:50Z,2026-09-11T14:47:50+0200,238a513b-fef2-4d46-9eee-fcc4634b3251,2026-09-04T18:45:00Z,2026-09-04T20:45:00+0200,36492.06932,MW,DE,DE_LU,actual_onshore_wind_generation,Wind Onshore,2026-09-11T12:49:02Z
2026-09-11T12:47:50Z,2026-09-11T14:47:50+0200,238a513b-fef2-4d46-9eee-fcc4634b3251,2026-09-04T19:00:00Z,2026-09-04T21:00:00+0200,35376.68414,MW,DE,DE_LU,actual_onshore_wind_generation,Wind Onshore,2026-09-11T12:49:02Z
2026-09-11T12:47:50Z,2026-09-11T14:47:50+0200,238a513b-fef2-4d46-9eee-fcc4634b3251,2026-09-04T19:15:00Z,2026-09-04T21:15:00+0200,34825.0743,MW,DE,DE_LU,actual_onshore_wind_generation,Wind Onshore,2026-09-11T12:49:02Z
2026-09-11T12:47:50Z,2026-09-11T14:47:50+0200,238a513b-fef2-4d46-9eee-fcc4634b3251,2026-09-04T19:30:00Z,2026-09-04T21:30:00+0200,34616.3503,MW,DE,DE_LU,actual_onshore_wind_generation,Wind Onshore,2026-09-11T12:49:02Z
2026-09-11T12:47:50Z,2026-09-11T14:47:50+0200,238a513b-fef2-4d46-9eee-fcc4634b3251,2026-09-04T19:45:00Z,2026-09-04T21:45:00+0200,34526.47158,MW,DE,DE_LU,actual_onshore_wind_generation,Wind Onshore,2026-09-11T12:49:02Z
2026-09-11T12:47:50Z,2026-09-11T14:47:50+0200,238a513b-fef2-4d46-9eee-fcc4634b3251,2026-09-04T20:00:00Z,2026-09-04T22:00:00+0200,33193.06832,MW,DE,DE_LU,actual_onshore_wind_generation,Wind Onshore,2026-09-11T12:49:02Z
2026-09-11T12:47:50Z,2026-09-11T14:47:50+0200,238a513b-fef2-4d46-9eee-fcc4634b3251,2026-09-04T20:15:00Z,2026-09-04T22:15:00+0200,32924.48094,MW,DE,DE_LU,actual_onshore_wind_generation,Wind Onshore,2026-09-11T12:49:02Z
2026-09-11T12:47:50Z,2026-09-11T14:47:50+0200,238a513b-fef2-4d46-9eee-fcc4634b3251,2026-09-04T20:30:00Z,2026-09-04T22:30:00+0200,32444.45246,MW,DE,DE_LU,actual_onshore_wind_generation,Wind Onshore,2026-09-11T12:49:02Z
2026-09-11T12:47:50Z,2026-09-11T14:47:50+0200,238a513b-fef2-4d46-9eee-fcc4634b3251,2026-09-04T20:45:00Z,2026-09-04T22:45:00+0200,32436.11264,MW,DE,DE_LU,actual_onshore_wind_generation,Wind Onshore,2026-09-11T12:49:02Z
2026-09-11T12:47:50Z,2026-09-11T14:47:50+0200,238a513b-fef2-4d46-9eee-fcc4634b3251,2026-09-04T21:00:00Z,2026-09-04T23:00:00+0200,32579.2278,MW,DE,DE_LU,actual_onshore_wind_generation,Wind Onshore,2026-09-11T12:49:02Z
2026-09-11T12:47:50Z,2026-09-11T14:47:50+0200,238a513b-fef2-4d46-9eee-fcc4634b3251,2026-09-04T21:15:00Z,2026-09-04T23:15:00+0200,32486.50736,MW,DE,DE_LU,actual_onshore_wind_generation,Wind Onshore,2026-09-11T12:49:02Z
2026-09-11T12:47:50Z,2026-09-11T14:47:50+0200,238a513b-fef2-4d46-9eee-fcc4634b3251,2026-09-04T21:30:00Z,2026-09-04T23:30:00+0200,32165.58801,MW,DE,DE_LU,actual_onshore_wind_generation,Wind Onshore,2026-09-11T12:49:02Z
2026-09-11T12:47:50Z,2026-09-11T14:47:50+0200,238a513b-fef2-4d46-9eee-fcc4634b3251,2026-09-04T21:45:00Z,2026-09-04T23:45:00+0200,31921.77902,MW,DE,DE_LU,actual_onshore_wind_generation,Wind Onshore,2026-09-11T12:49:02Z
2026-09-11T12:47:50Z,2026-09-11T14:47:50+0200,238a513b-fef2-4d46-9eee-fcc4634b3251,2026-09-04T22:00:00Z,2026-09-05T00:00:00+0200,31475.36732,MW,DE,DE_LU,actual_onshore_wind_generation,Wind Onshore,2026-09-11T12:49:02Z
2026-09-11T12:47:50Z,2026-09-11T14:47:50+0200,238a513b-fef2-4d46-9eee-fcc4634b3251,2026-09-04T22:15:00Z,2026-09-05T00:15:00+0200,30784.74754,MW,DE,DE_LU,actual_onshore_wind_generation,Wind Onshore,2026-09-11T12:49:02Z
2026-09-11T12:47:50Z,2026-09-11T14:47:50+0200,238a513b-fef2-4d46-9eee-fcc4634b3251,2026-09-04T22:30:00Z,2026-09-05T00:30:00+0200,30051.27247,MW,DE,DE_LU,actual_onshore_wind_generation,Wind Onshore,2026-09-11T12:49:02Z
2026-09-11T12:47:50Z,2026-09-11T14:47:50+0200,238a513b-fef2-4d46-9eee-fcc4634b3251,2026-09-04T22:45:00Z,2026-09-05T00:45:00+0200,29500.58029,MW,DE,DE_LU,actual_onshore_wind_generation,Wind Onshore,2026-09-11T12:49:02Z
2026-09-11T12:47:50Z,2026-09-11T14:47:50+0200,238a513b-fef2-4d46-9eee-fcc4634b3251,2026-09-04T23:00:00Z,2026-09-05T01:00:00+0200,29422.33606,MW,DE,DE_LU,actual_onshore_wind_generation,Wind Onshore,2026-09-11T12:49:02Z
2026-09-11T12:47:50Z,2026-09-11T14:47:50+0200,238a513b-fef2-4d46-9eee-fcc4634b3251,2026-09-04T23:15:00Z,2026-09-05T01:15:00+0200,28932.03821,MW,DE,DE_LU,actual_onshore_wind_generation,Wind Onshore,2026-09-11T12:49:02Z
2026-09-11T12:47:50Z,2026-09-11T14:47:50+0200,238a513b-fef2-4d46-9eee-fcc4634b3251,2026-09-04T23:30:00Z,2026-09-05T01:30:00+0200,28029.76629,MW,DE,DE_LU,actual_onshore_wind_generation,Wind Onshore,2026-09-11T12:49:02Z
2026-09-11T12:47:50Z,2026-09-11T14:47:50+0200,238a513b-fef2-4d46-9eee-fcc4634b3251,2026-09-04T23:45:00Z,2026-09-05T01:45:00+0200,27710.37318,MW,DE,DE_LU,actual_onshore_wind_generation,Wind Onshore,2026-09-11T12:49:02Z
2026-09-11T12:47:50Z,2026-09-11T14:47:50+0200,238a513b-fef2-4d46-9eee-fcc4634b3251,2026-09-05T00:00:00Z,2026-09-05T02:00:00+0200,27192.87574,MW,DE,DE_LU,actual_onshore_wind_generation,Wind Onshore,2026-09-11T12:49:02Z
2026-09-11T12:47:50Z,2026-09-11T14:47:50+0200,238a513b-fef2-4d46-9eee-fcc4634b3251,2026-09-05T00:15:00Z,2026-09-05T02:15:00+0200,26931.3732,MW,DE,DE_LU,actual_onshore_wind_generation,Wind Onshore,2026-09-11T12:49:02Z
2026-09-11T12:47:50Z,2026-09-11T14:47:50+0200,238a513b-fef2-4d46-9eee-fcc4634b3251,2026-09-05T00:30:00Z,2026-09-05T02:30:00+0200,26810.91957,MW,DE,DE_LU,actual_onshore_wind_generation,Wind Onshore,2026-09-11T12:49:02Z
2026-09-11T12:47:50Z,2026-09-11T14:47:50+0200,238a513b-fef2-4d46-9eee-fcc4634b3251,2026-09-05T00:45:00Z,2026-09-05T02:45:00+0200,26742.49968,MW,DE,DE_LU,actual_onshore_wind_generation,Wind Onshore,2026-09-11T12:49:02Z
2026-09-11T12:47:50Z,2026-09-11T14:47:50+0200,238a513b-fef2-4d46-9eee-fcc4634b3251,2026-09-05T01:00:00Z,2026-09-05T03:00:00+0200,26477.00675,MW,DE,DE_LU,actual_onshore_wind_generation,Wind Onshore,2026-09-11T12:49:02Z
2026-09-11T12:47:50Z,2026-09-11T14:47:50+0200,238a513b-fef2-4d46-9eee-fcc4634b3251,2026-09-05T01:15:00Z,2026-09-05T03:15:00+0200,26271.63638,MW,DE,DE_LU,actual_onshore_wind_generation,Wind Onshore,2026-09-11T12:49:02Z
2026-09-11T12:47:50Z,2026-09-11T14:47:50+0200,238a513b-fef2-4d46-9eee-fcc4634b3251,2026-09-05T01:30:00Z,2026-09-05T03:30:00+0200,26254.09543,MW,DE,DE_LU,actual_onshore_wind_generation,Wind Onshore,2026-09-11T12:49:02Z
2026-09-11T12:47:50Z,2026-09-11T14:47:50+0200,238a513b-fef2-4d46-9eee-fcc4634b3251,2026-09-05T01:45:00Z,2026-09-05T03:45:00+0200,26044.80365,MW,DE,DE_LU,actual_onshore_wind_generation,Wind Onshore,2026-09-11T12:49:02Z
2026-09-11T12:47:50Z,2026-09-11T14:47:50+0200,238a513b-fef2-4d46-9eee-fcc4634b3251,2026-09-05T02:00:00Z,2026-09-05T04:00:00+0200,26195.3103,MW,DE,DE_LU,actual_onshore_wind_generation,Wind Onshore,2026-09-11T12:49:02Z
2026-09-11T12:47:50Z,2026-09-11T14:47:50+0200,238a513b-fef2-4d46-9eee-fcc4634b3251,2026-09-05T02:15:00Z,2026-09-05T04:15:00+0200,26173.79651,MW,DE,DE_LU,actual_onshore_wind_generation,Wind Onshore,2026-09-11T12:49:02Z
2026-09-11T12:47:50Z,2026-09-11T14:47:50+0200,238a513b-fef2-4d46-9eee-fcc4634b3251,2026-09-05T02:30:00Z,2026-09-05T04:30:00+0200,26055.51329,MW,DE,DE_LU,actual_onshore_wind_generation,Wind Onshore,2026-09-11T12:49:02Z
2026-09-11T12:47:50Z,2026-09-11T14:47:50+0200,238a513b-fef2-4d46-9eee-fcc4634b3251,2026-09-05T02:45:00Z,2026-09-05T04:45:00+0200,26299.29768,MW,DE,DE_LU,actual_onshore_wind_generation,Wind Onshore,2026-09-11T12:49:02Z
2026-09-11T12:47:50Z,2026-09-11T14:47:50+0200,238a513b-fef2-4d46-9eee-fcc4634b3251,2026-09-05T03:00:00Z,2026-09-05T05:00:00+0200,26528.1438,MW,DE,DE_LU,actual_onshore_wind_generation,Wind Onshore,2026-09-11T12:49:02Z
2026-09-11T12:47:50Z,2026-09-11T14:47:50+0200,238a513b-fef2-4d46-9eee-fcc4634b3251,2026-09-05T03:15:00Z,2026-09-05T05:15:00+0200,26385.23117,MW,DE,DE_LU,actual_onshore_wind_generation,Wind Onshore,2026-09-11T12:49:02Z
2026-09-11T12:47:50Z,2026-09-11T14:47:50+0200,238a513b-fef2-4d46-9eee-fcc4634b3251,2026-09-05T03:30:00Z,2026-09-05T05:30:00+0200,26164.70458,MW,DE,DE_LU,actual_onshore_wind_generation,Wind Onshore,2026-09-11T12:49:02Z
2026-09-11T12:47:50Z,2026-09-11T14:47:50+0200,238a513b-fef2-4d46-9eee-fcc4634b3251,2026-09-05T03:45:00Z,2026-09-05T05:45:00+0200,26092.10876,MW,DE,DE_LU,actual_onshore_wind_generation,Wind Onshore,2026-09-11T12:49:02Z
2026-09-11T12:47:50Z,2026-09-11T14:47:50+0200,238a513b-fef2-4d46-9eee-fcc4634b3251,2026-09-05T04:00:00Z,2026-09-05T06:00:00+0200,27136.38867,MW,DE,DE_LU,actual_onshore_wind_generation,Wind Onshore,2026-09-11T12:49:02Z
2026-09-11T12:47:50Z,2026-09-11T14:47:50+0200,238a513b-fef2-4d46-9eee-fcc4634b3251,2026-09-05T04:15:00Z,2026-09-05T06:15:00+0200,27207.1558,MW,DE,DE_LU,actual_onshore_wind_generation,Wind Onshore,2026-09-11T12:49:02Z
2026-09-11T12:47:50Z,2026-09-11T14:47:50+0200,238a513b-fef2-4d46-9eee-fcc4634b3251,2026-09-05T04:30:00Z,2026-09-05T06:30:00+0200,27087.56469,MW,DE,DE_LU,actual_onshore_wind_generation,Wind Onshore,2026-09-11T12:49:02Z
2026-09-11T12:47:50Z,2026-09-11T14:47:50+0200,238a513b-fef2-4d46-9eee-fcc4634b3251,2026-09-05T04:45:00Z,2026-09-05T06:45:00+0200,27231.76491,MW,DE,DE_LU,actual_onshore_wind_generation,Wind Onshore,2026-09-11T12:49:02Z
2026-09-11T12:47:50Z,2026-09-11T14:47:50+0200,238a513b-fef2-4d46-9eee-fcc4634b3251,2026-09-05T05:00:00Z,2026-09-05T07:00:00+0200,26086.31827,MW,DE,DE_LU,actual_onshore_wind_generation,Wind Onshore,2026-09-11T12:49:02Z
2026-09-11T12:47:50Z,2026-09-11T14:47:50+0200,238a513b-fef2-4d46-9eee-fcc4634b3251,2026-09-05T05:15:00Z,2026-09-05T07:15:00+0200,24772.07023,MW,DE,DE_LU,actual_onshore_wind_generation,Wind Onshore,2026-09-11T12:49:02Z
2026-09-11T12:47:50Z,2026-09-11T14:47:50+0200,238a513b-fef2-4d46-9eee-fcc4634b3251,2026-09-05T05:30:00Z,2026-09-05T07:30:00+0200,24346.23445,MW,DE,DE_LU,actual_onshore_wind_generation,Wind Onshore,2026-09-11T12:49:02Z
2026-09-11T12:47:50Z,2026-09-11T14:47:50+0200,238a513b-fef2-4d46-9eee-fcc4634b3251,2026-09-05T05:45:00Z,2026-09-05T07:45:00+0200,23799.38352,MW,DE,DE_LU,actual_onshore_wind_generation,Wind Onshore,2026-09-11T12:49:02Z
2026-09-11T12:47:50Z,2026-09-11T14:47:50+0200,238a513b-fef2-4d46-9eee-fcc4634b3251,2026-09-05T06:00:00Z,2026-09-05T08:00:00+0200,23765.62125,MW,DE,DE_LU,actual_onshore_wind_generation,Wind Onshore,2026-09-11T12:49:02Z
2026-09-11T12:47:50Z,2026-09-11T14:47:50+0200,238a513b-fef2-4d46-9eee-fcc4634b3251,2026-09-05T06:15:00Z,2026-09-05T08:15:00+0200,24018.85376,MW,DE,DE_LU,actual_onshore_wind_generation,Wind Onshore,2026-09-11T12:49:02Z
2026-09-11T12:47:50Z,2026-09-11T14:47:50+0200,238a513b-fef2-4d46-9eee-fcc4634b3251,2026-09-05T06:30:00Z,2026-09-05T08:30:00+0200,24094.69793,MW,DE,DE_LU,actual_onshore_wind_generation,Wind Onshore,2026-09-11T12:49:02Z
2026-09-11T12:47:50Z,2026-09-11T14:47:50+0200,238a513b-fef2-4d46-9eee-fcc4634b3251,2026-09-05T06:45:00Z,2026-09-05T08:45:00+0200,23941.36051,MW,DE,DE_LU,actual_onshore_wind_generation,Wind Onshore,2026-09-11T12:49:02Z
2026-09-11T12:47:50Z,2026-09-11T14:47:50+0200,238a513b-fef2-4d46-9eee-fcc4634b3251,2026-09-05T07:00:00Z,2026-09-05T09:00:00+0200,24043.52023,MW,DE,DE_LU,actual_onshore_wind_generation,Wind Onshore,2026-09-11T12:49:02Z
2026-09-11T12:47:50Z,2026-09-11T14:47:50+0200,238a513b-fef2-4d46-9eee-fcc4634b3251,2026-09-05T07:15:00Z,2026-09-05T09:15:00+0200,24152.89529,MW,DE,DE_LU,actual_onshore_wind_generation,Wind Onshore,2026-09-11T12:49:02Z
2026-09-11T12:47:50Z,2026-09-11T14:47:50+0200,238a513b-fef2-4d46-9eee-fcc4634b3251,2026-09-05T07:30:00Z,2026-09-05T09:30:00+0200,23875.44173,MW,DE,DE_LU,actual_onshore_wind_generation,Wind Onshore,2026-09-11T12:49:02Z
2026-09-11T12:47:50Z,2026-09-11T14:47:50+0200,238a513b-fef2-4d46-9eee-fcc4634b3251,2026-09-05T07:45:00Z,2026-09-05T09:45:00+0200,23502.3159,MW,DE,DE_LU,actual_onshore_wind_generation,Wind Onshore,2026-09-11T12:49:02Z
2026-09-11T12:47:50Z,2026-09-11T14:47:50+0200,238a513b-fef2-4d46-9eee-fcc4634b3251,2026-09-05T08:00:00Z,2026-09-05T10:00:00+0200,23351.88423,MW,DE,DE_LU,actual_onshore_wind_generation,Wind Onshore,2026-09-11T12:49:02Z
2026-09-11T12:47:50Z,2026-09-11T14:47:50+0200,238a513b-fef2-4d46-9eee-fcc4634b3251,2026-09-05T08:15:00Z,2026-09-05T10:15:00+0200,22930.52901,MW,DE,DE_LU,actual_onshore_wind_generation,Wind Onshore,2026-09-11T12:49:02Z
2026-09-11T12:47:50Z,2026-09-11T14:47:50+0200,238a513b-fef2-4d46-9eee-fcc4634b3251,2026-09-05T08:30:00Z,2026-09-05T10:30:00+0200,22338.37308,MW,DE,DE_LU,actual_onshore_wind_generation,Wind Onshore,2026-09-11T12:49:02Z
2026-09-11T12:47:50Z,2026-09-11T14:47:50+0200,238a513b-fef2-4d46-9eee-fcc4634b3251,2026-09-05T08:45:00Z,2026-09-05T10:45:00+0200,21732.06248,MW,DE,DE_LU,actual_onshore_wind_generation,Wind Onshore,2026-09-11T12:49:02Z
2026-09-11T12:47:50Z,2026-09-11T14:47:50+0200,238a513b-fef2-4d46-9eee-fcc4634b3251,2026-09-05T09:00:00Z,2026-09-05T11:00:00+0200,22065.69362,MW,DE,DE_LU,actual_onshore_wind_generation,Wind Onshore,2026-09-11T12:49:02Z
2026-09-11T12:47:50Z,2026-09-11T14:47:50+0200,238a513b-fef2-4d46-9eee-fcc4634b3251,2026-09-05T09:15:00Z,2026-09-05T11:15:00+0200,22112.47676,MW,DE,DE_LU,actual_onshore_wind_generation,Wind Onshore,2026-09-11T12:49:02Z
2026-09-11T12:47:50Z,2026-09-11T14:47:50+0200,238a513b-fef2-4d46-9eee-fcc4634b3251,2026-09-05T09:30:00Z,2026-09-05T11:30:00+0200,21342.76723,MW,DE,DE_LU,actual_onshore_wind_generation,Wind Onshore,2026-09-11T12:49:02Z
2026-09-11T12:47:50Z,2026-09-11T14:47:50+0200,238a513b-fef2-4d46-9eee-fcc4634b3251,2026-09-05T09:45:00Z,2026-09-05T11:45:00+0200,20629.05125,MW,DE,DE_LU,actual_onshore_wind_generation,Wind Onshore,2026-09-11T12:49:02Z
2026-09-11T12:47:50Z,2026-09-11T14:47:50+0200,238a513b-fef2-4d46-9eee-fcc4634b3251,2026-09-05T10:00:00Z,2026-09-05T12:00:00+0200,18684.14605,MW,DE,DE_LU,actual_onshore_wind_generation,Wind Onshore,2026-09-11T12:49:02Z
2026-09-11T12:47:50Z,2026-09-11T14:47:50+0200,238a513b-fef2-4d46-9eee-fcc4634b3251,2026-09-05T10:15:00Z,2026-09-05T12:15:00+0200,17384.37682,MW,DE,DE_LU,actual_onshore_wind_generation,Wind Onshore,2026-09-11T12:49:02Z
2026-09-11T12:47:50Z,2026-09-11T14:47:50+0200,238a513b-fef2-4d46-9eee-fcc4634b3251,2026-09-05T10:30:00Z,2026-09-05T12:30:00+0200,17396.89951,MW,DE,DE_LU,actual_onshore_wind_generation,Wind Onshore,2026-09-11T12:49:02Z
2026-09-11T12:47:50Z,2026-09-11T14:47:50+0200,238a513b-fef2-4d46-9eee-fcc4634b3251,2026-09-05T10:45:00Z,2026-09-05T12:45:00+0200,17162.99527,MW,DE,DE_LU,actual_onshore_wind_generation,Wind Onshore,2026-09-11T12:49:02Z
2026-09-11T12:47:50Z,2026-09-11T14:47:50+0200,238a513b-fef2-4d46-9eee-fcc4634b3251,2026-09-05T11:00:00Z,2026-09-05T13:00:00+0200,17084.94363,MW,DE,DE_LU,actual_onshore_wind_generation,Wind Onshore,2026-09-11T12:49:02Z
2026-09-11T12:47:50Z,2026-09-11T14:47:50+0200,238a513b-fef2-4d46-9eee-fcc4634b3251,2026-09-05T11:15:00Z,2026-09-05T13:15:00+0200,16880.27036,MW,DE,DE_LU,actual_onshore_wind_generation,Wind Onshore,2026-09-11T12:49:02Z
2026-09-11T12:47:50Z,2026-09-11T14:47:50+0200,238a513b-fef2-4d46-9eee-fcc4634b3251,2026-09-05T11:30:00Z,2026-09-05T13:30:00+0200,17128.01802,MW,DE,DE_LU,actual_onshore_wind_generation,Wind Onshore,2026-09-11T12:49:02Z
2026-09-11T12:47:50Z,2026-09-11T14:47:50+0200,238a513b-fef2-4d46-9eee-fcc4634b3251,2026-09-05T11:45:00Z,2026-09-05T13:45:00+0200,17494.14556,MW,DE,DE_LU,actual_onshore_wind_generation,Wind Onshore,2026-09-11T12:49:02Z
2026-09-11T12:47:50Z,2026-09-11T14:47:50+0200,238a513b-fef2-4d46-9eee-fcc4634b3251,2026-09-05T12:00:00Z,2026-09-05T14:00:00+0200,16757.87668,MW,DE,DE_LU,actual_onshore_wind_generation,Wind Onshore,2026-09-11T12:49:02Z
2026-09-11T12:47:50Z,2026-09-11T14:47:50+0200,238a513b-fef2-4d46-9eee-fcc4634b3251,2026-09-05T12:15:00Z,2026-09-05T14:15:00+0200,16863.1884,MW,DE,DE_LU,actual_onshore_wind_generation,Wind Onshore,2026-09-11T12:49:02Z
2026-09-11T12:47:50Z,2026-09-11T14:47:50+0200,238a513b-fef2-4d46-9eee-fcc4634b3251,2026-09-05T12:30:00Z,2026-09-05T14:30:00+0200,17263.90875,MW,DE,DE_LU,actual_onshore_wind_generation,Wind Onshore,2026-09-11T12:49:02Z
2026-09-11T12:47:50Z,2026-09-11T14:47:50+0200,238a513b-fef2-4d46-9eee-fcc4634b3251,2026-09-05T12:45:00Z,2026-09-05T14:45:00+0200,17226.35932,MW,DE,DE_LU,actual_onshore_wind_generation,Wind Onshore,2026-09-11T12:49:02Z
2026-09-11T12:47:50Z,2026-09-11T14:47:50+0200,238a513b-fef2-4d46-9eee-fcc4634b3251,2026-09-05T13:00:00Z,2026-09-05T15:00:00+0200,17288.8421,MW,DE,DE_LU,actual_onshore_wind_generation,Wind Onshore,2026-09-11T12:49:02Z
2026-09-11T12:47:50Z,2026-09-11T14:47:50+0200,238a513b-fef2-4d46-9eee-fcc4634b3251,2026-09-05T13:15:00Z,2026-09-05T15:15:00+0200,17173.19606,MW,DE,DE_LU,actual_onshore_wind_generation,Wind Onshore,2026-09-11T12:49:02Z
2026-09-11T12:47:50Z,2026-09-11T14:47:50+0200,238a513b-fef2-4d46-9eee-fcc4634b3251,2026-09-05T13:30:00Z,2026-09-05T15:30:00+0200,17548.08262,MW,DE,DE_LU,actual_onshore_wind_generation,Wind Onshore,2026-09-11T12:49:02Z
2026-09-11T12:47:50Z,2026-09-11T14:47:50+0200,238a513b-fef2-4d46-9eee-fcc4634b3251,2026-09-05T13:45:00Z,2026-09-05T15:45:00+0200,17748.59248,MW,DE,DE_LU,actual_onshore_wind_generation,Wind Onshore,2026-09-11T12:49:02Z
2026-09-11T12:47:50Z,2026-09-11T14:47:50+0200,238a513b-fef2-4d46-9eee-fcc4634b3251,2026-09-05T14:00:00Z,2026-09-05T16:00:00+0200,20453.0323,MW,DE,DE_LU,actual_onshore_wind_generation,Wind Onshore,2026-09-11T12:49:02Z
2026-09-11T12:47:50Z,2026-09-11T14:47:50+0200,238a513b-fef2-4d46-9eee-fcc4634b3251,2026-09-05T14:15:00Z,2026-09-05T16:15:00+0200,22767.06824,MW,DE,DE_LU,actual_onshore_wind_generation,Wind Onshore,2026-09-11T12:49:02Z
2026-09-11T12:47:50Z,2026-09-11T14:47:50+0200,238a513b-fef2-4d46-9eee-fcc4634b3251,2026-09-05T14:30:00Z,2026-09-05T16:30:00+0200,23382.26274,MW,DE,DE_LU,actual_onshore_wind_generation,Wind Onshore,2026-09-11T12:49:02Z
2026-09-11T12:47:50Z,2026-09-11T14:47:50+0200,238a513b-fef2-4d46-9eee-fcc4634b3251,2026-09-05T14:45:00Z,2026-09-05T16:45:00+0200,25710.95243,MW,DE,DE_LU,actual_onshore_wind_generation,Wind Onshore,2026-09-11T12:49:02Z
2026-09-11T12:47:50Z,2026-09-11T14:47:50+0200,238a513b-fef2-4d46-9eee-fcc4634b3251,2026-09-05T15:00:00Z,2026-09-05T17:00:00+0200,29208.76363,MW,DE,DE_LU,actual_onshore_wind_generation,Wind Onshore,2026-09-11T12:49:02Z
2026-09-11T12:47:50Z,2026-09-11T14:47:50+0200,238a513b-fef2-4d46-9eee-fcc4634b3251,2026-09-05T15:15:00Z,2026-09-05T17:15:00+0200,31215.91365,MW,DE,DE_LU,actual_onshore_wind_generation,Wind Onshore,2026-09-11T12:49:02Z
2026-09-11T12:47:50Z,2026-09-11T14:47:50+0200,238a513b-fef2-4d46-9eee-fcc4634b3251,2026-09-05T15:30:00Z,2026-09-05T17:30:00+0200,32972.44586,MW,DE,DE_LU,actual_onshore_wind_generation,Wind Onshore,2026-09-11T12:49:02Z
2026-09-11T12:47:50Z,2026-09-11T14:47:50+0200,238a513b-fef2-4d46-9eee-fcc4634b3251,2026-09-05T15:45:00Z,2026-09-05T17:45:00+0200,34565.59608,MW,DE,DE_LU,actual_onshore_wind_generation,Wind Onshore,2026-09-11T12:49:02Z
2026-09-11T12:47:50Z,2026-09-11T14:47:50+0200,238a513b-fef2-4d46-9eee-fcc4634b3251,2026-09-05T16:00:00Z,2026-09-05T18:00:00+0200,34297.15811,MW,DE,DE_LU,actual_onshore_wind_generation,Wind Onshore,2026-09-11T12:49:02Z
2026-09-11T12:47:50Z,2026-09-11T14:47:50+0200,238a513b-fef2-4d46-9eee-fcc4634b3251,2026-09-05T16:15:00Z,2026-09-05T18:15:00+0200,33422.31049,MW,DE,DE_LU,actual_onshore_wind_generation,Wind Onshore,2026-09-11T12:49:02Z
2026-09-11T12:47:50Z,2026-09-11T14:47:50+0200,238a513b-fef2-4d46-9eee-fcc4634b3251,2026-09-05T16:30:00Z,2026-09-05T18:30:00+0200,32811.43889,MW,DE,DE_LU,actual_onshore_wind_generation,Wind Onshore,2026-09-11T12:49:02Z
2026-09-11T12:47:50Z,2026-09-11T14:47:50+0200,238a513b-fef2-4d46-9eee-fcc4634b3251,2026-09-05T16:45:00Z,2026-09-05T18:45:00+0200,31352.46808,MW,DE,DE_LU,actual_onshore_wind_generation,Wind Onshore,2026-09-11T12:49:02Z
2026-09-11T12:47:50Z,2026-09-11T14:47:50+0200,238a513b-fef2-4d46-9eee-fcc4634b3251,2026-09-05T17:00:00Z,2026-09-05T19:00:00+0200,29529.5067,MW,DE,DE_LU,actual_onshore_wind_generation,Wind Onshore,2026-09-11T12:49:02Z
2026-09-11T12:47:50Z,2026-09-11T14:47:50+0200,238a513b-fef2-4d46-9eee-fcc4634b3251,2026-09-05T17:15:00Z,2026-09-05T19:15:00+0200,28258.05599,MW,DE,DE_LU,actual_onshore_wind_generation,Wind Onshore,2026-09-11T12:49:02Z
2026-09-11T12:47:50Z,2026-09-11T14:47:50+0200,238a513b-fef2-4d46-9eee-fcc4634b3251,2026-09-05T17:30:00Z,2026-09-05T19:30:00+0200,27518.45713,MW,DE,DE_LU,actual_onshore_wind_generation,Wind Onshore,2026-09-11T12:49:02Z
2026-09-11T12:47:50Z,2026-09-11T14:47:50+0200,238a513b-fef2-4d46-9eee-fcc4634b3251,2026-09-05T17:45:00Z,2026-09-05T19:45:00+0200,27492.26856,MW,DE,DE_LU,actual_onshore_wind_generation,Wind Onshore,2026-09-11T12:49:02Z
2026-09-11T12:47:50Z,2026-09-11T14:47:50+0200,238a513b-fef2-4d46-9eee-fcc4634b3251,2026-09-05T18:00:00Z,2026-09-05T20:00:00+0200,26741.49178,MW,DE,DE_LU,actual_onshore_wind_generation,Wind Onshore,2026-09-11T12:49:02Z
2026-09-11T12:47:50Z,2026-09-11T14:47:50+0200,238a513b-fef2-4d46-9eee-fcc4634b3251,2026-09-05T18:15:00Z,2026-09-05T20:15:00+0200,25988.81062,MW,DE,DE_LU,actual_onshore_wind_generation,Wind Onshore,2026-09-11T12:49:02Z
2026-09-11T12:47:50Z,2026-09-11T14:47:50+0200,238a513b-fef2-4d46-9eee-fcc4634b3251,2026-09-05T18:30:00Z,2026-09-05T20:30:00+0200,25848.37117,MW,DE,DE_LU,actual_onshore_wind_generation,Wind Onshore,2026-09-11T12:49:02Z
2026-09-11T12:47:50Z,2026-09-11T14:47:50+0200,238a513b-fef2-4d46-9eee-fcc4634b3251,2026-09-05T18:45:00Z,2026-09-05T20:45:00+0200,25835.40478,MW,DE,DE_LU,actual_onshore_wind_generation,Wind Onshore,2026-09-11T12:49:02Z
2026-09-11T12:47:50Z,2026-09-11T14:47:50+0200,238a513b-fef2-4d46-9eee-fcc4634b3251,2026-09-05T19:00:00Z,2026-09-05T21:00:00+0200,25407.60375,MW,DE,DE_LU,actual_onshore_wind_generation,Wind Onshore,2026-09-11T12:49:02Z
2026-09-11T12:47:50Z,2026-09-11T14:47:50+0200,238a513b-fef2-4d46-9eee-fcc4634b3251,2026-09-05T19:15:00Z,2026-09-05T21:15:00+0200,25345.28585,MW,DE,DE_LU,actual_onshore_wind_generation,Wind Onshore,2026-09-11T12:49:02Z
2026-09-11T12:47:50Z,2026-09-11T14:47:50+0200,238a513b-fef2-4d46-9eee-fcc4634b3251,2026-09-05T19:30:00Z,2026-09-05T21:30:00+0200,25551.53433,MW,DE,DE_LU,actual_onshore_wind_generation,Wind Onshore,2026-09-11T12:49:02Z
2026-09-11T12:47:50Z,2026-09-11T14:47:50+0200,238a513b-fef2-4d46-9eee-fcc4634b3251,2026-09-05T19:45:00Z,2026-09-05T21:45:00+0200,25481.7801,MW,DE,DE_LU,actual_onshore_wind_generation,Wind Onshore,2026-09-11T12:49:02Z
2026-09-11T12:47:50Z,2026-09-11T14:47:50+0200,238a513b-fef2-4d46-9eee-fcc4634b3251,2026-09-05T20:00:00Z,2026-09-05T22:00:00+0200,24233.20202,MW,DE,DE_LU,actual_onshore_wind_generation,Wind Onshore,2026-09-11T12:49:02Z
2026-09-11T12:47:50Z,2026-09-11T14:47:50+0200,238a513b-fef2-4d46-9eee-fcc4634b3251,2026-09-05T20:15:00Z,2026-09-05T22:15:00+0200,23904.01918,MW,DE,DE_LU,actual_onshore_wind_generation,Wind Onshore,2026-09-11T12:49:02Z
2026-09-11T12:47:50Z,2026-09-11T14:47:50+0200,238a513b-fef2-4d46-9eee-fcc4634b3251,2026-09-05T20:30:00Z,2026-09-05T22:30:00+0200,23590.49162,MW,DE,DE_LU,actual_onshore_wind_generation,Wind Onshore,2026-09-11T12:49:02Z
2026-09-11T12:47:50Z,2026-09-11T14:47:50+0200,238a513b-fef2-4d46-9eee-fcc4634b3251,2026-09-05T20:45:00Z,2026-09-05T22:45:00+0200,23402.63587,MW,DE,DE_LU,actual_onshore_wind_generation,Wind Onshore,2026-09-11T12:49:02Z
2026-09-11T12:47:50Z,2026-09-11T14:47:50+0200,238a513b-fef2-4d46-9eee-fcc4634b3251,2026-09-05T21:00:00Z,2026-09-05T23:00:00+0200,23245.50566,MW,DE,DE_LU,actual_onshore_wind_generation,Wind Onshore,2026-09-11T12:49:02Z
2026-09-11T12:47:50Z,2026-09-11T14:47:50+0200,238a513b-fef2-4d46-9eee-fcc4634b3251,2026-09-05T21:15:00Z,2026-09-05T23:15:00+0200,22946.04914,MW,DE,DE_LU,actual_onshore_wind_generation,Wind Onshore,2026-09-11T12:49:02Z
2026-09-11T12:47:50Z,2026-09-11T14:47:50+0200,238a513b-fef2-4d46-9eee-fcc4634b3251,2026-09-05T21:30:00Z,2026-09-05T23:30:00+0200,22447.82427,MW,DE,DE_LU,actual_onshore_wind_generation,Wind Onshore,2026-09-11T12:49:02Z
2026-09-11T12:47:50Z,2026-09-11T14:47:50+0200,238a513b-fef2-4d46-9eee-fcc4634b3251,2026-09-05T21:45:00Z,2026-09-05T23:45:00+0200,21799.11429,MW,DE,DE_LU,actual_onshore_wind_generation,Wind Onshore,2026-09-11T12:49:02Z
2026-09-11T12:47:50Z,2026-09-11T14:47:50+0200,238a513b-fef2-4d46-9eee-fcc4634b3251,2026-09-05T22:00:00Z,2026-09-06T00:00:00+0200,21325.66127,MW,DE,DE_LU,actual_onshore_wind_generation,Wind Onshore,2026-09-11T12:49:02Z
2026-09-11T12:47:50Z,2026-09-11T14:47:50+0200,238a513b-fef2-4d46-9eee-fcc4634b3251,2026-09-05T22:15:00Z,2026-09-06T00:15:00+0200,21233.855,MW,DE,DE_LU,actual_onshore_wind_generation,Wind Onshore,2026-09-11T12:49:02Z
2026-09-11T12:47:50Z,2026-09-11T14:47:50+0200,238a513b-fef2-4d46-9eee-fcc4634b3251,2026-09-05T22:30:00Z,2026-09-06T00:30:00+0200,21097.9471,MW,DE,DE_LU,actual_onshore_wind_generation,Wind Onshore,2026-09-11T12:49:02Z
2026-09-11T12:47:50Z,2026-09-11T14:47:50+0200,238a513b-fef2-4d46-9eee-fcc4634b3251,2026-09-05T22:45:00Z,2026-09-06T00:45:00+0200,20887.7835,MW,DE,DE_LU,actual_onshore_wind_generation,Wind Onshore,2026-09-11T12:49:02Z
2026-09-11T12:47:50Z,2026-09-11T14:47:50+0200,238a513b-fef2-4d46-9eee-fcc4634b3251,2026-09-05T23:00:00Z,2026-09-06T01:00:00+0200,20889.5432,MW,DE,DE_LU,actual_onshore_wind_generation,Wind Onshore,2026-09-11T12:49:02Z
2026-09-11T12:47:50Z,2026-09-11T14:47:50+0200,238a513b-fef2-4d46-9eee-fcc4634b3251,2026-09-05T23:15:00Z,2026-09-06T01:15:00+0200,20707.02818,MW,DE,DE_LU,actual_onshore_wind_generation,Wind Onshore,2026-09-11T12:49:02Z
2026-09-11T12:47:50Z,2026-09-11T14:47:50+0200,238a513b-fef2-4d46-9eee-fcc4634b3251,2026-09-05T23:30:00Z,2026-09-06T01:30:00+0200,20616.4725,MW,DE,DE_LU,actual_onshore_wind_generation,Wind Onshore,2026-09-11T12:49:02Z
2026-09-11T12:47:50Z,2026-09-11T14:47:50+0200,238a513b-fef2-4d46-9eee-fcc4634b3251,2026-09-05T23:45:00Z,2026-09-06T01:45:00+0200,20400.63005,MW,DE,DE_LU,actual_onshore_wind_generation,Wind Onshore,2026-09-11T12:49:02Z
2026-09-11T12:47:50Z,2026-09-11T14:47:50+0200,238a513b-fef2-4d46-9eee-fcc4634b3251,2026-09-06T00:00:00Z,2026-09-06T02:00:00+0200,20221.5618,MW,DE,DE_LU,actual_onshore_wind_generation,Wind Onshore,2026-09-11T12:49:02Z
2026-09-11T12:47:50Z,2026-09-11T14:47:50+0200,238a513b-fef2-4d46-9eee-fcc4634b3251,2026-09-06T00:15:00Z,2026-09-06T02:15:00+0200,19803.85675,MW,DE,DE_LU,actual_onshore_wind_generation,Wind Onshore,2026-09-11T12:49:02Z
2026-09-11T12:47:50Z,2026-09-11T14:47:50+0200,238a513b-fef2-4d46-9eee-fcc4634b3251,2026-09-06T00:30:00Z,2026-09-06T02:30:00+0200,19356.16629,MW,DE,DE_LU,actual_onshore_wind_generation,Wind Onshore,2026-09-11T12:49:02Z
2026-09-11T12:47:50Z,2026-09-11T14:47:50+0200,238a513b-fef2-4d46-9eee-fcc4634b3251,2026-09-06T00:45:00Z,2026-09-06T02:45:00+0200,18981.07931,MW,DE,DE_LU,actual_onshore_wind_generation,Wind Onshore,2026-09-11T12:49:02Z
2026-09-11T12:47:50Z,2026-09-11T14:47:50+0200,238a513b-fef2-4d46-9eee-fcc4634b3251,2026-09-06T01:00:00Z,2026-09-06T03:00:00+0200,18785.84121,MW,DE,DE_LU,actual_onshore_wind_generation,Wind Onshore,2026-09-11T12:49:02Z
2026-09-11T12:47:50Z,2026-09-11T14:47:50+0200,238a513b-fef2-4d46-9eee-fcc4634b3251,2026-09-06T01:15:00Z,2026-09-06T03:15:00+0200,18715.46045,MW,DE,DE_LU,actual_onshore_wind_generation,Wind Onshore,2026-09-11T12:49:02Z
2026-09-11T12:47:50Z,2026-09-11T14:47:50+0200,238a513b-fef2-4d46-9eee-fcc4634b3251,2026-09-06T01:30:00Z,2026-09-06T03:30:00+0200,18504.01383,MW,DE,DE_LU,actual_onshore_wind_generation,Wind Onshore,2026-09-11T12:49:02Z
2026-09-11T12:47:50Z,2026-09-11T14:47:50+0200,238a513b-fef2-4d46-9eee-fcc4634b3251,2026-09-06T01:45:00Z,2026-09-06T03:45:00+0200,18155.37869,MW,DE,DE_LU,actual_onshore_wind_generation,Wind Onshore,2026-09-11T12:49:02Z
2026-09-11T12:47:50Z,2026-09-11T14:47:50+0200,238a513b-fef2-4d46-9eee-fcc4634b3251,2026-09-06T02:00:00Z,2026-09-06T04:00:00+0200,17608.39845,MW,DE,DE_LU,actual_onshore_wind_generation,Wind Onshore,2026-09-11T12:49:02Z
2026-09-11T12:47:50Z,2026-09-11T14:47:50+0200,238a513b-fef2-4d46-9eee-fcc4634b3251,2026-09-06T02:15:00Z,2026-09-06T04:15:00+0200,17136.27086,MW,DE,DE_LU,actual_onshore_wind_generation,Wind Onshore,2026-09-11T12:49:02Z
2026-09-11T12:47:50Z,2026-09-11T14:47:50+0200,238a513b-fef2-4d46-9eee-fcc4634b3251,2026-09-06T02:30:00Z,2026-09-06T04:30:00+0200,16470.99718,MW,DE,DE_LU,actual_onshore_wind_generation,Wind Onshore,2026-09-11T12:49:02Z
2026-09-11T12:47:50Z,2026-09-11T14:47:50+0200,238a513b-fef2-4d46-9eee-fcc4634b3251,2026-09-06T02:45:00Z,2026-09-06T04:45:00+0200,15970.06003,MW,DE,DE_LU,actual_onshore_wind_generation,Wind Onshore,2026-09-11T12:49:02Z
2026-09-11T12:47:50Z,2026-09-11T14:47:50+0200,238a513b-fef2-4d46-9eee-fcc4634b3251,2026-09-06T03:00:00Z,2026-09-06T05:00:00+0200,15664.8415,MW,DE,DE_LU,actual_onshore_wind_generation,Wind Onshore,2026-09-11T12:49:02Z
2026-09-11T12:47:50Z,2026-09-11T14:47:50+0200,238a513b-fef2-4d46-9eee-fcc4634b3251,2026-09-06T03:15:00Z,2026-09-06T05:15:00+0200,15187.74052,MW,DE,DE_LU,actual_onshore_wind_generation,Wind Onshore,2026-09-11T12:49:02Z
2026-09-11T12:47:50Z,2026-09-11T14:47:50+0200,238a513b-fef2-4d46-9eee-fcc4634b3251,2026-09-06T03:30:00Z,2026-09-06T05:30:00+0200,14829.50781,MW,DE,DE_LU,actual_onshore_wind_generation,Wind Onshore,2026-09-11T12:49:02Z
2026-09-11T12:47:50Z,2026-09-11T14:47:50+0200,238a513b-fef2-4d46-9eee-fcc4634b3251,2026-09-06T03:45:00Z,2026-09-06T05:45:00+0200,14377.13773,MW,DE,DE_LU,actual_onshore_wind_generation,Wind Onshore,2026-09-11T12:49:02Z
2026-09-11T12:47:50Z,2026-09-11T14:47:50+0200,238a513b-fef2-4d46-9eee-fcc4634b3251,2026-09-06T04:00:00Z,2026-09-06T06:00:00+0200,14160.23677,MW,DE,DE_LU,actual_onshore_wind_generation,Wind Onshore,2026-09-11T12:49:02Z
2026-09-11T12:47:50Z,2026-09-11T14:47:50+0200,238a513b-fef2-4d46-9eee-fcc4634b3251,2026-09-06T04:15:00Z,2026-09-06T06:15:00+0200,13494.72905,MW,DE,DE_LU,actual_onshore_wind_generation,Wind Onshore,2026-09-11T12:49:02Z
2026-09-11T12:47:50Z,2026-09-11T14:47:50+0200,238a513b-fef2-4d46-9eee-fcc4634b3251,2026-09-06T04:30:00Z,2026-09-06T06:30:00+0200,13121.04408,MW,DE,DE_LU,actual_onshore_wind_generation,Wind Onshore,2026-09-11T12:49:02Z
2026-09-11T12:47:50Z,2026-09-11T14:47:50+0200,238a513b-fef2-4d46-9eee-fcc4634b3251,2026-09-06T04:45:00Z,2026-09-06T06:45:00+0200,13239.56319,MW,DE,DE_LU,actual_onshore_wind_generation,Wind Onshore,2026-09-11T12:49:02Z
2026-09-11T12:47:50Z,2026-09-11T14:47:50+0200,238a513b-fef2-4d46-9eee-fcc4634b3251,2026-09-06T05:00:00Z,2026-09-06T07:00:00+0200,12583.66178,MW,DE,DE_LU,actual_onshore_wind_generation,Wind Onshore,2026-09-11T12:49:02Z
2026-09-11T12:47:50Z,2026-09-11T14:47:50+0200,238a513b-fef2-4d46-9eee-fcc4634b3251,2026-09-06T05:15:00Z,2026-09-06T07:15:00+0200,11711.59973,MW,DE,DE_LU,actual_onshore_wind_generation,Wind Onshore,2026-09-11T12:49:02Z
2026-09-11T12:47:50Z,2026-09-11T14:47:50+0200,238a513b-fef2-4d46-9eee-fcc4634b3251,2026-09-06T05:30:00Z,2026-09-06T07:30:00+0200,11154.96326,MW,DE,DE_LU,actual_onshore_wind_generation,Wind Onshore,2026-09-11T12:49:02Z
2026-09-11T12:47:50Z,2026-09-11T14:47:50+0200,238a513b-fef2-4d46-9eee-fcc4634b3251,2026-09-06T05:45:00Z,2026-09-06T07:45:00+0200,10495.26786,MW,DE,DE_LU,actual_onshore_wind_generation,Wind Onshore,2026-09-11T12:49:02Z
2026-09-11T12:47:50Z,2026-09-11T14:47:50+0200,238a513b-fef2-4d46-9eee-fcc4634b3251,2026-09-06T06:00:00Z,2026-09-06T08:00:00+0200,9475.6217,MW,DE,DE_LU,actual_onshore_wind_generation,Wind Onshore,2026-09-11T12:49:02Z
2026-09-11T12:47:50Z,2026-09-11T14:47:50+0200,238a513b-fef2-4d46-9eee-fcc4634b3251,2026-09-06T06:15:00Z,2026-09-06T08:15:00+0200,8530.46424,MW,DE,DE_LU,actual_onshore_wind_generation,Wind Onshore,2026-09-11T12:49:02Z
2026-09-11T12:47:50Z,2026-09-11T14:47:50+0200,238a513b-fef2-4d46-9eee-fcc4634b3251,2026-09-06T06:30:00Z,2026-09-06T08:30:00+0200,7438.51082,MW,DE,DE_LU,actual_onshore_wind_generation,Wind Onshore,2026-09-11T12:49:02Z
2026-09-11T12:47:50Z,2026-09-11T14:47:50+0200,238a513b-fef2-4d46-9eee-fcc4634b3251,2026-09-06T06:45:00Z,2026-09-06T08:45:00+0200,6572.16699,MW,DE,DE_LU,actual_onshore_wind_generation,Wind Onshore,2026-09-11T12:49:02Z
2026-09-11T12:47:50Z,2026-09-11T14:47:50+0200,238a513b-fef2-4d46-9eee-fcc4634b3251,2026-09-06T07:00:00Z,2026-09-06T09:00:00+0200,6073.7583,MW,DE,DE_LU,actual_onshore_wind_generation,Wind Onshore,2026-09-11T12:49:02Z
2026-09-11T12:47:50Z,2026-09-11T14:47:50+0200,238a513b-fef2-4d46-9eee-fcc4634b3251,2026-09-06T07:15:00Z,2026-09-06T09:15:00+0200,5423.01888,MW,DE,DE_LU,actual_onshore_wind_generation,Wind Onshore,2026-09-11T12:49:02Z
2026-09-11T12:47:50Z,2026-09-11T14:47:50+0200,238a513b-fef2-4d46-9eee-fcc4634b3251,2026-09-06T07:30:00Z,2026-09-06T09:30:00+0200,4870.96173,MW,DE,DE_LU,actual_onshore_wind_generation,Wind Onshore,2026-09-11T12:49:02Z
2026-09-11T12:47:50Z,2026-09-11T14:47:50+0200,238a513b-fef2-4d46-9eee-fcc4634b3251,2026-09-06T07:45:00Z,2026-09-06T09:45:00+0200,4332.14764,MW,DE,DE_LU,actual_onshore_wind_generation,Wind Onshore,2026-09-11T12:49:02Z
2026-09-11T12:47:50Z,2026-09-11T14:47:50+0200,238a513b-fef2-4d46-9eee-fcc4634b3251,2026-09-06T08:00:00Z,2026-09-06T10:00:00+0200,4119.24402,MW,DE,DE_LU,actual_onshore_wind_generation,Wind Onshore,2026-09-11T12:49:02Z
2026-09-11T12:47:50Z,2026-09-11T14:47:50+0200,238a513b-fef2-4d46-9eee-fcc4634b3251,2026-09-06T08:15:00Z,2026-09-06T10:15:00+0200,3838.08479,MW,DE,DE_LU,actual_onshore_wind_generation,Wind Onshore,2026-09-11T12:49:02Z
2026-09-11T12:47:50Z,2026-09-11T14:47:50+0200,238a513b-fef2-4d46-9eee-fcc4634b3251,2026-09-06T08:30:00Z,2026-09-06T10:30:00+0200,3615.02821,MW,DE,DE_LU,actual_onshore_wind_generation,Wind Onshore,2026-09-11T12:49:02Z
2026-09-11T12:47:50Z,2026-09-11T14:47:50+0200,238a513b-fef2-4d46-9eee-fcc4634b3251,2026-09-06T08:45:00Z,2026-09-06T10:45:00+0200,3414.9972,MW,DE,DE_LU,actual_onshore_wind_generation,Wind Onshore,2026-09-11T12:49:02Z
2026-09-11T12:47:50Z,2026-09-11T14:47:50+0200,238a513b-fef2-4d46-9eee-fcc4634b3251,2026-09-06T09:00:00Z,2026-09-06T11:00:00+0200,3037.93077,MW,DE,DE_LU,actual_onshore_wind_generation,Wind Onshore,2026-09-11T12:49:02Z
2026-09-11T12:47:50Z,2026-09-11T14:47:50+0200,238a513b-fef2-4d46-9eee-fcc4634b3251,2026-09-06T09:15:00Z,2026-09-06T11:15:00+0200,2831.53252,MW,DE,DE_LU,actual_onshore_wind_generation,Wind Onshore,2026-09-11T12:49:02Z
2026-09-11T12:47:50Z,2026-09-11T14:47:50+0200,238a513b-fef2-4d46-9eee-fcc4634b3251,2026-09-06T09:30:00Z,2026-09-06T11:30:00+0200,2750.73526,MW,DE,DE_LU,actual_onshore_wind_generation,Wind Onshore,2026-09-11T12:49:02Z
2026-09-11T12:47:50Z,2026-09-11T14:47:50+0200,238a513b-fef2-4d46-9eee-fcc4634b3251,2026-09-06T09:45:00Z,2026-09-06T11:45:00+0200,2763.81798,MW,DE,DE_LU,actual_onshore_wind_generation,Wind Onshore,2026-09-11T12:49:02Z
2026-09-11T12:47:50Z,2026-09-11T14:47:50+0200,238a513b-fef2-4d46-9eee-fcc4634b3251,2026-09-06T10:00:00Z,2026-09-06T12:00:00+0200,2525.90878,MW,DE,DE_LU,actual_onshore_wind_generation,Wind Onshore,2026-09-11T12:49:02Z
2026-09-11T12:47:50Z,2026-09-11T14:47:50+0200,238a513b-fef2-4d46-9eee-fcc4634b3251,2026-09-06T10:15:00Z,2026-09-06T12:15:00+0200,2353.99356,MW,DE,DE_LU,actual_onshore_wind_generation,Wind Onshore,2026-09-11T12:49:02Z
2026-09-11T12:47:50Z,2026-09-11T14:47:50+0200,238a513b-fef2-4d46-9eee-fcc4634b3251,2026-09-06T10:30:00Z,2026-09-06T12:30:00+0200,2285.37727,MW,DE,DE_LU,actual_onshore_wind_generation,Wind Onshore,2026-09-11T12:49:02Z
2026-09-11T12:47:50Z,2026-09-11T14:47:50+0200,238a513b-fef2-4d46-9eee-fcc4634b3251,2026-09-06T10:45:00Z,2026-09-06T12:45:00+0200,2277.91665,MW,DE,DE_LU,actual_onshore_wind_generation,Wind Onshore,2026-09-11T12:49:02Z
2026-09-11T12:47:50Z,2026-09-11T14:47:50+0200,238a513b-fef2-4d46-9eee-fcc4634b3251,2026-09-06T11:00:00Z,2026-09-06T13:00:00+0200,2144.38979,MW,DE,DE_LU,actual_onshore_wind_generation,Wind Onshore,2026-09-11T12:49:02Z
2026-09-11T12:47:50Z,2026-09-11T14:47:50+0200,238a513b-fef2-4d46-9eee-fcc4634b3251,2026-09-06T11:15:00Z,2026-09-06T13:15:00+0200,2087.54413,MW,DE,DE_LU,actual_onshore_wind_generation,Wind Onshore,2026-09-11T12:49:02Z
2026-09-11T12:47:50Z,2026-09-11T14:47:50+0200,238a513b-fef2-4d46-9eee-fcc4634b3251,2026-09-06T11:30:00Z,2026-09-06T13:30:00+0200,2052.70368,MW,DE,DE_LU,actual_onshore_wind_generation,Wind Onshore,2026-09-11T12:49:02Z
2026-09-11T12:47:50Z,2026-09-11T14:47:50+0200,238a513b-fef2-4d46-9eee-fcc4634b3251,2026-09-06T11:45:00Z,2026-09-06T13:45:00+0200,1994.97985,MW,DE,DE_LU,actual_onshore_wind_generation,Wind Onshore,2026-09-11T12:49:02Z
2026-09-11T12:47:50Z,2026-09-11T14:47:50+0200,238a513b-fef2-4d46-9eee-fcc4634b3251,2026-09-06T12:00:00Z,2026-09-06T14:00:00+0200,1980.2204,MW,DE,DE_LU,actual_onshore_wind_generation,Wind Onshore,2026-09-11T12:49:02Z
2026-09-11T12:47:50Z,2026-09-11T14:47:50+0200,238a513b-fef2-4d46-9eee-fcc4634b3251,2026-09-06T12:15:00Z,2026-09-06T14:15:00+0200,1990.73177,MW,DE,DE_LU,actual_onshore_wind_generation,Wind Onshore,2026-09-11T12:49:02Z
2026-09-11T12:47:50Z,2026-09-11T14:47:50+0200,238a513b-fef2-4d46-9eee-fcc4634b3251,2026-09-06T12:30:00Z,2026-09-06T14:30:00+0200,1924.04844,MW,DE,DE_LU,actual_onshore_wind_generation,Wind Onshore,2026-09-11T12:49:02Z
2026-09-11T12:47:50Z,2026-09-11T14:47:50+0200,238a513b-fef2-4d46-9eee-fcc4634b3251,2026-09-06T12:45:00Z,2026-09-06T14:45:00+0200,1924.74453,MW,DE,DE_LU,actual_onshore_wind_generation,Wind Onshore,2026-09-11T12:49:02Z
2026-09-11T12:47:50Z,2026-09-11T14:47:50+0200,238a513b-fef2-4d46-9eee-fcc4634b3251,2026-09-06T13:00:00Z,2026-09-06T15:00:00+0200,1955.93194,MW,DE,DE_LU,actual_onshore_wind_generation,Wind Onshore,2026-09-11T12:49:02Z
2026-09-11T12:47:50Z,2026-09-11T14:47:50+0200,238a513b-fef2-4d46-9eee-fcc4634b3251,2026-09-06T13:15:00Z,2026-09-06T15:15:00+0200,1913.1574,MW,DE,DE_LU,actual_onshore_wind_generation,Wind Onshore,2026-09-11T12:49:02Z
2026-09-11T12:47:50Z,2026-09-11T14:47:50+0200,238a513b-fef2-4d46-9eee-fcc4634b3251,2026-09-06T13:30:00Z,2026-09-06T15:30:00+0200,1876.12628,MW,DE,DE_LU,actual_onshore_wind_generation,Wind Onshore,2026-09-11T12:49:02Z
2026-09-11T12:47:50Z,2026-09-11T14:47:50+0200,238a513b-fef2-4d46-9eee-fcc4634b3251,2026-09-06T13:45:00Z,2026-09-06T15:45:00+0200,1875.20775,MW,DE,DE_LU,actual_onshore_wind_generation,Wind Onshore,2026-09-11T12:49:02Z
2026-09-11T12:47:50Z,2026-09-11T14:47:50+0200,238a513b-fef2-4d46-9eee-fcc4634b3251,2026-09-06T14:00:00Z,2026-09-06T16:00:00+0200,2240.3732,MW,DE,DE_LU,actual_onshore_wind_generation,Wind Onshore,2026-09-11T12:49:02Z
2026-09-11T12:47:50Z,2026-09-11T14:47:50+0200,238a513b-fef2-4d46-9eee-fcc4634b3251,2026-09-06T14:15:00Z,2026-09-06T16:15:00+0200,2405.30033,MW,DE,DE_LU,actual_onshore_wind_generation,Wind Onshore,2026-09-11T12:49:02Z
2026-09-11T12:47:50Z,2026-09-11T14:47:50+0200,238a513b-fef2-4d46-9eee-fcc4634b3251,2026-09-06T14:30:00Z,2026-09-06T16:30:00+0200,2399.75443,MW,DE,DE_LU,actual_onshore_wind_generation,Wind Onshore,2026-09-11T12:49:02Z
2026-09-11T12:47:50Z,2026-09-11T14:47:50+0200,238a513b-fef2-4d46-9eee-fcc4634b3251,2026-09-06T14:45:00Z,2026-09-06T16:45:00+0200,2423.38234,MW,DE,DE_LU,actual_onshore_wind_generation,Wind Onshore,2026-09-11T12:49:02Z
2026-09-11T12:47:50Z,2026-09-11T14:47:50+0200,238a513b-fef2-4d46-9eee-fcc4634b3251,2026-09-06T15:00:00Z,2026-09-06T17:00:00+0200,2597.03497,MW,DE,DE_LU,actual_onshore_wind_generation,Wind Onshore,2026-09-11T12:49:02Z
2026-09-11T12:47:50Z,2026-09-11T14:47:50+0200,238a513b-fef2-4d46-9eee-fcc4634b3251,2026-09-06T15:15:00Z,2026-09-06T17:15:00+0200,2677.74513,MW,DE,DE_LU,actual_onshore_wind_generation,Wind Onshore,2026-09-11T12:49:02Z
2026-09-11T12:47:50Z,2026-09-11T14:47:50+0200,238a513b-fef2-4d46-9eee-fcc4634b3251,2026-09-06T15:30:00Z,2026-09-06T17:30:00+0200,2458.13987,MW,DE,DE_LU,actual_onshore_wind_generation,Wind Onshore,2026-09-11T12:49:02Z
2026-09-11T12:47:50Z,2026-09-11T14:47:50+0200,238a513b-fef2-4d46-9eee-fcc4634b3251,2026-09-06T15:45:00Z,2026-09-06T17:45:00+0200,2209.51924,MW,DE,DE_LU,actual_onshore_wind_generation,Wind Onshore,2026-09-11T12:49:02Z
2026-09-11T12:47:50Z,2026-09-11T14:47:50+0200,238a513b-fef2-4d46-9eee-fcc4634b3251,2026-09-06T16:00:00Z,2026-09-06T18:00:00+0200,1989.27058,MW,DE,DE_LU,actual_onshore_wind_generation,Wind Onshore,2026-09-11T12:49:02Z
2026-09-11T12:47:50Z,2026-09-11T14:47:50+0200,238a513b-fef2-4d46-9eee-fcc4634b3251,2026-09-06T16:15:00Z,2026-09-06T18:15:00+0200,1824.61926,MW,DE,DE_LU,actual_onshore_wind_generation,Wind Onshore,2026-09-11T12:49:02Z
2026-09-11T12:47:50Z,2026-09-11T14:47:50+0200,238a513b-fef2-4d46-9eee-fcc4634b3251,2026-09-06T16:30:00Z,2026-09-06T18:30:00+0200,1725.9221,MW,DE,DE_LU,actual_onshore_wind_generation,Wind Onshore,2026-09-11T12:49:02Z
2026-09-11T12:47:50Z,2026-09-11T14:47:50+0200,238a513b-fef2-4d46-9eee-fcc4634b3251,2026-09-06T16:45:00Z,2026-09-06T18:45:00+0200,1699.65995,MW,DE,DE_LU,actual_onshore_wind_generation,Wind Onshore,2026-09-11T12:49:02Z
2026-09-11T12:47:50Z,2026-09-11T14:47:50+0200,238a513b-fef2-4d46-9eee-fcc4634b3251,2026-09-06T17:00:00Z,2026-09-06T19:00:00+0200,1641.41528,MW,DE,DE_LU,actual_onshore_wind_generation,Wind Onshore,2026-09-11T12:49:02Z
2026-09-11T12:47:50Z,2026-09-11T14:47:50+0200,238a513b-fef2-4d46-9eee-fcc4634b3251,2026-09-06T17:15:00Z,2026-09-06T19:15:00+0200,1761.51683,MW,DE,DE_LU,actual_onshore_wind_generation,Wind Onshore,2026-09-11T12:49:02Z
2026-09-11T12:47:50Z,2026-09-11T14:47:50+0200,238a513b-fef2-4d46-9eee-fcc4634b3251,2026-09-06T17:30:00Z,2026-09-06T19:30:00+0200,2004.63246,MW,DE,DE_LU,actual_onshore_wind_generation,Wind Onshore,2026-09-11T12:49:02Z
2026-09-11T12:47:50Z,2026-09-11T14:47:50+0200,238a513b-fef2-4d46-9eee-fcc4634b3251,2026-09-06T17:45:00Z,2026-09-06T19:45:00+0200,2334.94528,MW,DE,DE_LU,actual_onshore_wind_generation,Wind Onshore,2026-09-11T12:49:02Z
2026-09-11T12:47:50Z,2026-09-11T14:47:50+0200,238a513b-fef2-4d46-9eee-fcc4634b3251,2026-09-06T18:00:00Z,2026-09-06T20:00:00+0200,2261.37766,MW,DE,DE_LU,actual_onshore_wind_generation,Wind Onshore,2026-09-11T12:49:02Z
2026-09-11T12:47:50Z,2026-09-11T14:47:50+0200,238a513b-fef2-4d46-9eee-fcc4634b3251,2026-09-06T18:15:00Z,2026-09-06T20:15:00+0200,2544.84469,MW,DE,DE_LU,actual_onshore_wind_generation,Wind Onshore,2026-09-11T12:49:02Z
2026-09-11T12:47:50Z,2026-09-11T14:47:50+0200,238a513b-fef2-4d46-9eee-fcc4634b3251,2026-09-06T18:30:00Z,2026-09-06T20:30:00+0200,3121.19442,MW,DE,DE_LU,actual_onshore_wind_generation,Wind Onshore,2026-09-11T12:49:02Z
2026-09-11T12:47:50Z,2026-09-11T14:47:50+0200,238a513b-fef2-4d46-9eee-fcc4634b3251,2026-09-06T18:45:00Z,2026-09-06T20:45:00+0200,3937.32201,MW,DE,DE_LU,actual_onshore_wind_generation,Wind Onshore,2026-09-11T12:49:02Z
2026-09-11T12:47:50Z,2026-09-11T14:47:50+0200,238a513b-fef2-4d46-9eee-fcc4634b3251,2026-09-06T19:00:00Z,2026-09-06T21:00:00+0200,4663.0746,MW,DE,DE_LU,actual_onshore_wind_generation,Wind Onshore,2026-09-11T12:49:02Z
2026-09-11T12:47:50Z,2026-09-11T14:47:50+0200,238a513b-fef2-4d46-9eee-fcc4634b3251,2026-09-06T19:15:00Z,2026-09-06T21:15:00+0200,5506.66996,MW,DE,DE_LU,actual_onshore_wind_generation,Wind Onshore,2026-09-11T12:49:02Z
2026-09-11T12:47:50Z,2026-09-11T14:47:50+0200,238a513b-fef2-4d46-9eee-fcc4634b3251,2026-09-06T19:30:00Z,2026-09-06T21:30:00+0200,6250.8068,MW,DE,DE_LU,actual_onshore_wind_generation,Wind Onshore,2026-09-11T12:49:02Z
2026-09-11T12:47:50Z,2026-09-11T14:47:50+0200,238a513b-fef2-4d46-9eee-fcc4634b3251,2026-09-06T19:45:00Z,2026-09-06T21:45:00+0200,7098.70676,MW,DE,DE_LU,actual_onshore_wind_generation,Wind Onshore,2026-09-11T12:49:02Z
2026-09-11T12:47:50Z,2026-09-11T14:47:50+0200,238a513b-fef2-4d46-9eee-fcc4634b3251,2026-09-06T20:00:00Z,2026-09-06T22:00:00+0200,7944.24109,MW,DE,DE_LU,actual_onshore_wind_generation,Wind Onshore,2026-09-11T12:49:02Z
2026-09-11T12:47:50Z,2026-09-11T14:47:50+0200,238a513b-fef2-4d46-9eee-fcc4634b3251,2026-09-06T20:15:00Z,2026-09-06T22:15:00+0200,8967.50355,MW,DE,DE_LU,actual_onshore_wind_generation,Wind Onshore,2026-09-11T12:49:02Z
2026-09-11T12:47:50Z,2026-09-11T14:47:50+0200,238a513b-fef2-4d46-9eee-fcc4634b3251,2026-09-06T20:30:00Z,2026-09-06T22:30:00+0200,9968.80937,MW,DE,DE_LU,actual_onshore_wind_generation,Wind Onshore,2026-09-11T12:49:02Z
2026-09-11T12:47:50Z,2026-09-11T14:47:50+0200,238a513b-fef2-4d46-9eee-fcc4634b3251,2026-09-06T20:45:00Z,2026-09-06T22:45:00+0200,10846.48045,MW,DE,DE_LU,actual_onshore_wind_generation,Wind Onshore,2026-09-11T12:49:02Z
2026-09-11T12:47:50Z,2026-09-11T14:47:50+0200,238a513b-fef2-4d46-9eee-fcc4634b3251,2026-09-06T21:00:00Z,2026-09-06T23:00:00+0200,11681.69895,MW,DE,DE_LU,actual_onshore_wind_generation,Wind Onshore,2026-09-11T12:49:02Z
2026-09-11T12:47:50Z,2026-09-11T14:47:50+0200,238a513b-fef2-4d46-9eee-fcc4634b3251,2026-09-06T21:15:00Z,2026-09-06T23:15:00+0200,12497.28749,MW,DE,DE_LU,actual_onshore_wind_generation,Wind Onshore,2026-09-11T12:49:02Z
2026-09-11T12:47:50Z,2026-09-11T14:47:50+0200,238a513b-fef2-4d46-9eee-fcc4634b3251,2026-09-06T21:30:00Z,2026-09-06T23:30:00+0200,13106.56762,MW,DE,DE_LU,actual_onshore_wind_generation,Wind Onshore,2026-09-11T12:49:02Z
2026-09-11T12:47:50Z,2026-09-11T14:47:50+0200,238a513b-fef2-4d46-9eee-fcc4634b3251,2026-09-06T21:45:00Z,2026-09-06T23:45:00+0200,13770.85343,MW,DE,DE_LU,actual_onshore_wind_generation,Wind Onshore,2026-09-11T12:49:02Z
2026-09-11T12:47:50Z,2026-09-11T14:47:50+0200,238a513b-fef2-4d46-9eee-fcc4634b3251,2026-09-06T22:00:00Z,2026-09-07T00:00:00+0200,13949.01732,MW,DE,DE_LU,actual_onshore_wind_generation,Wind Onshore,2026-09-11T12:49:02Z
2026-09-11T12:47:50Z,2026-09-11T14:47:50+0200,238a513b-fef2-4d46-9eee-fcc4634b3251,2026-09-06T22:15:00Z,2026-09-07T00:15:00+0200,14152.63979,MW,DE,DE_LU,actual_onshore_wind_generation,Wind Onshore,2026-09-11T12:49:02Z
2026-09-11T12:47:50Z,2026-09-11T14:47:50+0200,238a513b-fef2-4d46-9eee-fcc4634b3251,2026-09-06T22:30:00Z,2026-09-07T00:30:00+0200,14308.04377,MW,DE,DE_LU,actual_onshore_wind_generation,Wind Onshore,2026-09-11T12:49:02Z
2026-09-11T12:47:50Z,2026-09-11T14:47:50+0200,238a513b-fef2-4d46-9eee-fcc4634b3251,2026-09-06T22:45:00Z,2026-09-07T00:45:00+0200,14548.0428,MW,DE,DE_LU,actual_onshore_wind_generation,Wind Onshore,2026-09-11T12:49:02Z
2026-09-11T12:47:50Z,2026-09-11T14:47:50+0200,238a513b-fef2-4d46-9eee-fcc4634b3251,2026-09-06T23:00:00Z,2026-09-07T01:00:00+0200,14650.72487,MW,DE,DE_LU,actual_onshore_wind_generation,Wind Onshore,2026-09-11T12:49:02Z
2026-09-11T12:47:50Z,2026-09-11T14:47:50+0200,238a513b-fef2-4d46-9eee-fcc4634b3251,2026-09-06T23:15:00Z,2026-09-07T01:15:00+0200,14651.59809,MW,DE,DE_LU,actual_onshore_wind_generation,Wind Onshore,2026-09-11T12:49:02Z
2026-09-11T12:47:50Z,2026-09-11T14:47:50+0200,238a513b-fef2-4d46-9eee-fcc4634b3251,2026-09-06T23:30:00Z,2026-09-07T01:30:00+0200,14570.4458,MW,DE,DE_LU,actual_onshore_wind_generation,Wind Onshore,2026-09-11T12:49:02Z
2026-09-11T12:47:50Z,2026-09-11T14:47:50+0200,238a513b-fef2-4d46-9eee-fcc4634b3251,2026-09-06T23:45:00Z,2026-09-07T01:45:00+0200,14709.84826,MW,DE,DE_LU,actual_onshore_wind_generation,Wind Onshore,2026-09-11T12:49:02Z
2026-09-11T12:47:50Z,2026-09-11T14:47:50+0200,238a513b-fef2-4d46-9eee-fcc4634b3251,2026-09-07T00:00:00Z,2026-09-07T02:00:00+0200,14756.86724,MW,DE,DE_LU,actual_onshore_wind_generation,Wind Onshore,2026-09-11T12:49:02Z
2026-09-11T12:47:50Z,2026-09-11T14:47:50+0200,238a513b-fef2-4d46-9eee-fcc4634b3251,2026-09-07T00:15:00Z,2026-09-07T02:15:00+0200,14629.66642,MW,DE,DE_LU,actual_onshore_wind_generation,Wind Onshore,2026-09-11T12:49:02Z
2026-09-11T12:47:50Z,2026-09-11T14:47:50+0200,238a513b-fef2-4d46-9eee-fcc4634b3251,2026-09-07T00:30:00Z,2026-09-07T02:30:00+0200,14353.48274,MW,DE,DE_LU,actual_onshore_wind_generation,Wind Onshore,2026-09-11T12:49:02Z
2026-09-11T12:47:50Z,2026-09-11T14:47:50+0200,238a513b-fef2-4d46-9eee-fcc4634b3251,2026-09-07T00:45:00Z,2026-09-07T02:45:00+0200,14127.36633,MW,DE,DE_LU,actual_onshore_wind_generation,Wind Onshore,2026-09-11T12:49:02Z
2026-09-11T12:47:50Z,2026-09-11T14:47:50+0200,238a513b-fef2-4d46-9eee-fcc4634b3251,2026-09-07T01:00:00Z,2026-09-07T03:00:00+0200,13896.9154,MW,DE,DE_LU,actual_onshore_wind_generation,Wind Onshore,2026-09-11T12:49:02Z
2026-09-11T12:47:50Z,2026-09-11T14:47:50+0200,238a513b-fef2-4d46-9eee-fcc4634b3251,2026-09-07T01:15:00Z,2026-09-07T03:15:00+0200,13755.8791,MW,DE,DE_LU,actual_onshore_wind_generation,Wind Onshore,2026-09-11T12:49:02Z
2026-09-11T12:47:50Z,2026-09-11T14:47:50+0200,238a513b-fef2-4d46-9eee-fcc4634b3251,2026-09-07T01:30:00Z,2026-09-07T03:30:00+0200,13714.501,MW,DE,DE_LU,actual_onshore_wind_generation,Wind Onshore,2026-09-11T12:49:02Z
2026-09-11T12:47:50Z,2026-09-11T14:47:50+0200,238a513b-fef2-4d46-9eee-fcc4634b3251,2026-09-07T01:45:00Z,2026-09-07T03:45:00+0200,13756.92764,MW,DE,DE_LU,actual_onshore_wind_generation,Wind Onshore,2026-09-11T12:49:02Z
2026-09-11T12:47:50Z,2026-09-11T14:47:50+0200,238a513b-fef2-4d46-9eee-fcc4634b3251,2026-09-07T02:00:00Z,2026-09-07T04:00:00+0200,13785.04309,MW,DE,DE_LU,actual_onshore_wind_generation,Wind Onshore,2026-09-11T12:49:02Z
2026-09-11T12:47:50Z,2026-09-11T14:47:50+0200,238a513b-fef2-4d46-9eee-fcc4634b3251,2026-09-07T02:15:00Z,2026-09-07T04:15:00+0200,14017.01139,MW,DE,DE_LU,actual_onshore_wind_generation,Wind Onshore,2026-09-11T12:49:02Z
2026-09-11T12:47:50Z,2026-09-11T14:47:50+0200,238a513b-fef2-4d46-9eee-fcc4634b3251,2026-09-07T02:30:00Z,2026-09-07T04:30:00+0200,14010.70126,MW,DE,DE_LU,actual_onshore_wind_generation,Wind Onshore,2026-09-11T12:49:02Z
2026-09-11T12:47:50Z,2026-09-11T14:47:50+0200,238a513b-fef2-4d46-9eee-fcc4634b3251,2026-09-07T02:45:00Z,2026-09-07T04:45:00+0200,13980.92093,MW,DE,DE_LU,actual_onshore_wind_generation,Wind Onshore,2026-09-11T12:49:02Z
2026-09-11T12:47:50Z,2026-09-11T14:47:50+0200,238a513b-fef2-4d46-9eee-fcc4634b3251,2026-09-07T03:00:00Z,2026-09-07T05:00:00+0200,14083.048,MW,DE,DE_LU,actual_onshore_wind_generation,Wind Onshore,2026-09-11T12:49:02Z
2026-09-11T12:47:50Z,2026-09-11T14:47:50+0200,238a513b-fef2-4d46-9eee-fcc4634b3251,2026-09-07T03:15:00Z,2026-09-07T05:15:00+0200,13941.76434,MW,DE,DE_LU,actual_onshore_wind_generation,Wind Onshore,2026-09-11T12:49:02Z
2026-09-11T12:47:50Z,2026-09-11T14:47:50+0200,238a513b-fef2-4d46-9eee-fcc4634b3251,2026-09-07T03:30:00Z,2026-09-07T05:30:00+0200,13661.78989,MW,DE,DE_LU,actual_onshore_wind_generation,Wind Onshore,2026-09-11T12:49:02Z
2026-09-11T12:47:50Z,2026-09-11T14:47:50+0200,238a513b-fef2-4d46-9eee-fcc4634b3251,2026-09-07T03:45:00Z,2026-09-07T05:45:00+0200,13701.42926,MW,DE,DE_LU,actual_onshore_wind_generation,Wind Onshore,2026-09-11T12:49:02Z
2026-09-11T12:47:50Z,2026-09-11T14:47:50+0200,238a513b-fef2-4d46-9eee-fcc4634b3251,2026-09-07T04:00:00Z,2026-09-07T06:00:00+0200,13901.07142,MW,DE,DE_LU,actual_onshore_wind_generation,Wind Onshore,2026-09-11T12:49:02Z
2026-09-11T12:47:50Z,2026-09-11T14:47:50+0200,238a513b-fef2-4d46-9eee-fcc4634b3251,2026-09-07T04:15:00Z,2026-09-07T06:15:00+0200,13791.95435,MW,DE,DE_LU,actual_onshore_wind_generation,Wind Onshore,2026-09-11T12:49:02Z
2026-09-11T12:47:50Z,2026-09-11T14:47:50+0200,238a513b-fef2-4d46-9eee-fcc4634b3251,2026-09-07T04:30:00Z,2026-09-07T06:30:00+0200,13855.12897,MW,DE,DE_LU,actual_onshore_wind_generation,Wind Onshore,2026-09-11T12:49:02Z
2026-09-11T12:47:50Z,2026-09-11T14:47:50+0200,238a513b-fef2-4d46-9eee-fcc4634b3251,2026-09-07T04:45:00Z,2026-09-07T06:45:00+0200,14498.08422,MW,DE,DE_LU,actual_onshore_wind_generation,Wind Onshore,2026-09-11T12:49:02Z
2026-09-11T12:47:50Z,2026-09-11T14:47:50+0200,238a513b-fef2-4d46-9eee-fcc4634b3251,2026-09-07T05:00:00Z,2026-09-07T07:00:00+0200,14605.84905,MW,DE,DE_LU,actual_onshore_wind_generation,Wind Onshore,2026-09-11T12:49:02Z
2026-09-11T12:47:50Z,2026-09-11T14:47:50+0200,238a513b-fef2-4d46-9eee-fcc4634b3251,2026-09-07T05:15:00Z,2026-09-07T07:15:00+0200,14324.7273,MW,DE,DE_LU,actual_onshore_wind_generation,Wind Onshore,2026-09-11T12:49:02Z
2026-09-11T12:47:50Z,2026-09-11T14:47:50+0200,238a513b-fef2-4d46-9eee-fcc4634b3251,2026-09-07T05:30:00Z,2026-09-07T07:30:00+0200,14144.33159,MW,DE,DE_LU,actual_onshore_wind_generation,Wind Onshore,2026-09-11T12:49:02Z
2026-09-11T12:47:50Z,2026-09-11T14:47:50+0200,238a513b-fef2-4d46-9eee-fcc4634b3251,2026-09-07T05:45:00Z,2026-09-07T07:45:00+0200,14287.2105,MW,DE,DE_LU,actual_onshore_wind_generation,Wind Onshore,2026-09-11T12:49:02Z
2026-09-11T12:47:50Z,2026-09-11T14:47:50+0200,238a513b-fef2-4d46-9eee-fcc4634b3251,2026-09-07T06:00:00Z,2026-09-07T08:00:00+0200,14171.69853,MW,DE,DE_LU,actual_onshore_wind_generation,Wind Onshore,2026-09-11T12:49:02Z
2026-09-11T12:47:50Z,2026-09-11T14:47:50+0200,238a513b-fef2-4d46-9eee-fcc4634b3251,2026-09-07T06:15:00Z,2026-09-07T08:15:00+0200,13764.44524,MW,DE,DE_LU,actual_onshore_wind_generation,Wind Onshore,2026-09-11T12:49:02Z
2026-09-11T12:47:50Z,2026-09-11T14:47:50+0200,238a513b-fef2-4d46-9eee-fcc4634b3251,2026-09-07T06:30:00Z,2026-09-07T08:30:00+0200,13014.31074,MW,DE,DE_LU,actual_onshore_wind_generation,Wind Onshore,2026-09-11T12:49:02Z
2026-09-11T12:47:50Z,2026-09-11T14:47:50+0200,238a513b-fef2-4d46-9eee-fcc4634b3251,2026-09-07T06:45:00Z,2026-09-07T08:45:00+0200,12305.18647,MW,DE,DE_LU,actual_onshore_wind_generation,Wind Onshore,2026-09-11T12:49:02Z
2026-09-11T12:47:50Z,2026-09-11T14:47:50+0200,238a513b-fef2-4d46-9eee-fcc4634b3251,2026-09-07T07:00:00Z,2026-09-07T09:00:00+0200,11434.53583,MW,DE,DE_LU,actual_onshore_wind_generation,Wind Onshore,2026-09-11T12:49:02Z
2026-09-11T12:47:50Z,2026-09-11T14:47:50+0200,238a513b-fef2-4d46-9eee-fcc4634b3251,2026-09-07T07:15:00Z,2026-09-07T09:15:00+0200,10458.32241,MW,DE,DE_LU,actual_onshore_wind_generation,Wind Onshore,2026-09-11T12:49:02Z
2026-09-11T12:47:50Z,2026-09-11T14:47:50+0200,238a513b-fef2-4d46-9eee-fcc4634b3251,2026-09-07T07:30:00Z,2026-09-07T09:30:00+0200,9661.91461,MW,DE,DE_LU,actual_onshore_wind_generation,Wind Onshore,2026-09-11T12:49:02Z
2026-09-11T12:47:50Z,2026-09-11T14:47:50+0200,238a513b-fef2-4d46-9eee-fcc4634b3251,2026-09-07T07:45:00Z,2026-09-07T09:45:00+0200,9030.92752,MW,DE,DE_LU,actual_onshore_wind_generation,Wind Onshore,2026-09-11T12:49:02Z
2026-09-11T12:47:50Z,2026-09-11T14:47:50+0200,238a513b-fef2-4d46-9eee-fcc4634b3251,2026-09-07T08:00:00Z,2026-09-07T10:00:00+0200,8373.14955,MW,DE,DE_LU,actual_onshore_wind_generation,Wind Onshore,2026-09-11T12:49:02Z
2026-09-11T12:47:50Z,2026-09-11T14:47:50+0200,238a513b-fef2-4d46-9eee-fcc4634b3251,2026-09-07T08:15:00Z,2026-09-07T10:15:00+0200,7842.56604,MW,DE,DE_LU,actual_onshore_wind_generation,Wind Onshore,2026-09-11T12:49:02Z
2026-09-11T12:47:50Z,2026-09-11T14:47:50+0200,238a513b-fef2-4d46-9eee-fcc4634b3251,2026-09-07T08:30:00Z,2026-09-07T10:30:00+0200,7457.65424,MW,DE,DE_LU,actual_onshore_wind_generation,Wind Onshore,2026-09-11T12:49:02Z
2026-09-11T12:47:50Z,2026-09-11T14:47:50+0200,238a513b-fef2-4d46-9eee-fcc4634b3251,2026-09-07T08:45:00Z,2026-09-07T10:45:00+0200,7077.61657,MW,DE,DE_LU,actual_onshore_wind_generation,Wind Onshore,2026-09-11T12:49:02Z
2026-09-11T12:47:50Z,2026-09-11T14:47:50+0200,238a513b-fef2-4d46-9eee-fcc4634b3251,2026-09-07T09:00:00Z,2026-09-07T11:00:00+0200,6669.06427,MW,DE,DE_LU,actual_onshore_wind_generation,Wind Onshore,2026-09-11T12:49:02Z
2026-09-11T12:47:50Z,2026-09-11T14:47:50+0200,238a513b-fef2-4d46-9eee-fcc4634b3251,2026-09-07T09:15:00Z,2026-09-07T11:15:00+0200,6485.82456,MW,DE,DE_LU,actual_onshore_wind_generation,Wind Onshore,2026-09-11T12:49:02Z
2026-09-11T12:47:50Z,2026-09-11T14:47:50+0200,238a513b-fef2-4d46-9eee-fcc4634b3251,2026-09-07T09:30:00Z,2026-09-07T11:30:00+0200,6456.58555,MW,DE,DE_LU,actual_onshore_wind_generation,Wind Onshore,2026-09-11T12:49:02Z
2026-09-11T12:47:50Z,2026-09-11T14:47:50+0200,238a513b-fef2-4d46-9eee-fcc4634b3251,2026-09-07T09:45:00Z,2026-09-07T11:45:00+0200,6394.85323,MW,DE,DE_LU,actual_onshore_wind_generation,Wind Onshore,2026-09-11T12:49:02Z
2026-09-11T12:47:50Z,2026-09-11T14:47:50+0200,238a513b-fef2-4d46-9eee-fcc4634b3251,2026-09-07T10:00:00Z,2026-09-07T12:00:00+0200,6442.82561,MW,DE,DE_LU,actual_onshore_wind_generation,Wind Onshore,2026-09-11T12:49:02Z
2026-09-11T12:47:50Z,2026-09-11T14:47:50+0200,238a513b-fef2-4d46-9eee-fcc4634b3251,2026-09-07T10:15:00Z,2026-09-07T12:15:00+0200,6489.24734,MW,DE,DE_LU,actual_onshore_wind_generation,Wind Onshore,2026-09-11T12:49:02Z
2026-09-11T12:47:50Z,2026-09-11T14:47:50+0200,238a513b-fef2-4d46-9eee-fcc4634b3251,2026-09-07T10:30:00Z,2026-09-07T12:30:00+0200,6407.23436,MW,DE,DE_LU,actual_onshore_wind_generation,Wind Onshore,2026-09-11T12:49:02Z
2026-09-11T12:47:50Z,2026-09-11T14:47:50+0200,238a513b-fef2-4d46-9eee-fcc4634b3251,2026-09-07T10:45:00Z,2026-09-07T12:45:00+0200,6232.28659,MW,DE,DE_LU,actual_onshore_wind_generation,Wind Onshore,2026-09-11T12:49:02Z
2026-09-11T12:47:50Z,2026-09-11T14:47:50+0200,238a513b-fef2-4d46-9eee-fcc4634b3251,2026-09-07T11:00:00Z,2026-09-07T13:00:00+0200,6601.55813,MW,DE,DE_LU,actual_onshore_wind_generation,Wind Onshore,2026-09-11T12:49:02Z
2026-09-11T12:47:50Z,2026-09-11T14:47:50+0200,238a513b-fef2-4d46-9eee-fcc4634b3251,2026-09-07T11:15:00Z,2026-09-07T13:15:00+0200,6712.88703,MW,DE,DE_LU,actual_onshore_wind_generation,Wind Onshore,2026-09-11T12:49:02Z
2026-09-11T12:47:50Z,2026-09-11T14:47:50+0200,238a513b-fef2-4d46-9eee-fcc4634b3251,2026-09-07T11:30:00Z,2026-09-07T13:30:00+0200,7227.30765,MW,DE,DE_LU,actual_onshore_wind_generation,Wind Onshore,2026-09-11T12:49:02Z
2026-09-11T12:47:50Z,2026-09-11T14:47:50+0200,238a513b-fef2-4d46-9eee-fcc4634b3251,2026-09-07T11:45:00Z,2026-09-07T13:45:00+0200,7384.97098,MW,DE,DE_LU,actual_onshore_wind_generation,Wind Onshore,2026-09-11T12:49:02Z
2026-09-11T12:47:50Z,2026-09-11T14:47:50+0200,238a513b-fef2-4d46-9eee-fcc4634b3251,2026-09-07T12:00:00Z,2026-09-07T14:00:00+0200,7628.35929,MW,DE,DE_LU,actual_onshore_wind_generation,Wind Onshore,2026-09-11T12:49:02Z
2026-09-11T12:47:50Z,2026-09-11T14:47:50+0200,238a513b-fef2-4d46-9eee-fcc4634b3251,2026-09-07T12:15:00Z,2026-09-07T14:15:00+0200,8096.39054,MW,DE,DE_LU,actual_onshore_wind_generation,Wind Onshore,2026-09-11T12:49:02Z
2026-09-11T12:47:50Z,2026-09-11T14:47:50+0200,238a513b-fef2-4d46-9eee-fcc4634b3251,2026-09-07T12:30:00Z,2026-09-07T14:30:00+0200,8522.53479,MW,DE,DE_LU,actual_onshore_wind_generation,Wind Onshore,2026-09-11T12:49:02Z
2026-09-11T12:47:50Z,2026-09-11T14:47:50+0200,238a513b-fef2-4d46-9eee-fcc4634b3251,2026-09-07T12:45:00Z,2026-09-07T14:45:00+0200,8977.84654,MW,DE,DE_LU,actual_onshore_wind_generation,Wind Onshore,2026-09-11T12:49:02Z
2026-09-11T12:47:50Z,2026-09-11T14:47:50+0200,238a513b-fef2-4d46-9eee-fcc4634b3251,2026-09-07T13:00:00Z,2026-09-07T15:00:00+0200,9149.55134,MW,DE,DE_LU,actual_onshore_wind_generation,Wind Onshore,2026-09-11T12:49:02Z
2026-09-11T12:47:50Z,2026-09-11T14:47:50+0200,238a513b-fef2-4d46-9eee-fcc4634b3251,2026-09-07T13:15:00Z,2026-09-07T15:15:00+0200,9442.43505,MW,DE,DE_LU,actual_onshore_wind_generation,Wind Onshore,2026-09-11T12:49:02Z
2026-09-11T12:47:50Z,2026-09-11T14:47:50+0200,238a513b-fef2-4d46-9eee-fcc4634b3251,2026-09-07T13:30:00Z,2026-09-07T15:30:00+0200,9538.83062,MW,DE,DE_LU,actual_onshore_wind_generation,Wind Onshore,2026-09-11T12:49:02Z
2026-09-11T12:47:50Z,2026-09-11T14:47:50+0200,238a513b-fef2-4d46-9eee-fcc4634b3251,2026-09-07T13:45:00Z,2026-09-07T15:45:00+0200,9710.36417,MW,DE,DE_LU,actual_onshore_wind_generation,Wind Onshore,2026-09-11T12:49:02Z
2026-09-11T12:47:50Z,2026-09-11T14:47:50+0200,238a513b-fef2-4d46-9eee-fcc4634b3251,2026-09-07T14:00:00Z,2026-09-07T16:00:00+0200,9530.21549,MW,DE,DE_LU,actual_onshore_wind_generation,Wind Onshore,2026-09-11T12:49:02Z
2026-09-11T12:47:50Z,2026-09-11T14:47:50+0200,238a513b-fef2-4d46-9eee-fcc4634b3251,2026-09-07T14:15:00Z,2026-09-07T16:15:00+0200,10044.08386,MW,DE,DE_LU,actual_onshore_wind_generation,Wind Onshore,2026-09-11T12:49:02Z
2026-09-11T12:47:50Z,2026-09-11T14:47:50+0200,238a513b-fef2-4d46-9eee-fcc4634b3251,2026-09-07T14:30:00Z,2026-09-07T16:30:00+0200,10972.64196,MW,DE,DE_LU,actual_onshore_wind_generation,Wind Onshore,2026-09-11T12:49:02Z
2026-09-11T12:47:50Z,2026-09-11T14:47:50+0200,238a513b-fef2-4d46-9eee-fcc4634b3251,2026-09-07T14:45:00Z,2026-09-07T16:45:00+0200,10876.98875,MW,DE,DE_LU,actual_onshore_wind_generation,Wind Onshore,2026-09-11T12:49:02Z
2026-09-11T12:47:50Z,2026-09-11T14:47:50+0200,238a513b-fef2-4d46-9eee-fcc4634b3251,2026-09-07T15:00:00Z,2026-09-07T17:00:00+0200,10712.62118,MW,DE,DE_LU,actual_onshore_wind_generation,Wind Onshore,2026-09-11T12:49:02Z
2026-09-11T12:47:50Z,2026-09-11T14:47:50+0200,238a513b-fef2-4d46-9eee-fcc4634b3251,2026-09-07T15:15:00Z,2026-09-07T17:15:00+0200,10890.65701,MW,DE,DE_LU,actual_onshore_wind_generation,Wind Onshore,2026-09-11T12:49:02Z
2026-09-11T12:47:50Z,2026-09-11T14:47:50+0200,238a513b-fef2-4d46-9eee-fcc4634b3251,2026-09-07T15:30:00Z,2026-09-07T17:30:00+0200,10665.66302,MW,DE,DE_LU,actual_onshore_wind_generation,Wind Onshore,2026-09-11T12:49:02Z
2026-09-11T12:47:50Z,2026-09-11T14:47:50+0200,238a513b-fef2-4d46-9eee-fcc4634b3251,2026-09-07T15:45:00Z,2026-09-07T17:45:00+0200,10603.66829,MW,DE,DE_LU,actual_onshore_wind_generation,Wind Onshore,2026-09-11T12:49:02Z
2026-09-11T12:47:50Z,2026-09-11T14:47:50+0200,238a513b-fef2-4d46-9eee-fcc4634b3251,2026-09-07T16:00:00Z,2026-09-07T18:00:00+0200,10485.2372,MW,DE,DE_LU,actual_onshore_wind_generation,Wind Onshore,2026-09-11T12:49:02Z
2026-09-11T12:47:50Z,2026-09-11T14:47:50+0200,238a513b-fef2-4d46-9eee-fcc4634b3251,2026-09-07T16:15:00Z,2026-09-07T18:15:00+0200,10407.82318,MW,DE,DE_LU,actual_onshore_wind_generation,Wind Onshore,2026-09-11T12:49:02Z
2026-09-11T12:47:50Z,2026-09-11T14:47:50+0200,238a513b-fef2-4d46-9eee-fcc4634b3251,2026-09-07T16:30:00Z,2026-09-07T18:30:00+0200,10444.93203,MW,DE,DE_LU,actual_onshore_wind_generation,Wind Onshore,2026-09-11T12:49:02Z
2026-09-11T12:47:50Z,2026-09-11T14:47:50+0200,238a513b-fef2-4d46-9eee-fcc4634b3251,2026-09-07T16:45:00Z,2026-09-07T18:45:00+0200,10680.74286,MW,DE,DE_LU,actual_onshore_wind_generation,Wind Onshore,2026-09-11T12:49:02Z
2026-09-11T12:47:50Z,2026-09-11T14:47:50+0200,238a513b-fef2-4d46-9eee-fcc4634b3251,2026-09-07T17:00:00Z,2026-09-07T19:00:00+0200,10801.67924,MW,DE,DE_LU,actual_onshore_wind_generation,Wind Onshore,2026-09-11T12:49:02Z
2026-09-11T12:47:50Z,2026-09-11T14:47:50+0200,238a513b-fef2-4d46-9eee-fcc4634b3251,2026-09-07T17:15:00Z,2026-09-07T19:15:00+0200,11494.13072,MW,DE,DE_LU,actual_onshore_wind_generation,Wind Onshore,2026-09-11T12:49:02Z
2026-09-11T12:47:50Z,2026-09-11T14:47:50+0200,238a513b-fef2-4d46-9eee-fcc4634b3251,2026-09-07T17:30:00Z,2026-09-07T19:30:00+0200,12599.20639,MW,DE,DE_LU,actual_onshore_wind_generation,Wind Onshore,2026-09-11T12:49:02Z
2026-09-11T12:47:50Z,2026-09-11T14:47:50+0200,238a513b-fef2-4d46-9eee-fcc4634b3251,2026-09-07T17:45:00Z,2026-09-07T19:45:00+0200,13593.95457,MW,DE,DE_LU,actual_onshore_wind_generation,Wind Onshore,2026-09-11T12:49:02Z
2026-09-11T12:47:50Z,2026-09-11T14:47:50+0200,238a513b-fef2-4d46-9eee-fcc4634b3251,2026-09-07T18:00:00Z,2026-09-07T20:00:00+0200,13890.18977,MW,DE,DE_LU,actual_onshore_wind_generation,Wind Onshore,2026-09-11T12:49:02Z
2026-09-11T12:47:50Z,2026-09-11T14:47:50+0200,238a513b-fef2-4d46-9eee-fcc4634b3251,2026-09-07T18:15:00Z,2026-09-07T20:15:00+0200,14527.933,MW,DE,DE_LU,actual_onshore_wind_generation,Wind Onshore,2026-09-11T12:49:02Z
2026-09-11T12:47:50Z,2026-09-11T14:47:50+0200,238a513b-fef2-4d46-9eee-fcc4634b3251,2026-09-07T18:30:00Z,2026-09-07T20:30:00+0200,14974.23259,MW,DE,DE_LU,actual_onshore_wind_generation,Wind Onshore,2026-09-11T12:49:02Z
2026-09-11T12:47:50Z,2026-09-11T14:47:50+0200,238a513b-fef2-4d46-9eee-fcc4634b3251,2026-09-07T18:45:00Z,2026-09-07T20:45:00+0200,15211.46712,MW,DE,DE_LU,actual_onshore_wind_generation,Wind Onshore,2026-09-11T12:49:02Z
2026-09-11T12:47:50Z,2026-09-11T14:47:50+0200,238a513b-fef2-4d46-9eee-fcc4634b3251,2026-09-07T19:00:00Z,2026-09-07T21:00:00+0200,14885.33119,MW,DE,DE_LU,actual_onshore_wind_generation,Wind Onshore,2026-09-11T12:49:02Z
2026-09-11T12:47:50Z,2026-09-11T14:47:50+0200,238a513b-fef2-4d46-9eee-fcc4634b3251,2026-09-07T19:15:00Z,2026-09-07T21:15:00+0200,14555.42978,MW,DE,DE_LU,actual_onshore_wind_generation,Wind Onshore,2026-09-11T12:49:02Z
2026-09-11T12:47:50Z,2026-09-11T14:47:50+0200,238a513b-fef2-4d46-9eee-fcc4634b3251,2026-09-07T19:30:00Z,2026-09-07T21:30:00+0200,14487.99871,MW,DE,DE_LU,actual_onshore_wind_generation,Wind Onshore,2026-09-11T12:49:02Z
2026-09-11T12:47:50Z,2026-09-11T14:47:50+0200,238a513b-fef2-4d46-9eee-fcc4634b3251,2026-09-07T19:45:00Z,2026-09-07T21:45:00+0200,14584.26583,MW,DE,DE_LU,actual_onshore_wind_generation,Wind Onshore,2026-09-11T12:49:02Z
2026-09-11T12:47:50Z,2026-09-11T14:47:50+0200,238a513b-fef2-4d46-9eee-fcc4634b3251,2026-09-07T20:00:00Z,2026-09-07T22:00:00+0200,14464.59172,MW,DE,DE_LU,actual_onshore_wind_generation,Wind Onshore,2026-09-11T12:49:02Z
2026-09-11T12:47:50Z,2026-09-11T14:47:50+0200,238a513b-fef2-4d46-9eee-fcc4634b3251,2026-09-07T20:15:00Z,2026-09-07T22:15:00+0200,14513.27171,MW,DE,DE_LU,actual_onshore_wind_generation,Wind Onshore,2026-09-11T12:49:02Z
2026-09-11T12:47:50Z,2026-09-11T14:47:50+0200,238a513b-fef2-4d46-9eee-fcc4634b3251,2026-09-07T20:30:00Z,2026-09-07T22:30:00+0200,14271.96534,MW,DE,DE_LU,actual_onshore_wind_generation,Wind Onshore,2026-09-11T12:49:02Z
2026-09-11T12:47:50Z,2026-09-11T14:47:50+0200,238a513b-fef2-4d46-9eee-fcc4634b3251,2026-09-07T20:45:00Z,2026-09-07T22:45:00+0200,14018.00521,MW,DE,DE_LU,actual_onshore_wind_generation,Wind Onshore,2026-09-11T12:49:02Z
2026-09-11T12:47:50Z,2026-09-11T14:47:50+0200,238a513b-fef2-4d46-9eee-fcc4634b3251,2026-09-07T21:00:00Z,2026-09-07T23:00:00+0200,13944.8659,MW,DE,DE_LU,actual_onshore_wind_generation,Wind Onshore,2026-09-11T12:49:02Z
2026-09-11T12:47:50Z,2026-09-11T14:47:50+0200,238a513b-fef2-4d46-9eee-fcc4634b3251,2026-09-07T21:15:00Z,2026-09-07T23:15:00+0200,13762.08668,MW,DE,DE_LU,actual_onshore_wind_generation,Wind Onshore,2026-09-11T12:49:02Z
2026-09-11T12:47:50Z,2026-09-11T14:47:50+0200,238a513b-fef2-4d46-9eee-fcc4634b3251,2026-09-07T21:30:00Z,2026-09-07T23:30:00+0200,13696.58634,MW,DE,DE_LU,actual_onshore_wind_generation,Wind Onshore,2026-09-11T12:49:02Z
2026-09-11T12:47:50Z,2026-09-11T14:47:50+0200,238a513b-fef2-4d46-9eee-fcc4634b3251,2026-09-07T21:45:00Z,2026-09-07T23:45:00+0200,13743.76569,MW,DE,DE_LU,actual_onshore_wind_generation,Wind Onshore,2026-09-11T12:49:02Z
2026-09-11T12:47:50Z,2026-09-11T14:47:50+0200,238a513b-fef2-4d46-9eee-fcc4634b3251,2026-09-07T22:00:00Z,2026-09-08T00:00:00+0200,13530.54357,MW,DE,DE_LU,actual_onshore_wind_generation,Wind Onshore,2026-09-11T12:49:02Z
2026-09-11T12:47:50Z,2026-09-11T14:47:50+0200,238a513b-fef2-4d46-9eee-fcc4634b3251,2026-09-07T22:15:00Z,2026-09-08T00:15:00+0200,13234.54259,MW,DE,DE_LU,actual_onshore_wind_generation,Wind Onshore,2026-09-11T12:49:02Z
2026-09-11T12:47:50Z,2026-09-11T14:47:50+0200,238a513b-fef2-4d46-9eee-fcc4634b3251,2026-09-07T22:30:00Z,2026-09-08T00:30:00+0200,13081.73552,MW,DE,DE_LU,actual_onshore_wind_generation,Wind Onshore,2026-09-11T12:49:02Z
2026-09-11T12:47:50Z,2026-09-11T14:47:50+0200,238a513b-fef2-4d46-9eee-fcc4634b3251,2026-09-07T22:45:00Z,2026-09-08T00:45:00+0200,12905.20915,MW,DE,DE_LU,actual_onshore_wind_generation,Wind Onshore,2026-09-11T12:49:02Z
2026-09-11T12:47:50Z,2026-09-11T14:47:50+0200,238a513b-fef2-4d46-9eee-fcc4634b3251,2026-09-07T23:00:00Z,2026-09-08T01:00:00+0200,12581.22212,MW,DE,DE_LU,actual_onshore_wind_generation,Wind Onshore,2026-09-11T12:49:02Z
2026-09-11T12:47:50Z,2026-09-11T14:47:50+0200,238a513b-fef2-4d46-9eee-fcc4634b3251,2026-09-07T23:15:00Z,2026-09-08T01:15:00+0200,12472.30212,MW,DE,DE_LU,actual_onshore_wind_generation,Wind Onshore,2026-09-11T12:49:02Z
2026-09-11T12:47:50Z,2026-09-11T14:47:50+0200,238a513b-fef2-4d46-9eee-fcc4634b3251,2026-09-07T23:30:00Z,2026-09-08T01:30:00+0200,12528.81281,MW,DE,DE_LU,actual_onshore_wind_generation,Wind Onshore,2026-09-11T12:49:02Z
2026-09-11T12:47:50Z,2026-09-11T14:47:50+0200,238a513b-fef2-4d46-9eee-fcc4634b3251,2026-09-07T23:45:00Z,2026-09-08T01:45:00+0200,12359.43382,MW,DE,DE_LU,actual_onshore_wind_generation,Wind Onshore,2026-09-11T12:49:02Z
2026-09-11T12:47:50Z,2026-09-11T14:47:50+0200,238a513b-fef2-4d46-9eee-fcc4634b3251,2026-09-08T00:00:00Z,2026-09-08T02:00:00+0200,12234.52608,MW,DE,DE_LU,actual_onshore_wind_generation,Wind Onshore,2026-09-11T12:49:02Z
2026-09-11T12:47:50Z,2026-09-11T14:47:50+0200,238a513b-fef2-4d46-9eee-fcc4634b3251,2026-09-08T00:15:00Z,2026-09-08T02:15:00+0200,12225.5436,MW,DE,DE_LU,actual_onshore_wind_generation,Wind Onshore,2026-09-11T12:49:02Z
2026-09-11T12:47:50Z,2026-09-11T14:47:50+0200,238a513b-fef2-4d46-9eee-fcc4634b3251,2026-09-08T00:30:00Z,2026-09-08T02:30:00+0200,11829.18643,MW,DE,DE_LU,actual_onshore_wind_generation,Wind Onshore,2026-09-11T12:49:02Z
2026-09-11T12:47:50Z,2026-09-11T14:47:50+0200,238a513b-fef2-4d46-9eee-fcc4634b3251,2026-09-08T00:45:00Z,2026-09-08T02:45:00+0200,11415.6652,MW,DE,DE_LU,actual_onshore_wind_generation,Wind Onshore,2026-09-11T12:49:02Z
2026-09-11T12:47:50Z,2026-09-11T14:47:50+0200,238a513b-fef2-4d46-9eee-fcc4634b3251,2026-09-08T01:00:00Z,2026-09-08T03:00:00+0200,11051.05952,MW,DE,DE_LU,actual_onshore_wind_generation,Wind Onshore,2026-09-11T12:49:02Z
2026-09-11T12:47:50Z,2026-09-11T14:47:50+0200,238a513b-fef2-4d46-9eee-fcc4634b3251,2026-09-08T01:15:00Z,2026-09-08T03:15:00+0200,11002.97886,MW,DE,DE_LU,actual_onshore_wind_generation,Wind Onshore,2026-09-11T12:49:02Z
2026-09-11T12:47:50Z,2026-09-11T14:47:50+0200,238a513b-fef2-4d46-9eee-fcc4634b3251,2026-09-08T01:30:00Z,2026-09-08T03:30:00+0200,11087.05796,MW,DE,DE_LU,actual_onshore_wind_generation,Wind Onshore,2026-09-11T12:49:02Z
2026-09-11T12:47:50Z,2026-09-11T14:47:50+0200,238a513b-fef2-4d46-9eee-fcc4634b3251,2026-09-08T01:45:00Z,2026-09-08T03:45:00+0200,11344.06547,MW,DE,DE_LU,actual_onshore_wind_generation,Wind Onshore,2026-09-11T12:49:02Z
2026-09-11T12:47:50Z,2026-09-11T14:47:50+0200,238a513b-fef2-4d46-9eee-fcc4634b3251,2026-09-08T02:00:00Z,2026-09-08T04:00:00+0200,11572.22661,MW,DE,DE_LU,actual_onshore_wind_generation,Wind Onshore,2026-09-11T12:49:02Z
2026-09-11T12:47:50Z,2026-09-11T14:47:50+0200,238a513b-fef2-4d46-9eee-fcc4634b3251,2026-09-08T02:15:00Z,2026-09-08T04:15:00+0200,11658.91765,MW,DE,DE_LU,actual_onshore_wind_generation,Wind Onshore,2026-09-11T12:49:02Z
2026-09-11T12:47:50Z,2026-09-11T14:47:50+0200,238a513b-fef2-4d46-9eee-fcc4634b3251,2026-09-08T02:30:00Z,2026-09-08T04:30:00+0200,11706.49952,MW,DE,DE_LU,actual_onshore_wind_generation,Wind Onshore,2026-09-11T12:49:02Z
2026-09-11T12:47:50Z,2026-09-11T14:47:50+0200,238a513b-fef2-4d46-9eee-fcc4634b3251,2026-09-08T02:45:00Z,2026-09-08T04:45:00+0200,11752.73729,MW,DE,DE_LU,actual_onshore_wind_generation,Wind Onshore,2026-09-11T12:49:02Z
2026-09-11T12:47:50Z,2026-09-11T14:47:50+0200,238a513b-fef2-4d46-9eee-fcc4634b3251,2026-09-08T03:00:00Z,2026-09-08T05:00:00+0200,11935.60117,MW,DE,DE_LU,actual_onshore_wind_generation,Wind Onshore,2026-09-11T12:49:02Z
2026-09-11T12:47:50Z,2026-09-11T14:47:50+0200,238a513b-fef2-4d46-9eee-fcc4634b3251,2026-09-08T03:15:00Z,2026-09-08T05:15:00+0200,12205.37116,MW,DE,DE_LU,actual_onshore_wind_generation,Wind Onshore,2026-09-11T12:49:02Z
2026-09-11T12:47:50Z,2026-09-11T14:47:50+0200,238a513b-fef2-4d46-9eee-fcc4634b3251,2026-09-08T03:30:00Z,2026-09-08T05:30:00+0200,12361.15494,MW,DE,DE_LU,actual_onshore_wind_generation,Wind Onshore,2026-09-11T12:49:02Z
2026-09-11T12:47:50Z,2026-09-11T14:47:50+0200,238a513b-fef2-4d46-9eee-fcc4634b3251,2026-09-08T03:45:00Z,2026-09-08T05:45:00+0200,12626.94494,MW,DE,DE_LU,actual_onshore_wind_generation,Wind Onshore,2026-09-11T12:49:02Z
2026-09-11T12:47:50Z,2026-09-11T14:47:50+0200,238a513b-fef2-4d46-9eee-fcc4634b3251,2026-09-08T04:00:00Z,2026-09-08T06:00:00+0200,12931.09655,MW,DE,DE_LU,actual_onshore_wind_generation,Wind Onshore,2026-09-11T12:49:02Z
2026-09-11T12:47:50Z,2026-09-11T14:47:50+0200,238a513b-fef2-4d46-9eee-fcc4634b3251,2026-09-08T04:15:00Z,2026-09-08T06:15:00+0200,13116.86243,MW,DE,DE_LU,actual_onshore_wind_generation,Wind Onshore,2026-09-11T12:49:02Z
2026-09-11T12:47:50Z,2026-09-11T14:47:50+0200,238a513b-fef2-4d46-9eee-fcc4634b3251,2026-09-08T04:30:00Z,2026-09-08T06:30:00+0200,13206.57107,MW,DE,DE_LU,actual_onshore_wind_generation,Wind Onshore,2026-09-11T12:49:02Z
2026-09-11T12:47:50Z,2026-09-11T14:47:50+0200,238a513b-fef2-4d46-9eee-fcc4634b3251,2026-09-08T04:45:00Z,2026-09-08T06:45:00+0200,13874.62499,MW,DE,DE_LU,actual_onshore_wind_generation,Wind Onshore,2026-09-11T12:49:02Z
2026-09-11T12:47:50Z,2026-09-11T14:47:50+0200,238a513b-fef2-4d46-9eee-fcc4634b3251,2026-09-08T05:00:00Z,2026-09-08T07:00:00+0200,14176.76608,MW,DE,DE_LU,actual_onshore_wind_generation,Wind Onshore,2026-09-11T12:49:02Z
2026-09-11T12:47:50Z,2026-09-11T14:47:50+0200,238a513b-fef2-4d46-9eee-fcc4634b3251,2026-09-08T05:15:00Z,2026-09-08T07:15:00+0200,14007.59753,MW,DE,DE_LU,actual_onshore_wind_generation,Wind Onshore,2026-09-11T12:49:02Z
2026-09-11T12:47:50Z,2026-09-11T14:47:50+0200,238a513b-fef2-4d46-9eee-fcc4634b3251,2026-09-08T05:30:00Z,2026-09-08T07:30:00+0200,13595.37594,MW,DE,DE_LU,actual_onshore_wind_generation,Wind Onshore,2026-09-11T12:49:02Z
2026-09-11T12:47:50Z,2026-09-11T14:47:50+0200,238a513b-fef2-4d46-9eee-fcc4634b3251,2026-09-08T05:45:00Z,2026-09-08T07:45:00+0200,13233.98975,MW,DE,DE_LU,actual_onshore_wind_generation,Wind Onshore,2026-09-11T12:49:02Z
2026-09-11T12:47:50Z,2026-09-11T14:47:50+0200,238a513b-fef2-4d46-9eee-fcc4634b3251,2026-09-08T06:00:00Z,2026-09-08T08:00:00+0200,12697.01379,MW,DE,DE_LU,actual_onshore_wind_generation,Wind Onshore,2026-09-11T12:49:02Z
2026-09-11T12:47:50Z,2026-09-11T14:47:50+0200,238a513b-fef2-4d46-9eee-fcc4634b3251,2026-09-08T06:15:00Z,2026-09-08T08:15:00+0200,12051.89914,MW,DE,DE_LU,actual_onshore_wind_generation,Wind Onshore,2026-09-11T12:49:02Z
2026-09-11T12:47:50Z,2026-09-11T14:47:50+0200,238a513b-fef2-4d46-9eee-fcc4634b3251,2026-09-08T06:30:00Z,2026-09-08T08:30:00+0200,11462.20565,MW,DE,DE_LU,actual_onshore_wind_generation,Wind Onshore,2026-09-11T12:49:02Z
2026-09-11T12:47:50Z,2026-09-11T14:47:50+0200,238a513b-fef2-4d46-9eee-fcc4634b3251,2026-09-08T06:45:00Z,2026-09-08T08:45:00+0200,11031.15548,MW,DE,DE_LU,actual_onshore_wind_generation,Wind Onshore,2026-09-11T12:49:02Z
2026-09-11T12:47:50Z,2026-09-11T14:47:50+0200,238a513b-fef2-4d46-9eee-fcc4634b3251,2026-09-08T07:00:00Z,2026-09-08T09:00:00+0200,10612.96119,MW,DE,DE_LU,actual_onshore_wind_generation,Wind Onshore,2026-09-11T12:49:02Z
2026-09-11T12:47:50Z,2026-09-11T14:47:50+0200,238a513b-fef2-4d46-9eee-fcc4634b3251,2026-09-08T07:15:00Z,2026-09-08T09:15:00+0200,10331.73401,MW,DE,DE_LU,actual_onshore_wind_generation,Wind Onshore,2026-09-11T12:49:02Z
2026-09-11T12:47:50Z,2026-09-11T14:47:50+0200,238a513b-fef2-4d46-9eee-fcc4634b3251,2026-09-08T07:30:00Z,2026-09-08T09:30:00+0200,10272.7917,MW,DE,DE_LU,actual_onshore_wind_generation,Wind Onshore,2026-09-11T12:49:02Z
2026-09-11T12:47:50Z,2026-09-11T14:47:50+0200,238a513b-fef2-4d46-9eee-fcc4634b3251,2026-09-08T07:45:00Z,2026-09-08T09:45:00+0200,10372.10617,MW,DE,DE_LU,actual_onshore_wind_generation,Wind Onshore,2026-09-11T12:49:02Z
2026-09-11T12:47:50Z,2026-09-11T14:47:50+0200,238a513b-fef2-4d46-9eee-fcc4634b3251,2026-09-08T08:00:00Z,2026-09-08T10:00:00+0200,10790.51095,MW,DE,DE_LU,actual_onshore_wind_generation,Wind Onshore,2026-09-11T12:49:02Z
2026-09-11T12:47:50Z,2026-09-11T14:47:50+0200,238a513b-fef2-4d46-9eee-fcc4634b3251,2026-09-08T08:15:00Z,2026-09-08T10:15:00+0200,11175.91427,MW,DE,DE_LU,actual_onshore_wind_generation,Wind Onshore,2026-09-11T12:49:02Z
2026-09-11T12:47:50Z,2026-09-11T14:47:50+0200,238a513b-fef2-4d46-9eee-fcc4634b3251,2026-09-08T08:30:00Z,2026-09-08T10:30:00+0200,11664.2811,MW,DE,DE_LU,actual_onshore_wind_generation,Wind Onshore,2026-09-11T12:49:02Z
2026-09-11T12:47:50Z,2026-09-11T14:47:50+0200,238a513b-fef2-4d46-9eee-fcc4634b3251,2026-09-08T08:45:00Z,2026-09-08T10:45:00+0200,12124.89738,MW,DE,DE_LU,actual_onshore_wind_generation,Wind Onshore,2026-09-11T12:49:02Z
2026-09-11T12:47:50Z,2026-09-11T14:47:50+0200,238a513b-fef2-4d46-9eee-fcc4634b3251,2026-09-08T09:00:00Z,2026-09-08T11:00:00+0200,12891.27065,MW,DE,DE_LU,actual_onshore_wind_generation,Wind Onshore,2026-09-11T12:49:02Z
2026-09-11T12:47:50Z,2026-09-11T14:47:50+0200,238a513b-fef2-4d46-9eee-fcc4634b3251,2026-09-08T09:15:00Z,2026-09-08T11:15:00+0200,13708.34793,MW,DE,DE_LU,actual_onshore_wind_generation,Wind Onshore,2026-09-11T12:49:02Z
2026-09-11T12:47:50Z,2026-09-11T14:47:50+0200,238a513b-fef2-4d46-9eee-fcc4634b3251,2026-09-08T09:30:00Z,2026-09-08T11:30:00+0200,14432.69552,MW,DE,DE_LU,actual_onshore_wind_generation,Wind Onshore,2026-09-11T12:49:02Z
2026-09-11T12:47:50Z,2026-09-11T14:47:50+0200,238a513b-fef2-4d46-9eee-fcc4634b3251,2026-09-08T09:45:00Z,2026-09-08T11:45:00+0200,15056.10371,MW,DE,DE_LU,actual_onshore_wind_generation,Wind Onshore,2026-09-11T12:49:02Z
2026-09-11T12:47:50Z,2026-09-11T14:47:50+0200,238a513b-fef2-4d46-9eee-fcc4634b3251,2026-09-08T10:00:00Z,2026-09-08T12:00:00+0200,15296.07341,MW,DE,DE_LU,actual_onshore_wind_generation,Wind Onshore,2026-09-11T12:49:02Z
2026-09-11T12:47:50Z,2026-09-11T14:47:50+0200,238a513b-fef2-4d46-9eee-fcc4634b3251,2026-09-08T10:15:00Z,2026-09-08T12:15:00+0200,15483.56958,MW,DE,DE_LU,actual_onshore_wind_generation,Wind Onshore,2026-09-11T12:49:02Z
2026-09-11T12:47:50Z,2026-09-11T14:47:50+0200,238a513b-fef2-4d46-9eee-fcc4634b3251,2026-09-08T10:30:00Z,2026-09-08T12:30:00+0200,15623.77405,MW,DE,DE_LU,actual_onshore_wind_generation,Wind Onshore,2026-09-11T12:49:02Z
2026-09-11T12:47:50Z,2026-09-11T14:47:50+0200,238a513b-fef2-4d46-9eee-fcc4634b3251,2026-09-08T10:45:00Z,2026-09-08T12:45:00+0200,15274.3837,MW,DE,DE_LU,actual_onshore_wind_generation,Wind Onshore,2026-09-11T12:49:02Z
2026-09-11T12:47:50Z,2026-09-11T14:47:50+0200,238a513b-fef2-4d46-9eee-fcc4634b3251,2026-09-08T11:00:00Z,2026-09-08T13:00:00+0200,15033.81765,MW,DE,DE_LU,actual_onshore_wind_generation,Wind Onshore,2026-09-11T12:49:02Z
2026-09-11T12:47:50Z,2026-09-11T14:47:50+0200,238a513b-fef2-4d46-9eee-fcc4634b3251,2026-09-08T11:15:00Z,2026-09-08T13:15:00+0200,14838.72074,MW,DE,DE_LU,actual_onshore_wind_generation,Wind Onshore,2026-09-11T12:49:02Z
2026-09-11T12:47:50Z,2026-09-11T14:47:50+0200,238a513b-fef2-4d46-9eee-fcc4634b3251,2026-09-08T11:30:00Z,2026-09-08T13:30:00+0200,14909.12411,MW,DE,DE_LU,actual_onshore_wind_generation,Wind Onshore,2026-09-11T12:49:02Z
2026-09-11T12:47:50Z,2026-09-11T14:47:50+0200,238a513b-fef2-4d46-9eee-fcc4634b3251,2026-09-08T11:45:00Z,2026-09-08T13:45:00+0200,15208.09946,MW,DE,DE_LU,actual_onshore_wind_generation,Wind Onshore,2026-09-11T12:49:02Z
2026-09-11T12:47:50Z,2026-09-11T14:47:50+0200,238a513b-fef2-4d46-9eee-fcc4634b3251,2026-09-08T12:00:00Z,2026-09-08T14:00:00+0200,15352.96873,MW,DE,DE_LU,actual_onshore_wind_generation,Wind Onshore,2026-09-11T12:49:02Z
2026-09-11T12:47:50Z,2026-09-11T14:47:50+0200,238a513b-fef2-4d46-9eee-fcc4634b3251,2026-09-08T12:15:00Z,2026-09-08T14:15:00+0200,15404.89991,MW,DE,DE_LU,actual_onshore_wind_generation,Wind Onshore,2026-09-11T12:49:02Z
2026-09-11T12:47:50Z,2026-09-11T14:47:50+0200,238a513b-fef2-4d46-9eee-fcc4634b3251,2026-09-08T12:30:00Z,2026-09-08T14:30:00+0200,15578.07215,MW,DE,DE_LU,actual_onshore_wind_generation,Wind Onshore,2026-09-11T12:49:02Z
2026-09-11T12:47:50Z,2026-09-11T14:47:50+0200,238a513b-fef2-4d46-9eee-fcc4634b3251,2026-09-08T12:45:00Z,2026-09-08T14:45:00+0200,15715.74677,MW,DE,DE_LU,actual_onshore_wind_generation,Wind Onshore,2026-09-11T12:49:02Z
2026-09-11T12:47:50Z,2026-09-11T14:47:50+0200,238a513b-fef2-4d46-9eee-fcc4634b3251,2026-09-08T13:00:00Z,2026-09-08T15:00:00+0200,16273.77453,MW,DE,DE_LU,actual_onshore_wind_generation,Wind Onshore,2026-09-11T12:49:02Z
2026-09-11T12:47:50Z,2026-09-11T14:47:50+0200,238a513b-fef2-4d46-9eee-fcc4634b3251,2026-09-08T13:15:00Z,2026-09-08T15:15:00+0200,16281.16885,MW,DE,DE_LU,actual_onshore_wind_generation,Wind Onshore,2026-09-11T12:49:02Z
2026-09-11T12:47:50Z,2026-09-11T14:47:50+0200,238a513b-fef2-4d46-9eee-fcc4634b3251,2026-09-08T13:30:00Z,2026-09-08T15:30:00+0200,16583.8291,MW,DE,DE_LU,actual_onshore_wind_generation,Wind Onshore,2026-09-11T12:49:02Z
2026-09-11T12:47:50Z,2026-09-11T14:47:50+0200,238a513b-fef2-4d46-9eee-fcc4634b3251,2026-09-08T13:45:00Z,2026-09-08T15:45:00+0200,17191.29466,MW,DE,DE_LU,actual_onshore_wind_generation,Wind Onshore,2026-09-11T12:49:02Z
2026-09-11T12:47:50Z,2026-09-11T14:47:50+0200,238a513b-fef2-4d46-9eee-fcc4634b3251,2026-09-08T14:00:00Z,2026-09-08T16:00:00+0200,16470.96073,MW,DE,DE_LU,actual_onshore_wind_generation,Wind Onshore,2026-09-11T12:49:02Z
2026-09-11T12:47:50Z,2026-09-11T14:47:50+0200,238a513b-fef2-4d46-9eee-fcc4634b3251,2026-09-08T14:15:00Z,2026-09-08T16:15:00+0200,15813.25934,MW,DE,DE_LU,actual_onshore_wind_generation,Wind Onshore,2026-09-11T12:49:02Z
2026-09-11T12:47:50Z,2026-09-11T14:47:50+0200,238a513b-fef2-4d46-9eee-fcc4634b3251,2026-09-08T14:30:00Z,2026-09-08T16:30:00+0200,15633.49835,MW,DE,DE_LU,actual_onshore_wind_generation,Wind Onshore,2026-09-11T12:49:02Z
2026-09-11T12:47:50Z,2026-09-11T14:47:50+0200,238a513b-fef2-4d46-9eee-fcc4634b3251,2026-09-08T14:45:00Z,2026-09-08T16:45:00+0200,15661.31661,MW,DE,DE_LU,actual_onshore_wind_generation,Wind Onshore,2026-09-11T12:49:02Z
2026-09-11T12:47:50Z,2026-09-11T14:47:50+0200,238a513b-fef2-4d46-9eee-fcc4634b3251,2026-09-08T15:00:00Z,2026-09-08T17:00:00+0200,15158.92515,MW,DE,DE_LU,actual_onshore_wind_generation,Wind Onshore,2026-09-11T12:49:02Z
2026-09-11T12:47:50Z,2026-09-11T14:47:50+0200,238a513b-fef2-4d46-9eee-fcc4634b3251,2026-09-08T15:15:00Z,2026-09-08T17:15:00+0200,14954.1284,MW,DE,DE_LU,actual_onshore_wind_generation,Wind Onshore,2026-09-11T12:49:02Z
2026-09-11T12:47:50Z,2026-09-11T14:47:50+0200,238a513b-fef2-4d46-9eee-fcc4634b3251,2026-09-08T15:30:00Z,2026-09-08T17:30:00+0200,13988.41578,MW,DE,DE_LU,actual_onshore_wind_generation,Wind Onshore,2026-09-11T12:49:02Z
2026-09-11T12:47:50Z,2026-09-11T14:47:50+0200,238a513b-fef2-4d46-9eee-fcc4634b3251,2026-09-08T15:45:00Z,2026-09-08T17:45:00+0200,13004.73295,MW,DE,DE_LU,actual_onshore_wind_generation,Wind Onshore,2026-09-11T12:49:02Z
2026-09-11T12:47:50Z,2026-09-11T14:47:50+0200,238a513b-fef2-4d46-9eee-fcc4634b3251,2026-09-08T16:00:00Z,2026-09-08T18:00:00+0200,12260.10559,MW,DE,DE_LU,actual_onshore_wind_generation,Wind Onshore,2026-09-11T12:49:02Z
2026-09-11T12:47:50Z,2026-09-11T14:47:50+0200,238a513b-fef2-4d46-9eee-fcc4634b3251,2026-09-08T16:15:00Z,2026-09-08T18:15:00+0200,11097.05621,MW,DE,DE_LU,actual_onshore_wind_generation,Wind Onshore,2026-09-11T12:49:02Z
2026-09-11T12:47:50Z,2026-09-11T14:47:50+0200,238a513b-fef2-4d46-9eee-fcc4634b3251,2026-09-08T16:30:00Z,2026-09-08T18:30:00+0200,10052.96469,MW,DE,DE_LU,actual_onshore_wind_generation,Wind Onshore,2026-09-11T12:49:02Z
2026-09-11T12:47:50Z,2026-09-11T14:47:50+0200,238a513b-fef2-4d46-9eee-fcc4634b3251,2026-09-08T16:45:00Z,2026-09-08T18:45:00+0200,9357.64042,MW,DE,DE_LU,actual_onshore_wind_generation,Wind Onshore,2026-09-11T12:49:02Z
2026-09-11T12:47:50Z,2026-09-11T14:47:50+0200,238a513b-fef2-4d46-9eee-fcc4634b3251,2026-09-08T17:00:00Z,2026-09-08T19:00:00+0200,8877.29719,MW,DE,DE_LU,actual_onshore_wind_generation,Wind Onshore,2026-09-11T12:49:02Z
2026-09-11T12:47:50Z,2026-09-11T14:47:50+0200,238a513b-fef2-4d46-9eee-fcc4634b3251,2026-09-08T17:15:00Z,2026-09-08T19:15:00+0200,8576.37718,MW,DE,DE_LU,actual_onshore_wind_generation,Wind Onshore,2026-09-11T12:49:02Z
2026-09-11T12:47:50Z,2026-09-11T14:47:50+0200,238a513b-fef2-4d46-9eee-fcc4634b3251,2026-09-08T17:30:00Z,2026-09-08T19:30:00+0200,8447.81216,MW,DE,DE_LU,actual_onshore_wind_generation,Wind Onshore,2026-09-11T12:49:02Z
2026-09-11T12:47:50Z,2026-09-11T14:47:50+0200,238a513b-fef2-4d46-9eee-fcc4634b3251,2026-09-08T17:45:00Z,2026-09-08T19:45:00+0200,8540.60263,MW,DE,DE_LU,actual_onshore_wind_generation,Wind Onshore,2026-09-11T12:49:02Z
2026-09-11T12:47:50Z,2026-09-11T14:47:50+0200,238a513b-fef2-4d46-9eee-fcc4634b3251,2026-09-08T18:00:00Z,2026-09-08T20:00:00+0200,8714.39409,MW,DE,DE_LU,actual_onshore_wind_generation,Wind Onshore,2026-09-11T12:49:02Z
2026-09-11T12:47:50Z,2026-09-11T14:47:50+0200,238a513b-fef2-4d46-9eee-fcc4634b3251,2026-09-08T18:15:00Z,2026-09-08T20:15:00+0200,9008.93589,MW,DE,DE_LU,actual_onshore_wind_generation,Wind Onshore,2026-09-11T12:49:02Z
2026-09-11T12:47:50Z,2026-09-11T14:47:50+0200,238a513b-fef2-4d46-9eee-fcc4634b3251,2026-09-08T18:30:00Z,2026-09-08T20:30:00+0200,9292.81161,MW,DE,DE_LU,actual_onshore_wind_generation,Wind Onshore,2026-09-11T12:49:02Z
2026-09-11T12:47:50Z,2026-09-11T14:47:50+0200,238a513b-fef2-4d46-9eee-fcc4634b3251,2026-09-08T18:45:00Z,2026-09-08T20:45:00+0200,9545.08663,MW,DE,DE_LU,actual_onshore_wind_generation,Wind Onshore,2026-09-11T12:49:02Z
2026-09-11T12:47:50Z,2026-09-11T14:47:50+0200,238a513b-fef2-4d46-9eee-fcc4634b3251,2026-09-08T19:00:00Z,2026-09-08T21:00:00+0200,10164.08154,MW,DE,DE_LU,actual_onshore_wind_generation,Wind Onshore,2026-09-11T12:49:02Z
2026-09-11T12:47:50Z,2026-09-11T14:47:50+0200,238a513b-fef2-4d46-9eee-fcc4634b3251,2026-09-08T19:15:00Z,2026-09-08T21:15:00+0200,10993.44734,MW,DE,DE_LU,actual_onshore_wind_generation,Wind Onshore,2026-09-11T12:49:02Z
2026-09-11T12:47:50Z,2026-09-11T14:47:50+0200,238a513b-fef2-4d46-9eee-fcc4634b3251,2026-09-08T19:30:00Z,2026-09-08T21:30:00+0200,12158.66813,MW,DE,DE_LU,actual_onshore_wind_generation,Wind Onshore,2026-09-11T12:49:02Z
2026-09-11T12:47:50Z,2026-09-11T14:47:50+0200,238a513b-fef2-4d46-9eee-fcc4634b3251,2026-09-08T19:45:00Z,2026-09-08T21:45:00+0200,13570.1312,MW,DE,DE_LU,actual_onshore_wind_generation,Wind Onshore,2026-09-11T12:49:02Z
2026-09-11T12:47:50Z,2026-09-11T14:47:50+0200,238a513b-fef2-4d46-9eee-fcc4634b3251,2026-09-08T20:00:00Z,2026-09-08T22:00:00+0200,14232.16989,MW,DE,DE_LU,actual_onshore_wind_generation,Wind Onshore,2026-09-11T12:49:02Z
2026-09-11T12:47:50Z,2026-09-11T14:47:50+0200,238a513b-fef2-4d46-9eee-fcc4634b3251,2026-09-08T20:15:00Z,2026-09-08T22:15:00+0200,15344.12441,MW,DE,DE_LU,actual_onshore_wind_generation,Wind Onshore,2026-09-11T12:49:02Z
2026-09-11T12:47:50Z,2026-09-11T14:47:50+0200,238a513b-fef2-4d46-9eee-fcc4634b3251,2026-09-08T20:30:00Z,2026-09-08T22:30:00+0200,16632.87254,MW,DE,DE_LU,actual_onshore_wind_generation,Wind Onshore,2026-09-11T12:49:02Z
2026-09-11T12:47:50Z,2026-09-11T14:47:50+0200,238a513b-fef2-4d46-9eee-fcc4634b3251,2026-09-08T20:45:00Z,2026-09-08T22:45:00+0200,18451.01841,MW,DE,DE_LU,actual_onshore_wind_generation,Wind Onshore,2026-09-11T12:49:02Z
2026-09-11T12:47:50Z,2026-09-11T14:47:50+0200,238a513b-fef2-4d46-9eee-fcc4634b3251,2026-09-08T21:00:00Z,2026-09-08T23:00:00+0200,19999.24459,MW,DE,DE_LU,actual_onshore_wind_generation,Wind Onshore,2026-09-11T12:49:02Z
2026-09-11T12:47:50Z,2026-09-11T14:47:50+0200,238a513b-fef2-4d46-9eee-fcc4634b3251,2026-09-08T21:15:00Z,2026-09-08T23:15:00+0200,20988.32523,MW,DE,DE_LU,actual_onshore_wind_generation,Wind Onshore,2026-09-11T12:49:02Z
2026-09-11T12:47:50Z,2026-09-11T14:47:50+0200,238a513b-fef2-4d46-9eee-fcc4634b3251,2026-09-08T21:30:00Z,2026-09-08T23:30:00+0200,22142.47544,MW,DE,DE_LU,actual_onshore_wind_generation,Wind Onshore,2026-09-11T12:49:02Z
2026-09-11T12:47:50Z,2026-09-11T14:47:50+0200,238a513b-fef2-4d46-9eee-fcc4634b3251,2026-09-08T21:45:00Z,2026-09-08T23:45:00+0200,23740.20849,MW,DE,DE_LU,actual_onshore_wind_generation,Wind Onshore,2026-09-11T12:49:02Z
2026-09-11T12:47:50Z,2026-09-11T14:47:50+0200,238a513b-fef2-4d46-9eee-fcc4634b3251,2026-09-08T22:00:00Z,2026-09-09T00:00:00+0200,24403.28495,MW,DE,DE_LU,actual_onshore_wind_generation,Wind Onshore,2026-09-11T12:49:02Z
2026-09-11T12:47:50Z,2026-09-11T14:47:50+0200,238a513b-fef2-4d46-9eee-fcc4634b3251,2026-09-08T22:15:00Z,2026-09-09T00:15:00+0200,25082.85527,MW,DE,DE_LU,actual_onshore_wind_generation,Wind Onshore,2026-09-11T12:49:02Z
2026-09-11T12:47:50Z,2026-09-11T14:47:50+0200,238a513b-fef2-4d46-9eee-fcc4634b3251,2026-09-08T22:30:00Z,2026-09-09T00:30:00+0200,26024.7086,MW,DE,DE_LU,actual_onshore_wind_generation,Wind Onshore,2026-09-11T12:49:02Z
2026-09-11T12:47:50Z,2026-09-11T14:47:50+0200,238a513b-fef2-4d46-9eee-fcc4634b3251,2026-09-08T22:45:00Z,2026-09-09T00:45:00+0200,26378.10187,MW,DE,DE_LU,actual_onshore_wind_generation,Wind Onshore,2026-09-11T12:49:02Z
2026-09-11T12:47:50Z,2026-09-11T14:47:50+0200,238a513b-fef2-4d46-9eee-fcc4634b3251,2026-09-08T23:00:00Z,2026-09-09T01:00:00+0200,26107.91326,MW,DE,DE_LU,actual_onshore_wind_generation,Wind Onshore,2026-09-11T12:49:02Z
2026-09-11T12:47:50Z,2026-09-11T14:47:50+0200,238a513b-fef2-4d46-9eee-fcc4634b3251,2026-09-08T23:15:00Z,2026-09-09T01:15:00+0200,25903.59675,MW,DE,DE_LU,actual_onshore_wind_generation,Wind Onshore,2026-09-11T12:49:02Z
2026-09-11T12:47:50Z,2026-09-11T14:47:50+0200,238a513b-fef2-4d46-9eee-fcc4634b3251,2026-09-08T23:30:00Z,2026-09-09T01:30:00+0200,25823.4374,MW,DE,DE_LU,actual_onshore_wind_generation,Wind Onshore,2026-09-11T12:49:02Z
2026-09-11T12:47:50Z,2026-09-11T14:47:50+0200,238a513b-fef2-4d46-9eee-fcc4634b3251,2026-09-08T23:45:00Z,2026-09-09T01:45:00+0200,25492.54871,MW,DE,DE_LU,actual_onshore_wind_generation,Wind Onshore,2026-09-11T12:49:02Z
2026-09-11T12:47:50Z,2026-09-11T14:47:50+0200,238a513b-fef2-4d46-9eee-fcc4634b3251,2026-09-09T00:00:00Z,2026-09-09T02:00:00+0200,24955.18765,MW,DE,DE_LU,actual_onshore_wind_generation,Wind Onshore,2026-09-11T12:49:02Z
2026-09-11T12:47:50Z,2026-09-11T14:47:50+0200,238a513b-fef2-4d46-9eee-fcc4634b3251,2026-09-09T00:15:00Z,2026-09-09T02:15:00+0200,24390.03674,MW,DE,DE_LU,actual_onshore_wind_generation,Wind Onshore,2026-09-11T12:49:02Z
2026-09-11T12:47:50Z,2026-09-11T14:47:50+0200,238a513b-fef2-4d46-9eee-fcc4634b3251,2026-09-09T00:30:00Z,2026-09-09T02:30:00+0200,23735.18562,MW,DE,DE_LU,actual_onshore_wind_generation,Wind Onshore,2026-09-11T12:49:02Z
2026-09-11T12:47:50Z,2026-09-11T14:47:50+0200,238a513b-fef2-4d46-9eee-fcc4634b3251,2026-09-09T00:45:00Z,2026-09-09T02:45:00+0200,22887.40101,MW,DE,DE_LU,actual_onshore_wind_generation,Wind Onshore,2026-09-11T12:49:02Z
2026-09-11T12:47:50Z,2026-09-11T14:47:50+0200,238a513b-fef2-4d46-9eee-fcc4634b3251,2026-09-09T01:00:00Z,2026-09-09T03:00:00+0200,22169.54367,MW,DE,DE_LU,actual_onshore_wind_generation,Wind Onshore,2026-09-11T12:49:02Z
2026-09-11T12:47:50Z,2026-09-11T14:47:50+0200,238a513b-fef2-4d46-9eee-fcc4634b3251,2026-09-09T01:15:00Z,2026-09-09T03:15:00+0200,21826.41679,MW,DE,DE_LU,actual_onshore_wind_generation,Wind Onshore,2026-09-11T12:49:02Z
2026-09-11T12:47:50Z,2026-09-11T14:47:50+0200,238a513b-fef2-4d46-9eee-fcc4634b3251,2026-09-09T01:30:00Z,2026-09-09T03:30:00+0200,21891.3516,MW,DE,DE_LU,actual_onshore_wind_generation,Wind Onshore,2026-09-11T12:49:02Z
2026-09-11T12:47:50Z,2026-09-11T14:47:50+0200,238a513b-fef2-4d46-9eee-fcc4634b3251,2026-09-09T01:45:00Z,2026-09-09T03:45:00+0200,22224.56341,MW,DE,DE_LU,actual_onshore_wind_generation,Wind Onshore,2026-09-11T12:49:02Z
2026-09-11T12:47:50Z,2026-09-11T14:47:50+0200,238a513b-fef2-4d46-9eee-fcc4634b3251,2026-09-09T02:00:00Z,2026-09-09T04:00:00+0200,22365.36851,MW,DE,DE_LU,actual_onshore_wind_generation,Wind Onshore,2026-09-11T12:49:02Z
2026-09-11T12:47:50Z,2026-09-11T14:47:50+0200,238a513b-fef2-4d46-9eee-fcc4634b3251,2026-09-09T02:15:00Z,2026-09-09T04:15:00+0200,22181.39413,MW,DE,DE_LU,actual_onshore_wind_generation,Wind Onshore,2026-09-11T12:49:02Z
2026-09-11T12:47:50Z,2026-09-11T14:47:50+0200,238a513b-fef2-4d46-9eee-fcc4634b3251,2026-09-09T02:30:00Z,2026-09-09T04:30:00+0200,22177.89953,MW,DE,DE_LU,actual_onshore_wind_generation,Wind Onshore,2026-09-11T12:49:02Z
2026-09-11T12:47:50Z,2026-09-11T14:47:50+0200,238a513b-fef2-4d46-9eee-fcc4634b3251,2026-09-09T02:45:00Z,2026-09-09T04:45:00+0200,22703.93638,MW,DE,DE_LU,actual_onshore_wind_generation,Wind Onshore,2026-09-11T12:49:02Z
2026-09-11T12:47:50Z,2026-09-11T14:47:50+0200,238a513b-fef2-4d46-9eee-fcc4634b3251,2026-09-09T03:00:00Z,2026-09-09T05:00:00+0200,23111.13392,MW,DE,DE_LU,actual_onshore_wind_generation,Wind Onshore,2026-09-11T12:49:02Z
2026-09-11T12:47:50Z,2026-09-11T14:47:50+0200,238a513b-fef2-4d46-9eee-fcc4634b3251,2026-09-09T03:15:00Z,2026-09-09T05:15:00+0200,23257.13797,MW,DE,DE_LU,actual_onshore_wind_generation,Wind Onshore,2026-09-11T12:49:02Z
2026-09-11T12:47:50Z,2026-09-11T14:47:50+0200,238a513b-fef2-4d46-9eee-fcc4634b3251,2026-09-09T03:30:00Z,2026-09-09T05:30:00+0200,23510.88361,MW,DE,DE_LU,actual_onshore_wind_generation,Wind Onshore,2026-09-11T12:49:02Z
2026-09-11T12:47:50Z,2026-09-11T14:47:50+0200,238a513b-fef2-4d46-9eee-fcc4634b3251,2026-09-09T03:45:00Z,2026-09-09T05:45:00+0200,23558.64931,MW,DE,DE_LU,actual_onshore_wind_generation,Wind Onshore,2026-09-11T12:49:02Z
2026-09-11T12:47:50Z,2026-09-11T14:47:50+0200,238a513b-fef2-4d46-9eee-fcc4634b3251,2026-09-09T04:00:00Z,2026-09-09T06:00:00+0200,23809.36316,MW,DE,DE_LU,actual_onshore_wind_generation,Wind Onshore,2026-09-11T12:49:02Z
2026-09-11T12:47:50Z,2026-09-11T14:47:50+0200,238a513b-fef2-4d46-9eee-fcc4634b3251,2026-09-09T04:15:00Z,2026-09-09T06:15:00+0200,23561.66927,MW,DE,DE_LU,actual_onshore_wind_generation,Wind Onshore,2026-09-11T12:49:02Z
2026-09-11T12:47:50Z,2026-09-11T14:47:50+0200,238a513b-fef2-4d46-9eee-fcc4634b3251,2026-09-09T04:30:00Z,2026-09-09T06:30:00+0200,23394.16386,MW,DE,DE_LU,actual_onshore_wind_generation,Wind Onshore,2026-09-11T12:49:02Z
2026-09-11T12:47:50Z,2026-09-11T14:47:50+0200,238a513b-fef2-4d46-9eee-fcc4634b3251,2026-09-09T04:45:00Z,2026-09-09T06:45:00+0200,23597.17064,MW,DE,DE_LU,actual_onshore_wind_generation,Wind Onshore,2026-09-11T12:49:02Z
2026-09-11T12:47:50Z,2026-09-11T14:47:50+0200,238a513b-fef2-4d46-9eee-fcc4634b3251,2026-09-09T05:00:00Z,2026-09-09T07:00:00+0200,23211.05567,MW,DE,DE_LU,actual_onshore_wind_generation,Wind Onshore,2026-09-11T12:49:02Z
2026-09-11T12:47:50Z,2026-09-11T14:47:50+0200,238a513b-fef2-4d46-9eee-fcc4634b3251,2026-09-09T05:15:00Z,2026-09-09T07:15:00+0200,22117.24523,MW,DE,DE_LU,actual_onshore_wind_generation,Wind Onshore,2026-09-11T12:49:02Z
2026-09-11T12:47:50Z,2026-09-11T14:47:50+0200,238a513b-fef2-4d46-9eee-fcc4634b3251,2026-09-09T05:30:00Z,2026-09-09T07:30:00+0200,21688.90501,MW,DE,DE_LU,actual_onshore_wind_generation,Wind Onshore,2026-09-11T12:49:02Z
2026-09-11T12:47:50Z,2026-09-11T14:47:50+0200,238a513b-fef2-4d46-9eee-fcc4634b3251,2026-09-09T05:45:00Z,2026-09-09T07:45:00+0200,21394.70763,MW,DE,DE_LU,actual_onshore_wind_generation,Wind Onshore,2026-09-11T12:49:02Z
2026-09-11T12:47:50Z,2026-09-11T14:47:50+0200,238a513b-fef2-4d46-9eee-fcc4634b3251,2026-09-09T06:00:00Z,2026-09-09T08:00:00+0200,21067.99894,MW,DE,DE_LU,actual_onshore_wind_generation,Wind Onshore,2026-09-11T12:49:02Z
2026-09-11T12:47:50Z,2026-09-11T14:47:50+0200,238a513b-fef2-4d46-9eee-fcc4634b3251,2026-09-09T06:15:00Z,2026-09-09T08:15:00+0200,20344.53982,MW,DE,DE_LU,actual_onshore_wind_generation,Wind Onshore,2026-09-11T12:49:02Z
2026-09-11T12:47:50Z,2026-09-11T14:47:50+0200,238a513b-fef2-4d46-9eee-fcc4634b3251,2026-09-09T06:30:00Z,2026-09-09T08:30:00+0200,19606.3378,MW,DE,DE_LU,actual_onshore_wind_generation,Wind Onshore,2026-09-11T12:49:02Z
2026-09-11T12:47:50Z,2026-09-11T14:47:50+0200,238a513b-fef2-4d46-9eee-fcc4634b3251,2026-09-09T06:45:00Z,2026-09-09T08:45:00+0200,18921.67167,MW,DE,DE_LU,actual_onshore_wind_generation,Wind Onshore,2026-09-11T12:49:02Z
2026-09-11T12:47:50Z,2026-09-11T14:47:50+0200,238a513b-fef2-4d46-9eee-fcc4634b3251,2026-09-09T07:00:00Z,2026-09-09T09:00:00+0200,18407.72454,MW,DE,DE_LU,actual_onshore_wind_generation,Wind Onshore,2026-09-11T12:49:02Z
2026-09-11T12:47:50Z,2026-09-11T14:47:50+0200,238a513b-fef2-4d46-9eee-fcc4634b3251,2026-09-09T07:15:00Z,2026-09-09T09:15:00+0200,18236.60665,MW,DE,DE_LU,actual_onshore_wind_generation,Wind Onshore,2026-09-11T12:49:02Z
2026-09-11T12:47:50Z,2026-09-11T14:47:50+0200,238a513b-fef2-4d46-9eee-fcc4634b3251,2026-09-09T07:30:00Z,2026-09-09T09:30:00+0200,18510.95327,MW,DE,DE_LU,actual_onshore_wind_generation,Wind Onshore,2026-09-11T12:49:02Z
2026-09-11T12:47:50Z,2026-09-11T14:47:50+0200,238a513b-fef2-4d46-9eee-fcc4634b3251,2026-09-09T07:45:00Z,2026-09-09T09:45:00+0200,18597.67477,MW,DE,DE_LU,actual_onshore_wind_generation,Wind Onshore,2026-09-11T12:49:02Z
2026-09-11T12:47:50Z,2026-09-11T14:47:50+0200,238a513b-fef2-4d46-9eee-fcc4634b3251,2026-09-09T08:00:00Z,2026-09-09T10:00:00+0200,18734.44579,MW,DE,DE_LU,actual_onshore_wind_generation,Wind Onshore,2026-09-11T12:49:02Z
2026-09-11T12:47:50Z,2026-09-11T14:47:50+0200,238a513b-fef2-4d46-9eee-fcc4634b3251,2026-09-09T08:15:00Z,2026-09-09T10:15:00+0200,19117.4268,MW,DE,DE_LU,actual_onshore_wind_generation,Wind Onshore,2026-09-11T12:49:02Z
2026-09-11T12:47:50Z,2026-09-11T14:47:50+0200,238a513b-fef2-4d46-9eee-fcc4634b3251,2026-09-09T08:30:00Z,2026-09-09T10:30:00+0200,19592.99624,MW,DE,DE_LU,actual_onshore_wind_generation,Wind Onshore,2026-09-11T12:49:02Z
2026-09-11T12:47:50Z,2026-09-11T14:47:50+0200,238a513b-fef2-4d46-9eee-fcc4634b3251,2026-09-09T08:45:00Z,2026-09-09T10:45:00+0200,19561.75305,MW,DE,DE_LU,actual_onshore_wind_generation,Wind Onshore,2026-09-11T12:49:02Z
2026-09-11T12:47:50Z,2026-09-11T14:47:50+0200,238a513b-fef2-4d46-9eee-fcc4634b3251,2026-09-09T09:00:00Z,2026-09-09T11:00:00+0200,19834.94349,MW,DE,DE_LU,actual_onshore_wind_generation,Wind Onshore,2026-09-11T12:49:02Z
2026-09-11T12:47:50Z,2026-09-11T14:47:50+0200,238a513b-fef2-4d46-9eee-fcc4634b3251,2026-09-09T09:15:00Z,2026-09-09T11:15:00+0200,20351.17059,MW,DE,DE_LU,actual_onshore_wind_generation,Wind Onshore,2026-09-11T12:49:02Z
2026-09-11T12:47:50Z,2026-09-11T14:47:50+0200,238a513b-fef2-4d46-9eee-fcc4634b3251,2026-09-09T09:30:00Z,2026-09-09T11:30:00+0200,20718.95496,MW,DE,DE_LU,actual_onshore_wind_generation,Wind Onshore,2026-09-11T12:49:02Z
2026-09-11T12:47:50Z,2026-09-11T14:47:50+0200,238a513b-fef2-4d46-9eee-fcc4634b3251,2026-09-09T09:45:00Z,2026-09-09T11:45:00+0200,21143.62709,MW,DE,DE_LU,actual_onshore_wind_generation,Wind Onshore,2026-09-11T12:49:02Z
2026-09-11T12:47:50Z,2026-09-11T14:47:50+0200,238a513b-fef2-4d46-9eee-fcc4634b3251,2026-09-09T10:00:00Z,2026-09-09T12:00:00+0200,21367.43835,MW,DE,DE_LU,actual_onshore_wind_generation,Wind Onshore,2026-09-11T12:49:02Z
2026-09-11T12:47:50Z,2026-09-11T14:47:50+0200,238a513b-fef2-4d46-9eee-fcc4634b3251,2026-09-09T10:15:00Z,2026-09-09T12:15:00+0200,21368.48936,MW,DE,DE_LU,actual_onshore_wind_generation,Wind Onshore,2026-09-11T12:49:02Z
2026-09-11T12:47:50Z,2026-09-11T14:47:50+0200,238a513b-fef2-4d46-9eee-fcc4634b3251,2026-09-09T10:30:00Z,2026-09-09T12:30:00+0200,21698.98762,MW,DE,DE_LU,actual_onshore_wind_generation,Wind Onshore,2026-09-11T12:49:02Z
2026-09-11T12:47:50Z,2026-09-11T14:47:50+0200,238a513b-fef2-4d46-9eee-fcc4634b3251,2026-09-09T10:45:00Z,2026-09-09T12:45:00+0200,21521.17657,MW,DE,DE_LU,actual_onshore_wind_generation,Wind Onshore,2026-09-11T12:49:02Z
2026-09-11T12:47:50Z,2026-09-11T14:47:50+0200,238a513b-fef2-4d46-9eee-fcc4634b3251,2026-09-09T11:00:00Z,2026-09-09T13:00:00+0200,21512.17248,MW,DE,DE_LU,actual_onshore_wind_generation,Wind Onshore,2026-09-11T12:49:02Z
2026-09-11T12:47:50Z,2026-09-11T14:47:50+0200,238a513b-fef2-4d46-9eee-fcc4634b3251,2026-09-09T11:15:00Z,2026-09-09T13:15:00+0200,21564.16533,MW,DE,DE_LU,actual_onshore_wind_generation,Wind Onshore,2026-09-11T12:49:02Z
2026-09-11T12:47:50Z,2026-09-11T14:47:50+0200,238a513b-fef2-4d46-9eee-fcc4634b3251,2026-09-09T11:30:00Z,2026-09-09T13:30:00+0200,21418.99273,MW,DE,DE_LU,actual_onshore_wind_generation,Wind Onshore,2026-09-11T12:49:02Z
2026-09-11T12:47:50Z,2026-09-11T14:47:50+0200,238a513b-fef2-4d46-9eee-fcc4634b3251,2026-09-09T11:45:00Z,2026-09-09T13:45:00+0200,21459.41141,MW,DE,DE_LU,actual_onshore_wind_generation,Wind Onshore,2026-09-11T12:49:02Z
2026-09-11T12:47:50Z,2026-09-11T14:47:50+0200,238a513b-fef2-4d46-9eee-fcc4634b3251,2026-09-09T12:00:00Z,2026-09-09T14:00:00+0200,21519.08721,MW,DE,DE_LU,actual_onshore_wind_generation,Wind Onshore,2026-09-11T12:49:02Z
2026-09-11T12:47:50Z,2026-09-11T14:47:50+0200,238a513b-fef2-4d46-9eee-fcc4634b3251,2026-09-09T12:15:00Z,2026-09-09T14:15:00+0200,21311.13906,MW,DE,DE_LU,actual_onshore_wind_generation,Wind Onshore,2026-09-11T12:49:02Z
2026-09-11T12:47:50Z,2026-09-11T14:47:50+0200,238a513b-fef2-4d46-9eee-fcc4634b3251,2026-09-09T12:30:00Z,2026-09-09T14:30:00+0200,21355.8812,MW,DE,DE_LU,actual_onshore_wind_generation,Wind Onshore,2026-09-11T12:49:02Z
2026-09-11T12:47:50Z,2026-09-11T14:47:50+0200,238a513b-fef2-4d46-9eee-fcc4634b3251,2026-09-09T12:45:00Z,2026-09-09T14:45:00+0200,21215.44019,MW,DE,DE_LU,actual_onshore_wind_generation,Wind Onshore,2026-09-11T12:49:02Z
2026-09-11T12:47:50Z,2026-09-11T14:47:50+0200,238a513b-fef2-4d46-9eee-fcc4634b3251,2026-09-09T13:00:00Z,2026-09-09T15:00:00+0200,21175.26666,MW,DE,DE_LU,actual_onshore_wind_generation,Wind Onshore,2026-09-11T12:49:02Z
2026-09-11T12:47:50Z,2026-09-11T14:47:50+0200,238a513b-fef2-4d46-9eee-fcc4634b3251,2026-09-09T13:15:00Z,2026-09-09T15:15:00+0200,20505.88701,MW,DE,DE_LU,actual_onshore_wind_generation,Wind Onshore,2026-09-11T12:49:02Z
2026-09-11T12:47:50Z,2026-09-11T14:47:50+0200,238a513b-fef2-4d46-9eee-fcc4634b3251,2026-09-09T13:30:00Z,2026-09-09T15:30:00+0200,20500.04336,MW,DE,DE_LU,actual_onshore_wind_generation,Wind Onshore,2026-09-11T12:49:02Z
2026-09-11T12:47:50Z,2026-09-11T14:47:50+0200,238a513b-fef2-4d46-9eee-fcc4634b3251,2026-09-09T13:45:00Z,2026-09-09T15:45:00+0200,20653.21007,MW,DE,DE_LU,actual_onshore_wind_generation,Wind Onshore,2026-09-11T12:49:02Z
2026-09-11T12:47:50Z,2026-09-11T14:47:50+0200,238a513b-fef2-4d46-9eee-fcc4634b3251,2026-09-09T14:00:00Z,2026-09-09T16:00:00+0200,20499.96767,MW,DE,DE_LU,actual_onshore_wind_generation,Wind Onshore,2026-09-11T12:49:02Z
2026-09-11T12:47:50Z,2026-09-11T14:47:50+0200,238a513b-fef2-4d46-9eee-fcc4634b3251,2026-09-09T14:15:00Z,2026-09-09T16:15:00+0200,20720.13594,MW,DE,DE_LU,actual_onshore_wind_generation,Wind Onshore,2026-09-11T12:49:02Z
2026-09-11T12:47:50Z,2026-09-11T14:47:50+0200,238a513b-fef2-4d46-9eee-fcc4634b3251,2026-09-09T14:30:00Z,2026-09-09T16:30:00+0200,21198.57583,MW,DE,DE_LU,actual_onshore_wind_generation,Wind Onshore,2026-09-11T12:49:02Z
2026-09-11T12:47:50Z,2026-09-11T14:47:50+0200,238a513b-fef2-4d46-9eee-fcc4634b3251,2026-09-09T14:45:00Z,2026-09-09T16:45:00+0200,21035.08857,MW,DE,DE_LU,actual_onshore_wind_generation,Wind Onshore,2026-09-11T12:49:02Z
2026-09-11T12:47:50Z,2026-09-11T14:47:50+0200,238a513b-fef2-4d46-9eee-fcc4634b3251,2026-09-09T15:00:00Z,2026-09-09T17:00:00+0200,20809.99285,MW,DE,DE_LU,actual_onshore_wind_generation,Wind Onshore,2026-09-11T12:49:02Z
2026-09-11T12:47:50Z,2026-09-11T14:47:50+0200,238a513b-fef2-4d46-9eee-fcc4634b3251,2026-09-09T15:15:00Z,2026-09-09T17:15:00+0200,20380.41716,MW,DE,DE_LU,actual_onshore_wind_generation,Wind Onshore,2026-09-11T12:49:02Z
2026-09-11T12:47:50Z,2026-09-11T14:47:50+0200,238a513b-fef2-4d46-9eee-fcc4634b3251,2026-09-09T15:30:00Z,2026-09-09T17:30:00+0200,20095.68838,MW,DE,DE_LU,actual_onshore_wind_generation,Wind Onshore,2026-09-11T12:49:02Z
2026-09-11T12:47:50Z,2026-09-11T14:47:50+0200,238a513b-fef2-4d46-9eee-fcc4634b3251,2026-09-09T15:45:00Z,2026-09-09T17:45:00+0200,20155.63992,MW,DE,DE_LU,actual_onshore_wind_generation,Wind Onshore,2026-09-11T12:49:02Z
2026-09-11T12:47:50Z,2026-09-11T14:47:50+0200,238a513b-fef2-4d46-9eee-fcc4634b3251,2026-09-09T16:00:00Z,2026-09-09T18:00:00+0200,19616.89123,MW,DE,DE_LU,actual_onshore_wind_generation,Wind Onshore,2026-09-11T12:49:02Z
2026-09-11T12:47:50Z,2026-09-11T14:47:50+0200,238a513b-fef2-4d46-9eee-fcc4634b3251,2026-09-09T16:15:00Z,2026-09-09T18:15:00+0200,19030.30752,MW,DE,DE_LU,actual_onshore_wind_generation,Wind Onshore,2026-09-11T12:49:02Z
2026-09-11T12:47:50Z,2026-09-11T14:47:50+0200,238a513b-fef2-4d46-9eee-fcc4634b3251,2026-09-09T16:30:00Z,2026-09-09T18:30:00+0200,18661.54538,MW,DE,DE_LU,actual_onshore_wind_generation,Wind Onshore,2026-09-11T12:49:02Z
2026-09-11T12:47:50Z,2026-09-11T14:47:50+0200,238a513b-fef2-4d46-9eee-fcc4634b3251,2026-09-09T16:45:00Z,2026-09-09T18:45:00+0200,17903.89304,MW,DE,DE_LU,actual_onshore_wind_generation,Wind Onshore,2026-09-11T12:49:02Z
2026-09-11T12:47:50Z,2026-09-11T14:47:50+0200,238a513b-fef2-4d46-9eee-fcc4634b3251,2026-09-09T17:00:00Z,2026-09-09T19:00:00+0200,17150.73818,MW,DE,DE_LU,actual_onshore_wind_generation,Wind Onshore,2026-09-11T12:49:02Z
2026-09-11T12:47:50Z,2026-09-11T14:47:50+0200,238a513b-fef2-4d46-9eee-fcc4634b3251,2026-09-09T17:15:00Z,2026-09-09T19:15:00+0200,16580.57718,MW,DE,DE_LU,actual_onshore_wind_generation,Wind Onshore,2026-09-11T12:49:02Z
2026-09-11T12:47:50Z,2026-09-11T14:47:50+0200,238a513b-fef2-4d46-9eee-fcc4634b3251,2026-09-09T17:30:00Z,2026-09-09T19:30:00+0200,16467.94164,MW,DE,DE_LU,actual_onshore_wind_generation,Wind Onshore,2026-09-11T12:49:02Z
2026-09-11T12:47:50Z,2026-09-11T14:47:50+0200,238a513b-fef2-4d46-9eee-fcc4634b3251,2026-09-09T17:45:00Z,2026-09-09T19:45:00+0200,16499.9993,MW,DE,DE_LU,actual_onshore_wind_generation,Wind Onshore,2026-09-11T12:49:02Z
2026-09-11T12:47:50Z,2026-09-11T14:47:50+0200,238a513b-fef2-4d46-9eee-fcc4634b3251,2026-09-09T18:00:00Z,2026-09-09T20:00:00+0200,16168.09281,MW,DE,DE_LU,actual_onshore_wind_generation,Wind Onshore,2026-09-11T12:49:02Z
2026-09-11T12:47:50Z,2026-09-11T14:47:50+0200,238a513b-fef2-4d46-9eee-fcc4634b3251,2026-09-09T18:15:00Z,2026-09-09T20:15:00+0200,16412.33859,MW,DE,DE_LU,actual_onshore_wind_generation,Wind Onshore,2026-09-11T12:49:02Z
2026-09-11T12:47:50Z,2026-09-11T14:47:50+0200,238a513b-fef2-4d46-9eee-fcc4634b3251,2026-09-09T18:30:00Z,2026-09-09T20:30:00+0200,16577.88775,MW,DE,DE_LU,actual_onshore_wind_generation,Wind Onshore,2026-09-11T12:49:02Z
2026-09-11T12:47:50Z,2026-09-11T14:47:50+0200,238a513b-fef2-4d46-9eee-fcc4634b3251,2026-09-09T18:45:00Z,2026-09-09T20:45:00+0200,16556.75439,MW,DE,DE_LU,actual_onshore_wind_generation,Wind Onshore,2026-09-11T12:49:02Z
2026-09-11T12:47:50Z,2026-09-11T14:47:50+0200,238a513b-fef2-4d46-9eee-fcc4634b3251,2026-09-09T19:00:00Z,2026-09-09T21:00:00+0200,16911.88714,MW,DE,DE_LU,actual_onshore_wind_generation,Wind Onshore,2026-09-11T12:49:02Z
2026-09-11T12:47:50Z,2026-09-11T14:47:50+0200,238a513b-fef2-4d46-9eee-fcc4634b3251,2026-09-09T19:15:00Z,2026-09-09T21:15:00+0200,17258.74468,MW,DE,DE_LU,actual_onshore_wind_generation,Wind Onshore,2026-09-11T12:49:02Z
2026-09-11T12:47:50Z,2026-09-11T14:47:50+0200,238a513b-fef2-4d46-9eee-fcc4634b3251,2026-09-09T19:30:00Z,2026-09-09T21:30:00+0200,17323.90655,MW,DE,DE_LU,actual_onshore_wind_generation,Wind Onshore,2026-09-11T12:49:02Z
2026-09-11T12:47:50Z,2026-09-11T14:47:50+0200,238a513b-fef2-4d46-9eee-fcc4634b3251,2026-09-09T19:45:00Z,2026-09-09T21:45:00+0200,17547.88884,MW,DE,DE_LU,actual_onshore_wind_generation,Wind Onshore,2026-09-11T12:49:02Z
2026-09-11T12:47:50Z,2026-09-11T14:47:50+0200,238a513b-fef2-4d46-9eee-fcc4634b3251,2026-09-09T20:00:00Z,2026-09-09T22:00:00+0200,17622.75914,MW,DE,DE_LU,actual_onshore_wind_generation,Wind Onshore,2026-09-11T12:49:02Z
2026-09-11T12:47:50Z,2026-09-11T14:47:50+0200,238a513b-fef2-4d46-9eee-fcc4634b3251,2026-09-09T20:15:00Z,2026-09-09T22:15:00+0200,18238.09422,MW,DE,DE_LU,actual_onshore_wind_generation,Wind Onshore,2026-09-11T12:49:02Z
2026-09-11T12:47:50Z,2026-09-11T14:47:50+0200,238a513b-fef2-4d46-9eee-fcc4634b3251,2026-09-09T20:30:00Z,2026-09-09T22:30:00+0200,18754.26668,MW,DE,DE_LU,actual_onshore_wind_generation,Wind Onshore,2026-09-11T12:49:02Z
2026-09-11T12:47:50Z,2026-09-11T14:47:50+0200,238a513b-fef2-4d46-9eee-fcc4634b3251,2026-09-09T20:45:00Z,2026-09-09T22:45:00+0200,19069.13326,MW,DE,DE_LU,actual_onshore_wind_generation,Wind Onshore,2026-09-11T12:49:02Z
2026-09-11T12:47:50Z,2026-09-11T14:47:50+0200,238a513b-fef2-4d46-9eee-fcc4634b3251,2026-09-09T21:00:00Z,2026-09-09T23:00:00+0200,19329.97848,MW,DE,DE_LU,actual_onshore_wind_generation,Wind Onshore,2026-09-11T12:49:02Z
2026-09-11T12:47:50Z,2026-09-11T14:47:50+0200,238a513b-fef2-4d46-9eee-fcc4634b3251,2026-09-09T21:15:00Z,2026-09-09T23:15:00+0200,19326.9312,MW,DE,DE_LU,actual_onshore_wind_generation,Wind Onshore,2026-09-11T12:49:02Z
2026-09-11T12:47:50Z,2026-09-11T14:47:50+0200,238a513b-fef2-4d46-9eee-fcc4634b3251,2026-09-09T21:30:00Z,2026-09-09T23:30:00+0200,19295.87133,MW,DE,DE_LU,actual_onshore_wind_generation,Wind Onshore,2026-09-11T12:49:02Z
2026-09-11T12:47:50Z,2026-09-11T14:47:50+0200,238a513b-fef2-4d46-9eee-fcc4634b3251,2026-09-09T21:45:00Z,2026-09-09T23:45:00+0200,19201.59082,MW,DE,DE_LU,actual_onshore_wind_generation,Wind Onshore,2026-09-11T12:49:02Z
2026-09-11T12:47:50Z,2026-09-11T14:47:50+0200,238a513b-fef2-4d46-9eee-fcc4634b3251,2026-09-09T22:00:00Z,2026-09-10T00:00:00+0200,18801.65894,MW,DE,DE_LU,actual_onshore_wind_generation,Wind Onshore,2026-09-11T12:49:02Z
2026-09-11T12:47:50Z,2026-09-11T14:47:50+0200,238a513b-fef2-4d46-9eee-fcc4634b3251,2026-09-09T22:15:00Z,2026-09-10T00:15:00+0200,18549.7222,MW,DE,DE_LU,actual_onshore_wind_generation,Wind Onshore,2026-09-11T12:49:02Z
2026-09-11T12:47:50Z,2026-09-11T14:47:50+0200,238a513b-fef2-4d46-9eee-fcc4634b3251,2026-09-09T22:30:00Z,2026-09-10T00:30:00+0200,18264.54488,MW,DE,DE_LU,actual_onshore_wind_generation,Wind Onshore,2026-09-11T12:49:02Z
2026-09-11T12:47:50Z,2026-09-11T14:47:50+0200,238a513b-fef2-4d46-9eee-fcc4634b3251,2026-09-09T22:45:00Z,2026-09-10T00:45:00+0200,17859.89984,MW,DE,DE_LU,actual_onshore_wind_generation,Wind Onshore,2026-09-11T12:49:02Z
2026-09-11T12:47:50Z,2026-09-11T14:47:50+0200,238a513b-fef2-4d46-9eee-fcc4634b3251,2026-09-09T23:00:00Z,2026-09-10T01:00:00+0200,17231.25418,MW,DE,DE_LU,actual_onshore_wind_generation,Wind Onshore,2026-09-11T12:49:02Z
2026-09-11T12:47:50Z,2026-09-11T14:47:50+0200,238a513b-fef2-4d46-9eee-fcc4634b3251,2026-09-09T23:15:00Z,2026-09-10T01:15:00+0200,16912.3844,MW,DE,DE_LU,actual_onshore_wind_generation,Wind Onshore,2026-09-11T12:49:02Z
2026-09-11T12:47:50Z,2026-09-11T14:47:50+0200,238a513b-fef2-4d46-9eee-fcc4634b3251,2026-09-09T23:30:00Z,2026-09-10T01:30:00+0200,16178.42872,MW,DE,DE_LU,actual_onshore_wind_generation,Wind Onshore,2026-09-11T12:49:02Z
2026-09-11T12:47:50Z,2026-09-11T14:47:50+0200,238a513b-fef2-4d46-9eee-fcc4634b3251,2026-09-09T23:45:00Z,2026-09-10T01:45:00+0200,15729.03476,MW,DE,DE_LU,actual_onshore_wind_generation,Wind Onshore,2026-09-11T12:49:02Z
2026-09-11T12:47:50Z,2026-09-11T14:47:50+0200,238a513b-fef2-4d46-9eee-fcc4634b3251,2026-09-10T00:00:00Z,2026-09-10T02:00:00+0200,15245.37029,MW,DE,DE_LU,actual_onshore_wind_generation,Wind Onshore,2026-09-11T12:49:02Z
2026-09-11T12:47:50Z,2026-09-11T14:47:50+0200,238a513b-fef2-4d46-9eee-fcc4634b3251,2026-09-10T00:15:00Z,2026-09-10T02:15:00+0200,14691.55685,MW,DE,DE_LU,actual_onshore_wind_generation,Wind Onshore,2026-09-11T12:49:02Z
2026-09-11T12:47:50Z,2026-09-11T14:47:50+0200,238a513b-fef2-4d46-9eee-fcc4634b3251,2026-09-10T00:30:00Z,2026-09-10T02:30:00+0200,14184.34458,MW,DE,DE_LU,actual_onshore_wind_generation,Wind Onshore,2026-09-11T12:49:02Z
2026-09-11T12:47:50Z,2026-09-11T14:47:50+0200,238a513b-fef2-4d46-9eee-fcc4634b3251,2026-09-10T00:45:00Z,2026-09-10T02:45:00+0200,13655.20668,MW,DE,DE_LU,actual_onshore_wind_generation,Wind Onshore,2026-09-11T12:49:02Z
2026-09-11T12:47:50Z,2026-09-11T14:47:50+0200,238a513b-fef2-4d46-9eee-fcc4634b3251,2026-09-10T01:00:00Z,2026-09-10T03:00:00+0200,12952.69809,MW,DE,DE_LU,actual_onshore_wind_generation,Wind Onshore,2026-09-11T12:49:02Z
2026-09-11T12:47:50Z,2026-09-11T14:47:50+0200,238a513b-fef2-4d46-9eee-fcc4634b3251,2026-09-10T01:15:00Z,2026-09-10T03:15:00+0200,12654.9117,MW,DE,DE_LU,actual_onshore_wind_generation,Wind Onshore,2026-09-11T12:49:02Z
2026-09-11T12:47:50Z,2026-09-11T14:47:50+0200,238a513b-fef2-4d46-9eee-fcc4634b3251,2026-09-10T01:30:00Z,2026-09-10T03:30:00+0200,12659.72797,MW,DE,DE_LU,actual_onshore_wind_generation,Wind Onshore,2026-09-11T12:49:02Z
2026-09-11T12:47:50Z,2026-09-11T14:47:50+0200,238a513b-fef2-4d46-9eee-fcc4634b3251,2026-09-10T01:45:00Z,2026-09-10T03:45:00+0200,12397.71688,MW,DE,DE_LU,actual_onshore_wind_generation,Wind Onshore,2026-09-11T12:49:02Z
2026-09-11T12:47:50Z,2026-09-11T14:47:50+0200,238a513b-fef2-4d46-9eee-fcc4634b3251,2026-09-10T02:00:00Z,2026-09-10T04:00:00+0200,11928.69416,MW,DE,DE_LU,actual_onshore_wind_generation,Wind Onshore,2026-09-11T12:49:02Z
2026-09-11T12:47:50Z,2026-09-11T14:47:50+0200,238a513b-fef2-4d46-9eee-fcc4634b3251,2026-09-10T02:15:00Z,2026-09-10T04:15:00+0200,11585.72675,MW,DE,DE_LU,actual_onshore_wind_generation,Wind Onshore,2026-09-11T12:49:02Z
2026-09-11T12:47:50Z,2026-09-11T14:47:50+0200,238a513b-fef2-4d46-9eee-fcc4634b3251,2026-09-10T02:30:00Z,2026-09-10T04:30:00+0200,11050.56238,MW,DE,DE_LU,actual_onshore_wind_generation,Wind Onshore,2026-09-11T12:49:02Z
2026-09-11T12:47:50Z,2026-09-11T14:47:50+0200,238a513b-fef2-4d46-9eee-fcc4634b3251,2026-09-10T02:45:00Z,2026-09-10T04:45:00+0200,10584.78621,MW,DE,DE_LU,actual_onshore_wind_generation,Wind Onshore,2026-09-11T12:49:02Z
2026-09-11T12:47:50Z,2026-09-11T14:47:50+0200,238a513b-fef2-4d46-9eee-fcc4634b3251,2026-09-10T03:00:00Z,2026-09-10T05:00:00+0200,10184.83615,MW,DE,DE_LU,actual_onshore_wind_generation,Wind Onshore,2026-09-11T12:49:02Z
2026-09-11T12:47:50Z,2026-09-11T14:47:50+0200,238a513b-fef2-4d46-9eee-fcc4634b3251,2026-09-10T03:15:00Z,2026-09-10T05:15:00+0200,10067.52915,MW,DE,DE_LU,actual_onshore_wind_generation,Wind Onshore,2026-09-11T12:49:02Z
2026-09-11T12:47:50Z,2026-09-11T14:47:50+0200,238a513b-fef2-4d46-9eee-fcc4634b3251,2026-09-10T03:30:00Z,2026-09-10T05:30:00+0200,9823.43796,MW,DE,DE_LU,actual_onshore_wind_generation,Wind Onshore,2026-09-11T12:49:02Z
2026-09-11T12:47:50Z,2026-09-11T14:47:50+0200,238a513b-fef2-4d46-9eee-fcc4634b3251,2026-09-10T03:45:00Z,2026-09-10T05:45:00+0200,9661.1873,MW,DE,DE_LU,actual_onshore_wind_generation,Wind Onshore,2026-09-11T12:49:02Z
2026-09-11T12:47:50Z,2026-09-11T14:47:50+0200,238a513b-fef2-4d46-9eee-fcc4634b3251,2026-09-10T04:00:00Z,2026-09-10T06:00:00+0200,9422.14927,MW,DE,DE_LU,actual_onshore_wind_generation,Wind Onshore,2026-09-11T12:49:02Z
2026-09-11T12:47:50Z,2026-09-11T14:47:50+0200,238a513b-fef2-4d46-9eee-fcc4634b3251,2026-09-10T04:15:00Z,2026-09-10T06:15:00+0200,9122.99437,MW,DE,DE_LU,actual_onshore_wind_generation,Wind Onshore,2026-09-11T12:49:02Z
2026-09-11T12:47:50Z,2026-09-11T14:47:50+0200,238a513b-fef2-4d46-9eee-fcc4634b3251,2026-09-10T04:30:00Z,2026-09-10T06:30:00+0200,8812.00035,MW,DE,DE_LU,actual_onshore_wind_generation,Wind Onshore,2026-09-11T12:49:02Z
2026-09-11T12:47:50Z,2026-09-11T14:47:50+0200,238a513b-fef2-4d46-9eee-fcc4634b3251,2026-09-10T04:45:00Z,2026-09-10T06:45:00+0200,8910.86202,MW,DE,DE_LU,actual_onshore_wind_generation,Wind Onshore,2026-09-11T12:49:02Z
2026-09-11T12:47:50Z,2026-09-11T14:47:50+0200,238a513b-fef2-4d46-9eee-fcc4634b3251,2026-09-10T05:00:00Z,2026-09-10T07:00:00+0200,8899.26951,MW,DE,DE_LU,actual_onshore_wind_generation,Wind Onshore,2026-09-11T12:49:02Z
2026-09-11T12:47:50Z,2026-09-11T14:47:50+0200,238a513b-fef2-4d46-9eee-fcc4634b3251,2026-09-10T05:15:00Z,2026-09-10T07:15:00+0200,8336.56506,MW,DE,DE_LU,actual_onshore_wind_generation,Wind Onshore,2026-09-11T12:49:02Z
2026-09-11T12:47:50Z,2026-09-11T14:47:50+0200,238a513b-fef2-4d46-9eee-fcc4634b3251,2026-09-10T05:30:00Z,2026-09-10T07:30:00+0200,7694.14909,MW,DE,DE_LU,actual_onshore_wind_generation,Wind Onshore,2026-09-11T12:49:02Z
2026-09-11T12:47:50Z,2026-09-11T14:47:50+0200,238a513b-fef2-4d46-9eee-fcc4634b3251,2026-09-10T05:45:00Z,2026-09-10T07:45:00+0200,7368.85734,MW,DE,DE_LU,actual_onshore_wind_generation,Wind Onshore,2026-09-11T12:49:02Z
2026-09-11T12:47:50Z,2026-09-11T14:47:50+0200,238a513b-fef2-4d46-9eee-fcc4634b3251,2026-09-10T06:00:00Z,2026-09-10T08:00:00+0200,7093.54595,MW,DE,DE_LU,actual_onshore_wind_generation,Wind Onshore,2026-09-11T12:49:02Z
2026-09-11T12:47:50Z,2026-09-11T14:47:50+0200,238a513b-fef2-4d46-9eee-fcc4634b3251,2026-09-10T06:15:00Z,2026-09-10T08:15:00+0200,6608.384,MW,DE,DE_LU,actual_onshore_wind_generation,Wind Onshore,2026-09-11T12:49:02Z
2026-09-11T12:47:50Z,2026-09-11T14:47:50+0200,238a513b-fef2-4d46-9eee-fcc4634b3251,2026-09-10T06:30:00Z,2026-09-10T08:30:00+0200,6241.89,MW,DE,DE_LU,actual_onshore_wind_generation,Wind Onshore,2026-09-11T12:49:02Z
2026-09-11T12:47:50Z,2026-09-11T14:47:50+0200,238a513b-fef2-4d46-9eee-fcc4634b3251,2026-09-10T06:45:00Z,2026-09-10T08:45:00+0200,5881.105,MW,DE,DE_LU,actual_onshore_wind_generation,Wind Onshore,2026-09-11T12:49:02Z
2026-09-11T12:47:50Z,2026-09-11T14:47:50+0200,238a513b-fef2-4d46-9eee-fcc4634b3251,2026-09-10T07:00:00Z,2026-09-10T09:00:00+0200,5672.636,MW,DE,DE_LU,actual_onshore_wind_generation,Wind Onshore,2026-09-11T12:49:02Z
2026-09-11T12:47:50Z,2026-09-11T14:47:50+0200,238a513b-fef2-4d46-9eee-fcc4634b3251,2026-09-10T07:15:00Z,2026-09-10T09:15:00+0200,5569.634,MW,DE,DE_LU,actual_onshore_wind_generation,Wind Onshore,2026-09-11T12:49:02Z
2026-09-11T12:47:50Z,2026-09-11T14:47:50+0200,238a513b-fef2-4d46-9eee-fcc4634b3251,2026-09-10T07:30:00Z,2026-09-10T09:30:00+0200,5495.072,MW,DE,DE_LU,actual_onshore_wind_generation,Wind Onshore,2026-09-11T12:49:02Z
2026-09-11T12:47:50Z,2026-09-11T14:47:50+0200,238a513b-fef2-4d46-9eee-fcc4634b3251,2026-09-10T07:45:00Z,2026-09-10T09:45:00+0200,5495.794,MW,DE,DE_LU,actual_onshore_wind_generation,Wind Onshore,2026-09-11T12:49:02Z
2026-09-11T12:47:50Z,2026-09-11T14:47:50+0200,238a513b-fef2-4d46-9eee-fcc4634b3251,2026-09-10T08:00:00Z,2026-09-10T10:00:00+0200,5647.375,MW,DE,DE_LU,actual_onshore_wind_generation,Wind Onshore,2026-09-11T12:49:02Z
2026-09-11T12:47:50Z,2026-09-11T14:47:50+0200,238a513b-fef2-4d46-9eee-fcc4634b3251,2026-09-10T08:15:00Z,2026-09-10T10:15:00+0200,5745.84632,MW,DE,DE_LU,actual_onshore_wind_generation,Wind Onshore,2026-09-11T12:49:02Z
2026-09-11T12:47:50Z,2026-09-11T14:47:50+0200,238a513b-fef2-4d46-9eee-fcc4634b3251,2026-09-10T08:30:00Z,2026-09-10T10:30:00+0200,5850.50307,MW,DE,DE_LU,actual_onshore_wind_generation,Wind Onshore,2026-09-11T12:49:02Z
2026-09-11T12:47:50Z,2026-09-11T14:47:50+0200,238a513b-fef2-4d46-9eee-fcc4634b3251,2026-09-10T08:45:00Z,2026-09-10T10:45:00+0200,6061.09762,MW,DE,DE_LU,actual_onshore_wind_generation,Wind Onshore,2026-09-11T12:49:02Z
2026-09-11T12:47:50Z,2026-09-11T14:47:50+0200,238a513b-fef2-4d46-9eee-fcc4634b3251,2026-09-10T09:00:00Z,2026-09-10T11:00:00+0200,6060.73029,MW,DE,DE_LU,actual_onshore_wind_generation,Wind Onshore,2026-09-11T12:49:02Z
2026-09-11T12:47:50Z,2026-09-11T14:47:50+0200,238a513b-fef2-4d46-9eee-fcc4634b3251,2026-09-10T09:15:00Z,2026-09-10T11:15:00+0200,6204.26668,MW,DE,DE_LU,actual_onshore_wind_generation,Wind Onshore,2026-09-11T12:49:02Z
2026-09-11T12:47:50Z,2026-09-11T14:47:50+0200,238a513b-fef2-4d46-9eee-fcc4634b3251,2026-09-10T09:30:00Z,2026-09-10T11:30:00+0200,6228.25801,MW,DE,DE_LU,actual_onshore_wind_generation,Wind Onshore,2026-09-11T12:49:02Z
2026-09-11T12:47:50Z,2026-09-11T14:47:50+0200,238a513b-fef2-4d46-9eee-fcc4634b3251,2026-09-10T09:45:00Z,2026-09-10T11:45:00+0200,6143.35756,MW,DE,DE_LU,actual_onshore_wind_generation,Wind Onshore,2026-09-11T12:49:02Z
2026-09-11T12:47:50Z,2026-09-11T14:47:50+0200,238a513b-fef2-4d46-9eee-fcc4634b3251,2026-09-10T10:00:00Z,2026-09-10T12:00:00+0200,6097.8623,MW,DE,DE_LU,actual_onshore_wind_generation,Wind Onshore,2026-09-11T12:49:02Z
2026-09-11T12:47:50Z,2026-09-11T14:47:50+0200,238a513b-fef2-4d46-9eee-fcc4634b3251,2026-09-10T10:15:00Z,2026-09-10T12:15:00+0200,6051.24653,MW,DE,DE_LU,actual_onshore_wind_generation,Wind Onshore,2026-09-11T12:49:02Z
2026-09-11T12:47:50Z,2026-09-11T14:47:50+0200,238a513b-fef2-4d46-9eee-fcc4634b3251,2026-09-10T10:30:00Z,2026-09-10T12:30:00+0200,5994.38195,MW,DE,DE_LU,actual_onshore_wind_generation,Wind Onshore,2026-09-11T12:49:02Z
2026-09-11T12:47:50Z,2026-09-11T14:47:50+0200,238a513b-fef2-4d46-9eee-fcc4634b3251,2026-09-10T10:45:00Z,2026-09-10T12:45:00+0200,5814.25633,MW,DE,DE_LU,actual_onshore_wind_generation,Wind Onshore,2026-09-11T12:49:02Z
2026-09-11T12:47:50Z,2026-09-11T14:47:50+0200,238a513b-fef2-4d46-9eee-fcc4634b3251,2026-09-10T11:00:00Z,2026-09-10T13:00:00+0200,5569.0706,MW,DE,DE_LU,actual_onshore_wind_generation,Wind Onshore,2026-09-11T12:49:02Z
2026-09-11T12:47:50Z,2026-09-11T14:47:50+0200,238a513b-fef2-4d46-9eee-fcc4634b3251,2026-09-10T11:15:00Z,2026-09-10T13:15:00+0200,5582.27181,MW,DE,DE_LU,actual_onshore_wind_generation,Wind Onshore,2026-09-11T12:49:02Z
2026-09-11T12:47:50Z,2026-09-11T14:47:50+0200,238a513b-fef2-4d46-9eee-fcc4634b3251,2026-09-10T11:30:00Z,2026-09-10T13:30:00+0200,5698.71729,MW,DE,DE_LU,actual_onshore_wind_generation,Wind Onshore,2026-09-11T12:49:02Z
2026-09-11T12:47:50Z,2026-09-11T14:47:50+0200,238a513b-fef2-4d46-9eee-fcc4634b3251,2026-09-10T11:45:00Z,2026-09-10T13:45:00+0200,5489.36992,MW,DE,DE_LU,actual_onshore_wind_generation,Wind Onshore,2026-09-11T12:49:02Z
2026-09-11T12:47:50Z,2026-09-11T14:47:50+0200,238a513b-fef2-4d46-9eee-fcc4634b3251,2026-09-10T12:00:00Z,2026-09-10T14:00:00+0200,5479.2312,MW,DE,DE_LU,actual_onshore_wind_generation,Wind Onshore,2026-09-11T12:49:02Z
2026-09-11T12:47:50Z,2026-09-11T14:47:50+0200,238a513b-fef2-4d46-9eee-fcc4634b3251,2026-09-10T12:15:00Z,2026-09-10T14:15:00+0200,5389.43681,MW,DE,DE_LU,actual_onshore_wind_generation,Wind Onshore,2026-09-11T12:49:02Z
2026-09-11T12:47:50Z,2026-09-11T14:47:50+0200,238a513b-fef2-4d46-9eee-fcc4634b3251,2026-09-10T12:30:00Z,2026-09-10T14:30:00+0200,5260.54313,MW,DE,DE_LU,actual_onshore_wind_generation,Wind Onshore,2026-09-11T12:49:02Z
2026-09-11T12:47:50Z,2026-09-11T14:47:50+0200,238a513b-fef2-4d46-9eee-fcc4634b3251,2026-09-10T12:45:00Z,2026-09-10T14:45:00+0200,5045.53311,MW,DE,DE_LU,actual_onshore_wind_generation,Wind Onshore,2026-09-11T12:49:02Z
2026-09-11T12:47:50Z,2026-09-11T14:47:50+0200,238a513b-fef2-4d46-9eee-fcc4634b3251,2026-09-10T13:00:00Z,2026-09-10T15:00:00+0200,4721.72197,MW,DE,DE_LU,actual_onshore_wind_generation,Wind Onshore,2026-09-11T12:49:02Z
2026-09-11T12:47:50Z,2026-09-11T14:47:50+0200,238a513b-fef2-4d46-9eee-fcc4634b3251,2026-09-10T13:15:00Z,2026-09-10T15:15:00+0200,4637.90147,MW,DE,DE_LU,actual_onshore_wind_generation,Wind Onshore,2026-09-11T12:49:02Z
2026-09-11T12:47:50Z,2026-09-11T14:47:50+0200,238a513b-fef2-4d46-9eee-fcc4634b3251,2026-09-10T13:30:00Z,2026-09-10T15:30:00+0200,4356.31623,MW,DE,DE_LU,actual_onshore_wind_generation,Wind Onshore,2026-09-11T12:49:02Z
2026-09-11T12:47:50Z,2026-09-11T14:47:50+0200,238a513b-fef2-4d46-9eee-fcc4634b3251,2026-09-10T13:45:00Z,2026-09-10T15:45:00+0200,4109.46625,MW,DE,DE_LU,actual_onshore_wind_generation,Wind Onshore,2026-09-11T12:49:02Z
2026-09-11T12:47:50Z,2026-09-11T14:47:50+0200,238a513b-fef2-4d46-9eee-fcc4634b3251,2026-09-10T14:00:00Z,2026-09-10T16:00:00+0200,3867.46483,MW,DE,DE_LU,actual_onshore_wind_generation,Wind Onshore,2026-09-11T12:49:02Z
2026-09-11T12:47:50Z,2026-09-11T14:47:50+0200,238a513b-fef2-4d46-9eee-fcc4634b3251,2026-09-10T14:15:00Z,2026-09-10T16:15:00+0200,3591.0601,MW,DE,DE_LU,actual_onshore_wind_generation,Wind Onshore,2026-09-11T12:49:02Z
2026-09-11T12:47:50Z,2026-09-11T14:47:50+0200,238a513b-fef2-4d46-9eee-fcc4634b3251,2026-09-10T14:30:00Z,2026-09-10T16:30:00+0200,3326.02303,MW,DE,DE_LU,actual_onshore_wind_generation,Wind Onshore,2026-09-11T12:49:02Z
2026-09-11T12:47:50Z,2026-09-11T14:47:50+0200,238a513b-fef2-4d46-9eee-fcc4634b3251,2026-09-10T14:45:00Z,2026-09-10T16:45:00+0200,3015.51409,MW,DE,DE_LU,actual_onshore_wind_generation,Wind Onshore,2026-09-11T12:49:02Z
2026-09-11T12:47:50Z,2026-09-11T14:47:50+0200,238a513b-fef2-4d46-9eee-fcc4634b3251,2026-09-10T15:00:00Z,2026-09-10T17:00:00+0200,2691.89018,MW,DE,DE_LU,actual_onshore_wind_generation,Wind Onshore,2026-09-11T12:49:02Z
2026-09-11T12:47:50Z,2026-09-11T14:47:50+0200,238a513b-fef2-4d46-9eee-fcc4634b3251,2026-09-10T15:15:00Z,2026-09-10T17:15:00+0200,2416.83816,MW,DE,DE_LU,actual_onshore_wind_generation,Wind Onshore,2026-09-11T12:49:02Z
2026-09-11T12:47:50Z,2026-09-11T14:47:50+0200,238a513b-fef2-4d46-9eee-fcc4634b3251,2026-09-10T15:30:00Z,2026-09-10T17:30:00+0200,2126.50989,MW,DE,DE_LU,actual_onshore_wind_generation,Wind Onshore,2026-09-11T12:49:02Z
2026-09-11T12:47:50Z,2026-09-11T14:47:50+0200,238a513b-fef2-4d46-9eee-fcc4634b3251,2026-09-10T15:45:00Z,2026-09-10T17:45:00+0200,1783.97203,MW,DE,DE_LU,actual_onshore_wind_generation,Wind Onshore,2026-09-11T12:49:02Z
2026-09-11T12:47:50Z,2026-09-11T14:47:50+0200,238a513b-fef2-4d46-9eee-fcc4634b3251,2026-09-10T16:00:00Z,2026-09-10T18:00:00+0200,1450.64939,MW,DE,DE_LU,actual_onshore_wind_generation,Wind Onshore,2026-09-11T12:49:02Z
2026-09-11T12:47:50Z,2026-09-11T14:47:50+0200,238a513b-fef2-4d46-9eee-fcc4634b3251,2026-09-10T16:15:00Z,2026-09-10T18:15:00+0200,1195.08071,MW,DE,DE_LU,actual_onshore_wind_generation,Wind Onshore,2026-09-11T12:49:02Z
2026-09-11T12:47:50Z,2026-09-11T14:47:50+0200,238a513b-fef2-4d46-9eee-fcc4634b3251,2026-09-10T16:30:00Z,2026-09-10T18:30:00+0200,986.32623,MW,DE,DE_LU,actual_onshore_wind_generation,Wind Onshore,2026-09-11T12:49:02Z
2026-09-11T12:47:50Z,2026-09-11T14:47:50+0200,238a513b-fef2-4d46-9eee-fcc4634b3251,2026-09-10T16:45:00Z,2026-09-10T18:45:00+0200,716.81216,MW,DE,DE_LU,actual_onshore_wind_generation,Wind Onshore,2026-09-11T12:49:02Z
2026-09-11T12:47:50Z,2026-09-11T14:47:50+0200,238a513b-fef2-4d46-9eee-fcc4634b3251,2026-09-10T17:00:00Z,2026-09-10T19:00:00+0200,616.68793,MW,DE,DE_LU,actual_onshore_wind_generation,Wind Onshore,2026-09-11T12:49:02Z
2026-09-11T12:47:50Z,2026-09-11T14:47:50+0200,238a513b-fef2-4d46-9eee-fcc4634b3251,2026-09-10T17:15:00Z,2026-09-10T19:15:00+0200,584.468,MW,DE,DE_LU,actual_onshore_wind_generation,Wind Onshore,2026-09-11T12:49:02Z
2026-09-11T12:47:50Z,2026-09-11T14:47:50+0200,238a513b-fef2-4d46-9eee-fcc4634b3251,2026-09-10T17:30:00Z,2026-09-10T19:30:00+0200,569.26821,MW,DE,DE_LU,actual_onshore_wind_generation,Wind Onshore,2026-09-11T12:49:02Z
2026-09-11T12:47:50Z,2026-09-11T14:47:50+0200,238a513b-fef2-4d46-9eee-fcc4634b3251,2026-09-10T17:45:00Z,2026-09-10T19:45:00+0200,517.51881,MW,DE,DE_LU,actual_onshore_wind_generation,Wind Onshore,2026-09-11T12:49:02Z
2026-09-11T12:47:50Z,2026-09-11T14:47:50+0200,238a513b-fef2-4d46-9eee-fcc4634b3251,2026-09-10T18:00:00Z,2026-09-10T20:00:00+0200,487.88255,MW,DE,DE_LU,actual_onshore_wind_generation,Wind Onshore,2026-09-11T12:49:02Z
2026-09-11T12:47:50Z,2026-09-11T14:47:50+0200,238a513b-fef2-4d46-9eee-fcc4634b3251,2026-09-10T18:15:00Z,2026-09-10T20:15:00+0200,536.16981,MW,DE,DE_LU,actual_onshore_wind_generation,Wind Onshore,2026-09-11T12:49:02Z
2026-09-11T12:47:50Z,2026-09-11T14:47:50+0200,238a513b-fef2-4d46-9eee-fcc4634b3251,2026-09-10T18:30:00Z,2026-09-10T20:30:00+0200,564.00936,MW,DE,DE_LU,actual_onshore_wind_generation,Wind Onshore,2026-09-11T12:49:02Z
2026-09-11T12:47:50Z,2026-09-11T14:47:50+0200,238a513b-fef2-4d46-9eee-fcc4634b3251,2026-09-10T18:45:00Z,2026-09-10T20:45:00+0200,593.17968,MW,DE,DE_LU,actual_onshore_wind_generation,Wind Onshore,2026-09-11T12:49:02Z
2026-09-11T12:47:50Z,2026-09-11T14:47:50+0200,238a513b-fef2-4d46-9eee-fcc4634b3251,2026-09-10T19:00:00Z,2026-09-10T21:00:00+0200,655.36608,MW,DE,DE_LU,actual_onshore_wind_generation,Wind Onshore,2026-09-11T12:49:02Z
2026-09-11T12:47:50Z,2026-09-11T14:47:50+0200,238a513b-fef2-4d46-9eee-fcc4634b3251,2026-09-10T19:15:00Z,2026-09-10T21:15:00+0200,742.34103,MW,DE,DE_LU,actual_onshore_wind_generation,Wind Onshore,2026-09-11T12:49:02Z
2026-09-11T12:47:50Z,2026-09-11T14:47:50+0200,238a513b-fef2-4d46-9eee-fcc4634b3251,2026-09-10T19:30:00Z,2026-09-10T21:30:00+0200,818.96216,MW,DE,DE_LU,actual_onshore_wind_generation,Wind Onshore,2026-09-11T12:49:02Z
2026-09-11T12:47:50Z,2026-09-11T14:47:50+0200,238a513b-fef2-4d46-9eee-fcc4634b3251,2026-09-10T19:45:00Z,2026-09-10T21:45:00+0200,927.87745,MW,DE,DE_LU,actual_onshore_wind_generation,Wind Onshore,2026-09-11T12:49:02Z
2026-09-11T12:47:50Z,2026-09-11T14:47:50+0200,238a513b-fef2-4d46-9eee-fcc4634b3251,2026-09-10T20:00:00Z,2026-09-10T22:00:00+0200,1057.52969,MW,DE,DE_LU,actual_onshore_wind_generation,Wind Onshore,2026-09-11T12:49:02Z
2026-09-11T12:47:50Z,2026-09-11T14:47:50+0200,238a513b-fef2-4d46-9eee-fcc4634b3251,2026-09-10T20:15:00Z,2026-09-10T22:15:00+0200,1202.60105,MW,DE,DE_LU,actual_onshore_wind_generation,Wind Onshore,2026-09-11T12:49:02Z
2026-09-11T12:47:50Z,2026-09-11T14:47:50+0200,238a513b-fef2-4d46-9eee-fcc4634b3251,2026-09-10T20:30:00Z,2026-09-10T22:30:00+0200,1373.66134,MW,DE,DE_LU,actual_onshore_wind_generation,Wind Onshore,2026-09-11T12:49:02Z
2026-09-11T12:47:50Z,2026-09-11T14:47:50+0200,238a513b-fef2-4d46-9eee-fcc4634b3251,2026-09-10T20:45:00Z,2026-09-10T22:45:00+0200,1593.12245,MW,DE,DE_LU,actual_onshore_wind_generation,Wind Onshore,2026-09-11T12:49:02Z
2026-09-11T12:47:50Z,2026-09-11T14:47:50+0200,238a513b-fef2-4d46-9eee-fcc4634b3251,2026-09-10T21:00:00Z,2026-09-10T23:00:00+0200,1783.65767,MW,DE,DE_LU,actual_onshore_wind_generation,Wind Onshore,2026-09-11T12:49:02Z
2026-09-11T12:47:50Z,2026-09-11T14:47:50+0200,238a513b-fef2-4d46-9eee-fcc4634b3251,2026-09-10T21:15:00Z,2026-09-10T23:15:00+0200,1998.40918,MW,DE,DE_LU,actual_onshore_wind_generation,Wind Onshore,2026-09-11T12:49:02Z
2026-09-11T12:47:50Z,2026-09-11T14:47:50+0200,238a513b-fef2-4d46-9eee-fcc4634b3251,2026-09-10T21:30:00Z,2026-09-10T23:30:00+0200,2234.58413,MW,DE,DE_LU,actual_onshore_wind_generation,Wind Onshore,2026-09-11T12:49:02Z
2026-09-11T12:47:50Z,2026-09-11T14:47:50+0200,238a513b-fef2-4d46-9eee-fcc4634b3251,2026-09-10T21:45:00Z,2026-09-10T23:45:00+0200,2521.06627,MW,DE,DE_LU,actual_onshore_wind_generation,Wind Onshore,2026-09-11T12:49:02Z
2026-09-11T12:47:50Z,2026-09-11T14:47:50+0200,238a513b-fef2-4d46-9eee-fcc4634b3251,2026-09-10T22:00:00Z,2026-09-11T00:00:00+0200,2892.48924,MW,DE,DE_LU,actual_onshore_wind_generation,Wind Onshore,2026-09-11T12:49:02Z
2026-09-11T12:47:50Z,2026-09-11T14:47:50+0200,238a513b-fef2-4d46-9eee-fcc4634b3251,2026-09-10T22:15:00Z,2026-09-11T00:15:00+0200,3296.40722,MW,DE,DE_LU,actual_onshore_wind_generation,Wind Onshore,2026-09-11T12:49:02Z
2026-09-11T12:47:50Z,2026-09-11T14:47:50+0200,238a513b-fef2-4d46-9eee-fcc4634b3251,2026-09-10T22:30:00Z,2026-09-11T00:30:00+0200,3612.29442,MW,DE,DE_LU,actual_onshore_wind_generation,Wind Onshore,2026-09-11T12:49:02Z
2026-09-11T12:47:50Z,2026-09-11T14:47:50+0200,238a513b-fef2-4d46-9eee-fcc4634b3251,2026-09-10T22:45:00Z,2026-09-11T00:45:00+0200,3875.25626,MW,DE,DE_LU,actual_onshore_wind_generation,Wind Onshore,2026-09-11T12:49:02Z
2026-09-11T12:47:50Z,2026-09-11T14:47:50+0200,238a513b-fef2-4d46-9eee-fcc4634b3251,2026-09-10T23:00:00Z,2026-09-11T01:00:00+0200,4151.20778,MW,DE,DE_LU,actual_onshore_wind_generation,Wind Onshore,2026-09-11T12:49:02Z
2026-09-11T12:47:50Z,2026-09-11T14:47:50+0200,238a513b-fef2-4d46-9eee-fcc4634b3251,2026-09-10T23:15:00Z,2026-09-11T01:15:00+0200,4546.92546,MW,DE,DE_LU,actual_onshore_wind_generation,Wind Onshore,2026-09-11T12:49:02Z
2026-09-11T12:47:50Z,2026-09-11T14:47:50+0200,238a513b-fef2-4d46-9eee-fcc4634b3251,2026-09-10T23:30:00Z,2026-09-11T01:30:00+0200,4854.17586,MW,DE,DE_LU,actual_onshore_wind_generation,Wind Onshore,2026-09-11T12:49:02Z
2026-09-11T12:47:50Z,2026-09-11T14:47:50+0200,238a513b-fef2-4d46-9eee-fcc4634b3251,2026-09-10T23:45:00Z,2026-09-11T01:45:00+0200,5207.89569,MW,DE,DE_LU,actual_onshore_wind_generation,Wind Onshore,2026-09-11T12:49:02Z
2026-09-11T12:47:50Z,2026-09-11T14:47:50+0200,238a513b-fef2-4d46-9eee-fcc4634b3251,2026-09-11T00:00:00Z,2026-09-11T02:00:00+0200,5529.81592,MW,DE,DE_LU,actual_onshore_wind_generation,Wind Onshore,2026-09-11T12:49:02Z
2026-09-11T12:47:50Z,2026-09-11T14:47:50+0200,238a513b-fef2-4d46-9eee-fcc4634b3251,2026-09-11T00:15:00Z,2026-09-11T02:15:00+0200,5780.68736,MW,DE,DE_LU,actual_onshore_wind_generation,Wind Onshore,2026-09-11T12:49:02Z
2026-09-11T12:47:50Z,2026-09-11T14:47:50+0200,238a513b-fef2-4d46-9eee-fcc4634b3251,2026-09-11T00:30:00Z,2026-09-11T02:30:00+0200,5842.06056,MW,DE,DE_LU,actual_onshore_wind_generation,Wind Onshore,2026-09-11T12:49:02Z
2026-09-11T12:47:50Z,2026-09-11T14:47:50+0200,238a513b-fef2-4d46-9eee-fcc4634b3251,2026-09-11T00:45:00Z,2026-09-11T02:45:00+0200,5852.50472,MW,DE,DE_LU,actual_onshore_wind_generation,Wind Onshore,2026-09-11T12:49:02Z
2026-09-11T12:47:50Z,2026-09-11T14:47:50+0200,238a513b-fef2-4d46-9eee-fcc4634b3251,2026-09-11T01:00:00Z,2026-09-11T03:00:00+0200,5920.05316,MW,DE,DE_LU,actual_onshore_wind_generation,Wind Onshore,2026-09-11T12:49:02Z
2026-09-11T12:47:50Z,2026-09-11T14:47:50+0200,238a513b-fef2-4d46-9eee-fcc4634b3251,2026-09-11T01:15:00Z,2026-09-11T03:15:00+0200,5943.95568,MW,DE,DE_LU,actual_onshore_wind_generation,Wind Onshore,2026-09-11T12:49:02Z
2026-09-11T12:47:50Z,2026-09-11T14:47:50+0200,238a513b-fef2-4d46-9eee-fcc4634b3251,2026-09-11T01:30:00Z,2026-09-11T03:30:00+0200,6012.19767,MW,DE,DE_LU,actual_onshore_wind_generation,Wind Onshore,2026-09-11T12:49:02Z
2026-09-11T12:47:50Z,2026-09-11T14:47:50+0200,238a513b-fef2-4d46-9eee-fcc4634b3251,2026-09-11T01:45:00Z,2026-09-11T03:45:00+0200,6228.27797,MW,DE,DE_LU,actual_onshore_wind_generation,Wind Onshore,2026-09-11T12:49:02Z
2026-09-11T12:47:50Z,2026-09-11T14:47:50+0200,238a513b-fef2-4d46-9eee-fcc4634b3251,2026-09-11T02:00:00Z,2026-09-11T04:00:00+0200,6313.58874,MW,DE,DE_LU,actual_onshore_wind_generation,Wind Onshore,2026-09-11T12:49:02Z
2026-09-11T12:47:50Z,2026-09-11T14:47:50+0200,238a513b-fef2-4d46-9eee-fcc4634b3251,2026-09-11T02:15:00Z,2026-09-11T04:15:00+0200,6334.06283,MW,DE,DE_LU,actual_onshore_wind_generation,Wind Onshore,2026-09-11T12:49:02Z
2026-09-11T12:47:50Z,2026-09-11T14:47:50+0200,238a513b-fef2-4d46-9eee-fcc4634b3251,2026-09-11T02:30:00Z,2026-09-11T04:30:00+0200,6247.54694,MW,DE,DE_LU,actual_onshore_wind_generation,Wind Onshore,2026-09-11T12:49:02Z
2026-09-11T12:47:50Z,2026-09-11T14:47:50+0200,238a513b-fef2-4d46-9eee-fcc4634b3251,2026-09-11T02:45:00Z,2026-09-11T04:45:00+0200,6204.32571,MW,DE,DE_LU,actual_onshore_wind_generation,Wind Onshore,2026-09-11T12:49:02Z
2026-09-11T12:47:50Z,2026-09-11T14:47:50+0200,238a513b-fef2-4d46-9eee-fcc4634b3251,2026-09-11T03:00:00Z,2026-09-11T05:00:00+0200,6241.32885,MW,DE,DE_LU,actual_onshore_wind_generation,Wind Onshore,2026-09-11T12:49:02Z
2026-09-11T12:47:50Z,2026-09-11T14:47:50+0200,238a513b-fef2-4d46-9eee-fcc4634b3251,2026-09-11T03:15:00Z,2026-09-11T05:15:00+0200,6260.84499,MW,DE,DE_LU,actual_onshore_wind_generation,Wind Onshore,2026-09-11T12:49:02Z
2026-09-11T12:47:50Z,2026-09-11T14:47:50+0200,238a513b-fef2-4d46-9eee-fcc4634b3251,2026-09-11T03:30:00Z,2026-09-11T05:30:00+0200,6101.34149,MW,DE,DE_LU,actual_onshore_wind_generation,Wind Onshore,2026-09-11T12:49:02Z
2026-09-11T12:47:50Z,2026-09-11T14:47:50+0200,238a513b-fef2-4d46-9eee-fcc4634b3251,2026-09-11T03:45:00Z,2026-09-11T05:45:00+0200,6039.59249,MW,DE,DE_LU,actual_onshore_wind_generation,Wind Onshore,2026-09-11T12:49:02Z
2026-09-11T12:47:50Z,2026-09-11T14:47:50+0200,238a513b-fef2-4d46-9eee-fcc4634b3251,2026-09-11T04:00:00Z,2026-09-11T06:00:00+0200,6134.77865,MW,DE,DE_LU,actual_onshore_wind_generation,Wind Onshore,2026-09-11T12:49:02Z
2026-09-11T12:47:50Z,2026-09-11T14:47:50+0200,238a513b-fef2-4d46-9eee-fcc4634b3251,2026-09-11T04:15:00Z,2026-09-11T06:15:00+0200,6006.89696,MW,DE,DE_LU,actual_onshore_wind_generation,Wind Onshore,2026-09-11T12:49:02Z
2026-09-11T12:47:50Z,2026-09-11T14:47:50+0200,238a513b-fef2-4d46-9eee-fcc4634b3251,2026-09-11T04:30:00Z,2026-09-11T06:30:00+0200,5927.53022,MW,DE,DE_LU,actual_onshore_wind_generation,Wind Onshore,2026-09-11T12:49:02Z
2026-09-11T12:47:50Z,2026-09-11T14:47:50+0200,238a513b-fef2-4d46-9eee-fcc4634b3251,2026-09-11T04:45:00Z,2026-09-11T06:45:00+0200,6079.07708,MW,DE,DE_LU,actual_onshore_wind_generation,Wind Onshore,2026-09-11T12:49:02Z
2026-09-11T12:47:50Z,2026-09-11T14:47:50+0200,238a513b-fef2-4d46-9eee-fcc4634b3251,2026-09-11T05:00:00Z,2026-09-11T07:00:00+0200,6456.93047,MW,DE,DE_LU,actual_onshore_wind_generation,Wind Onshore,2026-09-11T12:49:02Z
2026-09-11T12:47:50Z,2026-09-11T14:47:50+0200,238a513b-fef2-4d46-9eee-fcc4634b3251,2026-09-11T05:15:00Z,2026-09-11T07:15:00+0200,6536.12202,MW,DE,DE_LU,actual_onshore_wind_generation,Wind Onshore,2026-09-11T12:49:02Z
2026-09-11T12:47:50Z,2026-09-11T14:47:50+0200,238a513b-fef2-4d46-9eee-fcc4634b3251,2026-09-11T05:30:00Z,2026-09-11T07:30:00+0200,6487.96106,MW,DE,DE_LU,actual_onshore_wind_generation,Wind Onshore,2026-09-11T12:49:02Z
2026-09-11T12:47:50Z,2026-09-11T14:47:50+0200,238a513b-fef2-4d46-9eee-fcc4634b3251,2026-09-11T05:45:00Z,2026-09-11T07:45:00+0200,6583.55992,MW,DE,DE_LU,actual_onshore_wind_generation,Wind Onshore,2026-09-11T12:49:02Z
2026-09-11T12:47:50Z,2026-09-11T14:47:50+0200,238a513b-fef2-4d46-9eee-fcc4634b3251,2026-09-11T06:00:00Z,2026-09-11T08:00:00+0200,6656.94808,MW,DE,DE_LU,actual_onshore_wind_generation,Wind Onshore,2026-09-11T12:49:02Z
2026-09-11T12:47:50Z,2026-09-11T14:47:50+0200,238a513b-fef2-4d46-9eee-fcc4634b3251,2026-09-11T06:15:00Z,2026-09-11T08:15:00+0200,6546.10483,MW,DE,DE_LU,actual_onshore_wind_generation,Wind Onshore,2026-09-11T12:49:02Z
2026-09-11T12:47:50Z,2026-09-11T14:47:50+0200,238a513b-fef2-4d46-9eee-fcc4634b3251,2026-09-11T06:30:00Z,2026-09-11T08:30:00+0200,6365.77271,MW,DE,DE_LU,actual_onshore_wind_generation,Wind Onshore,2026-09-11T12:49:02Z
2026-09-11T12:47:50Z,2026-09-11T14:47:50+0200,238a513b-fef2-4d46-9eee-fcc4634b3251,2026-09-11T06:45:00Z,2026-09-11T08:45:00+0200,6110.08337,MW,DE,DE_LU,actual_onshore_wind_generation,Wind Onshore,2026-09-11T12:49:02Z
2026-09-11T12:47:50Z,2026-09-11T14:47:50+0200,238a513b-fef2-4d46-9eee-fcc4634b3251,2026-09-11T07:00:00Z,2026-09-11T09:00:00+0200,5758.35903,MW,DE,DE_LU,actual_onshore_wind_generation,Wind Onshore,2026-09-11T12:49:02Z
2026-09-11T12:47:50Z,2026-09-11T14:47:50+0200,238a513b-fef2-4d46-9eee-fcc4634b3251,2026-09-11T07:15:00Z,2026-09-11T09:15:00+0200,5357.53362,MW,DE,DE_LU,actual_onshore_wind_generation,Wind Onshore,2026-09-11T12:49:02Z
2026-09-11T12:47:50Z,2026-09-11T14:47:50+0200,238a513b-fef2-4d46-9eee-fcc4634b3251,2026-09-11T07:30:00Z,2026-09-11T09:30:00+0200,4861.82969,MW,DE,DE_LU,actual_onshore_wind_generation,Wind Onshore,2026-09-11T12:49:02Z
2026-09-11T12:47:50Z,2026-09-11T14:47:50+0200,238a513b-fef2-4d46-9eee-fcc4634b3251,2026-09-11T07:45:00Z,2026-09-11T09:45:00+0200,4327.90948,MW,DE,DE_LU,actual_onshore_wind_generation,Wind Onshore,2026-09-11T12:49:02Z
2026-09-11T12:47:50Z,2026-09-11T14:47:50+0200,238a513b-fef2-4d46-9eee-fcc4634b3251,2026-09-11T08:00:00Z,2026-09-11T10:00:00+0200,3918.51937,MW,DE,DE_LU,actual_onshore_wind_generation,Wind Onshore,2026-09-11T12:49:02Z
2026-09-11T12:47:50Z,2026-09-11T14:47:50+0200,238a513b-fef2-4d46-9eee-fcc4634b3251,2026-09-11T08:15:00Z,2026-09-11T10:15:00+0200,3619.34337,MW,DE,DE_LU,actual_onshore_wind_generation,Wind Onshore,2026-09-11T12:49:02Z
2026-09-11T12:47:50Z,2026-09-11T14:47:50+0200,238a513b-fef2-4d46-9eee-fcc4634b3251,2026-09-11T08:30:00Z,2026-09-11T10:30:00+0200,3493.9962,MW,DE,DE_LU,actual_onshore_wind_generation,Wind Onshore,2026-09-11T12:49:02Z
2026-09-11T12:47:50Z,2026-09-11T14:47:50+0200,238a513b-fef2-4d46-9eee-fcc4634b3251,2026-09-11T08:45:00Z,2026-09-11T10:45:00+0200,3400.45337,MW,DE,DE_LU,actual_onshore_wind_generation,Wind Onshore,2026-09-11T12:49:02Z
2026-09-11T12:47:50Z,2026-09-11T14:47:50+0200,238a513b-fef2-4d46-9eee-fcc4634b3251,2026-09-11T09:00:00Z,2026-09-11T11:00:00+0200,3456.85894,MW,DE,DE_LU,actual_onshore_wind_generation,Wind Onshore,2026-09-11T12:49:02Z
2026-09-11T12:47:50Z,2026-09-11T14:47:50+0200,238a513b-fef2-4d46-9eee-fcc4634b3251,2026-09-11T09:15:00Z,2026-09-11T11:15:00+0200,3740.97108,MW,DE,DE_LU,actual_onshore_wind_generation,Wind Onshore,2026-09-11T12:49:02Z
2026-09-11T12:47:50Z,2026-09-11T14:47:50+0200,238a513b-fef2-4d46-9eee-fcc4634b3251,2026-09-11T09:30:00Z,2026-09-11T11:30:00+0200,4023.77489,MW,DE,DE_LU,actual_onshore_wind_generation,Wind Onshore,2026-09-11T12:49:02Z
2026-09-11T12:47:50Z,2026-09-11T14:47:50+0200,238a513b-fef2-4d46-9eee-fcc4634b3251,2026-09-11T09:45:00Z,2026-09-11T11:45:00+0200,4306.48617,MW,DE,DE_LU,actual_onshore_wind_generation,Wind Onshore,2026-09-11T12:49:02Z
2026-09-11T12:47:50Z,2026-09-11T14:47:50+0200,238a513b-fef2-4d46-9eee-fcc4634b3251,2026-09-11T10:00:00Z,2026-09-11T12:00:00+0200,4557.34769,MW,DE,DE_LU,actual_onshore_wind_generation,Wind Onshore,2026-09-11T12:49:02Z
2026-09-11T12:47:50Z,2026-09-11T14:47:50+0200,238a513b-fef2-4d46-9eee-fcc4634b3251,2026-09-11T10:15:00Z,2026-09-11T12:15:00+0200,4919.6406,MW,DE,DE_LU,actual_onshore_wind_generation,Wind Onshore,2026-09-11T12:49:02Z
2026-09-11T12:47:50Z,2026-09-11T14:47:50+0200,238a513b-fef2-4d46-9eee-fcc4634b3251,2026-09-11T10:30:00Z,2026-09-11T12:30:00+0200,5166.42957,MW,DE,DE_LU,actual_onshore_wind_generation,Wind Onshore,2026-09-11T12:49:02Z
2026-09-11T12:47:50Z,2026-09-11T14:47:50+0200,238a513b-fef2-4d46-9eee-fcc4634b3251,2026-09-11T10:45:00Z,2026-09-11T12:45:00+0200,5428.51094,MW,DE,DE_LU,actual_onshore_wind_generation,Wind Onshore,2026-09-11T12:49:02Z
2026-09-11T12:47:50Z,2026-09-11T14:47:50+0200,238a513b-fef2-4d46-9eee-fcc4634b3251,2026-09-11T11:15:00Z,2026-09-11T13:15:00+0200,5807.80039,MW,DE,DE_LU,actual_onshore_wind_generation,Wind Onshore,2026-09-11T12:49:02Z
2026-09-11T12:47:50Z,2026-09-11T14:47:50+0200,238a513b-fef2-4d46-9eee-fcc4634b3251,2026-09-11T11:30:00Z,2026-09-11T13:30:00+0200,5954.71847,MW,DE,DE_LU,actual_onshore_wind_generation,Wind Onshore,2026-09-11T12:49:02Z
2026-09-11T12:47:50Z,2026-09-11T14:47:50+0200,238a513b-fef2-4d46-9eee-fcc4634b3251,2026-09-11T11:45:00Z,2026-09-11T13:45:00+0200,6025.53195,MW,DE,DE_LU,actual_onshore_wind_generation,Wind Onshore,2026-09-11T12:49:02Z
2026-09-11T12:47:50Z,2026-09-11T14:47:50+0200,238a513b-fef2-4d46-9eee-fcc4634b3251,2026-09-11T12:00:00Z,2026-09-11T14:00:00+0200,6493.45535,MW,DE,DE_LU,actual_onshore_wind_generation,Wind Onshore,2026-09-11T12:49:02Z
