collection_time_utc,collection_time_local,run_id,timestamp_utc,timestamp_local,value,unit,country,entsoe_area,variable,source,updated_at_utc
2026-09-09T00:30:01Z,2026-09-09T02:30:01+0200,d8602f09-a04f-4239-8b86-3e2426d15a39,2026-09-02T01:00:00Z,2026-09-02T03:00:00+0200,144.7,EUR/MWh,DK2,DK_2,imbalance_price,Long,2026-09-09T00:44:03Z
2026-09-09T00:30:01Z,2026-09-09T02:30:01+0200,d8602f09-a04f-4239-8b86-3e2426d15a39,2026-09-02T01:00:00Z,2026-09-02T03:00:00+0200,144.7,EUR/MWh,DK2,DK_2,imbalance_price,Short,2026-09-09T00:44:03Z
2026-09-09T00:30:01Z,2026-09-09T02:30:01+0200,d8602f09-a04f-4239-8b86-3e2426d15a39,2026-09-02T01:15:00Z,2026-09-02T03:15:00+0200,238.26,EUR/MWh,DK2,DK_2,imbalance_price,Long,2026-09-09T00:44:03Z
2026-09-09T00:30:01Z,2026-09-09T02:30:01+0200,d8602f09-a04f-4239-8b86-3e2426d15a39,2026-09-02T01:15:00Z,2026-09-02T03:15:00+0200,238.26,EUR/MWh,DK2,DK_2,imbalance_price,Short,2026-09-09T00:44:03Z
2026-09-09T00:30:01Z,2026-09-09T02:30:01+0200,d8602f09-a04f-4239-8b86-3e2426d15a39,2026-09-02T01:30:00Z,2026-09-02T03:30:00+0200,334.46,EUR/MWh,DK2,DK_2,imbalance_price,Long,2026-09-09T00:44:03Z
2026-09-09T00:30:01Z,2026-09-09T02:30:01+0200,d8602f09-a04f-4239-8b86-3e2426d15a39,2026-09-02T01:30:00Z,2026-09-02T03:30:00+0200,334.46,EUR/MWh,DK2,DK_2,imbalance_price,Short,2026-09-09T00:44:03Z
2026-09-09T00:30:01Z,2026-09-09T02:30:01+0200,d8602f09-a04f-4239-8b86-3e2426d15a39,2026-09-02T01:45:00Z,2026-09-02T03:45:00+0200,401.36,EUR/MWh,DK2,DK_2,imbalance_price,Long,2026-09-09T00:44:03Z
2026-09-09T00:30:01Z,2026-09-09T02:30:01+0200,d8602f09-a04f-4239-8b86-3e2426d15a39,2026-09-02T01:45:00Z,2026-09-02T03:45:00+0200,401.36,EUR/MWh,DK2,DK_2,imbalance_price,Short,2026-09-09T00:44:03Z
2026-09-09T00:30:01Z,2026-09-09T02:30:01+0200,d8602f09-a04f-4239-8b86-3e2426d15a39,2026-09-02T02:00:00Z,2026-09-02T04:00:00+0200,334.46,EUR/MWh,DK2,DK_2,imbalance_price,Long,2026-09-09T00:44:03Z
2026-09-09T00:30:01Z,2026-09-09T02:30:01+0200,d8602f09-a04f-4239-8b86-3e2426d15a39,2026-09-02T02:00:00Z,2026-09-02T04:00:00+0200,334.46,EUR/MWh,DK2,DK_2,imbalance_price,Short,2026-09-09T00:44:03Z
2026-09-09T00:30:01Z,2026-09-09T02:30:01+0200,d8602f09-a04f-4239-8b86-3e2426d15a39,2026-09-02T02:15:00Z,2026-09-02T04:15:00+0200,258.64,EUR/MWh,DK2,DK_2,imbalance_price,Long,2026-09-09T00:44:03Z
2026-09-09T00:30:01Z,2026-09-09T02:30:01+0200,d8602f09-a04f-4239-8b86-3e2426d15a39,2026-09-02T02:15:00Z,2026-09-02T04:15:00+0200,258.64,EUR/MWh,DK2,DK_2,imbalance_price,Short,2026-09-09T00:44:03Z
2026-09-09T00:30:01Z,2026-09-09T02:30:01+0200,d8602f09-a04f-4239-8b86-3e2426d15a39,2026-09-02T02:30:00Z,2026-09-02T04:30:00+0200,237.7,EUR/MWh,DK2,DK_2,imbalance_price,Long,2026-09-09T00:44:03Z
2026-09-09T00:30:01Z,2026-09-09T02:30:01+0200,d8602f09-a04f-4239-8b86-3e2426d15a39,2026-09-02T02:30:00Z,2026-09-02T04:30:00+0200,237.7,EUR/MWh,DK2,DK_2,imbalance_price,Short,2026-09-09T00:44:03Z
2026-09-09T00:30:01Z,2026-09-09T02:30:01+0200,d8602f09-a04f-4239-8b86-3e2426d15a39,2026-09-02T02:45:00Z,2026-09-02T04:45:00+0200,147.65,EUR/MWh,DK2,DK_2,imbalance_price,Long,2026-09-09T00:44:03Z
2026-09-09T00:30:01Z,2026-09-09T02:30:01+0200,d8602f09-a04f-4239-8b86-3e2426d15a39,2026-09-02T02:45:00Z,2026-09-02T04:45:00+0200,147.65,EUR/MWh,DK2,DK_2,imbalance_price,Short,2026-09-09T00:44:03Z
2026-09-09T00:30:01Z,2026-09-09T02:30:01+0200,d8602f09-a04f-4239-8b86-3e2426d15a39,2026-09-02T03:00:00Z,2026-09-02T05:00:00+0200,152.36,EUR/MWh,DK2,DK_2,imbalance_price,Long,2026-09-09T00:44:03Z
2026-09-09T00:30:01Z,2026-09-09T02:30:01+0200,d8602f09-a04f-4239-8b86-3e2426d15a39,2026-09-02T03:00:00Z,2026-09-02T05:00:00+0200,152.36,EUR/MWh,DK2,DK_2,imbalance_price,Short,2026-09-09T00:44:03Z
2026-09-09T00:30:01Z,2026-09-09T02:30:01+0200,d8602f09-a04f-4239-8b86-3e2426d15a39,2026-09-02T03:15:00Z,2026-09-02T05:15:00+0200,128.19,EUR/MWh,DK2,DK_2,imbalance_price,Long,2026-09-09T00:44:03Z
2026-09-09T00:30:01Z,2026-09-09T02:30:01+0200,d8602f09-a04f-4239-8b86-3e2426d15a39,2026-09-02T03:15:00Z,2026-09-02T05:15:00+0200,128.19,EUR/MWh,DK2,DK_2,imbalance_price,Short,2026-09-09T00:44:03Z
2026-09-09T00:30:01Z,2026-09-09T02:30:01+0200,d8602f09-a04f-4239-8b86-3e2426d15a39,2026-09-02T03:30:00Z,2026-09-02T05:30:00+0200,165.3,EUR/MWh,DK2,DK_2,imbalance_price,Long,2026-09-09T00:44:03Z
2026-09-09T00:30:01Z,2026-09-09T02:30:01+0200,d8602f09-a04f-4239-8b86-3e2426d15a39,2026-09-02T03:30:00Z,2026-09-02T05:30:00+0200,165.3,EUR/MWh,DK2,DK_2,imbalance_price,Short,2026-09-09T00:44:03Z
2026-09-09T00:30:01Z,2026-09-09T02:30:01+0200,d8602f09-a04f-4239-8b86-3e2426d15a39,2026-09-02T03:45:00Z,2026-09-02T05:45:00+0200,181.19,EUR/MWh,DK2,DK_2,imbalance_price,Long,2026-09-09T00:44:03Z
2026-09-09T00:30:01Z,2026-09-09T02:30:01+0200,d8602f09-a04f-4239-8b86-3e2426d15a39,2026-09-02T03:45:00Z,2026-09-02T05:45:00+0200,181.19,EUR/MWh,DK2,DK_2,imbalance_price,Short,2026-09-09T00:44:03Z
2026-09-09T00:30:01Z,2026-09-09T02:30:01+0200,d8602f09-a04f-4239-8b86-3e2426d15a39,2026-09-02T04:00:00Z,2026-09-02T06:00:00+0200,156.22,EUR/MWh,DK2,DK_2,imbalance_price,Long,2026-09-09T00:44:03Z
2026-09-09T00:30:01Z,2026-09-09T02:30:01+0200,d8602f09-a04f-4239-8b86-3e2426d15a39,2026-09-02T04:00:00Z,2026-09-02T06:00:00+0200,156.22,EUR/MWh,DK2,DK_2,imbalance_price,Short,2026-09-09T00:44:03Z
2026-09-09T00:30:01Z,2026-09-09T02:30:01+0200,d8602f09-a04f-4239-8b86-3e2426d15a39,2026-09-02T04:15:00Z,2026-09-02T06:15:00+0200,119.15,EUR/MWh,DK2,DK_2,imbalance_price,Long,2026-09-09T00:44:03Z
2026-09-09T00:30:01Z,2026-09-09T02:30:01+0200,d8602f09-a04f-4239-8b86-3e2426d15a39,2026-09-02T04:15:00Z,2026-09-02T06:15:00+0200,119.15,EUR/MWh,DK2,DK_2,imbalance_price,Short,2026-09-09T00:44:03Z
2026-09-09T00:30:01Z,2026-09-09T02:30:01+0200,d8602f09-a04f-4239-8b86-3e2426d15a39,2026-09-02T04:30:00Z,2026-09-02T06:30:00+0200,197.71,EUR/MWh,DK2,DK_2,imbalance_price,Long,2026-09-09T00:44:03Z
2026-09-09T00:30:01Z,2026-09-09T02:30:01+0200,d8602f09-a04f-4239-8b86-3e2426d15a39,2026-09-02T04:30:00Z,2026-09-02T06:30:00+0200,197.71,EUR/MWh,DK2,DK_2,imbalance_price,Short,2026-09-09T00:44:03Z
2026-09-09T00:30:01Z,2026-09-09T02:30:01+0200,d8602f09-a04f-4239-8b86-3e2426d15a39,2026-09-02T04:45:00Z,2026-09-02T06:45:00+0200,205.49,EUR/MWh,DK2,DK_2,imbalance_price,Long,2026-09-09T00:44:03Z
2026-09-09T00:30:01Z,2026-09-09T02:30:01+0200,d8602f09-a04f-4239-8b86-3e2426d15a39,2026-09-02T04:45:00Z,2026-09-02T06:45:00+0200,205.49,EUR/MWh,DK2,DK_2,imbalance_price,Short,2026-09-09T00:44:03Z
2026-09-09T00:30:01Z,2026-09-09T02:30:01+0200,d8602f09-a04f-4239-8b86-3e2426d15a39,2026-09-02T05:00:00Z,2026-09-02T07:00:00+0200,141.93,EUR/MWh,DK2,DK_2,imbalance_price,Long,2026-09-09T00:44:03Z
2026-09-09T00:30:01Z,2026-09-09T02:30:01+0200,d8602f09-a04f-4239-8b86-3e2426d15a39,2026-09-02T05:00:00Z,2026-09-02T07:00:00+0200,141.93,EUR/MWh,DK2,DK_2,imbalance_price,Short,2026-09-09T00:44:03Z
2026-09-09T00:30:01Z,2026-09-09T02:30:01+0200,d8602f09-a04f-4239-8b86-3e2426d15a39,2026-09-02T05:15:00Z,2026-09-02T07:15:00+0200,142.04,EUR/MWh,DK2,DK_2,imbalance_price,Long,2026-09-09T00:44:03Z
2026-09-09T00:30:01Z,2026-09-09T02:30:01+0200,d8602f09-a04f-4239-8b86-3e2426d15a39,2026-09-02T05:15:00Z,2026-09-02T07:15:00+0200,142.04,EUR/MWh,DK2,DK_2,imbalance_price,Short,2026-09-09T00:44:03Z
2026-09-09T00:30:01Z,2026-09-09T02:30:01+0200,d8602f09-a04f-4239-8b86-3e2426d15a39,2026-09-02T05:30:00Z,2026-09-02T07:30:00+0200,202.72,EUR/MWh,DK2,DK_2,imbalance_price,Long,2026-09-09T00:44:03Z
2026-09-09T00:30:01Z,2026-09-09T02:30:01+0200,d8602f09-a04f-4239-8b86-3e2426d15a39,2026-09-02T05:30:00Z,2026-09-02T07:30:00+0200,202.72,EUR/MWh,DK2,DK_2,imbalance_price,Short,2026-09-09T00:44:03Z
2026-09-09T00:30:01Z,2026-09-09T02:30:01+0200,d8602f09-a04f-4239-8b86-3e2426d15a39,2026-09-02T05:45:00Z,2026-09-02T07:45:00+0200,142.04,EUR/MWh,DK2,DK_2,imbalance_price,Long,2026-09-09T00:44:03Z
2026-09-09T00:30:01Z,2026-09-09T02:30:01+0200,d8602f09-a04f-4239-8b86-3e2426d15a39,2026-09-02T05:45:00Z,2026-09-02T07:45:00+0200,142.04,EUR/MWh,DK2,DK_2,imbalance_price,Short,2026-09-09T00:44:03Z
2026-09-09T00:30:01Z,2026-09-09T02:30:01+0200,d8602f09-a04f-4239-8b86-3e2426d15a39,2026-09-02T06:00:00Z,2026-09-02T08:00:00+0200,203.99,EUR/MWh,DK2,DK_2,imbalance_price,Long,2026-09-09T00:44:03Z
2026-09-09T00:30:01Z,2026-09-09T02:30:01+0200,d8602f09-a04f-4239-8b86-3e2426d15a39,2026-09-02T06:00:00Z,2026-09-02T08:00:00+0200,203.99,EUR/MWh,DK2,DK_2,imbalance_price,Short,2026-09-09T00:44:03Z
2026-09-09T00:30:01Z,2026-09-09T02:30:01+0200,d8602f09-a04f-4239-8b86-3e2426d15a39,2026-09-02T06:15:00Z,2026-09-02T08:15:00+0200,196.72,EUR/MWh,DK2,DK_2,imbalance_price,Long,2026-09-09T00:44:03Z
2026-09-09T00:30:01Z,2026-09-09T02:30:01+0200,d8602f09-a04f-4239-8b86-3e2426d15a39,2026-09-02T06:15:00Z,2026-09-02T08:15:00+0200,196.72,EUR/MWh,DK2,DK_2,imbalance_price,Short,2026-09-09T00:44:03Z
2026-09-09T00:30:01Z,2026-09-09T02:30:01+0200,d8602f09-a04f-4239-8b86-3e2426d15a39,2026-09-02T06:30:00Z,2026-09-02T08:30:00+0200,119.12,EUR/MWh,DK2,DK_2,imbalance_price,Long,2026-09-09T00:44:03Z
2026-09-09T00:30:01Z,2026-09-09T02:30:01+0200,d8602f09-a04f-4239-8b86-3e2426d15a39,2026-09-02T06:30:00Z,2026-09-02T08:30:00+0200,119.12,EUR/MWh,DK2,DK_2,imbalance_price,Short,2026-09-09T00:44:03Z
2026-09-09T00:30:01Z,2026-09-09T02:30:01+0200,d8602f09-a04f-4239-8b86-3e2426d15a39,2026-09-02T06:45:00Z,2026-09-02T08:45:00+0200,111.91,EUR/MWh,DK2,DK_2,imbalance_price,Long,2026-09-09T00:44:03Z
2026-09-09T00:30:01Z,2026-09-09T02:30:01+0200,d8602f09-a04f-4239-8b86-3e2426d15a39,2026-09-02T06:45:00Z,2026-09-02T08:45:00+0200,111.91,EUR/MWh,DK2,DK_2,imbalance_price,Short,2026-09-09T00:44:03Z
2026-09-09T00:30:01Z,2026-09-09T02:30:01+0200,d8602f09-a04f-4239-8b86-3e2426d15a39,2026-09-02T07:00:00Z,2026-09-02T09:00:00+0200,185.28,EUR/MWh,DK2,DK_2,imbalance_price,Long,2026-09-09T00:44:03Z
2026-09-09T00:30:01Z,2026-09-09T02:30:01+0200,d8602f09-a04f-4239-8b86-3e2426d15a39,2026-09-02T07:00:00Z,2026-09-02T09:00:00+0200,185.28,EUR/MWh,DK2,DK_2,imbalance_price,Short,2026-09-09T00:44:03Z
2026-09-09T00:30:01Z,2026-09-09T02:30:01+0200,d8602f09-a04f-4239-8b86-3e2426d15a39,2026-09-02T07:15:00Z,2026-09-02T09:15:00+0200,169.06,EUR/MWh,DK2,DK_2,imbalance_price,Long,2026-09-09T00:44:03Z
2026-09-09T00:30:01Z,2026-09-09T02:30:01+0200,d8602f09-a04f-4239-8b86-3e2426d15a39,2026-09-02T07:15:00Z,2026-09-02T09:15:00+0200,169.06,EUR/MWh,DK2,DK_2,imbalance_price,Short,2026-09-09T00:44:03Z
2026-09-09T00:30:01Z,2026-09-09T02:30:01+0200,d8602f09-a04f-4239-8b86-3e2426d15a39,2026-09-02T07:30:00Z,2026-09-02T09:30:00+0200,264.46,EUR/MWh,DK2,DK_2,imbalance_price,Long,2026-09-09T00:44:03Z
2026-09-09T00:30:01Z,2026-09-09T02:30:01+0200,d8602f09-a04f-4239-8b86-3e2426d15a39,2026-09-02T07:30:00Z,2026-09-02T09:30:00+0200,264.46,EUR/MWh,DK2,DK_2,imbalance_price,Short,2026-09-09T00:44:03Z
2026-09-09T00:30:01Z,2026-09-09T02:30:01+0200,d8602f09-a04f-4239-8b86-3e2426d15a39,2026-09-02T07:45:00Z,2026-09-02T09:45:00+0200,141.07,EUR/MWh,DK2,DK_2,imbalance_price,Long,2026-09-09T00:44:03Z
2026-09-09T00:30:01Z,2026-09-09T02:30:01+0200,d8602f09-a04f-4239-8b86-3e2426d15a39,2026-09-02T07:45:00Z,2026-09-02T09:45:00+0200,141.07,EUR/MWh,DK2,DK_2,imbalance_price,Short,2026-09-09T00:44:03Z
2026-09-09T00:30:01Z,2026-09-09T02:30:01+0200,d8602f09-a04f-4239-8b86-3e2426d15a39,2026-09-02T08:00:00Z,2026-09-02T10:00:00+0200,73.03,EUR/MWh,DK2,DK_2,imbalance_price,Long,2026-09-09T00:44:03Z
2026-09-09T00:30:01Z,2026-09-09T02:30:01+0200,d8602f09-a04f-4239-8b86-3e2426d15a39,2026-09-02T08:00:00Z,2026-09-02T10:00:00+0200,73.03,EUR/MWh,DK2,DK_2,imbalance_price,Short,2026-09-09T00:44:03Z
2026-09-09T00:30:01Z,2026-09-09T02:30:01+0200,d8602f09-a04f-4239-8b86-3e2426d15a39,2026-09-02T08:15:00Z,2026-09-02T10:15:00+0200,69.43,EUR/MWh,DK2,DK_2,imbalance_price,Long,2026-09-09T00:44:03Z
2026-09-09T00:30:01Z,2026-09-09T02:30:01+0200,d8602f09-a04f-4239-8b86-3e2426d15a39,2026-09-02T08:15:00Z,2026-09-02T10:15:00+0200,69.43,EUR/MWh,DK2,DK_2,imbalance_price,Short,2026-09-09T00:44:03Z
2026-09-09T00:30:01Z,2026-09-09T02:30:01+0200,d8602f09-a04f-4239-8b86-3e2426d15a39,2026-09-02T08:30:00Z,2026-09-02T10:30:00+0200,64.74,EUR/MWh,DK2,DK_2,imbalance_price,Long,2026-09-09T00:44:03Z
2026-09-09T00:30:01Z,2026-09-09T02:30:01+0200,d8602f09-a04f-4239-8b86-3e2426d15a39,2026-09-02T08:30:00Z,2026-09-02T10:30:00+0200,64.74,EUR/MWh,DK2,DK_2,imbalance_price,Short,2026-09-09T00:44:03Z
2026-09-09T00:30:01Z,2026-09-09T02:30:01+0200,d8602f09-a04f-4239-8b86-3e2426d15a39,2026-09-02T08:45:00Z,2026-09-02T10:45:00+0200,54.29,EUR/MWh,DK2,DK_2,imbalance_price,Long,2026-09-09T00:44:03Z
2026-09-09T00:30:01Z,2026-09-09T02:30:01+0200,d8602f09-a04f-4239-8b86-3e2426d15a39,2026-09-02T08:45:00Z,2026-09-02T10:45:00+0200,54.29,EUR/MWh,DK2,DK_2,imbalance_price,Short,2026-09-09T00:44:03Z
2026-09-09T00:30:01Z,2026-09-09T02:30:01+0200,d8602f09-a04f-4239-8b86-3e2426d15a39,2026-09-02T09:00:00Z,2026-09-02T11:00:00+0200,63.5,EUR/MWh,DK2,DK_2,imbalance_price,Long,2026-09-09T00:44:03Z
2026-09-09T00:30:01Z,2026-09-09T02:30:01+0200,d8602f09-a04f-4239-8b86-3e2426d15a39,2026-09-02T09:00:00Z,2026-09-02T11:00:00+0200,63.5,EUR/MWh,DK2,DK_2,imbalance_price,Short,2026-09-09T00:44:03Z
2026-09-09T00:30:01Z,2026-09-09T02:30:01+0200,d8602f09-a04f-4239-8b86-3e2426d15a39,2026-09-02T09:15:00Z,2026-09-02T11:15:00+0200,111.33,EUR/MWh,DK2,DK_2,imbalance_price,Long,2026-09-09T00:44:03Z
2026-09-09T00:30:01Z,2026-09-09T02:30:01+0200,d8602f09-a04f-4239-8b86-3e2426d15a39,2026-09-02T09:15:00Z,2026-09-02T11:15:00+0200,111.33,EUR/MWh,DK2,DK_2,imbalance_price,Short,2026-09-09T00:44:03Z
2026-09-09T00:30:01Z,2026-09-09T02:30:01+0200,d8602f09-a04f-4239-8b86-3e2426d15a39,2026-09-02T09:30:00Z,2026-09-02T11:30:00+0200,53.85,EUR/MWh,DK2,DK_2,imbalance_price,Long,2026-09-09T00:44:03Z
2026-09-09T00:30:01Z,2026-09-09T02:30:01+0200,d8602f09-a04f-4239-8b86-3e2426d15a39,2026-09-02T09:30:00Z,2026-09-02T11:30:00+0200,53.85,EUR/MWh,DK2,DK_2,imbalance_price,Short,2026-09-09T00:44:03Z
2026-09-09T00:30:01Z,2026-09-09T02:30:01+0200,d8602f09-a04f-4239-8b86-3e2426d15a39,2026-09-02T09:45:00Z,2026-09-02T11:45:00+0200,103.79,EUR/MWh,DK2,DK_2,imbalance_price,Long,2026-09-09T00:44:03Z
2026-09-09T00:30:01Z,2026-09-09T02:30:01+0200,d8602f09-a04f-4239-8b86-3e2426d15a39,2026-09-02T09:45:00Z,2026-09-02T11:45:00+0200,103.79,EUR/MWh,DK2,DK_2,imbalance_price,Short,2026-09-09T00:44:03Z
2026-09-09T00:30:01Z,2026-09-09T02:30:01+0200,d8602f09-a04f-4239-8b86-3e2426d15a39,2026-09-02T10:00:00Z,2026-09-02T12:00:00+0200,6.69,EUR/MWh,DK2,DK_2,imbalance_price,Long,2026-09-09T00:44:03Z
2026-09-09T00:30:01Z,2026-09-09T02:30:01+0200,d8602f09-a04f-4239-8b86-3e2426d15a39,2026-09-02T10:00:00Z,2026-09-02T12:00:00+0200,6.69,EUR/MWh,DK2,DK_2,imbalance_price,Short,2026-09-09T00:44:03Z
2026-09-09T00:30:01Z,2026-09-09T02:30:01+0200,d8602f09-a04f-4239-8b86-3e2426d15a39,2026-09-02T10:15:00Z,2026-09-02T12:15:00+0200,0.0,EUR/MWh,DK2,DK_2,imbalance_price,Long,2026-09-09T00:44:03Z
2026-09-09T00:30:01Z,2026-09-09T02:30:01+0200,d8602f09-a04f-4239-8b86-3e2426d15a39,2026-09-02T10:15:00Z,2026-09-02T12:15:00+0200,0.0,EUR/MWh,DK2,DK_2,imbalance_price,Short,2026-09-09T00:44:03Z
2026-09-09T00:30:01Z,2026-09-09T02:30:01+0200,d8602f09-a04f-4239-8b86-3e2426d15a39,2026-09-02T10:30:00Z,2026-09-02T12:30:00+0200,-6.69,EUR/MWh,DK2,DK_2,imbalance_price,Long,2026-09-09T00:44:03Z
2026-09-09T00:30:01Z,2026-09-09T02:30:01+0200,d8602f09-a04f-4239-8b86-3e2426d15a39,2026-09-02T10:30:00Z,2026-09-02T12:30:00+0200,-6.69,EUR/MWh,DK2,DK_2,imbalance_price,Short,2026-09-09T00:44:03Z
2026-09-09T00:30:01Z,2026-09-09T02:30:01+0200,d8602f09-a04f-4239-8b86-3e2426d15a39,2026-09-02T10:45:00Z,2026-09-02T12:45:00+0200,-5.0,EUR/MWh,DK2,DK_2,imbalance_price,Long,2026-09-09T00:44:03Z
2026-09-09T00:30:01Z,2026-09-09T02:30:01+0200,d8602f09-a04f-4239-8b86-3e2426d15a39,2026-09-02T10:45:00Z,2026-09-02T12:45:00+0200,-5.0,EUR/MWh,DK2,DK_2,imbalance_price,Short,2026-09-09T00:44:03Z
2026-09-09T00:30:01Z,2026-09-09T02:30:01+0200,d8602f09-a04f-4239-8b86-3e2426d15a39,2026-09-02T11:00:00Z,2026-09-02T13:00:00+0200,-5.0,EUR/MWh,DK2,DK_2,imbalance_price,Long,2026-09-09T00:44:03Z
2026-09-09T00:30:01Z,2026-09-09T02:30:01+0200,d8602f09-a04f-4239-8b86-3e2426d15a39,2026-09-02T11:00:00Z,2026-09-02T13:00:00+0200,-5.0,EUR/MWh,DK2,DK_2,imbalance_price,Short,2026-09-09T00:44:03Z
2026-09-09T00:30:01Z,2026-09-09T02:30:01+0200,d8602f09-a04f-4239-8b86-3e2426d15a39,2026-09-02T11:15:00Z,2026-09-02T13:15:00+0200,-0.88,EUR/MWh,DK2,DK_2,imbalance_price,Long,2026-09-09T00:44:03Z
2026-09-09T00:30:01Z,2026-09-09T02:30:01+0200,d8602f09-a04f-4239-8b86-3e2426d15a39,2026-09-02T11:15:00Z,2026-09-02T13:15:00+0200,-0.88,EUR/MWh,DK2,DK_2,imbalance_price,Short,2026-09-09T00:44:03Z
2026-09-09T00:30:01Z,2026-09-09T02:30:01+0200,d8602f09-a04f-4239-8b86-3e2426d15a39,2026-09-02T11:30:00Z,2026-09-02T13:30:00+0200,-38.21,EUR/MWh,DK2,DK_2,imbalance_price,Long,2026-09-09T00:44:03Z
2026-09-09T00:30:01Z,2026-09-09T02:30:01+0200,d8602f09-a04f-4239-8b86-3e2426d15a39,2026-09-02T11:30:00Z,2026-09-02T13:30:00+0200,-38.21,EUR/MWh,DK2,DK_2,imbalance_price,Short,2026-09-09T00:44:03Z
2026-09-09T00:30:01Z,2026-09-09T02:30:01+0200,d8602f09-a04f-4239-8b86-3e2426d15a39,2026-09-02T11:45:00Z,2026-09-02T13:45:00+0200,-21.6,EUR/MWh,DK2,DK_2,imbalance_price,Long,2026-09-09T00:44:03Z
2026-09-09T00:30:01Z,2026-09-09T02:30:01+0200,d8602f09-a04f-4239-8b86-3e2426d15a39,2026-09-02T11:45:00Z,2026-09-02T13:45:00+0200,-21.6,EUR/MWh,DK2,DK_2,imbalance_price,Short,2026-09-09T00:44:03Z
2026-09-09T00:30:01Z,2026-09-09T02:30:01+0200,d8602f09-a04f-4239-8b86-3e2426d15a39,2026-09-02T12:00:00Z,2026-09-02T14:00:00+0200,-5.0,EUR/MWh,DK2,DK_2,imbalance_price,Long,2026-09-09T00:44:03Z
2026-09-09T00:30:01Z,2026-09-09T02:30:01+0200,d8602f09-a04f-4239-8b86-3e2426d15a39,2026-09-02T12:00:00Z,2026-09-02T14:00:00+0200,-5.0,EUR/MWh,DK2,DK_2,imbalance_price,Short,2026-09-09T00:44:03Z
2026-09-09T00:30:01Z,2026-09-09T02:30:01+0200,d8602f09-a04f-4239-8b86-3e2426d15a39,2026-09-02T12:15:00Z,2026-09-02T14:15:00+0200,-28.09,EUR/MWh,DK2,DK_2,imbalance_price,Long,2026-09-09T00:44:03Z
2026-09-09T00:30:01Z,2026-09-09T02:30:01+0200,d8602f09-a04f-4239-8b86-3e2426d15a39,2026-09-02T12:15:00Z,2026-09-02T14:15:00+0200,-28.09,EUR/MWh,DK2,DK_2,imbalance_price,Short,2026-09-09T00:44:03Z
2026-09-09T00:30:01Z,2026-09-09T02:30:01+0200,d8602f09-a04f-4239-8b86-3e2426d15a39,2026-09-02T12:30:00Z,2026-09-02T14:30:00+0200,-18.65,EUR/MWh,DK2,DK_2,imbalance_price,Long,2026-09-09T00:44:03Z
2026-09-09T00:30:01Z,2026-09-09T02:30:01+0200,d8602f09-a04f-4239-8b86-3e2426d15a39,2026-09-02T12:30:00Z,2026-09-02T14:30:00+0200,-18.65,EUR/MWh,DK2,DK_2,imbalance_price,Short,2026-09-09T00:44:03Z
2026-09-09T00:30:01Z,2026-09-09T02:30:01+0200,d8602f09-a04f-4239-8b86-3e2426d15a39,2026-09-02T12:45:00Z,2026-09-02T14:45:00+0200,-27.12,EUR/MWh,DK2,DK_2,imbalance_price,Long,2026-09-09T00:44:03Z
2026-09-09T00:30:01Z,2026-09-09T02:30:01+0200,d8602f09-a04f-4239-8b86-3e2426d15a39,2026-09-02T12:45:00Z,2026-09-02T14:45:00+0200,-27.12,EUR/MWh,DK2,DK_2,imbalance_price,Short,2026-09-09T00:44:03Z
2026-09-09T00:30:01Z,2026-09-09T02:30:01+0200,d8602f09-a04f-4239-8b86-3e2426d15a39,2026-09-02T13:00:00Z,2026-09-02T15:00:00+0200,-2.26,EUR/MWh,DK2,DK_2,imbalance_price,Long,2026-09-09T00:44:03Z
2026-09-09T00:30:01Z,2026-09-09T02:30:01+0200,d8602f09-a04f-4239-8b86-3e2426d15a39,2026-09-02T13:00:00Z,2026-09-02T15:00:00+0200,-2.26,EUR/MWh,DK2,DK_2,imbalance_price,Short,2026-09-09T00:44:03Z
2026-09-09T00:30:01Z,2026-09-09T02:30:01+0200,d8602f09-a04f-4239-8b86-3e2426d15a39,2026-09-02T13:15:00Z,2026-09-02T15:15:00+0200,6.69,EUR/MWh,DK2,DK_2,imbalance_price,Long,2026-09-09T00:44:03Z
2026-09-09T00:30:01Z,2026-09-09T02:30:01+0200,d8602f09-a04f-4239-8b86-3e2426d15a39,2026-09-02T13:15:00Z,2026-09-02T15:15:00+0200,6.69,EUR/MWh,DK2,DK_2,imbalance_price,Short,2026-09-09T00:44:03Z
2026-09-09T00:30:01Z,2026-09-09T02:30:01+0200,d8602f09-a04f-4239-8b86-3e2426d15a39,2026-09-02T13:30:00Z,2026-09-02T15:30:00+0200,118.09,EUR/MWh,DK2,DK_2,imbalance_price,Long,2026-09-09T00:44:03Z
2026-09-09T00:30:01Z,2026-09-09T02:30:01+0200,d8602f09-a04f-4239-8b86-3e2426d15a39,2026-09-02T13:30:00Z,2026-09-02T15:30:00+0200,118.09,EUR/MWh,DK2,DK_2,imbalance_price,Short,2026-09-09T00:44:03Z
2026-09-09T00:30:01Z,2026-09-09T02:30:01+0200,d8602f09-a04f-4239-8b86-3e2426d15a39,2026-09-02T13:45:00Z,2026-09-02T15:45:00+0200,118.26,EUR/MWh,DK2,DK_2,imbalance_price,Long,2026-09-09T00:44:03Z
2026-09-09T00:30:01Z,2026-09-09T02:30:01+0200,d8602f09-a04f-4239-8b86-3e2426d15a39,2026-09-02T13:45:00Z,2026-09-02T15:45:00+0200,118.26,EUR/MWh,DK2,DK_2,imbalance_price,Short,2026-09-09T00:44:03Z
2026-09-09T00:30:01Z,2026-09-09T02:30:01+0200,d8602f09-a04f-4239-8b86-3e2426d15a39,2026-09-02T14:00:00Z,2026-09-02T16:00:00+0200,118.36,EUR/MWh,DK2,DK_2,imbalance_price,Long,2026-09-09T00:44:03Z
2026-09-09T00:30:01Z,2026-09-09T02:30:01+0200,d8602f09-a04f-4239-8b86-3e2426d15a39,2026-09-02T14:00:00Z,2026-09-02T16:00:00+0200,118.36,EUR/MWh,DK2,DK_2,imbalance_price,Short,2026-09-09T00:44:03Z
2026-09-09T00:30:01Z,2026-09-09T02:30:01+0200,d8602f09-a04f-4239-8b86-3e2426d15a39,2026-09-02T14:15:00Z,2026-09-02T16:15:00+0200,262.11,EUR/MWh,DK2,DK_2,imbalance_price,Long,2026-09-09T00:44:03Z
2026-09-09T00:30:01Z,2026-09-09T02:30:01+0200,d8602f09-a04f-4239-8b86-3e2426d15a39,2026-09-02T14:15:00Z,2026-09-02T16:15:00+0200,262.11,EUR/MWh,DK2,DK_2,imbalance_price,Short,2026-09-09T00:44:03Z
2026-09-09T00:30:01Z,2026-09-09T02:30:01+0200,d8602f09-a04f-4239-8b86-3e2426d15a39,2026-09-02T14:30:00Z,2026-09-02T16:30:00+0200,143.54,EUR/MWh,DK2,DK_2,imbalance_price,Long,2026-09-09T00:44:03Z
2026-09-09T00:30:01Z,2026-09-09T02:30:01+0200,d8602f09-a04f-4239-8b86-3e2426d15a39,2026-09-02T14:30:00Z,2026-09-02T16:30:00+0200,143.54,EUR/MWh,DK2,DK_2,imbalance_price,Short,2026-09-09T00:44:03Z
2026-09-09T00:30:01Z,2026-09-09T02:30:01+0200,d8602f09-a04f-4239-8b86-3e2426d15a39,2026-09-02T14:45:00Z,2026-09-02T16:45:00+0200,157.89,EUR/MWh,DK2,DK_2,imbalance_price,Long,2026-09-09T00:44:03Z
2026-09-09T00:30:01Z,2026-09-09T02:30:01+0200,d8602f09-a04f-4239-8b86-3e2426d15a39,2026-09-02T14:45:00Z,2026-09-02T16:45:00+0200,157.89,EUR/MWh,DK2,DK_2,imbalance_price,Short,2026-09-09T00:44:03Z
2026-09-09T00:30:01Z,2026-09-09T02:30:01+0200,d8602f09-a04f-4239-8b86-3e2426d15a39,2026-09-02T15:00:00Z,2026-09-02T17:00:00+0200,144.07,EUR/MWh,DK2,DK_2,imbalance_price,Long,2026-09-09T00:44:03Z
2026-09-09T00:30:01Z,2026-09-09T02:30:01+0200,d8602f09-a04f-4239-8b86-3e2426d15a39,2026-09-02T15:00:00Z,2026-09-02T17:00:00+0200,144.07,EUR/MWh,DK2,DK_2,imbalance_price,Short,2026-09-09T00:44:03Z
2026-09-09T00:30:01Z,2026-09-09T02:30:01+0200,d8602f09-a04f-4239-8b86-3e2426d15a39,2026-09-02T15:15:00Z,2026-09-02T17:15:00+0200,162.85,EUR/MWh,DK2,DK_2,imbalance_price,Long,2026-09-09T00:44:03Z
2026-09-09T00:30:01Z,2026-09-09T02:30:01+0200,d8602f09-a04f-4239-8b86-3e2426d15a39,2026-09-02T15:15:00Z,2026-09-02T17:15:00+0200,162.85,EUR/MWh,DK2,DK_2,imbalance_price,Short,2026-09-09T00:44:03Z
2026-09-09T00:30:01Z,2026-09-09T02:30:01+0200,d8602f09-a04f-4239-8b86-3e2426d15a39,2026-09-02T15:30:00Z,2026-09-02T17:30:00+0200,234.15,EUR/MWh,DK2,DK_2,imbalance_price,Long,2026-09-09T00:44:03Z
2026-09-09T00:30:01Z,2026-09-09T02:30:01+0200,d8602f09-a04f-4239-8b86-3e2426d15a39,2026-09-02T15:30:00Z,2026-09-02T17:30:00+0200,234.15,EUR/MWh,DK2,DK_2,imbalance_price,Short,2026-09-09T00:44:03Z
2026-09-09T00:30:01Z,2026-09-09T02:30:01+0200,d8602f09-a04f-4239-8b86-3e2426d15a39,2026-09-02T15:45:00Z,2026-09-02T17:45:00+0200,187.05,EUR/MWh,DK2,DK_2,imbalance_price,Long,2026-09-09T00:44:03Z
2026-09-09T00:30:01Z,2026-09-09T02:30:01+0200,d8602f09-a04f-4239-8b86-3e2426d15a39,2026-09-02T15:45:00Z,2026-09-02T17:45:00+0200,187.05,EUR/MWh,DK2,DK_2,imbalance_price,Short,2026-09-09T00:44:03Z
2026-09-09T00:30:01Z,2026-09-09T02:30:01+0200,d8602f09-a04f-4239-8b86-3e2426d15a39,2026-09-02T16:00:00Z,2026-09-02T18:00:00+0200,107.95,EUR/MWh,DK2,DK_2,imbalance_price,Long,2026-09-09T00:44:03Z
2026-09-09T00:30:01Z,2026-09-09T02:30:01+0200,d8602f09-a04f-4239-8b86-3e2426d15a39,2026-09-02T16:00:00Z,2026-09-02T18:00:00+0200,107.95,EUR/MWh,DK2,DK_2,imbalance_price,Short,2026-09-09T00:44:03Z
2026-09-09T00:30:01Z,2026-09-09T02:30:01+0200,d8602f09-a04f-4239-8b86-3e2426d15a39,2026-09-02T16:15:00Z,2026-09-02T18:15:00+0200,195.73,EUR/MWh,DK2,DK_2,imbalance_price,Long,2026-09-09T00:44:03Z
2026-09-09T00:30:01Z,2026-09-09T02:30:01+0200,d8602f09-a04f-4239-8b86-3e2426d15a39,2026-09-02T16:15:00Z,2026-09-02T18:15:00+0200,195.73,EUR/MWh,DK2,DK_2,imbalance_price,Short,2026-09-09T00:44:03Z
2026-09-09T00:30:01Z,2026-09-09T02:30:01+0200,d8602f09-a04f-4239-8b86-3e2426d15a39,2026-09-02T16:30:00Z,2026-09-02T18:30:00+0200,206.35,EUR/MWh,DK2,DK_2,imbalance_price,Long,2026-09-09T00:44:03Z
2026-09-09T00:30:01Z,2026-09-09T02:30:01+0200,d8602f09-a04f-4239-8b86-3e2426d15a39,2026-09-02T16:30:00Z,2026-09-02T18:30:00+0200,206.35,EUR/MWh,DK2,DK_2,imbalance_price,Short,2026-09-09T00:44:03Z
2026-09-09T00:30:01Z,2026-09-09T02:30:01+0200,d8602f09-a04f-4239-8b86-3e2426d15a39,2026-09-02T16:45:00Z,2026-09-02T18:45:00+0200,323.32,EUR/MWh,DK2,DK_2,imbalance_price,Long,2026-09-09T00:44:03Z
2026-09-09T00:30:01Z,2026-09-09T02:30:01+0200,d8602f09-a04f-4239-8b86-3e2426d15a39,2026-09-02T16:45:00Z,2026-09-02T18:45:00+0200,323.32,EUR/MWh,DK2,DK_2,imbalance_price,Short,2026-09-09T00:44:03Z
2026-09-09T00:30:01Z,2026-09-09T02:30:01+0200,d8602f09-a04f-4239-8b86-3e2426d15a39,2026-09-02T17:00:00Z,2026-09-02T19:00:00+0200,334.5,EUR/MWh,DK2,DK_2,imbalance_price,Long,2026-09-09T00:44:03Z
2026-09-09T00:30:01Z,2026-09-09T02:30:01+0200,d8602f09-a04f-4239-8b86-3e2426d15a39,2026-09-02T17:00:00Z,2026-09-02T19:00:00+0200,334.5,EUR/MWh,DK2,DK_2,imbalance_price,Short,2026-09-09T00:44:03Z
2026-09-09T00:30:01Z,2026-09-09T02:30:01+0200,d8602f09-a04f-4239-8b86-3e2426d15a39,2026-09-02T17:15:00Z,2026-09-02T19:15:00+0200,180.0,EUR/MWh,DK2,DK_2,imbalance_price,Long,2026-09-09T00:44:03Z
2026-09-09T00:30:01Z,2026-09-09T02:30:01+0200,d8602f09-a04f-4239-8b86-3e2426d15a39,2026-09-02T17:15:00Z,2026-09-02T19:15:00+0200,180.0,EUR/MWh,DK2,DK_2,imbalance_price,Short,2026-09-09T00:44:03Z
2026-09-09T00:30:01Z,2026-09-09T02:30:01+0200,d8602f09-a04f-4239-8b86-3e2426d15a39,2026-09-02T17:30:00Z,2026-09-02T19:30:00+0200,251.98,EUR/MWh,DK2,DK_2,imbalance_price,Long,2026-09-09T00:44:03Z
2026-09-09T00:30:01Z,2026-09-09T02:30:01+0200,d8602f09-a04f-4239-8b86-3e2426d15a39,2026-09-02T17:30:00Z,2026-09-02T19:30:00+0200,251.98,EUR/MWh,DK2,DK_2,imbalance_price,Short,2026-09-09T00:44:03Z
2026-09-09T00:30:01Z,2026-09-09T02:30:01+0200,d8602f09-a04f-4239-8b86-3e2426d15a39,2026-09-02T17:45:00Z,2026-09-02T19:45:00+0200,401.4,EUR/MWh,DK2,DK_2,imbalance_price,Long,2026-09-09T00:44:03Z
2026-09-09T00:30:01Z,2026-09-09T02:30:01+0200,d8602f09-a04f-4239-8b86-3e2426d15a39,2026-09-02T17:45:00Z,2026-09-02T19:45:00+0200,401.4,EUR/MWh,DK2,DK_2,imbalance_price,Short,2026-09-09T00:44:03Z
2026-09-09T00:30:01Z,2026-09-09T02:30:01+0200,d8602f09-a04f-4239-8b86-3e2426d15a39,2026-09-02T18:00:00Z,2026-09-02T20:00:00+0200,535.13,EUR/MWh,DK2,DK_2,imbalance_price,Long,2026-09-09T00:44:03Z
2026-09-09T00:30:01Z,2026-09-09T02:30:01+0200,d8602f09-a04f-4239-8b86-3e2426d15a39,2026-09-02T18:00:00Z,2026-09-02T20:00:00+0200,535.13,EUR/MWh,DK2,DK_2,imbalance_price,Short,2026-09-09T00:44:03Z
2026-09-09T00:30:01Z,2026-09-09T02:30:01+0200,d8602f09-a04f-4239-8b86-3e2426d15a39,2026-09-02T18:15:00Z,2026-09-02T20:15:00+0200,676.6,EUR/MWh,DK2,DK_2,imbalance_price,Long,2026-09-09T00:44:03Z
2026-09-09T00:30:01Z,2026-09-09T02:30:01+0200,d8602f09-a04f-4239-8b86-3e2426d15a39,2026-09-02T18:15:00Z,2026-09-02T20:15:00+0200,676.6,EUR/MWh,DK2,DK_2,imbalance_price,Short,2026-09-09T00:44:03Z
2026-09-09T00:30:01Z,2026-09-09T02:30:01+0200,d8602f09-a04f-4239-8b86-3e2426d15a39,2026-09-02T18:30:00Z,2026-09-02T20:30:00+0200,534.12,EUR/MWh,DK2,DK_2,imbalance_price,Long,2026-09-09T00:44:03Z
2026-09-09T00:30:01Z,2026-09-09T02:30:01+0200,d8602f09-a04f-4239-8b86-3e2426d15a39,2026-09-02T18:30:00Z,2026-09-02T20:30:00+0200,534.12,EUR/MWh,DK2,DK_2,imbalance_price,Short,2026-09-09T00:44:03Z
2026-09-09T00:30:01Z,2026-09-09T02:30:01+0200,d8602f09-a04f-4239-8b86-3e2426d15a39,2026-09-02T18:45:00Z,2026-09-02T20:45:00+0200,772.01,EUR/MWh,DK2,DK_2,imbalance_price,Long,2026-09-09T00:44:03Z
2026-09-09T00:30:01Z,2026-09-09T02:30:01+0200,d8602f09-a04f-4239-8b86-3e2426d15a39,2026-09-02T18:45:00Z,2026-09-02T20:45:00+0200,772.01,EUR/MWh,DK2,DK_2,imbalance_price,Short,2026-09-09T00:44:03Z
2026-09-09T00:30:01Z,2026-09-09T02:30:01+0200,d8602f09-a04f-4239-8b86-3e2426d15a39,2026-09-02T19:00:00Z,2026-09-02T21:00:00+0200,669.0,EUR/MWh,DK2,DK_2,imbalance_price,Long,2026-09-09T00:44:03Z
2026-09-09T00:30:01Z,2026-09-09T02:30:01+0200,d8602f09-a04f-4239-8b86-3e2426d15a39,2026-09-02T19:00:00Z,2026-09-02T21:00:00+0200,669.0,EUR/MWh,DK2,DK_2,imbalance_price,Short,2026-09-09T00:44:03Z
2026-09-09T00:30:01Z,2026-09-09T02:30:01+0200,d8602f09-a04f-4239-8b86-3e2426d15a39,2026-09-02T19:15:00Z,2026-09-02T21:15:00+0200,372.28,EUR/MWh,DK2,DK_2,imbalance_price,Long,2026-09-09T00:44:03Z
2026-09-09T00:30:01Z,2026-09-09T02:30:01+0200,d8602f09-a04f-4239-8b86-3e2426d15a39,2026-09-02T19:15:00Z,2026-09-02T21:15:00+0200,372.28,EUR/MWh,DK2,DK_2,imbalance_price,Short,2026-09-09T00:44:03Z
2026-09-09T00:30:01Z,2026-09-09T02:30:01+0200,d8602f09-a04f-4239-8b86-3e2426d15a39,2026-09-02T19:30:00Z,2026-09-02T21:30:00+0200,211.15,EUR/MWh,DK2,DK_2,imbalance_price,Long,2026-09-09T00:44:03Z
2026-09-09T00:30:01Z,2026-09-09T02:30:01+0200,d8602f09-a04f-4239-8b86-3e2426d15a39,2026-09-02T19:30:00Z,2026-09-02T21:30:00+0200,211.15,EUR/MWh,DK2,DK_2,imbalance_price,Short,2026-09-09T00:44:03Z
2026-09-09T00:30:01Z,2026-09-09T02:30:01+0200,d8602f09-a04f-4239-8b86-3e2426d15a39,2026-09-02T19:45:00Z,2026-09-02T21:45:00+0200,197.92,EUR/MWh,DK2,DK_2,imbalance_price,Long,2026-09-09T00:44:03Z
2026-09-09T00:30:01Z,2026-09-09T02:30:01+0200,d8602f09-a04f-4239-8b86-3e2426d15a39,2026-09-02T19:45:00Z,2026-09-02T21:45:00+0200,197.92,EUR/MWh,DK2,DK_2,imbalance_price,Short,2026-09-09T00:44:03Z
2026-09-09T00:30:01Z,2026-09-09T02:30:01+0200,d8602f09-a04f-4239-8b86-3e2426d15a39,2026-09-02T20:00:00Z,2026-09-02T22:00:00+0200,129.61,EUR/MWh,DK2,DK_2,imbalance_price,Long,2026-09-09T00:44:03Z
2026-09-09T00:30:01Z,2026-09-09T02:30:01+0200,d8602f09-a04f-4239-8b86-3e2426d15a39,2026-09-02T20:00:00Z,2026-09-02T22:00:00+0200,129.61,EUR/MWh,DK2,DK_2,imbalance_price,Short,2026-09-09T00:44:03Z
2026-09-09T00:30:01Z,2026-09-09T02:30:01+0200,d8602f09-a04f-4239-8b86-3e2426d15a39,2026-09-02T20:15:00Z,2026-09-02T22:15:00+0200,146.0,EUR/MWh,DK2,DK_2,imbalance_price,Long,2026-09-09T00:44:03Z
2026-09-09T00:30:01Z,2026-09-09T02:30:01+0200,d8602f09-a04f-4239-8b86-3e2426d15a39,2026-09-02T20:15:00Z,2026-09-02T22:15:00+0200,146.0,EUR/MWh,DK2,DK_2,imbalance_price,Short,2026-09-09T00:44:03Z
2026-09-09T00:30:01Z,2026-09-09T02:30:01+0200,d8602f09-a04f-4239-8b86-3e2426d15a39,2026-09-02T20:30:00Z,2026-09-02T22:30:00+0200,145.94,EUR/MWh,DK2,DK_2,imbalance_price,Long,2026-09-09T00:44:03Z
2026-09-09T00:30:01Z,2026-09-09T02:30:01+0200,d8602f09-a04f-4239-8b86-3e2426d15a39,2026-09-02T20:30:00Z,2026-09-02T22:30:00+0200,145.94,EUR/MWh,DK2,DK_2,imbalance_price,Short,2026-09-09T00:44:03Z
2026-09-09T00:30:01Z,2026-09-09T02:30:01+0200,d8602f09-a04f-4239-8b86-3e2426d15a39,2026-09-02T20:45:00Z,2026-09-02T22:45:00+0200,187.01,EUR/MWh,DK2,DK_2,imbalance_price,Long,2026-09-09T00:44:03Z
2026-09-09T00:30:01Z,2026-09-09T02:30:01+0200,d8602f09-a04f-4239-8b86-3e2426d15a39,2026-09-02T20:45:00Z,2026-09-02T22:45:00+0200,187.01,EUR/MWh,DK2,DK_2,imbalance_price,Short,2026-09-09T00:44:03Z
2026-09-09T00:30:01Z,2026-09-09T02:30:01+0200,d8602f09-a04f-4239-8b86-3e2426d15a39,2026-09-02T21:00:00Z,2026-09-02T23:00:00+0200,178.85,EUR/MWh,DK2,DK_2,imbalance_price,Long,2026-09-09T00:44:03Z
2026-09-09T00:30:01Z,2026-09-09T02:30:01+0200,d8602f09-a04f-4239-8b86-3e2426d15a39,2026-09-02T21:00:00Z,2026-09-02T23:00:00+0200,178.85,EUR/MWh,DK2,DK_2,imbalance_price,Short,2026-09-09T00:44:03Z
2026-09-09T00:30:01Z,2026-09-09T02:30:01+0200,d8602f09-a04f-4239-8b86-3e2426d15a39,2026-09-02T21:15:00Z,2026-09-02T23:15:00+0200,152.31,EUR/MWh,DK2,DK_2,imbalance_price,Long,2026-09-09T00:44:03Z
2026-09-09T00:30:01Z,2026-09-09T02:30:01+0200,d8602f09-a04f-4239-8b86-3e2426d15a39,2026-09-02T21:15:00Z,2026-09-02T23:15:00+0200,152.31,EUR/MWh,DK2,DK_2,imbalance_price,Short,2026-09-09T00:44:03Z
2026-09-09T00:30:01Z,2026-09-09T02:30:01+0200,d8602f09-a04f-4239-8b86-3e2426d15a39,2026-09-02T21:30:00Z,2026-09-02T23:30:00+0200,210.64,EUR/MWh,DK2,DK_2,imbalance_price,Long,2026-09-09T00:44:03Z
2026-09-09T00:30:01Z,2026-09-09T02:30:01+0200,d8602f09-a04f-4239-8b86-3e2426d15a39,2026-09-02T21:30:00Z,2026-09-02T23:30:00+0200,210.64,EUR/MWh,DK2,DK_2,imbalance_price,Short,2026-09-09T00:44:03Z
2026-09-09T00:30:01Z,2026-09-09T02:30:01+0200,d8602f09-a04f-4239-8b86-3e2426d15a39,2026-09-02T21:45:00Z,2026-09-02T23:45:00+0200,187.46,EUR/MWh,DK2,DK_2,imbalance_price,Long,2026-09-09T00:44:03Z
2026-09-09T00:30:01Z,2026-09-09T02:30:01+0200,d8602f09-a04f-4239-8b86-3e2426d15a39,2026-09-02T21:45:00Z,2026-09-02T23:45:00+0200,187.46,EUR/MWh,DK2,DK_2,imbalance_price,Short,2026-09-09T00:44:03Z
2026-09-09T00:30:01Z,2026-09-09T02:30:01+0200,d8602f09-a04f-4239-8b86-3e2426d15a39,2026-09-02T22:00:00Z,2026-09-03T00:00:00+0200,201.61,EUR/MWh,DK2,DK_2,imbalance_price,Long,2026-09-09T00:44:03Z
2026-09-09T00:30:01Z,2026-09-09T02:30:01+0200,d8602f09-a04f-4239-8b86-3e2426d15a39,2026-09-02T22:00:00Z,2026-09-03T00:00:00+0200,201.61,EUR/MWh,DK2,DK_2,imbalance_price,Short,2026-09-09T00:44:03Z
2026-09-09T00:30:01Z,2026-09-09T02:30:01+0200,d8602f09-a04f-4239-8b86-3e2426d15a39,2026-09-02T22:15:00Z,2026-09-03T00:15:00+0200,127.3,EUR/MWh,DK2,DK_2,imbalance_price,Long,2026-09-09T00:44:03Z
2026-09-09T00:30:01Z,2026-09-09T02:30:01+0200,d8602f09-a04f-4239-8b86-3e2426d15a39,2026-09-02T22:15:00Z,2026-09-03T00:15:00+0200,127.3,EUR/MWh,DK2,DK_2,imbalance_price,Short,2026-09-09T00:44:03Z
2026-09-09T00:30:01Z,2026-09-09T02:30:01+0200,d8602f09-a04f-4239-8b86-3e2426d15a39,2026-09-02T22:30:00Z,2026-09-03T00:30:00+0200,170.48,EUR/MWh,DK2,DK_2,imbalance_price,Long,2026-09-09T00:44:03Z
2026-09-09T00:30:01Z,2026-09-09T02:30:01+0200,d8602f09-a04f-4239-8b86-3e2426d15a39,2026-09-02T22:30:00Z,2026-09-03T00:30:00+0200,170.48,EUR/MWh,DK2,DK_2,imbalance_price,Short,2026-09-09T00:44:03Z
2026-09-09T00:30:01Z,2026-09-09T02:30:01+0200,d8602f09-a04f-4239-8b86-3e2426d15a39,2026-09-02T22:45:00Z,2026-09-03T00:45:00+0200,163.2,EUR/MWh,DK2,DK_2,imbalance_price,Long,2026-09-09T00:44:03Z
2026-09-09T00:30:01Z,2026-09-09T02:30:01+0200,d8602f09-a04f-4239-8b86-3e2426d15a39,2026-09-02T22:45:00Z,2026-09-03T00:45:00+0200,163.2,EUR/MWh,DK2,DK_2,imbalance_price,Short,2026-09-09T00:44:03Z
2026-09-09T00:30:01Z,2026-09-09T02:30:01+0200,d8602f09-a04f-4239-8b86-3e2426d15a39,2026-09-02T23:00:00Z,2026-09-03T01:00:00+0200,179.15,EUR/MWh,DK2,DK_2,imbalance_price,Long,2026-09-09T00:44:03Z
2026-09-09T00:30:01Z,2026-09-09T02:30:01+0200,d8602f09-a04f-4239-8b86-3e2426d15a39,2026-09-02T23:00:00Z,2026-09-03T01:00:00+0200,179.15,EUR/MWh,DK2,DK_2,imbalance_price,Short,2026-09-09T00:44:03Z
2026-09-09T00:30:01Z,2026-09-09T02:30:01+0200,d8602f09-a04f-4239-8b86-3e2426d15a39,2026-09-02T23:15:00Z,2026-09-03T01:15:00+0200,166.57,EUR/MWh,DK2,DK_2,imbalance_price,Long,2026-09-09T00:44:03Z
2026-09-09T00:30:01Z,2026-09-09T02:30:01+0200,d8602f09-a04f-4239-8b86-3e2426d15a39,2026-09-02T23:15:00Z,2026-09-03T01:15:00+0200,166.57,EUR/MWh,DK2,DK_2,imbalance_price,Short,2026-09-09T00:44:03Z
2026-09-09T00:30:01Z,2026-09-09T02:30:01+0200,d8602f09-a04f-4239-8b86-3e2426d15a39,2026-09-02T23:30:00Z,2026-09-03T01:30:00+0200,168.46,EUR/MWh,DK2,DK_2,imbalance_price,Long,2026-09-09T00:44:03Z
2026-09-09T00:30:01Z,2026-09-09T02:30:01+0200,d8602f09-a04f-4239-8b86-3e2426d15a39,2026-09-02T23:30:00Z,2026-09-03T01:30:00+0200,168.46,EUR/MWh,DK2,DK_2,imbalance_price,Short,2026-09-09T00:44:03Z
2026-09-09T00:30:01Z,2026-09-09T02:30:01+0200,d8602f09-a04f-4239-8b86-3e2426d15a39,2026-09-02T23:45:00Z,2026-09-03T01:45:00+0200,161.97,EUR/MWh,DK2,DK_2,imbalance_price,Long,2026-09-09T00:44:03Z
2026-09-09T00:30:01Z,2026-09-09T02:30:01+0200,d8602f09-a04f-4239-8b86-3e2426d15a39,2026-09-02T23:45:00Z,2026-09-03T01:45:00+0200,161.97,EUR/MWh,DK2,DK_2,imbalance_price,Short,2026-09-09T00:44:03Z
2026-09-09T00:30:01Z,2026-09-09T02:30:01+0200,d8602f09-a04f-4239-8b86-3e2426d15a39,2026-09-03T00:00:00Z,2026-09-03T02:00:00+0200,14.14,EUR/MWh,DK2,DK_2,imbalance_price,Long,2026-09-09T00:44:03Z
2026-09-09T00:30:01Z,2026-09-09T02:30:01+0200,d8602f09-a04f-4239-8b86-3e2426d15a39,2026-09-03T00:00:00Z,2026-09-03T02:00:00+0200,14.14,EUR/MWh,DK2,DK_2,imbalance_price,Short,2026-09-09T00:44:03Z
2026-09-09T00:30:01Z,2026-09-09T02:30:01+0200,d8602f09-a04f-4239-8b86-3e2426d15a39,2026-09-03T00:15:00Z,2026-09-03T02:15:00+0200,129.29,EUR/MWh,DK2,DK_2,imbalance_price,Long,2026-09-09T00:44:03Z
2026-09-09T00:30:01Z,2026-09-09T02:30:01+0200,d8602f09-a04f-4239-8b86-3e2426d15a39,2026-09-03T00:15:00Z,2026-09-03T02:15:00+0200,129.29,EUR/MWh,DK2,DK_2,imbalance_price,Short,2026-09-09T00:44:03Z
2026-09-09T00:30:01Z,2026-09-09T02:30:01+0200,d8602f09-a04f-4239-8b86-3e2426d15a39,2026-09-03T00:30:00Z,2026-09-03T02:30:00+0200,135.0,EUR/MWh,DK2,DK_2,imbalance_price,Long,2026-09-09T00:44:03Z
2026-09-09T00:30:01Z,2026-09-09T02:30:01+0200,d8602f09-a04f-4239-8b86-3e2426d15a39,2026-09-03T00:30:00Z,2026-09-03T02:30:00+0200,135.0,EUR/MWh,DK2,DK_2,imbalance_price,Short,2026-09-09T00:44:03Z
2026-09-09T00:30:01Z,2026-09-09T02:30:01+0200,d8602f09-a04f-4239-8b86-3e2426d15a39,2026-09-03T00:45:00Z,2026-09-03T02:45:00+0200,145.89,EUR/MWh,DK2,DK_2,imbalance_price,Long,2026-09-09T00:44:03Z
2026-09-09T00:30:01Z,2026-09-09T02:30:01+0200,d8602f09-a04f-4239-8b86-3e2426d15a39,2026-09-03T00:45:00Z,2026-09-03T02:45:00+0200,145.89,EUR/MWh,DK2,DK_2,imbalance_price,Short,2026-09-09T00:44:03Z
2026-09-09T00:30:01Z,2026-09-09T02:30:01+0200,d8602f09-a04f-4239-8b86-3e2426d15a39,2026-09-03T01:00:00Z,2026-09-03T03:00:00+0200,146.27,EUR/MWh,DK2,DK_2,imbalance_price,Long,2026-09-09T00:44:03Z
2026-09-09T00:30:01Z,2026-09-09T02:30:01+0200,d8602f09-a04f-4239-8b86-3e2426d15a39,2026-09-03T01:00:00Z,2026-09-03T03:00:00+0200,146.27,EUR/MWh,DK2,DK_2,imbalance_price,Short,2026-09-09T00:44:03Z
2026-09-09T00:30:01Z,2026-09-09T02:30:01+0200,d8602f09-a04f-4239-8b86-3e2426d15a39,2026-09-03T01:15:00Z,2026-09-03T03:15:00+0200,130.83,EUR/MWh,DK2,DK_2,imbalance_price,Long,2026-09-09T00:44:03Z
2026-09-09T00:30:01Z,2026-09-09T02:30:01+0200,d8602f09-a04f-4239-8b86-3e2426d15a39,2026-09-03T01:15:00Z,2026-09-03T03:15:00+0200,130.83,EUR/MWh,DK2,DK_2,imbalance_price,Short,2026-09-09T00:44:03Z
2026-09-09T00:30:01Z,2026-09-09T02:30:01+0200,d8602f09-a04f-4239-8b86-3e2426d15a39,2026-09-03T01:30:00Z,2026-09-03T03:30:00+0200,146.54,EUR/MWh,DK2,DK_2,imbalance_price,Long,2026-09-09T00:44:03Z
2026-09-09T00:30:01Z,2026-09-09T02:30:01+0200,d8602f09-a04f-4239-8b86-3e2426d15a39,2026-09-03T01:30:00Z,2026-09-03T03:30:00+0200,146.54,EUR/MWh,DK2,DK_2,imbalance_price,Short,2026-09-09T00:44:03Z
2026-09-09T00:30:01Z,2026-09-09T02:30:01+0200,d8602f09-a04f-4239-8b86-3e2426d15a39,2026-09-03T01:45:00Z,2026-09-03T03:45:00+0200,143.48,EUR/MWh,DK2,DK_2,imbalance_price,Long,2026-09-09T00:44:03Z
2026-09-09T00:30:01Z,2026-09-09T02:30:01+0200,d8602f09-a04f-4239-8b86-3e2426d15a39,2026-09-03T01:45:00Z,2026-09-03T03:45:00+0200,143.48,EUR/MWh,DK2,DK_2,imbalance_price,Short,2026-09-09T00:44:03Z
2026-09-09T00:30:01Z,2026-09-09T02:30:01+0200,d8602f09-a04f-4239-8b86-3e2426d15a39,2026-09-03T02:00:00Z,2026-09-03T04:00:00+0200,146.22,EUR/MWh,DK2,DK_2,imbalance_price,Long,2026-09-09T00:44:03Z
2026-09-09T00:30:01Z,2026-09-09T02:30:01+0200,d8602f09-a04f-4239-8b86-3e2426d15a39,2026-09-03T02:00:00Z,2026-09-03T04:00:00+0200,146.22,EUR/MWh,DK2,DK_2,imbalance_price,Short,2026-09-09T00:44:03Z
2026-09-09T00:30:01Z,2026-09-09T02:30:01+0200,d8602f09-a04f-4239-8b86-3e2426d15a39,2026-09-03T02:15:00Z,2026-09-03T04:15:00+0200,374.09,EUR/MWh,DK2,DK_2,imbalance_price,Long,2026-09-09T00:44:03Z
2026-09-09T00:30:01Z,2026-09-09T02:30:01+0200,d8602f09-a04f-4239-8b86-3e2426d15a39,2026-09-03T02:15:00Z,2026-09-03T04:15:00+0200,374.09,EUR/MWh,DK2,DK_2,imbalance_price,Short,2026-09-09T00:44:03Z
2026-09-09T00:30:01Z,2026-09-09T02:30:01+0200,d8602f09-a04f-4239-8b86-3e2426d15a39,2026-09-03T02:30:00Z,2026-09-03T04:30:00+0200,387.3,EUR/MWh,DK2,DK_2,imbalance_price,Long,2026-09-09T00:44:03Z
2026-09-09T00:30:01Z,2026-09-09T02:30:01+0200,d8602f09-a04f-4239-8b86-3e2426d15a39,2026-09-03T02:30:00Z,2026-09-03T04:30:00+0200,387.3,EUR/MWh,DK2,DK_2,imbalance_price,Short,2026-09-09T00:44:03Z
2026-09-09T00:30:01Z,2026-09-09T02:30:01+0200,d8602f09-a04f-4239-8b86-3e2426d15a39,2026-09-03T02:45:00Z,2026-09-03T04:45:00+0200,401.34,EUR/MWh,DK2,DK_2,imbalance_price,Long,2026-09-09T00:44:03Z
2026-09-09T00:30:01Z,2026-09-09T02:30:01+0200,d8602f09-a04f-4239-8b86-3e2426d15a39,2026-09-03T02:45:00Z,2026-09-03T04:45:00+0200,401.34,EUR/MWh,DK2,DK_2,imbalance_price,Short,2026-09-09T00:44:03Z
2026-09-09T00:30:01Z,2026-09-09T02:30:01+0200,d8602f09-a04f-4239-8b86-3e2426d15a39,2026-09-03T03:00:00Z,2026-09-03T05:00:00+0200,401.4,EUR/MWh,DK2,DK_2,imbalance_price,Long,2026-09-09T00:44:03Z
2026-09-09T00:30:01Z,2026-09-09T02:30:01+0200,d8602f09-a04f-4239-8b86-3e2426d15a39,2026-09-03T03:00:00Z,2026-09-03T05:00:00+0200,401.4,EUR/MWh,DK2,DK_2,imbalance_price,Short,2026-09-09T00:44:03Z
2026-09-09T00:30:01Z,2026-09-09T02:30:01+0200,d8602f09-a04f-4239-8b86-3e2426d15a39,2026-09-03T03:15:00Z,2026-09-03T05:15:00+0200,401.35,EUR/MWh,DK2,DK_2,imbalance_price,Long,2026-09-09T00:44:03Z
2026-09-09T00:30:01Z,2026-09-09T02:30:01+0200,d8602f09-a04f-4239-8b86-3e2426d15a39,2026-09-03T03:15:00Z,2026-09-03T05:15:00+0200,401.35,EUR/MWh,DK2,DK_2,imbalance_price,Short,2026-09-09T00:44:03Z
2026-09-09T00:30:01Z,2026-09-09T02:30:01+0200,d8602f09-a04f-4239-8b86-3e2426d15a39,2026-09-03T03:30:00Z,2026-09-03T05:30:00+0200,334.5,EUR/MWh,DK2,DK_2,imbalance_price,Long,2026-09-09T00:44:03Z
2026-09-09T00:30:01Z,2026-09-09T02:30:01+0200,d8602f09-a04f-4239-8b86-3e2426d15a39,2026-09-03T03:30:00Z,2026-09-03T05:30:00+0200,334.5,EUR/MWh,DK2,DK_2,imbalance_price,Short,2026-09-09T00:44:03Z
2026-09-09T00:30:01Z,2026-09-09T02:30:01+0200,d8602f09-a04f-4239-8b86-3e2426d15a39,2026-09-03T03:45:00Z,2026-09-03T05:45:00+0200,156.38,EUR/MWh,DK2,DK_2,imbalance_price,Long,2026-09-09T00:44:03Z
2026-09-09T00:30:01Z,2026-09-09T02:30:01+0200,d8602f09-a04f-4239-8b86-3e2426d15a39,2026-09-03T03:45:00Z,2026-09-03T05:45:00+0200,156.38,EUR/MWh,DK2,DK_2,imbalance_price,Short,2026-09-09T00:44:03Z
2026-09-09T00:30:01Z,2026-09-09T02:30:01+0200,d8602f09-a04f-4239-8b86-3e2426d15a39,2026-09-03T04:00:00Z,2026-09-03T06:00:00+0200,101.11,EUR/MWh,DK2,DK_2,imbalance_price,Long,2026-09-09T00:44:03Z
2026-09-09T00:30:01Z,2026-09-09T02:30:01+0200,d8602f09-a04f-4239-8b86-3e2426d15a39,2026-09-03T04:00:00Z,2026-09-03T06:00:00+0200,101.11,EUR/MWh,DK2,DK_2,imbalance_price,Short,2026-09-09T00:44:03Z
2026-09-09T00:30:01Z,2026-09-09T02:30:01+0200,d8602f09-a04f-4239-8b86-3e2426d15a39,2026-09-03T04:15:00Z,2026-09-03T06:15:00+0200,137.68,EUR/MWh,DK2,DK_2,imbalance_price,Long,2026-09-09T00:44:03Z
2026-09-09T00:30:01Z,2026-09-09T02:30:01+0200,d8602f09-a04f-4239-8b86-3e2426d15a39,2026-09-03T04:15:00Z,2026-09-03T06:15:00+0200,137.68,EUR/MWh,DK2,DK_2,imbalance_price,Short,2026-09-09T00:44:03Z
2026-09-09T00:30:01Z,2026-09-09T02:30:01+0200,d8602f09-a04f-4239-8b86-3e2426d15a39,2026-09-03T04:30:00Z,2026-09-03T06:30:00+0200,182.02,EUR/MWh,DK2,DK_2,imbalance_price,Long,2026-09-09T00:44:03Z
2026-09-09T00:30:01Z,2026-09-09T02:30:01+0200,d8602f09-a04f-4239-8b86-3e2426d15a39,2026-09-03T04:30:00Z,2026-09-03T06:30:00+0200,182.02,EUR/MWh,DK2,DK_2,imbalance_price,Short,2026-09-09T00:44:03Z
2026-09-09T00:30:01Z,2026-09-09T02:30:01+0200,d8602f09-a04f-4239-8b86-3e2426d15a39,2026-09-03T04:45:00Z,2026-09-03T06:45:00+0200,51.01,EUR/MWh,DK2,DK_2,imbalance_price,Long,2026-09-09T00:44:03Z
2026-09-09T00:30:01Z,2026-09-09T02:30:01+0200,d8602f09-a04f-4239-8b86-3e2426d15a39,2026-09-03T04:45:00Z,2026-09-03T06:45:00+0200,51.01,EUR/MWh,DK2,DK_2,imbalance_price,Short,2026-09-09T00:44:03Z
2026-09-09T00:30:01Z,2026-09-09T02:30:01+0200,d8602f09-a04f-4239-8b86-3e2426d15a39,2026-09-03T05:00:00Z,2026-09-03T07:00:00+0200,45.98,EUR/MWh,DK2,DK_2,imbalance_price,Long,2026-09-09T00:44:03Z
2026-09-09T00:30:01Z,2026-09-09T02:30:01+0200,d8602f09-a04f-4239-8b86-3e2426d15a39,2026-09-03T05:00:00Z,2026-09-03T07:00:00+0200,45.98,EUR/MWh,DK2,DK_2,imbalance_price,Short,2026-09-09T00:44:03Z
2026-09-09T00:30:01Z,2026-09-09T02:30:01+0200,d8602f09-a04f-4239-8b86-3e2426d15a39,2026-09-03T05:15:00Z,2026-09-03T07:15:00+0200,117.61,EUR/MWh,DK2,DK_2,imbalance_price,Long,2026-09-09T00:44:03Z
2026-09-09T00:30:01Z,2026-09-09T02:30:01+0200,d8602f09-a04f-4239-8b86-3e2426d15a39,2026-09-03T05:15:00Z,2026-09-03T07:15:00+0200,117.61,EUR/MWh,DK2,DK_2,imbalance_price,Short,2026-09-09T00:44:03Z
2026-09-09T00:30:01Z,2026-09-09T02:30:01+0200,d8602f09-a04f-4239-8b86-3e2426d15a39,2026-09-03T05:30:00Z,2026-09-03T07:30:00+0200,102.53,EUR/MWh,DK2,DK_2,imbalance_price,Long,2026-09-09T00:44:03Z
2026-09-09T00:30:01Z,2026-09-09T02:30:01+0200,d8602f09-a04f-4239-8b86-3e2426d15a39,2026-09-03T05:30:00Z,2026-09-03T07:30:00+0200,102.53,EUR/MWh,DK2,DK_2,imbalance_price,Short,2026-09-09T00:44:03Z
2026-09-09T00:30:01Z,2026-09-09T02:30:01+0200,d8602f09-a04f-4239-8b86-3e2426d15a39,2026-09-03T05:45:00Z,2026-09-03T07:45:00+0200,181.13,EUR/MWh,DK2,DK_2,imbalance_price,Long,2026-09-09T00:44:03Z
2026-09-09T00:30:01Z,2026-09-09T02:30:01+0200,d8602f09-a04f-4239-8b86-3e2426d15a39,2026-09-03T05:45:00Z,2026-09-03T07:45:00+0200,181.13,EUR/MWh,DK2,DK_2,imbalance_price,Short,2026-09-09T00:44:03Z
2026-09-09T00:30:01Z,2026-09-09T02:30:01+0200,d8602f09-a04f-4239-8b86-3e2426d15a39,2026-09-03T06:00:00Z,2026-09-03T08:00:00+0200,155.91,EUR/MWh,DK2,DK_2,imbalance_price,Long,2026-09-09T00:44:03Z
2026-09-09T00:30:01Z,2026-09-09T02:30:01+0200,d8602f09-a04f-4239-8b86-3e2426d15a39,2026-09-03T06:00:00Z,2026-09-03T08:00:00+0200,155.91,EUR/MWh,DK2,DK_2,imbalance_price,Short,2026-09-09T00:44:03Z
2026-09-09T00:30:01Z,2026-09-09T02:30:01+0200,d8602f09-a04f-4239-8b86-3e2426d15a39,2026-09-03T06:15:00Z,2026-09-03T08:15:00+0200,188.07,EUR/MWh,DK2,DK_2,imbalance_price,Long,2026-09-09T00:44:03Z
2026-09-09T00:30:01Z,2026-09-09T02:30:01+0200,d8602f09-a04f-4239-8b86-3e2426d15a39,2026-09-03T06:15:00Z,2026-09-03T08:15:00+0200,188.07,EUR/MWh,DK2,DK_2,imbalance_price,Short,2026-09-09T00:44:03Z
2026-09-09T00:30:01Z,2026-09-09T02:30:01+0200,d8602f09-a04f-4239-8b86-3e2426d15a39,2026-09-03T06:30:00Z,2026-09-03T08:30:00+0200,401.35,EUR/MWh,DK2,DK_2,imbalance_price,Long,2026-09-09T00:44:03Z
2026-09-09T00:30:01Z,2026-09-09T02:30:01+0200,d8602f09-a04f-4239-8b86-3e2426d15a39,2026-09-03T06:30:00Z,2026-09-03T08:30:00+0200,401.35,EUR/MWh,DK2,DK_2,imbalance_price,Short,2026-09-09T00:44:03Z
2026-09-09T00:30:01Z,2026-09-09T02:30:01+0200,d8602f09-a04f-4239-8b86-3e2426d15a39,2026-09-03T06:45:00Z,2026-09-03T08:45:00+0200,150.27,EUR/MWh,DK2,DK_2,imbalance_price,Long,2026-09-09T00:44:03Z
2026-09-09T00:30:01Z,2026-09-09T02:30:01+0200,d8602f09-a04f-4239-8b86-3e2426d15a39,2026-09-03T06:45:00Z,2026-09-03T08:45:00+0200,150.27,EUR/MWh,DK2,DK_2,imbalance_price,Short,2026-09-09T00:44:03Z
2026-09-09T00:30:01Z,2026-09-09T02:30:01+0200,d8602f09-a04f-4239-8b86-3e2426d15a39,2026-09-03T07:00:00Z,2026-09-03T09:00:00+0200,185.22,EUR/MWh,DK2,DK_2,imbalance_price,Long,2026-09-09T00:44:03Z
2026-09-09T00:30:01Z,2026-09-09T02:30:01+0200,d8602f09-a04f-4239-8b86-3e2426d15a39,2026-09-03T07:00:00Z,2026-09-03T09:00:00+0200,185.22,EUR/MWh,DK2,DK_2,imbalance_price,Short,2026-09-09T00:44:03Z
2026-09-09T00:30:01Z,2026-09-09T02:30:01+0200,d8602f09-a04f-4239-8b86-3e2426d15a39,2026-09-03T07:15:00Z,2026-09-03T09:15:00+0200,77.51,EUR/MWh,DK2,DK_2,imbalance_price,Long,2026-09-09T00:44:03Z
2026-09-09T00:30:01Z,2026-09-09T02:30:01+0200,d8602f09-a04f-4239-8b86-3e2426d15a39,2026-09-03T07:15:00Z,2026-09-03T09:15:00+0200,77.51,EUR/MWh,DK2,DK_2,imbalance_price,Short,2026-09-09T00:44:03Z
2026-09-09T00:30:01Z,2026-09-09T02:30:01+0200,d8602f09-a04f-4239-8b86-3e2426d15a39,2026-09-03T07:30:00Z,2026-09-03T09:30:00+0200,23.56,EUR/MWh,DK2,DK_2,imbalance_price,Long,2026-09-09T00:44:03Z
2026-09-09T00:30:01Z,2026-09-09T02:30:01+0200,d8602f09-a04f-4239-8b86-3e2426d15a39,2026-09-03T07:30:00Z,2026-09-03T09:30:00+0200,23.56,EUR/MWh,DK2,DK_2,imbalance_price,Short,2026-09-09T00:44:03Z
2026-09-09T00:30:01Z,2026-09-09T02:30:01+0200,d8602f09-a04f-4239-8b86-3e2426d15a39,2026-09-03T07:45:00Z,2026-09-03T09:45:00+0200,47.46,EUR/MWh,DK2,DK_2,imbalance_price,Long,2026-09-09T00:44:03Z
2026-09-09T00:30:01Z,2026-09-09T02:30:01+0200,d8602f09-a04f-4239-8b86-3e2426d15a39,2026-09-03T07:45:00Z,2026-09-03T09:45:00+0200,47.46,EUR/MWh,DK2,DK_2,imbalance_price,Short,2026-09-09T00:44:03Z
2026-09-09T00:30:01Z,2026-09-09T02:30:01+0200,d8602f09-a04f-4239-8b86-3e2426d15a39,2026-09-03T08:00:00Z,2026-09-03T10:00:00+0200,32.36,EUR/MWh,DK2,DK_2,imbalance_price,Long,2026-09-09T00:44:03Z
2026-09-09T00:30:01Z,2026-09-09T02:30:01+0200,d8602f09-a04f-4239-8b86-3e2426d15a39,2026-09-03T08:00:00Z,2026-09-03T10:00:00+0200,32.36,EUR/MWh,DK2,DK_2,imbalance_price,Short,2026-09-09T00:44:03Z
2026-09-09T00:30:01Z,2026-09-09T02:30:01+0200,d8602f09-a04f-4239-8b86-3e2426d15a39,2026-09-03T08:15:00Z,2026-09-03T10:15:00+0200,120.95,EUR/MWh,DK2,DK_2,imbalance_price,Long,2026-09-09T00:44:03Z
2026-09-09T00:30:01Z,2026-09-09T02:30:01+0200,d8602f09-a04f-4239-8b86-3e2426d15a39,2026-09-03T08:15:00Z,2026-09-03T10:15:00+0200,120.95,EUR/MWh,DK2,DK_2,imbalance_price,Short,2026-09-09T00:44:03Z
2026-09-09T00:30:01Z,2026-09-09T02:30:01+0200,d8602f09-a04f-4239-8b86-3e2426d15a39,2026-09-03T08:30:00Z,2026-09-03T10:30:00+0200,115.97,EUR/MWh,DK2,DK_2,imbalance_price,Long,2026-09-09T00:44:03Z
2026-09-09T00:30:01Z,2026-09-09T02:30:01+0200,d8602f09-a04f-4239-8b86-3e2426d15a39,2026-09-03T08:30:00Z,2026-09-03T10:30:00+0200,115.97,EUR/MWh,DK2,DK_2,imbalance_price,Short,2026-09-09T00:44:03Z
2026-09-09T00:30:01Z,2026-09-09T02:30:01+0200,d8602f09-a04f-4239-8b86-3e2426d15a39,2026-09-03T08:45:00Z,2026-09-03T10:45:00+0200,105.1,EUR/MWh,DK2,DK_2,imbalance_price,Long,2026-09-09T00:44:03Z
2026-09-09T00:30:01Z,2026-09-09T02:30:01+0200,d8602f09-a04f-4239-8b86-3e2426d15a39,2026-09-03T08:45:00Z,2026-09-03T10:45:00+0200,105.1,EUR/MWh,DK2,DK_2,imbalance_price,Short,2026-09-09T00:44:03Z
2026-09-09T00:30:01Z,2026-09-09T02:30:01+0200,d8602f09-a04f-4239-8b86-3e2426d15a39,2026-09-03T09:00:00Z,2026-09-03T11:00:00+0200,110.16,EUR/MWh,DK2,DK_2,imbalance_price,Long,2026-09-09T00:44:03Z
2026-09-09T00:30:01Z,2026-09-09T02:30:01+0200,d8602f09-a04f-4239-8b86-3e2426d15a39,2026-09-03T09:00:00Z,2026-09-03T11:00:00+0200,110.16,EUR/MWh,DK2,DK_2,imbalance_price,Short,2026-09-09T00:44:03Z
2026-09-09T00:30:01Z,2026-09-09T02:30:01+0200,d8602f09-a04f-4239-8b86-3e2426d15a39,2026-09-03T09:15:00Z,2026-09-03T11:15:00+0200,5.0,EUR/MWh,DK2,DK_2,imbalance_price,Long,2026-09-09T00:44:03Z
2026-09-09T00:30:01Z,2026-09-09T02:30:01+0200,d8602f09-a04f-4239-8b86-3e2426d15a39,2026-09-03T09:15:00Z,2026-09-03T11:15:00+0200,5.0,EUR/MWh,DK2,DK_2,imbalance_price,Short,2026-09-09T00:44:03Z
2026-09-09T00:30:01Z,2026-09-09T02:30:01+0200,d8602f09-a04f-4239-8b86-3e2426d15a39,2026-09-03T09:30:00Z,2026-09-03T11:30:00+0200,14.26,EUR/MWh,DK2,DK_2,imbalance_price,Long,2026-09-09T00:44:03Z
2026-09-09T00:30:01Z,2026-09-09T02:30:01+0200,d8602f09-a04f-4239-8b86-3e2426d15a39,2026-09-03T09:30:00Z,2026-09-03T11:30:00+0200,14.26,EUR/MWh,DK2,DK_2,imbalance_price,Short,2026-09-09T00:44:03Z
2026-09-09T00:30:01Z,2026-09-09T02:30:01+0200,d8602f09-a04f-4239-8b86-3e2426d15a39,2026-09-03T09:45:00Z,2026-09-03T11:45:00+0200,6.85,EUR/MWh,DK2,DK_2,imbalance_price,Long,2026-09-09T00:44:03Z
2026-09-09T00:30:01Z,2026-09-09T02:30:01+0200,d8602f09-a04f-4239-8b86-3e2426d15a39,2026-09-03T09:45:00Z,2026-09-03T11:45:00+0200,6.85,EUR/MWh,DK2,DK_2,imbalance_price,Short,2026-09-09T00:44:03Z
2026-09-09T00:30:01Z,2026-09-09T02:30:01+0200,d8602f09-a04f-4239-8b86-3e2426d15a39,2026-09-03T10:00:00Z,2026-09-03T12:00:00+0200,8.21,EUR/MWh,DK2,DK_2,imbalance_price,Long,2026-09-09T00:44:03Z
2026-09-09T00:30:01Z,2026-09-09T02:30:01+0200,d8602f09-a04f-4239-8b86-3e2426d15a39,2026-09-03T10:00:00Z,2026-09-03T12:00:00+0200,8.21,EUR/MWh,DK2,DK_2,imbalance_price,Short,2026-09-09T00:44:03Z
2026-09-09T00:30:01Z,2026-09-09T02:30:01+0200,d8602f09-a04f-4239-8b86-3e2426d15a39,2026-09-03T10:15:00Z,2026-09-03T12:15:00+0200,2.0,EUR/MWh,DK2,DK_2,imbalance_price,Long,2026-09-09T00:44:03Z
2026-09-09T00:30:01Z,2026-09-09T02:30:01+0200,d8602f09-a04f-4239-8b86-3e2426d15a39,2026-09-03T10:15:00Z,2026-09-03T12:15:00+0200,2.0,EUR/MWh,DK2,DK_2,imbalance_price,Short,2026-09-09T00:44:03Z
2026-09-09T00:30:01Z,2026-09-09T02:30:01+0200,d8602f09-a04f-4239-8b86-3e2426d15a39,2026-09-03T10:30:00Z,2026-09-03T12:30:00+0200,-9.93,EUR/MWh,DK2,DK_2,imbalance_price,Long,2026-09-09T00:44:03Z
2026-09-09T00:30:01Z,2026-09-09T02:30:01+0200,d8602f09-a04f-4239-8b86-3e2426d15a39,2026-09-03T10:30:00Z,2026-09-03T12:30:00+0200,-9.93,EUR/MWh,DK2,DK_2,imbalance_price,Short,2026-09-09T00:44:03Z
2026-09-09T00:30:01Z,2026-09-09T02:30:01+0200,d8602f09-a04f-4239-8b86-3e2426d15a39,2026-09-03T10:45:00Z,2026-09-03T12:45:00+0200,-15.96,EUR/MWh,DK2,DK_2,imbalance_price,Long,2026-09-09T00:44:03Z
2026-09-09T00:30:01Z,2026-09-09T02:30:01+0200,d8602f09-a04f-4239-8b86-3e2426d15a39,2026-09-03T10:45:00Z,2026-09-03T12:45:00+0200,-15.96,EUR/MWh,DK2,DK_2,imbalance_price,Short,2026-09-09T00:44:03Z
2026-09-09T00:30:01Z,2026-09-09T02:30:01+0200,d8602f09-a04f-4239-8b86-3e2426d15a39,2026-09-03T11:00:00Z,2026-09-03T13:00:00+0200,-12.84,EUR/MWh,DK2,DK_2,imbalance_price,Long,2026-09-09T00:44:03Z
2026-09-09T00:30:01Z,2026-09-09T02:30:01+0200,d8602f09-a04f-4239-8b86-3e2426d15a39,2026-09-03T11:00:00Z,2026-09-03T13:00:00+0200,-12.84,EUR/MWh,DK2,DK_2,imbalance_price,Short,2026-09-09T00:44:03Z
2026-09-09T00:30:01Z,2026-09-09T02:30:01+0200,d8602f09-a04f-4239-8b86-3e2426d15a39,2026-09-03T11:15:00Z,2026-09-03T13:15:00+0200,4.0,EUR/MWh,DK2,DK_2,imbalance_price,Long,2026-09-09T00:44:03Z
2026-09-09T00:30:01Z,2026-09-09T02:30:01+0200,d8602f09-a04f-4239-8b86-3e2426d15a39,2026-09-03T11:15:00Z,2026-09-03T13:15:00+0200,4.0,EUR/MWh,DK2,DK_2,imbalance_price,Short,2026-09-09T00:44:03Z
2026-09-09T00:30:01Z,2026-09-09T02:30:01+0200,d8602f09-a04f-4239-8b86-3e2426d15a39,2026-09-03T11:30:00Z,2026-09-03T13:30:00+0200,-28.93,EUR/MWh,DK2,DK_2,imbalance_price,Long,2026-09-09T00:44:03Z
2026-09-09T00:30:01Z,2026-09-09T02:30:01+0200,d8602f09-a04f-4239-8b86-3e2426d15a39,2026-09-03T11:30:00Z,2026-09-03T13:30:00+0200,-28.93,EUR/MWh,DK2,DK_2,imbalance_price,Short,2026-09-09T00:44:03Z
2026-09-09T00:30:01Z,2026-09-09T02:30:01+0200,d8602f09-a04f-4239-8b86-3e2426d15a39,2026-09-03T11:45:00Z,2026-09-03T13:45:00+0200,-11.46,EUR/MWh,DK2,DK_2,imbalance_price,Long,2026-09-09T00:44:03Z
2026-09-09T00:30:01Z,2026-09-09T02:30:01+0200,d8602f09-a04f-4239-8b86-3e2426d15a39,2026-09-03T11:45:00Z,2026-09-03T13:45:00+0200,-11.46,EUR/MWh,DK2,DK_2,imbalance_price,Short,2026-09-09T00:44:03Z
2026-09-09T00:30:01Z,2026-09-09T02:30:01+0200,d8602f09-a04f-4239-8b86-3e2426d15a39,2026-09-03T12:00:00Z,2026-09-03T14:00:00+0200,-9.98,EUR/MWh,DK2,DK_2,imbalance_price,Long,2026-09-09T00:44:03Z
2026-09-09T00:30:01Z,2026-09-09T02:30:01+0200,d8602f09-a04f-4239-8b86-3e2426d15a39,2026-09-03T12:00:00Z,2026-09-03T14:00:00+0200,-9.98,EUR/MWh,DK2,DK_2,imbalance_price,Short,2026-09-09T00:44:03Z
2026-09-09T00:30:01Z,2026-09-09T02:30:01+0200,d8602f09-a04f-4239-8b86-3e2426d15a39,2026-09-03T12:15:00Z,2026-09-03T14:15:00+0200,-1.59,EUR/MWh,DK2,DK_2,imbalance_price,Long,2026-09-09T00:44:03Z
2026-09-09T00:30:01Z,2026-09-09T02:30:01+0200,d8602f09-a04f-4239-8b86-3e2426d15a39,2026-09-03T12:15:00Z,2026-09-03T14:15:00+0200,-1.59,EUR/MWh,DK2,DK_2,imbalance_price,Short,2026-09-09T00:44:03Z
2026-09-09T00:30:01Z,2026-09-09T02:30:01+0200,d8602f09-a04f-4239-8b86-3e2426d15a39,2026-09-03T12:30:00Z,2026-09-03T14:30:00+0200,1.86,EUR/MWh,DK2,DK_2,imbalance_price,Long,2026-09-09T00:44:03Z
2026-09-09T00:30:01Z,2026-09-09T02:30:01+0200,d8602f09-a04f-4239-8b86-3e2426d15a39,2026-09-03T12:30:00Z,2026-09-03T14:30:00+0200,1.86,EUR/MWh,DK2,DK_2,imbalance_price,Short,2026-09-09T00:44:03Z
2026-09-09T00:30:01Z,2026-09-09T02:30:01+0200,d8602f09-a04f-4239-8b86-3e2426d15a39,2026-09-03T12:45:00Z,2026-09-03T14:45:00+0200,44.44,EUR/MWh,DK2,DK_2,imbalance_price,Long,2026-09-09T00:44:03Z
2026-09-09T00:30:01Z,2026-09-09T02:30:01+0200,d8602f09-a04f-4239-8b86-3e2426d15a39,2026-09-03T12:45:00Z,2026-09-03T14:45:00+0200,44.44,EUR/MWh,DK2,DK_2,imbalance_price,Short,2026-09-09T00:44:03Z
2026-09-09T00:30:01Z,2026-09-09T02:30:01+0200,d8602f09-a04f-4239-8b86-3e2426d15a39,2026-09-03T13:00:00Z,2026-09-03T15:00:00+0200,73.29,EUR/MWh,DK2,DK_2,imbalance_price,Long,2026-09-09T00:44:03Z
2026-09-09T00:30:01Z,2026-09-09T02:30:01+0200,d8602f09-a04f-4239-8b86-3e2426d15a39,2026-09-03T13:00:00Z,2026-09-03T15:00:00+0200,73.29,EUR/MWh,DK2,DK_2,imbalance_price,Short,2026-09-09T00:44:03Z
2026-09-09T00:30:01Z,2026-09-09T02:30:01+0200,d8602f09-a04f-4239-8b86-3e2426d15a39,2026-09-03T13:15:00Z,2026-09-03T15:15:00+0200,30.37,EUR/MWh,DK2,DK_2,imbalance_price,Long,2026-09-09T00:44:03Z
2026-09-09T00:30:01Z,2026-09-09T02:30:01+0200,d8602f09-a04f-4239-8b86-3e2426d15a39,2026-09-03T13:15:00Z,2026-09-03T15:15:00+0200,30.37,EUR/MWh,DK2,DK_2,imbalance_price,Short,2026-09-09T00:44:03Z
2026-09-09T00:30:01Z,2026-09-09T02:30:01+0200,d8602f09-a04f-4239-8b86-3e2426d15a39,2026-09-03T13:30:00Z,2026-09-03T15:30:00+0200,40.24,EUR/MWh,DK2,DK_2,imbalance_price,Long,2026-09-09T00:44:03Z
2026-09-09T00:30:01Z,2026-09-09T02:30:01+0200,d8602f09-a04f-4239-8b86-3e2426d15a39,2026-09-03T13:30:00Z,2026-09-03T15:30:00+0200,40.24,EUR/MWh,DK2,DK_2,imbalance_price,Short,2026-09-09T00:44:03Z
2026-09-09T00:30:01Z,2026-09-09T02:30:01+0200,d8602f09-a04f-4239-8b86-3e2426d15a39,2026-09-03T13:45:00Z,2026-09-03T15:45:00+0200,51.24,EUR/MWh,DK2,DK_2,imbalance_price,Long,2026-09-09T00:44:03Z
2026-09-09T00:30:01Z,2026-09-09T02:30:01+0200,d8602f09-a04f-4239-8b86-3e2426d15a39,2026-09-03T13:45:00Z,2026-09-03T15:45:00+0200,51.24,EUR/MWh,DK2,DK_2,imbalance_price,Short,2026-09-09T00:44:03Z
2026-09-09T00:30:01Z,2026-09-09T02:30:01+0200,d8602f09-a04f-4239-8b86-3e2426d15a39,2026-09-03T14:00:00Z,2026-09-03T16:00:00+0200,45.7,EUR/MWh,DK2,DK_2,imbalance_price,Long,2026-09-09T00:44:03Z
2026-09-09T00:30:01Z,2026-09-09T02:30:01+0200,d8602f09-a04f-4239-8b86-3e2426d15a39,2026-09-03T14:00:00Z,2026-09-03T16:00:00+0200,45.7,EUR/MWh,DK2,DK_2,imbalance_price,Short,2026-09-09T00:44:03Z
2026-09-09T00:30:01Z,2026-09-09T02:30:01+0200,d8602f09-a04f-4239-8b86-3e2426d15a39,2026-09-03T14:15:00Z,2026-09-03T16:15:00+0200,54.28,EUR/MWh,DK2,DK_2,imbalance_price,Long,2026-09-09T00:44:03Z
2026-09-09T00:30:01Z,2026-09-09T02:30:01+0200,d8602f09-a04f-4239-8b86-3e2426d15a39,2026-09-03T14:15:00Z,2026-09-03T16:15:00+0200,54.28,EUR/MWh,DK2,DK_2,imbalance_price,Short,2026-09-09T00:44:03Z
2026-09-09T00:30:01Z,2026-09-09T02:30:01+0200,d8602f09-a04f-4239-8b86-3e2426d15a39,2026-09-03T14:30:00Z,2026-09-03T16:30:00+0200,95.98,EUR/MWh,DK2,DK_2,imbalance_price,Long,2026-09-09T00:44:03Z
2026-09-09T00:30:01Z,2026-09-09T02:30:01+0200,d8602f09-a04f-4239-8b86-3e2426d15a39,2026-09-03T14:30:00Z,2026-09-03T16:30:00+0200,95.98,EUR/MWh,DK2,DK_2,imbalance_price,Short,2026-09-09T00:44:03Z
2026-09-09T00:30:01Z,2026-09-09T02:30:01+0200,d8602f09-a04f-4239-8b86-3e2426d15a39,2026-09-03T14:45:00Z,2026-09-03T16:45:00+0200,4.72,EUR/MWh,DK2,DK_2,imbalance_price,Long,2026-09-09T00:44:03Z
2026-09-09T00:30:01Z,2026-09-09T02:30:01+0200,d8602f09-a04f-4239-8b86-3e2426d15a39,2026-09-03T14:45:00Z,2026-09-03T16:45:00+0200,4.72,EUR/MWh,DK2,DK_2,imbalance_price,Short,2026-09-09T00:44:03Z
2026-09-09T00:30:01Z,2026-09-09T02:30:01+0200,d8602f09-a04f-4239-8b86-3e2426d15a39,2026-09-03T15:00:00Z,2026-09-03T17:00:00+0200,29.35,EUR/MWh,DK2,DK_2,imbalance_price,Long,2026-09-09T00:44:03Z
2026-09-09T00:30:01Z,2026-09-09T02:30:01+0200,d8602f09-a04f-4239-8b86-3e2426d15a39,2026-09-03T15:00:00Z,2026-09-03T17:00:00+0200,29.35,EUR/MWh,DK2,DK_2,imbalance_price,Short,2026-09-09T00:44:03Z
2026-09-09T00:30:01Z,2026-09-09T02:30:01+0200,d8602f09-a04f-4239-8b86-3e2426d15a39,2026-09-03T15:15:00Z,2026-09-03T17:15:00+0200,26.01,EUR/MWh,DK2,DK_2,imbalance_price,Long,2026-09-09T00:44:03Z
2026-09-09T00:30:01Z,2026-09-09T02:30:01+0200,d8602f09-a04f-4239-8b86-3e2426d15a39,2026-09-03T15:15:00Z,2026-09-03T17:15:00+0200,26.01,EUR/MWh,DK2,DK_2,imbalance_price,Short,2026-09-09T00:44:03Z
2026-09-09T00:30:01Z,2026-09-09T02:30:01+0200,d8602f09-a04f-4239-8b86-3e2426d15a39,2026-09-03T15:30:00Z,2026-09-03T17:30:00+0200,7.73,EUR/MWh,DK2,DK_2,imbalance_price,Long,2026-09-09T00:44:03Z
2026-09-09T00:30:01Z,2026-09-09T02:30:01+0200,d8602f09-a04f-4239-8b86-3e2426d15a39,2026-09-03T15:30:00Z,2026-09-03T17:30:00+0200,7.73,EUR/MWh,DK2,DK_2,imbalance_price,Short,2026-09-09T00:44:03Z
2026-09-09T00:30:01Z,2026-09-09T02:30:01+0200,d8602f09-a04f-4239-8b86-3e2426d15a39,2026-09-03T15:45:00Z,2026-09-03T17:45:00+0200,109.97,EUR/MWh,DK2,DK_2,imbalance_price,Long,2026-09-09T00:44:03Z
2026-09-09T00:30:01Z,2026-09-09T02:30:01+0200,d8602f09-a04f-4239-8b86-3e2426d15a39,2026-09-03T15:45:00Z,2026-09-03T17:45:00+0200,109.97,EUR/MWh,DK2,DK_2,imbalance_price,Short,2026-09-09T00:44:03Z
2026-09-09T00:30:01Z,2026-09-09T02:30:01+0200,d8602f09-a04f-4239-8b86-3e2426d15a39,2026-09-03T16:00:00Z,2026-09-03T18:00:00+0200,107.93,EUR/MWh,DK2,DK_2,imbalance_price,Long,2026-09-09T00:44:03Z
2026-09-09T00:30:01Z,2026-09-09T02:30:01+0200,d8602f09-a04f-4239-8b86-3e2426d15a39,2026-09-03T16:00:00Z,2026-09-03T18:00:00+0200,107.93,EUR/MWh,DK2,DK_2,imbalance_price,Short,2026-09-09T00:44:03Z
2026-09-09T00:30:01Z,2026-09-09T02:30:01+0200,d8602f09-a04f-4239-8b86-3e2426d15a39,2026-09-03T16:15:00Z,2026-09-03T18:15:00+0200,207.14,EUR/MWh,DK2,DK_2,imbalance_price,Long,2026-09-09T00:44:03Z
2026-09-09T00:30:01Z,2026-09-09T02:30:01+0200,d8602f09-a04f-4239-8b86-3e2426d15a39,2026-09-03T16:15:00Z,2026-09-03T18:15:00+0200,207.14,EUR/MWh,DK2,DK_2,imbalance_price,Short,2026-09-09T00:44:03Z
2026-09-09T00:30:01Z,2026-09-09T02:30:01+0200,d8602f09-a04f-4239-8b86-3e2426d15a39,2026-09-03T16:30:00Z,2026-09-03T18:30:00+0200,187.42,EUR/MWh,DK2,DK_2,imbalance_price,Long,2026-09-09T00:44:03Z
2026-09-09T00:30:01Z,2026-09-09T02:30:01+0200,d8602f09-a04f-4239-8b86-3e2426d15a39,2026-09-03T16:30:00Z,2026-09-03T18:30:00+0200,187.42,EUR/MWh,DK2,DK_2,imbalance_price,Short,2026-09-09T00:44:03Z
2026-09-09T00:30:01Z,2026-09-09T02:30:01+0200,d8602f09-a04f-4239-8b86-3e2426d15a39,2026-09-03T16:45:00Z,2026-09-03T18:45:00+0200,149.31,EUR/MWh,DK2,DK_2,imbalance_price,Long,2026-09-09T00:44:03Z
2026-09-09T00:30:01Z,2026-09-09T02:30:01+0200,d8602f09-a04f-4239-8b86-3e2426d15a39,2026-09-03T16:45:00Z,2026-09-03T18:45:00+0200,149.31,EUR/MWh,DK2,DK_2,imbalance_price,Short,2026-09-09T00:44:03Z
2026-09-09T00:30:01Z,2026-09-09T02:30:01+0200,d8602f09-a04f-4239-8b86-3e2426d15a39,2026-09-03T17:00:00Z,2026-09-03T19:00:00+0200,171.76,EUR/MWh,DK2,DK_2,imbalance_price,Long,2026-09-09T00:44:03Z
2026-09-09T00:30:01Z,2026-09-09T02:30:01+0200,d8602f09-a04f-4239-8b86-3e2426d15a39,2026-09-03T17:00:00Z,2026-09-03T19:00:00+0200,171.76,EUR/MWh,DK2,DK_2,imbalance_price,Short,2026-09-09T00:44:03Z
2026-09-09T00:30:01Z,2026-09-09T02:30:01+0200,d8602f09-a04f-4239-8b86-3e2426d15a39,2026-09-03T17:15:00Z,2026-09-03T19:15:00+0200,38.63,EUR/MWh,DK2,DK_2,imbalance_price,Long,2026-09-09T00:44:03Z
2026-09-09T00:30:01Z,2026-09-09T02:30:01+0200,d8602f09-a04f-4239-8b86-3e2426d15a39,2026-09-03T17:15:00Z,2026-09-03T19:15:00+0200,38.63,EUR/MWh,DK2,DK_2,imbalance_price,Short,2026-09-09T00:44:03Z
2026-09-09T00:30:01Z,2026-09-09T02:30:01+0200,d8602f09-a04f-4239-8b86-3e2426d15a39,2026-09-03T17:30:00Z,2026-09-03T19:30:00+0200,71.43,EUR/MWh,DK2,DK_2,imbalance_price,Long,2026-09-09T00:44:03Z
2026-09-09T00:30:01Z,2026-09-09T02:30:01+0200,d8602f09-a04f-4239-8b86-3e2426d15a39,2026-09-03T17:30:00Z,2026-09-03T19:30:00+0200,71.43,EUR/MWh,DK2,DK_2,imbalance_price,Short,2026-09-09T00:44:03Z
2026-09-09T00:30:01Z,2026-09-09T02:30:01+0200,d8602f09-a04f-4239-8b86-3e2426d15a39,2026-09-03T17:45:00Z,2026-09-03T19:45:00+0200,170.16,EUR/MWh,DK2,DK_2,imbalance_price,Long,2026-09-09T00:44:03Z
2026-09-09T00:30:01Z,2026-09-09T02:30:01+0200,d8602f09-a04f-4239-8b86-3e2426d15a39,2026-09-03T17:45:00Z,2026-09-03T19:45:00+0200,170.16,EUR/MWh,DK2,DK_2,imbalance_price,Short,2026-09-09T00:44:03Z
2026-09-09T00:30:01Z,2026-09-09T02:30:01+0200,d8602f09-a04f-4239-8b86-3e2426d15a39,2026-09-03T18:00:00Z,2026-09-03T20:00:00+0200,170.14,EUR/MWh,DK2,DK_2,imbalance_price,Long,2026-09-09T00:44:03Z
2026-09-09T00:30:01Z,2026-09-09T02:30:01+0200,d8602f09-a04f-4239-8b86-3e2426d15a39,2026-09-03T18:00:00Z,2026-09-03T20:00:00+0200,170.14,EUR/MWh,DK2,DK_2,imbalance_price,Short,2026-09-09T00:44:03Z
2026-09-09T00:30:01Z,2026-09-09T02:30:01+0200,d8602f09-a04f-4239-8b86-3e2426d15a39,2026-09-03T18:15:00Z,2026-09-03T20:15:00+0200,174.72,EUR/MWh,DK2,DK_2,imbalance_price,Long,2026-09-09T00:44:03Z
2026-09-09T00:30:01Z,2026-09-09T02:30:01+0200,d8602f09-a04f-4239-8b86-3e2426d15a39,2026-09-03T18:15:00Z,2026-09-03T20:15:00+0200,174.72,EUR/MWh,DK2,DK_2,imbalance_price,Short,2026-09-09T00:44:03Z
2026-09-09T00:30:01Z,2026-09-09T02:30:01+0200,d8602f09-a04f-4239-8b86-3e2426d15a39,2026-09-03T18:30:00Z,2026-09-03T20:30:00+0200,189.33,EUR/MWh,DK2,DK_2,imbalance_price,Long,2026-09-09T00:44:03Z
2026-09-09T00:30:01Z,2026-09-09T02:30:01+0200,d8602f09-a04f-4239-8b86-3e2426d15a39,2026-09-03T18:30:00Z,2026-09-03T20:30:00+0200,189.33,EUR/MWh,DK2,DK_2,imbalance_price,Short,2026-09-09T00:44:03Z
2026-09-09T00:30:01Z,2026-09-09T02:30:01+0200,d8602f09-a04f-4239-8b86-3e2426d15a39,2026-09-03T18:45:00Z,2026-09-03T20:45:00+0200,176.74,EUR/MWh,DK2,DK_2,imbalance_price,Long,2026-09-09T00:44:03Z
2026-09-09T00:30:01Z,2026-09-09T02:30:01+0200,d8602f09-a04f-4239-8b86-3e2426d15a39,2026-09-03T18:45:00Z,2026-09-03T20:45:00+0200,176.74,EUR/MWh,DK2,DK_2,imbalance_price,Short,2026-09-09T00:44:03Z
2026-09-09T00:30:01Z,2026-09-09T02:30:01+0200,d8602f09-a04f-4239-8b86-3e2426d15a39,2026-09-03T19:00:00Z,2026-09-03T21:00:00+0200,175.62,EUR/MWh,DK2,DK_2,imbalance_price,Long,2026-09-09T00:44:03Z
2026-09-09T00:30:01Z,2026-09-09T02:30:01+0200,d8602f09-a04f-4239-8b86-3e2426d15a39,2026-09-03T19:00:00Z,2026-09-03T21:00:00+0200,175.62,EUR/MWh,DK2,DK_2,imbalance_price,Short,2026-09-09T00:44:03Z
2026-09-09T00:30:01Z,2026-09-09T02:30:01+0200,d8602f09-a04f-4239-8b86-3e2426d15a39,2026-09-03T19:15:00Z,2026-09-03T21:15:00+0200,162.44,EUR/MWh,DK2,DK_2,imbalance_price,Long,2026-09-09T00:44:03Z
2026-09-09T00:30:01Z,2026-09-09T02:30:01+0200,d8602f09-a04f-4239-8b86-3e2426d15a39,2026-09-03T19:15:00Z,2026-09-03T21:15:00+0200,162.44,EUR/MWh,DK2,DK_2,imbalance_price,Short,2026-09-09T00:44:03Z
2026-09-09T00:30:01Z,2026-09-09T02:30:01+0200,d8602f09-a04f-4239-8b86-3e2426d15a39,2026-09-03T19:30:00Z,2026-09-03T21:30:00+0200,71.59,EUR/MWh,DK2,DK_2,imbalance_price,Long,2026-09-09T00:44:03Z
2026-09-09T00:30:01Z,2026-09-09T02:30:01+0200,d8602f09-a04f-4239-8b86-3e2426d15a39,2026-09-03T19:30:00Z,2026-09-03T21:30:00+0200,71.59,EUR/MWh,DK2,DK_2,imbalance_price,Short,2026-09-09T00:44:03Z
2026-09-09T00:30:01Z,2026-09-09T02:30:01+0200,d8602f09-a04f-4239-8b86-3e2426d15a39,2026-09-03T19:45:00Z,2026-09-03T21:45:00+0200,71.84,EUR/MWh,DK2,DK_2,imbalance_price,Long,2026-09-09T00:44:03Z
2026-09-09T00:30:01Z,2026-09-09T02:30:01+0200,d8602f09-a04f-4239-8b86-3e2426d15a39,2026-09-03T19:45:00Z,2026-09-03T21:45:00+0200,71.84,EUR/MWh,DK2,DK_2,imbalance_price,Short,2026-09-09T00:44:03Z
2026-09-09T00:30:01Z,2026-09-09T02:30:01+0200,d8602f09-a04f-4239-8b86-3e2426d15a39,2026-09-03T20:00:00Z,2026-09-03T22:00:00+0200,157.13,EUR/MWh,DK2,DK_2,imbalance_price,Long,2026-09-09T00:44:03Z
2026-09-09T00:30:01Z,2026-09-09T02:30:01+0200,d8602f09-a04f-4239-8b86-3e2426d15a39,2026-09-03T20:00:00Z,2026-09-03T22:00:00+0200,157.13,EUR/MWh,DK2,DK_2,imbalance_price,Short,2026-09-09T00:44:03Z
2026-09-09T00:30:01Z,2026-09-09T02:30:01+0200,d8602f09-a04f-4239-8b86-3e2426d15a39,2026-09-03T20:15:00Z,2026-09-03T22:15:00+0200,155.1,EUR/MWh,DK2,DK_2,imbalance_price,Long,2026-09-09T00:44:03Z
2026-09-09T00:30:01Z,2026-09-09T02:30:01+0200,d8602f09-a04f-4239-8b86-3e2426d15a39,2026-09-03T20:15:00Z,2026-09-03T22:15:00+0200,155.1,EUR/MWh,DK2,DK_2,imbalance_price,Short,2026-09-09T00:44:03Z
2026-09-09T00:30:01Z,2026-09-09T02:30:01+0200,d8602f09-a04f-4239-8b86-3e2426d15a39,2026-09-03T20:30:00Z,2026-09-03T22:30:00+0200,153.04,EUR/MWh,DK2,DK_2,imbalance_price,Long,2026-09-09T00:44:03Z
2026-09-09T00:30:01Z,2026-09-09T02:30:01+0200,d8602f09-a04f-4239-8b86-3e2426d15a39,2026-09-03T20:30:00Z,2026-09-03T22:30:00+0200,153.04,EUR/MWh,DK2,DK_2,imbalance_price,Short,2026-09-09T00:44:03Z
2026-09-09T00:30:01Z,2026-09-09T02:30:01+0200,d8602f09-a04f-4239-8b86-3e2426d15a39,2026-09-03T20:45:00Z,2026-09-03T22:45:00+0200,182.17,EUR/MWh,DK2,DK_2,imbalance_price,Long,2026-09-09T00:44:03Z
2026-09-09T00:30:01Z,2026-09-09T02:30:01+0200,d8602f09-a04f-4239-8b86-3e2426d15a39,2026-09-03T20:45:00Z,2026-09-03T22:45:00+0200,182.17,EUR/MWh,DK2,DK_2,imbalance_price,Short,2026-09-09T00:44:03Z
2026-09-09T00:30:01Z,2026-09-09T02:30:01+0200,d8602f09-a04f-4239-8b86-3e2426d15a39,2026-09-03T21:00:00Z,2026-09-03T23:00:00+0200,254.18,EUR/MWh,DK2,DK_2,imbalance_price,Long,2026-09-09T00:44:03Z
2026-09-09T00:30:01Z,2026-09-09T02:30:01+0200,d8602f09-a04f-4239-8b86-3e2426d15a39,2026-09-03T21:00:00Z,2026-09-03T23:00:00+0200,254.18,EUR/MWh,DK2,DK_2,imbalance_price,Short,2026-09-09T00:44:03Z
2026-09-09T00:30:01Z,2026-09-09T02:30:01+0200,d8602f09-a04f-4239-8b86-3e2426d15a39,2026-09-03T21:15:00Z,2026-09-03T23:15:00+0200,138.82,EUR/MWh,DK2,DK_2,imbalance_price,Long,2026-09-09T00:44:03Z
2026-09-09T00:30:01Z,2026-09-09T02:30:01+0200,d8602f09-a04f-4239-8b86-3e2426d15a39,2026-09-03T21:15:00Z,2026-09-03T23:15:00+0200,138.82,EUR/MWh,DK2,DK_2,imbalance_price,Short,2026-09-09T00:44:03Z
2026-09-09T00:30:01Z,2026-09-09T02:30:01+0200,d8602f09-a04f-4239-8b86-3e2426d15a39,2026-09-03T21:30:00Z,2026-09-03T23:30:00+0200,136.45,EUR/MWh,DK2,DK_2,imbalance_price,Long,2026-09-09T00:44:03Z
2026-09-09T00:30:01Z,2026-09-09T02:30:01+0200,d8602f09-a04f-4239-8b86-3e2426d15a39,2026-09-03T21:30:00Z,2026-09-03T23:30:00+0200,136.45,EUR/MWh,DK2,DK_2,imbalance_price,Short,2026-09-09T00:44:03Z
2026-09-09T00:30:01Z,2026-09-09T02:30:01+0200,d8602f09-a04f-4239-8b86-3e2426d15a39,2026-09-03T21:45:00Z,2026-09-03T23:45:00+0200,140.14,EUR/MWh,DK2,DK_2,imbalance_price,Long,2026-09-09T00:44:03Z
2026-09-09T00:30:01Z,2026-09-09T02:30:01+0200,d8602f09-a04f-4239-8b86-3e2426d15a39,2026-09-03T21:45:00Z,2026-09-03T23:45:00+0200,140.14,EUR/MWh,DK2,DK_2,imbalance_price,Short,2026-09-09T00:44:03Z
2026-09-09T00:30:01Z,2026-09-09T02:30:01+0200,d8602f09-a04f-4239-8b86-3e2426d15a39,2026-09-03T22:00:00Z,2026-09-04T00:00:00+0200,83.0,EUR/MWh,DK2,DK_2,imbalance_price,Long,2026-09-09T00:44:03Z
2026-09-09T00:30:01Z,2026-09-09T02:30:01+0200,d8602f09-a04f-4239-8b86-3e2426d15a39,2026-09-03T22:00:00Z,2026-09-04T00:00:00+0200,83.0,EUR/MWh,DK2,DK_2,imbalance_price,Short,2026-09-09T00:44:03Z
2026-09-09T00:30:01Z,2026-09-09T02:30:01+0200,d8602f09-a04f-4239-8b86-3e2426d15a39,2026-09-03T22:15:00Z,2026-09-04T00:15:00+0200,38.65,EUR/MWh,DK2,DK_2,imbalance_price,Long,2026-09-09T00:44:03Z
2026-09-09T00:30:01Z,2026-09-09T02:30:01+0200,d8602f09-a04f-4239-8b86-3e2426d15a39,2026-09-03T22:15:00Z,2026-09-04T00:15:00+0200,38.65,EUR/MWh,DK2,DK_2,imbalance_price,Short,2026-09-09T00:44:03Z
2026-09-09T00:30:01Z,2026-09-09T02:30:01+0200,d8602f09-a04f-4239-8b86-3e2426d15a39,2026-09-03T22:30:00Z,2026-09-04T00:30:00+0200,234.15,EUR/MWh,DK2,DK_2,imbalance_price,Long,2026-09-09T00:44:03Z
2026-09-09T00:30:01Z,2026-09-09T02:30:01+0200,d8602f09-a04f-4239-8b86-3e2426d15a39,2026-09-03T22:30:00Z,2026-09-04T00:30:00+0200,234.15,EUR/MWh,DK2,DK_2,imbalance_price,Short,2026-09-09T00:44:03Z
2026-09-09T00:30:01Z,2026-09-09T02:30:01+0200,d8602f09-a04f-4239-8b86-3e2426d15a39,2026-09-03T22:45:00Z,2026-09-04T00:45:00+0200,124.32,EUR/MWh,DK2,DK_2,imbalance_price,Long,2026-09-09T00:44:03Z
2026-09-09T00:30:01Z,2026-09-09T02:30:01+0200,d8602f09-a04f-4239-8b86-3e2426d15a39,2026-09-03T22:45:00Z,2026-09-04T00:45:00+0200,124.32,EUR/MWh,DK2,DK_2,imbalance_price,Short,2026-09-09T00:44:03Z
2026-09-09T00:30:01Z,2026-09-09T02:30:01+0200,d8602f09-a04f-4239-8b86-3e2426d15a39,2026-09-03T23:00:00Z,2026-09-04T01:00:00+0200,116.18,EUR/MWh,DK2,DK_2,imbalance_price,Long,2026-09-09T00:44:03Z
2026-09-09T00:30:01Z,2026-09-09T02:30:01+0200,d8602f09-a04f-4239-8b86-3e2426d15a39,2026-09-03T23:00:00Z,2026-09-04T01:00:00+0200,116.18,EUR/MWh,DK2,DK_2,imbalance_price,Short,2026-09-09T00:44:03Z
2026-09-09T00:30:01Z,2026-09-09T02:30:01+0200,d8602f09-a04f-4239-8b86-3e2426d15a39,2026-09-03T23:15:00Z,2026-09-04T01:15:00+0200,113.92,EUR/MWh,DK2,DK_2,imbalance_price,Long,2026-09-09T00:44:03Z
2026-09-09T00:30:01Z,2026-09-09T02:30:01+0200,d8602f09-a04f-4239-8b86-3e2426d15a39,2026-09-03T23:15:00Z,2026-09-04T01:15:00+0200,113.92,EUR/MWh,DK2,DK_2,imbalance_price,Short,2026-09-09T00:44:03Z
2026-09-09T00:30:01Z,2026-09-09T02:30:01+0200,d8602f09-a04f-4239-8b86-3e2426d15a39,2026-09-03T23:30:00Z,2026-09-04T01:30:00+0200,114.36,EUR/MWh,DK2,DK_2,imbalance_price,Long,2026-09-09T00:44:03Z
2026-09-09T00:30:01Z,2026-09-09T02:30:01+0200,d8602f09-a04f-4239-8b86-3e2426d15a39,2026-09-03T23:30:00Z,2026-09-04T01:30:00+0200,114.36,EUR/MWh,DK2,DK_2,imbalance_price,Short,2026-09-09T00:44:03Z
2026-09-09T00:30:01Z,2026-09-09T02:30:01+0200,d8602f09-a04f-4239-8b86-3e2426d15a39,2026-09-03T23:45:00Z,2026-09-04T01:45:00+0200,163.73,EUR/MWh,DK2,DK_2,imbalance_price,Long,2026-09-09T00:44:03Z
2026-09-09T00:30:01Z,2026-09-09T02:30:01+0200,d8602f09-a04f-4239-8b86-3e2426d15a39,2026-09-03T23:45:00Z,2026-09-04T01:45:00+0200,163.73,EUR/MWh,DK2,DK_2,imbalance_price,Short,2026-09-09T00:44:03Z
2026-09-09T00:30:01Z,2026-09-09T02:30:01+0200,d8602f09-a04f-4239-8b86-3e2426d15a39,2026-09-04T00:00:00Z,2026-09-04T02:00:00+0200,186.77,EUR/MWh,DK2,DK_2,imbalance_price,Long,2026-09-09T00:44:03Z
2026-09-09T00:30:01Z,2026-09-09T02:30:01+0200,d8602f09-a04f-4239-8b86-3e2426d15a39,2026-09-04T00:00:00Z,2026-09-04T02:00:00+0200,186.77,EUR/MWh,DK2,DK_2,imbalance_price,Short,2026-09-09T00:44:03Z
2026-09-09T00:30:01Z,2026-09-09T02:30:01+0200,d8602f09-a04f-4239-8b86-3e2426d15a39,2026-09-04T00:15:00Z,2026-09-04T02:15:00+0200,94.46,EUR/MWh,DK2,DK_2,imbalance_price,Long,2026-09-09T00:44:03Z
2026-09-09T00:30:01Z,2026-09-09T02:30:01+0200,d8602f09-a04f-4239-8b86-3e2426d15a39,2026-09-04T00:15:00Z,2026-09-04T02:15:00+0200,94.46,EUR/MWh,DK2,DK_2,imbalance_price,Short,2026-09-09T00:44:03Z
2026-09-09T00:30:01Z,2026-09-09T02:30:01+0200,d8602f09-a04f-4239-8b86-3e2426d15a39,2026-09-04T00:30:00Z,2026-09-04T02:30:00+0200,114.86,EUR/MWh,DK2,DK_2,imbalance_price,Long,2026-09-09T00:44:03Z
2026-09-09T00:30:01Z,2026-09-09T02:30:01+0200,d8602f09-a04f-4239-8b86-3e2426d15a39,2026-09-04T00:30:00Z,2026-09-04T02:30:00+0200,114.86,EUR/MWh,DK2,DK_2,imbalance_price,Short,2026-09-09T00:44:03Z
2026-09-09T00:30:01Z,2026-09-09T02:30:01+0200,d8602f09-a04f-4239-8b86-3e2426d15a39,2026-09-04T00:45:00Z,2026-09-04T02:45:00+0200,171.45,EUR/MWh,DK2,DK_2,imbalance_price,Long,2026-09-09T00:44:03Z
2026-09-09T00:30:01Z,2026-09-09T02:30:01+0200,d8602f09-a04f-4239-8b86-3e2426d15a39,2026-09-04T00:45:00Z,2026-09-04T02:45:00+0200,171.45,EUR/MWh,DK2,DK_2,imbalance_price,Short,2026-09-09T00:44:03Z
2026-09-09T00:30:01Z,2026-09-09T02:30:01+0200,d8602f09-a04f-4239-8b86-3e2426d15a39,2026-09-04T01:00:00Z,2026-09-04T03:00:00+0200,401.37,EUR/MWh,DK2,DK_2,imbalance_price,Long,2026-09-09T00:44:03Z
2026-09-09T00:30:01Z,2026-09-09T02:30:01+0200,d8602f09-a04f-4239-8b86-3e2426d15a39,2026-09-04T01:00:00Z,2026-09-04T03:00:00+0200,401.37,EUR/MWh,DK2,DK_2,imbalance_price,Short,2026-09-09T00:44:03Z
2026-09-09T00:30:01Z,2026-09-09T02:30:01+0200,d8602f09-a04f-4239-8b86-3e2426d15a39,2026-09-04T01:15:00Z,2026-09-04T03:15:00+0200,535.11,EUR/MWh,DK2,DK_2,imbalance_price,Long,2026-09-09T00:44:03Z
2026-09-09T00:30:01Z,2026-09-09T02:30:01+0200,d8602f09-a04f-4239-8b86-3e2426d15a39,2026-09-04T01:15:00Z,2026-09-04T03:15:00+0200,535.11,EUR/MWh,DK2,DK_2,imbalance_price,Short,2026-09-09T00:44:03Z
2026-09-09T00:30:01Z,2026-09-09T02:30:01+0200,d8602f09-a04f-4239-8b86-3e2426d15a39,2026-09-04T01:30:00Z,2026-09-04T03:30:00+0200,115.81,EUR/MWh,DK2,DK_2,imbalance_price,Long,2026-09-09T00:44:03Z
2026-09-09T00:30:01Z,2026-09-09T02:30:01+0200,d8602f09-a04f-4239-8b86-3e2426d15a39,2026-09-04T01:30:00Z,2026-09-04T03:30:00+0200,115.81,EUR/MWh,DK2,DK_2,imbalance_price,Short,2026-09-09T00:44:03Z
2026-09-09T00:30:01Z,2026-09-09T02:30:01+0200,d8602f09-a04f-4239-8b86-3e2426d15a39,2026-09-04T01:45:00Z,2026-09-04T03:45:00+0200,117.66,EUR/MWh,DK2,DK_2,imbalance_price,Long,2026-09-09T00:44:03Z
2026-09-09T00:30:01Z,2026-09-09T02:30:01+0200,d8602f09-a04f-4239-8b86-3e2426d15a39,2026-09-04T01:45:00Z,2026-09-04T03:45:00+0200,117.66,EUR/MWh,DK2,DK_2,imbalance_price,Short,2026-09-09T00:44:03Z
2026-09-09T00:30:01Z,2026-09-09T02:30:01+0200,d8602f09-a04f-4239-8b86-3e2426d15a39,2026-09-04T02:00:00Z,2026-09-04T04:00:00+0200,61.74,EUR/MWh,DK2,DK_2,imbalance_price,Long,2026-09-09T00:44:03Z
2026-09-09T00:30:01Z,2026-09-09T02:30:01+0200,d8602f09-a04f-4239-8b86-3e2426d15a39,2026-09-04T02:00:00Z,2026-09-04T04:00:00+0200,61.74,EUR/MWh,DK2,DK_2,imbalance_price,Short,2026-09-09T00:44:03Z
2026-09-09T00:30:01Z,2026-09-09T02:30:01+0200,d8602f09-a04f-4239-8b86-3e2426d15a39,2026-09-04T02:15:00Z,2026-09-04T04:15:00+0200,47.49,EUR/MWh,DK2,DK_2,imbalance_price,Long,2026-09-09T00:44:03Z
2026-09-09T00:30:01Z,2026-09-09T02:30:01+0200,d8602f09-a04f-4239-8b86-3e2426d15a39,2026-09-04T02:15:00Z,2026-09-04T04:15:00+0200,47.49,EUR/MWh,DK2,DK_2,imbalance_price,Short,2026-09-09T00:44:03Z
2026-09-09T00:30:01Z,2026-09-09T02:30:01+0200,d8602f09-a04f-4239-8b86-3e2426d15a39,2026-09-04T02:30:00Z,2026-09-04T04:30:00+0200,67.13,EUR/MWh,DK2,DK_2,imbalance_price,Long,2026-09-09T00:44:03Z
2026-09-09T00:30:01Z,2026-09-09T02:30:01+0200,d8602f09-a04f-4239-8b86-3e2426d15a39,2026-09-04T02:30:00Z,2026-09-04T04:30:00+0200,67.13,EUR/MWh,DK2,DK_2,imbalance_price,Short,2026-09-09T00:44:03Z
2026-09-09T00:30:01Z,2026-09-09T02:30:01+0200,d8602f09-a04f-4239-8b86-3e2426d15a39,2026-09-04T02:45:00Z,2026-09-04T04:45:00+0200,73.44,EUR/MWh,DK2,DK_2,imbalance_price,Long,2026-09-09T00:44:03Z
2026-09-09T00:30:01Z,2026-09-09T02:30:01+0200,d8602f09-a04f-4239-8b86-3e2426d15a39,2026-09-04T02:45:00Z,2026-09-04T04:45:00+0200,73.44,EUR/MWh,DK2,DK_2,imbalance_price,Short,2026-09-09T00:44:03Z
2026-09-09T00:30:01Z,2026-09-09T02:30:01+0200,d8602f09-a04f-4239-8b86-3e2426d15a39,2026-09-04T03:00:00Z,2026-09-04T05:00:00+0200,119.95,EUR/MWh,DK2,DK_2,imbalance_price,Long,2026-09-09T00:44:03Z
2026-09-09T00:30:01Z,2026-09-09T02:30:01+0200,d8602f09-a04f-4239-8b86-3e2426d15a39,2026-09-04T03:00:00Z,2026-09-04T05:00:00+0200,119.95,EUR/MWh,DK2,DK_2,imbalance_price,Short,2026-09-09T00:44:03Z
2026-09-09T00:30:01Z,2026-09-09T02:30:01+0200,d8602f09-a04f-4239-8b86-3e2426d15a39,2026-09-04T03:15:00Z,2026-09-04T05:15:00+0200,192.96,EUR/MWh,DK2,DK_2,imbalance_price,Long,2026-09-09T00:44:03Z
2026-09-09T00:30:01Z,2026-09-09T02:30:01+0200,d8602f09-a04f-4239-8b86-3e2426d15a39,2026-09-04T03:15:00Z,2026-09-04T05:15:00+0200,192.96,EUR/MWh,DK2,DK_2,imbalance_price,Short,2026-09-09T00:44:03Z
2026-09-09T00:30:01Z,2026-09-09T02:30:01+0200,d8602f09-a04f-4239-8b86-3e2426d15a39,2026-09-04T03:30:00Z,2026-09-04T05:30:00+0200,202.93,EUR/MWh,DK2,DK_2,imbalance_price,Long,2026-09-09T00:44:03Z
2026-09-09T00:30:01Z,2026-09-09T02:30:01+0200,d8602f09-a04f-4239-8b86-3e2426d15a39,2026-09-04T03:30:00Z,2026-09-04T05:30:00+0200,202.93,EUR/MWh,DK2,DK_2,imbalance_price,Short,2026-09-09T00:44:03Z
2026-09-09T00:30:01Z,2026-09-09T02:30:01+0200,d8602f09-a04f-4239-8b86-3e2426d15a39,2026-09-04T03:45:00Z,2026-09-04T05:45:00+0200,128.34,EUR/MWh,DK2,DK_2,imbalance_price,Long,2026-09-09T00:44:03Z
2026-09-09T00:30:01Z,2026-09-09T02:30:01+0200,d8602f09-a04f-4239-8b86-3e2426d15a39,2026-09-04T03:45:00Z,2026-09-04T05:45:00+0200,128.34,EUR/MWh,DK2,DK_2,imbalance_price,Short,2026-09-09T00:44:03Z
2026-09-09T00:30:01Z,2026-09-09T02:30:01+0200,d8602f09-a04f-4239-8b86-3e2426d15a39,2026-09-04T04:00:00Z,2026-09-04T06:00:00+0200,137.85,EUR/MWh,DK2,DK_2,imbalance_price,Long,2026-09-09T00:44:03Z
2026-09-09T00:30:01Z,2026-09-09T02:30:01+0200,d8602f09-a04f-4239-8b86-3e2426d15a39,2026-09-04T04:00:00Z,2026-09-04T06:00:00+0200,137.85,EUR/MWh,DK2,DK_2,imbalance_price,Short,2026-09-09T00:44:03Z
2026-09-09T00:30:01Z,2026-09-09T02:30:01+0200,d8602f09-a04f-4239-8b86-3e2426d15a39,2026-09-04T04:15:00Z,2026-09-04T06:15:00+0200,153.35,EUR/MWh,DK2,DK_2,imbalance_price,Long,2026-09-09T00:44:03Z
2026-09-09T00:30:01Z,2026-09-09T02:30:01+0200,d8602f09-a04f-4239-8b86-3e2426d15a39,2026-09-04T04:15:00Z,2026-09-04T06:15:00+0200,153.35,EUR/MWh,DK2,DK_2,imbalance_price,Short,2026-09-09T00:44:03Z
2026-09-09T00:30:01Z,2026-09-09T02:30:01+0200,d8602f09-a04f-4239-8b86-3e2426d15a39,2026-09-04T04:30:00Z,2026-09-04T06:30:00+0200,157.27,EUR/MWh,DK2,DK_2,imbalance_price,Long,2026-09-09T00:44:03Z
2026-09-09T00:30:01Z,2026-09-09T02:30:01+0200,d8602f09-a04f-4239-8b86-3e2426d15a39,2026-09-04T04:30:00Z,2026-09-04T06:30:00+0200,157.27,EUR/MWh,DK2,DK_2,imbalance_price,Short,2026-09-09T00:44:03Z
2026-09-09T00:30:01Z,2026-09-09T02:30:01+0200,d8602f09-a04f-4239-8b86-3e2426d15a39,2026-09-04T04:45:00Z,2026-09-04T06:45:00+0200,221.23,EUR/MWh,DK2,DK_2,imbalance_price,Long,2026-09-09T00:44:03Z
2026-09-09T00:30:01Z,2026-09-09T02:30:01+0200,d8602f09-a04f-4239-8b86-3e2426d15a39,2026-09-04T04:45:00Z,2026-09-04T06:45:00+0200,221.23,EUR/MWh,DK2,DK_2,imbalance_price,Short,2026-09-09T00:44:03Z
2026-09-09T00:30:01Z,2026-09-09T02:30:01+0200,d8602f09-a04f-4239-8b86-3e2426d15a39,2026-09-04T05:00:00Z,2026-09-04T07:00:00+0200,246.6,EUR/MWh,DK2,DK_2,imbalance_price,Long,2026-09-09T00:44:03Z
2026-09-09T00:30:01Z,2026-09-09T02:30:01+0200,d8602f09-a04f-4239-8b86-3e2426d15a39,2026-09-04T05:00:00Z,2026-09-04T07:00:00+0200,246.6,EUR/MWh,DK2,DK_2,imbalance_price,Short,2026-09-09T00:44:03Z
2026-09-09T00:30:01Z,2026-09-09T02:30:01+0200,d8602f09-a04f-4239-8b86-3e2426d15a39,2026-09-04T05:15:00Z,2026-09-04T07:15:00+0200,239.14,EUR/MWh,DK2,DK_2,imbalance_price,Long,2026-09-09T00:44:03Z
2026-09-09T00:30:01Z,2026-09-09T02:30:01+0200,d8602f09-a04f-4239-8b86-3e2426d15a39,2026-09-04T05:15:00Z,2026-09-04T07:15:00+0200,239.14,EUR/MWh,DK2,DK_2,imbalance_price,Short,2026-09-09T00:44:03Z
2026-09-09T00:30:01Z,2026-09-09T02:30:01+0200,d8602f09-a04f-4239-8b86-3e2426d15a39,2026-09-04T05:30:00Z,2026-09-04T07:30:00+0200,196.79,EUR/MWh,DK2,DK_2,imbalance_price,Long,2026-09-09T00:44:03Z
2026-09-09T00:30:01Z,2026-09-09T02:30:01+0200,d8602f09-a04f-4239-8b86-3e2426d15a39,2026-09-04T05:30:00Z,2026-09-04T07:30:00+0200,196.79,EUR/MWh,DK2,DK_2,imbalance_price,Short,2026-09-09T00:44:03Z
2026-09-09T00:30:01Z,2026-09-09T02:30:01+0200,d8602f09-a04f-4239-8b86-3e2426d15a39,2026-09-04T05:45:00Z,2026-09-04T07:45:00+0200,202.56,EUR/MWh,DK2,DK_2,imbalance_price,Long,2026-09-09T00:44:03Z
2026-09-09T00:30:01Z,2026-09-09T02:30:01+0200,d8602f09-a04f-4239-8b86-3e2426d15a39,2026-09-04T05:45:00Z,2026-09-04T07:45:00+0200,202.56,EUR/MWh,DK2,DK_2,imbalance_price,Short,2026-09-09T00:44:03Z
2026-09-09T00:30:01Z,2026-09-09T02:30:01+0200,d8602f09-a04f-4239-8b86-3e2426d15a39,2026-09-04T06:00:00Z,2026-09-04T08:00:00+0200,166.06,EUR/MWh,DK2,DK_2,imbalance_price,Long,2026-09-09T00:44:03Z
2026-09-09T00:30:01Z,2026-09-09T02:30:01+0200,d8602f09-a04f-4239-8b86-3e2426d15a39,2026-09-04T06:00:00Z,2026-09-04T08:00:00+0200,166.06,EUR/MWh,DK2,DK_2,imbalance_price,Short,2026-09-09T00:44:03Z
2026-09-09T00:30:01Z,2026-09-09T02:30:01+0200,d8602f09-a04f-4239-8b86-3e2426d15a39,2026-09-04T06:15:00Z,2026-09-04T08:15:00+0200,163.93,EUR/MWh,DK2,DK_2,imbalance_price,Long,2026-09-09T00:44:03Z
2026-09-09T00:30:01Z,2026-09-09T02:30:01+0200,d8602f09-a04f-4239-8b86-3e2426d15a39,2026-09-04T06:15:00Z,2026-09-04T08:15:00+0200,163.93,EUR/MWh,DK2,DK_2,imbalance_price,Short,2026-09-09T00:44:03Z
2026-09-09T00:30:01Z,2026-09-09T02:30:01+0200,d8602f09-a04f-4239-8b86-3e2426d15a39,2026-09-04T06:30:00Z,2026-09-04T08:30:00+0200,50.0,EUR/MWh,DK2,DK_2,imbalance_price,Long,2026-09-09T00:44:03Z
2026-09-09T00:30:01Z,2026-09-09T02:30:01+0200,d8602f09-a04f-4239-8b86-3e2426d15a39,2026-09-04T06:30:00Z,2026-09-04T08:30:00+0200,50.0,EUR/MWh,DK2,DK_2,imbalance_price,Short,2026-09-09T00:44:03Z
2026-09-09T00:30:01Z,2026-09-09T02:30:01+0200,d8602f09-a04f-4239-8b86-3e2426d15a39,2026-09-04T06:45:00Z,2026-09-04T08:45:00+0200,148.24,EUR/MWh,DK2,DK_2,imbalance_price,Long,2026-09-09T00:44:03Z
2026-09-09T00:30:01Z,2026-09-09T02:30:01+0200,d8602f09-a04f-4239-8b86-3e2426d15a39,2026-09-04T06:45:00Z,2026-09-04T08:45:00+0200,148.24,EUR/MWh,DK2,DK_2,imbalance_price,Short,2026-09-09T00:44:03Z
2026-09-09T00:30:01Z,2026-09-09T02:30:01+0200,d8602f09-a04f-4239-8b86-3e2426d15a39,2026-09-04T07:00:00Z,2026-09-04T09:00:00+0200,86.59,EUR/MWh,DK2,DK_2,imbalance_price,Long,2026-09-09T00:44:03Z
2026-09-09T00:30:01Z,2026-09-09T02:30:01+0200,d8602f09-a04f-4239-8b86-3e2426d15a39,2026-09-04T07:00:00Z,2026-09-04T09:00:00+0200,86.59,EUR/MWh,DK2,DK_2,imbalance_price,Short,2026-09-09T00:44:03Z
2026-09-09T00:30:01Z,2026-09-09T02:30:01+0200,d8602f09-a04f-4239-8b86-3e2426d15a39,2026-09-04T07:15:00Z,2026-09-04T09:15:00+0200,20.0,EUR/MWh,DK2,DK_2,imbalance_price,Long,2026-09-09T00:44:03Z
2026-09-09T00:30:01Z,2026-09-09T02:30:01+0200,d8602f09-a04f-4239-8b86-3e2426d15a39,2026-09-04T07:15:00Z,2026-09-04T09:15:00+0200,20.0,EUR/MWh,DK2,DK_2,imbalance_price,Short,2026-09-09T00:44:03Z
2026-09-09T00:30:01Z,2026-09-09T02:30:01+0200,d8602f09-a04f-4239-8b86-3e2426d15a39,2026-09-04T07:30:00Z,2026-09-04T09:30:00+0200,25.5,EUR/MWh,DK2,DK_2,imbalance_price,Long,2026-09-09T00:44:03Z
2026-09-09T00:30:01Z,2026-09-09T02:30:01+0200,d8602f09-a04f-4239-8b86-3e2426d15a39,2026-09-04T07:30:00Z,2026-09-04T09:30:00+0200,25.5,EUR/MWh,DK2,DK_2,imbalance_price,Short,2026-09-09T00:44:03Z
2026-09-09T00:30:01Z,2026-09-09T02:30:01+0200,d8602f09-a04f-4239-8b86-3e2426d15a39,2026-09-04T07:45:00Z,2026-09-04T09:45:00+0200,50.0,EUR/MWh,DK2,DK_2,imbalance_price,Long,2026-09-09T00:44:03Z
2026-09-09T00:30:01Z,2026-09-09T02:30:01+0200,d8602f09-a04f-4239-8b86-3e2426d15a39,2026-09-04T07:45:00Z,2026-09-04T09:45:00+0200,50.0,EUR/MWh,DK2,DK_2,imbalance_price,Short,2026-09-09T00:44:03Z
2026-09-09T00:30:01Z,2026-09-09T02:30:01+0200,d8602f09-a04f-4239-8b86-3e2426d15a39,2026-09-04T08:00:00Z,2026-09-04T10:00:00+0200,118.48,EUR/MWh,DK2,DK_2,imbalance_price,Long,2026-09-09T00:44:03Z
2026-09-09T00:30:01Z,2026-09-09T02:30:01+0200,d8602f09-a04f-4239-8b86-3e2426d15a39,2026-09-04T08:00:00Z,2026-09-04T10:00:00+0200,118.48,EUR/MWh,DK2,DK_2,imbalance_price,Short,2026-09-09T00:44:03Z
2026-09-09T00:30:01Z,2026-09-09T02:30:01+0200,d8602f09-a04f-4239-8b86-3e2426d15a39,2026-09-04T08:15:00Z,2026-09-04T10:15:00+0200,214.44,EUR/MWh,DK2,DK_2,imbalance_price,Long,2026-09-09T00:44:03Z
2026-09-09T00:30:01Z,2026-09-09T02:30:01+0200,d8602f09-a04f-4239-8b86-3e2426d15a39,2026-09-04T08:15:00Z,2026-09-04T10:15:00+0200,214.44,EUR/MWh,DK2,DK_2,imbalance_price,Short,2026-09-09T00:44:03Z
2026-09-09T00:30:01Z,2026-09-09T02:30:01+0200,d8602f09-a04f-4239-8b86-3e2426d15a39,2026-09-04T08:30:00Z,2026-09-04T10:30:00+0200,109.17,EUR/MWh,DK2,DK_2,imbalance_price,Long,2026-09-09T00:44:03Z
2026-09-09T00:30:01Z,2026-09-09T02:30:01+0200,d8602f09-a04f-4239-8b86-3e2426d15a39,2026-09-04T08:30:00Z,2026-09-04T10:30:00+0200,109.17,EUR/MWh,DK2,DK_2,imbalance_price,Short,2026-09-09T00:44:03Z
2026-09-09T00:30:01Z,2026-09-09T02:30:01+0200,d8602f09-a04f-4239-8b86-3e2426d15a39,2026-09-04T08:45:00Z,2026-09-04T10:45:00+0200,48.75,EUR/MWh,DK2,DK_2,imbalance_price,Long,2026-09-09T00:44:03Z
2026-09-09T00:30:01Z,2026-09-09T02:30:01+0200,d8602f09-a04f-4239-8b86-3e2426d15a39,2026-09-04T08:45:00Z,2026-09-04T10:45:00+0200,48.75,EUR/MWh,DK2,DK_2,imbalance_price,Short,2026-09-09T00:44:03Z
2026-09-09T00:30:01Z,2026-09-09T02:30:01+0200,d8602f09-a04f-4239-8b86-3e2426d15a39,2026-09-04T09:00:00Z,2026-09-04T11:00:00+0200,52.86,EUR/MWh,DK2,DK_2,imbalance_price,Long,2026-09-09T00:44:03Z
2026-09-09T00:30:01Z,2026-09-09T02:30:01+0200,d8602f09-a04f-4239-8b86-3e2426d15a39,2026-09-04T09:00:00Z,2026-09-04T11:00:00+0200,52.86,EUR/MWh,DK2,DK_2,imbalance_price,Short,2026-09-09T00:44:03Z
2026-09-09T00:30:01Z,2026-09-09T02:30:01+0200,d8602f09-a04f-4239-8b86-3e2426d15a39,2026-09-04T09:15:00Z,2026-09-04T11:15:00+0200,39.55,EUR/MWh,DK2,DK_2,imbalance_price,Long,2026-09-09T00:44:03Z
2026-09-09T00:30:01Z,2026-09-09T02:30:01+0200,d8602f09-a04f-4239-8b86-3e2426d15a39,2026-09-04T09:15:00Z,2026-09-04T11:15:00+0200,39.55,EUR/MWh,DK2,DK_2,imbalance_price,Short,2026-09-09T00:44:03Z
2026-09-09T00:30:01Z,2026-09-09T02:30:01+0200,d8602f09-a04f-4239-8b86-3e2426d15a39,2026-09-04T09:30:00Z,2026-09-04T11:30:00+0200,72.2,EUR/MWh,DK2,DK_2,imbalance_price,Long,2026-09-09T00:44:03Z
2026-09-09T00:30:01Z,2026-09-09T02:30:01+0200,d8602f09-a04f-4239-8b86-3e2426d15a39,2026-09-04T09:30:00Z,2026-09-04T11:30:00+0200,72.2,EUR/MWh,DK2,DK_2,imbalance_price,Short,2026-09-09T00:44:03Z
2026-09-09T00:30:01Z,2026-09-09T02:30:01+0200,d8602f09-a04f-4239-8b86-3e2426d15a39,2026-09-04T09:45:00Z,2026-09-04T11:45:00+0200,64.7,EUR/MWh,DK2,DK_2,imbalance_price,Long,2026-09-09T00:44:03Z
2026-09-09T00:30:01Z,2026-09-09T02:30:01+0200,d8602f09-a04f-4239-8b86-3e2426d15a39,2026-09-04T09:45:00Z,2026-09-04T11:45:00+0200,64.7,EUR/MWh,DK2,DK_2,imbalance_price,Short,2026-09-09T00:44:03Z
2026-09-09T00:30:01Z,2026-09-09T02:30:01+0200,d8602f09-a04f-4239-8b86-3e2426d15a39,2026-09-04T10:00:00Z,2026-09-04T12:00:00+0200,292.51,EUR/MWh,DK2,DK_2,imbalance_price,Long,2026-09-09T00:44:03Z
2026-09-09T00:30:01Z,2026-09-09T02:30:01+0200,d8602f09-a04f-4239-8b86-3e2426d15a39,2026-09-04T10:00:00Z,2026-09-04T12:00:00+0200,292.51,EUR/MWh,DK2,DK_2,imbalance_price,Short,2026-09-09T00:44:03Z
2026-09-09T00:30:01Z,2026-09-09T02:30:01+0200,d8602f09-a04f-4239-8b86-3e2426d15a39,2026-09-04T10:15:00Z,2026-09-04T12:15:00+0200,616.0,EUR/MWh,DK2,DK_2,imbalance_price,Long,2026-09-09T00:44:03Z
2026-09-09T00:30:01Z,2026-09-09T02:30:01+0200,d8602f09-a04f-4239-8b86-3e2426d15a39,2026-09-04T10:15:00Z,2026-09-04T12:15:00+0200,616.0,EUR/MWh,DK2,DK_2,imbalance_price,Short,2026-09-09T00:44:03Z
2026-09-09T00:30:01Z,2026-09-09T02:30:01+0200,d8602f09-a04f-4239-8b86-3e2426d15a39,2026-09-04T10:30:00Z,2026-09-04T12:30:00+0200,58.44,EUR/MWh,DK2,DK_2,imbalance_price,Long,2026-09-09T00:44:03Z
2026-09-09T00:30:01Z,2026-09-09T02:30:01+0200,d8602f09-a04f-4239-8b86-3e2426d15a39,2026-09-04T10:30:00Z,2026-09-04T12:30:00+0200,58.44,EUR/MWh,DK2,DK_2,imbalance_price,Short,2026-09-09T00:44:03Z
2026-09-09T00:30:01Z,2026-09-09T02:30:01+0200,d8602f09-a04f-4239-8b86-3e2426d15a39,2026-09-04T10:45:00Z,2026-09-04T12:45:00+0200,802.8,EUR/MWh,DK2,DK_2,imbalance_price,Long,2026-09-09T00:44:03Z
2026-09-09T00:30:01Z,2026-09-09T02:30:01+0200,d8602f09-a04f-4239-8b86-3e2426d15a39,2026-09-04T10:45:00Z,2026-09-04T12:45:00+0200,802.8,EUR/MWh,DK2,DK_2,imbalance_price,Short,2026-09-09T00:44:03Z
2026-09-09T00:30:01Z,2026-09-09T02:30:01+0200,d8602f09-a04f-4239-8b86-3e2426d15a39,2026-09-04T11:00:00Z,2026-09-04T13:00:00+0200,832.8,EUR/MWh,DK2,DK_2,imbalance_price,Long,2026-09-09T00:44:03Z
2026-09-09T00:30:01Z,2026-09-09T02:30:01+0200,d8602f09-a04f-4239-8b86-3e2426d15a39,2026-09-04T11:00:00Z,2026-09-04T13:00:00+0200,832.8,EUR/MWh,DK2,DK_2,imbalance_price,Short,2026-09-09T00:44:03Z
2026-09-09T00:30:01Z,2026-09-09T02:30:01+0200,d8602f09-a04f-4239-8b86-3e2426d15a39,2026-09-04T11:15:00Z,2026-09-04T13:15:00+0200,55.09,EUR/MWh,DK2,DK_2,imbalance_price,Long,2026-09-09T00:44:03Z
2026-09-09T00:30:01Z,2026-09-09T02:30:01+0200,d8602f09-a04f-4239-8b86-3e2426d15a39,2026-09-04T11:15:00Z,2026-09-04T13:15:00+0200,55.09,EUR/MWh,DK2,DK_2,imbalance_price,Short,2026-09-09T00:44:03Z
2026-09-09T00:30:01Z,2026-09-09T02:30:01+0200,d8602f09-a04f-4239-8b86-3e2426d15a39,2026-09-04T11:30:00Z,2026-09-04T13:30:00+0200,546.45,EUR/MWh,DK2,DK_2,imbalance_price,Long,2026-09-09T00:44:03Z
2026-09-09T00:30:01Z,2026-09-09T02:30:01+0200,d8602f09-a04f-4239-8b86-3e2426d15a39,2026-09-04T11:30:00Z,2026-09-04T13:30:00+0200,546.45,EUR/MWh,DK2,DK_2,imbalance_price,Short,2026-09-09T00:44:03Z
2026-09-09T00:30:01Z,2026-09-09T02:30:01+0200,d8602f09-a04f-4239-8b86-3e2426d15a39,2026-09-04T11:45:00Z,2026-09-04T13:45:00+0200,44.27,EUR/MWh,DK2,DK_2,imbalance_price,Long,2026-09-09T00:44:03Z
2026-09-09T00:30:01Z,2026-09-09T02:30:01+0200,d8602f09-a04f-4239-8b86-3e2426d15a39,2026-09-04T11:45:00Z,2026-09-04T13:45:00+0200,44.27,EUR/MWh,DK2,DK_2,imbalance_price,Short,2026-09-09T00:44:03Z
2026-09-09T00:30:01Z,2026-09-09T02:30:01+0200,d8602f09-a04f-4239-8b86-3e2426d15a39,2026-09-04T12:00:00Z,2026-09-04T14:00:00+0200,55.97,EUR/MWh,DK2,DK_2,imbalance_price,Long,2026-09-09T00:44:03Z
2026-09-09T00:30:01Z,2026-09-09T02:30:01+0200,d8602f09-a04f-4239-8b86-3e2426d15a39,2026-09-04T12:00:00Z,2026-09-04T14:00:00+0200,55.97,EUR/MWh,DK2,DK_2,imbalance_price,Short,2026-09-09T00:44:03Z
2026-09-09T00:30:01Z,2026-09-09T02:30:01+0200,d8602f09-a04f-4239-8b86-3e2426d15a39,2026-09-04T12:15:00Z,2026-09-04T14:15:00+0200,51.32,EUR/MWh,DK2,DK_2,imbalance_price,Long,2026-09-09T00:44:03Z
2026-09-09T00:30:01Z,2026-09-09T02:30:01+0200,d8602f09-a04f-4239-8b86-3e2426d15a39,2026-09-04T12:15:00Z,2026-09-04T14:15:00+0200,51.32,EUR/MWh,DK2,DK_2,imbalance_price,Short,2026-09-09T00:44:03Z
2026-09-09T00:30:01Z,2026-09-09T02:30:01+0200,d8602f09-a04f-4239-8b86-3e2426d15a39,2026-09-04T12:30:00Z,2026-09-04T14:30:00+0200,51.47,EUR/MWh,DK2,DK_2,imbalance_price,Long,2026-09-09T00:44:03Z
2026-09-09T00:30:01Z,2026-09-09T02:30:01+0200,d8602f09-a04f-4239-8b86-3e2426d15a39,2026-09-04T12:30:00Z,2026-09-04T14:30:00+0200,51.47,EUR/MWh,DK2,DK_2,imbalance_price,Short,2026-09-09T00:44:03Z
2026-09-09T00:30:01Z,2026-09-09T02:30:01+0200,d8602f09-a04f-4239-8b86-3e2426d15a39,2026-09-04T12:45:00Z,2026-09-04T14:45:00+0200,32.58,EUR/MWh,DK2,DK_2,imbalance_price,Long,2026-09-09T00:44:03Z
2026-09-09T00:30:01Z,2026-09-09T02:30:01+0200,d8602f09-a04f-4239-8b86-3e2426d15a39,2026-09-04T12:45:00Z,2026-09-04T14:45:00+0200,32.58,EUR/MWh,DK2,DK_2,imbalance_price,Short,2026-09-09T00:44:03Z
2026-09-09T00:30:01Z,2026-09-09T02:30:01+0200,d8602f09-a04f-4239-8b86-3e2426d15a39,2026-09-04T13:00:00Z,2026-09-04T15:00:00+0200,42.26,EUR/MWh,DK2,DK_2,imbalance_price,Long,2026-09-09T00:44:03Z
2026-09-09T00:30:01Z,2026-09-09T02:30:01+0200,d8602f09-a04f-4239-8b86-3e2426d15a39,2026-09-04T13:00:00Z,2026-09-04T15:00:00+0200,42.26,EUR/MWh,DK2,DK_2,imbalance_price,Short,2026-09-09T00:44:03Z
2026-09-09T00:30:01Z,2026-09-09T02:30:01+0200,d8602f09-a04f-4239-8b86-3e2426d15a39,2026-09-04T13:15:00Z,2026-09-04T15:15:00+0200,32.9,EUR/MWh,DK2,DK_2,imbalance_price,Long,2026-09-09T00:44:03Z
2026-09-09T00:30:01Z,2026-09-09T02:30:01+0200,d8602f09-a04f-4239-8b86-3e2426d15a39,2026-09-04T13:15:00Z,2026-09-04T15:15:00+0200,32.9,EUR/MWh,DK2,DK_2,imbalance_price,Short,2026-09-09T00:44:03Z
2026-09-09T00:30:01Z,2026-09-09T02:30:01+0200,d8602f09-a04f-4239-8b86-3e2426d15a39,2026-09-04T13:30:00Z,2026-09-04T15:30:00+0200,28.59,EUR/MWh,DK2,DK_2,imbalance_price,Long,2026-09-09T00:44:03Z
2026-09-09T00:30:01Z,2026-09-09T02:30:01+0200,d8602f09-a04f-4239-8b86-3e2426d15a39,2026-09-04T13:30:00Z,2026-09-04T15:30:00+0200,28.59,EUR/MWh,DK2,DK_2,imbalance_price,Short,2026-09-09T00:44:03Z
2026-09-09T00:30:01Z,2026-09-09T02:30:01+0200,d8602f09-a04f-4239-8b86-3e2426d15a39,2026-09-04T13:45:00Z,2026-09-04T15:45:00+0200,-7.09,EUR/MWh,DK2,DK_2,imbalance_price,Long,2026-09-09T00:44:03Z
2026-09-09T00:30:01Z,2026-09-09T02:30:01+0200,d8602f09-a04f-4239-8b86-3e2426d15a39,2026-09-04T13:45:00Z,2026-09-04T15:45:00+0200,-7.09,EUR/MWh,DK2,DK_2,imbalance_price,Short,2026-09-09T00:44:03Z
2026-09-09T00:30:01Z,2026-09-09T02:30:01+0200,d8602f09-a04f-4239-8b86-3e2426d15a39,2026-09-04T14:00:00Z,2026-09-04T16:00:00+0200,1.26,EUR/MWh,DK2,DK_2,imbalance_price,Long,2026-09-09T00:44:03Z
2026-09-09T00:30:01Z,2026-09-09T02:30:01+0200,d8602f09-a04f-4239-8b86-3e2426d15a39,2026-09-04T14:00:00Z,2026-09-04T16:00:00+0200,1.26,EUR/MWh,DK2,DK_2,imbalance_price,Short,2026-09-09T00:44:03Z
2026-09-09T00:30:01Z,2026-09-09T02:30:01+0200,d8602f09-a04f-4239-8b86-3e2426d15a39,2026-09-04T14:15:00Z,2026-09-04T16:15:00+0200,59.99,EUR/MWh,DK2,DK_2,imbalance_price,Long,2026-09-09T00:44:03Z
2026-09-09T00:30:01Z,2026-09-09T02:30:01+0200,d8602f09-a04f-4239-8b86-3e2426d15a39,2026-09-04T14:15:00Z,2026-09-04T16:15:00+0200,59.99,EUR/MWh,DK2,DK_2,imbalance_price,Short,2026-09-09T00:44:03Z
2026-09-09T00:30:01Z,2026-09-09T02:30:01+0200,d8602f09-a04f-4239-8b86-3e2426d15a39,2026-09-04T14:30:00Z,2026-09-04T16:30:00+0200,52.5,EUR/MWh,DK2,DK_2,imbalance_price,Long,2026-09-09T00:44:03Z
2026-09-09T00:30:01Z,2026-09-09T02:30:01+0200,d8602f09-a04f-4239-8b86-3e2426d15a39,2026-09-04T14:30:00Z,2026-09-04T16:30:00+0200,52.5,EUR/MWh,DK2,DK_2,imbalance_price,Short,2026-09-09T00:44:03Z
2026-09-09T00:30:01Z,2026-09-09T02:30:01+0200,d8602f09-a04f-4239-8b86-3e2426d15a39,2026-09-04T14:45:00Z,2026-09-04T16:45:00+0200,53.31,EUR/MWh,DK2,DK_2,imbalance_price,Long,2026-09-09T00:44:03Z
2026-09-09T00:30:01Z,2026-09-09T02:30:01+0200,d8602f09-a04f-4239-8b86-3e2426d15a39,2026-09-04T14:45:00Z,2026-09-04T16:45:00+0200,53.31,EUR/MWh,DK2,DK_2,imbalance_price,Short,2026-09-09T00:44:03Z
2026-09-09T00:30:01Z,2026-09-09T02:30:01+0200,d8602f09-a04f-4239-8b86-3e2426d15a39,2026-09-04T15:00:00Z,2026-09-04T17:00:00+0200,258.63,EUR/MWh,DK2,DK_2,imbalance_price,Long,2026-09-09T00:44:03Z
2026-09-09T00:30:01Z,2026-09-09T02:30:01+0200,d8602f09-a04f-4239-8b86-3e2426d15a39,2026-09-04T15:00:00Z,2026-09-04T17:00:00+0200,258.63,EUR/MWh,DK2,DK_2,imbalance_price,Short,2026-09-09T00:44:03Z
2026-09-09T00:30:01Z,2026-09-09T02:30:01+0200,d8602f09-a04f-4239-8b86-3e2426d15a39,2026-09-04T15:15:00Z,2026-09-04T17:15:00+0200,190.76,EUR/MWh,DK2,DK_2,imbalance_price,Long,2026-09-09T00:44:03Z
2026-09-09T00:30:01Z,2026-09-09T02:30:01+0200,d8602f09-a04f-4239-8b86-3e2426d15a39,2026-09-04T15:15:00Z,2026-09-04T17:15:00+0200,190.76,EUR/MWh,DK2,DK_2,imbalance_price,Short,2026-09-09T00:44:03Z
2026-09-09T00:30:01Z,2026-09-09T02:30:01+0200,d8602f09-a04f-4239-8b86-3e2426d15a39,2026-09-04T15:30:00Z,2026-09-04T17:30:00+0200,74.84,EUR/MWh,DK2,DK_2,imbalance_price,Long,2026-09-09T00:44:03Z
2026-09-09T00:30:01Z,2026-09-09T02:30:01+0200,d8602f09-a04f-4239-8b86-3e2426d15a39,2026-09-04T15:30:00Z,2026-09-04T17:30:00+0200,74.84,EUR/MWh,DK2,DK_2,imbalance_price,Short,2026-09-09T00:44:03Z
2026-09-09T00:30:01Z,2026-09-09T02:30:01+0200,d8602f09-a04f-4239-8b86-3e2426d15a39,2026-09-04T15:45:00Z,2026-09-04T17:45:00+0200,94.14,EUR/MWh,DK2,DK_2,imbalance_price,Long,2026-09-09T00:44:03Z
2026-09-09T00:30:01Z,2026-09-09T02:30:01+0200,d8602f09-a04f-4239-8b86-3e2426d15a39,2026-09-04T15:45:00Z,2026-09-04T17:45:00+0200,94.14,EUR/MWh,DK2,DK_2,imbalance_price,Short,2026-09-09T00:44:03Z
2026-09-09T00:30:01Z,2026-09-09T02:30:01+0200,d8602f09-a04f-4239-8b86-3e2426d15a39,2026-09-04T16:00:00Z,2026-09-04T18:00:00+0200,401.97,EUR/MWh,DK2,DK_2,imbalance_price,Long,2026-09-09T00:44:03Z
2026-09-09T00:30:01Z,2026-09-09T02:30:01+0200,d8602f09-a04f-4239-8b86-3e2426d15a39,2026-09-04T16:00:00Z,2026-09-04T18:00:00+0200,401.97,EUR/MWh,DK2,DK_2,imbalance_price,Short,2026-09-09T00:44:03Z
2026-09-09T00:30:01Z,2026-09-09T02:30:01+0200,d8602f09-a04f-4239-8b86-3e2426d15a39,2026-09-04T16:15:00Z,2026-09-04T18:15:00+0200,240.84,EUR/MWh,DK2,DK_2,imbalance_price,Long,2026-09-09T00:44:03Z
2026-09-09T00:30:01Z,2026-09-09T02:30:01+0200,d8602f09-a04f-4239-8b86-3e2426d15a39,2026-09-04T16:15:00Z,2026-09-04T18:15:00+0200,240.84,EUR/MWh,DK2,DK_2,imbalance_price,Short,2026-09-09T00:44:03Z
2026-09-09T00:30:01Z,2026-09-09T02:30:01+0200,d8602f09-a04f-4239-8b86-3e2426d15a39,2026-09-04T16:30:00Z,2026-09-04T18:30:00+0200,216.69,EUR/MWh,DK2,DK_2,imbalance_price,Long,2026-09-09T00:44:03Z
2026-09-09T00:30:01Z,2026-09-09T02:30:01+0200,d8602f09-a04f-4239-8b86-3e2426d15a39,2026-09-04T16:30:00Z,2026-09-04T18:30:00+0200,216.69,EUR/MWh,DK2,DK_2,imbalance_price,Short,2026-09-09T00:44:03Z
2026-09-09T00:30:01Z,2026-09-09T02:30:01+0200,d8602f09-a04f-4239-8b86-3e2426d15a39,2026-09-04T16:45:00Z,2026-09-04T18:45:00+0200,188.82,EUR/MWh,DK2,DK_2,imbalance_price,Long,2026-09-09T00:44:03Z
2026-09-09T00:30:01Z,2026-09-09T02:30:01+0200,d8602f09-a04f-4239-8b86-3e2426d15a39,2026-09-04T16:45:00Z,2026-09-04T18:45:00+0200,188.82,EUR/MWh,DK2,DK_2,imbalance_price,Short,2026-09-09T00:44:03Z
2026-09-09T00:30:01Z,2026-09-09T02:30:01+0200,d8602f09-a04f-4239-8b86-3e2426d15a39,2026-09-04T17:00:00Z,2026-09-04T19:00:00+0200,128.82,EUR/MWh,DK2,DK_2,imbalance_price,Long,2026-09-09T00:44:03Z
2026-09-09T00:30:01Z,2026-09-09T02:30:01+0200,d8602f09-a04f-4239-8b86-3e2426d15a39,2026-09-04T17:00:00Z,2026-09-04T19:00:00+0200,128.82,EUR/MWh,DK2,DK_2,imbalance_price,Short,2026-09-09T00:44:03Z
2026-09-09T00:30:01Z,2026-09-09T02:30:01+0200,d8602f09-a04f-4239-8b86-3e2426d15a39,2026-09-04T17:15:00Z,2026-09-04T19:15:00+0200,132.13,EUR/MWh,DK2,DK_2,imbalance_price,Long,2026-09-09T00:44:03Z
2026-09-09T00:30:01Z,2026-09-09T02:30:01+0200,d8602f09-a04f-4239-8b86-3e2426d15a39,2026-09-04T17:15:00Z,2026-09-04T19:15:00+0200,132.13,EUR/MWh,DK2,DK_2,imbalance_price,Short,2026-09-09T00:44:03Z
2026-09-09T00:30:01Z,2026-09-09T02:30:01+0200,d8602f09-a04f-4239-8b86-3e2426d15a39,2026-09-04T17:30:00Z,2026-09-04T19:30:00+0200,156.34,EUR/MWh,DK2,DK_2,imbalance_price,Long,2026-09-09T00:44:03Z
2026-09-09T00:30:01Z,2026-09-09T02:30:01+0200,d8602f09-a04f-4239-8b86-3e2426d15a39,2026-09-04T17:30:00Z,2026-09-04T19:30:00+0200,156.34,EUR/MWh,DK2,DK_2,imbalance_price,Short,2026-09-09T00:44:03Z
2026-09-09T00:30:01Z,2026-09-09T02:30:01+0200,d8602f09-a04f-4239-8b86-3e2426d15a39,2026-09-04T17:45:00Z,2026-09-04T19:45:00+0200,134.86,EUR/MWh,DK2,DK_2,imbalance_price,Long,2026-09-09T00:44:03Z
2026-09-09T00:30:01Z,2026-09-09T02:30:01+0200,d8602f09-a04f-4239-8b86-3e2426d15a39,2026-09-04T17:45:00Z,2026-09-04T19:45:00+0200,134.86,EUR/MWh,DK2,DK_2,imbalance_price,Short,2026-09-09T00:44:03Z
2026-09-09T00:30:01Z,2026-09-09T02:30:01+0200,d8602f09-a04f-4239-8b86-3e2426d15a39,2026-09-04T18:00:00Z,2026-09-04T20:00:00+0200,134.97,EUR/MWh,DK2,DK_2,imbalance_price,Long,2026-09-09T00:44:03Z
2026-09-09T00:30:01Z,2026-09-09T02:30:01+0200,d8602f09-a04f-4239-8b86-3e2426d15a39,2026-09-04T18:00:00Z,2026-09-04T20:00:00+0200,134.97,EUR/MWh,DK2,DK_2,imbalance_price,Short,2026-09-09T00:44:03Z
2026-09-09T00:30:01Z,2026-09-09T02:30:01+0200,d8602f09-a04f-4239-8b86-3e2426d15a39,2026-09-04T18:15:00Z,2026-09-04T20:15:00+0200,131.47,EUR/MWh,DK2,DK_2,imbalance_price,Long,2026-09-09T00:44:03Z
2026-09-09T00:30:01Z,2026-09-09T02:30:01+0200,d8602f09-a04f-4239-8b86-3e2426d15a39,2026-09-04T18:15:00Z,2026-09-04T20:15:00+0200,131.47,EUR/MWh,DK2,DK_2,imbalance_price,Short,2026-09-09T00:44:03Z
2026-09-09T00:30:01Z,2026-09-09T02:30:01+0200,d8602f09-a04f-4239-8b86-3e2426d15a39,2026-09-04T18:30:00Z,2026-09-04T20:30:00+0200,126.67,EUR/MWh,DK2,DK_2,imbalance_price,Long,2026-09-09T00:44:03Z
2026-09-09T00:30:01Z,2026-09-09T02:30:01+0200,d8602f09-a04f-4239-8b86-3e2426d15a39,2026-09-04T18:30:00Z,2026-09-04T20:30:00+0200,126.67,EUR/MWh,DK2,DK_2,imbalance_price,Short,2026-09-09T00:44:03Z
2026-09-09T00:30:01Z,2026-09-09T02:30:01+0200,d8602f09-a04f-4239-8b86-3e2426d15a39,2026-09-04T18:45:00Z,2026-09-04T20:45:00+0200,3.68,EUR/MWh,DK2,DK_2,imbalance_price,Long,2026-09-09T00:44:03Z
2026-09-09T00:30:01Z,2026-09-09T02:30:01+0200,d8602f09-a04f-4239-8b86-3e2426d15a39,2026-09-04T18:45:00Z,2026-09-04T20:45:00+0200,3.68,EUR/MWh,DK2,DK_2,imbalance_price,Short,2026-09-09T00:44:03Z
2026-09-09T00:30:01Z,2026-09-09T02:30:01+0200,d8602f09-a04f-4239-8b86-3e2426d15a39,2026-09-04T19:00:00Z,2026-09-04T21:00:00+0200,67.54,EUR/MWh,DK2,DK_2,imbalance_price,Long,2026-09-09T00:44:03Z
2026-09-09T00:30:01Z,2026-09-09T02:30:01+0200,d8602f09-a04f-4239-8b86-3e2426d15a39,2026-09-04T19:00:00Z,2026-09-04T21:00:00+0200,67.54,EUR/MWh,DK2,DK_2,imbalance_price,Short,2026-09-09T00:44:03Z
2026-09-09T00:30:01Z,2026-09-09T02:30:01+0200,d8602f09-a04f-4239-8b86-3e2426d15a39,2026-09-04T19:15:00Z,2026-09-04T21:15:00+0200,46.53,EUR/MWh,DK2,DK_2,imbalance_price,Long,2026-09-09T00:44:03Z
2026-09-09T00:30:01Z,2026-09-09T02:30:01+0200,d8602f09-a04f-4239-8b86-3e2426d15a39,2026-09-04T19:15:00Z,2026-09-04T21:15:00+0200,46.53,EUR/MWh,DK2,DK_2,imbalance_price,Short,2026-09-09T00:44:03Z
2026-09-09T00:30:01Z,2026-09-09T02:30:01+0200,d8602f09-a04f-4239-8b86-3e2426d15a39,2026-09-04T19:30:00Z,2026-09-04T21:30:00+0200,43.54,EUR/MWh,DK2,DK_2,imbalance_price,Long,2026-09-09T00:44:03Z
2026-09-09T00:30:01Z,2026-09-09T02:30:01+0200,d8602f09-a04f-4239-8b86-3e2426d15a39,2026-09-04T19:30:00Z,2026-09-04T21:30:00+0200,43.54,EUR/MWh,DK2,DK_2,imbalance_price,Short,2026-09-09T00:44:03Z
2026-09-09T00:30:01Z,2026-09-09T02:30:01+0200,d8602f09-a04f-4239-8b86-3e2426d15a39,2026-09-04T19:45:00Z,2026-09-04T21:45:00+0200,112.46,EUR/MWh,DK2,DK_2,imbalance_price,Long,2026-09-09T00:44:03Z
2026-09-09T00:30:01Z,2026-09-09T02:30:01+0200,d8602f09-a04f-4239-8b86-3e2426d15a39,2026-09-04T19:45:00Z,2026-09-04T21:45:00+0200,112.46,EUR/MWh,DK2,DK_2,imbalance_price,Short,2026-09-09T00:44:03Z
2026-09-09T00:30:01Z,2026-09-09T02:30:01+0200,d8602f09-a04f-4239-8b86-3e2426d15a39,2026-09-04T20:00:00Z,2026-09-04T22:00:00+0200,39.75,EUR/MWh,DK2,DK_2,imbalance_price,Long,2026-09-09T00:44:03Z
2026-09-09T00:30:01Z,2026-09-09T02:30:01+0200,d8602f09-a04f-4239-8b86-3e2426d15a39,2026-09-04T20:00:00Z,2026-09-04T22:00:00+0200,39.75,EUR/MWh,DK2,DK_2,imbalance_price,Short,2026-09-09T00:44:03Z
2026-09-09T00:30:01Z,2026-09-09T02:30:01+0200,d8602f09-a04f-4239-8b86-3e2426d15a39,2026-09-04T20:15:00Z,2026-09-04T22:15:00+0200,59.55,EUR/MWh,DK2,DK_2,imbalance_price,Long,2026-09-09T00:44:03Z
2026-09-09T00:30:01Z,2026-09-09T02:30:01+0200,d8602f09-a04f-4239-8b86-3e2426d15a39,2026-09-04T20:15:00Z,2026-09-04T22:15:00+0200,59.55,EUR/MWh,DK2,DK_2,imbalance_price,Short,2026-09-09T00:44:03Z
2026-09-09T00:30:01Z,2026-09-09T02:30:01+0200,d8602f09-a04f-4239-8b86-3e2426d15a39,2026-09-04T20:30:00Z,2026-09-04T22:30:00+0200,57.47,EUR/MWh,DK2,DK_2,imbalance_price,Long,2026-09-09T00:44:03Z
2026-09-09T00:30:01Z,2026-09-09T02:30:01+0200,d8602f09-a04f-4239-8b86-3e2426d15a39,2026-09-04T20:30:00Z,2026-09-04T22:30:00+0200,57.47,EUR/MWh,DK2,DK_2,imbalance_price,Short,2026-09-09T00:44:03Z
2026-09-09T00:30:01Z,2026-09-09T02:30:01+0200,d8602f09-a04f-4239-8b86-3e2426d15a39,2026-09-04T20:45:00Z,2026-09-04T22:45:00+0200,52.16,EUR/MWh,DK2,DK_2,imbalance_price,Long,2026-09-09T00:44:03Z
2026-09-09T00:30:01Z,2026-09-09T02:30:01+0200,d8602f09-a04f-4239-8b86-3e2426d15a39,2026-09-04T20:45:00Z,2026-09-04T22:45:00+0200,52.16,EUR/MWh,DK2,DK_2,imbalance_price,Short,2026-09-09T00:44:03Z
2026-09-09T00:30:01Z,2026-09-09T02:30:01+0200,d8602f09-a04f-4239-8b86-3e2426d15a39,2026-09-04T21:00:00Z,2026-09-04T23:00:00+0200,50.0,EUR/MWh,DK2,DK_2,imbalance_price,Long,2026-09-09T00:44:03Z
2026-09-09T00:30:01Z,2026-09-09T02:30:01+0200,d8602f09-a04f-4239-8b86-3e2426d15a39,2026-09-04T21:00:00Z,2026-09-04T23:00:00+0200,50.0,EUR/MWh,DK2,DK_2,imbalance_price,Short,2026-09-09T00:44:03Z
2026-09-09T00:30:01Z,2026-09-09T02:30:01+0200,d8602f09-a04f-4239-8b86-3e2426d15a39,2026-09-04T21:15:00Z,2026-09-04T23:15:00+0200,1471.68,EUR/MWh,DK2,DK_2,imbalance_price,Long,2026-09-09T00:44:03Z
2026-09-09T00:30:01Z,2026-09-09T02:30:01+0200,d8602f09-a04f-4239-8b86-3e2426d15a39,2026-09-04T21:15:00Z,2026-09-04T23:15:00+0200,1471.68,EUR/MWh,DK2,DK_2,imbalance_price,Short,2026-09-09T00:44:03Z
2026-09-09T00:30:01Z,2026-09-09T02:30:01+0200,d8602f09-a04f-4239-8b86-3e2426d15a39,2026-09-04T21:30:00Z,2026-09-04T23:30:00+0200,4361.15,EUR/MWh,DK2,DK_2,imbalance_price,Long,2026-09-09T00:44:03Z
2026-09-09T00:30:01Z,2026-09-09T02:30:01+0200,d8602f09-a04f-4239-8b86-3e2426d15a39,2026-09-04T21:30:00Z,2026-09-04T23:30:00+0200,4361.15,EUR/MWh,DK2,DK_2,imbalance_price,Short,2026-09-09T00:44:03Z
2026-09-09T00:30:01Z,2026-09-09T02:30:01+0200,d8602f09-a04f-4239-8b86-3e2426d15a39,2026-09-04T21:45:00Z,2026-09-04T23:45:00+0200,4361.15,EUR/MWh,DK2,DK_2,imbalance_price,Long,2026-09-09T00:44:03Z
2026-09-09T00:30:01Z,2026-09-09T02:30:01+0200,d8602f09-a04f-4239-8b86-3e2426d15a39,2026-09-04T21:45:00Z,2026-09-04T23:45:00+0200,4361.15,EUR/MWh,DK2,DK_2,imbalance_price,Short,2026-09-09T00:44:03Z
2026-09-09T00:30:01Z,2026-09-09T02:30:01+0200,d8602f09-a04f-4239-8b86-3e2426d15a39,2026-09-04T22:00:00Z,2026-09-05T00:00:00+0200,52.86,EUR/MWh,DK2,DK_2,imbalance_price,Long,2026-09-09T00:44:03Z
2026-09-09T00:30:01Z,2026-09-09T02:30:01+0200,d8602f09-a04f-4239-8b86-3e2426d15a39,2026-09-04T22:00:00Z,2026-09-05T00:00:00+0200,52.86,EUR/MWh,DK2,DK_2,imbalance_price,Short,2026-09-09T00:44:03Z
2026-09-09T00:30:01Z,2026-09-09T02:30:01+0200,d8602f09-a04f-4239-8b86-3e2426d15a39,2026-09-04T22:15:00Z,2026-09-05T00:15:00+0200,53.69,EUR/MWh,DK2,DK_2,imbalance_price,Long,2026-09-09T00:44:03Z
2026-09-09T00:30:01Z,2026-09-09T02:30:01+0200,d8602f09-a04f-4239-8b86-3e2426d15a39,2026-09-04T22:15:00Z,2026-09-05T00:15:00+0200,53.69,EUR/MWh,DK2,DK_2,imbalance_price,Short,2026-09-09T00:44:03Z
2026-09-09T00:30:01Z,2026-09-09T02:30:01+0200,d8602f09-a04f-4239-8b86-3e2426d15a39,2026-09-04T22:30:00Z,2026-09-05T00:30:00+0200,53.69,EUR/MWh,DK2,DK_2,imbalance_price,Long,2026-09-09T00:44:03Z
2026-09-09T00:30:01Z,2026-09-09T02:30:01+0200,d8602f09-a04f-4239-8b86-3e2426d15a39,2026-09-04T22:30:00Z,2026-09-05T00:30:00+0200,53.69,EUR/MWh,DK2,DK_2,imbalance_price,Short,2026-09-09T00:44:03Z
2026-09-09T00:30:01Z,2026-09-09T02:30:01+0200,d8602f09-a04f-4239-8b86-3e2426d15a39,2026-09-04T22:45:00Z,2026-09-05T00:45:00+0200,-3.79,EUR/MWh,DK2,DK_2,imbalance_price,Long,2026-09-09T00:44:03Z
2026-09-09T00:30:01Z,2026-09-09T02:30:01+0200,d8602f09-a04f-4239-8b86-3e2426d15a39,2026-09-04T22:45:00Z,2026-09-05T00:45:00+0200,-3.79,EUR/MWh,DK2,DK_2,imbalance_price,Short,2026-09-09T00:44:03Z
2026-09-09T00:30:01Z,2026-09-09T02:30:01+0200,d8602f09-a04f-4239-8b86-3e2426d15a39,2026-09-04T23:00:00Z,2026-09-05T01:00:00+0200,1.67,EUR/MWh,DK2,DK_2,imbalance_price,Long,2026-09-09T00:44:03Z
2026-09-09T00:30:01Z,2026-09-09T02:30:01+0200,d8602f09-a04f-4239-8b86-3e2426d15a39,2026-09-04T23:00:00Z,2026-09-05T01:00:00+0200,1.67,EUR/MWh,DK2,DK_2,imbalance_price,Short,2026-09-09T00:44:03Z
2026-09-09T00:30:01Z,2026-09-09T02:30:01+0200,d8602f09-a04f-4239-8b86-3e2426d15a39,2026-09-04T23:15:00Z,2026-09-05T01:15:00+0200,5.14,EUR/MWh,DK2,DK_2,imbalance_price,Long,2026-09-09T00:44:03Z
2026-09-09T00:30:01Z,2026-09-09T02:30:01+0200,d8602f09-a04f-4239-8b86-3e2426d15a39,2026-09-04T23:15:00Z,2026-09-05T01:15:00+0200,5.14,EUR/MWh,DK2,DK_2,imbalance_price,Short,2026-09-09T00:44:03Z
2026-09-09T00:30:01Z,2026-09-09T02:30:01+0200,d8602f09-a04f-4239-8b86-3e2426d15a39,2026-09-04T23:30:00Z,2026-09-05T01:30:00+0200,-5.55,EUR/MWh,DK2,DK_2,imbalance_price,Long,2026-09-09T00:44:03Z
2026-09-09T00:30:01Z,2026-09-09T02:30:01+0200,d8602f09-a04f-4239-8b86-3e2426d15a39,2026-09-04T23:30:00Z,2026-09-05T01:30:00+0200,-5.55,EUR/MWh,DK2,DK_2,imbalance_price,Short,2026-09-09T00:44:03Z
2026-09-09T00:30:01Z,2026-09-09T02:30:01+0200,d8602f09-a04f-4239-8b86-3e2426d15a39,2026-09-04T23:45:00Z,2026-09-05T01:45:00+0200,-5.54,EUR/MWh,DK2,DK_2,imbalance_price,Long,2026-09-09T00:44:03Z
2026-09-09T00:30:01Z,2026-09-09T02:30:01+0200,d8602f09-a04f-4239-8b86-3e2426d15a39,2026-09-04T23:45:00Z,2026-09-05T01:45:00+0200,-5.54,EUR/MWh,DK2,DK_2,imbalance_price,Short,2026-09-09T00:44:03Z
2026-09-09T00:30:01Z,2026-09-09T02:30:01+0200,d8602f09-a04f-4239-8b86-3e2426d15a39,2026-09-05T00:00:00Z,2026-09-05T02:00:00+0200,0.77,EUR/MWh,DK2,DK_2,imbalance_price,Long,2026-09-09T00:44:03Z
2026-09-09T00:30:01Z,2026-09-09T02:30:01+0200,d8602f09-a04f-4239-8b86-3e2426d15a39,2026-09-05T00:00:00Z,2026-09-05T02:00:00+0200,0.77,EUR/MWh,DK2,DK_2,imbalance_price,Short,2026-09-09T00:44:03Z
2026-09-09T00:30:01Z,2026-09-09T02:30:01+0200,d8602f09-a04f-4239-8b86-3e2426d15a39,2026-09-05T00:15:00Z,2026-09-05T02:15:00+0200,52.61,EUR/MWh,DK2,DK_2,imbalance_price,Long,2026-09-09T00:44:03Z
2026-09-09T00:30:01Z,2026-09-09T02:30:01+0200,d8602f09-a04f-4239-8b86-3e2426d15a39,2026-09-05T00:15:00Z,2026-09-05T02:15:00+0200,52.61,EUR/MWh,DK2,DK_2,imbalance_price,Short,2026-09-09T00:44:03Z
2026-09-09T00:30:01Z,2026-09-09T02:30:01+0200,d8602f09-a04f-4239-8b86-3e2426d15a39,2026-09-05T00:30:00Z,2026-09-05T02:30:00+0200,-4.91,EUR/MWh,DK2,DK_2,imbalance_price,Long,2026-09-09T00:44:03Z
2026-09-09T00:30:01Z,2026-09-09T02:30:01+0200,d8602f09-a04f-4239-8b86-3e2426d15a39,2026-09-05T00:30:00Z,2026-09-05T02:30:00+0200,-4.91,EUR/MWh,DK2,DK_2,imbalance_price,Short,2026-09-09T00:44:03Z
2026-09-09T00:30:01Z,2026-09-09T02:30:01+0200,d8602f09-a04f-4239-8b86-3e2426d15a39,2026-09-05T00:45:00Z,2026-09-05T02:45:00+0200,3.57,EUR/MWh,DK2,DK_2,imbalance_price,Long,2026-09-09T00:44:03Z
2026-09-09T00:30:01Z,2026-09-09T02:30:01+0200,d8602f09-a04f-4239-8b86-3e2426d15a39,2026-09-05T00:45:00Z,2026-09-05T02:45:00+0200,3.57,EUR/MWh,DK2,DK_2,imbalance_price,Short,2026-09-09T00:44:03Z
2026-09-09T00:30:01Z,2026-09-09T02:30:01+0200,d8602f09-a04f-4239-8b86-3e2426d15a39,2026-09-05T01:00:00Z,2026-09-05T03:00:00+0200,0.73,EUR/MWh,DK2,DK_2,imbalance_price,Long,2026-09-09T00:44:03Z
2026-09-09T00:30:01Z,2026-09-09T02:30:01+0200,d8602f09-a04f-4239-8b86-3e2426d15a39,2026-09-05T01:00:00Z,2026-09-05T03:00:00+0200,0.73,EUR/MWh,DK2,DK_2,imbalance_price,Short,2026-09-09T00:44:03Z
2026-09-09T00:30:01Z,2026-09-09T02:30:01+0200,d8602f09-a04f-4239-8b86-3e2426d15a39,2026-09-05T01:15:00Z,2026-09-05T03:15:00+0200,7.26,EUR/MWh,DK2,DK_2,imbalance_price,Long,2026-09-09T00:44:03Z
2026-09-09T00:30:01Z,2026-09-09T02:30:01+0200,d8602f09-a04f-4239-8b86-3e2426d15a39,2026-09-05T01:15:00Z,2026-09-05T03:15:00+0200,7.26,EUR/MWh,DK2,DK_2,imbalance_price,Short,2026-09-09T00:44:03Z
2026-09-09T00:30:01Z,2026-09-09T02:30:01+0200,d8602f09-a04f-4239-8b86-3e2426d15a39,2026-09-05T01:30:00Z,2026-09-05T03:30:00+0200,51.14,EUR/MWh,DK2,DK_2,imbalance_price,Long,2026-09-09T00:44:03Z
2026-09-09T00:30:01Z,2026-09-09T02:30:01+0200,d8602f09-a04f-4239-8b86-3e2426d15a39,2026-09-05T01:30:00Z,2026-09-05T03:30:00+0200,51.14,EUR/MWh,DK2,DK_2,imbalance_price,Short,2026-09-09T00:44:03Z
2026-09-09T00:30:01Z,2026-09-09T02:30:01+0200,d8602f09-a04f-4239-8b86-3e2426d15a39,2026-09-05T01:45:00Z,2026-09-05T03:45:00+0200,51.48,EUR/MWh,DK2,DK_2,imbalance_price,Long,2026-09-09T00:44:03Z
2026-09-09T00:30:01Z,2026-09-09T02:30:01+0200,d8602f09-a04f-4239-8b86-3e2426d15a39,2026-09-05T01:45:00Z,2026-09-05T03:45:00+0200,51.48,EUR/MWh,DK2,DK_2,imbalance_price,Short,2026-09-09T00:44:03Z
2026-09-09T00:30:01Z,2026-09-09T02:30:01+0200,d8602f09-a04f-4239-8b86-3e2426d15a39,2026-09-05T02:00:00Z,2026-09-05T04:00:00+0200,47.43,EUR/MWh,DK2,DK_2,imbalance_price,Long,2026-09-09T00:44:03Z
2026-09-09T00:30:01Z,2026-09-09T02:30:01+0200,d8602f09-a04f-4239-8b86-3e2426d15a39,2026-09-05T02:00:00Z,2026-09-05T04:00:00+0200,47.43,EUR/MWh,DK2,DK_2,imbalance_price,Short,2026-09-09T00:44:03Z
2026-09-09T00:30:01Z,2026-09-09T02:30:01+0200,d8602f09-a04f-4239-8b86-3e2426d15a39,2026-09-05T02:15:00Z,2026-09-05T04:15:00+0200,47.83,EUR/MWh,DK2,DK_2,imbalance_price,Long,2026-09-09T00:44:03Z
2026-09-09T00:30:01Z,2026-09-09T02:30:01+0200,d8602f09-a04f-4239-8b86-3e2426d15a39,2026-09-05T02:15:00Z,2026-09-05T04:15:00+0200,47.83,EUR/MWh,DK2,DK_2,imbalance_price,Short,2026-09-09T00:44:03Z
2026-09-09T00:30:01Z,2026-09-09T02:30:01+0200,d8602f09-a04f-4239-8b86-3e2426d15a39,2026-09-05T02:30:00Z,2026-09-05T04:30:00+0200,47.62,EUR/MWh,DK2,DK_2,imbalance_price,Long,2026-09-09T00:44:03Z
2026-09-09T00:30:01Z,2026-09-09T02:30:01+0200,d8602f09-a04f-4239-8b86-3e2426d15a39,2026-09-05T02:30:00Z,2026-09-05T04:30:00+0200,47.62,EUR/MWh,DK2,DK_2,imbalance_price,Short,2026-09-09T00:44:03Z
2026-09-09T00:30:01Z,2026-09-09T02:30:01+0200,d8602f09-a04f-4239-8b86-3e2426d15a39,2026-09-05T02:45:00Z,2026-09-05T04:45:00+0200,46.78,EUR/MWh,DK2,DK_2,imbalance_price,Long,2026-09-09T00:44:03Z
2026-09-09T00:30:01Z,2026-09-09T02:30:01+0200,d8602f09-a04f-4239-8b86-3e2426d15a39,2026-09-05T02:45:00Z,2026-09-05T04:45:00+0200,46.78,EUR/MWh,DK2,DK_2,imbalance_price,Short,2026-09-09T00:44:03Z
2026-09-09T00:30:01Z,2026-09-09T02:30:01+0200,d8602f09-a04f-4239-8b86-3e2426d15a39,2026-09-05T03:00:00Z,2026-09-05T05:00:00+0200,48.78,EUR/MWh,DK2,DK_2,imbalance_price,Long,2026-09-09T00:44:03Z
2026-09-09T00:30:01Z,2026-09-09T02:30:01+0200,d8602f09-a04f-4239-8b86-3e2426d15a39,2026-09-05T03:00:00Z,2026-09-05T05:00:00+0200,48.78,EUR/MWh,DK2,DK_2,imbalance_price,Short,2026-09-09T00:44:03Z
2026-09-09T00:30:01Z,2026-09-09T02:30:01+0200,d8602f09-a04f-4239-8b86-3e2426d15a39,2026-09-05T03:15:00Z,2026-09-05T05:15:00+0200,-7.11,EUR/MWh,DK2,DK_2,imbalance_price,Long,2026-09-09T00:44:03Z
2026-09-09T00:30:01Z,2026-09-09T02:30:01+0200,d8602f09-a04f-4239-8b86-3e2426d15a39,2026-09-05T03:15:00Z,2026-09-05T05:15:00+0200,-7.11,EUR/MWh,DK2,DK_2,imbalance_price,Short,2026-09-09T00:44:03Z
2026-09-09T00:30:01Z,2026-09-09T02:30:01+0200,d8602f09-a04f-4239-8b86-3e2426d15a39,2026-09-05T03:30:00Z,2026-09-05T05:30:00+0200,-6.37,EUR/MWh,DK2,DK_2,imbalance_price,Long,2026-09-09T00:44:03Z
2026-09-09T00:30:01Z,2026-09-09T02:30:01+0200,d8602f09-a04f-4239-8b86-3e2426d15a39,2026-09-05T03:30:00Z,2026-09-05T05:30:00+0200,-6.37,EUR/MWh,DK2,DK_2,imbalance_price,Short,2026-09-09T00:44:03Z
2026-09-09T00:30:01Z,2026-09-09T02:30:01+0200,d8602f09-a04f-4239-8b86-3e2426d15a39,2026-09-05T03:45:00Z,2026-09-05T05:45:00+0200,-4.91,EUR/MWh,DK2,DK_2,imbalance_price,Long,2026-09-09T00:44:03Z
2026-09-09T00:30:01Z,2026-09-09T02:30:01+0200,d8602f09-a04f-4239-8b86-3e2426d15a39,2026-09-05T03:45:00Z,2026-09-05T05:45:00+0200,-4.91,EUR/MWh,DK2,DK_2,imbalance_price,Short,2026-09-09T00:44:03Z
2026-09-09T00:30:01Z,2026-09-09T02:30:01+0200,d8602f09-a04f-4239-8b86-3e2426d15a39,2026-09-05T04:00:00Z,2026-09-05T06:00:00+0200,-11.49,EUR/MWh,DK2,DK_2,imbalance_price,Long,2026-09-09T00:44:03Z
2026-09-09T00:30:01Z,2026-09-09T02:30:01+0200,d8602f09-a04f-4239-8b86-3e2426d15a39,2026-09-05T04:00:00Z,2026-09-05T06:00:00+0200,-11.49,EUR/MWh,DK2,DK_2,imbalance_price,Short,2026-09-09T00:44:03Z
2026-09-09T00:30:01Z,2026-09-09T02:30:01+0200,d8602f09-a04f-4239-8b86-3e2426d15a39,2026-09-05T04:15:00Z,2026-09-05T06:15:00+0200,-3.11,EUR/MWh,DK2,DK_2,imbalance_price,Long,2026-09-09T00:44:03Z
2026-09-09T00:30:01Z,2026-09-09T02:30:01+0200,d8602f09-a04f-4239-8b86-3e2426d15a39,2026-09-05T04:15:00Z,2026-09-05T06:15:00+0200,-3.11,EUR/MWh,DK2,DK_2,imbalance_price,Short,2026-09-09T00:44:03Z
2026-09-09T00:30:01Z,2026-09-09T02:30:01+0200,d8602f09-a04f-4239-8b86-3e2426d15a39,2026-09-05T04:30:00Z,2026-09-05T06:30:00+0200,-0.66,EUR/MWh,DK2,DK_2,imbalance_price,Long,2026-09-09T00:44:03Z
2026-09-09T00:30:01Z,2026-09-09T02:30:01+0200,d8602f09-a04f-4239-8b86-3e2426d15a39,2026-09-05T04:30:00Z,2026-09-05T06:30:00+0200,-0.66,EUR/MWh,DK2,DK_2,imbalance_price,Short,2026-09-09T00:44:03Z
2026-09-09T00:30:01Z,2026-09-09T02:30:01+0200,d8602f09-a04f-4239-8b86-3e2426d15a39,2026-09-05T04:45:00Z,2026-09-05T06:45:00+0200,-1.84,EUR/MWh,DK2,DK_2,imbalance_price,Long,2026-09-09T00:44:03Z
2026-09-09T00:30:01Z,2026-09-09T02:30:01+0200,d8602f09-a04f-4239-8b86-3e2426d15a39,2026-09-05T04:45:00Z,2026-09-05T06:45:00+0200,-1.84,EUR/MWh,DK2,DK_2,imbalance_price,Short,2026-09-09T00:44:03Z
2026-09-09T00:30:01Z,2026-09-09T02:30:01+0200,d8602f09-a04f-4239-8b86-3e2426d15a39,2026-09-05T05:00:00Z,2026-09-05T07:00:00+0200,10.4,EUR/MWh,DK2,DK_2,imbalance_price,Long,2026-09-09T00:44:03Z
2026-09-09T00:30:01Z,2026-09-09T02:30:01+0200,d8602f09-a04f-4239-8b86-3e2426d15a39,2026-09-05T05:00:00Z,2026-09-05T07:00:00+0200,10.4,EUR/MWh,DK2,DK_2,imbalance_price,Short,2026-09-09T00:44:03Z
2026-09-09T00:30:01Z,2026-09-09T02:30:01+0200,d8602f09-a04f-4239-8b86-3e2426d15a39,2026-09-05T05:15:00Z,2026-09-05T07:15:00+0200,1.5,EUR/MWh,DK2,DK_2,imbalance_price,Long,2026-09-09T00:44:03Z
2026-09-09T00:30:01Z,2026-09-09T02:30:01+0200,d8602f09-a04f-4239-8b86-3e2426d15a39,2026-09-05T05:15:00Z,2026-09-05T07:15:00+0200,1.5,EUR/MWh,DK2,DK_2,imbalance_price,Short,2026-09-09T00:44:03Z
2026-09-09T00:30:01Z,2026-09-09T02:30:01+0200,d8602f09-a04f-4239-8b86-3e2426d15a39,2026-09-05T05:30:00Z,2026-09-05T07:30:00+0200,54.83,EUR/MWh,DK2,DK_2,imbalance_price,Long,2026-09-09T00:44:03Z
2026-09-09T00:30:01Z,2026-09-09T02:30:01+0200,d8602f09-a04f-4239-8b86-3e2426d15a39,2026-09-05T05:30:00Z,2026-09-05T07:30:00+0200,54.83,EUR/MWh,DK2,DK_2,imbalance_price,Short,2026-09-09T00:44:03Z
2026-09-09T00:30:01Z,2026-09-09T02:30:01+0200,d8602f09-a04f-4239-8b86-3e2426d15a39,2026-09-05T05:45:00Z,2026-09-05T07:45:00+0200,51.35,EUR/MWh,DK2,DK_2,imbalance_price,Long,2026-09-09T00:44:03Z
2026-09-09T00:30:01Z,2026-09-09T02:30:01+0200,d8602f09-a04f-4239-8b86-3e2426d15a39,2026-09-05T05:45:00Z,2026-09-05T07:45:00+0200,51.35,EUR/MWh,DK2,DK_2,imbalance_price,Short,2026-09-09T00:44:03Z
2026-09-09T00:30:01Z,2026-09-09T02:30:01+0200,d8602f09-a04f-4239-8b86-3e2426d15a39,2026-09-05T06:00:00Z,2026-09-05T08:00:00+0200,49.63,EUR/MWh,DK2,DK_2,imbalance_price,Long,2026-09-09T00:44:03Z
2026-09-09T00:30:01Z,2026-09-09T02:30:01+0200,d8602f09-a04f-4239-8b86-3e2426d15a39,2026-09-05T06:00:00Z,2026-09-05T08:00:00+0200,49.63,EUR/MWh,DK2,DK_2,imbalance_price,Short,2026-09-09T00:44:03Z
2026-09-09T00:30:01Z,2026-09-09T02:30:01+0200,d8602f09-a04f-4239-8b86-3e2426d15a39,2026-09-05T06:15:00Z,2026-09-05T08:15:00+0200,43.39,EUR/MWh,DK2,DK_2,imbalance_price,Long,2026-09-09T00:44:03Z
2026-09-09T00:30:01Z,2026-09-09T02:30:01+0200,d8602f09-a04f-4239-8b86-3e2426d15a39,2026-09-05T06:15:00Z,2026-09-05T08:15:00+0200,43.39,EUR/MWh,DK2,DK_2,imbalance_price,Short,2026-09-09T00:44:03Z
2026-09-09T00:30:01Z,2026-09-09T02:30:01+0200,d8602f09-a04f-4239-8b86-3e2426d15a39,2026-09-05T06:30:00Z,2026-09-05T08:30:00+0200,14.4,EUR/MWh,DK2,DK_2,imbalance_price,Long,2026-09-09T00:44:03Z
2026-09-09T00:30:01Z,2026-09-09T02:30:01+0200,d8602f09-a04f-4239-8b86-3e2426d15a39,2026-09-05T06:30:00Z,2026-09-05T08:30:00+0200,14.4,EUR/MWh,DK2,DK_2,imbalance_price,Short,2026-09-09T00:44:03Z
2026-09-09T00:30:01Z,2026-09-09T02:30:01+0200,d8602f09-a04f-4239-8b86-3e2426d15a39,2026-09-05T06:45:00Z,2026-09-05T08:45:00+0200,0.11,EUR/MWh,DK2,DK_2,imbalance_price,Long,2026-09-09T00:44:03Z
2026-09-09T00:30:01Z,2026-09-09T02:30:01+0200,d8602f09-a04f-4239-8b86-3e2426d15a39,2026-09-05T06:45:00Z,2026-09-05T08:45:00+0200,0.11,EUR/MWh,DK2,DK_2,imbalance_price,Short,2026-09-09T00:44:03Z
2026-09-09T00:30:01Z,2026-09-09T02:30:01+0200,d8602f09-a04f-4239-8b86-3e2426d15a39,2026-09-05T07:00:00Z,2026-09-05T09:00:00+0200,-17.48,EUR/MWh,DK2,DK_2,imbalance_price,Long,2026-09-09T00:44:03Z
2026-09-09T00:30:01Z,2026-09-09T02:30:01+0200,d8602f09-a04f-4239-8b86-3e2426d15a39,2026-09-05T07:00:00Z,2026-09-05T09:00:00+0200,-17.48,EUR/MWh,DK2,DK_2,imbalance_price,Short,2026-09-09T00:44:03Z
2026-09-09T00:30:01Z,2026-09-09T02:30:01+0200,d8602f09-a04f-4239-8b86-3e2426d15a39,2026-09-05T07:15:00Z,2026-09-05T09:15:00+0200,-58.89,EUR/MWh,DK2,DK_2,imbalance_price,Long,2026-09-09T00:44:03Z
2026-09-09T00:30:01Z,2026-09-09T02:30:01+0200,d8602f09-a04f-4239-8b86-3e2426d15a39,2026-09-05T07:15:00Z,2026-09-05T09:15:00+0200,-58.89,EUR/MWh,DK2,DK_2,imbalance_price,Short,2026-09-09T00:44:03Z
2026-09-09T00:30:01Z,2026-09-09T02:30:01+0200,d8602f09-a04f-4239-8b86-3e2426d15a39,2026-09-05T07:30:00Z,2026-09-05T09:30:00+0200,-36.31,EUR/MWh,DK2,DK_2,imbalance_price,Long,2026-09-09T00:44:03Z
2026-09-09T00:30:01Z,2026-09-09T02:30:01+0200,d8602f09-a04f-4239-8b86-3e2426d15a39,2026-09-05T07:30:00Z,2026-09-05T09:30:00+0200,-36.31,EUR/MWh,DK2,DK_2,imbalance_price,Short,2026-09-09T00:44:03Z
2026-09-09T00:30:01Z,2026-09-09T02:30:01+0200,d8602f09-a04f-4239-8b86-3e2426d15a39,2026-09-05T07:45:00Z,2026-09-05T09:45:00+0200,-5.0,EUR/MWh,DK2,DK_2,imbalance_price,Long,2026-09-09T00:44:03Z
2026-09-09T00:30:01Z,2026-09-09T02:30:01+0200,d8602f09-a04f-4239-8b86-3e2426d15a39,2026-09-05T07:45:00Z,2026-09-05T09:45:00+0200,-5.0,EUR/MWh,DK2,DK_2,imbalance_price,Short,2026-09-09T00:44:03Z
2026-09-09T00:30:01Z,2026-09-09T02:30:01+0200,d8602f09-a04f-4239-8b86-3e2426d15a39,2026-09-05T08:00:00Z,2026-09-05T10:00:00+0200,-3.47,EUR/MWh,DK2,DK_2,imbalance_price,Long,2026-09-09T00:44:03Z
2026-09-09T00:30:01Z,2026-09-09T02:30:01+0200,d8602f09-a04f-4239-8b86-3e2426d15a39,2026-09-05T08:00:00Z,2026-09-05T10:00:00+0200,-3.47,EUR/MWh,DK2,DK_2,imbalance_price,Short,2026-09-09T00:44:03Z
2026-09-09T00:30:01Z,2026-09-09T02:30:01+0200,d8602f09-a04f-4239-8b86-3e2426d15a39,2026-09-05T08:15:00Z,2026-09-05T10:15:00+0200,3.93,EUR/MWh,DK2,DK_2,imbalance_price,Long,2026-09-09T00:44:03Z
2026-09-09T00:30:01Z,2026-09-09T02:30:01+0200,d8602f09-a04f-4239-8b86-3e2426d15a39,2026-09-05T08:15:00Z,2026-09-05T10:15:00+0200,3.93,EUR/MWh,DK2,DK_2,imbalance_price,Short,2026-09-09T00:44:03Z
2026-09-09T00:30:01Z,2026-09-09T02:30:01+0200,d8602f09-a04f-4239-8b86-3e2426d15a39,2026-09-05T08:30:00Z,2026-09-05T10:30:00+0200,3.95,EUR/MWh,DK2,DK_2,imbalance_price,Long,2026-09-09T00:44:03Z
2026-09-09T00:30:01Z,2026-09-09T02:30:01+0200,d8602f09-a04f-4239-8b86-3e2426d15a39,2026-09-05T08:30:00Z,2026-09-05T10:30:00+0200,3.95,EUR/MWh,DK2,DK_2,imbalance_price,Short,2026-09-09T00:44:03Z
2026-09-09T00:30:01Z,2026-09-09T02:30:01+0200,d8602f09-a04f-4239-8b86-3e2426d15a39,2026-09-05T08:45:00Z,2026-09-05T10:45:00+0200,10.76,EUR/MWh,DK2,DK_2,imbalance_price,Long,2026-09-09T00:44:03Z
2026-09-09T00:30:01Z,2026-09-09T02:30:01+0200,d8602f09-a04f-4239-8b86-3e2426d15a39,2026-09-05T08:45:00Z,2026-09-05T10:45:00+0200,10.76,EUR/MWh,DK2,DK_2,imbalance_price,Short,2026-09-09T00:44:03Z
2026-09-09T00:30:01Z,2026-09-09T02:30:01+0200,d8602f09-a04f-4239-8b86-3e2426d15a39,2026-09-05T09:00:00Z,2026-09-05T11:00:00+0200,4.9,EUR/MWh,DK2,DK_2,imbalance_price,Long,2026-09-09T00:44:03Z
2026-09-09T00:30:01Z,2026-09-09T02:30:01+0200,d8602f09-a04f-4239-8b86-3e2426d15a39,2026-09-05T09:00:00Z,2026-09-05T11:00:00+0200,4.9,EUR/MWh,DK2,DK_2,imbalance_price,Short,2026-09-09T00:44:03Z
2026-09-09T00:30:01Z,2026-09-09T02:30:01+0200,d8602f09-a04f-4239-8b86-3e2426d15a39,2026-09-05T09:15:00Z,2026-09-05T11:15:00+0200,4.9,EUR/MWh,DK2,DK_2,imbalance_price,Long,2026-09-09T00:44:03Z
2026-09-09T00:30:01Z,2026-09-09T02:30:01+0200,d8602f09-a04f-4239-8b86-3e2426d15a39,2026-09-05T09:15:00Z,2026-09-05T11:15:00+0200,4.9,EUR/MWh,DK2,DK_2,imbalance_price,Short,2026-09-09T00:44:03Z
2026-09-09T00:30:01Z,2026-09-09T02:30:01+0200,d8602f09-a04f-4239-8b86-3e2426d15a39,2026-09-05T09:30:00Z,2026-09-05T11:30:00+0200,4.0,EUR/MWh,DK2,DK_2,imbalance_price,Long,2026-09-09T00:44:03Z
2026-09-09T00:30:01Z,2026-09-09T02:30:01+0200,d8602f09-a04f-4239-8b86-3e2426d15a39,2026-09-05T09:30:00Z,2026-09-05T11:30:00+0200,4.0,EUR/MWh,DK2,DK_2,imbalance_price,Short,2026-09-09T00:44:03Z
2026-09-09T00:30:01Z,2026-09-09T02:30:01+0200,d8602f09-a04f-4239-8b86-3e2426d15a39,2026-09-05T09:45:00Z,2026-09-05T11:45:00+0200,-15.03,EUR/MWh,DK2,DK_2,imbalance_price,Long,2026-09-09T00:44:03Z
2026-09-09T00:30:01Z,2026-09-09T02:30:01+0200,d8602f09-a04f-4239-8b86-3e2426d15a39,2026-09-05T09:45:00Z,2026-09-05T11:45:00+0200,-15.03,EUR/MWh,DK2,DK_2,imbalance_price,Short,2026-09-09T00:44:03Z
2026-09-09T00:30:01Z,2026-09-09T02:30:01+0200,d8602f09-a04f-4239-8b86-3e2426d15a39,2026-09-05T10:00:00Z,2026-09-05T12:00:00+0200,-14.32,EUR/MWh,DK2,DK_2,imbalance_price,Long,2026-09-09T00:44:03Z
2026-09-09T00:30:01Z,2026-09-09T02:30:01+0200,d8602f09-a04f-4239-8b86-3e2426d15a39,2026-09-05T10:00:00Z,2026-09-05T12:00:00+0200,-14.32,EUR/MWh,DK2,DK_2,imbalance_price,Short,2026-09-09T00:44:03Z
2026-09-09T00:30:01Z,2026-09-09T02:30:01+0200,d8602f09-a04f-4239-8b86-3e2426d15a39,2026-09-05T10:15:00Z,2026-09-05T12:15:00+0200,-30.3,EUR/MWh,DK2,DK_2,imbalance_price,Long,2026-09-09T00:44:03Z
2026-09-09T00:30:01Z,2026-09-09T02:30:01+0200,d8602f09-a04f-4239-8b86-3e2426d15a39,2026-09-05T10:15:00Z,2026-09-05T12:15:00+0200,-30.3,EUR/MWh,DK2,DK_2,imbalance_price,Short,2026-09-09T00:44:03Z
2026-09-09T00:30:01Z,2026-09-09T02:30:01+0200,d8602f09-a04f-4239-8b86-3e2426d15a39,2026-09-05T10:30:00Z,2026-09-05T12:30:00+0200,-19.75,EUR/MWh,DK2,DK_2,imbalance_price,Long,2026-09-09T00:44:03Z
2026-09-09T00:30:01Z,2026-09-09T02:30:01+0200,d8602f09-a04f-4239-8b86-3e2426d15a39,2026-09-05T10:30:00Z,2026-09-05T12:30:00+0200,-19.75,EUR/MWh,DK2,DK_2,imbalance_price,Short,2026-09-09T00:44:03Z
2026-09-09T00:30:01Z,2026-09-09T02:30:01+0200,d8602f09-a04f-4239-8b86-3e2426d15a39,2026-09-05T10:45:00Z,2026-09-05T12:45:00+0200,-72.44,EUR/MWh,DK2,DK_2,imbalance_price,Long,2026-09-09T00:44:03Z
2026-09-09T00:30:01Z,2026-09-09T02:30:01+0200,d8602f09-a04f-4239-8b86-3e2426d15a39,2026-09-05T10:45:00Z,2026-09-05T12:45:00+0200,-72.44,EUR/MWh,DK2,DK_2,imbalance_price,Short,2026-09-09T00:44:03Z
2026-09-09T00:30:01Z,2026-09-09T02:30:01+0200,d8602f09-a04f-4239-8b86-3e2426d15a39,2026-09-05T11:00:00Z,2026-09-05T13:00:00+0200,-53.41,EUR/MWh,DK2,DK_2,imbalance_price,Long,2026-09-09T00:44:03Z
2026-09-09T00:30:01Z,2026-09-09T02:30:01+0200,d8602f09-a04f-4239-8b86-3e2426d15a39,2026-09-05T11:00:00Z,2026-09-05T13:00:00+0200,-53.41,EUR/MWh,DK2,DK_2,imbalance_price,Short,2026-09-09T00:44:03Z
2026-09-09T00:30:01Z,2026-09-09T02:30:01+0200,d8602f09-a04f-4239-8b86-3e2426d15a39,2026-09-05T11:15:00Z,2026-09-05T13:15:00+0200,-13.94,EUR/MWh,DK2,DK_2,imbalance_price,Long,2026-09-09T00:44:03Z
2026-09-09T00:30:01Z,2026-09-09T02:30:01+0200,d8602f09-a04f-4239-8b86-3e2426d15a39,2026-09-05T11:15:00Z,2026-09-05T13:15:00+0200,-13.94,EUR/MWh,DK2,DK_2,imbalance_price,Short,2026-09-09T00:44:03Z
2026-09-09T00:30:01Z,2026-09-09T02:30:01+0200,d8602f09-a04f-4239-8b86-3e2426d15a39,2026-09-05T11:30:00Z,2026-09-05T13:30:00+0200,-37.02,EUR/MWh,DK2,DK_2,imbalance_price,Long,2026-09-09T00:44:03Z
2026-09-09T00:30:01Z,2026-09-09T02:30:01+0200,d8602f09-a04f-4239-8b86-3e2426d15a39,2026-09-05T11:30:00Z,2026-09-05T13:30:00+0200,-37.02,EUR/MWh,DK2,DK_2,imbalance_price,Short,2026-09-09T00:44:03Z
2026-09-09T00:30:01Z,2026-09-09T02:30:01+0200,d8602f09-a04f-4239-8b86-3e2426d15a39,2026-09-05T11:45:00Z,2026-09-05T13:45:00+0200,-37.69,EUR/MWh,DK2,DK_2,imbalance_price,Long,2026-09-09T00:44:03Z
2026-09-09T00:30:01Z,2026-09-09T02:30:01+0200,d8602f09-a04f-4239-8b86-3e2426d15a39,2026-09-05T11:45:00Z,2026-09-05T13:45:00+0200,-37.69,EUR/MWh,DK2,DK_2,imbalance_price,Short,2026-09-09T00:44:03Z
2026-09-09T00:30:01Z,2026-09-09T02:30:01+0200,d8602f09-a04f-4239-8b86-3e2426d15a39,2026-09-05T12:00:00Z,2026-09-05T14:00:00+0200,-35.77,EUR/MWh,DK2,DK_2,imbalance_price,Long,2026-09-09T00:44:03Z
2026-09-09T00:30:01Z,2026-09-09T02:30:01+0200,d8602f09-a04f-4239-8b86-3e2426d15a39,2026-09-05T12:00:00Z,2026-09-05T14:00:00+0200,-35.77,EUR/MWh,DK2,DK_2,imbalance_price,Short,2026-09-09T00:44:03Z
2026-09-09T00:30:01Z,2026-09-09T02:30:01+0200,d8602f09-a04f-4239-8b86-3e2426d15a39,2026-09-05T12:15:00Z,2026-09-05T14:15:00+0200,-16.06,EUR/MWh,DK2,DK_2,imbalance_price,Long,2026-09-09T00:44:03Z
2026-09-09T00:30:01Z,2026-09-09T02:30:01+0200,d8602f09-a04f-4239-8b86-3e2426d15a39,2026-09-05T12:15:00Z,2026-09-05T14:15:00+0200,-16.06,EUR/MWh,DK2,DK_2,imbalance_price,Short,2026-09-09T00:44:03Z
2026-09-09T00:30:01Z,2026-09-09T02:30:01+0200,d8602f09-a04f-4239-8b86-3e2426d15a39,2026-09-05T12:30:00Z,2026-09-05T14:30:00+0200,-13.1,EUR/MWh,DK2,DK_2,imbalance_price,Long,2026-09-09T00:44:03Z
2026-09-09T00:30:01Z,2026-09-09T02:30:01+0200,d8602f09-a04f-4239-8b86-3e2426d15a39,2026-09-05T12:30:00Z,2026-09-05T14:30:00+0200,-13.1,EUR/MWh,DK2,DK_2,imbalance_price,Short,2026-09-09T00:44:03Z
2026-09-09T00:30:01Z,2026-09-09T02:30:01+0200,d8602f09-a04f-4239-8b86-3e2426d15a39,2026-09-05T12:45:00Z,2026-09-05T14:45:00+0200,-14.62,EUR/MWh,DK2,DK_2,imbalance_price,Long,2026-09-09T00:44:03Z
2026-09-09T00:30:01Z,2026-09-09T02:30:01+0200,d8602f09-a04f-4239-8b86-3e2426d15a39,2026-09-05T12:45:00Z,2026-09-05T14:45:00+0200,-14.62,EUR/MWh,DK2,DK_2,imbalance_price,Short,2026-09-09T00:44:03Z
2026-09-09T00:30:01Z,2026-09-09T02:30:01+0200,d8602f09-a04f-4239-8b86-3e2426d15a39,2026-09-05T13:00:00Z,2026-09-05T15:00:00+0200,-54.59,EUR/MWh,DK2,DK_2,imbalance_price,Long,2026-09-09T00:44:03Z
2026-09-09T00:30:01Z,2026-09-09T02:30:01+0200,d8602f09-a04f-4239-8b86-3e2426d15a39,2026-09-05T13:00:00Z,2026-09-05T15:00:00+0200,-54.59,EUR/MWh,DK2,DK_2,imbalance_price,Short,2026-09-09T00:44:03Z
2026-09-09T00:30:01Z,2026-09-09T02:30:01+0200,d8602f09-a04f-4239-8b86-3e2426d15a39,2026-09-05T13:15:00Z,2026-09-05T15:15:00+0200,-10.56,EUR/MWh,DK2,DK_2,imbalance_price,Long,2026-09-09T00:44:03Z
2026-09-09T00:30:01Z,2026-09-09T02:30:01+0200,d8602f09-a04f-4239-8b86-3e2426d15a39,2026-09-05T13:15:00Z,2026-09-05T15:15:00+0200,-10.56,EUR/MWh,DK2,DK_2,imbalance_price,Short,2026-09-09T00:44:03Z
2026-09-09T00:30:01Z,2026-09-09T02:30:01+0200,d8602f09-a04f-4239-8b86-3e2426d15a39,2026-09-05T13:30:00Z,2026-09-05T15:30:00+0200,2.2,EUR/MWh,DK2,DK_2,imbalance_price,Long,2026-09-09T00:44:03Z
2026-09-09T00:30:01Z,2026-09-09T02:30:01+0200,d8602f09-a04f-4239-8b86-3e2426d15a39,2026-09-05T13:30:00Z,2026-09-05T15:30:00+0200,2.2,EUR/MWh,DK2,DK_2,imbalance_price,Short,2026-09-09T00:44:03Z
2026-09-09T00:30:01Z,2026-09-09T02:30:01+0200,d8602f09-a04f-4239-8b86-3e2426d15a39,2026-09-05T13:45:00Z,2026-09-05T15:45:00+0200,-6.69,EUR/MWh,DK2,DK_2,imbalance_price,Long,2026-09-09T00:44:03Z
2026-09-09T00:30:01Z,2026-09-09T02:30:01+0200,d8602f09-a04f-4239-8b86-3e2426d15a39,2026-09-05T13:45:00Z,2026-09-05T15:45:00+0200,-6.69,EUR/MWh,DK2,DK_2,imbalance_price,Short,2026-09-09T00:44:03Z
2026-09-09T00:30:01Z,2026-09-09T02:30:01+0200,d8602f09-a04f-4239-8b86-3e2426d15a39,2026-09-05T14:00:00Z,2026-09-05T16:00:00+0200,-10.62,EUR/MWh,DK2,DK_2,imbalance_price,Long,2026-09-09T00:44:03Z
2026-09-09T00:30:01Z,2026-09-09T02:30:01+0200,d8602f09-a04f-4239-8b86-3e2426d15a39,2026-09-05T14:00:00Z,2026-09-05T16:00:00+0200,-10.62,EUR/MWh,DK2,DK_2,imbalance_price,Short,2026-09-09T00:44:03Z
2026-09-09T00:30:01Z,2026-09-09T02:30:01+0200,d8602f09-a04f-4239-8b86-3e2426d15a39,2026-09-05T14:15:00Z,2026-09-05T16:15:00+0200,-2.67,EUR/MWh,DK2,DK_2,imbalance_price,Long,2026-09-09T00:44:03Z
2026-09-09T00:30:01Z,2026-09-09T02:30:01+0200,d8602f09-a04f-4239-8b86-3e2426d15a39,2026-09-05T14:15:00Z,2026-09-05T16:15:00+0200,-2.67,EUR/MWh,DK2,DK_2,imbalance_price,Short,2026-09-09T00:44:03Z
2026-09-09T00:30:01Z,2026-09-09T02:30:01+0200,d8602f09-a04f-4239-8b86-3e2426d15a39,2026-09-05T14:30:00Z,2026-09-05T16:30:00+0200,-1.0,EUR/MWh,DK2,DK_2,imbalance_price,Long,2026-09-09T00:44:03Z
2026-09-09T00:30:01Z,2026-09-09T02:30:01+0200,d8602f09-a04f-4239-8b86-3e2426d15a39,2026-09-05T14:30:00Z,2026-09-05T16:30:00+0200,-1.0,EUR/MWh,DK2,DK_2,imbalance_price,Short,2026-09-09T00:44:03Z
2026-09-09T00:30:01Z,2026-09-09T02:30:01+0200,d8602f09-a04f-4239-8b86-3e2426d15a39,2026-09-05T14:45:00Z,2026-09-05T16:45:00+0200,-36.04,EUR/MWh,DK2,DK_2,imbalance_price,Long,2026-09-09T00:44:03Z
2026-09-09T00:30:01Z,2026-09-09T02:30:01+0200,d8602f09-a04f-4239-8b86-3e2426d15a39,2026-09-05T14:45:00Z,2026-09-05T16:45:00+0200,-36.04,EUR/MWh,DK2,DK_2,imbalance_price,Short,2026-09-09T00:44:03Z
2026-09-09T00:30:01Z,2026-09-09T02:30:01+0200,d8602f09-a04f-4239-8b86-3e2426d15a39,2026-09-05T15:00:00Z,2026-09-05T17:00:00+0200,-38.92,EUR/MWh,DK2,DK_2,imbalance_price,Long,2026-09-09T00:44:03Z
2026-09-09T00:30:01Z,2026-09-09T02:30:01+0200,d8602f09-a04f-4239-8b86-3e2426d15a39,2026-09-05T15:00:00Z,2026-09-05T17:00:00+0200,-38.92,EUR/MWh,DK2,DK_2,imbalance_price,Short,2026-09-09T00:44:03Z
2026-09-09T00:30:01Z,2026-09-09T02:30:01+0200,d8602f09-a04f-4239-8b86-3e2426d15a39,2026-09-05T15:15:00Z,2026-09-05T17:15:00+0200,3.11,EUR/MWh,DK2,DK_2,imbalance_price,Long,2026-09-09T00:44:03Z
2026-09-09T00:30:01Z,2026-09-09T02:30:01+0200,d8602f09-a04f-4239-8b86-3e2426d15a39,2026-09-05T15:15:00Z,2026-09-05T17:15:00+0200,3.11,EUR/MWh,DK2,DK_2,imbalance_price,Short,2026-09-09T00:44:03Z
2026-09-09T00:30:01Z,2026-09-09T02:30:01+0200,d8602f09-a04f-4239-8b86-3e2426d15a39,2026-09-05T15:30:00Z,2026-09-05T17:30:00+0200,-20.34,EUR/MWh,DK2,DK_2,imbalance_price,Long,2026-09-09T00:44:03Z
2026-09-09T00:30:01Z,2026-09-09T02:30:01+0200,d8602f09-a04f-4239-8b86-3e2426d15a39,2026-09-05T15:30:00Z,2026-09-05T17:30:00+0200,-20.34,EUR/MWh,DK2,DK_2,imbalance_price,Short,2026-09-09T00:44:03Z
2026-09-09T00:30:01Z,2026-09-09T02:30:01+0200,d8602f09-a04f-4239-8b86-3e2426d15a39,2026-09-05T15:45:00Z,2026-09-05T17:45:00+0200,-0.4,EUR/MWh,DK2,DK_2,imbalance_price,Long,2026-09-09T00:44:03Z
2026-09-09T00:30:01Z,2026-09-09T02:30:01+0200,d8602f09-a04f-4239-8b86-3e2426d15a39,2026-09-05T15:45:00Z,2026-09-05T17:45:00+0200,-0.4,EUR/MWh,DK2,DK_2,imbalance_price,Short,2026-09-09T00:44:03Z
2026-09-09T00:30:01Z,2026-09-09T02:30:01+0200,d8602f09-a04f-4239-8b86-3e2426d15a39,2026-09-05T16:00:00Z,2026-09-05T18:00:00+0200,-12.1,EUR/MWh,DK2,DK_2,imbalance_price,Long,2026-09-09T00:44:03Z
2026-09-09T00:30:01Z,2026-09-09T02:30:01+0200,d8602f09-a04f-4239-8b86-3e2426d15a39,2026-09-05T16:00:00Z,2026-09-05T18:00:00+0200,-12.1,EUR/MWh,DK2,DK_2,imbalance_price,Short,2026-09-09T00:44:03Z
2026-09-09T00:30:01Z,2026-09-09T02:30:01+0200,d8602f09-a04f-4239-8b86-3e2426d15a39,2026-09-05T16:15:00Z,2026-09-05T18:15:00+0200,15.55,EUR/MWh,DK2,DK_2,imbalance_price,Long,2026-09-09T00:44:03Z
2026-09-09T00:30:01Z,2026-09-09T02:30:01+0200,d8602f09-a04f-4239-8b86-3e2426d15a39,2026-09-05T16:15:00Z,2026-09-05T18:15:00+0200,15.55,EUR/MWh,DK2,DK_2,imbalance_price,Short,2026-09-09T00:44:03Z
2026-09-09T00:30:01Z,2026-09-09T02:30:01+0200,d8602f09-a04f-4239-8b86-3e2426d15a39,2026-09-05T16:30:00Z,2026-09-05T18:30:00+0200,58.33,EUR/MWh,DK2,DK_2,imbalance_price,Long,2026-09-09T00:44:03Z
2026-09-09T00:30:01Z,2026-09-09T02:30:01+0200,d8602f09-a04f-4239-8b86-3e2426d15a39,2026-09-05T16:30:00Z,2026-09-05T18:30:00+0200,58.33,EUR/MWh,DK2,DK_2,imbalance_price,Short,2026-09-09T00:44:03Z
2026-09-09T00:30:01Z,2026-09-09T02:30:01+0200,d8602f09-a04f-4239-8b86-3e2426d15a39,2026-09-05T16:45:00Z,2026-09-05T18:45:00+0200,108.95,EUR/MWh,DK2,DK_2,imbalance_price,Long,2026-09-09T00:44:03Z
2026-09-09T00:30:01Z,2026-09-09T02:30:01+0200,d8602f09-a04f-4239-8b86-3e2426d15a39,2026-09-05T16:45:00Z,2026-09-05T18:45:00+0200,108.95,EUR/MWh,DK2,DK_2,imbalance_price,Short,2026-09-09T00:44:03Z
2026-09-09T00:30:01Z,2026-09-09T02:30:01+0200,d8602f09-a04f-4239-8b86-3e2426d15a39,2026-09-05T17:00:00Z,2026-09-05T19:00:00+0200,68.23,EUR/MWh,DK2,DK_2,imbalance_price,Long,2026-09-09T00:44:03Z
2026-09-09T00:30:01Z,2026-09-09T02:30:01+0200,d8602f09-a04f-4239-8b86-3e2426d15a39,2026-09-05T17:00:00Z,2026-09-05T19:00:00+0200,68.23,EUR/MWh,DK2,DK_2,imbalance_price,Short,2026-09-09T00:44:03Z
2026-09-09T00:30:01Z,2026-09-09T02:30:01+0200,d8602f09-a04f-4239-8b86-3e2426d15a39,2026-09-05T17:15:00Z,2026-09-05T19:15:00+0200,107.49,EUR/MWh,DK2,DK_2,imbalance_price,Long,2026-09-09T00:44:03Z
2026-09-09T00:30:01Z,2026-09-09T02:30:01+0200,d8602f09-a04f-4239-8b86-3e2426d15a39,2026-09-05T17:15:00Z,2026-09-05T19:15:00+0200,107.49,EUR/MWh,DK2,DK_2,imbalance_price,Short,2026-09-09T00:44:03Z
2026-09-09T00:30:01Z,2026-09-09T02:30:01+0200,d8602f09-a04f-4239-8b86-3e2426d15a39,2026-09-05T17:30:00Z,2026-09-05T19:30:00+0200,73.84,EUR/MWh,DK2,DK_2,imbalance_price,Long,2026-09-09T00:44:03Z
2026-09-09T00:30:01Z,2026-09-09T02:30:01+0200,d8602f09-a04f-4239-8b86-3e2426d15a39,2026-09-05T17:30:00Z,2026-09-05T19:30:00+0200,73.84,EUR/MWh,DK2,DK_2,imbalance_price,Short,2026-09-09T00:44:03Z
2026-09-09T00:30:01Z,2026-09-09T02:30:01+0200,d8602f09-a04f-4239-8b86-3e2426d15a39,2026-09-05T17:45:00Z,2026-09-05T19:45:00+0200,6.21,EUR/MWh,DK2,DK_2,imbalance_price,Long,2026-09-09T00:44:03Z
2026-09-09T00:30:01Z,2026-09-09T02:30:01+0200,d8602f09-a04f-4239-8b86-3e2426d15a39,2026-09-05T17:45:00Z,2026-09-05T19:45:00+0200,6.21,EUR/MWh,DK2,DK_2,imbalance_price,Short,2026-09-09T00:44:03Z
2026-09-09T00:30:01Z,2026-09-09T02:30:01+0200,d8602f09-a04f-4239-8b86-3e2426d15a39,2026-09-05T18:00:00Z,2026-09-05T20:00:00+0200,-5.59,EUR/MWh,DK2,DK_2,imbalance_price,Long,2026-09-09T00:44:03Z
2026-09-09T00:30:01Z,2026-09-09T02:30:01+0200,d8602f09-a04f-4239-8b86-3e2426d15a39,2026-09-05T18:00:00Z,2026-09-05T20:00:00+0200,-5.59,EUR/MWh,DK2,DK_2,imbalance_price,Short,2026-09-09T00:44:03Z
2026-09-09T00:30:01Z,2026-09-09T02:30:01+0200,d8602f09-a04f-4239-8b86-3e2426d15a39,2026-09-05T18:15:00Z,2026-09-05T20:15:00+0200,-8.91,EUR/MWh,DK2,DK_2,imbalance_price,Long,2026-09-09T00:44:03Z
2026-09-09T00:30:01Z,2026-09-09T02:30:01+0200,d8602f09-a04f-4239-8b86-3e2426d15a39,2026-09-05T18:15:00Z,2026-09-05T20:15:00+0200,-8.91,EUR/MWh,DK2,DK_2,imbalance_price,Short,2026-09-09T00:44:03Z
2026-09-09T00:30:01Z,2026-09-09T02:30:01+0200,d8602f09-a04f-4239-8b86-3e2426d15a39,2026-09-05T18:30:00Z,2026-09-05T20:30:00+0200,2.0,EUR/MWh,DK2,DK_2,imbalance_price,Long,2026-09-09T00:44:03Z
2026-09-09T00:30:01Z,2026-09-09T02:30:01+0200,d8602f09-a04f-4239-8b86-3e2426d15a39,2026-09-05T18:30:00Z,2026-09-05T20:30:00+0200,2.0,EUR/MWh,DK2,DK_2,imbalance_price,Short,2026-09-09T00:44:03Z
2026-09-09T00:30:01Z,2026-09-09T02:30:01+0200,d8602f09-a04f-4239-8b86-3e2426d15a39,2026-09-05T18:45:00Z,2026-09-05T20:45:00+0200,2.0,EUR/MWh,DK2,DK_2,imbalance_price,Long,2026-09-09T00:44:03Z
2026-09-09T00:30:01Z,2026-09-09T02:30:01+0200,d8602f09-a04f-4239-8b86-3e2426d15a39,2026-09-05T18:45:00Z,2026-09-05T20:45:00+0200,2.0,EUR/MWh,DK2,DK_2,imbalance_price,Short,2026-09-09T00:44:03Z
2026-09-09T00:30:01Z,2026-09-09T02:30:01+0200,d8602f09-a04f-4239-8b86-3e2426d15a39,2026-09-05T19:00:00Z,2026-09-05T21:00:00+0200,1.5,EUR/MWh,DK2,DK_2,imbalance_price,Long,2026-09-09T00:44:03Z
2026-09-09T00:30:01Z,2026-09-09T02:30:01+0200,d8602f09-a04f-4239-8b86-3e2426d15a39,2026-09-05T19:00:00Z,2026-09-05T21:00:00+0200,1.5,EUR/MWh,DK2,DK_2,imbalance_price,Short,2026-09-09T00:44:03Z
2026-09-09T00:30:01Z,2026-09-09T02:30:01+0200,d8602f09-a04f-4239-8b86-3e2426d15a39,2026-09-05T19:15:00Z,2026-09-05T21:15:00+0200,0.75,EUR/MWh,DK2,DK_2,imbalance_price,Long,2026-09-09T00:44:03Z
2026-09-09T00:30:01Z,2026-09-09T02:30:01+0200,d8602f09-a04f-4239-8b86-3e2426d15a39,2026-09-05T19:15:00Z,2026-09-05T21:15:00+0200,0.75,EUR/MWh,DK2,DK_2,imbalance_price,Short,2026-09-09T00:44:03Z
2026-09-09T00:30:01Z,2026-09-09T02:30:01+0200,d8602f09-a04f-4239-8b86-3e2426d15a39,2026-09-05T19:30:00Z,2026-09-05T21:30:00+0200,76.43,EUR/MWh,DK2,DK_2,imbalance_price,Long,2026-09-09T00:44:03Z
2026-09-09T00:30:01Z,2026-09-09T02:30:01+0200,d8602f09-a04f-4239-8b86-3e2426d15a39,2026-09-05T19:30:00Z,2026-09-05T21:30:00+0200,76.43,EUR/MWh,DK2,DK_2,imbalance_price,Short,2026-09-09T00:44:03Z
2026-09-09T00:30:01Z,2026-09-09T02:30:01+0200,d8602f09-a04f-4239-8b86-3e2426d15a39,2026-09-05T19:45:00Z,2026-09-05T21:45:00+0200,77.68,EUR/MWh,DK2,DK_2,imbalance_price,Long,2026-09-09T00:44:03Z
2026-09-09T00:30:01Z,2026-09-09T02:30:01+0200,d8602f09-a04f-4239-8b86-3e2426d15a39,2026-09-05T19:45:00Z,2026-09-05T21:45:00+0200,77.68,EUR/MWh,DK2,DK_2,imbalance_price,Short,2026-09-09T00:44:03Z
2026-09-09T00:30:01Z,2026-09-09T02:30:01+0200,d8602f09-a04f-4239-8b86-3e2426d15a39,2026-09-05T20:00:00Z,2026-09-05T22:00:00+0200,0.0,EUR/MWh,DK2,DK_2,imbalance_price,Long,2026-09-09T00:44:03Z
2026-09-09T00:30:01Z,2026-09-09T02:30:01+0200,d8602f09-a04f-4239-8b86-3e2426d15a39,2026-09-05T20:00:00Z,2026-09-05T22:00:00+0200,0.0,EUR/MWh,DK2,DK_2,imbalance_price,Short,2026-09-09T00:44:03Z
2026-09-09T00:30:01Z,2026-09-09T02:30:01+0200,d8602f09-a04f-4239-8b86-3e2426d15a39,2026-09-05T20:15:00Z,2026-09-05T22:15:00+0200,1.0,EUR/MWh,DK2,DK_2,imbalance_price,Long,2026-09-09T00:44:03Z
2026-09-09T00:30:01Z,2026-09-09T02:30:01+0200,d8602f09-a04f-4239-8b86-3e2426d15a39,2026-09-05T20:15:00Z,2026-09-05T22:15:00+0200,1.0,EUR/MWh,DK2,DK_2,imbalance_price,Short,2026-09-09T00:44:03Z
2026-09-09T00:30:01Z,2026-09-09T02:30:01+0200,d8602f09-a04f-4239-8b86-3e2426d15a39,2026-09-05T20:30:00Z,2026-09-05T22:30:00+0200,-2.0,EUR/MWh,DK2,DK_2,imbalance_price,Long,2026-09-09T00:44:03Z
2026-09-09T00:30:01Z,2026-09-09T02:30:01+0200,d8602f09-a04f-4239-8b86-3e2426d15a39,2026-09-05T20:30:00Z,2026-09-05T22:30:00+0200,-2.0,EUR/MWh,DK2,DK_2,imbalance_price,Short,2026-09-09T00:44:03Z
2026-09-09T00:30:01Z,2026-09-09T02:30:01+0200,d8602f09-a04f-4239-8b86-3e2426d15a39,2026-09-05T20:45:00Z,2026-09-05T22:45:00+0200,-2.0,EUR/MWh,DK2,DK_2,imbalance_price,Long,2026-09-09T00:44:03Z
2026-09-09T00:30:01Z,2026-09-09T02:30:01+0200,d8602f09-a04f-4239-8b86-3e2426d15a39,2026-09-05T20:45:00Z,2026-09-05T22:45:00+0200,-2.0,EUR/MWh,DK2,DK_2,imbalance_price,Short,2026-09-09T00:44:03Z
2026-09-09T00:30:01Z,2026-09-09T02:30:01+0200,d8602f09-a04f-4239-8b86-3e2426d15a39,2026-09-05T21:00:00Z,2026-09-05T23:00:00+0200,-2.07,EUR/MWh,DK2,DK_2,imbalance_price,Long,2026-09-09T00:44:03Z
2026-09-09T00:30:01Z,2026-09-09T02:30:01+0200,d8602f09-a04f-4239-8b86-3e2426d15a39,2026-09-05T21:00:00Z,2026-09-05T23:00:00+0200,-2.07,EUR/MWh,DK2,DK_2,imbalance_price,Short,2026-09-09T00:44:03Z
2026-09-09T00:30:01Z,2026-09-09T02:30:01+0200,d8602f09-a04f-4239-8b86-3e2426d15a39,2026-09-05T21:15:00Z,2026-09-05T23:15:00+0200,-5.0,EUR/MWh,DK2,DK_2,imbalance_price,Long,2026-09-09T00:44:03Z
2026-09-09T00:30:01Z,2026-09-09T02:30:01+0200,d8602f09-a04f-4239-8b86-3e2426d15a39,2026-09-05T21:15:00Z,2026-09-05T23:15:00+0200,-5.0,EUR/MWh,DK2,DK_2,imbalance_price,Short,2026-09-09T00:44:03Z
2026-09-09T00:30:01Z,2026-09-09T02:30:01+0200,d8602f09-a04f-4239-8b86-3e2426d15a39,2026-09-05T21:30:00Z,2026-09-05T23:30:00+0200,75.78,EUR/MWh,DK2,DK_2,imbalance_price,Long,2026-09-09T00:44:03Z
2026-09-09T00:30:01Z,2026-09-09T02:30:01+0200,d8602f09-a04f-4239-8b86-3e2426d15a39,2026-09-05T21:30:00Z,2026-09-05T23:30:00+0200,75.78,EUR/MWh,DK2,DK_2,imbalance_price,Short,2026-09-09T00:44:03Z
2026-09-09T00:30:01Z,2026-09-09T02:30:01+0200,d8602f09-a04f-4239-8b86-3e2426d15a39,2026-09-05T21:45:00Z,2026-09-05T23:45:00+0200,75.99,EUR/MWh,DK2,DK_2,imbalance_price,Long,2026-09-09T00:44:03Z
2026-09-09T00:30:01Z,2026-09-09T02:30:01+0200,d8602f09-a04f-4239-8b86-3e2426d15a39,2026-09-05T21:45:00Z,2026-09-05T23:45:00+0200,75.99,EUR/MWh,DK2,DK_2,imbalance_price,Short,2026-09-09T00:44:03Z
2026-09-09T00:30:01Z,2026-09-09T02:30:01+0200,d8602f09-a04f-4239-8b86-3e2426d15a39,2026-09-05T22:00:00Z,2026-09-06T00:00:00+0200,99.72,EUR/MWh,DK2,DK_2,imbalance_price,Long,2026-09-09T00:44:03Z
2026-09-09T00:30:01Z,2026-09-09T02:30:01+0200,d8602f09-a04f-4239-8b86-3e2426d15a39,2026-09-05T22:00:00Z,2026-09-06T00:00:00+0200,99.72,EUR/MWh,DK2,DK_2,imbalance_price,Short,2026-09-09T00:44:03Z
2026-09-09T00:30:01Z,2026-09-09T02:30:01+0200,d8602f09-a04f-4239-8b86-3e2426d15a39,2026-09-05T22:15:00Z,2026-09-06T00:15:00+0200,99.46,EUR/MWh,DK2,DK_2,imbalance_price,Long,2026-09-09T00:44:03Z
2026-09-09T00:30:01Z,2026-09-09T02:30:01+0200,d8602f09-a04f-4239-8b86-3e2426d15a39,2026-09-05T22:15:00Z,2026-09-06T00:15:00+0200,99.46,EUR/MWh,DK2,DK_2,imbalance_price,Short,2026-09-09T00:44:03Z
2026-09-09T00:30:01Z,2026-09-09T02:30:01+0200,d8602f09-a04f-4239-8b86-3e2426d15a39,2026-09-05T22:30:00Z,2026-09-06T00:30:00+0200,-3.0,EUR/MWh,DK2,DK_2,imbalance_price,Long,2026-09-09T00:44:03Z
2026-09-09T00:30:01Z,2026-09-09T02:30:01+0200,d8602f09-a04f-4239-8b86-3e2426d15a39,2026-09-05T22:30:00Z,2026-09-06T00:30:00+0200,-3.0,EUR/MWh,DK2,DK_2,imbalance_price,Short,2026-09-09T00:44:03Z
2026-09-09T00:30:01Z,2026-09-09T02:30:01+0200,d8602f09-a04f-4239-8b86-3e2426d15a39,2026-09-05T22:45:00Z,2026-09-06T00:45:00+0200,-3.0,EUR/MWh,DK2,DK_2,imbalance_price,Long,2026-09-09T00:44:03Z
2026-09-09T00:30:01Z,2026-09-09T02:30:01+0200,d8602f09-a04f-4239-8b86-3e2426d15a39,2026-09-05T22:45:00Z,2026-09-06T00:45:00+0200,-3.0,EUR/MWh,DK2,DK_2,imbalance_price,Short,2026-09-09T00:44:03Z
2026-09-09T00:30:01Z,2026-09-09T02:30:01+0200,d8602f09-a04f-4239-8b86-3e2426d15a39,2026-09-05T23:00:00Z,2026-09-06T01:00:00+0200,-1.0,EUR/MWh,DK2,DK_2,imbalance_price,Long,2026-09-09T00:44:03Z
2026-09-09T00:30:01Z,2026-09-09T02:30:01+0200,d8602f09-a04f-4239-8b86-3e2426d15a39,2026-09-05T23:00:00Z,2026-09-06T01:00:00+0200,-1.0,EUR/MWh,DK2,DK_2,imbalance_price,Short,2026-09-09T00:44:03Z
2026-09-09T00:30:01Z,2026-09-09T02:30:01+0200,d8602f09-a04f-4239-8b86-3e2426d15a39,2026-09-05T23:15:00Z,2026-09-06T01:15:00+0200,0.0,EUR/MWh,DK2,DK_2,imbalance_price,Long,2026-09-09T00:44:03Z
2026-09-09T00:30:01Z,2026-09-09T02:30:01+0200,d8602f09-a04f-4239-8b86-3e2426d15a39,2026-09-05T23:15:00Z,2026-09-06T01:15:00+0200,0.0,EUR/MWh,DK2,DK_2,imbalance_price,Short,2026-09-09T00:44:03Z
2026-09-09T00:30:01Z,2026-09-09T02:30:01+0200,d8602f09-a04f-4239-8b86-3e2426d15a39,2026-09-05T23:30:00Z,2026-09-06T01:30:00+0200,-11.67,EUR/MWh,DK2,DK_2,imbalance_price,Long,2026-09-09T00:44:03Z
2026-09-09T00:30:01Z,2026-09-09T02:30:01+0200,d8602f09-a04f-4239-8b86-3e2426d15a39,2026-09-05T23:30:00Z,2026-09-06T01:30:00+0200,-11.67,EUR/MWh,DK2,DK_2,imbalance_price,Short,2026-09-09T00:44:03Z
2026-09-09T00:30:01Z,2026-09-09T02:30:01+0200,d8602f09-a04f-4239-8b86-3e2426d15a39,2026-09-05T23:45:00Z,2026-09-06T01:45:00+0200,3.86,EUR/MWh,DK2,DK_2,imbalance_price,Long,2026-09-09T00:44:03Z
2026-09-09T00:30:01Z,2026-09-09T02:30:01+0200,d8602f09-a04f-4239-8b86-3e2426d15a39,2026-09-05T23:45:00Z,2026-09-06T01:45:00+0200,3.86,EUR/MWh,DK2,DK_2,imbalance_price,Short,2026-09-09T00:44:03Z
2026-09-09T00:30:01Z,2026-09-09T02:30:01+0200,d8602f09-a04f-4239-8b86-3e2426d15a39,2026-09-06T00:00:00Z,2026-09-06T02:00:00+0200,-5.22,EUR/MWh,DK2,DK_2,imbalance_price,Long,2026-09-09T00:44:03Z
2026-09-09T00:30:01Z,2026-09-09T02:30:01+0200,d8602f09-a04f-4239-8b86-3e2426d15a39,2026-09-06T00:00:00Z,2026-09-06T02:00:00+0200,-5.22,EUR/MWh,DK2,DK_2,imbalance_price,Short,2026-09-09T00:44:03Z
2026-09-09T00:30:01Z,2026-09-09T02:30:01+0200,d8602f09-a04f-4239-8b86-3e2426d15a39,2026-09-06T00:15:00Z,2026-09-06T02:15:00+0200,-6.35,EUR/MWh,DK2,DK_2,imbalance_price,Long,2026-09-09T00:44:03Z
2026-09-09T00:30:01Z,2026-09-09T02:30:01+0200,d8602f09-a04f-4239-8b86-3e2426d15a39,2026-09-06T00:15:00Z,2026-09-06T02:15:00+0200,-6.35,EUR/MWh,DK2,DK_2,imbalance_price,Short,2026-09-09T00:44:03Z
2026-09-09T00:30:01Z,2026-09-09T02:30:01+0200,d8602f09-a04f-4239-8b86-3e2426d15a39,2026-09-06T00:30:00Z,2026-09-06T02:30:00+0200,-2.08,EUR/MWh,DK2,DK_2,imbalance_price,Long,2026-09-09T00:44:03Z
2026-09-09T00:30:01Z,2026-09-09T02:30:01+0200,d8602f09-a04f-4239-8b86-3e2426d15a39,2026-09-06T00:30:00Z,2026-09-06T02:30:00+0200,-2.08,EUR/MWh,DK2,DK_2,imbalance_price,Short,2026-09-09T00:44:03Z
2026-09-09T00:30:01Z,2026-09-09T02:30:01+0200,d8602f09-a04f-4239-8b86-3e2426d15a39,2026-09-06T00:45:00Z,2026-09-06T02:45:00+0200,-2.0,EUR/MWh,DK2,DK_2,imbalance_price,Long,2026-09-09T00:44:03Z
2026-09-09T00:30:01Z,2026-09-09T02:30:01+0200,d8602f09-a04f-4239-8b86-3e2426d15a39,2026-09-06T00:45:00Z,2026-09-06T02:45:00+0200,-2.0,EUR/MWh,DK2,DK_2,imbalance_price,Short,2026-09-09T00:44:03Z
2026-09-09T00:30:01Z,2026-09-09T02:30:01+0200,d8602f09-a04f-4239-8b86-3e2426d15a39,2026-09-06T01:00:00Z,2026-09-06T03:00:00+0200,-2.07,EUR/MWh,DK2,DK_2,imbalance_price,Long,2026-09-09T00:44:03Z
2026-09-09T00:30:01Z,2026-09-09T02:30:01+0200,d8602f09-a04f-4239-8b86-3e2426d15a39,2026-09-06T01:00:00Z,2026-09-06T03:00:00+0200,-2.07,EUR/MWh,DK2,DK_2,imbalance_price,Short,2026-09-09T00:44:03Z
2026-09-09T00:30:01Z,2026-09-09T02:30:01+0200,d8602f09-a04f-4239-8b86-3e2426d15a39,2026-09-06T01:15:00Z,2026-09-06T03:15:00+0200,96.29,EUR/MWh,DK2,DK_2,imbalance_price,Long,2026-09-09T00:44:03Z
2026-09-09T00:30:01Z,2026-09-09T02:30:01+0200,d8602f09-a04f-4239-8b86-3e2426d15a39,2026-09-06T01:15:00Z,2026-09-06T03:15:00+0200,96.29,EUR/MWh,DK2,DK_2,imbalance_price,Short,2026-09-09T00:44:03Z
2026-09-09T00:30:01Z,2026-09-09T02:30:01+0200,d8602f09-a04f-4239-8b86-3e2426d15a39,2026-09-06T01:30:00Z,2026-09-06T03:30:00+0200,-2.08,EUR/MWh,DK2,DK_2,imbalance_price,Long,2026-09-09T00:44:03Z
2026-09-09T00:30:01Z,2026-09-09T02:30:01+0200,d8602f09-a04f-4239-8b86-3e2426d15a39,2026-09-06T01:30:00Z,2026-09-06T03:30:00+0200,-2.08,EUR/MWh,DK2,DK_2,imbalance_price,Short,2026-09-09T00:44:03Z
2026-09-09T00:30:01Z,2026-09-09T02:30:01+0200,d8602f09-a04f-4239-8b86-3e2426d15a39,2026-09-06T01:45:00Z,2026-09-06T03:45:00+0200,-2.0,EUR/MWh,DK2,DK_2,imbalance_price,Long,2026-09-09T00:44:03Z
2026-09-09T00:30:01Z,2026-09-09T02:30:01+0200,d8602f09-a04f-4239-8b86-3e2426d15a39,2026-09-06T01:45:00Z,2026-09-06T03:45:00+0200,-2.0,EUR/MWh,DK2,DK_2,imbalance_price,Short,2026-09-09T00:44:03Z
2026-09-09T00:30:01Z,2026-09-09T02:30:01+0200,d8602f09-a04f-4239-8b86-3e2426d15a39,2026-09-06T02:00:00Z,2026-09-06T04:00:00+0200,112.81,EUR/MWh,DK2,DK_2,imbalance_price,Long,2026-09-09T00:44:03Z
2026-09-09T00:30:01Z,2026-09-09T02:30:01+0200,d8602f09-a04f-4239-8b86-3e2426d15a39,2026-09-06T02:00:00Z,2026-09-06T04:00:00+0200,112.81,EUR/MWh,DK2,DK_2,imbalance_price,Short,2026-09-09T00:44:03Z
2026-09-09T00:30:01Z,2026-09-09T02:30:01+0200,d8602f09-a04f-4239-8b86-3e2426d15a39,2026-09-06T02:15:00Z,2026-09-06T04:15:00+0200,35.66,EUR/MWh,DK2,DK_2,imbalance_price,Long,2026-09-09T00:44:03Z
2026-09-09T00:30:01Z,2026-09-09T02:30:01+0200,d8602f09-a04f-4239-8b86-3e2426d15a39,2026-09-06T02:15:00Z,2026-09-06T04:15:00+0200,35.66,EUR/MWh,DK2,DK_2,imbalance_price,Short,2026-09-09T00:44:03Z
2026-09-09T00:30:01Z,2026-09-09T02:30:01+0200,d8602f09-a04f-4239-8b86-3e2426d15a39,2026-09-06T02:30:00Z,2026-09-06T04:30:00+0200,41.77,EUR/MWh,DK2,DK_2,imbalance_price,Long,2026-09-09T00:44:03Z
2026-09-09T00:30:01Z,2026-09-09T02:30:01+0200,d8602f09-a04f-4239-8b86-3e2426d15a39,2026-09-06T02:30:00Z,2026-09-06T04:30:00+0200,41.77,EUR/MWh,DK2,DK_2,imbalance_price,Short,2026-09-09T00:44:03Z
2026-09-09T00:30:01Z,2026-09-09T02:30:01+0200,d8602f09-a04f-4239-8b86-3e2426d15a39,2026-09-06T02:45:00Z,2026-09-06T04:45:00+0200,117.13,EUR/MWh,DK2,DK_2,imbalance_price,Long,2026-09-09T00:44:03Z
2026-09-09T00:30:01Z,2026-09-09T02:30:01+0200,d8602f09-a04f-4239-8b86-3e2426d15a39,2026-09-06T02:45:00Z,2026-09-06T04:45:00+0200,117.13,EUR/MWh,DK2,DK_2,imbalance_price,Short,2026-09-09T00:44:03Z
2026-09-09T00:30:01Z,2026-09-09T02:30:01+0200,d8602f09-a04f-4239-8b86-3e2426d15a39,2026-09-06T03:00:00Z,2026-09-06T05:00:00+0200,128.68,EUR/MWh,DK2,DK_2,imbalance_price,Long,2026-09-09T00:44:03Z
2026-09-09T00:30:01Z,2026-09-09T02:30:01+0200,d8602f09-a04f-4239-8b86-3e2426d15a39,2026-09-06T03:00:00Z,2026-09-06T05:00:00+0200,128.68,EUR/MWh,DK2,DK_2,imbalance_price,Short,2026-09-09T00:44:03Z
2026-09-09T00:30:01Z,2026-09-09T02:30:01+0200,d8602f09-a04f-4239-8b86-3e2426d15a39,2026-09-06T03:15:00Z,2026-09-06T05:15:00+0200,129.56,EUR/MWh,DK2,DK_2,imbalance_price,Long,2026-09-09T00:44:03Z
2026-09-09T00:30:01Z,2026-09-09T02:30:01+0200,d8602f09-a04f-4239-8b86-3e2426d15a39,2026-09-06T03:15:00Z,2026-09-06T05:15:00+0200,129.56,EUR/MWh,DK2,DK_2,imbalance_price,Short,2026-09-09T00:44:03Z
2026-09-09T00:30:01Z,2026-09-09T02:30:01+0200,d8602f09-a04f-4239-8b86-3e2426d15a39,2026-09-06T03:30:00Z,2026-09-06T05:30:00+0200,141.31,EUR/MWh,DK2,DK_2,imbalance_price,Long,2026-09-09T00:44:03Z
2026-09-09T00:30:01Z,2026-09-09T02:30:01+0200,d8602f09-a04f-4239-8b86-3e2426d15a39,2026-09-06T03:30:00Z,2026-09-06T05:30:00+0200,141.31,EUR/MWh,DK2,DK_2,imbalance_price,Short,2026-09-09T00:44:03Z
2026-09-09T00:30:01Z,2026-09-09T02:30:01+0200,d8602f09-a04f-4239-8b86-3e2426d15a39,2026-09-06T03:45:00Z,2026-09-06T05:45:00+0200,139.8,EUR/MWh,DK2,DK_2,imbalance_price,Long,2026-09-09T00:44:03Z
2026-09-09T00:30:01Z,2026-09-09T02:30:01+0200,d8602f09-a04f-4239-8b86-3e2426d15a39,2026-09-06T03:45:00Z,2026-09-06T05:45:00+0200,139.8,EUR/MWh,DK2,DK_2,imbalance_price,Short,2026-09-09T00:44:03Z
2026-09-09T00:30:01Z,2026-09-09T02:30:01+0200,d8602f09-a04f-4239-8b86-3e2426d15a39,2026-09-06T04:00:00Z,2026-09-06T06:00:00+0200,137.7,EUR/MWh,DK2,DK_2,imbalance_price,Long,2026-09-09T00:44:03Z
2026-09-09T00:30:01Z,2026-09-09T02:30:01+0200,d8602f09-a04f-4239-8b86-3e2426d15a39,2026-09-06T04:00:00Z,2026-09-06T06:00:00+0200,137.7,EUR/MWh,DK2,DK_2,imbalance_price,Short,2026-09-09T00:44:03Z
2026-09-09T00:30:01Z,2026-09-09T02:30:01+0200,d8602f09-a04f-4239-8b86-3e2426d15a39,2026-09-06T04:15:00Z,2026-09-06T06:15:00+0200,138.88,EUR/MWh,DK2,DK_2,imbalance_price,Long,2026-09-09T00:44:03Z
2026-09-09T00:30:01Z,2026-09-09T02:30:01+0200,d8602f09-a04f-4239-8b86-3e2426d15a39,2026-09-06T04:15:00Z,2026-09-06T06:15:00+0200,138.88,EUR/MWh,DK2,DK_2,imbalance_price,Short,2026-09-09T00:44:03Z
2026-09-09T00:30:01Z,2026-09-09T02:30:01+0200,d8602f09-a04f-4239-8b86-3e2426d15a39,2026-09-06T04:30:00Z,2026-09-06T06:30:00+0200,140.65,EUR/MWh,DK2,DK_2,imbalance_price,Long,2026-09-09T00:44:03Z
2026-09-09T00:30:01Z,2026-09-09T02:30:01+0200,d8602f09-a04f-4239-8b86-3e2426d15a39,2026-09-06T04:30:00Z,2026-09-06T06:30:00+0200,140.65,EUR/MWh,DK2,DK_2,imbalance_price,Short,2026-09-09T00:44:03Z
2026-09-09T00:30:01Z,2026-09-09T02:30:01+0200,d8602f09-a04f-4239-8b86-3e2426d15a39,2026-09-06T04:45:00Z,2026-09-06T06:45:00+0200,138.23,EUR/MWh,DK2,DK_2,imbalance_price,Long,2026-09-09T00:44:03Z
2026-09-09T00:30:01Z,2026-09-09T02:30:01+0200,d8602f09-a04f-4239-8b86-3e2426d15a39,2026-09-06T04:45:00Z,2026-09-06T06:45:00+0200,138.23,EUR/MWh,DK2,DK_2,imbalance_price,Short,2026-09-09T00:44:03Z
2026-09-09T00:30:01Z,2026-09-09T02:30:01+0200,d8602f09-a04f-4239-8b86-3e2426d15a39,2026-09-06T05:00:00Z,2026-09-06T07:00:00+0200,12.52,EUR/MWh,DK2,DK_2,imbalance_price,Long,2026-09-09T00:44:03Z
2026-09-09T00:30:01Z,2026-09-09T02:30:01+0200,d8602f09-a04f-4239-8b86-3e2426d15a39,2026-09-06T05:00:00Z,2026-09-06T07:00:00+0200,12.52,EUR/MWh,DK2,DK_2,imbalance_price,Short,2026-09-09T00:44:03Z
2026-09-09T00:30:01Z,2026-09-09T02:30:01+0200,d8602f09-a04f-4239-8b86-3e2426d15a39,2026-09-06T05:15:00Z,2026-09-06T07:15:00+0200,40.09,EUR/MWh,DK2,DK_2,imbalance_price,Long,2026-09-09T00:44:03Z
2026-09-09T00:30:01Z,2026-09-09T02:30:01+0200,d8602f09-a04f-4239-8b86-3e2426d15a39,2026-09-06T05:15:00Z,2026-09-06T07:15:00+0200,40.09,EUR/MWh,DK2,DK_2,imbalance_price,Short,2026-09-09T00:44:03Z
2026-09-09T00:30:01Z,2026-09-09T02:30:01+0200,d8602f09-a04f-4239-8b86-3e2426d15a39,2026-09-06T05:30:00Z,2026-09-06T07:30:00+0200,127.41,EUR/MWh,DK2,DK_2,imbalance_price,Long,2026-09-09T00:44:03Z
2026-09-09T00:30:01Z,2026-09-09T02:30:01+0200,d8602f09-a04f-4239-8b86-3e2426d15a39,2026-09-06T05:30:00Z,2026-09-06T07:30:00+0200,127.41,EUR/MWh,DK2,DK_2,imbalance_price,Short,2026-09-09T00:44:03Z
2026-09-09T00:30:01Z,2026-09-09T02:30:01+0200,d8602f09-a04f-4239-8b86-3e2426d15a39,2026-09-06T05:45:00Z,2026-09-06T07:45:00+0200,117.76,EUR/MWh,DK2,DK_2,imbalance_price,Long,2026-09-09T00:44:03Z
2026-09-09T00:30:01Z,2026-09-09T02:30:01+0200,d8602f09-a04f-4239-8b86-3e2426d15a39,2026-09-06T05:45:00Z,2026-09-06T07:45:00+0200,117.76,EUR/MWh,DK2,DK_2,imbalance_price,Short,2026-09-09T00:44:03Z
2026-09-09T00:30:01Z,2026-09-09T02:30:01+0200,d8602f09-a04f-4239-8b86-3e2426d15a39,2026-09-06T06:00:00Z,2026-09-06T08:00:00+0200,135.19,EUR/MWh,DK2,DK_2,imbalance_price,Long,2026-09-09T00:44:03Z
2026-09-09T00:30:01Z,2026-09-09T02:30:01+0200,d8602f09-a04f-4239-8b86-3e2426d15a39,2026-09-06T06:00:00Z,2026-09-06T08:00:00+0200,135.19,EUR/MWh,DK2,DK_2,imbalance_price,Short,2026-09-09T00:44:03Z
2026-09-09T00:30:01Z,2026-09-09T02:30:01+0200,d8602f09-a04f-4239-8b86-3e2426d15a39,2026-09-06T06:15:00Z,2026-09-06T08:15:00+0200,119.45,EUR/MWh,DK2,DK_2,imbalance_price,Long,2026-09-09T00:44:03Z
2026-09-09T00:30:01Z,2026-09-09T02:30:01+0200,d8602f09-a04f-4239-8b86-3e2426d15a39,2026-09-06T06:15:00Z,2026-09-06T08:15:00+0200,119.45,EUR/MWh,DK2,DK_2,imbalance_price,Short,2026-09-09T00:44:03Z
2026-09-09T00:30:01Z,2026-09-09T02:30:01+0200,d8602f09-a04f-4239-8b86-3e2426d15a39,2026-09-06T06:30:00Z,2026-09-06T08:30:00+0200,11.42,EUR/MWh,DK2,DK_2,imbalance_price,Long,2026-09-09T00:44:03Z
2026-09-09T00:30:01Z,2026-09-09T02:30:01+0200,d8602f09-a04f-4239-8b86-3e2426d15a39,2026-09-06T06:30:00Z,2026-09-06T08:30:00+0200,11.42,EUR/MWh,DK2,DK_2,imbalance_price,Short,2026-09-09T00:44:03Z
2026-09-09T00:30:01Z,2026-09-09T02:30:01+0200,d8602f09-a04f-4239-8b86-3e2426d15a39,2026-09-06T06:45:00Z,2026-09-06T08:45:00+0200,2.53,EUR/MWh,DK2,DK_2,imbalance_price,Long,2026-09-09T00:44:03Z
2026-09-09T00:30:01Z,2026-09-09T02:30:01+0200,d8602f09-a04f-4239-8b86-3e2426d15a39,2026-09-06T06:45:00Z,2026-09-06T08:45:00+0200,2.53,EUR/MWh,DK2,DK_2,imbalance_price,Short,2026-09-09T00:44:03Z
2026-09-09T00:30:01Z,2026-09-09T02:30:01+0200,d8602f09-a04f-4239-8b86-3e2426d15a39,2026-09-06T07:00:00Z,2026-09-06T09:00:00+0200,3.75,EUR/MWh,DK2,DK_2,imbalance_price,Long,2026-09-09T00:44:03Z
2026-09-09T00:30:01Z,2026-09-09T02:30:01+0200,d8602f09-a04f-4239-8b86-3e2426d15a39,2026-09-06T07:00:00Z,2026-09-06T09:00:00+0200,3.75,EUR/MWh,DK2,DK_2,imbalance_price,Short,2026-09-09T00:44:03Z
2026-09-09T00:30:01Z,2026-09-09T02:30:01+0200,d8602f09-a04f-4239-8b86-3e2426d15a39,2026-09-06T07:15:00Z,2026-09-06T09:15:00+0200,2.05,EUR/MWh,DK2,DK_2,imbalance_price,Long,2026-09-09T00:44:03Z
2026-09-09T00:30:01Z,2026-09-09T02:30:01+0200,d8602f09-a04f-4239-8b86-3e2426d15a39,2026-09-06T07:15:00Z,2026-09-06T09:15:00+0200,2.05,EUR/MWh,DK2,DK_2,imbalance_price,Short,2026-09-09T00:44:03Z
2026-09-09T00:30:01Z,2026-09-09T02:30:01+0200,d8602f09-a04f-4239-8b86-3e2426d15a39,2026-09-06T07:30:00Z,2026-09-06T09:30:00+0200,-4.34,EUR/MWh,DK2,DK_2,imbalance_price,Long,2026-09-09T00:44:03Z
2026-09-09T00:30:01Z,2026-09-09T02:30:01+0200,d8602f09-a04f-4239-8b86-3e2426d15a39,2026-09-06T07:30:00Z,2026-09-06T09:30:00+0200,-4.34,EUR/MWh,DK2,DK_2,imbalance_price,Short,2026-09-09T00:44:03Z
2026-09-09T00:30:01Z,2026-09-09T02:30:01+0200,d8602f09-a04f-4239-8b86-3e2426d15a39,2026-09-06T07:45:00Z,2026-09-06T09:45:00+0200,-18.66,EUR/MWh,DK2,DK_2,imbalance_price,Long,2026-09-09T00:44:03Z
2026-09-09T00:30:01Z,2026-09-09T02:30:01+0200,d8602f09-a04f-4239-8b86-3e2426d15a39,2026-09-06T07:45:00Z,2026-09-06T09:45:00+0200,-18.66,EUR/MWh,DK2,DK_2,imbalance_price,Short,2026-09-09T00:44:03Z
2026-09-09T00:30:01Z,2026-09-09T02:30:01+0200,d8602f09-a04f-4239-8b86-3e2426d15a39,2026-09-06T08:00:00Z,2026-09-06T10:00:00+0200,-22.95,EUR/MWh,DK2,DK_2,imbalance_price,Long,2026-09-09T00:44:03Z
2026-09-09T00:30:01Z,2026-09-09T02:30:01+0200,d8602f09-a04f-4239-8b86-3e2426d15a39,2026-09-06T08:00:00Z,2026-09-06T10:00:00+0200,-22.95,EUR/MWh,DK2,DK_2,imbalance_price,Short,2026-09-09T00:44:03Z
2026-09-09T00:30:01Z,2026-09-09T02:30:01+0200,d8602f09-a04f-4239-8b86-3e2426d15a39,2026-09-06T08:15:00Z,2026-09-06T10:15:00+0200,-36.94,EUR/MWh,DK2,DK_2,imbalance_price,Long,2026-09-09T00:44:03Z
2026-09-09T00:30:01Z,2026-09-09T02:30:01+0200,d8602f09-a04f-4239-8b86-3e2426d15a39,2026-09-06T08:15:00Z,2026-09-06T10:15:00+0200,-36.94,EUR/MWh,DK2,DK_2,imbalance_price,Short,2026-09-09T00:44:03Z
2026-09-09T00:30:01Z,2026-09-09T02:30:01+0200,d8602f09-a04f-4239-8b86-3e2426d15a39,2026-09-06T08:30:00Z,2026-09-06T10:30:00+0200,1.34,EUR/MWh,DK2,DK_2,imbalance_price,Long,2026-09-09T00:44:03Z
2026-09-09T00:30:01Z,2026-09-09T02:30:01+0200,d8602f09-a04f-4239-8b86-3e2426d15a39,2026-09-06T08:30:00Z,2026-09-06T10:30:00+0200,1.34,EUR/MWh,DK2,DK_2,imbalance_price,Short,2026-09-09T00:44:03Z
2026-09-09T00:30:01Z,2026-09-09T02:30:01+0200,d8602f09-a04f-4239-8b86-3e2426d15a39,2026-09-06T08:45:00Z,2026-09-06T10:45:00+0200,0.21,EUR/MWh,DK2,DK_2,imbalance_price,Long,2026-09-09T00:44:03Z
2026-09-09T00:30:01Z,2026-09-09T02:30:01+0200,d8602f09-a04f-4239-8b86-3e2426d15a39,2026-09-06T08:45:00Z,2026-09-06T10:45:00+0200,0.21,EUR/MWh,DK2,DK_2,imbalance_price,Short,2026-09-09T00:44:03Z
2026-09-09T00:30:01Z,2026-09-09T02:30:01+0200,d8602f09-a04f-4239-8b86-3e2426d15a39,2026-09-06T09:00:00Z,2026-09-06T11:00:00+0200,-14.11,EUR/MWh,DK2,DK_2,imbalance_price,Long,2026-09-09T00:44:03Z
2026-09-09T00:30:01Z,2026-09-09T02:30:01+0200,d8602f09-a04f-4239-8b86-3e2426d15a39,2026-09-06T09:00:00Z,2026-09-06T11:00:00+0200,-14.11,EUR/MWh,DK2,DK_2,imbalance_price,Short,2026-09-09T00:44:03Z
2026-09-09T00:30:01Z,2026-09-09T02:30:01+0200,d8602f09-a04f-4239-8b86-3e2426d15a39,2026-09-06T09:15:00Z,2026-09-06T11:15:00+0200,-15.13,EUR/MWh,DK2,DK_2,imbalance_price,Long,2026-09-09T00:44:03Z
2026-09-09T00:30:01Z,2026-09-09T02:30:01+0200,d8602f09-a04f-4239-8b86-3e2426d15a39,2026-09-06T09:15:00Z,2026-09-06T11:15:00+0200,-15.13,EUR/MWh,DK2,DK_2,imbalance_price,Short,2026-09-09T00:44:03Z
2026-09-09T00:30:01Z,2026-09-09T02:30:01+0200,d8602f09-a04f-4239-8b86-3e2426d15a39,2026-09-06T09:30:00Z,2026-09-06T11:30:00+0200,-12.43,EUR/MWh,DK2,DK_2,imbalance_price,Long,2026-09-09T00:44:03Z
2026-09-09T00:30:01Z,2026-09-09T02:30:01+0200,d8602f09-a04f-4239-8b86-3e2426d15a39,2026-09-06T09:30:00Z,2026-09-06T11:30:00+0200,-12.43,EUR/MWh,DK2,DK_2,imbalance_price,Short,2026-09-09T00:44:03Z
2026-09-09T00:30:01Z,2026-09-09T02:30:01+0200,d8602f09-a04f-4239-8b86-3e2426d15a39,2026-09-06T09:45:00Z,2026-09-06T11:45:00+0200,-15.1,EUR/MWh,DK2,DK_2,imbalance_price,Long,2026-09-09T00:44:03Z
2026-09-09T00:30:01Z,2026-09-09T02:30:01+0200,d8602f09-a04f-4239-8b86-3e2426d15a39,2026-09-06T09:45:00Z,2026-09-06T11:45:00+0200,-15.1,EUR/MWh,DK2,DK_2,imbalance_price,Short,2026-09-09T00:44:03Z
2026-09-09T00:30:01Z,2026-09-09T02:30:01+0200,d8602f09-a04f-4239-8b86-3e2426d15a39,2026-09-06T10:00:00Z,2026-09-06T12:00:00+0200,-22.9,EUR/MWh,DK2,DK_2,imbalance_price,Long,2026-09-09T00:44:03Z
2026-09-09T00:30:01Z,2026-09-09T02:30:01+0200,d8602f09-a04f-4239-8b86-3e2426d15a39,2026-09-06T10:00:00Z,2026-09-06T12:00:00+0200,-22.9,EUR/MWh,DK2,DK_2,imbalance_price,Short,2026-09-09T00:44:03Z
2026-09-09T00:30:01Z,2026-09-09T02:30:01+0200,d8602f09-a04f-4239-8b86-3e2426d15a39,2026-09-06T10:15:00Z,2026-09-06T12:15:00+0200,-20.14,EUR/MWh,DK2,DK_2,imbalance_price,Long,2026-09-09T00:44:03Z
2026-09-09T00:30:01Z,2026-09-09T02:30:01+0200,d8602f09-a04f-4239-8b86-3e2426d15a39,2026-09-06T10:15:00Z,2026-09-06T12:15:00+0200,-20.14,EUR/MWh,DK2,DK_2,imbalance_price,Short,2026-09-09T00:44:03Z
2026-09-09T00:30:01Z,2026-09-09T02:30:01+0200,d8602f09-a04f-4239-8b86-3e2426d15a39,2026-09-06T10:30:00Z,2026-09-06T12:30:00+0200,-24.08,EUR/MWh,DK2,DK_2,imbalance_price,Long,2026-09-09T00:44:03Z
2026-09-09T00:30:01Z,2026-09-09T02:30:01+0200,d8602f09-a04f-4239-8b86-3e2426d15a39,2026-09-06T10:30:00Z,2026-09-06T12:30:00+0200,-24.08,EUR/MWh,DK2,DK_2,imbalance_price,Short,2026-09-09T00:44:03Z
2026-09-09T00:30:01Z,2026-09-09T02:30:01+0200,d8602f09-a04f-4239-8b86-3e2426d15a39,2026-09-06T10:45:00Z,2026-09-06T12:45:00+0200,-24.7,EUR/MWh,DK2,DK_2,imbalance_price,Long,2026-09-09T00:44:03Z
2026-09-09T00:30:01Z,2026-09-09T02:30:01+0200,d8602f09-a04f-4239-8b86-3e2426d15a39,2026-09-06T10:45:00Z,2026-09-06T12:45:00+0200,-24.7,EUR/MWh,DK2,DK_2,imbalance_price,Short,2026-09-09T00:44:03Z
2026-09-09T00:30:01Z,2026-09-09T02:30:01+0200,d8602f09-a04f-4239-8b86-3e2426d15a39,2026-09-06T11:00:00Z,2026-09-06T13:00:00+0200,-29.57,EUR/MWh,DK2,DK_2,imbalance_price,Long,2026-09-09T00:44:03Z
2026-09-09T00:30:01Z,2026-09-09T02:30:01+0200,d8602f09-a04f-4239-8b86-3e2426d15a39,2026-09-06T11:00:00Z,2026-09-06T13:00:00+0200,-29.57,EUR/MWh,DK2,DK_2,imbalance_price,Short,2026-09-09T00:44:03Z
2026-09-09T00:30:01Z,2026-09-09T02:30:01+0200,d8602f09-a04f-4239-8b86-3e2426d15a39,2026-09-06T11:15:00Z,2026-09-06T13:15:00+0200,-20.07,EUR/MWh,DK2,DK_2,imbalance_price,Long,2026-09-09T00:44:03Z
2026-09-09T00:30:01Z,2026-09-09T02:30:01+0200,d8602f09-a04f-4239-8b86-3e2426d15a39,2026-09-06T11:15:00Z,2026-09-06T13:15:00+0200,-20.07,EUR/MWh,DK2,DK_2,imbalance_price,Short,2026-09-09T00:44:03Z
2026-09-09T00:30:01Z,2026-09-09T02:30:01+0200,d8602f09-a04f-4239-8b86-3e2426d15a39,2026-09-06T11:30:00Z,2026-09-06T13:30:00+0200,-20.88,EUR/MWh,DK2,DK_2,imbalance_price,Long,2026-09-09T00:44:03Z
2026-09-09T00:30:01Z,2026-09-09T02:30:01+0200,d8602f09-a04f-4239-8b86-3e2426d15a39,2026-09-06T11:30:00Z,2026-09-06T13:30:00+0200,-20.88,EUR/MWh,DK2,DK_2,imbalance_price,Short,2026-09-09T00:44:03Z
2026-09-09T00:30:01Z,2026-09-09T02:30:01+0200,d8602f09-a04f-4239-8b86-3e2426d15a39,2026-09-06T11:45:00Z,2026-09-06T13:45:00+0200,-30.0,EUR/MWh,DK2,DK_2,imbalance_price,Long,2026-09-09T00:44:03Z
2026-09-09T00:30:01Z,2026-09-09T02:30:01+0200,d8602f09-a04f-4239-8b86-3e2426d15a39,2026-09-06T11:45:00Z,2026-09-06T13:45:00+0200,-30.0,EUR/MWh,DK2,DK_2,imbalance_price,Short,2026-09-09T00:44:03Z
2026-09-09T00:30:01Z,2026-09-09T02:30:01+0200,d8602f09-a04f-4239-8b86-3e2426d15a39,2026-09-06T12:00:00Z,2026-09-06T14:00:00+0200,-35.54,EUR/MWh,DK2,DK_2,imbalance_price,Long,2026-09-09T00:44:03Z
2026-09-09T00:30:01Z,2026-09-09T02:30:01+0200,d8602f09-a04f-4239-8b86-3e2426d15a39,2026-09-06T12:00:00Z,2026-09-06T14:00:00+0200,-35.54,EUR/MWh,DK2,DK_2,imbalance_price,Short,2026-09-09T00:44:03Z
2026-09-09T00:30:01Z,2026-09-09T02:30:01+0200,d8602f09-a04f-4239-8b86-3e2426d15a39,2026-09-06T12:15:00Z,2026-09-06T14:15:00+0200,-36.0,EUR/MWh,DK2,DK_2,imbalance_price,Long,2026-09-09T00:44:03Z
2026-09-09T00:30:01Z,2026-09-09T02:30:01+0200,d8602f09-a04f-4239-8b86-3e2426d15a39,2026-09-06T12:15:00Z,2026-09-06T14:15:00+0200,-36.0,EUR/MWh,DK2,DK_2,imbalance_price,Short,2026-09-09T00:44:03Z
2026-09-09T00:30:01Z,2026-09-09T02:30:01+0200,d8602f09-a04f-4239-8b86-3e2426d15a39,2026-09-06T12:30:00Z,2026-09-06T14:30:00+0200,-30.09,EUR/MWh,DK2,DK_2,imbalance_price,Long,2026-09-09T00:44:03Z
2026-09-09T00:30:01Z,2026-09-09T02:30:01+0200,d8602f09-a04f-4239-8b86-3e2426d15a39,2026-09-06T12:30:00Z,2026-09-06T14:30:00+0200,-30.09,EUR/MWh,DK2,DK_2,imbalance_price,Short,2026-09-09T00:44:03Z
2026-09-09T00:30:01Z,2026-09-09T02:30:01+0200,d8602f09-a04f-4239-8b86-3e2426d15a39,2026-09-06T12:45:00Z,2026-09-06T14:45:00+0200,-20.07,EUR/MWh,DK2,DK_2,imbalance_price,Long,2026-09-09T00:44:03Z
2026-09-09T00:30:01Z,2026-09-09T02:30:01+0200,d8602f09-a04f-4239-8b86-3e2426d15a39,2026-09-06T12:45:00Z,2026-09-06T14:45:00+0200,-20.07,EUR/MWh,DK2,DK_2,imbalance_price,Short,2026-09-09T00:44:03Z
2026-09-09T00:30:01Z,2026-09-09T02:30:01+0200,d8602f09-a04f-4239-8b86-3e2426d15a39,2026-09-06T13:00:00Z,2026-09-06T15:00:00+0200,-18.71,EUR/MWh,DK2,DK_2,imbalance_price,Long,2026-09-09T00:44:03Z
2026-09-09T00:30:01Z,2026-09-09T02:30:01+0200,d8602f09-a04f-4239-8b86-3e2426d15a39,2026-09-06T13:00:00Z,2026-09-06T15:00:00+0200,-18.71,EUR/MWh,DK2,DK_2,imbalance_price,Short,2026-09-09T00:44:03Z
2026-09-09T00:30:01Z,2026-09-09T02:30:01+0200,d8602f09-a04f-4239-8b86-3e2426d15a39,2026-09-06T13:15:00Z,2026-09-06T15:15:00+0200,-17.26,EUR/MWh,DK2,DK_2,imbalance_price,Long,2026-09-09T00:44:03Z
2026-09-09T00:30:01Z,2026-09-09T02:30:01+0200,d8602f09-a04f-4239-8b86-3e2426d15a39,2026-09-06T13:15:00Z,2026-09-06T15:15:00+0200,-17.26,EUR/MWh,DK2,DK_2,imbalance_price,Short,2026-09-09T00:44:03Z
2026-09-09T00:30:01Z,2026-09-09T02:30:01+0200,d8602f09-a04f-4239-8b86-3e2426d15a39,2026-09-06T13:30:00Z,2026-09-06T15:30:00+0200,-20.07,EUR/MWh,DK2,DK_2,imbalance_price,Long,2026-09-09T00:44:03Z
2026-09-09T00:30:01Z,2026-09-09T02:30:01+0200,d8602f09-a04f-4239-8b86-3e2426d15a39,2026-09-06T13:30:00Z,2026-09-06T15:30:00+0200,-20.07,EUR/MWh,DK2,DK_2,imbalance_price,Short,2026-09-09T00:44:03Z
2026-09-09T00:30:01Z,2026-09-09T02:30:01+0200,d8602f09-a04f-4239-8b86-3e2426d15a39,2026-09-06T13:45:00Z,2026-09-06T15:45:00+0200,-20.07,EUR/MWh,DK2,DK_2,imbalance_price,Long,2026-09-09T00:44:03Z
2026-09-09T00:30:01Z,2026-09-09T02:30:01+0200,d8602f09-a04f-4239-8b86-3e2426d15a39,2026-09-06T13:45:00Z,2026-09-06T15:45:00+0200,-20.07,EUR/MWh,DK2,DK_2,imbalance_price,Short,2026-09-09T00:44:03Z
2026-09-09T00:30:01Z,2026-09-09T02:30:01+0200,d8602f09-a04f-4239-8b86-3e2426d15a39,2026-09-06T14:00:00Z,2026-09-06T16:00:00+0200,-7.6,EUR/MWh,DK2,DK_2,imbalance_price,Long,2026-09-09T00:44:03Z
2026-09-09T00:30:01Z,2026-09-09T02:30:01+0200,d8602f09-a04f-4239-8b86-3e2426d15a39,2026-09-06T14:00:00Z,2026-09-06T16:00:00+0200,-7.6,EUR/MWh,DK2,DK_2,imbalance_price,Short,2026-09-09T00:44:03Z
2026-09-09T00:30:01Z,2026-09-09T02:30:01+0200,d8602f09-a04f-4239-8b86-3e2426d15a39,2026-09-06T14:15:00Z,2026-09-06T16:15:00+0200,-17.69,EUR/MWh,DK2,DK_2,imbalance_price,Long,2026-09-09T00:44:03Z
2026-09-09T00:30:01Z,2026-09-09T02:30:01+0200,d8602f09-a04f-4239-8b86-3e2426d15a39,2026-09-06T14:15:00Z,2026-09-06T16:15:00+0200,-17.69,EUR/MWh,DK2,DK_2,imbalance_price,Short,2026-09-09T00:44:03Z
2026-09-09T00:30:01Z,2026-09-09T02:30:01+0200,d8602f09-a04f-4239-8b86-3e2426d15a39,2026-09-06T14:30:00Z,2026-09-06T16:30:00+0200,19.98,EUR/MWh,DK2,DK_2,imbalance_price,Long,2026-09-09T00:44:03Z
2026-09-09T00:30:01Z,2026-09-09T02:30:01+0200,d8602f09-a04f-4239-8b86-3e2426d15a39,2026-09-06T14:30:00Z,2026-09-06T16:30:00+0200,19.98,EUR/MWh,DK2,DK_2,imbalance_price,Short,2026-09-09T00:44:03Z
2026-09-09T00:30:01Z,2026-09-09T02:30:01+0200,d8602f09-a04f-4239-8b86-3e2426d15a39,2026-09-06T14:45:00Z,2026-09-06T16:45:00+0200,-11.77,EUR/MWh,DK2,DK_2,imbalance_price,Long,2026-09-09T00:44:03Z
2026-09-09T00:30:01Z,2026-09-09T02:30:01+0200,d8602f09-a04f-4239-8b86-3e2426d15a39,2026-09-06T14:45:00Z,2026-09-06T16:45:00+0200,-11.77,EUR/MWh,DK2,DK_2,imbalance_price,Short,2026-09-09T00:44:03Z
2026-09-09T00:30:01Z,2026-09-09T02:30:01+0200,d8602f09-a04f-4239-8b86-3e2426d15a39,2026-09-06T15:00:00Z,2026-09-06T17:00:00+0200,0.0,EUR/MWh,DK2,DK_2,imbalance_price,Long,2026-09-09T00:44:03Z
2026-09-09T00:30:01Z,2026-09-09T02:30:01+0200,d8602f09-a04f-4239-8b86-3e2426d15a39,2026-09-06T15:00:00Z,2026-09-06T17:00:00+0200,0.0,EUR/MWh,DK2,DK_2,imbalance_price,Short,2026-09-09T00:44:03Z
2026-09-09T00:30:01Z,2026-09-09T02:30:01+0200,d8602f09-a04f-4239-8b86-3e2426d15a39,2026-09-06T15:15:00Z,2026-09-06T17:15:00+0200,-1.98,EUR/MWh,DK2,DK_2,imbalance_price,Long,2026-09-09T00:44:03Z
2026-09-09T00:30:01Z,2026-09-09T02:30:01+0200,d8602f09-a04f-4239-8b86-3e2426d15a39,2026-09-06T15:15:00Z,2026-09-06T17:15:00+0200,-1.98,EUR/MWh,DK2,DK_2,imbalance_price,Short,2026-09-09T00:44:03Z
2026-09-09T00:30:01Z,2026-09-09T02:30:01+0200,d8602f09-a04f-4239-8b86-3e2426d15a39,2026-09-06T15:30:00Z,2026-09-06T17:30:00+0200,1.5,EUR/MWh,DK2,DK_2,imbalance_price,Long,2026-09-09T00:44:03Z
2026-09-09T00:30:01Z,2026-09-09T02:30:01+0200,d8602f09-a04f-4239-8b86-3e2426d15a39,2026-09-06T15:30:00Z,2026-09-06T17:30:00+0200,1.5,EUR/MWh,DK2,DK_2,imbalance_price,Short,2026-09-09T00:44:03Z
2026-09-09T00:30:01Z,2026-09-09T02:30:01+0200,d8602f09-a04f-4239-8b86-3e2426d15a39,2026-09-06T15:45:00Z,2026-09-06T17:45:00+0200,191.38,EUR/MWh,DK2,DK_2,imbalance_price,Long,2026-09-09T00:44:03Z
2026-09-09T00:30:01Z,2026-09-09T02:30:01+0200,d8602f09-a04f-4239-8b86-3e2426d15a39,2026-09-06T15:45:00Z,2026-09-06T17:45:00+0200,191.38,EUR/MWh,DK2,DK_2,imbalance_price,Short,2026-09-09T00:44:03Z
2026-09-09T00:30:01Z,2026-09-09T02:30:01+0200,d8602f09-a04f-4239-8b86-3e2426d15a39,2026-09-06T16:00:00Z,2026-09-06T18:00:00+0200,234.26,EUR/MWh,DK2,DK_2,imbalance_price,Long,2026-09-09T00:44:03Z
2026-09-09T00:30:01Z,2026-09-09T02:30:01+0200,d8602f09-a04f-4239-8b86-3e2426d15a39,2026-09-06T16:00:00Z,2026-09-06T18:00:00+0200,234.26,EUR/MWh,DK2,DK_2,imbalance_price,Short,2026-09-09T00:44:03Z
2026-09-09T00:30:01Z,2026-09-09T02:30:01+0200,d8602f09-a04f-4239-8b86-3e2426d15a39,2026-09-06T16:15:00Z,2026-09-06T18:15:00+0200,180.97,EUR/MWh,DK2,DK_2,imbalance_price,Long,2026-09-09T00:44:03Z
2026-09-09T00:30:01Z,2026-09-09T02:30:01+0200,d8602f09-a04f-4239-8b86-3e2426d15a39,2026-09-06T16:15:00Z,2026-09-06T18:15:00+0200,180.97,EUR/MWh,DK2,DK_2,imbalance_price,Short,2026-09-09T00:44:03Z
2026-09-09T00:30:01Z,2026-09-09T02:30:01+0200,d8602f09-a04f-4239-8b86-3e2426d15a39,2026-09-06T16:30:00Z,2026-09-06T18:30:00+0200,141.1,EUR/MWh,DK2,DK_2,imbalance_price,Long,2026-09-09T00:44:03Z
2026-09-09T00:30:01Z,2026-09-09T02:30:01+0200,d8602f09-a04f-4239-8b86-3e2426d15a39,2026-09-06T16:30:00Z,2026-09-06T18:30:00+0200,141.1,EUR/MWh,DK2,DK_2,imbalance_price,Short,2026-09-09T00:44:03Z
2026-09-09T00:30:01Z,2026-09-09T02:30:01+0200,d8602f09-a04f-4239-8b86-3e2426d15a39,2026-09-06T16:45:00Z,2026-09-06T18:45:00+0200,146.8,EUR/MWh,DK2,DK_2,imbalance_price,Long,2026-09-09T00:44:03Z
2026-09-09T00:30:01Z,2026-09-09T02:30:01+0200,d8602f09-a04f-4239-8b86-3e2426d15a39,2026-09-06T16:45:00Z,2026-09-06T18:45:00+0200,146.8,EUR/MWh,DK2,DK_2,imbalance_price,Short,2026-09-09T00:44:03Z
2026-09-09T00:30:01Z,2026-09-09T02:30:01+0200,d8602f09-a04f-4239-8b86-3e2426d15a39,2026-09-06T17:00:00Z,2026-09-06T19:00:00+0200,148.71,EUR/MWh,DK2,DK_2,imbalance_price,Long,2026-09-09T00:44:03Z
2026-09-09T00:30:01Z,2026-09-09T02:30:01+0200,d8602f09-a04f-4239-8b86-3e2426d15a39,2026-09-06T17:00:00Z,2026-09-06T19:00:00+0200,148.71,EUR/MWh,DK2,DK_2,imbalance_price,Short,2026-09-09T00:44:03Z
2026-09-09T00:30:01Z,2026-09-09T02:30:01+0200,d8602f09-a04f-4239-8b86-3e2426d15a39,2026-09-06T17:15:00Z,2026-09-06T19:15:00+0200,221.44,EUR/MWh,DK2,DK_2,imbalance_price,Long,2026-09-09T00:44:03Z
2026-09-09T00:30:01Z,2026-09-09T02:30:01+0200,d8602f09-a04f-4239-8b86-3e2426d15a39,2026-09-06T17:15:00Z,2026-09-06T19:15:00+0200,221.44,EUR/MWh,DK2,DK_2,imbalance_price,Short,2026-09-09T00:44:03Z
2026-09-09T00:30:01Z,2026-09-09T02:30:01+0200,d8602f09-a04f-4239-8b86-3e2426d15a39,2026-09-06T17:30:00Z,2026-09-06T19:30:00+0200,401.4,EUR/MWh,DK2,DK_2,imbalance_price,Long,2026-09-09T00:44:03Z
2026-09-09T00:30:01Z,2026-09-09T02:30:01+0200,d8602f09-a04f-4239-8b86-3e2426d15a39,2026-09-06T17:30:00Z,2026-09-06T19:30:00+0200,401.4,EUR/MWh,DK2,DK_2,imbalance_price,Short,2026-09-09T00:44:03Z
2026-09-09T00:30:01Z,2026-09-09T02:30:01+0200,d8602f09-a04f-4239-8b86-3e2426d15a39,2026-09-06T17:45:00Z,2026-09-06T19:45:00+0200,240.48,EUR/MWh,DK2,DK_2,imbalance_price,Long,2026-09-09T00:44:03Z
2026-09-09T00:30:01Z,2026-09-09T02:30:01+0200,d8602f09-a04f-4239-8b86-3e2426d15a39,2026-09-06T17:45:00Z,2026-09-06T19:45:00+0200,240.48,EUR/MWh,DK2,DK_2,imbalance_price,Short,2026-09-09T00:44:03Z
2026-09-09T00:30:01Z,2026-09-09T02:30:01+0200,d8602f09-a04f-4239-8b86-3e2426d15a39,2026-09-06T18:00:00Z,2026-09-06T20:00:00+0200,148.77,EUR/MWh,DK2,DK_2,imbalance_price,Long,2026-09-09T00:44:03Z
2026-09-09T00:30:01Z,2026-09-09T02:30:01+0200,d8602f09-a04f-4239-8b86-3e2426d15a39,2026-09-06T18:00:00Z,2026-09-06T20:00:00+0200,148.77,EUR/MWh,DK2,DK_2,imbalance_price,Short,2026-09-09T00:44:03Z
2026-09-09T00:30:01Z,2026-09-09T02:30:01+0200,d8602f09-a04f-4239-8b86-3e2426d15a39,2026-09-06T18:15:00Z,2026-09-06T20:15:00+0200,146.02,EUR/MWh,DK2,DK_2,imbalance_price,Long,2026-09-09T00:44:03Z
2026-09-09T00:30:01Z,2026-09-09T02:30:01+0200,d8602f09-a04f-4239-8b86-3e2426d15a39,2026-09-06T18:15:00Z,2026-09-06T20:15:00+0200,146.02,EUR/MWh,DK2,DK_2,imbalance_price,Short,2026-09-09T00:44:03Z
2026-09-09T00:30:01Z,2026-09-09T02:30:01+0200,d8602f09-a04f-4239-8b86-3e2426d15a39,2026-09-06T18:30:00Z,2026-09-06T20:30:00+0200,401.35,EUR/MWh,DK2,DK_2,imbalance_price,Long,2026-09-09T00:44:03Z
2026-09-09T00:30:01Z,2026-09-09T02:30:01+0200,d8602f09-a04f-4239-8b86-3e2426d15a39,2026-09-06T18:30:00Z,2026-09-06T20:30:00+0200,401.35,EUR/MWh,DK2,DK_2,imbalance_price,Short,2026-09-09T00:44:03Z
2026-09-09T00:30:01Z,2026-09-09T02:30:01+0200,d8602f09-a04f-4239-8b86-3e2426d15a39,2026-09-06T18:45:00Z,2026-09-06T20:45:00+0200,320.98,EUR/MWh,DK2,DK_2,imbalance_price,Long,2026-09-09T00:44:03Z
2026-09-09T00:30:01Z,2026-09-09T02:30:01+0200,d8602f09-a04f-4239-8b86-3e2426d15a39,2026-09-06T18:45:00Z,2026-09-06T20:45:00+0200,320.98,EUR/MWh,DK2,DK_2,imbalance_price,Short,2026-09-09T00:44:03Z
2026-09-09T00:30:01Z,2026-09-09T02:30:01+0200,d8602f09-a04f-4239-8b86-3e2426d15a39,2026-09-06T19:00:00Z,2026-09-06T21:00:00+0200,230.96,EUR/MWh,DK2,DK_2,imbalance_price,Long,2026-09-09T00:44:03Z
2026-09-09T00:30:01Z,2026-09-09T02:30:01+0200,d8602f09-a04f-4239-8b86-3e2426d15a39,2026-09-06T19:00:00Z,2026-09-06T21:00:00+0200,230.96,EUR/MWh,DK2,DK_2,imbalance_price,Short,2026-09-09T00:44:03Z
2026-09-09T00:30:01Z,2026-09-09T02:30:01+0200,d8602f09-a04f-4239-8b86-3e2426d15a39,2026-09-06T19:15:00Z,2026-09-06T21:15:00+0200,128.1,EUR/MWh,DK2,DK_2,imbalance_price,Long,2026-09-09T00:44:03Z
2026-09-09T00:30:01Z,2026-09-09T02:30:01+0200,d8602f09-a04f-4239-8b86-3e2426d15a39,2026-09-06T19:15:00Z,2026-09-06T21:15:00+0200,128.1,EUR/MWh,DK2,DK_2,imbalance_price,Short,2026-09-09T00:44:03Z
2026-09-09T00:30:01Z,2026-09-09T02:30:01+0200,d8602f09-a04f-4239-8b86-3e2426d15a39,2026-09-06T19:30:00Z,2026-09-06T21:30:00+0200,138.76,EUR/MWh,DK2,DK_2,imbalance_price,Long,2026-09-09T00:44:03Z
2026-09-09T00:30:01Z,2026-09-09T02:30:01+0200,d8602f09-a04f-4239-8b86-3e2426d15a39,2026-09-06T19:30:00Z,2026-09-06T21:30:00+0200,138.76,EUR/MWh,DK2,DK_2,imbalance_price,Short,2026-09-09T00:44:03Z
2026-09-09T00:30:01Z,2026-09-09T02:30:01+0200,d8602f09-a04f-4239-8b86-3e2426d15a39,2026-09-06T19:45:00Z,2026-09-06T21:45:00+0200,186.24,EUR/MWh,DK2,DK_2,imbalance_price,Long,2026-09-09T00:44:03Z
2026-09-09T00:30:01Z,2026-09-09T02:30:01+0200,d8602f09-a04f-4239-8b86-3e2426d15a39,2026-09-06T19:45:00Z,2026-09-06T21:45:00+0200,186.24,EUR/MWh,DK2,DK_2,imbalance_price,Short,2026-09-09T00:44:03Z
2026-09-09T00:30:01Z,2026-09-09T02:30:01+0200,d8602f09-a04f-4239-8b86-3e2426d15a39,2026-09-06T20:00:00Z,2026-09-06T22:00:00+0200,203.98,EUR/MWh,DK2,DK_2,imbalance_price,Long,2026-09-09T00:44:03Z
2026-09-09T00:30:01Z,2026-09-09T02:30:01+0200,d8602f09-a04f-4239-8b86-3e2426d15a39,2026-09-06T20:00:00Z,2026-09-06T22:00:00+0200,203.98,EUR/MWh,DK2,DK_2,imbalance_price,Short,2026-09-09T00:44:03Z
2026-09-09T00:30:01Z,2026-09-09T02:30:01+0200,d8602f09-a04f-4239-8b86-3e2426d15a39,2026-09-06T20:15:00Z,2026-09-06T22:15:00+0200,254.19,EUR/MWh,DK2,DK_2,imbalance_price,Long,2026-09-09T00:44:03Z
2026-09-09T00:30:01Z,2026-09-09T02:30:01+0200,d8602f09-a04f-4239-8b86-3e2426d15a39,2026-09-06T20:15:00Z,2026-09-06T22:15:00+0200,254.19,EUR/MWh,DK2,DK_2,imbalance_price,Short,2026-09-09T00:44:03Z
2026-09-09T00:30:01Z,2026-09-09T02:30:01+0200,d8602f09-a04f-4239-8b86-3e2426d15a39,2026-09-06T20:30:00Z,2026-09-06T22:30:00+0200,125.25,EUR/MWh,DK2,DK_2,imbalance_price,Long,2026-09-09T00:44:03Z
2026-09-09T00:30:01Z,2026-09-09T02:30:01+0200,d8602f09-a04f-4239-8b86-3e2426d15a39,2026-09-06T20:30:00Z,2026-09-06T22:30:00+0200,125.25,EUR/MWh,DK2,DK_2,imbalance_price,Short,2026-09-09T00:44:03Z
2026-09-09T00:30:01Z,2026-09-09T02:30:01+0200,d8602f09-a04f-4239-8b86-3e2426d15a39,2026-09-06T20:45:00Z,2026-09-06T22:45:00+0200,87.3,EUR/MWh,DK2,DK_2,imbalance_price,Long,2026-09-09T00:44:03Z
2026-09-09T00:30:01Z,2026-09-09T02:30:01+0200,d8602f09-a04f-4239-8b86-3e2426d15a39,2026-09-06T20:45:00Z,2026-09-06T22:45:00+0200,87.3,EUR/MWh,DK2,DK_2,imbalance_price,Short,2026-09-09T00:44:03Z
2026-09-09T00:30:01Z,2026-09-09T02:30:01+0200,d8602f09-a04f-4239-8b86-3e2426d15a39,2026-09-06T21:00:00Z,2026-09-06T23:00:00+0200,182.1,EUR/MWh,DK2,DK_2,imbalance_price,Long,2026-09-09T00:44:03Z
2026-09-09T00:30:01Z,2026-09-09T02:30:01+0200,d8602f09-a04f-4239-8b86-3e2426d15a39,2026-09-06T21:00:00Z,2026-09-06T23:00:00+0200,182.1,EUR/MWh,DK2,DK_2,imbalance_price,Short,2026-09-09T00:44:03Z
2026-09-09T00:30:01Z,2026-09-09T02:30:01+0200,d8602f09-a04f-4239-8b86-3e2426d15a39,2026-09-06T21:15:00Z,2026-09-06T23:15:00+0200,171.58,EUR/MWh,DK2,DK_2,imbalance_price,Long,2026-09-09T00:44:03Z
2026-09-09T00:30:01Z,2026-09-09T02:30:01+0200,d8602f09-a04f-4239-8b86-3e2426d15a39,2026-09-06T21:15:00Z,2026-09-06T23:15:00+0200,171.58,EUR/MWh,DK2,DK_2,imbalance_price,Short,2026-09-09T00:44:03Z
2026-09-09T00:30:01Z,2026-09-09T02:30:01+0200,d8602f09-a04f-4239-8b86-3e2426d15a39,2026-09-06T21:30:00Z,2026-09-06T23:30:00+0200,170.08,EUR/MWh,DK2,DK_2,imbalance_price,Long,2026-09-09T00:44:03Z
2026-09-09T00:30:01Z,2026-09-09T02:30:01+0200,d8602f09-a04f-4239-8b86-3e2426d15a39,2026-09-06T21:30:00Z,2026-09-06T23:30:00+0200,170.08,EUR/MWh,DK2,DK_2,imbalance_price,Short,2026-09-09T00:44:03Z
2026-09-09T00:30:01Z,2026-09-09T02:30:01+0200,d8602f09-a04f-4239-8b86-3e2426d15a39,2026-09-06T21:45:00Z,2026-09-06T23:45:00+0200,152.55,EUR/MWh,DK2,DK_2,imbalance_price,Long,2026-09-09T00:44:03Z
2026-09-09T00:30:01Z,2026-09-09T02:30:01+0200,d8602f09-a04f-4239-8b86-3e2426d15a39,2026-09-06T21:45:00Z,2026-09-06T23:45:00+0200,152.55,EUR/MWh,DK2,DK_2,imbalance_price,Short,2026-09-09T00:44:03Z
2026-09-09T00:30:01Z,2026-09-09T02:30:01+0200,d8602f09-a04f-4239-8b86-3e2426d15a39,2026-09-06T22:00:00Z,2026-09-07T00:00:00+0200,100.42,EUR/MWh,DK2,DK_2,imbalance_price,Long,2026-09-09T00:44:03Z
2026-09-09T00:30:01Z,2026-09-09T02:30:01+0200,d8602f09-a04f-4239-8b86-3e2426d15a39,2026-09-06T22:00:00Z,2026-09-07T00:00:00+0200,100.42,EUR/MWh,DK2,DK_2,imbalance_price,Short,2026-09-09T00:44:03Z
2026-09-09T00:30:01Z,2026-09-09T02:30:01+0200,d8602f09-a04f-4239-8b86-3e2426d15a39,2026-09-06T22:15:00Z,2026-09-07T00:15:00+0200,120.75,EUR/MWh,DK2,DK_2,imbalance_price,Long,2026-09-09T00:44:03Z
2026-09-09T00:30:01Z,2026-09-09T02:30:01+0200,d8602f09-a04f-4239-8b86-3e2426d15a39,2026-09-06T22:15:00Z,2026-09-07T00:15:00+0200,120.75,EUR/MWh,DK2,DK_2,imbalance_price,Short,2026-09-09T00:44:03Z
2026-09-09T00:30:01Z,2026-09-09T02:30:01+0200,d8602f09-a04f-4239-8b86-3e2426d15a39,2026-09-06T22:30:00Z,2026-09-07T00:30:00+0200,149.41,EUR/MWh,DK2,DK_2,imbalance_price,Long,2026-09-09T00:44:03Z
2026-09-09T00:30:01Z,2026-09-09T02:30:01+0200,d8602f09-a04f-4239-8b86-3e2426d15a39,2026-09-06T22:30:00Z,2026-09-07T00:30:00+0200,149.41,EUR/MWh,DK2,DK_2,imbalance_price,Short,2026-09-09T00:44:03Z
2026-09-09T00:30:01Z,2026-09-09T02:30:01+0200,d8602f09-a04f-4239-8b86-3e2426d15a39,2026-09-06T22:45:00Z,2026-09-07T00:45:00+0200,374.6,EUR/MWh,DK2,DK_2,imbalance_price,Long,2026-09-09T00:44:03Z
2026-09-09T00:30:01Z,2026-09-09T02:30:01+0200,d8602f09-a04f-4239-8b86-3e2426d15a39,2026-09-06T22:45:00Z,2026-09-07T00:45:00+0200,374.6,EUR/MWh,DK2,DK_2,imbalance_price,Short,2026-09-09T00:44:03Z
2026-09-09T00:30:01Z,2026-09-09T02:30:01+0200,d8602f09-a04f-4239-8b86-3e2426d15a39,2026-09-06T23:00:00Z,2026-09-07T01:00:00+0200,156.04,EUR/MWh,DK2,DK_2,imbalance_price,Long,2026-09-09T00:44:03Z
2026-09-09T00:30:01Z,2026-09-09T02:30:01+0200,d8602f09-a04f-4239-8b86-3e2426d15a39,2026-09-06T23:00:00Z,2026-09-07T01:00:00+0200,156.04,EUR/MWh,DK2,DK_2,imbalance_price,Short,2026-09-09T00:44:03Z
2026-09-09T00:30:01Z,2026-09-09T02:30:01+0200,d8602f09-a04f-4239-8b86-3e2426d15a39,2026-09-06T23:15:00Z,2026-09-07T01:15:00+0200,120.33,EUR/MWh,DK2,DK_2,imbalance_price,Long,2026-09-09T00:44:03Z
2026-09-09T00:30:01Z,2026-09-09T02:30:01+0200,d8602f09-a04f-4239-8b86-3e2426d15a39,2026-09-06T23:15:00Z,2026-09-07T01:15:00+0200,120.33,EUR/MWh,DK2,DK_2,imbalance_price,Short,2026-09-09T00:44:03Z
2026-09-09T00:30:01Z,2026-09-09T02:30:01+0200,d8602f09-a04f-4239-8b86-3e2426d15a39,2026-09-06T23:30:00Z,2026-09-07T01:30:00+0200,149.15,EUR/MWh,DK2,DK_2,imbalance_price,Long,2026-09-09T00:44:03Z
2026-09-09T00:30:01Z,2026-09-09T02:30:01+0200,d8602f09-a04f-4239-8b86-3e2426d15a39,2026-09-06T23:30:00Z,2026-09-07T01:30:00+0200,149.15,EUR/MWh,DK2,DK_2,imbalance_price,Short,2026-09-09T00:44:03Z
2026-09-09T00:30:01Z,2026-09-09T02:30:01+0200,d8602f09-a04f-4239-8b86-3e2426d15a39,2026-09-06T23:45:00Z,2026-09-07T01:45:00+0200,146.47,EUR/MWh,DK2,DK_2,imbalance_price,Long,2026-09-09T00:44:03Z
2026-09-09T00:30:01Z,2026-09-09T02:30:01+0200,d8602f09-a04f-4239-8b86-3e2426d15a39,2026-09-06T23:45:00Z,2026-09-07T01:45:00+0200,146.47,EUR/MWh,DK2,DK_2,imbalance_price,Short,2026-09-09T00:44:03Z
2026-09-09T00:30:01Z,2026-09-09T02:30:01+0200,d8602f09-a04f-4239-8b86-3e2426d15a39,2026-09-07T00:00:00Z,2026-09-07T02:00:00+0200,133.27,EUR/MWh,DK2,DK_2,imbalance_price,Long,2026-09-09T00:44:03Z
2026-09-09T00:30:01Z,2026-09-09T02:30:01+0200,d8602f09-a04f-4239-8b86-3e2426d15a39,2026-09-07T00:00:00Z,2026-09-07T02:00:00+0200,133.27,EUR/MWh,DK2,DK_2,imbalance_price,Short,2026-09-09T00:44:03Z
2026-09-09T00:30:01Z,2026-09-09T02:30:01+0200,d8602f09-a04f-4239-8b86-3e2426d15a39,2026-09-07T00:15:00Z,2026-09-07T02:15:00+0200,87.33,EUR/MWh,DK2,DK_2,imbalance_price,Long,2026-09-09T00:44:03Z
2026-09-09T00:30:01Z,2026-09-09T02:30:01+0200,d8602f09-a04f-4239-8b86-3e2426d15a39,2026-09-07T00:15:00Z,2026-09-07T02:15:00+0200,87.33,EUR/MWh,DK2,DK_2,imbalance_price,Short,2026-09-09T00:44:03Z
2026-09-09T00:30:01Z,2026-09-09T02:30:01+0200,d8602f09-a04f-4239-8b86-3e2426d15a39,2026-09-07T00:30:00Z,2026-09-07T02:30:00+0200,148.18,EUR/MWh,DK2,DK_2,imbalance_price,Long,2026-09-09T00:44:03Z
2026-09-09T00:30:01Z,2026-09-09T02:30:01+0200,d8602f09-a04f-4239-8b86-3e2426d15a39,2026-09-07T00:30:00Z,2026-09-07T02:30:00+0200,148.18,EUR/MWh,DK2,DK_2,imbalance_price,Short,2026-09-09T00:44:03Z
2026-09-09T00:30:01Z,2026-09-09T02:30:01+0200,d8602f09-a04f-4239-8b86-3e2426d15a39,2026-09-07T00:45:00Z,2026-09-07T02:45:00+0200,146.46,EUR/MWh,DK2,DK_2,imbalance_price,Long,2026-09-09T00:44:03Z
2026-09-09T00:30:01Z,2026-09-09T02:30:01+0200,d8602f09-a04f-4239-8b86-3e2426d15a39,2026-09-07T00:45:00Z,2026-09-07T02:45:00+0200,146.46,EUR/MWh,DK2,DK_2,imbalance_price,Short,2026-09-09T00:44:03Z
2026-09-09T00:30:01Z,2026-09-09T02:30:01+0200,d8602f09-a04f-4239-8b86-3e2426d15a39,2026-09-07T01:00:00Z,2026-09-07T03:00:00+0200,123.21,EUR/MWh,DK2,DK_2,imbalance_price,Long,2026-09-09T00:44:03Z
2026-09-09T00:30:01Z,2026-09-09T02:30:01+0200,d8602f09-a04f-4239-8b86-3e2426d15a39,2026-09-07T01:00:00Z,2026-09-07T03:00:00+0200,123.21,EUR/MWh,DK2,DK_2,imbalance_price,Short,2026-09-09T00:44:03Z
2026-09-09T00:30:01Z,2026-09-09T02:30:01+0200,d8602f09-a04f-4239-8b86-3e2426d15a39,2026-09-07T01:15:00Z,2026-09-07T03:15:00+0200,123.15,EUR/MWh,DK2,DK_2,imbalance_price,Long,2026-09-09T00:44:03Z
2026-09-09T00:30:01Z,2026-09-09T02:30:01+0200,d8602f09-a04f-4239-8b86-3e2426d15a39,2026-09-07T01:15:00Z,2026-09-07T03:15:00+0200,123.15,EUR/MWh,DK2,DK_2,imbalance_price,Short,2026-09-09T00:44:03Z
2026-09-09T00:30:01Z,2026-09-09T02:30:01+0200,d8602f09-a04f-4239-8b86-3e2426d15a39,2026-09-07T01:30:00Z,2026-09-07T03:30:00+0200,146.8,EUR/MWh,DK2,DK_2,imbalance_price,Long,2026-09-09T00:44:03Z
2026-09-09T00:30:01Z,2026-09-09T02:30:01+0200,d8602f09-a04f-4239-8b86-3e2426d15a39,2026-09-07T01:30:00Z,2026-09-07T03:30:00+0200,146.8,EUR/MWh,DK2,DK_2,imbalance_price,Short,2026-09-09T00:44:03Z
2026-09-09T00:30:01Z,2026-09-09T02:30:01+0200,d8602f09-a04f-4239-8b86-3e2426d15a39,2026-09-07T01:45:00Z,2026-09-07T03:45:00+0200,147.27,EUR/MWh,DK2,DK_2,imbalance_price,Long,2026-09-09T00:44:03Z
2026-09-09T00:30:01Z,2026-09-09T02:30:01+0200,d8602f09-a04f-4239-8b86-3e2426d15a39,2026-09-07T01:45:00Z,2026-09-07T03:45:00+0200,147.27,EUR/MWh,DK2,DK_2,imbalance_price,Short,2026-09-09T00:44:03Z
2026-09-09T00:30:01Z,2026-09-09T02:30:01+0200,d8602f09-a04f-4239-8b86-3e2426d15a39,2026-09-07T02:00:00Z,2026-09-07T04:00:00+0200,147.48,EUR/MWh,DK2,DK_2,imbalance_price,Long,2026-09-09T00:44:03Z
2026-09-09T00:30:01Z,2026-09-09T02:30:01+0200,d8602f09-a04f-4239-8b86-3e2426d15a39,2026-09-07T02:00:00Z,2026-09-07T04:00:00+0200,147.48,EUR/MWh,DK2,DK_2,imbalance_price,Short,2026-09-09T00:44:03Z
2026-09-09T00:30:01Z,2026-09-09T02:30:01+0200,d8602f09-a04f-4239-8b86-3e2426d15a39,2026-09-07T02:15:00Z,2026-09-07T04:15:00+0200,149.33,EUR/MWh,DK2,DK_2,imbalance_price,Long,2026-09-09T00:44:03Z
2026-09-09T00:30:01Z,2026-09-09T02:30:01+0200,d8602f09-a04f-4239-8b86-3e2426d15a39,2026-09-07T02:15:00Z,2026-09-07T04:15:00+0200,149.33,EUR/MWh,DK2,DK_2,imbalance_price,Short,2026-09-09T00:44:03Z
2026-09-09T00:30:01Z,2026-09-09T02:30:01+0200,d8602f09-a04f-4239-8b86-3e2426d15a39,2026-09-07T02:30:00Z,2026-09-07T04:30:00+0200,123.66,EUR/MWh,DK2,DK_2,imbalance_price,Long,2026-09-09T00:44:03Z
2026-09-09T00:30:01Z,2026-09-09T02:30:01+0200,d8602f09-a04f-4239-8b86-3e2426d15a39,2026-09-07T02:30:00Z,2026-09-07T04:30:00+0200,123.66,EUR/MWh,DK2,DK_2,imbalance_price,Short,2026-09-09T00:44:03Z
2026-09-09T00:30:01Z,2026-09-09T02:30:01+0200,d8602f09-a04f-4239-8b86-3e2426d15a39,2026-09-07T02:45:00Z,2026-09-07T04:45:00+0200,134.62,EUR/MWh,DK2,DK_2,imbalance_price,Long,2026-09-09T00:44:03Z
2026-09-09T00:30:01Z,2026-09-09T02:30:01+0200,d8602f09-a04f-4239-8b86-3e2426d15a39,2026-09-07T02:45:00Z,2026-09-07T04:45:00+0200,134.62,EUR/MWh,DK2,DK_2,imbalance_price,Short,2026-09-09T00:44:03Z
2026-09-09T00:30:01Z,2026-09-09T02:30:01+0200,d8602f09-a04f-4239-8b86-3e2426d15a39,2026-09-07T03:00:00Z,2026-09-07T05:00:00+0200,157.18,EUR/MWh,DK2,DK_2,imbalance_price,Long,2026-09-09T00:44:03Z
2026-09-09T00:30:01Z,2026-09-09T02:30:01+0200,d8602f09-a04f-4239-8b86-3e2426d15a39,2026-09-07T03:00:00Z,2026-09-07T05:00:00+0200,157.18,EUR/MWh,DK2,DK_2,imbalance_price,Short,2026-09-09T00:44:03Z
2026-09-09T00:30:01Z,2026-09-09T02:30:01+0200,d8602f09-a04f-4239-8b86-3e2426d15a39,2026-09-07T03:15:00Z,2026-09-07T05:15:00+0200,164.41,EUR/MWh,DK2,DK_2,imbalance_price,Long,2026-09-09T00:44:03Z
2026-09-09T00:30:01Z,2026-09-09T02:30:01+0200,d8602f09-a04f-4239-8b86-3e2426d15a39,2026-09-07T03:15:00Z,2026-09-07T05:15:00+0200,164.41,EUR/MWh,DK2,DK_2,imbalance_price,Short,2026-09-09T00:44:03Z
2026-09-09T00:30:01Z,2026-09-09T02:30:01+0200,d8602f09-a04f-4239-8b86-3e2426d15a39,2026-09-07T03:30:00Z,2026-09-07T05:30:00+0200,126.3,EUR/MWh,DK2,DK_2,imbalance_price,Long,2026-09-09T00:44:03Z
2026-09-09T00:30:01Z,2026-09-09T02:30:01+0200,d8602f09-a04f-4239-8b86-3e2426d15a39,2026-09-07T03:30:00Z,2026-09-07T05:30:00+0200,126.3,EUR/MWh,DK2,DK_2,imbalance_price,Short,2026-09-09T00:44:03Z
2026-09-09T00:30:01Z,2026-09-09T02:30:01+0200,d8602f09-a04f-4239-8b86-3e2426d15a39,2026-09-07T03:45:00Z,2026-09-07T05:45:00+0200,193.47,EUR/MWh,DK2,DK_2,imbalance_price,Long,2026-09-09T00:44:03Z
2026-09-09T00:30:01Z,2026-09-09T02:30:01+0200,d8602f09-a04f-4239-8b86-3e2426d15a39,2026-09-07T03:45:00Z,2026-09-07T05:45:00+0200,193.47,EUR/MWh,DK2,DK_2,imbalance_price,Short,2026-09-09T00:44:03Z
2026-09-09T00:30:01Z,2026-09-09T02:30:01+0200,d8602f09-a04f-4239-8b86-3e2426d15a39,2026-09-07T04:00:00Z,2026-09-07T06:00:00+0200,192.72,EUR/MWh,DK2,DK_2,imbalance_price,Long,2026-09-09T00:44:03Z
2026-09-09T00:30:01Z,2026-09-09T02:30:01+0200,d8602f09-a04f-4239-8b86-3e2426d15a39,2026-09-07T04:00:00Z,2026-09-07T06:00:00+0200,192.72,EUR/MWh,DK2,DK_2,imbalance_price,Short,2026-09-09T00:44:03Z
2026-09-09T00:30:01Z,2026-09-09T02:30:01+0200,d8602f09-a04f-4239-8b86-3e2426d15a39,2026-09-07T04:15:00Z,2026-09-07T06:15:00+0200,124.01,EUR/MWh,DK2,DK_2,imbalance_price,Long,2026-09-09T00:44:03Z
2026-09-09T00:30:01Z,2026-09-09T02:30:01+0200,d8602f09-a04f-4239-8b86-3e2426d15a39,2026-09-07T04:15:00Z,2026-09-07T06:15:00+0200,124.01,EUR/MWh,DK2,DK_2,imbalance_price,Short,2026-09-09T00:44:03Z
2026-09-09T00:30:01Z,2026-09-09T02:30:01+0200,d8602f09-a04f-4239-8b86-3e2426d15a39,2026-09-07T04:30:00Z,2026-09-07T06:30:00+0200,122.38,EUR/MWh,DK2,DK_2,imbalance_price,Long,2026-09-09T00:44:03Z
2026-09-09T00:30:01Z,2026-09-09T02:30:01+0200,d8602f09-a04f-4239-8b86-3e2426d15a39,2026-09-07T04:30:00Z,2026-09-07T06:30:00+0200,122.38,EUR/MWh,DK2,DK_2,imbalance_price,Short,2026-09-09T00:44:03Z
2026-09-09T00:30:01Z,2026-09-09T02:30:01+0200,d8602f09-a04f-4239-8b86-3e2426d15a39,2026-09-07T04:45:00Z,2026-09-07T06:45:00+0200,123.99,EUR/MWh,DK2,DK_2,imbalance_price,Long,2026-09-09T00:44:03Z
2026-09-09T00:30:01Z,2026-09-09T02:30:01+0200,d8602f09-a04f-4239-8b86-3e2426d15a39,2026-09-07T04:45:00Z,2026-09-07T06:45:00+0200,123.99,EUR/MWh,DK2,DK_2,imbalance_price,Short,2026-09-09T00:44:03Z
2026-09-09T00:30:01Z,2026-09-09T02:30:01+0200,d8602f09-a04f-4239-8b86-3e2426d15a39,2026-09-07T05:00:00Z,2026-09-07T07:00:00+0200,128.11,EUR/MWh,DK2,DK_2,imbalance_price,Long,2026-09-09T00:44:03Z
2026-09-09T00:30:01Z,2026-09-09T02:30:01+0200,d8602f09-a04f-4239-8b86-3e2426d15a39,2026-09-07T05:00:00Z,2026-09-07T07:00:00+0200,128.11,EUR/MWh,DK2,DK_2,imbalance_price,Short,2026-09-09T00:44:03Z
2026-09-09T00:30:01Z,2026-09-09T02:30:01+0200,d8602f09-a04f-4239-8b86-3e2426d15a39,2026-09-07T05:15:00Z,2026-09-07T07:15:00+0200,130.86,EUR/MWh,DK2,DK_2,imbalance_price,Long,2026-09-09T00:44:03Z
2026-09-09T00:30:01Z,2026-09-09T02:30:01+0200,d8602f09-a04f-4239-8b86-3e2426d15a39,2026-09-07T05:15:00Z,2026-09-07T07:15:00+0200,130.86,EUR/MWh,DK2,DK_2,imbalance_price,Short,2026-09-09T00:44:03Z
2026-09-09T00:30:01Z,2026-09-09T02:30:01+0200,d8602f09-a04f-4239-8b86-3e2426d15a39,2026-09-07T05:30:00Z,2026-09-07T07:30:00+0200,220.38,EUR/MWh,DK2,DK_2,imbalance_price,Long,2026-09-09T00:44:03Z
2026-09-09T00:30:01Z,2026-09-09T02:30:01+0200,d8602f09-a04f-4239-8b86-3e2426d15a39,2026-09-07T05:30:00Z,2026-09-07T07:30:00+0200,220.38,EUR/MWh,DK2,DK_2,imbalance_price,Short,2026-09-09T00:44:03Z
2026-09-09T00:30:01Z,2026-09-09T02:30:01+0200,d8602f09-a04f-4239-8b86-3e2426d15a39,2026-09-07T05:45:00Z,2026-09-07T07:45:00+0200,401.4,EUR/MWh,DK2,DK_2,imbalance_price,Long,2026-09-09T00:44:03Z
2026-09-09T00:30:01Z,2026-09-09T02:30:01+0200,d8602f09-a04f-4239-8b86-3e2426d15a39,2026-09-07T05:45:00Z,2026-09-07T07:45:00+0200,401.4,EUR/MWh,DK2,DK_2,imbalance_price,Short,2026-09-09T00:44:03Z
2026-09-09T00:30:01Z,2026-09-09T02:30:01+0200,d8602f09-a04f-4239-8b86-3e2426d15a39,2026-09-07T06:00:00Z,2026-09-07T08:00:00+0200,230.06,EUR/MWh,DK2,DK_2,imbalance_price,Long,2026-09-09T00:44:03Z
2026-09-09T00:30:01Z,2026-09-09T02:30:01+0200,d8602f09-a04f-4239-8b86-3e2426d15a39,2026-09-07T06:00:00Z,2026-09-07T08:00:00+0200,230.06,EUR/MWh,DK2,DK_2,imbalance_price,Short,2026-09-09T00:44:03Z
2026-09-09T00:30:01Z,2026-09-09T02:30:01+0200,d8602f09-a04f-4239-8b86-3e2426d15a39,2026-09-07T06:15:00Z,2026-09-07T08:15:00+0200,90.78,EUR/MWh,DK2,DK_2,imbalance_price,Long,2026-09-09T00:44:03Z
2026-09-09T00:30:01Z,2026-09-09T02:30:01+0200,d8602f09-a04f-4239-8b86-3e2426d15a39,2026-09-07T06:15:00Z,2026-09-07T08:15:00+0200,90.78,EUR/MWh,DK2,DK_2,imbalance_price,Short,2026-09-09T00:44:03Z
2026-09-09T00:30:01Z,2026-09-09T02:30:01+0200,d8602f09-a04f-4239-8b86-3e2426d15a39,2026-09-07T06:30:00Z,2026-09-07T08:30:00+0200,120.71,EUR/MWh,DK2,DK_2,imbalance_price,Long,2026-09-09T00:44:03Z
2026-09-09T00:30:01Z,2026-09-09T02:30:01+0200,d8602f09-a04f-4239-8b86-3e2426d15a39,2026-09-07T06:30:00Z,2026-09-07T08:30:00+0200,120.71,EUR/MWh,DK2,DK_2,imbalance_price,Short,2026-09-09T00:44:03Z
2026-09-09T00:30:01Z,2026-09-09T02:30:01+0200,d8602f09-a04f-4239-8b86-3e2426d15a39,2026-09-07T06:45:00Z,2026-09-07T08:45:00+0200,123.21,EUR/MWh,DK2,DK_2,imbalance_price,Long,2026-09-09T00:44:03Z
2026-09-09T00:30:01Z,2026-09-09T02:30:01+0200,d8602f09-a04f-4239-8b86-3e2426d15a39,2026-09-07T06:45:00Z,2026-09-07T08:45:00+0200,123.21,EUR/MWh,DK2,DK_2,imbalance_price,Short,2026-09-09T00:44:03Z
2026-09-09T00:30:01Z,2026-09-09T02:30:01+0200,d8602f09-a04f-4239-8b86-3e2426d15a39,2026-09-07T07:00:00Z,2026-09-07T09:00:00+0200,75.69,EUR/MWh,DK2,DK_2,imbalance_price,Long,2026-09-09T00:44:03Z
2026-09-09T00:30:01Z,2026-09-09T02:30:01+0200,d8602f09-a04f-4239-8b86-3e2426d15a39,2026-09-07T07:00:00Z,2026-09-07T09:00:00+0200,75.69,EUR/MWh,DK2,DK_2,imbalance_price,Short,2026-09-09T00:44:03Z
2026-09-09T00:30:01Z,2026-09-09T02:30:01+0200,d8602f09-a04f-4239-8b86-3e2426d15a39,2026-09-07T07:15:00Z,2026-09-07T09:15:00+0200,122.03,EUR/MWh,DK2,DK_2,imbalance_price,Long,2026-09-09T00:44:03Z
2026-09-09T00:30:01Z,2026-09-09T02:30:01+0200,d8602f09-a04f-4239-8b86-3e2426d15a39,2026-09-07T07:15:00Z,2026-09-07T09:15:00+0200,122.03,EUR/MWh,DK2,DK_2,imbalance_price,Short,2026-09-09T00:44:03Z
2026-09-09T00:30:01Z,2026-09-09T02:30:01+0200,d8602f09-a04f-4239-8b86-3e2426d15a39,2026-09-07T07:30:00Z,2026-09-07T09:30:00+0200,158.14,EUR/MWh,DK2,DK_2,imbalance_price,Long,2026-09-09T00:44:03Z
2026-09-09T00:30:01Z,2026-09-09T02:30:01+0200,d8602f09-a04f-4239-8b86-3e2426d15a39,2026-09-07T07:30:00Z,2026-09-07T09:30:00+0200,158.14,EUR/MWh,DK2,DK_2,imbalance_price,Short,2026-09-09T00:44:03Z
2026-09-09T00:30:01Z,2026-09-09T02:30:01+0200,d8602f09-a04f-4239-8b86-3e2426d15a39,2026-09-07T07:45:00Z,2026-09-07T09:45:00+0200,219.63,EUR/MWh,DK2,DK_2,imbalance_price,Long,2026-09-09T00:44:03Z
2026-09-09T00:30:01Z,2026-09-09T02:30:01+0200,d8602f09-a04f-4239-8b86-3e2426d15a39,2026-09-07T07:45:00Z,2026-09-07T09:45:00+0200,219.63,EUR/MWh,DK2,DK_2,imbalance_price,Short,2026-09-09T00:44:03Z
2026-09-09T00:30:01Z,2026-09-09T02:30:01+0200,d8602f09-a04f-4239-8b86-3e2426d15a39,2026-09-07T08:00:00Z,2026-09-07T10:00:00+0200,153.58,EUR/MWh,DK2,DK_2,imbalance_price,Long,2026-09-09T00:44:03Z
2026-09-09T00:30:01Z,2026-09-09T02:30:01+0200,d8602f09-a04f-4239-8b86-3e2426d15a39,2026-09-07T08:00:00Z,2026-09-07T10:00:00+0200,153.58,EUR/MWh,DK2,DK_2,imbalance_price,Short,2026-09-09T00:44:03Z
2026-09-09T00:30:01Z,2026-09-09T02:30:01+0200,d8602f09-a04f-4239-8b86-3e2426d15a39,2026-09-07T08:15:00Z,2026-09-07T10:15:00+0200,240.84,EUR/MWh,DK2,DK_2,imbalance_price,Long,2026-09-09T00:44:03Z
2026-09-09T00:30:01Z,2026-09-09T02:30:01+0200,d8602f09-a04f-4239-8b86-3e2426d15a39,2026-09-07T08:15:00Z,2026-09-07T10:15:00+0200,240.84,EUR/MWh,DK2,DK_2,imbalance_price,Short,2026-09-09T00:44:03Z
2026-09-09T00:30:01Z,2026-09-09T02:30:01+0200,d8602f09-a04f-4239-8b86-3e2426d15a39,2026-09-07T08:30:00Z,2026-09-07T10:30:00+0200,33.25,EUR/MWh,DK2,DK_2,imbalance_price,Long,2026-09-09T00:44:03Z
2026-09-09T00:30:01Z,2026-09-09T02:30:01+0200,d8602f09-a04f-4239-8b86-3e2426d15a39,2026-09-07T08:30:00Z,2026-09-07T10:30:00+0200,33.25,EUR/MWh,DK2,DK_2,imbalance_price,Short,2026-09-09T00:44:03Z
2026-09-09T00:30:01Z,2026-09-09T02:30:01+0200,d8602f09-a04f-4239-8b86-3e2426d15a39,2026-09-07T08:45:00Z,2026-09-07T10:45:00+0200,121.08,EUR/MWh,DK2,DK_2,imbalance_price,Long,2026-09-09T00:44:03Z
2026-09-09T00:30:01Z,2026-09-09T02:30:01+0200,d8602f09-a04f-4239-8b86-3e2426d15a39,2026-09-07T08:45:00Z,2026-09-07T10:45:00+0200,121.08,EUR/MWh,DK2,DK_2,imbalance_price,Short,2026-09-09T00:44:03Z
2026-09-09T00:30:01Z,2026-09-09T02:30:01+0200,d8602f09-a04f-4239-8b86-3e2426d15a39,2026-09-07T09:00:00Z,2026-09-07T11:00:00+0200,32.72,EUR/MWh,DK2,DK_2,imbalance_price,Long,2026-09-09T00:44:03Z
2026-09-09T00:30:01Z,2026-09-09T02:30:01+0200,d8602f09-a04f-4239-8b86-3e2426d15a39,2026-09-07T09:00:00Z,2026-09-07T11:00:00+0200,32.72,EUR/MWh,DK2,DK_2,imbalance_price,Short,2026-09-09T00:44:03Z
2026-09-09T00:30:01Z,2026-09-09T02:30:01+0200,d8602f09-a04f-4239-8b86-3e2426d15a39,2026-09-07T09:15:00Z,2026-09-07T11:15:00+0200,-1.52,EUR/MWh,DK2,DK_2,imbalance_price,Long,2026-09-09T00:44:03Z
2026-09-09T00:30:01Z,2026-09-09T02:30:01+0200,d8602f09-a04f-4239-8b86-3e2426d15a39,2026-09-07T09:15:00Z,2026-09-07T11:15:00+0200,-1.52,EUR/MWh,DK2,DK_2,imbalance_price,Short,2026-09-09T00:44:03Z
2026-09-09T00:30:01Z,2026-09-09T02:30:01+0200,d8602f09-a04f-4239-8b86-3e2426d15a39,2026-09-07T09:30:00Z,2026-09-07T11:30:00+0200,108.33,EUR/MWh,DK2,DK_2,imbalance_price,Long,2026-09-09T00:44:03Z
2026-09-09T00:30:01Z,2026-09-09T02:30:01+0200,d8602f09-a04f-4239-8b86-3e2426d15a39,2026-09-07T09:30:00Z,2026-09-07T11:30:00+0200,108.33,EUR/MWh,DK2,DK_2,imbalance_price,Short,2026-09-09T00:44:03Z
2026-09-09T00:30:01Z,2026-09-09T02:30:01+0200,d8602f09-a04f-4239-8b86-3e2426d15a39,2026-09-07T09:45:00Z,2026-09-07T11:45:00+0200,-25.03,EUR/MWh,DK2,DK_2,imbalance_price,Long,2026-09-09T00:44:03Z
2026-09-09T00:30:01Z,2026-09-09T02:30:01+0200,d8602f09-a04f-4239-8b86-3e2426d15a39,2026-09-07T09:45:00Z,2026-09-07T11:45:00+0200,-25.03,EUR/MWh,DK2,DK_2,imbalance_price,Short,2026-09-09T00:44:03Z
2026-09-09T00:30:01Z,2026-09-09T02:30:01+0200,d8602f09-a04f-4239-8b86-3e2426d15a39,2026-09-07T10:00:00Z,2026-09-07T12:00:00+0200,106.93,EUR/MWh,DK2,DK_2,imbalance_price,Long,2026-09-09T00:44:03Z
2026-09-09T00:30:01Z,2026-09-09T02:30:01+0200,d8602f09-a04f-4239-8b86-3e2426d15a39,2026-09-07T10:00:00Z,2026-09-07T12:00:00+0200,106.93,EUR/MWh,DK2,DK_2,imbalance_price,Short,2026-09-09T00:44:03Z
2026-09-09T00:30:01Z,2026-09-09T02:30:01+0200,d8602f09-a04f-4239-8b86-3e2426d15a39,2026-09-07T10:15:00Z,2026-09-07T12:15:00+0200,-39.14,EUR/MWh,DK2,DK_2,imbalance_price,Long,2026-09-09T00:44:03Z
2026-09-09T00:30:01Z,2026-09-09T02:30:01+0200,d8602f09-a04f-4239-8b86-3e2426d15a39,2026-09-07T10:15:00Z,2026-09-07T12:15:00+0200,-39.14,EUR/MWh,DK2,DK_2,imbalance_price,Short,2026-09-09T00:44:03Z
2026-09-09T00:30:01Z,2026-09-09T02:30:01+0200,d8602f09-a04f-4239-8b86-3e2426d15a39,2026-09-07T10:30:00Z,2026-09-07T12:30:00+0200,-5.47,EUR/MWh,DK2,DK_2,imbalance_price,Long,2026-09-09T00:44:03Z
2026-09-09T00:30:01Z,2026-09-09T02:30:01+0200,d8602f09-a04f-4239-8b86-3e2426d15a39,2026-09-07T10:30:00Z,2026-09-07T12:30:00+0200,-5.47,EUR/MWh,DK2,DK_2,imbalance_price,Short,2026-09-09T00:44:03Z
2026-09-09T00:30:01Z,2026-09-09T02:30:01+0200,d8602f09-a04f-4239-8b86-3e2426d15a39,2026-09-07T10:45:00Z,2026-09-07T12:45:00+0200,-5.0,EUR/MWh,DK2,DK_2,imbalance_price,Long,2026-09-09T00:44:03Z
2026-09-09T00:30:01Z,2026-09-09T02:30:01+0200,d8602f09-a04f-4239-8b86-3e2426d15a39,2026-09-07T10:45:00Z,2026-09-07T12:45:00+0200,-5.0,EUR/MWh,DK2,DK_2,imbalance_price,Short,2026-09-09T00:44:03Z
2026-09-09T00:30:01Z,2026-09-09T02:30:01+0200,d8602f09-a04f-4239-8b86-3e2426d15a39,2026-09-07T11:00:00Z,2026-09-07T13:00:00+0200,-6.56,EUR/MWh,DK2,DK_2,imbalance_price,Long,2026-09-09T00:44:03Z
2026-09-09T00:30:01Z,2026-09-09T02:30:01+0200,d8602f09-a04f-4239-8b86-3e2426d15a39,2026-09-07T11:00:00Z,2026-09-07T13:00:00+0200,-6.56,EUR/MWh,DK2,DK_2,imbalance_price,Short,2026-09-09T00:44:03Z
2026-09-09T00:30:01Z,2026-09-09T02:30:01+0200,d8602f09-a04f-4239-8b86-3e2426d15a39,2026-09-07T11:15:00Z,2026-09-07T13:15:00+0200,-36.58,EUR/MWh,DK2,DK_2,imbalance_price,Long,2026-09-09T00:44:03Z
2026-09-09T00:30:01Z,2026-09-09T02:30:01+0200,d8602f09-a04f-4239-8b86-3e2426d15a39,2026-09-07T11:15:00Z,2026-09-07T13:15:00+0200,-36.58,EUR/MWh,DK2,DK_2,imbalance_price,Short,2026-09-09T00:44:03Z
2026-09-09T00:30:01Z,2026-09-09T02:30:01+0200,d8602f09-a04f-4239-8b86-3e2426d15a39,2026-09-07T11:30:00Z,2026-09-07T13:30:00+0200,-41.71,EUR/MWh,DK2,DK_2,imbalance_price,Long,2026-09-09T00:44:03Z
2026-09-09T00:30:01Z,2026-09-09T02:30:01+0200,d8602f09-a04f-4239-8b86-3e2426d15a39,2026-09-07T11:30:00Z,2026-09-07T13:30:00+0200,-41.71,EUR/MWh,DK2,DK_2,imbalance_price,Short,2026-09-09T00:44:03Z
2026-09-09T00:30:01Z,2026-09-09T02:30:01+0200,d8602f09-a04f-4239-8b86-3e2426d15a39,2026-09-07T11:45:00Z,2026-09-07T13:45:00+0200,-10.0,EUR/MWh,DK2,DK_2,imbalance_price,Long,2026-09-09T00:44:03Z
2026-09-09T00:30:01Z,2026-09-09T02:30:01+0200,d8602f09-a04f-4239-8b86-3e2426d15a39,2026-09-07T11:45:00Z,2026-09-07T13:45:00+0200,-10.0,EUR/MWh,DK2,DK_2,imbalance_price,Short,2026-09-09T00:44:03Z
2026-09-09T00:30:01Z,2026-09-09T02:30:01+0200,d8602f09-a04f-4239-8b86-3e2426d15a39,2026-09-07T12:00:00Z,2026-09-07T14:00:00+0200,-7.66,EUR/MWh,DK2,DK_2,imbalance_price,Long,2026-09-09T00:44:03Z
2026-09-09T00:30:01Z,2026-09-09T02:30:01+0200,d8602f09-a04f-4239-8b86-3e2426d15a39,2026-09-07T12:00:00Z,2026-09-07T14:00:00+0200,-7.66,EUR/MWh,DK2,DK_2,imbalance_price,Short,2026-09-09T00:44:03Z
2026-09-09T00:30:01Z,2026-09-09T02:30:01+0200,d8602f09-a04f-4239-8b86-3e2426d15a39,2026-09-07T12:15:00Z,2026-09-07T14:15:00+0200,-6.0,EUR/MWh,DK2,DK_2,imbalance_price,Long,2026-09-09T00:44:03Z
2026-09-09T00:30:01Z,2026-09-09T02:30:01+0200,d8602f09-a04f-4239-8b86-3e2426d15a39,2026-09-07T12:15:00Z,2026-09-07T14:15:00+0200,-6.0,EUR/MWh,DK2,DK_2,imbalance_price,Short,2026-09-09T00:44:03Z
2026-09-09T00:30:01Z,2026-09-09T02:30:01+0200,d8602f09-a04f-4239-8b86-3e2426d15a39,2026-09-07T12:30:00Z,2026-09-07T14:30:00+0200,-10.18,EUR/MWh,DK2,DK_2,imbalance_price,Long,2026-09-09T00:44:03Z
2026-09-09T00:30:01Z,2026-09-09T02:30:01+0200,d8602f09-a04f-4239-8b86-3e2426d15a39,2026-09-07T12:30:00Z,2026-09-07T14:30:00+0200,-10.18,EUR/MWh,DK2,DK_2,imbalance_price,Short,2026-09-09T00:44:03Z
2026-09-09T00:30:01Z,2026-09-09T02:30:01+0200,d8602f09-a04f-4239-8b86-3e2426d15a39,2026-09-07T12:45:00Z,2026-09-07T14:45:00+0200,-18.92,EUR/MWh,DK2,DK_2,imbalance_price,Long,2026-09-09T00:44:03Z
2026-09-09T00:30:01Z,2026-09-09T02:30:01+0200,d8602f09-a04f-4239-8b86-3e2426d15a39,2026-09-07T12:45:00Z,2026-09-07T14:45:00+0200,-18.92,EUR/MWh,DK2,DK_2,imbalance_price,Short,2026-09-09T00:44:03Z
2026-09-09T00:30:01Z,2026-09-09T02:30:01+0200,d8602f09-a04f-4239-8b86-3e2426d15a39,2026-09-07T13:00:00Z,2026-09-07T15:00:00+0200,-25.27,EUR/MWh,DK2,DK_2,imbalance_price,Long,2026-09-09T00:44:03Z
2026-09-09T00:30:01Z,2026-09-09T02:30:01+0200,d8602f09-a04f-4239-8b86-3e2426d15a39,2026-09-07T13:00:00Z,2026-09-07T15:00:00+0200,-25.27,EUR/MWh,DK2,DK_2,imbalance_price,Short,2026-09-09T00:44:03Z
2026-09-09T00:30:01Z,2026-09-09T02:30:01+0200,d8602f09-a04f-4239-8b86-3e2426d15a39,2026-09-07T13:15:00Z,2026-09-07T15:15:00+0200,-34.73,EUR/MWh,DK2,DK_2,imbalance_price,Long,2026-09-09T00:44:03Z
2026-09-09T00:30:01Z,2026-09-09T02:30:01+0200,d8602f09-a04f-4239-8b86-3e2426d15a39,2026-09-07T13:15:00Z,2026-09-07T15:15:00+0200,-34.73,EUR/MWh,DK2,DK_2,imbalance_price,Short,2026-09-09T00:44:03Z
2026-09-09T00:30:01Z,2026-09-09T02:30:01+0200,d8602f09-a04f-4239-8b86-3e2426d15a39,2026-09-07T13:30:00Z,2026-09-07T15:30:00+0200,-40.62,EUR/MWh,DK2,DK_2,imbalance_price,Long,2026-09-09T00:44:03Z
2026-09-09T00:30:01Z,2026-09-09T02:30:01+0200,d8602f09-a04f-4239-8b86-3e2426d15a39,2026-09-07T13:30:00Z,2026-09-07T15:30:00+0200,-40.62,EUR/MWh,DK2,DK_2,imbalance_price,Short,2026-09-09T00:44:03Z
2026-09-09T00:30:01Z,2026-09-09T02:30:01+0200,d8602f09-a04f-4239-8b86-3e2426d15a39,2026-09-07T13:45:00Z,2026-09-07T15:45:00+0200,-15.01,EUR/MWh,DK2,DK_2,imbalance_price,Long,2026-09-09T00:44:03Z
2026-09-09T00:30:01Z,2026-09-09T02:30:01+0200,d8602f09-a04f-4239-8b86-3e2426d15a39,2026-09-07T13:45:00Z,2026-09-07T15:45:00+0200,-15.01,EUR/MWh,DK2,DK_2,imbalance_price,Short,2026-09-09T00:44:03Z
2026-09-09T00:30:01Z,2026-09-09T02:30:01+0200,d8602f09-a04f-4239-8b86-3e2426d15a39,2026-09-07T14:00:00Z,2026-09-07T16:00:00+0200,-7.07,EUR/MWh,DK2,DK_2,imbalance_price,Long,2026-09-09T00:44:03Z
2026-09-09T00:30:01Z,2026-09-09T02:30:01+0200,d8602f09-a04f-4239-8b86-3e2426d15a39,2026-09-07T14:00:00Z,2026-09-07T16:00:00+0200,-7.07,EUR/MWh,DK2,DK_2,imbalance_price,Short,2026-09-09T00:44:03Z
2026-09-09T00:30:01Z,2026-09-09T02:30:01+0200,d8602f09-a04f-4239-8b86-3e2426d15a39,2026-09-07T14:15:00Z,2026-09-07T16:15:00+0200,-2.98,EUR/MWh,DK2,DK_2,imbalance_price,Long,2026-09-09T00:44:03Z
2026-09-09T00:30:01Z,2026-09-09T02:30:01+0200,d8602f09-a04f-4239-8b86-3e2426d15a39,2026-09-07T14:15:00Z,2026-09-07T16:15:00+0200,-2.98,EUR/MWh,DK2,DK_2,imbalance_price,Short,2026-09-09T00:44:03Z
2026-09-09T00:30:01Z,2026-09-09T02:30:01+0200,d8602f09-a04f-4239-8b86-3e2426d15a39,2026-09-07T14:30:00Z,2026-09-07T16:30:00+0200,5.5,EUR/MWh,DK2,DK_2,imbalance_price,Long,2026-09-09T00:44:03Z
2026-09-09T00:30:01Z,2026-09-09T02:30:01+0200,d8602f09-a04f-4239-8b86-3e2426d15a39,2026-09-07T14:30:00Z,2026-09-07T16:30:00+0200,5.5,EUR/MWh,DK2,DK_2,imbalance_price,Short,2026-09-09T00:44:03Z
2026-09-09T00:30:01Z,2026-09-09T02:30:01+0200,d8602f09-a04f-4239-8b86-3e2426d15a39,2026-09-07T14:45:00Z,2026-09-07T16:45:00+0200,10.0,EUR/MWh,DK2,DK_2,imbalance_price,Long,2026-09-09T00:44:03Z
2026-09-09T00:30:01Z,2026-09-09T02:30:01+0200,d8602f09-a04f-4239-8b86-3e2426d15a39,2026-09-07T14:45:00Z,2026-09-07T16:45:00+0200,10.0,EUR/MWh,DK2,DK_2,imbalance_price,Short,2026-09-09T00:44:03Z
2026-09-09T00:30:01Z,2026-09-09T02:30:01+0200,d8602f09-a04f-4239-8b86-3e2426d15a39,2026-09-07T15:00:00Z,2026-09-07T17:00:00+0200,-1.95,EUR/MWh,DK2,DK_2,imbalance_price,Long,2026-09-09T00:44:03Z
2026-09-09T00:30:01Z,2026-09-09T02:30:01+0200,d8602f09-a04f-4239-8b86-3e2426d15a39,2026-09-07T15:00:00Z,2026-09-07T17:00:00+0200,-1.95,EUR/MWh,DK2,DK_2,imbalance_price,Short,2026-09-09T00:44:03Z
2026-09-09T00:30:01Z,2026-09-09T02:30:01+0200,d8602f09-a04f-4239-8b86-3e2426d15a39,2026-09-07T15:15:00Z,2026-09-07T17:15:00+0200,146.44,EUR/MWh,DK2,DK_2,imbalance_price,Long,2026-09-09T00:44:03Z
2026-09-09T00:30:01Z,2026-09-09T02:30:01+0200,d8602f09-a04f-4239-8b86-3e2426d15a39,2026-09-07T15:15:00Z,2026-09-07T17:15:00+0200,146.44,EUR/MWh,DK2,DK_2,imbalance_price,Short,2026-09-09T00:44:03Z
2026-09-09T00:30:01Z,2026-09-09T02:30:01+0200,d8602f09-a04f-4239-8b86-3e2426d15a39,2026-09-07T15:30:00Z,2026-09-07T17:30:00+0200,27.78,EUR/MWh,DK2,DK_2,imbalance_price,Long,2026-09-09T00:44:03Z
2026-09-09T00:30:01Z,2026-09-09T02:30:01+0200,d8602f09-a04f-4239-8b86-3e2426d15a39,2026-09-07T15:30:00Z,2026-09-07T17:30:00+0200,27.78,EUR/MWh,DK2,DK_2,imbalance_price,Short,2026-09-09T00:44:03Z
2026-09-09T00:30:01Z,2026-09-09T02:30:01+0200,d8602f09-a04f-4239-8b86-3e2426d15a39,2026-09-07T15:45:00Z,2026-09-07T17:45:00+0200,22.61,EUR/MWh,DK2,DK_2,imbalance_price,Long,2026-09-09T00:44:03Z
2026-09-09T00:30:01Z,2026-09-09T02:30:01+0200,d8602f09-a04f-4239-8b86-3e2426d15a39,2026-09-07T15:45:00Z,2026-09-07T17:45:00+0200,22.61,EUR/MWh,DK2,DK_2,imbalance_price,Short,2026-09-09T00:44:03Z
2026-09-09T00:30:01Z,2026-09-09T02:30:01+0200,d8602f09-a04f-4239-8b86-3e2426d15a39,2026-09-07T16:00:00Z,2026-09-07T18:00:00+0200,71.76,EUR/MWh,DK2,DK_2,imbalance_price,Long,2026-09-09T00:44:03Z
2026-09-09T00:30:01Z,2026-09-09T02:30:01+0200,d8602f09-a04f-4239-8b86-3e2426d15a39,2026-09-07T16:00:00Z,2026-09-07T18:00:00+0200,71.76,EUR/MWh,DK2,DK_2,imbalance_price,Short,2026-09-09T00:44:03Z
2026-09-09T00:30:01Z,2026-09-09T02:30:01+0200,d8602f09-a04f-4239-8b86-3e2426d15a39,2026-09-07T16:15:00Z,2026-09-07T18:15:00+0200,334.46,EUR/MWh,DK2,DK_2,imbalance_price,Long,2026-09-09T00:44:03Z
2026-09-09T00:30:01Z,2026-09-09T02:30:01+0200,d8602f09-a04f-4239-8b86-3e2426d15a39,2026-09-07T16:15:00Z,2026-09-07T18:15:00+0200,334.46,EUR/MWh,DK2,DK_2,imbalance_price,Short,2026-09-09T00:44:03Z
2026-09-09T00:30:01Z,2026-09-09T02:30:01+0200,d8602f09-a04f-4239-8b86-3e2426d15a39,2026-09-07T16:30:00Z,2026-09-07T18:30:00+0200,102.1,EUR/MWh,DK2,DK_2,imbalance_price,Long,2026-09-09T00:44:03Z
2026-09-09T00:30:01Z,2026-09-09T02:30:01+0200,d8602f09-a04f-4239-8b86-3e2426d15a39,2026-09-07T16:30:00Z,2026-09-07T18:30:00+0200,102.1,EUR/MWh,DK2,DK_2,imbalance_price,Short,2026-09-09T00:44:03Z
2026-09-09T00:30:01Z,2026-09-09T02:30:01+0200,d8602f09-a04f-4239-8b86-3e2426d15a39,2026-09-07T16:45:00Z,2026-09-07T18:45:00+0200,253.98,EUR/MWh,DK2,DK_2,imbalance_price,Long,2026-09-09T00:44:03Z
2026-09-09T00:30:01Z,2026-09-09T02:30:01+0200,d8602f09-a04f-4239-8b86-3e2426d15a39,2026-09-07T16:45:00Z,2026-09-07T18:45:00+0200,253.98,EUR/MWh,DK2,DK_2,imbalance_price,Short,2026-09-09T00:44:03Z
2026-09-09T00:30:01Z,2026-09-09T02:30:01+0200,d8602f09-a04f-4239-8b86-3e2426d15a39,2026-09-07T17:00:00Z,2026-09-07T19:00:00+0200,60.94,EUR/MWh,DK2,DK_2,imbalance_price,Long,2026-09-09T00:44:03Z
2026-09-09T00:30:01Z,2026-09-09T02:30:01+0200,d8602f09-a04f-4239-8b86-3e2426d15a39,2026-09-07T17:00:00Z,2026-09-07T19:00:00+0200,60.94,EUR/MWh,DK2,DK_2,imbalance_price,Short,2026-09-09T00:44:03Z
2026-09-09T00:30:01Z,2026-09-09T02:30:01+0200,d8602f09-a04f-4239-8b86-3e2426d15a39,2026-09-07T17:15:00Z,2026-09-07T19:15:00+0200,238.57,EUR/MWh,DK2,DK_2,imbalance_price,Long,2026-09-09T00:44:03Z
2026-09-09T00:30:01Z,2026-09-09T02:30:01+0200,d8602f09-a04f-4239-8b86-3e2426d15a39,2026-09-07T17:15:00Z,2026-09-07T19:15:00+0200,238.57,EUR/MWh,DK2,DK_2,imbalance_price,Short,2026-09-09T00:44:03Z
2026-09-09T00:30:01Z,2026-09-09T02:30:01+0200,d8602f09-a04f-4239-8b86-3e2426d15a39,2026-09-07T17:30:00Z,2026-09-07T19:30:00+0200,12.05,EUR/MWh,DK2,DK_2,imbalance_price,Long,2026-09-09T00:44:03Z
2026-09-09T00:30:01Z,2026-09-09T02:30:01+0200,d8602f09-a04f-4239-8b86-3e2426d15a39,2026-09-07T17:30:00Z,2026-09-07T19:30:00+0200,12.05,EUR/MWh,DK2,DK_2,imbalance_price,Short,2026-09-09T00:44:03Z
2026-09-09T00:30:01Z,2026-09-09T02:30:01+0200,d8602f09-a04f-4239-8b86-3e2426d15a39,2026-09-07T17:45:00Z,2026-09-07T19:45:00+0200,1.5,EUR/MWh,DK2,DK_2,imbalance_price,Long,2026-09-09T00:44:03Z
2026-09-09T00:30:01Z,2026-09-09T02:30:01+0200,d8602f09-a04f-4239-8b86-3e2426d15a39,2026-09-07T17:45:00Z,2026-09-07T19:45:00+0200,1.5,EUR/MWh,DK2,DK_2,imbalance_price,Short,2026-09-09T00:44:03Z
2026-09-09T00:30:01Z,2026-09-09T02:30:01+0200,d8602f09-a04f-4239-8b86-3e2426d15a39,2026-09-07T18:00:00Z,2026-09-07T20:00:00+0200,1.0,EUR/MWh,DK2,DK_2,imbalance_price,Long,2026-09-09T00:44:03Z
2026-09-09T00:30:01Z,2026-09-09T02:30:01+0200,d8602f09-a04f-4239-8b86-3e2426d15a39,2026-09-07T18:00:00Z,2026-09-07T20:00:00+0200,1.0,EUR/MWh,DK2,DK_2,imbalance_price,Short,2026-09-09T00:44:03Z
2026-09-09T00:30:01Z,2026-09-09T02:30:01+0200,d8602f09-a04f-4239-8b86-3e2426d15a39,2026-09-07T18:15:00Z,2026-09-07T20:15:00+0200,87.34,EUR/MWh,DK2,DK_2,imbalance_price,Long,2026-09-09T00:44:03Z
2026-09-09T00:30:01Z,2026-09-09T02:30:01+0200,d8602f09-a04f-4239-8b86-3e2426d15a39,2026-09-07T18:15:00Z,2026-09-07T20:15:00+0200,87.34,EUR/MWh,DK2,DK_2,imbalance_price,Short,2026-09-09T00:44:03Z
2026-09-09T00:30:01Z,2026-09-09T02:30:01+0200,d8602f09-a04f-4239-8b86-3e2426d15a39,2026-09-07T18:30:00Z,2026-09-07T20:30:00+0200,241.41,EUR/MWh,DK2,DK_2,imbalance_price,Long,2026-09-09T00:44:03Z
2026-09-09T00:30:01Z,2026-09-09T02:30:01+0200,d8602f09-a04f-4239-8b86-3e2426d15a39,2026-09-07T18:30:00Z,2026-09-07T20:30:00+0200,241.41,EUR/MWh,DK2,DK_2,imbalance_price,Short,2026-09-09T00:44:03Z
2026-09-09T00:30:01Z,2026-09-09T02:30:01+0200,d8602f09-a04f-4239-8b86-3e2426d15a39,2026-09-07T18:45:00Z,2026-09-07T20:45:00+0200,228.13,EUR/MWh,DK2,DK_2,imbalance_price,Long,2026-09-09T00:44:03Z
2026-09-09T00:30:01Z,2026-09-09T02:30:01+0200,d8602f09-a04f-4239-8b86-3e2426d15a39,2026-09-07T18:45:00Z,2026-09-07T20:45:00+0200,228.13,EUR/MWh,DK2,DK_2,imbalance_price,Short,2026-09-09T00:44:03Z
2026-09-09T00:30:01Z,2026-09-09T02:30:01+0200,d8602f09-a04f-4239-8b86-3e2426d15a39,2026-09-07T19:00:00Z,2026-09-07T21:00:00+0200,234.81,EUR/MWh,DK2,DK_2,imbalance_price,Long,2026-09-09T00:44:03Z
2026-09-09T00:30:01Z,2026-09-09T02:30:01+0200,d8602f09-a04f-4239-8b86-3e2426d15a39,2026-09-07T19:00:00Z,2026-09-07T21:00:00+0200,234.81,EUR/MWh,DK2,DK_2,imbalance_price,Short,2026-09-09T00:44:03Z
2026-09-09T00:30:01Z,2026-09-09T02:30:01+0200,d8602f09-a04f-4239-8b86-3e2426d15a39,2026-09-07T19:15:00Z,2026-09-07T21:15:00+0200,208.3,EUR/MWh,DK2,DK_2,imbalance_price,Long,2026-09-09T00:44:03Z
2026-09-09T00:30:01Z,2026-09-09T02:30:01+0200,d8602f09-a04f-4239-8b86-3e2426d15a39,2026-09-07T19:15:00Z,2026-09-07T21:15:00+0200,208.3,EUR/MWh,DK2,DK_2,imbalance_price,Short,2026-09-09T00:44:03Z
2026-09-09T00:30:01Z,2026-09-09T02:30:01+0200,d8602f09-a04f-4239-8b86-3e2426d15a39,2026-09-07T19:30:00Z,2026-09-07T21:30:00+0200,99.92,EUR/MWh,DK2,DK_2,imbalance_price,Long,2026-09-09T00:44:03Z
2026-09-09T00:30:01Z,2026-09-09T02:30:01+0200,d8602f09-a04f-4239-8b86-3e2426d15a39,2026-09-07T19:30:00Z,2026-09-07T21:30:00+0200,99.92,EUR/MWh,DK2,DK_2,imbalance_price,Short,2026-09-09T00:44:03Z
2026-09-09T00:30:01Z,2026-09-09T02:30:01+0200,d8602f09-a04f-4239-8b86-3e2426d15a39,2026-09-07T19:45:00Z,2026-09-07T21:45:00+0200,6.67,EUR/MWh,DK2,DK_2,imbalance_price,Long,2026-09-09T00:44:03Z
2026-09-09T00:30:01Z,2026-09-09T02:30:01+0200,d8602f09-a04f-4239-8b86-3e2426d15a39,2026-09-07T19:45:00Z,2026-09-07T21:45:00+0200,6.67,EUR/MWh,DK2,DK_2,imbalance_price,Short,2026-09-09T00:44:03Z
2026-09-09T00:30:01Z,2026-09-09T02:30:01+0200,d8602f09-a04f-4239-8b86-3e2426d15a39,2026-09-07T20:00:00Z,2026-09-07T22:00:00+0200,0.0,EUR/MWh,DK2,DK_2,imbalance_price,Long,2026-09-09T00:44:03Z
2026-09-09T00:30:01Z,2026-09-09T02:30:01+0200,d8602f09-a04f-4239-8b86-3e2426d15a39,2026-09-07T20:00:00Z,2026-09-07T22:00:00+0200,0.0,EUR/MWh,DK2,DK_2,imbalance_price,Short,2026-09-09T00:44:03Z
2026-09-09T00:30:01Z,2026-09-09T02:30:01+0200,d8602f09-a04f-4239-8b86-3e2426d15a39,2026-09-07T20:15:00Z,2026-09-07T22:15:00+0200,8.7,EUR/MWh,DK2,DK_2,imbalance_price,Long,2026-09-09T00:44:03Z
2026-09-09T00:30:01Z,2026-09-09T02:30:01+0200,d8602f09-a04f-4239-8b86-3e2426d15a39,2026-09-07T20:15:00Z,2026-09-07T22:15:00+0200,8.7,EUR/MWh,DK2,DK_2,imbalance_price,Short,2026-09-09T00:44:03Z
2026-09-09T00:30:01Z,2026-09-09T02:30:01+0200,d8602f09-a04f-4239-8b86-3e2426d15a39,2026-09-07T20:30:00Z,2026-09-07T22:30:00+0200,185.12,EUR/MWh,DK2,DK_2,imbalance_price,Long,2026-09-09T00:44:03Z
2026-09-09T00:30:01Z,2026-09-09T02:30:01+0200,d8602f09-a04f-4239-8b86-3e2426d15a39,2026-09-07T20:30:00Z,2026-09-07T22:30:00+0200,185.12,EUR/MWh,DK2,DK_2,imbalance_price,Short,2026-09-09T00:44:03Z
2026-09-09T00:30:01Z,2026-09-09T02:30:01+0200,d8602f09-a04f-4239-8b86-3e2426d15a39,2026-09-07T20:45:00Z,2026-09-07T22:45:00+0200,179.09,EUR/MWh,DK2,DK_2,imbalance_price,Long,2026-09-09T00:44:03Z
2026-09-09T00:30:01Z,2026-09-09T02:30:01+0200,d8602f09-a04f-4239-8b86-3e2426d15a39,2026-09-07T20:45:00Z,2026-09-07T22:45:00+0200,179.09,EUR/MWh,DK2,DK_2,imbalance_price,Short,2026-09-09T00:44:03Z
2026-09-09T00:30:01Z,2026-09-09T02:30:01+0200,d8602f09-a04f-4239-8b86-3e2426d15a39,2026-09-07T21:00:00Z,2026-09-07T23:00:00+0200,97.38,EUR/MWh,DK2,DK_2,imbalance_price,Long,2026-09-09T00:44:03Z
2026-09-09T00:30:01Z,2026-09-09T02:30:01+0200,d8602f09-a04f-4239-8b86-3e2426d15a39,2026-09-07T21:00:00Z,2026-09-07T23:00:00+0200,97.38,EUR/MWh,DK2,DK_2,imbalance_price,Short,2026-09-09T00:44:03Z
2026-09-09T00:30:01Z,2026-09-09T02:30:01+0200,d8602f09-a04f-4239-8b86-3e2426d15a39,2026-09-07T21:15:00Z,2026-09-07T23:15:00+0200,22.61,EUR/MWh,DK2,DK_2,imbalance_price,Long,2026-09-09T00:44:03Z
2026-09-09T00:30:01Z,2026-09-09T02:30:01+0200,d8602f09-a04f-4239-8b86-3e2426d15a39,2026-09-07T21:15:00Z,2026-09-07T23:15:00+0200,22.61,EUR/MWh,DK2,DK_2,imbalance_price,Short,2026-09-09T00:44:03Z
2026-09-09T00:30:01Z,2026-09-09T02:30:01+0200,d8602f09-a04f-4239-8b86-3e2426d15a39,2026-09-07T21:30:00Z,2026-09-07T23:30:00+0200,65.99,EUR/MWh,DK2,DK_2,imbalance_price,Long,2026-09-09T00:44:03Z
2026-09-09T00:30:01Z,2026-09-09T02:30:01+0200,d8602f09-a04f-4239-8b86-3e2426d15a39,2026-09-07T21:30:00Z,2026-09-07T23:30:00+0200,65.99,EUR/MWh,DK2,DK_2,imbalance_price,Short,2026-09-09T00:44:03Z
2026-09-09T00:30:01Z,2026-09-09T02:30:01+0200,d8602f09-a04f-4239-8b86-3e2426d15a39,2026-09-07T21:45:00Z,2026-09-07T23:45:00+0200,87.67,EUR/MWh,DK2,DK_2,imbalance_price,Long,2026-09-09T00:44:03Z
2026-09-09T00:30:01Z,2026-09-09T02:30:01+0200,d8602f09-a04f-4239-8b86-3e2426d15a39,2026-09-07T21:45:00Z,2026-09-07T23:45:00+0200,87.67,EUR/MWh,DK2,DK_2,imbalance_price,Short,2026-09-09T00:44:03Z
2026-09-09T00:30:01Z,2026-09-09T02:30:01+0200,d8602f09-a04f-4239-8b86-3e2426d15a39,2026-09-07T22:00:00Z,2026-09-08T00:00:00+0200,-2.07,EUR/MWh,DK2,DK_2,imbalance_price,Long,2026-09-09T00:44:03Z
2026-09-09T00:30:01Z,2026-09-09T02:30:01+0200,d8602f09-a04f-4239-8b86-3e2426d15a39,2026-09-07T22:00:00Z,2026-09-08T00:00:00+0200,-2.07,EUR/MWh,DK2,DK_2,imbalance_price,Short,2026-09-09T00:44:03Z
2026-09-09T00:30:01Z,2026-09-09T02:30:01+0200,d8602f09-a04f-4239-8b86-3e2426d15a39,2026-09-07T22:15:00Z,2026-09-08T00:15:00+0200,-1.0,EUR/MWh,DK2,DK_2,imbalance_price,Long,2026-09-09T00:44:03Z
2026-09-09T00:30:01Z,2026-09-09T02:30:01+0200,d8602f09-a04f-4239-8b86-3e2426d15a39,2026-09-07T22:15:00Z,2026-09-08T00:15:00+0200,-1.0,EUR/MWh,DK2,DK_2,imbalance_price,Short,2026-09-09T00:44:03Z
2026-09-09T00:30:01Z,2026-09-09T02:30:01+0200,d8602f09-a04f-4239-8b86-3e2426d15a39,2026-09-07T22:30:00Z,2026-09-08T00:30:00+0200,65.11,EUR/MWh,DK2,DK_2,imbalance_price,Long,2026-09-09T00:44:03Z
2026-09-09T00:30:01Z,2026-09-09T02:30:01+0200,d8602f09-a04f-4239-8b86-3e2426d15a39,2026-09-07T22:30:00Z,2026-09-08T00:30:00+0200,65.11,EUR/MWh,DK2,DK_2,imbalance_price,Short,2026-09-09T00:44:03Z
2026-09-09T00:30:01Z,2026-09-09T02:30:01+0200,d8602f09-a04f-4239-8b86-3e2426d15a39,2026-09-07T22:45:00Z,2026-09-08T00:45:00+0200,28.68,EUR/MWh,DK2,DK_2,imbalance_price,Long,2026-09-09T00:44:03Z
2026-09-09T00:30:01Z,2026-09-09T02:30:01+0200,d8602f09-a04f-4239-8b86-3e2426d15a39,2026-09-07T22:45:00Z,2026-09-08T00:45:00+0200,28.68,EUR/MWh,DK2,DK_2,imbalance_price,Short,2026-09-09T00:44:03Z
2026-09-09T00:30:01Z,2026-09-09T02:30:01+0200,d8602f09-a04f-4239-8b86-3e2426d15a39,2026-09-07T23:00:00Z,2026-09-08T01:00:00+0200,10.57,EUR/MWh,DK2,DK_2,imbalance_price,Long,2026-09-09T00:44:03Z
2026-09-09T00:30:01Z,2026-09-09T02:30:01+0200,d8602f09-a04f-4239-8b86-3e2426d15a39,2026-09-07T23:00:00Z,2026-09-08T01:00:00+0200,10.57,EUR/MWh,DK2,DK_2,imbalance_price,Short,2026-09-09T00:44:03Z
2026-09-09T00:30:01Z,2026-09-09T02:30:01+0200,d8602f09-a04f-4239-8b86-3e2426d15a39,2026-09-07T23:15:00Z,2026-09-08T01:15:00+0200,0.0,EUR/MWh,DK2,DK_2,imbalance_price,Long,2026-09-09T00:44:03Z
2026-09-09T00:30:01Z,2026-09-09T02:30:01+0200,d8602f09-a04f-4239-8b86-3e2426d15a39,2026-09-07T23:15:00Z,2026-09-08T01:15:00+0200,0.0,EUR/MWh,DK2,DK_2,imbalance_price,Short,2026-09-09T00:44:03Z
2026-09-09T00:30:01Z,2026-09-09T02:30:01+0200,d8602f09-a04f-4239-8b86-3e2426d15a39,2026-09-07T23:30:00Z,2026-09-08T01:30:00+0200,163.08,EUR/MWh,DK2,DK_2,imbalance_price,Long,2026-09-09T00:44:03Z
2026-09-09T00:30:01Z,2026-09-09T02:30:01+0200,d8602f09-a04f-4239-8b86-3e2426d15a39,2026-09-07T23:30:00Z,2026-09-08T01:30:00+0200,163.08,EUR/MWh,DK2,DK_2,imbalance_price,Short,2026-09-09T00:44:03Z
2026-09-09T00:30:01Z,2026-09-09T02:30:01+0200,d8602f09-a04f-4239-8b86-3e2426d15a39,2026-09-07T23:45:00Z,2026-09-08T01:45:00+0200,156.6,EUR/MWh,DK2,DK_2,imbalance_price,Long,2026-09-09T00:44:03Z
2026-09-09T00:30:01Z,2026-09-09T02:30:01+0200,d8602f09-a04f-4239-8b86-3e2426d15a39,2026-09-07T23:45:00Z,2026-09-08T01:45:00+0200,156.6,EUR/MWh,DK2,DK_2,imbalance_price,Short,2026-09-09T00:44:03Z
2026-09-09T00:30:01Z,2026-09-09T02:30:01+0200,d8602f09-a04f-4239-8b86-3e2426d15a39,2026-09-08T00:00:00Z,2026-09-08T02:00:00+0200,16.06,EUR/MWh,DK2,DK_2,imbalance_price,Long,2026-09-09T00:44:03Z
2026-09-09T00:30:01Z,2026-09-09T02:30:01+0200,d8602f09-a04f-4239-8b86-3e2426d15a39,2026-09-08T00:00:00Z,2026-09-08T02:00:00+0200,16.06,EUR/MWh,DK2,DK_2,imbalance_price,Short,2026-09-09T00:44:03Z
2026-09-09T00:30:01Z,2026-09-09T02:30:01+0200,d8602f09-a04f-4239-8b86-3e2426d15a39,2026-09-08T00:15:00Z,2026-09-08T02:15:00+0200,85.52,EUR/MWh,DK2,DK_2,imbalance_price,Long,2026-09-09T00:44:03Z
2026-09-09T00:30:01Z,2026-09-09T02:30:01+0200,d8602f09-a04f-4239-8b86-3e2426d15a39,2026-09-08T00:15:00Z,2026-09-08T02:15:00+0200,85.52,EUR/MWh,DK2,DK_2,imbalance_price,Short,2026-09-09T00:44:03Z
2026-09-09T00:30:01Z,2026-09-09T02:30:01+0200,d8602f09-a04f-4239-8b86-3e2426d15a39,2026-09-08T00:30:00Z,2026-09-08T02:30:00+0200,123.59,EUR/MWh,DK2,DK_2,imbalance_price,Long,2026-09-09T00:44:03Z
2026-09-09T00:30:01Z,2026-09-09T02:30:01+0200,d8602f09-a04f-4239-8b86-3e2426d15a39,2026-09-08T00:30:00Z,2026-09-08T02:30:00+0200,123.59,EUR/MWh,DK2,DK_2,imbalance_price,Short,2026-09-09T00:44:03Z
2026-09-09T00:30:01Z,2026-09-09T02:30:01+0200,d8602f09-a04f-4239-8b86-3e2426d15a39,2026-09-08T00:45:00Z,2026-09-08T02:45:00+0200,103.8,EUR/MWh,DK2,DK_2,imbalance_price,Long,2026-09-09T00:44:03Z
2026-09-09T00:30:01Z,2026-09-09T02:30:01+0200,d8602f09-a04f-4239-8b86-3e2426d15a39,2026-09-08T00:45:00Z,2026-09-08T02:45:00+0200,103.8,EUR/MWh,DK2,DK_2,imbalance_price,Short,2026-09-09T00:44:03Z
2026-09-09T00:30:01Z,2026-09-09T02:30:01+0200,d8602f09-a04f-4239-8b86-3e2426d15a39,2026-09-08T01:00:00Z,2026-09-08T03:00:00+0200,668.93,EUR/MWh,DK2,DK_2,imbalance_price,Long,2026-09-09T00:44:03Z
2026-09-09T00:30:01Z,2026-09-09T02:30:01+0200,d8602f09-a04f-4239-8b86-3e2426d15a39,2026-09-08T01:00:00Z,2026-09-08T03:00:00+0200,668.93,EUR/MWh,DK2,DK_2,imbalance_price,Short,2026-09-09T00:44:03Z
2026-09-09T00:30:01Z,2026-09-09T02:30:01+0200,d8602f09-a04f-4239-8b86-3e2426d15a39,2026-09-08T01:15:00Z,2026-09-08T03:15:00+0200,149.7,EUR/MWh,DK2,DK_2,imbalance_price,Long,2026-09-09T00:44:03Z
2026-09-09T00:30:01Z,2026-09-09T02:30:01+0200,d8602f09-a04f-4239-8b86-3e2426d15a39,2026-09-08T01:15:00Z,2026-09-08T03:15:00+0200,149.7,EUR/MWh,DK2,DK_2,imbalance_price,Short,2026-09-09T00:44:03Z
2026-09-09T00:30:01Z,2026-09-09T02:30:01+0200,d8602f09-a04f-4239-8b86-3e2426d15a39,2026-09-08T01:30:00Z,2026-09-08T03:30:00+0200,149.23,EUR/MWh,DK2,DK_2,imbalance_price,Long,2026-09-09T00:44:03Z
2026-09-09T00:30:01Z,2026-09-09T02:30:01+0200,d8602f09-a04f-4239-8b86-3e2426d15a39,2026-09-08T01:30:00Z,2026-09-08T03:30:00+0200,149.23,EUR/MWh,DK2,DK_2,imbalance_price,Short,2026-09-09T00:44:03Z
2026-09-09T00:30:01Z,2026-09-09T02:30:01+0200,d8602f09-a04f-4239-8b86-3e2426d15a39,2026-09-08T01:45:00Z,2026-09-08T03:45:00+0200,149.24,EUR/MWh,DK2,DK_2,imbalance_price,Long,2026-09-09T00:44:03Z
2026-09-09T00:30:01Z,2026-09-09T02:30:01+0200,d8602f09-a04f-4239-8b86-3e2426d15a39,2026-09-08T01:45:00Z,2026-09-08T03:45:00+0200,149.24,EUR/MWh,DK2,DK_2,imbalance_price,Short,2026-09-09T00:44:03Z
2026-09-09T00:30:01Z,2026-09-09T02:30:01+0200,d8602f09-a04f-4239-8b86-3e2426d15a39,2026-09-08T02:00:00Z,2026-09-08T04:00:00+0200,535.14,EUR/MWh,DK2,DK_2,imbalance_price,Long,2026-09-09T00:44:03Z
2026-09-09T00:30:01Z,2026-09-09T02:30:01+0200,d8602f09-a04f-4239-8b86-3e2426d15a39,2026-09-08T02:00:00Z,2026-09-08T04:00:00+0200,535.14,EUR/MWh,DK2,DK_2,imbalance_price,Short,2026-09-09T00:44:03Z
2026-09-09T00:30:01Z,2026-09-09T02:30:01+0200,d8602f09-a04f-4239-8b86-3e2426d15a39,2026-09-08T02:15:00Z,2026-09-08T04:15:00+0200,574.83,EUR/MWh,DK2,DK_2,imbalance_price,Long,2026-09-09T00:44:03Z
2026-09-09T00:30:01Z,2026-09-09T02:30:01+0200,d8602f09-a04f-4239-8b86-3e2426d15a39,2026-09-08T02:15:00Z,2026-09-08T04:15:00+0200,574.83,EUR/MWh,DK2,DK_2,imbalance_price,Short,2026-09-09T00:44:03Z
2026-09-09T00:30:01Z,2026-09-09T02:30:01+0200,d8602f09-a04f-4239-8b86-3e2426d15a39,2026-09-08T02:30:00Z,2026-09-08T04:30:00+0200,421.48,EUR/MWh,DK2,DK_2,imbalance_price,Long,2026-09-09T00:44:03Z
2026-09-09T00:30:01Z,2026-09-09T02:30:01+0200,d8602f09-a04f-4239-8b86-3e2426d15a39,2026-09-08T02:30:00Z,2026-09-08T04:30:00+0200,421.48,EUR/MWh,DK2,DK_2,imbalance_price,Short,2026-09-09T00:44:03Z
2026-09-09T00:30:01Z,2026-09-09T02:30:01+0200,d8602f09-a04f-4239-8b86-3e2426d15a39,2026-09-08T02:45:00Z,2026-09-08T04:45:00+0200,150.7,EUR/MWh,DK2,DK_2,imbalance_price,Long,2026-09-09T00:44:03Z
2026-09-09T00:30:01Z,2026-09-09T02:30:01+0200,d8602f09-a04f-4239-8b86-3e2426d15a39,2026-09-08T02:45:00Z,2026-09-08T04:45:00+0200,150.7,EUR/MWh,DK2,DK_2,imbalance_price,Short,2026-09-09T00:44:03Z
2026-09-09T00:30:01Z,2026-09-09T02:30:01+0200,d8602f09-a04f-4239-8b86-3e2426d15a39,2026-09-08T03:00:00Z,2026-09-08T05:00:00+0200,153.85,EUR/MWh,DK2,DK_2,imbalance_price,Long,2026-09-09T00:44:03Z
2026-09-09T00:30:01Z,2026-09-09T02:30:01+0200,d8602f09-a04f-4239-8b86-3e2426d15a39,2026-09-08T03:00:00Z,2026-09-08T05:00:00+0200,153.85,EUR/MWh,DK2,DK_2,imbalance_price,Short,2026-09-09T00:44:03Z
2026-09-09T00:30:01Z,2026-09-09T02:30:01+0200,d8602f09-a04f-4239-8b86-3e2426d15a39,2026-09-08T03:15:00Z,2026-09-08T05:15:00+0200,99.92,EUR/MWh,DK2,DK_2,imbalance_price,Long,2026-09-09T00:44:03Z
2026-09-09T00:30:01Z,2026-09-09T02:30:01+0200,d8602f09-a04f-4239-8b86-3e2426d15a39,2026-09-08T03:15:00Z,2026-09-08T05:15:00+0200,99.92,EUR/MWh,DK2,DK_2,imbalance_price,Short,2026-09-09T00:44:03Z
2026-09-09T00:30:01Z,2026-09-09T02:30:01+0200,d8602f09-a04f-4239-8b86-3e2426d15a39,2026-09-08T03:30:00Z,2026-09-08T05:30:00+0200,85.52,EUR/MWh,DK2,DK_2,imbalance_price,Long,2026-09-09T00:44:03Z
2026-09-09T00:30:01Z,2026-09-09T02:30:01+0200,d8602f09-a04f-4239-8b86-3e2426d15a39,2026-09-08T03:30:00Z,2026-09-08T05:30:00+0200,85.52,EUR/MWh,DK2,DK_2,imbalance_price,Short,2026-09-09T00:44:03Z
2026-09-09T00:30:01Z,2026-09-09T02:30:01+0200,d8602f09-a04f-4239-8b86-3e2426d15a39,2026-09-08T03:45:00Z,2026-09-08T05:45:00+0200,189.3,EUR/MWh,DK2,DK_2,imbalance_price,Long,2026-09-09T00:44:03Z
2026-09-09T00:30:01Z,2026-09-09T02:30:01+0200,d8602f09-a04f-4239-8b86-3e2426d15a39,2026-09-08T03:45:00Z,2026-09-08T05:45:00+0200,189.3,EUR/MWh,DK2,DK_2,imbalance_price,Short,2026-09-09T00:44:03Z
2026-09-09T00:30:01Z,2026-09-09T02:30:01+0200,d8602f09-a04f-4239-8b86-3e2426d15a39,2026-09-08T04:00:00Z,2026-09-08T06:00:00+0200,268.91,EUR/MWh,DK2,DK_2,imbalance_price,Long,2026-09-09T00:44:03Z
2026-09-09T00:30:01Z,2026-09-09T02:30:01+0200,d8602f09-a04f-4239-8b86-3e2426d15a39,2026-09-08T04:00:00Z,2026-09-08T06:00:00+0200,268.91,EUR/MWh,DK2,DK_2,imbalance_price,Short,2026-09-09T00:44:03Z
2026-09-09T00:30:01Z,2026-09-09T02:30:01+0200,d8602f09-a04f-4239-8b86-3e2426d15a39,2026-09-08T04:15:00Z,2026-09-08T06:15:00+0200,83.44,EUR/MWh,DK2,DK_2,imbalance_price,Long,2026-09-09T00:44:03Z
2026-09-09T00:30:01Z,2026-09-09T02:30:01+0200,d8602f09-a04f-4239-8b86-3e2426d15a39,2026-09-08T04:15:00Z,2026-09-08T06:15:00+0200,83.44,EUR/MWh,DK2,DK_2,imbalance_price,Short,2026-09-09T00:44:03Z
2026-09-09T00:30:01Z,2026-09-09T02:30:01+0200,d8602f09-a04f-4239-8b86-3e2426d15a39,2026-09-08T04:30:00Z,2026-09-08T06:30:00+0200,83.1,EUR/MWh,DK2,DK_2,imbalance_price,Long,2026-09-09T00:44:03Z
2026-09-09T00:30:01Z,2026-09-09T02:30:01+0200,d8602f09-a04f-4239-8b86-3e2426d15a39,2026-09-08T04:30:00Z,2026-09-08T06:30:00+0200,83.1,EUR/MWh,DK2,DK_2,imbalance_price,Short,2026-09-09T00:44:03Z
2026-09-09T00:30:01Z,2026-09-09T02:30:01+0200,d8602f09-a04f-4239-8b86-3e2426d15a39,2026-09-08T04:45:00Z,2026-09-08T06:45:00+0200,99.92,EUR/MWh,DK2,DK_2,imbalance_price,Long,2026-09-09T00:44:03Z
2026-09-09T00:30:01Z,2026-09-09T02:30:01+0200,d8602f09-a04f-4239-8b86-3e2426d15a39,2026-09-08T04:45:00Z,2026-09-08T06:45:00+0200,99.92,EUR/MWh,DK2,DK_2,imbalance_price,Short,2026-09-09T00:44:03Z
2026-09-09T00:30:01Z,2026-09-09T02:30:01+0200,d8602f09-a04f-4239-8b86-3e2426d15a39,2026-09-08T05:00:00Z,2026-09-08T07:00:00+0200,143.4,EUR/MWh,DK2,DK_2,imbalance_price,Long,2026-09-09T00:44:03Z
2026-09-09T00:30:01Z,2026-09-09T02:30:01+0200,d8602f09-a04f-4239-8b86-3e2426d15a39,2026-09-08T05:00:00Z,2026-09-08T07:00:00+0200,143.4,EUR/MWh,DK2,DK_2,imbalance_price,Short,2026-09-09T00:44:03Z
2026-09-09T00:30:01Z,2026-09-09T02:30:01+0200,d8602f09-a04f-4239-8b86-3e2426d15a39,2026-09-08T05:15:00Z,2026-09-08T07:15:00+0200,226.03,EUR/MWh,DK2,DK_2,imbalance_price,Long,2026-09-09T00:44:03Z
2026-09-09T00:30:01Z,2026-09-09T02:30:01+0200,d8602f09-a04f-4239-8b86-3e2426d15a39,2026-09-08T05:15:00Z,2026-09-08T07:15:00+0200,226.03,EUR/MWh,DK2,DK_2,imbalance_price,Short,2026-09-09T00:44:03Z
2026-09-09T00:30:01Z,2026-09-09T02:30:01+0200,d8602f09-a04f-4239-8b86-3e2426d15a39,2026-09-08T05:30:00Z,2026-09-08T07:30:00+0200,215.06,EUR/MWh,DK2,DK_2,imbalance_price,Long,2026-09-09T00:44:03Z
2026-09-09T00:30:01Z,2026-09-09T02:30:01+0200,d8602f09-a04f-4239-8b86-3e2426d15a39,2026-09-08T05:30:00Z,2026-09-08T07:30:00+0200,215.06,EUR/MWh,DK2,DK_2,imbalance_price,Short,2026-09-09T00:44:03Z
2026-09-09T00:30:01Z,2026-09-09T02:30:01+0200,d8602f09-a04f-4239-8b86-3e2426d15a39,2026-09-08T05:45:00Z,2026-09-08T07:45:00+0200,117.47,EUR/MWh,DK2,DK_2,imbalance_price,Long,2026-09-09T00:44:03Z
2026-09-09T00:30:01Z,2026-09-09T02:30:01+0200,d8602f09-a04f-4239-8b86-3e2426d15a39,2026-09-08T05:45:00Z,2026-09-08T07:45:00+0200,117.47,EUR/MWh,DK2,DK_2,imbalance_price,Short,2026-09-09T00:44:03Z
2026-09-09T00:30:01Z,2026-09-09T02:30:01+0200,d8602f09-a04f-4239-8b86-3e2426d15a39,2026-09-08T06:00:00Z,2026-09-08T08:00:00+0200,136.01,EUR/MWh,DK2,DK_2,imbalance_price,Long,2026-09-09T00:44:03Z
2026-09-09T00:30:01Z,2026-09-09T02:30:01+0200,d8602f09-a04f-4239-8b86-3e2426d15a39,2026-09-08T06:00:00Z,2026-09-08T08:00:00+0200,136.01,EUR/MWh,DK2,DK_2,imbalance_price,Short,2026-09-09T00:44:03Z
2026-09-09T00:30:01Z,2026-09-09T02:30:01+0200,d8602f09-a04f-4239-8b86-3e2426d15a39,2026-09-08T06:15:00Z,2026-09-08T08:15:00+0200,215.84,EUR/MWh,DK2,DK_2,imbalance_price,Long,2026-09-09T00:44:03Z
2026-09-09T00:30:01Z,2026-09-09T02:30:01+0200,d8602f09-a04f-4239-8b86-3e2426d15a39,2026-09-08T06:15:00Z,2026-09-08T08:15:00+0200,215.84,EUR/MWh,DK2,DK_2,imbalance_price,Short,2026-09-09T00:44:03Z
2026-09-09T00:30:01Z,2026-09-09T02:30:01+0200,d8602f09-a04f-4239-8b86-3e2426d15a39,2026-09-08T06:30:00Z,2026-09-08T08:30:00+0200,200.19,EUR/MWh,DK2,DK_2,imbalance_price,Long,2026-09-09T00:44:03Z
2026-09-09T00:30:01Z,2026-09-09T02:30:01+0200,d8602f09-a04f-4239-8b86-3e2426d15a39,2026-09-08T06:30:00Z,2026-09-08T08:30:00+0200,200.19,EUR/MWh,DK2,DK_2,imbalance_price,Short,2026-09-09T00:44:03Z
2026-09-09T00:30:01Z,2026-09-09T02:30:01+0200,d8602f09-a04f-4239-8b86-3e2426d15a39,2026-09-08T06:45:00Z,2026-09-08T08:45:00+0200,14.58,EUR/MWh,DK2,DK_2,imbalance_price,Long,2026-09-09T00:44:03Z
2026-09-09T00:30:01Z,2026-09-09T02:30:01+0200,d8602f09-a04f-4239-8b86-3e2426d15a39,2026-09-08T06:45:00Z,2026-09-08T08:45:00+0200,14.58,EUR/MWh,DK2,DK_2,imbalance_price,Short,2026-09-09T00:44:03Z
2026-09-09T00:30:01Z,2026-09-09T02:30:01+0200,d8602f09-a04f-4239-8b86-3e2426d15a39,2026-09-08T07:00:00Z,2026-09-08T09:00:00+0200,1.33,EUR/MWh,DK2,DK_2,imbalance_price,Long,2026-09-09T00:44:03Z
2026-09-09T00:30:01Z,2026-09-09T02:30:01+0200,d8602f09-a04f-4239-8b86-3e2426d15a39,2026-09-08T07:00:00Z,2026-09-08T09:00:00+0200,1.33,EUR/MWh,DK2,DK_2,imbalance_price,Short,2026-09-09T00:44:03Z
2026-09-09T00:30:01Z,2026-09-09T02:30:01+0200,d8602f09-a04f-4239-8b86-3e2426d15a39,2026-09-08T07:15:00Z,2026-09-08T09:15:00+0200,8.0,EUR/MWh,DK2,DK_2,imbalance_price,Long,2026-09-09T00:44:03Z
2026-09-09T00:30:01Z,2026-09-09T02:30:01+0200,d8602f09-a04f-4239-8b86-3e2426d15a39,2026-09-08T07:15:00Z,2026-09-08T09:15:00+0200,8.0,EUR/MWh,DK2,DK_2,imbalance_price,Short,2026-09-09T00:44:03Z
2026-09-09T00:30:01Z,2026-09-09T02:30:01+0200,d8602f09-a04f-4239-8b86-3e2426d15a39,2026-09-08T07:30:00Z,2026-09-08T09:30:00+0200,8.6,EUR/MWh,DK2,DK_2,imbalance_price,Long,2026-09-09T00:44:03Z
2026-09-09T00:30:01Z,2026-09-09T02:30:01+0200,d8602f09-a04f-4239-8b86-3e2426d15a39,2026-09-08T07:30:00Z,2026-09-08T09:30:00+0200,8.6,EUR/MWh,DK2,DK_2,imbalance_price,Short,2026-09-09T00:44:03Z
2026-09-09T00:30:01Z,2026-09-09T02:30:01+0200,d8602f09-a04f-4239-8b86-3e2426d15a39,2026-09-08T07:45:00Z,2026-09-08T09:45:00+0200,18.73,EUR/MWh,DK2,DK_2,imbalance_price,Long,2026-09-09T00:44:03Z
2026-09-09T00:30:01Z,2026-09-09T02:30:01+0200,d8602f09-a04f-4239-8b86-3e2426d15a39,2026-09-08T07:45:00Z,2026-09-08T09:45:00+0200,18.73,EUR/MWh,DK2,DK_2,imbalance_price,Short,2026-09-09T00:44:03Z
2026-09-09T00:30:01Z,2026-09-09T02:30:01+0200,d8602f09-a04f-4239-8b86-3e2426d15a39,2026-09-08T08:00:00Z,2026-09-08T10:00:00+0200,83.44,EUR/MWh,DK2,DK_2,imbalance_price,Long,2026-09-09T00:44:03Z
2026-09-09T00:30:01Z,2026-09-09T02:30:01+0200,d8602f09-a04f-4239-8b86-3e2426d15a39,2026-09-08T08:00:00Z,2026-09-08T10:00:00+0200,83.44,EUR/MWh,DK2,DK_2,imbalance_price,Short,2026-09-09T00:44:03Z
2026-09-09T00:30:01Z,2026-09-09T02:30:01+0200,d8602f09-a04f-4239-8b86-3e2426d15a39,2026-09-08T08:15:00Z,2026-09-08T10:15:00+0200,199.6,EUR/MWh,DK2,DK_2,imbalance_price,Long,2026-09-09T00:44:03Z
2026-09-09T00:30:01Z,2026-09-09T02:30:01+0200,d8602f09-a04f-4239-8b86-3e2426d15a39,2026-09-08T08:15:00Z,2026-09-08T10:15:00+0200,199.6,EUR/MWh,DK2,DK_2,imbalance_price,Short,2026-09-09T00:44:03Z
2026-09-09T00:30:01Z,2026-09-09T02:30:01+0200,d8602f09-a04f-4239-8b86-3e2426d15a39,2026-09-08T08:30:00Z,2026-09-08T10:30:00+0200,92.84,EUR/MWh,DK2,DK_2,imbalance_price,Long,2026-09-09T00:44:03Z
2026-09-09T00:30:01Z,2026-09-09T02:30:01+0200,d8602f09-a04f-4239-8b86-3e2426d15a39,2026-09-08T08:30:00Z,2026-09-08T10:30:00+0200,92.84,EUR/MWh,DK2,DK_2,imbalance_price,Short,2026-09-09T00:44:03Z
2026-09-09T00:30:01Z,2026-09-09T02:30:01+0200,d8602f09-a04f-4239-8b86-3e2426d15a39,2026-09-08T08:45:00Z,2026-09-08T10:45:00+0200,30.9,EUR/MWh,DK2,DK_2,imbalance_price,Long,2026-09-09T00:44:03Z
2026-09-09T00:30:01Z,2026-09-09T02:30:01+0200,d8602f09-a04f-4239-8b86-3e2426d15a39,2026-09-08T08:45:00Z,2026-09-08T10:45:00+0200,30.9,EUR/MWh,DK2,DK_2,imbalance_price,Short,2026-09-09T00:44:03Z
2026-09-09T00:30:01Z,2026-09-09T02:30:01+0200,d8602f09-a04f-4239-8b86-3e2426d15a39,2026-09-08T09:00:00Z,2026-09-08T11:00:00+0200,48.84,EUR/MWh,DK2,DK_2,imbalance_price,Long,2026-09-09T00:44:03Z
2026-09-09T00:30:01Z,2026-09-09T02:30:01+0200,d8602f09-a04f-4239-8b86-3e2426d15a39,2026-09-08T09:00:00Z,2026-09-08T11:00:00+0200,48.84,EUR/MWh,DK2,DK_2,imbalance_price,Short,2026-09-09T00:44:03Z
2026-09-09T00:30:01Z,2026-09-09T02:30:01+0200,d8602f09-a04f-4239-8b86-3e2426d15a39,2026-09-08T09:15:00Z,2026-09-08T11:15:00+0200,60.7,EUR/MWh,DK2,DK_2,imbalance_price,Long,2026-09-09T00:44:03Z
2026-09-09T00:30:01Z,2026-09-09T02:30:01+0200,d8602f09-a04f-4239-8b86-3e2426d15a39,2026-09-08T09:15:00Z,2026-09-08T11:15:00+0200,60.7,EUR/MWh,DK2,DK_2,imbalance_price,Short,2026-09-09T00:44:03Z
2026-09-09T00:30:01Z,2026-09-09T02:30:01+0200,d8602f09-a04f-4239-8b86-3e2426d15a39,2026-09-08T09:30:00Z,2026-09-08T11:30:00+0200,120.28,EUR/MWh,DK2,DK_2,imbalance_price,Long,2026-09-09T00:44:03Z
2026-09-09T00:30:01Z,2026-09-09T02:30:01+0200,d8602f09-a04f-4239-8b86-3e2426d15a39,2026-09-08T09:30:00Z,2026-09-08T11:30:00+0200,120.28,EUR/MWh,DK2,DK_2,imbalance_price,Short,2026-09-09T00:44:03Z
2026-09-09T00:30:01Z,2026-09-09T02:30:01+0200,d8602f09-a04f-4239-8b86-3e2426d15a39,2026-09-08T09:45:00Z,2026-09-08T11:45:00+0200,14.52,EUR/MWh,DK2,DK_2,imbalance_price,Long,2026-09-09T00:44:03Z
2026-09-09T00:30:01Z,2026-09-09T02:30:01+0200,d8602f09-a04f-4239-8b86-3e2426d15a39,2026-09-08T09:45:00Z,2026-09-08T11:45:00+0200,14.52,EUR/MWh,DK2,DK_2,imbalance_price,Short,2026-09-09T00:44:03Z
2026-09-09T00:30:01Z,2026-09-09T02:30:01+0200,d8602f09-a04f-4239-8b86-3e2426d15a39,2026-09-08T10:00:00Z,2026-09-08T12:00:00+0200,-6.69,EUR/MWh,DK2,DK_2,imbalance_price,Long,2026-09-09T00:44:03Z
2026-09-09T00:30:01Z,2026-09-09T02:30:01+0200,d8602f09-a04f-4239-8b86-3e2426d15a39,2026-09-08T10:00:00Z,2026-09-08T12:00:00+0200,-6.69,EUR/MWh,DK2,DK_2,imbalance_price,Short,2026-09-09T00:44:03Z
