collection_time_utc,collection_time_local,run_id,timestamp_utc,timestamp_local,value,unit,country,entsoe_area,variable,source,updated_at_utc
2026-09-12T14:39:57Z,2026-09-12T16:39:57+0200,d3fd3cd4-2afd-42cf-bb71-b699186b37cf,2026-09-05T14:45:00Z,2026-09-05T16:45:00+0200,-0.01,EUR/MWh,NL,NL,day_ahead_price,value,2026-09-12T14:42:42Z
2026-09-12T14:39:57Z,2026-09-12T16:39:57+0200,d3fd3cd4-2afd-42cf-bb71-b699186b37cf,2026-09-05T15:00:00Z,2026-09-05T17:00:00+0200,-0.01,EUR/MWh,NL,NL,day_ahead_price,value,2026-09-12T14:42:42Z
2026-09-12T14:39:57Z,2026-09-12T16:39:57+0200,d3fd3cd4-2afd-42cf-bb71-b699186b37cf,2026-09-05T15:15:00Z,2026-09-05T17:15:00+0200,9.99,EUR/MWh,NL,NL,day_ahead_price,value,2026-09-12T14:42:42Z
2026-09-12T14:39:57Z,2026-09-12T16:39:57+0200,d3fd3cd4-2afd-42cf-bb71-b699186b37cf,2026-09-05T15:30:00Z,2026-09-05T17:30:00+0200,57.87,EUR/MWh,NL,NL,day_ahead_price,value,2026-09-12T14:42:42Z
2026-09-12T14:39:57Z,2026-09-12T16:39:57+0200,d3fd3cd4-2afd-42cf-bb71-b699186b37cf,2026-09-05T15:45:00Z,2026-09-05T17:45:00+0200,119.92,EUR/MWh,NL,NL,day_ahead_price,value,2026-09-12T14:42:42Z
2026-09-12T14:39:57Z,2026-09-12T16:39:57+0200,d3fd3cd4-2afd-42cf-bb71-b699186b37cf,2026-09-05T16:00:00Z,2026-09-05T18:00:00+0200,124.45,EUR/MWh,NL,NL,day_ahead_price,value,2026-09-12T14:42:42Z
2026-09-12T14:39:57Z,2026-09-12T16:39:57+0200,d3fd3cd4-2afd-42cf-bb71-b699186b37cf,2026-09-05T16:15:00Z,2026-09-05T18:15:00+0200,141.09,EUR/MWh,NL,NL,day_ahead_price,value,2026-09-12T14:42:42Z
2026-09-12T14:39:57Z,2026-09-12T16:39:57+0200,d3fd3cd4-2afd-42cf-bb71-b699186b37cf,2026-09-05T16:30:00Z,2026-09-05T18:30:00+0200,154.51,EUR/MWh,NL,NL,day_ahead_price,value,2026-09-12T14:42:42Z
2026-09-12T14:39:57Z,2026-09-12T16:39:57+0200,d3fd3cd4-2afd-42cf-bb71-b699186b37cf,2026-09-05T16:45:00Z,2026-09-05T18:45:00+0200,179.95,EUR/MWh,NL,NL,day_ahead_price,value,2026-09-12T14:42:42Z
2026-09-12T14:39:57Z,2026-09-12T16:39:57+0200,d3fd3cd4-2afd-42cf-bb71-b699186b37cf,2026-09-05T17:00:00Z,2026-09-05T19:00:00+0200,155.82,EUR/MWh,NL,NL,day_ahead_price,value,2026-09-12T14:42:42Z
2026-09-12T14:39:57Z,2026-09-12T16:39:57+0200,d3fd3cd4-2afd-42cf-bb71-b699186b37cf,2026-09-05T17:15:00Z,2026-09-05T19:15:00+0200,175.28,EUR/MWh,NL,NL,day_ahead_price,value,2026-09-12T14:42:42Z
2026-09-12T14:39:57Z,2026-09-12T16:39:57+0200,d3fd3cd4-2afd-42cf-bb71-b699186b37cf,2026-09-05T17:30:00Z,2026-09-05T19:30:00+0200,192.67,EUR/MWh,NL,NL,day_ahead_price,value,2026-09-12T14:42:42Z
2026-09-12T14:39:57Z,2026-09-12T16:39:57+0200,d3fd3cd4-2afd-42cf-bb71-b699186b37cf,2026-09-05T17:45:00Z,2026-09-05T19:45:00+0200,245.09,EUR/MWh,NL,NL,day_ahead_price,value,2026-09-12T14:42:42Z
2026-09-12T14:39:57Z,2026-09-12T16:39:57+0200,d3fd3cd4-2afd-42cf-bb71-b699186b37cf,2026-09-05T18:00:00Z,2026-09-05T20:00:00+0200,198.47,EUR/MWh,NL,NL,day_ahead_price,value,2026-09-12T14:42:42Z
2026-09-12T14:39:57Z,2026-09-12T16:39:57+0200,d3fd3cd4-2afd-42cf-bb71-b699186b37cf,2026-09-05T18:15:00Z,2026-09-05T20:15:00+0200,214.25,EUR/MWh,NL,NL,day_ahead_price,value,2026-09-12T14:42:42Z
2026-09-12T14:39:57Z,2026-09-12T16:39:57+0200,d3fd3cd4-2afd-42cf-bb71-b699186b37cf,2026-09-05T18:30:00Z,2026-09-05T20:30:00+0200,231.88,EUR/MWh,NL,NL,day_ahead_price,value,2026-09-12T14:42:42Z
2026-09-12T14:39:57Z,2026-09-12T16:39:57+0200,d3fd3cd4-2afd-42cf-bb71-b699186b37cf,2026-09-05T18:45:00Z,2026-09-05T20:45:00+0200,224.11,EUR/MWh,NL,NL,day_ahead_price,value,2026-09-12T14:42:42Z
2026-09-12T14:39:57Z,2026-09-12T16:39:57+0200,d3fd3cd4-2afd-42cf-bb71-b699186b37cf,2026-09-05T19:00:00Z,2026-09-05T21:00:00+0200,224.6,EUR/MWh,NL,NL,day_ahead_price,value,2026-09-12T14:42:42Z
2026-09-12T14:39:57Z,2026-09-12T16:39:57+0200,d3fd3cd4-2afd-42cf-bb71-b699186b37cf,2026-09-05T19:15:00Z,2026-09-05T21:15:00+0200,232.48,EUR/MWh,NL,NL,day_ahead_price,value,2026-09-12T14:42:42Z
2026-09-12T14:39:57Z,2026-09-12T16:39:57+0200,d3fd3cd4-2afd-42cf-bb71-b699186b37cf,2026-09-05T19:30:00Z,2026-09-05T21:30:00+0200,227.94,EUR/MWh,NL,NL,day_ahead_price,value,2026-09-12T14:42:42Z
2026-09-12T14:39:57Z,2026-09-12T16:39:57+0200,d3fd3cd4-2afd-42cf-bb71-b699186b37cf,2026-09-05T19:45:00Z,2026-09-05T21:45:00+0200,210.98,EUR/MWh,NL,NL,day_ahead_price,value,2026-09-12T14:42:42Z
2026-09-12T14:39:57Z,2026-09-12T16:39:57+0200,d3fd3cd4-2afd-42cf-bb71-b699186b37cf,2026-09-05T20:00:00Z,2026-09-05T22:00:00+0200,219.39,EUR/MWh,NL,NL,day_ahead_price,value,2026-09-12T14:42:42Z
2026-09-12T14:39:57Z,2026-09-12T16:39:57+0200,d3fd3cd4-2afd-42cf-bb71-b699186b37cf,2026-09-05T20:15:00Z,2026-09-05T22:15:00+0200,229.21,EUR/MWh,NL,NL,day_ahead_price,value,2026-09-12T14:42:42Z
2026-09-12T14:39:57Z,2026-09-12T16:39:57+0200,d3fd3cd4-2afd-42cf-bb71-b699186b37cf,2026-09-05T20:30:00Z,2026-09-05T22:30:00+0200,209.97,EUR/MWh,NL,NL,day_ahead_price,value,2026-09-12T14:42:42Z
2026-09-12T14:39:57Z,2026-09-12T16:39:57+0200,d3fd3cd4-2afd-42cf-bb71-b699186b37cf,2026-09-05T20:45:00Z,2026-09-05T22:45:00+0200,204.99,EUR/MWh,NL,NL,day_ahead_price,value,2026-09-12T14:42:42Z
2026-09-12T14:39:57Z,2026-09-12T16:39:57+0200,d3fd3cd4-2afd-42cf-bb71-b699186b37cf,2026-09-05T21:00:00Z,2026-09-05T23:00:00+0200,193.67,EUR/MWh,NL,NL,day_ahead_price,value,2026-09-12T14:42:42Z
2026-09-12T14:39:57Z,2026-09-12T16:39:57+0200,d3fd3cd4-2afd-42cf-bb71-b699186b37cf,2026-09-05T21:15:00Z,2026-09-05T23:15:00+0200,191.57,EUR/MWh,NL,NL,day_ahead_price,value,2026-09-12T14:42:42Z
2026-09-12T14:39:57Z,2026-09-12T16:39:57+0200,d3fd3cd4-2afd-42cf-bb71-b699186b37cf,2026-09-05T21:30:00Z,2026-09-05T23:30:00+0200,200.1,EUR/MWh,NL,NL,day_ahead_price,value,2026-09-12T14:42:42Z
2026-09-12T14:39:57Z,2026-09-12T16:39:57+0200,d3fd3cd4-2afd-42cf-bb71-b699186b37cf,2026-09-05T21:45:00Z,2026-09-05T23:45:00+0200,200.1,EUR/MWh,NL,NL,day_ahead_price,value,2026-09-12T14:42:42Z
2026-09-12T14:39:57Z,2026-09-12T16:39:57+0200,d3fd3cd4-2afd-42cf-bb71-b699186b37cf,2026-09-05T22:00:00Z,2026-09-06T00:00:00+0200,173.34,EUR/MWh,NL,NL,day_ahead_price,value,2026-09-12T14:42:42Z
2026-09-12T14:39:57Z,2026-09-12T16:39:57+0200,d3fd3cd4-2afd-42cf-bb71-b699186b37cf,2026-09-05T22:15:00Z,2026-09-06T00:15:00+0200,179.8,EUR/MWh,NL,NL,day_ahead_price,value,2026-09-12T14:42:42Z
2026-09-12T14:39:57Z,2026-09-12T16:39:57+0200,d3fd3cd4-2afd-42cf-bb71-b699186b37cf,2026-09-05T22:30:00Z,2026-09-06T00:30:00+0200,175.09,EUR/MWh,NL,NL,day_ahead_price,value,2026-09-12T14:42:42Z
2026-09-12T14:39:57Z,2026-09-12T16:39:57+0200,d3fd3cd4-2afd-42cf-bb71-b699186b37cf,2026-09-05T22:45:00Z,2026-09-06T00:45:00+0200,174.58,EUR/MWh,NL,NL,day_ahead_price,value,2026-09-12T14:42:42Z
2026-09-12T14:39:57Z,2026-09-12T16:39:57+0200,d3fd3cd4-2afd-42cf-bb71-b699186b37cf,2026-09-05T23:00:00Z,2026-09-06T01:00:00+0200,175.68,EUR/MWh,NL,NL,day_ahead_price,value,2026-09-12T14:42:42Z
2026-09-12T14:39:57Z,2026-09-12T16:39:57+0200,d3fd3cd4-2afd-42cf-bb71-b699186b37cf,2026-09-05T23:15:00Z,2026-09-06T01:15:00+0200,174.35,EUR/MWh,NL,NL,day_ahead_price,value,2026-09-12T14:42:42Z
2026-09-12T14:39:57Z,2026-09-12T16:39:57+0200,d3fd3cd4-2afd-42cf-bb71-b699186b37cf,2026-09-05T23:30:00Z,2026-09-06T01:30:00+0200,195.14,EUR/MWh,NL,NL,day_ahead_price,value,2026-09-12T14:42:42Z
2026-09-12T14:39:57Z,2026-09-12T16:39:57+0200,d3fd3cd4-2afd-42cf-bb71-b699186b37cf,2026-09-05T23:45:00Z,2026-09-06T01:45:00+0200,184.89,EUR/MWh,NL,NL,day_ahead_price,value,2026-09-12T14:42:42Z
2026-09-12T14:39:57Z,2026-09-12T16:39:57+0200,d3fd3cd4-2afd-42cf-bb71-b699186b37cf,2026-09-06T00:00:00Z,2026-09-06T02:00:00+0200,197.0,EUR/MWh,NL,NL,day_ahead_price,value,2026-09-12T14:42:42Z
2026-09-12T14:39:57Z,2026-09-12T16:39:57+0200,d3fd3cd4-2afd-42cf-bb71-b699186b37cf,2026-09-06T00:15:00Z,2026-09-06T02:15:00+0200,189.3,EUR/MWh,NL,NL,day_ahead_price,value,2026-09-12T14:42:42Z
2026-09-12T14:39:57Z,2026-09-12T16:39:57+0200,d3fd3cd4-2afd-42cf-bb71-b699186b37cf,2026-09-06T00:30:00Z,2026-09-06T02:30:00+0200,183.19,EUR/MWh,NL,NL,day_ahead_price,value,2026-09-12T14:42:42Z
2026-09-12T14:39:57Z,2026-09-12T16:39:57+0200,d3fd3cd4-2afd-42cf-bb71-b699186b37cf,2026-09-06T00:45:00Z,2026-09-06T02:45:00+0200,167.78,EUR/MWh,NL,NL,day_ahead_price,value,2026-09-12T14:42:42Z
2026-09-12T14:39:57Z,2026-09-12T16:39:57+0200,d3fd3cd4-2afd-42cf-bb71-b699186b37cf,2026-09-06T01:00:00Z,2026-09-06T03:00:00+0200,171.53,EUR/MWh,NL,NL,day_ahead_price,value,2026-09-12T14:42:42Z
2026-09-12T14:39:57Z,2026-09-12T16:39:57+0200,d3fd3cd4-2afd-42cf-bb71-b699186b37cf,2026-09-06T01:15:00Z,2026-09-06T03:15:00+0200,163.24,EUR/MWh,NL,NL,day_ahead_price,value,2026-09-12T14:42:42Z
2026-09-12T14:39:57Z,2026-09-12T16:39:57+0200,d3fd3cd4-2afd-42cf-bb71-b699186b37cf,2026-09-06T01:30:00Z,2026-09-06T03:30:00+0200,158.84,EUR/MWh,NL,NL,day_ahead_price,value,2026-09-12T14:42:42Z
2026-09-12T14:39:57Z,2026-09-12T16:39:57+0200,d3fd3cd4-2afd-42cf-bb71-b699186b37cf,2026-09-06T01:45:00Z,2026-09-06T03:45:00+0200,162.76,EUR/MWh,NL,NL,day_ahead_price,value,2026-09-12T14:42:42Z
2026-09-12T14:39:57Z,2026-09-12T16:39:57+0200,d3fd3cd4-2afd-42cf-bb71-b699186b37cf,2026-09-06T02:00:00Z,2026-09-06T04:00:00+0200,143.39,EUR/MWh,NL,NL,day_ahead_price,value,2026-09-12T14:42:42Z
2026-09-12T14:39:57Z,2026-09-12T16:39:57+0200,d3fd3cd4-2afd-42cf-bb71-b699186b37cf,2026-09-06T02:15:00Z,2026-09-06T04:15:00+0200,141.84,EUR/MWh,NL,NL,day_ahead_price,value,2026-09-12T14:42:42Z
2026-09-12T14:39:57Z,2026-09-12T16:39:57+0200,d3fd3cd4-2afd-42cf-bb71-b699186b37cf,2026-09-06T02:30:00Z,2026-09-06T04:30:00+0200,145.04,EUR/MWh,NL,NL,day_ahead_price,value,2026-09-12T14:42:42Z
2026-09-12T14:39:57Z,2026-09-12T16:39:57+0200,d3fd3cd4-2afd-42cf-bb71-b699186b37cf,2026-09-06T02:45:00Z,2026-09-06T04:45:00+0200,148.15,EUR/MWh,NL,NL,day_ahead_price,value,2026-09-12T14:42:42Z
2026-09-12T14:39:57Z,2026-09-12T16:39:57+0200,d3fd3cd4-2afd-42cf-bb71-b699186b37cf,2026-09-06T03:00:00Z,2026-09-06T05:00:00+0200,141.74,EUR/MWh,NL,NL,day_ahead_price,value,2026-09-12T14:42:42Z
2026-09-12T14:39:57Z,2026-09-12T16:39:57+0200,d3fd3cd4-2afd-42cf-bb71-b699186b37cf,2026-09-06T03:15:00Z,2026-09-06T05:15:00+0200,142.76,EUR/MWh,NL,NL,day_ahead_price,value,2026-09-12T14:42:42Z
2026-09-12T14:39:57Z,2026-09-12T16:39:57+0200,d3fd3cd4-2afd-42cf-bb71-b699186b37cf,2026-09-06T03:30:00Z,2026-09-06T05:30:00+0200,147.74,EUR/MWh,NL,NL,day_ahead_price,value,2026-09-12T14:42:42Z
2026-09-12T14:39:57Z,2026-09-12T16:39:57+0200,d3fd3cd4-2afd-42cf-bb71-b699186b37cf,2026-09-06T03:45:00Z,2026-09-06T05:45:00+0200,146.09,EUR/MWh,NL,NL,day_ahead_price,value,2026-09-12T14:42:42Z
2026-09-12T14:39:57Z,2026-09-12T16:39:57+0200,d3fd3cd4-2afd-42cf-bb71-b699186b37cf,2026-09-06T04:00:00Z,2026-09-06T06:00:00+0200,144.68,EUR/MWh,NL,NL,day_ahead_price,value,2026-09-12T14:42:42Z
2026-09-12T14:39:57Z,2026-09-12T16:39:57+0200,d3fd3cd4-2afd-42cf-bb71-b699186b37cf,2026-09-06T04:15:00Z,2026-09-06T06:15:00+0200,147.04,EUR/MWh,NL,NL,day_ahead_price,value,2026-09-12T14:42:42Z
2026-09-12T14:39:57Z,2026-09-12T16:39:57+0200,d3fd3cd4-2afd-42cf-bb71-b699186b37cf,2026-09-06T04:30:00Z,2026-09-06T06:30:00+0200,146.97,EUR/MWh,NL,NL,day_ahead_price,value,2026-09-12T14:42:42Z
2026-09-12T14:39:57Z,2026-09-12T16:39:57+0200,d3fd3cd4-2afd-42cf-bb71-b699186b37cf,2026-09-06T04:45:00Z,2026-09-06T06:45:00+0200,143.49,EUR/MWh,NL,NL,day_ahead_price,value,2026-09-12T14:42:42Z
2026-09-12T14:39:57Z,2026-09-12T16:39:57+0200,d3fd3cd4-2afd-42cf-bb71-b699186b37cf,2026-09-06T05:00:00Z,2026-09-06T07:00:00+0200,146.21,EUR/MWh,NL,NL,day_ahead_price,value,2026-09-12T14:42:42Z
2026-09-12T14:39:57Z,2026-09-12T16:39:57+0200,d3fd3cd4-2afd-42cf-bb71-b699186b37cf,2026-09-06T05:15:00Z,2026-09-06T07:15:00+0200,139.9,EUR/MWh,NL,NL,day_ahead_price,value,2026-09-12T14:42:42Z
2026-09-12T14:39:57Z,2026-09-12T16:39:57+0200,d3fd3cd4-2afd-42cf-bb71-b699186b37cf,2026-09-06T05:30:00Z,2026-09-06T07:30:00+0200,130.25,EUR/MWh,NL,NL,day_ahead_price,value,2026-09-12T14:42:42Z
2026-09-12T14:39:57Z,2026-09-12T16:39:57+0200,d3fd3cd4-2afd-42cf-bb71-b699186b37cf,2026-09-06T05:45:00Z,2026-09-06T07:45:00+0200,119.91,EUR/MWh,NL,NL,day_ahead_price,value,2026-09-12T14:42:42Z
2026-09-12T14:39:57Z,2026-09-12T16:39:57+0200,d3fd3cd4-2afd-42cf-bb71-b699186b37cf,2026-09-06T06:00:00Z,2026-09-06T08:00:00+0200,137.82,EUR/MWh,NL,NL,day_ahead_price,value,2026-09-12T14:42:42Z
2026-09-12T14:39:57Z,2026-09-12T16:39:57+0200,d3fd3cd4-2afd-42cf-bb71-b699186b37cf,2026-09-06T06:15:00Z,2026-09-06T08:15:00+0200,124.43,EUR/MWh,NL,NL,day_ahead_price,value,2026-09-12T14:42:42Z
2026-09-12T14:39:57Z,2026-09-12T16:39:57+0200,d3fd3cd4-2afd-42cf-bb71-b699186b37cf,2026-09-06T06:30:00Z,2026-09-06T08:30:00+0200,100.0,EUR/MWh,NL,NL,day_ahead_price,value,2026-09-12T14:42:42Z
2026-09-12T14:39:57Z,2026-09-12T16:39:57+0200,d3fd3cd4-2afd-42cf-bb71-b699186b37cf,2026-09-06T06:45:00Z,2026-09-06T08:45:00+0200,81.23,EUR/MWh,NL,NL,day_ahead_price,value,2026-09-12T14:42:42Z
2026-09-12T14:39:57Z,2026-09-12T16:39:57+0200,d3fd3cd4-2afd-42cf-bb71-b699186b37cf,2026-09-06T07:00:00Z,2026-09-06T09:00:00+0200,81.57,EUR/MWh,NL,NL,day_ahead_price,value,2026-09-12T14:42:42Z
2026-09-12T14:39:57Z,2026-09-12T16:39:57+0200,d3fd3cd4-2afd-42cf-bb71-b699186b37cf,2026-09-06T07:15:00Z,2026-09-06T09:15:00+0200,59.0,EUR/MWh,NL,NL,day_ahead_price,value,2026-09-12T14:42:42Z
2026-09-12T14:39:57Z,2026-09-12T16:39:57+0200,d3fd3cd4-2afd-42cf-bb71-b699186b37cf,2026-09-06T07:30:00Z,2026-09-06T09:30:00+0200,11.47,EUR/MWh,NL,NL,day_ahead_price,value,2026-09-12T14:42:42Z
2026-09-12T14:39:57Z,2026-09-12T16:39:57+0200,d3fd3cd4-2afd-42cf-bb71-b699186b37cf,2026-09-06T07:45:00Z,2026-09-06T09:45:00+0200,6.66,EUR/MWh,NL,NL,day_ahead_price,value,2026-09-12T14:42:42Z
2026-09-12T14:39:57Z,2026-09-12T16:39:57+0200,d3fd3cd4-2afd-42cf-bb71-b699186b37cf,2026-09-06T08:00:00Z,2026-09-06T10:00:00+0200,1.91,EUR/MWh,NL,NL,day_ahead_price,value,2026-09-12T14:42:42Z
2026-09-12T14:39:57Z,2026-09-12T16:39:57+0200,d3fd3cd4-2afd-42cf-bb71-b699186b37cf,2026-09-06T08:15:00Z,2026-09-06T10:15:00+0200,0.41,EUR/MWh,NL,NL,day_ahead_price,value,2026-09-12T14:42:42Z
2026-09-12T14:39:57Z,2026-09-12T16:39:57+0200,d3fd3cd4-2afd-42cf-bb71-b699186b37cf,2026-09-06T08:30:00Z,2026-09-06T10:30:00+0200,0.01,EUR/MWh,NL,NL,day_ahead_price,value,2026-09-12T14:42:42Z
2026-09-12T14:39:57Z,2026-09-12T16:39:57+0200,d3fd3cd4-2afd-42cf-bb71-b699186b37cf,2026-09-06T08:45:00Z,2026-09-06T10:45:00+0200,0.0,EUR/MWh,NL,NL,day_ahead_price,value,2026-09-12T14:42:42Z
2026-09-12T14:39:57Z,2026-09-12T16:39:57+0200,d3fd3cd4-2afd-42cf-bb71-b699186b37cf,2026-09-06T09:00:00Z,2026-09-06T11:00:00+0200,0.0,EUR/MWh,NL,NL,day_ahead_price,value,2026-09-12T14:42:42Z
2026-09-12T14:39:57Z,2026-09-12T16:39:57+0200,d3fd3cd4-2afd-42cf-bb71-b699186b37cf,2026-09-06T09:15:00Z,2026-09-06T11:15:00+0200,0.0,EUR/MWh,NL,NL,day_ahead_price,value,2026-09-12T14:42:42Z
2026-09-12T14:39:57Z,2026-09-12T16:39:57+0200,d3fd3cd4-2afd-42cf-bb71-b699186b37cf,2026-09-06T09:30:00Z,2026-09-06T11:30:00+0200,-0.01,EUR/MWh,NL,NL,day_ahead_price,value,2026-09-12T14:42:42Z
2026-09-12T14:39:57Z,2026-09-12T16:39:57+0200,d3fd3cd4-2afd-42cf-bb71-b699186b37cf,2026-09-06T09:45:00Z,2026-09-06T11:45:00+0200,-0.3,EUR/MWh,NL,NL,day_ahead_price,value,2026-09-12T14:42:42Z
2026-09-12T14:39:57Z,2026-09-12T16:39:57+0200,d3fd3cd4-2afd-42cf-bb71-b699186b37cf,2026-09-06T10:00:00Z,2026-09-06T12:00:00+0200,-1.16,EUR/MWh,NL,NL,day_ahead_price,value,2026-09-12T14:42:42Z
2026-09-12T14:39:57Z,2026-09-12T16:39:57+0200,d3fd3cd4-2afd-42cf-bb71-b699186b37cf,2026-09-06T10:15:00Z,2026-09-06T12:15:00+0200,-2.8,EUR/MWh,NL,NL,day_ahead_price,value,2026-09-12T14:42:42Z
2026-09-12T14:39:57Z,2026-09-12T16:39:57+0200,d3fd3cd4-2afd-42cf-bb71-b699186b37cf,2026-09-06T10:30:00Z,2026-09-06T12:30:00+0200,-3.05,EUR/MWh,NL,NL,day_ahead_price,value,2026-09-12T14:42:42Z
2026-09-12T14:39:57Z,2026-09-12T16:39:57+0200,d3fd3cd4-2afd-42cf-bb71-b699186b37cf,2026-09-06T10:45:00Z,2026-09-06T12:45:00+0200,-3.16,EUR/MWh,NL,NL,day_ahead_price,value,2026-09-12T14:42:42Z
2026-09-12T14:39:57Z,2026-09-12T16:39:57+0200,d3fd3cd4-2afd-42cf-bb71-b699186b37cf,2026-09-06T11:00:00Z,2026-09-06T13:00:00+0200,-3.85,EUR/MWh,NL,NL,day_ahead_price,value,2026-09-12T14:42:42Z
2026-09-12T14:39:57Z,2026-09-12T16:39:57+0200,d3fd3cd4-2afd-42cf-bb71-b699186b37cf,2026-09-06T11:15:00Z,2026-09-06T13:15:00+0200,-4.0,EUR/MWh,NL,NL,day_ahead_price,value,2026-09-12T14:42:42Z
2026-09-12T14:39:57Z,2026-09-12T16:39:57+0200,d3fd3cd4-2afd-42cf-bb71-b699186b37cf,2026-09-06T11:30:00Z,2026-09-06T13:30:00+0200,-4.0,EUR/MWh,NL,NL,day_ahead_price,value,2026-09-12T14:42:42Z
2026-09-12T14:39:57Z,2026-09-12T16:39:57+0200,d3fd3cd4-2afd-42cf-bb71-b699186b37cf,2026-09-06T11:45:00Z,2026-09-06T13:45:00+0200,-3.08,EUR/MWh,NL,NL,day_ahead_price,value,2026-09-12T14:42:42Z
2026-09-12T14:39:57Z,2026-09-12T16:39:57+0200,d3fd3cd4-2afd-42cf-bb71-b699186b37cf,2026-09-06T12:00:00Z,2026-09-06T14:00:00+0200,-3.02,EUR/MWh,NL,NL,day_ahead_price,value,2026-09-12T14:42:42Z
2026-09-12T14:39:57Z,2026-09-12T16:39:57+0200,d3fd3cd4-2afd-42cf-bb71-b699186b37cf,2026-09-06T12:15:00Z,2026-09-06T14:15:00+0200,-2.04,EUR/MWh,NL,NL,day_ahead_price,value,2026-09-12T14:42:42Z
2026-09-12T14:39:57Z,2026-09-12T16:39:57+0200,d3fd3cd4-2afd-42cf-bb71-b699186b37cf,2026-09-06T12:30:00Z,2026-09-06T14:30:00+0200,-0.1,EUR/MWh,NL,NL,day_ahead_price,value,2026-09-12T14:42:42Z
2026-09-12T14:39:57Z,2026-09-12T16:39:57+0200,d3fd3cd4-2afd-42cf-bb71-b699186b37cf,2026-09-06T12:45:00Z,2026-09-06T14:45:00+0200,-0.06,EUR/MWh,NL,NL,day_ahead_price,value,2026-09-12T14:42:42Z
2026-09-12T14:39:57Z,2026-09-12T16:39:57+0200,d3fd3cd4-2afd-42cf-bb71-b699186b37cf,2026-09-06T13:00:00Z,2026-09-06T15:00:00+0200,-0.02,EUR/MWh,NL,NL,day_ahead_price,value,2026-09-12T14:42:42Z
2026-09-12T14:39:57Z,2026-09-12T16:39:57+0200,d3fd3cd4-2afd-42cf-bb71-b699186b37cf,2026-09-06T13:15:00Z,2026-09-06T15:15:00+0200,-0.01,EUR/MWh,NL,NL,day_ahead_price,value,2026-09-12T14:42:42Z
2026-09-12T14:39:57Z,2026-09-12T16:39:57+0200,d3fd3cd4-2afd-42cf-bb71-b699186b37cf,2026-09-06T13:30:00Z,2026-09-06T15:30:00+0200,0.0,EUR/MWh,NL,NL,day_ahead_price,value,2026-09-12T14:42:42Z
2026-09-12T14:39:57Z,2026-09-12T16:39:57+0200,d3fd3cd4-2afd-42cf-bb71-b699186b37cf,2026-09-06T13:45:00Z,2026-09-06T15:45:00+0200,0.01,EUR/MWh,NL,NL,day_ahead_price,value,2026-09-12T14:42:42Z
2026-09-12T14:39:57Z,2026-09-12T16:39:57+0200,d3fd3cd4-2afd-42cf-bb71-b699186b37cf,2026-09-06T14:00:00Z,2026-09-06T16:00:00+0200,0.01,EUR/MWh,NL,NL,day_ahead_price,value,2026-09-12T14:42:42Z
2026-09-12T14:39:57Z,2026-09-12T16:39:57+0200,d3fd3cd4-2afd-42cf-bb71-b699186b37cf,2026-09-06T14:15:00Z,2026-09-06T16:15:00+0200,1.94,EUR/MWh,NL,NL,day_ahead_price,value,2026-09-12T14:42:42Z
2026-09-12T14:39:57Z,2026-09-12T16:39:57+0200,d3fd3cd4-2afd-42cf-bb71-b699186b37cf,2026-09-06T14:30:00Z,2026-09-06T16:30:00+0200,20.0,EUR/MWh,NL,NL,day_ahead_price,value,2026-09-12T14:42:42Z
2026-09-12T14:39:57Z,2026-09-12T16:39:57+0200,d3fd3cd4-2afd-42cf-bb71-b699186b37cf,2026-09-06T14:45:00Z,2026-09-06T16:45:00+0200,57.83,EUR/MWh,NL,NL,day_ahead_price,value,2026-09-12T14:42:42Z
2026-09-12T14:39:57Z,2026-09-12T16:39:57+0200,d3fd3cd4-2afd-42cf-bb71-b699186b37cf,2026-09-06T15:00:00Z,2026-09-06T17:00:00+0200,57.23,EUR/MWh,NL,NL,day_ahead_price,value,2026-09-12T14:42:42Z
2026-09-12T14:39:57Z,2026-09-12T16:39:57+0200,d3fd3cd4-2afd-42cf-bb71-b699186b37cf,2026-09-06T15:15:00Z,2026-09-06T17:15:00+0200,92.4,EUR/MWh,NL,NL,day_ahead_price,value,2026-09-12T14:42:42Z
2026-09-12T14:39:57Z,2026-09-12T16:39:57+0200,d3fd3cd4-2afd-42cf-bb71-b699186b37cf,2026-09-06T15:30:00Z,2026-09-06T17:30:00+0200,150.12,EUR/MWh,NL,NL,day_ahead_price,value,2026-09-12T14:42:42Z
2026-09-12T14:39:57Z,2026-09-12T16:39:57+0200,d3fd3cd4-2afd-42cf-bb71-b699186b37cf,2026-09-06T15:45:00Z,2026-09-06T17:45:00+0200,189.91,EUR/MWh,NL,NL,day_ahead_price,value,2026-09-12T14:42:42Z
2026-09-12T14:39:57Z,2026-09-12T16:39:57+0200,d3fd3cd4-2afd-42cf-bb71-b699186b37cf,2026-09-06T16:00:00Z,2026-09-06T18:00:00+0200,154.42,EUR/MWh,NL,NL,day_ahead_price,value,2026-09-12T14:42:42Z
2026-09-12T14:39:57Z,2026-09-12T16:39:57+0200,d3fd3cd4-2afd-42cf-bb71-b699186b37cf,2026-09-06T16:15:00Z,2026-09-06T18:15:00+0200,181.51,EUR/MWh,NL,NL,day_ahead_price,value,2026-09-12T14:42:42Z
2026-09-12T14:39:57Z,2026-09-12T16:39:57+0200,d3fd3cd4-2afd-42cf-bb71-b699186b37cf,2026-09-06T16:30:00Z,2026-09-06T18:30:00+0200,204.73,EUR/MWh,NL,NL,day_ahead_price,value,2026-09-12T14:42:42Z
2026-09-12T14:39:57Z,2026-09-12T16:39:57+0200,d3fd3cd4-2afd-42cf-bb71-b699186b37cf,2026-09-06T16:45:00Z,2026-09-06T18:45:00+0200,232.62,EUR/MWh,NL,NL,day_ahead_price,value,2026-09-12T14:42:42Z
2026-09-12T14:39:57Z,2026-09-12T16:39:57+0200,d3fd3cd4-2afd-42cf-bb71-b699186b37cf,2026-09-06T17:00:00Z,2026-09-06T19:00:00+0200,200.1,EUR/MWh,NL,NL,day_ahead_price,value,2026-09-12T14:42:42Z
2026-09-12T14:39:57Z,2026-09-12T16:39:57+0200,d3fd3cd4-2afd-42cf-bb71-b699186b37cf,2026-09-06T17:15:00Z,2026-09-06T19:15:00+0200,222.17,EUR/MWh,NL,NL,day_ahead_price,value,2026-09-12T14:42:42Z
2026-09-12T14:39:57Z,2026-09-12T16:39:57+0200,d3fd3cd4-2afd-42cf-bb71-b699186b37cf,2026-09-06T17:30:00Z,2026-09-06T19:30:00+0200,225.6,EUR/MWh,NL,NL,day_ahead_price,value,2026-09-12T14:42:42Z
2026-09-12T14:39:57Z,2026-09-12T16:39:57+0200,d3fd3cd4-2afd-42cf-bb71-b699186b37cf,2026-09-06T17:45:00Z,2026-09-06T19:45:00+0200,240.47,EUR/MWh,NL,NL,day_ahead_price,value,2026-09-12T14:42:42Z
2026-09-12T14:39:57Z,2026-09-12T16:39:57+0200,d3fd3cd4-2afd-42cf-bb71-b699186b37cf,2026-09-06T18:00:00Z,2026-09-06T20:00:00+0200,224.99,EUR/MWh,NL,NL,day_ahead_price,value,2026-09-12T14:42:42Z
2026-09-12T14:39:57Z,2026-09-12T16:39:57+0200,d3fd3cd4-2afd-42cf-bb71-b699186b37cf,2026-09-06T18:15:00Z,2026-09-06T20:15:00+0200,228.57,EUR/MWh,NL,NL,day_ahead_price,value,2026-09-12T14:42:42Z
2026-09-12T14:39:57Z,2026-09-12T16:39:57+0200,d3fd3cd4-2afd-42cf-bb71-b699186b37cf,2026-09-06T18:30:00Z,2026-09-06T20:30:00+0200,235.06,EUR/MWh,NL,NL,day_ahead_price,value,2026-09-12T14:42:42Z
2026-09-12T14:39:57Z,2026-09-12T16:39:57+0200,d3fd3cd4-2afd-42cf-bb71-b699186b37cf,2026-09-06T18:45:00Z,2026-09-06T20:45:00+0200,222.0,EUR/MWh,NL,NL,day_ahead_price,value,2026-09-12T14:42:42Z
2026-09-12T14:39:57Z,2026-09-12T16:39:57+0200,d3fd3cd4-2afd-42cf-bb71-b699186b37cf,2026-09-06T19:00:00Z,2026-09-06T21:00:00+0200,230.95,EUR/MWh,NL,NL,day_ahead_price,value,2026-09-12T14:42:42Z
2026-09-12T14:39:57Z,2026-09-12T16:39:57+0200,d3fd3cd4-2afd-42cf-bb71-b699186b37cf,2026-09-06T19:15:00Z,2026-09-06T21:15:00+0200,207.44,EUR/MWh,NL,NL,day_ahead_price,value,2026-09-12T14:42:42Z
2026-09-12T14:39:57Z,2026-09-12T16:39:57+0200,d3fd3cd4-2afd-42cf-bb71-b699186b37cf,2026-09-06T19:30:00Z,2026-09-06T21:30:00+0200,200.0,EUR/MWh,NL,NL,day_ahead_price,value,2026-09-12T14:42:42Z
2026-09-12T14:39:57Z,2026-09-12T16:39:57+0200,d3fd3cd4-2afd-42cf-bb71-b699186b37cf,2026-09-06T19:45:00Z,2026-09-06T21:45:00+0200,186.23,EUR/MWh,NL,NL,day_ahead_price,value,2026-09-12T14:42:42Z
2026-09-12T14:39:57Z,2026-09-12T16:39:57+0200,d3fd3cd4-2afd-42cf-bb71-b699186b37cf,2026-09-06T20:00:00Z,2026-09-06T22:00:00+0200,203.97,EUR/MWh,NL,NL,day_ahead_price,value,2026-09-12T14:42:42Z
2026-09-12T14:39:57Z,2026-09-12T16:39:57+0200,d3fd3cd4-2afd-42cf-bb71-b699186b37cf,2026-09-06T20:15:00Z,2026-09-06T22:15:00+0200,191.26,EUR/MWh,NL,NL,day_ahead_price,value,2026-09-12T14:42:42Z
2026-09-12T14:39:57Z,2026-09-12T16:39:57+0200,d3fd3cd4-2afd-42cf-bb71-b699186b37cf,2026-09-06T20:30:00Z,2026-09-06T22:30:00+0200,185.8,EUR/MWh,NL,NL,day_ahead_price,value,2026-09-12T14:42:42Z
2026-09-12T14:39:57Z,2026-09-12T16:39:57+0200,d3fd3cd4-2afd-42cf-bb71-b699186b37cf,2026-09-06T20:45:00Z,2026-09-06T22:45:00+0200,176.51,EUR/MWh,NL,NL,day_ahead_price,value,2026-09-12T14:42:42Z
2026-09-12T14:39:57Z,2026-09-12T16:39:57+0200,d3fd3cd4-2afd-42cf-bb71-b699186b37cf,2026-09-06T21:00:00Z,2026-09-06T23:00:00+0200,182.58,EUR/MWh,NL,NL,day_ahead_price,value,2026-09-12T14:42:42Z
2026-09-12T14:39:57Z,2026-09-12T16:39:57+0200,d3fd3cd4-2afd-42cf-bb71-b699186b37cf,2026-09-06T21:15:00Z,2026-09-06T23:15:00+0200,172.1,EUR/MWh,NL,NL,day_ahead_price,value,2026-09-12T14:42:42Z
2026-09-12T14:39:57Z,2026-09-12T16:39:57+0200,d3fd3cd4-2afd-42cf-bb71-b699186b37cf,2026-09-06T21:30:00Z,2026-09-06T23:30:00+0200,170.68,EUR/MWh,NL,NL,day_ahead_price,value,2026-09-12T14:42:42Z
2026-09-12T14:39:57Z,2026-09-12T16:39:57+0200,d3fd3cd4-2afd-42cf-bb71-b699186b37cf,2026-09-06T21:45:00Z,2026-09-06T23:45:00+0200,154.45,EUR/MWh,NL,NL,day_ahead_price,value,2026-09-12T14:42:42Z
2026-09-12T14:39:57Z,2026-09-12T16:39:57+0200,d3fd3cd4-2afd-42cf-bb71-b699186b37cf,2026-09-06T22:00:00Z,2026-09-07T00:00:00+0200,170.4,EUR/MWh,NL,NL,day_ahead_price,value,2026-09-12T14:42:42Z
2026-09-12T14:39:57Z,2026-09-12T16:39:57+0200,d3fd3cd4-2afd-42cf-bb71-b699186b37cf,2026-09-06T22:15:00Z,2026-09-07T00:15:00+0200,157.1,EUR/MWh,NL,NL,day_ahead_price,value,2026-09-12T14:42:42Z
2026-09-12T14:39:57Z,2026-09-12T16:39:57+0200,d3fd3cd4-2afd-42cf-bb71-b699186b37cf,2026-09-06T22:30:00Z,2026-09-07T00:30:00+0200,149.78,EUR/MWh,NL,NL,day_ahead_price,value,2026-09-12T14:42:42Z
2026-09-12T14:39:57Z,2026-09-12T16:39:57+0200,d3fd3cd4-2afd-42cf-bb71-b699186b37cf,2026-09-06T22:45:00Z,2026-09-07T00:45:00+0200,145.87,EUR/MWh,NL,NL,day_ahead_price,value,2026-09-12T14:42:42Z
2026-09-12T14:39:57Z,2026-09-12T16:39:57+0200,d3fd3cd4-2afd-42cf-bb71-b699186b37cf,2026-09-06T23:00:00Z,2026-09-07T01:00:00+0200,157.45,EUR/MWh,NL,NL,day_ahead_price,value,2026-09-12T14:42:42Z
2026-09-12T14:39:57Z,2026-09-12T16:39:57+0200,d3fd3cd4-2afd-42cf-bb71-b699186b37cf,2026-09-06T23:15:00Z,2026-09-07T01:15:00+0200,150.27,EUR/MWh,NL,NL,day_ahead_price,value,2026-09-12T14:42:42Z
2026-09-12T14:39:57Z,2026-09-12T16:39:57+0200,d3fd3cd4-2afd-42cf-bb71-b699186b37cf,2026-09-06T23:30:00Z,2026-09-07T01:30:00+0200,149.63,EUR/MWh,NL,NL,day_ahead_price,value,2026-09-12T14:42:42Z
2026-09-12T14:39:57Z,2026-09-12T16:39:57+0200,d3fd3cd4-2afd-42cf-bb71-b699186b37cf,2026-09-06T23:45:00Z,2026-09-07T01:45:00+0200,146.82,EUR/MWh,NL,NL,day_ahead_price,value,2026-09-12T14:42:42Z
2026-09-12T14:39:57Z,2026-09-12T16:39:57+0200,d3fd3cd4-2afd-42cf-bb71-b699186b37cf,2026-09-07T00:00:00Z,2026-09-07T02:00:00+0200,149.41,EUR/MWh,NL,NL,day_ahead_price,value,2026-09-12T14:42:42Z
2026-09-12T14:39:57Z,2026-09-12T16:39:57+0200,d3fd3cd4-2afd-42cf-bb71-b699186b37cf,2026-09-07T00:15:00Z,2026-09-07T02:15:00+0200,149.18,EUR/MWh,NL,NL,day_ahead_price,value,2026-09-12T14:42:42Z
2026-09-12T14:39:57Z,2026-09-12T16:39:57+0200,d3fd3cd4-2afd-42cf-bb71-b699186b37cf,2026-09-07T00:30:00Z,2026-09-07T02:30:00+0200,148.49,EUR/MWh,NL,NL,day_ahead_price,value,2026-09-12T14:42:42Z
2026-09-12T14:39:57Z,2026-09-12T16:39:57+0200,d3fd3cd4-2afd-42cf-bb71-b699186b37cf,2026-09-07T00:45:00Z,2026-09-07T02:45:00+0200,147.24,EUR/MWh,NL,NL,day_ahead_price,value,2026-09-12T14:42:42Z
2026-09-12T14:39:57Z,2026-09-12T16:39:57+0200,d3fd3cd4-2afd-42cf-bb71-b699186b37cf,2026-09-07T01:00:00Z,2026-09-07T03:00:00+0200,150.81,EUR/MWh,NL,NL,day_ahead_price,value,2026-09-12T14:42:42Z
2026-09-12T14:39:57Z,2026-09-12T16:39:57+0200,d3fd3cd4-2afd-42cf-bb71-b699186b37cf,2026-09-07T01:15:00Z,2026-09-07T03:15:00+0200,147.72,EUR/MWh,NL,NL,day_ahead_price,value,2026-09-12T14:42:42Z
2026-09-12T14:39:57Z,2026-09-12T16:39:57+0200,d3fd3cd4-2afd-42cf-bb71-b699186b37cf,2026-09-07T01:30:00Z,2026-09-07T03:30:00+0200,147.79,EUR/MWh,NL,NL,day_ahead_price,value,2026-09-12T14:42:42Z
2026-09-12T14:39:57Z,2026-09-12T16:39:57+0200,d3fd3cd4-2afd-42cf-bb71-b699186b37cf,2026-09-07T01:45:00Z,2026-09-07T03:45:00+0200,147.98,EUR/MWh,NL,NL,day_ahead_price,value,2026-09-12T14:42:42Z
2026-09-12T14:39:57Z,2026-09-12T16:39:57+0200,d3fd3cd4-2afd-42cf-bb71-b699186b37cf,2026-09-07T02:00:00Z,2026-09-07T04:00:00+0200,147.73,EUR/MWh,NL,NL,day_ahead_price,value,2026-09-12T14:42:42Z
2026-09-12T14:39:57Z,2026-09-12T16:39:57+0200,d3fd3cd4-2afd-42cf-bb71-b699186b37cf,2026-09-07T02:15:00Z,2026-09-07T04:15:00+0200,149.56,EUR/MWh,NL,NL,day_ahead_price,value,2026-09-12T14:42:42Z
2026-09-12T14:39:57Z,2026-09-12T16:39:57+0200,d3fd3cd4-2afd-42cf-bb71-b699186b37cf,2026-09-07T02:30:00Z,2026-09-07T04:30:00+0200,150.83,EUR/MWh,NL,NL,day_ahead_price,value,2026-09-12T14:42:42Z
2026-09-12T14:39:57Z,2026-09-12T16:39:57+0200,d3fd3cd4-2afd-42cf-bb71-b699186b37cf,2026-09-07T02:45:00Z,2026-09-07T04:45:00+0200,159.72,EUR/MWh,NL,NL,day_ahead_price,value,2026-09-12T14:42:42Z
2026-09-12T14:39:57Z,2026-09-12T16:39:57+0200,d3fd3cd4-2afd-42cf-bb71-b699186b37cf,2026-09-07T03:00:00Z,2026-09-07T05:00:00+0200,154.57,EUR/MWh,NL,NL,day_ahead_price,value,2026-09-12T14:42:42Z
2026-09-12T14:39:57Z,2026-09-12T16:39:57+0200,d3fd3cd4-2afd-42cf-bb71-b699186b37cf,2026-09-07T03:15:00Z,2026-09-07T05:15:00+0200,165.02,EUR/MWh,NL,NL,day_ahead_price,value,2026-09-12T14:42:42Z
2026-09-12T14:39:57Z,2026-09-12T16:39:57+0200,d3fd3cd4-2afd-42cf-bb71-b699186b37cf,2026-09-07T03:30:00Z,2026-09-07T05:30:00+0200,178.17,EUR/MWh,NL,NL,day_ahead_price,value,2026-09-12T14:42:42Z
2026-09-12T14:39:57Z,2026-09-12T16:39:57+0200,d3fd3cd4-2afd-42cf-bb71-b699186b37cf,2026-09-07T03:45:00Z,2026-09-07T05:45:00+0200,192.84,EUR/MWh,NL,NL,day_ahead_price,value,2026-09-12T14:42:42Z
2026-09-12T14:39:57Z,2026-09-12T16:39:57+0200,d3fd3cd4-2afd-42cf-bb71-b699186b37cf,2026-09-07T04:00:00Z,2026-09-07T06:00:00+0200,194.97,EUR/MWh,NL,NL,day_ahead_price,value,2026-09-12T14:42:42Z
2026-09-12T14:39:57Z,2026-09-12T16:39:57+0200,d3fd3cd4-2afd-42cf-bb71-b699186b37cf,2026-09-07T04:15:00Z,2026-09-07T06:15:00+0200,206.17,EUR/MWh,NL,NL,day_ahead_price,value,2026-09-12T14:42:42Z
2026-09-12T14:39:57Z,2026-09-12T16:39:57+0200,d3fd3cd4-2afd-42cf-bb71-b699186b37cf,2026-09-07T04:30:00Z,2026-09-07T06:30:00+0200,211.93,EUR/MWh,NL,NL,day_ahead_price,value,2026-09-12T14:42:42Z
2026-09-12T14:39:57Z,2026-09-12T16:39:57+0200,d3fd3cd4-2afd-42cf-bb71-b699186b37cf,2026-09-07T04:45:00Z,2026-09-07T06:45:00+0200,218.09,EUR/MWh,NL,NL,day_ahead_price,value,2026-09-12T14:42:42Z
2026-09-12T14:39:57Z,2026-09-12T16:39:57+0200,d3fd3cd4-2afd-42cf-bb71-b699186b37cf,2026-09-07T05:00:00Z,2026-09-07T07:00:00+0200,220.93,EUR/MWh,NL,NL,day_ahead_price,value,2026-09-12T14:42:42Z
2026-09-12T14:39:57Z,2026-09-12T16:39:57+0200,d3fd3cd4-2afd-42cf-bb71-b699186b37cf,2026-09-07T05:15:00Z,2026-09-07T07:15:00+0200,224.41,EUR/MWh,NL,NL,day_ahead_price,value,2026-09-12T14:42:42Z
2026-09-12T14:39:57Z,2026-09-12T16:39:57+0200,d3fd3cd4-2afd-42cf-bb71-b699186b37cf,2026-09-07T05:30:00Z,2026-09-07T07:30:00+0200,223.22,EUR/MWh,NL,NL,day_ahead_price,value,2026-09-12T14:42:42Z
2026-09-12T14:39:57Z,2026-09-12T16:39:57+0200,d3fd3cd4-2afd-42cf-bb71-b699186b37cf,2026-09-07T05:45:00Z,2026-09-07T07:45:00+0200,215.76,EUR/MWh,NL,NL,day_ahead_price,value,2026-09-12T14:42:42Z
2026-09-12T14:39:57Z,2026-09-12T16:39:57+0200,d3fd3cd4-2afd-42cf-bb71-b699186b37cf,2026-09-07T06:00:00Z,2026-09-07T08:00:00+0200,230.04,EUR/MWh,NL,NL,day_ahead_price,value,2026-09-12T14:42:42Z
2026-09-12T14:39:57Z,2026-09-12T16:39:57+0200,d3fd3cd4-2afd-42cf-bb71-b699186b37cf,2026-09-07T06:15:00Z,2026-09-07T08:15:00+0200,219.95,EUR/MWh,NL,NL,day_ahead_price,value,2026-09-12T14:42:42Z
2026-09-12T14:39:57Z,2026-09-12T16:39:57+0200,d3fd3cd4-2afd-42cf-bb71-b699186b37cf,2026-09-07T06:30:00Z,2026-09-07T08:30:00+0200,206.24,EUR/MWh,NL,NL,day_ahead_price,value,2026-09-12T14:42:42Z
2026-09-12T14:39:57Z,2026-09-12T16:39:57+0200,d3fd3cd4-2afd-42cf-bb71-b699186b37cf,2026-09-07T06:45:00Z,2026-09-07T08:45:00+0200,193.0,EUR/MWh,NL,NL,day_ahead_price,value,2026-09-12T14:42:42Z
2026-09-12T14:39:57Z,2026-09-12T16:39:57+0200,d3fd3cd4-2afd-42cf-bb71-b699186b37cf,2026-09-07T07:00:00Z,2026-09-07T09:00:00+0200,206.87,EUR/MWh,NL,NL,day_ahead_price,value,2026-09-12T14:42:42Z
2026-09-12T14:39:57Z,2026-09-12T16:39:57+0200,d3fd3cd4-2afd-42cf-bb71-b699186b37cf,2026-09-07T07:15:00Z,2026-09-07T09:15:00+0200,190.94,EUR/MWh,NL,NL,day_ahead_price,value,2026-09-12T14:42:42Z
2026-09-12T14:39:57Z,2026-09-12T16:39:57+0200,d3fd3cd4-2afd-42cf-bb71-b699186b37cf,2026-09-07T07:30:00Z,2026-09-07T09:30:00+0200,165.81,EUR/MWh,NL,NL,day_ahead_price,value,2026-09-12T14:42:42Z
2026-09-12T14:39:57Z,2026-09-12T16:39:57+0200,d3fd3cd4-2afd-42cf-bb71-b699186b37cf,2026-09-07T07:45:00Z,2026-09-07T09:45:00+0200,143.54,EUR/MWh,NL,NL,day_ahead_price,value,2026-09-12T14:42:42Z
2026-09-12T14:39:57Z,2026-09-12T16:39:57+0200,d3fd3cd4-2afd-42cf-bb71-b699186b37cf,2026-09-07T08:00:00Z,2026-09-07T10:00:00+0200,154.14,EUR/MWh,NL,NL,day_ahead_price,value,2026-09-12T14:42:42Z
2026-09-12T14:39:57Z,2026-09-12T16:39:57+0200,d3fd3cd4-2afd-42cf-bb71-b699186b37cf,2026-09-07T08:15:00Z,2026-09-07T10:15:00+0200,146.32,EUR/MWh,NL,NL,day_ahead_price,value,2026-09-12T14:42:42Z
2026-09-12T14:39:57Z,2026-09-12T16:39:57+0200,d3fd3cd4-2afd-42cf-bb71-b699186b37cf,2026-09-07T08:30:00Z,2026-09-07T10:30:00+0200,136.15,EUR/MWh,NL,NL,day_ahead_price,value,2026-09-12T14:42:42Z
2026-09-12T14:39:57Z,2026-09-12T16:39:57+0200,d3fd3cd4-2afd-42cf-bb71-b699186b37cf,2026-09-07T08:45:00Z,2026-09-07T10:45:00+0200,126.84,EUR/MWh,NL,NL,day_ahead_price,value,2026-09-12T14:42:42Z
2026-09-12T14:39:57Z,2026-09-12T16:39:57+0200,d3fd3cd4-2afd-42cf-bb71-b699186b37cf,2026-09-07T09:00:00Z,2026-09-07T11:00:00+0200,128.64,EUR/MWh,NL,NL,day_ahead_price,value,2026-09-12T14:42:42Z
2026-09-12T14:39:57Z,2026-09-12T16:39:57+0200,d3fd3cd4-2afd-42cf-bb71-b699186b37cf,2026-09-07T09:15:00Z,2026-09-07T11:15:00+0200,106.93,EUR/MWh,NL,NL,day_ahead_price,value,2026-09-12T14:42:42Z
2026-09-12T14:39:57Z,2026-09-12T16:39:57+0200,d3fd3cd4-2afd-42cf-bb71-b699186b37cf,2026-09-07T09:30:00Z,2026-09-07T11:30:00+0200,100.05,EUR/MWh,NL,NL,day_ahead_price,value,2026-09-12T14:42:42Z
2026-09-12T14:39:57Z,2026-09-12T16:39:57+0200,d3fd3cd4-2afd-42cf-bb71-b699186b37cf,2026-09-07T09:45:00Z,2026-09-07T11:45:00+0200,90.0,EUR/MWh,NL,NL,day_ahead_price,value,2026-09-12T14:42:42Z
2026-09-12T14:39:57Z,2026-09-12T16:39:57+0200,d3fd3cd4-2afd-42cf-bb71-b699186b37cf,2026-09-07T10:00:00Z,2026-09-07T12:00:00+0200,102.2,EUR/MWh,NL,NL,day_ahead_price,value,2026-09-12T14:42:42Z
2026-09-12T14:39:57Z,2026-09-12T16:39:57+0200,d3fd3cd4-2afd-42cf-bb71-b699186b37cf,2026-09-07T10:15:00Z,2026-09-07T12:15:00+0200,80.0,EUR/MWh,NL,NL,day_ahead_price,value,2026-09-12T14:42:42Z
2026-09-12T14:39:57Z,2026-09-12T16:39:57+0200,d3fd3cd4-2afd-42cf-bb71-b699186b37cf,2026-09-07T10:30:00Z,2026-09-07T12:30:00+0200,52.36,EUR/MWh,NL,NL,day_ahead_price,value,2026-09-12T14:42:42Z
2026-09-12T14:39:57Z,2026-09-12T16:39:57+0200,d3fd3cd4-2afd-42cf-bb71-b699186b37cf,2026-09-07T10:45:00Z,2026-09-07T12:45:00+0200,25.0,EUR/MWh,NL,NL,day_ahead_price,value,2026-09-12T14:42:42Z
2026-09-12T14:39:57Z,2026-09-12T16:39:57+0200,d3fd3cd4-2afd-42cf-bb71-b699186b37cf,2026-09-07T11:00:00Z,2026-09-07T13:00:00+0200,48.83,EUR/MWh,NL,NL,day_ahead_price,value,2026-09-12T14:42:42Z
2026-09-12T14:39:57Z,2026-09-12T16:39:57+0200,d3fd3cd4-2afd-42cf-bb71-b699186b37cf,2026-09-07T11:15:00Z,2026-09-07T13:15:00+0200,24.99,EUR/MWh,NL,NL,day_ahead_price,value,2026-09-12T14:42:42Z
2026-09-12T14:39:57Z,2026-09-12T16:39:57+0200,d3fd3cd4-2afd-42cf-bb71-b699186b37cf,2026-09-07T11:30:00Z,2026-09-07T13:30:00+0200,16.99,EUR/MWh,NL,NL,day_ahead_price,value,2026-09-12T14:42:42Z
2026-09-12T14:39:57Z,2026-09-12T16:39:57+0200,d3fd3cd4-2afd-42cf-bb71-b699186b37cf,2026-09-07T11:45:00Z,2026-09-07T13:45:00+0200,0.3,EUR/MWh,NL,NL,day_ahead_price,value,2026-09-12T14:42:42Z
2026-09-12T14:39:57Z,2026-09-12T16:39:57+0200,d3fd3cd4-2afd-42cf-bb71-b699186b37cf,2026-09-07T12:00:00Z,2026-09-07T14:00:00+0200,2.69,EUR/MWh,NL,NL,day_ahead_price,value,2026-09-12T14:42:42Z
2026-09-12T14:39:57Z,2026-09-12T16:39:57+0200,d3fd3cd4-2afd-42cf-bb71-b699186b37cf,2026-09-07T12:15:00Z,2026-09-07T14:15:00+0200,0.0,EUR/MWh,NL,NL,day_ahead_price,value,2026-09-12T14:42:42Z
2026-09-12T14:39:57Z,2026-09-12T16:39:57+0200,d3fd3cd4-2afd-42cf-bb71-b699186b37cf,2026-09-07T12:30:00Z,2026-09-07T14:30:00+0200,0.0,EUR/MWh,NL,NL,day_ahead_price,value,2026-09-12T14:42:42Z
2026-09-12T14:39:57Z,2026-09-12T16:39:57+0200,d3fd3cd4-2afd-42cf-bb71-b699186b37cf,2026-09-07T12:45:00Z,2026-09-07T14:45:00+0200,7.5,EUR/MWh,NL,NL,day_ahead_price,value,2026-09-12T14:42:42Z
2026-09-12T14:39:57Z,2026-09-12T16:39:57+0200,d3fd3cd4-2afd-42cf-bb71-b699186b37cf,2026-09-07T13:00:00Z,2026-09-07T15:00:00+0200,7.21,EUR/MWh,NL,NL,day_ahead_price,value,2026-09-12T14:42:42Z
2026-09-12T14:39:57Z,2026-09-12T16:39:57+0200,d3fd3cd4-2afd-42cf-bb71-b699186b37cf,2026-09-07T13:15:00Z,2026-09-07T15:15:00+0200,38.43,EUR/MWh,NL,NL,day_ahead_price,value,2026-09-12T14:42:42Z
2026-09-12T14:39:57Z,2026-09-12T16:39:57+0200,d3fd3cd4-2afd-42cf-bb71-b699186b37cf,2026-09-07T13:30:00Z,2026-09-07T15:30:00+0200,53.94,EUR/MWh,NL,NL,day_ahead_price,value,2026-09-12T14:42:42Z
2026-09-12T14:39:57Z,2026-09-12T16:39:57+0200,d3fd3cd4-2afd-42cf-bb71-b699186b37cf,2026-09-07T13:45:00Z,2026-09-07T15:45:00+0200,59.99,EUR/MWh,NL,NL,day_ahead_price,value,2026-09-12T14:42:42Z
2026-09-12T14:39:57Z,2026-09-12T16:39:57+0200,d3fd3cd4-2afd-42cf-bb71-b699186b37cf,2026-09-07T14:00:00Z,2026-09-07T16:00:00+0200,47.3,EUR/MWh,NL,NL,day_ahead_price,value,2026-09-12T14:42:42Z
2026-09-12T14:39:57Z,2026-09-12T16:39:57+0200,d3fd3cd4-2afd-42cf-bb71-b699186b37cf,2026-09-07T14:15:00Z,2026-09-07T16:15:00+0200,87.67,EUR/MWh,NL,NL,day_ahead_price,value,2026-09-12T14:42:42Z
2026-09-12T14:39:57Z,2026-09-12T16:39:57+0200,d3fd3cd4-2afd-42cf-bb71-b699186b37cf,2026-09-07T14:30:00Z,2026-09-07T16:30:00+0200,107.37,EUR/MWh,NL,NL,day_ahead_price,value,2026-09-12T14:42:42Z
2026-09-12T14:39:57Z,2026-09-12T16:39:57+0200,d3fd3cd4-2afd-42cf-bb71-b699186b37cf,2026-09-07T14:45:00Z,2026-09-07T16:45:00+0200,146.32,EUR/MWh,NL,NL,day_ahead_price,value,2026-09-12T14:42:42Z
2026-09-12T14:39:57Z,2026-09-12T16:39:57+0200,d3fd3cd4-2afd-42cf-bb71-b699186b37cf,2026-09-07T15:00:00Z,2026-09-07T17:00:00+0200,112.09,EUR/MWh,NL,NL,day_ahead_price,value,2026-09-12T14:42:42Z
2026-09-12T14:39:57Z,2026-09-12T16:39:57+0200,d3fd3cd4-2afd-42cf-bb71-b699186b37cf,2026-09-07T15:15:00Z,2026-09-07T17:15:00+0200,144.56,EUR/MWh,NL,NL,day_ahead_price,value,2026-09-12T14:42:42Z
2026-09-12T14:39:57Z,2026-09-12T16:39:57+0200,d3fd3cd4-2afd-42cf-bb71-b699186b37cf,2026-09-07T15:30:00Z,2026-09-07T17:30:00+0200,166.72,EUR/MWh,NL,NL,day_ahead_price,value,2026-09-12T14:42:42Z
2026-09-12T14:39:57Z,2026-09-12T16:39:57+0200,d3fd3cd4-2afd-42cf-bb71-b699186b37cf,2026-09-07T15:45:00Z,2026-09-07T17:45:00+0200,211.79,EUR/MWh,NL,NL,day_ahead_price,value,2026-09-12T14:42:42Z
2026-09-12T14:39:57Z,2026-09-12T16:39:57+0200,d3fd3cd4-2afd-42cf-bb71-b699186b37cf,2026-09-07T16:00:00Z,2026-09-07T18:00:00+0200,173.64,EUR/MWh,NL,NL,day_ahead_price,value,2026-09-12T14:42:42Z
2026-09-12T14:39:57Z,2026-09-12T16:39:57+0200,d3fd3cd4-2afd-42cf-bb71-b699186b37cf,2026-09-07T16:15:00Z,2026-09-07T18:15:00+0200,191.62,EUR/MWh,NL,NL,day_ahead_price,value,2026-09-12T14:42:42Z
2026-09-12T14:39:57Z,2026-09-12T16:39:57+0200,d3fd3cd4-2afd-42cf-bb71-b699186b37cf,2026-09-07T16:30:00Z,2026-09-07T18:30:00+0200,206.0,EUR/MWh,NL,NL,day_ahead_price,value,2026-09-12T14:42:42Z
2026-09-12T14:39:57Z,2026-09-12T16:39:57+0200,d3fd3cd4-2afd-42cf-bb71-b699186b37cf,2026-09-07T16:45:00Z,2026-09-07T18:45:00+0200,252.6,EUR/MWh,NL,NL,day_ahead_price,value,2026-09-12T14:42:42Z
2026-09-12T14:39:57Z,2026-09-12T16:39:57+0200,d3fd3cd4-2afd-42cf-bb71-b699186b37cf,2026-09-07T17:00:00Z,2026-09-07T19:00:00+0200,222.39,EUR/MWh,NL,NL,day_ahead_price,value,2026-09-12T14:42:42Z
2026-09-12T14:39:57Z,2026-09-12T16:39:57+0200,d3fd3cd4-2afd-42cf-bb71-b699186b37cf,2026-09-07T17:15:00Z,2026-09-07T19:15:00+0200,236.98,EUR/MWh,NL,NL,day_ahead_price,value,2026-09-12T14:42:42Z
2026-09-12T14:39:57Z,2026-09-12T16:39:57+0200,d3fd3cd4-2afd-42cf-bb71-b699186b37cf,2026-09-07T17:30:00Z,2026-09-07T19:30:00+0200,255.01,EUR/MWh,NL,NL,day_ahead_price,value,2026-09-12T14:42:42Z
2026-09-12T14:39:57Z,2026-09-12T16:39:57+0200,d3fd3cd4-2afd-42cf-bb71-b699186b37cf,2026-09-07T17:45:00Z,2026-09-07T19:45:00+0200,249.66,EUR/MWh,NL,NL,day_ahead_price,value,2026-09-12T14:42:42Z
2026-09-12T14:39:57Z,2026-09-12T16:39:57+0200,d3fd3cd4-2afd-42cf-bb71-b699186b37cf,2026-09-07T18:00:00Z,2026-09-07T20:00:00+0200,229.76,EUR/MWh,NL,NL,day_ahead_price,value,2026-09-12T14:42:42Z
2026-09-12T14:39:57Z,2026-09-12T16:39:57+0200,d3fd3cd4-2afd-42cf-bb71-b699186b37cf,2026-09-07T18:15:00Z,2026-09-07T20:15:00+0200,235.13,EUR/MWh,NL,NL,day_ahead_price,value,2026-09-12T14:42:42Z
2026-09-12T14:39:57Z,2026-09-12T16:39:57+0200,d3fd3cd4-2afd-42cf-bb71-b699186b37cf,2026-09-07T18:30:00Z,2026-09-07T20:30:00+0200,240.14,EUR/MWh,NL,NL,day_ahead_price,value,2026-09-12T14:42:42Z
2026-09-12T14:39:57Z,2026-09-12T16:39:57+0200,d3fd3cd4-2afd-42cf-bb71-b699186b37cf,2026-09-07T18:45:00Z,2026-09-07T20:45:00+0200,227.06,EUR/MWh,NL,NL,day_ahead_price,value,2026-09-12T14:42:42Z
2026-09-12T14:39:57Z,2026-09-12T16:39:57+0200,d3fd3cd4-2afd-42cf-bb71-b699186b37cf,2026-09-07T19:00:00Z,2026-09-07T21:00:00+0200,233.64,EUR/MWh,NL,NL,day_ahead_price,value,2026-09-12T14:42:42Z
2026-09-12T14:39:57Z,2026-09-12T16:39:57+0200,d3fd3cd4-2afd-42cf-bb71-b699186b37cf,2026-09-07T19:15:00Z,2026-09-07T21:15:00+0200,207.78,EUR/MWh,NL,NL,day_ahead_price,value,2026-09-12T14:42:42Z
2026-09-12T14:39:57Z,2026-09-12T16:39:57+0200,d3fd3cd4-2afd-42cf-bb71-b699186b37cf,2026-09-07T19:30:00Z,2026-09-07T21:30:00+0200,198.38,EUR/MWh,NL,NL,day_ahead_price,value,2026-09-12T14:42:42Z
2026-09-12T14:39:57Z,2026-09-12T16:39:57+0200,d3fd3cd4-2afd-42cf-bb71-b699186b37cf,2026-09-07T19:45:00Z,2026-09-07T21:45:00+0200,180.07,EUR/MWh,NL,NL,day_ahead_price,value,2026-09-12T14:42:42Z
2026-09-12T14:39:57Z,2026-09-12T16:39:57+0200,d3fd3cd4-2afd-42cf-bb71-b699186b37cf,2026-09-07T20:00:00Z,2026-09-07T22:00:00+0200,193.6,EUR/MWh,NL,NL,day_ahead_price,value,2026-09-12T14:42:42Z
2026-09-12T14:39:57Z,2026-09-12T16:39:57+0200,d3fd3cd4-2afd-42cf-bb71-b699186b37cf,2026-09-07T20:15:00Z,2026-09-07T22:15:00+0200,187.65,EUR/MWh,NL,NL,day_ahead_price,value,2026-09-12T14:42:42Z
2026-09-12T14:39:57Z,2026-09-12T16:39:57+0200,d3fd3cd4-2afd-42cf-bb71-b699186b37cf,2026-09-07T20:30:00Z,2026-09-07T22:30:00+0200,183.67,EUR/MWh,NL,NL,day_ahead_price,value,2026-09-12T14:42:42Z
2026-09-12T14:39:57Z,2026-09-12T16:39:57+0200,d3fd3cd4-2afd-42cf-bb71-b699186b37cf,2026-09-07T20:45:00Z,2026-09-07T22:45:00+0200,180.0,EUR/MWh,NL,NL,day_ahead_price,value,2026-09-12T14:42:42Z
2026-09-12T14:39:57Z,2026-09-12T16:39:57+0200,d3fd3cd4-2afd-42cf-bb71-b699186b37cf,2026-09-07T21:00:00Z,2026-09-07T23:00:00+0200,179.98,EUR/MWh,NL,NL,day_ahead_price,value,2026-09-12T14:42:42Z
2026-09-12T14:39:57Z,2026-09-12T16:39:57+0200,d3fd3cd4-2afd-42cf-bb71-b699186b37cf,2026-09-07T21:15:00Z,2026-09-07T23:15:00+0200,171.79,EUR/MWh,NL,NL,day_ahead_price,value,2026-09-12T14:42:42Z
2026-09-12T14:39:57Z,2026-09-12T16:39:57+0200,d3fd3cd4-2afd-42cf-bb71-b699186b37cf,2026-09-07T21:30:00Z,2026-09-07T23:30:00+0200,165.75,EUR/MWh,NL,NL,day_ahead_price,value,2026-09-12T14:42:42Z
2026-09-12T14:39:57Z,2026-09-12T16:39:57+0200,d3fd3cd4-2afd-42cf-bb71-b699186b37cf,2026-09-07T21:45:00Z,2026-09-07T23:45:00+0200,160.63,EUR/MWh,NL,NL,day_ahead_price,value,2026-09-12T14:42:42Z
2026-09-12T14:39:57Z,2026-09-12T16:39:57+0200,d3fd3cd4-2afd-42cf-bb71-b699186b37cf,2026-09-07T22:00:00Z,2026-09-08T00:00:00+0200,206.0,EUR/MWh,NL,NL,day_ahead_price,value,2026-09-12T14:42:42Z
2026-09-12T14:39:57Z,2026-09-12T16:39:57+0200,d3fd3cd4-2afd-42cf-bb71-b699186b37cf,2026-09-07T22:15:00Z,2026-09-08T00:15:00+0200,176.56,EUR/MWh,NL,NL,day_ahead_price,value,2026-09-12T14:42:42Z
2026-09-12T14:39:57Z,2026-09-12T16:39:57+0200,d3fd3cd4-2afd-42cf-bb71-b699186b37cf,2026-09-07T22:30:00Z,2026-09-08T00:30:00+0200,168.49,EUR/MWh,NL,NL,day_ahead_price,value,2026-09-12T14:42:42Z
2026-09-12T14:39:57Z,2026-09-12T16:39:57+0200,d3fd3cd4-2afd-42cf-bb71-b699186b37cf,2026-09-07T22:45:00Z,2026-09-08T00:45:00+0200,164.73,EUR/MWh,NL,NL,day_ahead_price,value,2026-09-12T14:42:42Z
2026-09-12T14:39:57Z,2026-09-12T16:39:57+0200,d3fd3cd4-2afd-42cf-bb71-b699186b37cf,2026-09-07T23:00:00Z,2026-09-08T01:00:00+0200,175.97,EUR/MWh,NL,NL,day_ahead_price,value,2026-09-12T14:42:42Z
2026-09-12T14:39:57Z,2026-09-12T16:39:57+0200,d3fd3cd4-2afd-42cf-bb71-b699186b37cf,2026-09-07T23:15:00Z,2026-09-08T01:15:00+0200,168.89,EUR/MWh,NL,NL,day_ahead_price,value,2026-09-12T14:42:42Z
2026-09-12T14:39:57Z,2026-09-12T16:39:57+0200,d3fd3cd4-2afd-42cf-bb71-b699186b37cf,2026-09-07T23:30:00Z,2026-09-08T01:30:00+0200,167.07,EUR/MWh,NL,NL,day_ahead_price,value,2026-09-12T14:42:42Z
2026-09-12T14:39:57Z,2026-09-12T16:39:57+0200,d3fd3cd4-2afd-42cf-bb71-b699186b37cf,2026-09-07T23:45:00Z,2026-09-08T01:45:00+0200,161.4,EUR/MWh,NL,NL,day_ahead_price,value,2026-09-12T14:42:42Z
2026-09-12T14:39:57Z,2026-09-12T16:39:57+0200,d3fd3cd4-2afd-42cf-bb71-b699186b37cf,2026-09-08T00:00:00Z,2026-09-08T02:00:00+0200,158.2,EUR/MWh,NL,NL,day_ahead_price,value,2026-09-12T14:42:42Z
2026-09-12T14:39:57Z,2026-09-12T16:39:57+0200,d3fd3cd4-2afd-42cf-bb71-b699186b37cf,2026-09-08T00:15:00Z,2026-09-08T02:15:00+0200,156.09,EUR/MWh,NL,NL,day_ahead_price,value,2026-09-12T14:42:42Z
2026-09-12T14:39:57Z,2026-09-12T16:39:57+0200,d3fd3cd4-2afd-42cf-bb71-b699186b37cf,2026-09-08T00:30:00Z,2026-09-08T02:30:00+0200,156.59,EUR/MWh,NL,NL,day_ahead_price,value,2026-09-12T14:42:42Z
2026-09-12T14:39:57Z,2026-09-12T16:39:57+0200,d3fd3cd4-2afd-42cf-bb71-b699186b37cf,2026-09-08T00:45:00Z,2026-09-08T02:45:00+0200,156.2,EUR/MWh,NL,NL,day_ahead_price,value,2026-09-12T14:42:42Z
2026-09-12T14:39:57Z,2026-09-12T16:39:57+0200,d3fd3cd4-2afd-42cf-bb71-b699186b37cf,2026-09-08T01:00:00Z,2026-09-08T03:00:00+0200,151.96,EUR/MWh,NL,NL,day_ahead_price,value,2026-09-12T14:42:42Z
2026-09-12T14:39:57Z,2026-09-12T16:39:57+0200,d3fd3cd4-2afd-42cf-bb71-b699186b37cf,2026-09-08T01:15:00Z,2026-09-08T03:15:00+0200,153.75,EUR/MWh,NL,NL,day_ahead_price,value,2026-09-12T14:42:42Z
2026-09-12T14:39:57Z,2026-09-12T16:39:57+0200,d3fd3cd4-2afd-42cf-bb71-b699186b37cf,2026-09-08T01:30:00Z,2026-09-08T03:30:00+0200,153.3,EUR/MWh,NL,NL,day_ahead_price,value,2026-09-12T14:42:42Z
2026-09-12T14:39:57Z,2026-09-12T16:39:57+0200,d3fd3cd4-2afd-42cf-bb71-b699186b37cf,2026-09-08T01:45:00Z,2026-09-08T03:45:00+0200,153.54,EUR/MWh,NL,NL,day_ahead_price,value,2026-09-12T14:42:42Z
2026-09-12T14:39:57Z,2026-09-12T16:39:57+0200,d3fd3cd4-2afd-42cf-bb71-b699186b37cf,2026-09-08T02:00:00Z,2026-09-08T04:00:00+0200,151.79,EUR/MWh,NL,NL,day_ahead_price,value,2026-09-12T14:42:42Z
2026-09-12T14:39:57Z,2026-09-12T16:39:57+0200,d3fd3cd4-2afd-42cf-bb71-b699186b37cf,2026-09-08T02:15:00Z,2026-09-08T04:15:00+0200,152.65,EUR/MWh,NL,NL,day_ahead_price,value,2026-09-12T14:42:42Z
2026-09-12T14:39:57Z,2026-09-12T16:39:57+0200,d3fd3cd4-2afd-42cf-bb71-b699186b37cf,2026-09-08T02:30:00Z,2026-09-08T04:30:00+0200,153.4,EUR/MWh,NL,NL,day_ahead_price,value,2026-09-12T14:42:42Z
2026-09-12T14:39:57Z,2026-09-12T16:39:57+0200,d3fd3cd4-2afd-42cf-bb71-b699186b37cf,2026-09-08T02:45:00Z,2026-09-08T04:45:00+0200,151.2,EUR/MWh,NL,NL,day_ahead_price,value,2026-09-12T14:42:42Z
2026-09-12T14:39:57Z,2026-09-12T16:39:57+0200,d3fd3cd4-2afd-42cf-bb71-b699186b37cf,2026-09-08T03:00:00Z,2026-09-08T05:00:00+0200,154.19,EUR/MWh,NL,NL,day_ahead_price,value,2026-09-12T14:42:42Z
2026-09-12T14:39:57Z,2026-09-12T16:39:57+0200,d3fd3cd4-2afd-42cf-bb71-b699186b37cf,2026-09-08T03:15:00Z,2026-09-08T05:15:00+0200,159.03,EUR/MWh,NL,NL,day_ahead_price,value,2026-09-12T14:42:42Z
2026-09-12T14:39:57Z,2026-09-12T16:39:57+0200,d3fd3cd4-2afd-42cf-bb71-b699186b37cf,2026-09-08T03:30:00Z,2026-09-08T05:30:00+0200,168.79,EUR/MWh,NL,NL,day_ahead_price,value,2026-09-12T14:42:42Z
2026-09-12T14:39:57Z,2026-09-12T16:39:57+0200,d3fd3cd4-2afd-42cf-bb71-b699186b37cf,2026-09-08T03:45:00Z,2026-09-08T05:45:00+0200,187.75,EUR/MWh,NL,NL,day_ahead_price,value,2026-09-12T14:42:42Z
2026-09-12T14:39:57Z,2026-09-12T16:39:57+0200,d3fd3cd4-2afd-42cf-bb71-b699186b37cf,2026-09-08T04:00:00Z,2026-09-08T06:00:00+0200,186.85,EUR/MWh,NL,NL,day_ahead_price,value,2026-09-12T14:42:42Z
2026-09-12T14:39:57Z,2026-09-12T16:39:57+0200,d3fd3cd4-2afd-42cf-bb71-b699186b37cf,2026-09-08T04:15:00Z,2026-09-08T06:15:00+0200,202.73,EUR/MWh,NL,NL,day_ahead_price,value,2026-09-12T14:42:42Z
2026-09-12T14:39:57Z,2026-09-12T16:39:57+0200,d3fd3cd4-2afd-42cf-bb71-b699186b37cf,2026-09-08T04:30:00Z,2026-09-08T06:30:00+0200,209.41,EUR/MWh,NL,NL,day_ahead_price,value,2026-09-12T14:42:42Z
2026-09-12T14:39:57Z,2026-09-12T16:39:57+0200,d3fd3cd4-2afd-42cf-bb71-b699186b37cf,2026-09-08T04:45:00Z,2026-09-08T06:45:00+0200,211.94,EUR/MWh,NL,NL,day_ahead_price,value,2026-09-12T14:42:42Z
2026-09-12T14:39:57Z,2026-09-12T16:39:57+0200,d3fd3cd4-2afd-42cf-bb71-b699186b37cf,2026-09-08T05:00:00Z,2026-09-08T07:00:00+0200,236.01,EUR/MWh,NL,NL,day_ahead_price,value,2026-09-12T14:42:42Z
2026-09-12T14:39:57Z,2026-09-12T16:39:57+0200,d3fd3cd4-2afd-42cf-bb71-b699186b37cf,2026-09-08T05:15:00Z,2026-09-08T07:15:00+0200,225.95,EUR/MWh,NL,NL,day_ahead_price,value,2026-09-12T14:42:42Z
2026-09-12T14:39:57Z,2026-09-12T16:39:57+0200,d3fd3cd4-2afd-42cf-bb71-b699186b37cf,2026-09-08T05:30:00Z,2026-09-08T07:30:00+0200,216.82,EUR/MWh,NL,NL,day_ahead_price,value,2026-09-12T14:42:42Z
2026-09-12T14:39:57Z,2026-09-12T16:39:57+0200,d3fd3cd4-2afd-42cf-bb71-b699186b37cf,2026-09-08T05:45:00Z,2026-09-08T07:45:00+0200,212.89,EUR/MWh,NL,NL,day_ahead_price,value,2026-09-12T14:42:42Z
2026-09-12T14:39:57Z,2026-09-12T16:39:57+0200,d3fd3cd4-2afd-42cf-bb71-b699186b37cf,2026-09-08T06:00:00Z,2026-09-08T08:00:00+0200,230.01,EUR/MWh,NL,NL,day_ahead_price,value,2026-09-12T14:42:42Z
2026-09-12T14:39:57Z,2026-09-12T16:39:57+0200,d3fd3cd4-2afd-42cf-bb71-b699186b37cf,2026-09-08T06:15:00Z,2026-09-08T08:15:00+0200,215.61,EUR/MWh,NL,NL,day_ahead_price,value,2026-09-12T14:42:42Z
2026-09-12T14:39:57Z,2026-09-12T16:39:57+0200,d3fd3cd4-2afd-42cf-bb71-b699186b37cf,2026-09-08T06:30:00Z,2026-09-08T08:30:00+0200,199.98,EUR/MWh,NL,NL,day_ahead_price,value,2026-09-12T14:42:42Z
2026-09-12T14:39:57Z,2026-09-12T16:39:57+0200,d3fd3cd4-2afd-42cf-bb71-b699186b37cf,2026-09-08T06:45:00Z,2026-09-08T08:45:00+0200,157.34,EUR/MWh,NL,NL,day_ahead_price,value,2026-09-12T14:42:42Z
2026-09-12T14:39:57Z,2026-09-12T16:39:57+0200,d3fd3cd4-2afd-42cf-bb71-b699186b37cf,2026-09-08T07:00:00Z,2026-09-08T09:00:00+0200,199.88,EUR/MWh,NL,NL,day_ahead_price,value,2026-09-12T14:42:42Z
2026-09-12T14:39:57Z,2026-09-12T16:39:57+0200,d3fd3cd4-2afd-42cf-bb71-b699186b37cf,2026-09-08T07:15:00Z,2026-09-08T09:15:00+0200,171.5,EUR/MWh,NL,NL,day_ahead_price,value,2026-09-12T14:42:42Z
2026-09-12T14:39:57Z,2026-09-12T16:39:57+0200,d3fd3cd4-2afd-42cf-bb71-b699186b37cf,2026-09-08T07:30:00Z,2026-09-08T09:30:00+0200,156.08,EUR/MWh,NL,NL,day_ahead_price,value,2026-09-12T14:42:42Z
2026-09-12T14:39:57Z,2026-09-12T16:39:57+0200,d3fd3cd4-2afd-42cf-bb71-b699186b37cf,2026-09-08T07:45:00Z,2026-09-08T09:45:00+0200,132.62,EUR/MWh,NL,NL,day_ahead_price,value,2026-09-12T14:42:42Z
2026-09-12T14:39:57Z,2026-09-12T16:39:57+0200,d3fd3cd4-2afd-42cf-bb71-b699186b37cf,2026-09-08T08:00:00Z,2026-09-08T10:00:00+0200,174.14,EUR/MWh,NL,NL,day_ahead_price,value,2026-09-12T14:42:42Z
2026-09-12T14:39:57Z,2026-09-12T16:39:57+0200,d3fd3cd4-2afd-42cf-bb71-b699186b37cf,2026-09-08T08:15:00Z,2026-09-08T10:15:00+0200,161.78,EUR/MWh,NL,NL,day_ahead_price,value,2026-09-12T14:42:42Z
2026-09-12T14:39:57Z,2026-09-12T16:39:57+0200,d3fd3cd4-2afd-42cf-bb71-b699186b37cf,2026-09-08T08:30:00Z,2026-09-08T10:30:00+0200,136.68,EUR/MWh,NL,NL,day_ahead_price,value,2026-09-12T14:42:42Z
2026-09-12T14:39:57Z,2026-09-12T16:39:57+0200,d3fd3cd4-2afd-42cf-bb71-b699186b37cf,2026-09-08T08:45:00Z,2026-09-08T10:45:00+0200,127.4,EUR/MWh,NL,NL,day_ahead_price,value,2026-09-12T14:42:42Z
2026-09-12T14:39:57Z,2026-09-12T16:39:57+0200,d3fd3cd4-2afd-42cf-bb71-b699186b37cf,2026-09-08T09:00:00Z,2026-09-08T11:00:00+0200,122.6,EUR/MWh,NL,NL,day_ahead_price,value,2026-09-12T14:42:42Z
2026-09-12T14:39:57Z,2026-09-12T16:39:57+0200,d3fd3cd4-2afd-42cf-bb71-b699186b37cf,2026-09-08T09:15:00Z,2026-09-08T11:15:00+0200,119.72,EUR/MWh,NL,NL,day_ahead_price,value,2026-09-12T14:42:42Z
2026-09-12T14:39:57Z,2026-09-12T16:39:57+0200,d3fd3cd4-2afd-42cf-bb71-b699186b37cf,2026-09-08T09:30:00Z,2026-09-08T11:30:00+0200,115.64,EUR/MWh,NL,NL,day_ahead_price,value,2026-09-12T14:42:42Z
2026-09-12T14:39:57Z,2026-09-12T16:39:57+0200,d3fd3cd4-2afd-42cf-bb71-b699186b37cf,2026-09-08T09:45:00Z,2026-09-08T11:45:00+0200,108.51,EUR/MWh,NL,NL,day_ahead_price,value,2026-09-12T14:42:42Z
2026-09-12T14:39:57Z,2026-09-12T16:39:57+0200,d3fd3cd4-2afd-42cf-bb71-b699186b37cf,2026-09-08T10:00:00Z,2026-09-08T12:00:00+0200,104.18,EUR/MWh,NL,NL,day_ahead_price,value,2026-09-12T14:42:42Z
2026-09-12T14:39:57Z,2026-09-12T16:39:57+0200,d3fd3cd4-2afd-42cf-bb71-b699186b37cf,2026-09-08T10:15:00Z,2026-09-08T12:15:00+0200,121.43,EUR/MWh,NL,NL,day_ahead_price,value,2026-09-12T14:42:42Z
2026-09-12T14:39:57Z,2026-09-12T16:39:57+0200,d3fd3cd4-2afd-42cf-bb71-b699186b37cf,2026-09-08T10:30:00Z,2026-09-08T12:30:00+0200,109.26,EUR/MWh,NL,NL,day_ahead_price,value,2026-09-12T14:42:42Z
2026-09-12T14:39:57Z,2026-09-12T16:39:57+0200,d3fd3cd4-2afd-42cf-bb71-b699186b37cf,2026-09-08T10:45:00Z,2026-09-08T12:45:00+0200,109.12,EUR/MWh,NL,NL,day_ahead_price,value,2026-09-12T14:42:42Z
2026-09-12T14:39:57Z,2026-09-12T16:39:57+0200,d3fd3cd4-2afd-42cf-bb71-b699186b37cf,2026-09-08T11:00:00Z,2026-09-08T13:00:00+0200,68.34,EUR/MWh,NL,NL,day_ahead_price,value,2026-09-12T14:42:42Z
2026-09-12T14:39:57Z,2026-09-12T16:39:57+0200,d3fd3cd4-2afd-42cf-bb71-b699186b37cf,2026-09-08T11:15:00Z,2026-09-08T13:15:00+0200,100.48,EUR/MWh,NL,NL,day_ahead_price,value,2026-09-12T14:42:42Z
2026-09-12T14:39:57Z,2026-09-12T16:39:57+0200,d3fd3cd4-2afd-42cf-bb71-b699186b37cf,2026-09-08T11:30:00Z,2026-09-08T13:30:00+0200,117.91,EUR/MWh,NL,NL,day_ahead_price,value,2026-09-12T14:42:42Z
2026-09-12T14:39:57Z,2026-09-12T16:39:57+0200,d3fd3cd4-2afd-42cf-bb71-b699186b37cf,2026-09-08T11:45:00Z,2026-09-08T13:45:00+0200,134.32,EUR/MWh,NL,NL,day_ahead_price,value,2026-09-12T14:42:42Z
2026-09-12T14:39:57Z,2026-09-12T16:39:57+0200,d3fd3cd4-2afd-42cf-bb71-b699186b37cf,2026-09-08T12:00:00Z,2026-09-08T14:00:00+0200,83.77,EUR/MWh,NL,NL,day_ahead_price,value,2026-09-12T14:42:42Z
2026-09-12T14:39:57Z,2026-09-12T16:39:57+0200,d3fd3cd4-2afd-42cf-bb71-b699186b37cf,2026-09-08T12:15:00Z,2026-09-08T14:15:00+0200,88.97,EUR/MWh,NL,NL,day_ahead_price,value,2026-09-12T14:42:42Z
2026-09-12T14:39:57Z,2026-09-12T16:39:57+0200,d3fd3cd4-2afd-42cf-bb71-b699186b37cf,2026-09-08T12:30:00Z,2026-09-08T14:30:00+0200,99.17,EUR/MWh,NL,NL,day_ahead_price,value,2026-09-12T14:42:42Z
2026-09-12T14:39:57Z,2026-09-12T16:39:57+0200,d3fd3cd4-2afd-42cf-bb71-b699186b37cf,2026-09-08T12:45:00Z,2026-09-08T14:45:00+0200,114.07,EUR/MWh,NL,NL,day_ahead_price,value,2026-09-12T14:42:42Z
2026-09-12T14:39:57Z,2026-09-12T16:39:57+0200,d3fd3cd4-2afd-42cf-bb71-b699186b37cf,2026-09-08T13:00:00Z,2026-09-08T15:00:00+0200,112.93,EUR/MWh,NL,NL,day_ahead_price,value,2026-09-12T14:42:42Z
2026-09-12T14:39:57Z,2026-09-12T16:39:57+0200,d3fd3cd4-2afd-42cf-bb71-b699186b37cf,2026-09-08T13:15:00Z,2026-09-08T15:15:00+0200,125.79,EUR/MWh,NL,NL,day_ahead_price,value,2026-09-12T14:42:42Z
2026-09-12T14:39:57Z,2026-09-12T16:39:57+0200,d3fd3cd4-2afd-42cf-bb71-b699186b37cf,2026-09-08T13:30:00Z,2026-09-08T15:30:00+0200,125.8,EUR/MWh,NL,NL,day_ahead_price,value,2026-09-12T14:42:42Z
2026-09-12T14:39:57Z,2026-09-12T16:39:57+0200,d3fd3cd4-2afd-42cf-bb71-b699186b37cf,2026-09-08T13:45:00Z,2026-09-08T15:45:00+0200,134.49,EUR/MWh,NL,NL,day_ahead_price,value,2026-09-12T14:42:42Z
2026-09-12T14:39:57Z,2026-09-12T16:39:57+0200,d3fd3cd4-2afd-42cf-bb71-b699186b37cf,2026-09-08T14:00:00Z,2026-09-08T16:00:00+0200,140.1,EUR/MWh,NL,NL,day_ahead_price,value,2026-09-12T14:42:42Z
2026-09-12T14:39:57Z,2026-09-12T16:39:57+0200,d3fd3cd4-2afd-42cf-bb71-b699186b37cf,2026-09-08T14:15:00Z,2026-09-08T16:15:00+0200,160.1,EUR/MWh,NL,NL,day_ahead_price,value,2026-09-12T14:42:42Z
2026-09-12T14:39:57Z,2026-09-12T16:39:57+0200,d3fd3cd4-2afd-42cf-bb71-b699186b37cf,2026-09-08T14:30:00Z,2026-09-08T16:30:00+0200,160.27,EUR/MWh,NL,NL,day_ahead_price,value,2026-09-12T14:42:42Z
2026-09-12T14:39:57Z,2026-09-12T16:39:57+0200,d3fd3cd4-2afd-42cf-bb71-b699186b37cf,2026-09-08T14:45:00Z,2026-09-08T16:45:00+0200,179.39,EUR/MWh,NL,NL,day_ahead_price,value,2026-09-12T14:42:42Z
2026-09-12T14:39:57Z,2026-09-12T16:39:57+0200,d3fd3cd4-2afd-42cf-bb71-b699186b37cf,2026-09-08T15:00:00Z,2026-09-08T17:00:00+0200,144.42,EUR/MWh,NL,NL,day_ahead_price,value,2026-09-12T14:42:42Z
2026-09-12T14:39:57Z,2026-09-12T16:39:57+0200,d3fd3cd4-2afd-42cf-bb71-b699186b37cf,2026-09-08T15:15:00Z,2026-09-08T17:15:00+0200,165.2,EUR/MWh,NL,NL,day_ahead_price,value,2026-09-12T14:42:42Z
2026-09-12T14:39:57Z,2026-09-12T16:39:57+0200,d3fd3cd4-2afd-42cf-bb71-b699186b37cf,2026-09-08T15:30:00Z,2026-09-08T17:30:00+0200,193.68,EUR/MWh,NL,NL,day_ahead_price,value,2026-09-12T14:42:42Z
2026-09-12T14:39:57Z,2026-09-12T16:39:57+0200,d3fd3cd4-2afd-42cf-bb71-b699186b37cf,2026-09-08T15:45:00Z,2026-09-08T17:45:00+0200,210.11,EUR/MWh,NL,NL,day_ahead_price,value,2026-09-12T14:42:42Z
2026-09-12T14:39:57Z,2026-09-12T16:39:57+0200,d3fd3cd4-2afd-42cf-bb71-b699186b37cf,2026-09-08T16:00:00Z,2026-09-08T18:00:00+0200,181.72,EUR/MWh,NL,NL,day_ahead_price,value,2026-09-12T14:42:42Z
2026-09-12T14:39:57Z,2026-09-12T16:39:57+0200,d3fd3cd4-2afd-42cf-bb71-b699186b37cf,2026-09-08T16:15:00Z,2026-09-08T18:15:00+0200,199.94,EUR/MWh,NL,NL,day_ahead_price,value,2026-09-12T14:42:42Z
2026-09-12T14:39:57Z,2026-09-12T16:39:57+0200,d3fd3cd4-2afd-42cf-bb71-b699186b37cf,2026-09-08T16:30:00Z,2026-09-08T18:30:00+0200,208.27,EUR/MWh,NL,NL,day_ahead_price,value,2026-09-12T14:42:42Z
2026-09-12T14:39:57Z,2026-09-12T16:39:57+0200,d3fd3cd4-2afd-42cf-bb71-b699186b37cf,2026-09-08T16:45:00Z,2026-09-08T18:45:00+0200,236.92,EUR/MWh,NL,NL,day_ahead_price,value,2026-09-12T14:42:42Z
2026-09-12T14:39:57Z,2026-09-12T16:39:57+0200,d3fd3cd4-2afd-42cf-bb71-b699186b37cf,2026-09-08T17:00:00Z,2026-09-08T19:00:00+0200,215.47,EUR/MWh,NL,NL,day_ahead_price,value,2026-09-12T14:42:42Z
2026-09-12T14:39:57Z,2026-09-12T16:39:57+0200,d3fd3cd4-2afd-42cf-bb71-b699186b37cf,2026-09-08T17:15:00Z,2026-09-08T19:15:00+0200,230.58,EUR/MWh,NL,NL,day_ahead_price,value,2026-09-12T14:42:42Z
2026-09-12T14:39:57Z,2026-09-12T16:39:57+0200,d3fd3cd4-2afd-42cf-bb71-b699186b37cf,2026-09-08T17:30:00Z,2026-09-08T19:30:00+0200,254.71,EUR/MWh,NL,NL,day_ahead_price,value,2026-09-12T14:42:42Z
2026-09-12T14:39:57Z,2026-09-12T16:39:57+0200,d3fd3cd4-2afd-42cf-bb71-b699186b37cf,2026-09-08T17:45:00Z,2026-09-08T19:45:00+0200,271.2,EUR/MWh,NL,NL,day_ahead_price,value,2026-09-12T14:42:42Z
2026-09-12T14:39:57Z,2026-09-12T16:39:57+0200,d3fd3cd4-2afd-42cf-bb71-b699186b37cf,2026-09-08T18:00:00Z,2026-09-08T20:00:00+0200,267.94,EUR/MWh,NL,NL,day_ahead_price,value,2026-09-12T14:42:42Z
2026-09-12T14:39:57Z,2026-09-12T16:39:57+0200,d3fd3cd4-2afd-42cf-bb71-b699186b37cf,2026-09-08T18:15:00Z,2026-09-08T20:15:00+0200,267.28,EUR/MWh,NL,NL,day_ahead_price,value,2026-09-12T14:42:42Z
2026-09-12T14:39:57Z,2026-09-12T16:39:57+0200,d3fd3cd4-2afd-42cf-bb71-b699186b37cf,2026-09-08T18:30:00Z,2026-09-08T20:30:00+0200,255.66,EUR/MWh,NL,NL,day_ahead_price,value,2026-09-12T14:42:42Z
2026-09-12T14:39:57Z,2026-09-12T16:39:57+0200,d3fd3cd4-2afd-42cf-bb71-b699186b37cf,2026-09-08T18:45:00Z,2026-09-08T20:45:00+0200,235.37,EUR/MWh,NL,NL,day_ahead_price,value,2026-09-12T14:42:42Z
2026-09-12T14:39:57Z,2026-09-12T16:39:57+0200,d3fd3cd4-2afd-42cf-bb71-b699186b37cf,2026-09-08T19:00:00Z,2026-09-08T21:00:00+0200,245.4,EUR/MWh,NL,NL,day_ahead_price,value,2026-09-12T14:42:42Z
2026-09-12T14:39:57Z,2026-09-12T16:39:57+0200,d3fd3cd4-2afd-42cf-bb71-b699186b37cf,2026-09-08T19:15:00Z,2026-09-08T21:15:00+0200,221.66,EUR/MWh,NL,NL,day_ahead_price,value,2026-09-12T14:42:42Z
2026-09-12T14:39:57Z,2026-09-12T16:39:57+0200,d3fd3cd4-2afd-42cf-bb71-b699186b37cf,2026-09-08T19:30:00Z,2026-09-08T21:30:00+0200,211.7,EUR/MWh,NL,NL,day_ahead_price,value,2026-09-12T14:42:42Z
2026-09-12T14:39:57Z,2026-09-12T16:39:57+0200,d3fd3cd4-2afd-42cf-bb71-b699186b37cf,2026-09-08T19:45:00Z,2026-09-08T21:45:00+0200,197.14,EUR/MWh,NL,NL,day_ahead_price,value,2026-09-12T14:42:42Z
2026-09-12T14:39:57Z,2026-09-12T16:39:57+0200,d3fd3cd4-2afd-42cf-bb71-b699186b37cf,2026-09-08T20:00:00Z,2026-09-08T22:00:00+0200,206.53,EUR/MWh,NL,NL,day_ahead_price,value,2026-09-12T14:42:42Z
2026-09-12T14:39:57Z,2026-09-12T16:39:57+0200,d3fd3cd4-2afd-42cf-bb71-b699186b37cf,2026-09-08T20:15:00Z,2026-09-08T22:15:00+0200,196.57,EUR/MWh,NL,NL,day_ahead_price,value,2026-09-12T14:42:42Z
2026-09-12T14:39:57Z,2026-09-12T16:39:57+0200,d3fd3cd4-2afd-42cf-bb71-b699186b37cf,2026-09-08T20:30:00Z,2026-09-08T22:30:00+0200,194.51,EUR/MWh,NL,NL,day_ahead_price,value,2026-09-12T14:42:42Z
2026-09-12T14:39:57Z,2026-09-12T16:39:57+0200,d3fd3cd4-2afd-42cf-bb71-b699186b37cf,2026-09-08T20:45:00Z,2026-09-08T22:45:00+0200,186.02,EUR/MWh,NL,NL,day_ahead_price,value,2026-09-12T14:42:42Z
2026-09-12T14:39:57Z,2026-09-12T16:39:57+0200,d3fd3cd4-2afd-42cf-bb71-b699186b37cf,2026-09-08T21:00:00Z,2026-09-08T23:00:00+0200,190.74,EUR/MWh,NL,NL,day_ahead_price,value,2026-09-12T14:42:42Z
2026-09-12T14:39:57Z,2026-09-12T16:39:57+0200,d3fd3cd4-2afd-42cf-bb71-b699186b37cf,2026-09-08T21:15:00Z,2026-09-08T23:15:00+0200,180.69,EUR/MWh,NL,NL,day_ahead_price,value,2026-09-12T14:42:42Z
2026-09-12T14:39:57Z,2026-09-12T16:39:57+0200,d3fd3cd4-2afd-42cf-bb71-b699186b37cf,2026-09-08T21:30:00Z,2026-09-08T23:30:00+0200,177.25,EUR/MWh,NL,NL,day_ahead_price,value,2026-09-12T14:42:42Z
2026-09-12T14:39:57Z,2026-09-12T16:39:57+0200,d3fd3cd4-2afd-42cf-bb71-b699186b37cf,2026-09-08T21:45:00Z,2026-09-08T23:45:00+0200,161.6,EUR/MWh,NL,NL,day_ahead_price,value,2026-09-12T14:42:42Z
2026-09-12T14:39:57Z,2026-09-12T16:39:57+0200,d3fd3cd4-2afd-42cf-bb71-b699186b37cf,2026-09-08T22:00:00Z,2026-09-09T00:00:00+0200,150.31,EUR/MWh,NL,NL,day_ahead_price,value,2026-09-12T14:42:42Z
2026-09-12T14:39:57Z,2026-09-12T16:39:57+0200,d3fd3cd4-2afd-42cf-bb71-b699186b37cf,2026-09-08T22:15:00Z,2026-09-09T00:15:00+0200,151.28,EUR/MWh,NL,NL,day_ahead_price,value,2026-09-12T14:42:42Z
2026-09-12T14:39:57Z,2026-09-12T16:39:57+0200,d3fd3cd4-2afd-42cf-bb71-b699186b37cf,2026-09-08T22:30:00Z,2026-09-09T00:30:00+0200,150.96,EUR/MWh,NL,NL,day_ahead_price,value,2026-09-12T14:42:42Z
2026-09-12T14:39:57Z,2026-09-12T16:39:57+0200,d3fd3cd4-2afd-42cf-bb71-b699186b37cf,2026-09-08T22:45:00Z,2026-09-09T00:45:00+0200,147.55,EUR/MWh,NL,NL,day_ahead_price,value,2026-09-12T14:42:42Z
2026-09-12T14:39:57Z,2026-09-12T16:39:57+0200,d3fd3cd4-2afd-42cf-bb71-b699186b37cf,2026-09-08T23:00:00Z,2026-09-09T01:00:00+0200,152.85,EUR/MWh,NL,NL,day_ahead_price,value,2026-09-12T14:42:42Z
2026-09-12T14:39:57Z,2026-09-12T16:39:57+0200,d3fd3cd4-2afd-42cf-bb71-b699186b37cf,2026-09-08T23:15:00Z,2026-09-09T01:15:00+0200,146.94,EUR/MWh,NL,NL,day_ahead_price,value,2026-09-12T14:42:42Z
2026-09-12T14:39:57Z,2026-09-12T16:39:57+0200,d3fd3cd4-2afd-42cf-bb71-b699186b37cf,2026-09-08T23:30:00Z,2026-09-09T01:30:00+0200,143.73,EUR/MWh,NL,NL,day_ahead_price,value,2026-09-12T14:42:42Z
2026-09-12T14:39:57Z,2026-09-12T16:39:57+0200,d3fd3cd4-2afd-42cf-bb71-b699186b37cf,2026-09-08T23:45:00Z,2026-09-09T01:45:00+0200,141.24,EUR/MWh,NL,NL,day_ahead_price,value,2026-09-12T14:42:42Z
2026-09-12T14:39:57Z,2026-09-12T16:39:57+0200,d3fd3cd4-2afd-42cf-bb71-b699186b37cf,2026-09-09T00:00:00Z,2026-09-09T02:00:00+0200,147.37,EUR/MWh,NL,NL,day_ahead_price,value,2026-09-12T14:42:42Z
2026-09-12T14:39:57Z,2026-09-12T16:39:57+0200,d3fd3cd4-2afd-42cf-bb71-b699186b37cf,2026-09-09T00:15:00Z,2026-09-09T02:15:00+0200,145.98,EUR/MWh,NL,NL,day_ahead_price,value,2026-09-12T14:42:42Z
2026-09-12T14:39:57Z,2026-09-12T16:39:57+0200,d3fd3cd4-2afd-42cf-bb71-b699186b37cf,2026-09-09T00:30:00Z,2026-09-09T02:30:00+0200,143.09,EUR/MWh,NL,NL,day_ahead_price,value,2026-09-12T14:42:42Z
2026-09-12T14:39:57Z,2026-09-12T16:39:57+0200,d3fd3cd4-2afd-42cf-bb71-b699186b37cf,2026-09-09T00:45:00Z,2026-09-09T02:45:00+0200,139.54,EUR/MWh,NL,NL,day_ahead_price,value,2026-09-12T14:42:42Z
2026-09-12T14:39:57Z,2026-09-12T16:39:57+0200,d3fd3cd4-2afd-42cf-bb71-b699186b37cf,2026-09-09T01:00:00Z,2026-09-09T03:00:00+0200,144.81,EUR/MWh,NL,NL,day_ahead_price,value,2026-09-12T14:42:42Z
2026-09-12T14:39:57Z,2026-09-12T16:39:57+0200,d3fd3cd4-2afd-42cf-bb71-b699186b37cf,2026-09-09T01:15:00Z,2026-09-09T03:15:00+0200,139.22,EUR/MWh,NL,NL,day_ahead_price,value,2026-09-12T14:42:42Z
2026-09-12T14:39:57Z,2026-09-12T16:39:57+0200,d3fd3cd4-2afd-42cf-bb71-b699186b37cf,2026-09-09T01:30:00Z,2026-09-09T03:30:00+0200,138.65,EUR/MWh,NL,NL,day_ahead_price,value,2026-09-12T14:42:42Z
2026-09-12T14:39:57Z,2026-09-12T16:39:57+0200,d3fd3cd4-2afd-42cf-bb71-b699186b37cf,2026-09-09T01:45:00Z,2026-09-09T03:45:00+0200,137.46,EUR/MWh,NL,NL,day_ahead_price,value,2026-09-12T14:42:42Z
2026-09-12T14:39:57Z,2026-09-12T16:39:57+0200,d3fd3cd4-2afd-42cf-bb71-b699186b37cf,2026-09-09T02:00:00Z,2026-09-09T04:00:00+0200,138.73,EUR/MWh,NL,NL,day_ahead_price,value,2026-09-12T14:42:42Z
2026-09-12T14:39:57Z,2026-09-12T16:39:57+0200,d3fd3cd4-2afd-42cf-bb71-b699186b37cf,2026-09-09T02:15:00Z,2026-09-09T04:15:00+0200,138.2,EUR/MWh,NL,NL,day_ahead_price,value,2026-09-12T14:42:42Z
2026-09-12T14:39:57Z,2026-09-12T16:39:57+0200,d3fd3cd4-2afd-42cf-bb71-b699186b37cf,2026-09-09T02:30:00Z,2026-09-09T04:30:00+0200,137.69,EUR/MWh,NL,NL,day_ahead_price,value,2026-09-12T14:42:42Z
2026-09-12T14:39:57Z,2026-09-12T16:39:57+0200,d3fd3cd4-2afd-42cf-bb71-b699186b37cf,2026-09-09T02:45:00Z,2026-09-09T04:45:00+0200,138.01,EUR/MWh,NL,NL,day_ahead_price,value,2026-09-12T14:42:42Z
2026-09-12T14:39:57Z,2026-09-12T16:39:57+0200,d3fd3cd4-2afd-42cf-bb71-b699186b37cf,2026-09-09T03:00:00Z,2026-09-09T05:00:00+0200,136.91,EUR/MWh,NL,NL,day_ahead_price,value,2026-09-12T14:42:42Z
2026-09-12T14:39:57Z,2026-09-12T16:39:57+0200,d3fd3cd4-2afd-42cf-bb71-b699186b37cf,2026-09-09T03:15:00Z,2026-09-09T05:15:00+0200,138.35,EUR/MWh,NL,NL,day_ahead_price,value,2026-09-12T14:42:42Z
2026-09-12T14:39:57Z,2026-09-12T16:39:57+0200,d3fd3cd4-2afd-42cf-bb71-b699186b37cf,2026-09-09T03:30:00Z,2026-09-09T05:30:00+0200,143.39,EUR/MWh,NL,NL,day_ahead_price,value,2026-09-12T14:42:42Z
2026-09-12T14:39:57Z,2026-09-12T16:39:57+0200,d3fd3cd4-2afd-42cf-bb71-b699186b37cf,2026-09-09T03:45:00Z,2026-09-09T05:45:00+0200,148.61,EUR/MWh,NL,NL,day_ahead_price,value,2026-09-12T14:42:42Z
2026-09-12T14:39:57Z,2026-09-12T16:39:57+0200,d3fd3cd4-2afd-42cf-bb71-b699186b37cf,2026-09-09T04:00:00Z,2026-09-09T06:00:00+0200,153.93,EUR/MWh,NL,NL,day_ahead_price,value,2026-09-12T14:42:42Z
2026-09-12T14:39:57Z,2026-09-12T16:39:57+0200,d3fd3cd4-2afd-42cf-bb71-b699186b37cf,2026-09-09T04:15:00Z,2026-09-09T06:15:00+0200,174.5,EUR/MWh,NL,NL,day_ahead_price,value,2026-09-12T14:42:42Z
2026-09-12T14:39:57Z,2026-09-12T16:39:57+0200,d3fd3cd4-2afd-42cf-bb71-b699186b37cf,2026-09-09T04:30:00Z,2026-09-09T06:30:00+0200,178.43,EUR/MWh,NL,NL,day_ahead_price,value,2026-09-12T14:42:42Z
2026-09-12T14:39:57Z,2026-09-12T16:39:57+0200,d3fd3cd4-2afd-42cf-bb71-b699186b37cf,2026-09-09T04:45:00Z,2026-09-09T06:45:00+0200,186.62,EUR/MWh,NL,NL,day_ahead_price,value,2026-09-12T14:42:42Z
2026-09-12T14:39:57Z,2026-09-12T16:39:57+0200,d3fd3cd4-2afd-42cf-bb71-b699186b37cf,2026-09-09T05:00:00Z,2026-09-09T07:00:00+0200,200.27,EUR/MWh,NL,NL,day_ahead_price,value,2026-09-12T14:42:42Z
2026-09-12T14:39:57Z,2026-09-12T16:39:57+0200,d3fd3cd4-2afd-42cf-bb71-b699186b37cf,2026-09-09T05:15:00Z,2026-09-09T07:15:00+0200,200.0,EUR/MWh,NL,NL,day_ahead_price,value,2026-09-12T14:42:42Z
2026-09-12T14:39:57Z,2026-09-12T16:39:57+0200,d3fd3cd4-2afd-42cf-bb71-b699186b37cf,2026-09-09T05:30:00Z,2026-09-09T07:30:00+0200,199.98,EUR/MWh,NL,NL,day_ahead_price,value,2026-09-12T14:42:42Z
2026-09-12T14:39:57Z,2026-09-12T16:39:57+0200,d3fd3cd4-2afd-42cf-bb71-b699186b37cf,2026-09-09T05:45:00Z,2026-09-09T07:45:00+0200,197.27,EUR/MWh,NL,NL,day_ahead_price,value,2026-09-12T14:42:42Z
2026-09-12T14:39:57Z,2026-09-12T16:39:57+0200,d3fd3cd4-2afd-42cf-bb71-b699186b37cf,2026-09-09T06:00:00Z,2026-09-09T08:00:00+0200,220.07,EUR/MWh,NL,NL,day_ahead_price,value,2026-09-12T14:42:42Z
2026-09-12T14:39:57Z,2026-09-12T16:39:57+0200,d3fd3cd4-2afd-42cf-bb71-b699186b37cf,2026-09-09T06:15:00Z,2026-09-09T08:15:00+0200,202.0,EUR/MWh,NL,NL,day_ahead_price,value,2026-09-12T14:42:42Z
2026-09-12T14:39:57Z,2026-09-12T16:39:57+0200,d3fd3cd4-2afd-42cf-bb71-b699186b37cf,2026-09-09T06:30:00Z,2026-09-09T08:30:00+0200,196.01,EUR/MWh,NL,NL,day_ahead_price,value,2026-09-12T14:42:42Z
2026-09-12T14:39:57Z,2026-09-12T16:39:57+0200,d3fd3cd4-2afd-42cf-bb71-b699186b37cf,2026-09-09T06:45:00Z,2026-09-09T08:45:00+0200,173.92,EUR/MWh,NL,NL,day_ahead_price,value,2026-09-12T14:42:42Z
2026-09-12T14:39:57Z,2026-09-12T16:39:57+0200,d3fd3cd4-2afd-42cf-bb71-b699186b37cf,2026-09-09T07:00:00Z,2026-09-09T09:00:00+0200,191.68,EUR/MWh,NL,NL,day_ahead_price,value,2026-09-12T14:42:42Z
2026-09-12T14:39:57Z,2026-09-12T16:39:57+0200,d3fd3cd4-2afd-42cf-bb71-b699186b37cf,2026-09-09T07:15:00Z,2026-09-09T09:15:00+0200,160.56,EUR/MWh,NL,NL,day_ahead_price,value,2026-09-12T14:42:42Z
2026-09-12T14:39:57Z,2026-09-12T16:39:57+0200,d3fd3cd4-2afd-42cf-bb71-b699186b37cf,2026-09-09T07:30:00Z,2026-09-09T09:30:00+0200,144.48,EUR/MWh,NL,NL,day_ahead_price,value,2026-09-12T14:42:42Z
2026-09-12T14:39:57Z,2026-09-12T16:39:57+0200,d3fd3cd4-2afd-42cf-bb71-b699186b37cf,2026-09-09T07:45:00Z,2026-09-09T09:45:00+0200,128.49,EUR/MWh,NL,NL,day_ahead_price,value,2026-09-12T14:42:42Z
2026-09-12T14:39:57Z,2026-09-12T16:39:57+0200,d3fd3cd4-2afd-42cf-bb71-b699186b37cf,2026-09-09T08:00:00Z,2026-09-09T10:00:00+0200,111.9,EUR/MWh,NL,NL,day_ahead_price,value,2026-09-12T14:42:42Z
2026-09-12T14:39:57Z,2026-09-12T16:39:57+0200,d3fd3cd4-2afd-42cf-bb71-b699186b37cf,2026-09-09T08:15:00Z,2026-09-09T10:15:00+0200,118.05,EUR/MWh,NL,NL,day_ahead_price,value,2026-09-12T14:42:42Z
2026-09-12T14:39:57Z,2026-09-12T16:39:57+0200,d3fd3cd4-2afd-42cf-bb71-b699186b37cf,2026-09-09T08:30:00Z,2026-09-09T10:30:00+0200,117.9,EUR/MWh,NL,NL,day_ahead_price,value,2026-09-12T14:42:42Z
2026-09-12T14:39:57Z,2026-09-12T16:39:57+0200,d3fd3cd4-2afd-42cf-bb71-b699186b37cf,2026-09-09T08:45:00Z,2026-09-09T10:45:00+0200,100.72,EUR/MWh,NL,NL,day_ahead_price,value,2026-09-12T14:42:42Z
2026-09-12T14:39:57Z,2026-09-12T16:39:57+0200,d3fd3cd4-2afd-42cf-bb71-b699186b37cf,2026-09-09T09:00:00Z,2026-09-09T11:00:00+0200,112.96,EUR/MWh,NL,NL,day_ahead_price,value,2026-09-12T14:42:42Z
2026-09-12T14:39:57Z,2026-09-12T16:39:57+0200,d3fd3cd4-2afd-42cf-bb71-b699186b37cf,2026-09-09T09:15:00Z,2026-09-09T11:15:00+0200,105.03,EUR/MWh,NL,NL,day_ahead_price,value,2026-09-12T14:42:42Z
2026-09-12T14:39:57Z,2026-09-12T16:39:57+0200,d3fd3cd4-2afd-42cf-bb71-b699186b37cf,2026-09-09T09:30:00Z,2026-09-09T11:30:00+0200,90.73,EUR/MWh,NL,NL,day_ahead_price,value,2026-09-12T14:42:42Z
2026-09-12T14:39:57Z,2026-09-12T16:39:57+0200,d3fd3cd4-2afd-42cf-bb71-b699186b37cf,2026-09-09T09:45:00Z,2026-09-09T11:45:00+0200,79.74,EUR/MWh,NL,NL,day_ahead_price,value,2026-09-12T14:42:42Z
2026-09-12T14:39:57Z,2026-09-12T16:39:57+0200,d3fd3cd4-2afd-42cf-bb71-b699186b37cf,2026-09-09T10:00:00Z,2026-09-09T12:00:00+0200,106.59,EUR/MWh,NL,NL,day_ahead_price,value,2026-09-12T14:42:42Z
2026-09-12T14:39:57Z,2026-09-12T16:39:57+0200,d3fd3cd4-2afd-42cf-bb71-b699186b37cf,2026-09-09T10:15:00Z,2026-09-09T12:15:00+0200,86.59,EUR/MWh,NL,NL,day_ahead_price,value,2026-09-12T14:42:42Z
2026-09-12T14:39:57Z,2026-09-12T16:39:57+0200,d3fd3cd4-2afd-42cf-bb71-b699186b37cf,2026-09-09T10:30:00Z,2026-09-09T12:30:00+0200,82.33,EUR/MWh,NL,NL,day_ahead_price,value,2026-09-12T14:42:42Z
2026-09-12T14:39:57Z,2026-09-12T16:39:57+0200,d3fd3cd4-2afd-42cf-bb71-b699186b37cf,2026-09-09T10:45:00Z,2026-09-09T12:45:00+0200,70.53,EUR/MWh,NL,NL,day_ahead_price,value,2026-09-12T14:42:42Z
2026-09-12T14:39:57Z,2026-09-12T16:39:57+0200,d3fd3cd4-2afd-42cf-bb71-b699186b37cf,2026-09-09T11:00:00Z,2026-09-09T13:00:00+0200,79.79,EUR/MWh,NL,NL,day_ahead_price,value,2026-09-12T14:42:42Z
2026-09-12T14:39:57Z,2026-09-12T16:39:57+0200,d3fd3cd4-2afd-42cf-bb71-b699186b37cf,2026-09-09T11:15:00Z,2026-09-09T13:15:00+0200,70.14,EUR/MWh,NL,NL,day_ahead_price,value,2026-09-12T14:42:42Z
2026-09-12T14:39:57Z,2026-09-12T16:39:57+0200,d3fd3cd4-2afd-42cf-bb71-b699186b37cf,2026-09-09T11:30:00Z,2026-09-09T13:30:00+0200,61.75,EUR/MWh,NL,NL,day_ahead_price,value,2026-09-12T14:42:42Z
2026-09-12T14:39:57Z,2026-09-12T16:39:57+0200,d3fd3cd4-2afd-42cf-bb71-b699186b37cf,2026-09-09T11:45:00Z,2026-09-09T13:45:00+0200,56.31,EUR/MWh,NL,NL,day_ahead_price,value,2026-09-12T14:42:42Z
2026-09-12T14:39:57Z,2026-09-12T16:39:57+0200,d3fd3cd4-2afd-42cf-bb71-b699186b37cf,2026-09-09T12:00:00Z,2026-09-09T14:00:00+0200,60.76,EUR/MWh,NL,NL,day_ahead_price,value,2026-09-12T14:42:42Z
2026-09-12T14:39:57Z,2026-09-12T16:39:57+0200,d3fd3cd4-2afd-42cf-bb71-b699186b37cf,2026-09-09T12:15:00Z,2026-09-09T14:15:00+0200,62.18,EUR/MWh,NL,NL,day_ahead_price,value,2026-09-12T14:42:42Z
2026-09-12T14:39:57Z,2026-09-12T16:39:57+0200,d3fd3cd4-2afd-42cf-bb71-b699186b37cf,2026-09-09T12:30:00Z,2026-09-09T14:30:00+0200,56.79,EUR/MWh,NL,NL,day_ahead_price,value,2026-09-12T14:42:42Z
2026-09-12T14:39:57Z,2026-09-12T16:39:57+0200,d3fd3cd4-2afd-42cf-bb71-b699186b37cf,2026-09-09T12:45:00Z,2026-09-09T14:45:00+0200,58.59,EUR/MWh,NL,NL,day_ahead_price,value,2026-09-12T14:42:42Z
2026-09-12T14:39:57Z,2026-09-12T16:39:57+0200,d3fd3cd4-2afd-42cf-bb71-b699186b37cf,2026-09-09T13:00:00Z,2026-09-09T15:00:00+0200,58.61,EUR/MWh,NL,NL,day_ahead_price,value,2026-09-12T14:42:42Z
2026-09-12T14:39:57Z,2026-09-12T16:39:57+0200,d3fd3cd4-2afd-42cf-bb71-b699186b37cf,2026-09-09T13:15:00Z,2026-09-09T15:15:00+0200,61.02,EUR/MWh,NL,NL,day_ahead_price,value,2026-09-12T14:42:42Z
2026-09-12T14:39:57Z,2026-09-12T16:39:57+0200,d3fd3cd4-2afd-42cf-bb71-b699186b37cf,2026-09-09T13:30:00Z,2026-09-09T15:30:00+0200,61.66,EUR/MWh,NL,NL,day_ahead_price,value,2026-09-12T14:42:42Z
2026-09-12T14:39:57Z,2026-09-12T16:39:57+0200,d3fd3cd4-2afd-42cf-bb71-b699186b37cf,2026-09-09T13:45:00Z,2026-09-09T15:45:00+0200,54.99,EUR/MWh,NL,NL,day_ahead_price,value,2026-09-12T14:42:42Z
2026-09-12T14:39:57Z,2026-09-12T16:39:57+0200,d3fd3cd4-2afd-42cf-bb71-b699186b37cf,2026-09-09T14:00:00Z,2026-09-09T16:00:00+0200,62.67,EUR/MWh,NL,NL,day_ahead_price,value,2026-09-12T14:42:42Z
2026-09-12T14:39:57Z,2026-09-12T16:39:57+0200,d3fd3cd4-2afd-42cf-bb71-b699186b37cf,2026-09-09T14:15:00Z,2026-09-09T16:15:00+0200,68.8,EUR/MWh,NL,NL,day_ahead_price,value,2026-09-12T14:42:42Z
2026-09-12T14:39:57Z,2026-09-12T16:39:57+0200,d3fd3cd4-2afd-42cf-bb71-b699186b37cf,2026-09-09T14:30:00Z,2026-09-09T16:30:00+0200,106.52,EUR/MWh,NL,NL,day_ahead_price,value,2026-09-12T14:42:42Z
2026-09-12T14:39:57Z,2026-09-12T16:39:57+0200,d3fd3cd4-2afd-42cf-bb71-b699186b37cf,2026-09-09T14:45:00Z,2026-09-09T16:45:00+0200,114.68,EUR/MWh,NL,NL,day_ahead_price,value,2026-09-12T14:42:42Z
2026-09-12T14:39:57Z,2026-09-12T16:39:57+0200,d3fd3cd4-2afd-42cf-bb71-b699186b37cf,2026-09-09T15:00:00Z,2026-09-09T17:00:00+0200,92.76,EUR/MWh,NL,NL,day_ahead_price,value,2026-09-12T14:42:42Z
2026-09-12T14:39:57Z,2026-09-12T16:39:57+0200,d3fd3cd4-2afd-42cf-bb71-b699186b37cf,2026-09-09T15:15:00Z,2026-09-09T17:15:00+0200,122.25,EUR/MWh,NL,NL,day_ahead_price,value,2026-09-12T14:42:42Z
2026-09-12T14:39:57Z,2026-09-12T16:39:57+0200,d3fd3cd4-2afd-42cf-bb71-b699186b37cf,2026-09-09T15:30:00Z,2026-09-09T17:30:00+0200,132.71,EUR/MWh,NL,NL,day_ahead_price,value,2026-09-12T14:42:42Z
2026-09-12T14:39:57Z,2026-09-12T16:39:57+0200,d3fd3cd4-2afd-42cf-bb71-b699186b37cf,2026-09-09T15:45:00Z,2026-09-09T17:45:00+0200,147.55,EUR/MWh,NL,NL,day_ahead_price,value,2026-09-12T14:42:42Z
2026-09-12T14:39:57Z,2026-09-12T16:39:57+0200,d3fd3cd4-2afd-42cf-bb71-b699186b37cf,2026-09-09T16:00:00Z,2026-09-09T18:00:00+0200,139.38,EUR/MWh,NL,NL,day_ahead_price,value,2026-09-12T14:42:42Z
2026-09-12T14:39:57Z,2026-09-12T16:39:57+0200,d3fd3cd4-2afd-42cf-bb71-b699186b37cf,2026-09-09T16:15:00Z,2026-09-09T18:15:00+0200,170.0,EUR/MWh,NL,NL,day_ahead_price,value,2026-09-12T14:42:42Z
2026-09-12T14:39:57Z,2026-09-12T16:39:57+0200,d3fd3cd4-2afd-42cf-bb71-b699186b37cf,2026-09-09T16:30:00Z,2026-09-09T18:30:00+0200,193.23,EUR/MWh,NL,NL,day_ahead_price,value,2026-09-12T14:42:42Z
2026-09-12T14:39:57Z,2026-09-12T16:39:57+0200,d3fd3cd4-2afd-42cf-bb71-b699186b37cf,2026-09-09T16:45:00Z,2026-09-09T18:45:00+0200,208.48,EUR/MWh,NL,NL,day_ahead_price,value,2026-09-12T14:42:42Z
2026-09-12T14:39:57Z,2026-09-12T16:39:57+0200,d3fd3cd4-2afd-42cf-bb71-b699186b37cf,2026-09-09T17:00:00Z,2026-09-09T19:00:00+0200,200.0,EUR/MWh,NL,NL,day_ahead_price,value,2026-09-12T14:42:42Z
2026-09-12T14:39:57Z,2026-09-12T16:39:57+0200,d3fd3cd4-2afd-42cf-bb71-b699186b37cf,2026-09-09T17:15:00Z,2026-09-09T19:15:00+0200,200.1,EUR/MWh,NL,NL,day_ahead_price,value,2026-09-12T14:42:42Z
2026-09-12T14:39:57Z,2026-09-12T16:39:57+0200,d3fd3cd4-2afd-42cf-bb71-b699186b37cf,2026-09-09T17:30:00Z,2026-09-09T19:30:00+0200,202.2,EUR/MWh,NL,NL,day_ahead_price,value,2026-09-12T14:42:42Z
2026-09-12T14:39:57Z,2026-09-12T16:39:57+0200,d3fd3cd4-2afd-42cf-bb71-b699186b37cf,2026-09-09T17:45:00Z,2026-09-09T19:45:00+0200,206.64,EUR/MWh,NL,NL,day_ahead_price,value,2026-09-12T14:42:42Z
2026-09-12T14:39:57Z,2026-09-12T16:39:57+0200,d3fd3cd4-2afd-42cf-bb71-b699186b37cf,2026-09-09T18:00:00Z,2026-09-09T20:00:00+0200,208.43,EUR/MWh,NL,NL,day_ahead_price,value,2026-09-12T14:42:42Z
2026-09-12T14:39:57Z,2026-09-12T16:39:57+0200,d3fd3cd4-2afd-42cf-bb71-b699186b37cf,2026-09-09T18:15:00Z,2026-09-09T20:15:00+0200,206.02,EUR/MWh,NL,NL,day_ahead_price,value,2026-09-12T14:42:42Z
2026-09-12T14:39:57Z,2026-09-12T16:39:57+0200,d3fd3cd4-2afd-42cf-bb71-b699186b37cf,2026-09-09T18:30:00Z,2026-09-09T20:30:00+0200,207.05,EUR/MWh,NL,NL,day_ahead_price,value,2026-09-12T14:42:42Z
2026-09-12T14:39:57Z,2026-09-12T16:39:57+0200,d3fd3cd4-2afd-42cf-bb71-b699186b37cf,2026-09-09T18:45:00Z,2026-09-09T20:45:00+0200,208.91,EUR/MWh,NL,NL,day_ahead_price,value,2026-09-12T14:42:42Z
2026-09-12T14:39:57Z,2026-09-12T16:39:57+0200,d3fd3cd4-2afd-42cf-bb71-b699186b37cf,2026-09-09T19:00:00Z,2026-09-09T21:00:00+0200,210.15,EUR/MWh,NL,NL,day_ahead_price,value,2026-09-12T14:42:42Z
2026-09-12T14:39:57Z,2026-09-12T16:39:57+0200,d3fd3cd4-2afd-42cf-bb71-b699186b37cf,2026-09-09T19:15:00Z,2026-09-09T21:15:00+0200,202.72,EUR/MWh,NL,NL,day_ahead_price,value,2026-09-12T14:42:42Z
2026-09-12T14:39:57Z,2026-09-12T16:39:57+0200,d3fd3cd4-2afd-42cf-bb71-b699186b37cf,2026-09-09T19:30:00Z,2026-09-09T21:30:00+0200,200.64,EUR/MWh,NL,NL,day_ahead_price,value,2026-09-12T14:42:42Z
2026-09-12T14:39:57Z,2026-09-12T16:39:57+0200,d3fd3cd4-2afd-42cf-bb71-b699186b37cf,2026-09-09T19:45:00Z,2026-09-09T21:45:00+0200,191.56,EUR/MWh,NL,NL,day_ahead_price,value,2026-09-12T14:42:42Z
2026-09-12T14:39:57Z,2026-09-12T16:39:57+0200,d3fd3cd4-2afd-42cf-bb71-b699186b37cf,2026-09-09T20:00:00Z,2026-09-09T22:00:00+0200,194.89,EUR/MWh,NL,NL,day_ahead_price,value,2026-09-12T14:42:42Z
2026-09-12T14:39:57Z,2026-09-12T16:39:57+0200,d3fd3cd4-2afd-42cf-bb71-b699186b37cf,2026-09-09T20:15:00Z,2026-09-09T22:15:00+0200,203.14,EUR/MWh,NL,NL,day_ahead_price,value,2026-09-12T14:42:42Z
2026-09-12T14:39:57Z,2026-09-12T16:39:57+0200,d3fd3cd4-2afd-42cf-bb71-b699186b37cf,2026-09-09T20:30:00Z,2026-09-09T22:30:00+0200,205.48,EUR/MWh,NL,NL,day_ahead_price,value,2026-09-12T14:42:42Z
2026-09-12T14:39:57Z,2026-09-12T16:39:57+0200,d3fd3cd4-2afd-42cf-bb71-b699186b37cf,2026-09-09T20:45:00Z,2026-09-09T22:45:00+0200,203.66,EUR/MWh,NL,NL,day_ahead_price,value,2026-09-12T14:42:42Z
2026-09-12T14:39:57Z,2026-09-12T16:39:57+0200,d3fd3cd4-2afd-42cf-bb71-b699186b37cf,2026-09-09T21:00:00Z,2026-09-09T23:00:00+0200,187.94,EUR/MWh,NL,NL,day_ahead_price,value,2026-09-12T14:42:42Z
2026-09-12T14:39:57Z,2026-09-12T16:39:57+0200,d3fd3cd4-2afd-42cf-bb71-b699186b37cf,2026-09-09T21:15:00Z,2026-09-09T23:15:00+0200,188.0,EUR/MWh,NL,NL,day_ahead_price,value,2026-09-12T14:42:42Z
2026-09-12T14:39:57Z,2026-09-12T16:39:57+0200,d3fd3cd4-2afd-42cf-bb71-b699186b37cf,2026-09-09T21:30:00Z,2026-09-09T23:30:00+0200,183.37,EUR/MWh,NL,NL,day_ahead_price,value,2026-09-12T14:42:42Z
2026-09-12T14:39:57Z,2026-09-12T16:39:57+0200,d3fd3cd4-2afd-42cf-bb71-b699186b37cf,2026-09-09T21:45:00Z,2026-09-09T23:45:00+0200,170.1,EUR/MWh,NL,NL,day_ahead_price,value,2026-09-12T14:42:42Z
2026-09-12T14:39:57Z,2026-09-12T16:39:57+0200,d3fd3cd4-2afd-42cf-bb71-b699186b37cf,2026-09-09T22:00:00Z,2026-09-10T00:00:00+0200,182.32,EUR/MWh,NL,NL,day_ahead_price,value,2026-09-12T14:42:42Z
2026-09-12T14:39:57Z,2026-09-12T16:39:57+0200,d3fd3cd4-2afd-42cf-bb71-b699186b37cf,2026-09-09T22:15:00Z,2026-09-10T00:15:00+0200,172.36,EUR/MWh,NL,NL,day_ahead_price,value,2026-09-12T14:42:42Z
2026-09-12T14:39:57Z,2026-09-12T16:39:57+0200,d3fd3cd4-2afd-42cf-bb71-b699186b37cf,2026-09-09T22:30:00Z,2026-09-10T00:30:00+0200,167.74,EUR/MWh,NL,NL,day_ahead_price,value,2026-09-12T14:42:42Z
2026-09-12T14:39:57Z,2026-09-12T16:39:57+0200,d3fd3cd4-2afd-42cf-bb71-b699186b37cf,2026-09-09T22:45:00Z,2026-09-10T00:45:00+0200,163.82,EUR/MWh,NL,NL,day_ahead_price,value,2026-09-12T14:42:42Z
2026-09-12T14:39:57Z,2026-09-12T16:39:57+0200,d3fd3cd4-2afd-42cf-bb71-b699186b37cf,2026-09-09T23:00:00Z,2026-09-10T01:00:00+0200,169.81,EUR/MWh,NL,NL,day_ahead_price,value,2026-09-12T14:42:42Z
2026-09-12T14:39:57Z,2026-09-12T16:39:57+0200,d3fd3cd4-2afd-42cf-bb71-b699186b37cf,2026-09-09T23:15:00Z,2026-09-10T01:15:00+0200,168.66,EUR/MWh,NL,NL,day_ahead_price,value,2026-09-12T14:42:42Z
2026-09-12T14:39:57Z,2026-09-12T16:39:57+0200,d3fd3cd4-2afd-42cf-bb71-b699186b37cf,2026-09-09T23:30:00Z,2026-09-10T01:30:00+0200,166.61,EUR/MWh,NL,NL,day_ahead_price,value,2026-09-12T14:42:42Z
2026-09-12T14:39:57Z,2026-09-12T16:39:57+0200,d3fd3cd4-2afd-42cf-bb71-b699186b37cf,2026-09-09T23:45:00Z,2026-09-10T01:45:00+0200,164.81,EUR/MWh,NL,NL,day_ahead_price,value,2026-09-12T14:42:42Z
2026-09-12T14:39:57Z,2026-09-12T16:39:57+0200,d3fd3cd4-2afd-42cf-bb71-b699186b37cf,2026-09-10T00:00:00Z,2026-09-10T02:00:00+0200,166.64,EUR/MWh,NL,NL,day_ahead_price,value,2026-09-12T14:42:42Z
2026-09-12T14:39:57Z,2026-09-12T16:39:57+0200,d3fd3cd4-2afd-42cf-bb71-b699186b37cf,2026-09-10T00:15:00Z,2026-09-10T02:15:00+0200,164.83,EUR/MWh,NL,NL,day_ahead_price,value,2026-09-12T14:42:42Z
2026-09-12T14:39:57Z,2026-09-12T16:39:57+0200,d3fd3cd4-2afd-42cf-bb71-b699186b37cf,2026-09-10T00:30:00Z,2026-09-10T02:30:00+0200,166.15,EUR/MWh,NL,NL,day_ahead_price,value,2026-09-12T14:42:42Z
2026-09-12T14:39:57Z,2026-09-12T16:39:57+0200,d3fd3cd4-2afd-42cf-bb71-b699186b37cf,2026-09-10T00:45:00Z,2026-09-10T02:45:00+0200,164.56,EUR/MWh,NL,NL,day_ahead_price,value,2026-09-12T14:42:42Z
2026-09-12T14:39:57Z,2026-09-12T16:39:57+0200,d3fd3cd4-2afd-42cf-bb71-b699186b37cf,2026-09-10T01:00:00Z,2026-09-10T03:00:00+0200,166.0,EUR/MWh,NL,NL,day_ahead_price,value,2026-09-12T14:42:42Z
2026-09-12T14:39:57Z,2026-09-12T16:39:57+0200,d3fd3cd4-2afd-42cf-bb71-b699186b37cf,2026-09-10T01:15:00Z,2026-09-10T03:15:00+0200,166.09,EUR/MWh,NL,NL,day_ahead_price,value,2026-09-12T14:42:42Z
2026-09-12T14:39:57Z,2026-09-12T16:39:57+0200,d3fd3cd4-2afd-42cf-bb71-b699186b37cf,2026-09-10T01:30:00Z,2026-09-10T03:30:00+0200,162.28,EUR/MWh,NL,NL,day_ahead_price,value,2026-09-12T14:42:42Z
2026-09-12T14:39:57Z,2026-09-12T16:39:57+0200,d3fd3cd4-2afd-42cf-bb71-b699186b37cf,2026-09-10T01:45:00Z,2026-09-10T03:45:00+0200,165.67,EUR/MWh,NL,NL,day_ahead_price,value,2026-09-12T14:42:42Z
2026-09-12T14:39:57Z,2026-09-12T16:39:57+0200,d3fd3cd4-2afd-42cf-bb71-b699186b37cf,2026-09-10T02:00:00Z,2026-09-10T04:00:00+0200,163.29,EUR/MWh,NL,NL,day_ahead_price,value,2026-09-12T14:42:42Z
2026-09-12T14:39:57Z,2026-09-12T16:39:57+0200,d3fd3cd4-2afd-42cf-bb71-b699186b37cf,2026-09-10T02:15:00Z,2026-09-10T04:15:00+0200,165.99,EUR/MWh,NL,NL,day_ahead_price,value,2026-09-12T14:42:42Z
2026-09-12T14:39:57Z,2026-09-12T16:39:57+0200,d3fd3cd4-2afd-42cf-bb71-b699186b37cf,2026-09-10T02:30:00Z,2026-09-10T04:30:00+0200,171.42,EUR/MWh,NL,NL,day_ahead_price,value,2026-09-12T14:42:42Z
2026-09-12T14:39:57Z,2026-09-12T16:39:57+0200,d3fd3cd4-2afd-42cf-bb71-b699186b37cf,2026-09-10T02:45:00Z,2026-09-10T04:45:00+0200,178.9,EUR/MWh,NL,NL,day_ahead_price,value,2026-09-12T14:42:42Z
2026-09-12T14:39:57Z,2026-09-12T16:39:57+0200,d3fd3cd4-2afd-42cf-bb71-b699186b37cf,2026-09-10T03:00:00Z,2026-09-10T05:00:00+0200,170.26,EUR/MWh,NL,NL,day_ahead_price,value,2026-09-12T14:42:42Z
2026-09-12T14:39:57Z,2026-09-12T16:39:57+0200,d3fd3cd4-2afd-42cf-bb71-b699186b37cf,2026-09-10T03:15:00Z,2026-09-10T05:15:00+0200,177.27,EUR/MWh,NL,NL,day_ahead_price,value,2026-09-12T14:42:42Z
2026-09-12T14:39:57Z,2026-09-12T16:39:57+0200,d3fd3cd4-2afd-42cf-bb71-b699186b37cf,2026-09-10T03:30:00Z,2026-09-10T05:30:00+0200,187.56,EUR/MWh,NL,NL,day_ahead_price,value,2026-09-12T14:42:42Z
2026-09-12T14:39:57Z,2026-09-12T16:39:57+0200,d3fd3cd4-2afd-42cf-bb71-b699186b37cf,2026-09-10T03:45:00Z,2026-09-10T05:45:00+0200,201.01,EUR/MWh,NL,NL,day_ahead_price,value,2026-09-12T14:42:42Z
2026-09-12T14:39:57Z,2026-09-12T16:39:57+0200,d3fd3cd4-2afd-42cf-bb71-b699186b37cf,2026-09-10T04:00:00Z,2026-09-10T06:00:00+0200,192.89,EUR/MWh,NL,NL,day_ahead_price,value,2026-09-12T14:42:42Z
2026-09-12T14:39:57Z,2026-09-12T16:39:57+0200,d3fd3cd4-2afd-42cf-bb71-b699186b37cf,2026-09-10T04:15:00Z,2026-09-10T06:15:00+0200,206.9,EUR/MWh,NL,NL,day_ahead_price,value,2026-09-12T14:42:42Z
2026-09-12T14:39:57Z,2026-09-12T16:39:57+0200,d3fd3cd4-2afd-42cf-bb71-b699186b37cf,2026-09-10T04:30:00Z,2026-09-10T06:30:00+0200,218.27,EUR/MWh,NL,NL,day_ahead_price,value,2026-09-12T14:42:42Z
2026-09-12T14:39:57Z,2026-09-12T16:39:57+0200,d3fd3cd4-2afd-42cf-bb71-b699186b37cf,2026-09-10T04:45:00Z,2026-09-10T06:45:00+0200,226.77,EUR/MWh,NL,NL,day_ahead_price,value,2026-09-12T14:42:42Z
2026-09-12T14:39:57Z,2026-09-12T16:39:57+0200,d3fd3cd4-2afd-42cf-bb71-b699186b37cf,2026-09-10T05:00:00Z,2026-09-10T07:00:00+0200,226.96,EUR/MWh,NL,NL,day_ahead_price,value,2026-09-12T14:42:42Z
2026-09-12T14:39:57Z,2026-09-12T16:39:57+0200,d3fd3cd4-2afd-42cf-bb71-b699186b37cf,2026-09-10T05:15:00Z,2026-09-10T07:15:00+0200,234.02,EUR/MWh,NL,NL,day_ahead_price,value,2026-09-12T14:42:42Z
2026-09-12T14:39:57Z,2026-09-12T16:39:57+0200,d3fd3cd4-2afd-42cf-bb71-b699186b37cf,2026-09-10T05:30:00Z,2026-09-10T07:30:00+0200,236.99,EUR/MWh,NL,NL,day_ahead_price,value,2026-09-12T14:42:42Z
2026-09-12T14:39:57Z,2026-09-12T16:39:57+0200,d3fd3cd4-2afd-42cf-bb71-b699186b37cf,2026-09-10T05:45:00Z,2026-09-10T07:45:00+0200,229.94,EUR/MWh,NL,NL,day_ahead_price,value,2026-09-12T14:42:42Z
2026-09-12T14:39:57Z,2026-09-12T16:39:57+0200,d3fd3cd4-2afd-42cf-bb71-b699186b37cf,2026-09-10T06:00:00Z,2026-09-10T08:00:00+0200,248.93,EUR/MWh,NL,NL,day_ahead_price,value,2026-09-12T14:42:42Z
2026-09-12T14:39:57Z,2026-09-12T16:39:57+0200,d3fd3cd4-2afd-42cf-bb71-b699186b37cf,2026-09-10T06:15:00Z,2026-09-10T08:15:00+0200,227.5,EUR/MWh,NL,NL,day_ahead_price,value,2026-09-12T14:42:42Z
2026-09-12T14:39:57Z,2026-09-12T16:39:57+0200,d3fd3cd4-2afd-42cf-bb71-b699186b37cf,2026-09-10T06:30:00Z,2026-09-10T08:30:00+0200,216.08,EUR/MWh,NL,NL,day_ahead_price,value,2026-09-12T14:42:42Z
2026-09-12T14:39:57Z,2026-09-12T16:39:57+0200,d3fd3cd4-2afd-42cf-bb71-b699186b37cf,2026-09-10T06:45:00Z,2026-09-10T08:45:00+0200,195.67,EUR/MWh,NL,NL,day_ahead_price,value,2026-09-12T14:42:42Z
2026-09-12T14:39:57Z,2026-09-12T16:39:57+0200,d3fd3cd4-2afd-42cf-bb71-b699186b37cf,2026-09-10T07:00:00Z,2026-09-10T09:00:00+0200,215.99,EUR/MWh,NL,NL,day_ahead_price,value,2026-09-12T14:42:42Z
2026-09-12T14:39:57Z,2026-09-12T16:39:57+0200,d3fd3cd4-2afd-42cf-bb71-b699186b37cf,2026-09-10T07:15:00Z,2026-09-10T09:15:00+0200,195.01,EUR/MWh,NL,NL,day_ahead_price,value,2026-09-12T14:42:42Z
2026-09-12T14:39:57Z,2026-09-12T16:39:57+0200,d3fd3cd4-2afd-42cf-bb71-b699186b37cf,2026-09-10T07:30:00Z,2026-09-10T09:30:00+0200,174.5,EUR/MWh,NL,NL,day_ahead_price,value,2026-09-12T14:42:42Z
2026-09-12T14:39:57Z,2026-09-12T16:39:57+0200,d3fd3cd4-2afd-42cf-bb71-b699186b37cf,2026-09-10T07:45:00Z,2026-09-10T09:45:00+0200,155.09,EUR/MWh,NL,NL,day_ahead_price,value,2026-09-12T14:42:42Z
2026-09-12T14:39:57Z,2026-09-12T16:39:57+0200,d3fd3cd4-2afd-42cf-bb71-b699186b37cf,2026-09-10T08:00:00Z,2026-09-10T10:00:00+0200,174.91,EUR/MWh,NL,NL,day_ahead_price,value,2026-09-12T14:42:42Z
2026-09-12T14:39:57Z,2026-09-12T16:39:57+0200,d3fd3cd4-2afd-42cf-bb71-b699186b37cf,2026-09-10T08:15:00Z,2026-09-10T10:15:00+0200,152.06,EUR/MWh,NL,NL,day_ahead_price,value,2026-09-12T14:42:42Z
2026-09-12T14:39:57Z,2026-09-12T16:39:57+0200,d3fd3cd4-2afd-42cf-bb71-b699186b37cf,2026-09-10T08:30:00Z,2026-09-10T10:30:00+0200,138.56,EUR/MWh,NL,NL,day_ahead_price,value,2026-09-12T14:42:42Z
2026-09-12T14:39:57Z,2026-09-12T16:39:57+0200,d3fd3cd4-2afd-42cf-bb71-b699186b37cf,2026-09-10T08:45:00Z,2026-09-10T10:45:00+0200,123.12,EUR/MWh,NL,NL,day_ahead_price,value,2026-09-12T14:42:42Z
2026-09-12T14:39:57Z,2026-09-12T16:39:57+0200,d3fd3cd4-2afd-42cf-bb71-b699186b37cf,2026-09-10T09:00:00Z,2026-09-10T11:00:00+0200,138.95,EUR/MWh,NL,NL,day_ahead_price,value,2026-09-12T14:42:42Z
2026-09-12T14:39:57Z,2026-09-12T16:39:57+0200,d3fd3cd4-2afd-42cf-bb71-b699186b37cf,2026-09-10T09:15:00Z,2026-09-10T11:15:00+0200,121.9,EUR/MWh,NL,NL,day_ahead_price,value,2026-09-12T14:42:42Z
2026-09-12T14:39:57Z,2026-09-12T16:39:57+0200,d3fd3cd4-2afd-42cf-bb71-b699186b37cf,2026-09-10T09:30:00Z,2026-09-10T11:30:00+0200,109.35,EUR/MWh,NL,NL,day_ahead_price,value,2026-09-12T14:42:42Z
2026-09-12T14:39:57Z,2026-09-12T16:39:57+0200,d3fd3cd4-2afd-42cf-bb71-b699186b37cf,2026-09-10T09:45:00Z,2026-09-10T11:45:00+0200,87.14,EUR/MWh,NL,NL,day_ahead_price,value,2026-09-12T14:42:42Z
2026-09-12T14:39:57Z,2026-09-12T16:39:57+0200,d3fd3cd4-2afd-42cf-bb71-b699186b37cf,2026-09-10T10:00:00Z,2026-09-10T12:00:00+0200,98.29,EUR/MWh,NL,NL,day_ahead_price,value,2026-09-12T14:42:42Z
2026-09-12T14:39:57Z,2026-09-12T16:39:57+0200,d3fd3cd4-2afd-42cf-bb71-b699186b37cf,2026-09-10T10:15:00Z,2026-09-10T12:15:00+0200,89.4,EUR/MWh,NL,NL,day_ahead_price,value,2026-09-12T14:42:42Z
2026-09-12T14:39:57Z,2026-09-12T16:39:57+0200,d3fd3cd4-2afd-42cf-bb71-b699186b37cf,2026-09-10T10:30:00Z,2026-09-10T12:30:00+0200,87.56,EUR/MWh,NL,NL,day_ahead_price,value,2026-09-12T14:42:42Z
2026-09-12T14:39:57Z,2026-09-12T16:39:57+0200,d3fd3cd4-2afd-42cf-bb71-b699186b37cf,2026-09-10T10:45:00Z,2026-09-10T12:45:00+0200,98.64,EUR/MWh,NL,NL,day_ahead_price,value,2026-09-12T14:42:42Z
2026-09-12T14:39:57Z,2026-09-12T16:39:57+0200,d3fd3cd4-2afd-42cf-bb71-b699186b37cf,2026-09-10T11:00:00Z,2026-09-10T13:00:00+0200,98.8,EUR/MWh,NL,NL,day_ahead_price,value,2026-09-12T14:42:42Z
2026-09-12T14:39:57Z,2026-09-12T16:39:57+0200,d3fd3cd4-2afd-42cf-bb71-b699186b37cf,2026-09-10T11:15:00Z,2026-09-10T13:15:00+0200,104.26,EUR/MWh,NL,NL,day_ahead_price,value,2026-09-12T14:42:42Z
2026-09-12T14:39:57Z,2026-09-12T16:39:57+0200,d3fd3cd4-2afd-42cf-bb71-b699186b37cf,2026-09-10T11:30:00Z,2026-09-10T13:30:00+0200,106.61,EUR/MWh,NL,NL,day_ahead_price,value,2026-09-12T14:42:42Z
2026-09-12T14:39:57Z,2026-09-12T16:39:57+0200,d3fd3cd4-2afd-42cf-bb71-b699186b37cf,2026-09-10T11:45:00Z,2026-09-10T13:45:00+0200,104.78,EUR/MWh,NL,NL,day_ahead_price,value,2026-09-12T14:42:42Z
2026-09-12T14:39:57Z,2026-09-12T16:39:57+0200,d3fd3cd4-2afd-42cf-bb71-b699186b37cf,2026-09-10T12:00:00Z,2026-09-10T14:00:00+0200,95.24,EUR/MWh,NL,NL,day_ahead_price,value,2026-09-12T14:42:42Z
2026-09-12T14:39:57Z,2026-09-12T16:39:57+0200,d3fd3cd4-2afd-42cf-bb71-b699186b37cf,2026-09-10T12:15:00Z,2026-09-10T14:15:00+0200,108.5,EUR/MWh,NL,NL,day_ahead_price,value,2026-09-12T14:42:42Z
2026-09-12T14:39:57Z,2026-09-12T16:39:57+0200,d3fd3cd4-2afd-42cf-bb71-b699186b37cf,2026-09-10T12:30:00Z,2026-09-10T14:30:00+0200,112.14,EUR/MWh,NL,NL,day_ahead_price,value,2026-09-12T14:42:42Z
2026-09-12T14:39:57Z,2026-09-12T16:39:57+0200,d3fd3cd4-2afd-42cf-bb71-b699186b37cf,2026-09-10T12:45:00Z,2026-09-10T14:45:00+0200,124.82,EUR/MWh,NL,NL,day_ahead_price,value,2026-09-12T14:42:42Z
2026-09-12T14:39:57Z,2026-09-12T16:39:57+0200,d3fd3cd4-2afd-42cf-bb71-b699186b37cf,2026-09-10T13:00:00Z,2026-09-10T15:00:00+0200,115.23,EUR/MWh,NL,NL,day_ahead_price,value,2026-09-12T14:42:42Z
2026-09-12T14:39:57Z,2026-09-12T16:39:57+0200,d3fd3cd4-2afd-42cf-bb71-b699186b37cf,2026-09-10T13:15:00Z,2026-09-10T15:15:00+0200,126.88,EUR/MWh,NL,NL,day_ahead_price,value,2026-09-12T14:42:42Z
2026-09-12T14:39:57Z,2026-09-12T16:39:57+0200,d3fd3cd4-2afd-42cf-bb71-b699186b37cf,2026-09-10T13:30:00Z,2026-09-10T15:30:00+0200,130.84,EUR/MWh,NL,NL,day_ahead_price,value,2026-09-12T14:42:42Z
2026-09-12T14:39:57Z,2026-09-12T16:39:57+0200,d3fd3cd4-2afd-42cf-bb71-b699186b37cf,2026-09-10T13:45:00Z,2026-09-10T15:45:00+0200,147.89,EUR/MWh,NL,NL,day_ahead_price,value,2026-09-12T14:42:42Z
2026-09-12T14:39:57Z,2026-09-12T16:39:57+0200,d3fd3cd4-2afd-42cf-bb71-b699186b37cf,2026-09-10T14:00:00Z,2026-09-10T16:00:00+0200,133.59,EUR/MWh,NL,NL,day_ahead_price,value,2026-09-12T14:42:42Z
2026-09-12T14:39:57Z,2026-09-12T16:39:57+0200,d3fd3cd4-2afd-42cf-bb71-b699186b37cf,2026-09-10T14:15:00Z,2026-09-10T16:15:00+0200,149.33,EUR/MWh,NL,NL,day_ahead_price,value,2026-09-12T14:42:42Z
2026-09-12T14:39:57Z,2026-09-12T16:39:57+0200,d3fd3cd4-2afd-42cf-bb71-b699186b37cf,2026-09-10T14:30:00Z,2026-09-10T16:30:00+0200,162.38,EUR/MWh,NL,NL,day_ahead_price,value,2026-09-12T14:42:42Z
2026-09-12T14:39:57Z,2026-09-12T16:39:57+0200,d3fd3cd4-2afd-42cf-bb71-b699186b37cf,2026-09-10T14:45:00Z,2026-09-10T16:45:00+0200,181.78,EUR/MWh,NL,NL,day_ahead_price,value,2026-09-12T14:42:42Z
2026-09-12T14:39:57Z,2026-09-12T16:39:57+0200,d3fd3cd4-2afd-42cf-bb71-b699186b37cf,2026-09-10T15:00:00Z,2026-09-10T17:00:00+0200,154.76,EUR/MWh,NL,NL,day_ahead_price,value,2026-09-12T14:42:42Z
2026-09-12T14:39:57Z,2026-09-12T16:39:57+0200,d3fd3cd4-2afd-42cf-bb71-b699186b37cf,2026-09-10T15:15:00Z,2026-09-10T17:15:00+0200,184.41,EUR/MWh,NL,NL,day_ahead_price,value,2026-09-12T14:42:42Z
2026-09-12T14:39:57Z,2026-09-12T16:39:57+0200,d3fd3cd4-2afd-42cf-bb71-b699186b37cf,2026-09-10T15:30:00Z,2026-09-10T17:30:00+0200,195.72,EUR/MWh,NL,NL,day_ahead_price,value,2026-09-12T14:42:42Z
2026-09-12T14:39:57Z,2026-09-12T16:39:57+0200,d3fd3cd4-2afd-42cf-bb71-b699186b37cf,2026-09-10T15:45:00Z,2026-09-10T17:45:00+0200,215.7,EUR/MWh,NL,NL,day_ahead_price,value,2026-09-12T14:42:42Z
2026-09-12T14:39:57Z,2026-09-12T16:39:57+0200,d3fd3cd4-2afd-42cf-bb71-b699186b37cf,2026-09-10T16:00:00Z,2026-09-10T18:00:00+0200,200.99,EUR/MWh,NL,NL,day_ahead_price,value,2026-09-12T14:42:42Z
2026-09-12T14:39:57Z,2026-09-12T16:39:57+0200,d3fd3cd4-2afd-42cf-bb71-b699186b37cf,2026-09-10T16:15:00Z,2026-09-10T18:15:00+0200,236.38,EUR/MWh,NL,NL,day_ahead_price,value,2026-09-12T14:42:42Z
2026-09-12T14:39:57Z,2026-09-12T16:39:57+0200,d3fd3cd4-2afd-42cf-bb71-b699186b37cf,2026-09-10T16:30:00Z,2026-09-10T18:30:00+0200,254.17,EUR/MWh,NL,NL,day_ahead_price,value,2026-09-12T14:42:42Z
2026-09-12T14:39:57Z,2026-09-12T16:39:57+0200,d3fd3cd4-2afd-42cf-bb71-b699186b37cf,2026-09-10T16:45:00Z,2026-09-10T18:45:00+0200,299.44,EUR/MWh,NL,NL,day_ahead_price,value,2026-09-12T14:42:42Z
2026-09-12T14:39:57Z,2026-09-12T16:39:57+0200,d3fd3cd4-2afd-42cf-bb71-b699186b37cf,2026-09-10T17:00:00Z,2026-09-10T19:00:00+0200,361.12,EUR/MWh,NL,NL,day_ahead_price,value,2026-09-12T14:42:42Z
2026-09-12T14:39:57Z,2026-09-12T16:39:57+0200,d3fd3cd4-2afd-42cf-bb71-b699186b37cf,2026-09-10T17:15:00Z,2026-09-10T19:15:00+0200,411.12,EUR/MWh,NL,NL,day_ahead_price,value,2026-09-12T14:42:42Z
2026-09-12T14:39:57Z,2026-09-12T16:39:57+0200,d3fd3cd4-2afd-42cf-bb71-b699186b37cf,2026-09-10T17:30:00Z,2026-09-10T19:30:00+0200,517.6,EUR/MWh,NL,NL,day_ahead_price,value,2026-09-12T14:42:42Z
2026-09-12T14:39:57Z,2026-09-12T16:39:57+0200,d3fd3cd4-2afd-42cf-bb71-b699186b37cf,2026-09-10T17:45:00Z,2026-09-10T19:45:00+0200,605.22,EUR/MWh,NL,NL,day_ahead_price,value,2026-09-12T14:42:42Z
2026-09-12T14:39:57Z,2026-09-12T16:39:57+0200,d3fd3cd4-2afd-42cf-bb71-b699186b37cf,2026-09-10T18:00:00Z,2026-09-10T20:00:00+0200,598.46,EUR/MWh,NL,NL,day_ahead_price,value,2026-09-12T14:42:42Z
2026-09-12T14:39:57Z,2026-09-12T16:39:57+0200,d3fd3cd4-2afd-42cf-bb71-b699186b37cf,2026-09-10T18:15:00Z,2026-09-10T20:15:00+0200,481.58,EUR/MWh,NL,NL,day_ahead_price,value,2026-09-12T14:42:42Z
2026-09-12T14:39:57Z,2026-09-12T16:39:57+0200,d3fd3cd4-2afd-42cf-bb71-b699186b37cf,2026-09-10T18:30:00Z,2026-09-10T20:30:00+0200,371.94,EUR/MWh,NL,NL,day_ahead_price,value,2026-09-12T14:42:42Z
2026-09-12T14:39:57Z,2026-09-12T16:39:57+0200,d3fd3cd4-2afd-42cf-bb71-b699186b37cf,2026-09-10T18:45:00Z,2026-09-10T20:45:00+0200,300.93,EUR/MWh,NL,NL,day_ahead_price,value,2026-09-12T14:42:42Z
2026-09-12T14:39:57Z,2026-09-12T16:39:57+0200,d3fd3cd4-2afd-42cf-bb71-b699186b37cf,2026-09-10T19:00:00Z,2026-09-10T21:00:00+0200,271.39,EUR/MWh,NL,NL,day_ahead_price,value,2026-09-12T14:42:42Z
2026-09-12T14:39:57Z,2026-09-12T16:39:57+0200,d3fd3cd4-2afd-42cf-bb71-b699186b37cf,2026-09-10T19:15:00Z,2026-09-10T21:15:00+0200,268.06,EUR/MWh,NL,NL,day_ahead_price,value,2026-09-12T14:42:42Z
2026-09-12T14:39:57Z,2026-09-12T16:39:57+0200,d3fd3cd4-2afd-42cf-bb71-b699186b37cf,2026-09-10T19:30:00Z,2026-09-10T21:30:00+0200,241.43,EUR/MWh,NL,NL,day_ahead_price,value,2026-09-12T14:42:42Z
2026-09-12T14:39:57Z,2026-09-12T16:39:57+0200,d3fd3cd4-2afd-42cf-bb71-b699186b37cf,2026-09-10T19:45:00Z,2026-09-10T21:45:00+0200,238.01,EUR/MWh,NL,NL,day_ahead_price,value,2026-09-12T14:42:42Z
2026-09-12T14:39:57Z,2026-09-12T16:39:57+0200,d3fd3cd4-2afd-42cf-bb71-b699186b37cf,2026-09-10T20:00:00Z,2026-09-10T22:00:00+0200,239.7,EUR/MWh,NL,NL,day_ahead_price,value,2026-09-12T14:42:42Z
2026-09-12T14:39:57Z,2026-09-12T16:39:57+0200,d3fd3cd4-2afd-42cf-bb71-b699186b37cf,2026-09-10T20:15:00Z,2026-09-10T22:15:00+0200,226.41,EUR/MWh,NL,NL,day_ahead_price,value,2026-09-12T14:42:42Z
2026-09-12T14:39:57Z,2026-09-12T16:39:57+0200,d3fd3cd4-2afd-42cf-bb71-b699186b37cf,2026-09-10T20:30:00Z,2026-09-10T22:30:00+0200,222.96,EUR/MWh,NL,NL,day_ahead_price,value,2026-09-12T14:42:42Z
2026-09-12T14:39:57Z,2026-09-12T16:39:57+0200,d3fd3cd4-2afd-42cf-bb71-b699186b37cf,2026-09-10T20:45:00Z,2026-09-10T22:45:00+0200,211.34,EUR/MWh,NL,NL,day_ahead_price,value,2026-09-12T14:42:42Z
2026-09-12T14:39:57Z,2026-09-12T16:39:57+0200,d3fd3cd4-2afd-42cf-bb71-b699186b37cf,2026-09-10T21:00:00Z,2026-09-10T23:00:00+0200,218.16,EUR/MWh,NL,NL,day_ahead_price,value,2026-09-12T14:42:42Z
2026-09-12T14:39:57Z,2026-09-12T16:39:57+0200,d3fd3cd4-2afd-42cf-bb71-b699186b37cf,2026-09-10T21:15:00Z,2026-09-10T23:15:00+0200,210.55,EUR/MWh,NL,NL,day_ahead_price,value,2026-09-12T14:42:42Z
2026-09-12T14:39:57Z,2026-09-12T16:39:57+0200,d3fd3cd4-2afd-42cf-bb71-b699186b37cf,2026-09-10T21:30:00Z,2026-09-10T23:30:00+0200,197.62,EUR/MWh,NL,NL,day_ahead_price,value,2026-09-12T14:42:42Z
2026-09-12T14:39:57Z,2026-09-12T16:39:57+0200,d3fd3cd4-2afd-42cf-bb71-b699186b37cf,2026-09-10T21:45:00Z,2026-09-10T23:45:00+0200,171.41,EUR/MWh,NL,NL,day_ahead_price,value,2026-09-12T14:42:42Z
2026-09-12T14:39:57Z,2026-09-12T16:39:57+0200,d3fd3cd4-2afd-42cf-bb71-b699186b37cf,2026-09-10T22:00:00Z,2026-09-11T00:00:00+0200,183.9,EUR/MWh,NL,NL,day_ahead_price,value,2026-09-12T14:42:42Z
2026-09-12T14:39:57Z,2026-09-12T16:39:57+0200,d3fd3cd4-2afd-42cf-bb71-b699186b37cf,2026-09-10T22:15:00Z,2026-09-11T00:15:00+0200,186.15,EUR/MWh,NL,NL,day_ahead_price,value,2026-09-12T14:42:42Z
2026-09-12T14:39:57Z,2026-09-12T16:39:57+0200,d3fd3cd4-2afd-42cf-bb71-b699186b37cf,2026-09-10T22:30:00Z,2026-09-11T00:30:00+0200,186.74,EUR/MWh,NL,NL,day_ahead_price,value,2026-09-12T14:42:42Z
2026-09-12T14:39:57Z,2026-09-12T16:39:57+0200,d3fd3cd4-2afd-42cf-bb71-b699186b37cf,2026-09-10T22:45:00Z,2026-09-11T00:45:00+0200,180.73,EUR/MWh,NL,NL,day_ahead_price,value,2026-09-12T14:42:42Z
2026-09-12T14:39:57Z,2026-09-12T16:39:57+0200,d3fd3cd4-2afd-42cf-bb71-b699186b37cf,2026-09-10T23:00:00Z,2026-09-11T01:00:00+0200,196.82,EUR/MWh,NL,NL,day_ahead_price,value,2026-09-12T14:42:42Z
2026-09-12T14:39:57Z,2026-09-12T16:39:57+0200,d3fd3cd4-2afd-42cf-bb71-b699186b37cf,2026-09-10T23:15:00Z,2026-09-11T01:15:00+0200,178.05,EUR/MWh,NL,NL,day_ahead_price,value,2026-09-12T14:42:42Z
2026-09-12T14:39:57Z,2026-09-12T16:39:57+0200,d3fd3cd4-2afd-42cf-bb71-b699186b37cf,2026-09-10T23:30:00Z,2026-09-11T01:30:00+0200,175.47,EUR/MWh,NL,NL,day_ahead_price,value,2026-09-12T14:42:42Z
2026-09-12T14:39:57Z,2026-09-12T16:39:57+0200,d3fd3cd4-2afd-42cf-bb71-b699186b37cf,2026-09-10T23:45:00Z,2026-09-11T01:45:00+0200,172.53,EUR/MWh,NL,NL,day_ahead_price,value,2026-09-12T14:42:42Z
2026-09-12T14:39:57Z,2026-09-12T16:39:57+0200,d3fd3cd4-2afd-42cf-bb71-b699186b37cf,2026-09-11T00:00:00Z,2026-09-11T02:00:00+0200,175.23,EUR/MWh,NL,NL,day_ahead_price,value,2026-09-12T14:42:42Z
2026-09-12T14:39:57Z,2026-09-12T16:39:57+0200,d3fd3cd4-2afd-42cf-bb71-b699186b37cf,2026-09-11T00:15:00Z,2026-09-11T02:15:00+0200,172.42,EUR/MWh,NL,NL,day_ahead_price,value,2026-09-12T14:42:42Z
2026-09-12T14:39:57Z,2026-09-12T16:39:57+0200,d3fd3cd4-2afd-42cf-bb71-b699186b37cf,2026-09-11T00:30:00Z,2026-09-11T02:30:00+0200,169.9,EUR/MWh,NL,NL,day_ahead_price,value,2026-09-12T14:42:42Z
2026-09-12T14:39:57Z,2026-09-12T16:39:57+0200,d3fd3cd4-2afd-42cf-bb71-b699186b37cf,2026-09-11T00:45:00Z,2026-09-11T02:45:00+0200,168.39,EUR/MWh,NL,NL,day_ahead_price,value,2026-09-12T14:42:42Z
2026-09-12T14:39:57Z,2026-09-12T16:39:57+0200,d3fd3cd4-2afd-42cf-bb71-b699186b37cf,2026-09-11T01:00:00Z,2026-09-11T03:00:00+0200,166.17,EUR/MWh,NL,NL,day_ahead_price,value,2026-09-12T14:42:42Z
2026-09-12T14:39:57Z,2026-09-12T16:39:57+0200,d3fd3cd4-2afd-42cf-bb71-b699186b37cf,2026-09-11T01:15:00Z,2026-09-11T03:15:00+0200,163.77,EUR/MWh,NL,NL,day_ahead_price,value,2026-09-12T14:42:42Z
2026-09-12T14:39:57Z,2026-09-12T16:39:57+0200,d3fd3cd4-2afd-42cf-bb71-b699186b37cf,2026-09-11T01:30:00Z,2026-09-11T03:30:00+0200,165.53,EUR/MWh,NL,NL,day_ahead_price,value,2026-09-12T14:42:42Z
2026-09-12T14:39:57Z,2026-09-12T16:39:57+0200,d3fd3cd4-2afd-42cf-bb71-b699186b37cf,2026-09-11T01:45:00Z,2026-09-11T03:45:00+0200,164.0,EUR/MWh,NL,NL,day_ahead_price,value,2026-09-12T14:42:42Z
2026-09-12T14:39:57Z,2026-09-12T16:39:57+0200,d3fd3cd4-2afd-42cf-bb71-b699186b37cf,2026-09-11T02:00:00Z,2026-09-11T04:00:00+0200,165.95,EUR/MWh,NL,NL,day_ahead_price,value,2026-09-12T14:42:42Z
2026-09-12T14:39:57Z,2026-09-12T16:39:57+0200,d3fd3cd4-2afd-42cf-bb71-b699186b37cf,2026-09-11T02:15:00Z,2026-09-11T04:15:00+0200,167.15,EUR/MWh,NL,NL,day_ahead_price,value,2026-09-12T14:42:42Z
2026-09-12T14:39:57Z,2026-09-12T16:39:57+0200,d3fd3cd4-2afd-42cf-bb71-b699186b37cf,2026-09-11T02:30:00Z,2026-09-11T04:30:00+0200,167.34,EUR/MWh,NL,NL,day_ahead_price,value,2026-09-12T14:42:42Z
2026-09-12T14:39:57Z,2026-09-12T16:39:57+0200,d3fd3cd4-2afd-42cf-bb71-b699186b37cf,2026-09-11T02:45:00Z,2026-09-11T04:45:00+0200,168.59,EUR/MWh,NL,NL,day_ahead_price,value,2026-09-12T14:42:42Z
2026-09-12T14:39:57Z,2026-09-12T16:39:57+0200,d3fd3cd4-2afd-42cf-bb71-b699186b37cf,2026-09-11T03:00:00Z,2026-09-11T05:00:00+0200,170.51,EUR/MWh,NL,NL,day_ahead_price,value,2026-09-12T14:42:42Z
2026-09-12T14:39:57Z,2026-09-12T16:39:57+0200,d3fd3cd4-2afd-42cf-bb71-b699186b37cf,2026-09-11T03:15:00Z,2026-09-11T05:15:00+0200,174.1,EUR/MWh,NL,NL,day_ahead_price,value,2026-09-12T14:42:42Z
2026-09-12T14:39:57Z,2026-09-12T16:39:57+0200,d3fd3cd4-2afd-42cf-bb71-b699186b37cf,2026-09-11T03:30:00Z,2026-09-11T05:30:00+0200,176.19,EUR/MWh,NL,NL,day_ahead_price,value,2026-09-12T14:42:42Z
2026-09-12T14:39:57Z,2026-09-12T16:39:57+0200,d3fd3cd4-2afd-42cf-bb71-b699186b37cf,2026-09-11T03:45:00Z,2026-09-11T05:45:00+0200,182.92,EUR/MWh,NL,NL,day_ahead_price,value,2026-09-12T14:42:42Z
2026-09-12T14:39:57Z,2026-09-12T16:39:57+0200,d3fd3cd4-2afd-42cf-bb71-b699186b37cf,2026-09-11T04:00:00Z,2026-09-11T06:00:00+0200,190.91,EUR/MWh,NL,NL,day_ahead_price,value,2026-09-12T14:42:42Z
2026-09-12T14:39:57Z,2026-09-12T16:39:57+0200,d3fd3cd4-2afd-42cf-bb71-b699186b37cf,2026-09-11T04:15:00Z,2026-09-11T06:15:00+0200,200.34,EUR/MWh,NL,NL,day_ahead_price,value,2026-09-12T14:42:42Z
2026-09-12T14:39:57Z,2026-09-12T16:39:57+0200,d3fd3cd4-2afd-42cf-bb71-b699186b37cf,2026-09-11T04:30:00Z,2026-09-11T06:30:00+0200,205.43,EUR/MWh,NL,NL,day_ahead_price,value,2026-09-12T14:42:42Z
2026-09-12T14:39:57Z,2026-09-12T16:39:57+0200,d3fd3cd4-2afd-42cf-bb71-b699186b37cf,2026-09-11T04:45:00Z,2026-09-11T06:45:00+0200,213.16,EUR/MWh,NL,NL,day_ahead_price,value,2026-09-12T14:42:42Z
2026-09-12T14:39:57Z,2026-09-12T16:39:57+0200,d3fd3cd4-2afd-42cf-bb71-b699186b37cf,2026-09-11T05:00:00Z,2026-09-11T07:00:00+0200,220.98,EUR/MWh,NL,NL,day_ahead_price,value,2026-09-12T14:42:42Z
2026-09-12T14:39:57Z,2026-09-12T16:39:57+0200,d3fd3cd4-2afd-42cf-bb71-b699186b37cf,2026-09-11T05:15:00Z,2026-09-11T07:15:00+0200,223.59,EUR/MWh,NL,NL,day_ahead_price,value,2026-09-12T14:42:42Z
2026-09-12T14:39:57Z,2026-09-12T16:39:57+0200,d3fd3cd4-2afd-42cf-bb71-b699186b37cf,2026-09-11T05:30:00Z,2026-09-11T07:30:00+0200,224.16,EUR/MWh,NL,NL,day_ahead_price,value,2026-09-12T14:42:42Z
2026-09-12T14:39:57Z,2026-09-12T16:39:57+0200,d3fd3cd4-2afd-42cf-bb71-b699186b37cf,2026-09-11T05:45:00Z,2026-09-11T07:45:00+0200,222.52,EUR/MWh,NL,NL,day_ahead_price,value,2026-09-12T14:42:42Z
2026-09-12T14:39:57Z,2026-09-12T16:39:57+0200,d3fd3cd4-2afd-42cf-bb71-b699186b37cf,2026-09-11T06:00:00Z,2026-09-11T08:00:00+0200,233.67,EUR/MWh,NL,NL,day_ahead_price,value,2026-09-12T14:42:42Z
2026-09-12T14:39:57Z,2026-09-12T16:39:57+0200,d3fd3cd4-2afd-42cf-bb71-b699186b37cf,2026-09-11T06:15:00Z,2026-09-11T08:15:00+0200,224.5,EUR/MWh,NL,NL,day_ahead_price,value,2026-09-12T14:42:42Z
2026-09-12T14:39:57Z,2026-09-12T16:39:57+0200,d3fd3cd4-2afd-42cf-bb71-b699186b37cf,2026-09-11T06:30:00Z,2026-09-11T08:30:00+0200,213.8,EUR/MWh,NL,NL,day_ahead_price,value,2026-09-12T14:42:42Z
2026-09-12T14:39:57Z,2026-09-12T16:39:57+0200,d3fd3cd4-2afd-42cf-bb71-b699186b37cf,2026-09-11T06:45:00Z,2026-09-11T08:45:00+0200,186.87,EUR/MWh,NL,NL,day_ahead_price,value,2026-09-12T14:42:42Z
2026-09-12T14:39:57Z,2026-09-12T16:39:57+0200,d3fd3cd4-2afd-42cf-bb71-b699186b37cf,2026-09-11T07:00:00Z,2026-09-11T09:00:00+0200,198.64,EUR/MWh,NL,NL,day_ahead_price,value,2026-09-12T14:42:42Z
2026-09-12T14:39:57Z,2026-09-12T16:39:57+0200,d3fd3cd4-2afd-42cf-bb71-b699186b37cf,2026-09-11T07:15:00Z,2026-09-11T09:15:00+0200,199.41,EUR/MWh,NL,NL,day_ahead_price,value,2026-09-12T14:42:42Z
2026-09-12T14:39:57Z,2026-09-12T16:39:57+0200,d3fd3cd4-2afd-42cf-bb71-b699186b37cf,2026-09-11T07:30:00Z,2026-09-11T09:30:00+0200,191.58,EUR/MWh,NL,NL,day_ahead_price,value,2026-09-12T14:42:42Z
2026-09-12T14:39:57Z,2026-09-12T16:39:57+0200,d3fd3cd4-2afd-42cf-bb71-b699186b37cf,2026-09-11T07:45:00Z,2026-09-11T09:45:00+0200,180.75,EUR/MWh,NL,NL,day_ahead_price,value,2026-09-12T14:42:42Z
2026-09-12T14:39:57Z,2026-09-12T16:39:57+0200,d3fd3cd4-2afd-42cf-bb71-b699186b37cf,2026-09-11T08:00:00Z,2026-09-11T10:00:00+0200,204.6,EUR/MWh,NL,NL,day_ahead_price,value,2026-09-12T14:42:42Z
2026-09-12T14:39:57Z,2026-09-12T16:39:57+0200,d3fd3cd4-2afd-42cf-bb71-b699186b37cf,2026-09-11T08:15:00Z,2026-09-11T10:15:00+0200,175.08,EUR/MWh,NL,NL,day_ahead_price,value,2026-09-12T14:42:42Z
2026-09-12T14:39:57Z,2026-09-12T16:39:57+0200,d3fd3cd4-2afd-42cf-bb71-b699186b37cf,2026-09-11T08:30:00Z,2026-09-11T10:30:00+0200,169.13,EUR/MWh,NL,NL,day_ahead_price,value,2026-09-12T14:42:42Z
2026-09-12T14:39:57Z,2026-09-12T16:39:57+0200,d3fd3cd4-2afd-42cf-bb71-b699186b37cf,2026-09-11T08:45:00Z,2026-09-11T10:45:00+0200,165.5,EUR/MWh,NL,NL,day_ahead_price,value,2026-09-12T14:42:42Z
2026-09-12T14:39:57Z,2026-09-12T16:39:57+0200,d3fd3cd4-2afd-42cf-bb71-b699186b37cf,2026-09-11T09:00:00Z,2026-09-11T11:00:00+0200,159.51,EUR/MWh,NL,NL,day_ahead_price,value,2026-09-12T14:42:42Z
2026-09-12T14:39:57Z,2026-09-12T16:39:57+0200,d3fd3cd4-2afd-42cf-bb71-b699186b37cf,2026-09-11T09:15:00Z,2026-09-11T11:15:00+0200,162.96,EUR/MWh,NL,NL,day_ahead_price,value,2026-09-12T14:42:42Z
2026-09-12T14:39:57Z,2026-09-12T16:39:57+0200,d3fd3cd4-2afd-42cf-bb71-b699186b37cf,2026-09-11T09:30:00Z,2026-09-11T11:30:00+0200,163.1,EUR/MWh,NL,NL,day_ahead_price,value,2026-09-12T14:42:42Z
2026-09-12T14:39:57Z,2026-09-12T16:39:57+0200,d3fd3cd4-2afd-42cf-bb71-b699186b37cf,2026-09-11T09:45:00Z,2026-09-11T11:45:00+0200,159.48,EUR/MWh,NL,NL,day_ahead_price,value,2026-09-12T14:42:42Z
2026-09-12T14:39:57Z,2026-09-12T16:39:57+0200,d3fd3cd4-2afd-42cf-bb71-b699186b37cf,2026-09-11T10:00:00Z,2026-09-11T12:00:00+0200,153.42,EUR/MWh,NL,NL,day_ahead_price,value,2026-09-12T14:42:42Z
2026-09-12T14:39:57Z,2026-09-12T16:39:57+0200,d3fd3cd4-2afd-42cf-bb71-b699186b37cf,2026-09-11T10:15:00Z,2026-09-11T12:15:00+0200,143.64,EUR/MWh,NL,NL,day_ahead_price,value,2026-09-12T14:42:42Z
2026-09-12T14:39:57Z,2026-09-12T16:39:57+0200,d3fd3cd4-2afd-42cf-bb71-b699186b37cf,2026-09-11T10:30:00Z,2026-09-11T12:30:00+0200,148.87,EUR/MWh,NL,NL,day_ahead_price,value,2026-09-12T14:42:42Z
2026-09-12T14:39:57Z,2026-09-12T16:39:57+0200,d3fd3cd4-2afd-42cf-bb71-b699186b37cf,2026-09-11T10:45:00Z,2026-09-11T12:45:00+0200,145.42,EUR/MWh,NL,NL,day_ahead_price,value,2026-09-12T14:42:42Z
2026-09-12T14:39:57Z,2026-09-12T16:39:57+0200,d3fd3cd4-2afd-42cf-bb71-b699186b37cf,2026-09-11T11:00:00Z,2026-09-11T13:00:00+0200,152.37,EUR/MWh,NL,NL,day_ahead_price,value,2026-09-12T14:42:42Z
2026-09-12T14:39:57Z,2026-09-12T16:39:57+0200,d3fd3cd4-2afd-42cf-bb71-b699186b37cf,2026-09-11T11:15:00Z,2026-09-11T13:15:00+0200,152.2,EUR/MWh,NL,NL,day_ahead_price,value,2026-09-12T14:42:42Z
2026-09-12T14:39:57Z,2026-09-12T16:39:57+0200,d3fd3cd4-2afd-42cf-bb71-b699186b37cf,2026-09-11T11:30:00Z,2026-09-11T13:30:00+0200,148.45,EUR/MWh,NL,NL,day_ahead_price,value,2026-09-12T14:42:42Z
2026-09-12T14:39:57Z,2026-09-12T16:39:57+0200,d3fd3cd4-2afd-42cf-bb71-b699186b37cf,2026-09-11T11:45:00Z,2026-09-11T13:45:00+0200,143.35,EUR/MWh,NL,NL,day_ahead_price,value,2026-09-12T14:42:42Z
2026-09-12T14:39:57Z,2026-09-12T16:39:57+0200,d3fd3cd4-2afd-42cf-bb71-b699186b37cf,2026-09-11T12:00:00Z,2026-09-11T14:00:00+0200,154.42,EUR/MWh,NL,NL,day_ahead_price,value,2026-09-12T14:42:42Z
2026-09-12T14:39:57Z,2026-09-12T16:39:57+0200,d3fd3cd4-2afd-42cf-bb71-b699186b37cf,2026-09-11T12:15:00Z,2026-09-11T14:15:00+0200,151.0,EUR/MWh,NL,NL,day_ahead_price,value,2026-09-12T14:42:42Z
2026-09-12T14:39:57Z,2026-09-12T16:39:57+0200,d3fd3cd4-2afd-42cf-bb71-b699186b37cf,2026-09-11T12:30:00Z,2026-09-11T14:30:00+0200,152.18,EUR/MWh,NL,NL,day_ahead_price,value,2026-09-12T14:42:42Z
2026-09-12T14:39:57Z,2026-09-12T16:39:57+0200,d3fd3cd4-2afd-42cf-bb71-b699186b37cf,2026-09-11T12:45:00Z,2026-09-11T14:45:00+0200,154.43,EUR/MWh,NL,NL,day_ahead_price,value,2026-09-12T14:42:42Z
2026-09-12T14:39:57Z,2026-09-12T16:39:57+0200,d3fd3cd4-2afd-42cf-bb71-b699186b37cf,2026-09-11T13:00:00Z,2026-09-11T15:00:00+0200,173.07,EUR/MWh,NL,NL,day_ahead_price,value,2026-09-12T14:42:42Z
2026-09-12T14:39:57Z,2026-09-12T16:39:57+0200,d3fd3cd4-2afd-42cf-bb71-b699186b37cf,2026-09-11T13:15:00Z,2026-09-11T15:15:00+0200,171.19,EUR/MWh,NL,NL,day_ahead_price,value,2026-09-12T14:42:42Z
2026-09-12T14:39:57Z,2026-09-12T16:39:57+0200,d3fd3cd4-2afd-42cf-bb71-b699186b37cf,2026-09-11T13:30:00Z,2026-09-11T15:30:00+0200,170.73,EUR/MWh,NL,NL,day_ahead_price,value,2026-09-12T14:42:42Z
2026-09-12T14:39:57Z,2026-09-12T16:39:57+0200,d3fd3cd4-2afd-42cf-bb71-b699186b37cf,2026-09-11T13:45:00Z,2026-09-11T15:45:00+0200,174.13,EUR/MWh,NL,NL,day_ahead_price,value,2026-09-12T14:42:42Z
2026-09-12T14:39:57Z,2026-09-12T16:39:57+0200,d3fd3cd4-2afd-42cf-bb71-b699186b37cf,2026-09-11T14:00:00Z,2026-09-11T16:00:00+0200,161.7,EUR/MWh,NL,NL,day_ahead_price,value,2026-09-12T14:42:42Z
2026-09-12T14:39:57Z,2026-09-12T16:39:57+0200,d3fd3cd4-2afd-42cf-bb71-b699186b37cf,2026-09-11T14:15:00Z,2026-09-11T16:15:00+0200,171.92,EUR/MWh,NL,NL,day_ahead_price,value,2026-09-12T14:42:42Z
2026-09-12T14:39:57Z,2026-09-12T16:39:57+0200,d3fd3cd4-2afd-42cf-bb71-b699186b37cf,2026-09-11T14:30:00Z,2026-09-11T16:30:00+0200,186.78,EUR/MWh,NL,NL,day_ahead_price,value,2026-09-12T14:42:42Z
2026-09-12T14:39:57Z,2026-09-12T16:39:57+0200,d3fd3cd4-2afd-42cf-bb71-b699186b37cf,2026-09-11T14:45:00Z,2026-09-11T16:45:00+0200,197.46,EUR/MWh,NL,NL,day_ahead_price,value,2026-09-12T14:42:42Z
2026-09-12T14:39:57Z,2026-09-12T16:39:57+0200,d3fd3cd4-2afd-42cf-bb71-b699186b37cf,2026-09-11T15:00:00Z,2026-09-11T17:00:00+0200,179.11,EUR/MWh,NL,NL,day_ahead_price,value,2026-09-12T14:42:42Z
2026-09-12T14:39:57Z,2026-09-12T16:39:57+0200,d3fd3cd4-2afd-42cf-bb71-b699186b37cf,2026-09-11T15:15:00Z,2026-09-11T17:15:00+0200,202.95,EUR/MWh,NL,NL,day_ahead_price,value,2026-09-12T14:42:42Z
2026-09-12T14:39:57Z,2026-09-12T16:39:57+0200,d3fd3cd4-2afd-42cf-bb71-b699186b37cf,2026-09-11T15:30:00Z,2026-09-11T17:30:00+0200,212.23,EUR/MWh,NL,NL,day_ahead_price,value,2026-09-12T14:42:42Z
2026-09-12T14:39:57Z,2026-09-12T16:39:57+0200,d3fd3cd4-2afd-42cf-bb71-b699186b37cf,2026-09-11T15:45:00Z,2026-09-11T17:45:00+0200,227.72,EUR/MWh,NL,NL,day_ahead_price,value,2026-09-12T14:42:42Z
2026-09-12T14:39:57Z,2026-09-12T16:39:57+0200,d3fd3cd4-2afd-42cf-bb71-b699186b37cf,2026-09-11T16:00:00Z,2026-09-11T18:00:00+0200,217.07,EUR/MWh,NL,NL,day_ahead_price,value,2026-09-12T14:42:42Z
2026-09-12T14:39:57Z,2026-09-12T16:39:57+0200,d3fd3cd4-2afd-42cf-bb71-b699186b37cf,2026-09-11T16:15:00Z,2026-09-11T18:15:00+0200,238.07,EUR/MWh,NL,NL,day_ahead_price,value,2026-09-12T14:42:42Z
2026-09-12T14:39:57Z,2026-09-12T16:39:57+0200,d3fd3cd4-2afd-42cf-bb71-b699186b37cf,2026-09-11T16:30:00Z,2026-09-11T18:30:00+0200,260.78,EUR/MWh,NL,NL,day_ahead_price,value,2026-09-12T14:42:42Z
2026-09-12T14:39:57Z,2026-09-12T16:39:57+0200,d3fd3cd4-2afd-42cf-bb71-b699186b37cf,2026-09-11T16:45:00Z,2026-09-11T18:45:00+0200,278.3,EUR/MWh,NL,NL,day_ahead_price,value,2026-09-12T14:42:42Z
2026-09-12T14:39:57Z,2026-09-12T16:39:57+0200,d3fd3cd4-2afd-42cf-bb71-b699186b37cf,2026-09-11T17:00:00Z,2026-09-11T19:00:00+0200,286.42,EUR/MWh,NL,NL,day_ahead_price,value,2026-09-12T14:42:42Z
2026-09-12T14:39:57Z,2026-09-12T16:39:57+0200,d3fd3cd4-2afd-42cf-bb71-b699186b37cf,2026-09-11T17:15:00Z,2026-09-11T19:15:00+0200,297.38,EUR/MWh,NL,NL,day_ahead_price,value,2026-09-12T14:42:42Z
2026-09-12T14:39:57Z,2026-09-12T16:39:57+0200,d3fd3cd4-2afd-42cf-bb71-b699186b37cf,2026-09-11T17:30:00Z,2026-09-11T19:30:00+0200,317.92,EUR/MWh,NL,NL,day_ahead_price,value,2026-09-12T14:42:42Z
2026-09-12T14:39:57Z,2026-09-12T16:39:57+0200,d3fd3cd4-2afd-42cf-bb71-b699186b37cf,2026-09-11T17:45:00Z,2026-09-11T19:45:00+0200,322.97,EUR/MWh,NL,NL,day_ahead_price,value,2026-09-12T14:42:42Z
2026-09-12T14:39:57Z,2026-09-12T16:39:57+0200,d3fd3cd4-2afd-42cf-bb71-b699186b37cf,2026-09-11T18:00:00Z,2026-09-11T20:00:00+0200,312.4,EUR/MWh,NL,NL,day_ahead_price,value,2026-09-12T14:42:42Z
2026-09-12T14:39:57Z,2026-09-12T16:39:57+0200,d3fd3cd4-2afd-42cf-bb71-b699186b37cf,2026-09-11T18:15:00Z,2026-09-11T20:15:00+0200,293.1,EUR/MWh,NL,NL,day_ahead_price,value,2026-09-12T14:42:42Z
2026-09-12T14:39:57Z,2026-09-12T16:39:57+0200,d3fd3cd4-2afd-42cf-bb71-b699186b37cf,2026-09-11T18:30:00Z,2026-09-11T20:30:00+0200,276.45,EUR/MWh,NL,NL,day_ahead_price,value,2026-09-12T14:42:42Z
2026-09-12T14:39:57Z,2026-09-12T16:39:57+0200,d3fd3cd4-2afd-42cf-bb71-b699186b37cf,2026-09-11T18:45:00Z,2026-09-11T20:45:00+0200,267.9,EUR/MWh,NL,NL,day_ahead_price,value,2026-09-12T14:42:42Z
2026-09-12T14:39:57Z,2026-09-12T16:39:57+0200,d3fd3cd4-2afd-42cf-bb71-b699186b37cf,2026-09-11T19:00:00Z,2026-09-11T21:00:00+0200,269.49,EUR/MWh,NL,NL,day_ahead_price,value,2026-09-12T14:42:42Z
2026-09-12T14:39:57Z,2026-09-12T16:39:57+0200,d3fd3cd4-2afd-42cf-bb71-b699186b37cf,2026-09-11T19:15:00Z,2026-09-11T21:15:00+0200,245.12,EUR/MWh,NL,NL,day_ahead_price,value,2026-09-12T14:42:42Z
2026-09-12T14:39:57Z,2026-09-12T16:39:57+0200,d3fd3cd4-2afd-42cf-bb71-b699186b37cf,2026-09-11T19:30:00Z,2026-09-11T21:30:00+0200,236.0,EUR/MWh,NL,NL,day_ahead_price,value,2026-09-12T14:42:42Z
2026-09-12T14:39:57Z,2026-09-12T16:39:57+0200,d3fd3cd4-2afd-42cf-bb71-b699186b37cf,2026-09-11T19:45:00Z,2026-09-11T21:45:00+0200,228.79,EUR/MWh,NL,NL,day_ahead_price,value,2026-09-12T14:42:42Z
2026-09-12T14:39:57Z,2026-09-12T16:39:57+0200,d3fd3cd4-2afd-42cf-bb71-b699186b37cf,2026-09-11T20:00:00Z,2026-09-11T22:00:00+0200,234.01,EUR/MWh,NL,NL,day_ahead_price,value,2026-09-12T14:42:42Z
2026-09-12T14:39:57Z,2026-09-12T16:39:57+0200,d3fd3cd4-2afd-42cf-bb71-b699186b37cf,2026-09-11T20:15:00Z,2026-09-11T22:15:00+0200,225.01,EUR/MWh,NL,NL,day_ahead_price,value,2026-09-12T14:42:42Z
2026-09-12T14:39:57Z,2026-09-12T16:39:57+0200,d3fd3cd4-2afd-42cf-bb71-b699186b37cf,2026-09-11T20:30:00Z,2026-09-11T22:30:00+0200,222.31,EUR/MWh,NL,NL,day_ahead_price,value,2026-09-12T14:42:42Z
2026-09-12T14:39:57Z,2026-09-12T16:39:57+0200,d3fd3cd4-2afd-42cf-bb71-b699186b37cf,2026-09-11T20:45:00Z,2026-09-11T22:45:00+0200,218.53,EUR/MWh,NL,NL,day_ahead_price,value,2026-09-12T14:42:42Z
2026-09-12T14:39:57Z,2026-09-12T16:39:57+0200,d3fd3cd4-2afd-42cf-bb71-b699186b37cf,2026-09-11T21:00:00Z,2026-09-11T23:00:00+0200,217.01,EUR/MWh,NL,NL,day_ahead_price,value,2026-09-12T14:42:42Z
2026-09-12T14:39:57Z,2026-09-12T16:39:57+0200,d3fd3cd4-2afd-42cf-bb71-b699186b37cf,2026-09-11T21:15:00Z,2026-09-11T23:15:00+0200,207.07,EUR/MWh,NL,NL,day_ahead_price,value,2026-09-12T14:42:42Z
2026-09-12T14:39:57Z,2026-09-12T16:39:57+0200,d3fd3cd4-2afd-42cf-bb71-b699186b37cf,2026-09-11T21:30:00Z,2026-09-11T23:30:00+0200,202.49,EUR/MWh,NL,NL,day_ahead_price,value,2026-09-12T14:42:42Z
2026-09-12T14:39:57Z,2026-09-12T16:39:57+0200,d3fd3cd4-2afd-42cf-bb71-b699186b37cf,2026-09-11T21:45:00Z,2026-09-11T23:45:00+0200,192.05,EUR/MWh,NL,NL,day_ahead_price,value,2026-09-12T14:42:42Z
2026-09-12T14:39:57Z,2026-09-12T16:39:57+0200,d3fd3cd4-2afd-42cf-bb71-b699186b37cf,2026-09-11T22:00:00Z,2026-09-12T00:00:00+0200,212.21,EUR/MWh,NL,NL,day_ahead_price,value,2026-09-12T14:42:42Z
2026-09-12T14:39:57Z,2026-09-12T16:39:57+0200,d3fd3cd4-2afd-42cf-bb71-b699186b37cf,2026-09-11T22:15:00Z,2026-09-12T00:15:00+0200,206.72,EUR/MWh,NL,NL,day_ahead_price,value,2026-09-12T14:42:42Z
2026-09-12T14:39:57Z,2026-09-12T16:39:57+0200,d3fd3cd4-2afd-42cf-bb71-b699186b37cf,2026-09-11T22:30:00Z,2026-09-12T00:30:00+0200,203.86,EUR/MWh,NL,NL,day_ahead_price,value,2026-09-12T14:42:42Z
2026-09-12T14:39:57Z,2026-09-12T16:39:57+0200,d3fd3cd4-2afd-42cf-bb71-b699186b37cf,2026-09-11T22:45:00Z,2026-09-12T00:45:00+0200,198.93,EUR/MWh,NL,NL,day_ahead_price,value,2026-09-12T14:42:42Z
2026-09-12T14:39:57Z,2026-09-12T16:39:57+0200,d3fd3cd4-2afd-42cf-bb71-b699186b37cf,2026-09-11T23:00:00Z,2026-09-12T01:00:00+0200,205.88,EUR/MWh,NL,NL,day_ahead_price,value,2026-09-12T14:42:42Z
2026-09-12T14:39:57Z,2026-09-12T16:39:57+0200,d3fd3cd4-2afd-42cf-bb71-b699186b37cf,2026-09-11T23:15:00Z,2026-09-12T01:15:00+0200,199.05,EUR/MWh,NL,NL,day_ahead_price,value,2026-09-12T14:42:42Z
2026-09-12T14:39:57Z,2026-09-12T16:39:57+0200,d3fd3cd4-2afd-42cf-bb71-b699186b37cf,2026-09-11T23:30:00Z,2026-09-12T01:30:00+0200,197.21,EUR/MWh,NL,NL,day_ahead_price,value,2026-09-12T14:42:42Z
2026-09-12T14:39:57Z,2026-09-12T16:39:57+0200,d3fd3cd4-2afd-42cf-bb71-b699186b37cf,2026-09-11T23:45:00Z,2026-09-12T01:45:00+0200,194.0,EUR/MWh,NL,NL,day_ahead_price,value,2026-09-12T14:42:42Z
2026-09-12T14:39:57Z,2026-09-12T16:39:57+0200,d3fd3cd4-2afd-42cf-bb71-b699186b37cf,2026-09-12T00:00:00Z,2026-09-12T02:00:00+0200,197.97,EUR/MWh,NL,NL,day_ahead_price,value,2026-09-12T14:42:42Z
2026-09-12T14:39:57Z,2026-09-12T16:39:57+0200,d3fd3cd4-2afd-42cf-bb71-b699186b37cf,2026-09-12T00:15:00Z,2026-09-12T02:15:00+0200,198.57,EUR/MWh,NL,NL,day_ahead_price,value,2026-09-12T14:42:42Z
2026-09-12T14:39:57Z,2026-09-12T16:39:57+0200,d3fd3cd4-2afd-42cf-bb71-b699186b37cf,2026-09-12T00:30:00Z,2026-09-12T02:30:00+0200,195.0,EUR/MWh,NL,NL,day_ahead_price,value,2026-09-12T14:42:42Z
2026-09-12T14:39:57Z,2026-09-12T16:39:57+0200,d3fd3cd4-2afd-42cf-bb71-b699186b37cf,2026-09-12T00:45:00Z,2026-09-12T02:45:00+0200,194.0,EUR/MWh,NL,NL,day_ahead_price,value,2026-09-12T14:42:42Z
2026-09-12T14:39:57Z,2026-09-12T16:39:57+0200,d3fd3cd4-2afd-42cf-bb71-b699186b37cf,2026-09-12T01:00:00Z,2026-09-12T03:00:00+0200,190.18,EUR/MWh,NL,NL,day_ahead_price,value,2026-09-12T14:42:42Z
2026-09-12T14:39:57Z,2026-09-12T16:39:57+0200,d3fd3cd4-2afd-42cf-bb71-b699186b37cf,2026-09-12T01:15:00Z,2026-09-12T03:15:00+0200,189.82,EUR/MWh,NL,NL,day_ahead_price,value,2026-09-12T14:42:42Z
2026-09-12T14:39:57Z,2026-09-12T16:39:57+0200,d3fd3cd4-2afd-42cf-bb71-b699186b37cf,2026-09-12T01:30:00Z,2026-09-12T03:30:00+0200,188.6,EUR/MWh,NL,NL,day_ahead_price,value,2026-09-12T14:42:42Z
2026-09-12T14:39:57Z,2026-09-12T16:39:57+0200,d3fd3cd4-2afd-42cf-bb71-b699186b37cf,2026-09-12T01:45:00Z,2026-09-12T03:45:00+0200,188.6,EUR/MWh,NL,NL,day_ahead_price,value,2026-09-12T14:42:42Z
2026-09-12T14:39:57Z,2026-09-12T16:39:57+0200,d3fd3cd4-2afd-42cf-bb71-b699186b37cf,2026-09-12T02:00:00Z,2026-09-12T04:00:00+0200,184.5,EUR/MWh,NL,NL,day_ahead_price,value,2026-09-12T14:42:42Z
2026-09-12T14:39:57Z,2026-09-12T16:39:57+0200,d3fd3cd4-2afd-42cf-bb71-b699186b37cf,2026-09-12T02:15:00Z,2026-09-12T04:15:00+0200,182.43,EUR/MWh,NL,NL,day_ahead_price,value,2026-09-12T14:42:42Z
2026-09-12T14:39:57Z,2026-09-12T16:39:57+0200,d3fd3cd4-2afd-42cf-bb71-b699186b37cf,2026-09-12T02:30:00Z,2026-09-12T04:30:00+0200,185.0,EUR/MWh,NL,NL,day_ahead_price,value,2026-09-12T14:42:42Z
2026-09-12T14:39:57Z,2026-09-12T16:39:57+0200,d3fd3cd4-2afd-42cf-bb71-b699186b37cf,2026-09-12T02:45:00Z,2026-09-12T04:45:00+0200,185.0,EUR/MWh,NL,NL,day_ahead_price,value,2026-09-12T14:42:42Z
2026-09-12T14:39:57Z,2026-09-12T16:39:57+0200,d3fd3cd4-2afd-42cf-bb71-b699186b37cf,2026-09-12T03:00:00Z,2026-09-12T05:00:00+0200,184.5,EUR/MWh,NL,NL,day_ahead_price,value,2026-09-12T14:42:42Z
2026-09-12T14:39:57Z,2026-09-12T16:39:57+0200,d3fd3cd4-2afd-42cf-bb71-b699186b37cf,2026-09-12T03:15:00Z,2026-09-12T05:15:00+0200,185.2,EUR/MWh,NL,NL,day_ahead_price,value,2026-09-12T14:42:42Z
2026-09-12T14:39:57Z,2026-09-12T16:39:57+0200,d3fd3cd4-2afd-42cf-bb71-b699186b37cf,2026-09-12T03:30:00Z,2026-09-12T05:30:00+0200,186.37,EUR/MWh,NL,NL,day_ahead_price,value,2026-09-12T14:42:42Z
2026-09-12T14:39:57Z,2026-09-12T16:39:57+0200,d3fd3cd4-2afd-42cf-bb71-b699186b37cf,2026-09-12T03:45:00Z,2026-09-12T05:45:00+0200,190.44,EUR/MWh,NL,NL,day_ahead_price,value,2026-09-12T14:42:42Z
2026-09-12T14:39:57Z,2026-09-12T16:39:57+0200,d3fd3cd4-2afd-42cf-bb71-b699186b37cf,2026-09-12T04:00:00Z,2026-09-12T06:00:00+0200,190.15,EUR/MWh,NL,NL,day_ahead_price,value,2026-09-12T14:42:42Z
2026-09-12T14:39:57Z,2026-09-12T16:39:57+0200,d3fd3cd4-2afd-42cf-bb71-b699186b37cf,2026-09-12T04:15:00Z,2026-09-12T06:15:00+0200,192.62,EUR/MWh,NL,NL,day_ahead_price,value,2026-09-12T14:42:42Z
2026-09-12T14:39:57Z,2026-09-12T16:39:57+0200,d3fd3cd4-2afd-42cf-bb71-b699186b37cf,2026-09-12T04:30:00Z,2026-09-12T06:30:00+0200,196.57,EUR/MWh,NL,NL,day_ahead_price,value,2026-09-12T14:42:42Z
2026-09-12T14:39:57Z,2026-09-12T16:39:57+0200,d3fd3cd4-2afd-42cf-bb71-b699186b37cf,2026-09-12T04:45:00Z,2026-09-12T06:45:00+0200,192.97,EUR/MWh,NL,NL,day_ahead_price,value,2026-09-12T14:42:42Z
2026-09-12T14:39:57Z,2026-09-12T16:39:57+0200,d3fd3cd4-2afd-42cf-bb71-b699186b37cf,2026-09-12T05:00:00Z,2026-09-12T07:00:00+0200,199.59,EUR/MWh,NL,NL,day_ahead_price,value,2026-09-12T14:42:42Z
2026-09-12T14:39:57Z,2026-09-12T16:39:57+0200,d3fd3cd4-2afd-42cf-bb71-b699186b37cf,2026-09-12T05:15:00Z,2026-09-12T07:15:00+0200,196.7,EUR/MWh,NL,NL,day_ahead_price,value,2026-09-12T14:42:42Z
2026-09-12T14:39:57Z,2026-09-12T16:39:57+0200,d3fd3cd4-2afd-42cf-bb71-b699186b37cf,2026-09-12T05:30:00Z,2026-09-12T07:30:00+0200,191.12,EUR/MWh,NL,NL,day_ahead_price,value,2026-09-12T14:42:42Z
2026-09-12T14:39:57Z,2026-09-12T16:39:57+0200,d3fd3cd4-2afd-42cf-bb71-b699186b37cf,2026-09-12T05:45:00Z,2026-09-12T07:45:00+0200,186.8,EUR/MWh,NL,NL,day_ahead_price,value,2026-09-12T14:42:42Z
2026-09-12T14:39:57Z,2026-09-12T16:39:57+0200,d3fd3cd4-2afd-42cf-bb71-b699186b37cf,2026-09-12T06:00:00Z,2026-09-12T08:00:00+0200,200.75,EUR/MWh,NL,NL,day_ahead_price,value,2026-09-12T14:42:42Z
2026-09-12T14:39:57Z,2026-09-12T16:39:57+0200,d3fd3cd4-2afd-42cf-bb71-b699186b37cf,2026-09-12T06:15:00Z,2026-09-12T08:15:00+0200,188.62,EUR/MWh,NL,NL,day_ahead_price,value,2026-09-12T14:42:42Z
2026-09-12T14:39:57Z,2026-09-12T16:39:57+0200,d3fd3cd4-2afd-42cf-bb71-b699186b37cf,2026-09-12T06:30:00Z,2026-09-12T08:30:00+0200,161.01,EUR/MWh,NL,NL,day_ahead_price,value,2026-09-12T14:42:42Z
2026-09-12T14:39:57Z,2026-09-12T16:39:57+0200,d3fd3cd4-2afd-42cf-bb71-b699186b37cf,2026-09-12T06:45:00Z,2026-09-12T08:45:00+0200,151.85,EUR/MWh,NL,NL,day_ahead_price,value,2026-09-12T14:42:42Z
2026-09-12T14:39:57Z,2026-09-12T16:39:57+0200,d3fd3cd4-2afd-42cf-bb71-b699186b37cf,2026-09-12T07:00:00Z,2026-09-12T09:00:00+0200,182.81,EUR/MWh,NL,NL,day_ahead_price,value,2026-09-12T14:42:42Z
2026-09-12T14:39:57Z,2026-09-12T16:39:57+0200,d3fd3cd4-2afd-42cf-bb71-b699186b37cf,2026-09-12T07:15:00Z,2026-09-12T09:15:00+0200,150.39,EUR/MWh,NL,NL,day_ahead_price,value,2026-09-12T14:42:42Z
2026-09-12T14:39:57Z,2026-09-12T16:39:57+0200,d3fd3cd4-2afd-42cf-bb71-b699186b37cf,2026-09-12T07:30:00Z,2026-09-12T09:30:00+0200,138.88,EUR/MWh,NL,NL,day_ahead_price,value,2026-09-12T14:42:42Z
2026-09-12T14:39:57Z,2026-09-12T16:39:57+0200,d3fd3cd4-2afd-42cf-bb71-b699186b37cf,2026-09-12T07:45:00Z,2026-09-12T09:45:00+0200,131.73,EUR/MWh,NL,NL,day_ahead_price,value,2026-09-12T14:42:42Z
2026-09-12T14:39:57Z,2026-09-12T16:39:57+0200,d3fd3cd4-2afd-42cf-bb71-b699186b37cf,2026-09-12T08:00:00Z,2026-09-12T10:00:00+0200,120.83,EUR/MWh,NL,NL,day_ahead_price,value,2026-09-12T14:42:42Z
2026-09-12T14:39:57Z,2026-09-12T16:39:57+0200,d3fd3cd4-2afd-42cf-bb71-b699186b37cf,2026-09-12T08:15:00Z,2026-09-12T10:15:00+0200,102.02,EUR/MWh,NL,NL,day_ahead_price,value,2026-09-12T14:42:42Z
2026-09-12T14:39:57Z,2026-09-12T16:39:57+0200,d3fd3cd4-2afd-42cf-bb71-b699186b37cf,2026-09-12T08:30:00Z,2026-09-12T10:30:00+0200,80.12,EUR/MWh,NL,NL,day_ahead_price,value,2026-09-12T14:42:42Z
2026-09-12T14:39:57Z,2026-09-12T16:39:57+0200,d3fd3cd4-2afd-42cf-bb71-b699186b37cf,2026-09-12T08:45:00Z,2026-09-12T10:45:00+0200,40.0,EUR/MWh,NL,NL,day_ahead_price,value,2026-09-12T14:42:42Z
2026-09-12T14:39:57Z,2026-09-12T16:39:57+0200,d3fd3cd4-2afd-42cf-bb71-b699186b37cf,2026-09-12T09:00:00Z,2026-09-12T11:00:00+0200,60.71,EUR/MWh,NL,NL,day_ahead_price,value,2026-09-12T14:42:42Z
2026-09-12T14:39:57Z,2026-09-12T16:39:57+0200,d3fd3cd4-2afd-42cf-bb71-b699186b37cf,2026-09-12T09:15:00Z,2026-09-12T11:15:00+0200,39.42,EUR/MWh,NL,NL,day_ahead_price,value,2026-09-12T14:42:42Z
2026-09-12T14:39:57Z,2026-09-12T16:39:57+0200,d3fd3cd4-2afd-42cf-bb71-b699186b37cf,2026-09-12T09:30:00Z,2026-09-12T11:30:00+0200,15.52,EUR/MWh,NL,NL,day_ahead_price,value,2026-09-12T14:42:42Z
2026-09-12T14:39:57Z,2026-09-12T16:39:57+0200,d3fd3cd4-2afd-42cf-bb71-b699186b37cf,2026-09-12T09:45:00Z,2026-09-12T11:45:00+0200,5.46,EUR/MWh,NL,NL,day_ahead_price,value,2026-09-12T14:42:42Z
2026-09-12T14:39:57Z,2026-09-12T16:39:57+0200,d3fd3cd4-2afd-42cf-bb71-b699186b37cf,2026-09-12T10:00:00Z,2026-09-12T12:00:00+0200,3.73,EUR/MWh,NL,NL,day_ahead_price,value,2026-09-12T14:42:42Z
2026-09-12T14:39:57Z,2026-09-12T16:39:57+0200,d3fd3cd4-2afd-42cf-bb71-b699186b37cf,2026-09-12T10:15:00Z,2026-09-12T12:15:00+0200,0.04,EUR/MWh,NL,NL,day_ahead_price,value,2026-09-12T14:42:42Z
2026-09-12T14:39:57Z,2026-09-12T16:39:57+0200,d3fd3cd4-2afd-42cf-bb71-b699186b37cf,2026-09-12T10:30:00Z,2026-09-12T12:30:00+0200,0.03,EUR/MWh,NL,NL,day_ahead_price,value,2026-09-12T14:42:42Z
2026-09-12T14:39:57Z,2026-09-12T16:39:57+0200,d3fd3cd4-2afd-42cf-bb71-b699186b37cf,2026-09-12T10:45:00Z,2026-09-12T12:45:00+0200,0.01,EUR/MWh,NL,NL,day_ahead_price,value,2026-09-12T14:42:42Z
2026-09-12T14:39:57Z,2026-09-12T16:39:57+0200,d3fd3cd4-2afd-42cf-bb71-b699186b37cf,2026-09-12T11:00:00Z,2026-09-12T13:00:00+0200,0.0,EUR/MWh,NL,NL,day_ahead_price,value,2026-09-12T14:42:42Z
2026-09-12T14:39:57Z,2026-09-12T16:39:57+0200,d3fd3cd4-2afd-42cf-bb71-b699186b37cf,2026-09-12T11:15:00Z,2026-09-12T13:15:00+0200,-0.03,EUR/MWh,NL,NL,day_ahead_price,value,2026-09-12T14:42:42Z
2026-09-12T14:39:57Z,2026-09-12T16:39:57+0200,d3fd3cd4-2afd-42cf-bb71-b699186b37cf,2026-09-12T11:30:00Z,2026-09-12T13:30:00+0200,-0.03,EUR/MWh,NL,NL,day_ahead_price,value,2026-09-12T14:42:42Z
2026-09-12T14:39:57Z,2026-09-12T16:39:57+0200,d3fd3cd4-2afd-42cf-bb71-b699186b37cf,2026-09-12T11:45:00Z,2026-09-12T13:45:00+0200,-0.05,EUR/MWh,NL,NL,day_ahead_price,value,2026-09-12T14:42:42Z
2026-09-12T14:39:57Z,2026-09-12T16:39:57+0200,d3fd3cd4-2afd-42cf-bb71-b699186b37cf,2026-09-12T12:00:00Z,2026-09-12T14:00:00+0200,-0.3,EUR/MWh,NL,NL,day_ahead_price,value,2026-09-12T14:42:42Z
2026-09-12T14:39:57Z,2026-09-12T16:39:57+0200,d3fd3cd4-2afd-42cf-bb71-b699186b37cf,2026-09-12T12:15:00Z,2026-09-12T14:15:00+0200,-0.05,EUR/MWh,NL,NL,day_ahead_price,value,2026-09-12T14:42:42Z
2026-09-12T14:39:57Z,2026-09-12T16:39:57+0200,d3fd3cd4-2afd-42cf-bb71-b699186b37cf,2026-09-12T12:30:00Z,2026-09-12T14:30:00+0200,0.1,EUR/MWh,NL,NL,day_ahead_price,value,2026-09-12T14:42:42Z
2026-09-12T14:39:57Z,2026-09-12T16:39:57+0200,d3fd3cd4-2afd-42cf-bb71-b699186b37cf,2026-09-12T12:45:00Z,2026-09-12T14:45:00+0200,0.32,EUR/MWh,NL,NL,day_ahead_price,value,2026-09-12T14:42:42Z
2026-09-12T14:39:57Z,2026-09-12T16:39:57+0200,d3fd3cd4-2afd-42cf-bb71-b699186b37cf,2026-09-12T13:00:00Z,2026-09-12T15:00:00+0200,0.15,EUR/MWh,NL,NL,day_ahead_price,value,2026-09-12T14:42:42Z
2026-09-12T14:39:57Z,2026-09-12T16:39:57+0200,d3fd3cd4-2afd-42cf-bb71-b699186b37cf,2026-09-12T13:15:00Z,2026-09-12T15:15:00+0200,0.43,EUR/MWh,NL,NL,day_ahead_price,value,2026-09-12T14:42:42Z
2026-09-12T14:39:57Z,2026-09-12T16:39:57+0200,d3fd3cd4-2afd-42cf-bb71-b699186b37cf,2026-09-12T13:30:00Z,2026-09-12T15:30:00+0200,0.66,EUR/MWh,NL,NL,day_ahead_price,value,2026-09-12T14:42:42Z
2026-09-12T14:39:57Z,2026-09-12T16:39:57+0200,d3fd3cd4-2afd-42cf-bb71-b699186b37cf,2026-09-12T13:45:00Z,2026-09-12T15:45:00+0200,3.09,EUR/MWh,NL,NL,day_ahead_price,value,2026-09-12T14:42:42Z
2026-09-12T14:39:57Z,2026-09-12T16:39:57+0200,d3fd3cd4-2afd-42cf-bb71-b699186b37cf,2026-09-12T14:00:00Z,2026-09-12T16:00:00+0200,-0.95,EUR/MWh,NL,NL,day_ahead_price,value,2026-09-12T14:42:42Z
2026-09-12T14:39:57Z,2026-09-12T16:39:57+0200,d3fd3cd4-2afd-42cf-bb71-b699186b37cf,2026-09-12T14:15:00Z,2026-09-12T16:15:00+0200,5.18,EUR/MWh,NL,NL,day_ahead_price,value,2026-09-12T14:42:42Z
2026-09-12T14:39:57Z,2026-09-12T16:39:57+0200,d3fd3cd4-2afd-42cf-bb71-b699186b37cf,2026-09-12T14:30:00Z,2026-09-12T16:30:00+0200,38.32,EUR/MWh,NL,NL,day_ahead_price,value,2026-09-12T14:42:42Z
2026-09-12T14:39:57Z,2026-09-12T16:39:57+0200,d3fd3cd4-2afd-42cf-bb71-b699186b37cf,2026-09-12T14:45:00Z,2026-09-12T16:45:00+0200,77.39,EUR/MWh,NL,NL,day_ahead_price,value,2026-09-12T14:42:47Z
2026-09-12T14:39:57Z,2026-09-12T16:39:57+0200,d3fd3cd4-2afd-42cf-bb71-b699186b37cf,2026-09-12T15:00:00Z,2026-09-12T17:00:00+0200,77.88,EUR/MWh,NL,NL,day_ahead_price,value,2026-09-12T14:42:47Z
2026-09-12T14:39:57Z,2026-09-12T16:39:57+0200,d3fd3cd4-2afd-42cf-bb71-b699186b37cf,2026-09-12T15:15:00Z,2026-09-12T17:15:00+0200,109.55,EUR/MWh,NL,NL,day_ahead_price,value,2026-09-12T14:42:47Z
2026-09-12T14:39:57Z,2026-09-12T16:39:57+0200,d3fd3cd4-2afd-42cf-bb71-b699186b37cf,2026-09-12T15:30:00Z,2026-09-12T17:30:00+0200,125.48,EUR/MWh,NL,NL,day_ahead_price,value,2026-09-12T14:42:47Z
2026-09-12T14:39:57Z,2026-09-12T16:39:57+0200,d3fd3cd4-2afd-42cf-bb71-b699186b37cf,2026-09-12T15:45:00Z,2026-09-12T17:45:00+0200,152.13,EUR/MWh,NL,NL,day_ahead_price,value,2026-09-12T14:42:47Z
2026-09-12T14:39:57Z,2026-09-12T16:39:57+0200,d3fd3cd4-2afd-42cf-bb71-b699186b37cf,2026-09-12T16:00:00Z,2026-09-12T18:00:00+0200,146.95,EUR/MWh,NL,NL,day_ahead_price,value,2026-09-12T14:42:47Z
2026-09-12T14:39:57Z,2026-09-12T16:39:57+0200,d3fd3cd4-2afd-42cf-bb71-b699186b37cf,2026-09-12T16:15:00Z,2026-09-12T18:15:00+0200,180.1,EUR/MWh,NL,NL,day_ahead_price,value,2026-09-12T14:42:47Z
2026-09-12T14:39:57Z,2026-09-12T16:39:57+0200,d3fd3cd4-2afd-42cf-bb71-b699186b37cf,2026-09-12T16:30:00Z,2026-09-12T18:30:00+0200,192.03,EUR/MWh,NL,NL,day_ahead_price,value,2026-09-12T14:42:47Z
2026-09-12T14:39:57Z,2026-09-12T16:39:57+0200,d3fd3cd4-2afd-42cf-bb71-b699186b37cf,2026-09-12T16:45:00Z,2026-09-12T18:45:00+0200,195.51,EUR/MWh,NL,NL,day_ahead_price,value,2026-09-12T14:42:47Z
2026-09-12T14:39:57Z,2026-09-12T16:39:57+0200,d3fd3cd4-2afd-42cf-bb71-b699186b37cf,2026-09-12T17:00:00Z,2026-09-12T19:00:00+0200,194.44,EUR/MWh,NL,NL,day_ahead_price,value,2026-09-12T14:42:47Z
2026-09-12T14:39:57Z,2026-09-12T16:39:57+0200,d3fd3cd4-2afd-42cf-bb71-b699186b37cf,2026-09-12T17:15:00Z,2026-09-12T19:15:00+0200,204.81,EUR/MWh,NL,NL,day_ahead_price,value,2026-09-12T14:42:47Z
2026-09-12T14:39:57Z,2026-09-12T16:39:57+0200,d3fd3cd4-2afd-42cf-bb71-b699186b37cf,2026-09-12T17:30:00Z,2026-09-12T19:30:00+0200,205.43,EUR/MWh,NL,NL,day_ahead_price,value,2026-09-12T14:42:47Z
2026-09-12T14:39:57Z,2026-09-12T16:39:57+0200,d3fd3cd4-2afd-42cf-bb71-b699186b37cf,2026-09-12T17:45:00Z,2026-09-12T19:45:00+0200,211.76,EUR/MWh,NL,NL,day_ahead_price,value,2026-09-12T14:42:47Z
2026-09-12T14:39:57Z,2026-09-12T16:39:57+0200,d3fd3cd4-2afd-42cf-bb71-b699186b37cf,2026-09-12T18:00:00Z,2026-09-12T20:00:00+0200,210.99,EUR/MWh,NL,NL,day_ahead_price,value,2026-09-12T14:42:47Z
2026-09-12T14:39:57Z,2026-09-12T16:39:57+0200,d3fd3cd4-2afd-42cf-bb71-b699186b37cf,2026-09-12T18:15:00Z,2026-09-12T20:15:00+0200,211.17,EUR/MWh,NL,NL,day_ahead_price,value,2026-09-12T14:42:47Z
2026-09-12T14:39:57Z,2026-09-12T16:39:57+0200,d3fd3cd4-2afd-42cf-bb71-b699186b37cf,2026-09-12T18:30:00Z,2026-09-12T20:30:00+0200,210.92,EUR/MWh,NL,NL,day_ahead_price,value,2026-09-12T14:42:47Z
2026-09-12T14:39:57Z,2026-09-12T16:39:57+0200,d3fd3cd4-2afd-42cf-bb71-b699186b37cf,2026-09-12T18:45:00Z,2026-09-12T20:45:00+0200,207.69,EUR/MWh,NL,NL,day_ahead_price,value,2026-09-12T14:42:47Z
2026-09-12T14:39:57Z,2026-09-12T16:39:57+0200,d3fd3cd4-2afd-42cf-bb71-b699186b37cf,2026-09-12T19:00:00Z,2026-09-12T21:00:00+0200,210.75,EUR/MWh,NL,NL,day_ahead_price,value,2026-09-12T14:42:47Z
2026-09-12T14:39:57Z,2026-09-12T16:39:57+0200,d3fd3cd4-2afd-42cf-bb71-b699186b37cf,2026-09-12T19:15:00Z,2026-09-12T21:15:00+0200,204.94,EUR/MWh,NL,NL,day_ahead_price,value,2026-09-12T14:42:47Z
2026-09-12T14:39:57Z,2026-09-12T16:39:57+0200,d3fd3cd4-2afd-42cf-bb71-b699186b37cf,2026-09-12T19:30:00Z,2026-09-12T21:30:00+0200,200.1,EUR/MWh,NL,NL,day_ahead_price,value,2026-09-12T14:42:47Z
2026-09-12T14:39:57Z,2026-09-12T16:39:57+0200,d3fd3cd4-2afd-42cf-bb71-b699186b37cf,2026-09-12T19:45:00Z,2026-09-12T21:45:00+0200,185.89,EUR/MWh,NL,NL,day_ahead_price,value,2026-09-12T14:42:47Z
2026-09-12T14:39:57Z,2026-09-12T16:39:57+0200,d3fd3cd4-2afd-42cf-bb71-b699186b37cf,2026-09-12T20:00:00Z,2026-09-12T22:00:00+0200,198.77,EUR/MWh,NL,NL,day_ahead_price,value,2026-09-12T14:42:47Z
2026-09-12T14:39:57Z,2026-09-12T16:39:57+0200,d3fd3cd4-2afd-42cf-bb71-b699186b37cf,2026-09-12T20:15:00Z,2026-09-12T22:15:00+0200,185.75,EUR/MWh,NL,NL,day_ahead_price,value,2026-09-12T14:42:47Z
2026-09-12T14:39:57Z,2026-09-12T16:39:57+0200,d3fd3cd4-2afd-42cf-bb71-b699186b37cf,2026-09-12T20:30:00Z,2026-09-12T22:30:00+0200,179.11,EUR/MWh,NL,NL,day_ahead_price,value,2026-09-12T14:42:47Z
2026-09-12T14:39:57Z,2026-09-12T16:39:57+0200,d3fd3cd4-2afd-42cf-bb71-b699186b37cf,2026-09-12T20:45:00Z,2026-09-12T22:45:00+0200,173.57,EUR/MWh,NL,NL,day_ahead_price,value,2026-09-12T14:42:47Z
2026-09-12T14:39:57Z,2026-09-12T16:39:57+0200,d3fd3cd4-2afd-42cf-bb71-b699186b37cf,2026-09-12T21:00:00Z,2026-09-12T23:00:00+0200,187.9,EUR/MWh,NL,NL,day_ahead_price,value,2026-09-12T14:42:47Z
2026-09-12T14:39:57Z,2026-09-12T16:39:57+0200,d3fd3cd4-2afd-42cf-bb71-b699186b37cf,2026-09-12T21:15:00Z,2026-09-12T23:15:00+0200,181.68,EUR/MWh,NL,NL,day_ahead_price,value,2026-09-12T14:42:47Z
2026-09-12T14:39:57Z,2026-09-12T16:39:57+0200,d3fd3cd4-2afd-42cf-bb71-b699186b37cf,2026-09-12T21:30:00Z,2026-09-12T23:30:00+0200,175.6,EUR/MWh,NL,NL,day_ahead_price,value,2026-09-12T14:42:47Z
2026-09-12T14:39:57Z,2026-09-12T16:39:57+0200,d3fd3cd4-2afd-42cf-bb71-b699186b37cf,2026-09-12T21:45:00Z,2026-09-12T23:45:00+0200,174.82,EUR/MWh,NL,NL,day_ahead_price,value,2026-09-12T14:42:47Z
