collection_time_utc,collection_time_local,run_id,timestamp_utc,timestamp_local,value,unit,country,entsoe_area,variable,source,updated_at_utc
2026-09-03T13:05:11Z,2026-09-03T15:05:11+0200,3df1353b-992d-465b-bbfb-ce9652ab7fde,2026-08-27T13:15:00Z,2026-08-27T15:15:00+0200,2005.001666,MW,DK1,DK_1,forecast_solar_generation,Solar,2026-09-03T13:06:00Z
2026-09-03T13:05:11Z,2026-09-03T15:05:11+0200,3df1353b-992d-465b-bbfb-ce9652ab7fde,2026-08-27T13:30:00Z,2026-08-27T15:30:00+0200,1954.96,MW,DK1,DK_1,forecast_solar_generation,Solar,2026-09-03T13:06:00Z
2026-09-03T13:05:11Z,2026-09-03T15:05:11+0200,3df1353b-992d-465b-bbfb-ce9652ab7fde,2026-08-27T13:45:00Z,2026-08-27T15:45:00+0200,1877.846666,MW,DK1,DK_1,forecast_solar_generation,Solar,2026-09-03T13:06:00Z
2026-09-03T13:05:11Z,2026-09-03T15:05:11+0200,3df1353b-992d-465b-bbfb-ce9652ab7fde,2026-08-27T14:00:00Z,2026-08-27T16:00:00+0200,1788.269999,MW,DK1,DK_1,forecast_solar_generation,Solar,2026-09-03T13:06:00Z
2026-09-03T13:05:11Z,2026-09-03T15:05:11+0200,3df1353b-992d-465b-bbfb-ce9652ab7fde,2026-08-27T14:15:00Z,2026-08-27T16:15:00+0200,1692.611666,MW,DK1,DK_1,forecast_solar_generation,Solar,2026-09-03T13:06:00Z
2026-09-03T13:05:11Z,2026-09-03T15:05:11+0200,3df1353b-992d-465b-bbfb-ce9652ab7fde,2026-08-27T14:30:00Z,2026-08-27T16:30:00+0200,1595.138333,MW,DK1,DK_1,forecast_solar_generation,Solar,2026-09-03T13:06:00Z
2026-09-03T13:05:11Z,2026-09-03T15:05:11+0200,3df1353b-992d-465b-bbfb-ce9652ab7fde,2026-08-27T14:45:00Z,2026-08-27T16:45:00+0200,1496.328333,MW,DK1,DK_1,forecast_solar_generation,Solar,2026-09-03T13:06:00Z
2026-09-03T13:05:11Z,2026-09-03T15:05:11+0200,3df1353b-992d-465b-bbfb-ce9652ab7fde,2026-08-27T15:00:00Z,2026-08-27T17:00:00+0200,1405.048333,MW,DK1,DK_1,forecast_solar_generation,Solar,2026-09-03T13:06:00Z
2026-09-03T13:05:11Z,2026-09-03T15:05:11+0200,3df1353b-992d-465b-bbfb-ce9652ab7fde,2026-08-27T15:15:00Z,2026-08-27T17:15:00+0200,1289.931666,MW,DK1,DK_1,forecast_solar_generation,Solar,2026-09-03T13:06:00Z
2026-09-03T13:05:11Z,2026-09-03T15:05:11+0200,3df1353b-992d-465b-bbfb-ce9652ab7fde,2026-08-27T15:30:00Z,2026-08-27T17:30:00+0200,1165.996666,MW,DK1,DK_1,forecast_solar_generation,Solar,2026-09-03T13:06:00Z
2026-09-03T13:05:11Z,2026-09-03T15:05:11+0200,3df1353b-992d-465b-bbfb-ce9652ab7fde,2026-08-27T15:45:00Z,2026-08-27T17:45:00+0200,1040.016666,MW,DK1,DK_1,forecast_solar_generation,Solar,2026-09-03T13:06:00Z
2026-09-03T13:05:11Z,2026-09-03T15:05:11+0200,3df1353b-992d-465b-bbfb-ce9652ab7fde,2026-08-27T16:00:00Z,2026-08-27T18:00:00+0200,909.658333,MW,DK1,DK_1,forecast_solar_generation,Solar,2026-09-03T13:06:00Z
2026-09-03T13:05:11Z,2026-09-03T15:05:11+0200,3df1353b-992d-465b-bbfb-ce9652ab7fde,2026-08-27T16:15:00Z,2026-08-27T18:15:00+0200,772.59,MW,DK1,DK_1,forecast_solar_generation,Solar,2026-09-03T13:06:00Z
2026-09-03T13:05:11Z,2026-09-03T15:05:11+0200,3df1353b-992d-465b-bbfb-ce9652ab7fde,2026-08-27T16:30:00Z,2026-08-27T18:30:00+0200,630.926666,MW,DK1,DK_1,forecast_solar_generation,Solar,2026-09-03T13:06:00Z
2026-09-03T13:05:11Z,2026-09-03T15:05:11+0200,3df1353b-992d-465b-bbfb-ce9652ab7fde,2026-08-27T16:45:00Z,2026-08-27T18:45:00+0200,492.325,MW,DK1,DK_1,forecast_solar_generation,Solar,2026-09-03T13:06:00Z
2026-09-03T13:05:11Z,2026-09-03T15:05:11+0200,3df1353b-992d-465b-bbfb-ce9652ab7fde,2026-08-27T17:00:00Z,2026-08-27T19:00:00+0200,361.925,MW,DK1,DK_1,forecast_solar_generation,Solar,2026-09-03T13:06:00Z
2026-09-03T13:05:11Z,2026-09-03T15:05:11+0200,3df1353b-992d-465b-bbfb-ce9652ab7fde,2026-08-27T17:15:00Z,2026-08-27T19:15:00+0200,246.024999,MW,DK1,DK_1,forecast_solar_generation,Solar,2026-09-03T13:06:00Z
2026-09-03T13:05:11Z,2026-09-03T15:05:11+0200,3df1353b-992d-465b-bbfb-ce9652ab7fde,2026-08-27T17:30:00Z,2026-08-27T19:30:00+0200,147.525,MW,DK1,DK_1,forecast_solar_generation,Solar,2026-09-03T13:06:00Z
2026-09-03T13:05:11Z,2026-09-03T15:05:11+0200,3df1353b-992d-465b-bbfb-ce9652ab7fde,2026-08-27T17:45:00Z,2026-08-27T19:45:00+0200,69.119999,MW,DK1,DK_1,forecast_solar_generation,Solar,2026-09-03T13:06:00Z
2026-09-03T13:05:11Z,2026-09-03T15:05:11+0200,3df1353b-992d-465b-bbfb-ce9652ab7fde,2026-08-27T18:00:00Z,2026-08-27T20:00:00+0200,17.624999,MW,DK1,DK_1,forecast_solar_generation,Solar,2026-09-03T13:06:00Z
2026-09-03T13:05:11Z,2026-09-03T15:05:11+0200,3df1353b-992d-465b-bbfb-ce9652ab7fde,2026-08-27T18:15:00Z,2026-08-27T20:15:00+0200,1.133333,MW,DK1,DK_1,forecast_solar_generation,Solar,2026-09-03T13:06:00Z
2026-09-03T13:05:11Z,2026-09-03T15:05:11+0200,3df1353b-992d-465b-bbfb-ce9652ab7fde,2026-08-27T18:30:00Z,2026-08-27T20:30:00+0200,0.003333,MW,DK1,DK_1,forecast_solar_generation,Solar,2026-09-03T13:06:00Z
2026-09-03T13:05:11Z,2026-09-03T15:05:11+0200,3df1353b-992d-465b-bbfb-ce9652ab7fde,2026-08-27T18:45:00Z,2026-08-27T20:45:00+0200,0.0,MW,DK1,DK_1,forecast_solar_generation,Solar,2026-09-03T13:06:00Z
2026-09-03T13:05:11Z,2026-09-03T15:05:11+0200,3df1353b-992d-465b-bbfb-ce9652ab7fde,2026-08-27T19:00:00Z,2026-08-27T21:00:00+0200,0.0,MW,DK1,DK_1,forecast_solar_generation,Solar,2026-09-03T13:06:00Z
2026-09-03T13:05:11Z,2026-09-03T15:05:11+0200,3df1353b-992d-465b-bbfb-ce9652ab7fde,2026-08-27T19:15:00Z,2026-08-27T21:15:00+0200,0.0,MW,DK1,DK_1,forecast_solar_generation,Solar,2026-09-03T13:06:00Z
2026-09-03T13:05:11Z,2026-09-03T15:05:11+0200,3df1353b-992d-465b-bbfb-ce9652ab7fde,2026-08-27T19:30:00Z,2026-08-27T21:30:00+0200,0.0,MW,DK1,DK_1,forecast_solar_generation,Solar,2026-09-03T13:06:00Z
2026-09-03T13:05:11Z,2026-09-03T15:05:11+0200,3df1353b-992d-465b-bbfb-ce9652ab7fde,2026-08-27T19:45:00Z,2026-08-27T21:45:00+0200,0.0,MW,DK1,DK_1,forecast_solar_generation,Solar,2026-09-03T13:06:00Z
2026-09-03T13:05:11Z,2026-09-03T15:05:11+0200,3df1353b-992d-465b-bbfb-ce9652ab7fde,2026-08-27T20:00:00Z,2026-08-27T22:00:00+0200,0.0,MW,DK1,DK_1,forecast_solar_generation,Solar,2026-09-03T13:06:00Z
2026-09-03T13:05:11Z,2026-09-03T15:05:11+0200,3df1353b-992d-465b-bbfb-ce9652ab7fde,2026-08-27T20:15:00Z,2026-08-27T22:15:00+0200,0.0,MW,DK1,DK_1,forecast_solar_generation,Solar,2026-09-03T13:06:00Z
2026-09-03T13:05:11Z,2026-09-03T15:05:11+0200,3df1353b-992d-465b-bbfb-ce9652ab7fde,2026-08-27T20:30:00Z,2026-08-27T22:30:00+0200,0.0,MW,DK1,DK_1,forecast_solar_generation,Solar,2026-09-03T13:06:00Z
2026-09-03T13:05:11Z,2026-09-03T15:05:11+0200,3df1353b-992d-465b-bbfb-ce9652ab7fde,2026-08-27T20:45:00Z,2026-08-27T22:45:00+0200,0.0,MW,DK1,DK_1,forecast_solar_generation,Solar,2026-09-03T13:06:00Z
2026-09-03T13:05:11Z,2026-09-03T15:05:11+0200,3df1353b-992d-465b-bbfb-ce9652ab7fde,2026-08-27T21:00:00Z,2026-08-27T23:00:00+0200,0.0,MW,DK1,DK_1,forecast_solar_generation,Solar,2026-09-03T13:06:00Z
2026-09-03T13:05:11Z,2026-09-03T15:05:11+0200,3df1353b-992d-465b-bbfb-ce9652ab7fde,2026-08-27T21:15:00Z,2026-08-27T23:15:00+0200,0.0,MW,DK1,DK_1,forecast_solar_generation,Solar,2026-09-03T13:06:00Z
2026-09-03T13:05:11Z,2026-09-03T15:05:11+0200,3df1353b-992d-465b-bbfb-ce9652ab7fde,2026-08-27T21:30:00Z,2026-08-27T23:30:00+0200,0.0,MW,DK1,DK_1,forecast_solar_generation,Solar,2026-09-03T13:06:00Z
2026-09-03T13:05:11Z,2026-09-03T15:05:11+0200,3df1353b-992d-465b-bbfb-ce9652ab7fde,2026-08-27T21:45:00Z,2026-08-27T23:45:00+0200,0.0,MW,DK1,DK_1,forecast_solar_generation,Solar,2026-09-03T13:06:00Z
2026-09-03T13:05:11Z,2026-09-03T15:05:11+0200,3df1353b-992d-465b-bbfb-ce9652ab7fde,2026-08-27T22:00:00Z,2026-08-28T00:00:00+0200,0.0,MW,DK1,DK_1,forecast_solar_generation,Solar,2026-09-03T13:06:00Z
2026-09-03T13:05:11Z,2026-09-03T15:05:11+0200,3df1353b-992d-465b-bbfb-ce9652ab7fde,2026-08-27T22:15:00Z,2026-08-28T00:15:00+0200,0.0,MW,DK1,DK_1,forecast_solar_generation,Solar,2026-09-03T13:06:00Z
2026-09-03T13:05:11Z,2026-09-03T15:05:11+0200,3df1353b-992d-465b-bbfb-ce9652ab7fde,2026-08-27T22:30:00Z,2026-08-28T00:30:00+0200,0.0,MW,DK1,DK_1,forecast_solar_generation,Solar,2026-09-03T13:06:00Z
2026-09-03T13:05:11Z,2026-09-03T15:05:11+0200,3df1353b-992d-465b-bbfb-ce9652ab7fde,2026-08-27T22:45:00Z,2026-08-28T00:45:00+0200,0.0,MW,DK1,DK_1,forecast_solar_generation,Solar,2026-09-03T13:06:00Z
2026-09-03T13:05:11Z,2026-09-03T15:05:11+0200,3df1353b-992d-465b-bbfb-ce9652ab7fde,2026-08-27T23:00:00Z,2026-08-28T01:00:00+0200,0.0,MW,DK1,DK_1,forecast_solar_generation,Solar,2026-09-03T13:06:00Z
2026-09-03T13:05:11Z,2026-09-03T15:05:11+0200,3df1353b-992d-465b-bbfb-ce9652ab7fde,2026-08-27T23:15:00Z,2026-08-28T01:15:00+0200,0.0,MW,DK1,DK_1,forecast_solar_generation,Solar,2026-09-03T13:06:00Z
2026-09-03T13:05:11Z,2026-09-03T15:05:11+0200,3df1353b-992d-465b-bbfb-ce9652ab7fde,2026-08-27T23:30:00Z,2026-08-28T01:30:00+0200,0.0,MW,DK1,DK_1,forecast_solar_generation,Solar,2026-09-03T13:06:00Z
2026-09-03T13:05:11Z,2026-09-03T15:05:11+0200,3df1353b-992d-465b-bbfb-ce9652ab7fde,2026-08-27T23:45:00Z,2026-08-28T01:45:00+0200,0.0,MW,DK1,DK_1,forecast_solar_generation,Solar,2026-09-03T13:06:00Z
2026-09-03T13:05:11Z,2026-09-03T15:05:11+0200,3df1353b-992d-465b-bbfb-ce9652ab7fde,2026-08-28T00:00:00Z,2026-08-28T02:00:00+0200,0.0,MW,DK1,DK_1,forecast_solar_generation,Solar,2026-09-03T13:06:00Z
2026-09-03T13:05:11Z,2026-09-03T15:05:11+0200,3df1353b-992d-465b-bbfb-ce9652ab7fde,2026-08-28T00:15:00Z,2026-08-28T02:15:00+0200,0.0,MW,DK1,DK_1,forecast_solar_generation,Solar,2026-09-03T13:06:00Z
2026-09-03T13:05:11Z,2026-09-03T15:05:11+0200,3df1353b-992d-465b-bbfb-ce9652ab7fde,2026-08-28T00:30:00Z,2026-08-28T02:30:00+0200,0.0,MW,DK1,DK_1,forecast_solar_generation,Solar,2026-09-03T13:06:00Z
2026-09-03T13:05:11Z,2026-09-03T15:05:11+0200,3df1353b-992d-465b-bbfb-ce9652ab7fde,2026-08-28T00:45:00Z,2026-08-28T02:45:00+0200,0.0,MW,DK1,DK_1,forecast_solar_generation,Solar,2026-09-03T13:06:00Z
2026-09-03T13:05:11Z,2026-09-03T15:05:11+0200,3df1353b-992d-465b-bbfb-ce9652ab7fde,2026-08-28T01:00:00Z,2026-08-28T03:00:00+0200,0.0,MW,DK1,DK_1,forecast_solar_generation,Solar,2026-09-03T13:06:00Z
2026-09-03T13:05:11Z,2026-09-03T15:05:11+0200,3df1353b-992d-465b-bbfb-ce9652ab7fde,2026-08-28T01:15:00Z,2026-08-28T03:15:00+0200,0.0,MW,DK1,DK_1,forecast_solar_generation,Solar,2026-09-03T13:06:00Z
2026-09-03T13:05:11Z,2026-09-03T15:05:11+0200,3df1353b-992d-465b-bbfb-ce9652ab7fde,2026-08-28T01:30:00Z,2026-08-28T03:30:00+0200,0.0,MW,DK1,DK_1,forecast_solar_generation,Solar,2026-09-03T13:06:00Z
2026-09-03T13:05:11Z,2026-09-03T15:05:11+0200,3df1353b-992d-465b-bbfb-ce9652ab7fde,2026-08-28T01:45:00Z,2026-08-28T03:45:00+0200,0.0,MW,DK1,DK_1,forecast_solar_generation,Solar,2026-09-03T13:06:00Z
2026-09-03T13:05:11Z,2026-09-03T15:05:11+0200,3df1353b-992d-465b-bbfb-ce9652ab7fde,2026-08-28T02:00:00Z,2026-08-28T04:00:00+0200,0.0,MW,DK1,DK_1,forecast_solar_generation,Solar,2026-09-03T13:06:00Z
2026-09-03T13:05:11Z,2026-09-03T15:05:11+0200,3df1353b-992d-465b-bbfb-ce9652ab7fde,2026-08-28T02:15:00Z,2026-08-28T04:15:00+0200,0.0,MW,DK1,DK_1,forecast_solar_generation,Solar,2026-09-03T13:06:00Z
2026-09-03T13:05:11Z,2026-09-03T15:05:11+0200,3df1353b-992d-465b-bbfb-ce9652ab7fde,2026-08-28T02:30:00Z,2026-08-28T04:30:00+0200,0.0,MW,DK1,DK_1,forecast_solar_generation,Solar,2026-09-03T13:06:00Z
2026-09-03T13:05:11Z,2026-09-03T15:05:11+0200,3df1353b-992d-465b-bbfb-ce9652ab7fde,2026-08-28T02:45:00Z,2026-08-28T04:45:00+0200,0.0,MW,DK1,DK_1,forecast_solar_generation,Solar,2026-09-03T13:06:00Z
2026-09-03T13:05:11Z,2026-09-03T15:05:11+0200,3df1353b-992d-465b-bbfb-ce9652ab7fde,2026-08-28T03:00:00Z,2026-08-28T05:00:00+0200,0.0,MW,DK1,DK_1,forecast_solar_generation,Solar,2026-09-03T13:06:00Z
2026-09-03T13:05:11Z,2026-09-03T15:05:11+0200,3df1353b-992d-465b-bbfb-ce9652ab7fde,2026-08-28T03:15:00Z,2026-08-28T05:15:00+0200,0.0,MW,DK1,DK_1,forecast_solar_generation,Solar,2026-09-03T13:06:00Z
2026-09-03T13:05:11Z,2026-09-03T15:05:11+0200,3df1353b-992d-465b-bbfb-ce9652ab7fde,2026-08-28T03:30:00Z,2026-08-28T05:30:00+0200,0.0,MW,DK1,DK_1,forecast_solar_generation,Solar,2026-09-03T13:06:00Z
2026-09-03T13:05:11Z,2026-09-03T15:05:11+0200,3df1353b-992d-465b-bbfb-ce9652ab7fde,2026-08-28T03:45:00Z,2026-08-28T05:45:00+0200,0.0,MW,DK1,DK_1,forecast_solar_generation,Solar,2026-09-03T13:06:00Z
2026-09-03T13:05:11Z,2026-09-03T15:05:11+0200,3df1353b-992d-465b-bbfb-ce9652ab7fde,2026-08-28T04:00:00Z,2026-08-28T06:00:00+0200,0.0,MW,DK1,DK_1,forecast_solar_generation,Solar,2026-09-03T13:06:00Z
2026-09-03T13:05:11Z,2026-09-03T15:05:11+0200,3df1353b-992d-465b-bbfb-ce9652ab7fde,2026-08-28T04:15:00Z,2026-08-28T06:15:00+0200,0.221666,MW,DK1,DK_1,forecast_solar_generation,Solar,2026-09-03T13:06:00Z
2026-09-03T13:05:11Z,2026-09-03T15:05:11+0200,3df1353b-992d-465b-bbfb-ce9652ab7fde,2026-08-28T04:30:00Z,2026-08-28T06:30:00+0200,4.428333,MW,DK1,DK_1,forecast_solar_generation,Solar,2026-09-03T13:06:00Z
2026-09-03T13:05:11Z,2026-09-03T15:05:11+0200,3df1353b-992d-465b-bbfb-ce9652ab7fde,2026-08-28T04:45:00Z,2026-08-28T06:45:00+0200,21.746666,MW,DK1,DK_1,forecast_solar_generation,Solar,2026-09-03T13:06:00Z
2026-09-03T13:05:11Z,2026-09-03T15:05:11+0200,3df1353b-992d-465b-bbfb-ce9652ab7fde,2026-08-28T05:00:00Z,2026-08-28T07:00:00+0200,49.661666,MW,DK1,DK_1,forecast_solar_generation,Solar,2026-09-03T13:06:00Z
2026-09-03T13:05:11Z,2026-09-03T15:05:11+0200,3df1353b-992d-465b-bbfb-ce9652ab7fde,2026-08-28T05:15:00Z,2026-08-28T07:15:00+0200,83.566666,MW,DK1,DK_1,forecast_solar_generation,Solar,2026-09-03T13:06:00Z
2026-09-03T13:05:11Z,2026-09-03T15:05:11+0200,3df1353b-992d-465b-bbfb-ce9652ab7fde,2026-08-28T05:30:00Z,2026-08-28T07:30:00+0200,123.086666,MW,DK1,DK_1,forecast_solar_generation,Solar,2026-09-03T13:06:00Z
2026-09-03T13:05:11Z,2026-09-03T15:05:11+0200,3df1353b-992d-465b-bbfb-ce9652ab7fde,2026-08-28T05:45:00Z,2026-08-28T07:45:00+0200,164.056666,MW,DK1,DK_1,forecast_solar_generation,Solar,2026-09-03T13:06:00Z
2026-09-03T13:05:11Z,2026-09-03T15:05:11+0200,3df1353b-992d-465b-bbfb-ce9652ab7fde,2026-08-28T06:00:00Z,2026-08-28T08:00:00+0200,203.06,MW,DK1,DK_1,forecast_solar_generation,Solar,2026-09-03T13:06:00Z
2026-09-03T13:05:11Z,2026-09-03T15:05:11+0200,3df1353b-992d-465b-bbfb-ce9652ab7fde,2026-08-28T06:15:00Z,2026-08-28T08:15:00+0200,241.461666,MW,DK1,DK_1,forecast_solar_generation,Solar,2026-09-03T13:06:00Z
2026-09-03T13:05:11Z,2026-09-03T15:05:11+0200,3df1353b-992d-465b-bbfb-ce9652ab7fde,2026-08-28T06:30:00Z,2026-08-28T08:30:00+0200,282.965,MW,DK1,DK_1,forecast_solar_generation,Solar,2026-09-03T13:06:00Z
2026-09-03T13:05:11Z,2026-09-03T15:05:11+0200,3df1353b-992d-465b-bbfb-ce9652ab7fde,2026-08-28T06:45:00Z,2026-08-28T08:45:00+0200,325.628333,MW,DK1,DK_1,forecast_solar_generation,Solar,2026-09-03T13:06:00Z
2026-09-03T13:05:11Z,2026-09-03T15:05:11+0200,3df1353b-992d-465b-bbfb-ce9652ab7fde,2026-08-28T07:00:00Z,2026-08-28T09:00:00+0200,367.873333,MW,DK1,DK_1,forecast_solar_generation,Solar,2026-09-03T13:06:00Z
2026-09-03T13:05:11Z,2026-09-03T15:05:11+0200,3df1353b-992d-465b-bbfb-ce9652ab7fde,2026-08-28T07:15:00Z,2026-08-28T09:15:00+0200,408.74,MW,DK1,DK_1,forecast_solar_generation,Solar,2026-09-03T13:06:00Z
2026-09-03T13:05:11Z,2026-09-03T15:05:11+0200,3df1353b-992d-465b-bbfb-ce9652ab7fde,2026-08-28T07:30:00Z,2026-08-28T09:30:00+0200,446.656666,MW,DK1,DK_1,forecast_solar_generation,Solar,2026-09-03T13:06:00Z
2026-09-03T13:05:11Z,2026-09-03T15:05:11+0200,3df1353b-992d-465b-bbfb-ce9652ab7fde,2026-08-28T07:45:00Z,2026-08-28T09:45:00+0200,480.129999,MW,DK1,DK_1,forecast_solar_generation,Solar,2026-09-03T13:06:00Z
2026-09-03T13:05:11Z,2026-09-03T15:05:11+0200,3df1353b-992d-465b-bbfb-ce9652ab7fde,2026-08-28T08:00:00Z,2026-08-28T10:00:00+0200,508.556666,MW,DK1,DK_1,forecast_solar_generation,Solar,2026-09-03T13:06:00Z
2026-09-03T13:05:11Z,2026-09-03T15:05:11+0200,3df1353b-992d-465b-bbfb-ce9652ab7fde,2026-08-28T08:15:00Z,2026-08-28T10:15:00+0200,531.538333,MW,DK1,DK_1,forecast_solar_generation,Solar,2026-09-03T13:06:00Z
2026-09-03T13:05:11Z,2026-09-03T15:05:11+0200,3df1353b-992d-465b-bbfb-ce9652ab7fde,2026-08-28T08:30:00Z,2026-08-28T10:30:00+0200,547.969999,MW,DK1,DK_1,forecast_solar_generation,Solar,2026-09-03T13:06:00Z
2026-09-03T13:05:11Z,2026-09-03T15:05:11+0200,3df1353b-992d-465b-bbfb-ce9652ab7fde,2026-08-28T08:45:00Z,2026-08-28T10:45:00+0200,556.323333,MW,DK1,DK_1,forecast_solar_generation,Solar,2026-09-03T13:06:00Z
2026-09-03T13:05:11Z,2026-09-03T15:05:11+0200,3df1353b-992d-465b-bbfb-ce9652ab7fde,2026-08-28T09:00:00Z,2026-08-28T11:00:00+0200,557.483333,MW,DK1,DK_1,forecast_solar_generation,Solar,2026-09-03T13:06:00Z
2026-09-03T13:05:11Z,2026-09-03T15:05:11+0200,3df1353b-992d-465b-bbfb-ce9652ab7fde,2026-08-28T09:15:00Z,2026-08-28T11:15:00+0200,553.64,MW,DK1,DK_1,forecast_solar_generation,Solar,2026-09-03T13:06:00Z
2026-09-03T13:05:11Z,2026-09-03T15:05:11+0200,3df1353b-992d-465b-bbfb-ce9652ab7fde,2026-08-28T09:30:00Z,2026-08-28T11:30:00+0200,544.293333,MW,DK1,DK_1,forecast_solar_generation,Solar,2026-09-03T13:06:00Z
2026-09-03T13:05:11Z,2026-09-03T15:05:11+0200,3df1353b-992d-465b-bbfb-ce9652ab7fde,2026-08-28T09:45:00Z,2026-08-28T11:45:00+0200,523.87,MW,DK1,DK_1,forecast_solar_generation,Solar,2026-09-03T13:06:00Z
2026-09-03T13:05:11Z,2026-09-03T15:05:11+0200,3df1353b-992d-465b-bbfb-ce9652ab7fde,2026-08-28T10:00:00Z,2026-08-28T12:00:00+0200,499.076666,MW,DK1,DK_1,forecast_solar_generation,Solar,2026-09-03T13:06:00Z
2026-09-03T13:05:11Z,2026-09-03T15:05:11+0200,3df1353b-992d-465b-bbfb-ce9652ab7fde,2026-08-28T10:15:00Z,2026-08-28T12:15:00+0200,479.969999,MW,DK1,DK_1,forecast_solar_generation,Solar,2026-09-03T13:06:00Z
2026-09-03T13:05:11Z,2026-09-03T15:05:11+0200,3df1353b-992d-465b-bbfb-ce9652ab7fde,2026-08-28T10:30:00Z,2026-08-28T12:30:00+0200,474.789999,MW,DK1,DK_1,forecast_solar_generation,Solar,2026-09-03T13:06:00Z
2026-09-03T13:05:11Z,2026-09-03T15:05:11+0200,3df1353b-992d-465b-bbfb-ce9652ab7fde,2026-08-28T10:45:00Z,2026-08-28T12:45:00+0200,484.161666,MW,DK1,DK_1,forecast_solar_generation,Solar,2026-09-03T13:06:00Z
2026-09-03T13:05:11Z,2026-09-03T15:05:11+0200,3df1353b-992d-465b-bbfb-ce9652ab7fde,2026-08-28T11:00:00Z,2026-08-28T13:00:00+0200,502.773333,MW,DK1,DK_1,forecast_solar_generation,Solar,2026-09-03T13:06:00Z
2026-09-03T13:05:11Z,2026-09-03T15:05:11+0200,3df1353b-992d-465b-bbfb-ce9652ab7fde,2026-08-28T11:15:00Z,2026-08-28T13:15:00+0200,522.743333,MW,DK1,DK_1,forecast_solar_generation,Solar,2026-09-03T13:06:00Z
2026-09-03T13:05:11Z,2026-09-03T15:05:11+0200,3df1353b-992d-465b-bbfb-ce9652ab7fde,2026-08-28T11:30:00Z,2026-08-28T13:30:00+0200,538.448333,MW,DK1,DK_1,forecast_solar_generation,Solar,2026-09-03T13:06:00Z
2026-09-03T13:05:11Z,2026-09-03T15:05:11+0200,3df1353b-992d-465b-bbfb-ce9652ab7fde,2026-08-28T11:45:00Z,2026-08-28T13:45:00+0200,559.471666,MW,DK1,DK_1,forecast_solar_generation,Solar,2026-09-03T13:06:00Z
2026-09-03T13:05:11Z,2026-09-03T15:05:11+0200,3df1353b-992d-465b-bbfb-ce9652ab7fde,2026-08-28T12:00:00Z,2026-08-28T14:00:00+0200,583.094999,MW,DK1,DK_1,forecast_solar_generation,Solar,2026-09-03T13:06:00Z
2026-09-03T13:05:11Z,2026-09-03T15:05:11+0200,3df1353b-992d-465b-bbfb-ce9652ab7fde,2026-08-28T12:15:00Z,2026-08-28T14:15:00+0200,601.34,MW,DK1,DK_1,forecast_solar_generation,Solar,2026-09-03T13:06:00Z
2026-09-03T13:05:11Z,2026-09-03T15:05:11+0200,3df1353b-992d-465b-bbfb-ce9652ab7fde,2026-08-28T12:30:00Z,2026-08-28T14:30:00+0200,611.56,MW,DK1,DK_1,forecast_solar_generation,Solar,2026-09-03T13:06:00Z
2026-09-03T13:05:11Z,2026-09-03T15:05:11+0200,3df1353b-992d-465b-bbfb-ce9652ab7fde,2026-08-28T12:45:00Z,2026-08-28T14:45:00+0200,625.935,MW,DK1,DK_1,forecast_solar_generation,Solar,2026-09-03T13:06:00Z
2026-09-03T13:05:11Z,2026-09-03T15:05:11+0200,3df1353b-992d-465b-bbfb-ce9652ab7fde,2026-08-28T13:00:00Z,2026-08-28T15:00:00+0200,641.443333,MW,DK1,DK_1,forecast_solar_generation,Solar,2026-09-03T13:06:00Z
2026-09-03T13:05:11Z,2026-09-03T15:05:11+0200,3df1353b-992d-465b-bbfb-ce9652ab7fde,2026-08-28T13:15:00Z,2026-08-28T15:15:00+0200,648.245,MW,DK1,DK_1,forecast_solar_generation,Solar,2026-09-03T13:06:00Z
2026-09-03T13:05:11Z,2026-09-03T15:05:11+0200,3df1353b-992d-465b-bbfb-ce9652ab7fde,2026-08-28T13:30:00Z,2026-08-28T15:30:00+0200,638.51,MW,DK1,DK_1,forecast_solar_generation,Solar,2026-09-03T13:06:00Z
2026-09-03T13:05:11Z,2026-09-03T15:05:11+0200,3df1353b-992d-465b-bbfb-ce9652ab7fde,2026-08-28T13:45:00Z,2026-08-28T15:45:00+0200,618.573333,MW,DK1,DK_1,forecast_solar_generation,Solar,2026-09-03T13:06:00Z
2026-09-03T13:05:11Z,2026-09-03T15:05:11+0200,3df1353b-992d-465b-bbfb-ce9652ab7fde,2026-08-28T14:00:00Z,2026-08-28T16:00:00+0200,593.868333,MW,DK1,DK_1,forecast_solar_generation,Solar,2026-09-03T13:06:00Z
2026-09-03T13:05:11Z,2026-09-03T15:05:11+0200,3df1353b-992d-465b-bbfb-ce9652ab7fde,2026-08-28T14:15:00Z,2026-08-28T16:15:00+0200,567.021666,MW,DK1,DK_1,forecast_solar_generation,Solar,2026-09-03T13:06:00Z
2026-09-03T13:05:11Z,2026-09-03T15:05:11+0200,3df1353b-992d-465b-bbfb-ce9652ab7fde,2026-08-28T14:30:00Z,2026-08-28T16:30:00+0200,539.026666,MW,DK1,DK_1,forecast_solar_generation,Solar,2026-09-03T13:06:00Z
2026-09-03T13:05:11Z,2026-09-03T15:05:11+0200,3df1353b-992d-465b-bbfb-ce9652ab7fde,2026-08-28T14:45:00Z,2026-08-28T16:45:00+0200,509.663333,MW,DK1,DK_1,forecast_solar_generation,Solar,2026-09-03T13:06:00Z
2026-09-03T13:05:11Z,2026-09-03T15:05:11+0200,3df1353b-992d-465b-bbfb-ce9652ab7fde,2026-08-28T15:00:00Z,2026-08-28T17:00:00+0200,481.371666,MW,DK1,DK_1,forecast_solar_generation,Solar,2026-09-03T13:06:00Z
2026-09-03T13:05:11Z,2026-09-03T15:05:11+0200,3df1353b-992d-465b-bbfb-ce9652ab7fde,2026-08-28T15:15:00Z,2026-08-28T17:15:00+0200,446.926666,MW,DK1,DK_1,forecast_solar_generation,Solar,2026-09-03T13:06:00Z
2026-09-03T13:05:11Z,2026-09-03T15:05:11+0200,3df1353b-992d-465b-bbfb-ce9652ab7fde,2026-08-28T15:30:00Z,2026-08-28T17:30:00+0200,410.28,MW,DK1,DK_1,forecast_solar_generation,Solar,2026-09-03T13:06:00Z
2026-09-03T13:05:11Z,2026-09-03T15:05:11+0200,3df1353b-992d-465b-bbfb-ce9652ab7fde,2026-08-28T15:45:00Z,2026-08-28T17:45:00+0200,375.435,MW,DK1,DK_1,forecast_solar_generation,Solar,2026-09-03T13:06:00Z
2026-09-03T13:05:11Z,2026-09-03T15:05:11+0200,3df1353b-992d-465b-bbfb-ce9652ab7fde,2026-08-28T16:00:00Z,2026-08-28T18:00:00+0200,339.753333,MW,DK1,DK_1,forecast_solar_generation,Solar,2026-09-03T13:06:00Z
2026-09-03T13:05:11Z,2026-09-03T15:05:11+0200,3df1353b-992d-465b-bbfb-ce9652ab7fde,2026-08-28T16:15:00Z,2026-08-28T18:15:00+0200,299.786666,MW,DK1,DK_1,forecast_solar_generation,Solar,2026-09-03T13:06:00Z
2026-09-03T13:05:11Z,2026-09-03T15:05:11+0200,3df1353b-992d-465b-bbfb-ce9652ab7fde,2026-08-28T16:30:00Z,2026-08-28T18:30:00+0200,256.734999,MW,DK1,DK_1,forecast_solar_generation,Solar,2026-09-03T13:06:00Z
2026-09-03T13:05:11Z,2026-09-03T15:05:11+0200,3df1353b-992d-465b-bbfb-ce9652ab7fde,2026-08-28T16:45:00Z,2026-08-28T18:45:00+0200,216.49,MW,DK1,DK_1,forecast_solar_generation,Solar,2026-09-03T13:06:00Z
2026-09-03T13:05:11Z,2026-09-03T15:05:11+0200,3df1353b-992d-465b-bbfb-ce9652ab7fde,2026-08-28T17:00:00Z,2026-08-28T19:00:00+0200,173.26,MW,DK1,DK_1,forecast_solar_generation,Solar,2026-09-03T13:06:00Z
2026-09-03T13:05:11Z,2026-09-03T15:05:11+0200,3df1353b-992d-465b-bbfb-ce9652ab7fde,2026-08-28T17:15:00Z,2026-08-28T19:15:00+0200,125.275,MW,DK1,DK_1,forecast_solar_generation,Solar,2026-09-03T13:06:00Z
2026-09-03T13:05:11Z,2026-09-03T15:05:11+0200,3df1353b-992d-465b-bbfb-ce9652ab7fde,2026-08-28T17:30:00Z,2026-08-28T19:30:00+0200,76.69,MW,DK1,DK_1,forecast_solar_generation,Solar,2026-09-03T13:06:00Z
2026-09-03T13:05:11Z,2026-09-03T15:05:11+0200,3df1353b-992d-465b-bbfb-ce9652ab7fde,2026-08-28T17:45:00Z,2026-08-28T19:45:00+0200,35.171666,MW,DK1,DK_1,forecast_solar_generation,Solar,2026-09-03T13:06:00Z
2026-09-03T13:05:11Z,2026-09-03T15:05:11+0200,3df1353b-992d-465b-bbfb-ce9652ab7fde,2026-08-28T18:00:00Z,2026-08-28T20:00:00+0200,7.838333,MW,DK1,DK_1,forecast_solar_generation,Solar,2026-09-03T13:06:00Z
2026-09-03T13:05:11Z,2026-09-03T15:05:11+0200,3df1353b-992d-465b-bbfb-ce9652ab7fde,2026-08-28T18:15:00Z,2026-08-28T20:15:00+0200,0.405,MW,DK1,DK_1,forecast_solar_generation,Solar,2026-09-03T13:06:00Z
2026-09-03T13:05:11Z,2026-09-03T15:05:11+0200,3df1353b-992d-465b-bbfb-ce9652ab7fde,2026-08-28T18:30:00Z,2026-08-28T20:30:00+0200,0.0,MW,DK1,DK_1,forecast_solar_generation,Solar,2026-09-03T13:06:00Z
2026-09-03T13:05:11Z,2026-09-03T15:05:11+0200,3df1353b-992d-465b-bbfb-ce9652ab7fde,2026-08-28T18:45:00Z,2026-08-28T20:45:00+0200,0.0,MW,DK1,DK_1,forecast_solar_generation,Solar,2026-09-03T13:06:00Z
2026-09-03T13:05:11Z,2026-09-03T15:05:11+0200,3df1353b-992d-465b-bbfb-ce9652ab7fde,2026-08-28T19:00:00Z,2026-08-28T21:00:00+0200,0.0,MW,DK1,DK_1,forecast_solar_generation,Solar,2026-09-03T13:06:00Z
2026-09-03T13:05:11Z,2026-09-03T15:05:11+0200,3df1353b-992d-465b-bbfb-ce9652ab7fde,2026-08-28T19:15:00Z,2026-08-28T21:15:00+0200,0.0,MW,DK1,DK_1,forecast_solar_generation,Solar,2026-09-03T13:06:00Z
2026-09-03T13:05:11Z,2026-09-03T15:05:11+0200,3df1353b-992d-465b-bbfb-ce9652ab7fde,2026-08-28T19:30:00Z,2026-08-28T21:30:00+0200,0.0,MW,DK1,DK_1,forecast_solar_generation,Solar,2026-09-03T13:06:00Z
2026-09-03T13:05:11Z,2026-09-03T15:05:11+0200,3df1353b-992d-465b-bbfb-ce9652ab7fde,2026-08-28T19:45:00Z,2026-08-28T21:45:00+0200,0.0,MW,DK1,DK_1,forecast_solar_generation,Solar,2026-09-03T13:06:00Z
2026-09-03T13:05:11Z,2026-09-03T15:05:11+0200,3df1353b-992d-465b-bbfb-ce9652ab7fde,2026-08-28T20:00:00Z,2026-08-28T22:00:00+0200,0.0,MW,DK1,DK_1,forecast_solar_generation,Solar,2026-09-03T13:06:00Z
2026-09-03T13:05:11Z,2026-09-03T15:05:11+0200,3df1353b-992d-465b-bbfb-ce9652ab7fde,2026-08-28T20:15:00Z,2026-08-28T22:15:00+0200,0.0,MW,DK1,DK_1,forecast_solar_generation,Solar,2026-09-03T13:06:00Z
2026-09-03T13:05:11Z,2026-09-03T15:05:11+0200,3df1353b-992d-465b-bbfb-ce9652ab7fde,2026-08-28T20:30:00Z,2026-08-28T22:30:00+0200,0.0,MW,DK1,DK_1,forecast_solar_generation,Solar,2026-09-03T13:06:00Z
2026-09-03T13:05:11Z,2026-09-03T15:05:11+0200,3df1353b-992d-465b-bbfb-ce9652ab7fde,2026-08-28T20:45:00Z,2026-08-28T22:45:00+0200,0.0,MW,DK1,DK_1,forecast_solar_generation,Solar,2026-09-03T13:06:00Z
2026-09-03T13:05:11Z,2026-09-03T15:05:11+0200,3df1353b-992d-465b-bbfb-ce9652ab7fde,2026-08-28T21:00:00Z,2026-08-28T23:00:00+0200,0.0,MW,DK1,DK_1,forecast_solar_generation,Solar,2026-09-03T13:06:00Z
2026-09-03T13:05:11Z,2026-09-03T15:05:11+0200,3df1353b-992d-465b-bbfb-ce9652ab7fde,2026-08-28T21:15:00Z,2026-08-28T23:15:00+0200,0.0,MW,DK1,DK_1,forecast_solar_generation,Solar,2026-09-03T13:06:00Z
2026-09-03T13:05:11Z,2026-09-03T15:05:11+0200,3df1353b-992d-465b-bbfb-ce9652ab7fde,2026-08-28T21:30:00Z,2026-08-28T23:30:00+0200,0.0,MW,DK1,DK_1,forecast_solar_generation,Solar,2026-09-03T13:06:00Z
2026-09-03T13:05:11Z,2026-09-03T15:05:11+0200,3df1353b-992d-465b-bbfb-ce9652ab7fde,2026-08-28T21:45:00Z,2026-08-28T23:45:00+0200,0.0,MW,DK1,DK_1,forecast_solar_generation,Solar,2026-09-03T13:06:00Z
2026-09-03T13:05:11Z,2026-09-03T15:05:11+0200,3df1353b-992d-465b-bbfb-ce9652ab7fde,2026-08-28T22:00:00Z,2026-08-29T00:00:00+0200,0.0,MW,DK1,DK_1,forecast_solar_generation,Solar,2026-09-03T13:06:00Z
2026-09-03T13:05:11Z,2026-09-03T15:05:11+0200,3df1353b-992d-465b-bbfb-ce9652ab7fde,2026-08-28T22:15:00Z,2026-08-29T00:15:00+0200,0.0,MW,DK1,DK_1,forecast_solar_generation,Solar,2026-09-03T13:06:00Z
2026-09-03T13:05:11Z,2026-09-03T15:05:11+0200,3df1353b-992d-465b-bbfb-ce9652ab7fde,2026-08-28T22:30:00Z,2026-08-29T00:30:00+0200,0.0,MW,DK1,DK_1,forecast_solar_generation,Solar,2026-09-03T13:06:00Z
2026-09-03T13:05:11Z,2026-09-03T15:05:11+0200,3df1353b-992d-465b-bbfb-ce9652ab7fde,2026-08-28T22:45:00Z,2026-08-29T00:45:00+0200,0.0,MW,DK1,DK_1,forecast_solar_generation,Solar,2026-09-03T13:06:00Z
2026-09-03T13:05:11Z,2026-09-03T15:05:11+0200,3df1353b-992d-465b-bbfb-ce9652ab7fde,2026-08-28T23:00:00Z,2026-08-29T01:00:00+0200,0.0,MW,DK1,DK_1,forecast_solar_generation,Solar,2026-09-03T13:06:00Z
2026-09-03T13:05:11Z,2026-09-03T15:05:11+0200,3df1353b-992d-465b-bbfb-ce9652ab7fde,2026-08-28T23:15:00Z,2026-08-29T01:15:00+0200,0.0,MW,DK1,DK_1,forecast_solar_generation,Solar,2026-09-03T13:06:00Z
2026-09-03T13:05:11Z,2026-09-03T15:05:11+0200,3df1353b-992d-465b-bbfb-ce9652ab7fde,2026-08-28T23:30:00Z,2026-08-29T01:30:00+0200,0.0,MW,DK1,DK_1,forecast_solar_generation,Solar,2026-09-03T13:06:00Z
2026-09-03T13:05:11Z,2026-09-03T15:05:11+0200,3df1353b-992d-465b-bbfb-ce9652ab7fde,2026-08-28T23:45:00Z,2026-08-29T01:45:00+0200,0.0,MW,DK1,DK_1,forecast_solar_generation,Solar,2026-09-03T13:06:00Z
2026-09-03T13:05:11Z,2026-09-03T15:05:11+0200,3df1353b-992d-465b-bbfb-ce9652ab7fde,2026-08-29T00:00:00Z,2026-08-29T02:00:00+0200,0.0,MW,DK1,DK_1,forecast_solar_generation,Solar,2026-09-03T13:06:00Z
2026-09-03T13:05:11Z,2026-09-03T15:05:11+0200,3df1353b-992d-465b-bbfb-ce9652ab7fde,2026-08-29T00:15:00Z,2026-08-29T02:15:00+0200,0.0,MW,DK1,DK_1,forecast_solar_generation,Solar,2026-09-03T13:06:00Z
2026-09-03T13:05:11Z,2026-09-03T15:05:11+0200,3df1353b-992d-465b-bbfb-ce9652ab7fde,2026-08-29T00:30:00Z,2026-08-29T02:30:00+0200,0.0,MW,DK1,DK_1,forecast_solar_generation,Solar,2026-09-03T13:06:00Z
2026-09-03T13:05:11Z,2026-09-03T15:05:11+0200,3df1353b-992d-465b-bbfb-ce9652ab7fde,2026-08-29T00:45:00Z,2026-08-29T02:45:00+0200,0.0,MW,DK1,DK_1,forecast_solar_generation,Solar,2026-09-03T13:06:00Z
2026-09-03T13:05:11Z,2026-09-03T15:05:11+0200,3df1353b-992d-465b-bbfb-ce9652ab7fde,2026-08-29T01:00:00Z,2026-08-29T03:00:00+0200,0.0,MW,DK1,DK_1,forecast_solar_generation,Solar,2026-09-03T13:06:00Z
2026-09-03T13:05:11Z,2026-09-03T15:05:11+0200,3df1353b-992d-465b-bbfb-ce9652ab7fde,2026-08-29T01:15:00Z,2026-08-29T03:15:00+0200,0.0,MW,DK1,DK_1,forecast_solar_generation,Solar,2026-09-03T13:06:00Z
2026-09-03T13:05:11Z,2026-09-03T15:05:11+0200,3df1353b-992d-465b-bbfb-ce9652ab7fde,2026-08-29T01:30:00Z,2026-08-29T03:30:00+0200,0.0,MW,DK1,DK_1,forecast_solar_generation,Solar,2026-09-03T13:06:00Z
2026-09-03T13:05:11Z,2026-09-03T15:05:11+0200,3df1353b-992d-465b-bbfb-ce9652ab7fde,2026-08-29T01:45:00Z,2026-08-29T03:45:00+0200,0.0,MW,DK1,DK_1,forecast_solar_generation,Solar,2026-09-03T13:06:00Z
2026-09-03T13:05:11Z,2026-09-03T15:05:11+0200,3df1353b-992d-465b-bbfb-ce9652ab7fde,2026-08-29T02:00:00Z,2026-08-29T04:00:00+0200,0.0,MW,DK1,DK_1,forecast_solar_generation,Solar,2026-09-03T13:06:00Z
2026-09-03T13:05:11Z,2026-09-03T15:05:11+0200,3df1353b-992d-465b-bbfb-ce9652ab7fde,2026-08-29T02:15:00Z,2026-08-29T04:15:00+0200,0.0,MW,DK1,DK_1,forecast_solar_generation,Solar,2026-09-03T13:06:00Z
2026-09-03T13:05:11Z,2026-09-03T15:05:11+0200,3df1353b-992d-465b-bbfb-ce9652ab7fde,2026-08-29T02:30:00Z,2026-08-29T04:30:00+0200,0.0,MW,DK1,DK_1,forecast_solar_generation,Solar,2026-09-03T13:06:00Z
2026-09-03T13:05:11Z,2026-09-03T15:05:11+0200,3df1353b-992d-465b-bbfb-ce9652ab7fde,2026-08-29T02:45:00Z,2026-08-29T04:45:00+0200,0.0,MW,DK1,DK_1,forecast_solar_generation,Solar,2026-09-03T13:06:00Z
2026-09-03T13:05:11Z,2026-09-03T15:05:11+0200,3df1353b-992d-465b-bbfb-ce9652ab7fde,2026-08-29T03:00:00Z,2026-08-29T05:00:00+0200,0.0,MW,DK1,DK_1,forecast_solar_generation,Solar,2026-09-03T13:06:00Z
2026-09-03T13:05:11Z,2026-09-03T15:05:11+0200,3df1353b-992d-465b-bbfb-ce9652ab7fde,2026-08-29T03:15:00Z,2026-08-29T05:15:00+0200,0.0,MW,DK1,DK_1,forecast_solar_generation,Solar,2026-09-03T13:06:00Z
2026-09-03T13:05:11Z,2026-09-03T15:05:11+0200,3df1353b-992d-465b-bbfb-ce9652ab7fde,2026-08-29T03:30:00Z,2026-08-29T05:30:00+0200,0.0,MW,DK1,DK_1,forecast_solar_generation,Solar,2026-09-03T13:06:00Z
2026-09-03T13:05:11Z,2026-09-03T15:05:11+0200,3df1353b-992d-465b-bbfb-ce9652ab7fde,2026-08-29T03:45:00Z,2026-08-29T05:45:00+0200,0.0,MW,DK1,DK_1,forecast_solar_generation,Solar,2026-09-03T13:06:00Z
2026-09-03T13:05:11Z,2026-09-03T15:05:11+0200,3df1353b-992d-465b-bbfb-ce9652ab7fde,2026-08-29T04:00:00Z,2026-08-29T06:00:00+0200,0.0,MW,DK1,DK_1,forecast_solar_generation,Solar,2026-09-03T13:06:00Z
2026-09-03T13:05:11Z,2026-09-03T15:05:11+0200,3df1353b-992d-465b-bbfb-ce9652ab7fde,2026-08-29T04:15:00Z,2026-08-29T06:15:00+0200,0.241666,MW,DK1,DK_1,forecast_solar_generation,Solar,2026-09-03T13:06:00Z
2026-09-03T13:05:11Z,2026-09-03T15:05:11+0200,3df1353b-992d-465b-bbfb-ce9652ab7fde,2026-08-29T04:30:00Z,2026-08-29T06:30:00+0200,6.863333,MW,DK1,DK_1,forecast_solar_generation,Solar,2026-09-03T13:06:00Z
2026-09-03T13:05:11Z,2026-09-03T15:05:11+0200,3df1353b-992d-465b-bbfb-ce9652ab7fde,2026-08-29T04:45:00Z,2026-08-29T06:45:00+0200,35.598333,MW,DK1,DK_1,forecast_solar_generation,Solar,2026-09-03T13:06:00Z
2026-09-03T13:05:11Z,2026-09-03T15:05:11+0200,3df1353b-992d-465b-bbfb-ce9652ab7fde,2026-08-29T05:00:00Z,2026-08-29T07:00:00+0200,83.181666,MW,DK1,DK_1,forecast_solar_generation,Solar,2026-09-03T13:06:00Z
2026-09-03T13:05:11Z,2026-09-03T15:05:11+0200,3df1353b-992d-465b-bbfb-ce9652ab7fde,2026-08-29T05:15:00Z,2026-08-29T07:15:00+0200,140.681666,MW,DK1,DK_1,forecast_solar_generation,Solar,2026-09-03T13:06:00Z
2026-09-03T13:05:11Z,2026-09-03T15:05:11+0200,3df1353b-992d-465b-bbfb-ce9652ab7fde,2026-08-29T05:30:00Z,2026-08-29T07:30:00+0200,206.106666,MW,DK1,DK_1,forecast_solar_generation,Solar,2026-09-03T13:06:00Z
2026-09-03T13:05:11Z,2026-09-03T15:05:11+0200,3df1353b-992d-465b-bbfb-ce9652ab7fde,2026-08-29T05:45:00Z,2026-08-29T07:45:00+0200,271.353333,MW,DK1,DK_1,forecast_solar_generation,Solar,2026-09-03T13:06:00Z
2026-09-03T13:05:11Z,2026-09-03T15:05:11+0200,3df1353b-992d-465b-bbfb-ce9652ab7fde,2026-08-29T06:00:00Z,2026-08-29T08:00:00+0200,326.881666,MW,DK1,DK_1,forecast_solar_generation,Solar,2026-09-03T13:06:00Z
2026-09-03T13:05:11Z,2026-09-03T15:05:11+0200,3df1353b-992d-465b-bbfb-ce9652ab7fde,2026-08-29T06:15:00Z,2026-08-29T08:15:00+0200,383.321666,MW,DK1,DK_1,forecast_solar_generation,Solar,2026-09-03T13:06:00Z
2026-09-03T13:05:11Z,2026-09-03T15:05:11+0200,3df1353b-992d-465b-bbfb-ce9652ab7fde,2026-08-29T06:30:00Z,2026-08-29T08:30:00+0200,443.96,MW,DK1,DK_1,forecast_solar_generation,Solar,2026-09-03T13:06:00Z
2026-09-03T13:05:11Z,2026-09-03T15:05:11+0200,3df1353b-992d-465b-bbfb-ce9652ab7fde,2026-08-29T06:45:00Z,2026-08-29T08:45:00+0200,499.746666,MW,DK1,DK_1,forecast_solar_generation,Solar,2026-09-03T13:06:00Z
2026-09-03T13:05:11Z,2026-09-03T15:05:11+0200,3df1353b-992d-465b-bbfb-ce9652ab7fde,2026-08-29T07:00:00Z,2026-08-29T09:00:00+0200,541.371666,MW,DK1,DK_1,forecast_solar_generation,Solar,2026-09-03T13:06:00Z
2026-09-03T13:05:11Z,2026-09-03T15:05:11+0200,3df1353b-992d-465b-bbfb-ce9652ab7fde,2026-08-29T07:15:00Z,2026-08-29T09:15:00+0200,539.13,MW,DK1,DK_1,forecast_solar_generation,Solar,2026-09-03T13:06:00Z
2026-09-03T13:05:11Z,2026-09-03T15:05:11+0200,3df1353b-992d-465b-bbfb-ce9652ab7fde,2026-08-29T07:30:00Z,2026-08-29T09:30:00+0200,547.781666,MW,DK1,DK_1,forecast_solar_generation,Solar,2026-09-03T13:06:00Z
2026-09-03T13:05:11Z,2026-09-03T15:05:11+0200,3df1353b-992d-465b-bbfb-ce9652ab7fde,2026-08-29T07:45:00Z,2026-08-29T09:45:00+0200,589.54,MW,DK1,DK_1,forecast_solar_generation,Solar,2026-09-03T13:06:00Z
2026-09-03T13:05:11Z,2026-09-03T15:05:11+0200,3df1353b-992d-465b-bbfb-ce9652ab7fde,2026-08-29T08:00:00Z,2026-08-29T10:00:00+0200,623.938333,MW,DK1,DK_1,forecast_solar_generation,Solar,2026-09-03T13:06:00Z
2026-09-03T13:05:11Z,2026-09-03T15:05:11+0200,3df1353b-992d-465b-bbfb-ce9652ab7fde,2026-08-29T08:15:00Z,2026-08-29T10:15:00+0200,665.426666,MW,DK1,DK_1,forecast_solar_generation,Solar,2026-09-03T13:06:00Z
2026-09-03T13:05:11Z,2026-09-03T15:05:11+0200,3df1353b-992d-465b-bbfb-ce9652ab7fde,2026-08-29T08:30:00Z,2026-08-29T10:30:00+0200,702.593333,MW,DK1,DK_1,forecast_solar_generation,Solar,2026-09-03T13:06:00Z
2026-09-03T13:05:11Z,2026-09-03T15:05:11+0200,3df1353b-992d-465b-bbfb-ce9652ab7fde,2026-08-29T08:45:00Z,2026-08-29T10:45:00+0200,738.02,MW,DK1,DK_1,forecast_solar_generation,Solar,2026-09-03T13:06:00Z
2026-09-03T13:05:11Z,2026-09-03T15:05:11+0200,3df1353b-992d-465b-bbfb-ce9652ab7fde,2026-08-29T09:00:00Z,2026-08-29T11:00:00+0200,765.231666,MW,DK1,DK_1,forecast_solar_generation,Solar,2026-09-03T13:06:00Z
2026-09-03T13:05:11Z,2026-09-03T15:05:11+0200,3df1353b-992d-465b-bbfb-ce9652ab7fde,2026-08-29T09:15:00Z,2026-08-29T11:15:00+0200,794.54,MW,DK1,DK_1,forecast_solar_generation,Solar,2026-09-03T13:06:00Z
2026-09-03T13:05:11Z,2026-09-03T15:05:11+0200,3df1353b-992d-465b-bbfb-ce9652ab7fde,2026-08-29T09:30:00Z,2026-08-29T11:30:00+0200,815.61,MW,DK1,DK_1,forecast_solar_generation,Solar,2026-09-03T13:06:00Z
2026-09-03T13:05:11Z,2026-09-03T15:05:11+0200,3df1353b-992d-465b-bbfb-ce9652ab7fde,2026-08-29T09:45:00Z,2026-08-29T11:45:00+0200,821.811666,MW,DK1,DK_1,forecast_solar_generation,Solar,2026-09-03T13:06:00Z
2026-09-03T13:05:11Z,2026-09-03T15:05:11+0200,3df1353b-992d-465b-bbfb-ce9652ab7fde,2026-08-29T10:00:00Z,2026-08-29T12:00:00+0200,819.71,MW,DK1,DK_1,forecast_solar_generation,Solar,2026-09-03T13:06:00Z
2026-09-03T13:05:11Z,2026-09-03T15:05:11+0200,3df1353b-992d-465b-bbfb-ce9652ab7fde,2026-08-29T10:15:00Z,2026-08-29T12:15:00+0200,838.711666,MW,DK1,DK_1,forecast_solar_generation,Solar,2026-09-03T13:06:00Z
2026-09-03T13:05:11Z,2026-09-03T15:05:11+0200,3df1353b-992d-465b-bbfb-ce9652ab7fde,2026-08-29T10:30:00Z,2026-08-29T12:30:00+0200,829.738333,MW,DK1,DK_1,forecast_solar_generation,Solar,2026-09-03T13:06:00Z
2026-09-03T13:05:11Z,2026-09-03T15:05:11+0200,3df1353b-992d-465b-bbfb-ce9652ab7fde,2026-08-29T10:45:00Z,2026-08-29T12:45:00+0200,835.553333,MW,DK1,DK_1,forecast_solar_generation,Solar,2026-09-03T13:06:00Z
2026-09-03T13:05:11Z,2026-09-03T15:05:11+0200,3df1353b-992d-465b-bbfb-ce9652ab7fde,2026-08-29T11:00:00Z,2026-08-29T13:00:00+0200,852.6,MW,DK1,DK_1,forecast_solar_generation,Solar,2026-09-03T13:06:00Z
2026-09-03T13:05:11Z,2026-09-03T15:05:11+0200,3df1353b-992d-465b-bbfb-ce9652ab7fde,2026-08-29T11:15:00Z,2026-08-29T13:15:00+0200,865.083333,MW,DK1,DK_1,forecast_solar_generation,Solar,2026-09-03T13:06:00Z
2026-09-03T13:05:11Z,2026-09-03T15:05:11+0200,3df1353b-992d-465b-bbfb-ce9652ab7fde,2026-08-29T11:30:00Z,2026-08-29T13:30:00+0200,862.478333,MW,DK1,DK_1,forecast_solar_generation,Solar,2026-09-03T13:06:00Z
2026-09-03T13:05:11Z,2026-09-03T15:05:11+0200,3df1353b-992d-465b-bbfb-ce9652ab7fde,2026-08-29T11:45:00Z,2026-08-29T13:45:00+0200,886.593333,MW,DK1,DK_1,forecast_solar_generation,Solar,2026-09-03T13:06:00Z
2026-09-03T13:05:11Z,2026-09-03T15:05:11+0200,3df1353b-992d-465b-bbfb-ce9652ab7fde,2026-08-29T12:00:00Z,2026-08-29T14:00:00+0200,930.291666,MW,DK1,DK_1,forecast_solar_generation,Solar,2026-09-03T13:06:00Z
2026-09-03T13:05:11Z,2026-09-03T15:05:11+0200,3df1353b-992d-465b-bbfb-ce9652ab7fde,2026-08-29T12:15:00Z,2026-08-29T14:15:00+0200,949.221666,MW,DK1,DK_1,forecast_solar_generation,Solar,2026-09-03T13:06:00Z
2026-09-03T13:05:11Z,2026-09-03T15:05:11+0200,3df1353b-992d-465b-bbfb-ce9652ab7fde,2026-08-29T12:30:00Z,2026-08-29T14:30:00+0200,953.521666,MW,DK1,DK_1,forecast_solar_generation,Solar,2026-09-03T13:06:00Z
2026-09-03T13:05:11Z,2026-09-03T15:05:11+0200,3df1353b-992d-465b-bbfb-ce9652ab7fde,2026-08-29T12:45:00Z,2026-08-29T14:45:00+0200,945.691666,MW,DK1,DK_1,forecast_solar_generation,Solar,2026-09-03T13:06:00Z
2026-09-03T13:05:11Z,2026-09-03T15:05:11+0200,3df1353b-992d-465b-bbfb-ce9652ab7fde,2026-08-29T13:00:00Z,2026-08-29T15:00:00+0200,978.776666,MW,DK1,DK_1,forecast_solar_generation,Solar,2026-09-03T13:06:00Z
2026-09-03T13:05:11Z,2026-09-03T15:05:11+0200,3df1353b-992d-465b-bbfb-ce9652ab7fde,2026-08-29T13:15:00Z,2026-08-29T15:15:00+0200,981.1,MW,DK1,DK_1,forecast_solar_generation,Solar,2026-09-03T13:06:00Z
2026-09-03T13:05:11Z,2026-09-03T15:05:11+0200,3df1353b-992d-465b-bbfb-ce9652ab7fde,2026-08-29T13:30:00Z,2026-08-29T15:30:00+0200,1008.931666,MW,DK1,DK_1,forecast_solar_generation,Solar,2026-09-03T13:06:00Z
2026-09-03T13:05:11Z,2026-09-03T15:05:11+0200,3df1353b-992d-465b-bbfb-ce9652ab7fde,2026-08-29T13:45:00Z,2026-08-29T15:45:00+0200,1126.393333,MW,DK1,DK_1,forecast_solar_generation,Solar,2026-09-03T13:06:00Z
2026-09-03T13:05:11Z,2026-09-03T15:05:11+0200,3df1353b-992d-465b-bbfb-ce9652ab7fde,2026-08-29T14:00:00Z,2026-08-29T16:00:00+0200,940.043333,MW,DK1,DK_1,forecast_solar_generation,Solar,2026-09-03T13:06:00Z
2026-09-03T13:05:11Z,2026-09-03T15:05:11+0200,3df1353b-992d-465b-bbfb-ce9652ab7fde,2026-08-29T14:15:00Z,2026-08-29T16:15:00+0200,1092.096666,MW,DK1,DK_1,forecast_solar_generation,Solar,2026-09-03T13:06:00Z
2026-09-03T13:05:11Z,2026-09-03T15:05:11+0200,3df1353b-992d-465b-bbfb-ce9652ab7fde,2026-08-29T14:30:00Z,2026-08-29T16:30:00+0200,1098.673333,MW,DK1,DK_1,forecast_solar_generation,Solar,2026-09-03T13:06:00Z
2026-09-03T13:05:11Z,2026-09-03T15:05:11+0200,3df1353b-992d-465b-bbfb-ce9652ab7fde,2026-08-29T14:45:00Z,2026-08-29T16:45:00+0200,1053.083333,MW,DK1,DK_1,forecast_solar_generation,Solar,2026-09-03T13:06:00Z
2026-09-03T13:05:11Z,2026-09-03T15:05:11+0200,3df1353b-992d-465b-bbfb-ce9652ab7fde,2026-08-29T15:00:00Z,2026-08-29T17:00:00+0200,1003.698333,MW,DK1,DK_1,forecast_solar_generation,Solar,2026-09-03T13:06:00Z
2026-09-03T13:05:11Z,2026-09-03T15:05:11+0200,3df1353b-992d-465b-bbfb-ce9652ab7fde,2026-08-29T15:15:00Z,2026-08-29T17:15:00+0200,938.39,MW,DK1,DK_1,forecast_solar_generation,Solar,2026-09-03T13:06:00Z
2026-09-03T13:05:11Z,2026-09-03T15:05:11+0200,3df1353b-992d-465b-bbfb-ce9652ab7fde,2026-08-29T15:30:00Z,2026-08-29T17:30:00+0200,853.286666,MW,DK1,DK_1,forecast_solar_generation,Solar,2026-09-03T13:06:00Z
2026-09-03T13:05:11Z,2026-09-03T15:05:11+0200,3df1353b-992d-465b-bbfb-ce9652ab7fde,2026-08-29T15:45:00Z,2026-08-29T17:45:00+0200,761.074999,MW,DK1,DK_1,forecast_solar_generation,Solar,2026-09-03T13:06:00Z
2026-09-03T13:05:11Z,2026-09-03T15:05:11+0200,3df1353b-992d-465b-bbfb-ce9652ab7fde,2026-08-29T16:00:00Z,2026-08-29T18:00:00+0200,671.54,MW,DK1,DK_1,forecast_solar_generation,Solar,2026-09-03T13:06:00Z
2026-09-03T13:05:11Z,2026-09-03T15:05:11+0200,3df1353b-992d-465b-bbfb-ce9652ab7fde,2026-08-29T16:15:00Z,2026-08-29T18:15:00+0200,569.338333,MW,DK1,DK_1,forecast_solar_generation,Solar,2026-09-03T13:06:00Z
2026-09-03T13:05:11Z,2026-09-03T15:05:11+0200,3df1353b-992d-465b-bbfb-ce9652ab7fde,2026-08-29T16:30:00Z,2026-08-29T18:30:00+0200,465.559999,MW,DK1,DK_1,forecast_solar_generation,Solar,2026-09-03T13:06:00Z
2026-09-03T13:05:11Z,2026-09-03T15:05:11+0200,3df1353b-992d-465b-bbfb-ce9652ab7fde,2026-08-29T16:45:00Z,2026-08-29T18:45:00+0200,367.504999,MW,DK1,DK_1,forecast_solar_generation,Solar,2026-09-03T13:06:00Z
2026-09-03T13:05:11Z,2026-09-03T15:05:11+0200,3df1353b-992d-465b-bbfb-ce9652ab7fde,2026-08-29T17:00:00Z,2026-08-29T19:00:00+0200,273.338333,MW,DK1,DK_1,forecast_solar_generation,Solar,2026-09-03T13:06:00Z
2026-09-03T13:05:11Z,2026-09-03T15:05:11+0200,3df1353b-992d-465b-bbfb-ce9652ab7fde,2026-08-29T17:15:00Z,2026-08-29T19:15:00+0200,184.386666,MW,DK1,DK_1,forecast_solar_generation,Solar,2026-09-03T13:06:00Z
2026-09-03T13:05:11Z,2026-09-03T15:05:11+0200,3df1353b-992d-465b-bbfb-ce9652ab7fde,2026-08-29T17:30:00Z,2026-08-29T19:30:00+0200,105.121666,MW,DK1,DK_1,forecast_solar_generation,Solar,2026-09-03T13:06:00Z
2026-09-03T13:05:11Z,2026-09-03T15:05:11+0200,3df1353b-992d-465b-bbfb-ce9652ab7fde,2026-08-29T17:45:00Z,2026-08-29T19:45:00+0200,43.208333,MW,DK1,DK_1,forecast_solar_generation,Solar,2026-09-03T13:06:00Z
2026-09-03T13:05:11Z,2026-09-03T15:05:11+0200,3df1353b-992d-465b-bbfb-ce9652ab7fde,2026-08-29T18:00:00Z,2026-08-29T20:00:00+0200,7.713333,MW,DK1,DK_1,forecast_solar_generation,Solar,2026-09-03T13:06:00Z
2026-09-03T13:05:11Z,2026-09-03T15:05:11+0200,3df1353b-992d-465b-bbfb-ce9652ab7fde,2026-08-29T18:15:00Z,2026-08-29T20:15:00+0200,0.236666,MW,DK1,DK_1,forecast_solar_generation,Solar,2026-09-03T13:06:00Z
2026-09-03T13:05:11Z,2026-09-03T15:05:11+0200,3df1353b-992d-465b-bbfb-ce9652ab7fde,2026-08-29T18:30:00Z,2026-08-29T20:30:00+0200,0.0,MW,DK1,DK_1,forecast_solar_generation,Solar,2026-09-03T13:06:00Z
2026-09-03T13:05:11Z,2026-09-03T15:05:11+0200,3df1353b-992d-465b-bbfb-ce9652ab7fde,2026-08-29T18:45:00Z,2026-08-29T20:45:00+0200,0.0,MW,DK1,DK_1,forecast_solar_generation,Solar,2026-09-03T13:06:00Z
2026-09-03T13:05:11Z,2026-09-03T15:05:11+0200,3df1353b-992d-465b-bbfb-ce9652ab7fde,2026-08-29T19:00:00Z,2026-08-29T21:00:00+0200,0.0,MW,DK1,DK_1,forecast_solar_generation,Solar,2026-09-03T13:06:00Z
2026-09-03T13:05:11Z,2026-09-03T15:05:11+0200,3df1353b-992d-465b-bbfb-ce9652ab7fde,2026-08-29T19:15:00Z,2026-08-29T21:15:00+0200,0.0,MW,DK1,DK_1,forecast_solar_generation,Solar,2026-09-03T13:06:00Z
2026-09-03T13:05:11Z,2026-09-03T15:05:11+0200,3df1353b-992d-465b-bbfb-ce9652ab7fde,2026-08-29T19:30:00Z,2026-08-29T21:30:00+0200,0.0,MW,DK1,DK_1,forecast_solar_generation,Solar,2026-09-03T13:06:00Z
2026-09-03T13:05:11Z,2026-09-03T15:05:11+0200,3df1353b-992d-465b-bbfb-ce9652ab7fde,2026-08-29T19:45:00Z,2026-08-29T21:45:00+0200,0.0,MW,DK1,DK_1,forecast_solar_generation,Solar,2026-09-03T13:06:00Z
2026-09-03T13:05:11Z,2026-09-03T15:05:11+0200,3df1353b-992d-465b-bbfb-ce9652ab7fde,2026-08-29T20:00:00Z,2026-08-29T22:00:00+0200,0.0,MW,DK1,DK_1,forecast_solar_generation,Solar,2026-09-03T13:06:00Z
2026-09-03T13:05:11Z,2026-09-03T15:05:11+0200,3df1353b-992d-465b-bbfb-ce9652ab7fde,2026-08-29T20:15:00Z,2026-08-29T22:15:00+0200,0.0,MW,DK1,DK_1,forecast_solar_generation,Solar,2026-09-03T13:06:00Z
2026-09-03T13:05:11Z,2026-09-03T15:05:11+0200,3df1353b-992d-465b-bbfb-ce9652ab7fde,2026-08-29T20:30:00Z,2026-08-29T22:30:00+0200,0.0,MW,DK1,DK_1,forecast_solar_generation,Solar,2026-09-03T13:06:00Z
2026-09-03T13:05:11Z,2026-09-03T15:05:11+0200,3df1353b-992d-465b-bbfb-ce9652ab7fde,2026-08-29T20:45:00Z,2026-08-29T22:45:00+0200,0.0,MW,DK1,DK_1,forecast_solar_generation,Solar,2026-09-03T13:06:00Z
2026-09-03T13:05:11Z,2026-09-03T15:05:11+0200,3df1353b-992d-465b-bbfb-ce9652ab7fde,2026-08-29T21:00:00Z,2026-08-29T23:00:00+0200,0.0,MW,DK1,DK_1,forecast_solar_generation,Solar,2026-09-03T13:06:00Z
2026-09-03T13:05:11Z,2026-09-03T15:05:11+0200,3df1353b-992d-465b-bbfb-ce9652ab7fde,2026-08-29T21:15:00Z,2026-08-29T23:15:00+0200,0.0,MW,DK1,DK_1,forecast_solar_generation,Solar,2026-09-03T13:06:00Z
2026-09-03T13:05:11Z,2026-09-03T15:05:11+0200,3df1353b-992d-465b-bbfb-ce9652ab7fde,2026-08-29T21:30:00Z,2026-08-29T23:30:00+0200,0.0,MW,DK1,DK_1,forecast_solar_generation,Solar,2026-09-03T13:06:00Z
2026-09-03T13:05:11Z,2026-09-03T15:05:11+0200,3df1353b-992d-465b-bbfb-ce9652ab7fde,2026-08-29T21:45:00Z,2026-08-29T23:45:00+0200,0.0,MW,DK1,DK_1,forecast_solar_generation,Solar,2026-09-03T13:06:00Z
2026-09-03T13:05:11Z,2026-09-03T15:05:11+0200,3df1353b-992d-465b-bbfb-ce9652ab7fde,2026-08-29T22:00:00Z,2026-08-30T00:00:00+0200,0.0,MW,DK1,DK_1,forecast_solar_generation,Solar,2026-09-03T13:06:00Z
2026-09-03T13:05:11Z,2026-09-03T15:05:11+0200,3df1353b-992d-465b-bbfb-ce9652ab7fde,2026-08-29T22:15:00Z,2026-08-30T00:15:00+0200,0.0,MW,DK1,DK_1,forecast_solar_generation,Solar,2026-09-03T13:06:00Z
2026-09-03T13:05:11Z,2026-09-03T15:05:11+0200,3df1353b-992d-465b-bbfb-ce9652ab7fde,2026-08-29T22:30:00Z,2026-08-30T00:30:00+0200,0.0,MW,DK1,DK_1,forecast_solar_generation,Solar,2026-09-03T13:06:00Z
2026-09-03T13:05:11Z,2026-09-03T15:05:11+0200,3df1353b-992d-465b-bbfb-ce9652ab7fde,2026-08-29T22:45:00Z,2026-08-30T00:45:00+0200,0.0,MW,DK1,DK_1,forecast_solar_generation,Solar,2026-09-03T13:06:00Z
2026-09-03T13:05:11Z,2026-09-03T15:05:11+0200,3df1353b-992d-465b-bbfb-ce9652ab7fde,2026-08-29T23:00:00Z,2026-08-30T01:00:00+0200,0.0,MW,DK1,DK_1,forecast_solar_generation,Solar,2026-09-03T13:06:00Z
2026-09-03T13:05:11Z,2026-09-03T15:05:11+0200,3df1353b-992d-465b-bbfb-ce9652ab7fde,2026-08-29T23:15:00Z,2026-08-30T01:15:00+0200,0.0,MW,DK1,DK_1,forecast_solar_generation,Solar,2026-09-03T13:06:00Z
2026-09-03T13:05:11Z,2026-09-03T15:05:11+0200,3df1353b-992d-465b-bbfb-ce9652ab7fde,2026-08-29T23:30:00Z,2026-08-30T01:30:00+0200,0.0,MW,DK1,DK_1,forecast_solar_generation,Solar,2026-09-03T13:06:00Z
2026-09-03T13:05:11Z,2026-09-03T15:05:11+0200,3df1353b-992d-465b-bbfb-ce9652ab7fde,2026-08-29T23:45:00Z,2026-08-30T01:45:00+0200,0.0,MW,DK1,DK_1,forecast_solar_generation,Solar,2026-09-03T13:06:00Z
2026-09-03T13:05:11Z,2026-09-03T15:05:11+0200,3df1353b-992d-465b-bbfb-ce9652ab7fde,2026-08-30T00:00:00Z,2026-08-30T02:00:00+0200,0.0,MW,DK1,DK_1,forecast_solar_generation,Solar,2026-09-03T13:06:00Z
2026-09-03T13:05:11Z,2026-09-03T15:05:11+0200,3df1353b-992d-465b-bbfb-ce9652ab7fde,2026-08-30T00:15:00Z,2026-08-30T02:15:00+0200,0.0,MW,DK1,DK_1,forecast_solar_generation,Solar,2026-09-03T13:06:00Z
2026-09-03T13:05:11Z,2026-09-03T15:05:11+0200,3df1353b-992d-465b-bbfb-ce9652ab7fde,2026-08-30T00:30:00Z,2026-08-30T02:30:00+0200,0.0,MW,DK1,DK_1,forecast_solar_generation,Solar,2026-09-03T13:06:00Z
2026-09-03T13:05:11Z,2026-09-03T15:05:11+0200,3df1353b-992d-465b-bbfb-ce9652ab7fde,2026-08-30T00:45:00Z,2026-08-30T02:45:00+0200,0.0,MW,DK1,DK_1,forecast_solar_generation,Solar,2026-09-03T13:06:00Z
2026-09-03T13:05:11Z,2026-09-03T15:05:11+0200,3df1353b-992d-465b-bbfb-ce9652ab7fde,2026-08-30T01:00:00Z,2026-08-30T03:00:00+0200,0.0,MW,DK1,DK_1,forecast_solar_generation,Solar,2026-09-03T13:06:00Z
2026-09-03T13:05:11Z,2026-09-03T15:05:11+0200,3df1353b-992d-465b-bbfb-ce9652ab7fde,2026-08-30T01:15:00Z,2026-08-30T03:15:00+0200,0.0,MW,DK1,DK_1,forecast_solar_generation,Solar,2026-09-03T13:06:00Z
2026-09-03T13:05:11Z,2026-09-03T15:05:11+0200,3df1353b-992d-465b-bbfb-ce9652ab7fde,2026-08-30T01:30:00Z,2026-08-30T03:30:00+0200,0.0,MW,DK1,DK_1,forecast_solar_generation,Solar,2026-09-03T13:06:00Z
2026-09-03T13:05:11Z,2026-09-03T15:05:11+0200,3df1353b-992d-465b-bbfb-ce9652ab7fde,2026-08-30T01:45:00Z,2026-08-30T03:45:00+0200,0.0,MW,DK1,DK_1,forecast_solar_generation,Solar,2026-09-03T13:06:00Z
2026-09-03T13:05:11Z,2026-09-03T15:05:11+0200,3df1353b-992d-465b-bbfb-ce9652ab7fde,2026-08-30T02:00:00Z,2026-08-30T04:00:00+0200,0.0,MW,DK1,DK_1,forecast_solar_generation,Solar,2026-09-03T13:06:00Z
2026-09-03T13:05:11Z,2026-09-03T15:05:11+0200,3df1353b-992d-465b-bbfb-ce9652ab7fde,2026-08-30T02:15:00Z,2026-08-30T04:15:00+0200,0.0,MW,DK1,DK_1,forecast_solar_generation,Solar,2026-09-03T13:06:00Z
2026-09-03T13:05:11Z,2026-09-03T15:05:11+0200,3df1353b-992d-465b-bbfb-ce9652ab7fde,2026-08-30T02:30:00Z,2026-08-30T04:30:00+0200,0.0,MW,DK1,DK_1,forecast_solar_generation,Solar,2026-09-03T13:06:00Z
2026-09-03T13:05:11Z,2026-09-03T15:05:11+0200,3df1353b-992d-465b-bbfb-ce9652ab7fde,2026-08-30T02:45:00Z,2026-08-30T04:45:00+0200,0.0,MW,DK1,DK_1,forecast_solar_generation,Solar,2026-09-03T13:06:00Z
2026-09-03T13:05:11Z,2026-09-03T15:05:11+0200,3df1353b-992d-465b-bbfb-ce9652ab7fde,2026-08-30T03:00:00Z,2026-08-30T05:00:00+0200,0.0,MW,DK1,DK_1,forecast_solar_generation,Solar,2026-09-03T13:06:00Z
2026-09-03T13:05:11Z,2026-09-03T15:05:11+0200,3df1353b-992d-465b-bbfb-ce9652ab7fde,2026-08-30T03:15:00Z,2026-08-30T05:15:00+0200,0.0,MW,DK1,DK_1,forecast_solar_generation,Solar,2026-09-03T13:06:00Z
2026-09-03T13:05:11Z,2026-09-03T15:05:11+0200,3df1353b-992d-465b-bbfb-ce9652ab7fde,2026-08-30T03:30:00Z,2026-08-30T05:30:00+0200,0.0,MW,DK1,DK_1,forecast_solar_generation,Solar,2026-09-03T13:06:00Z
2026-09-03T13:05:11Z,2026-09-03T15:05:11+0200,3df1353b-992d-465b-bbfb-ce9652ab7fde,2026-08-30T03:45:00Z,2026-08-30T05:45:00+0200,0.0,MW,DK1,DK_1,forecast_solar_generation,Solar,2026-09-03T13:06:00Z
2026-09-03T13:05:11Z,2026-09-03T15:05:11+0200,3df1353b-992d-465b-bbfb-ce9652ab7fde,2026-08-30T04:00:00Z,2026-08-30T06:00:00+0200,0.0,MW,DK1,DK_1,forecast_solar_generation,Solar,2026-09-03T13:06:00Z
2026-09-03T13:05:11Z,2026-09-03T15:05:11+0200,3df1353b-992d-465b-bbfb-ce9652ab7fde,2026-08-30T04:15:00Z,2026-08-30T06:15:00+0200,0.08,MW,DK1,DK_1,forecast_solar_generation,Solar,2026-09-03T13:06:00Z
2026-09-03T13:05:11Z,2026-09-03T15:05:11+0200,3df1353b-992d-465b-bbfb-ce9652ab7fde,2026-08-30T04:30:00Z,2026-08-30T06:30:00+0200,2.758333,MW,DK1,DK_1,forecast_solar_generation,Solar,2026-09-03T13:06:00Z
2026-09-03T13:05:11Z,2026-09-03T15:05:11+0200,3df1353b-992d-465b-bbfb-ce9652ab7fde,2026-08-30T04:45:00Z,2026-08-30T06:45:00+0200,17.005,MW,DK1,DK_1,forecast_solar_generation,Solar,2026-09-03T13:06:00Z
2026-09-03T13:05:11Z,2026-09-03T15:05:11+0200,3df1353b-992d-465b-bbfb-ce9652ab7fde,2026-08-30T05:00:00Z,2026-08-30T07:00:00+0200,41.931666,MW,DK1,DK_1,forecast_solar_generation,Solar,2026-09-03T13:06:00Z
2026-09-03T13:05:11Z,2026-09-03T15:05:11+0200,3df1353b-992d-465b-bbfb-ce9652ab7fde,2026-08-30T05:15:00Z,2026-08-30T07:15:00+0200,71.146666,MW,DK1,DK_1,forecast_solar_generation,Solar,2026-09-03T13:06:00Z
2026-09-03T13:05:11Z,2026-09-03T15:05:11+0200,3df1353b-992d-465b-bbfb-ce9652ab7fde,2026-08-30T05:30:00Z,2026-08-30T07:30:00+0200,104.603333,MW,DK1,DK_1,forecast_solar_generation,Solar,2026-09-03T13:06:00Z
2026-09-03T13:05:11Z,2026-09-03T15:05:11+0200,3df1353b-992d-465b-bbfb-ce9652ab7fde,2026-08-30T05:45:00Z,2026-08-30T07:45:00+0200,139.243333,MW,DK1,DK_1,forecast_solar_generation,Solar,2026-09-03T13:06:00Z
2026-09-03T13:05:11Z,2026-09-03T15:05:11+0200,3df1353b-992d-465b-bbfb-ce9652ab7fde,2026-08-30T06:00:00Z,2026-08-30T08:00:00+0200,172.503333,MW,DK1,DK_1,forecast_solar_generation,Solar,2026-09-03T13:06:00Z
2026-09-03T13:05:11Z,2026-09-03T15:05:11+0200,3df1353b-992d-465b-bbfb-ce9652ab7fde,2026-08-30T06:15:00Z,2026-08-30T08:15:00+0200,205.005,MW,DK1,DK_1,forecast_solar_generation,Solar,2026-09-03T13:06:00Z
2026-09-03T13:05:11Z,2026-09-03T15:05:11+0200,3df1353b-992d-465b-bbfb-ce9652ab7fde,2026-08-30T06:30:00Z,2026-08-30T08:30:00+0200,238.038333,MW,DK1,DK_1,forecast_solar_generation,Solar,2026-09-03T13:06:00Z
2026-09-03T13:05:11Z,2026-09-03T15:05:11+0200,3df1353b-992d-465b-bbfb-ce9652ab7fde,2026-08-30T06:45:00Z,2026-08-30T08:45:00+0200,268.181666,MW,DK1,DK_1,forecast_solar_generation,Solar,2026-09-03T13:06:00Z
2026-09-03T13:05:11Z,2026-09-03T15:05:11+0200,3df1353b-992d-465b-bbfb-ce9652ab7fde,2026-08-30T07:00:00Z,2026-08-30T09:00:00+0200,298.349999,MW,DK1,DK_1,forecast_solar_generation,Solar,2026-09-03T13:06:00Z
2026-09-03T13:05:11Z,2026-09-03T15:05:11+0200,3df1353b-992d-465b-bbfb-ce9652ab7fde,2026-08-30T07:15:00Z,2026-08-30T09:15:00+0200,325.635,MW,DK1,DK_1,forecast_solar_generation,Solar,2026-09-03T13:06:00Z
2026-09-03T13:05:11Z,2026-09-03T15:05:11+0200,3df1353b-992d-465b-bbfb-ce9652ab7fde,2026-08-30T07:30:00Z,2026-08-30T09:30:00+0200,351.49,MW,DK1,DK_1,forecast_solar_generation,Solar,2026-09-03T13:06:00Z
2026-09-03T13:05:11Z,2026-09-03T15:05:11+0200,3df1353b-992d-465b-bbfb-ce9652ab7fde,2026-08-30T07:45:00Z,2026-08-30T09:45:00+0200,374.116666,MW,DK1,DK_1,forecast_solar_generation,Solar,2026-09-03T13:06:00Z
2026-09-03T13:05:11Z,2026-09-03T15:05:11+0200,3df1353b-992d-465b-bbfb-ce9652ab7fde,2026-08-30T08:00:00Z,2026-08-30T10:00:00+0200,393.789999,MW,DK1,DK_1,forecast_solar_generation,Solar,2026-09-03T13:06:00Z
2026-09-03T13:05:11Z,2026-09-03T15:05:11+0200,3df1353b-992d-465b-bbfb-ce9652ab7fde,2026-08-30T08:15:00Z,2026-08-30T10:15:00+0200,411.743333,MW,DK1,DK_1,forecast_solar_generation,Solar,2026-09-03T13:06:00Z
2026-09-03T13:05:11Z,2026-09-03T15:05:11+0200,3df1353b-992d-465b-bbfb-ce9652ab7fde,2026-08-30T08:30:00Z,2026-08-30T10:30:00+0200,429.715,MW,DK1,DK_1,forecast_solar_generation,Solar,2026-09-03T13:06:00Z
2026-09-03T13:05:11Z,2026-09-03T15:05:11+0200,3df1353b-992d-465b-bbfb-ce9652ab7fde,2026-08-30T08:45:00Z,2026-08-30T10:45:00+0200,449.259999,MW,DK1,DK_1,forecast_solar_generation,Solar,2026-09-03T13:06:00Z
2026-09-03T13:05:11Z,2026-09-03T15:05:11+0200,3df1353b-992d-465b-bbfb-ce9652ab7fde,2026-08-30T09:00:00Z,2026-08-30T11:00:00+0200,468.565,MW,DK1,DK_1,forecast_solar_generation,Solar,2026-09-03T13:06:00Z
2026-09-03T13:05:11Z,2026-09-03T15:05:11+0200,3df1353b-992d-465b-bbfb-ce9652ab7fde,2026-08-30T09:15:00Z,2026-08-30T11:15:00+0200,484.783333,MW,DK1,DK_1,forecast_solar_generation,Solar,2026-09-03T13:06:00Z
2026-09-03T13:05:11Z,2026-09-03T15:05:11+0200,3df1353b-992d-465b-bbfb-ce9652ab7fde,2026-08-30T09:30:00Z,2026-08-30T11:30:00+0200,496.42,MW,DK1,DK_1,forecast_solar_generation,Solar,2026-09-03T13:06:00Z
2026-09-03T13:05:11Z,2026-09-03T15:05:11+0200,3df1353b-992d-465b-bbfb-ce9652ab7fde,2026-08-30T09:45:00Z,2026-08-30T11:45:00+0200,506.785,MW,DK1,DK_1,forecast_solar_generation,Solar,2026-09-03T13:06:00Z
2026-09-03T13:05:11Z,2026-09-03T15:05:11+0200,3df1353b-992d-465b-bbfb-ce9652ab7fde,2026-08-30T10:00:00Z,2026-08-30T12:00:00+0200,517.454999,MW,DK1,DK_1,forecast_solar_generation,Solar,2026-09-03T13:06:00Z
2026-09-03T13:05:11Z,2026-09-03T15:05:11+0200,3df1353b-992d-465b-bbfb-ce9652ab7fde,2026-08-30T10:15:00Z,2026-08-30T12:15:00+0200,528.66,MW,DK1,DK_1,forecast_solar_generation,Solar,2026-09-03T13:06:00Z
2026-09-03T13:05:11Z,2026-09-03T15:05:11+0200,3df1353b-992d-465b-bbfb-ce9652ab7fde,2026-08-30T10:30:00Z,2026-08-30T12:30:00+0200,543.793333,MW,DK1,DK_1,forecast_solar_generation,Solar,2026-09-03T13:06:00Z
2026-09-03T13:05:11Z,2026-09-03T15:05:11+0200,3df1353b-992d-465b-bbfb-ce9652ab7fde,2026-08-30T10:45:00Z,2026-08-30T12:45:00+0200,572.941666,MW,DK1,DK_1,forecast_solar_generation,Solar,2026-09-03T13:06:00Z
2026-09-03T13:05:11Z,2026-09-03T15:05:11+0200,3df1353b-992d-465b-bbfb-ce9652ab7fde,2026-08-30T11:00:00Z,2026-08-30T13:00:00+0200,612.803333,MW,DK1,DK_1,forecast_solar_generation,Solar,2026-09-03T13:06:00Z
2026-09-03T13:05:11Z,2026-09-03T15:05:11+0200,3df1353b-992d-465b-bbfb-ce9652ab7fde,2026-08-30T11:15:00Z,2026-08-30T13:15:00+0200,655.546666,MW,DK1,DK_1,forecast_solar_generation,Solar,2026-09-03T13:06:00Z
2026-09-03T13:05:11Z,2026-09-03T15:05:11+0200,3df1353b-992d-465b-bbfb-ce9652ab7fde,2026-08-30T11:30:00Z,2026-08-30T13:30:00+0200,697.123333,MW,DK1,DK_1,forecast_solar_generation,Solar,2026-09-03T13:06:00Z
2026-09-03T13:05:11Z,2026-09-03T15:05:11+0200,3df1353b-992d-465b-bbfb-ce9652ab7fde,2026-08-30T11:45:00Z,2026-08-30T13:45:00+0200,744.765,MW,DK1,DK_1,forecast_solar_generation,Solar,2026-09-03T13:06:00Z
2026-09-03T13:05:11Z,2026-09-03T15:05:11+0200,3df1353b-992d-465b-bbfb-ce9652ab7fde,2026-08-30T12:00:00Z,2026-08-30T14:00:00+0200,795.176666,MW,DK1,DK_1,forecast_solar_generation,Solar,2026-09-03T13:06:00Z
2026-09-03T13:05:11Z,2026-09-03T15:05:11+0200,3df1353b-992d-465b-bbfb-ce9652ab7fde,2026-08-30T12:15:00Z,2026-08-30T14:15:00+0200,840.835,MW,DK1,DK_1,forecast_solar_generation,Solar,2026-09-03T13:06:00Z
2026-09-03T13:05:11Z,2026-09-03T15:05:11+0200,3df1353b-992d-465b-bbfb-ce9652ab7fde,2026-08-30T12:30:00Z,2026-08-30T14:30:00+0200,880.816666,MW,DK1,DK_1,forecast_solar_generation,Solar,2026-09-03T13:06:00Z
2026-09-03T13:05:11Z,2026-09-03T15:05:11+0200,3df1353b-992d-465b-bbfb-ce9652ab7fde,2026-08-30T12:45:00Z,2026-08-30T14:45:00+0200,922.788333,MW,DK1,DK_1,forecast_solar_generation,Solar,2026-09-03T13:06:00Z
2026-09-03T13:05:11Z,2026-09-03T15:05:11+0200,3df1353b-992d-465b-bbfb-ce9652ab7fde,2026-08-30T13:00:00Z,2026-08-30T15:00:00+0200,936.373333,MW,DK1,DK_1,forecast_solar_generation,Solar,2026-09-03T13:06:00Z
2026-09-03T13:05:11Z,2026-09-03T15:05:11+0200,3df1353b-992d-465b-bbfb-ce9652ab7fde,2026-08-30T13:15:00Z,2026-08-30T15:15:00+0200,953.856666,MW,DK1,DK_1,forecast_solar_generation,Solar,2026-09-03T13:06:00Z
2026-09-03T13:05:11Z,2026-09-03T15:05:11+0200,3df1353b-992d-465b-bbfb-ce9652ab7fde,2026-08-30T13:30:00Z,2026-08-30T15:30:00+0200,957.48,MW,DK1,DK_1,forecast_solar_generation,Solar,2026-09-03T13:06:00Z
2026-09-03T13:05:11Z,2026-09-03T15:05:11+0200,3df1353b-992d-465b-bbfb-ce9652ab7fde,2026-08-30T13:45:00Z,2026-08-30T15:45:00+0200,940.911666,MW,DK1,DK_1,forecast_solar_generation,Solar,2026-09-03T13:06:00Z
2026-09-03T13:05:11Z,2026-09-03T15:05:11+0200,3df1353b-992d-465b-bbfb-ce9652ab7fde,2026-08-30T14:00:00Z,2026-08-30T16:00:00+0200,823.04,MW,DK1,DK_1,forecast_solar_generation,Solar,2026-09-03T13:06:00Z
2026-09-03T13:05:11Z,2026-09-03T15:05:11+0200,3df1353b-992d-465b-bbfb-ce9652ab7fde,2026-08-30T14:15:00Z,2026-08-30T16:15:00+0200,798.341666,MW,DK1,DK_1,forecast_solar_generation,Solar,2026-09-03T13:06:00Z
2026-09-03T13:05:11Z,2026-09-03T15:05:11+0200,3df1353b-992d-465b-bbfb-ce9652ab7fde,2026-08-30T14:30:00Z,2026-08-30T16:30:00+0200,966.678333,MW,DK1,DK_1,forecast_solar_generation,Solar,2026-09-03T13:06:00Z
2026-09-03T13:05:11Z,2026-09-03T15:05:11+0200,3df1353b-992d-465b-bbfb-ce9652ab7fde,2026-08-30T14:45:00Z,2026-08-30T16:45:00+0200,936.619999,MW,DK1,DK_1,forecast_solar_generation,Solar,2026-09-03T13:06:00Z
2026-09-03T13:05:11Z,2026-09-03T15:05:11+0200,3df1353b-992d-465b-bbfb-ce9652ab7fde,2026-08-30T15:00:00Z,2026-08-30T17:00:00+0200,874.134999,MW,DK1,DK_1,forecast_solar_generation,Solar,2026-09-03T13:06:00Z
2026-09-03T13:05:11Z,2026-09-03T15:05:11+0200,3df1353b-992d-465b-bbfb-ce9652ab7fde,2026-08-30T15:15:00Z,2026-08-30T17:15:00+0200,850.788333,MW,DK1,DK_1,forecast_solar_generation,Solar,2026-09-03T13:06:00Z
2026-09-03T13:05:11Z,2026-09-03T15:05:11+0200,3df1353b-992d-465b-bbfb-ce9652ab7fde,2026-08-30T15:30:00Z,2026-08-30T17:30:00+0200,777.083333,MW,DK1,DK_1,forecast_solar_generation,Solar,2026-09-03T13:06:00Z
2026-09-03T13:05:11Z,2026-09-03T15:05:11+0200,3df1353b-992d-465b-bbfb-ce9652ab7fde,2026-08-30T15:45:00Z,2026-08-30T17:45:00+0200,691.193333,MW,DK1,DK_1,forecast_solar_generation,Solar,2026-09-03T13:06:00Z
2026-09-03T13:05:11Z,2026-09-03T15:05:11+0200,3df1353b-992d-465b-bbfb-ce9652ab7fde,2026-08-30T16:00:00Z,2026-08-30T18:00:00+0200,604.455,MW,DK1,DK_1,forecast_solar_generation,Solar,2026-09-03T13:06:00Z
2026-09-03T13:05:11Z,2026-09-03T15:05:11+0200,3df1353b-992d-465b-bbfb-ce9652ab7fde,2026-08-30T16:15:00Z,2026-08-30T18:15:00+0200,505.8,MW,DK1,DK_1,forecast_solar_generation,Solar,2026-09-03T13:06:00Z
2026-09-03T13:05:11Z,2026-09-03T15:05:11+0200,3df1353b-992d-465b-bbfb-ce9652ab7fde,2026-08-30T16:30:00Z,2026-08-30T18:30:00+0200,406.828333,MW,DK1,DK_1,forecast_solar_generation,Solar,2026-09-03T13:06:00Z
2026-09-03T13:05:11Z,2026-09-03T15:05:11+0200,3df1353b-992d-465b-bbfb-ce9652ab7fde,2026-08-30T16:45:00Z,2026-08-30T18:45:00+0200,311.828333,MW,DK1,DK_1,forecast_solar_generation,Solar,2026-09-03T13:06:00Z
2026-09-03T13:05:11Z,2026-09-03T15:05:11+0200,3df1353b-992d-465b-bbfb-ce9652ab7fde,2026-08-30T17:00:00Z,2026-08-30T19:00:00+0200,223.628333,MW,DK1,DK_1,forecast_solar_generation,Solar,2026-09-03T13:06:00Z
2026-09-03T13:05:11Z,2026-09-03T15:05:11+0200,3df1353b-992d-465b-bbfb-ce9652ab7fde,2026-08-30T17:15:00Z,2026-08-30T19:15:00+0200,145.056666,MW,DK1,DK_1,forecast_solar_generation,Solar,2026-09-03T13:06:00Z
2026-09-03T13:05:11Z,2026-09-03T15:05:11+0200,3df1353b-992d-465b-bbfb-ce9652ab7fde,2026-08-30T17:30:00Z,2026-08-30T19:30:00+0200,78.75,MW,DK1,DK_1,forecast_solar_generation,Solar,2026-09-03T13:06:00Z
2026-09-03T13:05:11Z,2026-09-03T15:05:11+0200,3df1353b-992d-465b-bbfb-ce9652ab7fde,2026-08-30T17:45:00Z,2026-08-30T19:45:00+0200,29.044999,MW,DK1,DK_1,forecast_solar_generation,Solar,2026-09-03T13:06:00Z
2026-09-03T13:05:11Z,2026-09-03T15:05:11+0200,3df1353b-992d-465b-bbfb-ce9652ab7fde,2026-08-30T18:00:00Z,2026-08-30T20:00:00+0200,4.061666,MW,DK1,DK_1,forecast_solar_generation,Solar,2026-09-03T13:06:00Z
2026-09-03T13:05:11Z,2026-09-03T15:05:11+0200,3df1353b-992d-465b-bbfb-ce9652ab7fde,2026-08-30T18:15:00Z,2026-08-30T20:15:00+0200,0.073333,MW,DK1,DK_1,forecast_solar_generation,Solar,2026-09-03T13:06:00Z
2026-09-03T13:05:11Z,2026-09-03T15:05:11+0200,3df1353b-992d-465b-bbfb-ce9652ab7fde,2026-08-30T18:30:00Z,2026-08-30T20:30:00+0200,0.0,MW,DK1,DK_1,forecast_solar_generation,Solar,2026-09-03T13:06:00Z
2026-09-03T13:05:11Z,2026-09-03T15:05:11+0200,3df1353b-992d-465b-bbfb-ce9652ab7fde,2026-08-30T18:45:00Z,2026-08-30T20:45:00+0200,0.0,MW,DK1,DK_1,forecast_solar_generation,Solar,2026-09-03T13:06:00Z
2026-09-03T13:05:11Z,2026-09-03T15:05:11+0200,3df1353b-992d-465b-bbfb-ce9652ab7fde,2026-08-30T19:00:00Z,2026-08-30T21:00:00+0200,0.0,MW,DK1,DK_1,forecast_solar_generation,Solar,2026-09-03T13:06:00Z
2026-09-03T13:05:11Z,2026-09-03T15:05:11+0200,3df1353b-992d-465b-bbfb-ce9652ab7fde,2026-08-30T19:15:00Z,2026-08-30T21:15:00+0200,0.0,MW,DK1,DK_1,forecast_solar_generation,Solar,2026-09-03T13:06:00Z
2026-09-03T13:05:11Z,2026-09-03T15:05:11+0200,3df1353b-992d-465b-bbfb-ce9652ab7fde,2026-08-30T19:30:00Z,2026-08-30T21:30:00+0200,0.0,MW,DK1,DK_1,forecast_solar_generation,Solar,2026-09-03T13:06:00Z
2026-09-03T13:05:11Z,2026-09-03T15:05:11+0200,3df1353b-992d-465b-bbfb-ce9652ab7fde,2026-08-30T19:45:00Z,2026-08-30T21:45:00+0200,0.0,MW,DK1,DK_1,forecast_solar_generation,Solar,2026-09-03T13:06:00Z
2026-09-03T13:05:11Z,2026-09-03T15:05:11+0200,3df1353b-992d-465b-bbfb-ce9652ab7fde,2026-08-30T20:00:00Z,2026-08-30T22:00:00+0200,0.0,MW,DK1,DK_1,forecast_solar_generation,Solar,2026-09-03T13:06:00Z
2026-09-03T13:05:11Z,2026-09-03T15:05:11+0200,3df1353b-992d-465b-bbfb-ce9652ab7fde,2026-08-30T20:15:00Z,2026-08-30T22:15:00+0200,0.0,MW,DK1,DK_1,forecast_solar_generation,Solar,2026-09-03T13:06:00Z
2026-09-03T13:05:11Z,2026-09-03T15:05:11+0200,3df1353b-992d-465b-bbfb-ce9652ab7fde,2026-08-30T20:30:00Z,2026-08-30T22:30:00+0200,0.0,MW,DK1,DK_1,forecast_solar_generation,Solar,2026-09-03T13:06:00Z
2026-09-03T13:05:11Z,2026-09-03T15:05:11+0200,3df1353b-992d-465b-bbfb-ce9652ab7fde,2026-08-30T20:45:00Z,2026-08-30T22:45:00+0200,0.0,MW,DK1,DK_1,forecast_solar_generation,Solar,2026-09-03T13:06:00Z
2026-09-03T13:05:11Z,2026-09-03T15:05:11+0200,3df1353b-992d-465b-bbfb-ce9652ab7fde,2026-08-30T21:00:00Z,2026-08-30T23:00:00+0200,0.0,MW,DK1,DK_1,forecast_solar_generation,Solar,2026-09-03T13:06:00Z
2026-09-03T13:05:11Z,2026-09-03T15:05:11+0200,3df1353b-992d-465b-bbfb-ce9652ab7fde,2026-08-30T21:15:00Z,2026-08-30T23:15:00+0200,0.0,MW,DK1,DK_1,forecast_solar_generation,Solar,2026-09-03T13:06:00Z
2026-09-03T13:05:11Z,2026-09-03T15:05:11+0200,3df1353b-992d-465b-bbfb-ce9652ab7fde,2026-08-30T21:30:00Z,2026-08-30T23:30:00+0200,0.0,MW,DK1,DK_1,forecast_solar_generation,Solar,2026-09-03T13:06:00Z
2026-09-03T13:05:11Z,2026-09-03T15:05:11+0200,3df1353b-992d-465b-bbfb-ce9652ab7fde,2026-08-30T21:45:00Z,2026-08-30T23:45:00+0200,0.0,MW,DK1,DK_1,forecast_solar_generation,Solar,2026-09-03T13:06:00Z
2026-09-03T13:05:11Z,2026-09-03T15:05:11+0200,3df1353b-992d-465b-bbfb-ce9652ab7fde,2026-08-30T22:00:00Z,2026-08-31T00:00:00+0200,0.0,MW,DK1,DK_1,forecast_solar_generation,Solar,2026-09-03T13:06:00Z
2026-09-03T13:05:11Z,2026-09-03T15:05:11+0200,3df1353b-992d-465b-bbfb-ce9652ab7fde,2026-08-30T22:15:00Z,2026-08-31T00:15:00+0200,0.0,MW,DK1,DK_1,forecast_solar_generation,Solar,2026-09-03T13:06:00Z
2026-09-03T13:05:11Z,2026-09-03T15:05:11+0200,3df1353b-992d-465b-bbfb-ce9652ab7fde,2026-08-30T22:30:00Z,2026-08-31T00:30:00+0200,0.0,MW,DK1,DK_1,forecast_solar_generation,Solar,2026-09-03T13:06:00Z
2026-09-03T13:05:11Z,2026-09-03T15:05:11+0200,3df1353b-992d-465b-bbfb-ce9652ab7fde,2026-08-30T22:45:00Z,2026-08-31T00:45:00+0200,0.0,MW,DK1,DK_1,forecast_solar_generation,Solar,2026-09-03T13:06:00Z
2026-09-03T13:05:11Z,2026-09-03T15:05:11+0200,3df1353b-992d-465b-bbfb-ce9652ab7fde,2026-08-30T23:00:00Z,2026-08-31T01:00:00+0200,0.0,MW,DK1,DK_1,forecast_solar_generation,Solar,2026-09-03T13:06:00Z
2026-09-03T13:05:11Z,2026-09-03T15:05:11+0200,3df1353b-992d-465b-bbfb-ce9652ab7fde,2026-08-30T23:15:00Z,2026-08-31T01:15:00+0200,0.0,MW,DK1,DK_1,forecast_solar_generation,Solar,2026-09-03T13:06:00Z
2026-09-03T13:05:11Z,2026-09-03T15:05:11+0200,3df1353b-992d-465b-bbfb-ce9652ab7fde,2026-08-30T23:30:00Z,2026-08-31T01:30:00+0200,0.0,MW,DK1,DK_1,forecast_solar_generation,Solar,2026-09-03T13:06:00Z
2026-09-03T13:05:11Z,2026-09-03T15:05:11+0200,3df1353b-992d-465b-bbfb-ce9652ab7fde,2026-08-30T23:45:00Z,2026-08-31T01:45:00+0200,0.0,MW,DK1,DK_1,forecast_solar_generation,Solar,2026-09-03T13:06:00Z
2026-09-03T13:05:11Z,2026-09-03T15:05:11+0200,3df1353b-992d-465b-bbfb-ce9652ab7fde,2026-08-31T00:00:00Z,2026-08-31T02:00:00+0200,0.0,MW,DK1,DK_1,forecast_solar_generation,Solar,2026-09-03T13:06:00Z
2026-09-03T13:05:11Z,2026-09-03T15:05:11+0200,3df1353b-992d-465b-bbfb-ce9652ab7fde,2026-08-31T00:15:00Z,2026-08-31T02:15:00+0200,0.0,MW,DK1,DK_1,forecast_solar_generation,Solar,2026-09-03T13:06:00Z
2026-09-03T13:05:11Z,2026-09-03T15:05:11+0200,3df1353b-992d-465b-bbfb-ce9652ab7fde,2026-08-31T00:30:00Z,2026-08-31T02:30:00+0200,0.0,MW,DK1,DK_1,forecast_solar_generation,Solar,2026-09-03T13:06:00Z
2026-09-03T13:05:11Z,2026-09-03T15:05:11+0200,3df1353b-992d-465b-bbfb-ce9652ab7fde,2026-08-31T00:45:00Z,2026-08-31T02:45:00+0200,0.0,MW,DK1,DK_1,forecast_solar_generation,Solar,2026-09-03T13:06:00Z
2026-09-03T13:05:11Z,2026-09-03T15:05:11+0200,3df1353b-992d-465b-bbfb-ce9652ab7fde,2026-08-31T01:00:00Z,2026-08-31T03:00:00+0200,0.0,MW,DK1,DK_1,forecast_solar_generation,Solar,2026-09-03T13:06:00Z
2026-09-03T13:05:11Z,2026-09-03T15:05:11+0200,3df1353b-992d-465b-bbfb-ce9652ab7fde,2026-08-31T01:15:00Z,2026-08-31T03:15:00+0200,0.0,MW,DK1,DK_1,forecast_solar_generation,Solar,2026-09-03T13:06:00Z
2026-09-03T13:05:11Z,2026-09-03T15:05:11+0200,3df1353b-992d-465b-bbfb-ce9652ab7fde,2026-08-31T01:30:00Z,2026-08-31T03:30:00+0200,0.0,MW,DK1,DK_1,forecast_solar_generation,Solar,2026-09-03T13:06:00Z
2026-09-03T13:05:11Z,2026-09-03T15:05:11+0200,3df1353b-992d-465b-bbfb-ce9652ab7fde,2026-08-31T01:45:00Z,2026-08-31T03:45:00+0200,0.0,MW,DK1,DK_1,forecast_solar_generation,Solar,2026-09-03T13:06:00Z
2026-09-03T13:05:11Z,2026-09-03T15:05:11+0200,3df1353b-992d-465b-bbfb-ce9652ab7fde,2026-08-31T02:00:00Z,2026-08-31T04:00:00+0200,0.0,MW,DK1,DK_1,forecast_solar_generation,Solar,2026-09-03T13:06:00Z
2026-09-03T13:05:11Z,2026-09-03T15:05:11+0200,3df1353b-992d-465b-bbfb-ce9652ab7fde,2026-08-31T02:15:00Z,2026-08-31T04:15:00+0200,0.0,MW,DK1,DK_1,forecast_solar_generation,Solar,2026-09-03T13:06:00Z
2026-09-03T13:05:11Z,2026-09-03T15:05:11+0200,3df1353b-992d-465b-bbfb-ce9652ab7fde,2026-08-31T02:30:00Z,2026-08-31T04:30:00+0200,0.0,MW,DK1,DK_1,forecast_solar_generation,Solar,2026-09-03T13:06:00Z
2026-09-03T13:05:11Z,2026-09-03T15:05:11+0200,3df1353b-992d-465b-bbfb-ce9652ab7fde,2026-08-31T02:45:00Z,2026-08-31T04:45:00+0200,0.0,MW,DK1,DK_1,forecast_solar_generation,Solar,2026-09-03T13:06:00Z
2026-09-03T13:05:11Z,2026-09-03T15:05:11+0200,3df1353b-992d-465b-bbfb-ce9652ab7fde,2026-08-31T03:00:00Z,2026-08-31T05:00:00+0200,0.0,MW,DK1,DK_1,forecast_solar_generation,Solar,2026-09-03T13:06:00Z
2026-09-03T13:05:11Z,2026-09-03T15:05:11+0200,3df1353b-992d-465b-bbfb-ce9652ab7fde,2026-08-31T03:15:00Z,2026-08-31T05:15:00+0200,0.0,MW,DK1,DK_1,forecast_solar_generation,Solar,2026-09-03T13:06:00Z
2026-09-03T13:05:11Z,2026-09-03T15:05:11+0200,3df1353b-992d-465b-bbfb-ce9652ab7fde,2026-08-31T03:30:00Z,2026-08-31T05:30:00+0200,0.0,MW,DK1,DK_1,forecast_solar_generation,Solar,2026-09-03T13:06:00Z
2026-09-03T13:05:11Z,2026-09-03T15:05:11+0200,3df1353b-992d-465b-bbfb-ce9652ab7fde,2026-08-31T03:45:00Z,2026-08-31T05:45:00+0200,0.0,MW,DK1,DK_1,forecast_solar_generation,Solar,2026-09-03T13:06:00Z
2026-09-03T13:05:11Z,2026-09-03T15:05:11+0200,3df1353b-992d-465b-bbfb-ce9652ab7fde,2026-08-31T04:00:00Z,2026-08-31T06:00:00+0200,0.0,MW,DK1,DK_1,forecast_solar_generation,Solar,2026-09-03T13:06:00Z
2026-09-03T13:05:11Z,2026-09-03T15:05:11+0200,3df1353b-992d-465b-bbfb-ce9652ab7fde,2026-08-31T04:15:00Z,2026-08-31T06:15:00+0200,0.065,MW,DK1,DK_1,forecast_solar_generation,Solar,2026-09-03T13:06:00Z
2026-09-03T13:05:11Z,2026-09-03T15:05:11+0200,3df1353b-992d-465b-bbfb-ce9652ab7fde,2026-08-31T04:30:00Z,2026-08-31T06:30:00+0200,3.55,MW,DK1,DK_1,forecast_solar_generation,Solar,2026-09-03T13:06:00Z
2026-09-03T13:05:11Z,2026-09-03T15:05:11+0200,3df1353b-992d-465b-bbfb-ce9652ab7fde,2026-08-31T04:45:00Z,2026-08-31T06:45:00+0200,27.285,MW,DK1,DK_1,forecast_solar_generation,Solar,2026-09-03T13:06:00Z
2026-09-03T13:05:11Z,2026-09-03T15:05:11+0200,3df1353b-992d-465b-bbfb-ce9652ab7fde,2026-08-31T05:00:00Z,2026-08-31T07:00:00+0200,74.04,MW,DK1,DK_1,forecast_solar_generation,Solar,2026-09-03T13:06:00Z
2026-09-03T13:05:11Z,2026-09-03T15:05:11+0200,3df1353b-992d-465b-bbfb-ce9652ab7fde,2026-08-31T05:15:00Z,2026-08-31T07:15:00+0200,132.826666,MW,DK1,DK_1,forecast_solar_generation,Solar,2026-09-03T13:06:00Z
2026-09-03T13:05:11Z,2026-09-03T15:05:11+0200,3df1353b-992d-465b-bbfb-ce9652ab7fde,2026-08-31T05:30:00Z,2026-08-31T07:30:00+0200,197.263333,MW,DK1,DK_1,forecast_solar_generation,Solar,2026-09-03T13:06:00Z
2026-09-03T13:05:11Z,2026-09-03T15:05:11+0200,3df1353b-992d-465b-bbfb-ce9652ab7fde,2026-08-31T05:45:00Z,2026-08-31T07:45:00+0200,257.409999,MW,DK1,DK_1,forecast_solar_generation,Solar,2026-09-03T13:06:00Z
2026-09-03T13:05:11Z,2026-09-03T15:05:11+0200,3df1353b-992d-465b-bbfb-ce9652ab7fde,2026-08-31T06:00:00Z,2026-08-31T08:00:00+0200,307.219999,MW,DK1,DK_1,forecast_solar_generation,Solar,2026-09-03T13:06:00Z
2026-09-03T13:05:11Z,2026-09-03T15:05:11+0200,3df1353b-992d-465b-bbfb-ce9652ab7fde,2026-08-31T06:15:00Z,2026-08-31T08:15:00+0200,349.551666,MW,DK1,DK_1,forecast_solar_generation,Solar,2026-09-03T13:06:00Z
2026-09-03T13:05:11Z,2026-09-03T15:05:11+0200,3df1353b-992d-465b-bbfb-ce9652ab7fde,2026-08-31T06:30:00Z,2026-08-31T08:30:00+0200,393.216666,MW,DK1,DK_1,forecast_solar_generation,Solar,2026-09-03T13:06:00Z
2026-09-03T13:05:11Z,2026-09-03T15:05:11+0200,3df1353b-992d-465b-bbfb-ce9652ab7fde,2026-08-31T06:45:00Z,2026-08-31T08:45:00+0200,432.248333,MW,DK1,DK_1,forecast_solar_generation,Solar,2026-09-03T13:06:00Z
2026-09-03T13:05:11Z,2026-09-03T15:05:11+0200,3df1353b-992d-465b-bbfb-ce9652ab7fde,2026-08-31T07:00:00Z,2026-08-31T09:00:00+0200,465.883333,MW,DK1,DK_1,forecast_solar_generation,Solar,2026-09-03T13:06:00Z
2026-09-03T13:05:11Z,2026-09-03T15:05:11+0200,3df1353b-992d-465b-bbfb-ce9652ab7fde,2026-08-31T07:15:00Z,2026-08-31T09:15:00+0200,498.905,MW,DK1,DK_1,forecast_solar_generation,Solar,2026-09-03T13:06:00Z
2026-09-03T13:05:11Z,2026-09-03T15:05:11+0200,3df1353b-992d-465b-bbfb-ce9652ab7fde,2026-08-31T07:30:00Z,2026-08-31T09:30:00+0200,534.191666,MW,DK1,DK_1,forecast_solar_generation,Solar,2026-09-03T13:06:00Z
2026-09-03T13:05:11Z,2026-09-03T15:05:11+0200,3df1353b-992d-465b-bbfb-ce9652ab7fde,2026-08-31T07:45:00Z,2026-08-31T09:45:00+0200,564.675,MW,DK1,DK_1,forecast_solar_generation,Solar,2026-09-03T13:06:00Z
2026-09-03T13:05:11Z,2026-09-03T15:05:11+0200,3df1353b-992d-465b-bbfb-ce9652ab7fde,2026-08-31T08:00:00Z,2026-08-31T10:00:00+0200,591.016666,MW,DK1,DK_1,forecast_solar_generation,Solar,2026-09-03T13:06:00Z
2026-09-03T13:05:11Z,2026-09-03T15:05:11+0200,3df1353b-992d-465b-bbfb-ce9652ab7fde,2026-08-31T08:15:00Z,2026-08-31T10:15:00+0200,617.536666,MW,DK1,DK_1,forecast_solar_generation,Solar,2026-09-03T13:06:00Z
2026-09-03T13:05:11Z,2026-09-03T15:05:11+0200,3df1353b-992d-465b-bbfb-ce9652ab7fde,2026-08-31T08:30:00Z,2026-08-31T10:30:00+0200,648.219999,MW,DK1,DK_1,forecast_solar_generation,Solar,2026-09-03T13:06:00Z
2026-09-03T13:05:11Z,2026-09-03T15:05:11+0200,3df1353b-992d-465b-bbfb-ce9652ab7fde,2026-08-31T08:45:00Z,2026-08-31T10:45:00+0200,683.798333,MW,DK1,DK_1,forecast_solar_generation,Solar,2026-09-03T13:06:00Z
2026-09-03T13:05:11Z,2026-09-03T15:05:11+0200,3df1353b-992d-465b-bbfb-ce9652ab7fde,2026-08-31T09:00:00Z,2026-08-31T11:00:00+0200,719.808333,MW,DK1,DK_1,forecast_solar_generation,Solar,2026-09-03T13:06:00Z
2026-09-03T13:05:11Z,2026-09-03T15:05:11+0200,3df1353b-992d-465b-bbfb-ce9652ab7fde,2026-08-31T09:15:00Z,2026-08-31T11:15:00+0200,749.983333,MW,DK1,DK_1,forecast_solar_generation,Solar,2026-09-03T13:06:00Z
2026-09-03T13:05:11Z,2026-09-03T15:05:11+0200,3df1353b-992d-465b-bbfb-ce9652ab7fde,2026-08-31T09:30:00Z,2026-08-31T11:30:00+0200,768.915,MW,DK1,DK_1,forecast_solar_generation,Solar,2026-09-03T13:06:00Z
2026-09-03T13:05:11Z,2026-09-03T15:05:11+0200,3df1353b-992d-465b-bbfb-ce9652ab7fde,2026-08-31T09:45:00Z,2026-08-31T11:45:00+0200,780.579999,MW,DK1,DK_1,forecast_solar_generation,Solar,2026-09-03T13:06:00Z
2026-09-03T13:05:11Z,2026-09-03T15:05:11+0200,3df1353b-992d-465b-bbfb-ce9652ab7fde,2026-08-31T10:00:00Z,2026-08-31T12:00:00+0200,789.55,MW,DK1,DK_1,forecast_solar_generation,Solar,2026-09-03T13:06:00Z
2026-09-03T13:05:11Z,2026-09-03T15:05:11+0200,3df1353b-992d-465b-bbfb-ce9652ab7fde,2026-08-31T10:15:00Z,2026-08-31T12:15:00+0200,797.529999,MW,DK1,DK_1,forecast_solar_generation,Solar,2026-09-03T13:06:00Z
2026-09-03T13:05:11Z,2026-09-03T15:05:11+0200,3df1353b-992d-465b-bbfb-ce9652ab7fde,2026-08-31T10:30:00Z,2026-08-31T12:30:00+0200,803.991666,MW,DK1,DK_1,forecast_solar_generation,Solar,2026-09-03T13:06:00Z
2026-09-03T13:05:11Z,2026-09-03T15:05:11+0200,3df1353b-992d-465b-bbfb-ce9652ab7fde,2026-08-31T10:45:00Z,2026-08-31T12:45:00+0200,805.983333,MW,DK1,DK_1,forecast_solar_generation,Solar,2026-09-03T13:06:00Z
2026-09-03T13:05:11Z,2026-09-03T15:05:11+0200,3df1353b-992d-465b-bbfb-ce9652ab7fde,2026-08-31T11:00:00Z,2026-08-31T13:00:00+0200,805.253333,MW,DK1,DK_1,forecast_solar_generation,Solar,2026-09-03T13:06:00Z
2026-09-03T13:05:11Z,2026-09-03T15:05:11+0200,3df1353b-992d-465b-bbfb-ce9652ab7fde,2026-08-31T11:15:00Z,2026-08-31T13:15:00+0200,804.368333,MW,DK1,DK_1,forecast_solar_generation,Solar,2026-09-03T13:06:00Z
2026-09-03T13:05:11Z,2026-09-03T15:05:11+0200,3df1353b-992d-465b-bbfb-ce9652ab7fde,2026-08-31T11:30:00Z,2026-08-31T13:30:00+0200,804.908333,MW,DK1,DK_1,forecast_solar_generation,Solar,2026-09-03T13:06:00Z
2026-09-03T13:05:11Z,2026-09-03T15:05:11+0200,3df1353b-992d-465b-bbfb-ce9652ab7fde,2026-08-31T11:45:00Z,2026-08-31T13:45:00+0200,805.833333,MW,DK1,DK_1,forecast_solar_generation,Solar,2026-09-03T13:06:00Z
2026-09-03T13:05:11Z,2026-09-03T15:05:11+0200,3df1353b-992d-465b-bbfb-ce9652ab7fde,2026-08-31T12:00:00Z,2026-08-31T14:00:00+0200,806.643333,MW,DK1,DK_1,forecast_solar_generation,Solar,2026-09-03T13:06:00Z
2026-09-03T13:05:11Z,2026-09-03T15:05:11+0200,3df1353b-992d-465b-bbfb-ce9652ab7fde,2026-08-31T12:15:00Z,2026-08-31T14:15:00+0200,806.16,MW,DK1,DK_1,forecast_solar_generation,Solar,2026-09-03T13:06:00Z
2026-09-03T13:05:11Z,2026-09-03T15:05:11+0200,3df1353b-992d-465b-bbfb-ce9652ab7fde,2026-08-31T12:30:00Z,2026-08-31T14:30:00+0200,803.731666,MW,DK1,DK_1,forecast_solar_generation,Solar,2026-09-03T13:06:00Z
2026-09-03T13:05:11Z,2026-09-03T15:05:11+0200,3df1353b-992d-465b-bbfb-ce9652ab7fde,2026-08-31T12:45:00Z,2026-08-31T14:45:00+0200,802.341666,MW,DK1,DK_1,forecast_solar_generation,Solar,2026-09-03T13:06:00Z
2026-09-03T13:05:11Z,2026-09-03T15:05:11+0200,3df1353b-992d-465b-bbfb-ce9652ab7fde,2026-08-31T13:00:00Z,2026-08-31T15:00:00+0200,800.496666,MW,DK1,DK_1,forecast_solar_generation,Solar,2026-09-03T13:06:00Z
2026-09-03T13:05:11Z,2026-09-03T15:05:11+0200,3df1353b-992d-465b-bbfb-ce9652ab7fde,2026-08-31T13:15:00Z,2026-08-31T15:15:00+0200,794.448333,MW,DK1,DK_1,forecast_solar_generation,Solar,2026-09-03T13:06:00Z
2026-09-03T13:05:11Z,2026-09-03T15:05:11+0200,3df1353b-992d-465b-bbfb-ce9652ab7fde,2026-08-31T13:30:00Z,2026-08-31T15:30:00+0200,783.079999,MW,DK1,DK_1,forecast_solar_generation,Solar,2026-09-03T13:06:00Z
2026-09-03T13:05:11Z,2026-09-03T15:05:11+0200,3df1353b-992d-465b-bbfb-ce9652ab7fde,2026-08-31T13:45:00Z,2026-08-31T15:45:00+0200,775.483333,MW,DK1,DK_1,forecast_solar_generation,Solar,2026-09-03T13:06:00Z
2026-09-03T13:05:11Z,2026-09-03T15:05:11+0200,3df1353b-992d-465b-bbfb-ce9652ab7fde,2026-08-31T14:00:00Z,2026-08-31T16:00:00+0200,771.123333,MW,DK1,DK_1,forecast_solar_generation,Solar,2026-09-03T13:06:00Z
2026-09-03T13:05:11Z,2026-09-03T15:05:11+0200,3df1353b-992d-465b-bbfb-ce9652ab7fde,2026-08-31T14:15:00Z,2026-08-31T16:15:00+0200,765.46,MW,DK1,DK_1,forecast_solar_generation,Solar,2026-09-03T13:06:00Z
2026-09-03T13:05:11Z,2026-09-03T15:05:11+0200,3df1353b-992d-465b-bbfb-ce9652ab7fde,2026-08-31T14:30:00Z,2026-08-31T16:30:00+0200,756.866666,MW,DK1,DK_1,forecast_solar_generation,Solar,2026-09-03T13:06:00Z
2026-09-03T13:05:11Z,2026-09-03T15:05:11+0200,3df1353b-992d-465b-bbfb-ce9652ab7fde,2026-08-31T14:45:00Z,2026-08-31T16:45:00+0200,749.681666,MW,DK1,DK_1,forecast_solar_generation,Solar,2026-09-03T13:06:00Z
2026-09-03T13:05:11Z,2026-09-03T15:05:11+0200,3df1353b-992d-465b-bbfb-ce9652ab7fde,2026-08-31T15:00:00Z,2026-08-31T17:00:00+0200,735.183333,MW,DK1,DK_1,forecast_solar_generation,Solar,2026-09-03T13:06:00Z
2026-09-03T13:05:11Z,2026-09-03T15:05:11+0200,3df1353b-992d-465b-bbfb-ce9652ab7fde,2026-08-31T15:15:00Z,2026-08-31T17:15:00+0200,703.445,MW,DK1,DK_1,forecast_solar_generation,Solar,2026-09-03T13:06:00Z
2026-09-03T13:05:11Z,2026-09-03T15:05:11+0200,3df1353b-992d-465b-bbfb-ce9652ab7fde,2026-08-31T15:30:00Z,2026-08-31T17:30:00+0200,649.606666,MW,DK1,DK_1,forecast_solar_generation,Solar,2026-09-03T13:06:00Z
2026-09-03T13:05:11Z,2026-09-03T15:05:11+0200,3df1353b-992d-465b-bbfb-ce9652ab7fde,2026-08-31T15:45:00Z,2026-08-31T17:45:00+0200,579.185,MW,DK1,DK_1,forecast_solar_generation,Solar,2026-09-03T13:06:00Z
2026-09-03T13:05:11Z,2026-09-03T15:05:11+0200,3df1353b-992d-465b-bbfb-ce9652ab7fde,2026-08-31T16:00:00Z,2026-08-31T18:00:00+0200,500.456666,MW,DK1,DK_1,forecast_solar_generation,Solar,2026-09-03T13:06:00Z
2026-09-03T13:05:11Z,2026-09-03T15:05:11+0200,3df1353b-992d-465b-bbfb-ce9652ab7fde,2026-08-31T16:15:00Z,2026-08-31T18:15:00+0200,419.273333,MW,DK1,DK_1,forecast_solar_generation,Solar,2026-09-03T13:06:00Z
2026-09-03T13:05:11Z,2026-09-03T15:05:11+0200,3df1353b-992d-465b-bbfb-ce9652ab7fde,2026-08-31T16:30:00Z,2026-08-31T18:30:00+0200,341.256666,MW,DK1,DK_1,forecast_solar_generation,Solar,2026-09-03T13:06:00Z
2026-09-03T13:05:11Z,2026-09-03T15:05:11+0200,3df1353b-992d-465b-bbfb-ce9652ab7fde,2026-08-31T16:45:00Z,2026-08-31T18:45:00+0200,270.926666,MW,DK1,DK_1,forecast_solar_generation,Solar,2026-09-03T13:06:00Z
2026-09-03T13:05:11Z,2026-09-03T15:05:11+0200,3df1353b-992d-465b-bbfb-ce9652ab7fde,2026-08-31T17:00:00Z,2026-08-31T19:00:00+0200,205.126666,MW,DK1,DK_1,forecast_solar_generation,Solar,2026-09-03T13:06:00Z
2026-09-03T13:05:11Z,2026-09-03T15:05:11+0200,3df1353b-992d-465b-bbfb-ce9652ab7fde,2026-08-31T17:15:00Z,2026-08-31T19:15:00+0200,137.144999,MW,DK1,DK_1,forecast_solar_generation,Solar,2026-09-03T13:06:00Z
2026-09-03T13:05:11Z,2026-09-03T15:05:11+0200,3df1353b-992d-465b-bbfb-ce9652ab7fde,2026-08-31T17:30:00Z,2026-08-31T19:30:00+0200,73.876666,MW,DK1,DK_1,forecast_solar_generation,Solar,2026-09-03T13:06:00Z
2026-09-03T13:05:11Z,2026-09-03T15:05:11+0200,3df1353b-992d-465b-bbfb-ce9652ab7fde,2026-08-31T17:45:00Z,2026-08-31T19:45:00+0200,25.22,MW,DK1,DK_1,forecast_solar_generation,Solar,2026-09-03T13:06:00Z
2026-09-03T13:05:11Z,2026-09-03T15:05:11+0200,3df1353b-992d-465b-bbfb-ce9652ab7fde,2026-08-31T18:00:00Z,2026-08-31T20:00:00+0200,2.953333,MW,DK1,DK_1,forecast_solar_generation,Solar,2026-09-03T13:06:00Z
2026-09-03T13:05:11Z,2026-09-03T15:05:11+0200,3df1353b-992d-465b-bbfb-ce9652ab7fde,2026-08-31T18:15:00Z,2026-08-31T20:15:00+0200,0.03,MW,DK1,DK_1,forecast_solar_generation,Solar,2026-09-03T13:06:00Z
2026-09-03T13:05:11Z,2026-09-03T15:05:11+0200,3df1353b-992d-465b-bbfb-ce9652ab7fde,2026-08-31T18:30:00Z,2026-08-31T20:30:00+0200,0.0,MW,DK1,DK_1,forecast_solar_generation,Solar,2026-09-03T13:06:00Z
2026-09-03T13:05:11Z,2026-09-03T15:05:11+0200,3df1353b-992d-465b-bbfb-ce9652ab7fde,2026-08-31T18:45:00Z,2026-08-31T20:45:00+0200,0.0,MW,DK1,DK_1,forecast_solar_generation,Solar,2026-09-03T13:06:00Z
2026-09-03T13:05:11Z,2026-09-03T15:05:11+0200,3df1353b-992d-465b-bbfb-ce9652ab7fde,2026-08-31T19:00:00Z,2026-08-31T21:00:00+0200,0.0,MW,DK1,DK_1,forecast_solar_generation,Solar,2026-09-03T13:06:00Z
2026-09-03T13:05:11Z,2026-09-03T15:05:11+0200,3df1353b-992d-465b-bbfb-ce9652ab7fde,2026-08-31T19:15:00Z,2026-08-31T21:15:00+0200,0.0,MW,DK1,DK_1,forecast_solar_generation,Solar,2026-09-03T13:06:00Z
2026-09-03T13:05:11Z,2026-09-03T15:05:11+0200,3df1353b-992d-465b-bbfb-ce9652ab7fde,2026-08-31T19:30:00Z,2026-08-31T21:30:00+0200,0.0,MW,DK1,DK_1,forecast_solar_generation,Solar,2026-09-03T13:06:00Z
2026-09-03T13:05:11Z,2026-09-03T15:05:11+0200,3df1353b-992d-465b-bbfb-ce9652ab7fde,2026-08-31T19:45:00Z,2026-08-31T21:45:00+0200,0.0,MW,DK1,DK_1,forecast_solar_generation,Solar,2026-09-03T13:06:00Z
2026-09-03T13:05:11Z,2026-09-03T15:05:11+0200,3df1353b-992d-465b-bbfb-ce9652ab7fde,2026-08-31T20:00:00Z,2026-08-31T22:00:00+0200,0.0,MW,DK1,DK_1,forecast_solar_generation,Solar,2026-09-03T13:06:00Z
2026-09-03T13:05:11Z,2026-09-03T15:05:11+0200,3df1353b-992d-465b-bbfb-ce9652ab7fde,2026-08-31T20:15:00Z,2026-08-31T22:15:00+0200,0.0,MW,DK1,DK_1,forecast_solar_generation,Solar,2026-09-03T13:06:00Z
2026-09-03T13:05:11Z,2026-09-03T15:05:11+0200,3df1353b-992d-465b-bbfb-ce9652ab7fde,2026-08-31T20:30:00Z,2026-08-31T22:30:00+0200,0.0,MW,DK1,DK_1,forecast_solar_generation,Solar,2026-09-03T13:06:00Z
2026-09-03T13:05:11Z,2026-09-03T15:05:11+0200,3df1353b-992d-465b-bbfb-ce9652ab7fde,2026-08-31T20:45:00Z,2026-08-31T22:45:00+0200,0.0,MW,DK1,DK_1,forecast_solar_generation,Solar,2026-09-03T13:06:00Z
2026-09-03T13:05:11Z,2026-09-03T15:05:11+0200,3df1353b-992d-465b-bbfb-ce9652ab7fde,2026-08-31T21:00:00Z,2026-08-31T23:00:00+0200,0.0,MW,DK1,DK_1,forecast_solar_generation,Solar,2026-09-03T13:06:00Z
2026-09-03T13:05:11Z,2026-09-03T15:05:11+0200,3df1353b-992d-465b-bbfb-ce9652ab7fde,2026-08-31T21:15:00Z,2026-08-31T23:15:00+0200,0.0,MW,DK1,DK_1,forecast_solar_generation,Solar,2026-09-03T13:06:00Z
2026-09-03T13:05:11Z,2026-09-03T15:05:11+0200,3df1353b-992d-465b-bbfb-ce9652ab7fde,2026-08-31T21:30:00Z,2026-08-31T23:30:00+0200,0.0,MW,DK1,DK_1,forecast_solar_generation,Solar,2026-09-03T13:06:00Z
2026-09-03T13:05:11Z,2026-09-03T15:05:11+0200,3df1353b-992d-465b-bbfb-ce9652ab7fde,2026-08-31T21:45:00Z,2026-08-31T23:45:00+0200,0.0,MW,DK1,DK_1,forecast_solar_generation,Solar,2026-09-03T13:06:00Z
2026-09-03T13:05:11Z,2026-09-03T15:05:11+0200,3df1353b-992d-465b-bbfb-ce9652ab7fde,2026-08-31T22:00:00Z,2026-09-01T00:00:00+0200,0.0,MW,DK1,DK_1,forecast_solar_generation,Solar,2026-09-03T13:06:00Z
2026-09-03T13:05:11Z,2026-09-03T15:05:11+0200,3df1353b-992d-465b-bbfb-ce9652ab7fde,2026-08-31T22:15:00Z,2026-09-01T00:15:00+0200,0.0,MW,DK1,DK_1,forecast_solar_generation,Solar,2026-09-03T13:06:00Z
2026-09-03T13:05:11Z,2026-09-03T15:05:11+0200,3df1353b-992d-465b-bbfb-ce9652ab7fde,2026-08-31T22:30:00Z,2026-09-01T00:30:00+0200,0.0,MW,DK1,DK_1,forecast_solar_generation,Solar,2026-09-03T13:06:00Z
2026-09-03T13:05:11Z,2026-09-03T15:05:11+0200,3df1353b-992d-465b-bbfb-ce9652ab7fde,2026-08-31T22:45:00Z,2026-09-01T00:45:00+0200,0.0,MW,DK1,DK_1,forecast_solar_generation,Solar,2026-09-03T13:06:00Z
2026-09-03T13:05:11Z,2026-09-03T15:05:11+0200,3df1353b-992d-465b-bbfb-ce9652ab7fde,2026-08-31T23:00:00Z,2026-09-01T01:00:00+0200,0.0,MW,DK1,DK_1,forecast_solar_generation,Solar,2026-09-03T13:06:00Z
2026-09-03T13:05:11Z,2026-09-03T15:05:11+0200,3df1353b-992d-465b-bbfb-ce9652ab7fde,2026-08-31T23:15:00Z,2026-09-01T01:15:00+0200,0.0,MW,DK1,DK_1,forecast_solar_generation,Solar,2026-09-03T13:06:00Z
2026-09-03T13:05:11Z,2026-09-03T15:05:11+0200,3df1353b-992d-465b-bbfb-ce9652ab7fde,2026-08-31T23:30:00Z,2026-09-01T01:30:00+0200,0.0,MW,DK1,DK_1,forecast_solar_generation,Solar,2026-09-03T13:06:00Z
2026-09-03T13:05:11Z,2026-09-03T15:05:11+0200,3df1353b-992d-465b-bbfb-ce9652ab7fde,2026-08-31T23:45:00Z,2026-09-01T01:45:00+0200,0.0,MW,DK1,DK_1,forecast_solar_generation,Solar,2026-09-03T13:06:00Z
2026-09-03T13:05:11Z,2026-09-03T15:05:11+0200,3df1353b-992d-465b-bbfb-ce9652ab7fde,2026-09-01T00:00:00Z,2026-09-01T02:00:00+0200,0.0,MW,DK1,DK_1,forecast_solar_generation,Solar,2026-09-03T13:06:00Z
2026-09-03T13:05:11Z,2026-09-03T15:05:11+0200,3df1353b-992d-465b-bbfb-ce9652ab7fde,2026-09-01T00:15:00Z,2026-09-01T02:15:00+0200,0.0,MW,DK1,DK_1,forecast_solar_generation,Solar,2026-09-03T13:06:00Z
2026-09-03T13:05:11Z,2026-09-03T15:05:11+0200,3df1353b-992d-465b-bbfb-ce9652ab7fde,2026-09-01T00:30:00Z,2026-09-01T02:30:00+0200,0.0,MW,DK1,DK_1,forecast_solar_generation,Solar,2026-09-03T13:06:00Z
2026-09-03T13:05:11Z,2026-09-03T15:05:11+0200,3df1353b-992d-465b-bbfb-ce9652ab7fde,2026-09-01T00:45:00Z,2026-09-01T02:45:00+0200,0.0,MW,DK1,DK_1,forecast_solar_generation,Solar,2026-09-03T13:06:00Z
2026-09-03T13:05:11Z,2026-09-03T15:05:11+0200,3df1353b-992d-465b-bbfb-ce9652ab7fde,2026-09-01T01:00:00Z,2026-09-01T03:00:00+0200,0.0,MW,DK1,DK_1,forecast_solar_generation,Solar,2026-09-03T13:06:00Z
2026-09-03T13:05:11Z,2026-09-03T15:05:11+0200,3df1353b-992d-465b-bbfb-ce9652ab7fde,2026-09-01T01:15:00Z,2026-09-01T03:15:00+0200,0.0,MW,DK1,DK_1,forecast_solar_generation,Solar,2026-09-03T13:06:00Z
2026-09-03T13:05:11Z,2026-09-03T15:05:11+0200,3df1353b-992d-465b-bbfb-ce9652ab7fde,2026-09-01T01:30:00Z,2026-09-01T03:30:00+0200,0.0,MW,DK1,DK_1,forecast_solar_generation,Solar,2026-09-03T13:06:00Z
2026-09-03T13:05:11Z,2026-09-03T15:05:11+0200,3df1353b-992d-465b-bbfb-ce9652ab7fde,2026-09-01T01:45:00Z,2026-09-01T03:45:00+0200,0.0,MW,DK1,DK_1,forecast_solar_generation,Solar,2026-09-03T13:06:00Z
2026-09-03T13:05:11Z,2026-09-03T15:05:11+0200,3df1353b-992d-465b-bbfb-ce9652ab7fde,2026-09-01T02:00:00Z,2026-09-01T04:00:00+0200,0.0,MW,DK1,DK_1,forecast_solar_generation,Solar,2026-09-03T13:06:00Z
2026-09-03T13:05:11Z,2026-09-03T15:05:11+0200,3df1353b-992d-465b-bbfb-ce9652ab7fde,2026-09-01T02:15:00Z,2026-09-01T04:15:00+0200,0.0,MW,DK1,DK_1,forecast_solar_generation,Solar,2026-09-03T13:06:00Z
2026-09-03T13:05:11Z,2026-09-03T15:05:11+0200,3df1353b-992d-465b-bbfb-ce9652ab7fde,2026-09-01T02:30:00Z,2026-09-01T04:30:00+0200,0.0,MW,DK1,DK_1,forecast_solar_generation,Solar,2026-09-03T13:06:00Z
2026-09-03T13:05:11Z,2026-09-03T15:05:11+0200,3df1353b-992d-465b-bbfb-ce9652ab7fde,2026-09-01T02:45:00Z,2026-09-01T04:45:00+0200,0.0,MW,DK1,DK_1,forecast_solar_generation,Solar,2026-09-03T13:06:00Z
2026-09-03T13:05:11Z,2026-09-03T15:05:11+0200,3df1353b-992d-465b-bbfb-ce9652ab7fde,2026-09-01T03:00:00Z,2026-09-01T05:00:00+0200,0.0,MW,DK1,DK_1,forecast_solar_generation,Solar,2026-09-03T13:06:00Z
2026-09-03T13:05:11Z,2026-09-03T15:05:11+0200,3df1353b-992d-465b-bbfb-ce9652ab7fde,2026-09-01T03:15:00Z,2026-09-01T05:15:00+0200,0.0,MW,DK1,DK_1,forecast_solar_generation,Solar,2026-09-03T13:06:00Z
2026-09-03T13:05:11Z,2026-09-03T15:05:11+0200,3df1353b-992d-465b-bbfb-ce9652ab7fde,2026-09-01T03:30:00Z,2026-09-01T05:30:00+0200,0.0,MW,DK1,DK_1,forecast_solar_generation,Solar,2026-09-03T13:06:00Z
2026-09-03T13:05:11Z,2026-09-03T15:05:11+0200,3df1353b-992d-465b-bbfb-ce9652ab7fde,2026-09-01T03:45:00Z,2026-09-01T05:45:00+0200,0.0,MW,DK1,DK_1,forecast_solar_generation,Solar,2026-09-03T13:06:00Z
2026-09-03T13:05:11Z,2026-09-03T15:05:11+0200,3df1353b-992d-465b-bbfb-ce9652ab7fde,2026-09-01T04:00:00Z,2026-09-01T06:00:00+0200,0.0,MW,DK1,DK_1,forecast_solar_generation,Solar,2026-09-03T13:06:00Z
2026-09-03T13:05:11Z,2026-09-03T15:05:11+0200,3df1353b-992d-465b-bbfb-ce9652ab7fde,2026-09-01T04:15:00Z,2026-09-01T06:15:00+0200,0.03,MW,DK1,DK_1,forecast_solar_generation,Solar,2026-09-03T13:06:00Z
2026-09-03T13:05:11Z,2026-09-03T15:05:11+0200,3df1353b-992d-465b-bbfb-ce9652ab7fde,2026-09-01T04:30:00Z,2026-09-01T06:30:00+0200,2.806666,MW,DK1,DK_1,forecast_solar_generation,Solar,2026-09-03T13:06:00Z
2026-09-03T13:05:11Z,2026-09-03T15:05:11+0200,3df1353b-992d-465b-bbfb-ce9652ab7fde,2026-09-01T04:45:00Z,2026-09-01T06:45:00+0200,27.336666,MW,DK1,DK_1,forecast_solar_generation,Solar,2026-09-03T13:06:00Z
2026-09-03T13:05:11Z,2026-09-03T15:05:11+0200,3df1353b-992d-465b-bbfb-ce9652ab7fde,2026-09-01T05:00:00Z,2026-09-01T07:00:00+0200,80.621666,MW,DK1,DK_1,forecast_solar_generation,Solar,2026-09-03T13:06:00Z
2026-09-03T13:05:11Z,2026-09-03T15:05:11+0200,3df1353b-992d-465b-bbfb-ce9652ab7fde,2026-09-01T05:15:00Z,2026-09-01T07:15:00+0200,150.753333,MW,DK1,DK_1,forecast_solar_generation,Solar,2026-09-03T13:06:00Z
2026-09-03T13:05:11Z,2026-09-03T15:05:11+0200,3df1353b-992d-465b-bbfb-ce9652ab7fde,2026-09-01T05:30:00Z,2026-09-01T07:30:00+0200,233.691666,MW,DK1,DK_1,forecast_solar_generation,Solar,2026-09-03T13:06:00Z
2026-09-03T13:05:11Z,2026-09-03T15:05:11+0200,3df1353b-992d-465b-bbfb-ce9652ab7fde,2026-09-01T05:45:00Z,2026-09-01T07:45:00+0200,325.925,MW,DK1,DK_1,forecast_solar_generation,Solar,2026-09-03T13:06:00Z
2026-09-03T13:05:11Z,2026-09-03T15:05:11+0200,3df1353b-992d-465b-bbfb-ce9652ab7fde,2026-09-01T06:00:00Z,2026-09-01T08:00:00+0200,422.885,MW,DK1,DK_1,forecast_solar_generation,Solar,2026-09-03T13:06:00Z
2026-09-03T13:05:11Z,2026-09-03T15:05:11+0200,3df1353b-992d-465b-bbfb-ce9652ab7fde,2026-09-01T06:15:00Z,2026-09-01T08:15:00+0200,519.543333,MW,DK1,DK_1,forecast_solar_generation,Solar,2026-09-03T13:06:00Z
2026-09-03T13:05:11Z,2026-09-03T15:05:11+0200,3df1353b-992d-465b-bbfb-ce9652ab7fde,2026-09-01T06:30:00Z,2026-09-01T08:30:00+0200,613.843333,MW,DK1,DK_1,forecast_solar_generation,Solar,2026-09-03T13:06:00Z
2026-09-03T13:05:11Z,2026-09-03T15:05:11+0200,3df1353b-992d-465b-bbfb-ce9652ab7fde,2026-09-01T06:45:00Z,2026-09-01T08:45:00+0200,703.773333,MW,DK1,DK_1,forecast_solar_generation,Solar,2026-09-03T13:06:00Z
2026-09-03T13:05:11Z,2026-09-03T15:05:11+0200,3df1353b-992d-465b-bbfb-ce9652ab7fde,2026-09-01T07:00:00Z,2026-09-01T09:00:00+0200,790.103333,MW,DK1,DK_1,forecast_solar_generation,Solar,2026-09-03T13:06:00Z
2026-09-03T13:05:11Z,2026-09-03T15:05:11+0200,3df1353b-992d-465b-bbfb-ce9652ab7fde,2026-09-01T07:15:00Z,2026-09-01T09:15:00+0200,875.678333,MW,DK1,DK_1,forecast_solar_generation,Solar,2026-09-03T13:06:00Z
2026-09-03T13:05:11Z,2026-09-03T15:05:11+0200,3df1353b-992d-465b-bbfb-ce9652ab7fde,2026-09-01T07:30:00Z,2026-09-01T09:30:00+0200,962.009999,MW,DK1,DK_1,forecast_solar_generation,Solar,2026-09-03T13:06:00Z
2026-09-03T13:05:11Z,2026-09-03T15:05:11+0200,3df1353b-992d-465b-bbfb-ce9652ab7fde,2026-09-01T07:45:00Z,2026-09-01T09:45:00+0200,1043.583333,MW,DK1,DK_1,forecast_solar_generation,Solar,2026-09-03T13:06:00Z
2026-09-03T13:05:11Z,2026-09-03T15:05:11+0200,3df1353b-992d-465b-bbfb-ce9652ab7fde,2026-09-01T08:00:00Z,2026-09-01T10:00:00+0200,1121.073333,MW,DK1,DK_1,forecast_solar_generation,Solar,2026-09-03T13:06:00Z
2026-09-03T13:05:11Z,2026-09-03T15:05:11+0200,3df1353b-992d-465b-bbfb-ce9652ab7fde,2026-09-01T08:15:00Z,2026-09-01T10:15:00+0200,1198.445,MW,DK1,DK_1,forecast_solar_generation,Solar,2026-09-03T13:06:00Z
2026-09-03T13:05:11Z,2026-09-03T15:05:11+0200,3df1353b-992d-465b-bbfb-ce9652ab7fde,2026-09-01T08:30:00Z,2026-09-01T10:30:00+0200,1279.106666,MW,DK1,DK_1,forecast_solar_generation,Solar,2026-09-03T13:06:00Z
2026-09-03T13:05:11Z,2026-09-03T15:05:11+0200,3df1353b-992d-465b-bbfb-ce9652ab7fde,2026-09-01T08:45:00Z,2026-09-01T10:45:00+0200,1360.96,MW,DK1,DK_1,forecast_solar_generation,Solar,2026-09-03T13:06:00Z
2026-09-03T13:05:11Z,2026-09-03T15:05:11+0200,3df1353b-992d-465b-bbfb-ce9652ab7fde,2026-09-01T09:00:00Z,2026-09-01T11:00:00+0200,1438.024999,MW,DK1,DK_1,forecast_solar_generation,Solar,2026-09-03T13:06:00Z
2026-09-03T13:05:11Z,2026-09-03T15:05:11+0200,3df1353b-992d-465b-bbfb-ce9652ab7fde,2026-09-01T09:15:00Z,2026-09-01T11:15:00+0200,1502.915,MW,DK1,DK_1,forecast_solar_generation,Solar,2026-09-03T13:06:00Z
2026-09-03T13:05:11Z,2026-09-03T15:05:11+0200,3df1353b-992d-465b-bbfb-ce9652ab7fde,2026-09-01T09:30:00Z,2026-09-01T11:30:00+0200,1545.763333,MW,DK1,DK_1,forecast_solar_generation,Solar,2026-09-03T13:06:00Z
2026-09-03T13:05:11Z,2026-09-03T15:05:11+0200,3df1353b-992d-465b-bbfb-ce9652ab7fde,2026-09-01T09:45:00Z,2026-09-01T11:45:00+0200,1559.835,MW,DK1,DK_1,forecast_solar_generation,Solar,2026-09-03T13:06:00Z
2026-09-03T13:05:11Z,2026-09-03T15:05:11+0200,3df1353b-992d-465b-bbfb-ce9652ab7fde,2026-09-01T10:00:00Z,2026-09-01T12:00:00+0200,1556.395,MW,DK1,DK_1,forecast_solar_generation,Solar,2026-09-03T13:06:00Z
2026-09-03T13:05:11Z,2026-09-03T15:05:11+0200,3df1353b-992d-465b-bbfb-ce9652ab7fde,2026-09-01T10:15:00Z,2026-09-01T12:15:00+0200,1549.12,MW,DK1,DK_1,forecast_solar_generation,Solar,2026-09-03T13:06:00Z
2026-09-03T13:05:11Z,2026-09-03T15:05:11+0200,3df1353b-992d-465b-bbfb-ce9652ab7fde,2026-09-01T10:30:00Z,2026-09-01T12:30:00+0200,1544.12,MW,DK1,DK_1,forecast_solar_generation,Solar,2026-09-03T13:06:00Z
2026-09-03T13:05:11Z,2026-09-03T15:05:11+0200,3df1353b-992d-465b-bbfb-ce9652ab7fde,2026-09-01T10:45:00Z,2026-09-01T12:45:00+0200,1529.933333,MW,DK1,DK_1,forecast_solar_generation,Solar,2026-09-03T13:06:00Z
2026-09-03T13:05:11Z,2026-09-03T15:05:11+0200,3df1353b-992d-465b-bbfb-ce9652ab7fde,2026-09-01T11:00:00Z,2026-09-01T13:00:00+0200,1508.401666,MW,DK1,DK_1,forecast_solar_generation,Solar,2026-09-03T13:06:00Z
2026-09-03T13:05:11Z,2026-09-03T15:05:11+0200,3df1353b-992d-465b-bbfb-ce9652ab7fde,2026-09-01T11:15:00Z,2026-09-01T13:15:00+0200,1486.411666,MW,DK1,DK_1,forecast_solar_generation,Solar,2026-09-03T13:06:00Z
2026-09-03T13:05:11Z,2026-09-03T15:05:11+0200,3df1353b-992d-465b-bbfb-ce9652ab7fde,2026-09-01T11:30:00Z,2026-09-01T13:30:00+0200,1470.363333,MW,DK1,DK_1,forecast_solar_generation,Solar,2026-09-03T13:06:00Z
2026-09-03T13:05:11Z,2026-09-03T15:05:11+0200,3df1353b-992d-465b-bbfb-ce9652ab7fde,2026-09-01T11:45:00Z,2026-09-01T13:45:00+0200,1457.513333,MW,DK1,DK_1,forecast_solar_generation,Solar,2026-09-03T13:06:00Z
2026-09-03T13:05:11Z,2026-09-03T15:05:11+0200,3df1353b-992d-465b-bbfb-ce9652ab7fde,2026-09-01T12:00:00Z,2026-09-01T14:00:00+0200,1442.83,MW,DK1,DK_1,forecast_solar_generation,Solar,2026-09-03T13:06:00Z
2026-09-03T13:05:11Z,2026-09-03T15:05:11+0200,3df1353b-992d-465b-bbfb-ce9652ab7fde,2026-09-01T12:15:00Z,2026-09-01T14:15:00+0200,1424.376666,MW,DK1,DK_1,forecast_solar_generation,Solar,2026-09-03T13:06:00Z
2026-09-03T13:05:11Z,2026-09-03T15:05:11+0200,3df1353b-992d-465b-bbfb-ce9652ab7fde,2026-09-01T12:30:00Z,2026-09-01T14:30:00+0200,1402.67,MW,DK1,DK_1,forecast_solar_generation,Solar,2026-09-03T13:06:00Z
2026-09-03T13:05:11Z,2026-09-03T15:05:11+0200,3df1353b-992d-465b-bbfb-ce9652ab7fde,2026-09-01T12:45:00Z,2026-09-01T14:45:00+0200,1382.01,MW,DK1,DK_1,forecast_solar_generation,Solar,2026-09-03T13:06:00Z
2026-09-03T13:05:11Z,2026-09-03T15:05:11+0200,3df1353b-992d-465b-bbfb-ce9652ab7fde,2026-09-01T13:00:00Z,2026-09-01T15:00:00+0200,1362.063333,MW,DK1,DK_1,forecast_solar_generation,Solar,2026-09-03T13:06:00Z
2026-09-03T13:05:11Z,2026-09-03T15:05:11+0200,3df1353b-992d-465b-bbfb-ce9652ab7fde,2026-09-01T13:15:00Z,2026-09-01T15:15:00+0200,1338.808333,MW,DK1,DK_1,forecast_solar_generation,Solar,2026-09-03T13:06:00Z
2026-09-03T13:05:11Z,2026-09-03T15:05:11+0200,3df1353b-992d-465b-bbfb-ce9652ab7fde,2026-09-01T13:30:00Z,2026-09-01T15:30:00+0200,1308.345,MW,DK1,DK_1,forecast_solar_generation,Solar,2026-09-03T13:06:00Z
2026-09-03T13:05:11Z,2026-09-03T15:05:11+0200,3df1353b-992d-465b-bbfb-ce9652ab7fde,2026-09-01T13:45:00Z,2026-09-01T15:45:00+0200,1275.563333,MW,DK1,DK_1,forecast_solar_generation,Solar,2026-09-03T13:06:00Z
2026-09-03T13:05:11Z,2026-09-03T15:05:11+0200,3df1353b-992d-465b-bbfb-ce9652ab7fde,2026-09-01T14:00:00Z,2026-09-01T16:00:00+0200,1239.851666,MW,DK1,DK_1,forecast_solar_generation,Solar,2026-09-03T13:06:00Z
2026-09-03T13:05:11Z,2026-09-03T15:05:11+0200,3df1353b-992d-465b-bbfb-ce9652ab7fde,2026-09-01T14:15:00Z,2026-09-01T16:15:00+0200,1196.296666,MW,DK1,DK_1,forecast_solar_generation,Solar,2026-09-03T13:06:00Z
2026-09-03T13:05:11Z,2026-09-03T15:05:11+0200,3df1353b-992d-465b-bbfb-ce9652ab7fde,2026-09-01T14:30:00Z,2026-09-01T16:30:00+0200,1142.57,MW,DK1,DK_1,forecast_solar_generation,Solar,2026-09-03T13:06:00Z
2026-09-03T13:05:11Z,2026-09-03T15:05:11+0200,3df1353b-992d-465b-bbfb-ce9652ab7fde,2026-09-01T14:45:00Z,2026-09-01T16:45:00+0200,1086.975,MW,DK1,DK_1,forecast_solar_generation,Solar,2026-09-03T13:06:00Z
2026-09-03T13:05:11Z,2026-09-03T15:05:11+0200,3df1353b-992d-465b-bbfb-ce9652ab7fde,2026-09-01T15:00:00Z,2026-09-01T17:00:00+0200,1035.505,MW,DK1,DK_1,forecast_solar_generation,Solar,2026-09-03T13:06:00Z
2026-09-03T13:05:11Z,2026-09-03T15:05:11+0200,3df1353b-992d-465b-bbfb-ce9652ab7fde,2026-09-01T15:15:00Z,2026-09-01T17:15:00+0200,959.473333,MW,DK1,DK_1,forecast_solar_generation,Solar,2026-09-03T13:06:00Z
2026-09-03T13:05:11Z,2026-09-03T15:05:11+0200,3df1353b-992d-465b-bbfb-ce9652ab7fde,2026-09-01T15:30:00Z,2026-09-01T17:30:00+0200,868.864999,MW,DK1,DK_1,forecast_solar_generation,Solar,2026-09-03T13:06:00Z
2026-09-03T13:05:11Z,2026-09-03T15:05:11+0200,3df1353b-992d-465b-bbfb-ce9652ab7fde,2026-09-01T15:45:00Z,2026-09-01T17:45:00+0200,773.161666,MW,DK1,DK_1,forecast_solar_generation,Solar,2026-09-03T13:06:00Z
2026-09-03T13:05:11Z,2026-09-03T15:05:11+0200,3df1353b-992d-465b-bbfb-ce9652ab7fde,2026-09-01T16:00:00Z,2026-09-01T18:00:00+0200,671.683333,MW,DK1,DK_1,forecast_solar_generation,Solar,2026-09-03T13:06:00Z
2026-09-03T13:05:11Z,2026-09-03T15:05:11+0200,3df1353b-992d-465b-bbfb-ce9652ab7fde,2026-09-01T16:15:00Z,2026-09-01T18:15:00+0200,562.586666,MW,DK1,DK_1,forecast_solar_generation,Solar,2026-09-03T13:06:00Z
2026-09-03T13:05:11Z,2026-09-03T15:05:11+0200,3df1353b-992d-465b-bbfb-ce9652ab7fde,2026-09-01T16:30:00Z,2026-09-01T18:30:00+0200,449.396666,MW,DK1,DK_1,forecast_solar_generation,Solar,2026-09-03T13:06:00Z
2026-09-03T13:05:11Z,2026-09-03T15:05:11+0200,3df1353b-992d-465b-bbfb-ce9652ab7fde,2026-09-01T16:45:00Z,2026-09-01T18:45:00+0200,342.015,MW,DK1,DK_1,forecast_solar_generation,Solar,2026-09-03T13:06:00Z
2026-09-03T13:05:11Z,2026-09-03T15:05:11+0200,3df1353b-992d-465b-bbfb-ce9652ab7fde,2026-09-01T17:00:00Z,2026-09-01T19:00:00+0200,243.038333,MW,DK1,DK_1,forecast_solar_generation,Solar,2026-09-03T13:06:00Z
2026-09-03T13:05:11Z,2026-09-03T15:05:11+0200,3df1353b-992d-465b-bbfb-ce9652ab7fde,2026-09-01T17:15:00Z,2026-09-01T19:15:00+0200,153.538333,MW,DK1,DK_1,forecast_solar_generation,Solar,2026-09-03T13:06:00Z
2026-09-03T13:05:11Z,2026-09-03T15:05:11+0200,3df1353b-992d-465b-bbfb-ce9652ab7fde,2026-09-01T17:30:00Z,2026-09-01T19:30:00+0200,77.176666,MW,DK1,DK_1,forecast_solar_generation,Solar,2026-09-03T13:06:00Z
2026-09-03T13:05:11Z,2026-09-03T15:05:11+0200,3df1353b-992d-465b-bbfb-ce9652ab7fde,2026-09-01T17:45:00Z,2026-09-01T19:45:00+0200,22.881666,MW,DK1,DK_1,forecast_solar_generation,Solar,2026-09-03T13:06:00Z
2026-09-03T13:05:11Z,2026-09-03T15:05:11+0200,3df1353b-992d-465b-bbfb-ce9652ab7fde,2026-09-01T18:00:00Z,2026-09-01T20:00:00+0200,1.985,MW,DK1,DK_1,forecast_solar_generation,Solar,2026-09-03T13:06:00Z
2026-09-03T13:05:11Z,2026-09-03T15:05:11+0200,3df1353b-992d-465b-bbfb-ce9652ab7fde,2026-09-01T18:15:00Z,2026-09-01T20:15:00+0200,0.01,MW,DK1,DK_1,forecast_solar_generation,Solar,2026-09-03T13:06:00Z
2026-09-03T13:05:11Z,2026-09-03T15:05:11+0200,3df1353b-992d-465b-bbfb-ce9652ab7fde,2026-09-01T18:30:00Z,2026-09-01T20:30:00+0200,0.0,MW,DK1,DK_1,forecast_solar_generation,Solar,2026-09-03T13:06:00Z
2026-09-03T13:05:11Z,2026-09-03T15:05:11+0200,3df1353b-992d-465b-bbfb-ce9652ab7fde,2026-09-01T18:45:00Z,2026-09-01T20:45:00+0200,0.0,MW,DK1,DK_1,forecast_solar_generation,Solar,2026-09-03T13:06:00Z
2026-09-03T13:05:11Z,2026-09-03T15:05:11+0200,3df1353b-992d-465b-bbfb-ce9652ab7fde,2026-09-01T19:00:00Z,2026-09-01T21:00:00+0200,0.0,MW,DK1,DK_1,forecast_solar_generation,Solar,2026-09-03T13:06:00Z
2026-09-03T13:05:11Z,2026-09-03T15:05:11+0200,3df1353b-992d-465b-bbfb-ce9652ab7fde,2026-09-01T19:15:00Z,2026-09-01T21:15:00+0200,0.0,MW,DK1,DK_1,forecast_solar_generation,Solar,2026-09-03T13:06:00Z
2026-09-03T13:05:11Z,2026-09-03T15:05:11+0200,3df1353b-992d-465b-bbfb-ce9652ab7fde,2026-09-01T19:30:00Z,2026-09-01T21:30:00+0200,0.0,MW,DK1,DK_1,forecast_solar_generation,Solar,2026-09-03T13:06:00Z
2026-09-03T13:05:11Z,2026-09-03T15:05:11+0200,3df1353b-992d-465b-bbfb-ce9652ab7fde,2026-09-01T19:45:00Z,2026-09-01T21:45:00+0200,0.0,MW,DK1,DK_1,forecast_solar_generation,Solar,2026-09-03T13:06:00Z
2026-09-03T13:05:11Z,2026-09-03T15:05:11+0200,3df1353b-992d-465b-bbfb-ce9652ab7fde,2026-09-01T20:00:00Z,2026-09-01T22:00:00+0200,0.0,MW,DK1,DK_1,forecast_solar_generation,Solar,2026-09-03T13:06:00Z
2026-09-03T13:05:11Z,2026-09-03T15:05:11+0200,3df1353b-992d-465b-bbfb-ce9652ab7fde,2026-09-01T20:15:00Z,2026-09-01T22:15:00+0200,0.0,MW,DK1,DK_1,forecast_solar_generation,Solar,2026-09-03T13:06:00Z
2026-09-03T13:05:11Z,2026-09-03T15:05:11+0200,3df1353b-992d-465b-bbfb-ce9652ab7fde,2026-09-01T20:30:00Z,2026-09-01T22:30:00+0200,0.0,MW,DK1,DK_1,forecast_solar_generation,Solar,2026-09-03T13:06:00Z
2026-09-03T13:05:11Z,2026-09-03T15:05:11+0200,3df1353b-992d-465b-bbfb-ce9652ab7fde,2026-09-01T20:45:00Z,2026-09-01T22:45:00+0200,0.0,MW,DK1,DK_1,forecast_solar_generation,Solar,2026-09-03T13:06:00Z
2026-09-03T13:05:11Z,2026-09-03T15:05:11+0200,3df1353b-992d-465b-bbfb-ce9652ab7fde,2026-09-01T21:00:00Z,2026-09-01T23:00:00+0200,0.0,MW,DK1,DK_1,forecast_solar_generation,Solar,2026-09-03T13:06:00Z
2026-09-03T13:05:11Z,2026-09-03T15:05:11+0200,3df1353b-992d-465b-bbfb-ce9652ab7fde,2026-09-01T21:15:00Z,2026-09-01T23:15:00+0200,0.0,MW,DK1,DK_1,forecast_solar_generation,Solar,2026-09-03T13:06:00Z
2026-09-03T13:05:11Z,2026-09-03T15:05:11+0200,3df1353b-992d-465b-bbfb-ce9652ab7fde,2026-09-01T21:30:00Z,2026-09-01T23:30:00+0200,0.0,MW,DK1,DK_1,forecast_solar_generation,Solar,2026-09-03T13:06:00Z
2026-09-03T13:05:11Z,2026-09-03T15:05:11+0200,3df1353b-992d-465b-bbfb-ce9652ab7fde,2026-09-01T21:45:00Z,2026-09-01T23:45:00+0200,0.0,MW,DK1,DK_1,forecast_solar_generation,Solar,2026-09-03T13:06:00Z
2026-09-03T13:05:11Z,2026-09-03T15:05:11+0200,3df1353b-992d-465b-bbfb-ce9652ab7fde,2026-09-01T22:00:00Z,2026-09-02T00:00:00+0200,0.0,MW,DK1,DK_1,forecast_solar_generation,Solar,2026-09-03T13:06:00Z
2026-09-03T13:05:11Z,2026-09-03T15:05:11+0200,3df1353b-992d-465b-bbfb-ce9652ab7fde,2026-09-01T22:15:00Z,2026-09-02T00:15:00+0200,0.0,MW,DK1,DK_1,forecast_solar_generation,Solar,2026-09-03T13:06:00Z
2026-09-03T13:05:11Z,2026-09-03T15:05:11+0200,3df1353b-992d-465b-bbfb-ce9652ab7fde,2026-09-01T22:30:00Z,2026-09-02T00:30:00+0200,0.0,MW,DK1,DK_1,forecast_solar_generation,Solar,2026-09-03T13:06:00Z
2026-09-03T13:05:11Z,2026-09-03T15:05:11+0200,3df1353b-992d-465b-bbfb-ce9652ab7fde,2026-09-01T22:45:00Z,2026-09-02T00:45:00+0200,0.0,MW,DK1,DK_1,forecast_solar_generation,Solar,2026-09-03T13:06:00Z
2026-09-03T13:05:11Z,2026-09-03T15:05:11+0200,3df1353b-992d-465b-bbfb-ce9652ab7fde,2026-09-01T23:00:00Z,2026-09-02T01:00:00+0200,0.0,MW,DK1,DK_1,forecast_solar_generation,Solar,2026-09-03T13:06:00Z
2026-09-03T13:05:11Z,2026-09-03T15:05:11+0200,3df1353b-992d-465b-bbfb-ce9652ab7fde,2026-09-01T23:15:00Z,2026-09-02T01:15:00+0200,0.0,MW,DK1,DK_1,forecast_solar_generation,Solar,2026-09-03T13:06:00Z
2026-09-03T13:05:11Z,2026-09-03T15:05:11+0200,3df1353b-992d-465b-bbfb-ce9652ab7fde,2026-09-01T23:30:00Z,2026-09-02T01:30:00+0200,0.0,MW,DK1,DK_1,forecast_solar_generation,Solar,2026-09-03T13:06:00Z
2026-09-03T13:05:11Z,2026-09-03T15:05:11+0200,3df1353b-992d-465b-bbfb-ce9652ab7fde,2026-09-01T23:45:00Z,2026-09-02T01:45:00+0200,0.0,MW,DK1,DK_1,forecast_solar_generation,Solar,2026-09-03T13:06:00Z
2026-09-03T13:05:11Z,2026-09-03T15:05:11+0200,3df1353b-992d-465b-bbfb-ce9652ab7fde,2026-09-02T00:00:00Z,2026-09-02T02:00:00+0200,0.0,MW,DK1,DK_1,forecast_solar_generation,Solar,2026-09-03T13:06:00Z
2026-09-03T13:05:11Z,2026-09-03T15:05:11+0200,3df1353b-992d-465b-bbfb-ce9652ab7fde,2026-09-02T00:15:00Z,2026-09-02T02:15:00+0200,0.0,MW,DK1,DK_1,forecast_solar_generation,Solar,2026-09-03T13:06:00Z
2026-09-03T13:05:11Z,2026-09-03T15:05:11+0200,3df1353b-992d-465b-bbfb-ce9652ab7fde,2026-09-02T00:30:00Z,2026-09-02T02:30:00+0200,0.0,MW,DK1,DK_1,forecast_solar_generation,Solar,2026-09-03T13:06:00Z
2026-09-03T13:05:11Z,2026-09-03T15:05:11+0200,3df1353b-992d-465b-bbfb-ce9652ab7fde,2026-09-02T00:45:00Z,2026-09-02T02:45:00+0200,0.0,MW,DK1,DK_1,forecast_solar_generation,Solar,2026-09-03T13:06:00Z
2026-09-03T13:05:11Z,2026-09-03T15:05:11+0200,3df1353b-992d-465b-bbfb-ce9652ab7fde,2026-09-02T01:00:00Z,2026-09-02T03:00:00+0200,0.0,MW,DK1,DK_1,forecast_solar_generation,Solar,2026-09-03T13:06:00Z
2026-09-03T13:05:11Z,2026-09-03T15:05:11+0200,3df1353b-992d-465b-bbfb-ce9652ab7fde,2026-09-02T01:15:00Z,2026-09-02T03:15:00+0200,0.0,MW,DK1,DK_1,forecast_solar_generation,Solar,2026-09-03T13:06:00Z
2026-09-03T13:05:11Z,2026-09-03T15:05:11+0200,3df1353b-992d-465b-bbfb-ce9652ab7fde,2026-09-02T01:30:00Z,2026-09-02T03:30:00+0200,0.0,MW,DK1,DK_1,forecast_solar_generation,Solar,2026-09-03T13:06:00Z
2026-09-03T13:05:11Z,2026-09-03T15:05:11+0200,3df1353b-992d-465b-bbfb-ce9652ab7fde,2026-09-02T01:45:00Z,2026-09-02T03:45:00+0200,0.0,MW,DK1,DK_1,forecast_solar_generation,Solar,2026-09-03T13:06:00Z
2026-09-03T13:05:11Z,2026-09-03T15:05:11+0200,3df1353b-992d-465b-bbfb-ce9652ab7fde,2026-09-02T02:00:00Z,2026-09-02T04:00:00+0200,0.0,MW,DK1,DK_1,forecast_solar_generation,Solar,2026-09-03T13:06:00Z
2026-09-03T13:05:11Z,2026-09-03T15:05:11+0200,3df1353b-992d-465b-bbfb-ce9652ab7fde,2026-09-02T02:15:00Z,2026-09-02T04:15:00+0200,0.0,MW,DK1,DK_1,forecast_solar_generation,Solar,2026-09-03T13:06:00Z
2026-09-03T13:05:11Z,2026-09-03T15:05:11+0200,3df1353b-992d-465b-bbfb-ce9652ab7fde,2026-09-02T02:30:00Z,2026-09-02T04:30:00+0200,0.0,MW,DK1,DK_1,forecast_solar_generation,Solar,2026-09-03T13:06:00Z
2026-09-03T13:05:11Z,2026-09-03T15:05:11+0200,3df1353b-992d-465b-bbfb-ce9652ab7fde,2026-09-02T02:45:00Z,2026-09-02T04:45:00+0200,0.0,MW,DK1,DK_1,forecast_solar_generation,Solar,2026-09-03T13:06:00Z
2026-09-03T13:05:11Z,2026-09-03T15:05:11+0200,3df1353b-992d-465b-bbfb-ce9652ab7fde,2026-09-02T03:00:00Z,2026-09-02T05:00:00+0200,0.0,MW,DK1,DK_1,forecast_solar_generation,Solar,2026-09-03T13:06:00Z
2026-09-03T13:05:11Z,2026-09-03T15:05:11+0200,3df1353b-992d-465b-bbfb-ce9652ab7fde,2026-09-02T03:15:00Z,2026-09-02T05:15:00+0200,0.0,MW,DK1,DK_1,forecast_solar_generation,Solar,2026-09-03T13:06:00Z
2026-09-03T13:05:11Z,2026-09-03T15:05:11+0200,3df1353b-992d-465b-bbfb-ce9652ab7fde,2026-09-02T03:30:00Z,2026-09-02T05:30:00+0200,0.0,MW,DK1,DK_1,forecast_solar_generation,Solar,2026-09-03T13:06:00Z
2026-09-03T13:05:11Z,2026-09-03T15:05:11+0200,3df1353b-992d-465b-bbfb-ce9652ab7fde,2026-09-02T03:45:00Z,2026-09-02T05:45:00+0200,0.0,MW,DK1,DK_1,forecast_solar_generation,Solar,2026-09-03T13:06:00Z
2026-09-03T13:05:11Z,2026-09-03T15:05:11+0200,3df1353b-992d-465b-bbfb-ce9652ab7fde,2026-09-02T04:00:00Z,2026-09-02T06:00:00+0200,0.0,MW,DK1,DK_1,forecast_solar_generation,Solar,2026-09-03T13:06:00Z
2026-09-03T13:05:11Z,2026-09-03T15:05:11+0200,3df1353b-992d-465b-bbfb-ce9652ab7fde,2026-09-02T04:15:00Z,2026-09-02T06:15:00+0200,0.01,MW,DK1,DK_1,forecast_solar_generation,Solar,2026-09-03T13:06:00Z
2026-09-03T13:05:11Z,2026-09-03T15:05:11+0200,3df1353b-992d-465b-bbfb-ce9652ab7fde,2026-09-02T04:30:00Z,2026-09-02T06:30:00+0200,1.464999,MW,DK1,DK_1,forecast_solar_generation,Solar,2026-09-03T13:06:00Z
2026-09-03T13:05:11Z,2026-09-03T15:05:11+0200,3df1353b-992d-465b-bbfb-ce9652ab7fde,2026-09-02T04:45:00Z,2026-09-02T06:45:00+0200,16.828333,MW,DK1,DK_1,forecast_solar_generation,Solar,2026-09-03T13:06:00Z
2026-09-03T13:05:11Z,2026-09-03T15:05:11+0200,3df1353b-992d-465b-bbfb-ce9652ab7fde,2026-09-02T05:00:00Z,2026-09-02T07:00:00+0200,52.843333,MW,DK1,DK_1,forecast_solar_generation,Solar,2026-09-03T13:06:00Z
2026-09-03T13:05:11Z,2026-09-03T15:05:11+0200,3df1353b-992d-465b-bbfb-ce9652ab7fde,2026-09-02T05:15:00Z,2026-09-02T07:15:00+0200,98.085,MW,DK1,DK_1,forecast_solar_generation,Solar,2026-09-03T13:06:00Z
2026-09-03T13:05:11Z,2026-09-03T15:05:11+0200,3df1353b-992d-465b-bbfb-ce9652ab7fde,2026-09-02T05:30:00Z,2026-09-02T07:30:00+0200,150.894999,MW,DK1,DK_1,forecast_solar_generation,Solar,2026-09-03T13:06:00Z
2026-09-03T13:05:11Z,2026-09-03T15:05:11+0200,3df1353b-992d-465b-bbfb-ce9652ab7fde,2026-09-02T05:45:00Z,2026-09-02T07:45:00+0200,207.633333,MW,DK1,DK_1,forecast_solar_generation,Solar,2026-09-03T13:06:00Z
2026-09-03T13:05:11Z,2026-09-03T15:05:11+0200,3df1353b-992d-465b-bbfb-ce9652ab7fde,2026-09-02T06:00:00Z,2026-09-02T08:00:00+0200,264.986666,MW,DK1,DK_1,forecast_solar_generation,Solar,2026-09-03T13:06:00Z
2026-09-03T13:05:11Z,2026-09-03T15:05:11+0200,3df1353b-992d-465b-bbfb-ce9652ab7fde,2026-09-02T06:15:00Z,2026-09-02T08:15:00+0200,321.686666,MW,DK1,DK_1,forecast_solar_generation,Solar,2026-09-03T13:06:00Z
2026-09-03T13:05:11Z,2026-09-03T15:05:11+0200,3df1353b-992d-465b-bbfb-ce9652ab7fde,2026-09-02T06:30:00Z,2026-09-02T08:30:00+0200,380.75,MW,DK1,DK_1,forecast_solar_generation,Solar,2026-09-03T13:06:00Z
2026-09-03T13:05:11Z,2026-09-03T15:05:11+0200,3df1353b-992d-465b-bbfb-ce9652ab7fde,2026-09-02T06:45:00Z,2026-09-02T08:45:00+0200,444.673333,MW,DK1,DK_1,forecast_solar_generation,Solar,2026-09-03T13:06:00Z
2026-09-03T13:05:11Z,2026-09-03T15:05:11+0200,3df1353b-992d-465b-bbfb-ce9652ab7fde,2026-09-02T07:00:00Z,2026-09-02T09:00:00+0200,511.431666,MW,DK1,DK_1,forecast_solar_generation,Solar,2026-09-03T13:06:00Z
2026-09-03T13:05:11Z,2026-09-03T15:05:11+0200,3df1353b-992d-465b-bbfb-ce9652ab7fde,2026-09-02T07:15:00Z,2026-09-02T09:15:00+0200,575.658333,MW,DK1,DK_1,forecast_solar_generation,Solar,2026-09-03T13:06:00Z
2026-09-03T13:05:11Z,2026-09-03T15:05:11+0200,3df1353b-992d-465b-bbfb-ce9652ab7fde,2026-09-02T07:30:00Z,2026-09-02T09:30:00+0200,629.781666,MW,DK1,DK_1,forecast_solar_generation,Solar,2026-09-03T13:06:00Z
2026-09-03T13:05:11Z,2026-09-03T15:05:11+0200,3df1353b-992d-465b-bbfb-ce9652ab7fde,2026-09-02T07:45:00Z,2026-09-02T09:45:00+0200,671.55,MW,DK1,DK_1,forecast_solar_generation,Solar,2026-09-03T13:06:00Z
2026-09-03T13:05:11Z,2026-09-03T15:05:11+0200,3df1353b-992d-465b-bbfb-ce9652ab7fde,2026-09-02T08:00:00Z,2026-09-02T10:00:00+0200,705.216666,MW,DK1,DK_1,forecast_solar_generation,Solar,2026-09-03T13:06:00Z
2026-09-03T13:05:11Z,2026-09-03T15:05:11+0200,3df1353b-992d-465b-bbfb-ce9652ab7fde,2026-09-02T08:15:00Z,2026-09-02T10:15:00+0200,736.905,MW,DK1,DK_1,forecast_solar_generation,Solar,2026-09-03T13:06:00Z
2026-09-03T13:05:11Z,2026-09-03T15:05:11+0200,3df1353b-992d-465b-bbfb-ce9652ab7fde,2026-09-02T08:30:00Z,2026-09-02T10:30:00+0200,770.833333,MW,DK1,DK_1,forecast_solar_generation,Solar,2026-09-03T13:06:00Z
2026-09-03T13:05:11Z,2026-09-03T15:05:11+0200,3df1353b-992d-465b-bbfb-ce9652ab7fde,2026-09-02T08:45:00Z,2026-09-02T10:45:00+0200,802.236666,MW,DK1,DK_1,forecast_solar_generation,Solar,2026-09-03T13:06:00Z
2026-09-03T13:05:11Z,2026-09-03T15:05:11+0200,3df1353b-992d-465b-bbfb-ce9652ab7fde,2026-09-02T09:00:00Z,2026-09-02T11:00:00+0200,830.77,MW,DK1,DK_1,forecast_solar_generation,Solar,2026-09-03T13:06:00Z
2026-09-03T13:05:11Z,2026-09-03T15:05:11+0200,3df1353b-992d-465b-bbfb-ce9652ab7fde,2026-09-02T09:15:00Z,2026-09-02T11:15:00+0200,858.006666,MW,DK1,DK_1,forecast_solar_generation,Solar,2026-09-03T13:06:00Z
2026-09-03T13:05:11Z,2026-09-03T15:05:11+0200,3df1353b-992d-465b-bbfb-ce9652ab7fde,2026-09-02T09:30:00Z,2026-09-02T11:30:00+0200,887.87,MW,DK1,DK_1,forecast_solar_generation,Solar,2026-09-03T13:06:00Z
2026-09-03T13:05:11Z,2026-09-03T15:05:11+0200,3df1353b-992d-465b-bbfb-ce9652ab7fde,2026-09-02T09:45:00Z,2026-09-02T11:45:00+0200,926.969999,MW,DK1,DK_1,forecast_solar_generation,Solar,2026-09-03T13:06:00Z
2026-09-03T13:05:11Z,2026-09-03T15:05:11+0200,3df1353b-992d-465b-bbfb-ce9652ab7fde,2026-09-02T10:00:00Z,2026-09-02T12:00:00+0200,971.08,MW,DK1,DK_1,forecast_solar_generation,Solar,2026-09-03T13:06:00Z
2026-09-03T13:05:11Z,2026-09-03T15:05:11+0200,3df1353b-992d-465b-bbfb-ce9652ab7fde,2026-09-02T10:15:00Z,2026-09-02T12:15:00+0200,1010.486666,MW,DK1,DK_1,forecast_solar_generation,Solar,2026-09-03T13:06:00Z
2026-09-03T13:05:11Z,2026-09-03T15:05:11+0200,3df1353b-992d-465b-bbfb-ce9652ab7fde,2026-09-02T10:30:00Z,2026-09-02T12:30:00+0200,1037.979999,MW,DK1,DK_1,forecast_solar_generation,Solar,2026-09-03T13:06:00Z
2026-09-03T13:05:11Z,2026-09-03T15:05:11+0200,3df1353b-992d-465b-bbfb-ce9652ab7fde,2026-09-02T10:45:00Z,2026-09-02T12:45:00+0200,1064.743333,MW,DK1,DK_1,forecast_solar_generation,Solar,2026-09-03T13:06:00Z
2026-09-03T13:05:11Z,2026-09-03T15:05:11+0200,3df1353b-992d-465b-bbfb-ce9652ab7fde,2026-09-02T11:00:00Z,2026-09-02T13:00:00+0200,1092.348333,MW,DK1,DK_1,forecast_solar_generation,Solar,2026-09-03T13:06:00Z
2026-09-03T13:05:11Z,2026-09-03T15:05:11+0200,3df1353b-992d-465b-bbfb-ce9652ab7fde,2026-09-02T11:15:00Z,2026-09-02T13:15:00+0200,1116.783333,MW,DK1,DK_1,forecast_solar_generation,Solar,2026-09-03T13:06:00Z
2026-09-03T13:05:11Z,2026-09-03T15:05:11+0200,3df1353b-992d-465b-bbfb-ce9652ab7fde,2026-09-02T11:30:00Z,2026-09-02T13:30:00+0200,1135.801666,MW,DK1,DK_1,forecast_solar_generation,Solar,2026-09-03T13:06:00Z
2026-09-03T13:05:11Z,2026-09-03T15:05:11+0200,3df1353b-992d-465b-bbfb-ce9652ab7fde,2026-09-02T11:45:00Z,2026-09-02T13:45:00+0200,1155.523333,MW,DK1,DK_1,forecast_solar_generation,Solar,2026-09-03T13:06:00Z
2026-09-03T13:05:11Z,2026-09-03T15:05:11+0200,3df1353b-992d-465b-bbfb-ce9652ab7fde,2026-09-02T12:00:00Z,2026-09-02T14:00:00+0200,1176.643333,MW,DK1,DK_1,forecast_solar_generation,Solar,2026-09-03T13:06:00Z
2026-09-03T13:05:11Z,2026-09-03T15:05:11+0200,3df1353b-992d-465b-bbfb-ce9652ab7fde,2026-09-02T12:15:00Z,2026-09-02T14:15:00+0200,1192.733333,MW,DK1,DK_1,forecast_solar_generation,Solar,2026-09-03T13:06:00Z
2026-09-03T13:05:11Z,2026-09-03T15:05:11+0200,3df1353b-992d-465b-bbfb-ce9652ab7fde,2026-09-02T12:30:00Z,2026-09-02T14:30:00+0200,1199.715,MW,DK1,DK_1,forecast_solar_generation,Solar,2026-09-03T13:06:00Z
2026-09-03T13:05:11Z,2026-09-03T15:05:11+0200,3df1353b-992d-465b-bbfb-ce9652ab7fde,2026-09-02T12:45:00Z,2026-09-02T14:45:00+0200,1205.024999,MW,DK1,DK_1,forecast_solar_generation,Solar,2026-09-03T13:06:00Z
2026-09-03T13:05:11Z,2026-09-03T15:05:11+0200,3df1353b-992d-465b-bbfb-ce9652ab7fde,2026-09-02T13:00:00Z,2026-09-02T15:00:00+0200,1207.943333,MW,DK1,DK_1,forecast_solar_generation,Solar,2026-09-03T13:06:00Z
2026-09-03T13:05:11Z,2026-09-03T15:05:11+0200,3df1353b-992d-465b-bbfb-ce9652ab7fde,2026-09-02T13:15:00Z,2026-09-02T15:15:00+0200,1202.626666,MW,DK1,DK_1,forecast_solar_generation,Solar,2026-09-03T13:06:00Z
2026-09-03T13:05:11Z,2026-09-03T15:05:11+0200,3df1353b-992d-465b-bbfb-ce9652ab7fde,2026-09-02T13:30:00Z,2026-09-02T15:30:00+0200,1186.644999,MW,DK1,DK_1,forecast_solar_generation,Solar,2026-09-03T13:06:00Z
2026-09-03T13:05:11Z,2026-09-03T15:05:11+0200,3df1353b-992d-465b-bbfb-ce9652ab7fde,2026-09-02T13:45:00Z,2026-09-02T15:45:00+0200,1172.386666,MW,DK1,DK_1,forecast_solar_generation,Solar,2026-09-03T13:06:00Z
2026-09-03T13:05:11Z,2026-09-03T15:05:11+0200,3df1353b-992d-465b-bbfb-ce9652ab7fde,2026-09-02T14:00:00Z,2026-09-02T16:00:00+0200,1155.668333,MW,DK1,DK_1,forecast_solar_generation,Solar,2026-09-03T13:06:00Z
2026-09-03T13:05:11Z,2026-09-03T15:05:11+0200,3df1353b-992d-465b-bbfb-ce9652ab7fde,2026-09-02T14:15:00Z,2026-09-02T16:15:00+0200,1126.283333,MW,DK1,DK_1,forecast_solar_generation,Solar,2026-09-03T13:06:00Z
2026-09-03T13:05:11Z,2026-09-03T15:05:11+0200,3df1353b-992d-465b-bbfb-ce9652ab7fde,2026-09-02T14:30:00Z,2026-09-02T16:30:00+0200,1081.621666,MW,DK1,DK_1,forecast_solar_generation,Solar,2026-09-03T13:06:00Z
2026-09-03T13:05:11Z,2026-09-03T15:05:11+0200,3df1353b-992d-465b-bbfb-ce9652ab7fde,2026-09-02T14:45:00Z,2026-09-02T16:45:00+0200,1034.973333,MW,DK1,DK_1,forecast_solar_generation,Solar,2026-09-03T13:06:00Z
2026-09-03T13:05:11Z,2026-09-03T15:05:11+0200,3df1353b-992d-465b-bbfb-ce9652ab7fde,2026-09-02T15:00:00Z,2026-09-02T17:00:00+0200,982.116666,MW,DK1,DK_1,forecast_solar_generation,Solar,2026-09-03T13:06:00Z
2026-09-03T13:05:11Z,2026-09-03T15:05:11+0200,3df1353b-992d-465b-bbfb-ce9652ab7fde,2026-09-02T15:15:00Z,2026-09-02T17:15:00+0200,914.571666,MW,DK1,DK_1,forecast_solar_generation,Solar,2026-09-03T13:06:00Z
2026-09-03T13:05:11Z,2026-09-03T15:05:11+0200,3df1353b-992d-465b-bbfb-ce9652ab7fde,2026-09-02T15:30:00Z,2026-09-02T17:30:00+0200,830.844999,MW,DK1,DK_1,forecast_solar_generation,Solar,2026-09-03T13:06:00Z
2026-09-03T13:05:11Z,2026-09-03T15:05:11+0200,3df1353b-992d-465b-bbfb-ce9652ab7fde,2026-09-02T15:45:00Z,2026-09-02T17:45:00+0200,742.079999,MW,DK1,DK_1,forecast_solar_generation,Solar,2026-09-03T13:06:00Z
2026-09-03T13:05:11Z,2026-09-03T15:05:11+0200,3df1353b-992d-465b-bbfb-ce9652ab7fde,2026-09-02T16:00:00Z,2026-09-02T18:00:00+0200,655.428333,MW,DK1,DK_1,forecast_solar_generation,Solar,2026-09-03T13:06:00Z
2026-09-03T13:05:11Z,2026-09-03T15:05:11+0200,3df1353b-992d-465b-bbfb-ce9652ab7fde,2026-09-02T16:15:00Z,2026-09-02T18:15:00+0200,548.868333,MW,DK1,DK_1,forecast_solar_generation,Solar,2026-09-03T13:06:00Z
2026-09-03T13:05:11Z,2026-09-03T15:05:11+0200,3df1353b-992d-465b-bbfb-ce9652ab7fde,2026-09-02T16:30:00Z,2026-09-02T18:30:00+0200,435.26,MW,DK1,DK_1,forecast_solar_generation,Solar,2026-09-03T13:06:00Z
2026-09-03T13:05:11Z,2026-09-03T15:05:11+0200,3df1353b-992d-465b-bbfb-ce9652ab7fde,2026-09-02T16:45:00Z,2026-09-02T18:45:00+0200,325.02,MW,DK1,DK_1,forecast_solar_generation,Solar,2026-09-03T13:06:00Z
2026-09-03T13:05:11Z,2026-09-03T15:05:11+0200,3df1353b-992d-465b-bbfb-ce9652ab7fde,2026-09-02T17:00:00Z,2026-09-02T19:00:00+0200,224.299999,MW,DK1,DK_1,forecast_solar_generation,Solar,2026-09-03T13:06:00Z
2026-09-03T13:05:11Z,2026-09-03T15:05:11+0200,3df1353b-992d-465b-bbfb-ce9652ab7fde,2026-09-02T17:15:00Z,2026-09-02T19:15:00+0200,136.001666,MW,DK1,DK_1,forecast_solar_generation,Solar,2026-09-03T13:06:00Z
2026-09-03T13:05:11Z,2026-09-03T15:05:11+0200,3df1353b-992d-465b-bbfb-ce9652ab7fde,2026-09-02T17:30:00Z,2026-09-02T19:30:00+0200,63.645,MW,DK1,DK_1,forecast_solar_generation,Solar,2026-09-03T13:06:00Z
2026-09-03T13:05:11Z,2026-09-03T15:05:11+0200,3df1353b-992d-465b-bbfb-ce9652ab7fde,2026-09-02T17:45:00Z,2026-09-02T19:45:00+0200,16.15,MW,DK1,DK_1,forecast_solar_generation,Solar,2026-09-03T13:06:00Z
2026-09-03T13:05:11Z,2026-09-03T15:05:11+0200,3df1353b-992d-465b-bbfb-ce9652ab7fde,2026-09-02T18:00:00Z,2026-09-02T20:00:00+0200,1.059999,MW,DK1,DK_1,forecast_solar_generation,Solar,2026-09-03T13:06:00Z
2026-09-03T13:05:11Z,2026-09-03T15:05:11+0200,3df1353b-992d-465b-bbfb-ce9652ab7fde,2026-09-02T18:15:00Z,2026-09-02T20:15:00+0200,0.001666,MW,DK1,DK_1,forecast_solar_generation,Solar,2026-09-03T13:06:00Z
2026-09-03T13:05:11Z,2026-09-03T15:05:11+0200,3df1353b-992d-465b-bbfb-ce9652ab7fde,2026-09-02T18:30:00Z,2026-09-02T20:30:00+0200,0.0,MW,DK1,DK_1,forecast_solar_generation,Solar,2026-09-03T13:06:00Z
2026-09-03T13:05:11Z,2026-09-03T15:05:11+0200,3df1353b-992d-465b-bbfb-ce9652ab7fde,2026-09-02T18:45:00Z,2026-09-02T20:45:00+0200,0.0,MW,DK1,DK_1,forecast_solar_generation,Solar,2026-09-03T13:06:00Z
2026-09-03T13:05:11Z,2026-09-03T15:05:11+0200,3df1353b-992d-465b-bbfb-ce9652ab7fde,2026-09-02T19:00:00Z,2026-09-02T21:00:00+0200,0.0,MW,DK1,DK_1,forecast_solar_generation,Solar,2026-09-03T13:06:00Z
2026-09-03T13:05:11Z,2026-09-03T15:05:11+0200,3df1353b-992d-465b-bbfb-ce9652ab7fde,2026-09-02T19:15:00Z,2026-09-02T21:15:00+0200,0.0,MW,DK1,DK_1,forecast_solar_generation,Solar,2026-09-03T13:06:00Z
2026-09-03T13:05:11Z,2026-09-03T15:05:11+0200,3df1353b-992d-465b-bbfb-ce9652ab7fde,2026-09-02T19:30:00Z,2026-09-02T21:30:00+0200,0.0,MW,DK1,DK_1,forecast_solar_generation,Solar,2026-09-03T13:06:00Z
2026-09-03T13:05:11Z,2026-09-03T15:05:11+0200,3df1353b-992d-465b-bbfb-ce9652ab7fde,2026-09-02T19:45:00Z,2026-09-02T21:45:00+0200,0.0,MW,DK1,DK_1,forecast_solar_generation,Solar,2026-09-03T13:06:00Z
2026-09-03T13:05:11Z,2026-09-03T15:05:11+0200,3df1353b-992d-465b-bbfb-ce9652ab7fde,2026-09-02T20:00:00Z,2026-09-02T22:00:00+0200,0.0,MW,DK1,DK_1,forecast_solar_generation,Solar,2026-09-03T13:06:00Z
2026-09-03T13:05:11Z,2026-09-03T15:05:11+0200,3df1353b-992d-465b-bbfb-ce9652ab7fde,2026-09-02T20:15:00Z,2026-09-02T22:15:00+0200,0.0,MW,DK1,DK_1,forecast_solar_generation,Solar,2026-09-03T13:06:00Z
2026-09-03T13:05:11Z,2026-09-03T15:05:11+0200,3df1353b-992d-465b-bbfb-ce9652ab7fde,2026-09-02T20:30:00Z,2026-09-02T22:30:00+0200,0.0,MW,DK1,DK_1,forecast_solar_generation,Solar,2026-09-03T13:06:00Z
2026-09-03T13:05:11Z,2026-09-03T15:05:11+0200,3df1353b-992d-465b-bbfb-ce9652ab7fde,2026-09-02T20:45:00Z,2026-09-02T22:45:00+0200,0.0,MW,DK1,DK_1,forecast_solar_generation,Solar,2026-09-03T13:06:00Z
2026-09-03T13:05:11Z,2026-09-03T15:05:11+0200,3df1353b-992d-465b-bbfb-ce9652ab7fde,2026-09-02T21:00:00Z,2026-09-02T23:00:00+0200,0.0,MW,DK1,DK_1,forecast_solar_generation,Solar,2026-09-03T13:06:00Z
2026-09-03T13:05:11Z,2026-09-03T15:05:11+0200,3df1353b-992d-465b-bbfb-ce9652ab7fde,2026-09-02T21:15:00Z,2026-09-02T23:15:00+0200,0.0,MW,DK1,DK_1,forecast_solar_generation,Solar,2026-09-03T13:06:00Z
2026-09-03T13:05:11Z,2026-09-03T15:05:11+0200,3df1353b-992d-465b-bbfb-ce9652ab7fde,2026-09-02T21:30:00Z,2026-09-02T23:30:00+0200,0.0,MW,DK1,DK_1,forecast_solar_generation,Solar,2026-09-03T13:06:00Z
2026-09-03T13:05:11Z,2026-09-03T15:05:11+0200,3df1353b-992d-465b-bbfb-ce9652ab7fde,2026-09-02T21:45:00Z,2026-09-02T23:45:00+0200,0.0,MW,DK1,DK_1,forecast_solar_generation,Solar,2026-09-03T13:06:00Z
2026-09-03T13:05:11Z,2026-09-03T15:05:11+0200,3df1353b-992d-465b-bbfb-ce9652ab7fde,2026-09-02T22:00:00Z,2026-09-03T00:00:00+0200,0.0,MW,DK1,DK_1,forecast_solar_generation,Solar,2026-09-03T13:06:00Z
2026-09-03T13:05:11Z,2026-09-03T15:05:11+0200,3df1353b-992d-465b-bbfb-ce9652ab7fde,2026-09-02T22:15:00Z,2026-09-03T00:15:00+0200,0.0,MW,DK1,DK_1,forecast_solar_generation,Solar,2026-09-03T13:06:00Z
2026-09-03T13:05:11Z,2026-09-03T15:05:11+0200,3df1353b-992d-465b-bbfb-ce9652ab7fde,2026-09-02T22:30:00Z,2026-09-03T00:30:00+0200,0.0,MW,DK1,DK_1,forecast_solar_generation,Solar,2026-09-03T13:06:00Z
2026-09-03T13:05:11Z,2026-09-03T15:05:11+0200,3df1353b-992d-465b-bbfb-ce9652ab7fde,2026-09-02T22:45:00Z,2026-09-03T00:45:00+0200,0.0,MW,DK1,DK_1,forecast_solar_generation,Solar,2026-09-03T13:06:00Z
2026-09-03T13:05:11Z,2026-09-03T15:05:11+0200,3df1353b-992d-465b-bbfb-ce9652ab7fde,2026-09-02T23:00:00Z,2026-09-03T01:00:00+0200,0.0,MW,DK1,DK_1,forecast_solar_generation,Solar,2026-09-03T13:06:00Z
2026-09-03T13:05:11Z,2026-09-03T15:05:11+0200,3df1353b-992d-465b-bbfb-ce9652ab7fde,2026-09-02T23:15:00Z,2026-09-03T01:15:00+0200,0.0,MW,DK1,DK_1,forecast_solar_generation,Solar,2026-09-03T13:06:00Z
2026-09-03T13:05:11Z,2026-09-03T15:05:11+0200,3df1353b-992d-465b-bbfb-ce9652ab7fde,2026-09-02T23:30:00Z,2026-09-03T01:30:00+0200,0.0,MW,DK1,DK_1,forecast_solar_generation,Solar,2026-09-03T13:06:00Z
2026-09-03T13:05:11Z,2026-09-03T15:05:11+0200,3df1353b-992d-465b-bbfb-ce9652ab7fde,2026-09-02T23:45:00Z,2026-09-03T01:45:00+0200,0.0,MW,DK1,DK_1,forecast_solar_generation,Solar,2026-09-03T13:06:00Z
2026-09-03T13:05:11Z,2026-09-03T15:05:11+0200,3df1353b-992d-465b-bbfb-ce9652ab7fde,2026-09-03T00:00:00Z,2026-09-03T02:00:00+0200,0.0,MW,DK1,DK_1,forecast_solar_generation,Solar,2026-09-03T13:06:00Z
2026-09-03T13:05:11Z,2026-09-03T15:05:11+0200,3df1353b-992d-465b-bbfb-ce9652ab7fde,2026-09-03T00:15:00Z,2026-09-03T02:15:00+0200,0.0,MW,DK1,DK_1,forecast_solar_generation,Solar,2026-09-03T13:06:00Z
2026-09-03T13:05:11Z,2026-09-03T15:05:11+0200,3df1353b-992d-465b-bbfb-ce9652ab7fde,2026-09-03T00:30:00Z,2026-09-03T02:30:00+0200,0.0,MW,DK1,DK_1,forecast_solar_generation,Solar,2026-09-03T13:06:00Z
2026-09-03T13:05:11Z,2026-09-03T15:05:11+0200,3df1353b-992d-465b-bbfb-ce9652ab7fde,2026-09-03T00:45:00Z,2026-09-03T02:45:00+0200,0.0,MW,DK1,DK_1,forecast_solar_generation,Solar,2026-09-03T13:06:00Z
2026-09-03T13:05:11Z,2026-09-03T15:05:11+0200,3df1353b-992d-465b-bbfb-ce9652ab7fde,2026-09-03T01:00:00Z,2026-09-03T03:00:00+0200,0.0,MW,DK1,DK_1,forecast_solar_generation,Solar,2026-09-03T13:06:00Z
2026-09-03T13:05:11Z,2026-09-03T15:05:11+0200,3df1353b-992d-465b-bbfb-ce9652ab7fde,2026-09-03T01:15:00Z,2026-09-03T03:15:00+0200,0.0,MW,DK1,DK_1,forecast_solar_generation,Solar,2026-09-03T13:06:00Z
2026-09-03T13:05:11Z,2026-09-03T15:05:11+0200,3df1353b-992d-465b-bbfb-ce9652ab7fde,2026-09-03T01:30:00Z,2026-09-03T03:30:00+0200,0.0,MW,DK1,DK_1,forecast_solar_generation,Solar,2026-09-03T13:06:00Z
2026-09-03T13:05:11Z,2026-09-03T15:05:11+0200,3df1353b-992d-465b-bbfb-ce9652ab7fde,2026-09-03T01:45:00Z,2026-09-03T03:45:00+0200,0.0,MW,DK1,DK_1,forecast_solar_generation,Solar,2026-09-03T13:06:00Z
2026-09-03T13:05:11Z,2026-09-03T15:05:11+0200,3df1353b-992d-465b-bbfb-ce9652ab7fde,2026-09-03T02:00:00Z,2026-09-03T04:00:00+0200,0.0,MW,DK1,DK_1,forecast_solar_generation,Solar,2026-09-03T13:06:00Z
2026-09-03T13:05:11Z,2026-09-03T15:05:11+0200,3df1353b-992d-465b-bbfb-ce9652ab7fde,2026-09-03T02:15:00Z,2026-09-03T04:15:00+0200,0.0,MW,DK1,DK_1,forecast_solar_generation,Solar,2026-09-03T13:06:00Z
2026-09-03T13:05:11Z,2026-09-03T15:05:11+0200,3df1353b-992d-465b-bbfb-ce9652ab7fde,2026-09-03T02:30:00Z,2026-09-03T04:30:00+0200,0.0,MW,DK1,DK_1,forecast_solar_generation,Solar,2026-09-03T13:06:00Z
2026-09-03T13:05:11Z,2026-09-03T15:05:11+0200,3df1353b-992d-465b-bbfb-ce9652ab7fde,2026-09-03T02:45:00Z,2026-09-03T04:45:00+0200,0.0,MW,DK1,DK_1,forecast_solar_generation,Solar,2026-09-03T13:06:00Z
2026-09-03T13:05:11Z,2026-09-03T15:05:11+0200,3df1353b-992d-465b-bbfb-ce9652ab7fde,2026-09-03T03:00:00Z,2026-09-03T05:00:00+0200,0.0,MW,DK1,DK_1,forecast_solar_generation,Solar,2026-09-03T13:06:00Z
2026-09-03T13:05:11Z,2026-09-03T15:05:11+0200,3df1353b-992d-465b-bbfb-ce9652ab7fde,2026-09-03T03:15:00Z,2026-09-03T05:15:00+0200,0.0,MW,DK1,DK_1,forecast_solar_generation,Solar,2026-09-03T13:06:00Z
2026-09-03T13:05:11Z,2026-09-03T15:05:11+0200,3df1353b-992d-465b-bbfb-ce9652ab7fde,2026-09-03T03:30:00Z,2026-09-03T05:30:00+0200,0.0,MW,DK1,DK_1,forecast_solar_generation,Solar,2026-09-03T13:06:00Z
2026-09-03T13:05:11Z,2026-09-03T15:05:11+0200,3df1353b-992d-465b-bbfb-ce9652ab7fde,2026-09-03T03:45:00Z,2026-09-03T05:45:00+0200,0.0,MW,DK1,DK_1,forecast_solar_generation,Solar,2026-09-03T13:06:00Z
2026-09-03T13:05:11Z,2026-09-03T15:05:11+0200,3df1353b-992d-465b-bbfb-ce9652ab7fde,2026-09-03T04:00:00Z,2026-09-03T06:00:00+0200,0.0,MW,DK1,DK_1,forecast_solar_generation,Solar,2026-09-03T13:06:00Z
2026-09-03T13:05:11Z,2026-09-03T15:05:11+0200,3df1353b-992d-465b-bbfb-ce9652ab7fde,2026-09-03T04:15:00Z,2026-09-03T06:15:00+0200,0.003333,MW,DK1,DK_1,forecast_solar_generation,Solar,2026-09-03T13:06:00Z
2026-09-03T13:05:11Z,2026-09-03T15:05:11+0200,3df1353b-992d-465b-bbfb-ce9652ab7fde,2026-09-03T04:30:00Z,2026-09-03T06:30:00+0200,0.54,MW,DK1,DK_1,forecast_solar_generation,Solar,2026-09-03T13:06:00Z
2026-09-03T13:05:11Z,2026-09-03T15:05:11+0200,3df1353b-992d-465b-bbfb-ce9652ab7fde,2026-09-03T04:45:00Z,2026-09-03T06:45:00+0200,7.443333,MW,DK1,DK_1,forecast_solar_generation,Solar,2026-09-03T13:06:00Z
2026-09-03T13:05:11Z,2026-09-03T15:05:11+0200,3df1353b-992d-465b-bbfb-ce9652ab7fde,2026-09-03T05:00:00Z,2026-09-03T07:00:00+0200,27.385,MW,DK1,DK_1,forecast_solar_generation,Solar,2026-09-03T13:06:00Z
2026-09-03T13:05:11Z,2026-09-03T15:05:11+0200,3df1353b-992d-465b-bbfb-ce9652ab7fde,2026-09-03T05:15:00Z,2026-09-03T07:15:00+0200,55.401666,MW,DK1,DK_1,forecast_solar_generation,Solar,2026-09-03T13:06:00Z
2026-09-03T13:05:11Z,2026-09-03T15:05:11+0200,3df1353b-992d-465b-bbfb-ce9652ab7fde,2026-09-03T05:30:00Z,2026-09-03T07:30:00+0200,89.503333,MW,DK1,DK_1,forecast_solar_generation,Solar,2026-09-03T13:06:00Z
2026-09-03T13:05:11Z,2026-09-03T15:05:11+0200,3df1353b-992d-465b-bbfb-ce9652ab7fde,2026-09-03T05:45:00Z,2026-09-03T07:45:00+0200,125.583333,MW,DK1,DK_1,forecast_solar_generation,Solar,2026-09-03T13:06:00Z
2026-09-03T13:05:11Z,2026-09-03T15:05:11+0200,3df1353b-992d-465b-bbfb-ce9652ab7fde,2026-09-03T06:00:00Z,2026-09-03T08:00:00+0200,161.056666,MW,DK1,DK_1,forecast_solar_generation,Solar,2026-09-03T13:06:00Z
2026-09-03T13:05:11Z,2026-09-03T15:05:11+0200,3df1353b-992d-465b-bbfb-ce9652ab7fde,2026-09-03T06:15:00Z,2026-09-03T08:15:00+0200,195.633333,MW,DK1,DK_1,forecast_solar_generation,Solar,2026-09-03T13:06:00Z
2026-09-03T13:05:11Z,2026-09-03T15:05:11+0200,3df1353b-992d-465b-bbfb-ce9652ab7fde,2026-09-03T06:30:00Z,2026-09-03T08:30:00+0200,230.955,MW,DK1,DK_1,forecast_solar_generation,Solar,2026-09-03T13:06:00Z
2026-09-03T13:05:11Z,2026-09-03T15:05:11+0200,3df1353b-992d-465b-bbfb-ce9652ab7fde,2026-09-03T06:45:00Z,2026-09-03T08:45:00+0200,264.878333,MW,DK1,DK_1,forecast_solar_generation,Solar,2026-09-03T13:06:00Z
2026-09-03T13:05:11Z,2026-09-03T15:05:11+0200,3df1353b-992d-465b-bbfb-ce9652ab7fde,2026-09-03T07:00:00Z,2026-09-03T09:00:00+0200,296.866666,MW,DK1,DK_1,forecast_solar_generation,Solar,2026-09-03T13:06:00Z
2026-09-03T13:05:11Z,2026-09-03T15:05:11+0200,3df1353b-992d-465b-bbfb-ce9652ab7fde,2026-09-03T07:15:00Z,2026-09-03T09:15:00+0200,327.981666,MW,DK1,DK_1,forecast_solar_generation,Solar,2026-09-03T13:06:00Z
2026-09-03T13:05:11Z,2026-09-03T15:05:11+0200,3df1353b-992d-465b-bbfb-ce9652ab7fde,2026-09-03T07:30:00Z,2026-09-03T09:30:00+0200,359.396666,MW,DK1,DK_1,forecast_solar_generation,Solar,2026-09-03T13:06:00Z
2026-09-03T13:05:11Z,2026-09-03T15:05:11+0200,3df1353b-992d-465b-bbfb-ce9652ab7fde,2026-09-03T07:45:00Z,2026-09-03T09:45:00+0200,391.495,MW,DK1,DK_1,forecast_solar_generation,Solar,2026-09-03T13:06:00Z
2026-09-03T13:05:11Z,2026-09-03T15:05:11+0200,3df1353b-992d-465b-bbfb-ce9652ab7fde,2026-09-03T08:00:00Z,2026-09-03T10:00:00+0200,424.14,MW,DK1,DK_1,forecast_solar_generation,Solar,2026-09-03T13:06:00Z
2026-09-03T13:05:11Z,2026-09-03T15:05:11+0200,3df1353b-992d-465b-bbfb-ce9652ab7fde,2026-09-03T08:15:00Z,2026-09-03T10:15:00+0200,456.78,MW,DK1,DK_1,forecast_solar_generation,Solar,2026-09-03T13:06:00Z
2026-09-03T13:05:11Z,2026-09-03T15:05:11+0200,3df1353b-992d-465b-bbfb-ce9652ab7fde,2026-09-03T08:30:00Z,2026-09-03T10:30:00+0200,487.17,MW,DK1,DK_1,forecast_solar_generation,Solar,2026-09-03T13:06:00Z
2026-09-03T13:05:11Z,2026-09-03T15:05:11+0200,3df1353b-992d-465b-bbfb-ce9652ab7fde,2026-09-03T08:45:00Z,2026-09-03T10:45:00+0200,511.518333,MW,DK1,DK_1,forecast_solar_generation,Solar,2026-09-03T13:06:00Z
2026-09-03T13:05:11Z,2026-09-03T15:05:11+0200,3df1353b-992d-465b-bbfb-ce9652ab7fde,2026-09-03T09:00:00Z,2026-09-03T11:00:00+0200,531.06,MW,DK1,DK_1,forecast_solar_generation,Solar,2026-09-03T13:06:00Z
2026-09-03T13:05:11Z,2026-09-03T15:05:11+0200,3df1353b-992d-465b-bbfb-ce9652ab7fde,2026-09-03T09:15:00Z,2026-09-03T11:15:00+0200,548.526666,MW,DK1,DK_1,forecast_solar_generation,Solar,2026-09-03T13:06:00Z
2026-09-03T13:05:11Z,2026-09-03T15:05:11+0200,3df1353b-992d-465b-bbfb-ce9652ab7fde,2026-09-03T09:30:00Z,2026-09-03T11:30:00+0200,565.025,MW,DK1,DK_1,forecast_solar_generation,Solar,2026-09-03T13:06:00Z
2026-09-03T13:05:11Z,2026-09-03T15:05:11+0200,3df1353b-992d-465b-bbfb-ce9652ab7fde,2026-09-03T09:45:00Z,2026-09-03T11:45:00+0200,576.021666,MW,DK1,DK_1,forecast_solar_generation,Solar,2026-09-03T13:06:00Z
2026-09-03T13:05:11Z,2026-09-03T15:05:11+0200,3df1353b-992d-465b-bbfb-ce9652ab7fde,2026-09-03T10:00:00Z,2026-09-03T12:00:00+0200,582.81,MW,DK1,DK_1,forecast_solar_generation,Solar,2026-09-03T13:06:00Z
2026-09-03T13:05:11Z,2026-09-03T15:05:11+0200,3df1353b-992d-465b-bbfb-ce9652ab7fde,2026-09-03T10:15:00Z,2026-09-03T12:15:00+0200,589.11,MW,DK1,DK_1,forecast_solar_generation,Solar,2026-09-03T13:06:00Z
2026-09-03T13:05:11Z,2026-09-03T15:05:11+0200,3df1353b-992d-465b-bbfb-ce9652ab7fde,2026-09-03T10:30:00Z,2026-09-03T12:30:00+0200,597.685,MW,DK1,DK_1,forecast_solar_generation,Solar,2026-09-03T13:06:00Z
2026-09-03T13:05:11Z,2026-09-03T15:05:11+0200,3df1353b-992d-465b-bbfb-ce9652ab7fde,2026-09-03T10:45:00Z,2026-09-03T12:45:00+0200,607.555,MW,DK1,DK_1,forecast_solar_generation,Solar,2026-09-03T13:06:00Z
2026-09-03T13:05:11Z,2026-09-03T15:05:11+0200,3df1353b-992d-465b-bbfb-ce9652ab7fde,2026-09-03T11:00:00Z,2026-09-03T13:00:00+0200,618.941666,MW,DK1,DK_1,forecast_solar_generation,Solar,2026-09-03T13:06:00Z
2026-09-03T13:05:11Z,2026-09-03T15:05:11+0200,3df1353b-992d-465b-bbfb-ce9652ab7fde,2026-09-03T11:15:00Z,2026-09-03T13:15:00+0200,632.223333,MW,DK1,DK_1,forecast_solar_generation,Solar,2026-09-03T13:06:00Z
2026-09-03T13:05:11Z,2026-09-03T15:05:11+0200,3df1353b-992d-465b-bbfb-ce9652ab7fde,2026-09-03T11:30:00Z,2026-09-03T13:30:00+0200,648.023333,MW,DK1,DK_1,forecast_solar_generation,Solar,2026-09-03T13:06:00Z
2026-09-03T13:05:11Z,2026-09-03T15:05:11+0200,3df1353b-992d-465b-bbfb-ce9652ab7fde,2026-09-03T11:45:00Z,2026-09-03T13:45:00+0200,668.105,MW,DK1,DK_1,forecast_solar_generation,Solar,2026-09-03T13:06:00Z
2026-09-03T13:05:11Z,2026-09-03T15:05:11+0200,3df1353b-992d-465b-bbfb-ce9652ab7fde,2026-09-03T12:00:00Z,2026-09-03T14:00:00+0200,690.228333,MW,DK1,DK_1,forecast_solar_generation,Solar,2026-09-03T13:06:00Z
2026-09-03T13:05:11Z,2026-09-03T15:05:11+0200,3df1353b-992d-465b-bbfb-ce9652ab7fde,2026-09-03T12:15:00Z,2026-09-03T14:15:00+0200,710.853333,MW,DK1,DK_1,forecast_solar_generation,Solar,2026-09-03T13:06:00Z
2026-09-03T13:05:11Z,2026-09-03T15:05:11+0200,3df1353b-992d-465b-bbfb-ce9652ab7fde,2026-09-03T12:30:00Z,2026-09-03T14:30:00+0200,730.885,MW,DK1,DK_1,forecast_solar_generation,Solar,2026-09-03T13:06:00Z
2026-09-03T13:05:11Z,2026-09-03T15:05:11+0200,3df1353b-992d-465b-bbfb-ce9652ab7fde,2026-09-03T12:45:00Z,2026-09-03T14:45:00+0200,760.261666,MW,DK1,DK_1,forecast_solar_generation,Solar,2026-09-03T13:06:00Z
